tempo_ms,angulo_deg,u_pct,referencia
10,3.22,-66.28,0.00
20,3.21,-1.70,0.00
30,3.19,-1.54,0.00
40,3.23,-2.74,0.00
50,3.23,-1.90,0.00
60,3.21,-1.52,0.00
70,3.21,-2.17,0.00
80,3.25,-2.67,0.00
90,3.26,-2.33,0.00
100,3.27,-2.36,0.00
110,3.25,-1.75,0.00
120,3.23,-1.66,0.00
130,3.22,-1.99,0.00
140,3.22,-2.16,0.00
150,3.24,-2.43,0.00
160,3.26,-2.68,0.00
170,3.27,-2.47,0.00
180,3.27,-2.17,0.00
190,3.25,-1.99,0.00
200,3.23,-1.93,0.00
210,3.22,-2.08,0.00
220,3.23,-2.45,0.00
230,3.23,-2.32,0.00
240,3.26,-3.01,0.00
250,3.29,-3.18,0.00
260,3.29,-2.39,0.00
270,3.30,-2.73,0.00
280,3.31,-2.71,0.00
290,3.33,-2.95,0.00
300,3.33,-2.60,0.00
310,3.35,-2.93,0.00
320,3.38,-3.13,0.00
330,3.39,-2.89,0.00
340,3.40,-2.94,0.00
350,3.41,-3.02,0.00
360,3.42,-2.89,0.00
370,3.43,-2.89,0.00
380,3.41,-2.51,0.00
390,3.42,-3.07,0.00
400,3.42,-2.72,0.00
410,3.42,-2.87,0.00
420,3.43,-3.08,0.00
430,3.41,-2.53,0.00
440,3.42,-3.08,0.00
450,3.42,-3.06,0.00
460,3.41,-2.81,0.00
470,3.42,-3.09,0.00
480,3.41,-2.96,0.00
490,3.41,-2.98,0.00
500,3.42,-3.24,0.00
510,3.42,-3.06,0.00
520,3.40,-2.68,0.00
530,3.41,-3.46,0.00
540,3.42,-3.34,0.00
550,3.43,-3.33,0.00
560,3.43,-3.14,0.00
570,3.43,-3.26,0.00
580,3.43,-3.41,0.00
590,3.43,-3.22,0.00
600,3.45,-3.77,0.00
610,3.46,-3.39,0.00
620,3.45,-3.25,0.00
630,3.45,-3.45,0.00
640,3.45,-3.30,0.00
650,3.45,-3.41,0.00
660,3.45,-3.45,0.00
670,3.46,-3.72,0.00
680,3.44,-3.17,0.00
690,3.44,-3.43,0.00
700,3.42,-3.14,0.00
710,3.41,-3.42,0.00
720,3.41,-3.57,0.00
730,3.40,-3.31,0.00
740,3.40,-3.53,0.00
750,3.38,-3.31,0.00
760,3.38,-3.74,0.00
770,3.40,-3.89,0.00
780,3.39,-3.58,0.00
790,3.39,-3.76,0.00
800,3.40,-3.94,0.00
810,3.41,-3.98,0.00
820,3.41,-3.76,0.00
830,3.42,-3.92,0.00
840,3.43,-4.09,0.00
850,3.42,-3.77,0.00
860,3.43,-4.03,0.00
870,3.43,-3.85,0.00
880,3.42,-3.85,0.00
890,3.44,-4.23,0.00
900,3.44,-4.10,0.00
910,3.44,-4.01,0.00
920,3.43,-3.90,0.00
930,3.45,-4.31,0.00
940,3.44,-4.03,0.00
950,3.45,-4.19,0.00
960,3.44,-4.07,0.00
970,3.45,-4.25,0.00
980,3.44,-3.99,0.00
990,3.45,-4.32,0.00
1000,3.44,-4.19,0.00
1010,3.44,-4.17,0.00
1020,3.45,-4.42,0.00
1030,3.45,-4.29,0.00
1040,3.45,-4.33,0.00
1050,3.44,-4.20,0.00
1060,3.42,-3.97,0.00
1070,3.42,-4.39,0.00
1080,3.42,-4.40,0.00
1090,3.42,-4.25,0.00
1100,3.41,-4.33,0.00
1110,3.41,-4.53,0.00
1120,3.42,-4.64,0.00
1130,3.41,-4.32,0.00
1140,3.42,-4.68,0.00
1150,3.41,-4.28,0.00
1160,3.39,-4.30,0.00
1170,3.40,-4.63,0.00
1180,3.39,-4.49,0.00
1190,3.39,-4.63,0.00
1200,3.37,-4.20,0.00
1210,3.37,-4.64,0.00
1220,3.36,-4.49,0.00
1230,3.37,-4.86,0.00
1240,3.38,-4.99,0.00
1250,3.37,-4.64,0.00
1260,3.37,-4.68,0.00
1270,3.36,-4.61,0.00
1280,3.36,-4.83,0.00
1290,3.37,-4.97,0.00
1300,3.36,-4.62,0.00
1310,3.35,-4.78,0.00
1320,3.36,-4.98,0.00
1330,3.36,-4.99,0.00
1340,3.37,-5.10,0.00
1350,3.36,-4.89,0.00
1360,3.37,-5.10,0.00
1370,3.37,-5.06,0.00
1380,3.36,-4.70,0.00
1390,3.36,-5.18,0.00
1400,3.35,-4.90,0.00
1410,3.36,-5.25,0.00
1420,3.37,-5.40,0.00
1430,3.37,-4.98,0.00
1440,3.37,-5.31,0.00
1450,3.39,-5.55,0.00
1460,3.39,-5.14,0.00
1470,3.39,-5.42,0.00
1480,3.40,-5.38,0.00
1490,3.40,-5.30,0.00
1500,3.40,-5.34,0.00
1510,3.40,-5.34,0.00
1520,3.41,-5.60,0.00
1530,3.42,-5.56,0.00
1540,3.42,-5.47,0.00
1550,3.42,-5.43,0.00
1560,3.41,-5.36,0.00
1570,3.41,-5.48,0.00
1580,3.43,-5.81,0.00
1590,3.43,-5.48,0.00
1600,3.43,-5.66,0.00
1610,3.44,-5.75,0.00
1620,3.43,-5.42,0.00
1630,3.45,-6.08,0.00
1640,3.47,-6.02,0.00
1650,3.48,-6.00,0.00
1660,3.48,-5.67,0.00
1670,3.47,-5.54,0.00
1680,3.47,-5.79,0.00
1690,3.47,-5.81,0.00
1700,3.47,-5.79,0.00
1710,3.45,-5.58,0.00
1720,3.46,-5.91,0.00
1730,3.44,-5.65,0.00
1740,3.45,-6.00,0.00
1750,3.45,-5.97,0.00
1760,3.45,-5.91,0.00
1770,3.45,-5.90,0.00
1780,3.46,-6.24,0.00
1790,3.44,-5.64,0.00
1800,3.43,-5.86,0.00
1810,3.43,-6.08,0.00
1820,3.42,-5.76,0.00
1830,3.43,-6.27,0.00
1840,3.44,-6.31,0.00
1850,3.43,-5.97,0.00
1860,3.44,-6.33,0.00
1870,3.43,-6.12,0.00
1880,3.43,-6.16,0.00
1890,3.43,-6.26,0.00
1900,3.41,-5.78,0.00
1910,3.42,-6.53,0.00
1920,3.40,-5.87,0.00
1930,3.41,-6.54,0.00
1940,3.40,-6.06,0.00
1950,3.39,-6.24,0.00
1960,3.39,-6.25,0.00
1970,3.39,-6.55,0.00
1980,3.37,-6.00,0.00
1990,3.37,-6.42,0.00
2000,3.37,-6.40,0.00
2010,3.36,-6.34,0.00
2020,3.37,-6.55,0.00
2030,3.36,-6.34,0.00
2040,3.35,-6.44,0.00
2050,3.35,-6.47,0.00
2060,3.34,-6.44,0.00
2070,3.34,-6.50,0.00
2080,3.33,-6.35,0.00
2090,3.34,-6.83,0.00
2100,3.34,-6.77,0.00
2110,3.34,-6.66,0.00
2120,3.34,-6.71,0.00
2130,3.34,-6.71,0.00
2140,3.35,-6.82,0.00
2150,3.35,-6.81,0.00
2160,3.33,-6.49,0.00
2170,3.33,-6.79,0.00
2180,3.32,-6.52,0.00
2190,3.30,-6.45,0.00
2200,3.31,-7.01,0.00
2210,3.30,-6.71,0.00
2220,3.29,-6.79,0.00
2230,3.28,-6.62,0.00
2240,3.26,-6.54,0.00
2250,3.27,-7.08,0.00
2260,3.27,-7.04,0.00
2270,3.26,-6.81,0.00
2280,3.24,-6.55,0.00
2290,3.25,-7.14,0.00
2300,3.24,-6.83,0.00
2310,3.22,-6.76,0.00
2320,3.22,-7.08,0.00
2330,3.21,-6.85,0.00
2340,3.21,-6.98,0.00
2350,3.19,-6.80,0.00
2360,3.19,-7.13,0.00
2370,3.19,-7.26,0.00
2380,3.20,-7.19,0.00
2390,3.18,-6.83,0.00
2400,3.18,-7.23,0.00
2410,3.18,-7.19,0.00
2420,3.18,-7.41,0.00
2430,3.17,-6.97,0.00
2440,3.16,-7.12,0.00
2450,3.17,-7.45,0.00
2460,3.17,-7.34,0.00
2470,3.16,-7.09,0.00
2480,3.15,-7.18,0.00
2490,3.14,-7.20,0.00
2500,3.14,-7.45,0.00
2510,3.14,-7.47,0.00
2520,3.12,-7.00,0.00
2530,3.09,-6.81,0.00
2540,3.08,-7.15,0.00
2550,3.08,-7.64,0.00
2560,3.07,-7.29,0.00
2570,3.06,-7.20,0.00
2580,3.03,-6.98,0.00
2590,3.04,-7.57,0.00
2600,3.03,-7.35,0.00
2610,3.03,-7.62,0.00
2620,3.00,-7.04,0.00
2630,2.98,-7.18,0.00
2640,2.97,-7.28,0.00
2650,2.97,-7.63,0.00
2660,2.96,-7.38,0.00
2670,2.93,-7.04,0.00
2680,2.91,-7.33,0.00
2690,2.91,-7.54,0.00
2700,2.90,-7.52,0.00
2710,2.91,-7.79,0.00
2720,2.89,-7.38,0.00
2730,2.87,-7.26,0.00
2740,2.84,-7.20,0.00
2750,2.83,-7.36,0.00
2760,2.84,-7.97,0.00
2770,2.84,-7.70,0.00
2780,2.81,-7.35,0.00
2790,2.78,-7.01,0.00
2800,2.77,-7.56,0.00
2810,2.76,-7.65,0.00
2820,2.77,-7.94,0.00
2830,2.76,-7.67,0.00
2840,2.75,-7.61,0.00
2850,2.72,-7.28,0.00
2860,2.71,-7.71,0.00
2870,2.69,-7.31,0.00
2880,2.68,-7.84,0.00
2890,2.67,-7.68,0.00
2900,2.66,-7.62,0.00
2910,2.65,-7.70,0.00
2920,2.62,-7.22,0.00
2930,2.60,-7.60,0.00
2940,2.59,-7.80,0.00
2950,2.58,-7.62,0.00
2960,2.57,-7.73,0.00
2970,2.57,-7.95,0.00
2980,2.56,-7.92,0.00
2990,2.54,-7.49,0.00
3000,2.51,-7.38,0.00
3010,2.50,-7.72,0.00
3020,2.49,-7.82,0.00
3030,2.47,-7.57,0.00
3040,2.46,-7.84,0.00
3050,2.46,-8.13,0.00
3060,2.45,-7.85,0.00
3070,2.42,-7.37,0.00
3080,2.41,-7.78,0.00
3090,2.39,-7.75,0.00
3100,2.36,-7.45,0.00
3110,2.35,-7.85,0.00
3120,2.35,-8.05,0.00
3130,2.35,-8.04,0.00
3140,2.34,-8.06,0.00
3150,2.33,-7.80,0.00
3160,2.32,-7.87,0.00
3170,2.28,-7.43,0.00
3180,2.26,-7.66,0.00
3190,2.25,-7.92,0.00
3200,2.25,-8.19,0.00
3210,2.25,-8.14,0.00
3220,2.25,-8.15,0.00
3230,2.23,-7.83,0.00
3240,2.22,-8.00,0.00
3250,2.22,-8.17,0.00
3260,2.22,-8.16,0.00
3270,2.20,-7.88,0.00
3280,2.18,-7.90,0.00
3290,2.17,-7.92,0.00
3300,2.17,-8.19,0.00
3310,2.18,-8.48,0.00
3320,2.19,-8.50,0.00
3330,2.19,-8.28,0.00
3340,2.18,-8.06,0.00
3350,2.15,-7.83,0.00
3360,2.13,-7.81,0.00
3370,2.09,-7.59,0.00
3380,2.07,-7.95,0.00
3390,2.06,-8.03,0.00
3400,2.05,-8.04,0.00
3410,2.05,-8.33,0.00
3420,2.04,-8.29,0.00
3430,2.05,-8.45,0.00
3440,2.06,-8.57,0.00
3450,2.06,-8.37,0.00
3460,2.04,-8.15,0.00
3470,2.05,-8.50,0.00
3480,2.04,-8.21,0.00
3490,2.03,-8.35,0.00
3500,2.03,-8.35,0.00
3510,2.03,-8.45,0.00
3520,2.04,-8.68,0.00
3530,2.05,-8.77,0.00
3540,2.06,-8.57,0.00
3550,2.06,-8.61,0.00
3560,2.07,-8.71,0.00
3570,2.06,-8.29,0.00
3580,2.04,-8.30,0.00
3590,2.03,-8.26,0.00
3600,2.02,-8.35,0.00
3610,2.01,-8.42,0.00
3620,2.00,-8.47,0.00
3630,2.00,-8.59,0.00
3640,2.00,-8.47,0.00
3650,1.98,-8.27,0.00
3660,1.98,-8.67,0.00
3670,1.99,-8.79,0.00
3680,2.00,-9.02,0.00
3690,2.00,-8.57,0.00
3700,1.99,-8.54,0.00
3710,2.00,-8.91,0.00
3720,2.01,-8.86,0.00
3730,2.00,-8.48,0.00
3740,1.99,-8.61,0.00
3750,2.00,-8.93,0.00
3760,2.00,-8.84,0.00
3770,1.99,-8.55,0.00
3780,1.99,-8.82,0.00
3790,2.00,-8.95,0.00
3800,1.99,-8.62,0.00
3810,1.98,-8.70,0.00
3820,1.97,-8.56,0.00
3830,1.96,-8.66,0.00
3840,1.95,-8.66,0.00
3850,1.95,-8.76,0.00
3860,1.94,-8.70,0.00
3870,1.93,-8.79,0.00
3880,1.93,-8.86,0.00
3890,1.91,-8.50,0.00
3900,1.91,-8.96,0.00
3910,1.92,-9.03,0.00
3920,1.93,-9.05,0.00
3930,1.92,-8.94,0.00
3940,1.91,-8.72,0.00
3950,1.93,-9.41,0.00
3960,1.92,-8.78,0.00
3970,1.94,-9.29,0.00
3980,1.94,-9.02,0.00
3990,1.97,-9.60,0.00
4000,1.96,-8.97,0.00
4010,1.97,-9.29,0.00
4020,1.97,-8.99,0.00
4030,1.96,-9.06,0.00
4040,1.96,-9.03,0.00
4050,1.97,-9.42,0.00
4060,1.98,-9.24,0.00
4070,1.99,-9.43,0.00
4080,2.00,-9.34,0.00
4090,2.01,-9.32,0.00
4100,2.01,-9.38,0.00
4110,2.03,-9.52,0.00
4120,2.02,-9.06,0.00
4130,2.02,-9.39,0.00
4140,2.03,-9.35,0.00
4150,2.03,-9.35,0.00
4160,2.03,-9.37,0.00
4170,2.04,-9.45,0.00
4180,2.03,-9.19,0.00
4190,2.05,-9.64,0.00
4200,2.04,-9.32,0.00
4210,2.05,-9.47,0.00
4220,2.06,-9.60,0.00
4230,2.06,-9.48,0.00
4240,2.05,-9.35,0.00
4250,2.06,-9.64,0.00
4260,2.06,-9.33,0.00
4270,2.06,-9.50,0.00
4280,2.04,-9.08,0.00
4290,2.04,-9.48,0.00
4300,2.05,-9.84,0.00
4310,2.06,-9.71,0.00
4320,2.08,-9.91,0.00
4330,2.07,-9.31,0.00
4340,2.06,-9.47,0.00
4350,2.06,-9.47,0.00
4360,2.06,-9.63,0.00
4370,2.05,-9.54,0.00
4380,2.06,-9.67,0.00
4390,2.03,-9.10,0.00
4400,2.02,-9.53,0.00
4410,2.02,-9.59,0.00
4420,2.01,-9.34,0.00
4430,1.99,-9.37,0.00
4440,1.98,-9.36,0.00
4450,1.96,-9.39,0.00
4460,1.96,-9.56,0.00
4470,1.95,-9.66,0.00
4480,1.95,-9.61,0.00
4490,1.93,-9.32,0.00
4500,1.94,-9.97,0.00
4510,1.95,-9.82,0.00
4520,1.93,-9.32,0.00
4530,1.93,-9.71,0.00
4540,1.94,-9.97,0.00
4550,1.93,-9.76,0.00
4560,1.94,-9.91,0.00
4570,1.94,-9.85,0.00
4580,1.92,-9.28,0.00
4590,1.91,-9.76,0.00
4600,1.91,-9.76,0.00
4610,1.90,-9.66,0.00
4620,1.90,-9.73,0.00
4630,1.88,-9.58,0.00
4640,1.86,-9.41,0.00
4650,1.85,-9.73,0.00
4660,1.85,-9.74,0.00
4670,1.85,-10.03,0.00
4680,1.85,-9.82,0.00
4690,1.83,-9.54,0.00
4700,1.84,-10.08,0.00
4710,1.83,-9.73,0.00
4720,1.82,-9.71,0.00
4730,1.84,-10.25,0.00
4740,1.83,-9.94,0.00
4750,1.82,-9.74,0.00
4760,1.80,-9.57,0.00
4770,1.78,-9.49,0.00
4780,1.77,-9.83,0.00
4790,1.75,-9.46,0.00
4800,1.74,-9.84,0.00
4810,1.74,-9.92,0.00
4820,1.74,-10.14,0.00
4830,1.75,-10.07,0.00
4840,1.73,-9.70,0.00
4850,1.73,-9.99,0.00
4860,1.72,-9.76,0.00
4870,1.72,-10.14,0.00
4880,1.70,-9.60,0.00
4890,1.69,-9.80,0.00
4900,1.66,-9.58,0.00
4910,1.66,-9.96,0.00
4920,1.64,-9.61,0.00
4930,1.62,-9.68,0.00
4940,1.60,-9.74,0.00
4950,1.61,-10.14,0.00
4960,1.59,-9.77,0.00
4970,1.59,-9.98,0.00
4980,1.57,-9.71,0.00
4990,1.57,-10.17,0.00
5000,1.56,-9.87,0.00
5010,1.56,-9.99,0.00
5020,1.54,-9.87,0.00
5030,1.52,-9.70,0.00
5040,1.51,-9.86,0.00
5050,1.49,-9.77,0.00
5060,1.49,-9.96,0.00
5070,1.47,-9.87,0.00
5080,1.48,-10.23,0.00
5090,1.47,-9.86,0.00
5100,1.47,-10.27,0.00
5110,1.47,-10.13,0.00
5120,1.49,-10.48,0.00
5130,1.48,-10.13,0.00
5140,1.50,-10.43,0.00
5150,1.48,-9.94,0.00
5160,1.49,-10.27,0.00
5170,1.47,-9.95,0.00
5180,1.46,-9.97,0.00
5190,1.46,-10.25,0.00
5200,1.45,-9.87,0.00
5210,1.45,-10.28,0.00
5220,1.43,-9.81,0.00
5230,1.43,-10.40,0.00
5240,1.42,-10.06,0.00
5250,1.42,-10.16,0.00
5260,1.40,-9.94,0.00
5270,1.40,-10.16,0.00
5280,1.40,-10.35,0.00
5290,1.39,-10.06,0.00
5300,1.40,-10.39,0.00
5310,1.39,-10.19,0.00
5320,1.39,-10.37,0.00
5330,1.40,-10.47,0.00
5340,1.40,-10.38,0.00
5350,1.41,-10.47,0.00
5360,1.40,-10.14,0.00
5370,1.40,-10.28,0.00
5380,1.38,-10.06,0.00
5390,1.37,-10.04,0.00
5400,1.37,-10.44,0.00
5410,1.34,-9.77,0.00
5420,1.35,-10.58,0.00
5430,1.35,-10.39,0.00
5440,1.34,-10.12,0.00
5450,1.35,-10.55,0.00
5460,1.34,-10.29,0.00
5470,1.32,-9.90,0.00
5480,1.32,-10.51,0.00
5490,1.31,-10.12,0.00
5500,1.31,-10.49,0.00
5510,1.32,-10.60,0.00
5520,1.32,-10.51,0.00
5530,1.33,-10.62,0.00
5540,1.34,-10.68,0.00
5550,1.32,-10.14,0.00
5560,1.32,-10.32,0.00
5570,1.32,-10.68,0.00
5580,1.31,-10.28,0.00
5590,1.31,-10.48,0.00
5600,1.33,-10.84,0.00
5610,1.32,-10.42,0.00
5620,1.32,-10.56,0.00
5630,1.33,-10.72,0.00
5640,1.34,-10.75,0.00
5650,1.33,-10.31,0.00
5660,1.31,-10.20,0.00
5670,1.31,-10.63,0.00
5680,1.33,-10.82,0.00
5690,1.33,-10.77,0.00
5700,1.32,-10.40,0.00
5710,1.32,-10.57,0.00
5720,1.32,-10.57,0.00
5730,1.33,-10.89,0.00
5740,1.33,-10.59,0.00
5750,1.32,-10.48,0.00
5760,1.32,-10.69,0.00
5770,1.35,-11.21,0.00
5780,1.36,-10.81,0.00
5790,1.35,-10.64,0.00
5800,1.33,-10.27,0.00
5810,1.32,-10.56,0.00
5820,1.33,-10.86,0.00
5830,1.34,-11.00,0.00
5840,1.35,-10.85,0.00
5850,1.34,-10.65,0.00
5860,1.34,-10.67,0.00
5870,1.31,-10.14,0.00
5880,1.30,-10.47,0.00
5890,1.29,-10.71,0.00
5900,1.30,-10.93,0.00
5910,1.32,-11.21,0.00
5920,1.32,-10.82,0.00
5930,1.32,-10.70,0.00
5940,1.31,-10.56,0.00
5950,1.29,-10.50,0.00
5960,1.28,-10.54,0.00
5970,1.27,-10.72,0.00
5980,1.27,-10.76,0.00
5990,1.27,-10.71,0.00
6000,1.27,-10.84,0.00
6010,1.26,24.21,60.00
6020,1.28,24.23,60.00
6030,1.29,24.55,60.00
6040,1.30,25.08,60.00
6050,1.27,26.20,60.00
6060,1.37,24.16,60.00
6070,1.42,25.23,60.00
6080,1.45,26.22,60.00
6090,1.48,26.49,60.00
6100,1.57,25.56,60.00
6110,1.51,29.17,60.00
6120,1.56,27.23,60.00
6130,1.57,28.44,60.00
6140,1.58,28.78,60.00
6150,1.62,28.57,60.00
6160,1.63,29.44,60.00
6170,1.66,29.66,60.00
6180,1.66,30.43,60.00
6190,1.68,30.37,60.00
6200,1.73,30.35,60.00
6210,1.75,31.28,60.00
6220,1.79,31.14,60.00
6230,1.84,31.30,60.00
6240,1.90,31.56,60.00
6250,1.95,31.89,60.00
6260,2.01,32.17,60.00
6270,2.09,32.20,60.00
6280,2.18,32.18,60.00
6290,2.28,32.55,60.00
6300,2.36,32.96,60.00
6310,2.47,32.86,60.00
6320,2.58,33.15,60.00
6330,2.71,33.23,60.00
6340,2.83,33.41,60.00
6350,2.97,33.61,60.00
6360,3.11,33.74,60.00
6370,3.26,33.83,60.00
6380,3.43,33.70,60.00
6390,3.62,33.74,60.00
6400,3.80,33.95,60.00
6410,4.00,34.08,60.00
6420,4.21,33.90,60.00
6430,4.42,34.27,60.00
6440,4.65,34.06,60.00
6450,4.89,34.20,60.00
6460,5.13,34.32,60.00
6470,5.38,34.18,60.00
6480,5.64,34.39,60.00
6490,5.93,34.07,60.00
6500,6.21,34.36,60.00
6510,6.50,34.25,60.00
6520,6.79,34.44,60.00
6530,7.11,34.14,60.00
6540,7.42,34.47,60.00
6550,7.75,34.16,60.00
6560,8.09,34.28,60.00
6570,8.44,34.07,60.00
6580,8.79,34.25,60.00
6590,9.15,34.07,60.00
6600,9.52,34.28,60.00
6610,9.90,33.96,60.00
6620,10.28,34.15,60.00
6630,10.66,34.08,60.00
6640,11.05,34.15,60.00
6650,11.45,34.04,60.00
6660,11.87,33.77,60.00
6670,12.28,34.03,60.00
6680,12.70,33.78,60.00
6690,13.12,34.06,60.00
6700,13.55,33.79,60.00
6710,13.97,34.02,60.00
6720,14.40,33.87,60.00
6730,14.84,33.81,60.00
6740,15.27,33.90,60.00
6750,15.73,33.55,60.00
6760,16.17,33.88,60.00
6770,16.63,33.46,60.00
6780,17.07,33.80,60.00
6790,17.53,33.64,60.00
6800,17.98,33.75,60.00
6810,18.43,33.70,60.00
6820,18.90,33.51,60.00
6830,19.34,33.87,60.00
6840,19.80,33.62,60.00
6850,20.25,33.86,60.00
6860,20.70,33.73,60.00
6870,21.16,33.78,60.00
6880,21.60,33.96,60.00
6890,22.05,33.71,60.00
6900,22.49,34.11,60.00
6910,22.93,33.89,60.00
6920,23.36,34.26,60.00
6930,23.79,34.15,60.00
6940,24.21,34.27,60.00
6950,24.64,34.32,60.00
6960,25.06,34.20,60.00
6970,25.47,34.65,60.00
6980,25.88,34.40,60.00
6990,26.28,34.84,60.00
7000,26.67,34.93,60.00
7010,27.06,34.98,60.00
7020,27.42,35.40,60.00
7030,27.80,35.09,60.00
7040,28.16,35.59,60.00
7050,28.52,35.54,60.00
7060,28.87,35.66,60.00
7070,29.21,36.04,60.00
7080,29.55,35.99,60.00
7090,29.88,36.21,60.00
7100,30.20,36.35,60.00
7110,30.51,36.57,60.00
7120,30.80,36.90,60.00
7130,31.10,36.83,60.00
7140,31.39,37.06,60.00
7150,31.66,37.64,60.00
7160,31.94,37.29,60.00
7170,32.20,37.64,60.00
7180,32.44,38.18,60.00
7190,32.69,38.03,60.00
7200,32.92,38.61,60.00
7210,33.12,39.00,60.00
7220,33.33,39.20,60.00
7230,33.53,39.12,60.00
7240,33.72,39.54,60.00
7250,33.90,39.88,60.00
7260,34.06,40.29,60.00
7270,34.22,40.36,60.00
7280,34.39,40.17,60.00
7290,34.55,40.51,60.00
7300,34.69,41.02,60.00
7310,34.84,40.83,60.00
7320,35.00,40.80,60.00
7330,35.15,40.96,60.00
7340,35.28,41.63,60.00
7350,35.37,42.39,60.00
7360,35.44,42.86,60.00
7370,35.52,43.02,60.00
7380,35.59,43.13,60.00
7390,35.67,43.10,60.00
7400,35.75,43.19,60.00
7410,35.83,43.32,60.00
7420,35.93,43.16,60.00
7430,36.01,43.52,60.00
7440,36.08,43.77,60.00
7450,36.15,44.08,60.00
7460,36.21,44.29,60.00
7470,36.27,44.32,60.00
7480,36.35,44.21,60.00
7490,36.44,44.18,60.00
7500,36.52,44.28,60.00
7510,36.59,44.57,60.00
7520,36.66,44.89,60.00
7530,36.72,45.12,60.00
7540,36.78,45.17,60.00
7550,36.85,45.18,60.00
7560,36.93,45.16,60.00
7570,37.00,45.26,60.00
7580,37.07,45.56,60.00
7590,37.13,45.70,60.00
7600,37.21,45.58,60.00
7610,37.28,45.81,60.00
7620,37.34,46.01,60.00
7630,37.42,45.93,60.00
7640,37.49,46.16,60.00
7650,37.57,45.95,60.00
7660,37.64,46.36,60.00
7670,37.72,46.23,60.00
7680,37.81,46.30,60.00
7690,37.89,46.33,60.00
7700,37.97,46.66,60.00
7710,38.06,46.46,60.00
7720,38.15,46.47,60.00
7730,38.22,46.96,60.00
7740,38.33,46.44,60.00
7750,38.42,46.75,60.00
7760,38.52,46.82,60.00
7770,38.63,46.60,60.00
7780,38.73,46.75,60.00
7790,38.83,46.93,60.00
7800,38.95,46.68,60.00
7810,39.07,46.67,60.00
7820,39.18,46.96,60.00
7830,39.31,46.61,60.00
7840,39.44,46.77,60.00
7850,39.55,47.07,60.00
7860,39.69,46.66,60.00
7870,39.81,46.94,60.00
7880,39.96,46.71,60.00
7890,40.10,46.68,60.00
7900,40.23,46.98,60.00
7910,40.38,46.67,60.00
7920,40.54,46.64,60.00
7930,40.68,46.83,60.00
7940,40.84,46.59,60.00
7950,40.99,46.82,60.00
7960,41.15,46.80,60.00
7970,41.32,46.50,60.00
7980,41.47,46.90,60.00
7990,41.64,46.64,60.00
8000,41.80,46.62,60.00
8010,41.96,46.82,60.00
8020,42.14,46.52,60.00
8030,42.31,46.70,60.00
8040,42.48,46.64,60.00
8050,42.66,46.40,60.00
8060,42.83,46.65,60.00
8070,43.01,46.60,60.00
8080,43.19,46.47,60.00
8090,43.37,46.66,60.00
8100,43.55,46.35,60.00
8110,43.74,46.46,60.00
8120,43.91,46.57,60.00
8130,44.10,46.46,60.00
8140,44.27,46.62,60.00
8150,44.45,46.63,60.00
8160,44.63,46.54,60.00
8170,44.80,46.63,60.00
8180,44.98,46.57,60.00
8190,45.16,46.53,60.00
8200,45.34,46.67,60.00
8210,45.51,46.61,60.00
8220,45.69,46.61,60.00
8230,45.85,46.76,60.00
8240,46.03,46.63,60.00
8250,46.19,46.79,60.00
8260,46.35,46.90,60.00
8270,46.52,46.76,60.00
8280,46.68,46.83,60.00
8290,46.85,46.79,60.00
8300,47.01,46.91,60.00
8310,47.16,46.92,60.00
8320,47.32,46.84,60.00
8330,47.48,46.95,60.00
8340,47.64,46.91,60.00
8350,47.78,47.12,60.00
8360,47.93,47.19,60.00
8370,48.07,47.05,60.00
8380,48.22,47.20,60.00
8390,48.36,47.14,60.00
8400,48.50,47.15,60.00
8410,48.64,47.24,60.00
8420,48.78,47.22,60.00
8430,48.91,47.51,60.00
8440,49.04,47.39,60.00
8450,49.16,47.52,60.00
8460,49.29,47.39,60.00
8470,49.42,47.47,60.00
8480,49.54,47.59,60.00
8490,49.66,47.55,60.00
8500,49.78,47.78,60.00
8510,49.89,47.64,60.00
8520,50.01,47.72,60.00
8530,50.11,47.87,60.00
8540,50.22,47.87,60.00
8550,50.32,48.00,60.00
8560,50.43,47.94,60.00
8570,50.52,48.08,60.00
8580,50.62,48.11,60.00
8590,50.71,48.15,60.00
8600,50.80,48.25,60.00
8610,50.90,48.16,60.00
8620,50.99,48.36,60.00
8630,51.08,48.25,60.00
8640,51.16,48.45,60.00
8650,51.24,48.41,60.00
8660,51.32,48.57,60.00
8670,51.39,48.76,60.00
8680,51.46,48.67,60.00
8690,51.53,48.76,60.00
8700,51.61,48.62,60.00
8710,51.67,48.88,60.00
8720,51.74,48.85,60.00
8730,51.80,48.98,60.00
8740,51.87,48.85,60.00
8750,51.93,49.10,60.00
8760,52.00,48.94,60.00
8770,52.05,49.15,60.00
8780,52.12,49.04,60.00
8790,52.17,49.29,60.00
8800,52.23,49.08,60.00
8810,52.29,49.25,60.00
8820,52.35,49.23,60.00
8830,52.40,49.30,60.00
8840,52.45,49.35,60.00
8850,52.50,49.44,60.00
8860,52.56,49.37,60.00
8870,52.61,49.49,60.00
8880,52.66,49.39,60.00
8890,52.71,49.67,60.00
8900,52.76,49.49,60.00
8910,52.80,49.69,60.00
8920,52.85,49.60,60.00
8930,52.89,49.77,60.00
8940,52.94,49.69,60.00
8950,52.98,49.81,60.00
8960,53.03,49.65,60.00
8970,53.07,49.87,60.00
8980,53.12,49.72,60.00
8990,53.17,49.79,60.00
9000,53.21,49.83,60.00
9010,53.26,49.83,60.00
9020,53.31,49.85,60.00
9030,53.36,49.72,60.00
9040,53.41,49.93,60.00
9050,53.46,49.81,60.00
9060,53.49,50.07,60.00
9070,53.54,49.92,60.00
9080,53.59,49.96,60.00
9090,53.63,50.00,60.00
9100,53.68,49.89,60.00
9110,53.72,50.17,60.00
9120,53.77,49.95,60.00
9130,53.81,50.15,60.00
9140,53.86,50.02,60.00
9150,53.90,50.05,60.00
9160,53.95,50.07,60.00
9170,54.00,49.95,60.00
9180,54.04,50.19,60.00
9190,54.09,50.06,60.00
9200,54.14,50.19,60.00
9210,54.19,50.00,60.00
9220,54.24,50.07,60.00
9230,54.28,50.16,60.00
9240,54.34,50.03,60.00
9250,54.38,50.16,60.00
9260,54.44,49.94,60.00
9270,54.49,50.12,60.00
9280,54.54,50.08,60.00
9290,54.60,49.97,60.00
9300,54.65,50.19,60.00
9310,54.70,50.03,60.00
9320,54.75,50.17,60.00
9330,54.81,50.04,60.00
9340,54.86,50.11,60.00
9350,54.91,50.18,60.00
9360,54.96,49.97,60.00
9370,55.01,50.29,60.00
9380,55.06,50.05,60.00
9390,55.11,50.17,60.00
9400,55.16,50.23,60.00
9410,55.21,50.16,60.00
9420,55.26,50.27,60.00
9430,55.31,50.10,60.00
9440,55.36,50.19,60.00
9450,55.40,50.26,60.00
9460,55.45,50.19,60.00
9470,55.50,50.26,60.00
9480,55.55,50.22,60.00
9490,55.59,50.33,60.00
9500,55.63,50.32,60.00
9510,55.68,50.36,60.00
9520,55.72,50.40,60.00
9530,55.76,50.35,60.00
9540,55.80,50.38,60.00
9550,55.85,50.31,60.00
9560,55.89,50.40,60.00
9570,55.93,50.39,60.00
9580,55.97,50.37,60.00
9590,56.02,50.36,60.00
9600,56.06,50.41,60.00
9610,56.09,50.62,60.00
9620,56.13,50.28,60.00
9630,56.16,50.64,60.00
9640,56.21,50.40,60.00
9650,56.25,50.45,60.00
9660,56.28,50.56,60.00
9670,56.32,50.40,60.00
9680,56.35,50.64,60.00
9690,56.39,50.47,60.00
9700,56.43,50.64,60.00
9710,56.46,50.60,60.00
9720,56.50,50.53,60.00
9730,56.53,50.50,60.00
9740,56.57,50.61,60.00
9750,56.61,50.45,60.00
9760,56.64,50.71,60.00
9770,56.68,50.51,60.00
9780,56.70,50.69,60.00
9790,56.73,50.71,60.00
9800,56.77,50.57,60.00
9810,56.80,50.76,60.00
9820,56.83,50.67,60.00
9830,56.86,50.62,60.00
9840,56.89,50.77,60.00
9850,56.92,50.59,60.00
9860,56.96,50.70,60.00
9870,56.98,50.75,60.00
9880,57.01,50.69,60.00
9890,57.05,50.68,60.00
9900,57.07,50.83,60.00
9910,57.10,50.65,60.00
9920,57.13,50.76,60.00
9930,57.16,50.81,60.00
9940,57.19,50.59,60.00
9950,57.22,50.83,60.00
9960,57.25,50.64,60.00
9970,57.29,50.68,60.00
9980,57.31,50.89,60.00
9990,57.34,50.61,60.00
10000,57.38,50.69,60.00
10010,57.40,50.78,60.00
10020,57.44,50.53,60.00
10030,57.47,50.79,60.00
10040,57.51,50.60,60.00
10050,57.54,50.64,60.00
10060,57.57,50.67,60.00
10070,57.60,50.69,60.00
10080,57.64,50.59,60.00
10090,57.67,50.80,60.00
10100,57.70,50.59,60.00
10110,57.73,50.65,60.00
10120,57.77,50.63,60.00
10130,57.80,50.59,60.00
10140,57.83,50.61,60.00
10150,57.86,50.74,60.00
10160,57.90,50.51,60.00
10170,57.92,50.79,60.00
10180,57.96,50.49,60.00
10190,57.99,50.70,60.00
10200,58.02,50.77,60.00
10210,58.05,50.63,60.00
10220,58.07,50.72,60.00
10230,58.09,50.85,60.00
10240,58.13,50.59,60.00
10250,58.14,50.95,60.00
10260,58.17,50.67,60.00
10270,58.20,50.78,60.00
10280,58.22,50.76,60.00
10290,58.24,50.74,60.00
10300,58.27,50.77,60.00
10310,58.28,50.92,60.00
10320,58.31,50.64,60.00
10330,58.33,50.93,60.00
10340,58.36,50.69,60.00
10350,58.38,50.86,60.00
10360,58.40,50.77,60.00
10370,58.42,50.85,60.00
10380,58.44,50.79,60.00
10390,58.45,51.04,60.00
10400,58.47,50.79,60.00
10410,58.48,51.12,60.00
10420,58.50,50.85,60.00
10430,58.50,51.09,60.00
10440,58.52,50.96,60.00
10450,58.53,50.98,60.00
10460,58.54,51.00,60.00
10470,58.55,51.19,60.00
10480,58.56,50.95,60.00
10490,58.56,51.30,60.00
10500,58.57,51.01,60.00
10510,58.58,51.17,60.00
10520,58.59,51.13,60.00
10530,58.60,50.96,60.00
10540,58.61,51.21,60.00
10550,58.61,51.16,60.00
10560,58.62,51.11,60.00
10570,58.63,51.25,60.00
10580,58.63,51.20,60.00
10590,58.64,51.06,60.00
10600,58.64,51.30,60.00
10610,58.66,51.04,60.00
10620,58.66,51.28,60.00
10630,58.67,51.17,60.00
10640,58.68,51.08,60.00
10650,58.69,51.23,60.00
10660,58.70,51.06,60.00
10670,58.71,51.21,60.00
10680,58.71,51.22,60.00
10690,58.71,51.38,60.00
10700,58.73,51.04,60.00
10710,58.73,51.30,60.00
10720,58.74,51.12,60.00
10730,58.74,51.41,60.00
10740,58.75,51.21,60.00
10750,58.76,51.22,60.00
10760,58.76,51.41,60.00
10770,58.77,51.12,60.00
10780,58.78,51.25,60.00
10790,58.79,51.19,60.00
10800,58.80,51.24,60.00
10810,58.81,51.13,60.00
10820,58.82,51.26,60.00
10830,58.83,51.21,60.00
10840,58.85,51.03,60.00
10850,58.85,51.29,60.00
10860,58.86,51.19,60.00
10870,58.89,50.96,60.00
10880,58.89,51.34,60.00
10890,58.91,50.98,60.00
10900,58.93,51.06,60.00
10910,58.94,51.25,60.00
10920,58.96,50.96,60.00
10930,58.98,51.07,60.00
10940,58.99,51.17,60.00
10950,59.00,51.04,60.00
10960,59.01,51.20,60.00
10970,59.03,51.12,60.00
10980,59.04,51.17,60.00
10990,59.06,51.07,60.00
11000,59.06,51.27,60.00
11010,59.07,51.23,60.00
11020,59.09,51.06,60.00
11030,59.09,51.32,60.00
11040,59.11,51.00,60.00
11050,59.12,51.18,60.00
11060,59.12,51.30,60.00
11070,59.14,51.09,60.00
11080,59.14,51.27,60.00
11090,59.15,51.20,60.00
11100,59.17,50.96,60.00
11110,59.18,51.28,60.00
11120,59.20,51.02,60.00
11130,59.21,51.09,60.00
11140,59.23,51.10,60.00
11150,59.24,51.19,60.00
11160,59.25,51.04,60.00
11170,59.26,51.15,60.00
11180,59.27,51.19,60.00
11190,59.29,50.97,60.00
11200,59.30,51.19,60.00
11210,59.32,51.05,60.00
11220,59.33,51.01,60.00
11230,59.34,51.24,60.00
11240,59.35,51.12,60.00
11250,59.36,51.07,60.00
11260,59.37,51.17,60.00
11270,59.39,51.02,60.00
11280,59.39,51.23,60.00
11290,59.40,51.20,60.00
11300,59.42,51.04,60.00
11310,59.43,51.14,60.00
11320,59.43,51.20,60.00
11330,59.44,51.19,60.00
11340,59.45,51.23,60.00
11350,59.45,51.30,60.00
11360,59.46,51.04,60.00
11370,59.46,51.40,60.00
11380,59.46,51.25,60.00
11390,59.47,51.23,60.00
11400,59.47,51.37,60.00
11410,59.48,51.18,60.00
11420,59.48,51.27,60.00
11430,59.48,51.32,60.00
11440,59.48,51.37,60.00
11450,59.49,51.24,60.00
11460,59.48,51.45,60.00
11470,59.49,51.25,60.00
11480,59.49,51.25,60.00
11490,59.49,51.44,60.00
11500,59.50,51.24,60.00
11510,59.50,51.29,60.00
11520,59.49,51.46,60.00
11530,59.50,51.16,60.00
11540,59.51,51.34,60.00
11550,59.51,51.35,60.00
11560,59.52,51.22,60.00
11570,59.51,51.41,60.00
11580,59.52,51.32,60.00
11590,59.52,51.35,60.00
11600,59.52,51.32,60.00
11610,59.52,51.46,60.00
11620,59.53,51.19,60.00
11630,59.52,51.44,60.00
11640,59.52,51.45,60.00
11650,59.53,51.21,60.00
11660,59.53,51.44,60.00
11670,59.53,51.34,60.00
11680,59.54,51.31,60.00
11690,59.53,51.48,60.00
11700,59.53,51.35,60.00
11710,59.54,51.32,60.00
11720,59.54,51.38,60.00
11730,59.55,51.28,60.00
11740,59.55,51.32,60.00
11750,59.55,51.35,60.00
11760,59.56,51.31,60.00
11770,59.57,51.20,60.00
11780,59.57,51.41,60.00
11790,59.58,51.21,60.00
11800,59.59,51.25,60.00
11810,59.58,51.43,60.00
11820,59.59,51.28,60.00
11830,59.60,51.31,60.00
11840,59.61,51.15,60.00
11850,59.61,51.44,60.00
11860,59.61,51.38,60.00
11870,59.61,51.28,60.00
11880,59.62,51.37,60.00
11890,59.62,51.36,60.00
11900,59.62,51.32,60.00
11910,59.63,51.32,60.00
11920,59.63,51.45,60.00
11930,59.64,51.20,60.00
11940,59.65,51.21,60.00
11950,59.64,51.47,60.00
11960,59.65,51.25,60.00
11970,59.66,51.31,60.00
11980,59.65,51.56,60.00
11990,59.66,51.15,60.00
12000,59.67,51.32,60.00
12010,59.67,51.41,60.00
12020,59.67,51.28,60.04
12030,59.68,51.42,60.09
12040,59.68,51.48,60.13
12050,59.69,51.31,60.18
12060,59.69,51.43,60.22
12070,59.70,51.49,60.26
12080,59.70,51.45,60.31
12090,59.71,51.47,60.36
12100,59.71,51.60,60.40
12110,59.72,51.51,60.45
12120,59.72,51.62,60.49
12130,59.73,51.71,60.54
12140,59.73,51.59,60.59
12150,59.74,51.60,60.64
12160,59.74,51.93,60.68
12170,59.75,51.65,60.73
12180,59.76,51.74,60.78
12190,59.75,51.97,60.83
12200,59.76,51.74,60.88
12210,59.77,51.82,60.93
12220,59.77,52.06,60.98
12230,59.79,51.74,61.03
12240,59.80,51.89,61.08
12250,59.80,52.07,61.13
12260,59.82,51.78,61.18
12270,59.83,51.99,61.23
12280,59.83,52.13,61.28
12290,59.84,52.06,61.33
12300,59.85,52.03,61.39
12310,59.86,52.19,61.44
12320,59.87,52.11,61.49
12330,59.89,52.00,61.55
12340,59.90,52.21,61.60
12350,59.92,52.15,61.65
12360,59.93,52.14,61.71
12370,59.95,52.11,61.76
12380,59.97,52.22,61.82
12390,59.99,52.15,61.87
12400,60.02,52.16,61.93
12410,60.03,52.36,61.98
12420,60.06,52.18,62.04
12430,60.08,52.21,62.09
12440,60.10,52.37,62.15
12450,60.12,52.33,62.21
12460,60.15,52.25,62.27
12470,60.18,52.33,62.32
12480,60.20,52.44,62.38
12490,60.23,52.29,62.44
12500,60.27,52.13,62.50
12510,60.29,52.50,62.56
12520,60.32,52.40,62.62
12530,60.36,52.25,62.68
12540,60.39,52.48,62.74
12550,60.43,52.44,62.80
12560,60.46,52.36,62.86
12570,60.51,52.28,62.92
12580,60.54,52.46,62.98
12590,60.58,52.48,63.04
12600,60.63,52.21,63.10
12610,60.68,52.41,63.16
12620,60.72,52.46,63.23
12630,60.77,52.35,63.29
12640,60.81,52.43,63.35
12650,60.86,52.43,63.41
12660,60.91,52.44,63.48
12670,60.96,52.34,63.54
12680,61.02,52.33,63.61
12690,61.07,52.47,63.67
12700,61.12,52.31,63.74
12710,61.18,52.40,63.80
12720,61.23,52.64,63.87
12730,61.28,52.37,63.93
12740,61.35,52.33,64.00
12750,61.39,52.68,64.07
12760,61.45,52.50,64.13
12770,61.52,52.32,64.20
12780,61.58,52.40,64.27
12790,61.64,52.49,64.33
12800,61.70,52.52,64.40
12810,61.77,52.32,64.47
12820,61.84,52.44,64.54
12830,61.90,52.59,64.61
12840,61.96,52.41,64.68
12850,62.04,52.31,64.75
12860,62.11,52.47,64.82
12870,62.18,52.50,64.89
12880,62.25,52.41,64.96
12890,62.32,52.45,65.03
12900,62.39,52.43,65.10
12910,62.47,52.33,65.17
12920,62.55,52.37,65.24
12930,62.63,52.43,65.31
12940,62.70,52.46,65.39
12950,62.78,52.35,65.46
12960,62.86,52.38,65.53
12970,62.94,52.43,65.61
12980,63.02,52.44,65.68
12990,63.10,52.44,65.75
13000,63.18,52.45,65.83
13010,63.26,52.51,65.90
13020,63.34,52.52,65.98
13030,63.41,52.54,66.05
13040,63.49,52.53,66.13
13050,63.58,52.43,66.20
13060,63.65,52.61,66.28
13070,63.73,52.63,66.35
13080,63.81,52.47,66.43
13090,63.89,52.61,66.51
13100,63.96,52.78,66.59
13110,64.05,52.53,66.66
13120,64.13,52.55,66.74
13130,64.21,52.76,66.82
13140,64.28,52.69,66.90
13150,64.37,52.61,66.98
13160,64.45,52.65,67.05
13170,64.53,52.78,67.13
13180,64.61,52.72,67.21
13190,64.69,52.64,67.29
13200,64.77,52.78,67.37
13210,64.85,52.88,67.45
13220,64.93,52.80,67.54
13230,65.01,52.75,67.62
13240,65.09,52.95,67.70
13250,65.16,52.99,67.78
13260,65.25,52.71,67.86
13270,65.33,52.79,67.94
13280,65.40,53.09,68.03
13290,65.48,52.97,68.11
13300,65.57,52.81,68.19
13310,65.65,52.91,68.28
13320,65.73,53.09,68.36
13330,65.81,53.01,68.44
13340,65.90,52.85,68.53
13350,65.98,52.96,68.61
13360,66.06,53.12,68.70
13370,66.14,53.02,68.78
13380,66.23,52.95,68.87
13390,66.31,53.09,68.95
13400,66.39,53.24,69.04
13410,66.47,53.13,69.13
13420,66.56,52.98,69.21
13430,66.64,53.10,69.30
13440,66.72,53.28,69.39
13450,66.80,53.20,69.48
13460,66.89,53.14,69.56
13470,66.97,53.21,69.65
13480,67.05,53.34,69.74
13490,67.13,53.30,69.83
13500,67.22,53.20,69.92
13510,67.30,53.28,70.01
13520,67.38,53.45,70.10
13530,67.46,53.44,70.19
13540,67.55,53.32,70.28
13550,67.63,53.40,70.37
13560,67.71,53.57,70.46
13570,67.79,53.48,70.55
13580,67.87,53.38,70.64
13590,67.96,53.43,70.73
13600,68.04,53.61,70.82
13610,68.12,53.68,70.92
13620,68.20,53.61,71.01
13630,68.28,53.67,71.10
13640,68.35,53.75,71.19
13650,68.42,53.92,71.29
13660,68.50,53.89,71.38
13670,68.58,53.66,71.48
13680,68.66,53.78,71.57
13690,68.74,53.91,71.66
13700,68.81,53.99,71.76
13710,68.89,53.94,71.85
13720,68.98,53.78,71.95
13730,69.06,53.81,72.04
13740,69.14,54.08,72.14
13750,69.21,54.22,72.24
13760,69.29,54.06,72.33
13770,69.38,53.87,72.43
13780,69.46,53.94,72.53
13790,69.55,54.10,72.62
13800,69.62,54.18,72.72
13810,69.71,54.08,72.82
13820,69.80,53.97,72.92
13830,69.89,54.07,73.01
13840,69.97,54.22,73.11
13850,70.05,54.36,73.21
13860,70.13,54.31,73.31
13870,70.22,54.12,73.41
13880,70.31,54.14,73.51
13890,70.40,54.30,73.61
13900,70.48,54.49,73.71
13910,70.55,54.54,73.81
13920,70.64,54.27,73.91
13930,70.74,54.26,74.01
13940,70.83,54.30,74.11
13950,70.91,54.49,74.21
13960,71.00,54.48,74.31
13970,71.09,54.47,74.42
13980,71.19,54.34,74.52
13990,71.29,54.32,74.62
14000,71.39,54.33,74.72
14010,71.47,54.64,74.83
14020,71.56,54.69,74.93
14030,71.65,54.57,75.03
14040,71.75,54.49,75.14
14050,71.84,54.53,75.24
14060,71.94,54.53,75.34
14070,72.03,54.77,75.45
14080,72.12,54.80,75.55
14090,72.21,54.65,75.66
14100,72.32,54.51,75.76
14110,72.43,54.45,75.87
14120,72.53,54.63,75.97
14130,72.62,54.90,76.08
14140,72.71,54.77,76.18
14150,72.81,54.86,76.29
14160,72.91,54.85,76.40
14170,73.00,54.82,76.50
14180,73.11,54.65,76.61
14190,73.21,54.87,76.72
14200,73.31,54.99,76.83
14210,73.41,54.92,76.93
14220,73.51,54.82,77.04
14230,73.62,54.76,77.15
14240,73.74,54.65,77.26
14250,73.85,54.87,77.37
14260,73.95,54.95,77.48
14270,74.05,55.02,77.58
14280,74.15,55.04,77.69
14290,74.26,54.90,77.80
14300,74.37,54.92,77.91
14310,74.49,54.90,78.02
14320,74.61,54.71,78.13
14330,74.73,54.77,78.24
14340,74.84,54.90,78.35
14350,74.95,55.03,78.46
14360,75.06,55.11,78.58
14370,75.17,55.10,78.69
14380,75.28,55.04,78.80
14390,75.41,54.81,78.91
14400,75.54,54.62,79.02
14410,75.68,54.68,79.13
14420,75.80,54.83,79.25
14430,75.92,54.95,79.36
14440,76.04,55.05,79.47
14450,76.16,55.02,79.58
14460,76.28,55.01,79.70
14470,76.40,55.01,79.81
14480,76.54,54.74,79.92
14490,76.68,54.74,80.04
14500,76.81,54.78,80.15
14510,76.94,54.89,80.27
14520,77.06,55.16,80.38
14530,77.18,55.07,80.49
14540,77.30,55.09,80.61
14550,77.43,55.01,80.72
14560,77.57,54.86,80.84
14570,77.70,54.78,80.95
14580,77.84,54.83,81.07
14590,77.97,55.00,81.19
14600,78.10,55.08,81.30
14610,78.22,55.25,81.42
14620,78.33,55.37,81.53
14630,78.45,55.32,81.65
14640,78.58,55.17,81.77
14650,78.71,54.99,81.88
14660,78.85,55.01,82.00
14670,78.98,55.04,82.12
14680,79.11,55.21,82.23
14690,79.22,55.45,82.35
14700,79.33,55.60,82.47
14710,79.44,55.61,82.59
14720,79.56,55.53,82.70
14730,79.68,55.37,82.82
14740,79.81,55.33,82.94
14750,79.94,55.33,83.06
14760,80.06,55.38,83.18
14770,80.19,55.42,83.30
14780,80.31,55.51,83.42
14790,80.42,55.68,83.53
14800,80.53,55.76,83.65
14810,80.64,55.78,83.77
14820,80.75,55.86,83.89
14830,80.87,55.74,84.01
14840,80.99,55.68,84.13
14850,81.11,55.70,84.25
14860,81.24,55.54,84.37
14870,81.37,55.56,84.49
14880,81.49,55.68,84.61
14890,81.61,55.74,84.73
14900,81.73,55.89,84.85
14910,81.83,56.06,84.97
14920,81.95,56.04,85.09
14930,82.05,56.16,85.22
14940,82.15,56.24,85.34
14950,82.26,56.14,85.46
14960,82.37,56.23,85.58
14970,82.49,56.13,85.70
14980,82.61,56.00,85.82
14990,82.73,55.87,85.94
15000,82.86,55.91,86.07
15010,82.99,55.85,86.19
15020,83.13,55.80,86.31
15030,83.26,55.88,86.43
15040,83.39,55.86,86.55
15050,83.52,55.85,86.68
15060,83.65,56.01,86.80
15070,83.78,56.06,86.92
15080,83.90,56.05,87.05
15090,84.02,56.17,87.17
15100,84.14,56.29,87.29
15110,84.26,56.25,87.41
15120,84.38,56.27,87.54
15130,84.50,56.30,87.66
15140,84.62,56.34,87.78
15150,84.74,56.33,87.91
15160,84.86,56.36,88.03
15170,84.99,56.27,88.15
15180,85.11,56.33,88.28
15190,85.24,56.26,88.40
15200,85.37,56.15,88.53
15210,85.50,56.25,88.65
15220,85.63,56.34,88.77
15230,85.76,56.40,88.90
15240,85.89,56.32,89.02
15250,86.02,56.20,89.15
15260,86.17,56.05,89.27
15270,86.31,56.12,89.39
15280,86.45,56.04,89.52
15290,86.59,56.21,89.64
15300,86.73,56.21,89.77
15310,86.87,56.22,89.89
15320,87.00,56.33,90.02
15330,87.14,56.36,90.14
15340,87.27,56.45,90.26
15350,87.39,56.53,90.39
15360,87.52,56.55,90.51
15370,87.64,56.57,90.64
15380,87.77,56.60,90.76
15390,87.90,56.63,90.89
15400,88.02,56.61,91.01
15410,88.15,56.63,91.14
15420,88.28,56.62,91.26
15430,88.41,56.64,91.39
15440,88.54,56.65,91.51
15450,88.66,56.66,91.64
15460,88.80,56.58,91.76
15470,88.93,56.61,91.89
15480,89.06,56.63,92.01
15490,89.20,56.55,92.14
15500,89.35,56.45,92.26
15510,89.49,56.52,92.39
15520,89.63,56.46,92.51
15530,89.78,56.40,92.64
15540,89.92,56.43,92.76
15550,90.07,56.32,92.89
15560,90.22,56.37,93.01
15570,90.38,56.23,93.14
15580,90.53,56.26,93.26
15590,90.69,56.25,93.39
15600,90.85,56.14,93.51
15610,91.01,56.17,93.64
15620,91.17,56.16,93.76
15630,91.33,56.12,93.89
15640,91.48,56.21,94.01
15650,91.64,56.16,94.14
15660,91.80,56.25,94.26
15670,91.95,56.27,94.39
15680,92.10,56.33,94.51
15690,92.24,56.52,94.64
15700,92.38,56.50,94.76
15710,92.52,56.61,94.89
15720,92.65,56.74,95.01
15730,92.78,56.78,95.13
15740,92.91,56.91,95.26
15750,93.03,56.93,95.38
15760,93.15,56.97,95.51
15770,93.28,56.90,95.63
15780,93.40,57.01,95.76
15790,93.53,56.99,95.88
15800,93.65,56.97,96.00
15810,93.78,57.09,96.13
15820,93.90,57.12,96.25
15830,94.02,57.10,96.38
15840,94.14,57.13,96.50
15850,94.26,57.09,96.62
15860,94.39,57.08,96.75
15870,94.51,57.09,96.87
15880,94.64,57.06,96.99
15890,94.77,57.07,97.12
15900,94.90,57.06,97.24
15910,95.03,57.05,97.36
15920,95.16,57.05,97.48
15930,95.29,57.06,97.61
15940,95.43,56.98,97.73
15950,95.56,57.10,97.85
15960,95.69,56.99,97.97
15970,95.83,56.97,98.10
15980,95.96,57.04,98.22
15990,96.10,56.96,98.34
16000,96.23,57.03,98.46
16010,96.37,57.03,98.58
16020,96.51,56.92,98.71
16030,96.65,56.93,98.83
16040,96.79,56.90,98.95
16050,96.94,56.82,99.07
16060,97.09,56.81,99.19
16070,97.23,56.81,99.31
16080,97.38,56.85,99.43
16090,97.52,56.85,99.55
16100,97.67,56.87,99.67
16110,97.81,56.86,99.79
16120,97.95,56.96,99.91
16130,98.10,56.79,100.03
16140,98.24,56.81,100.15
16150,98.39,56.87,100.27
16160,98.53,56.74,100.39
16170,98.68,56.73,100.51
16180,98.83,56.83,100.63
16190,98.98,56.70,100.75
16200,99.14,56.58,100.86
16210,99.29,56.60,100.98
16220,99.45,56.56,101.10
16230,99.60,56.58,101.22
16240,99.76,56.50,101.34
16250,99.92,56.42,101.45
16260,100.08,56.42,101.57
16270,100.25,56.22,101.69
16280,100.42,56.17,101.80
16290,100.59,56.18,101.92
16300,100.76,56.10,102.04
16310,100.92,56.31,102.15
16320,101.08,56.30,102.27
16330,101.25,56.24,102.38
16340,101.41,56.19,102.50
16350,101.57,56.23,102.61
16360,101.73,56.32,102.73
16370,101.88,56.39,102.84
16380,102.02,56.47,102.96
16390,102.17,56.53,103.07
16400,102.31,56.53,103.18
16410,102.45,56.63,103.30
16420,102.58,56.64,103.41
16430,102.72,56.62,103.52
16440,102.85,56.68,103.63
16450,102.99,56.64,103.75
16460,103.13,56.59,103.86
16470,103.26,56.55,103.97
16480,103.40,56.49,104.08
16490,103.55,56.48,104.19
16500,103.69,56.46,104.30
16510,103.83,56.40,104.41
16520,103.98,56.31,104.52
16530,104.12,56.38,104.63
16540,104.26,56.39,104.74
16550,104.41,56.27,104.85
16560,104.55,56.33,104.96
16570,104.69,56.28,105.07
16580,104.84,56.20,105.17
16590,104.98,56.33,105.28
16600,105.12,56.35,105.39
16610,105.25,56.42,105.50
16620,105.38,56.47,105.60
16630,105.51,56.63,105.71
16640,105.63,56.64,105.81
16650,105.74,56.83,105.92
16660,105.85,56.80,106.02
16670,105.96,56.87,106.13
16680,106.07,56.97,106.23
16690,106.17,57.04,106.34
16700,106.27,57.10,106.44
16710,106.37,57.09,106.54
16720,106.47,57.02,106.65
16730,106.57,57.05,106.75
16740,106.67,57.09,106.85
16750,106.77,57.00,106.95
16760,106.87,57.11,107.05
16770,106.97,57.13,107.15
16780,107.07,57.10,107.25
16790,107.17,57.08,107.35
16800,107.27,57.03,107.45
16810,107.37,57.08,107.55
16820,107.47,57.11,107.65
16830,107.57,57.07,107.75
16840,107.67,57.16,107.84
16850,107.77,57.08,107.94
16860,107.87,57.10,108.04
16870,107.96,57.12,108.13
16880,108.06,57.07,108.23
16890,108.17,56.98,108.32
16900,108.27,57.00,108.42
16910,108.38,56.98,108.51
16920,108.48,56.99,108.61
16930,108.58,57.01,108.70
16940,108.69,56.95,108.79
16950,108.80,56.91,108.88
16960,108.90,56.87,108.98
16970,109.01,56.89,109.07
16980,109.12,56.81,109.16
16990,109.23,56.88,109.25
17000,109.34,56.77,109.34
17010,109.45,56.70,109.43
17020,109.56,56.75,109.52
17030,109.67,56.75,109.60
17040,109.78,56.72,109.69
17050,109.90,56.69,109.78
17060,110.01,56.64,109.86
17070,110.12,56.62,109.95
17080,110.24,56.59,110.04
17090,110.36,56.50,110.12
17100,110.47,56.50,110.20
17110,110.59,56.47,110.29
17120,110.71,56.43,110.37
17130,110.83,56.32,110.45
17140,110.95,56.33,110.54
17150,111.07,56.33,110.62
17160,111.19,56.28,110.70
17170,111.31,56.20,110.78
17180,111.43,56.27,110.86
17190,111.55,56.18,110.94
17200,111.67,56.22,111.01
17210,111.78,56.26,111.09
17220,111.90,56.28,111.17
17230,112.00,56.39,111.24
17240,112.11,56.39,111.32
17250,112.21,56.46,111.40
17260,112.30,56.52,111.47
17270,112.40,56.51,111.54
17280,112.49,56.62,111.62
17290,112.57,56.70,111.69
17300,112.66,56.69,111.76
17310,112.74,56.72,111.83
17320,112.83,56.66,111.90
17330,112.91,56.62,111.97
17340,113.00,56.65,112.04
17350,113.08,56.59,112.11
17360,113.17,56.52,112.18
17370,113.26,56.48,112.25
17380,113.35,56.50,112.31
17390,113.44,56.43,112.38
17400,113.53,56.39,112.44
17410,113.62,56.37,112.51
17420,113.71,56.36,112.57
17430,113.80,56.31,112.63
17440,113.89,56.39,112.70
17450,113.98,56.22,112.76
17460,114.07,56.22,112.82
17470,114.16,56.24,112.88
17480,114.27,55.82,112.94
17490,114.38,55.82,113.00
17500,114.49,55.79,113.06
17510,114.60,55.64,113.11
17520,114.72,55.49,113.17
17530,114.83,55.44,113.22
17540,114.96,55.29,113.28
17550,115.08,55.26,113.33
17560,115.20,55.24,113.39
17570,115.32,55.14,113.44
17580,115.44,55.12,113.49
17590,115.56,55.16,113.54
17600,115.67,55.21,113.59
17610,115.77,55.34,113.64
17620,115.87,55.44,113.69
17630,115.96,55.54,113.74
17640,116.04,55.61,113.78
17650,116.13,55.52,113.83
17660,116.21,55.42,113.88
17670,116.30,55.43,113.92
17680,116.40,55.19,113.96
17690,116.49,55.12,114.01
17700,116.60,54.84,114.05
17710,116.71,54.73,114.09
17720,116.83,54.62,114.13
17730,116.93,54.70,114.17
17740,117.03,54.79,114.21
17750,117.13,54.89,114.25
17760,117.20,55.09,114.28
17770,117.28,55.15,114.32
17780,117.35,55.20,114.35
17790,117.43,54.99,114.39
17800,117.52,54.75,114.42
17810,117.61,54.63,114.45
17820,117.70,54.45,114.49
17830,117.80,54.46,114.52
17840,117.89,54.50,114.55
17850,117.97,54.63,114.58
17860,118.03,54.83,114.60
17870,118.10,54.91,114.63
17880,118.16,54.75,114.66
17890,118.23,54.67,114.68
17900,118.31,54.45,114.71
17910,118.39,54.27,114.73
17920,118.47,54.22,114.75
17930,118.55,54.30,114.77
17940,118.61,54.56,114.79
17950,118.66,54.66,114.81
17960,118.71,54.69,114.83
17970,118.76,54.60,114.85
17980,118.82,54.37,114.87
17990,118.89,54.15,114.88
18000,118.96,54.10,114.90
18010,119.02,54.19,114.91
18020,119.07,54.41,114.92
18030,119.11,54.57,114.94
18040,119.14,54.54,114.95
18050,119.19,54.36,114.96
18060,119.24,54.05,114.97
18070,119.30,53.99,114.97
18080,119.35,54.13,114.98
18090,119.38,54.43,114.99
18100,119.40,54.58,114.99
18110,119.42,54.52,114.99
18120,119.45,54.34,115.00
18130,119.49,54.05,115.00
18140,119.53,53.96,115.00
18150,119.56,54.14,115.00
18160,119.58,54.34,115.00
18170,119.58,54.51,115.00
18180,119.59,54.49,114.99
18190,119.61,54.30,114.99
18200,119.63,54.12,114.98
18210,119.65,53.98,114.98
18220,119.67,54.12,114.97
18230,119.67,54.46,114.96
18240,119.66,54.62,114.95
18250,119.65,54.50,114.94
18260,119.65,54.32,114.93
18270,119.66,54.07,114.91
18280,119.67,54.07,114.90
18290,119.67,54.12,114.89
18300,119.66,54.28,114.87
18310,119.65,54.40,114.85
18320,119.64,54.32,114.83
18330,119.63,54.05,114.81
18340,119.64,53.88,114.79
18350,119.65,53.75,114.77
18360,119.65,53.96,114.75
18370,119.63,54.07,114.72
18380,119.62,54.03,114.70
18390,119.62,53.82,114.67
18400,119.63,53.52,114.65
18410,119.64,53.47,114.62
18420,119.64,53.60,114.59
18430,119.64,53.65,114.56
18440,119.62,53.83,114.52
18450,119.61,53.56,114.49
18460,119.61,53.58,114.46
18470,119.61,53.31,114.42
18480,119.63,52.90,114.38
18490,119.64,53.04,114.35
18500,119.64,53.16,114.31
18510,119.65,52.82,114.27
18520,119.66,52.79,114.23
18530,119.66,53.07,114.18
18540,119.65,53.19,114.14
18550,119.65,52.86,114.10
18560,119.65,52.64,114.05
18570,119.66,52.55,114.00
18580,119.65,52.82,113.95
18590,119.64,52.86,113.90
18600,119.64,52.52,113.85
18610,119.65,52.33,113.80
18620,119.64,52.50,113.75
18630,119.62,52.69,113.69
18640,119.62,52.45,113.64
18650,119.62,52.02,113.58
18660,119.62,52.25,113.52
18670,119.60,52.42,113.46
18680,119.59,52.13,113.40
18690,119.60,51.81,113.34
18700,119.59,52.00,113.28
18710,119.57,52.16,113.21
18720,119.56,51.75,113.15
18730,119.57,51.53,113.08
18740,119.55,51.85,113.01
18750,119.53,51.79,112.95
18760,119.54,51.31,112.87
18770,119.53,51.34,112.80
18780,119.51,51.67,112.73
18790,119.51,51.23,112.66
18800,119.51,51.02,112.58
18810,119.49,51.34,112.50
18820,119.47,51.22,112.43
18830,119.47,50.81,112.35
18840,119.45,51.04,112.27
18850,119.43,51.07,112.18
18860,119.42,50.57,112.10
18870,119.41,50.79,112.02
18880,119.38,50.89,111.93
18890,119.37,50.36,111.84
18900,119.35,50.56,111.76
18910,119.33,50.57,111.67
18920,119.33,50.02,111.57
18930,119.30,50.47,111.48
18940,119.27,50.37,111.39
18950,119.26,49.85,111.29
18960,119.23,50.24,111.20
18970,119.21,49.89,111.10
18980,119.19,49.82,111.00
18990,119.15,50.11,110.90
19000,119.13,49.63,110.80
19010,119.09,49.81,110.70
19020,119.05,49.81,110.60
19030,119.03,49.45,110.49
19040,118.97,49.95,110.38
19050,118.94,49.44,110.28
19060,118.89,49.57,110.17
19070,118.84,49.53,110.06
19080,118.80,49.20,109.94
19090,118.74,49.59,109.83
19100,118.70,49.09,109.72
19110,118.64,49.37,109.60
19120,118.58,49.28,109.48
19130,118.52,49.11,109.37
19140,118.45,49.27,109.25
19150,118.39,48.94,109.12
19160,118.32,49.27,109.00
19170,118.26,48.79,108.88
19180,118.17,49.17,108.75
19190,118.10,48.82,108.63
19200,118.02,48.97,108.50
19210,117.94,48.89,108.37
19220,117.86,48.78,108.24
19230,117.76,48.92,108.11
19240,117.68,48.62,107.98
19250,117.57,49.10,107.84
19260,117.48,48.57,107.71
19270,117.37,49.04,107.57
19280,117.27,48.62,107.43
19290,117.14,48.99,107.29
19300,117.03,48.66,107.15
19310,116.91,48.97,107.01
19320,116.79,48.67,106.86
19330,116.65,48.98,106.72
19340,116.52,48.73,106.57
19350,116.38,49.02,106.42
19360,116.24,48.79,106.27
19370,116.09,48.94,106.12
19380,115.95,48.76,105.97
19390,115.79,49.00,105.82
19400,115.63,48.98,105.66
19410,115.46,49.10,105.51
19420,115.29,49.02,105.35
19430,115.11,49.08,105.19
19440,114.93,49.15,105.03
19450,114.75,49.24,104.87
19460,114.55,49.35,104.71
19470,114.35,49.31,104.54
19480,114.14,49.59,104.38
19490,113.94,49.42,104.21
19500,113.71,49.80,104.04
19510,113.49,49.65,103.87
19520,113.25,49.99,103.70
19530,113.02,49.74,103.53
19540,112.78,50.10,103.36
19550,112.53,50.04,103.18
19560,112.28,50.15,103.01
19570,112.03,50.23,102.83
19580,111.78,50.12,102.65
19590,111.51,50.43,102.47
19600,111.24,50.51,102.29
19610,110.97,50.45,102.10
19620,110.68,50.85,101.92
19630,110.41,50.43,101.73
19640,110.11,51.01,101.55
19650,109.83,50.67,101.36
19660,109.54,50.81,101.17
19670,109.25,50.90,100.98
19680,108.97,50.79,100.79
19690,108.66,51.18,100.59
19700,108.38,50.82,100.40
19710,108.07,51.13,100.20
19720,107.76,51.27,100.00
19730,107.47,51.06,99.81
19740,107.15,51.48,99.61
19750,106.85,51.14,99.40
19760,106.54,51.36,99.20
19770,106.21,51.70,99.00
19780,105.90,51.33,98.79
19790,105.58,51.73,98.58
19800,105.25,51.73,98.38
19810,104.94,51.43,98.17
19820,104.61,51.83,97.96
19830,104.28,51.83,97.74
19840,103.96,51.81,97.53
19850,103.62,52.11,97.32
19860,103.29,51.93,97.10
19870,102.97,51.87,96.88
19880,102.62,52.31,96.67
19890,102.29,52.15,96.45
19900,101.96,52.04,96.22
19910,101.61,52.38,96.00
19920,101.28,52.21,95.78
19930,100.95,52.11,95.55
19940,100.60,52.57,95.33
19950,100.26,52.43,95.10
19960,99.93,52.20,94.87
19970,99.59,52.52,94.64
19980,99.25,52.58,94.41
19990,98.91,52.38,94.18
20000,98.58,52.50,93.94
20010,98.23,52.72,93.71
20020,97.90,52.49,93.47
20030,97.57,52.43,93.24
20040,97.22,52.74,93.00
20050,96.88,52.79,92.76
20060,96.55,52.47,92.52
20070,96.23,52.49,92.27
20080,95.89,52.76,92.03
20090,95.56,52.54,91.79
20100,95.24,52.51,91.54
20110,94.90,52.76,91.29
20120,94.57,52.75,91.04
20130,94.25,52.40,90.80
20140,93.92,52.66,90.54
20150,93.58,52.93,90.29
20160,93.26,52.74,90.04
20170,92.93,52.60,89.79
20180,92.60,52.91,89.53
20190,92.26,53.03,89.27
20200,91.94,52.66,89.02
20210,91.62,52.72,88.76
20220,91.28,52.95,88.50
20230,90.96,52.89,88.24
20240,90.64,52.72,87.97
20250,90.31,52.81,87.71
20260,89.98,52.94,87.44
20270,89.66,52.83,87.18
20280,89.34,52.74,86.91
20290,89.02,52.87,86.64
20300,88.69,52.97,86.38
20310,88.38,52.79,86.10
20320,88.07,52.61,85.83
20330,87.75,52.84,85.56
20340,87.42,52.98,85.29
20350,87.12,52.61,85.01
20360,86.81,52.65,84.74
20370,86.49,52.95,84.46
20380,86.17,52.74,84.18
20390,85.87,52.56,83.90
20400,85.57,52.62,83.62
20410,85.26,52.71,83.34
20420,84.95,52.65,83.06
20430,84.65,52.46,82.78
20440,84.35,52.46,82.49
20450,84.05,52.59,82.21
20460,83.75,52.46,81.92
20470,83.46,52.38,81.64
20480,83.16,52.33,81.35
20490,82.87,52.45,81.06
20500,82.57,52.33,80.77
20510,82.29,52.10,80.48
20520,82.00,52.31,80.19
20530,81.71,52.23,79.89
20540,81.43,51.88,79.60
20550,81.15,51.94,79.31
20560,80.87,52.02,79.01
20570,80.59,51.88,78.71
20580,80.32,51.70,78.42
20590,80.05,51.74,78.12
20600,79.77,51.82,77.82
20610,79.50,51.58,77.52
20620,79.24,51.45,77.22
20630,78.97,51.57,76.91
20640,78.70,51.50,76.61
20650,78.44,51.31,76.31
20660,78.18,51.33,76.00
20670,77.91,51.26,75.70
20680,77.65,51.22,75.39
20690,77.39,51.11,75.09
20700,77.14,50.99,74.78
20710,76.88,50.93,74.47
20720,76.62,51.01,74.16
20730,76.36,51.01,73.85
20740,76.10,50.78,73.54
20750,75.84,50.88,73.23
20760,75.58,50.71,72.91
20770,75.34,50.44,72.60
20780,75.08,50.63,72.29
20790,74.83,50.56,71.97
20800,74.58,50.23,71.66
20810,74.32,50.55,71.34
20820,74.07,50.28,71.02
20830,73.82,50.21,70.70
20840,73.56,50.35,70.39
20850,73.31,50.10,70.07
20860,73.06,50.02,69.75
20870,72.80,50.13,69.43
20880,72.56,49.80,69.11
20890,72.30,49.92,68.78
20900,72.05,49.77,68.46
20910,71.80,49.74,68.14
20920,71.55,49.69,67.82
20930,71.30,49.64,67.49
20940,71.05,49.51,67.17
20950,70.79,49.54,66.84
20960,70.55,49.22,66.52
20970,70.29,49.48,66.19
20980,70.04,49.20,65.86
20990,69.79,49.08,65.54
21000,69.54,49.20,65.21
21010,69.29,48.85,64.88
21020,69.04,49.02,64.55
21030,68.79,48.83,64.22
21040,68.54,48.80,63.89
21050,68.29,48.76,63.56
21060,68.03,48.69,63.23
21070,67.79,48.48,62.90
21080,67.54,48.35,62.57
21090,67.28,48.57,62.24
21100,67.03,48.32,61.90
21110,66.78,48.31,61.57
21120,66.52,48.21,61.24
21130,66.27,48.13,60.90
21140,66.02,47.91,60.57
21150,65.78,47.86,60.24
21160,65.52,47.95,59.90
21170,65.27,47.80,59.57
21180,65.01,47.76,59.23
21190,64.76,47.53,58.90
21200,64.50,47.59,58.56
21210,64.25,47.42,58.22
21220,63.99,47.46,57.89
21230,63.74,47.27,57.55
21240,63.48,47.27,57.22
21250,63.23,47.06,56.88
21260,62.98,46.99,56.54
21270,62.72,46.91,56.20
21280,62.47,46.87,55.87
21290,62.21,46.80,55.53
21300,61.95,46.72,55.19
21310,61.70,46.65,54.85
21320,61.44,46.45,54.52
21330,61.17,46.64,54.18
21340,60.92,46.28,53.84
21350,60.66,46.30,53.50
21360,60.41,46.11,53.16
21370,60.15,46.07,52.82
21380,59.89,46.04,52.49
21390,59.63,45.80,52.15
21400,59.37,45.89,51.81
21410,59.11,45.70,51.47
21420,58.85,45.77,51.13
21430,58.58,45.59,50.79
21440,58.31,45.62,50.45
21450,58.05,45.51,50.12
21460,57.79,45.22,49.78
21470,57.52,45.30,49.44
21480,57.26,45.09,49.10
21490,57.00,45.01,48.76
21500,56.73,45.11,48.43
21510,56.47,44.75,48.09
21520,56.20,44.80,47.75
21530,55.93,44.76,47.41
21540,55.67,44.47,47.08
21550,55.40,44.56,46.74
21560,55.13,44.56,46.40
21570,54.86,44.30,46.07
21580,54.59,44.43,45.73
21590,54.32,44.16,45.39
21600,54.05,44.09,45.06
21610,53.78,43.95,44.72
21620,53.51,43.97,44.39
21630,53.24,43.75,44.05
21640,52.97,43.74,43.72
21650,52.69,43.75,43.38
21660,52.42,43.50,43.05
21670,52.15,43.53,42.72
21680,51.87,43.39,42.38
21690,51.60,43.23,42.05
21700,51.32,43.34,41.72
21710,51.05,43.10,41.39
21720,50.77,43.19,41.06
21730,50.49,42.93,40.73
21740,50.22,42.81,40.39
21750,49.93,42.99,40.07
21760,49.65,42.76,39.74
21770,49.37,42.65,39.41
21780,49.08,42.71,39.08
21790,48.80,42.60,38.75
21800,48.52,42.35,38.42
21810,48.24,42.21,38.10
21820,47.95,42.43,37.77
21830,47.66,42.35,37.45
21840,47.37,42.18,37.12
21850,47.09,41.98,36.80
21860,46.80,42.00,36.48
21870,46.51,41.95,36.15
21880,46.21,42.06,35.83
21890,45.92,41.87,35.51
21900,45.63,41.66,35.19
21910,45.35,41.50,34.87
21920,45.05,41.60,34.55
21930,44.75,41.63,34.24
21940,44.45,41.65,33.92
21950,44.16,41.30,33.60
21960,43.87,41.23,33.29
21970,43.59,40.94,32.97
21980,43.29,41.07,32.66
21990,43.00,41.09,32.35
22000,42.70,41.09,32.04
22010,42.39,41.04,31.72
22020,42.10,40.74,31.41
22030,41.81,40.63,31.11
22040,41.53,40.41,30.80
22050,41.25,40.22,30.49
22060,40.97,40.29,30.19
22070,40.67,40.45,29.88
22080,40.37,40.48,29.58
22090,40.07,40.27,29.27
22100,39.77,40.21,28.97
22110,39.49,39.88,28.67
22120,39.20,39.84,28.37
22130,38.94,39.36,28.07
22140,38.66,39.40,27.78
22150,38.39,39.29,27.48
22160,38.12,39.08,27.19
22170,37.85,39.18,26.89
22180,37.58,38.95,26.60
22190,37.31,38.88,26.31
22200,37.04,38.93,26.02
22210,36.77,38.80,25.73
22220,36.49,38.70,25.44
22230,36.22,38.59,25.16
22240,35.95,38.56,24.87
22250,35.68,38.50,24.59
22260,35.41,38.21,24.31
22270,35.14,38.19,24.03
22280,34.89,37.87,23.75
22290,34.63,37.85,23.47
22300,34.39,37.45,23.19
22310,34.14,37.38,22.92
22320,33.90,37.17,22.64
22330,33.67,36.99,22.37
22340,33.43,37.10,22.10
22350,33.17,37.20,21.83
22360,32.91,37.39,21.57
22370,32.62,37.70,21.30
22380,32.32,37.86,21.04
22390,32.03,37.71,20.77
22400,31.76,37.23,20.51
22410,31.52,36.60,20.25
22420,31.30,36.03,19.99
22430,31.07,35.94,19.74
22440,30.84,36.17,19.48
22450,30.57,36.64,19.23
22460,30.29,36.92,18.98
22470,30.03,36.58,18.73
22480,29.78,36.07,18.48
22490,29.56,35.51,18.23
22500,29.34,35.50,17.99
22510,29.09,35.88,17.75
22520,28.83,36.01,17.51
22530,28.59,35.63,17.27
22540,28.36,35.21,17.03
22550,28.13,35.32,16.79
22560,27.88,35.41,16.56
22570,27.64,35.29,16.33
22580,27.42,34.99,16.10
22590,27.19,34.80,15.87
22600,26.95,35.20,15.65
22610,26.70,35.04,15.42
22620,26.49,34.45,15.20
22630,26.26,34.62,14.98
22640,26.02,34.71,14.76
22650,25.80,34.41,14.54
22660,25.59,34.11,14.33
22670,25.36,34.38,14.12
22680,25.13,34.28,13.91
22690,24.91,33.97,13.70
22700,24.69,33.95,13.49
22710,24.47,34.07,13.29
22720,24.25,33.76,13.09
22730,24.03,33.71,12.89
22740,23.81,33.75,12.69
22750,23.61,33.42,12.50
22760,23.38,33.61,12.30
22770,23.18,33.30,12.11
22780,22.97,33.22,11.92
22790,22.76,33.25,11.74
22800,22.55,33.01,11.55
22810,22.35,33.06,11.37
22820,22.15,32.83,11.19
22830,21.95,32.63,11.01
22840,21.75,32.85,10.84
22850,21.56,32.40,10.67
22860,21.36,32.56,10.49
22870,21.17,32.34,10.33
22880,20.98,32.31,10.16
22890,20.79,32.21,10.00
22900,20.62,31.84,9.84
22910,20.43,32.14,9.68
22920,20.25,31.66,9.52
22930,20.06,32.00,9.37
22940,19.88,31.89,9.22
22950,19.70,31.64,9.07
22960,19.52,31.69,8.92
22970,19.34,31.48,8.78
22980,19.17,31.45,8.63
22990,19.00,31.30,8.49
23000,18.83,31.24,8.36
23010,18.66,31.17,8.22
23020,18.49,31.10,8.09
23030,18.32,30.99,7.96
23040,18.16,30.89,7.84
23050,18.00,30.76,7.71
23060,17.84,30.71,7.59
23070,17.68,30.73,7.47
23080,17.53,30.43,7.36
23090,17.38,30.53,7.24
23100,17.23,30.31,7.13
23110,17.08,30.29,7.03
23120,16.93,30.34,6.92
23130,16.78,30.29,6.82
23140,16.63,30.06,6.72
23150,16.50,29.90,6.62
23160,16.36,29.82,6.53
23170,16.23,29.79,6.43
23180,16.09,29.71,6.34
23190,15.96,29.59,6.26
23200,15.83,29.61,6.17
23210,15.70,29.57,6.09
23220,15.57,29.48,6.02
23230,15.44,29.46,5.94
23240,15.32,29.25,5.87
23250,15.19,29.35,5.80
23260,15.06,29.33,5.73
23270,14.95,29.13,5.67
23280,14.82,29.20,5.61
23290,14.70,29.15,5.55
23300,14.59,28.85,5.49
23310,14.48,28.84,5.44
23320,14.36,29.07,5.39
23330,14.25,28.65,5.35
23340,14.15,28.72,5.30
23350,14.04,28.65,5.26
23360,13.93,28.71,5.22
23370,13.83,28.55,5.19
23380,13.72,28.70,5.16
23390,13.63,28.33,5.13
23400,13.51,28.78,5.10
23410,13.42,28.26,5.08
23420,13.33,28.36,5.06
23430,13.22,28.64,5.04
23440,13.12,28.38,5.03
23450,13.03,28.20,5.02
23460,12.94,28.26,5.01
23470,12.85,28.35,5.00
23480,12.75,28.38,5.00
23490,12.66,28.21,5.00
23500,12.59,27.90,5.01
23510,12.52,27.77,5.01
23520,12.44,27.96,5.02
23530,12.36,27.97,5.04
23540,12.27,28.28,5.05
23550,12.20,27.93,5.07
23560,12.13,27.78,5.09
23570,12.05,28.03,5.12
23580,11.97,28.12,5.15
23590,11.89,28.06,5.18
23600,11.82,27.99,5.21
23610,11.75,28.01,5.25
23620,11.68,27.86,5.29
23630,11.62,27.78,5.34
23640,11.57,27.66,5.38
23650,11.51,27.83,5.43
23660,11.46,27.49,5.49
23670,11.41,27.65,5.54
23680,11.37,27.54,5.60
23690,11.34,27.23,5.67
23700,11.29,27.83,5.73
23710,11.24,27.75,5.80
23720,11.19,27.79,5.88
23730,11.13,27.95,5.95
23740,11.10,27.53,6.03
23750,11.08,27.29,6.11
23760,11.06,27.34,6.20
23770,11.02,27.71,6.28
23780,10.98,27.75,6.38
23790,10.94,27.87,6.47
23800,10.93,27.37,6.57
23810,10.91,27.52,6.67
23820,10.88,27.86,6.77
23830,10.84,27.97,6.88
23840,10.83,27.42,6.99
23850,10.82,27.46,7.10
23860,10.81,27.75,7.22
23870,10.78,28.03,7.34
23880,10.77,27.67,7.46
23890,10.77,27.54,7.59
23900,10.75,28.01,7.72
23910,10.73,27.96,7.85
23920,10.74,27.57,7.99
23930,10.75,27.64,8.13
23940,10.74,28.05,8.27
23950,10.73,28.16,8.41
23960,10.73,27.91,8.56
23970,10.75,27.76,8.72
23980,10.75,28.19,8.87
23990,10.74,28.33,9.03
24000,10.76,27.92,9.19
24010,10.78,28.04,9.35
24020,10.79,28.23,9.52
24030,10.79,28.44,9.69
24040,10.82,28.06,9.87
24050,10.85,28.09,10.04
24060,10.86,28.59,10.22
24070,10.87,28.83,10.41
24080,10.89,28.49,10.59
24090,10.92,28.50,10.78
24100,10.94,28.87,10.97
24110,10.95,28.95,11.17
24120,10.99,28.68,11.37
24130,11.03,28.73,11.57
24140,11.07,28.70,11.78
24150,11.12,28.70,11.98
24160,11.16,28.85,12.19
24170,11.19,29.37,12.41
24180,11.23,29.28,12.63
24190,11.26,29.48,12.85
24200,11.30,29.51,13.07
24210,11.33,29.72,13.30
24220,11.37,29.59,13.53
24230,11.40,30.02,13.76
24240,11.44,29.94,14.00
24250,11.49,29.96,14.23
24260,11.55,29.80,14.48
24270,11.61,29.92,14.72
24280,11.66,30.39,14.97
24290,11.69,30.80,15.22
24300,11.73,30.65,15.47
24310,11.80,30.46,15.73
24320,11.84,30.86,15.99
24330,11.89,31.18,16.25
24340,11.94,31.02,16.52
24350,11.99,31.34,16.79
24360,12.04,31.48,17.06
24370,12.10,31.56,17.33
24380,12.15,31.83,17.61
24390,12.20,31.88,17.89
24400,12.26,31.87,18.17
24410,12.31,32.32,18.46
24420,12.37,32.45,18.75
24430,12.43,32.35,19.04
24440,12.50,32.48,19.33
24450,12.57,32.74,19.63
24460,12.63,32.94,19.93
24470,12.70,33.04,20.23
24480,12.76,33.24,20.54
24490,12.83,33.42,20.84
24500,12.91,33.48,21.16
24510,12.99,33.54,21.47
24520,13.06,33.87,21.79
24530,13.15,33.80,22.10
24540,13.23,34.14,22.43
24550,13.32,34.23,22.75
24560,13.42,34.15,23.08
24570,13.51,34.53,23.41
24580,13.61,34.47,23.74
24590,13.70,34.90,24.07
24600,13.81,34.74,24.41
24610,13.92,35.11,24.75
24620,14.03,35.14,25.09
24630,14.14,35.34,25.44
24640,14.25,35.52,25.79
24650,14.37,35.63,26.14
24660,14.50,35.66,26.49
24670,14.62,36.03,26.84
24680,14.75,35.97,27.20
24690,14.88,36.42,27.56
24700,15.02,36.23,27.92
24710,15.15,36.59,28.29
24720,15.31,36.42,28.66
24730,15.46,36.76,29.03
24740,15.60,37.03,29.40
24750,15.77,36.76,29.77
24760,15.92,37.45,30.15
24770,16.09,37.13,30.53
24780,16.26,37.50,30.91
24790,16.43,37.63,31.29
24800,16.61,37.59,31.67
24810,16.79,37.84,32.06
24820,16.97,38.16,32.45
24830,17.16,38.02,32.84
24840,17.37,38.04,33.24
24850,17.57,38.29,33.63
24860,17.76,38.78,34.03
24870,17.98,38.33,34.43
24880,18.21,38.45,34.83
24890,18.42,39.08,35.24
24900,18.63,39.18,35.64
24910,18.87,38.87,36.05
24920,19.12,38.86,36.46
24930,19.37,39.21,36.87
24940,19.59,39.86,37.29
24950,19.82,39.85,37.70
24960,20.08,39.54,38.12
24970,20.36,39.46,38.54
24980,20.63,39.77,38.96
24990,20.88,40.30,39.38
25000,21.13,40.63,39.81
25010,21.38,40.71,40.23
25020,21.67,40.42,40.66
25030,21.97,40.09,41.09
25040,22.30,39.97,41.52
25050,22.62,40.19,41.95
25060,22.91,40.89,42.39
25070,23.20,41.29,42.82
25080,23.48,41.71,43.26
25090,23.75,42.05,43.70
25100,24.03,42.16,44.14
25110,24.33,41.86,44.58
25120,24.65,41.83,45.02
25130,25.00,41.36,45.46
25140,25.35,41.39,45.91
25150,25.72,41.39,46.36
25160,26.10,41.29,46.80
25170,26.47,41.74,47.25
25180,26.81,42.42,47.70
25190,27.16,42.50,48.16
25200,27.51,42.63,48.61
25210,27.87,42.66,49.06
25220,28.21,43.20,49.52
25230,28.58,42.81,49.97
25240,28.95,43.11,50.43
25250,29.32,43.32,50.89
25260,29.69,43.35,51.35
25270,30.08,43.34,51.81
25280,30.46,43.49,52.27
25290,30.86,43.51,52.73
25300,31.27,43.30,53.19
25310,31.68,43.49,53.66
25320,32.10,43.67,54.12
25330,32.50,44.05,54.59
25340,32.89,44.47,55.05
25350,33.29,44.51,55.52
25360,33.70,44.49,55.98
25370,34.12,44.43,56.45
25380,34.54,44.58,56.92
25390,34.95,44.90,57.39
25400,35.36,45.19,57.86
25410,35.77,45.36,58.33
25420,36.20,45.33,58.80
25430,36.63,45.24,59.27
25440,37.06,45.44,59.74
25450,37.49,45.78,60.21
25460,37.92,45.82,60.68
25470,38.36,45.86,61.15
25480,38.77,46.41,61.63
25490,39.21,46.16,62.10
25500,39.65,46.51,62.57
25510,40.08,46.52,63.04
25520,40.52,46.81,63.52
25530,40.95,47.13,63.99
25540,41.38,47.23,64.46
25550,41.82,47.17,64.93
25560,42.25,47.60,65.41
25570,42.69,47.54,65.88
25580,43.13,47.67,66.35
25590,43.57,48.05,66.82
25600,44.01,48.01,67.29
25610,44.45,48.26,67.77
25620,44.89,48.38,68.24
25630,45.34,48.41,68.71
25640,45.78,48.80,69.18
25650,46.23,48.81,69.65
25660,46.67,49.03,70.12
25670,47.11,49.33,70.59
25680,47.56,49.20,71.06
25690,48.00,49.63,71.53
25700,48.45,49.70,72.00
25710,48.89,49.94,72.46
25720,49.34,49.87,72.93
25730,49.78,50.26,73.40
25740,50.24,50.14,73.86
25750,50.69,50.39,74.33
25760,51.15,50.42,74.79
25770,51.60,50.81,75.25
25780,52.06,50.69,75.72
25790,52.51,51.01,76.18
25800,52.97,51.02,76.64
25810,53.43,51.30,77.10
25820,53.89,51.30,77.56
25830,54.35,51.47,78.01
25840,54.80,51.83,78.47
25850,55.27,51.62,78.92
25860,55.73,52.07,79.38
25870,56.20,51.95,79.83
25880,56.67,52.07,80.28
25890,57.13,52.34,80.73
25900,57.60,52.33,81.18
25910,58.07,52.42,81.63
25920,58.54,52.80,82.08
25930,59.02,52.50,82.52
25940,59.49,52.92,82.96
25950,59.96,53.08,83.41
25960,60.44,52.90,83.85
25970,60.92,53.18,84.28
25980,61.39,53.43,84.72
25990,61.87,53.38,85.16
26000,62.36,53.45,85.59
26010,62.83,53.80,86.02
26020,63.30,53.91,86.45
26030,63.79,53.71,86.88
26040,64.28,53.90,87.31
26050,64.75,54.24,87.73
26060,65.23,54.31,88.15
26070,65.71,54.33,88.57
26080,66.19,54.39,88.99
26090,66.67,54.64,89.41
26100,67.15,54.84,89.82
26110,67.63,54.76,90.24
26120,68.12,54.69,90.65
26130,68.61,54.82,91.05
26140,69.09,55.07,91.46
26150,69.57,55.32,91.86
26160,70.05,55.29,92.27
26170,70.55,55.20,92.66
26180,71.04,55.29,93.06
26190,71.53,55.26,93.45
26200,72.03,55.43,93.85
26210,72.52,55.60,94.24
26220,73.00,55.77,94.62
26230,73.49,55.82,95.01
26240,73.99,55.72,95.39
26250,74.48,55.79,95.77
26260,74.99,55.62,96.14
26270,75.50,55.72,96.52
26280,75.99,56.03,96.89
26290,76.48,56.11,97.25
26300,76.97,56.23,97.62
26310,77.46,56.32,97.98
26320,77.96,56.24,98.34
26330,78.45,56.30,98.70
26340,78.95,56.39,99.05
26350,79.45,56.30,99.40
26360,79.95,56.31,99.75
26370,80.47,55.93,100.09
26380,80.99,55.98,100.43
26390,81.51,56.05,100.77
26400,82.03,56.08,101.11
26410,82.54,56.16,101.44
26420,83.06,56.27,101.77
26430,83.56,56.36,102.09
26440,84.07,56.42,102.41
26450,84.57,56.42,102.73
26460,85.08,56.51,103.05
26470,85.58,56.52,103.36
26480,86.08,56.46,103.67
26490,86.59,56.46,103.97
26500,87.10,56.32,104.27
26510,87.61,56.34,104.57
26520,88.12,56.26,104.87
26530,88.64,56.26,105.16
26540,89.15,56.10,105.44
26550,89.67,56.16,105.73
26560,90.18,56.17,106.01
26570,90.70,56.08,106.28
26580,91.21,56.18,106.55
26590,91.71,56.24,106.82
26600,92.21,56.24,107.09
26610,92.71,56.40,107.35
26620,93.20,56.39,107.60
26630,93.68,56.58,107.86
26640,94.16,56.60,108.11
26650,94.63,56.59,108.35
26660,95.10,56.57,108.59
26670,95.58,56.45,108.83
26680,96.06,56.47,109.06
26690,96.53,56.44,109.29
26700,97.00,56.32,109.51
26710,97.48,56.21,109.73
26720,97.96,56.14,109.95
26730,98.44,56.04,110.16
26740,98.91,56.02,110.37
26750,99.39,55.95,110.57
26760,99.86,55.93,110.77
26770,100.32,56.00,110.97
26780,100.79,55.83,111.16
26790,101.25,55.98,111.35
26800,101.70,56.05,111.53
26810,102.14,56.03,111.71
26820,102.14,65.15,111.88
26830,102.58,56.31,112.05
26840,103.02,56.07,112.21
26850,103.45,56.11,112.37
26860,103.88,56.08,112.53
26870,104.32,55.86,112.68
26880,104.77,55.40,112.82
26890,105.23,55.19,112.97
26900,105.69,55.03,113.10
26910,106.15,54.92,113.24
26920,106.60,54.79,113.36
26930,107.05,54.78,113.49
26940,107.50,54.66,113.60
26950,107.94,54.71,113.72
26960,108.37,54.66,113.83
26970,108.81,54.51,113.93
26980,109.23,54.60,114.03
26990,109.64,54.56,114.13
27000,110.06,54.37,114.22
27010,110.48,54.16,114.30
27020,110.91,53.81,114.38
27030,111.34,53.56,114.46
27040,111.76,53.44,114.53
27050,112.18,53.56,114.59
27060,112.58,53.62,114.65
27070,112.96,53.73,114.71
27080,113.34,53.63,114.76
27090,113.73,53.41,114.81
27100,114.12,53.14,114.85
27110,114.51,52.89,114.89
27120,114.88,52.96,114.92
27130,115.24,53.11,114.94
27140,115.59,53.16,114.96
27150,115.94,52.83,114.98
27160,116.30,52.47,114.99
27170,116.66,52.31,115.00
27180,117.00,52.48,115.00
27190,117.32,52.65,115.00
27200,117.64,52.39,114.99
27210,117.98,51.97,114.97
27220,118.30,51.95,114.95
27230,118.60,52.16,114.93
27240,118.90,52.14,114.90
27250,119.19,51.78,114.87
27260,119.49,51.62,114.83
27270,119.76,51.87,114.78
27280,120.03,51.79,114.73
27290,120.31,51.34,114.68
27300,120.58,51.22,114.62
27310,120.82,51.61,114.56
27320,121.06,51.45,114.49
27330,121.31,50.89,114.41
27340,121.55,51.02,114.33
27350,121.76,51.31,114.24
27360,121.98,50.88,114.15
27370,122.20,50.67,114.06
27380,122.39,51.06,113.96
27390,122.59,50.62,113.85
27400,122.78,50.60,113.74
27410,122.93,51.03,113.63
27420,123.10,50.69,113.50
27430,123.27,50.28,113.38
27440,123.40,50.75,113.25
27450,123.53,50.69,113.11
27460,123.67,50.24,112.97
27470,123.80,50.25,112.82
27480,123.90,50.50,112.67
27490,124.02,49.98,112.51
27500,124.12,50.00,112.35
27510,124.21,50.10,112.18
27520,124.27,50.39,112.01
27530,124.35,49.84,111.83
27540,124.40,50.15,111.65
27550,124.45,50.09,111.46
27560,124.50,49.75,111.27
27570,124.52,50.21,111.07
27580,124.54,49.80,110.87
27590,124.55,49.89,110.66
27600,124.54,50.05,110.45
27610,124.55,49.54,110.24
27620,124.53,49.95,110.01
27630,124.51,49.55,109.79
27640,124.48,49.54,109.55
27650,124.44,49.67,109.32
27660,124.41,49.16,109.07
27670,124.35,49.51,108.83
27680,124.31,48.96,108.57
27690,124.26,49.02,108.32
27700,124.20,48.85,108.06
27710,124.14,48.59,107.79
27720,124.07,48.67,107.52
27730,124.01,48.23,107.24
27740,123.92,48.56,106.96
27750,123.86,47.86,106.68
27760,123.77,48.10,106.38
27770,123.69,47.60,106.09
27780,123.60,47.61,105.79
27790,123.51,47.34,105.48
27800,123.42,47.30,105.18
27810,123.31,47.16,104.86
27820,123.21,46.83,104.54
27830,123.10,46.76,104.22
27840,123.00,46.44,103.89
27850,122.88,46.54,103.56
27860,122.76,46.19,103.22
27870,122.63,46.10,102.88
27880,122.50,45.96,102.54
27890,122.37,45.79,102.19
27900,122.21,45.89,101.83
27910,122.07,45.38,101.47
27920,121.90,45.74,101.11
27930,121.74,45.18,100.74
27940,121.56,45.51,100.37
27950,121.38,44.98,99.99
27960,121.19,45.09,99.61
27970,121.00,44.99,99.23
27980,120.80,44.61,98.84
27990,120.58,44.99,98.45
28000,120.37,44.48,98.05
28010,120.14,44.56,97.65
28020,119.90,44.68,97.25
28030,119.67,44.08,96.84
28040,119.41,44.47,96.42
28050,119.14,44.36,96.01
28060,118.88,44.09,95.59
28070,118.59,44.32,95.16
28080,118.30,44.26,94.73
28090,118.01,43.89,94.30
28100,117.69,44.26,93.86
28110,117.36,44.12,93.42
28120,117.03,43.95,92.98
28130,116.69,44.18,92.53
28140,116.32,44.38,92.08
28150,115.96,43.92,91.63
28160,115.58,44.18,91.17
28170,115.18,44.39,90.71
28180,114.77,44.17,90.24
28190,114.37,44.12,89.78
28200,113.93,44.48,89.31
28210,113.49,44.45,88.83
28220,113.05,44.16,88.35
28230,112.59,44.45,87.87
28240,112.11,44.71,87.39
28250,111.62,44.63,86.90
28260,111.14,44.49,86.41
28270,110.62,44.99,85.92
28280,110.08,45.19,85.42
28290,109.55,44.86,84.92
28300,109.00,45.14,84.42
28310,108.43,45.51,83.91
28320,107.85,45.43,83.40
28330,107.27,45.48,82.89
28340,106.66,45.84,82.38
28350,106.03,46.18,81.86
28360,105.41,45.98,81.35
28370,104.77,46.22,80.82
28380,104.10,46.60,80.30
28390,103.43,46.65,79.78
28400,102.76,46.66,79.25
28410,102.06,47.15,78.72
28420,101.35,47.25,78.18
28430,100.64,47.21,77.65
28440,99.90,47.73,77.11
28450,99.16,47.90,76.57
28460,98.41,47.86,76.03
28470,97.63,48.42,75.49
28480,96.86,48.38,74.94
28490,96.07,48.59,74.39
28500,95.26,49.11,73.84
28510,94.46,48.95,73.29
28520,93.64,49.42,72.74
28530,92.80,49.74,72.18
28540,91.96,49.72,71.63
28550,91.10,50.22,71.07
28560,90.25,50.06,70.51
28570,89.38,50.57,69.95
28580,88.51,50.48,69.39
28590,87.64,50.63,68.83
28600,86.76,50.88,68.26
28610,85.87,50.96,67.70
28620,84.98,51.35,67.13
28630,84.09,51.22,66.56
28640,83.18,51.64,65.99
28650,82.26,52.14,65.42
28660,81.34,52.11,64.85
28670,80.42,52.23,64.28
28680,79.49,52.53,63.71
28690,78.58,52.25,63.13
28700,77.65,52.69,62.56
28710,76.73,52.52,61.98
28720,75.82,52.49,61.41
28730,74.91,52.73,60.83
28740,73.99,52.90,60.26
28750,73.09,52.57,59.68
28760,72.19,52.66,59.10
28770,71.29,52.90,58.53
28780,70.40,52.73,57.95
28790,69.52,52.66,57.37
28800,68.64,52.68,56.80
28810,67.76,52.81,56.22
28820,66.89,52.69,55.64
28830,66.03,52.44,55.07
28840,65.19,52.45,54.49
28850,64.34,52.48,53.91
28860,63.50,52.46,53.34
28870,62.68,52.17,52.76
28880,61.87,51.94,52.19
28890,61.06,51.99,51.61
28900,60.26,51.87,51.04
28910,59.49,51.44,50.46
28920,58.72,51.37,49.89
28930,57.95,51.51,49.32
28940,57.20,51.20,48.75
28950,56.47,50.86,48.18
28960,55.73,50.85,47.61
28970,55.01,50.74,47.04
28980,54.31,50.22,46.48
28990,53.62,50.18,45.91
29000,52.93,50.11,45.35
29010,52.26,49.81,44.79
29020,51.60,49.42,44.22
29030,50.94,49.50,43.66
29040,50.31,49.00,43.11
29050,49.70,48.64,42.55
29060,49.08,48.76,41.99
29070,48.48,48.15,41.44
29080,47.90,48.02,40.89
29090,47.32,47.84,40.34
29100,46.75,47.44,39.79
29110,46.21,47.08,39.25
29120,45.67,46.84,38.70
29130,45.16,46.30,38.16
29140,44.64,46.29,37.62
29150,44.15,45.78,37.09
29160,43.66,45.61,36.55
29170,43.20,45.05,36.02
29180,42.74,44.88,35.49
29190,42.29,44.40,34.96
29200,41.86,44.23,34.44
29210,41.44,43.64,33.92
29220,41.03,43.52,33.40
29230,40.64,42.97,32.88
29240,40.25,42.79,32.37
29250,39.88,42.27,31.86
29260,39.51,42.00,31.35
29270,39.15,41.82,30.85
29280,38.82,41.11,30.34
29290,38.48,41.04,29.85
29300,38.15,40.72,29.35
29310,37.83,40.31,28.86
29320,37.53,39.80,28.37
29330,37.23,39.76,27.89
29340,36.92,39.55,27.41
29350,36.62,39.30,26.93
29360,36.34,38.86,26.45
29370,36.06,38.51,25.98
29380,35.79,38.14,25.52
29390,35.53,37.82,25.05
29400,35.27,37.64,24.60
29410,35.01,37.41,24.14
29420,34.75,37.29,23.69
29430,34.48,37.11,23.24
29440,34.23,36.83,22.80
29450,33.97,36.57,22.36
29460,33.73,36.03,21.93
29470,33.50,35.83,21.50
29480,33.27,35.45,21.07
29490,33.04,35.31,20.65
29500,32.81,35.16,20.23
29510,32.56,35.34,19.82
29520,32.29,35.56,19.41
29530,32.02,35.47,19.01
29540,31.76,34.95,18.61
29550,31.53,34.41,18.22
29560,31.27,34.61,17.83
29570,30.99,34.97,17.44
29580,30.73,34.36,17.06
29590,30.48,34.07,16.69
29600,30.22,34.09,16.32
29610,29.94,34.25,15.96
29620,29.69,33.63,15.60
29630,29.42,33.84,15.24
29640,29.15,33.76,14.89
29650,28.88,33.58,14.55
29660,28.61,33.41,14.21
29670,28.32,33.65,13.88
29680,28.05,33.22,13.55
29690,27.76,33.35,13.23
29700,27.48,33.26,12.91
29710,27.20,32.96,12.60
29720,26.90,33.30,12.30
29730,26.62,32.86,12.00
29740,26.34,32.77,11.70
29750,26.05,32.85,11.42
29760,25.74,32.99,11.13
29770,25.46,32.60,10.86
29780,25.15,32.87,10.59
29790,24.86,32.45,10.32
29800,24.57,32.48,10.06
29810,24.28,32.30,9.81
29820,23.99,32.27,9.56
29830,23.69,32.41,9.32
29840,23.40,32.10,9.09
29850,23.10,32.31,8.86
29860,22.81,32.03,8.64
29870,22.51,32.19,8.42
29880,22.23,31.76,8.21
29890,21.93,31.96,8.01
29900,21.65,31.72,7.81
29910,21.35,31.95,7.62
29920,21.06,31.78,7.44
29930,20.77,31.76,7.26
29940,20.49,31.66,7.09
29950,20.20,31.76,6.93
29960,19.92,31.54,6.77
29970,19.63,31.67,6.62
29980,19.35,31.39,6.47
29990,19.07,31.52,6.33
30000,18.79,31.44,6.20
30010,18.52,31.39,6.08
30020,18.24,31.41,5.96
30030,17.97,31.34,5.85
30040,17.70,31.45,5.74
30050,17.43,31.28,5.65
30060,17.16,31.30,5.56
30070,16.90,31.30,5.47
30080,16.64,31.20,5.39
30090,16.38,31.18,5.32
30100,16.13,31.19,5.26
30110,15.88,31.22,5.20
30120,15.63,31.04,5.15
30130,15.39,31.20,5.11
30140,15.15,30.95,5.07
30150,14.92,31.06,5.05
30160,14.69,30.95,5.02
30170,14.46,30.99,5.01
30180,14.26,30.62,5.00
30190,14.04,30.91,5.00
30200,13.83,30.73,5.01
30210,13.64,30.64,5.02
30220,13.43,30.82,5.04
30230,13.24,30.65,5.07
30240,13.05,30.76,5.10
30250,12.87,30.68,5.14
30260,12.69,30.52,5.19
30270,12.52,30.67,5.25
30280,12.35,30.55,5.31
30290,12.19,30.71,5.38
30300,12.03,30.51,5.46
30310,11.88,30.61,5.54
30320,11.73,30.61,5.63
30330,11.59,30.43,5.73
30340,11.45,30.60,5.84
30350,11.32,30.57,5.95
30360,11.19,30.55,6.07
30370,11.08,30.51,6.20
30380,10.97,30.39,6.33
30390,10.86,30.61,6.47
30400,10.76,30.49,6.62
30410,10.66,30.50,6.78
30420,10.57,30.51,6.94
30430,10.49,30.38,7.11
30440,10.42,30.47,7.28
30450,10.35,30.56,7.47
30460,10.28,30.46,7.66
30470,10.22,30.59,7.85
30480,10.16,30.66,8.06
30490,10.11,30.65,8.27
30500,10.06,30.74,8.49
30510,10.03,30.65,8.71
30520,9.99,30.75,8.94
30530,9.97,30.71,9.18
30540,9.96,30.58,9.43
30550,9.94,30.89,9.68
30560,9.93,30.76,9.94
30570,9.93,30.87,10.21
30580,9.93,30.96,10.48
30590,9.94,30.94,10.76
30600,9.96,30.93,11.04
30610,9.98,31.02,11.34
30620,10.01,31.02,11.64
30630,10.04,31.20,11.94
30640,10.08,31.24,12.26
30650,10.12,31.31,12.58
30660,10.17,31.41,12.90
30670,10.22,31.47,13.23
30680,10.28,31.45,13.57
30690,10.34,31.72,13.92
30700,10.41,31.61,14.27
30710,10.48,31.87,14.63
30720,10.56,31.80,14.99
30730,10.65,31.93,15.36
30740,10.73,32.26,15.74
30750,10.83,32.04,16.12
30760,10.93,32.28,16.51
30770,11.03,32.45,16.91
30780,11.13,32.59,17.31
30790,11.24,32.77,17.72
30800,11.36,32.69,18.13
30810,11.47,33.07,18.55
30820,11.59,33.11,18.97
30830,11.73,33.15,19.40
30840,11.86,33.36,19.84
30850,11.99,33.49,20.28
30860,12.14,33.61,20.73
30870,12.28,33.82,21.18
30880,12.44,33.78,21.64
30890,12.58,34.33,22.11
30900,12.74,34.23,22.58
30910,12.90,34.62,23.05
30920,13.07,34.46,23.53
30930,13.24,34.85,24.02
30940,13.41,34.93,24.51
30950,13.59,35.26,25.01
30960,13.77,35.31,25.51
30970,13.94,35.71,26.01
30980,14.14,35.51,26.53
30990,14.33,36.07,27.04
31000,14.53,36.12,27.56
31010,14.72,36.45,28.09
31020,14.92,36.61,28.62
31030,15.14,36.57,29.15
31040,15.34,37.05,29.69
31050,15.56,37.06,30.24
31060,15.77,37.54,30.79
31070,15.99,37.75,31.34
31080,16.22,37.69,31.90
31090,16.44,38.27,32.46
31100,16.67,38.31,33.02
31110,16.91,38.54,33.59
31120,17.16,38.48,34.17
31130,17.40,39.10,34.74
31140,17.63,39.42,35.33
31150,17.91,38.90,35.91
31160,18.18,39.39,36.50
31170,18.44,39.92,37.09
31180,18.71,40.06,37.69
31190,18.99,39.99,38.29
31200,19.29,40.02,38.89
31210,19.58,40.63,39.50
31220,19.85,41.23,40.11
31230,20.12,41.56,40.72
31240,20.41,41.62,41.33
31250,20.73,41.31,41.95
31260,21.07,41.08,42.57
31270,21.42,41.24,43.20
31280,21.79,41.21,43.82
31290,22.15,41.47,44.45
31300,22.52,41.78,45.08
31310,22.87,42.44,45.72
31320,23.23,42.69,46.36
31330,23.57,43.27,46.99
31340,23.92,43.52,47.64
31350,24.27,43.70,48.28
31360,24.63,43.88,48.92
31370,25.00,43.91,49.57
31380,25.40,43.83,50.22
31390,25.80,44.03,50.87
31400,26.21,44.16,51.52
31410,26.63,44.23,52.18
31420,27.05,44.55,52.83
31430,27.46,45.02,53.49
31440,27.87,45.30,54.15
31450,28.30,45.33,54.81
31460,28.75,45.25,55.47
31470,29.20,45.41,56.13
31480,29.65,45.75,56.79
31490,30.10,46.16,57.45
31500,30.56,46.09,58.11
31510,31.04,46.16,58.78
31520,31.52,46.37,59.44
31530,32.00,46.74,60.11
31540,32.49,46.73,60.77
31550,32.99,46.79,61.44
31560,33.50,46.96,62.10
31570,34.00,47.39,62.77
31580,34.52,47.33,63.43
31590,35.04,47.52,64.10
31600,35.56,47.83,64.77
31610,36.09,47.81,65.43
31620,36.64,47.94,66.09
31630,37.17,48.39,66.76
31640,37.73,48.12,67.42
31650,38.28,48.46,68.08
31660,38.84,48.64,68.74
31670,39.41,48.68,69.40
31680,39.97,49.08,70.06
31690,40.56,48.91,70.72
31700,41.13,49.32,71.38
31710,41.72,49.29,72.03
31720,42.30,49.63,72.69
31730,42.90,49.69,73.34
31740,43.50,49.74,73.99
31750,44.10,49.86,74.64
31760,44.71,50.02,75.28
31770,45.33,50.04,75.93
31780,45.95,50.35,76.57
31790,46.58,50.31,77.21
31800,47.21,50.44,77.85
31810,47.85,50.50,78.49
31820,48.48,50.76,79.12
31830,49.13,50.70,79.75
31840,49.78,50.81,80.38
31850,50.43,51.05,81.01
31860,51.09,51.20,81.63
31870,51.74,51.31,82.25
31880,52.40,51.52,82.86
31890,53.06,51.42,83.48
31900,53.74,51.38,84.09
31910,54.41,51.74,84.69
31920,55.09,51.64,85.30
31930,55.77,51.75,85.90
31940,56.45,52.08,86.49
31950,57.14,51.91,87.09
31960,57.82,52.22,87.67
31970,58.50,52.43,88.26
31980,59.19,52.25,88.84
31990,59.87,52.65,89.42
32000,60.56,52.71,89.99
32010,61.24,52.76,90.56
32020,61.93,52.93,91.12
32030,62.61,53.11,91.68
32040,63.30,53.18,92.23
32050,63.99,53.13,92.78
32060,64.68,53.40,93.33
32070,65.35,53.74,93.87
32080,66.03,53.79,94.40
32090,66.71,53.65,94.93
32100,67.40,53.86,95.46
32110,68.08,54.03,95.98
32120,68.75,54.27,96.49
32130,69.43,54.18,97.00
32140,70.11,54.31,97.50
32150,70.78,54.50,98.00
32160,71.44,54.83,98.49
32170,72.10,54.87,98.98
32180,72.77,54.75,99.46
32190,73.44,54.84,99.94
32200,74.11,54.86,100.40
32210,74.77,55.14,100.87
32220,75.43,55.26,101.32
32230,76.09,55.38,101.77
32240,76.74,55.37,102.22
32250,77.41,55.19,102.66
32260,78.07,55.31,103.09
32270,78.73,55.43,103.51
32280,79.39,55.43,103.93
32290,80.05,55.59,104.34
32300,80.69,55.83,104.74
32310,81.33,55.89,105.14
32320,81.97,55.86,105.53
32330,82.61,55.89,105.92
32340,83.26,55.79,106.29
32350,83.91,55.71,106.66
32360,84.56,55.63,107.02
32370,85.21,55.65,107.38
32380,85.86,55.66,107.73
32390,86.50,55.76,108.07
32400,87.14,55.89,108.40
32410,87.76,56.01,108.73
32420,88.39,56.03,109.04
32430,89.01,56.05,109.35
32440,89.62,56.11,109.66
32450,90.24,55.96,109.95
32460,90.85,56.04,110.24
32470,91.48,55.78,110.52
32480,92.10,55.75,110.79
32490,92.72,55.65,111.05
32500,93.34,55.48,111.30
32510,93.96,55.41,111.55
32520,94.58,55.37,111.79
32530,95.20,55.23,112.02
32540,95.81,55.31,112.24
32550,96.43,55.18,112.46
32560,97.03,55.29,112.66
32570,97.61,55.40,112.86
32580,98.20,55.27,113.05
32590,98.78,55.36,113.23
32600,99.35,55.33,113.40
32610,99.92,55.15,113.56
32620,100.49,55.10,113.72
32630,101.07,54.81,113.86
32640,101.64,54.66,114.00
32650,102.22,54.47,114.13
32660,102.79,54.34,114.25
32670,103.36,54.17,114.36
32680,103.92,54.17,114.46
32690,104.47,54.23,114.56
32700,105.01,54.18,114.64
32710,105.54,54.26,114.72
32720,106.06,54.11,114.78
32730,106.59,53.87,114.84
32740,107.11,53.59,114.89
32750,107.65,53.28,114.93
32760,108.18,53.05,114.96
32770,108.69,53.13,114.98
32780,109.19,53.21,115.00
32790,109.68,53.19,115.00
32800,110.16,53.01,114.99
32810,110.65,52.61,114.98
32820,111.14,52.38,114.96
32830,111.62,52.42,114.93
32840,112.07,52.48,114.88
32850,112.51,52.56,114.83
32860,112.96,52.19,114.77
32870,113.41,51.69,114.71
32880,113.86,51.62,114.63
32890,114.30,51.38,114.54
32900,114.71,51.60,114.45
32910,115.12,51.55,114.34
32920,115.53,51.02,114.23
32930,115.92,51.14,114.10
32940,116.31,50.86,113.97
32950,116.71,50.32,113.83
32960,117.09,50.36,113.68
32970,117.46,50.39,113.52
32980,117.83,49.98,113.35
32990,118.19,49.71,113.18
33000,118.52,49.99,112.99
33010,118.86,49.56,112.79
33020,119.20,49.18,112.59
33030,119.51,49.29,112.38
33040,119.82,49.08,112.15
33050,120.13,48.78,111.92
33060,120.41,48.88,111.68
33070,120.69,48.49,111.44
33080,120.97,48.20,111.18
33090,121.22,48.41,110.91
33100,121.48,47.79,110.64
33110,121.71,48.10,110.35
33120,121.94,47.80,110.06
33130,122.16,47.50,109.76
33140,122.35,47.73,109.45
33150,122.54,47.17,109.13
33160,122.71,47.55,108.81
33170,122.88,46.99,108.47
33180,123.01,47.32,108.13
33190,123.15,46.75,107.78
33200,123.27,46.85,107.42
33210,123.39,46.50,107.05
33220,123.48,46.69,106.67
33230,123.57,46.35,106.29
33240,123.63,46.39,105.90
33250,123.69,46.20,105.50
33260,123.72,46.24,105.09
33270,123.75,46.01,104.67
33280,123.75,46.18,104.25
33290,123.75,45.75,103.82
33300,123.72,46.06,103.38
33310,123.70,45.42,102.93
33320,123.65,45.78,102.47
33330,123.61,45.13,102.01
33340,123.53,45.33,101.54
33350,123.47,44.85,101.06
33360,123.39,44.69,100.58
33370,123.29,44.70,100.09
33380,123.21,44.10,99.59
33390,123.09,44.41,99.08
33400,122.98,43.72,98.57
33410,122.86,43.66,98.05
33420,122.71,43.69,97.52
33430,122.58,43.06,96.99
33440,122.42,43.17,96.45
33450,122.25,43.04,95.90
33460,122.09,42.46,95.35
33470,121.90,42.61,94.79
33480,121.70,42.51,94.22
33490,121.50,42.02,93.65
33500,121.29,41.82,93.07
33510,121.05,42.01,92.49
33520,120.81,41.66,91.90
33530,120.57,41.17,91.30
33540,120.31,41.26,90.70
33550,120.02,41.50,90.09
33560,119.73,41.13,89.48
33570,119.44,40.75,88.86
33580,119.13,40.59,88.23
33590,118.80,40.68,87.60
33600,118.45,40.78,86.97
33610,118.09,40.62,86.33
33620,117.73,40.31,85.69
33630,117.36,40.02,85.04
33640,116.96,40.13,84.38
33650,116.55,40.13,83.72
33660,116.12,40.24,83.06
33670,115.66,40.33,82.39
33680,115.19,40.36,81.72
33690,114.70,40.29,81.04
33700,114.20,40.15,80.36
33710,113.69,40.12,79.68
33720,113.17,39.95,78.99
33730,112.63,40.03,78.30
33740,112.07,40.13,77.61
33750,111.49,40.22,76.91
33760,110.90,40.31,76.21
33770,110.27,40.62,75.50
33780,109.62,40.75,74.79
33790,108.95,40.97,74.08
33800,108.26,41.14,73.37
33810,107.55,41.25,72.65
33820,106.82,41.36,71.93
33830,106.07,41.61,71.21
33840,105.31,41.68,70.49
33850,104.53,41.89,69.76
33860,103.73,41.97,69.03
33870,102.90,42.40,68.30
33880,102.06,42.62,67.57
33890,101.20,42.73,66.84
33900,100.31,43.07,66.10
33910,99.41,43.37,65.36
33920,98.49,43.59,64.63
33930,97.53,44.15,63.89
33940,96.56,44.30,63.15
33950,95.59,44.37,62.41
33960,94.60,44.55,61.66
33970,93.58,45.12,60.92
33980,92.54,45.55,60.18
33990,91.47,46.08,59.44
34000,90.39,46.30,58.69
34010,89.29,46.51,57.95
34020,88.20,46.55,57.21
34030,87.08,47.04,56.46
34040,85.93,47.60,55.72
34050,84.79,47.51,54.98
34060,83.64,47.86,54.23
34070,82.46,48.28,53.49
34080,81.28,48.52,52.75
34090,80.10,48.61,52.01
34100,78.90,49.03,51.28
34110,77.70,49.08,50.54
34120,76.49,49.49,49.80
34130,75.27,49.65,49.07
34140,74.05,49.81,48.34
34150,72.82,50.15,47.61
34160,71.60,50.15,46.88
34170,70.36,50.51,46.15
34180,69.14,50.44,45.43
34190,67.91,50.71,44.71
34200,66.67,50.83,43.99
34210,65.45,50.86,43.27
34220,64.22,51.06,42.56
34230,63.01,51.01,41.85
34240,61.78,51.28,41.14
34250,60.57,51.16,40.44
34260,59.37,51.26,39.74
34270,58.17,51.33,39.04
34280,56.98,51.14,38.34
34290,55.80,51.33,37.65
34300,54.63,51.22,36.97
34310,53.48,50.97,36.29
34320,52.32,51.30,35.61
34330,51.19,50.85,34.94
34340,50.07,50.84,34.27
34350,48.96,50.70,33.60
34360,47.87,50.54,32.94
34370,46.80,50.34,32.29
34380,45.73,50.39,31.64
34390,44.68,50.03,30.99
34400,43.66,49.84,30.35
34410,42.63,49.94,29.72
34420,41.64,49.32,29.09
34430,40.65,49.44,28.46
34440,39.70,48.99,27.85
34450,38.76,48.70,27.24
34460,37.83,48.60,26.63
34470,36.94,47.95,26.03
34480,36.04,48.08,25.44
34490,35.19,47.45,24.85
34500,34.34,47.28,24.27
34510,33.51,47.07,23.69
34520,32.71,46.50,23.13
34530,31.93,46.33,22.57
34540,31.17,45.72,22.01
34550,30.43,45.51,21.46
34560,29.73,44.81,20.93
34570,29.03,44.80,20.39
34580,28.37,44.10,19.87
34590,27.71,44.05,19.35
34600,27.09,43.23,18.84
34610,26.48,43.10,18.34
34620,25.89,42.54,17.84
34630,25.33,41.97,17.36
34640,24.79,41.82,16.88
34650,24.26,41.22,16.41
34660,23.77,40.63,15.95
34670,23.28,40.66,15.49
34680,22.81,40.04,15.05
34690,22.38,39.19,14.61
34700,21.97,38.92,14.18
34710,21.55,38.95,13.76
34720,21.14,38.55,13.35
34730,20.77,37.96,12.95
34740,20.42,37.29,12.56
34750,20.09,36.82,12.18
34760,19.79,36.25,11.80
34770,19.49,36.04,11.44
34780,19.21,35.48,11.08
34790,18.94,35.26,10.73
34800,18.70,34.71,10.40
34810,18.46,34.42,10.07
34820,18.21,34.56,9.75
34830,17.94,34.75,9.44
34840,17.69,34.48,9.14
34850,17.46,33.98,8.86
34860,17.25,33.33,8.58
34870,17.04,33.28,8.31
34880,16.83,33.26,8.05
34890,16.64,32.68,7.80
34900,16.47,32.26,7.56
34910,16.29,32.39,7.34
34920,16.12,32.01,7.12
34930,15.97,31.70,6.91
34940,15.81,31.68,6.71
34950,15.66,31.25,6.53
34960,15.51,31.38,6.35
34970,15.39,30.78,6.19
34980,15.25,30.80,6.03
34990,15.14,30.49,5.89
35000,15.02,30.30,5.75
35010,14.91,30.15,5.63
35020,14.81,29.96,5.52
35030,14.70,29.91,5.42
35040,14.61,29.62,5.33
35050,14.52,29.49,5.25
35060,14.43,29.52,5.18
35070,14.33,29.55,5.12
35080,14.25,29.29,5.08
35090,14.17,29.16,5.04
35100,14.09,29.19,5.02
35110,14.01,29.02,5.00
35120,13.94,28.92,5.00
35130,13.87,28.87,5.01
35140,13.81,28.70,5.03
35150,13.74,28.74,5.06
35160,13.69,28.57,5.10
35170,13.62,28.78,5.15
35180,13.57,28.55,5.22
35190,13.51,28.54,5.29
35200,13.47,28.46,5.38
35210,13.42,28.47,5.48
35220,13.36,28.79,5.58
35230,13.33,28.34,5.70
35240,13.28,28.66,5.83
35250,13.25,28.33,5.98
35260,13.19,28.91,6.13
35270,13.16,28.53,6.29
35280,13.13,28.47,6.47
35290,13.10,28.67,6.65
35300,13.07,28.74,6.85
35310,13.03,28.94,7.05
35320,13.01,28.88,7.27
35330,13.00,28.61,7.50
35340,12.96,29.20,7.74
35350,12.95,28.96,7.99
35360,12.94,28.93,8.25
35370,12.92,29.33,8.52
35380,12.91,29.31,8.81
35390,12.88,29.74,9.10
35400,12.87,29.68,9.40
35410,12.86,29.65,9.72
35420,12.85,29.97,10.04
35430,12.85,30.06,10.38
35440,12.84,30.16,10.72
35450,12.83,30.54,11.08
35460,12.84,30.30,11.45
35470,12.84,30.73,11.82
35480,12.84,30.81,12.21
35490,12.85,31.04,12.61
35500,12.86,31.20,13.01
35510,12.87,31.39,13.43
35520,12.87,31.75,13.85
35530,12.90,31.62,14.29
35540,12.91,32.18,14.74
35550,12.92,32.31,15.19
35560,12.95,32.37,15.66
35570,12.98,32.57,16.13
35580,13.00,33.04,16.61
35590,13.02,33.40,17.11
35600,13.05,33.54,17.61
35610,13.08,33.67,18.12
35620,13.12,33.95,18.64
35630,13.16,34.27,19.17
35640,13.20,34.61,19.70
35650,13.23,34.97,20.25
35660,13.28,35.18,20.81
35670,13.33,35.37,21.37
35680,13.37,35.95,21.94
35690,13.42,35.96,22.52
35700,13.48,36.41,23.11
35710,13.54,36.60,23.70
35720,13.60,37.03,24.31
35730,13.67,37.26,24.92
35740,13.73,37.79,25.54
35750,13.81,37.79,26.16
35760,13.89,38.22,26.80
35770,13.99,38.30,27.44
35780,14.10,38.53,28.09
35790,14.18,39.34,28.74
35800,14.29,39.22,29.41
35810,14.42,39.43,30.07
35820,14.53,40.00,30.75
35830,14.65,40.51,31.43
35840,14.79,40.27,32.12
35850,14.94,40.63,32.82
35860,15.09,41.15,33.52
35870,15.23,41.81,34.22
35880,15.38,41.98,34.94
35890,15.56,41.75,35.65
35900,15.77,41.69,36.38
35910,15.99,41.73,37.11
35920,16.21,42.35,37.84
35930,16.43,42.83,38.58
35940,16.64,43.37,39.32
35950,16.84,44.05,40.07
35960,17.05,44.38,40.83
35970,17.28,44.55,41.58
35980,17.51,44.86,42.35
35990,17.77,44.87,43.11
36000,18.04,44.86,43.88
36010,18.34,44.87,44.66
36020,18.67,44.79,45.43
36030,19.02,44.82,46.21
36040,19.37,45.09,47.00
36050,19.73,45.45,47.79
36060,20.09,45.80,48.58
36070,20.48,45.69,49.37
36080,20.89,45.65,50.16
36090,21.31,45.86,50.96
36100,21.75,45.91,51.76
36110,22.21,45.94,52.57
36120,22.68,46.01,53.37
36130,23.17,46.27,54.18
36140,23.66,46.43,54.98
36150,24.18,46.28,55.79
36160,24.69,46.78,56.60
36170,25.21,47.04,57.42
36180,25.76,46.83,58.23
36190,26.32,46.97,59.04
36200,26.89,47.10,59.85
36210,27.48,46.99,60.67
36220,28.08,47.23,61.48
36230,28.69,47.45,62.30
36240,29.31,47.34,63.11
36250,29.94,47.71,63.92
36260,30.58,47.75,64.74
36270,31.24,47.69,65.55
36280,31.89,48.18,66.36
36290,32.56,48.06,67.17
36300,33.23,48.32,67.98
36310,33.91,48.47,68.79
36320,34.61,48.54,69.59
36330,35.30,48.80,70.40
36340,36.02,48.63,71.20
36350,36.73,49.01,72.00
36360,37.46,48.94,72.80
36370,38.19,49.27,73.59
36380,38.93,49.29,74.39
36390,39.67,49.50,75.18
36400,40.42,49.69,75.96
36410,41.17,49.75,76.75
36420,41.93,50.00,77.52
36430,42.69,50.09,78.30
36440,43.46,50.15,79.07
36450,44.24,50.27,79.84
36460,45.03,50.25,80.61
36470,45.82,50.60,81.37
36480,46.61,50.50,82.12
36490,47.41,50.81,82.87
36500,48.21,50.86,83.62
36510,49.01,51.12,84.36
36520,49.82,51.08,85.10
36530,50.62,51.37,85.83
36540,51.43,51.51,86.55
36550,52.25,51.52,87.27
36560,53.06,51.69,87.98
36570,53.88,51.90,88.69
36580,54.70,51.86,89.39
36590,55.51,52.31,90.09
36600,56.34,52.13,90.78
36610,57.15,52.52,91.46
36620,57.97,52.50,92.13
36630,58.80,52.62,92.80
36640,59.62,52.69,93.46
36650,60.45,52.86,94.11
36660,61.28,52.84,94.76
36670,62.11,53.02,95.40
36680,62.93,53.28,96.03
36690,63.75,53.30,96.65
36700,64.57,53.39,97.27
36710,65.39,53.56,97.87
36720,66.21,53.69,98.47
36730,67.04,53.71,99.06
36740,67.86,53.79,99.64
36750,68.66,54.10,100.21
36760,69.47,54.19,100.77
36770,70.28,54.18,101.33
36780,71.10,54.14,101.87
36790,71.91,54.39,102.41
36800,72.70,54.59,102.93
36810,73.50,54.58,103.45
36820,74.31,54.53,103.95
36830,75.10,54.70,104.45
36840,75.89,54.84,104.94
36850,76.68,55.03,105.41
36860,77.46,54.89,105.88
36870,78.26,54.82,106.33
36880,79.05,54.86,106.78
36890,79.83,54.94,107.21
36900,80.60,55.18,107.64
36910,81.37,55.25,108.05
36920,82.13,55.22,108.45
36930,82.91,55.06,108.84
36940,83.67,55.09,109.22
36950,84.44,54.95,109.59
36960,85.21,54.98,109.94
36970,85.96,55.18,110.29
36980,86.71,55.23,110.62
36990,87.45,55.21,110.94
37000,88.19,55.19,111.26
37010,88.93,55.05,111.55
37020,89.67,54.91,111.84
37030,90.42,54.78,112.11
37040,91.15,54.79,112.38
37050,91.88,54.89,112.63
37060,92.59,54.93,112.87
37070,93.30,54.97,113.09
37080,94.00,54.93,113.31
37090,94.70,54.65,113.51
37100,95.41,54.41,113.70
37110,96.12,54.22,113.87
37120,96.82,54.26,114.03
37130,97.50,54.23,114.19
37140,98.18,54.27,114.32
37150,98.84,54.32,114.45
37160,99.51,54.09,114.56
37170,100.18,53.77,114.66
37180,100.84,53.61,114.75
37190,101.50,53.53,114.82
37200,102.13,53.73,114.88
37210,102.75,53.86,114.93
37220,103.36,53.76,114.97
37230,103.97,53.38,114.99
37240,104.59,52.95,115.00
37250,105.20,52.80,115.00
37260,105.81,52.67,114.98
37270,106.40,52.71,114.95
37280,106.96,52.83,114.91
37290,107.53,52.64,114.85
37300,108.10,52.08,114.78
37310,108.65,52.14,114.70
37320,109.21,51.83,114.60
37330,109.76,51.39,114.50
37340,110.31,51.17,114.37
37350,110.83,51.40,114.24
37360,111.34,51.23,114.09
37370,111.86,50.71,113.93
37380,112.37,50.52,113.76
37390,112.86,50.61,113.57
37400,113.33,50.39,113.37
37410,113.82,49.81,113.16
37420,114.28,49.89,112.93
37430,114.72,49.82,112.70
37440,115.17,49.28,112.45
37450,115.61,49.20,112.18
37460,116.02,49.26,111.91
37470,116.43,48.65,111.62
37480,116.83,48.65,111.32
37490,117.21,48.41,111.00
37500,117.60,47.87,110.68
37510,117.96,48.15,110.34
37520,118.31,47.61,109.99
37530,118.65,47.51,109.62
37540,118.97,47.44,109.25
37550,119.29,46.93,108.86
37560,119.57,47.23,108.46
37570,119.87,46.51,108.05
37580,120.13,46.71,107.63
37590,120.39,46.18,107.19
37600,120.63,46.19,106.75
37610,120.86,45.83,106.29
37620,121.07,45.82,105.82
37630,121.26,45.49,105.34
37640,121.44,45.42,104.85
37650,121.61,45.05,104.34
37660,121.75,45.12,103.83
37670,121.90,44.52,103.30
37680,122.01,44.81,102.77
37690,122.12,44.16,102.22
37700,122.20,44.38,101.66
37710,122.27,43.98,101.10
37720,122.33,43.81,100.52
37730,122.36,43.84,99.93
37740,122.39,43.24,99.33
37750,122.39,43.48,98.72
37760,122.37,43.23,98.11
37770,122.35,42.76,97.48
37780,122.29,42.99,96.84
37790,122.23,42.60,96.20
37800,122.17,42.04,95.54
37810,122.08,42.19,94.88
37820,121.97,42.02,94.20
37830,121.86,41.39,93.52
37840,121.74,41.14,92.83
37850,121.59,41.27,92.13
37860,121.43,40.96,91.42
37870,121.27,40.39,90.71
37880,121.11,40.05,89.98
37890,120.91,40.11,89.25
37900,120.69,40.02,88.52
37910,120.45,39.92,87.77
37920,120.21,39.45,87.02
37930,119.96,39.22,86.26
37940,119.69,38.97,85.49
37950,119.41,38.73,84.72
37960,119.11,38.52,83.94
37970,118.79,38.48,83.15
37980,118.46,38.24,82.36
37990,118.10,38.25,81.56
38000,117.72,38.26,80.75
38010,117.32,38.04,79.95
38020,116.90,38.07,79.13
38030,116.46,37.90,78.31
38040,116.01,37.82,77.49
38050,115.53,37.63,76.66
38060,115.04,37.61,75.82
38070,114.53,37.49,74.98
38080,114.00,37.52,74.14
38090,113.45,37.53,73.30
38100,112.86,37.68,72.45
38110,112.24,37.95,71.59
38120,111.60,38.03,70.74
38130,110.93,38.22,69.88
38140,110.24,38.24,69.01
38150,109.54,38.22,68.15
38160,108.82,38.13,67.28
38170,108.09,38.01,66.41
38180,107.33,38.08,65.54
38190,106.56,38.20,64.67
38200,105.75,38.55,63.79
38210,104.91,38.79,62.92
38220,104.05,39.10,62.04
38230,103.16,39.25,61.16
38240,102.25,39.38,60.28
38250,101.33,39.45,59.40
38260,100.39,39.50,58.52
38270,99.42,39.86,57.64
38280,98.43,40.20,56.77
38290,97.41,40.53,55.89
38300,96.36,40.90,55.01
38310,95.30,41.10,54.13
38320,94.21,41.37,53.26
38330,93.08,42.07,52.38
38340,91.93,42.37,51.51
38350,90.76,42.67,50.64
38360,89.57,43.04,49.77
38370,88.36,43.33,48.91
38380,87.13,43.76,48.04
38390,85.87,44.20,47.18
38400,84.60,44.45,46.32
38410,83.31,44.97,45.47
38420,82.00,45.26,44.62
38430,80.65,46.10,43.77
38440,79.29,46.41,42.93
38450,77.92,46.59,42.09
38460,76.54,46.92,41.25
38470,75.15,47.27,40.42
38480,73.74,47.68,39.60
38490,72.32,48.08,38.78
38500,70.90,48.25,37.96
38510,69.46,48.54,37.15
38520,68.02,49.00,36.35
38530,66.58,49.04,35.55
38540,65.13,49.42,34.76
38550,63.67,49.72,33.97
38560,62.22,49.88,33.19
38570,60.76,50.17,32.42
38580,59.31,50.15,31.65
38590,57.86,50.50,30.89
38600,56.42,50.54,30.14
38610,54.98,50.69,29.40
38620,53.55,50.61,28.66
38630,52.12,50.95,27.93
38640,50.72,50.72,27.21
38650,49.32,50.87,26.50
38660,47.93,50.87,25.80
38670,46.55,50.83,25.10
38680,45.18,51.01,24.42
38690,43.84,50.66,23.74
38700,42.50,51.04,23.08
38710,41.19,50.51,22.42
38720,39.90,50.46,21.77
38730,38.61,50.57,21.13
38740,37.36,50.12,20.51
38750,36.13,50.13,19.89
38760,34.90,50.03,19.28
38770,33.72,49.54,18.68
38780,32.54,49.63,18.10
38790,31.40,49.15,17.52
38800,30.28,48.97,16.96
38810,29.18,48.79,16.41
38820,28.12,48.19,15.87
38830,27.07,48.42,15.34
38840,26.06,47.64,14.82
38850,25.06,47.54,14.31
38860,24.10,47.06,13.82
38870,23.17,46.70,13.34
38880,22.26,46.47,12.87
38890,21.39,45.79,12.41
38900,20.53,45.82,11.96
38910,19.72,44.99,11.53
38920,18.92,44.95,11.11
38930,18.16,44.15,10.71
38940,17.42,44.03,10.31
38950,16.73,43.30,9.93
38960,16.06,42.94,9.57
38970,15.41,42.53,9.22
38980,14.81,41.81,8.88
38990,14.22,41.71,8.55
39000,13.67,40.90,8.24
39010,13.15,40.53,7.94
39020,12.64,40.31,7.65
39030,12.16,39.80,7.38
39040,11.72,39.10,7.13
39050,11.31,38.71,6.89
39060,10.90,38.57,6.66
39070,10.51,38.41,6.45
39080,10.14,37.94,6.25
39090,9.81,37.24,6.06
39100,9.50,36.84,5.89
39110,9.22,36.51,5.74
39120,8.96,35.96,5.60
39130,8.72,35.77,5.47
39140,8.48,35.67,5.36
39150,8.26,35.38,5.26
39160,8.05,35.28,5.18
39170,7.86,34.85,5.12
39180,7.71,34.06,5.06
39190,7.61,33.21,5.03
39200,7.51,32.99,5.01
39210,7.41,33.38,5.00
39220,7.32,32.95,5.01
39230,7.26,32.40,5.03
39240,7.21,32.38,5.07
39250,7.17,32.14,5.13
39260,7.16,31.65,5.19
39270,7.13,31.91,5.28
39280,7.14,31.31,5.38
39290,7.15,31.45,5.49
39300,7.18,30.95,5.62
39310,7.20,31.17,5.76
39320,7.24,30.83,5.92
39330,7.30,30.75,6.10
39340,7.35,30.64,6.29
39350,7.42,30.57,6.49
39360,7.50,30.37,6.71
39370,7.58,30.44,6.94
39380,7.68,30.18,7.19
39390,7.78,30.21,7.46
39400,7.88,30.31,7.73
39410,8.00,30.06,8.03
39420,8.12,30.07,8.33
39430,8.25,30.05,8.65
39440,8.38,30.17,8.99
39450,8.52,30.19,9.34
39460,8.67,30.07,9.70
39470,8.82,30.20,10.08
39480,8.96,30.41,10.47
39490,9.12,30.34,10.88
39500,9.28,30.38,11.30
39510,9.45,30.53,11.74
39520,9.62,30.44,12.18
39530,9.81,30.52,12.64
39540,9.99,30.71,13.12
39550,10.18,30.83,13.61
39560,10.37,30.92,14.11
39570,10.56,31.03,14.62
39580,10.77,31.11,15.15
39590,10.97,31.34,15.69
39600,11.17,31.58,16.24
39610,11.38,31.86,16.80
39620,11.59,31.84,17.38
39630,11.81,32.05,17.97
39640,12.02,32.45,18.57
39650,12.23,32.78,19.19
39660,12.44,32.84,19.81
39670,12.66,33.16,20.45
39680,12.87,33.58,21.10
39690,13.10,33.71,21.76
39700,13.31,34.07,22.43
39710,13.54,34.27,23.11
39720,13.76,34.67,23.80
39730,13.98,35.02,24.50
39740,14.22,35.15,25.21
39750,14.44,35.68,25.94
39760,14.68,35.80,26.67
39770,14.91,36.35,27.41
39780,15.14,36.60,28.16
39790,15.37,37.14,28.92
39800,15.61,37.36,29.69
39810,15.84,37.78,30.47
39820,16.09,37.93,31.26
39830,16.33,38.63,32.06
39840,16.57,38.85,32.86
39850,16.82,39.29,33.68
39860,17.06,39.91,34.50
39870,17.32,39.87,35.32
39880,17.58,40.36,36.16
39890,17.82,41.18,37.00
39900,18.09,41.30,37.85
39910,18.37,41.38,38.71
39920,18.65,41.82,39.57
39930,18.91,42.68,40.44
39940,19.17,43.25,41.31
39950,19.44,43.63,42.19
39960,19.71,43.88,43.08
39970,20.02,43.76,43.97
39980,20.34,44.15,44.87
39990,20.68,44.14,45.77
40000,21.02,44.52,46.67
40010,21.38,44.87,47.58
40020,21.72,45.54,48.49
40030,22.06,46.13,49.41
40040,22.40,46.70,50.33
40050,22.76,46.69,51.25
40060,23.15,46.74,52.18
40070,23.56,46.86,53.11
40080,23.95,47.59,54.04
40090,24.35,48.06,54.97
40100,24.78,47.87,55.91
40110,25.22,48.09,56.84
40120,25.67,48.56,57.78
40130,26.12,48.88,58.72
40140,26.60,48.95,59.66
40150,27.08,49.35,60.60
40160,27.57,49.59,61.54
40170,28.09,49.64,62.48
40180,28.60,50.09,63.42
40190,29.14,50.01,64.35
40200,29.69,50.40,65.29
40210,30.25,50.55,66.23
40220,30.82,50.83,67.16
40230,31.40,50.96,68.10
40240,32.00,51.20,69.03
40250,32.62,51.19,69.95
40260,33.24,51.56,70.88
40270,33.88,51.47,71.80
40280,34.52,51.90,72.72
40290,35.20,51.66,73.64
40300,35.87,52.09,74.55
40310,36.57,52.14,75.46
40320,37.28,52.11,76.37
40330,37.99,52.52,77.27
40340,38.72,52.30,78.16
40350,39.47,52.48,79.05
40360,40.21,52.93,79.94
40370,40.99,52.52,80.82
40380,41.75,53.07,81.69
40390,42.54,52.97,82.56
40400,43.34,52.96,83.42
40410,44.15,53.06,84.27
40420,44.97,53.29,85.12
40430,45.81,53.10,85.96
40440,46.65,53.12,86.79
40450,47.49,53.60,87.61
40460,48.36,53.25,88.43
40470,49.24,53.31,89.24
40480,50.11,53.52,90.04
40490,50.99,53.71,90.83
40500,51.88,53.64,91.61
40510,52.79,53.48,92.39
40520,53.69,53.88,93.15
40530,54.60,53.88,93.91
40540,55.51,53.90,94.65
40550,56.43,53.97,95.39
40560,57.35,54.05,96.11
40570,58.27,54.20,96.82
40580,59.20,54.09,97.52
40590,60.14,54.09,98.22
40600,61.08,54.15,98.90
40610,62.01,54.40,99.57
40620,62.95,54.43,100.22
40630,63.89,54.27,100.87
40640,64.85,54.19,101.50
40650,65.79,54.51,102.12
40660,66.73,54.45,102.73
40670,67.67,54.61,103.32
40680,68.61,54.58,103.91
40690,69.56,54.54,104.48
40700,70.50,54.63,105.03
40710,71.44,54.62,105.58
40720,72.38,54.73,106.11
40730,73.32,54.55,106.62
40740,74.27,54.47,107.12
40750,75.20,54.72,107.61
40760,76.12,54.80,108.08
40770,77.04,54.84,108.54
40780,77.96,54.81,108.98
40790,78.88,54.73,109.41
40800,79.80,54.59,109.83
40810,80.72,54.48,110.23
40820,81.63,54.46,110.61
40830,82.55,54.28,110.98
40840,83.47,54.14,111.33
40850,84.39,53.95,111.67
40860,85.30,53.98,111.99
40870,86.20,54.18,112.30
40880,87.08,54.22,112.59
40890,87.96,54.04,112.86
40900,88.84,53.79,113.12
40910,89.73,53.62,113.36
40920,90.59,53.72,113.59
40930,91.44,53.78,113.80
40940,92.28,53.80,113.99
40950,93.13,53.47,114.16
40960,93.97,53.18,114.32
40970,94.81,53.15,114.47
40980,95.62,53.30,114.59
40990,96.42,53.29,114.70
41000,97.22,52.94,114.79
41010,98.02,52.64,114.87
41020,98.81,52.62,114.93
41030,99.58,52.71,114.97
41040,100.34,52.56,114.99
41050,101.10,52.18,115.00
41060,101.85,52.01,114.99
41070,102.57,52.14,114.96
41080,103.28,52.14,114.92
41090,104.00,51.59,114.86
41100,104.71,51.29,114.78
41110,105.40,51.46,114.69
41120,106.07,51.36,114.57
41130,106.74,50.92,114.44
41140,107.40,50.80,114.30
41150,108.04,50.83,114.14
41160,108.66,50.54,113.96
41170,109.29,50.11,113.76
41180,109.89,50.18,113.54
41190,110.49,49.85,113.31
41200,111.08,49.44,113.07
41210,111.65,49.39,112.80
41220,112.21,49.23,112.52
41230,112.76,48.68,112.22
41240,113.29,48.78,111.91
41250,113.81,48.47,111.58
41260,114.33,47.96,111.23
41270,114.81,48.17,110.87
41280,115.30,47.53,110.49
41290,115.75,47.63,110.10
41300,116.20,47.30,109.69
41310,116.64,46.85,109.26
41320,117.05,46.99,108.82
41330,117.46,46.24,108.36
41340,117.84,46.42,107.89
41350,118.23,45.73,107.40
41360,118.57,45.95,106.90
41370,118.93,45.18,106.38
41380,119.25,45.28,105.84
41390,119.57,44.57,105.30
41400,119.86,44.74,104.73
41410,120.15,44.04,104.16
41420,120.41,44.22,103.57
41430,120.66,43.61,102.96
41440,120.88,43.61,102.34
41450,121.09,43.40,101.71
41460,121.29,42.82,101.06
41470,121.45,43.03,100.40
41480,121.61,42.45,99.73
41490,121.75,42.11,99.04
41500,121.85,42.31,98.35
41510,121.95,41.85,97.64
41520,122.03,41.39,96.91
41530,122.08,41.44,96.18
41540,122.11,41.33,95.43
41550,122.13,40.87,94.67
41560,122.13,40.48,93.90
41570,122.11,40.47,93.12
41580,122.05,40.47,92.33
41590,121.98,40.22,91.53
41600,121.89,39.82,90.72
41610,121.80,39.36,89.89
41620,121.69,39.02,89.06
41630,121.55,38.84,88.22
41640,121.40,38.62,87.37
41650,121.22,38.56,86.50
41660,121.01,38.50,85.64
41670,120.79,38.22,84.76
41680,120.54,38.08,83.87
41690,120.27,37.81,82.98
41700,119.99,37.49,82.07
41710,119.69,37.42,81.16
41720,119.36,37.17,80.25
41730,119.01,37.02,79.32
41740,118.65,36.71,78.39
41750,118.27,36.51,77.46
41760,117.87,36.31,76.52
41770,117.47,35.83,75.57
41780,117.05,35.46,74.61
41790,116.61,35.29,73.66
41800,116.14,35.33,72.69
41810,115.64,35.53,71.72
41820,115.10,35.55,70.75
41830,114.54,35.52,69.78
41840,113.97,35.24,68.80
41850,113.37,35.24,67.82
41860,112.75,35.31,66.83
41870,112.07,35.79,65.84
41880,111.37,35.71,64.85
41890,110.64,35.94,63.86
41900,109.88,36.07,62.87
41910,109.11,35.96,61.87
41920,108.30,36.09,60.88
41930,107.48,36.18,59.88
41940,106.61,36.47,58.89
41950,105.73,36.54,57.89
41960,104.83,36.50,56.89
41970,103.89,36.74,55.90
41980,102.92,37.24,54.90
41990,101.92,37.56,53.91
42000,100.88,37.82,52.92
42010,99.83,37.98,51.93
42020,98.75,38.08,50.94
42030,97.65,38.43,49.96
42040,96.52,38.85,48.98
42050,95.36,38.98,48.00
42060,94.19,39.11,47.03
42070,92.99,39.65,46.06
42080,91.76,40.00,45.09
42090,90.50,40.37,44.13
42100,89.23,40.60,43.17
42110,87.93,40.93,42.22
42120,86.61,41.46,41.28
42130,85.25,41.96,40.34
42140,83.88,42.34,39.40
42150,82.48,42.69,38.48
42160,81.07,43.09,37.56
42170,79.64,43.37,36.64
42180,78.20,43.63,35.74
42190,76.74,44.22,34.84
42200,75.25,44.73,33.95
42210,73.74,45.19,33.07
42220,72.22,45.56,32.20
42230,70.69,45.93,31.33
42240,69.15,46.28,30.48
42250,67.59,46.68,29.64
42260,66.03,47.00,28.80
42270,64.45,47.49,27.98
42280,62.87,47.87,27.16
42290,61.27,48.26,26.36
42300,59.68,48.53,25.57
42310,58.08,48.85,24.79
42320,56.47,49.19,24.02
42330,54.88,49.34,23.26
42340,53.27,49.85,22.52
42350,51.67,50.01,21.79
42360,50.08,50.15,21.07
42370,48.48,50.54,20.36
42380,46.90,50.58,19.67
42390,45.32,50.85,18.99
42400,43.76,50.87,18.32
42410,42.21,51.11,17.67
42420,40.67,51.12,17.03
42430,39.15,51.13,16.40
42440,37.65,51.20,15.79
42450,36.16,51.12,15.20
42460,34.69,51.33,14.62
42470,33.25,51.06,14.05
42480,31.82,51.17,13.50
42490,30.42,51.05,12.97
42500,29.04,50.85,12.45
42510,27.68,51.03,11.95
42520,26.37,50.46,11.46
42530,25.06,50.58,11.00
42540,23.79,50.37,10.54
42550,22.56,49.86,10.11
42560,21.34,50.05,9.69
42570,20.17,49.48,9.29
42580,19.04,49.17,8.90
42590,17.92,49.18,8.53
42600,16.85,48.38,8.18
42610,15.80,48.48,7.85
42620,14.80,47.91,7.54
42630,13.83,47.60,7.24
42640,12.89,47.35,6.96
42650,12.01,46.53,6.70
42660,11.13,46.65,6.46
42670,10.32,45.79,6.23
42680,9.52,45.82,6.03
42690,8.78,44.95,5.84
42700,8.05,44.95,5.67
42710,7.38,44.09,5.52
42720,6.73,43.99,5.39
42730,6.14,43.07,5.28
42740,5.57,43.07,5.19
42750,5.05,42.09,5.11
42760,4.56,42.01,5.06
42770,4.10,41.33,5.02
42780,3.70,40.69,5.00
42790,3.30,40.63,5.00
42800,2.95,40.07,5.02
42810,2.66,39.09,5.06
42820,2.38,38.88,5.12
42830,2.12,38.86,5.20
42840,1.89,38.54,5.30
42850,1.70,37.79,5.41
42860,1.55,37.18,5.55
42870,1.45,36.58,5.70
42880,1.37,36.22,5.87
42890,1.31,35.80,6.07
42900,1.29,35.34,6.28
42910,1.30,34.93,6.51
42920,1.33,34.70,6.75
42930,1.38,34.40,7.02
42940,1.42,34.77,7.31
42950,1.46,35.03,7.61
42960,1.52,34.72,7.93
42970,1.63,33.99,8.27
42980,1.76,33.73,8.63
42990,1.90,33.79,9.01
43000,2.05,33.65,9.40
43010,2.25,32.88,9.82
43020,2.45,33.17,10.25
43030,2.67,32.91,10.70
43040,2.92,32.33,11.16
43050,3.17,32.56,11.65
43060,3.44,32.56,12.15
43070,3.73,32.13,12.66
43080,4.02,32.38,13.20
43090,4.32,32.38,13.75
43100,4.64,32.21,14.32
43110,4.97,32.40,14.90
43120,5.32,31.96,15.50
43130,5.66,32.48,16.11
43140,6.02,32.26,16.75
43150,6.41,32.05,17.39
43160,6.79,32.40,18.06
43170,7.18,32.29,18.73
43180,7.58,32.45,19.43
43190,7.99,32.41,20.13
43200,8.40,32.80,20.85
43210,8.83,32.67,21.59
43220,9.25,33.03,22.34
43230,9.70,32.82,23.10
43240,10.14,33.28,23.88
43250,10.59,33.27,24.67
43260,11.04,33.70,25.47
43270,11.51,33.65,26.28
43280,11.96,34.28,27.11
43290,12.43,34.16,27.95
43300,12.89,34.64,28.80
43310,13.37,34.63,29.66
43320,13.84,35.16,30.54
43330,14.32,35.28,31.42
43340,14.80,35.74,32.31
43350,15.29,35.89,33.22
43360,15.78,36.22,34.13
43370,16.26,36.69,35.06
43380,16.76,36.85,35.99
43390,17.24,37.53,36.93
43400,17.74,37.60,37.88
43410,18.23,38.18,38.84
43420,18.72,38.45,39.81
43430,19.23,38.71,40.79
43440,19.71,39.52,41.77
43450,20.21,39.62,42.76
43460,20.72,39.96,43.75
43470,21.22,40.55,44.75
43480,21.70,41.34,45.76
43490,22.21,41.36,46.77
43500,22.73,41.41,47.79
43510,23.25,41.95,48.81
43520,23.75,42.83,49.84
43530,24.23,43.66,50.87
43540,24.72,44.12,51.91
43550,25.22,44.38,52.94
43560,25.72,44.71,53.98
43570,26.25,44.83,55.03
43580,26.78,45.18,56.07
43590,27.31,45.72,57.12
43600,27.83,46.24,58.17
43610,28.36,46.85,59.22
43620,28.89,47.07,60.27
43630,29.44,47.43,61.32
43640,30.00,47.59,62.37
43650,30.55,48.31,63.42
43660,31.10,48.74,64.47
43670,31.67,49.02,65.51
43680,32.25,49.19,66.56
43690,32.82,49.93,67.60
43700,33.40,50.27,68.64
43710,33.99,50.45,69.68
43720,34.59,50.88,70.72
43730,35.21,50.89,71.75
43740,35.82,51.47,72.78
43750,36.46,51.45,73.80
43760,37.10,52.03,74.82
43770,37.75,52.05,75.83
43780,38.40,52.62,76.84
43790,39.08,52.65,77.84
43800,39.76,52.91,78.83
43810,40.44,53.23,79.82
43820,41.15,53.32,80.81
43830,41.85,53.63,81.78
43840,42.57,53.94,82.75
43850,43.31,53.80,83.70
43860,44.05,54.24,84.65
43870,44.80,54.35,85.60
43880,45.57,54.31,86.53
43890,46.35,54.44,87.45
43900,47.13,54.88,88.36
43910,47.93,54.79,89.26
43920,48.75,54.80,90.16
43930,49.57,54.89,91.04
43940,50.40,55.07,91.91
43950,51.24,55.36,92.76
43960,52.08,55.46,93.61
43970,52.94,55.30,94.44
43980,53.82,55.20,95.27
43990,54.70,55.32,96.07
44000,55.59,55.49,96.87
44010,56.47,55.77,97.65
44020,57.37,55.73,98.42
44030,58.27,55.79,99.17
44040,59.19,55.61,99.91
44050,60.13,55.48,100.63
44060,61.07,55.39,101.34
44070,62.02,55.36,102.04
44080,62.97,55.49,102.72
44090,63.93,55.49,103.38
44100,64.89,55.52,104.03
44110,65.85,55.53,104.66
44120,66.81,55.57,105.27
44130,67.77,55.62,105.87
44140,68.75,55.26,106.45
44150,69.74,55.09,107.01
44160,70.73,55.06,107.56
44170,71.74,54.70,108.08
44180,72.73,54.85,108.59
44190,73.72,54.92,109.08
44200,74.72,54.70,109.56
44210,75.71,54.77,110.01
44220,76.69,54.79,110.45
44230,77.68,54.70,110.86
44240,78.69,54.06,111.26
44250,79.70,53.77,111.64
44260,80.71,53.76,112.00
44270,81.71,53.73,112.34
44280,82.70,53.82,112.66
44290,83.68,53.70,112.95
44300,84.66,53.53,113.23
44310,85.64,53.30,113.49
44320,86.63,53.02,113.73
44330,87.60,52.90,113.95
44340,88.56,52.90,114.15
44350,89.51,52.90,114.33
44360,90.45,52.72,114.48
44370,91.40,52.34,114.62
44380,92.34,52.10,114.74
44390,93.27,51.98,114.83
44400,94.18,52.09,114.90
44410,95.08,51.93,114.96
44420,95.98,51.37,114.99
44430,96.88,51.19,115.00
44440,97.76,51.18,114.99
44450,98.62,51.17,114.96
44460,99.47,50.75,114.91
44470,100.33,50.36,114.83
44480,101.15,50.52,114.74
44490,101.97,50.29,114.62
44500,102.79,49.71,114.49
44510,103.58,49.80,114.33
44520,104.35,49.75,114.15
44530,105.13,49.11,113.95
44540,105.88,49.05,113.73
44550,106.61,48.98,113.49
44560,107.35,48.32,113.23
44570,108.06,48.39,112.94
44580,108.75,48.22,112.64
44590,109.44,47.59,112.32
44600,110.09,47.73,111.98
44610,110.75,47.14,111.61
44620,111.38,47.05,111.23
44630,111.99,46.99,110.82
44640,112.60,46.24,110.40
44650,113.17,46.45,109.96
44660,113.76,45.57,109.49
44670,114.30,45.77,109.01
44680,114.84,45.17,108.51
44690,115.35,45.26,107.99
44700,115.86,44.52,107.45
44710,116.32,44.67,106.89
44720,116.80,43.89,106.32
44730,117.23,43.97,105.72
44740,117.67,43.40,105.11
44750,118.08,43.09,104.48
44760,118.45,43.13,103.83
44770,118.83,42.37,103.17
44780,119.17,42.34,102.49
44790,119.49,42.22,101.79
44800,119.81,41.44,101.07
44810,120.09,41.42,100.34
44820,120.34,41.38,99.59
44830,120.58,40.83,98.83
44840,120.82,40.26,98.05
44850,121.02,40.12,97.26
44860,121.19,40.13,96.45
44870,121.33,39.91,95.63
44880,121.46,39.45,94.79
44890,121.57,39.00,93.94
44900,121.66,38.70,93.07
44910,121.72,38.54,92.19
44920,121.75,38.48,91.30
44930,121.75,38.37,90.40
44940,121.71,38.33,89.48
44950,121.65,38.09,88.55
44960,121.56,37.93,87.61
44970,121.45,37.70,86.66
44980,121.32,37.36,85.70
44990,121.17,37.10,84.73
45000,121.00,36.67,83.75
45010,120.81,36.40,82.76
45020,120.60,36.01,81.76
45030,120.39,35.46,80.75
45040,120.15,35.25,79.73
45050,119.89,34.91,78.70
45060,119.59,34.96,77.67
45070,119.26,34.93,76.62
45080,118.90,34.86,75.58
45090,118.53,34.34,74.52
45100,118.14,34.08,73.46
45110,117.72,34.02,72.39
45120,117.26,34.02,71.32
45130,116.79,33.80,70.24
45140,116.29,33.58,69.16
45150,115.75,33.73,68.08
45160,115.20,33.41,66.99
45170,114.62,33.32,65.90
45180,114.01,33.40,64.80
45190,113.38,33.13,63.71
45200,112.71,33.33,62.61
45210,112.02,33.33,61.51
45220,111.30,33.17,60.41
45230,110.54,33.47,59.31
45240,109.76,33.33,58.20
45250,108.95,33.47,57.10
45260,108.11,33.65,56.00
45270,107.21,34.31,54.90
45280,106.28,34.47,53.81
45290,105.33,34.45,52.71
45300,104.34,34.78,51.62
45310,103.33,34.79,50.53
45320,102.29,35.05,49.44
45330,101.23,35.18,48.36
45340,100.13,35.42,47.29
45350,99.00,35.80,46.21
45360,97.85,35.95,45.15
45370,96.67,36.32,44.08
45380,95.45,36.75,43.03
45390,94.19,37.39,41.98
45400,92.89,37.80,40.94
45410,91.57,38.22,39.90
45420,90.22,38.58,38.88
45430,88.85,39.00,37.86
45440,87.45,39.33,36.85
45450,86.01,40.05,35.85
45460,84.57,40.14,34.86
45470,83.09,40.81,33.88
45480,81.57,41.54,32.90
45490,80.03,41.98,31.94
45500,78.48,42.17,31.00
45510,76.91,42.73,30.06
45520,75.31,43.25,29.13
45530,73.69,43.92,28.22
45540,72.05,44.47,27.32
45550,70.38,45.04,26.43
45560,68.71,45.41,25.56
45570,67.03,45.71,24.70
45580,65.34,46.19,23.85
45590,63.63,46.61,23.02
45600,61.93,46.94,22.20
45610,60.20,47.57,21.40
45620,58.48,47.83,20.62
45630,56.75,48.32,19.85
45640,55.02,48.63,19.10
45650,53.27,49.28,18.36
45660,51.53,49.47,17.64
45670,49.79,49.88,16.94
45680,48.05,50.41,16.25
45690,46.32,50.42,15.58
45700,44.60,50.79,14.93
45710,42.89,50.90,14.30
45720,41.19,51.20,13.69
45730,39.50,51.41,13.10
45740,37.82,51.85,12.52
45750,36.16,51.76,11.97
45760,34.51,52.07,11.43
45770,32.90,51.81,10.92
45780,31.25,52.95,10.43
45790,29.63,53.16,9.95
45800,28.13,50.97,9.50
45810,26.53,53.78,9.06
45820,25.16,49.35,8.65
45830,23.69,52.11,8.26
45840,22.32,50.53,7.89
45850,20.85,52.96,7.54
45860,19.48,51.59,7.22
45870,18.04,53.54,6.91
45880,16.73,51.45,6.63
45890,15.43,51.87,6.37
45900,14.22,50.62,6.13
45910,13.07,49.71,5.92
45920,11.95,49.84,5.72
45930,10.85,49.80,5.55
45940,9.79,49.53,5.41
45950,8.71,50.45,5.28
45960,7.69,49.55,5.18
45970,6.71,49.51,5.10
45980,5.78,49.00,5.04
45990,4.91,48.27,5.01
46000,4.08,47.84,5.00
46010,3.31,47.11,5.01
46020,2.61,46.37,5.05
46030,1.93,46.18,5.11
46040,1.32,45.32,5.19
46050,0.71,45.67,5.29
46060,0.16,44.91,5.42
46070,-0.39,45.58,5.57
46080,-0.89,44.74,5.75
46090,-1.36,44.66,5.94
46100,-1.74,43.30,6.16
46110,-2.08,42.77,6.41
46120,-2.34,41.62,6.67
46130,-2.56,41.13,6.96
46140,-2.76,41.30,7.27
46150,-2.94,40.91,7.60
46160,-3.10,41.23,7.96
46170,-3.26,41.28,8.33
46180,-3.34,40.36,8.73
46190,-3.36,39.32,9.15
46200,-3.35,39.01,9.60
46210,-3.31,38.83,10.06
46220,-3.24,38.48,10.55
46230,-3.12,37.93,11.05
46240,-2.96,37.40,11.58
46250,-2.76,36.94,12.13
46260,-2.55,36.83,12.70
46270,-2.31,36.71,13.28
46280,-2.05,36.65,13.89
46290,-1.77,36.54,14.52
46300,-1.46,36.14,15.17
46310,-1.12,35.82,15.84
46320,-0.75,35.76,16.52
46330,-0.36,35.41,17.23
46340,0.03,35.78,17.95
46350,0.42,36.08,18.70
46360,0.83,36.15,19.46
46370,1.26,35.89,20.23
46380,1.72,35.74,21.03
46390,2.19,36.01,21.84
46400,2.67,35.97,22.67
46410,3.19,35.31,23.51
46420,3.77,34.69,24.37
46430,4.35,34.88,25.25
46440,4.92,35.51,26.14
46450,5.51,35.29,27.04
46460,6.12,35.26,27.96
46470,6.74,35.42,28.90
46480,7.36,35.79,29.85
46490,7.97,36.13,30.81
46500,8.61,36.10,31.78
46510,9.28,35.88,32.77
46520,9.95,36.09,33.77
46530,10.63,36.20,34.78
46540,11.36,35.64,35.80
46550,12.10,35.74,36.83
46560,12.81,36.77,37.87
46570,13.51,37.17,38.92
46580,14.21,37.75,39.98
46590,14.91,37.93,41.05
46600,15.65,37.68,42.13
46610,16.41,37.58,43.22
46620,17.18,37.62,44.32
46630,17.97,37.82,45.42
46640,18.76,37.98,46.53
46650,19.55,38.44,47.64
46660,20.31,39.45,48.76
46670,21.04,40.62,49.89
46680,21.76,40.99,51.02
46690,22.51,41.00,52.15
46700,23.27,41.05,53.29
46710,24.03,41.46,54.43
46720,24.79,42.04,55.57
46730,25.55,42.35,56.72
46740,26.35,42.16,57.87
46750,27.14,42.63,59.02
46760,27.93,42.96,60.17
46770,28.72,43.57,61.32
46780,29.50,44.06,62.47
46790,30.27,44.65,63.62
46800,31.05,44.97,64.76
46810,31.84,45.23,65.91
46820,32.65,45.40,67.05
46830,33.44,45.97,68.20
46840,34.22,46.67,69.33
46850,34.99,47.37,70.47
46860,35.76,47.88,71.60
46870,36.53,48.28,72.72
46880,37.28,49.04,73.84
46890,38.02,49.83,74.96
46900,38.76,50.23,76.06
46910,39.53,50.10,77.17
46920,40.30,50.41,78.26
46930,41.09,50.53,79.34
46940,41.89,50.80,80.42
46950,42.69,51.13,81.49
46960,43.49,51.55,82.55
46970,44.27,52.31,83.60
46980,45.05,52.92,84.64
46990,45.82,53.39,85.67
47000,46.60,53.65,86.69
47010,47.39,53.67,87.69
47020,48.20,53.90,88.69
47030,49.03,53.75,89.67
47040,49.87,53.79,90.64
47050,50.72,54.06,91.60
47060,51.56,54.47,92.54
47070,52.41,54.75,93.47
47080,53.24,55.43,94.38
47090,54.07,55.58,95.28
47100,54.90,56.11,96.16
47110,55.75,55.86,97.03
47120,56.63,55.54,97.88
47130,57.51,55.86,98.71
47140,58.40,55.84,99.53
47150,59.28,56.19,100.33
47160,60.16,56.49,101.11
47170,61.05,56.39,101.87
47180,61.95,56.55,102.62
47190,62.85,56.65,103.34
47200,63.76,56.49,104.05
47210,64.67,56.67,104.74
47220,65.60,56.47,105.41
47230,66.53,56.57,106.05
47240,67.46,56.55,106.68
47250,68.40,56.45,107.29
47260,69.34,56.53,107.87
47270,70.28,56.64,108.43
47280,71.21,56.71,108.98
47290,72.14,56.75,109.50
47300,73.08,56.58,109.99
47310,74.03,56.38,110.47
47320,75.00,56.06,110.92
47330,75.97,55.66,111.35
47340,76.96,55.48,111.76
47350,77.95,55.15,112.14
47360,78.94,55.04,112.50
47370,79.92,55.05,112.84
47380,80.90,54.93,113.15
47390,81.87,54.99,113.44
47400,82.84,54.84,113.71
47410,83.80,54.61,113.95
47420,84.76,54.45,114.16
47430,85.72,54.27,114.35
47440,86.69,53.93,114.52
47450,87.65,53.65,114.66
47460,88.61,53.34,114.78
47470,89.57,52.98,114.87
47480,90.53,52.79,114.94
47490,91.47,52.67,114.98
47500,92.40,52.65,115.00
47510,93.31,52.57,114.99
47520,94.21,52.20,114.96
47530,95.13,51.57,114.90
47540,96.05,51.10,114.82
47550,96.97,50.68,114.71
47560,97.86,50.62,114.58
47570,98.73,50.75,114.42
47580,99.59,50.31,114.24
47590,100.45,49.81,114.03
47600,101.29,49.71,113.80
47610,102.10,49.77,113.54
47620,102.91,49.15,113.26
47630,103.72,48.61,112.95
47640,104.53,47.90,112.62
47650,105.32,47.79,112.27
47660,106.10,47.46,111.89
47670,106.87,46.83,111.49
47680,107.64,46.33,111.06
47690,108.37,46.36,110.61
47700,109.09,45.98,110.14
47710,109.79,45.49,109.64
47720,110.47,45.40,109.12
47730,111.15,44.51,108.58
47740,111.80,44.40,108.01
47750,112.46,43.53,107.42
47760,113.08,43.69,106.81
47770,113.69,43.00,106.18
47780,114.25,43.17,105.53
47790,114.80,42.66,104.86
47800,115.34,42.17,104.16
47810,115.84,42.11,103.45
47820,116.34,41.25,102.71
47830,116.82,40.92,101.95
47840,117.26,40.75,101.18
47850,117.70,40.06,100.38
47860,118.13,39.52,99.57
47870,118.52,39.36,98.74
47880,118.87,39.44,97.89
47890,119.18,39.17,97.02
47900,119.48,38.85,96.13
47910,119.75,38.37,95.23
47920,120.00,37.89,94.31
47930,120.25,37.29,93.37
47940,120.46,37.06,92.42
47950,120.64,36.73,91.45
47960,120.80,36.44,90.47
47970,120.93,36.09,89.48
47980,121.02,36.01,88.47
47990,121.08,35.89,87.44
48000,121.09,35.90,86.40
48010,121.07,35.91,85.35
48020,121.01,35.63,84.29
48030,120.93,35.25,83.22
48040,120.85,34.59,82.13
48050,120.74,34.15,81.04
48060,120.60,33.97,79.93
48070,120.43,33.92,78.82
48080,120.22,33.69,77.69
48090,119.99,33.34,76.56
48100,119.72,33.38,75.42
48110,119.43,33.08,74.27
48120,119.11,32.69,73.11
48130,118.77,32.54,71.95
48140,118.39,32.27,70.78
48150,118.00,31.88,69.61
48160,117.58,31.82,68.43
48170,117.13,31.53,67.25
48180,116.64,31.61,66.06
48190,116.11,31.56,64.87
48200,115.56,31.39,63.68
48210,114.98,31.28,62.48
48220,114.38,31.13,61.29
48230,113.74,31.12,60.09
48240,113.07,30.87,58.89
48250,112.37,30.98,57.70
48260,111.65,30.84,56.50
48270,110.89,30.83,55.31
48280,110.10,30.96,54.11
48290,109.28,31.04,52.92
48300,108.41,31.31,51.74
48310,107.52,31.18,50.55
48320,106.59,31.48,49.37
48330,105.64,31.48,48.20
48340,104.65,31.64,47.03
48350,103.63,31.84,45.86
48360,102.59,31.85,44.71
48370,101.50,32.28,43.56
48380,100.39,32.40,42.41
48390,99.24,32.82,41.28
48400,98.05,33.14,40.15
48410,96.84,33.40,39.04
48420,95.58,33.95,37.93
48430,94.30,34.05,36.83
48440,92.99,34.51,35.75
48450,91.66,34.80,34.67
48460,90.29,35.20,33.61
48470,88.88,35.79,32.56
48480,87.45,36.18,31.52
48490,85.98,36.74,30.50
48500,84.49,37.24,29.49
48510,82.96,37.94,28.49
48520,81.40,38.43,27.51
48530,79.81,39.08,26.54
48540,78.20,39.39,25.59
48550,76.56,40.17,24.66
48560,74.90,40.63,23.74
48570,73.22,41.25,22.85
48580,71.50,42.04,21.96
48590,69.76,42.78,21.10
48600,68.00,43.33,20.25
48610,66.23,43.73,19.43
48620,64.43,44.57,18.62
48630,62.60,45.47,17.84
48640,60.75,46.23,17.07
48650,58.89,46.73,16.32
48660,57.03,47.18,15.60
48670,55.17,47.74,14.89
48680,53.30,48.19,14.21
48690,51.42,48.69,13.55
48700,49.56,49.02,12.91
48710,47.70,49.39,12.30
48720,45.82,50.28,11.71
48730,43.96,50.52,11.14
48740,42.11,50.73,10.59
48750,40.26,51.28,10.07
48760,38.44,51.30,9.58
48770,36.62,51.98,9.10
48780,34.83,51.93,8.65
48790,33.04,52.53,8.23
48800,31.28,52.51,7.83
48810,29.54,52.75,7.46
48820,27.79,53.56,7.12
48830,26.08,53.70,6.79
48840,24.41,53.39,6.50
48850,22.74,54.07,6.23
48860,21.14,53.43,5.99
48870,19.56,53.71,5.77
48880,18.00,53.92,5.58
48890,16.47,54.02,5.42
48900,15.04,52.77,5.28
48910,13.62,53.41,5.17
48920,12.23,53.25,5.09
48930,10.89,53.28,5.03
48940,9.64,51.95,5.00
48950,8.41,52.15,5.00
48960,7.23,51.98,5.03
48970,6.08,52.01,5.08
48980,5.01,51.11,5.16
48990,3.97,51.03,5.27
49000,2.97,51.13,5.40
49010,2.01,50.80,5.56
49020,1.13,49.87,5.75
49030,0.30,49.65,5.96
49040,-0.49,49.43,6.20
49050,-1.22,48.78,6.47
49060,-1.88,48.05,6.76
49070,-2.52,48.25,7.09
49080,-3.10,47.55,7.43
49090,-3.61,46.97,7.81
49100,-4.11,47.23,8.20
49110,-4.53,46.09,8.63
49120,-4.91,46.06,9.08
49130,-5.23,45.43,9.56
49140,-5.50,44.83,10.06
49150,-5.72,44.52,10.58
49160,-5.88,43.77,11.13
49170,-6.02,43.78,11.71
49180,-6.09,42.98,12.31
49190,-6.13,42.98,12.93
49200,-6.11,42.10,13.58
49210,-6.06,42.07,14.25
49220,-5.97,41.72,14.94
49230,-5.82,41.09,15.66
49240,-5.64,40.94,16.39
49250,-5.43,40.72,17.15
49260,-5.17,40.19,17.94
49270,-4.86,39.68,18.74
49280,-4.53,39.74,19.56
49290,-4.18,39.71,20.41
49300,-3.79,39.51,21.27
49310,-3.37,39.25,22.16
49320,-2.90,38.67,23.06
49330,-2.40,38.52,23.98
49340,-1.87,38.13,24.92
49350,-1.31,38.12,25.88
49360,-0.72,37.95,26.85
49370,-0.10,37.72,27.85
49380,0.54,37.70,28.86
49390,1.20,37.71,29.88
49400,1.89,37.56,30.92
49410,2.60,37.41,31.98
49420,3.33,37.42,33.05
49430,4.10,37.09,34.13
49440,4.88,37.33,35.23
49450,5.66,37.73,36.33
49460,6.44,38.06,37.46
49470,7.22,38.42,38.59
49480,8.00,38.85,39.73
49490,8.79,39.13,40.89
49500,9.61,38.95,42.05
49510,10.46,38.57,43.23
49520,11.36,38.19,44.41
49530,12.28,38.05,45.60
49540,13.20,38.55,46.80
49550,14.11,39.11,48.01
49560,15.01,39.69,49.22
49570,15.90,40.19,50.44
49580,16.81,40.28,51.66
49590,17.74,40.44,52.89
49600,18.68,40.35,54.12
49610,19.66,40.20,55.36
49620,20.66,40.04,56.60
49630,21.65,40.65,57.84
49640,22.63,41.21,59.08
49650,23.62,41.59,60.32
49660,24.57,42.55,61.56
49670,25.52,43.12,62.80
49680,26.46,43.56,64.04
49690,27.40,44.10,65.28
49700,28.35,44.44,66.52
49710,29.31,44.61,67.75
49720,30.27,44.94,68.98
49730,31.24,45.18,70.21
49740,32.21,45.42,71.43
49750,33.20,45.67,72.64
49760,34.19,45.88,73.85
49770,35.20,45.96,75.05
49780,36.20,46.45,76.25
49790,37.19,47.13,77.44
49800,38.17,47.78,78.61
49810,39.15,47.87,79.78
49820,40.16,47.94,80.94
49830,41.13,48.90,82.09
49840,42.11,49.21,83.23
49850,43.10,49.33,84.35
49860,44.08,49.90,85.47
49870,45.06,50.12,86.57
49880,46.05,50.36,87.65
49890,47.03,50.83,88.73
49900,48.01,51.20,89.79
49910,48.98,51.65,90.83
49920,49.96,51.88,91.86
49930,50.93,52.35,92.87
49940,51.91,52.38,93.86
49950,52.88,52.86,94.84
49960,53.87,52.64,95.80
49970,54.87,52.93,96.74
49980,55.86,53.21,97.66
49990,56.85,53.40,98.57
50000,57.85,53.42,99.45
50010,58.83,54.02,100.31
50020,59.82,54.04,101.16
50030,60.82,54.18,101.98
50040,61.80,54.57,102.78
50050,62.78,54.76,103.56
50060,63.77,54.59,104.31
50070,64.77,54.68,105.04
50080,65.76,54.91,105.75
50090,66.74,55.19,106.44
50100,67.72,55.19,107.10
50110,68.71,55.16,107.73
50120,69.69,55.40,108.35
50130,70.67,55.53,108.93
50140,71.64,55.61,109.49
50150,72.61,55.53,110.03
50160,73.59,55.48,110.54
50170,74.56,55.40,111.02
50180,75.54,55.32,111.48
50190,76.52,55.24,111.91
50200,77.49,55.32,112.31
50210,78.45,55.49,112.69
50220,79.40,55.51,113.04
50230,80.35,55.23,113.36
50240,81.31,54.98,113.65
50250,82.27,54.80,113.91
50260,83.23,54.55,114.15
50270,84.19,54.47,114.35
50280,85.13,54.42,114.53
50290,86.07,54.25,114.68
50300,87.00,54.10,114.80
50310,87.93,53.89,114.90
50320,88.86,53.44,114.96
50330,89.79,53.21,114.99
50340,90.72,52.92,115.00
50350,91.62,52.83,114.97
50360,92.52,52.76,114.92
50370,93.41,52.32,114.84
50380,94.31,51.89,114.73
50390,95.20,51.40,114.59
50400,96.08,51.18,114.42
50410,96.94,51.17,114.22
50420,97.79,50.71,114.00
50430,98.65,50.13,113.74
50440,99.49,49.90,113.46
50450,100.31,49.81,113.14
50460,101.11,49.44,112.80
50470,101.93,48.74,112.43
50480,102.72,48.41,112.04
50490,103.49,48.40,111.61
50500,104.26,47.61,111.16
50510,105.02,47.11,110.68
50520,105.75,47.04,110.17
50530,106.49,46.24,109.64
50540,107.20,46.06,109.08
50550,107.88,45.85,108.49
50560,108.56,45.07,107.88
50570,109.21,45.12,107.24
50580,109.86,44.19,106.58
50590,110.48,44.15,105.89
50600,111.09,43.40,105.18
50610,111.67,43.25,104.44
50620,112.25,42.41,103.68
50630,112.79,42.45,102.89
50640,113.32,41.65,102.08
50650,113.83,41.32,101.25
50660,114.30,41.18,100.40
50670,114.77,40.38,99.52
50680,115.22,39.96,98.62
50690,115.62,39.80,97.71
50700,116.02,39.25,96.77
50710,116.39,38.62,95.81
50720,116.75,38.16,94.83
50730,117.07,37.85,93.83
50740,117.37,37.53,92.82
50750,117.63,37.38,91.78
50760,117.85,37.12,90.73
50770,118.04,36.86,89.66
50780,118.21,36.47,88.58
50790,118.34,36.15,87.48
50800,118.46,35.67,86.36
50810,118.54,35.23,85.23
50820,118.61,34.83,84.09
50830,118.65,34.26,82.93
50840,118.66,34.06,81.76
50850,118.62,34.08,80.58
50860,118.55,33.97,79.39
50870,118.44,33.53,78.19
50880,118.32,33.01,76.97
50890,118.16,32.93,75.75
50900,117.98,32.57,74.52
50910,117.76,32.20,73.28
50920,117.52,31.95,72.03
50930,117.24,31.70,70.77
50940,116.94,31.39,69.51
50950,116.60,31.26,68.24
50960,116.23,30.95,66.97
50970,115.83,30.85,65.70
50980,115.40,30.58,64.42
50990,114.94,30.38,63.14
51000,114.44,30.25,61.85
51010,113.89,30.68,60.57
51020,113.30,30.51,59.28
51030,112.69,30.29,58.00
51040,112.04,30.30,56.71
51050,111.35,30.28,55.43
51060,110.64,30.10,54.15
51070,109.90,30.15,52.87
51080,109.11,30.22,51.59
51090,108.30,30.13,50.32
51100,107.45,30.29,49.06
51110,106.57,30.18,47.80
51120,105.66,30.40,46.54
51130,104.70,30.69,45.30
51140,103.71,30.78,44.06
51150,102.67,31.25,42.83
51160,101.61,31.09,41.61
51170,100.52,31.27,40.40
51180,99.38,31.81,39.20
51190,98.23,31.75,38.01
51200,97.03,32.15,36.83
51210,95.80,32.63,35.66
51220,94.54,32.59,34.51
51230,93.25,33.12,33.37
51240,91.91,33.70,32.25
51250,90.56,33.82,31.14
51260,89.15,34.55,30.05
51270,87.72,34.93,28.97
51280,86.27,35.20,27.91
51290,84.77,36.00,26.87
51300,83.25,36.34,25.85
51310,81.71,36.81,24.84
51320,80.12,37.62,23.85
51330,78.51,37.93,22.89
51340,76.87,38.63,21.94
51350,75.22,39.01,21.02
51360,73.53,39.83,20.11
51370,71.81,40.64,19.23
51380,70.07,41.09,18.37
51390,68.30,41.94,17.53
51400,66.51,42.48,16.72
51410,64.71,43.03,15.93
51420,62.90,43.57,15.17
51430,61.06,44.27,14.43
51440,59.20,45.23,13.71
51450,57.33,45.88,13.02
51460,55.43,46.62,12.36
51470,53.53,47.25,11.73
51480,51.63,47.84,11.12
51490,49.73,48.20,10.53
51500,47.83,48.64,9.98
51510,45.94,49.11,9.45
51520,44.06,49.41,8.95
51530,42.17,50.37,8.48
51540,40.29,50.60,8.04
51550,38.42,51.16,7.63
51560,36.55,51.74,7.24
51570,34.71,51.75,6.89
51580,32.87,52.47,6.57
51590,31.06,52.58,6.27
51600,29.27,53.14,6.01
51610,27.51,53.01,5.78
51620,25.76,53.61,5.57
51630,24.04,53.83,5.40
51640,22.37,53.58,5.26
51650,20.70,54.43,5.15
51660,19.09,53.95,5.07
51670,17.52,53.92,5.02
51680,15.97,54.39,5.00
51690,14.45,54.51,5.01
51700,13.00,53.97,5.06
51710,11.60,53.85,5.13
51720,10.21,54.40,5.24
51730,8.86,54.44,5.38
51740,7.58,53.83,5.54
51750,6.36,53.46,5.74
51760,5.18,53.50,5.97
51770,4.03,53.80,6.23
51780,2.93,53.49,6.52
51790,1.91,52.89,6.85
51800,0.94,52.46,7.20
51810,0.01,52.72,7.58
51820,-0.89,52.72,7.99
51830,-1.72,52.09,8.43
51840,-2.46,51.23,8.90
51850,-3.16,51.14,9.40
51860,-3.83,51.28,9.93
51870,-4.44,50.85,10.49
51880,-4.96,50.00,11.08
51890,-5.44,49.78,11.69
51900,-5.89,49.93,12.33
51910,-6.28,49.35,13.00
51920,-6.59,48.61,13.70
51930,-6.86,48.56,14.42
51940,-7.09,48.38,15.17
51950,-7.24,47.46,15.94
51960,-7.35,47.33,16.74
51970,-7.41,47.15,17.57
51980,-7.40,46.24,18.42
51990,-7.36,46.39,19.29
52000,-7.26,45.75,20.19
52010,-7.11,45.56,21.11
52020,-6.93,45.39,22.05
52030,-6.68,44.67,23.02
52040,-6.41,44.88,24.00
52050,-6.07,44.13,25.01
52060,-5.71,44.29,26.04
52070,-5.29,43.62,27.09
52080,-4.84,43.54,28.15
52090,-4.35,43.38,29.24
52100,-3.81,42.94,30.34
52110,-3.25,43.17,31.46
52120,-2.64,42.61,32.60
52130,-1.99,42.40,33.75
52140,-1.32,42.60,34.92
52150,-0.61,42.03,36.10
52160,0.16,41.68,37.30
52170,0.93,41.92,38.51
52180,1.73,41.90,39.74
52190,2.58,41.50,40.97
52200,3.45,41.38,42.22
52210,4.34,41.53,43.48
52220,5.26,41.35,44.74
52230,6.22,41.12,46.02
52240,7.20,40.94,47.31
52250,8.22,40.78,48.60
52260,9.24,41.09,49.90
52270,10.27,41.32,51.20
52280,11.34,41.18,52.52
52290,12.42,41.05,53.83
52300,13.53,41.06,55.15
52310,14.64,41.31,56.47
52320,15.76,41.66,57.80
52330,16.91,41.33,59.13
52340,18.07,41.65,60.45
52350,19.23,41.88,61.78
52360,20.40,42.10,63.11
52370,21.59,42.08,64.43
52380,22.79,42.16,65.76
52390,24.01,42.13,67.08
52400,25.24,42.45,68.40
52410,26.46,42.81,69.71
52420,27.68,43.19,71.01
52430,28.89,43.63,72.31
52440,30.11,43.92,73.61
52450,31.33,44.15,74.89
52460,32.56,44.25,76.17
52470,33.80,44.39,77.44
52480,35.05,44.64,78.70
52490,36.28,45.14,79.95
52500,37.50,45.73,81.18
52510,38.71,46.16,82.41
52520,39.92,46.41,83.62
52530,41.14,46.57,84.81
52540,42.37,46.78,86.00
52550,43.57,47.43,87.17
52560,44.77,47.84,88.32
52570,45.97,47.99,89.45
52580,47.17,48.29,90.57
52590,48.34,48.95,91.67
52600,49.53,49.10,92.76
52610,50.70,49.46,93.82
52620,51.86,49.98,94.87
52630,53.02,50.13,95.89
52640,54.17,50.64,96.89
52650,55.32,50.77,97.87
52660,56.46,51.16,98.83
52670,57.60,51.40,99.77
52680,58.73,51.63,100.68
52690,59.85,51.93,101.57
52700,60.96,52.29,102.43
52710,62.08,52.33,103.27
52720,63.18,52.80,104.09
52730,64.28,52.85,104.88
52740,65.37,53.02,105.64
52750,66.46,53.25,106.37
52760,67.56,53.11,107.08
52770,68.64,53.36,107.76
52780,69.71,53.67,108.41
52790,70.79,53.45,109.03
52800,71.86,53.68,109.63
52810,72.91,53.93,110.19
52820,73.96,53.97,110.73
52830,75.01,53.84,111.23
52840,76.06,53.85,111.70
52850,77.09,54.09,112.15
52860,78.12,53.94,112.56
52870,79.15,53.79,112.94
52880,80.17,53.87,113.29
52890,81.18,53.95,113.60
52900,82.17,53.96,113.89
52910,83.17,53.71,114.14
52920,84.17,53.38,114.36
52930,85.15,53.47,114.55
52940,86.12,53.43,114.71
52950,87.09,53.25,114.83
52960,88.05,52.93,114.92
52970,89.01,52.62,114.98
52980,89.96,52.64,115.00
52990,90.88,52.58,114.99
53000,91.81,52.11,114.95
53010,92.74,51.70,114.87
53020,93.66,51.51,114.76
53030,94.55,51.53,114.62
53040,95.43,51.26,114.45
53050,96.33,50.51,114.24
53060,97.21,50.29,114.00
53070,98.06,50.23,113.73
53080,98.91,49.73,113.42
53090,99.76,49.22,113.08
53100,100.58,49.01,112.71
53110,101.39,48.74,112.31
53120,102.19,48.19,111.88
53130,102.98,47.81,111.41
53140,103.75,47.64,110.92
53150,104.51,46.89,110.39
53160,105.26,46.63,109.83
53170,105.98,46.27,109.25
53180,106.70,45.60,108.63
53190,107.38,45.56,107.98
53200,108.06,44.89,107.30
53210,108.71,44.75,106.60
53220,109.36,43.85,105.86
53230,109.97,43.81,105.10
53240,110.58,42.92,104.31
53250,111.15,42.98,103.49
53260,111.71,42.11,102.65
53270,112.25,41.75,101.78
53280,112.77,41.45,100.88
53290,113.27,40.68,99.96
53300,113.74,40.41,99.02
53310,114.18,40.13,98.05
53320,114.61,39.47,97.05
53330,115.02,38.81,96.04
53340,115.40,38.45,95.00
53350,115.74,38.31,93.94
53360,116.06,37.91,92.86
53370,116.34,37.48,91.76
53380,116.61,37.04,90.64
53390,116.81,37.29,89.50
53400,116.98,36.95,88.34
53410,117.12,36.51,87.16
53420,117.23,36.30,85.97
53430,117.30,35.99,84.76
53440,117.34,35.72,83.54
53450,117.35,35.29,82.30
53460,117.33,35.02,81.05
53470,117.29,34.54,79.78
53480,117.23,33.96,78.50
53490,117.14,33.40,77.21
53500,117.02,33.27,75.91
53510,116.87,32.82,74.60
53520,116.70,32.38,73.28
53530,116.48,32.33,71.95
53540,116.24,31.83,70.61
53550,115.97,31.41,69.27
53560,115.67,31.21,67.92
53570,115.34,30.85,66.56
53580,114.97,30.69,65.20
53590,114.58,30.25,63.84
53600,114.15,30.19,62.47
53610,113.70,29.75,61.11
53620,113.21,29.71,59.74
53630,112.69,29.36,58.37
53640,112.13,29.37,57.00
53650,111.54,29.05,55.63
53660,110.92,28.95,54.27
53670,110.26,28.99,52.91
53680,109.58,28.59,51.55
53690,108.85,28.74,50.20
53700,108.08,28.90,48.85
53710,107.29,28.51,47.51
53720,106.47,28.56,46.18
53730,105.59,28.96,44.86
53740,104.70,28.73,43.54
53750,103.77,28.67,42.24
53760,102.79,29.07,40.95
53770,101.77,29.40,39.66
53780,100.74,29.07,38.39
53790,99.68,29.17,37.14
53800,98.57,29.71,35.89
53810,97.41,30.12,34.67
53820,96.23,30.06,33.45
53830,95.03,30.12,32.26
53840,93.77,30.94,31.08
53850,92.47,31.36,29.92
53860,91.16,31.42,28.78
53870,89.81,31.71,27.65
53880,88.42,32.48,26.55
53890,86.98,33.08,25.47
53900,85.53,33.24,24.40
53910,84.04,33.67,23.37
53920,82.51,34.59,22.35
53930,80.95,35.12,21.36
53940,79.37,35.42,20.39
53950,77.74,36.37,19.44
53960,76.08,37.05,18.52
53970,74.40,37.61,17.63
53980,72.69,38.11,16.76
53990,70.95,39.18,15.93
54000,69.19,39.62,15.11
54010,67.39,40.55,14.33
54020,65.58,41.17,13.57
54030,63.74,41.95,12.85
54040,61.88,42.81,12.15
54050,59.99,43.63,11.48
54060,58.10,44.09,10.85
54070,56.20,44.86,10.24
54080,54.26,45.97,9.67
54090,52.31,46.80,9.13
54100,50.34,47.67,8.62
54110,48.37,48.40,8.14
54120,46.40,48.91,7.70
54130,44.43,49.60,7.28
54140,42.48,50.00,6.91
54150,40.53,50.44,6.56
54160,38.59,51.22,6.25
54170,36.65,51.91,5.97
54180,34.72,52.28,5.73
54190,32.80,53.09,5.52
54200,30.90,53.42,5.35
54210,29.03,53.85,5.21
54220,27.18,54.15,5.11
54230,25.34,54.78,5.04
54240,23.54,54.90,5.00
54250,21.77,55.26,5.00
54260,20.02,55.76,5.04
54270,18.34,55.35,5.11
54280,16.67,56.01,5.22
54290,15.03,56.51,5.36
54300,13.43,56.42,5.54
54310,11.91,56.02,5.75
54320,10.43,56.09,5.99
54330,8.98,56.51,6.27
54340,7.56,56.89,6.59
54350,6.19,56.82,6.94
54360,4.89,56.53,7.32
54370,3.64,56.36,7.74
54380,2.46,55.96,8.19
54390,1.36,55.40,8.67
54400,0.32,55.16,9.19
54410,-0.67,55.08,9.74
54420,-1.60,54.79,10.32
54430,-2.48,54.78,10.94
54440,-3.30,54.67,11.58
54450,-4.08,54.51,12.26
54460,-4.80,54.54,12.97
54470,-5.47,54.34,13.70
54480,-6.06,53.74,14.47
54490,-6.59,53.26,15.27
54500,-7.03,52.60,16.10
54510,-7.41,52.02,16.95
54520,-7.73,51.81,17.84
54530,-8.00,51.67,18.75
54540,-8.23,51.68,19.69
54550,-8.40,51.38,20.65
54560,-8.49,50.61,21.64
54570,-8.51,49.96,22.66
54580,-8.42,48.71,23.69
54590,-8.30,48.72,24.76
54600,-8.13,48.47,25.84
54610,-7.88,47.53,26.95
54620,-7.58,47.30,28.08
54630,-7.25,47.45,29.23
54640,-6.86,46.90,30.40
54650,-6.40,46.21,31.59
54660,-5.92,46.37,32.80
54670,-5.39,46.24,34.03
54680,-4.80,45.53,35.28
54690,-4.18,45.77,36.54
54700,-3.51,45.22,37.81
54710,-2.78,44.59,39.10
54720,-2.03,44.90,40.41
54730,-1.23,44.41,41.73
54740,-0.40,44.41,43.06
54750,0.47,44.15,44.40
54760,1.38,43.92,45.75
54770,2.31,44.13,47.11
54780,3.30,43.38,48.48
54790,4.29,43.80,49.86
54800,5.32,43.65,51.25
54810,6.40,43.21,52.64
54820,7.48,43.61,54.04
54830,8.59,43.36,55.44
54840,9.75,43.08,56.84
54850,10.91,43.42,58.25
54860,12.09,43.44,59.66
54870,13.31,43.03,61.06
54880,14.54,43.32,62.47
54890,15.78,43.48,63.88
54900,17.05,43.33,65.28
54910,18.34,43.15,66.68
54920,19.64,43.52,68.08
54930,20.95,43.76,69.47
54940,22.28,43.55,70.86
54950,23.63,43.53,72.24
54960,24.97,44.01,73.61
54970,26.32,44.18,74.97
54980,27.70,44.01,76.33
54990,29.07,44.27,77.67
55000,30.46,44.46,79.00
55010,31.83,44.93,80.32
55020,33.22,44.79,81.63
55030,34.63,44.77,82.92
55040,36.03,45.30,84.20
55050,37.41,45.72,85.46
55060,38.81,45.72,86.71
55070,40.22,45.70,87.93
55080,41.61,46.28,89.14
55090,42.99,46.62,90.33
55100,44.39,46.49,91.50
55110,45.78,46.93,92.65
55120,47.16,47.09,93.78
55130,48.53,47.55,94.89
55140,49.90,47.72,95.97
55150,51.27,47.95,97.03
55160,52.61,48.47,98.07
55170,53.95,48.59,99.08
55180,55.29,48.78,100.07
55190,56.61,49.26,101.02
55200,57.93,49.43,101.96
55210,59.23,49.71,102.86
55220,60.54,49.71,103.73
55230,61.83,50.08,104.58
55240,63.10,50.33,105.40
55250,64.37,50.45,106.18
55260,65.63,50.73,106.94
55270,66.88,50.77,107.67
55280,68.12,50.95,108.36
55290,69.36,50.98,109.02
55300,70.58,51.26,109.65
55310,71.78,51.38,110.24
55320,72.99,51.28,110.81
55330,74.17,51.71,111.33
55340,75.36,51.36,111.83
55350,76.52,51.78,112.29
55360,77.67,51.75,112.71
55370,78.82,51.52,113.10
55380,79.94,51.87,113.45
55390,81.07,51.58,113.77
55400,82.18,51.50,114.05
55410,83.27,51.74,114.30
55420,84.37,51.35,114.51
55430,85.44,51.46,114.68
55440,86.50,51.38,114.81
55450,87.57,50.88,114.91
55460,88.60,51.11,114.97
55470,89.62,50.91,115.00
55480,90.64,50.60,114.99
55490,91.64,50.61,114.94
55500,92.62,50.45,114.85
55510,93.60,49.92,114.73
55520,94.55,49.96,114.57
55530,95.49,49.76,114.37
55540,96.43,49.19,114.14
55550,97.35,49.10,113.87
55560,98.25,48.78,113.56
55570,99.14,48.34,113.21
55580,100.00,48.33,112.83
55590,100.86,47.71,112.42
55600,101.69,47.48,111.97
55610,102.51,47.19,111.48
55620,103.32,46.63,110.96
55630,104.09,46.67,110.40
55640,104.87,45.84,109.81
55650,105.61,45.73,109.19
55660,106.35,45.01,108.53
55670,107.05,44.85,107.84
55680,107.75,44.13,107.12
55690,108.42,44.05,106.36
55700,109.08,43.28,105.57
55710,109.70,43.11,104.75
55720,110.30,42.65,103.90
55730,110.87,42.53,103.02
55740,111.42,41.86,102.11
55750,111.96,41.25,101.18
55760,112.46,41.12,100.21
55770,112.96,40.15,99.22
55780,113.42,39.93,98.19
55790,113.85,39.64,97.15
55800,114.27,38.89,96.07
55810,114.67,38.16,94.98
55820,115.05,37.64,93.85
55830,115.40,37.26,92.71
55840,115.71,37.01,91.54
55850,115.99,36.67,90.35
55860,116.24,36.19,89.14
55870,116.45,35.81,87.91
55880,116.64,35.39,86.66
55890,116.80,34.87,85.39
55900,116.94,34.34,84.10
55910,117.05,33.68,82.80
55920,117.13,33.35,81.48
55930,117.17,33.14,80.14
55940,117.17,32.97,78.79
55950,117.14,32.52,77.43
55960,117.07,32.21,76.05
55970,116.96,31.94,74.67
55980,116.83,31.38,73.27
55990,116.68,30.94,71.87
56000,116.48,30.67,70.45
56010,116.26,30.28,69.03
56020,115.99,30.06,67.60
56030,115.70,29.64,66.17
56040,115.37,29.39,64.73
56050,115.02,28.90,63.29
56060,114.63,28.77,61.84
56070,114.20,28.37,60.40
56080,113.74,28.26,58.95
56090,113.24,28.07,57.50
56100,112.72,27.58,56.06
56110,112.16,27.49,54.61
56120,111.56,27.56,53.18
56130,110.93,27.19,51.74
56140,110.27,26.88,50.31
56150,109.56,27.15,48.89
56160,108.80,27.26,47.47
56170,108.03,26.84,46.07
56180,107.22,26.71,44.67
56190,106.38,26.73,43.28
56200,105.49,26.92,41.90
56210,104.56,27.11,40.54
56220,103.59,27.24,39.19
56230,102.59,27.24,37.85
56240,101.56,27.23,36.53
56250,100.50,27.18,35.23
56260,99.40,27.54,33.94
56270,98.25,27.86,32.67
56280,97.07,28.21,31.42
56290,95.84,28.63,30.18
56300,94.58,28.83,28.97
56310,93.28,29.30,27.78
56320,91.96,29.41,26.62
56330,90.60,29.74,25.47
56340,89.21,30.21,24.35
56350,87.77,30.94,23.25
56360,86.29,31.52,22.18
56370,84.77,32.18,21.14
56380,83.22,32.66,20.12
56390,81.65,33.07,19.13
56400,80.05,33.62,18.17
56410,78.40,34.44,17.24
56420,76.71,35.42,16.34
56430,75.00,36.03,15.47
56440,73.26,36.44,14.63
56450,71.50,37.37,13.82
56460,69.69,38.37,13.04
56470,67.86,39.13,12.30
56480,66.01,39.70,11.59
56490,64.11,41.00,10.91
56500,62.21,41.48,10.27
56510,60.28,42.60,9.67
56520,58.33,43.36,9.10
56530,56.38,44.03,8.56
56540,54.39,45.16,8.06
56550,52.39,45.99,7.60
56560,50.36,47.22,7.17
56570,48.34,47.88,6.78
56580,46.31,48.50,6.43
56590,44.28,49.35,6.12
56600,42.25,50.08,5.85
56610,40.23,50.91,5.61
56620,38.21,51.44,5.41
56630,36.22,51.90,5.25
56640,34.22,52.95,5.13
56650,32.23,53.44,5.05
56660,30.27,54.14,5.01
56670,28.32,54.66,5.00
56680,26.39,55.30,5.04
56690,24.50,55.45,5.11
56700,22.62,56.38,5.23
56710,20.79,56.44,5.38
56720,18.99,56.79,5.57
56730,17.21,57.48,5.80
56740,15.47,57.85,6.07
56750,13.79,57.78,6.38
56760,12.17,57.56,6.72
56770,10.59,57.81,7.11
56780,9.06,58.11,7.53
56790,7.56,58.54,7.99
56800,6.11,58.76,8.48
56810,4.71,58.93,9.02
56820,3.36,58.87,9.59
56830,2.08,58.83,10.19
56840,0.85,58.78,10.83
56850,-0.31,58.60,11.51
56860,-1.40,58.38,12.22
56870,-2.37,57.04,12.97
56880,-3.26,56.47,13.75
56890,-4.08,56.12,14.56
56900,-4.82,55.64,15.41
56910,-5.48,55.08,16.29
56920,-6.07,54.74,17.20
56930,-6.62,54.90,18.14
56940,-7.11,54.63,19.11
56950,-7.53,54.21,20.11
56960,-7.88,54.00,21.14
56970,-8.16,53.52,22.20
56980,-8.39,53.33,23.28
56990,-8.56,53.24,24.40
57000,-8.68,53.05,25.53
57010,-8.74,52.90,26.70
57020,-8.74,52.59,27.88
57030,-8.65,51.86,29.09
57040,-8.50,51.26,30.33
57050,-8.27,50.65,31.58
57060,-7.99,50.64,32.86
57070,-7.68,50.67,34.15
57080,-7.32,50.65,35.47
57090,-6.89,49.97,36.80
57100,-6.39,49.24,38.15
57110,-5.84,49.15,39.52
57120,-5.26,49.34,40.90
57130,-4.62,48.81,42.29
57140,-3.91,48.14,43.70
57150,-3.17,48.42,45.12
57160,-2.39,48.17,46.55
57170,-1.54,47.43,47.99
57180,-0.67,47.70,49.44
57190,0.25,47.31,50.90
57200,1.23,46.87,52.37
57210,2.22,47.26,53.84
57220,3.27,46.45,55.32
57230,4.35,46.67,56.80
57240,5.47,46.26,58.28
57250,6.63,46.12,59.76
57260,7.82,46.11,61.25
57270,9.04,45.82,62.73
57280,10.29,45.92,64.21
57290,11.57,45.53,65.69
57300,12.88,45.59,67.17
57310,14.22,45.47,68.64
57320,15.58,45.39,70.10
57330,16.96,45.40,71.56
57340,18.37,45.00,73.01
57350,19.80,45.28,74.45
57360,21.26,44.88,75.88
57370,22.72,45.21,77.30
57380,24.21,45.10,78.71
57390,25.71,44.92,80.10
57400,27.22,45.22,81.48
57410,28.75,44.93,82.84
57420,30.29,45.09,84.19
57430,31.83,45.28,85.52
57440,33.39,45.16,86.83
57450,34.95,45.27,88.12
57460,36.51,45.45,89.39
57470,38.09,45.36,90.64
57480,39.66,45.60,91.87
57490,41.23,45.66,93.07
57500,42.81,45.60,94.25
57510,44.38,45.94,95.41
57520,45.95,45.97,96.53
57530,47.53,45.98,97.64
57540,49.09,46.33,98.71
57550,50.65,46.32,99.76
57560,52.20,46.54,100.78
57570,53.74,46.80,101.76
57580,55.27,47.03,102.72
57590,56.79,47.07,103.65
57600,58.30,47.19,104.54
57610,59.80,47.43,105.40
57620,61.30,47.50,106.23
57630,62.77,47.72,107.02
57640,64.24,47.81,107.78
57650,65.69,47.88,108.51
57660,67.12,48.20,109.19
57670,68.54,48.39,109.84
57680,69.95,48.29,110.46
57690,71.33,48.61,111.04
57700,72.71,48.51,111.58
57710,74.06,48.71,112.08
57720,75.40,48.89,112.54
57730,76.72,48.82,112.96
57740,78.01,49.19,113.35
57750,79.30,48.91,113.69
57760,80.56,49.18,114.00
57770,81.80,49.06,114.26
57780,83.03,49.17,114.49
57790,84.24,49.02,114.67
57800,85.43,48.96,114.82
57810,86.61,48.82,114.92
57820,87.77,48.75,114.98
57830,88.91,48.80,115.00
57840,90.03,48.54,114.98
57850,91.12,48.70,114.92
57860,92.20,48.38,114.82
57870,93.25,48.36,114.67
57880,94.29,48.07,114.49
57890,95.30,47.98,114.26
57900,96.31,47.55,114.00
57910,97.28,47.48,113.69
57920,98.25,47.00,113.34
57930,99.18,47.10,112.95
57940,100.11,46.49,112.53
57950,100.99,46.55,112.06
57960,101.88,45.90,111.56
57970,102.72,45.94,111.01
57980,103.56,45.19,110.43
57990,104.37,45.13,109.81
58000,105.16,44.59,109.15
58010,105.93,44.27,108.45
58020,106.66,44.07,107.72
58030,107.39,43.27,106.95
58040,108.08,43.18,106.15
58050,108.77,42.43,105.31
58060,109.43,42.07,104.44
58070,110.03,42.24,103.53
58080,110.62,41.49,102.59
58090,111.19,41.09,101.62
58100,111.72,40.91,100.62
58110,112.24,40.08,99.58
58120,112.74,39.51,98.52
58130,113.19,39.34,97.42
58140,113.63,38.72,96.30
58150,114.05,37.99,95.15
58160,114.46,37.29,93.98
58170,114.83,36.89,92.77
58180,115.18,36.22,91.54
58190,115.51,35.78,90.29
58200,115.79,35.34,89.02
58210,116.05,34.90,87.72
58220,116.27,34.57,86.40
58230,116.45,34.26,85.06
58240,116.59,33.94,83.70
58250,116.70,33.55,82.32
58260,116.78,33.11,80.93
58270,116.82,32.68,79.52
58280,116.82,32.38,78.09
58290,116.79,31.93,76.65
58300,116.74,31.39,75.20
58310,116.64,31.14,73.74
58320,116.51,30.74,72.26
58330,116.35,30.36,70.78
58340,116.16,29.90,69.28
58350,115.93,29.43,67.78
58360,115.67,29.22,66.28
58370,115.38,28.67,64.76
58380,115.05,28.48,63.25
58390,114.68,28.09,61.73
58400,114.29,27.68,60.21
58410,113.85,27.64,58.69
58420,113.39,27.20,57.17
58430,112.89,26.71,55.65
58440,112.35,26.80,54.13
58450,111.77,26.66,52.62
58460,111.17,26.12,51.11
58470,110.53,25.89,49.62
58480,109.85,25.96,48.12
58490,109.12,26.02,46.64
58500,108.35,26.01,45.17
58510,107.55,25.87,43.71
58520,106.71,25.82,42.26
58530,105.84,25.86,40.82
58540,104.92,25.81,39.40
58550,103.98,25.79,37.99
58560,102.99,25.85,36.60
58570,101.97,25.96,35.23
58580,100.92,25.99,33.88
58590,99.83,26.12,32.54
58600,98.70,26.31,31.23
58610,97.53,26.67,29.94
58620,96.32,26.98,28.67
58630,95.08,27.27,27.43
58640,93.79,27.59,26.21
58650,92.47,28.02,25.01
58660,91.11,28.35,23.85
58670,89.72,28.83,22.71
58680,88.28,29.47,21.60
58690,86.79,30.07,20.52
58700,85.27,30.71,19.47
58710,83.72,31.23,18.45
58720,82.12,31.98,17.46
58730,80.49,32.63,16.51
58740,78.81,33.65,15.59
58750,77.11,34.18,14.70
58760,75.38,34.79,13.85
58770,73.62,35.51,13.03
58780,71.83,36.39,12.26
58790,70.00,37.50,11.51
58800,68.14,38.14,10.81
58810,66.27,38.91,10.14
58820,64.36,39.84,9.51
58830,62.41,41.14,8.92
58840,60.46,41.71,8.37
58850,58.48,42.72,7.87
58860,56.49,43.61,7.40
58870,54.48,44.53,6.97
58880,52.45,45.37,6.58
58890,50.41,46.45,6.24
58900,48.34,47.82,5.93
58910,46.27,48.60,5.67
58920,44.18,49.57,5.45
58930,42.11,50.27,5.28
58940,40.04,51.05,5.15
58950,37.99,51.67,5.06
58960,35.95,52.32,5.01
58970,33.91,53.20,5.00
58980,31.89,53.98,5.04
58990,29.89,54.59,5.12
59000,27.90,55.50,5.25
59010,25.94,55.83,5.42
59020,24.00,56.73,5.63
59030,22.07,57.45,5.88
59040,20.20,57.55,6.18
59050,18.36,58.08,6.52
59060,16.54,59.00,6.90
59070,14.77,59.21,7.32
59080,13.05,59.19,7.78
59090,11.40,59.22,8.29
59100,9.80,59.41,8.83
59110,8.25,59.64,9.42
59120,6.75,59.89,10.05
59130,5.31,60.01,10.71
59140,3.93,59.99,11.42
59150,2.61,59.88,12.16
59160,1.37,59.76,12.94
59170,0.19,59.79,13.76
59180,-0.94,59.95,14.61
59190,-2.02,60.19,15.50
59200,-3.06,60.68,16.43
59210,-4.05,60.94,17.39
59220,-4.97,60.71,18.39
59230,-5.79,60.16,19.41
59240,-6.50,59.01,20.47
59250,-7.11,58.23,21.57
59260,-7.66,58.10,22.69
59270,-8.11,57.30,23.84
59280,-8.53,57.83,25.02
59290,-8.88,57.64,26.23
59300,-9.14,56.79,27.47
59310,-9.29,55.84,28.73
59320,-9.35,54.90,30.02
59330,-9.38,55.40,31.33
59340,-9.35,55.42,32.67
59350,-9.26,55.08,34.02
59360,-9.11,54.87,35.40
59370,-8.89,54.36,36.80
59380,-8.57,53.50,38.21
59390,-8.19,53.18,39.65
59400,-7.75,52.76,41.10
59410,-7.24,52.24,42.56
59420,-6.66,51.85,44.04
59430,-6.02,51.45,45.54
59440,-5.32,51.10,47.04
59450,-4.59,51.15,48.56
59460,-3.81,51.11,50.08
59470,-3.00,51.00,51.62
59480,-2.11,50.45,53.16
59490,-1.15,49.70,54.70
59500,-0.15,49.40,56.25
59510,0.89,49.53,57.81
59520,1.95,49.72,59.36
59530,3.08,48.88,60.92
59540,4.26,48.41,62.48
59550,5.47,48.60,64.03
59560,6.71,48.38,65.58
59570,8.02,47.66,67.13
59580,9.34,47.90,68.67
59590,10.70,47.59,70.21
59600,12.11,47.19,71.74
59610,13.53,47.32,73.25
59620,14.99,46.88,74.76
59630,16.49,46.67,76.26
59640,18.00,46.77,77.74
59650,19.55,46.14,79.21
59660,21.11,46.52,80.67
59670,22.71,45.96,82.11
59680,24.31,46.19,83.53
59690,25.95,45.72,84.93
59700,27.59,45.91,86.31
59710,29.26,45.50,87.67
59720,30.93,45.78,89.01
59730,32.62,45.44,90.33
59740,34.31,45.61,91.62
59750,36.02,45.34,92.89
59760,37.74,45.41,94.13
59770,39.46,45.29,95.34
59780,41.19,45.27,96.53
59790,42.91,45.41,97.68
59800,44.64,45.22,98.81
59810,46.36,45.36,99.90
59820,48.09,45.33,100.96
59830,49.81,45.30,101.99
59840,51.52,45.49,102.98
59850,53.24,45.23,103.94
59860,54.94,45.38,104.87
59870,56.64,45.44,105.76
59880,58.32,45.49,106.61
59890,60.00,45.46,107.42
59900,61.66,45.51,108.20
59910,63.31,45.59,108.93
59920,64.95,45.55,109.63
59930,66.57,45.68,110.29
59940,68.18,45.50,110.90
59950,69.77,45.71,111.48
59960,71.33,45.87,112.01
59970,72.90,45.54,112.50
59980,74.42,45.85,112.94
59990,75.94,45.80,113.35
60000,77.43,45.63,113.71
60010,78.90,45.85,114.03
60020,80.35,45.71,114.30
60030,81.79,45.60,114.53
60040,83.19,45.73,114.71
60050,84.57,45.56,114.85
60060,85.93,45.53,114.94
60070,87.26,45.59,114.99
60080,88.57,45.40,115.00
60090,89.86,45.25,114.96
60100,91.11,45.29,114.87
60110,92.35,45.02,114.74
60120,93.56,44.79,114.56
60130,94.74,44.85,114.34
60140,95.90,44.48,114.08
60150,97.03,44.23,113.77
60160,98.13,44.26,113.41
60170,99.21,43.98,113.01
60180,100.27,43.41,112.57
60190,101.29,43.50,112.08
60200,102.28,43.24,111.56
60210,103.27,42.59,110.99
60220,104.21,42.56,110.37
60230,105.11,42.40,109.72
60240,106.02,41.61,109.02
60250,106.89,41.25,108.29
60260,107.72,41.04,107.51
60270,108.53,40.66,106.69
60280,109.33,39.99,105.84
60290,110.10,39.48,104.95
60300,110.83,39.15,104.02
60310,111.53,38.88,103.05
60320,112.19,38.48,102.05
60330,112.84,37.78,101.01
60340,113.47,37.21,99.94
60350,114.07,36.65,98.83
60360,114.63,36.23,97.70
60370,115.16,35.76,96.53
60380,115.66,35.31,95.33
60390,116.13,34.83,94.10
60400,116.54,34.95,92.84
60410,116.91,34.52,91.56
60420,117.23,34.42,90.25
60430,117.51,34.05,88.91
60440,117.76,33.62,87.55
60450,117.99,32.85,86.17
60460,118.18,32.40,84.76
60470,118.34,32.03,83.33
60480,118.45,31.67,81.88
60490,118.54,31.11,80.42
60500,118.59,30.78,78.94
60510,118.60,30.25,77.44
60520,118.57,30.03,75.92
60530,118.52,29.36,74.40
60540,118.42,29.21,72.86
60550,118.28,28.66,71.31
60560,118.11,28.44,69.75
60570,117.91,27.75,68.18
60580,117.67,27.45,66.60
60590,117.39,27.13,65.02
60600,117.09,26.49,63.43
60610,116.75,26.32,61.85
60620,116.36,26.05,60.25
60630,115.95,25.52,58.66
60640,115.51,25.06,57.07
60650,115.02,24.93,55.48
60660,114.49,24.85,53.90
60670,113.92,24.59,52.32
60680,113.31,24.29,50.74
60690,112.66,24.26,49.17
60700,111.98,23.94,47.62
60710,111.26,23.96,46.07
60720,110.50,23.70,44.53
60730,109.70,23.70,43.01
60740,108.86,23.59,41.50
60750,107.98,23.57,40.00
60760,107.07,23.43,38.52
60770,106.12,23.54,37.06
60780,105.13,23.56,35.62
60790,104.10,23.62,34.20
60800,103.03,23.86,32.80
60810,101.92,24.06,31.42
60820,100.76,24.33,30.07
60830,99.57,24.50,28.74
60840,98.34,24.75,27.44
60850,97.08,24.95,26.17
60860,95.77,25.44,24.92
60870,94.42,25.93,23.70
60880,93.02,26.41,22.52
60890,91.58,27.02,21.36
60900,90.11,27.41,20.24
60910,88.60,27.90,19.15
60920,87.05,28.52,18.10
60930,85.47,29.06,17.08
60940,83.85,29.79,16.09
60950,82.18,30.68,15.15
60960,80.49,31.18,14.24
60970,78.75,32.13,13.37
60980,76.97,33.10,12.54
60990,75.17,33.61,11.75
61000,73.34,34.59,11.00
61010,71.46,35.68,10.29
61020,69.54,36.82,9.63
61030,67.59,37.78,9.00
61040,65.64,38.40,8.42
61050,63.64,39.55,7.89
61060,61.63,40.54,7.40
61070,59.58,41.81,6.95
61080,57.52,42.66,6.55
61090,55.42,44.01,6.19
61100,53.31,45.08,5.88
61110,51.19,45.93,5.62
61120,49.08,46.74,5.40
61130,46.94,47.89,5.23
61140,44.79,49.11,5.11
61150,42.64,50.23,5.03
61160,40.48,51.30,5.00
61170,38.33,52.13,5.02
61180,36.19,52.87,5.08
61190,34.05,54.10,5.19
61200,31.93,54.88,5.35
61210,29.83,55.58,5.56
61220,27.74,56.46,5.81
61230,25.68,57.27,6.11
61240,23.66,57.67,6.45
61250,21.64,58.95,6.84
61260,19.68,59.06,7.28
61270,17.76,59.54,7.76
61280,15.88,60.22,8.28
61290,14.02,61.07,8.86
61300,12.19,61.68,9.47
61310,10.42,62.04,10.13
61320,8.71,62.42,10.83
61330,7.04,62.75,11.58
61340,5.44,63.05,12.36
61350,3.89,63.19,13.19
61360,2.44,62.75,14.06
61370,1.10,61.99,14.97
61380,-0.16,61.64,15.91
61390,-1.40,62.84,16.90
61400,-2.63,63.96,17.92
61410,-3.74,62.95,18.98
61420,-4.69,61.00,20.08
61430,-5.59,61.50,21.21
61440,-6.51,63.28,22.37
61450,-7.32,62.35,23.57
61460,-7.95,60.01,24.79
61470,-8.57,61.17,26.05
61480,-9.19,62.53,27.34
61490,-9.62,60.03,28.66
61500,-9.91,58.35,30.00
61510,-10.24,60.44,31.37
61520,-10.45,59.34,32.77
61530,-10.47,56.49,34.19
61540,-10.39,55.79,35.63
61550,-10.34,57.41,37.09
61560,-10.25,57.70,38.58
61570,-10.03,56.18,40.08
61580,-9.70,55.07,41.60
61590,-9.35,55.62,43.14
61600,-8.94,55.56,44.69
61610,-8.46,55.15,46.26
61620,-7.91,54.50,47.83
61630,-7.29,54.21,49.42
61640,-6.61,53.92,51.02
61650,-5.86,53.40,52.63
61660,-5.05,53.04,54.24
61670,-4.18,52.61,55.86
61680,-3.25,52.24,57.48
61690,-2.25,51.68,59.10
61700,-1.19,51.11,60.73
61710,-0.06,50.51,62.36
61720,1.13,49.90,63.98
61730,2.36,49.67,65.60
61740,3.62,49.82,67.22
61750,4.91,49.76,68.83
61760,6.25,49.39,70.43
61770,7.66,48.63,72.02
61780,9.11,48.25,73.61
61790,10.58,48.36,75.18
61800,12.07,48.20,76.74
61810,13.64,47.38,78.28
61820,15.21,47.43,79.81
61830,16.81,47.45,81.32
61840,18.47,46.60,82.82
61850,20.12,46.90,84.29
61860,21.81,46.53,85.74
61870,23.53,46.20,87.17
61880,25.26,46.28,88.58
61890,27.02,45.76,89.96
61900,28.79,45.93,91.32
61910,30.58,45.46,92.65
61920,32.38,45.57,93.95
61930,34.19,45.22,95.22
61940,36.01,45.34,96.45
61950,37.83,45.12,97.66
61960,39.66,45.11,98.84
61970,41.50,44.94,99.98
61980,43.34,44.92,101.08
61990,45.18,44.69,102.15
62000,47.02,44.74,103.18
62010,48.86,44.57,104.18
62020,50.70,44.42,105.13
62030,52.53,44.40,106.05
62040,54.35,44.34,106.92
62050,56.17,44.35,107.75
62060,57.96,44.42,108.55
62070,59.76,44.15,109.29
62080,61.54,44.20,110.00
62090,63.31,44.20,110.66
62100,65.06,44.10,111.27
62110,66.80,43.85,111.84
62120,68.51,44.13,112.37
62130,70.22,43.82,112.85
62140,71.91,43.63,113.28
62150,73.57,43.91,113.66
62160,75.22,43.56,114.00
62170,76.84,43.51,114.28
62180,78.43,43.63,114.52
62190,80.01,43.45,114.72
62200,81.55,43.34,114.86
62210,83.09,42.99,114.95
62220,84.58,43.26,115.00
62230,86.05,42.93,114.99
62240,87.51,42.62,114.94
62250,88.93,42.52,114.84
62260,90.32,42.61,114.68
62270,91.68,42.25,114.48
62280,93.02,41.89,114.23
62290,94.34,41.72,113.94
62300,95.61,41.63,113.59
62310,96.85,41.52,113.20
62320,98.08,40.96,112.75
62330,99.27,40.61,112.26
62340,100.44,40.35,111.73
62350,101.56,40.28,111.15
62360,102.65,40.06,110.52
62370,103.72,39.54,109.84
62380,104.76,39.05,109.12
62390,105.77,38.55,108.36
62400,106.75,38.24,107.55
62410,107.70,37.83,106.70
62420,108.61,37.58,105.81
62430,109.48,37.24,104.88
62440,110.32,36.84,103.91
62450,111.12,36.37,102.89
62460,111.90,35.86,101.84
62470,112.64,35.42,100.75
62480,113.35,34.87,99.62
62490,114.03,34.21,98.46
62500,114.68,33.80,97.26
62510,115.28,33.56,96.03
62520,115.83,33.24,94.77
62530,116.35,32.81,93.47
62540,116.83,32.29,92.15
62550,117.28,31.78,90.79
62560,117.69,31.37,89.41
62570,118.06,30.84,87.99
62580,118.40,30.32,86.56
62590,118.69,30.06,85.10
62600,118.94,29.46,83.61
62610,119.16,29.13,82.11
62620,119.34,28.52,80.58
62630,119.43,29.06,79.04
62640,119.49,28.56,77.48
62650,119.50,28.15,75.90
62660,119.48,27.71,74.31
62670,119.42,27.38,72.70
62680,119.31,27.08,71.08
62690,119.18,26.27,69.45
62700,119.00,25.98,67.82
62710,118.78,25.91,66.17
62720,118.53,25.19,64.52
62730,118.25,24.54,62.87
62740,117.92,24.51,61.21
62750,117.55,24.19,59.55
62760,117.13,23.91,57.89
62770,116.68,23.53,56.23
62780,116.20,23.21,54.58
62790,115.67,22.93,52.93
62800,115.11,22.61,51.28
62810,114.51,22.31,49.65
62820,113.87,22.02,48.02
62830,113.19,21.91,46.40
62840,112.47,21.77,44.80
62850,111.71,21.80,43.21
62860,110.90,21.70,41.63
62870,110.06,21.45,40.07
62880,109.18,21.40,38.53
62890,108.26,21.39,37.01
62900,107.29,21.49,35.51
62910,106.29,21.47,34.03
62920,105.25,21.58,32.58
62930,104.17,21.74,31.14
62940,103.04,21.93,29.74
62950,101.88,22.04,28.36
62960,100.66,22.47,27.01
62970,99.41,22.78,25.70
62980,98.12,23.09,24.41
62990,96.78,23.50,23.16
63000,95.41,23.82,21.93
63010,93.99,24.23,20.75
63020,92.53,24.98,19.60
63030,91.03,25.43,18.48
63040,89.49,26.03,17.41
63050,87.91,26.60,16.37
63060,86.29,27.42,15.38
63070,84.63,28.09,14.42
63080,82.93,28.82,13.51
63090,81.20,29.63,12.64
63100,79.42,30.50,11.81
63110,77.61,31.39,11.03
63120,75.77,32.31,10.29
63130,73.87,33.52,9.60
63140,71.95,34.34,8.95
63150,70.00,35.48,8.35
63160,67.99,36.81,7.80
63170,65.97,37.64,7.30
63180,63.94,38.51,6.84
63190,61.87,39.77,6.44
63200,59.78,40.81,6.08
63210,57.64,42.42,5.78
63220,55.51,43.15,5.52
63230,53.35,44.38,5.32
63240,51.17,45.76,5.16
63250,49.00,46.54,5.06
63260,46.81,47.70,5.01
63270,44.61,49.01,5.01
63280,42.39,50.46,5.06
63290,40.16,51.69,5.16
63300,37.94,52.79,5.31
63310,35.72,53.96,5.51
63320,33.51,54.78,5.76
63330,31.31,56.00,6.07
63340,29.15,56.62,6.42
63350,26.99,57.86,6.83
63360,24.87,58.37,7.28
63370,22.76,59.53,7.78
63380,20.69,60.29,8.33
63390,18.68,60.60,8.93
63400,16.70,61.23,9.58
63410,14.74,62.45,10.28
63420,12.83,63.10,11.02
63430,10.94,63.98,11.81
63440,9.12,64.40,12.64
63450,7.34,64.95,13.51
63460,5.64,64.98,14.44
63470,4.04,64.68,15.40
63480,2.54,64.03,16.40
63490,1.10,64.42,17.45
63500,-0.35,66.28,18.54
63510,-1.74,66.50,19.66
63520,-2.93,64.18,20.83
63530,-4.06,64.52,22.03
63540,-5.24,66.91,23.26
63550,-6.20,64.21,24.53
63560,-7.07,63.78,25.84
63570,-8.00,66.43,27.18
63580,-8.69,63.22,28.54
63590,-9.37,64.33,29.94
63600,-9.99,64.78,31.37
63610,-10.40,61.78,32.82
63620,-10.87,64.52,34.30
63630,-11.16,62.21,35.80
63640,-11.36,61.63,37.33
63650,-11.57,63.37,38.88
63660,-11.55,59.88,40.45
63670,-11.57,62.01,42.04
63680,-11.49,61.13,43.64
63690,-11.21,58.46,45.26
63700,-11.00,61.00,46.90
63710,-10.69,60.02,48.54
63720,-10.16,56.82,50.20
63730,-9.68,58.85,51.87
63740,-9.17,59.50,53.55
63750,-8.47,56.58,55.23
63760,-7.67,55.51,56.92
63770,-6.83,55.49,58.61
63780,-5.97,56.18,60.30
63790,-5.02,55.25,61.99
63800,-3.96,53.85,63.68
63810,-2.81,52.87,65.37
63820,-1.61,52.42,67.05
63830,-0.40,53.20,68.73
63840,0.85,52.87,70.40
63850,2.16,52.49,72.05
63860,3.52,52.08,73.70
63870,4.94,51.49,75.34
63880,6.46,49.80,76.96
63890,8.04,49.42,78.56
63900,9.64,49.16,80.15
63910,11.27,49.23,81.72
63920,12.93,48.90,83.27
63930,14.65,48.17,84.79
63940,16.41,47.61,86.30
63950,18.18,47.88,87.78
63960,19.98,47.40,89.23
63970,21.82,46.70,90.65
63980,23.67,46.77,92.05
63990,25.54,46.54,93.41
64000,27.45,45.97,94.75
64010,29.35,46.10,96.05
64020,31.29,45.40,97.31
64030,33.23,45.45,98.54
64040,35.20,44.97,99.74
64050,37.16,44.99,100.90
64060,39.14,44.46,102.01
64070,41.11,44.70,103.09
64080,43.09,44.14,104.13
64090,45.06,44.28,105.12
64100,47.04,43.92,106.07
64110,49.02,43.70,106.98
64120,50.99,43.66,107.85
64130,52.95,43.47,108.66
64140,54.90,43.46,109.43
64150,56.84,43.27,110.16
64160,58.77,43.07,110.83
64170,60.69,42.92,111.46
64180,62.59,42.92,112.03
64190,64.47,42.64,112.56
64200,66.35,42.45,113.04
64210,68.19,42.45,113.46
64220,70.02,42.29,113.84
64230,71.83,42.02,114.16
64240,73.62,41.91,114.43
64250,75.38,41.82,114.65
64260,77.11,41.72,114.82
64270,78.83,41.33,114.93
64280,80.53,41.09,114.99
64290,82.19,41.00,115.00
64300,83.82,40.84,114.95
64310,85.42,40.70,114.85
64320,87.00,40.26,114.70
64330,88.56,39.94,114.49
64340,90.08,39.75,114.24
64350,91.56,39.67,113.92
64360,93.01,39.35,113.56
64370,94.42,39.22,113.15
64380,95.80,38.92,112.68
64390,97.15,38.56,112.16
64400,98.46,38.32,111.60
64410,99.74,37.93,110.98
64420,100.99,37.59,110.31
64430,102.20,37.25,109.59
64440,103.37,36.87,108.83
64450,104.51,36.45,108.02
64460,105.61,36.18,107.16
64470,106.67,35.81,106.25
64480,107.68,35.46,105.30
64490,108.66,35.15,104.31
64500,109.60,34.66,103.27
64510,110.52,33.92,102.19
64520,111.40,33.51,101.07
64530,112.24,32.92,99.91
64540,113.04,32.65,98.71
64550,113.80,32.18,97.47
64560,114.52,31.64,96.20
64570,115.19,31.31,94.89
64580,115.83,30.71,93.54
64590,116.44,30.04,92.16
64600,117.00,29.76,90.75
64610,117.51,29.16,89.31
64620,117.99,28.73,87.85
64630,118.42,28.26,86.35
64640,118.81,27.84,84.83
64650,119.16,27.20,83.28
64660,119.46,26.91,81.71
64670,119.73,26.24,80.12
64680,119.96,25.73,78.51
64690,120.12,25.62,76.88
64700,120.25,25.15,75.23
64710,120.34,24.37,73.57
64720,120.40,23.94,71.90
64730,120.39,23.88,70.21
64740,120.33,23.49,68.51
64750,120.24,22.99,66.80
64760,120.11,22.46,65.09
64770,119.94,21.96,63.37
64780,119.72,21.68,61.65
64790,119.46,21.19,59.93
64800,119.17,20.74,58.20
64810,118.83,20.30,56.48
64820,118.45,20.00,54.76
64830,118.04,19.52,53.04
64840,117.58,19.25,51.33
64850,117.09,18.85,49.63
64860,116.55,18.56,47.94
64870,115.96,18.46,46.26
64880,115.34,18.06,44.60
64890,114.69,17.77,42.95
64900,113.97,17.85,41.31
64910,113.19,18.32,39.70
64920,112.36,18.19,38.10
64930,111.49,18.27,36.53
64940,110.58,18.00,34.97
64950,109.63,18.25,33.45
64960,108.64,18.06,31.95
64970,107.60,18.19,30.47
64980,106.52,18.35,29.03
64990,105.41,18.44,27.61
65000,104.24,18.75,26.23
65010,103.04,18.81,24.88
65020,101.78,19.51,23.56
65030,100.47,19.99,22.28
65040,99.13,20.28,21.04
65050,97.74,20.67,19.84
65060,96.31,21.16,18.68
65070,94.82,21.92,17.55
65080,93.31,22.30,16.47
65090,91.74,23.07,15.43
65100,90.15,23.46,14.44
65110,88.50,24.61,13.49
65120,86.81,25.18,12.59
65130,85.08,26.10,11.73
65140,83.32,26.97,10.92
65150,81.51,27.75,10.16
65160,79.67,28.79,9.45
65170,77.78,29.92,8.80
65180,75.85,31.02,8.19
65190,73.88,32.16,7.63
65200,71.88,33.26,7.13
65210,69.85,34.35,6.67
65220,67.78,35.74,6.27
65230,65.70,36.62,5.93
65240,63.56,38.35,5.64
65250,61.39,39.64,5.40
65260,59.20,40.94,5.22
65270,56.99,42.19,5.09
65280,54.77,43.26,5.02
65290,52.52,44.84,5.00
65300,50.25,46.28,5.04
65310,47.98,47.31,5.13
65320,45.70,48.80,5.28
65330,43.40,50.32,5.48
65340,41.08,51.84,5.74
65350,38.76,53.27,6.05
65360,36.45,54.34,6.42
65370,34.17,55.18,6.83
65380,31.89,56.50,7.31
65390,29.63,57.70,7.83
65400,27.39,58.57,8.41
65410,25.18,59.68,9.04
65420,22.99,60.96,9.73
65430,20.85,61.29,10.46
65440,18.74,62.37,11.24
65450,16.67,63.24,12.07
65460,14.63,64.45,12.95
65470,12.63,65.21,13.88
65480,10.68,65.87,14.86
65490,8.80,66.21,15.88
65500,7.02,66.10,16.94
65510,5.34,65.65,18.05
65520,3.69,66.70,19.20
65530,2.02,68.88,20.39
65540,0.48,68.13,21.63
65550,-0.88,66.03,22.90
65560,-2.29,69.08,24.21
65570,-3.59,68.25,25.56
65580,-4.71,66.50,26.94
65590,-5.89,69.47,28.35
65600,-6.84,66.40,29.80
65610,-7.84,68.94,31.28
65620,-8.61,66.07,32.78
65630,-9.41,68.47,34.32
65640,-10.00,65.67,35.88
65650,-10.62,67.84,37.47
65660,-11.04,65.20,39.08
65670,-11.47,67.21,40.71
65680,-11.70,64.41,42.36
65690,-11.95,66.39,44.03
65700,-11.99,63.75,45.71
65710,-12.06,65.45,47.42
65720,-11.94,63.12,49.13
65730,-11.79,63.95,50.85
65740,-11.54,63.11,52.59
65750,-11.17,61.93,54.33
65760,-10.81,63.50,56.08
65770,-10.23,60.04,57.83
65780,-9.71,62.45,59.59
65790,-9.04,60.73,61.34
65800,-8.25,59.16,63.10
65810,-7.52,61.51,64.85
65820,-6.58,58.18,66.60
65830,-5.59,58.21,68.34
65840,-4.64,59.95,70.07
65850,-3.48,56.48,71.80
65860,-2.25,55.92,73.51
65870,-1.07,57.65,75.21
65880,0.18,57.22,76.89
65890,1.58,54.57,78.55
65900,3.07,53.59,80.20
65910,4.57,53.90,81.83
65920,6.08,54.40,83.43
65930,7.63,54.01,85.01
65940,9.24,53.36,86.57
65950,10.91,52.53,88.10
65960,12.63,51.94,89.60
65970,14.40,51.27,91.07
65980,16.21,50.70,92.50
65990,18.07,50.07,93.91
66000,19.97,49.37,95.28
66010,21.91,48.85,96.61
66020,23.89,47.96,97.91
66030,25.92,47.19,99.17
66040,27.98,46.49,100.39
66050,30.05,46.10,101.56
66060,32.14,45.79,102.70
66070,34.28,44.78,103.79
66080,36.41,44.54,104.84
66090,38.56,44.15,105.83
66100,40.72,43.59,106.79
66110,42.87,43.41,107.69
66120,45.03,42.92,108.55
66130,47.19,42.68,109.35
66140,49.35,42.17,110.11
66150,51.50,41.89,110.81
66160,53.65,41.52,111.46
66170,55.82,40.59,112.06
66180,57.98,40.20,112.60
66190,60.12,39.87,113.09
66200,62.25,39.53,113.53
66210,64.37,39.22,113.90
66220,66.44,39.26,114.23
66230,68.50,38.86,114.50
66240,70.54,38.63,114.71
66250,72.54,38.48,114.86
66260,74.51,38.17,114.96
66270,76.46,38.01,115.00
66280,78.37,37.81,114.98
66290,80.24,37.56,114.91
66300,82.09,37.34,114.78
66310,83.89,37.08,114.59
66320,85.67,36.84,114.35
66330,87.40,36.64,114.04
66340,89.09,36.32,113.69
66350,90.75,36.05,113.27
66360,92.38,35.66,112.81
66370,93.96,35.29,112.28
66380,95.50,35.11,111.70
66390,97.00,34.87,111.07
66400,98.46,34.57,110.39
66410,99.87,34.24,109.65
66420,101.25,33.71,108.86
66430,102.57,33.51,108.02
66440,103.85,33.30,107.12
66450,105.09,32.74,106.18
66460,106.29,32.38,105.19
66470,107.44,31.97,104.16
66480,108.55,31.62,103.07
66490,109.62,31.08,101.95
66500,110.64,30.57,100.77
66510,111.62,30.11,99.56
66520,112.56,29.68,98.30
66530,113.45,29.22,97.00
66540,114.29,28.74,95.67
66550,115.09,28.27,94.29
66560,115.85,27.69,92.88
66570,116.56,27.30,91.44
66580,117.22,26.72,89.96
66590,117.85,25.98,88.45
66600,118.42,25.77,86.91
66610,118.95,25.26,85.34
66620,119.43,24.60,83.75
66630,119.88,23.96,82.13
66640,120.28,23.50,80.48
66650,120.61,23.29,78.82
66660,120.90,22.78,77.13
66670,121.16,22.00,75.43
66680,121.36,21.70,73.71
66690,121.52,21.09,71.97
66700,121.62,20.77,70.22
66710,121.68,20.25,68.46
66720,121.71,19.66,66.69
66730,121.68,19.15,64.92
66740,121.62,18.66,63.14
66750,121.50,18.34,61.35
66760,121.33,18.02,59.56
66770,121.12,17.37,57.78
66780,120.88,16.86,55.99
66790,120.58,16.54,54.21
66800,120.26,15.92,52.43
66810,119.89,15.52,50.67
66820,119.47,15.23,48.91
66830,119.01,14.79,47.16
66840,118.51,14.54,45.43
66850,117.96,14.19,43.71
66860,117.39,13.66,42.01
66870,116.76,13.56,40.33
66880,116.10,13.15,38.67
66890,115.39,13.15,37.03
66900,114.64,12.85,35.41
66910,113.85,12.70,33.82
66920,113.01,12.68,32.26
66930,112.13,12.51,30.73
66940,111.21,12.62,29.22
66950,110.25,12.48,27.75
66960,109.23,12.70,26.32
66970,108.18,12.77,24.92
66980,107.10,12.72,23.56
66990,105.97,12.96,22.23
67000,104.79,13.20,20.95
67010,103.58,13.37,19.70
67020,102.31,13.96,18.50
67030,101.01,14.28,17.35
67040,99.66,14.62,16.24
67050,98.26,15.35,15.17
67060,96.83,15.68,14.15
67070,95.35,16.47,13.19
67080,93.82,17.17,12.27
67090,92.27,17.64,11.40
67100,90.65,18.76,10.59
67110,89.00,19.39,9.82
67120,87.31,20.27,9.11
67130,85.57,21.36,8.46
67140,83.79,22.19,7.86
67150,81.96,23.60,7.31
67160,80.09,24.67,6.82
67170,78.19,25.82,6.39
67180,76.23,27.12,6.02
67190,74.25,28.36,5.70
67200,72.16,30.92,5.45
67210,70.05,32.04,5.25
67220,67.91,33.42,5.10
67230,65.73,35.04,5.02
67240,63.51,36.63,5.00
67250,61.27,38.23,5.04
67260,58.99,39.69,5.13
67270,56.69,41.39,5.29
67280,54.36,43.01,5.50
67290,52.02,44.53,5.77
67300,49.65,46.36,6.10
67310,47.22,48.75,6.49
67320,44.80,50.15,6.94
67330,42.36,51.82,7.44
67340,39.92,53.62,8.00
67350,37.46,55.43,8.62
67360,35.01,56.72,9.29
67370,32.59,57.97,10.01
67380,30.17,59.71,10.79
67390,27.78,60.66,11.63
67400,25.40,62.40,12.52
67410,23.07,63.31,13.45
67420,20.79,64.06,14.44
67430,18.54,65.31,15.48
67440,16.33,66.39,16.56
67450,14.16,67.42,17.70
67460,12.07,68.01,18.88
67470,10.05,68.27,20.10
67480,8.11,68.81,21.37
67490,6.15,71.04,22.68
67500,4.24,72.27,24.03
67510,2.53,70.00,25.42
67520,0.83,71.86,26.84
67530,-0.83,73.11,28.31
67540,-2.30,71.07,29.81
67550,-3.78,73.28,31.34
67560,-5.10,72.19,32.90
67570,-6.34,72.26,34.49
67580,-7.52,73.11,36.11
67590,-8.53,71.37,37.76
67600,-9.48,72.23,39.43
67610,-10.35,72.38,41.12
67620,-11.06,70.87,42.84
67630,-11.69,71.02,44.57
67640,-12.25,71.39,46.32
67650,-12.68,70.45,48.09
67660,-12.97,69.18,49.86
67670,-13.19,69.42,51.65
67680,-13.33,69.45,53.45
67690,-13.33,67.99,55.26
67700,-13.20,67.01,57.07
67710,-13.04,67.62,58.89
67720,-12.74,66.44,60.71
67730,-12.31,64.94,62.53
67740,-11.85,65.56,64.34
67750,-11.26,64.32,66.15
67760,-10.55,63.09,67.95
67770,-9.83,63.96,69.75
67780,-8.92,61.34,71.54
67790,-8.03,62.67,73.31
67800,-6.95,59.85,75.07
67810,-5.90,61.40,76.81
67820,-4.64,58.07,78.53
67830,-3.46,60.41,80.24
67840,-2.07,56.91,81.92
67850,-0.65,57.16,83.58
67860,0.74,58.30,85.21
67870,2.36,54.48,86.82
67880,4.01,54.17,88.39
67890,5.60,56.02,89.94
67900,7.28,54.57,91.45
67910,9.11,52.15,92.93
67920,10.99,51.16,94.37
67930,12.91,50.85,95.78
67940,14.86,50.36,97.15
67950,16.84,49.91,98.47
67960,18.87,48.99,99.75
67970,20.95,48.20,100.99
67980,23.07,47.26,102.19
67990,25.21,46.82,103.34
68000,27.36,46.49,104.44
68010,29.53,46.06,105.49
68020,31.75,44.89,106.49
68030,33.99,44.14,107.44
68040,36.22,44.06,108.34
68050,38.48,43.02,109.19
68060,40.76,42.49,109.98
68070,43.04,41.86,110.71
68080,45.32,41.34,111.39
68090,47.61,40.74,112.02
68100,49.89,40.29,112.58
68110,52.16,39.82,113.09
68120,54.43,39.22,113.54
68130,56.68,38.91,113.93
68140,58.92,38.48,114.26
68150,61.15,37.86,114.53
68160,63.36,37.36,114.74
68170,65.55,36.97,114.89
68180,67.71,36.66,114.97
68190,69.86,36.07,115.00
68200,71.96,35.93,114.97
68210,74.04,35.41,114.87
68220,76.09,35.18,114.71
68230,78.09,34.88,114.50
68240,80.07,34.32,114.22
68250,82.02,33.87,113.88
68260,83.93,33.39,113.48
68270,85.81,33.07,113.02
68280,87.62,33.00,112.51
68290,89.40,32.58,111.93
68300,91.14,32.17,111.30
68310,92.83,31.89,110.61
68320,94.47,31.55,109.86
68330,96.08,30.91,109.06
68340,97.63,30.64,108.20
68350,99.11,30.83,107.29
68360,100.54,30.61,106.32
68370,101.91,30.17,105.30
68380,103.25,29.71,104.24
68390,104.53,29.32,103.12
68400,105.76,28.88,101.95
68410,106.95,28.32,100.74
68420,108.10,27.84,99.48
68430,109.19,27.40,98.18
68440,110.24,26.71,96.83
68450,111.24,26.24,95.44
68460,112.21,25.51,94.02
68470,113.13,24.83,92.55
68480,114.01,24.21,91.05
68490,114.83,23.70,89.51
68500,115.60,23.46,87.94
68510,116.31,22.97,86.34
68520,116.97,22.36,84.70
68530,117.59,21.66,83.04
68540,118.15,21.32,81.36
68550,118.68,20.54,79.64
68560,119.15,19.98,77.91
68570,119.57,19.53,76.16
68580,119.95,18.81,74.38
68590,120.27,18.33,72.60
68600,120.54,18.02,70.79
68610,120.76,17.25,68.98
68620,120.94,16.80,67.15
68630,121.06,16.36,65.31
68640,121.13,15.85,63.47
68650,121.16,15.28,61.63
68660,121.13,14.93,59.78
68670,121.06,14.40,57.93
68680,120.95,13.74,56.09
68690,120.78,13.42,54.25
68700,120.58,12.73,52.41
68710,120.33,12.34,50.58
68720,120.03,11.85,48.77
68730,119.70,11.38,46.96
68740,119.32,10.86,45.17
68750,118.89,10.68,43.40
68760,118.42,10.14,41.64
68770,117.92,9.70,39.91
68780,117.36,9.53,38.20
68790,116.77,9.05,36.51
68800,116.13,8.89,34.85
68810,115.45,8.66,33.22
68820,114.73,8.25,31.61
68830,113.98,8.00,30.04
68840,113.18,7.96,28.51
68850,112.33,7.87,27.00
68860,111.44,8.00,25.54
68870,110.50,7.94,24.11
68880,109.53,7.86,22.73
68890,108.50,8.17,21.39
68900,107.44,8.14,20.09
68910,106.34,8.44,18.83
68920,105.18,8.86,17.63
68930,103.98,9.08,16.47
68940,102.73,9.55,15.36
68950,101.44,9.90,14.30
68960,100.12,10.27,13.29
68970,98.74,10.90,12.34
68980,97.33,11.44,11.44
68990,95.87,12.11,10.59
69000,94.36,12.90,9.80
69010,92.82,13.59,9.07
69020,91.23,14.54,8.40
69030,89.59,15.42,7.79
69040,87.91,16.38,7.23
69050,86.19,17.46,6.74
69060,84.43,18.57,6.30
69070,82.61,19.85,5.93
69080,80.76,21.00,5.62
69090,78.86,22.37,5.37
69100,76.93,23.61,5.19
69110,74.95,25.21,5.07
69120,72.94,26.47,5.01
69130,70.88,28.14,5.01
69140,68.78,29.81,5.08
69150,66.65,31.41,5.21
69160,64.47,33.14,5.40
69170,62.26,34.94,5.65
69180,60.07,35.62,5.97
69190,57.80,38.39,6.35
69200,55.52,39.82,6.79
69210,53.16,42.92,7.29
69220,50.79,44.27,7.86
69230,48.35,47.33,8.48
69240,45.88,49.36,9.16
69250,43.42,51.02,9.91
69260,40.91,53.61,10.71
69270,38.39,55.50,11.56
69280,35.84,57.90,12.47
69290,33.26,60.48,13.44
69300,30.66,62.97,14.46
69310,28.02,65.80,15.54
69320,25.40,67.39,16.66
69330,22.75,70.07,17.84
69340,20.13,72.01,19.06
69350,17.49,74.35,20.34
69360,14.90,75.89,21.65
69370,12.30,78.32,23.02
69380,9.76,79.35,24.42
69390,7.28,80.80,25.87
69400,4.88,81.54,27.36
69410,2.53,82.73,28.88
69420,0.19,85.21,30.44
69430,-2.09,86.34,32.04
69440,-4.15,84.39,33.67
69450,-6.25,87.66,35.33
69460,-8.20,87.08,37.01
69470,-10.01,86.43,38.73
69480,-11.72,86.87,40.47
69490,-13.33,87.35,42.23
69500,-14.82,86.99,44.02
69510,-16.18,86.66,45.82
69520,-17.40,86.15,47.64
69530,-18.48,85.36,49.47
69540,-19.42,84.74,51.32
69550,-20.11,81.62,53.18
69560,-20.70,81.66,55.04
69570,-21.17,80.99,56.91
69580,-21.46,79.34,58.79
69590,-21.60,77.84,60.67
69600,-21.62,77.33,62.54
69610,-21.52,76.28,64.42
69620,-21.28,75.07,66.29
69630,-20.92,74.25,68.15
69640,-20.45,73.30,70.00
69650,-19.85,72.14,71.85
69660,-19.12,70.67,73.67
69670,-18.27,69.57,75.49
69680,-17.32,68.48,77.28
69690,-16.24,67.18,79.06
69700,-15.05,65.80,80.81
69710,-13.74,64.19,82.54
69720,-12.30,62.58,84.24
69730,-10.77,61.50,85.92
69740,-9.20,61.31,87.56
69750,-7.53,59.82,89.17
69760,-5.70,57.30,90.75
69770,-3.87,57.69,92.29
69780,-1.91,55.30,93.80
69790,0.09,55.05,95.27
69800,2.24,52.11,96.69
69810,4.33,53.73,98.07
69820,6.63,49.37,99.41
69830,8.97,48.81,100.70
69840,11.26,49.60,101.95
69850,13.61,48.43,103.14
69860,16.04,46.75,104.28
69870,18.49,45.88,105.38
69880,21.01,44.36,106.42
69890,23.59,42.87,107.40
69900,26.20,41.88,108.33
69910,28.81,41.30,109.20
69920,31.45,40.18,110.02
69930,34.11,39.16,110.77
69940,36.77,38.47,111.47
69950,39.45,37.49,112.10
69960,42.13,36.70,112.68
69970,44.81,36.10,113.19
69980,47.48,35.14,113.64
69990,50.16,34.35,114.03
70000,52.82,33.58,114.35
70010,55.46,33.12,114.61
70020,58.09,32.30,114.80
70030,60.69,31.75,114.93
70040,63.27,31.08,114.99
70050,65.82,30.54,114.99
70060,68.34,29.90,114.93
70070,70.83,29.38,114.79
70080,73.28,28.92,114.60
70090,75.70,28.08,114.34
70100,78.10,27.45,114.01
70110,80.44,26.99,113.62
70120,82.75,26.34,113.17
70130,85.02,25.66,112.65
70140,87.24,25.39,112.07
70150,89.42,24.58,111.43
70160,91.54,24.35,110.73
70170,93.61,23.63,109.97
70180,95.64,23.07,109.15
70190,97.61,22.69,108.27
70200,99.52,22.16,107.33
70210,101.40,21.37,106.33
70220,103.21,20.91,105.28
70230,104.96,20.53,104.18
70240,106.65,20.05,103.02
70250,108.29,19.41,101.82
70260,109.88,18.69,100.56
70270,111.43,17.93,99.25
70280,112.91,17.44,97.90
70290,114.33,16.72,96.50
70300,115.71,16.14,95.06
70310,117.02,15.38,93.57
70320,118.30,14.51,92.05
70330,119.51,13.95,90.48
70340,120.67,13.12,88.88
70350,121.78,12.41,87.25
70360,122.83,11.77,85.58
70370,123.83,10.94,83.88
70380,124.78,10.19,82.15
70390,125.68,9.34,80.40
70400,126.52,8.61,78.62
70410,127.32,7.71,76.82
70420,128.05,7.02,74.99
70430,128.75,6.14,73.15
70440,129.38,5.46,71.30
70450,129.97,4.47,69.42
70460,130.51,3.80,67.54
70470,130.99,3.07,65.65
70480,131.43,2.27,63.75
70490,131.81,1.36,61.85
70500,132.14,0.81,59.94
70510,132.41,0.26,58.04
70520,132.63,-0.48,56.13
70530,132.83,-1.89,54.23
70540,132.99,-2.67,52.34
70550,133.09,-3.33,50.45
70560,133.16,-4.23,48.58
70570,133.17,-4.83,46.72
70580,133.14,-5.51,44.88
70590,133.05,-6.10,43.05
70600,132.91,-6.61,41.25
70610,132.74,-7.50,39.46
70620,132.53,-8.26,37.70
70630,132.28,-8.87,35.97
70640,131.99,-9.62,34.27
70650,131.65,-10.15,32.59
70660,131.29,-10.95,30.95
70670,130.87,-11.26,29.35
70680,130.41,-11.58,27.78
70690,129.91,-12.31,26.25
70700,129.38,-12.75,24.76
70710,128.80,-13.06,23.31
70720,128.18,-13.41,21.91
70730,127.48,-12.86,20.55
70740,126.74,-13.16,19.24
70750,125.95,-13.14,17.98
70760,125.12,-13.34,16.77
70770,124.25,-13.32,15.61
70780,123.33,-13.21,14.51
70790,122.38,-13.36,13.46
70800,121.39,-13.36,12.47
70810,120.36,-13.03,11.53
70820,119.27,-12.57,10.66
70830,118.13,-12.17,9.84
70840,116.97,-12.22,9.08
70850,115.76,-11.42,8.39
70860,114.47,-10.51,7.76
70870,113.15,-9.84,7.19
70880,111.80,-9.58,6.69
70890,110.41,-9.07,6.25
70900,108.96,-7.82,5.87
70910,107.45,-6.55,5.57
70920,105.91,-5.84,5.32
70930,104.33,-5.04,5.15
70940,102.71,-4.04,5.04
70950,101.05,-2.84,5.00
70960,99.35,-1.65,5.03
70970,97.60,-0.17,5.12
70980,95.81,1.09,5.28
70990,93.96,2.79,5.51
71000,92.07,4.35,5.80
71010,90.13,6.16,6.16
71020,88.15,7.83,6.58
71030,86.13,9.46,7.08
71040,84.06,11.45,7.63
71050,81.97,13.13,8.25
71060,79.81,15.40,8.93
71070,77.63,17.35,9.68
71080,75.40,19.36,10.49
71090,73.15,21.25,11.36
71100,70.84,24.04,12.29
71110,68.48,26.61,13.27
71120,66.06,29.32,14.32
71130,63.62,31.40,15.42
71140,61.17,33.45,16.57
71150,58.67,36.35,17.78
71160,56.15,38.72,19.04
71170,53.56,42.03,20.35
71180,50.96,44.43,21.71
71190,48.34,47.01,23.12
71200,45.66,50.27,24.58
71210,42.99,52.49,26.07
71220,40.30,55.28,27.61
71230,37.59,58.06,29.19
71240,34.84,61.19,30.81
71250,32.09,64.01,32.46
71260,29.32,66.71,34.15
71270,26.55,69.56,35.87
71280,23.80,71.79,37.62
71290,21.05,74.48,39.40
71300,18.34,76.39,41.20
71310,15.68,78.24,43.03
71320,13.06,80.38,44.88
71330,10.49,82.02,46.74
71340,8.00,83.12,48.63
71350,5.53,85.69,50.53
71360,3.05,88.62,52.44
71370,0.82,86.43,54.36
71380,-1.46,90.18,56.28
71390,-3.59,90.11,58.22
71400,-5.58,89.87,60.15
71410,-7.47,90.54,62.08
71420,-9.25,90.94,64.02
71430,-10.91,91.07,65.95
71440,-12.43,90.94,67.87
71450,-13.82,90.61,69.78
71460,-15.09,90.70,71.68
71470,-16.25,90.99,73.56
71480,-17.29,90.63,75.43
71490,-18.14,89.31,77.28
71500,-18.85,88.38,79.11
71510,-19.44,88.24,80.92
71520,-19.88,87.02,82.70
71530,-20.15,85.58,84.45
71540,-20.32,85.30,86.17
71550,-20.32,83.61,87.86
71560,-20.17,82.25,89.51
71570,-19.91,81.40,91.13
71580,-19.47,79.36,92.71
71590,-18.92,78.44,94.25
71600,-18.22,76.84,95.75
71610,-17.38,74.80,97.20
71620,-16.44,74.03,98.61
71630,-15.36,72.28,99.97
71640,-14.13,69.89,101.28
71650,-12.76,67.99,102.54
71660,-11.32,67.05,103.74
71670,-9.79,65.75,104.89
71680,-8.15,64.14,105.99
71690,-6.41,62.43,107.03
71700,-4.55,60.23,108.00
71710,-2.56,57.83,108.92
71720,-0.45,55.57,109.78
71730,1.68,54.94,110.58
71740,3.88,53.47,111.31
71750,6.24,49.80,111.98
71760,8.55,50.73,112.58
71770,11.08,45.77,113.12
71780,13.54,46.75,113.59
71790,16.06,45.11,114.00
71800,18.73,41.11,114.33
71810,21.45,39.59,114.60
71820,24.16,38.80,114.80
71830,26.92,36.90,114.93
71840,29.71,35.29,114.99
71850,32.51,33.97,114.99
71860,35.33,32.45,114.91
71870,38.18,30.70,114.77
71880,41.02,29.45,114.55
71890,43.89,27.81,114.27
71900,46.74,26.58,113.92
71910,49.60,25.05,113.50
71920,52.45,23.54,113.02
71930,55.28,22.48,112.46
71940,58.10,21.08,111.84
71950,60.89,19.94,111.16
71960,63.63,19.39,110.41
71970,66.34,18.18,109.60
71980,69.00,17.32,108.72
71990,71.65,15.77,107.79
72000,74.27,14.64,106.79
72010,76.82,14.01,105.73
72020,79.34,12.51,104.62
72030,81.81,11.76,103.44
72040,84.24,10.59,102.22
72050,86.62,9.49,100.94
72060,88.95,8.63,99.61
72070,91.26,6.83,98.22
72080,93.49,6.19,96.79
72090,95.67,5.26,95.32
72100,97.79,4.37,93.79
72110,99.85,3.19,92.23
72120,101.84,2.61,90.62
72130,103.77,1.65,88.98
72140,105.65,0.64,87.29
72150,107.45,-0.25,85.57
72160,109.24,-2.00,83.82
72170,110.95,-2.63,82.04
72180,112.56,-3.02,80.23
72190,114.13,-4.29,78.40
72200,115.64,-5.18,76.54
72210,117.08,-6.13,74.66
72220,118.47,-7.29,72.76
72230,119.80,-8.26,70.84
72240,121.07,-9.29,68.92
72250,122.30,-10.57,66.97
72260,123.45,-11.39,65.02
72270,124.55,-12.44,63.07
72280,125.60,-13.45,61.10
72290,126.60,-14.69,59.14
72300,127.54,-15.80,57.18
72310,128.43,-16.61,55.22
72320,129.26,-17.77,53.27
72330,130.03,-18.67,51.32
72340,130.75,-19.50,49.39
72350,131.41,-20.56,47.46
72360,132.03,-21.84,45.56
72370,132.60,-22.64,43.67
72380,133.11,-23.48,41.81
72390,133.56,-24.38,39.96
72400,133.97,-25.26,38.14
72410,134.31,-25.84,36.35
72420,134.61,-26.89,34.59
72430,134.86,-27.70,32.86
72440,135.04,-28.16,31.17
72450,135.15,-28.49,29.51
72460,135.21,-29.06,27.89
72470,135.21,-29.60,26.31
72480,135.16,-30.11,24.78
72490,135.07,-30.69,23.29
72500,134.92,-31.26,21.85
72510,134.74,-32.01,20.45
72520,134.51,-32.34,19.11
72530,134.20,-32.32,17.82
72540,133.86,-32.72,16.58
72550,133.47,-33.10,15.40
72560,133.01,-32.99,14.27
72570,132.52,-33.47,13.21
72580,131.97,-33.20,12.20
72590,131.39,-33.54,11.25
72600,130.73,-33.05,10.37
72610,130.04,-33.38,9.55
72620,129.29,-32.74,8.80
72630,128.49,-32.75,8.11
72640,127.64,-32.32,7.49
72650,126.74,-31.78,6.94
72660,125.80,-31.65,6.45
72670,124.80,-30.71,6.04
72680,123.75,-30.37,5.69
72690,122.65,-29.53,5.41
72700,121.49,-28.61,5.21
72710,120.30,-28.03,5.07
72720,119.04,-26.78,5.01
72730,117.73,-25.93,5.01
72740,116.37,-24.57,5.09
72750,114.96,-23.51,5.24
72760,113.49,-22.07,5.46
72770,111.98,-20.91,5.75
72780,110.40,-19.18,6.11
72790,108.78,-17.87,6.54
72800,107.12,-16.47,7.04
72810,105.40,-14.51,7.61
72820,103.63,-12.74,8.24
72830,101.81,-11.00,8.95
72840,99.93,-8.97,9.72
72850,98.01,-6.96,10.55
72860,96.03,-4.87,11.45
72870,94.00,-2.51,12.41
72880,91.93,-0.56,13.44
72890,89.82,1.64,14.52
72900,87.66,4.10,15.67
72910,85.46,6.36,16.87
72920,83.20,9.17,18.13
72930,80.90,11.54,19.44
72940,78.57,14.02,20.81
72950,76.17,17.27,22.23
72960,73.73,19.78,23.69
72970,71.26,22.53,25.21
72980,68.75,25.48,26.77
72990,66.19,28.39,28.37
73000,63.59,31.59,30.02
73010,60.90,35.75,31.70
73020,58.18,38.57,33.42
73030,55.46,41.17,35.18
73040,52.72,44.12,36.97
73050,49.98,46.45,38.79
73060,47.20,50.10,40.64
73070,44.39,53.21,42.51
73080,41.53,57.01,44.41
73090,38.67,59.91,46.32
73100,35.74,64.14,48.26
73110,32.78,67.59,50.21
73120,29.83,70.41,52.17
73130,26.88,73.48,54.15
73140,23.93,76.59,56.13
73150,20.99,79.38,58.12
73160,18.09,81.64,60.11
73170,15.20,84.66,62.10
73180,12.36,86.73,64.09
73190,9.59,88.48,66.07
73200,6.86,90.78,68.05
73210,4.19,92.75,70.01
73220,1.70,92.02,71.97
73230,-0.88,96.91,73.90
73240,-3.21,95.02,75.82
73250,-5.47,96.67,77.72
73260,-7.67,98.11,79.60
73270,-9.74,98.64,81.45
73280,-11.70,99.07,83.27
73290,-13.55,99.63,85.06
73300,-15.27,99.72,86.82
73310,-16.82,98.99,88.55
73320,-18.20,98.08,90.23
73330,-19.46,98.13,91.88
73340,-20.56,97.19,93.49
73350,-21.49,95.98,95.05
73360,-22.28,95.28,96.56
73370,-22.89,93.60,98.03
73380,-23.35,92.62,99.45
73390,-23.64,90.99,100.82
73400,-23.77,89.37,102.13
73410,-23.74,88.00,103.39
73420,-23.55,85.94,104.59
73430,-23.22,84.47,105.73
73440,-22.71,82.20,106.81
73450,-22.06,80.48,107.83
73460,-21.26,78.40,108.78
73470,-20.33,76.53,109.68
73480,-19.25,74.29,110.50
73490,-18.03,72.31,111.26
73500,-16.68,69.84,111.95
73510,-15.23,68.40,112.57
73520,-13.62,65.47,113.13
73530,-11.87,62.77,113.61
73540,-10.01,60.43,114.02
73550,-8.06,58.51,114.36
73560,-5.99,55.97,114.63
73570,-3.81,53.48,114.83
73580,-1.59,52.09,114.95
73590,0.69,50.49,115.00
73600,3.15,46.14,114.98
73610,5.55,46.65,114.88
73620,8.16,41.50,114.71
73630,10.76,40.94,114.47
73640,13.34,40.08,114.15
73650,16.07,36.10,113.77
73660,18.87,33.48,113.31
73670,21.69,31.67,112.78
73680,24.53,29.97,112.18
73690,27.40,27.82,111.51
73700,30.31,25.47,110.77
73710,33.23,23.59,109.96
73720,36.17,21.45,109.09
73730,39.11,19.69,108.15
73740,42.07,17.58,107.15
73750,45.02,15.57,106.08
73760,47.97,13.93,104.96
73770,50.90,12.13,103.77
73780,53.81,10.48,102.52
73790,56.69,9.00,101.22
73800,59.54,7.36,99.86
73810,62.37,5.71,98.45
73820,65.15,4.33,96.98
73830,67.89,2.97,95.47
73840,70.57,1.82,93.91
73850,73.20,0.61,92.30
73860,75.77,-0.50,90.65
73870,78.28,-1.76,88.96
73880,80.73,-2.94,87.22
73890,83.11,-4.04,85.46
73900,85.44,-5.26,83.65
73910,87.73,-6.91,81.82
73920,89.98,-8.40,79.95
73930,92.15,-9.45,78.06
73940,94.26,-10.63,76.15
73950,96.31,-11.90,74.21
73960,98.30,-12.91,72.25
73970,100.22,-14.30,70.28
73980,102.10,-15.67,68.29
73990,103.90,-16.67,66.29
74000,105.65,-18.11,64.28
74010,107.34,-19.26,62.27
74020,108.96,-20.33,60.25
74030,110.52,-21.62,58.23
74040,112.01,-22.51,56.21
74050,113.46,-24.09,54.20
74060,114.85,-25.25,52.20
74070,116.17,-26.15,50.20
74080,117.42,-27.24,48.22
74090,118.62,-28.51,46.26
74100,119.75,-29.28,44.31
74110,120.82,-30.43,42.38
74120,121.83,-31.38,40.48
74130,122.78,-32.41,38.60
74140,123.67,-33.30,36.76
74150,124.50,-34.22,34.94
74160,125.26,-34.97,33.16
74170,125.95,-35.49,31.41
74180,126.56,-36.02,29.70
74190,127.13,-36.97,28.03
74200,127.61,-37.24,26.41
74210,128.05,-38.16,24.83
74220,128.40,-38.30,23.29
74230,128.70,-38.93,21.81
74240,128.94,-39.51,20.38
74250,129.10,-39.35,19.00
74260,129.20,-39.82,17.68
74270,129.24,-40.21,16.41
74280,129.22,-40.18,15.21
74290,129.11,-39.98,14.06
74300,128.93,-39.85,12.98
74310,128.69,-39.85,11.96
74320,128.33,-38.57,11.00
74330,127.91,-38.42,10.12
74340,127.44,-38.35,9.30
74350,126.91,-38.15,8.54
74360,126.33,-37.88,7.86
74370,125.69,-37.61,7.25
74380,124.99,-36.90,6.71
74390,124.22,-36.34,6.25
74400,123.40,-35.72,5.85
74410,122.53,-35.16,5.53
74420,121.60,-34.43,5.29
74430,120.63,-33.94,5.12
74440,119.61,-33.07,5.02
74450,118.53,-32.02,5.00
74460,117.38,-30.79,5.06
74470,116.16,-29.39,5.19
74480,114.89,-28.06,5.39
74490,113.56,-26.88,5.67
74500,112.20,-25.87,6.02
74510,110.78,-24.21,6.45
74520,109.29,-22.45,6.95
74530,107.76,-21.14,7.52
74540,106.16,-19.04,8.17
74550,104.52,-17.65,8.88
74560,102.83,-15.56,9.67
74570,101.07,-13.55,10.53
74580,99.28,-11.70,11.45
74590,97.42,-9.46,12.44
74600,95.51,-7.22,13.50
74610,93.54,-4.83,14.61
74620,91.53,-2.54,15.80
74630,89.46,-0.06,17.04
74640,87.36,2.17,18.34
74650,85.22,4.43,19.70
74660,83.03,7.16,21.12
74670,80.79,9.93,22.58
74680,78.50,12.82,24.10
74690,76.17,15.39,25.67
74700,73.81,17.98,27.29
74710,71.40,21.11,28.95
74720,68.96,23.88,30.66
74730,66.48,26.77,32.41
74740,63.99,29.31,34.19
74750,61.47,32.23,36.01
74760,58.91,35.46,37.86
74770,56.29,39.19,39.75
74780,53.61,42.74,41.66
74790,50.90,46.10,43.60
74800,48.16,49.54,45.56
74810,45.41,52.32,47.54
74820,42.61,56.18,49.54
74830,39.81,59.00,51.56
74840,36.98,62.53,53.58
74850,34.09,66.66,55.62
74860,31.21,69.42,57.66
74870,28.34,72.38,59.70
74880,25.45,75.80,61.75
74890,22.55,79.16,63.79
74900,19.63,82.66,65.83
74910,16.72,85.64,67.86
74920,13.84,88.45,69.88
74930,11.00,90.66,71.89
74940,8.23,92.39,73.88
74950,5.53,94.31,75.85
74960,2.85,96.95,77.80
74970,0.17,100.00,79.73
74980,-2.27,98.35,81.63
74990,-4.74,100.00,83.49
75000,-7.09,100.00,85.33
75010,-9.30,100.00,87.13
75020,-11.40,100.00,88.90
75030,-13.38,100.00,90.62
75040,-15.23,100.00,92.30
75050,-16.95,99.78,93.94
75060,-18.48,98.80,95.53
75070,-19.87,98.38,97.07
75080,-21.14,98.15,98.56
75090,-22.23,97.02,100.00
75100,-23.17,96.25,101.38
75110,-23.95,94.94,102.70
75120,-24.57,93.81,103.97
75130,-25.03,92.27,105.17
75140,-25.33,90.98,106.31
75150,-25.46,88.97,107.39
75160,-25.44,87.60,108.40
75170,-25.24,85.34,109.34
75180,-24.91,83.66,110.21
75190,-24.42,81.81,111.02
75200,-23.77,79.47,111.75
75210,-22.98,77.61,112.41
75220,-22.04,75.08,113.00
75230,-20.97,73.21,113.51
75240,-19.74,70.51,113.95
75250,-18.41,68.66,114.31
75260,-16.93,66.01,114.60
75270,-15.31,63.04,114.81
75280,-13.60,61.43,114.94
75290,-11.80,59.35,115.00
75300,-9.90,57.02,114.98
75310,-7.88,54.40,114.88
75320,-5.75,51.45,114.71
75330,-3.47,47.93,114.45
75340,-1.17,46.73,114.13
75350,1.22,44.01,113.72
75360,3.70,41.32,113.24
75370,6.28,38.11,112.69
75380,8.79,38.49,112.06
75390,11.50,33.17,111.36
75400,14.28,30.39,110.59
75410,17.07,28.78,109.74
75420,19.88,26.61,108.83
75430,22.74,24.12,107.84
75440,25.60,22.35,106.79
75450,28.51,19.58,105.67
75460,31.43,17.60,104.49
75470,34.36,15.25,103.25
75480,37.31,13.01,101.94
75490,40.24,11.11,100.58
75500,43.18,9.02,99.15
75510,46.10,7.11,97.67
75520,49.00,5.15,96.14
75530,51.86,3.83,94.56
75540,54.67,2.65,92.93
75550,57.41,1.46,91.25
75560,60.09,0.49,89.53
75570,62.74,-1.37,87.76
75580,65.35,-2.89,85.96
75590,67.93,-4.86,84.11
75600,70.43,-5.52,82.24
75610,72.90,-7.61,80.33
75620,75.31,-8.66,78.39
75630,77.62,-9.42,76.43
75640,79.91,-11.20,74.44
75650,82.12,-12.36,72.44
75660,84.33,-14.72,70.41
75670,86.47,-15.98,68.37
75680,88.55,-17.20,66.32
75690,90.58,-18.65,64.26
75700,92.54,-19.89,62.19
75710,94.45,-21.37,60.12
75720,96.29,-22.70,58.04
75730,98.07,-23.82,55.97
75740,99.78,-24.89,53.91
75750,101.43,-26.12,51.85
75760,103.01,-27.16,49.81
75770,104.54,-28.53,47.78
75780,105.99,-29.57,45.76
75790,107.38,-30.61,43.77
75800,108.71,-31.67,41.80
75810,109.96,-32.45,39.85
75820,111.15,-33.61,37.94
75830,112.28,-34.49,36.05
75840,113.33,-35.11,34.20
75850,114.30,-35.70,32.38
75860,115.21,-36.71,30.61
75870,116.04,-36.99,28.87
75880,116.81,-37.90,27.18
75890,117.49,-38.03,25.54
75900,118.13,-39.09,23.94
75910,118.69,-39.41,22.40
75920,119.16,-39.46,20.91
75930,119.58,-40.07,19.48
75940,119.94,-40.60,18.10
75950,120.22,-40.60,16.78
75960,120.42,-40.50,15.53
75970,120.54,-40.38,14.34
75980,120.58,-40.31,13.21
75990,120.56,-40.24,12.15
76000,120.46,-40.02,11.16
76010,120.30,-39.91,10.23
76020,120.07,-39.57,9.38
76030,119.78,-39.38,8.61
76040,119.41,-38.89,7.90
76050,118.99,-38.65,7.27
76060,118.51,-38.15,6.72
76070,117.97,-37.71,6.24
76080,117.37,-37.09,5.84
76090,116.70,-36.41,5.51
76100,115.98,-35.64,5.27
76110,115.19,-34.81,5.10
76120,114.35,-33.89,5.01
76130,113.44,-32.88,5.01
76140,112.47,-31.73,5.08
76150,111.44,-30.57,5.23
76160,110.35,-29.36,5.45
76170,109.21,-28.16,5.76
76180,108.03,-26.95,6.15
76190,106.79,-25.73,6.61
76200,105.49,-23.92,7.15
76210,104.12,-22.11,7.77
76220,102.71,-20.79,8.46
76230,101.23,-18.67,9.22
76240,99.71,-17.00,10.06
76250,98.12,-14.72,10.97
76260,96.48,-12.99,11.96
76270,94.79,-10.79,13.01
76280,93.04,-8.47,14.13
76290,91.23,-6.19,15.31
76300,89.39,-4.18,16.57
76310,87.50,-1.74,17.88
76320,85.56,0.77,19.25
76330,83.55,3.60,20.69
76340,81.49,6.23,22.18
76350,79.39,8.74,23.73
76360,77.26,11.32,25.33
76370,75.09,13.85,26.98
76380,72.87,16.98,28.67
76390,70.59,20.10,30.42
76400,68.28,22.82,32.20
76410,65.90,26.46,34.03
76420,63.52,28.58,35.90
76430,61.10,32.01,37.80
76440,58.65,34.66,39.73
76450,56.13,38.85,41.69
76460,53.53,42.82,43.68
76470,50.94,45.32,45.70
76480,48.35,48.10,47.73
76490,45.74,50.99,49.78
76500,43.10,54.44,51.85
76510,40.41,58.40,53.93
76520,37.69,61.84,56.02
76530,34.95,64.99,58.12
76540,32.17,68.96,60.21
76550,29.40,71.77,62.31
76560,26.59,75.52,64.41
76570,23.75,79.40,66.50
76580,20.94,81.97,68.58
76590,18.13,85.00,70.65
76600,15.33,88.03,72.70
76610,12.58,90.23,74.73
76620,9.83,93.28,76.75
76630,7.12,95.79,78.74
76640,4.46,97.97,80.70
76650,1.89,99.21,82.63
76660,-0.53,99.31,84.53
76670,-3.00,100.00,86.39
76680,-5.30,99.38,88.22
76690,-7.46,99.78,90.00
76700,-9.53,100.00,91.74
76710,-11.45,99.92,93.44
76720,-13.25,100.00,95.08
76730,-14.95,100.00,96.68
76740,-16.55,100.00,98.22
76750,-17.99,99.04,99.71
76760,-19.11,94.99,101.13
76770,-20.12,94.95,102.50
76780,-20.96,93.68,103.81
76790,-21.65,92.53,105.05
76800,-22.19,91.55,106.22
76810,-22.57,89.98,107.33
76820,-22.80,88.40,108.37
76830,-22.88,87.09,109.34
76840,-22.79,85.10,110.23
76850,-22.57,83.52,111.05
76860,-22.19,81.58,111.80
76870,-21.66,79.53,112.47
76880,-20.99,77.52,113.07
76890,-20.18,75.48,113.58
76900,-19.23,73.22,114.02
76910,-18.15,71.14,114.37
76920,-16.92,68.42,114.65
76930,-15.60,66.78,114.85
76940,-14.17,64.82,114.96
76950,-12.61,62.18,115.00
76960,-10.92,59.36,114.95
76970,-9.12,56.96,114.83
76980,-7.24,54.81,114.62
76990,-5.29,52.92,114.33
77000,-3.19,49.48,113.96
77010,-1.00,46.84,113.51
77020,1.20,45.67,112.98
77030,3.57,41.50,112.38
77040,5.96,39.78,111.69
77050,8.33,39.28,110.93
77060,10.86,34.59,110.10
77070,13.48,31.65,109.19
77080,16.10,30.04,108.20
77090,18.75,27.90,107.15
77100,21.42,25.86,106.03
77110,24.14,23.15,104.83
77120,26.88,21.06,103.57
77130,29.63,18.85,102.25
77140,32.38,16.92,100.86
77150,35.15,14.61,99.42
77160,37.92,12.51,97.91
77170,40.69,10.47,96.35
77180,43.44,8.65,94.73
77190,46.16,6.85,93.06
77200,48.87,4.98,91.34
77210,51.54,3.50,89.58
77220,54.16,2.09,87.77
77230,56.76,0.12,85.92
77240,59.31,-1.24,84.03
77250,61.78,-2.15,82.10
77260,64.25,-4.51,80.14
77270,66.68,-6.18,78.15
77280,69.04,-7.20,76.14
77290,71.34,-8.58,74.10
77300,73.60,-10.24,72.03
77310,75.83,-11.99,69.95
77320,77.98,-13.15,67.86
77330,80.08,-14.64,65.75
77340,82.12,-15.93,63.63
77350,84.11,-17.37,61.51
77360,86.03,-18.46,59.39
77370,87.90,-20.11,57.26
77380,89.71,-21.19,55.14
77390,91.45,-22.55,53.03
77400,93.14,-23.87,50.93
77410,94.76,-24.83,48.84
77420,96.33,-26.40,46.76
77430,97.85,-27.66,44.71
77440,99.30,-28.76,42.68
77450,100.68,-29.65,40.67
77460,102.00,-30.71,38.69
77470,103.25,-31.66,36.75
77480,104.43,-32.61,34.84
77490,105.55,-33.46,32.96
77500,106.59,-34.16,31.13
77510,107.57,-35.06,29.34
77520,108.49,-35.83,27.59
77530,109.32,-36.13,25.90
77540,110.11,-37.08,24.25
77550,110.81,-37.37,22.66
77560,111.45,-38.19,21.12
77570,112.01,-38.05,19.64
77580,112.51,-38.75,18.23
77590,112.94,-39.08,16.87
77600,113.28,-38.82,15.58
77610,113.56,-38.99,14.36
77620,113.77,-39.24,13.20
77630,113.91,-39.26,12.11
77640,113.98,-38.89,11.10
77650,113.96,-38.56,10.16
77660,113.87,-38.22,9.30
77670,113.71,-37.85,8.51
77680,113.48,-37.45,7.80
77690,113.18,-37.08,7.16
77700,112.82,-36.58,6.61
77710,112.41,-36.15,6.14
77720,111.93,-35.68,5.75
77730,111.40,-35.09,5.44
77740,110.81,-34.40,5.21
77750,110.16,-33.72,5.06
77760,109.45,-32.71,5.00
77770,108.67,-31.66,5.02
77780,107.82,-30.42,5.13
77790,106.91,-29.11,5.32
77800,105.94,-27.84,5.59
77810,104.91,-26.60,5.94
77820,103.83,-25.50,6.37
77830,102.70,-23.99,6.89
77840,101.50,-22.25,7.48
77850,100.25,-20.81,8.16
77860,98.94,-18.82,8.91
77870,97.57,-17.26,9.75
77880,96.15,-15.18,10.65
77890,94.68,-13.37,11.64
77900,93.14,-11.23,12.69
77910,91.55,-8.95,13.82
77920,89.91,-6.96,15.02
77930,88.23,-4.86,16.29
77940,86.50,-2.50,17.62
77950,84.72,-0.17,19.02
77960,82.88,2.41,20.48
77970,80.99,5.21,22.00
77980,79.04,7.93,23.58
77990,77.05,10.38,25.21
78000,75.01,13.44,26.90
78010,72.90,16.63,28.64
78020,70.77,18.96,30.43
78030,68.58,22.28,32.26
78040,66.36,25.18,34.13
78050,64.06,28.83,36.05
78060,61.76,31.21,38.00
78070,59.39,34.88,39.98
78080,56.99,38.00,42.00
78090,54.58,40.69,44.04
78100,52.15,43.64,46.11
78110,49.70,46.70,48.20
78120,47.15,51.34,50.30
78130,44.59,54.26,52.43
78140,42.05,56.79,54.56
78150,39.42,61.39,56.70
78160,36.79,64.17,58.85
78170,34.11,68.24,61.00
78180,31.46,70.55,63.15
78190,28.77,74.34,65.30
78200,26.08,77.47,67.44
78210,23.38,80.69,69.56
78220,20.68,83.97,71.67
78230,17.97,87.19,73.77
78240,15.27,90.14,75.84
78250,12.62,92.34,77.89
78260,10.02,94.37,79.91
78270,7.49,96.20,81.90
78280,5.03,97.76,83.86
78290,2.60,100.00,85.79
78300,0.17,100.00,87.67
78310,-2.06,98.85,89.51
78320,-4.20,100.00,91.31
78330,-6.27,100.00,93.05
78340,-8.23,100.00,94.75
78350,-10.06,100.00,96.40
78360,-11.74,99.70,97.98
78370,-13.28,99.23,99.51
78380,-14.68,99.10,100.98
78390,-15.98,99.17,102.39
78400,-17.10,98.00,103.73
78410,-18.06,96.77,105.01
78420,-18.89,96.30,106.21
78430,-19.54,94.50,107.35
78440,-20.06,93.70,108.41
78450,-20.41,91.81,109.40
78460,-20.61,90.50,110.31
78470,-20.64,88.48,111.14
78480,-20.52,86.61,111.90
78490,-20.26,84.87,112.57
78500,-19.83,82.51,113.17
78510,-19.26,80.73,113.68
78520,-18.53,78.09,114.11
78530,-17.68,76.26,114.45
78540,-16.67,73.41,114.72
78550,-15.54,71.47,114.89
78560,-14.25,68.51,114.99
78570,-12.87,66.66,114.99
78580,-11.38,64.33,114.91
78590,-9.73,60.94,114.75
78600,-7.94,57.85,114.50
78610,-6.04,55.18,114.17
78620,-4.04,52.64,113.76
78630,-1.99,50.70,113.26
78640,0.10,49.23,112.67
78650,2.34,45.32,112.01
78660,4.63,43.26,111.26
78670,7.02,40.16,110.44
78680,9.40,39.14,109.54
78690,11.98,33.54,108.56
78700,14.55,32.55,107.50
78710,17.10,31.12,106.37
78720,19.72,28.28,105.17
78730,22.41,25.02,103.90
78740,25.14,22.46,102.56
78750,27.89,20.28,101.15
78760,30.66,17.81,99.68
78770,33.44,15.53,98.15
78780,36.24,12.99,96.56
78790,39.04,10.79,94.91
78800,41.84,8.47,93.20
78810,44.63,6.40,91.44
78820,47.36,5.35,89.64
78830,50.09,2.83,87.79
78840,52.79,1.24,85.89
78850,55.44,-0.47,83.96
78860,58.08,-2.56,81.98
78870,60.64,-3.62,79.97
78880,63.13,-4.60,77.93
78890,65.62,-7.20,75.86
78900,68.07,-9.04,73.77
78910,70.47,-10.64,71.66
78920,72.79,-11.63,69.52
78930,75.06,-13.26,67.37
78940,77.28,-14.72,65.21
78950,79.44,-16.19,63.04
78960,81.55,-17.80,60.87
78970,83.62,-19.60,58.69
78980,85.61,-20.53,56.52
78990,87.54,-22.01,54.35
79000,89.41,-23.37,52.19
79010,91.22,-24.74,50.04
79020,92.98,-26.11,47.91
79030,94.67,-27.55,45.79
79040,96.31,-28.68,43.70
79050,97.88,-30.00,41.63
79060,99.40,-31.36,39.59
79070,100.85,-32.52,37.58
79080,102.24,-33.43,35.61
79090,103.55,-34.37,33.68
79100,104.80,-35.39,31.78
79110,105.99,-36.40,29.93
79120,107.10,-37.18,28.13
79130,108.15,-38.03,26.38
79140,109.12,-38.46,24.68
79150,110.03,-39.35,23.04
79160,110.85,-39.53,21.45
79170,111.62,-40.46,19.92
79180,112.31,-40.64,18.46
79190,112.91,-40.93,17.06
79200,113.39,-40.02,15.73
79210,113.81,-40.42,14.47
79220,114.16,-40.46,13.28
79230,114.41,-40.07,12.17
79240,114.58,-39.93,11.13
79250,114.68,-39.73,10.16
79260,114.70,-39.46,9.28
79270,114.68,-39.70,8.47
79280,114.58,-39.25,7.75
79290,114.41,-38.82,7.11
79300,114.18,-38.38,6.55
79310,113.88,-37.93,6.08
79320,113.49,-36.94,5.69
79330,113.05,-36.38,5.39
79340,112.54,-35.62,5.17
79350,111.97,-34.85,5.04
79360,111.34,-34.03,5.00
79370,110.64,-33.05,5.04
79380,109.89,-32.04,5.18
79390,109.09,-31.09,5.40
79400,108.23,-30.01,5.70
79410,107.31,-28.80,6.09
79420,106.33,-27.45,6.57
79430,105.28,-25.70,7.13
79440,104.18,-24.25,7.78
79450,103.03,-22.85,8.51
79460,101.82,-21.01,9.32
79470,100.55,-19.32,10.21
79480,99.22,-17.43,11.18
79490,97.84,-15.51,12.23
79500,96.41,-13.38,13.35
79510,94.92,-11.47,14.55
79520,93.38,-9.32,15.82
79530,91.78,-6.85,17.17
79540,90.13,-4.56,18.58
79550,88.42,-2.00,20.05
79560,86.66,0.45,21.59
79570,84.86,2.86,23.19
79580,83.02,5.22,24.85
79590,81.15,7.70,26.57
79600,79.22,10.55,28.34
79610,77.21,13.89,30.16
79620,75.19,16.32,32.03
79630,73.12,19.22,33.94
79640,71.01,22.21,35.90
79650,68.87,24.87,37.89
79660,66.71,27.56,39.92
79670,64.49,31.09,41.99
79680,62.23,34.21,44.08
79690,59.94,37.31,46.20
79700,57.61,40.70,48.34
79710,55.23,44.13,50.49
79720,52.77,48.39,52.67
79730,50.37,49.94,54.85
79740,47.89,54.38,57.05
79750,45.39,57.37,59.25
79760,42.87,60.84,61.45
79770,40.33,63.88,63.65
79780,37.77,67.43,65.84
79790,35.18,70.82,68.03
79800,32.59,73.94,70.20
79810,29.99,77.21,72.35
79820,27.37,80.64,74.49
79830,24.73,83.97,76.60
79840,22.12,86.43,78.69
79850,19.53,89.41,80.75
79860,16.94,92.16,82.77
79870,14.41,94.33,84.76
79880,11.90,96.75,86.71
79890,9.55,96.73,88.62
79900,7.24,98.72,90.48
79910,4.99,100.00,92.29
79920,2.79,100.00,94.05
79930,0.72,100.00,95.75
79940,-1.23,100.00,97.40
79950,-3.06,100.00,98.99
79960,-4.80,100.00,100.51
79970,-6.43,100.00,101.98
79980,-7.91,99.28,103.37
79990,-9.21,98.15,104.69
80000,-10.41,98.16,105.94
80010,-11.47,97.40,107.12
80020,-12.35,95.91,108.22
80030,-13.11,95.39,109.24
80040,-13.71,93.61,110.19
80050,-14.18,92.79,111.05
80060,-14.46,90.56,111.83
80070,-14.62,89.35,112.53
80080,-14.62,87.30,113.14
80090,-14.46,85.39,113.67
80100,-14.17,83.50,114.11
80110,-13.72,81.23,114.46
80120,-13.14,79.35,114.73
80130,-12.41,76.77,114.90
80140,-11.56,74.69,114.99
80150,-10.56,72.06,114.99
80160,-9.45,69.88,114.90
80170,-8.18,66.83,114.72
80180,-6.82,64.87,114.45
80190,-5.37,62.81,114.09
80200,-3.77,59.41,113.65
80210,-2.03,55.95,113.11
80220,-0.18,53.25,112.49
80230,1.74,50.82,111.79
80240,3.70,49.41,111.00
80250,5.73,46.84,110.13
80260,7.94,42.23,109.18
80270,10.10,42.02,108.15
80280,12.47,36.44,107.04
80290,14.77,36.42,105.85
80300,17.14,33.51,104.59
80310,19.66,28.90,103.25
80320,22.19,26.78,101.84
80330,24.74,24.77,100.37
80340,27.32,22.11,98.83
80350,29.92,19.92,97.23
80360,32.55,17.14,95.56
80370,35.18,15.00,93.84
80380,37.81,12.89,92.06
80390,40.44,10.59,90.23
80400,43.06,8.58,88.35
80410,45.67,6.39,86.42
80420,48.26,4.52,84.45
80430,50.82,2.46,82.44
80440,53.35,0.73,80.40
80450,55.82,-0.43,78.32
80460,58.25,-2.27,76.20
80470,60.63,-3.75,74.07
80480,63.02,-6.42,71.91
80490,65.36,-8.13,69.72
80500,67.63,-9.32,67.53
80510,69.83,-10.45,65.32
80520,71.99,-12.05,63.10
80530,74.09,-13.72,60.87
80540,76.14,-15.10,58.65
80550,78.14,-16.74,56.42
80560,80.09,-18.31,54.20
80570,81.95,-19.16,52.00
80580,83.77,-20.66,49.80
80590,85.53,-22.25,47.62
80600,87.22,-23.20,45.46
80610,88.86,-24.63,43.32
80620,90.46,-26.28,41.21
80630,91.98,-27.34,39.13
80640,93.44,-28.35,37.09
80650,94.85,-29.68,35.08
80660,96.18,-30.57,33.11
80670,97.46,-31.65,31.19
80680,98.66,-32.33,29.31
80690,99.79,-33.21,27.49
80700,100.87,-34.19,25.72
80710,101.87,-34.92,24.00
80720,102.80,-35.46,22.34
80730,103.66,-35.81,20.75
80740,104.45,-36.53,19.22
80750,105.16,-36.64,17.75
80760,105.81,-37.36,16.36
80770,106.37,-37.28,15.03
80780,106.89,-37.87,13.79
80790,107.33,-37.95,12.61
80800,107.68,-37.65,11.52
80810,107.97,-37.87,10.50
80820,108.19,-37.85,9.57
80830,108.33,-37.42,8.72
80840,108.39,-36.95,7.95
80850,108.39,-36.73,7.27
80860,108.33,-36.54,6.68
80870,108.20,-36.15,6.18
80880,108.00,-35.43,5.76
80890,107.72,-34.59,5.44
80900,107.37,-33.84,5.20
80910,106.97,-33.26,5.05
80920,106.51,-32.64,5.00
80930,106.00,-31.86,5.04
80940,105.41,-30.70,5.17
80950,104.76,-29.39,5.38
80960,104.04,-28.35,5.69
80970,103.29,-27.45,6.09
80980,102.46,-25.98,6.58
80990,101.57,-24.41,7.16
81000,100.64,-23.35,7.83
81010,99.64,-21.44,8.58
81020,98.58,-19.98,9.42
81030,97.47,-18.08,10.34
81040,96.30,-16.45,11.34
81050,95.07,-14.34,12.43
81060,93.78,-12.37,13.59
81070,92.45,-10.51,14.84
81080,91.08,-8.64,16.15
81090,89.65,-6.27,17.55
81100,88.16,-4.03,19.01
81110,86.63,-1.69,20.54
81120,85.06,0.49,22.13
81130,83.42,3.19,23.79
81140,81.73,6.00,25.51
81150,79.99,8.69,27.29
81160,78.20,11.33,29.12
81170,76.38,13.81,31.01
81180,74.52,16.36,32.94
81190,72.61,19.63,34.92
81200,70.64,22.67,36.94
81210,68.61,26.18,39.00
81220,66.58,28.38,41.09
81230,64.50,31.64,43.22
81240,62.38,34.62,45.37
81250,60.28,36.73,47.55
81260,58.12,40.46,49.75
81270,55.92,43.75,51.97
81280,53.67,47.33,54.20
81290,51.39,50.45,56.44
81300,49.07,54.02,58.69
81310,46.72,57.49,60.94
81320,44.34,60.65,63.19
81330,41.94,64.06,65.44
81340,39.49,67.86,67.67
81350,37.04,70.78,69.89
81360,34.56,74.42,72.10
81370,32.04,78.05,74.29
81380,29.52,81.15,76.45
81390,27.02,83.78,78.59
81400,24.52,86.88,80.69
81410,22.04,89.32,82.76
81420,19.58,92.10,84.79
81430,17.14,94.57,86.79
81440,14.74,96.86,88.73
81450,12.38,99.14,90.63
81460,10.29,96.42,92.48
81470,8.14,100.00,94.27
81480,6.17,98.94,96.01
81490,4.26,100.00,97.68
81500,2.41,100.00,99.29
81510,0.66,100.00,100.84
81520,-0.89,98.44,102.32
81530,-2.33,98.54,103.72
81540,-3.68,98.95,105.05
81550,-4.92,98.80,106.31
81560,-5.98,97.55,107.49
81570,-6.92,96.90,108.59
81580,-7.75,96.52,109.61
81590,-8.40,94.84,110.54
81600,-8.94,94.00,111.39
81610,-9.30,91.96,112.15
81620,-9.53,90.78,112.82
81630,-9.60,88.61,113.41
81640,-9.53,87.00,113.90
81650,-9.31,84.78,114.31
81660,-8.94,82.69,114.62
81670,-8.44,80.77,114.84
81680,-7.79,78.19,114.97
81690,-7.01,76.06,115.00
81700,-6.09,73.35,114.94
81710,-5.06,71.34,114.79
81720,-3.88,68.29,114.54
81730,-2.59,66.04,114.20
81740,-1.23,64.31,113.77
81750,0.26,61.32,113.25
81760,1.89,57.91,112.64
81770,3.62,55.17,111.94
81780,5.43,52.93,111.15
81790,7.28,51.19,110.28
81800,9.27,47.43,109.32
81810,11.37,43.93,108.27
81820,13.45,43.15,107.14
81830,15.70,38.27,105.94
81840,17.97,36.57,104.65
81850,20.20,35.81,103.29
81860,22.58,30.99,101.85
81870,25.02,28.26,100.34
81880,27.46,26.24,98.77
81890,29.92,24.02,97.13
81900,32.42,21.08,95.42
81910,34.95,18.58,93.65
81920,37.48,16.36,91.83
81930,40.01,14.07,89.95
81940,42.55,11.64,88.02
81950,45.10,9.25,86.05
81960,47.61,7.43,84.02
81970,50.12,5.22,81.96
81980,52.58,3.61,79.86
81990,55.02,1.64,77.72
82000,57.43,-0.25,75.56
82010,59.79,-1.93,73.36
82020,62.13,-3.89,71.15
82030,64.39,-4.95,68.91
82040,66.62,-6.98,66.66
82050,68.77,-8.04,64.40
82060,70.90,-10.10,62.13
82070,72.99,-11.91,59.85
82080,75.01,-12.94,57.58
82090,76.97,-14.50,55.31
82100,78.89,-16.39,53.05
82110,80.74,-17.35,50.79
82120,82.55,-19.27,48.56
82130,84.30,-20.46,46.34
82140,85.97,-21.43,44.15
82150,87.61,-23.32,41.98
82160,89.19,-24.45,39.85
82170,90.70,-25.61,37.74
82180,92.15,-26.98,35.68
82190,93.55,-28.01,33.66
82200,94.87,-29.00,31.68
82210,96.16,-30.64,29.75
82220,97.37,-31.28,27.87
82230,98.53,-32.39,26.05
82240,99.63,-33.46,24.29
82250,100.66,-34.08,22.58
82260,101.63,-34.92,20.94
82270,102.53,-35.41,19.37
82280,103.35,-35.76,17.87
82290,104.11,-36.41,16.44
82300,104.80,-36.86,15.08
82310,105.40,-36.81,13.80
82320,105.96,-37.46,12.61
82330,106.43,-37.31,11.49
82340,106.83,-37.39,10.45
82350,107.18,-37.76,9.51
82360,107.44,-37.16,8.64
82370,107.62,-36.91,7.87
82380,107.74,-36.93,7.19
82390,107.80,-36.53,6.60
82400,107.77,-35.92,6.10
82410,107.67,-35.11,5.69
82420,107.50,-34.64,5.37
82430,107.28,-34.31,5.16
82440,106.99,-33.52,5.03
82450,106.63,-32.45,5.00
82460,106.19,-31.44,5.07
82470,105.70,-30.65,5.23
82480,105.16,-29.86,5.48
82490,104.56,-28.64,5.83
82500,103.88,-27.21,6.28
82510,103.15,-25.99,6.81
82520,102.37,-24.92,7.44
82530,101.52,-23.24,8.16
82540,100.61,-21.68,8.97
82550,99.65,-20.03,9.87
82560,98.63,-18.32,10.86
82570,97.54,-16.48,11.93
82580,96.41,-14.69,13.08
82590,95.21,-12.45,14.32
82600,93.96,-10.52,15.64
82610,92.67,-8.58,17.03
82620,91.33,-6.61,18.50
82630,89.89,-3.23,20.04
82640,88.40,-0.90,21.65
82650,86.86,1.45,23.32
82660,85.28,3.91,25.07
82670,83.62,6.84,26.87
82680,81.93,9.34,28.73
82690,80.18,12.26,30.64
82700,78.40,14.90,32.61
82710,76.60,17.10,34.62
82720,74.71,20.81,36.68
82730,72.79,23.66,38.78
82740,70.78,27.45,40.91
82750,68.76,30.01,43.08
82760,66.69,33.30,45.28
82770,64.58,36.51,47.51
82780,62.46,39.25,49.76
82790,60.32,41.90,52.02
82800,58.15,45.30,54.30
82810,55.92,48.97,56.59
82820,53.67,52.00,58.89
82830,51.39,55.36,61.19
82840,49.07,58.77,63.49
82850,46.72,62.32,65.78
82860,44.34,65.78,68.06
82870,41.92,69.31,70.33
82880,39.52,71.95,72.58
82890,37.11,75.04,74.81
82900,34.73,77.44,77.01
82910,32.32,80.74,79.18
82920,29.96,82.91,81.32
82930,27.63,85.05,83.43
82940,25.34,87.36,85.49
82950,23.12,88.82,87.51
82960,20.89,91.71,89.48
82970,18.65,94.95,91.39
82980,16.64,93.08,93.26
82990,14.58,96.74,95.06
83000,12.62,97.49,96.81
83010,10.79,97.40,98.49
83020,9.10,97.36,100.10
83030,7.50,97.81,101.64
83040,5.98,98.43,103.11
83050,4.54,99.40,104.51
83060,3.20,99.59,105.82
83070,2.03,98.19,107.06
83080,1.01,97.15,108.21
83090,0.06,97.58,109.28
83100,-0.72,95.90,110.26
83110,-1.37,95.07,111.15
83120,-1.88,93.81,111.95
83130,-2.25,92.23,112.67
83140,-2.47,90.70,113.29
83150,-2.56,89.10,113.81
83160,-2.50,87.15,114.24
83170,-2.32,85.61,114.58
83180,-1.99,83.17,114.81
83190,-1.53,81.27,114.96
83200,-0.92,78.71,115.00
83210,-0.19,76.76,114.95
83220,0.67,74.14,114.80
83230,1.65,71.99,114.55
83240,2.77,68.84,114.21
83250,3.96,67.28,113.77
83260,5.30,64.18,113.24
83270,6.79,60.36,112.61
83280,8.40,57.51,111.89
83290,10.08,55.22,111.08
83300,11.85,52.46,110.17
83310,13.74,49.32,109.18
83320,15.63,47.89,108.10
83330,17.56,46.09,106.93
83340,19.67,41.19,105.69
83350,21.70,41.26,104.36
83360,23.92,35.93,102.95
83370,26.15,34.17,101.46
83380,28.33,33.38,99.91
83390,30.60,29.94,98.28
83400,32.91,27.04,96.58
83410,35.26,24.32,94.82
83420,37.64,21.74,92.99
83430,40.05,19.14,91.11
83440,42.45,16.95,89.17
83450,44.86,14.60,87.18
83460,47.27,12.22,85.14
83470,49.69,9.62,83.05
83480,52.06,8.23,80.93
83490,54.45,5.40,78.76
83500,56.80,3.68,76.56
83510,59.13,1.62,74.34
83520,61.41,0.04,72.08
83530,63.64,-1.44,69.81
83540,65.84,-3.55,67.52
83550,67.98,-4.76,65.21
83560,70.08,-6.72,62.89
83570,72.16,-8.83,60.57
83580,74.18,-10.34,58.25
83590,76.15,-11.71,55.93
83600,78.01,-12.35,53.62
83610,79.81,-13.59,51.32
83620,81.59,-15.67,49.03
83630,83.30,-16.88,46.76
83640,84.93,-17.83,44.52
83650,86.54,-19.98,42.30
83660,88.08,-20.91,40.11
83670,89.56,-22.17,37.96
83680,90.99,-23.52,35.85
83690,92.35,-24.55,33.79
83700,93.65,-25.71,31.76
83710,94.91,-27.17,29.79
83720,96.10,-27.99,27.87
83730,97.21,-28.71,26.01
83740,98.28,-29.86,24.22
83750,99.22,-29.39,22.48
83760,100.10,-30.25,20.81
83770,100.91,-30.73,19.21
83780,101.66,-31.26,17.69
83790,102.34,-31.89,16.24
83800,102.97,-32.41,14.86
83810,103.51,-32.47,13.57
83820,103.99,-32.69,12.37
83830,104.40,-32.85,11.24
83840,104.73,-32.79,10.21
83850,105.01,-32.85,9.26
83860,105.21,-32.66,8.41
83870,105.35,-32.77,7.65
83880,105.41,-32.13,6.98
83890,105.42,-32.09,6.41
83900,105.35,-31.32,5.93
83910,105.22,-31.08,5.55
83920,105.02,-30.36,5.27
83930,104.77,-29.88,5.09
83940,104.45,-28.94,5.01
83950,104.07,-28.42,5.02
83960,103.62,-27.26,5.14
83970,103.13,-26.48,5.35
83980,102.56,-25.28,5.66
83990,101.94,-24.33,6.07
84000,101.25,-22.82,6.58
84010,100.52,-21.78,7.18
84020,99.72,-20.19,7.88
84030,98.86,-18.65,8.68
84040,97.97,-17.47,9.56
84050,97.01,-15.70,10.54
84060,95.99,-13.91,11.61
84070,94.92,-12.03,12.76
84080,93.79,-10.08,14.00
84090,92.61,-8.06,15.33
84100,91.38,-6.07,16.73
84110,90.10,-3.92,18.22
84120,88.77,-1.89,19.78
84130,87.41,0.16,21.41
84140,85.99,2.71,23.11
84150,84.53,4.92,24.88
84160,83.00,7.83,26.71
84170,81.45,10.03,28.61
84180,79.84,12.83,30.56
84190,78.16,16.05,32.56
84200,76.48,18.13,34.62
84210,74.75,20.95,36.72
84220,72.98,23.66,38.86
84230,71.14,27.16,41.04
84240,69.28,29.99,43.26
84250,67.38,32.85,45.51
84260,65.49,34.97,47.78
84270,63.50,39.41,50.08
84280,61.49,42.03,52.40
84290,59.46,45.22,54.72
84300,57.38,48.56,57.06
84310,55.26,52.00,59.41
84320,53.10,55.30,61.76
84330,50.92,58.56,64.10
84340,48.71,61.99,66.44
84350,46.47,65.13,68.76
84360,44.24,67.98,71.07
84370,41.95,71.78,73.36
84380,39.66,74.76,75.62
84390,37.34,78.26,77.86
84400,35.03,81.10,80.07
84410,32.71,83.95,82.23
84420,30.39,87.01,84.36
84430,28.09,89.42,86.45
84440,25.84,91.42,88.48
84450,23.63,93.43,90.47
84460,21.46,95.50,92.40
84470,19.24,99.27,94.27
84480,17.20,98.49,96.07
84490,15.15,100.00,97.82
84500,13.27,99.29,99.49
84510,11.49,99.75,101.09
84520,9.79,100.00,102.62
84530,8.19,100.00,104.06
84540,6.70,100.00,105.43
84550,5.32,100.00,106.72
84560,3.99,100.00,107.92
84570,2.79,99.70,109.03
84580,1.76,97.93,110.05
84590,0.84,97.68,110.98
84600,0.05,96.61,111.82
84610,-0.58,95.23,112.56
84620,-1.11,94.30,113.21
84630,-1.47,92.40,113.75
84640,-1.70,90.95,114.20
84650,-1.78,89.04,114.55
84660,-1.72,86.96,114.80
84670,-1.53,85.20,114.95
84680,-1.19,82.80,115.00
84690,-0.73,81.01,114.95
84700,-0.13,78.23,114.79
84710,0.60,76.06,114.54
84720,1.47,73.32,114.18
84730,2.45,70.81,113.73
84740,3.57,68.04,113.17
84750,4.75,66.25,112.52
84760,6.11,62.37,111.77
84770,7.61,58.73,110.93
84780,9.17,56.88,109.99
84790,10.80,54.43,108.96
84800,12.55,51.24,107.84
84810,14.42,47.57,106.63
84820,16.34,45.25,105.34
84830,18.26,44.10,103.96
84840,20.36,38.81,102.50
84850,22.38,38.91,100.96
84860,24.60,33.22,99.34
84870,26.82,31.41,97.65
84880,29.00,30.47,95.90
84890,31.25,27.05,94.07
84900,33.56,23.99,92.18
84910,35.89,21.35,90.24
84920,38.27,18.24,88.23
84930,40.64,16.12,86.18
84940,43.02,13.52,84.07
84950,45.40,11.35,81.92
84960,47.73,9.72,79.73
84970,50.07,7.28,77.51
84980,52.40,5.04,75.25
84990,54.68,3.32,72.96
85000,56.95,1.05,70.64
85010,59.16,-0.26,68.31
85020,61.34,-2.38,65.96
85030,63.50,-4.39,63.60
85040,65.60,-5.96,61.23
85050,67.64,-7.10,58.86
85060,69.64,-9.18,56.50
85070,71.61,-11.14,54.13
85080,73.51,-12.18,51.78
85090,75.34,-13.46,49.45
85100,77.13,-15.17,47.13
85110,78.85,-16.46,44.84
85120,80.52,-17.78,42.57
85130,82.14,-19.46,40.34
85140,83.69,-20.41,38.14
85150,85.19,-21.89,35.98
85160,86.64,-23.25,33.87
85170,88.02,-24.24,31.81
85180,89.36,-25.61,29.80
85190,90.61,-26.35,27.84
85200,91.82,-27.52,25.95
85210,92.97,-28.72,24.11
85220,94.05,-29.32,22.35
85230,95.07,-30.16,20.65
85240,96.03,-31.06,19.03
85250,96.92,-31.51,17.48
85260,97.75,-32.16,16.01
85270,98.50,-32.37,14.63
85280,99.18,-32.74,13.33
85290,99.81,-33.20,12.11
85300,100.37,-33.50,10.99
85310,100.84,-33.31,9.96
85320,101.25,-33.34,9.02
85330,101.60,-33.39,8.17
85340,101.86,-32.96,7.42
85350,102.07,-32.97,6.78
85360,102.19,-32.29,6.23
85370,102.27,-32.22,5.78
85380,102.26,-31.43,5.43
85390,102.19,-30.92,5.18
85400,102.05,-30.33,5.04
85410,101.85,-29.50,5.00
85420,101.59,-28.85,5.06
85430,101.26,-27.66,5.23
85440,100.88,-26.98,5.50
85450,100.42,-25.74,5.87
85460,99.92,-24.83,6.34
85470,99.35,-23.36,6.92
85480,98.73,-22.25,7.59
85490,98.05,-20.70,8.36
85500,97.30,-19.17,9.23
85510,96.51,-17.84,10.20
85520,95.66,-16.06,11.26
85530,94.75,-14.23,12.41
85540,93.79,-12.47,13.65
85550,92.78,-10.69,14.97
85560,91.72,-8.78,16.39
85570,90.60,-6.57,17.88
85580,89.44,-4.51,19.45
85590,88.21,-2.03,21.10
85600,86.92,0.36,22.83
85610,85.60,2.55,24.62
85620,84.23,4.94,26.48
85630,82.81,7.54,28.41
85640,81.35,9.92,30.39
85650,79.85,12.61,32.43
85660,78.31,14.91,34.53
85670,76.72,18.12,36.67
85680,75.07,21.12,38.85
85690,73.40,23.51,41.08
85700,71.69,26.59,43.34
85710,69.91,30.06,45.64
85720,68.14,32.09,47.96
85730,66.34,34.78,50.30
85740,64.49,38.46,52.66
85750,62.58,41.81,55.04
85760,60.62,45.54,57.43
85770,58.60,49.14,59.82
85780,56.59,51.49,62.21
85790,54.51,55.52,64.60
85800,52.42,58.56,66.98
85810,50.30,61.71,69.35
85820,48.14,65.35,71.70
85830,45.95,68.60,74.03
85840,43.74,71.97,76.33
85850,41.50,75.42,78.60
85860,39.24,78.68,80.84
85870,36.98,81.39,83.03
85880,34.72,84.38,85.19
85890,32.48,86.89,87.29
85900,30.24,89.63,89.35
85910,28.03,92.00,91.35
85920,25.86,94.04,93.29
85930,23.67,97.07,95.16
85940,21.60,97.66,96.97
85950,19.64,97.96,98.71
85960,17.67,100.00,100.38
85970,15.76,100.00,101.97
85980,13.98,99.93,103.48
85990,12.31,100.00,104.91
86000,10.74,100.00,106.25
86010,9.24,100.00,107.50
86020,7.83,100.00,108.67
86030,6.54,99.36,109.74
86040,5.46,97.16,110.72
86050,4.44,97.81,111.60
86060,3.58,96.34,112.38
86070,2.85,95.13,113.06
86080,2.36,91.81,113.64
86090,2.02,90.04,114.12
86100,1.80,88.70,114.50
86110,1.72,86.70,114.77
86120,1.77,85.21,114.94
86130,1.96,82.90,115.00
86140,2.26,81.21,114.96
86150,2.70,79.01,114.81
86160,3.27,76.49,114.56
86170,3.95,74.43,114.20
86180,4.77,71.79,113.74
86190,5.67,69.88,113.17
86200,6.75,66.01,112.51
86210,7.96,63.04,111.74
86220,9.20,61.79,110.88
86230,10.52,59.76,109.91
86240,11.93,57.03,108.85
86250,13.46,53.72,107.70
86260,15.13,49.72,106.46
86270,16.85,47.74,105.12
86280,18.57,46.36,103.70
86290,20.48,41.21,102.20
86300,22.32,41.08,100.61
86310,24.28,37.19,98.95
86320,26.36,32.98,97.21
86330,28.40,32.13,95.40
86340,30.45,29.96,93.52
86350,32.57,26.66,91.58
86360,34.72,24.00,89.57
86370,36.89,21.55,87.51
86380,39.06,19.36,85.40
86390,41.26,16.67,83.23
86400,43.46,14.28,81.03
86410,45.65,12.08,78.78
86420,47.83,9.87,76.49
86430,50.02,7.39,74.17
86440,52.15,5.93,71.83
86450,54.25,4.27,69.46
86460,56.31,2.52,67.07
86470,56.40,40.47,64.67
86480,58.43,-0.88,62.26
86490,60.38,-1.81,59.84
86500,62.33,-4.12,57.43
86510,64.25,-6.28,55.02
86520,66.10,-7.37,52.62
86530,67.88,-8.49,50.23
86540,69.61,-9.98,47.86
86550,71.26,-10.88,45.52
86560,72.89,-13.07,43.20
86570,74.46,-14.17,40.91
86580,75.96,-15.20,38.66
86590,77.43,-17.03,36.46
86600,78.86,-18.56,34.29
86610,80.21,-19.28,32.18
86620,81.51,-20.49,30.12
86630,82.76,-21.70,28.12
86640,83.94,-22.73,26.18
86650,85.06,-23.46,24.30
86660,86.14,-24.81,22.49
86670,87.16,-25.48,20.76
86680,88.12,-26.32,19.10
86690,89.00,-26.78,17.52
86700,89.83,-27.50,16.02
86710,90.61,-28.21,14.61
86720,91.32,-28.58,13.29
86730,91.96,-28.69,12.05
86740,92.52,-28.85,10.91
86750,93.03,-29.06,9.87
86760,93.47,-29.06,8.92
86770,93.86,-29.38,8.07
86780,94.19,-29.34,7.32
86790,94.44,-29.06,6.68
86800,94.63,-28.62,6.13
86810,94.74,-28.02,5.70
86820,94.80,-27.70,5.36
86830,94.79,-27.31,5.14
86840,94.72,-26.37,5.02
86850,94.57,-25.47,5.01
86860,94.37,-24.98,5.10
86870,94.11,-24.01,5.31
86880,93.78,-22.98,5.61
86890,93.40,-21.89,6.03
86900,92.97,-21.01,6.55
86910,92.49,-19.87,7.17
86920,91.93,-18.20,7.90
86930,91.33,-16.96,8.73
86940,90.66,-15.40,9.66
86950,89.94,-13.75,10.69
86960,89.17,-12.20,11.81
86970,88.34,-10.31,13.03
86980,87.45,-8.36,14.34
86990,86.50,-6.39,15.74
87000,85.52,-4.64,17.23
87010,84.49,-2.81,18.80
87020,83.41,-0.40,20.45
87030,82.28,1.67,22.18
87040,81.11,4.04,23.98
87050,79.89,6.28,25.85
87060,78.61,8.86,27.80
87070,77.29,11.41,29.80
87080,75.94,13.74,31.86
87090,74.54,16.50,33.98
87100,73.07,19.60,36.15
87110,71.59,21.84,38.37
87120,70.04,25.20,40.63
87130,68.47,27.80,42.93
87140,66.83,31.03,45.26
87150,65.17,33.96,47.62
87160,63.46,37.00,50.01
87170,61.73,39.86,52.41
87180,59.97,42.67,54.83
87190,58.18,45.77,57.27
87200,56.37,48.68,59.70
87210,54.51,52.28,62.14
87220,52.60,55.71,64.58
87230,50.64,59.37,67.00
87240,48.66,62.50,69.41
87250,46.65,65.84,71.81
87260,44.64,68.58,74.18
87270,42.57,72.33,76.52
87280,40.50,75.29,78.83
87290,38.43,77.99,81.11
87300,36.36,80.97,83.34
87310,34.30,83.26,85.53
87320,32.25,86.10,87.67
87330,30.24,87.93,89.75
87340,28.26,89.99,91.77
87350,26.34,91.63,93.74
87360,24.35,95.55,95.63
87370,22.53,94.92,97.46
87380,20.70,97.60,99.21
87390,19.05,96.52,100.88
87400,17.47,97.48,102.48
87410,15.97,98.33,103.99
87420,14.55,98.86,105.41
87430,13.25,98.54,106.75
87440,12.08,98.12,107.99
87450,10.97,98.71,109.14
87460,9.93,99.22,110.19
87470,9.07,97.41,111.14
87480,8.33,96.54,111.99
87490,7.69,96.12,112.74
87500,7.21,94.20,113.38
87510,6.84,93.33,113.92
87520,6.62,91.41,114.35
87530,6.52,89.97,114.67
87540,6.56,87.85,114.88
87550,6.72,86.23,114.99
87560,7.02,83.92,114.98
87570,7.43,82.13,114.87
87580,8.00,79.42,114.65
87590,8.67,77.36,114.32
87600,9.48,74.53,113.88
87610,10.38,72.47,113.34
87620,11.44,69.02,112.69
87630,12.56,67.53,111.93
87640,13.78,64.92,111.07
87650,15.17,60.87,110.11
87660,16.69,57.21,109.05
87670,18.31,54.26,107.89
87680,20.02,51.51,106.64
87690,21.77,49.19,105.29
87700,23.51,48.22,103.85
87710,25.36,44.67,102.33
87720,27.31,41.18,100.72
87730,29.26,39.37,99.03
87740,31.26,36.62,97.26
87750,33.41,31.84,95.42
87760,35.51,30.95,93.50
87770,37.62,28.66,91.52
87780,39.78,25.54,89.48
87790,41.98,22.51,87.37
87800,44.21,19.83,85.22
87810,46.43,17.66,83.01
87820,48.66,15.10,80.75
87830,50.88,12.72,78.46
87840,53.09,10.61,76.12
87850,55.29,8.33,73.76
87860,57.44,6.80,71.36
87870,59.59,4.19,68.94
87880,61.71,2.23,66.51
87890,63.81,-0.02,64.06
87900,65.84,-1.17,61.60
87910,67.83,-3.04,59.14
87920,69.75,-4.43,56.68
87930,71.63,-5.95,54.23
87940,73.44,-7.38,51.79
87950,75.21,-9.02,49.36
87960,76.96,-11.19,46.96
87970,78.66,-12.86,44.58
87980,80.30,-14.14,42.23
87990,81.89,-15.76,39.92
88000,83.43,-17.12,37.64
88010,84.90,-18.35,35.42
88020,86.33,-19.78,33.24
88030,87.68,-20.77,31.11
88040,89.00,-22.31,29.04
88050,90.24,-23.20,27.04
88060,91.43,-24.30,25.10
88070,92.55,-25.25,23.23
88080,93.63,-26.37,21.43
88090,94.64,-27.22,19.71
88100,95.60,-28.09,18.07
88110,96.49,-28.58,16.52
88120,97.30,-29.07,15.05
88130,98.05,-29.54,13.68
88140,98.73,-29.80,12.39
88150,99.35,-30.27,11.20
88160,99.90,-30.42,10.11
88170,100.39,-30.77,9.12
88180,100.83,-30.95,8.24
88190,101.19,-30.80,7.46
88200,101.48,-30.35,6.78
88210,101.69,-30.11,6.21
88220,101.85,-29.90,5.75
88230,101.92,-29.23,5.40
88240,101.94,-28.87,5.16
88250,101.90,-28.34,5.03
88260,101.79,-27.42,5.01
88270,101.61,-26.83,5.10
88280,101.38,-25.92,5.30
88290,101.08,-24.88,5.61
88300,100.72,-24.01,6.04
88310,100.30,-22.78,6.57
88320,99.82,-21.44,7.21
88330,99.29,-20.40,7.96
88340,98.69,-18.89,8.81
88350,98.03,-17.13,9.77
88360,97.32,-15.84,10.82
88370,96.52,-13.38,11.98
88380,95.67,-11.72,13.24
88390,94.76,-9.82,14.59
88400,93.80,-7.92,16.03
88410,92.79,-5.97,17.56
88420,91.73,-3.87,19.18
88430,90.62,-1.67,20.88
88440,89.44,0.81,22.66
88450,88.22,3.07,24.52
88460,86.95,5.47,26.45
88470,85.64,8.01,28.45
88480,84.25,10.94,30.51
88490,82.83,13.36,32.63
88500,81.37,16.10,34.81
88510,79.83,19.31,37.04
88520,78.25,22.35,39.32
88530,76.65,24.48,41.64
88540,75.00,27.93,43.99
88550,73.35,29.84,46.38
88560,71.63,33.54,48.80
88570,69.84,37.14,51.24
88580,68.06,39.31,53.70
88590,66.22,43.03,56.17
88600,64.36,45.96,58.65
88610,62.47,48.91,61.13
88620,60.52,52.65,63.62
88630,58.54,55.95,66.09
88640,56.54,59.08,68.55
88650,54.48,62.83,71.00
88660,52.44,65.40,73.42
88670,50.32,69.42,75.82
88680,48.19,72.57,78.18
88690,46.04,75.88,80.51
88700,43.86,79.12,82.79
88710,41.68,82.08,85.03
88720,39.52,84.56,87.22
88730,37.36,87.27,89.35
88740,35.22,89.61,91.42
88750,33.11,91.84,93.43
88760,31.01,94.56,95.37
88770,28.97,95.76,97.24
88780,27.10,95.28,99.03
88790,25.14,99.47,100.75
88800,23.33,98.93,102.38
88810,21.66,98.80,103.92
88820,20.04,99.88,105.37
88830,18.49,100.00,106.73
88840,17.05,100.00,108.00
88850,15.72,99.90,109.17
88860,14.49,99.89,110.23
88870,13.30,100.00,111.19
88880,12.26,98.86,112.05
88890,11.37,97.41,112.80
88900,10.56,97.35,113.45
88910,9.90,95.78,113.98
88920,9.37,94.49,114.40
88930,8.96,93.01,114.71
88940,8.69,91.24,114.91
88950,8.56,89.38,115.00
88960,8.55,87.61,114.97
88970,8.68,85.34,114.83
88980,8.93,83.43,114.57
88990,9.31,80.89,114.21
89000,9.82,78.71,113.73
89010,10.46,75.93,113.14
89020,11.22,73.32,112.44
89030,12.10,70.75,111.64
89040,13.07,68.26,110.73
89050,14.22,64.37,109.71
89060,15.40,62.88,108.59
89070,16.65,60.70,107.37
89080,18.01,57.53,106.05
89090,19.49,54.05,104.64
89100,21.03,51.62,103.13
89110,22.62,49.23,101.54
89120,24.37,44.58,99.86
89130,26.21,41.26,98.09
89140,28.02,40.21,96.25
89150,30.00,35.03,94.33
89160,31.98,33.03,92.35
89170,33.92,32.00,90.29
89180,35.96,27.84,88.17
89190,38.06,24.61,85.99
89200,40.15,22.51,83.76
89210,42.28,19.54,81.48
89220,44.42,16.95,79.16
89230,46.57,14.28,76.79
89240,48.72,11.93,74.39
89250,50.87,9.41,71.96
89260,52.99,7.41,69.50
89270,55.11,4.89,67.03
89280,57.22,2.58,64.54
89290,59.30,0.40,62.04
89300,61.34,-1.32,59.53
89310,63.33,-2.82,57.03
89320,65.23,-3.89,54.53
89330,67.11,-5.94,52.04
89340,68.92,-7.22,49.57
89350,70.68,-8.78,47.12
89360,72.39,-10.39,44.70
89370,74.07,-12.28,42.31
89380,75.70,-13.73,39.95
89390,77.27,-15.13,37.64
89400,78.79,-16.75,35.37
89410,80.25,-17.74,33.15
89420,81.65,-19.06,30.99
89430,83.02,-20.68,28.89
89440,84.31,-21.62,26.85
89450,85.55,-22.68,24.89
89460,86.74,-23.88,22.99
89470,87.87,-24.82,21.17
89480,88.93,-25.63,19.44
89490,89.95,-26.75,17.78
89500,90.90,-27.26,16.22
89510,91.81,-28.39,14.74
89520,92.64,-28.58,13.36
89530,93.36,-28.03,12.08
89540,94.02,-28.54,10.90
89550,94.61,-28.60,9.82
89560,95.13,-28.70,8.84
89570,95.59,-28.86,7.97
89580,95.98,-28.65,7.21
89590,96.32,-28.88,6.56
89600,96.60,-28.70,6.02
89610,96.82,-28.29,5.60
89620,96.96,-27.75,5.28
89630,97.02,-27.10,5.09
89640,97.04,-26.69,5.00
89650,97.00,-26.15,5.03
89660,96.88,-24.99,5.18
89670,96.70,-24.08,5.44
89680,96.46,-23.27,5.82
89690,96.17,-22.34,6.31
89700,95.81,-21.01,6.91
89710,95.39,-19.67,7.63
89720,94.92,-18.52,8.45
89730,94.39,-17.23,9.38
89740,93.82,-15.77,10.42
89750,93.19,-14.19,11.56
89760,92.50,-12.45,12.81
89770,91.75,-10.57,14.15
89780,90.94,-8.71,15.59
89790,90.08,-6.52,17.12
89800,89.16,-4.61,18.75
89810,88.21,-2.70,20.46
89820,87.20,-0.46,22.25
89830,86.15,1.82,24.12
89840,85.04,4.13,26.07
89850,83.89,6.53,28.09
89860,82.68,9.20,30.18
89870,81.43,11.81,32.33
89880,80.16,13.81,34.54
89890,78.82,16.83,36.81
89900,77.45,19.54,39.12
89910,76.02,22.62,41.48
89920,74.59,24.56,43.87
89930,73.10,27.78,46.30
89940,71.57,30.98,48.76
89950,69.98,34.13,51.25
89960,68.35,37.29,53.75
89970,66.71,39.85,56.26
89980,65.01,43.54,58.79
89990,63.25,47.15,61.32
90000,61.47,49.97,63.84
90010,59.67,52.96,66.36
90020,57.83,56.26,68.86
90030,55.94,59.84,71.35
90040,54.03,63.09,73.81
90050,52.09,66.17,76.24
90060,50.13,69.33,78.64
90070,48.17,72.15,81.00
90080,46.20,75.04,83.31
90090,44.22,77.88,85.58
90100,42.25,80.40,87.79
90110,40.27,83.23,89.95
90120,38.32,85.34,92.04
90130,36.40,87.55,94.06
90140,34.47,90.23,96.01
90150,32.58,92.22,97.89
90160,30.86,91.06,99.68
90170,29.06,95.43,101.39
90180,27.44,93.98,103.02
90190,25.86,95.63,104.55
90200,24.30,97.49,105.99
90210,22.79,98.57,107.33
90220,21.37,98.94,108.57
90230,20.07,98.69,109.71
90240,18.89,97.88,110.74
90250,17.88,96.55,111.66
90260,16.97,96.02,112.48
90270,16.10,96.72,113.18
90280,15.39,95.03,113.77
90290,14.80,93.69,114.25
90300,14.31,92.98,114.61
90310,13.98,90.96,114.85
90320,13.73,89.91,114.98
90330,13.64,87.81,114.99
90340,13.64,86.34,114.88
90350,13.79,83.96,114.66
90360,14.04,82.14,114.32
90370,14.43,79.64,113.86
90380,14.93,77.45,113.29
90390,15.56,74.54,112.61
90400,16.29,72.64,111.81
90410,17.17,69.07,110.91
90420,18.10,67.43,109.89
90430,19.14,64.79,108.77
90440,20.35,60.42,107.54
90450,21.68,57.11,106.21
90460,23.07,54.89,104.78
90470,24.52,52.30,103.26
90480,26.09,48.84,101.64
90490,27.72,45.93,99.94
90500,29.32,45.26,98.15
90510,31.06,40.75,96.28
90520,32.79,39.22,94.33
90530,34.67,34.32,92.30
90540,36.44,34.68,90.21
90550,38.33,30.26,88.05
90560,40.30,26.66,85.83
90570,42.27,24.23,83.56
90580,44.26,21.76,81.23
90590,46.26,19.37,78.86
90600,48.29,16.35,76.45
90610,50.30,14.17,74.00
90620,52.32,11.58,71.52
90630,54.32,9.48,69.02
90640,56.32,7.02,66.50
90650,58.30,4.92,63.96
90660,60.24,2.96,61.42
90670,62.15,1.07,58.87
90680,63.99,-0.12,56.32
90690,65.77,-1.42,53.78
90700,67.50,-3.15,51.26
90710,69.21,-5.18,48.75
90720,70.86,-6.56,46.27
90730,72.46,-8.05,43.81
90740,74.01,-9.56,41.39
90750,75.48,-10.51,39.01
90760,76.89,-11.70,36.68
90770,78.26,-13.20,34.39
90780,79.59,-14.88,32.16
90790,80.86,-16.06,29.99
90800,82.08,-17.12,27.88
90810,83.24,-18.25,25.84
90820,84.35,-19.46,23.88
90830,85.40,-20.33,21.99
90840,86.39,-21.29,20.19
90850,87.32,-21.87,18.47
90860,88.19,-22.79,16.84
90870,89.03,-23.89,15.30
90880,89.80,-24.28,13.86
90890,90.50,-24.67,12.52
90900,91.13,-24.92,11.28
90910,91.72,-25.39,10.15
90920,92.23,-25.49,9.12
90930,92.67,-25.41,8.21
90940,93.06,-25.46,7.40
90950,93.38,-25.38,6.71
90960,93.64,-25.24,6.14
90970,93.84,-24.95,5.68
90980,93.97,-24.59,5.34
90990,94.04,-23.99,5.11
91000,94.05,-23.42,5.01
91010,94.00,-22.79,5.02
91020,93.88,-21.91,5.16
91030,93.71,-21.14,5.41
91040,93.47,-20.16,5.78
91050,93.18,-19.03,6.27
91060,92.82,-17.87,6.87
91070,92.41,-16.65,7.59
91080,91.95,-15.47,8.43
91090,91.44,-14.22,9.37
91100,90.88,-12.86,10.43
91110,90.27,-11.27,11.59
91120,89.59,-9.31,12.86
91130,88.85,-7.38,14.23
91140,88.07,-5.88,15.71
91150,87.23,-3.59,17.27
91160,86.35,-1.80,18.93
91170,85.41,0.35,20.68
91180,84.45,2.24,22.52
91190,83.41,4.89,24.44
91200,82.34,7.07,26.43
91210,81.23,9.16,28.50
91220,80.07,11.93,30.64
91230,78.85,14.68,32.84
91240,77.61,16.81,35.10
91250,76.31,20.00,37.42
91260,74.97,22.56,39.78
91270,73.57,25.63,42.19
91280,72.13,28.67,44.64
91290,70.68,30.96,47.12
91300,69.20,33.52,49.63
91310,67.65,37.36,52.17
91320,66.07,40.28,54.72
91330,64.45,43.50,57.28
91340,62.80,46.26,59.85
91350,61.12,49.60,62.42
91360,59.38,53.09,64.99
91370,57.60,56.53,67.54
91380,55.81,59.39,70.08
91390,53.96,63.06,72.59
91400,52.10,66.17,75.08
91410,50.20,69.54,77.54
91420,48.28,72.50,79.96
91430,46.36,75.50,82.33
91440,44.44,77.98,84.66
91450,42.51,80.91,86.93
91460,40.58,83.67,89.15
91470,38.66,86.16,91.30
91480,36.75,88.83,93.38
91490,34.84,91.28,95.39
91500,32.98,92.77,97.32
91510,31.28,92.37,99.17
91520,29.48,96.73,100.94
91530,27.88,95.08,102.61
91540,26.27,97.66,104.19
91550,24.68,99.61,105.68
91560,23.19,99.74,107.06
91570,21.80,100.00,108.34
91580,20.49,100.00,109.52
91590,19.28,99.84,110.59
91600,18.23,98.39,111.54
91610,17.33,97.11,112.39
91620,16.49,97.54,113.11
91630,15.76,96.66,113.73
91640,15.18,94.97,114.22
91650,14.69,94.33,114.59
91660,14.35,92.39,114.85
91670,14.12,91.00,114.98
91680,14.03,88.90,114.99
91690,14.05,87.30,114.88
91700,14.21,85.04,114.65
91710,14.48,83.12,114.30
91720,14.88,80.57,113.83
91730,15.39,78.43,113.24
91740,16.03,75.66,112.53
91750,16.81,72.70,111.71
91760,17.67,70.55,110.78
91770,18.64,67.91,109.73
91780,19.77,63.90,108.57
91790,20.96,61.92,107.30
91800,22.25,59.00,105.93
91810,23.62,56.18,104.46
91820,25.08,53.15,102.89
91830,26.63,50.08,101.22
91840,28.26,46.99,99.46
91850,30.03,42.33,97.62
91860,31.80,40.93,95.69
91870,33.57,39.10,93.69
91880,35.54,33.07,91.60
91890,37.43,32.63,89.45
91900,39.33,30.52,87.23
91910,41.33,26.10,84.96
91920,43.38,23.15,82.62
91930,45.46,20.03,80.24
91940,47.53,17.95,77.81
91950,49.61,15.10,75.34
91960,51.68,13.02,72.84
91970,53.74,10.59,70.30
91980,55.76,8.72,67.75
91990,57.76,6.72,65.18
92000,59.72,4.90,62.59
92010,61.66,2.51,60.00
92020,63.56,2.45,60.00
92030,65.41,2.21,60.00
92040,67.21,2.13,60.00
92050,68.96,1.91,60.00
92060,70.66,2.03,60.00
92070,72.33,1.63,60.00
92080,73.95,1.64,60.00
92090,75.49,2.08,60.00
92100,76.98,2.24,60.00
92110,78.39,2.73,60.00
92120,79.75,2.89,60.00
92130,81.08,2.78,60.00
92140,82.33,3.33,60.00
92150,83.54,3.32,60.00
92160,84.69,3.63,60.00
92170,85.77,4.35,60.00
92180,86.81,4.29,60.00
92190,87.78,4.84,60.00
92200,88.70,5.27,60.00
92210,89.58,5.48,60.00
92220,90.39,6.08,60.00
92230,91.14,6.64,60.00
92240,91.83,7.08,60.00
92250,92.47,7.72,60.00
92260,93.06,8.15,60.00
92270,93.59,8.70,60.00
92280,94.06,9.44,60.00
92290,94.48,10.01,60.00
92300,94.83,10.88,60.00
92310,95.13,11.61,60.00
92320,95.37,12.25,60.00
92330,95.57,12.99,60.00
92340,95.71,13.70,60.00
92350,95.79,14.49,60.00
92360,95.82,15.47,60.00
92370,95.79,16.21,60.00
92380,95.72,17.05,60.00
92390,95.59,18.01,60.00
92400,95.41,18.81,60.00
92410,95.19,19.59,60.00
92420,94.93,20.20,60.00
92430,94.61,21.44,60.00
92440,94.24,22.39,60.00
92450,93.83,23.12,60.00
92460,93.38,24.21,60.00
92470,92.86,25.44,60.00
92480,92.31,26.28,60.00
92490,91.70,27.53,60.00
92500,91.06,28.37,60.00
92510,90.38,29.30,60.00
92520,89.64,30.81,60.00
92530,88.86,31.75,60.00
92540,88.04,32.84,60.00
92550,87.17,34.21,60.00
92560,86.26,35.39,60.00
92570,85.30,36.80,60.00
92580,84.31,37.84,60.00
92590,83.27,39.04,60.00
92600,82.22,39.85,60.00
92610,81.13,41.21,60.00
92620,80.00,42.41,60.00
92630,78.84,43.60,60.00
92640,77.66,44.64,60.00
92650,76.43,46.14,60.00
92660,75.19,47.09,60.00
92670,73.93,47.91,60.00
92680,72.66,48.97,60.00
92690,71.35,50.37,60.00
92700,70.01,51.52,60.00
92710,68.66,52.58,60.00
92720,67.30,53.51,60.00
92730,65.94,54.31,60.00
92740,64.57,55.26,60.00
92750,63.19,56.15,60.00
92760,61.82,56.78,60.00
92770,60.44,57.65,60.00
92780,59.08,58.28,60.00
92790,57.72,58.92,60.00
92800,56.35,59.86,60.00
92810,55.00,60.31,60.00
92820,53.69,60.45,60.00
92830,52.39,61.01,60.00
92840,51.09,61.69,60.00
92850,49.81,62.20,60.00
92860,48.54,62.71,60.00
92870,47.30,62.98,60.00
92880,46.09,63.17,60.00
92890,44.93,63.00,60.00
92900,43.82,62.57,60.00
92910,42.76,62.44,60.00
92920,41.71,63.08,60.00
92930,40.64,64.04,60.00
92940,39.60,64.16,60.00
92950,38.70,62.10,60.00
92960,37.89,60.84,60.00
92970,37.07,61.82,60.00
92980,36.20,63.24,60.00
92990,35.46,61.51,60.00
93000,34.83,59.56,60.00
93010,34.11,62.02,60.00
93020,33.51,60.24,60.00
93030,33.02,58.46,60.00
93040,32.50,59.50,60.00
93050,31.97,60.28,60.00
93060,31.49,59.66,60.00
93070,31.13,57.78,60.00
93080,30.84,56.75,60.00
93090,30.56,56.64,60.00
93100,30.28,57.26,60.00
93110,30.02,57.17,60.00
93120,29.81,56.41,60.00
93130,29.66,55.60,60.00
93140,29.57,54.46,60.00
93150,29.53,53.78,60.00
93160,29.54,53.00,60.00
93170,29.60,52.29,60.00
93180,29.68,51.89,60.00
93190,29.80,51.19,60.00
93200,29.95,50.83,60.00
93210,30.12,50.51,60.00
93220,30.32,50.01,60.00
93230,30.53,49.74,60.00
93240,30.78,49.15,60.00
93250,31.08,48.14,60.00
93260,31.41,47.43,60.00
93270,31.75,47.31,60.00
93280,32.11,46.87,60.00
93290,32.51,46.00,60.00
93300,32.93,45.62,60.00
93310,33.34,45.61,60.00
93320,33.80,44.68,60.00
93330,34.25,44.68,60.00
93340,34.73,44.02,60.00
93350,35.22,43.75,60.00
93360,35.74,43.09,60.00
93370,36.24,43.04,60.00
93380,36.78,42.36,60.00
93390,37.30,42.48,60.00
93400,37.84,42.06,60.00
93410,38.39,41.51,60.00
93420,38.94,41.46,60.00
93430,39.48,41.38,60.00
93440,40.04,40.96,60.00
93450,40.61,40.50,60.00
93460,41.15,40.77,60.00
93470,41.69,40.65,60.00
93480,42.23,40.41,60.00
93490,42.79,40.05,60.00
93500,43.34,39.87,60.00
93510,43.89,39.68,60.00
93520,44.42,39.70,60.00
93530,44.95,39.73,60.00
93540,45.46,39.77,60.00
93550,45.97,39.81,60.00
93560,46.45,40.02,60.00
93570,46.93,39.77,60.00
93580,47.40,39.91,60.00
93590,47.86,39.89,60.00
93600,48.31,40.01,60.00
93610,48.75,39.95,60.00
93620,49.18,39.99,60.00
93630,49.60,40.04,60.00
93640,50.01,40.07,60.00
93650,50.40,40.11,60.00
93660,50.79,40.25,60.00
93670,51.16,40.20,60.00
93680,51.52,40.46,60.00
93690,51.87,40.47,60.00
93700,52.20,40.65,60.00
93710,52.52,40.90,60.00
93720,52.82,40.98,60.00
93730,53.10,41.28,60.00
93740,53.38,41.37,60.00
93750,53.63,41.57,60.00
93760,53.88,41.78,60.00
93770,54.10,42.00,60.00
93780,54.32,42.17,60.00
93790,54.51,42.46,60.00
93800,54.69,42.67,60.00
93810,54.86,42.94,60.00
93820,55.01,43.19,60.00
93830,55.14,43.42,60.00
93840,55.27,43.54,60.00
93850,55.38,43.95,60.00
93860,55.48,44.03,60.00
93870,55.57,44.20,60.00
93880,55.64,44.46,60.00
93890,55.71,44.66,60.00
93900,55.76,45.02,60.00
93910,55.79,45.46,60.00
93920,55.80,45.74,60.00
93930,55.80,46.09,60.00
93940,55.79,46.37,60.00
93950,55.76,46.57,60.00
93960,55.74,46.61,60.00
93970,55.71,46.76,60.00
93980,55.66,47.28,60.00
93990,55.59,47.74,60.00
94000,55.53,47.65,60.00
94010,55.47,47.79,60.00
94020,55.39,48.02,60.00
94030,55.30,48.41,60.00
94040,55.23,48.17,60.00
94050,55.14,48.55,60.00
94060,55.05,48.72,60.00
94070,54.96,48.69,60.00
94080,54.86,49.03,60.00
94090,54.76,49.14,60.00
94100,54.67,49.18,60.00
94110,54.57,49.27,60.00
94120,54.47,49.30,60.00
94130,54.38,49.45,60.00
94140,54.28,49.56,60.00
94150,54.19,49.58,60.00
94160,54.09,49.63,60.00
94170,54.01,49.60,60.00
94180,53.92,49.78,60.00
94190,53.83,49.84,60.00
94200,53.74,49.89,60.00
94210,53.66,49.83,60.00
94220,53.59,49.86,60.00
94230,53.51,49.94,60.00
94240,53.44,49.85,60.00
94250,53.37,49.96,60.00
94260,53.31,49.83,60.00
94270,53.26,49.87,60.00
94280,53.20,49.87,60.00
94290,53.15,49.99,60.00
94300,53.11,49.72,60.00
94310,53.07,49.82,60.00
94320,53.05,49.57,60.00
94330,53.01,49.84,60.00
94340,52.99,49.74,60.00
94350,52.97,49.70,60.00
94360,52.95,49.54,60.00
94370,52.94,49.67,60.00
94380,52.93,49.57,60.00
94390,52.93,49.46,60.00
94400,52.94,49.40,60.00
94410,52.95,49.31,60.00
94420,52.96,49.52,60.00
94430,52.98,49.23,60.00
94440,52.99,49.33,60.00
94450,53.02,49.12,60.00
94460,53.04,49.41,60.00
94470,53.07,49.27,60.00
94480,53.09,49.42,60.00
94490,53.12,49.10,60.00
94500,53.15,49.34,60.00
94510,53.18,49.22,60.00
94520,53.21,49.33,60.00
94530,53.25,49.12,60.00
94540,53.29,49.30,60.00
94550,53.32,49.24,60.00
94560,53.35,49.51,60.00
94570,53.38,49.35,60.00
94580,53.42,49.25,60.00
94590,53.46,49.32,60.00
94600,53.50,49.33,60.00
94610,53.54,49.42,60.00
94620,53.58,49.28,60.00
94630,53.62,49.39,60.00
94640,53.66,49.36,60.00
94650,53.69,49.64,60.00
94660,53.73,49.39,60.00
94670,53.76,49.61,60.00
94680,53.81,49.40,60.00
94690,53.84,49.68,60.00
94700,53.88,49.45,60.00
94710,53.91,49.71,60.00
94720,53.95,49.43,60.00
94730,53.99,49.70,60.00
94740,54.03,49.63,60.00
94750,54.05,49.86,60.00
94760,54.09,49.75,60.00
94770,54.12,49.77,60.00
94780,54.16,49.73,60.00
94790,54.19,49.88,60.00
94800,54.21,49.99,60.00
94810,54.24,49.93,60.00
94820,54.28,49.82,60.00
94830,54.31,49.84,60.00
94840,54.34,50.10,60.00
94850,54.37,50.04,60.00
94860,54.39,50.09,60.00
94870,54.43,49.90,60.00
94880,54.45,50.31,60.00
94890,54.48,50.07,60.00
94900,54.51,50.17,60.00
94910,54.54,50.01,60.00
94920,54.57,50.30,60.00
94930,54.59,50.24,60.00
94940,54.62,50.18,60.00
94950,54.64,50.39,60.00
94960,54.67,50.31,60.00
94970,54.69,50.40,60.00
94980,54.73,50.16,60.00
94990,54.75,50.54,60.00
95000,54.77,50.38,60.00
95010,54.80,50.42,60.00
95020,54.83,50.40,60.00
95030,54.85,50.55,60.00
95040,54.88,50.34,60.00
95050,54.91,50.48,60.00
95060,54.92,50.72,60.00
95070,54.96,50.27,60.00
95080,54.99,50.56,60.00
95090,55.02,50.50,60.00
95100,55.04,50.57,60.00
95110,55.07,50.55,60.00
95120,55.10,50.58,60.00
95130,55.13,50.48,60.00
95140,55.16,50.51,60.00
95150,55.18,50.75,60.00
95160,55.22,50.37,60.00
95170,55.25,50.69,60.00
95180,55.28,50.56,60.00
95190,55.32,50.42,60.00
95200,55.35,50.73,60.00
95210,55.39,50.34,60.00
95220,55.42,50.69,60.00
95230,55.46,50.56,60.00
95240,55.50,50.33,60.00
95250,55.53,50.80,60.00
95260,55.57,50.40,60.00
95270,55.61,50.54,60.00
95280,55.65,50.52,60.00
95290,55.69,50.40,60.00
95300,55.73,50.55,60.00
95310,55.78,50.46,60.00
95320,55.82,50.39,60.00
95330,55.86,50.53,60.00
95340,55.91,50.43,60.00
95350,55.96,50.33,60.00
95360,56.00,50.40,60.00
95370,56.05,50.40,60.00
95380,56.10,50.33,60.00
95390,56.14,50.42,60.00
95400,56.19,50.42,60.00
95410,56.24,50.23,60.00
95420,56.29,50.27,60.00
95430,56.34,50.30,60.00
95440,56.40,50.15,60.00
95450,56.45,50.31,60.00
95460,56.51,50.11,60.00
95470,56.56,50.23,60.00
95480,56.61,50.31,60.00
95490,56.67,49.98,60.00
95500,56.72,50.25,60.00
95510,56.78,50.08,60.00
95520,56.83,50.15,60.00
95530,56.88,50.22,60.00
95540,56.94,49.99,60.00
95550,56.99,50.28,60.00
95560,57.05,50.02,60.00
95570,57.10,50.06,60.00
95580,57.16,50.06,60.00
95590,57.20,50.20,60.00
95600,57.25,50.16,60.00
95610,57.31,50.06,60.00
95620,57.35,50.25,60.00
95630,57.40,50.00,60.00
95640,57.45,50.27,60.00
95650,57.49,50.18,60.00
95660,57.54,50.10,60.00
95670,57.58,50.22,60.00
95680,57.62,50.21,60.00
95690,57.66,50.25,60.00
95700,57.71,50.17,60.00
95710,57.75,50.22,60.00
95720,57.80,50.08,60.00
95730,57.83,50.43,60.00
95740,57.86,50.30,60.00
95750,57.90,50.18,60.00
95760,57.93,50.45,60.00
95770,57.97,50.14,60.00
95780,58.00,50.37,60.00
95790,58.04,50.23,60.00
95800,58.08,50.24,60.00
95810,58.10,50.45,60.00
95820,58.14,50.28,60.00
95830,58.17,50.36,60.00
95840,58.20,50.25,60.00
95850,58.23,50.37,60.00
95860,58.26,50.33,60.00
95870,58.29,50.25,60.00
95880,58.32,50.35,60.00
95890,58.35,50.30,60.00
95900,58.38,50.42,60.00
95910,58.41,50.19,60.00
95920,58.44,50.32,60.00
95930,58.47,50.30,60.00
95940,58.50,50.27,60.00
95950,58.53,50.38,60.00
95960,58.55,50.29,60.00
95970,58.58,50.34,60.00
95980,58.61,50.35,60.00
95990,58.63,50.34,60.00
96000,58.65,50.48,60.00
96010,58.68,50.31,60.00
96020,58.70,50.46,60.00
96030,58.71,50.49,60.00
96040,58.74,50.36,60.00
96050,58.75,50.58,60.00
96060,58.77,50.36,60.00
96070,58.79,50.57,60.00
96080,58.80,50.50,60.00
96090,58.82,50.46,60.00
96100,58.83,50.61,60.00
96110,58.85,50.42,60.00
96120,58.86,50.62,60.00
96130,58.88,50.50,60.00
96140,58.89,50.62,60.00
96150,58.90,50.65,60.00
96160,58.91,50.47,60.00
96170,58.92,50.75,60.00
96180,58.93,50.52,60.00
96190,58.95,50.61,60.00
96200,58.95,50.68,60.00
96210,58.96,50.63,60.00
96220,58.97,50.74,60.00
96230,58.98,50.54,60.00
96240,58.98,50.80,60.00
96250,58.99,50.72,60.00
96260,59.00,50.63,60.00
96270,59.00,50.87,60.00
96280,59.01,50.60,60.00
96290,59.02,50.72,60.00
96300,59.03,50.76,60.00
96310,59.04,50.62,60.00
96320,59.04,50.82,60.00
96330,59.05,50.73,60.00
96340,59.05,50.77,60.00
96350,59.05,50.81,60.00
96360,59.06,50.79,60.00
96370,59.06,50.80,60.00
96380,59.06,50.84,60.00
96390,59.07,50.74,60.00
96400,59.07,50.95,60.00
96410,59.08,50.67,60.00
96420,59.08,50.93,60.00
96430,59.08,50.85,60.00
96440,59.09,50.79,60.00
96450,59.08,50.94,60.00
96460,59.10,50.63,60.00
96470,59.11,50.78,60.00
96480,59.11,50.89,60.00
96490,59.11,50.81,60.00
96500,59.11,50.94,60.00
96510,59.12,50.87,60.00
96520,59.12,50.84,60.00
96530,59.12,50.89,60.00
96540,59.12,50.96,60.00
96550,59.13,50.88,60.00
96560,59.13,50.90,60.00
96570,59.13,51.01,60.00
96580,59.13,50.85,60.00
96590,59.13,50.96,60.00
96600,59.13,50.93,60.00
96610,59.14,50.90,60.00
96620,59.13,51.06,60.00
96630,59.14,50.87,60.00
96640,59.13,51.15,60.00
96650,59.15,50.75,60.00
96660,59.15,50.95,60.00
96670,59.15,50.96,60.00
96680,59.16,50.79,60.00
96690,59.16,51.08,60.00
96700,59.17,50.80,60.00
96710,59.17,50.93,60.00
96720,59.17,50.98,60.00
96730,59.18,50.91,60.00
96740,59.18,50.92,60.00
96750,59.18,51.03,60.00
96760,59.20,50.73,60.00
96770,59.20,51.06,60.00
96780,59.20,50.94,60.00
96790,59.20,51.04,60.00
96800,59.20,51.05,60.00
96810,59.21,50.91,60.00
96820,59.20,51.22,60.00
96830,59.21,50.89,60.00
96840,59.20,51.22,60.00
96850,59.21,51.00,60.00
96860,59.21,50.94,60.00
96870,59.21,51.14,60.00
96880,59.21,51.05,60.00
96890,59.21,51.06,60.00
96900,59.21,51.20,60.00
96910,59.21,50.97,60.00
96920,59.22,51.02,60.00
96930,59.22,51.15,60.00
96940,59.23,50.89,60.00
96950,59.22,51.29,60.00
96960,59.23,50.87,60.00
96970,59.23,51.17,60.00
96980,59.23,50.97,60.00
96990,59.23,51.15,60.00
97000,59.24,51.03,60.00
97010,59.24,51.21,60.00
97020,59.25,50.91,60.00
97030,59.24,51.27,60.00
97040,59.25,50.94,60.00
97050,59.25,51.21,60.00
97060,59.25,51.04,60.00
97070,59.25,51.18,60.00
97080,59.25,51.15,60.00
97090,59.26,51.09,60.00
97100,59.26,51.14,60.00
97110,59.26,51.06,60.00
97120,59.27,51.06,60.00
97130,59.27,51.06,60.00
97140,59.28,51.12,60.00
97150,59.29,50.97,60.00
97160,59.28,51.28,60.00
97170,59.29,50.93,60.00
97180,59.29,51.31,60.00
97190,59.29,51.07,60.00
97200,59.30,51.15,60.00
97210,59.30,51.17,60.00
97220,59.30,51.22,60.00
97230,59.31,50.98,60.00
97240,59.30,51.36,60.00
97250,59.31,50.93,60.00
97260,59.31,51.26,60.00
97270,59.31,51.15,60.00
97280,59.32,51.20,60.00
97290,59.32,51.16,60.00
97300,59.32,51.14,60.00
97310,59.33,51.06,60.00
97320,59.33,51.31,60.00
97330,59.34,50.92,60.00
97340,59.34,51.24,60.00
97350,59.35,51.06,60.00
97360,59.35,51.18,60.00
97370,59.36,51.13,60.00
97380,59.36,51.14,60.00
97390,59.37,51.03,60.00
97400,59.37,51.25,60.00
97410,59.39,50.91,60.00
97420,59.39,51.31,60.00
97430,59.39,51.07,60.00
97440,59.40,51.21,60.00
97450,59.40,51.14,60.00
97460,59.41,51.13,60.00
97470,59.41,51.08,60.00
97480,59.41,51.31,60.00
97490,59.42,50.96,60.00
97500,59.42,51.34,60.00
97510,59.43,51.05,60.00
97520,59.43,51.17,60.00
97530,59.44,51.09,60.00
97540,59.44,51.24,60.00
97550,59.45,51.02,60.00
97560,59.45,51.30,60.00
97570,59.46,51.03,60.00
97580,59.46,51.39,60.00
97590,59.47,51.00,60.00
97600,59.47,51.25,60.00
97610,59.48,51.11,60.00
97620,59.48,51.22,60.00
97630,59.49,51.09,60.00
97640,59.49,51.17,60.00
97650,59.50,51.16,60.00
97660,59.50,51.25,60.00
97670,59.50,51.11,60.00
97680,59.51,51.16,60.00
97690,59.51,51.23,60.00
97700,59.52,51.05,60.00
97710,59.52,51.29,60.00
97720,59.53,51.11,60.00
97730,59.54,51.08,60.00
97740,59.54,51.18,60.00
97750,59.55,51.00,60.00
97760,59.56,51.18,60.00
97770,59.56,51.15,60.00
97780,59.58,50.99,60.00
97790,59.58,51.20,60.00
97800,59.59,51.07,60.00
97810,59.60,50.99,60.00
97820,59.60,51.27,60.00
97830,59.62,50.92,60.00
97840,59.62,51.22,60.00
97850,59.62,51.15,60.00
97860,59.63,51.03,60.00
97870,59.63,51.28,60.00
97880,59.63,51.19,60.00
97890,59.64,51.04,60.00
97900,59.64,51.36,60.00
97910,59.65,50.97,60.00
97920,59.65,51.27,60.00
97930,59.66,51.18,60.00
97940,59.66,51.08,60.00
97950,59.66,51.24,60.00
97960,59.67,51.10,60.00
97970,59.68,51.02,60.00
97980,59.68,51.29,60.00
97990,59.69,50.96,60.00
98000,59.69,51.21,60.00
98010,59.70,51.14,60.00
98020,59.71,16.02,0.00
98030,59.71,15.91,0.00
98040,59.69,15.90,0.00
98050,59.67,15.44,0.00
98060,59.64,15.39,0.00
98070,59.60,15.18,0.00
98080,59.54,15.13,0.00
98090,59.49,14.68,0.00
98100,59.40,15.12,0.00
98110,59.28,15.38,0.00
98120,59.14,15.46,0.00
98130,58.97,15.61,0.00
98140,58.78,15.87,0.00
98150,58.57,16.14,0.00
98160,58.32,16.56,0.00
98170,58.04,16.90,0.00
98180,57.73,17.28,0.00
98190,57.38,17.95,0.00
98200,57.02,18.03,0.00
98210,56.64,18.24,0.00
98220,56.24,18.46,0.00
98230,55.80,19.17,0.00
98240,55.32,19.95,0.00
98250,54.80,20.42,0.00
98260,54.28,20.60,0.00
98270,53.71,21.45,0.00
98280,53.14,21.60,0.00
98290,52.52,22.42,0.00
98300,51.86,23.32,0.00
98310,51.17,24.00,0.00
98320,50.47,24.40,0.00
98330,49.73,25.14,0.00
98340,48.96,25.73,0.00
98350,48.18,26.31,0.00
98360,47.37,26.94,0.00
98370,46.53,27.61,0.00
98380,45.68,28.18,0.00
98390,44.80,28.95,0.00
98400,43.89,29.69,0.00
98410,42.96,30.38,0.00
98420,42.02,30.94,0.00
98430,41.05,31.79,0.00
98440,40.06,32.53,0.00
98450,39.05,33.11,0.00
98460,38.01,34.02,0.00
98470,36.97,34.66,0.00
98480,35.91,35.17,0.00
98490,34.82,36.20,0.00
98500,33.73,36.68,0.00
98510,32.62,37.49,0.00
98520,31.50,38.08,0.00
98530,30.37,38.77,0.00
98540,29.23,39.33,0.00
98550,28.10,39.71,0.00
98560,26.97,40.32,0.00
98570,25.83,40.76,0.00
98580,24.68,41.45,0.00
98590,23.53,42.18,0.00
98600,22.39,42.25,0.00
98610,21.28,42.38,0.00
98620,20.16,42.82,0.00
98630,19.03,43.73,0.00
98640,17.92,43.90,0.00
98650,16.83,43.87,0.00
98660,15.75,44.17,0.00
98670,14.72,43.82,0.00
98680,13.71,43.78,0.00
98690,12.72,43.95,0.00
98700,11.75,43.95,0.00
98710,10.80,44.16,0.00
98720,9.86,44.17,0.00
98730,8.95,44.30,0.00
98740,8.05,44.58,0.00
98750,7.15,44.76,0.00
98760,6.30,44.51,0.00
98770,5.49,44.07,0.00
98780,4.71,43.73,0.00
98790,3.97,43.56,0.00
98800,3.23,43.75,0.00
98810,2.52,43.57,0.00
98820,1.85,43.36,0.00
98830,1.20,43.09,0.00
98840,0.60,42.54,0.00
98850,0.04,42.11,0.00
98860,-0.50,41.91,0.00
98870,-1.02,41.86,0.00
98880,-1.51,41.55,0.00
98890,-1.95,40.85,0.00
98900,-2.34,40.00,0.00
98910,-2.68,39.36,0.00
98920,-2.99,38.88,0.00
98930,-3.29,38.71,0.00
98940,-3.55,38.30,0.00
98950,-3.78,37.76,0.00
98960,-3.99,37.50,0.00
98970,-4.16,36.87,0.00
98980,-4.31,36.65,0.00
98990,-4.42,35.83,0.00
99000,-4.49,35.26,0.00
99010,-4.52,34.46,0.00
99020,-4.51,33.49,0.00
99030,-4.44,32.52,0.00
99040,-4.36,32.21,0.00
99050,-4.29,32.36,0.00
99060,-4.20,31.91,0.00
99070,-4.08,31.40,0.00
99080,-3.95,30.94,0.00
99090,-3.79,30.49,0.00
99100,-3.61,29.88,0.00
99110,-3.42,29.57,0.00
99120,-3.19,28.82,0.00
99130,-2.96,28.57,0.00
99140,-2.70,27.95,0.00
99150,-2.44,27.59,0.00
99160,-2.15,27.06,0.00
99170,-1.86,26.75,0.00
99180,-1.55,26.40,0.00
99190,-1.23,25.78,0.00
99200,-0.89,25.45,0.00
99210,-0.55,25.10,0.00
99220,-0.20,24.74,0.00
99230,0.18,23.74,0.00
99240,0.55,23.84,0.00
99250,0.95,23.15,0.00
99260,1.33,23.20,0.00
99270,1.71,22.97,0.00
99280,2.10,22.52,0.00
99290,2.50,22.07,0.00
99300,2.91,21.65,0.00
99310,3.33,21.13,0.00
99320,3.76,20.74,0.00
99330,4.18,20.73,0.00
99340,4.59,20.50,0.00
99350,5.00,20.27,0.00
99360,5.42,19.86,0.00
99370,5.85,19.24,0.00
99380,6.28,19.21,0.00
99390,6.70,18.84,0.00
99400,7.11,18.85,0.00
99410,7.53,18.44,0.00
99420,7.95,18.07,0.00
99430,8.37,17.78,0.00
99440,8.79,17.39,0.00
99450,9.19,17.77,0.00
99460,9.58,17.49,0.00
99470,9.99,16.67,0.00
99480,10.38,16.91,0.00
99490,10.79,16.23,0.00
99500,11.18,16.27,0.00
99510,11.55,16.37,0.00
99520,11.91,16.34,0.00
99530,12.28,15.93,0.00
99540,12.65,15.62,0.00
99550,13.00,15.62,0.00
99560,13.34,15.41,0.00
99570,13.67,15.52,0.00
99580,14.00,15.26,0.00
99590,14.31,15.35,0.00
99600,14.63,14.89,0.00
99610,14.92,15.09,0.00
99620,15.22,14.78,0.00
99630,15.50,14.86,0.00
99640,15.78,14.43,0.00
99650,16.05,14.66,0.00
99660,16.31,14.27,0.00
99670,16.55,14.65,0.00
99680,16.79,14.35,0.00
99690,17.01,14.46,0.00
99700,17.25,14.00,0.00
99710,17.44,14.58,0.00
99720,17.65,13.93,0.00
99730,17.82,14.59,0.00
99740,17.99,14.44,0.00
99750,18.14,14.61,0.00
99760,18.28,14.55,0.00
99770,18.40,14.61,0.00
99780,18.52,14.65,0.00
99790,18.62,14.74,0.00
99800,18.72,14.72,0.00
99810,18.80,14.81,0.00
99820,18.88,14.64,0.00
99830,18.91,15.42,0.00
99840,18.95,15.23,0.00
99850,18.96,15.71,0.00
99860,18.97,15.40,0.00
99870,18.96,15.95,0.00
99880,18.94,15.83,0.00
99890,18.90,16.23,0.00
99900,18.86,15.98,0.00
99910,18.81,16.19,0.00
99920,18.73,16.67,0.00
99930,18.64,16.74,0.00
99940,18.57,16.53,0.00
99950,18.48,16.64,0.00
99960,18.36,17.05,0.00
99970,18.23,17.40,0.00
99980,18.11,17.12,0.00
99990,17.99,17.12,0.00
100000,17.83,17.80,0.00
100010,17.66,18.00,0.00
100020,17.48,18.23,0.00
100030,17.31,17.95,0.00
100040,17.14,17.97,0.00
100050,16.96,18.21,0.00
100060,16.74,18.96,0.00
100070,16.52,19.00,0.00
100080,16.29,19.26,0.00
100090,16.05,19.55,0.00
100100,15.83,18.94,0.00
100110,15.60,19.30,0.00
100120,15.35,19.89,0.00
100130,15.07,20.42,0.00
100140,14.79,20.40,0.00
100150,14.50,20.65,0.00
100160,14.22,20.73,0.00
100170,13.94,20.67,0.00
100180,13.66,20.78,0.00
100190,13.36,21.12,0.00
100200,13.05,21.66,0.00
100210,12.71,22.07,0.00
100220,12.41,21.65,0.00
100230,12.08,22.11,0.00
100240,11.74,22.70,0.00
100250,11.40,22.51,0.00
100260,11.05,23.11,0.00
100270,10.71,22.82,0.00
100280,10.36,23.43,0.00
100290,10.01,23.32,0.00
100300,9.64,23.85,0.00
100310,9.29,23.72,0.00
100320,8.94,23.87,0.00
100330,8.59,23.94,0.00
100340,8.23,24.38,0.00
100350,7.85,24.78,0.00
100360,7.49,24.74,0.00
100370,7.13,24.86,0.00
100380,6.75,25.22,0.00
100390,6.40,25.02,0.00
100400,6.04,25.31,0.00
100410,5.69,25.29,0.00
100420,5.34,25.36,0.00
100430,5.00,25.46,0.00
100440,4.65,25.76,0.00
100450,4.30,25.97,0.00
100460,3.95,26.05,0.00
100470,3.63,25.78,0.00
100480,3.29,26.25,0.00
100490,2.96,26.14,0.00
100500,2.63,26.46,0.00
100510,2.31,26.32,0.00
100520,2.00,26.41,0.00
100530,1.68,26.55,0.00
100540,1.37,26.72,0.00
100550,1.07,26.74,0.00
100560,0.78,26.63,0.00
100570,0.50,26.39,0.00
100580,0.23,26.66,0.00
100590,-0.04,26.61,0.00
100600,-0.30,26.58,0.00
100610,-0.55,26.59,0.00
100620,-0.80,26.64,0.00
100630,-1.04,26.67,0.00
100640,-1.28,26.80,0.00
100650,-1.50,26.68,0.00
100660,-1.72,26.53,0.00
100670,-1.92,26.45,0.00
100680,-2.11,26.37,0.00
100690,-2.29,26.21,0.00
100700,-2.46,26.17,0.00
100710,-2.61,26.01,0.00
100720,-2.76,25.91,0.00
100730,-2.89,25.56,0.00
100740,-3.01,25.60,0.00
100750,-3.13,25.70,0.00
100760,-3.24,25.47,0.00
100770,-3.34,25.46,0.00
100780,-3.42,25.17,0.00
100790,-3.48,24.64,0.00
100800,-3.53,24.63,0.00
100810,-3.58,24.58,0.00
100820,-3.62,24.44,0.00
100830,-3.65,24.35,0.00
100840,-3.66,23.97,0.00
100850,-3.66,23.83,0.00
100860,-3.64,23.46,0.00
100870,-3.62,23.29,0.00
100880,-3.58,23.09,0.00
100890,-3.54,23.07,0.00
100900,-3.49,22.83,0.00
100910,-3.44,22.77,0.00
100920,-3.37,22.40,0.00
100930,-3.30,22.26,0.00
100940,-3.20,21.77,0.00
100950,-3.09,21.40,0.00
100960,-2.99,21.73,0.00
100970,-2.87,21.15,0.00
100980,-2.74,20.97,0.00
100990,-2.61,20.81,0.00
101000,-2.48,20.87,0.00
101010,-2.34,20.66,0.00
101020,-2.20,20.49,0.00
101030,-2.05,20.07,0.00
101040,-1.87,19.71,0.00
101050,-1.71,19.75,0.00
101060,-1.53,19.30,0.00
101070,-1.35,19.27,0.00
101080,-1.17,19.17,0.00
101090,-0.99,19.08,0.00
101100,-0.78,18.34,0.00
101110,-0.57,18.38,0.00
101120,-0.39,18.60,0.00
101130,-0.18,17.99,0.00
101140,0.03,17.97,0.00
101150,0.22,18.09,0.00
101160,0.44,17.64,0.00
101170,0.66,17.22,0.00
101180,0.87,17.37,0.00
101190,1.10,16.79,0.00
101200,1.33,16.89,0.00
101210,1.55,16.62,0.00
101220,1.78,16.55,0.00
101230,2.01,16.20,0.00
101240,2.25,15.91,0.00
101250,2.48,15.96,0.00
101260,2.72,15.67,0.00
101270,2.97,15.39,0.00
101280,3.21,15.31,0.00
101290,3.44,15.36,0.00
101300,3.67,15.00,0.00
101310,3.90,15.18,0.00
101320,4.12,14.96,0.00
101330,4.36,14.49,0.00
101340,4.61,14.28,0.00
101350,4.85,14.05,0.00
101360,5.09,14.13,0.00
101370,5.31,14.13,0.00
101380,5.56,13.56,0.00
101390,5.80,13.35,0.00
101400,6.03,13.66,0.00
101410,6.23,13.87,0.00
101420,6.45,13.35,0.00
101430,6.67,13.22,0.00
101440,6.88,13.18,0.00
101450,7.09,13.05,0.00
101460,7.30,12.99,0.00
101470,7.50,12.93,0.00
101480,7.69,12.94,0.00
101490,7.89,12.74,0.00
101500,8.07,12.87,0.00
101510,8.25,12.55,0.00
101520,8.43,12.69,0.00
101530,8.60,12.47,0.00
101540,8.77,12.48,0.00
101550,8.93,12.48,0.00
101560,9.09,12.32,0.00
101570,9.25,12.19,0.00
101580,9.40,12.18,0.00
101590,9.54,12.21,0.00
101600,9.68,12.17,0.00
101610,9.81,12.23,0.00
101620,9.93,12.20,0.00
101630,10.05,12.08,0.00
101640,10.17,12.06,0.00
101650,10.27,12.13,0.00
101660,10.38,12.06,0.00
101670,10.47,12.04,0.00
101680,10.57,12.05,0.00
101690,10.65,12.08,0.00
101700,10.73,12.12,0.00
101710,10.80,12.12,0.00
101720,10.86,12.17,0.00
101730,10.91,12.20,0.00
101740,10.96,12.21,0.00
101750,11.01,12.23,0.00
101760,11.05,12.26,0.00
101770,11.08,12.32,0.00
101780,11.10,12.38,0.00
101790,11.11,12.47,0.00
101800,11.12,12.51,0.00
101810,11.12,12.58,0.00
101820,11.12,12.67,0.00
101830,11.11,12.69,0.00
101840,11.09,12.74,0.00
101850,11.07,12.79,0.00
101860,11.04,12.86,0.00
101870,11.00,12.94,0.00
101880,10.96,13.01,0.00
101890,10.92,13.04,0.00
101900,10.86,13.21,0.00
101910,10.80,13.22,0.00
101920,10.74,13.34,0.00
101930,10.67,13.43,0.00
101940,10.59,13.49,0.00
101950,10.51,13.56,0.00
101960,10.43,13.59,0.00
101970,10.34,13.68,0.00
101980,10.24,13.81,0.00
101990,10.14,13.86,0.00
102000,10.04,13.99,0.00
102010,9.92,14.14,0.00
102020,9.81,14.24,0.00
102030,9.68,14.31,0.00
102040,9.56,14.39,0.00
102050,9.43,14.46,0.00
102060,9.30,14.57,0.00
102070,9.16,14.70,0.00
102080,9.02,14.87,0.00
102090,8.87,14.86,0.00
102100,8.73,14.85,0.00
102110,8.57,15.22,0.00
102120,8.43,14.93,0.00
102130,8.27,15.25,0.00
102140,8.09,15.70,0.00
102150,7.93,15.57,0.00
102160,7.76,15.59,0.00
102170,7.57,16.11,0.00
102180,7.39,15.97,0.00
102190,7.20,16.20,0.00
102200,7.01,16.19,0.00
102210,6.82,16.42,0.00
102220,6.63,16.29,0.00
102230,6.45,16.33,0.00
102240,6.26,16.54,0.00
102250,6.08,16.47,0.00
102260,5.90,16.47,0.00
102270,5.73,16.28,0.00
102280,5.57,16.16,0.00
102290,5.40,16.44,0.00
102300,5.24,16.32,0.00
102310,5.07,16.51,0.00
102320,4.89,16.81,0.00
102330,4.70,17.19,0.00
102340,4.53,16.84,0.00
102350,4.35,17.00,0.00
102360,4.18,16.95,0.00
102370,4.01,17.04,0.00
102380,3.84,17.11,0.00
102390,3.67,17.03,0.00
102400,3.51,16.99,0.00
102410,3.36,17.00,0.00
102420,3.18,17.43,0.00
102430,3.04,16.86,0.00
102440,2.89,17.12,0.00
102450,2.74,17.21,0.00
102460,2.58,17.37,0.00
102470,2.41,17.59,0.00
102480,2.27,17.25,0.00
102490,2.12,17.50,0.00
102500,1.99,17.18,0.00
102510,1.83,17.73,0.00
102520,1.71,17.05,0.00
102530,1.57,17.48,0.00
102540,1.41,17.92,0.00
102550,1.30,17.19,0.00
102560,1.18,17.25,0.00
102570,1.05,17.51,0.00
102580,0.92,17.73,0.00
102590,0.81,17.23,0.00
102600,0.72,17.15,0.00
102610,0.63,16.91,0.00
102620,0.53,17.31,0.00
102630,0.43,17.29,0.00
102640,0.32,17.49,0.00
102650,0.22,17.56,0.00
102660,0.12,17.37,0.00
102670,0.04,17.29,0.00
102680,-0.06,17.45,0.00
102690,-0.14,17.22,0.00
102700,-0.22,17.32,0.00
102710,-0.30,17.39,0.00
102720,-0.37,17.15,0.00
102730,-0.43,17.04,0.00
102740,-0.49,17.09,0.00
102750,-0.53,16.64,0.00
102760,-0.58,16.84,0.00
102770,-0.61,16.53,0.00
102780,-0.62,16.25,0.00
102790,-0.63,16.17,0.00
102800,-0.64,16.08,0.00
102810,-0.65,16.22,0.00
102820,-0.67,16.45,0.00
102830,-0.70,16.58,0.00
102840,-0.71,16.21,0.00
102850,-0.70,15.79,0.00
102860,-0.68,15.73,0.00
102870,-0.66,15.50,0.00
102880,-0.62,15.17,0.00
102890,-0.59,15.42,0.00
102900,-0.59,16.01,0.00
102910,-0.58,15.67,0.00
102920,-0.56,15.73,0.00
102930,-0.53,15.23,0.00
102940,-0.47,14.69,0.00
102950,-0.41,14.76,0.00
102960,-0.34,14.44,0.00
102970,-0.30,15.14,0.00
102980,-0.28,15.43,0.00
102990,-0.22,14.49,0.00
103000,-0.18,15.04,0.00
103010,-0.12,14.45,0.00
103020,-0.04,14.03,0.00
103030,0.02,14.52,0.00
103040,0.10,13.96,0.00
103050,0.19,13.91,0.00
103060,0.27,13.83,0.00
103070,0.35,13.85,0.00
103080,0.42,13.99,0.00
103090,0.51,13.56,0.00
103100,0.60,13.58,0.00
103110,0.68,13.71,0.00
103120,0.77,13.35,0.00
103130,0.85,13.45,0.00
103140,0.94,13.39,0.00
103150,1.03,13.08,0.00
103160,1.12,13.22,0.00
103170,1.21,13.22,0.00
103180,1.30,12.89,0.00
103190,1.41,12.75,0.00
103200,1.51,12.68,0.00
103210,1.61,12.56,0.00
103220,1.71,12.60,0.00
103230,1.81,12.59,0.00
103240,1.91,12.36,0.00
103250,2.01,12.28,0.00
103260,2.11,12.26,0.00
103270,2.21,12.22,0.00
103280,2.32,12.06,0.00
103290,2.43,11.81,0.00
103300,2.54,11.80,0.00
103310,2.65,11.79,0.00
103320,2.75,11.76,0.00
103330,2.85,11.62,0.00
103340,2.96,11.52,0.00
103350,3.07,11.46,0.00
103360,3.17,11.37,0.00
103370,3.28,11.31,0.00
103380,3.39,11.19,0.00
103390,3.49,11.17,0.00
103400,3.59,11.09,0.00
103410,3.70,11.02,0.00
103420,3.80,10.94,0.00
103430,3.90,10.94,0.00
103440,4.00,10.86,0.00
103450,4.09,10.78,0.00
103460,4.19,10.72,0.00
103470,4.29,10.63,0.00
103480,4.38,10.64,0.00
103490,4.47,10.55,0.00
103500,4.56,10.56,0.00
103510,4.65,10.53,0.00
103520,4.74,10.44,0.00
103530,4.82,10.42,0.00
103540,4.90,10.34,0.00
103550,4.99,10.25,0.00
103560,5.06,10.29,0.00
103570,5.14,10.25,0.00
103580,5.21,10.21,0.00
103590,5.29,10.17,0.00
103600,5.36,10.07,0.00
103610,5.43,10.10,0.00
103620,5.50,10.06,0.00
103630,5.56,10.03,0.00
103640,5.62,9.98,0.00
103650,5.68,9.92,0.00
103660,5.74,9.95,0.00
103670,5.79,9.99,0.00
103680,5.85,9.92,0.00
103690,5.90,9.84,0.00
103700,5.95,9.87,0.00
103710,5.99,9.85,0.00
103720,6.03,9.85,0.00
103730,6.07,9.88,0.00
103740,6.11,9.83,0.00
103750,6.14,9.80,0.00
103760,6.17,9.82,0.00
103770,6.20,9.84,0.00
103780,6.23,9.82,0.00
103790,6.25,9.86,0.00
103800,6.27,9.84,0.00
103810,6.29,9.78,0.00
103820,6.31,9.75,0.00
103830,6.32,9.82,0.00
103840,6.33,9.84,0.00
103850,6.33,9.85,0.00
103860,6.34,9.82,0.00
103870,6.34,9.82,0.00
103880,6.34,9.90,0.00
103890,6.34,9.91,0.00
103900,6.33,9.95,0.00
103910,6.32,9.98,0.00
103920,6.30,9.98,0.00
103930,6.28,10.01,0.00
103940,6.27,9.98,0.00
103950,6.25,10.00,0.00
103960,6.23,9.97,0.00
103970,6.21,9.99,0.00
103980,6.18,10.10,0.00
103990,6.15,10.03,0.00
104000,6.12,10.14,0.00
104010,6.08,10.17,0.00
104020,6.05,10.11,0.00
104030,6.01,10.18,0.00
104040,5.97,10.18,0.00
104050,5.93,10.17,0.00
104060,5.89,10.22,0.00
104070,5.85,10.23,0.00
104080,5.80,10.24,0.00
104090,5.76,10.18,0.00
104100,5.71,10.24,0.00
104110,5.67,10.29,0.00
104120,5.61,10.34,0.00
104130,5.56,10.35,0.00
104140,5.51,10.34,0.00
104150,5.45,10.38,0.00
104160,5.40,10.42,0.00
104170,5.34,10.43,0.00
104180,5.28,10.41,0.00
104190,5.23,10.40,0.00
104200,5.17,10.46,0.00
104210,5.11,10.43,0.00
104220,5.05,10.49,0.00
104230,4.99,10.48,0.00
104240,4.93,10.49,0.00
104250,4.87,10.52,0.00
104260,4.80,10.53,0.00
104270,4.74,10.59,0.00
104280,4.68,10.55,0.00
104290,4.61,10.55,0.00
104300,4.55,10.61,0.00
104310,4.48,10.61,0.00
104320,4.42,10.62,0.00
104330,4.36,10.60,0.00
104340,4.29,10.64,0.00
104350,4.23,10.61,0.00
104360,4.17,10.58,0.00
104370,4.10,10.62,0.00
104380,4.04,10.61,0.00
104390,3.98,10.63,0.00
104400,3.91,10.71,0.00
104410,3.85,10.67,0.00
104420,3.79,10.72,0.00
104430,3.72,10.69,0.00
104440,3.66,10.72,0.00
104450,3.60,10.70,0.00
104460,3.53,10.69,0.00
104470,3.48,10.65,0.00
104480,3.42,10.71,0.00
104490,3.36,10.66,0.00
104500,3.30,10.68,0.00
104510,3.24,10.69,0.00
104520,3.19,10.63,0.00
104530,3.13,10.65,0.00
104540,3.08,10.66,0.00
104550,3.02,10.62,0.00
104560,2.97,10.61,0.00
104570,2.92,10.54,0.00
104580,2.88,10.52,0.00
104590,2.83,10.52,0.00
104600,2.79,10.52,0.00
104610,2.74,10.49,0.00
104620,2.70,10.46,0.00
104630,2.66,10.50,0.00
104640,2.62,10.45,0.00
104650,2.58,10.41,0.00
104660,2.54,10.39,0.00
104670,2.50,10.37,0.00
104680,2.47,10.40,0.00
104690,2.43,10.35,0.00
104700,2.40,10.27,0.00
104710,2.37,10.30,0.00
104720,2.34,10.25,0.00
104730,2.31,10.22,0.00
104740,2.29,10.18,0.00
104750,2.26,10.13,0.00
104760,2.24,10.06,0.00
104770,2.22,10.08,0.00
104780,2.20,10.01,0.00
104790,2.19,9.97,0.00
104800,2.17,9.93,0.00
104810,2.16,9.87,0.00
104820,2.15,9.87,0.00
104830,2.14,9.81,0.00
104840,2.13,9.75,0.00
104850,2.13,9.70,0.00
104860,2.12,9.66,0.00
104870,2.12,9.62,0.00
104880,2.12,9.60,0.00
104890,2.12,9.52,0.00
104900,2.12,9.50,0.00
104910,2.13,9.45,0.00
104920,2.13,9.42,0.00
104930,2.14,9.32,0.00
104940,2.15,9.26,0.00
104950,2.16,9.25,0.00
104960,2.17,9.17,0.00
104970,2.18,9.17,0.00
104980,2.20,9.07,0.00
104990,2.21,9.03,0.00
105000,2.23,8.98,0.00
105010,2.25,8.91,0.00
105020,2.27,8.91,0.00
105030,2.28,8.90,0.00
105040,2.30,8.87,0.00
105050,2.32,8.80,0.00
105060,2.34,8.74,0.00
105070,2.36,8.75,0.00
105080,2.38,8.71,0.00
105090,2.40,8.69,0.00
105100,2.43,8.56,0.00
105110,2.45,8.52,0.00
105120,2.47,8.51,0.00
105130,2.50,8.50,0.00
105140,2.52,8.46,0.00
105150,2.54,8.49,0.00
105160,2.57,8.39,0.00
105170,2.59,8.39,0.00
105180,2.61,8.34,0.00
105190,2.64,8.23,0.00
105200,2.67,8.24,0.00
105210,2.69,8.22,0.00
105220,2.72,8.14,0.00
105230,2.74,8.13,0.00
105240,2.77,8.08,0.00
105250,2.80,8.06,0.00
105260,2.82,7.99,0.00
105270,2.85,7.95,0.00
105280,2.88,7.96,0.00
105290,2.90,7.96,0.00
105300,2.93,7.89,0.00
105310,2.95,7.89,0.00
105320,2.98,7.85,0.00
105330,3.00,7.81,0.00
105340,3.03,7.78,0.00
105350,3.05,7.74,0.00
105360,3.08,7.72,0.00
105370,3.10,7.65,0.00
105380,3.13,7.64,0.00
105390,3.15,7.66,0.00
105400,3.17,7.59,0.00
105410,3.19,7.57,0.00
105420,3.22,7.55,0.00
105430,3.24,7.53,0.00
105440,3.26,7.54,0.00
105450,3.28,7.47,0.00
105460,3.30,7.47,0.00
105470,3.32,7.44,0.00
105480,3.34,7.45,0.00
105490,3.36,7.37,0.00
105500,3.37,7.36,0.00
105510,3.39,7.30,0.00
105520,3.41,7.33,0.00
105530,3.43,7.28,0.00
105540,3.44,7.30,0.00
105550,3.46,7.22,0.00
105560,3.48,7.20,0.00
105570,3.49,7.21,0.00
105580,3.51,7.17,0.00
105590,3.52,7.09,0.00
105600,3.54,7.10,0.00
105610,3.55,7.09,0.00
105620,3.56,7.13,0.00
105630,3.57,7.09,0.00
105640,3.58,7.11,0.00
105650,3.59,7.06,0.00
105660,3.60,7.04,0.00
105670,3.61,7.03,0.00
105680,3.62,6.95,0.00
105690,3.63,6.94,0.00
105700,3.64,6.94,0.00
105710,3.65,6.95,0.00
105720,3.65,6.91,0.00
105730,3.66,6.88,0.00
105740,3.67,6.87,0.00
105750,3.67,6.91,0.00
105760,3.67,6.86,0.00
105770,3.67,6.89,0.00
105780,3.67,6.88,0.00
105790,3.68,6.80,0.00
105800,3.68,6.79,0.00
105810,3.68,6.86,0.00
105820,3.68,6.82,0.00
105830,3.67,6.81,0.00
105840,3.68,6.74,0.00
105850,3.67,6.75,0.00
105860,3.67,6.79,0.00
105870,3.67,6.74,0.00
105880,3.66,6.75,0.00
105890,3.66,6.71,0.00
105900,3.65,6.70,0.00
105910,3.65,6.69,0.00
105920,3.64,6.66,0.00
105930,3.64,6.67,0.00
105940,3.63,6.66,0.00
105950,3.62,6.63,0.00
105960,3.62,6.60,0.00
105970,3.61,6.55,0.00
105980,3.61,6.52,0.00
105990,3.60,6.55,0.00
106000,3.60,6.56,0.00
106010,3.59,6.52,0.00
106020,3.58,6.47,0.00
106030,3.58,6.48,0.00
106040,3.57,6.43,0.00
106050,3.56,6.44,0.00
106060,3.56,6.41,0.00
106070,3.55,6.38,0.00
106080,3.55,6.36,0.00
106090,3.54,6.36,0.00
106100,3.53,6.31,0.00
106110,3.53,6.34,0.00
106120,3.52,6.22,0.00
106130,3.52,6.22,0.00
106140,3.51,6.24,0.00
106150,3.51,6.24,0.00
106160,3.50,6.21,0.00
106170,3.49,6.20,0.00
106180,3.49,6.21,0.00
106190,3.48,6.12,0.00
106200,3.48,6.08,0.00
106210,3.47,6.05,0.00
106220,3.47,6.07,0.00
106230,3.46,6.08,0.00
106240,3.46,6.00,0.00
106250,3.45,5.97,0.00
106260,3.45,5.94,0.00
106270,3.45,5.90,0.00
106280,3.44,5.91,0.00
106290,3.44,5.82,0.00
106300,3.44,5.83,0.00
106310,3.44,5.79,0.00
106320,3.44,5.78,0.00
106330,3.44,5.67,0.00
106340,3.44,5.68,0.00
106350,3.44,5.66,0.00
106360,3.44,5.64,0.00
106370,3.45,5.58,0.00
106380,3.45,5.56,0.00
106390,3.45,5.49,0.00
106400,3.46,5.50,0.00
106410,3.46,5.52,0.00
106420,3.46,5.47,0.00
106430,3.46,5.43,0.00
106440,3.46,5.42,0.00
106450,3.47,5.39,0.00
106460,3.47,5.37,0.00
106470,3.47,5.38,0.00
106480,3.47,5.38,0.00
106490,3.47,5.32,0.00
106500,3.47,5.27,0.00
106510,3.47,5.26,0.00
106520,3.48,5.23,0.00
106530,3.48,5.20,0.00
106540,3.48,5.18,0.00
106550,3.48,5.12,0.00
106560,3.48,5.16,0.00
106570,3.49,5.12,0.00
106580,3.49,5.08,0.00
106590,3.49,5.03,0.00
106600,3.49,5.07,0.00
106610,3.49,5.06,0.00
106620,3.49,5.05,0.00
106630,3.49,5.02,0.00
106640,3.49,4.92,0.00
106650,3.49,4.96,0.00
106660,3.49,4.93,0.00
106670,3.49,4.91,0.00
106680,3.49,4.85,0.00
106690,3.49,4.92,0.00
106700,3.49,4.90,0.00
106710,3.49,4.82,0.00
106720,3.49,4.79,0.00
106730,3.49,4.75,0.00
106740,3.49,4.74,0.00
106750,3.49,4.68,0.00
106760,3.49,4.69,0.00
106770,3.49,4.67,0.00
106780,3.49,4.69,0.00
106790,3.49,4.65,0.00
106800,3.49,4.61,0.00
106810,3.49,4.60,0.00
106820,3.49,4.60,0.00
106830,3.49,4.52,0.00
106840,3.49,4.50,0.00
106850,3.49,4.49,0.00
106860,3.49,4.53,0.00
106870,3.48,4.50,0.00
106880,3.48,4.46,0.00
106890,3.48,4.47,0.00
106900,3.48,4.41,0.00
106910,3.48,4.37,0.00
106920,3.48,4.39,0.00
106930,3.48,4.30,0.00
106940,3.48,4.32,0.00
106950,3.47,4.29,0.00
106960,3.47,4.33,0.00
106970,3.47,4.24,0.00
106980,3.47,4.27,0.00
106990,3.47,4.16,0.00
107000,3.47,4.21,0.00
107010,3.46,4.18,0.00
107020,3.46,4.16,0.00
107030,3.46,4.10,0.00
107040,3.46,4.05,0.00
107050,3.46,4.01,0.00
107060,3.47,4.00,0.00
107070,3.47,4.00,0.00
107080,3.47,3.96,0.00
107090,3.47,3.94,0.00
107100,3.47,3.91,0.00
107110,3.47,3.88,0.00
107120,3.47,3.89,0.00
107130,3.47,3.84,0.00
107140,3.47,3.88,0.00
107150,3.47,3.79,0.00
107160,3.47,3.80,0.00
107170,3.47,3.76,0.00
107180,3.47,3.75,0.00
107190,3.47,3.73,0.00
107200,3.47,3.73,0.00
107210,3.47,3.65,0.00
107220,3.47,3.66,0.00
107230,3.47,3.63,0.00
107240,3.47,3.62,0.00
107250,3.47,3.58,0.00
107260,3.47,3.57,0.00
107270,3.47,3.52,0.00
107280,3.47,3.51,0.00
107290,3.47,3.44,0.00
107300,3.47,3.42,0.00
107310,3.47,3.46,0.00
107320,3.47,3.38,0.00
107330,3.47,3.39,0.00
107340,3.47,3.40,0.00
107350,3.47,3.34,0.00
107360,3.47,3.32,0.00
107370,3.48,3.25,0.00
107380,3.48,3.28,0.00
107390,3.48,3.25,0.00
107400,3.48,3.27,0.00
107410,3.47,3.23,0.00
107420,3.47,3.20,0.00
107430,3.47,3.14,0.00
107440,3.47,3.15,0.00
107450,3.47,3.12,0.00
107460,3.47,3.09,0.00
107470,3.47,3.09,0.00
107480,3.47,3.02,0.00
107490,3.48,2.99,0.00
107500,3.49,2.74,0.00
107510,3.49,3.04,0.00
107520,3.49,2.94,0.00
107530,3.49,2.89,0.00
107540,3.49,2.92,0.00
107550,3.50,2.67,0.00
107560,3.50,2.77,0.00
107570,3.51,2.70,0.00
107580,3.51,2.71,0.00
107590,3.52,2.51,0.00
107600,3.50,3.21,0.00
107610,3.50,2.83,0.00
107620,3.53,2.06,0.00
107630,3.53,2.72,0.00
107640,3.52,2.85,0.00
107650,3.51,2.73,0.00
107660,3.52,2.51,0.00
107670,3.51,2.64,0.00
107680,3.51,2.55,0.00
107690,3.49,2.98,0.00
107700,3.49,2.63,0.00
107710,3.48,2.58,0.00
107720,3.48,2.60,0.00
107730,3.48,2.48,0.00
107740,3.47,2.72,0.00
107750,3.44,2.90,0.00
107760,3.44,2.48,0.00
107770,3.43,2.67,0.00
107780,3.40,2.95,0.00
107790,3.37,2.91,0.00
107800,3.39,2.03,0.00
107810,3.37,2.66,0.00
107820,3.37,2.41,0.00
107830,3.37,2.19,0.00
107840,3.37,2.33,0.00
107850,3.37,2.39,0.00
107860,3.36,2.42,0.00
107870,3.36,2.09,0.00
107880,3.35,2.49,0.00
107890,3.34,2.39,0.00
107900,3.35,1.97,0.00
107910,3.33,2.54,0.00
107920,3.33,2.03,0.00
107930,3.31,2.49,0.00
107940,3.31,2.16,0.00
107950,3.30,2.25,0.00
107960,3.28,2.42,0.00
107970,3.29,1.91,0.00
107980,3.29,2.11,0.00
107990,3.27,2.42,0.00
108000,3.25,2.29,0.00
108010,3.25,1.94,0.00
108020,3.25,2.05,0.00
108030,3.24,2.12,0.00
108040,3.22,2.39,0.00
108050,3.20,2.13,0.00
108060,3.22,1.66,0.00
108070,3.23,1.66,0.00
108080,3.24,1.47,0.00
108090,3.26,1.53,0.00
108100,3.26,1.77,0.00
108110,3.27,1.42,0.00
108120,3.29,1.30,0.00
108130,3.30,1.62,0.00
108140,3.30,1.59,0.00
108150,3.32,1.27,0.00
108160,3.34,1.25,0.00
108170,3.35,1.29,0.00
108180,3.35,1.47,0.00
108190,3.38,0.89,0.00
108200,3.41,0.95,0.00
108210,3.40,1.69,0.00
108220,3.40,1.30,0.00
108230,3.39,1.73,0.00
108240,3.37,1.78,0.00
108250,3.35,1.77,0.00
108260,3.34,1.59,0.00
108270,3.33,1.62,0.00
108280,3.33,1.20,0.00
108290,3.35,0.95,0.00
108300,3.36,1.07,0.00
108310,3.38,0.89,0.00
108320,3.40,0.76,0.00
108330,3.40,1.20,0.00
108340,3.38,1.54,0.00
108350,3.36,1.64,0.00
108360,3.35,1.20,0.00
108370,3.36,1.06,0.00
108380,3.38,0.69,0.00
108390,3.40,0.48,0.00
108400,3.41,0.83,0.00
108410,3.41,1.15,0.00
108420,3.39,1.25,0.00
108430,3.37,1.45,0.00
108440,3.35,1.28,0.00
108450,3.36,0.88,0.00
108460,3.37,0.67,0.00
108470,3.38,0.68,0.00
108480,3.37,0.95,0.00
108490,3.39,0.59,0.00
108500,3.37,1.04,0.00
108510,3.35,1.28,0.00
108520,3.33,1.29,0.00
108530,3.32,0.84,0.00
108540,3.33,0.71,0.00
108550,3.33,0.62,0.00
108560,3.34,0.46,0.00
108570,3.35,0.45,0.00
108580,3.34,0.92,0.00
108590,3.31,1.25,0.00
108600,3.29,1.01,0.00
108610,3.28,0.79,0.00
108620,3.28,0.70,0.00
108630,3.30,0.15,0.00
108640,3.31,0.30,0.00
108650,3.31,0.55,0.00
108660,3.31,0.43,0.00
108670,3.29,0.95,0.00
108680,3.28,0.61,0.00
108690,3.26,0.86,0.00
108700,3.25,0.68,0.00
108710,3.27,0.00,0.00
108720,3.28,0.19,0.00
108730,3.29,0.25,0.00
108740,3.30,0.05,0.00
108750,3.29,0.58,0.00
108760,3.26,0.85,0.00
108770,3.24,0.75,0.00
108780,3.25,0.15,0.00
108790,3.26,-0.01,0.00
108800,3.28,-0.13,0.00
108810,3.28,0.05,0.00
108820,3.28,0.21,0.00
108830,3.27,0.35,0.00
108840,3.25,0.58,0.00
108850,3.24,0.26,0.00
108860,3.25,-0.10,0.00
108870,3.27,-0.28,0.00
108880,3.29,-0.42,0.00
108890,3.31,-0.43,0.00
108900,3.31,-0.02,0.00
108910,3.30,0.14,0.00
108920,3.29,0.28,0.00
108930,3.27,0.18,0.00
108940,3.27,-0.05,0.00
108950,3.29,-0.41,0.00
108960,3.32,-0.83,0.00
108970,3.33,-0.38,0.00
108980,3.31,0.24,0.00
108990,3.29,0.07,0.00
109000,3.32,-0.67,0.00
109010,3.34,-0.78,0.00
109020,3.35,-0.48,0.00
109030,3.36,-0.59,0.00
109040,3.36,-0.42,0.00
109050,3.37,-0.46,0.00
109060,3.36,-0.30,0.00
109070,3.35,-0.17,0.00
109080,3.32,0.12,0.00
109090,3.31,-0.27,0.00
109100,3.32,-0.65,0.00
109110,3.33,-0.75,0.00
109120,3.35,-0.77,0.00
109130,3.36,-0.78,0.00
109140,3.34,-0.23,0.00
109150,3.32,-0.17,0.00
