tempo_ms,angulo_deg,u_pct,referencia
10,4.90,-100.00,0.00
20,4.85,-0.99,0.00
30,4.81,-1.16,0.00
40,4.80,-1.77,0.00
50,4.73,-0.60,0.00
60,4.71,-1.57,0.00
70,4.71,-1.95,0.00
80,4.66,-1.22,0.00
90,4.64,-1.52,0.00
100,4.62,-1.79,0.00
110,4.60,-1.67,0.00
120,4.56,-1.35,0.00
130,4.54,-1.72,0.00
140,4.50,-1.28,0.00
150,4.47,-1.60,0.00
160,4.44,-1.60,0.00
170,4.42,-1.64,0.00
180,4.38,-1.48,0.00
190,4.33,-1.25,0.00
200,4.31,-1.65,0.00
210,4.27,-1.54,0.00
220,4.25,-1.69,0.00
230,4.25,-2.23,0.00
240,4.20,-1.39,0.00
250,4.16,-1.49,0.00
260,4.14,-1.85,0.00
270,4.11,-1.71,0.00
280,4.10,-2.05,0.00
290,4.07,-1.63,0.00
300,4.05,-1.95,0.00
310,4.02,-1.74,0.00
320,4.00,-2.00,0.00
330,3.98,-1.95,0.00
340,3.96,-1.97,0.00
350,3.94,-2.02,0.00
360,3.90,-1.64,0.00
370,3.89,-2.15,0.00
380,3.86,-1.78,0.00
390,3.83,-1.98,0.00
400,3.81,-2.00,0.00
410,3.79,-1.96,0.00
420,3.77,-2.15,0.00
430,3.73,-1.74,0.00
440,3.73,-2.48,0.00
450,3.72,-2.29,0.00
460,3.69,-2.00,0.00
470,3.68,-2.38,0.00
480,3.67,-2.28,0.00
490,3.66,-2.46,0.00
500,3.66,-2.53,0.00
510,3.65,-2.42,0.00
520,3.64,-2.50,0.00
530,3.64,-2.54,0.00
540,3.63,-2.48,0.00
550,3.61,-2.37,0.00
560,3.62,-2.93,0.00
570,3.61,-2.65,0.00
580,3.62,-2.90,0.00
590,3.62,-2.84,0.00
600,3.63,-2.89,0.00
610,3.61,-2.50,0.00
620,3.59,-2.54,0.00
630,3.59,-2.84,0.00
640,3.59,-2.93,0.00
650,3.57,-2.53,0.00
660,3.58,-3.02,0.00
670,3.58,-3.09,0.00
680,3.57,-2.75,0.00
690,3.58,-3.19,0.00
700,3.56,-2.76,0.00
710,3.58,-3.35,0.00
720,3.57,-2.87,0.00
730,3.57,-3.13,0.00
740,3.58,-3.33,0.00
750,3.56,-2.89,0.00
760,3.58,-3.50,0.00
770,3.58,-3.30,0.00
780,3.59,-3.26,0.00
790,3.58,-3.15,0.00
800,3.58,-3.34,0.00
810,3.57,-3.05,0.00
820,3.56,-3.03,0.00
830,3.55,-3.22,0.00
840,3.55,-3.38,0.00
850,3.55,-3.28,0.00
860,3.53,-3.01,0.00
870,3.50,-2.94,0.00
880,3.50,-3.34,0.00
890,3.49,-3.21,0.00
900,3.47,-3.09,0.00
910,3.45,-3.13,0.00
920,3.46,-3.63,0.00
930,3.45,-3.36,0.00
940,3.44,-3.31,0.00
950,3.44,-3.45,0.00
960,3.42,-3.31,0.00
970,3.40,-3.11,0.00
980,3.38,-3.16,0.00
990,3.38,-3.53,0.00
1000,3.38,-3.73,0.00
1010,3.38,-3.56,0.00
1020,3.39,-3.98,0.00
1030,3.40,-3.77,0.00
1040,3.39,-3.67,0.00
1050,3.39,-3.72,0.00
1060,3.39,-3.73,0.00
1070,3.39,-3.75,0.00
1080,3.39,-3.91,0.00
1090,3.39,-3.70,0.00
1100,3.38,-3.72,0.00
1110,3.37,-3.61,0.00
1120,3.36,-3.85,0.00
1130,3.37,-3.98,0.00
1140,3.37,-4.05,0.00
1150,3.36,-3.66,0.00
1160,3.35,-3.82,0.00
1170,3.35,-3.98,0.00
1180,3.34,-3.76,0.00
1190,3.35,-4.23,0.00
1200,3.34,-3.93,0.00
1210,3.33,-3.91,0.00
1220,3.32,-3.82,0.00
1230,3.33,-4.22,0.00
1240,3.32,-4.02,0.00
1250,3.32,-4.07,0.00
1260,3.32,-4.23,0.00
1270,3.32,-4.10,0.00
1280,3.32,-4.33,0.00
1290,3.31,-4.10,0.00
1300,3.30,-4.07,0.00
1310,3.30,-4.23,0.00
1320,3.31,-4.38,0.00
1330,3.31,-4.31,0.00
1340,3.29,-4.09,0.00
1350,3.29,-4.22,0.00
1360,3.29,-4.35,0.00
1370,3.28,-4.30,0.00
1380,3.29,-4.68,0.00
1390,3.30,-4.49,0.00
1400,3.31,-4.66,0.00
1410,3.30,-4.42,0.00
1420,3.30,-4.59,0.00
1430,3.31,-4.65,0.00
1440,3.33,-4.90,0.00
1450,3.33,-4.61,0.00
1460,3.32,-4.37,0.00
1470,3.30,-4.33,0.00
1480,3.30,-4.54,0.00
1490,3.27,-4.23,0.00
1500,3.27,-4.55,0.00
1510,3.26,-4.58,0.00
1520,3.26,-4.72,0.00
1530,3.26,-4.59,0.00
1540,3.25,-4.54,0.00
1550,3.26,-5.06,0.00
1560,3.26,-4.79,0.00
1570,3.26,-4.89,0.00
1580,3.26,-4.72,0.00
1590,3.27,-5.14,0.00
1600,3.27,-4.78,0.00
1610,3.25,-4.65,0.00
1620,3.27,-5.16,0.00
1630,3.26,-4.84,0.00
1640,3.27,-5.21,0.00
1650,3.26,-4.75,0.00
1660,3.27,-5.28,0.00
1670,3.24,-4.48,0.00
1680,3.23,-4.79,0.00
1690,3.22,-4.91,0.00
1700,3.22,-5.08,0.00
1710,3.22,-5.10,0.00
1720,3.23,-5.24,0.00
1730,3.21,-4.73,0.00
1740,3.22,-5.35,0.00
1750,3.22,-5.19,0.00
1760,3.21,-5.05,0.00
1770,3.22,-5.35,0.00
1780,3.22,-5.33,0.00
1790,3.22,-5.24,0.00
1800,3.22,-5.26,0.00
1810,3.22,-5.36,0.00
1820,3.22,-5.27,0.00
1830,3.21,-5.15,0.00
1840,3.21,-5.37,0.00
1850,3.20,-5.24,0.00
1860,3.22,-5.68,0.00
1870,3.22,-5.60,0.00
1880,3.22,-5.38,0.00
1890,3.22,-5.55,0.00
1900,3.21,-5.25,0.00
1910,3.21,-5.59,0.00
1920,3.20,-5.25,0.00
1930,3.19,-5.38,0.00
1940,3.20,-5.69,0.00
1950,3.19,-5.43,0.00
1960,3.19,-5.62,0.00
1970,3.19,-5.69,0.00
1980,3.20,-5.81,0.00
1990,3.21,-5.88,0.00
2000,3.21,-5.77,0.00
2010,3.20,-5.43,0.00
2020,3.20,-5.75,0.00
2030,3.19,-5.69,0.00
2040,3.21,-6.14,0.00
2050,3.22,-5.97,0.00
2060,3.21,-5.73,0.00
2070,3.22,-5.99,0.00
2080,3.23,-6.06,0.00
2090,3.22,-5.67,0.00
2100,3.23,-6.27,0.00
2110,3.22,-5.77,0.00
2120,3.22,-5.95,0.00
2130,3.22,-6.02,0.00
2140,3.20,-5.52,0.00
2150,3.20,-6.00,0.00
2160,3.21,-6.31,0.00
2170,3.22,-6.23,0.00
2180,3.23,-6.23,0.00
2190,3.22,-6.09,0.00
2200,3.23,-6.19,0.00
2210,3.23,-6.30,0.00
2220,3.23,-6.08,0.00
2230,3.22,-6.05,0.00
2240,3.22,-6.24,0.00
2250,3.21,-6.14,0.00
2260,3.20,-5.97,0.00
2270,3.21,-6.52,0.00
2280,3.20,-6.19,0.00
2290,3.20,-6.25,0.00
2300,3.20,-6.31,0.00
2310,3.20,-6.38,0.00
2320,3.19,-6.22,0.00
2330,3.19,-6.37,0.00
2340,3.19,-6.46,0.00
2350,3.18,-6.29,0.00
2360,3.17,-6.26,0.00
2370,3.17,-6.35,0.00
2380,3.17,-6.46,0.00
2390,3.16,-6.35,0.00
2400,3.16,-6.49,0.00
2410,3.16,-6.57,0.00
2420,3.17,-6.89,0.00
2430,3.17,-6.52,0.00
2440,3.16,-6.50,0.00
2450,3.15,-6.48,0.00
2460,3.16,-6.75,0.00
2470,3.15,-6.55,0.00
2480,3.15,-6.74,0.00
2490,3.16,-6.90,0.00
2500,3.14,-6.32,0.00
2510,3.13,-6.56,0.00
2520,3.13,-6.65,0.00
2530,3.12,-6.55,0.00
2540,3.11,-6.68,0.00
2550,3.11,-6.83,0.00
2560,3.11,-6.74,0.00
2570,3.11,-6.90,0.00
2580,3.10,-6.79,0.00
2590,3.09,-6.60,0.00
2600,3.09,-6.91,0.00
2610,3.08,-6.78,0.00
2620,3.06,-6.46,0.00
2630,3.04,-6.61,0.00
2640,3.04,-7.03,0.00
2650,3.04,-6.84,0.00
2660,3.04,-7.04,0.00
2670,3.02,-6.58,0.00
2680,3.02,-7.02,0.00
2690,3.02,-7.10,0.00
2700,3.03,-7.26,0.00
2710,3.03,-7.08,0.00
2720,3.03,-7.09,0.00
2730,3.03,-7.31,0.00
2740,3.03,-7.12,0.00
2750,3.03,-7.04,0.00
2760,3.02,-7.04,0.00
2770,3.02,-7.18,0.00
2780,3.01,-7.12,0.00
2790,3.00,-7.01,0.00
2800,2.99,-6.97,0.00
2810,2.98,-7.06,0.00
2820,2.97,-7.22,0.00
2830,2.98,-7.50,0.00
2840,2.97,-7.19,0.00
2850,2.96,-7.10,0.00
2860,2.96,-7.23,0.00
2870,2.95,-7.15,0.00
2880,2.94,-7.35,0.00
2890,2.92,-6.95,0.00
2900,2.90,-7.01,0.00
2910,2.89,-7.10,0.00
2920,2.90,-7.70,0.00
2930,2.91,-7.68,0.00
2940,2.90,-7.33,0.00
2950,2.88,-7.04,0.00
2960,2.87,-7.21,0.00
2970,2.87,-7.65,0.00
2980,2.87,-7.48,0.00
2990,2.87,-7.48,0.00
3000,2.85,-7.33,0.00
3010,2.82,-6.90,0.00
3020,2.82,-7.63,0.00
3030,2.82,-7.51,0.00
3040,2.82,-7.68,0.00
3050,2.82,-7.53,0.00
3060,2.80,-7.30,0.00
3070,2.79,-7.44,0.00
3080,2.77,-7.36,0.00
3090,2.77,-7.72,0.00
3100,2.78,-7.74,0.00
3110,2.78,-7.77,0.00
3120,2.76,-7.37,0.00
3130,2.74,-7.44,0.00
3140,2.73,-7.35,0.00
3150,2.72,-7.69,0.00
3160,2.71,-7.56,0.00
3170,2.71,-7.79,0.00
3180,2.71,-7.75,0.00
3190,2.69,-7.44,0.00
3200,2.69,-7.79,0.00
3210,2.67,-7.52,0.00
3220,2.64,-7.29,0.00
3230,2.64,-7.88,0.00
3240,2.64,-7.83,0.00
3250,2.63,-7.60,0.00
3260,2.62,-7.83,0.00
3270,2.62,-7.87,0.00
3280,2.60,-7.62,0.00
3290,2.59,-7.67,0.00
3300,2.58,-7.72,0.00
3310,2.56,-7.65,0.00
3320,2.55,-7.77,0.00
3330,2.55,-7.83,0.00
3340,2.55,-7.99,0.00
3350,2.54,-7.95,0.00
3360,2.53,-7.81,0.00
3370,2.51,-7.57,0.00
3380,2.49,-7.67,0.00
3390,2.48,-7.86,0.00
3400,2.48,-8.12,0.00
3410,2.48,-7.97,0.00
3420,2.48,-8.13,0.00
3430,2.47,-7.95,0.00
3440,2.46,-7.87,0.00
3450,2.45,-7.89,0.00
3460,2.43,-7.77,0.00
3470,2.43,-8.03,0.00
3480,2.41,-7.84,0.00
3490,2.41,-8.05,0.00
3500,2.39,-7.96,0.00
3510,2.39,-8.16,0.00
3520,2.39,-8.13,0.00
3530,2.40,-8.38,0.00
3540,2.40,-8.23,0.00
3550,2.40,-8.35,0.00
3560,2.39,-8.11,0.00
3570,2.39,-8.26,0.00
3580,2.38,-8.13,0.00
3590,2.38,-8.20,0.00
3600,2.37,-8.15,0.00
3610,2.36,-8.08,0.00
3620,2.35,-8.22,0.00
3630,2.33,-7.93,0.00
3640,2.31,-7.95,0.00
3650,2.30,-8.05,0.00
3660,2.30,-8.31,0.00
3670,2.29,-8.34,0.00
3680,2.29,-8.41,0.00
3690,2.29,-8.38,0.00
3700,2.29,-8.34,0.00
3710,2.27,-8.08,0.00
3720,2.26,-8.20,0.00
3730,2.25,-8.20,0.00
3740,2.24,-8.23,0.00
3750,2.22,-8.19,0.00
3760,2.20,-7.96,0.00
3770,2.17,-7.92,0.00
3780,2.16,-8.25,0.00
3790,2.15,-8.33,0.00
3800,2.14,-8.24,0.00
3810,2.13,-8.23,0.00
3820,2.12,-8.31,0.00
3830,2.11,-8.45,0.00
3840,2.12,-8.66,0.00
3850,2.12,-8.50,0.00
3860,2.10,-8.17,0.00
3870,2.09,-8.43,0.00
3880,2.09,-8.57,0.00
3890,2.08,-8.33,0.00
3900,2.08,-8.63,0.00
3910,2.06,-8.09,0.00
3920,2.05,-8.36,0.00
3930,2.05,-8.70,0.00
3940,2.04,-8.42,0.00
3950,2.03,-8.49,0.00
3960,2.01,-8.19,0.00
3970,1.99,-8.25,0.00
3980,1.98,-8.48,0.00
3990,1.97,-8.40,0.00
4000,1.96,-8.51,0.00
4010,1.95,-8.46,0.00
4020,1.93,-8.17,0.00
4030,1.91,-8.39,0.00
4040,1.89,-8.19,0.00
4050,1.89,-8.74,0.00
4060,1.88,-8.43,0.00
4070,1.87,-8.38,0.00
4080,1.85,-8.37,0.00
4090,1.84,-8.50,0.00
4100,1.82,-8.25,0.00
4110,1.81,-8.53,0.00
4120,1.80,-8.64,0.00
4130,1.78,-8.28,0.00
4140,1.76,-8.35,0.00
4150,1.76,-8.70,0.00
4160,1.75,-8.38,0.00
4170,1.75,-8.86,0.00
4180,1.74,-8.51,0.00
4190,1.73,-8.66,0.00
4200,1.74,-8.97,0.00
4210,1.74,-8.70,0.00
4220,1.75,-9.07,0.00
4230,1.75,-8.68,0.00
4240,1.74,-8.71,0.00
4250,1.74,-8.79,0.00
4260,1.73,-8.69,0.00
4270,1.72,-8.62,0.00
4280,1.72,-8.81,0.00
4290,1.70,-8.40,0.00
4300,1.69,-8.68,0.00
4310,1.68,-8.61,0.00
4320,1.67,-8.65,0.00
4330,1.65,-8.47,0.00
4340,1.65,-8.92,0.00
4350,1.64,-8.72,0.00
4360,1.65,-9.04,0.00
4370,1.65,-8.95,0.00
4380,1.66,-9.04,0.00
4390,1.66,-8.93,0.00
4400,1.64,-8.72,0.00
4410,1.63,-8.70,0.00
4420,1.62,-8.63,0.00
4430,1.61,-8.78,0.00
4440,1.60,-8.86,0.00
4450,1.61,-9.05,0.00
4460,1.60,-8.85,0.00
4470,1.59,-8.80,0.00
4480,1.58,-8.78,0.00
4490,1.57,-8.85,0.00
4500,1.56,-8.73,0.00
4510,1.55,-8.77,0.00
4520,1.55,-9.06,0.00
4530,1.55,-9.04,0.00
4540,1.56,-9.22,0.00
4550,1.56,-9.04,0.00
4560,1.55,-8.79,0.00
4570,1.54,-8.95,0.00
4580,1.54,-9.11,0.00
4590,1.56,-9.34,0.00
4600,1.58,-9.50,0.00
4610,1.57,-8.98,0.00
4620,1.56,-9.04,0.00
4630,1.57,-9.28,0.00
4640,1.58,-9.40,0.00
4650,1.61,-9.60,0.00
4660,1.62,-9.51,0.00
4670,1.62,-9.13,0.00
4680,1.62,-9.25,0.00
4690,1.63,-9.57,0.00
4700,1.65,-9.47,0.00
4710,1.64,-9.19,0.00
4720,1.64,-9.30,0.00
4730,1.65,-9.38,0.00
4740,1.65,-9.34,0.00
4750,1.64,-9.04,0.00
4760,1.63,-9.21,0.00
4770,1.63,-9.37,0.00
4780,1.61,-8.84,0.00
4790,1.59,-9.02,0.00
4800,1.60,-9.58,0.00
4810,1.60,-9.29,0.00
4820,1.59,-9.17,0.00
4830,1.60,-9.44,0.00
4840,1.60,-9.44,0.00
4850,1.60,-9.47,0.00
4860,1.62,-9.81,0.00
4870,1.62,-9.44,0.00
4880,1.62,-9.34,0.00
4890,1.63,-9.75,0.00
4900,1.64,-9.53,0.00
4910,1.65,-9.67,0.00
4920,1.66,-9.80,0.00
4930,1.64,-9.08,0.00
4940,1.63,-9.27,0.00
4950,1.62,-9.26,0.00
4960,1.62,-9.51,0.00
4970,1.62,-9.64,0.00
4980,1.61,-9.37,0.00
4990,1.62,-9.75,0.00
5000,1.63,-9.66,0.00
5010,1.63,-9.58,0.00
5020,1.63,-9.74,0.00
5030,1.62,-9.26,0.00
5040,1.63,-9.84,0.00
5050,1.63,-9.57,0.00
5060,1.63,-9.82,0.00
5070,1.63,-9.52,0.00
5080,1.63,-9.59,0.00
5090,1.63,-9.84,0.00
5100,1.62,-9.37,0.00
5110,1.61,-9.59,0.00
5120,1.60,-9.34,0.00
5130,1.59,-9.53,0.00
5140,1.59,-9.80,0.00
5150,1.59,-9.59,0.00
5160,1.60,-10.02,0.00
5170,1.61,-9.88,0.00
5180,1.63,-10.24,0.00
5190,1.63,-9.67,0.00
5200,1.63,-9.79,0.00
5210,1.62,-9.62,0.00
5220,1.62,-9.72,0.00
5230,1.60,-9.56,0.00
5240,1.59,-9.49,0.00
5250,1.58,-9.71,0.00
5260,1.58,-9.77,0.00
5270,1.58,-9.72,0.00
5280,1.58,-9.93,0.00
5290,1.58,-9.93,0.00
5300,1.58,-9.69,0.00
5310,1.57,-9.85,0.00
5320,1.58,-10.04,0.00
5330,1.58,-9.85,0.00
5340,1.58,-9.86,0.00
5350,1.57,-9.67,0.00
5360,1.58,-10.21,0.00
5370,1.57,-9.70,0.00
5380,1.57,-10.06,0.00
5390,1.57,-9.85,0.00
5400,1.58,-10.21,0.00
5410,1.59,-10.13,0.00
5420,1.61,-10.37,0.00
5430,1.62,-10.26,0.00
5440,1.62,-10.03,0.00
5450,1.61,-9.90,0.00
5460,1.60,-9.89,0.00
5470,1.59,-9.86,0.00
5480,1.58,-9.84,0.00
5490,1.59,-10.11,0.00
5500,1.57,-9.76,0.00
5510,1.57,-10.04,0.00
5520,1.57,-10.02,0.00
5530,1.56,-10.05,0.00
5540,1.57,-10.22,0.00
5550,1.56,-9.99,0.00
5560,1.56,-10.05,0.00
5570,1.56,-10.22,0.00
5580,1.56,-10.17,0.00
5590,1.57,-10.29,0.00
5600,1.56,-10.00,0.00
5610,1.59,-10.72,0.00
5620,1.59,-10.30,0.00
5630,1.59,-10.07,0.00
5640,1.60,-10.43,0.00
5650,1.58,-10.02,0.00
5660,1.57,-9.93,0.00
5670,1.58,-10.43,0.00
5680,1.56,-9.97,0.00
5690,1.56,-10.15,0.00
5700,1.56,-10.36,0.00
5710,1.55,-10.02,0.00
5720,1.54,-10.14,0.00
5730,1.56,-10.57,0.00
5740,1.53,-9.87,0.00
5750,1.53,-10.23,0.00
5760,1.55,-10.62,0.00
5770,1.54,-10.21,0.00
5780,1.53,-10.10,0.00
5790,1.53,-10.45,0.00
5800,1.54,-10.51,0.00
5810,1.53,-10.14,0.00
5820,1.52,-10.14,0.00
5830,1.53,-10.69,0.00
5840,1.53,-10.36,0.00
5850,1.52,-10.11,0.00
5860,1.51,-10.22,0.00
5870,1.52,-10.72,0.00
5880,1.53,-10.59,0.00
5890,1.53,-10.39,0.00
5900,1.51,-10.15,0.00
5910,1.52,-10.53,0.00
5920,1.51,-10.40,0.00
5930,1.50,-10.23,0.00
5940,1.49,-10.24,0.00
5950,1.49,-10.46,0.00
5960,1.49,-10.44,0.00
5970,1.50,-10.71,0.00
5980,1.49,-10.39,0.00
5990,1.47,-10.18,0.00
6000,1.45,-9.98,0.00
6010,1.44,24.53,60.00
6020,1.44,24.91,60.00
6030,1.46,24.78,60.00
6040,1.42,26.36,60.00
6050,1.45,25.53,60.00
6060,1.49,25.50,60.00
6070,1.48,26.95,60.00
6080,1.51,26.51,60.00
6090,1.43,29.15,60.00
6100,1.42,28.19,60.00
6110,1.44,27.88,60.00
6120,1.46,28.27,60.00
6130,1.49,28.64,60.00
6140,1.51,28.90,60.00
6150,1.54,29.38,60.00
6160,1.59,29.22,60.00
6170,1.63,29.61,60.00
6180,1.67,30.23,60.00
6190,1.71,30.44,60.00
6200,1.75,30.93,60.00
6210,1.79,31.10,60.00
6220,1.86,30.90,60.00
6230,1.92,31.69,60.00
6240,1.99,31.62,60.00
6250,2.06,31.91,60.00
6260,2.14,32.17,60.00
6270,2.22,32.41,60.00
6280,2.32,32.44,60.00
6290,2.44,32.44,60.00
6300,2.55,32.74,60.00
6310,2.68,32.84,60.00
6320,2.80,33.10,60.00
6330,2.95,33.09,60.00
6340,3.10,33.21,60.00
6350,3.25,33.42,60.00
6360,3.41,33.62,60.00
6370,3.59,33.60,60.00
6380,3.77,33.68,60.00
6390,3.96,33.75,60.00
6400,4.16,33.96,60.00
6410,4.38,33.81,60.00
6420,4.60,33.91,60.00
6430,4.82,34.08,60.00
6440,5.07,33.87,60.00
6450,5.32,33.95,60.00
6460,5.59,34.01,60.00
6470,5.86,33.93,60.00
6480,6.14,34.02,60.00
6490,6.44,33.93,60.00
6500,6.74,33.99,60.00
6510,7.05,34.02,60.00
6520,7.36,34.20,60.00
6530,7.68,34.07,60.00
6540,8.00,34.17,60.00
6550,8.33,34.24,60.00
6560,8.69,33.91,60.00
6570,9.03,34.27,60.00
6580,9.40,33.83,60.00
6590,9.76,34.15,60.00
6600,10.14,33.94,60.00
6610,10.50,34.20,60.00
6620,10.89,33.89,60.00
6630,11.28,34.10,60.00
6640,11.68,33.82,60.00
6650,12.08,34.12,60.00
6660,12.49,33.85,60.00
6670,12.90,33.94,60.00
6680,13.31,33.87,60.00
6690,13.73,33.92,60.00
6700,14.14,34.10,60.00
6710,14.57,33.81,60.00
6720,14.99,34.01,60.00
6730,15.43,33.78,60.00
6740,15.86,33.94,60.00
6750,16.30,33.83,60.00
6760,16.74,33.77,60.00
6770,17.17,34.00,60.00
6780,17.62,33.69,60.00
6790,18.05,33.98,60.00
6800,18.51,33.70,60.00
6810,18.94,33.98,60.00
6820,19.39,33.89,60.00
6830,19.82,33.98,60.00
6840,20.26,34.10,60.00
6850,20.70,33.91,60.00
6860,21.13,34.21,60.00
6870,21.57,34.00,60.00
6880,21.99,34.35,60.00
6890,22.42,34.30,60.00
6900,22.84,34.42,60.00
6910,23.25,34.68,60.00
6920,23.67,34.43,60.00
6930,24.06,34.96,60.00
6940,24.47,34.72,60.00
6950,24.87,34.87,60.00
6960,25.26,35.05,60.00
6970,25.66,34.86,60.00
6980,26.03,35.35,60.00
6990,26.41,35.29,60.00
7000,26.79,35.34,60.00
7010,27.14,35.70,60.00
7020,27.50,35.69,60.00
7030,27.85,35.99,60.00
7040,28.19,36.03,60.00
7050,28.54,35.99,60.00
7060,28.87,36.38,60.00
7070,29.20,36.39,60.00
7080,29.52,36.57,60.00
7090,29.82,36.91,60.00
7100,30.13,36.95,60.00
7110,30.42,37.20,60.00
7120,30.70,37.39,60.00
7130,30.98,37.58,60.00
7140,31.26,37.61,60.00
7150,31.51,38.07,60.00
7160,31.77,38.01,60.00
7170,32.03,38.11,60.00
7180,32.26,38.72,60.00
7190,32.49,38.78,60.00
7200,32.72,38.83,60.00
7210,32.93,39.26,60.00
7220,33.13,39.53,60.00
7230,33.33,39.65,60.00
7240,33.53,39.71,60.00
7250,33.71,40.00,60.00
7260,33.88,40.49,60.00
7270,34.04,40.76,60.00
7280,34.20,40.61,60.00
7290,34.38,40.43,60.00
7300,34.55,40.76,60.00
7310,34.70,41.27,60.00
7320,34.82,41.92,60.00
7330,34.91,42.46,60.00
7340,35.01,42.49,60.00
7350,35.13,42.22,60.00
7360,35.26,42.20,60.00
7370,35.39,42.12,60.00
7380,35.53,42.13,60.00
7390,35.65,42.45,60.00
7400,35.78,42.59,60.00
7410,35.89,42.79,60.00
7420,36.00,43.15,60.00
7430,36.10,43.39,60.00
7440,36.19,43.48,60.00
7450,36.28,43.84,60.00
7460,36.36,44.05,60.00
7470,36.43,44.30,60.00
7480,36.51,44.41,60.00
7490,36.57,44.75,60.00
7500,36.63,45.07,60.00
7510,36.67,45.39,60.00
7520,36.71,45.54,60.00
7530,36.76,45.50,60.00
7540,36.82,45.42,60.00
7550,36.89,45.45,60.00
7560,36.95,45.69,60.00
7570,36.99,46.16,60.00
7580,37.04,46.15,60.00
7590,37.11,45.90,60.00
7600,37.17,46.01,60.00
7610,37.22,46.47,60.00
7620,37.28,46.41,60.00
7630,37.36,46.20,60.00
7640,37.43,46.40,60.00
7650,37.49,46.67,60.00
7660,37.57,46.45,60.00
7670,37.65,46.50,60.00
7680,37.73,46.72,60.00
7690,37.81,46.70,60.00
7700,37.90,46.62,60.00
7710,37.98,46.92,60.00
7720,38.08,46.61,60.00
7730,38.18,46.75,60.00
7740,38.27,46.90,60.00
7750,38.38,46.68,60.00
7760,38.49,46.83,60.00
7770,38.60,46.84,60.00
7780,38.72,46.73,60.00
7790,38.84,46.67,60.00
7800,38.97,46.72,60.00
7810,39.10,46.66,60.00
7820,39.23,46.88,60.00
7830,39.36,46.69,60.00
7840,39.50,46.70,60.00
7850,39.64,46.86,60.00
7860,39.79,46.53,60.00
7870,39.94,46.67,60.00
7880,40.08,46.87,60.00
7890,40.23,46.71,60.00
7900,40.38,46.83,60.00
7910,40.54,46.64,60.00
7920,40.70,46.58,60.00
7930,40.85,46.83,60.00
7940,41.02,46.63,60.00
7950,41.19,46.63,60.00
7960,41.35,46.66,60.00
7970,41.53,46.50,60.00
7980,41.70,46.62,60.00
7990,41.87,46.53,60.00
8000,42.05,46.46,60.00
8010,42.22,46.76,60.00
8020,42.40,46.48,60.00
8030,42.58,46.53,60.00
8040,42.76,46.58,60.00
8050,42.94,46.46,60.00
8060,43.12,46.54,60.00
8070,43.30,46.55,60.00
8080,43.48,46.44,60.00
8090,43.67,46.47,60.00
8100,43.86,46.40,60.00
8110,44.04,46.53,60.00
8120,44.21,46.65,60.00
8130,44.40,46.40,60.00
8140,44.58,46.54,60.00
8150,44.76,46.58,60.00
8160,44.94,46.47,60.00
8170,45.12,46.57,60.00
8180,45.30,46.43,60.00
8190,45.48,46.56,60.00
8200,45.65,46.69,60.00
8210,45.84,46.48,60.00
8220,46.01,46.64,60.00
8230,46.18,46.61,60.00
8240,46.36,46.59,60.00
8250,46.52,46.85,60.00
8260,46.69,46.64,60.00
8270,46.86,46.64,60.00
8280,47.02,46.88,60.00
8290,47.19,46.72,60.00
8300,47.34,46.91,60.00
8310,47.50,46.93,60.00
8320,47.66,46.82,60.00
8330,47.81,47.08,60.00
8340,47.96,46.91,60.00
8350,48.11,47.04,60.00
8360,48.25,47.14,60.00
8370,48.40,46.98,60.00
8380,48.54,47.25,60.00
8390,48.68,47.26,60.00
8400,48.81,47.29,60.00
8410,48.94,47.41,60.00
8420,49.07,47.31,60.00
8430,49.20,47.39,60.00
8440,49.33,47.50,60.00
8450,49.45,47.56,60.00
8460,49.55,47.82,60.00
8470,49.67,47.64,60.00
8480,49.78,47.71,60.00
8490,49.90,47.72,60.00
8500,50.01,47.79,60.00
8510,50.11,47.89,60.00
8520,50.22,47.90,60.00
8530,50.32,48.03,60.00
8540,50.41,48.10,60.00
8550,50.50,48.20,60.00
8560,50.59,48.26,60.00
8570,50.68,48.21,60.00
8580,50.77,48.43,60.00
8590,50.86,48.26,60.00
8600,50.93,48.54,60.00
8610,51.01,48.51,60.00
8620,51.09,48.65,60.00
8630,51.16,48.71,60.00
8640,51.23,48.72,60.00
8650,51.30,48.78,60.00
8660,51.37,48.73,60.00
8670,51.43,48.94,60.00
8680,51.50,48.94,60.00
8690,51.56,49.10,60.00
8700,51.62,48.97,60.00
8710,51.67,49.35,60.00
8720,51.73,49.15,60.00
8730,51.77,49.42,60.00
8740,51.82,49.32,60.00
8750,51.87,49.38,60.00
8760,51.93,49.37,60.00
8770,51.98,49.47,60.00
8780,52.03,49.45,60.00
8790,52.07,49.64,60.00
8800,52.12,49.50,60.00
8810,52.16,49.64,60.00
8820,52.22,49.51,60.00
8830,52.26,49.81,60.00
8840,52.30,49.69,60.00
8850,52.35,49.72,60.00
8860,52.39,49.83,60.00
8870,52.43,49.91,60.00
8880,52.47,49.89,60.00
8890,52.52,49.80,60.00
8900,52.57,49.81,60.00
8910,52.61,49.98,60.00
8920,52.65,49.97,60.00
8930,52.69,49.97,60.00
8940,52.74,49.92,60.00
8950,52.79,49.96,60.00
8960,52.83,50.08,60.00
8970,52.88,49.95,60.00
8980,52.91,50.19,60.00
8990,52.96,50.06,60.00
9000,53.01,50.02,60.00
9010,53.05,50.17,60.00
9020,53.10,50.03,60.00
9030,53.15,50.13,60.00
9040,53.20,50.03,60.00
9050,53.24,50.23,60.00
9060,53.29,50.10,60.00
9070,53.34,50.17,60.00
9080,53.39,50.19,60.00
9090,53.43,50.17,60.00
9100,53.48,50.30,60.00
9110,53.53,50.10,60.00
9120,53.58,50.29,60.00
9130,53.63,50.20,60.00
9140,53.68,50.21,60.00
9150,53.72,50.34,60.00
9160,53.77,50.24,60.00
9170,53.82,50.41,60.00
9180,53.87,50.23,60.00
9190,53.92,50.31,60.00
9200,53.96,50.40,60.00
9210,54.01,50.28,60.00
9220,54.06,50.38,60.00
9230,54.11,50.37,60.00
9240,54.16,50.29,60.00
9250,54.21,50.45,60.00
9260,54.26,50.33,60.00
9270,54.31,50.36,60.00
9280,54.35,50.58,60.00
9290,54.40,50.40,60.00
9300,54.44,50.55,60.00
9310,54.49,50.45,60.00
9320,54.54,50.49,60.00
9330,54.58,50.59,60.00
9340,54.64,50.35,60.00
9350,54.67,50.71,60.00
9360,54.72,50.47,60.00
9370,54.77,50.54,60.00
9380,54.81,50.66,60.00
9390,54.86,50.52,60.00
9400,54.90,50.73,60.00
9410,54.95,50.56,60.00
9420,54.99,50.54,60.00
9430,55.04,50.68,60.00
9440,55.08,50.60,60.00
9450,55.13,50.53,60.00
9460,55.17,50.71,60.00
9470,55.22,50.56,60.00
9480,55.26,50.79,60.00
9490,55.31,50.56,60.00
9500,55.35,50.79,60.00
9510,55.39,50.76,60.00
9520,55.43,50.69,60.00
9530,55.48,50.67,60.00
9540,55.52,50.70,60.00
9550,55.58,50.55,60.00
9560,55.62,50.73,60.00
9570,55.67,50.63,60.00
9580,55.71,50.70,60.00
9590,55.75,50.76,60.00
9600,55.80,50.58,60.00
9610,55.84,50.80,60.00
9620,55.89,50.76,60.00
9630,55.94,50.58,60.00
9640,55.98,50.83,60.00
9650,56.03,50.56,60.00
9660,56.07,50.68,60.00
9670,56.11,50.86,60.00
9680,56.16,50.56,60.00
9690,56.20,50.85,60.00
9700,56.24,50.79,60.00
9710,56.29,50.67,60.00
9720,56.33,50.85,60.00
9730,56.37,50.76,60.00
9740,56.41,50.69,60.00
9750,56.45,50.85,60.00
9760,56.50,50.62,60.00
9770,56.54,50.73,60.00
9780,56.58,50.89,60.00
9790,56.63,50.66,60.00
9800,56.66,50.97,60.00
9810,56.71,50.59,60.00
9820,56.75,50.75,60.00
9830,56.79,50.72,60.00
9840,56.84,50.71,60.00
9850,56.89,50.62,60.00
9860,56.93,50.75,60.00
9870,56.98,50.56,60.00
9880,57.02,50.77,60.00
9890,57.06,50.74,60.00
9900,57.10,50.73,60.00
9910,57.14,50.77,60.00
9920,57.18,50.68,60.00
9930,57.23,50.59,60.00
9940,57.26,50.80,60.00
9950,57.30,50.76,60.00
9960,57.35,50.62,60.00
9970,57.38,50.83,60.00
9980,57.43,50.61,60.00
9990,57.46,50.73,60.00
10000,57.51,50.67,60.00
10010,57.55,50.67,60.00
10020,57.58,50.74,60.00
10030,57.62,50.71,60.00
10040,57.67,50.59,60.00
10050,57.70,50.68,60.00
10060,57.74,50.73,60.00
10070,57.78,50.62,60.00
10080,57.81,50.85,60.00
10090,57.85,50.69,60.00
10100,57.89,50.61,60.00
10110,57.93,50.56,60.00
10120,57.96,50.77,60.00
10130,58.01,50.55,60.00
10140,58.04,50.81,60.00
10150,58.07,50.65,60.00
10160,58.10,50.79,60.00
10170,58.13,50.72,60.00
10180,58.16,50.83,60.00
10190,58.19,50.76,60.00
10200,58.21,50.93,60.00
10210,58.24,50.77,60.00
10220,58.26,51.02,60.00
10230,58.28,50.97,60.00
10240,58.30,50.99,60.00
10250,58.32,50.90,60.00
10260,58.34,51.07,60.00
10270,58.36,50.92,60.00
10280,58.37,51.20,60.00
10290,58.38,51.14,60.00
10300,58.39,51.12,60.00
10310,58.39,51.34,60.00
10320,58.41,51.06,60.00
10330,58.42,51.23,60.00
10340,58.43,51.25,60.00
10350,58.44,51.16,60.00
10360,58.45,51.25,60.00
10370,58.45,51.29,60.00
10380,58.47,51.12,60.00
10390,58.47,51.32,60.00
10400,58.47,51.37,60.00
10410,58.49,51.03,60.00
10420,58.49,51.57,60.00
10430,58.50,51.22,60.00
10440,58.51,51.23,60.00
10450,58.51,51.45,60.00
10460,58.52,51.20,60.00
10470,58.53,51.40,60.00
10480,58.53,51.37,60.00
10490,58.54,51.29,60.00
10500,58.55,51.32,60.00
10510,58.56,51.39,60.00
10520,58.56,51.38,60.00
10530,58.57,51.27,60.00
10540,58.57,51.52,60.00
10550,58.58,51.38,60.00
10560,58.59,51.29,60.00
10570,58.58,51.72,60.00
10580,58.59,51.29,60.00
10590,58.59,51.58,60.00
10600,58.59,51.52,60.00
10610,58.60,51.38,60.00
10620,58.61,51.42,60.00
10630,58.61,51.54,60.00
10640,58.63,51.30,60.00
10650,58.63,51.53,60.00
10660,58.64,51.37,60.00
10670,58.65,51.47,60.00
10680,58.65,51.44,60.00
10690,58.65,51.62,60.00
10700,58.66,51.46,60.00
10710,58.67,51.43,60.00
10720,58.67,51.59,60.00
10730,58.68,51.43,60.00
10740,58.69,51.35,60.00
10750,58.69,51.70,60.00
10760,58.70,51.41,60.00
10770,58.72,51.34,60.00
10780,58.72,51.60,60.00
10790,58.73,51.45,60.00
10800,58.74,51.34,60.00
10810,58.75,51.59,60.00
10820,58.76,51.46,60.00
10830,58.77,51.28,60.00
10840,58.78,51.59,60.00
10850,58.79,51.38,60.00
10860,58.81,51.36,60.00
10870,58.82,51.48,60.00
10880,58.82,51.50,60.00
10890,58.84,51.33,60.00
10900,58.85,51.58,60.00
10910,58.86,51.42,60.00
10920,58.87,51.44,60.00
10930,58.88,51.39,60.00
10940,58.89,51.52,60.00
10950,58.91,51.38,60.00
10960,58.91,51.50,60.00
10970,58.92,51.47,60.00
10980,58.93,51.46,60.00
10990,58.94,51.49,60.00
11000,58.95,51.66,60.00
11010,58.97,51.27,60.00
11020,58.97,51.63,60.00
11030,58.98,51.53,60.00
11040,58.99,51.42,60.00
11050,58.99,51.59,60.00
11060,59.00,51.64,60.00
11070,59.01,51.38,60.00
11080,59.01,51.66,60.00
11090,59.02,51.50,60.00
11100,59.03,51.51,60.00
11110,59.04,51.58,60.00
11120,59.05,51.59,60.00
11130,59.06,51.49,60.00
11140,59.06,51.55,60.00
11150,59.07,51.66,60.00
11160,59.07,51.64,60.00
11170,59.08,51.59,60.00
11180,59.08,51.59,60.00
11190,59.10,51.47,60.00
11200,59.10,51.66,60.00
11210,59.11,51.55,60.00
11220,59.12,51.56,60.00
11230,59.12,51.60,60.00
11240,59.13,51.58,60.00
11250,59.14,51.56,60.00
11260,59.15,51.52,60.00
11270,59.15,51.66,60.00
11280,59.16,51.64,60.00
11290,59.16,51.68,60.00
11300,59.17,51.51,60.00
11310,59.17,51.67,60.00
11320,59.18,51.54,60.00
11330,59.19,51.63,60.00
11340,59.20,51.58,60.00
11350,59.20,51.75,60.00
11360,59.21,51.43,60.00
11370,59.22,51.56,60.00
11380,59.23,51.61,60.00
11390,59.24,51.46,60.00
11400,59.26,51.48,60.00
11410,59.26,51.66,60.00
11420,59.28,51.44,60.00
11430,59.29,51.53,60.00
11440,59.29,51.71,60.00
11450,59.30,51.50,60.00
11460,59.31,51.61,60.00
11470,59.31,51.71,60.00
11480,59.32,51.43,60.00
11490,59.33,51.64,60.00
11500,59.33,51.74,60.00
11510,59.34,51.55,60.00
11520,59.35,51.62,60.00
11530,59.35,51.69,60.00
11540,59.36,51.48,60.00
11550,59.37,51.53,60.00
11560,59.37,51.73,60.00
11570,59.38,51.53,60.00
11580,59.39,51.58,60.00
11590,59.40,51.54,60.00
11600,59.41,51.61,60.00
11610,59.42,51.50,60.00
11620,59.42,51.74,60.00
11630,59.43,51.53,60.00
11640,59.44,51.57,60.00
11650,59.44,51.69,60.00
11660,59.45,51.50,60.00
11670,59.46,51.52,60.00
11680,59.46,51.79,60.00
11690,59.47,51.59,60.00
11700,59.48,51.54,60.00
11710,59.48,51.65,60.00
11720,59.49,51.63,60.00
11730,59.50,51.56,60.00
11740,59.50,51.75,60.00
11750,59.51,51.58,60.00
11760,59.52,51.48,60.00
11770,59.52,51.69,60.00
11780,59.53,51.63,60.00
11790,59.54,51.52,60.00
11800,59.54,51.76,60.00
11810,59.54,51.59,60.00
11820,59.55,51.54,60.00
11830,59.55,51.71,60.00
11840,59.56,51.64,60.00
11850,59.57,51.55,60.00
11860,59.57,51.71,60.00
11870,59.58,51.45,60.00
11880,59.59,51.56,60.00
11890,59.59,51.68,60.00
11900,59.60,51.67,60.00
11910,59.61,51.47,60.00
11920,59.61,51.77,60.00
11930,59.62,51.58,60.00
11940,59.63,51.51,60.00
11950,59.63,51.71,60.00
11960,59.63,51.62,60.00
11970,59.64,51.48,60.00
11980,59.64,51.88,60.00
11990,59.65,51.51,60.00
12000,59.66,51.48,60.00
12010,59.66,85.08,117.31
12020,59.67,85.24,117.31
12030,59.67,85.97,117.31
12040,59.67,86.16,117.31
12050,59.69,86.29,117.31
12060,59.74,85.99,117.31
12070,59.77,86.68,117.31
12080,59.80,87.19,117.31
12090,59.93,85.48,117.31
12100,60.09,85.07,117.31
12110,60.22,86.00,117.31
12120,60.39,85.55,117.31
12130,60.63,84.26,117.31
12140,60.94,83.09,117.31
12150,61.31,82.03,117.31
12160,61.73,81.29,117.31
12170,62.18,80.62,117.31
12180,62.68,79.77,117.31
12190,63.29,77.71,117.31
12200,63.99,75.80,117.31
12210,64.80,73.42,117.31
12220,65.68,71.91,117.31
12230,66.57,71.38,117.31
12240,67.48,70.95,117.31
12250,68.42,70.13,117.31
12260,69.42,68.66,117.31
12270,70.48,67.12,117.31
12280,71.59,65.65,117.31
12290,72.76,64.27,117.31
12300,73.99,62.57,117.31
12310,75.29,60.69,117.31
12320,76.69,58.23,117.31
12330,78.14,56.71,117.31
12340,79.55,56.88,117.31
12350,81.00,55.30,117.31
12360,82.54,53.04,117.31
12370,84.05,53.08,117.31
12380,85.64,50.67,117.31
12390,87.18,50.85,117.31
12400,88.74,49.85,117.31
12410,90.35,48.17,117.31
12420,91.95,47.54,117.31
12430,93.53,47.14,117.31
12440,95.11,46.38,117.31
12450,96.69,45.74,117.31
12460,98.27,44.96,117.31
12470,99.84,44.21,117.31
12480,101.42,43.40,117.31
12490,103.00,42.47,117.31
12500,104.54,42.43,117.31
12510,106.07,41.81,117.31
12520,107.57,41.65,117.31
12530,109.06,41.08,117.31
12540,110.51,41.13,117.31
12550,111.94,40.60,117.31
12560,113.35,40.26,117.31
12570,114.72,40.44,117.31
12580,116.06,40.10,117.31
12590,117.39,39.55,117.31
12600,118.69,39.45,117.31
12610,119.95,39.49,117.31
12620,121.18,39.45,117.31
12630,122.37,39.40,117.31
12640,123.53,39.28,117.31
12650,124.67,39.08,117.31
12660,125.78,38.93,117.31
12670,126.87,38.66,117.31
12680,127.93,38.48,117.31
12690,128.97,38.35,117.31
12700,129.98,38.22,117.31
12710,130.96,38.19,117.31
12720,131.91,38.06,117.31
12730,132.83,38.13,117.31
12740,133.72,38.04,117.31
12750,134.57,38.20,117.31
12760,135.40,38.19,117.31
12770,136.19,38.33,117.31
12780,136.94,38.48,117.31
12790,137.66,38.57,117.31
12800,138.35,38.68,117.31
12810,139.02,38.48,117.31
12820,139.68,38.19,117.31
12830,140.31,38.11,117.31
12840,140.95,37.60,117.31
12850,141.58,37.24,117.31
12860,142.19,37.13,117.31
12870,142.76,37.34,117.31
12880,143.30,37.55,117.31
12890,143.79,37.95,117.31
12900,144.25,38.29,117.31
12910,144.67,38.45,117.31
12920,145.08,38.48,117.31
12930,145.48,38.07,117.31
12940,145.89,37.55,117.31
12950,146.29,37.39,117.31
12960,146.66,37.52,117.31
12970,146.98,37.95,117.31
12980,147.28,38.29,117.31
12990,147.53,38.62,117.31
13000,147.77,38.77,117.31
13010,148.01,38.29,117.31
13020,148.25,37.99,117.31
13030,148.47,38.00,117.31
13040,148.66,38.28,117.31
13050,148.81,38.74,117.31
13060,148.94,39.09,117.31
13070,149.04,39.10,117.31
13080,149.15,38.93,117.31
13090,149.25,38.70,117.31
13100,149.33,38.76,117.31
13110,149.39,39.10,117.31
13120,149.41,39.57,117.31
13130,149.40,40.02,117.31
13140,149.37,40.18,117.31
13150,149.33,40.13,117.31
13160,149.30,39.88,117.31
13170,149.26,39.67,117.31
13180,149.22,39.62,117.31
13190,149.16,39.82,117.31
13200,149.07,40.28,117.31
13210,148.95,40.82,117.31
13220,148.80,41.10,117.31
13230,148.66,41.07,117.31
13240,148.51,40.98,117.31
13250,148.36,40.79,117.31
13260,148.23,40.24,117.31
13270,148.10,40.20,117.31
13280,147.97,40.08,117.31
13290,147.84,40.01,117.31
13300,147.69,40.23,117.31
13310,147.52,40.39,117.31
13320,147.34,40.75,117.31
13330,147.13,40.96,117.31
13340,146.91,41.39,117.31
13350,146.68,41.47,117.31
13360,146.42,41.88,117.31
13370,146.16,41.98,117.31
13380,145.88,42.21,117.31
13390,145.60,42.32,117.31
13400,145.30,42.62,117.31
13410,145.00,42.68,117.31
13420,144.69,42.80,117.31
13430,144.38,42.90,117.31
13440,144.06,42.93,117.31
13450,143.74,43.13,117.31
13460,143.41,43.18,117.31
13470,143.08,43.32,117.31
13480,142.75,43.30,117.31
13490,142.42,43.34,117.31
13500,142.09,43.35,117.31
13510,141.76,43.37,117.31
13520,141.42,43.56,117.31
13530,141.07,43.87,117.31
13540,140.71,44.16,117.31
13550,140.33,44.59,117.31
13560,139.94,44.92,117.31
13570,139.53,45.24,117.31
13580,139.12,45.53,117.31
13590,138.71,45.53,117.31
13600,138.30,45.62,117.31
13610,137.88,45.99,117.31
13620,137.44,46.42,117.31
13630,136.99,46.74,117.31
13640,136.56,46.47,117.31
13650,136.11,47.06,117.31
13660,135.64,47.53,117.31
13670,135.18,47.50,117.31
13680,134.73,47.57,117.31
13690,134.24,48.44,117.31
13700,133.76,48.43,117.31
13710,133.29,48.40,117.31
13720,132.79,49.11,117.31
13730,132.30,49.02,117.31
13740,131.81,49.43,117.31
13750,131.31,49.76,117.31
13760,130.83,49.48,117.31
13770,130.32,50.29,117.31
13780,129.83,50.02,117.31
13790,129.32,50.73,117.31
13800,128.83,50.56,117.31
13810,128.32,51.19,117.31
13820,127.83,50.91,117.31
13830,127.32,51.58,117.31
13840,126.84,51.38,117.31
13850,126.33,51.88,117.31
13860,125.84,52.03,117.31
13870,125.35,52.06,117.31
13880,124.84,52.63,117.31
13890,124.36,52.34,117.31
13900,123.87,52.80,117.31
13910,123.38,53.08,117.31
13920,122.91,52.90,117.31
13930,122.43,53.40,117.31
13940,121.94,53.72,117.31
13950,121.48,53.47,117.31
13960,121.00,53.94,117.31
13970,120.52,54.42,117.31
13980,120.06,54.25,117.31
13990,119.61,54.20,117.31
14000,119.14,54.77,117.31
14010,118.67,55.15,117.31
14020,118.21,55.11,117.31
14030,117.78,54.93,117.31
14040,117.34,55.24,117.31
14050,116.90,55.64,117.31
14060,116.45,55.91,117.31
14070,116.01,56.01,117.31
14080,115.60,55.87,117.31
14090,115.19,55.82,117.31
14100,114.80,55.92,117.31
14110,114.40,56.18,117.31
14120,114.00,56.48,117.31
14130,113.61,56.68,117.31
14140,113.21,56.89,117.31
14150,112.83,56.92,117.31
14160,112.46,56.95,117.31
14170,112.11,56.76,117.31
14180,111.77,56.80,117.31
14190,111.44,56.73,117.31
14200,111.13,56.76,117.31
14210,110.82,56.73,117.31
14220,110.53,56.72,117.31
14230,110.24,56.77,117.31
14240,109.97,56.84,117.31
14250,109.70,56.91,117.31
14260,109.43,56.93,117.31
14270,109.18,57.02,117.31
14280,108.93,56.97,117.31
14290,108.69,57.08,117.31
14300,108.46,57.13,117.31
14310,108.24,57.11,117.31
14320,108.03,57.07,117.31
14330,107.83,57.07,117.31
14340,107.64,56.99,117.31
14350,107.46,56.99,117.31
14360,107.28,56.98,117.31
14370,107.12,56.98,117.31
14380,106.97,56.82,117.31
14390,106.84,56.72,117.31
14400,106.71,56.72,117.31
14410,106.59,56.61,117.31
14420,106.49,56.52,117.31
14430,106.39,56.49,117.31
14440,106.30,56.41,117.31
14450,106.22,56.35,117.31
14460,106.16,56.20,117.31
14470,106.10,56.16,117.31
14480,106.05,56.05,117.31
14490,106.01,56.06,117.31
14500,105.97,56.05,117.31
14510,105.95,55.89,117.31
14520,105.93,55.89,117.31
14530,105.92,55.72,117.31
14540,105.92,55.66,117.31
14550,105.93,55.61,117.31
14560,105.94,55.56,117.31
14570,105.96,55.47,117.31
14580,105.98,55.35,117.31
14590,106.02,55.29,117.31
14600,106.06,55.11,117.31
14610,106.12,54.99,117.31
14620,106.18,54.84,117.31
14630,106.25,54.76,117.31
14640,106.32,54.75,117.31
14650,106.39,54.67,117.31
14660,106.46,54.78,117.31
14670,106.53,54.96,117.31
14680,106.59,55.04,117.31
14690,106.65,55.13,117.31
14700,106.71,55.24,117.31
14710,106.77,55.17,117.31
14720,106.83,55.21,117.31
14730,106.90,55.12,117.31
14740,106.97,54.96,117.31
14750,107.06,54.85,117.31
14760,107.13,54.97,117.31
14770,107.20,55.17,117.31
14780,107.28,54.99,117.31
14790,107.36,55.15,117.31
14800,107.42,55.40,117.31
14810,107.47,55.59,117.31
14820,107.52,55.74,117.31
14830,107.60,55.17,117.31
14840,107.67,55.29,117.31
14850,107.74,55.36,117.31
14860,107.80,55.56,117.31
14870,107.85,55.81,117.31
14880,107.90,55.91,117.31
14890,107.95,55.88,117.31
14900,108.01,55.81,117.31
14910,108.07,55.69,117.31
14920,108.14,55.61,117.31
14930,108.21,55.60,117.31
14940,108.28,55.65,117.31
14950,108.34,55.76,117.31
14960,108.40,55.91,117.31
14970,108.45,56.11,117.31
14980,108.49,56.21,117.31
14990,108.54,56.28,117.31
15000,108.58,56.30,117.31
15010,108.63,56.23,117.31
15020,108.69,56.12,117.31
15030,108.75,56.05,117.31
15040,108.81,55.99,117.31
15050,108.89,55.78,117.31
15060,108.96,55.87,117.31
15070,109.04,55.80,117.31
15080,109.11,55.86,117.31
15090,109.18,55.98,117.31
15100,109.25,56.00,117.31
15110,109.31,56.17,117.31
15120,109.37,56.17,117.31
15130,109.43,56.27,117.31
15140,109.49,56.25,117.31
15150,109.55,56.33,117.31
15160,109.60,56.31,117.31
15170,109.66,56.29,117.31
15180,109.73,56.22,117.31
15190,109.80,56.09,117.31
15200,109.87,56.06,117.31
15210,109.95,55.96,117.31
15220,110.04,55.76,117.31
15230,110.13,55.74,117.31
15240,110.22,55.67,117.31
15250,110.31,55.66,117.31
15260,110.41,55.48,117.31
15270,110.51,55.53,117.31
15280,110.60,55.60,117.31
15290,110.69,55.65,117.31
15300,110.78,55.85,117.31
15310,110.85,55.89,117.31
15320,110.93,55.95,117.31
15330,111.00,55.94,117.31
15340,111.08,55.90,117.31
15350,111.16,55.97,117.31
15360,111.24,55.74,117.31
15370,111.33,55.63,117.31
15380,111.43,55.51,117.31
15390,111.53,55.32,117.31
15400,111.64,55.24,117.31
15410,111.75,55.19,117.31
15420,111.85,55.15,117.31
15430,111.95,55.27,117.31
15440,112.05,55.38,117.31
15450,112.14,55.53,117.31
15460,112.22,55.59,117.31
15470,112.30,55.57,117.31
15480,112.39,55.50,117.31
15490,112.48,55.37,117.31
15500,112.58,55.15,117.31
15510,112.69,54.98,117.31
15520,112.80,54.97,117.31
15530,112.90,54.92,117.31
15540,113.00,55.02,117.31
15550,113.10,55.13,117.31
15560,113.18,55.32,117.31
15570,113.26,55.33,117.31
15580,113.35,55.25,117.31
15590,113.44,55.15,117.31
15600,113.54,54.96,117.31
15610,113.64,54.74,117.31
15620,113.74,54.76,117.31
15630,113.85,54.76,117.31
15640,113.94,54.86,117.31
15650,114.03,55.01,117.31
15660,114.10,55.15,117.31
15670,114.18,55.09,117.31
15680,114.27,54.93,117.31
15690,114.36,54.77,117.31
15700,114.46,54.59,117.31
15710,114.56,54.54,117.31
15720,114.66,54.60,117.31
15730,114.74,54.75,117.31
15740,114.82,54.87,117.31
15750,114.89,54.97,117.31
15760,114.97,54.92,117.31
15770,115.05,54.62,117.31
15780,115.15,54.41,117.31
15790,115.25,54.33,117.31
15800,115.33,54.49,117.31
15810,115.41,54.65,117.31
15820,115.48,54.79,117.31
15830,115.55,54.82,117.31
15840,115.62,54.64,117.31
15850,115.70,54.44,117.31
15860,115.79,54.32,117.31
15870,115.87,54.37,117.31
15880,115.94,54.53,117.31
15890,116.00,54.83,117.31
15900,116.05,54.88,117.31
15910,116.11,54.80,117.31
15920,116.18,54.45,117.31
15930,116.24,54.62,117.31
15940,116.31,54.35,117.31
15950,116.38,54.30,117.31
15960,116.45,54.33,117.31
15970,116.52,54.47,117.31
15980,116.58,54.49,117.31
15990,116.64,54.25,117.31
16000,116.72,54.14,117.31
16010,116.78,10.62,42.35
16020,116.78,11.47,42.35
16030,116.81,10.29,42.35
16040,116.79,10.85,42.35
16050,116.80,9.63,42.35
16060,116.79,9.61,42.35
16070,116.71,10.57,42.35
16080,116.62,10.27,42.35
16090,116.48,10.97,42.35
16100,116.30,11.41,42.35
16110,116.08,11.64,42.35
16120,115.81,12.41,42.35
16130,115.51,12.74,42.35
16140,115.18,13.04,42.35
16150,114.80,13.85,42.35
16160,114.37,14.40,42.35
16170,113.91,14.97,42.35
16180,113.39,15.90,42.35
16190,112.85,16.18,42.35
16200,112.26,17.07,42.35
16210,111.63,17.87,42.35
16220,110.96,18.51,42.35
16230,110.24,19.35,42.35
16240,109.49,20.08,42.35
16250,108.70,20.78,42.35
16260,107.87,21.82,42.35
16270,106.99,22.72,42.35
16280,106.08,23.55,42.35
16290,105.12,24.58,42.35
16300,104.12,25.50,42.35
16310,103.09,26.34,42.35
16320,102.01,27.64,42.35
16330,100.89,28.72,42.35
16340,99.73,29.75,42.35
16350,98.52,30.94,42.35
16360,97.27,32.20,42.35
16370,96.00,33.15,42.35
16380,94.67,34.52,42.35
16390,93.31,35.60,42.35
16400,91.92,36.71,42.35
16410,90.50,37.85,42.35
16420,89.04,39.19,42.35
16430,87.53,40.65,42.35
16440,85.99,41.97,42.35
16450,84.43,42.95,42.35
16460,82.84,44.13,42.35
16470,81.22,45.54,42.35
16480,79.57,46.66,42.35
16490,77.91,47.69,42.35
16500,76.23,48.98,42.35
16510,74.51,50.38,42.35
16520,72.77,51.63,42.35
16530,71.01,52.76,42.35
16540,69.25,53.68,42.35
16550,67.48,54.70,42.35
16560,65.71,55.50,42.35
16570,63.93,56.67,42.35
16580,62.16,57.33,42.35
16590,60.39,58.33,42.35
16600,58.63,58.88,42.35
16610,56.88,59.73,42.35
16620,55.12,60.69,42.35
16630,53.39,61.16,42.35
16640,51.68,61.61,42.35
16650,50.00,61.90,42.35
16660,48.35,62.37,42.35
16670,46.72,62.65,42.35
16680,45.13,62.90,42.35
16690,43.58,63.10,42.35
16700,42.04,63.48,42.35
16710,40.52,64.23,42.35
16720,39.01,64.91,42.35
16730,37.53,64.96,42.35
16740,36.15,63.93,42.35
16750,34.87,62.73,42.35
16760,33.56,64.25,42.35
16770,32.24,65.14,42.35
16780,31.09,62.58,42.35
16790,29.98,62.32,42.35
16800,28.81,64.49,42.35
16810,27.79,62.02,42.35
16820,26.86,60.87,42.35
16830,25.85,63.23,42.35
16840,25.00,60.70,42.35
16850,24.24,59.30,42.35
16860,23.41,61.45,42.35
16870,22.71,59.26,42.35
16880,22.16,56.82,42.35
16890,21.52,59.01,42.35
16900,20.94,58.40,42.35
16910,20.53,55.32,42.35
16920,20.16,54.83,42.35
16930,19.76,55.96,42.35
16940,19.39,55.50,42.35
16950,19.13,53.70,42.35
16960,18.97,52.07,42.35
16970,18.86,51.17,42.35
16980,18.79,50.55,42.35
16990,18.76,50.10,42.35
17000,18.76,49.46,42.35
17010,18.81,48.74,42.35
17020,18.91,47.75,42.35
17030,19.08,46.29,42.35
17040,19.29,45.71,42.35
17050,19.53,45.07,42.35
17060,19.79,44.65,42.35
17070,20.10,43.71,42.35
17080,20.43,43.05,42.35
17090,20.79,42.51,42.35
17100,21.17,42.18,42.35
17110,21.58,41.28,42.35
17120,22.00,41.06,42.35
17130,22.45,40.31,42.35
17140,22.92,39.68,42.35
17150,23.41,39.40,42.35
17160,23.91,38.70,42.35
17170,24.44,38.18,42.35
17180,24.97,37.90,42.35
17190,25.49,37.79,42.35
17200,26.02,37.51,42.35
17210,26.55,37.32,42.35
17220,27.08,37.02,42.35
17230,27.62,36.77,42.35
17240,28.15,36.63,42.35
17250,28.68,36.43,42.35
17260,29.22,36.00,42.35
17270,29.76,35.72,42.35
17280,30.33,35.08,42.35
17290,30.91,34.51,42.35
17300,31.49,34.16,42.35
17310,32.05,34.33,42.35
17320,32.58,34.80,42.35
17330,33.10,34.74,42.35
17340,33.62,34.40,42.35
17350,34.14,34.20,42.35
17360,34.64,34.28,42.35
17370,35.13,34.42,42.35
17380,35.64,33.76,42.35
17390,36.11,34.20,42.35
17400,36.57,34.15,42.35
17410,37.04,33.93,42.35
17420,37.48,34.02,42.35
17430,37.90,34.33,42.35
17440,38.33,33.99,42.35
17450,38.73,34.33,42.35
17460,39.12,34.41,42.35
17470,39.51,34.13,42.35
17480,39.86,34.68,42.35
17490,40.21,34.56,42.35
17500,40.55,34.58,42.35
17510,40.86,34.95,42.35
17520,41.16,35.09,42.35
17530,41.46,34.97,42.35
17540,41.72,35.51,42.35
17550,41.98,35.20,42.35
17560,42.23,35.60,42.35
17570,42.44,36.00,42.35
17580,42.66,35.91,42.35
17590,42.85,36.28,42.35
17600,43.01,36.70,42.35
17610,43.18,36.56,42.35
17620,43.32,36.88,42.35
17630,43.44,37.33,42.35
17640,43.56,37.23,42.35
17650,43.65,37.74,42.35
17660,43.73,37.97,42.35
17670,43.80,38.06,42.35
17680,43.85,38.42,42.35
17690,43.88,38.84,42.35
17700,43.90,38.99,42.35
17710,43.92,38.89,42.35
17720,43.90,39.75,42.35
17730,43.86,40.16,42.35
17740,43.84,39.87,42.35
17750,43.80,40.16,42.35
17760,43.73,40.76,42.35
17770,43.65,41.13,42.35
17780,43.57,41.09,42.35
17790,43.49,40.97,42.35
17800,43.41,41.28,42.35
17810,43.30,41.77,42.35
17820,43.16,42.50,42.35
17830,43.01,42.79,42.35
17840,42.86,42.85,42.35
17850,42.72,42.84,42.35
17860,42.58,42.85,42.35
17870,42.45,42.68,42.35
17880,42.32,42.69,42.35
17890,42.19,42.94,42.35
17900,42.05,43.03,42.35
17910,41.91,43.31,42.35
17920,41.75,43.68,42.35
17930,41.58,43.98,42.35
17940,41.41,44.14,42.35
17950,41.23,44.33,42.35
17960,41.05,44.68,42.35
17970,40.86,44.89,42.35
17980,40.66,45.03,42.35
17990,40.48,45.06,42.35
18000,40.29,45.07,42.35
18010,40.12,44.98,42.35
18020,39.95,45.07,42.35
18030,39.78,45.22,42.35
18040,39.60,45.52,42.35
18050,39.43,45.36,42.35
18060,39.27,45.29,42.35
18070,39.12,45.24,42.35
18080,38.96,45.48,42.35
18090,38.80,45.75,42.35
18100,38.65,45.51,42.35
18110,38.51,45.45,42.35
18120,38.38,45.52,42.35
18130,38.24,45.64,42.35
18140,38.11,45.51,42.35
18150,38.00,45.28,42.35
18160,37.89,45.32,42.35
18170,37.78,45.61,42.35
18180,37.68,45.28,42.35
18190,37.59,45.18,42.35
18200,37.51,45.29,42.35
18210,37.43,45.02,42.35
18220,37.38,44.71,42.35
18230,37.32,44.86,42.35
18240,37.27,44.94,42.35
18250,37.23,44.57,42.35
18260,37.21,44.40,42.35
18270,37.18,44.54,42.35
18280,37.17,44.18,42.35
18290,37.16,44.06,42.35
18300,37.15,44.29,42.35
18310,37.16,43.89,42.35
18320,37.18,43.73,42.35
18330,37.20,43.87,42.35
18340,37.22,43.72,42.35
18350,37.25,43.44,42.35
18360,37.29,43.37,42.35
18370,37.34,43.35,42.35
18380,37.38,43.38,42.35
18390,37.43,43.19,42.35
18400,37.50,42.85,42.35
18410,37.54,43.24,42.35
18420,37.60,43.08,42.35
18430,37.68,42.69,42.35
18440,37.76,42.52,42.35
18450,37.83,42.74,42.35
18460,37.90,42.83,42.35
18470,37.98,42.55,42.35
18480,38.06,42.40,42.35
18490,38.14,42.44,42.35
18500,38.22,42.49,42.35
18510,38.31,42.41,42.35
18520,38.39,42.26,42.35
18530,38.49,42.12,42.35
18540,38.58,42.14,42.35
18550,38.66,42.31,42.35
18560,38.74,42.35,42.35
18570,38.83,42.15,42.35
18580,38.93,41.95,42.35
18590,39.03,41.77,42.35
18600,39.13,41.86,42.35
18610,39.21,42.15,42.35
18620,39.29,42.13,42.35
18630,39.37,42.01,42.35
18640,39.47,41.80,42.35
18650,39.56,41.76,42.35
18660,39.65,41.83,42.35
18670,39.73,41.95,42.35
18680,39.80,42.14,42.35
18690,39.87,42.16,42.35
18700,39.95,41.98,42.35
18710,40.03,41.82,42.35
18720,40.12,41.69,42.35
18730,40.21,41.70,42.35
18740,40.28,41.92,42.35
18750,40.34,42.06,42.35
18760,40.40,42.18,42.35
18770,40.46,42.09,42.35
18780,40.52,42.05,42.35
18790,40.59,41.98,42.35
18800,40.66,41.85,42.35
18810,40.72,41.98,42.35
18820,40.77,42.18,42.35
18830,40.81,42.39,42.35
18840,40.85,42.32,42.35
18850,40.89,42.38,42.35
18860,40.93,42.26,42.35
18870,40.99,42.08,42.35
18880,41.03,42.14,42.35
18890,41.07,42.38,42.35
18900,41.09,42.60,42.35
18910,41.11,42.68,42.35
18920,41.12,42.84,42.35
18930,41.14,42.68,42.35
18940,41.17,42.50,42.35
18950,41.19,42.61,42.35
18960,41.22,42.59,42.35
18970,41.23,42.77,42.35
18980,41.24,43.00,42.35
18990,41.23,43.09,42.35
19000,41.23,43.14,42.35
19010,41.23,43.07,42.35
19020,41.24,42.97,42.35
19030,41.24,42.97,42.35
19040,41.25,43.04,42.35
19050,41.24,43.34,42.35
19060,41.21,43.53,42.35
19070,41.20,43.45,42.35
19080,41.19,43.43,42.35
19090,41.18,43.24,42.35
19100,41.18,43.29,42.35
19110,41.17,43.39,42.35
19120,41.15,43.49,42.35
19130,41.14,43.59,42.35
19140,41.13,43.44,42.35
19150,41.12,43.31,42.35
19160,41.13,43.17,42.35
19170,41.12,43.48,42.35
19180,41.11,43.47,42.35
19190,41.09,43.58,42.35
19200,41.09,43.41,42.35
19210,41.09,43.34,42.35
19220,41.09,43.32,42.35
19230,41.09,43.34,42.35
19240,41.08,43.52,42.35
19250,41.07,43.58,42.35
19260,41.07,43.35,42.35
19270,41.08,43.29,42.35
19280,41.08,43.23,42.35
19290,41.08,43.53,42.35
19300,41.06,43.67,42.35
19310,41.07,43.37,42.35
19320,41.08,43.21,42.35
19330,41.08,43.32,42.35
19340,41.08,43.51,42.35
19350,41.08,43.53,42.35
19360,41.08,43.37,42.35
19370,41.09,43.22,42.35
19380,41.10,43.35,42.35
19390,41.10,43.39,42.35
19400,41.10,43.50,42.35
19410,41.10,43.54,42.35
19420,41.11,43.28,42.35
19430,41.11,43.47,42.35
19440,41.10,43.64,42.35
19450,41.10,43.50,42.35
19460,41.10,43.57,42.35
19470,41.11,43.29,42.35
19480,41.12,43.46,42.35
19490,41.11,43.65,42.35
19500,41.10,43.69,42.35
19510,41.11,43.54,42.35
19520,41.11,43.53,42.35
19530,41.11,43.55,42.35
19540,41.11,43.47,42.35
19550,41.11,43.69,42.35
19560,41.10,43.71,42.35
19570,41.10,43.67,42.35
19580,41.11,43.44,42.35
19590,41.11,43.68,42.35
19600,41.10,43.89,42.35
19610,41.10,43.64,42.35
19620,41.10,43.53,42.35
19630,41.11,43.61,42.35
19640,41.10,43.79,42.35
19650,41.10,43.63,42.35
19660,41.10,43.64,42.35
19670,41.11,43.58,42.35
19680,41.12,43.48,42.35
19690,41.12,43.63,42.35
19700,41.12,43.77,42.35
19710,41.12,43.81,42.35
19720,41.13,43.48,42.35
19730,41.14,43.57,42.35
19740,41.13,43.85,42.35
19750,41.12,43.93,42.35
19760,41.12,43.78,42.35
19770,41.13,43.60,42.35
19780,41.14,43.52,42.35
19790,41.15,43.68,42.35
19800,41.14,43.98,42.35
19810,41.13,43.87,42.35
19820,41.14,43.60,42.35
19830,41.15,43.68,42.35
19840,41.14,44.06,42.35
19850,41.13,43.99,42.35
19860,41.13,43.75,42.35
19870,41.14,43.67,42.35
19880,41.15,43.72,42.35
19890,41.14,44.01,42.35
19900,41.13,44.08,42.35
19910,41.13,43.89,42.35
19920,41.14,43.65,42.35
19930,41.14,43.84,42.35
19940,41.13,44.09,42.35
19950,41.14,43.78,42.35
19960,41.14,43.81,42.35
19970,41.14,43.94,42.35
19980,41.14,43.90,42.35
19990,41.14,44.07,42.35
20000,41.14,43.97,42.35
20010,41.16,19.29,0.67
20020,41.16,19.35,0.67
20030,41.19,18.39,0.67
20040,41.21,18.45,0.67
20050,41.20,18.70,0.67
20060,41.20,18.41,0.67
20070,41.18,18.35,0.67
20080,41.14,18.68,0.67
20090,41.08,18.65,0.67
20100,41.00,18.96,0.67
20110,40.90,19.02,0.67
20120,40.80,19.00,0.67
20130,40.66,19.47,0.67
20140,40.54,19.04,0.67
20150,40.38,19.57,0.67
20160,40.19,19.91,0.67
20170,39.99,20.16,0.67
20180,39.75,20.67,0.67
20190,39.50,20.76,0.67
20200,39.23,21.08,0.67
20210,38.95,21.26,0.67
20220,38.65,21.63,0.67
20230,38.32,22.04,0.67
20240,37.98,22.24,0.67
20250,37.63,22.47,0.67
20260,37.24,23.15,0.67
20270,36.83,23.59,0.67
20280,36.42,23.50,0.67
20290,35.99,23.97,0.67
20300,35.53,24.51,0.67
20310,35.06,24.94,0.67
20320,34.57,25.36,0.67
20330,34.06,25.71,0.67
20340,33.53,26.22,0.67
20350,32.99,26.58,0.67
20360,32.43,27.20,0.67
20370,31.86,27.43,0.67
20380,31.26,28.07,0.67
20390,30.65,28.52,0.67
20400,30.02,28.98,0.67
20410,29.39,29.32,0.67
20420,28.75,29.51,0.67
20430,28.09,30.18,0.67
20440,27.41,30.82,0.67
20450,26.73,31.14,0.67
20460,26.04,31.53,0.67
20470,25.32,32.17,0.67
20480,24.63,32.07,0.67
20490,23.92,32.62,0.67
20500,23.18,33.43,0.67
20510,22.43,33.97,0.67
20520,21.69,34.20,0.67
20530,20.95,34.22,0.67
20540,20.21,34.74,0.67
20550,19.46,35.09,0.67
20560,18.73,35.16,0.67
20570,17.98,35.75,0.67
20580,17.24,35.77,0.67
20590,16.51,36.11,0.67
20600,15.78,36.40,0.67
20610,15.03,37.02,0.67
20620,14.30,36.92,0.67
20630,13.57,37.37,0.67
20640,12.86,37.33,0.67
20650,12.14,37.64,0.67
20660,11.44,37.82,0.67
20670,10.77,37.39,0.67
20680,10.09,38.01,0.67
20690,9.43,37.90,0.67
20700,8.80,37.66,0.67
20710,8.15,38.21,0.67
20720,7.54,38.00,0.67
20730,6.95,37.77,0.67
20740,6.36,37.87,0.67
20750,5.78,38.24,0.67
20760,5.25,37.47,0.67
20770,4.74,37.28,0.67
20780,4.22,37.75,0.67
20790,3.72,37.58,0.67
20800,3.26,37.06,0.67
20810,2.81,37.00,0.67
20820,2.39,36.83,0.67
20830,1.97,36.91,0.67
20840,1.59,36.43,0.67
20850,1.24,35.95,0.67
20860,0.91,35.79,0.67
20870,0.58,35.97,0.67
20880,0.29,35.48,0.67
20890,0.02,34.95,0.67
20900,-0.21,34.50,0.67
20910,-0.45,34.78,0.67
20920,-0.67,34.51,0.67
20930,-0.83,33.52,0.67
20940,-0.99,33.38,0.67
20950,-1.13,33.30,0.67
20960,-1.24,32.65,0.67
20970,-1.32,32.15,0.67
20980,-1.40,32.23,0.67
20990,-1.44,31.54,0.67
21000,-1.47,31.09,0.67
21010,-1.48,30.97,0.67
21020,-1.46,30.25,0.67
21030,-1.44,30.28,0.67
21040,-1.38,29.63,0.67
21050,-1.33,29.70,0.67
21060,-1.25,28.92,0.67
21070,-1.16,28.86,0.67
21080,-1.04,28.20,0.67
21090,-0.92,27.94,0.67
21100,-0.78,27.68,0.67
21110,-0.63,27.36,0.67
21120,-0.48,27.11,0.67
21130,-0.31,26.82,0.67
21140,-0.13,26.42,0.67
21150,0.07,25.99,0.67
21160,0.29,25.52,0.67
21170,0.51,25.16,0.67
21180,0.74,24.97,0.67
21190,0.98,24.63,0.67
21200,1.22,24.56,0.67
21210,1.48,23.91,0.67
21220,1.72,24.14,0.67
21230,1.97,23.94,0.67
21240,2.22,23.57,0.67
21250,2.50,22.99,0.67
21260,2.77,22.88,0.67
21270,3.04,22.80,0.67
21280,3.31,22.60,0.67
21290,3.59,22.20,0.67
21300,3.88,21.76,0.67
21310,4.18,21.54,0.67
21320,4.48,21.21,0.67
21330,4.77,21.17,0.67
21340,5.06,21.13,0.67
21350,5.34,20.97,0.67
21360,5.64,20.39,0.67
21370,5.97,19.75,0.67
21380,6.28,19.74,0.67
21390,6.57,19.97,0.67
21400,6.88,19.49,0.67
21410,7.17,19.52,0.67
21420,7.45,19.45,0.67
21430,7.75,18.95,0.67
21440,8.05,18.82,0.67
21450,8.34,18.67,0.67
21460,8.62,18.74,0.67
21470,8.91,18.28,0.67
21480,9.18,18.28,0.67
21490,9.45,18.29,0.67
21500,9.73,17.83,0.67
21510,9.99,17.95,0.67
21520,10.25,17.82,0.67
21530,10.49,18.04,0.67
21540,10.73,17.65,0.67
21550,10.96,17.77,0.67
21560,11.20,17.52,0.67
21570,11.44,17.09,0.67
21580,11.67,17.13,0.67
21590,11.89,17.28,0.67
21600,12.10,17.03,0.67
21610,12.30,17.25,0.67
21620,12.49,17.20,0.67
21630,12.68,16.97,0.67
21640,12.85,17.06,0.67
21650,13.02,17.03,0.67
21660,13.19,16.86,0.67
21670,13.36,16.79,0.67
21680,13.51,16.84,0.67
21690,13.65,16.90,0.67
21700,13.79,16.84,0.67
21710,13.91,16.88,0.67
21720,14.03,16.82,0.67
21730,14.16,16.58,0.67
21740,14.26,16.96,0.67
21750,14.34,17.12,0.67
21760,14.44,16.75,0.67
21770,14.50,17.28,0.67
21780,14.56,17.07,0.67
21790,14.61,17.29,0.67
21800,14.66,17.25,0.67
21810,14.70,17.26,0.67
21820,14.73,17.32,0.67
21830,14.74,17.49,0.67
21840,14.76,17.36,0.67
21850,14.77,17.35,0.67
21860,14.78,17.42,0.67
21870,14.75,17.98,0.67
21880,14.72,17.89,0.67
21890,14.70,17.71,0.67
21900,14.66,18.16,0.67
21910,14.63,17.71,0.67
21920,14.58,18.09,0.67
21930,14.49,18.81,0.67
21940,14.43,18.18,0.67
21950,14.36,18.38,0.67
21960,14.28,18.50,0.67
21970,14.16,19.15,0.67
21980,14.05,19.05,0.67
21990,13.93,19.23,0.67
22000,13.82,19.08,0.67
22010,13.71,18.91,0.67
22020,13.59,19.10,0.67
22030,13.46,19.46,0.67
22040,13.33,19.32,0.67
22050,13.18,19.57,0.67
22060,13.03,19.77,0.67
22070,12.89,19.63,0.67
22080,12.71,20.27,0.67
22090,12.55,20.11,0.67
22100,12.35,20.70,0.67
22110,12.14,21.03,0.67
22120,11.94,20.98,0.67
22130,11.75,20.78,0.67
22140,11.54,21.18,0.67
22150,11.33,21.19,0.67
22160,11.13,20.96,0.67
22170,10.92,21.33,0.67
22180,10.70,21.78,0.67
22190,10.49,21.45,0.67
22200,10.26,21.74,0.67
22210,10.05,21.75,0.67
22220,9.81,22.18,0.67
22230,9.58,22.16,0.67
22240,9.33,22.60,0.67
22250,9.09,22.49,0.67
22260,8.83,22.89,0.67
22270,8.62,22.22,0.67
22280,8.37,22.81,0.67
22290,8.14,22.73,0.67
22300,7.88,23.30,0.67
22310,7.63,23.24,0.67
22320,7.38,23.34,0.67
22330,7.14,23.28,0.67
22340,6.88,23.75,0.67
22350,6.61,23.95,0.67
22360,6.36,23.81,0.67
22370,6.11,23.74,0.67
22380,5.87,23.96,0.67
22390,5.62,23.95,0.67
22400,5.37,24.19,0.67
22410,5.12,24.32,0.67
22420,4.88,24.32,0.67
22430,4.63,24.44,0.67
22440,4.38,24.64,0.67
22450,4.16,24.21,0.67
22460,3.92,24.60,0.67
22470,3.70,24.51,0.67
22480,3.48,24.53,0.67
22490,3.26,24.59,0.67
22500,3.03,24.85,0.67
22510,2.82,24.54,0.67
22520,2.63,24.40,0.67
22530,2.41,24.95,0.67
22540,2.20,25.07,0.67
22550,1.99,24.92,0.67
22560,1.79,25.05,0.67
22570,1.62,24.45,0.67
22580,1.43,25.06,0.67
22590,1.26,24.59,0.67
22600,1.09,24.81,0.67
22610,0.93,24.58,0.67
22620,0.77,24.64,0.67
22630,0.63,24.53,0.67
22640,0.48,24.65,0.67
22650,0.34,24.56,0.67
22660,0.23,24.06,0.67
22670,0.11,24.33,0.67
22680,-0.01,24.49,0.67
22690,-0.13,24.39,0.67
22700,-0.23,24.08,0.67
22710,-0.31,23.83,0.67
22720,-0.39,23.95,0.67
22730,-0.49,24.14,0.67
22740,-0.55,23.62,0.67
22750,-0.59,23.22,0.67
22760,-0.64,23.30,0.67
22770,-0.68,23.36,0.67
22780,-0.74,23.65,0.67
22790,-0.77,23.12,0.67
22800,-0.78,22.72,0.67
22810,-0.79,22.73,0.67
22820,-0.80,22.75,0.67
22830,-0.79,22.43,0.67
22840,-0.77,22.24,0.67
22850,-0.74,21.97,0.67
22860,-0.72,22.15,0.67
22870,-0.71,22.30,0.67
22880,-0.68,22.01,0.67
22890,-0.64,21.67,0.67
22900,-0.58,21.36,0.67
22910,-0.51,21.12,0.67
22920,-0.46,21.39,0.67
22930,-0.38,20.84,0.67
22940,-0.31,20.97,0.67
22950,-0.22,20.54,0.67
22960,-0.13,20.45,0.67
22970,-0.04,20.44,0.67
22980,0.05,20.54,0.67
22990,0.15,19.99,0.67
23000,0.26,20.06,0.67
23010,0.34,20.33,0.67
23020,0.45,19.70,0.67
23030,0.56,19.82,0.67
23040,0.67,19.62,0.67
23050,0.80,19.24,0.67
23060,0.92,19.21,0.67
23070,1.04,19.30,0.67
23080,1.17,18.89,0.67
23090,1.29,19.19,0.67
23100,1.43,18.50,0.67
23110,1.57,18.56,0.67
23120,1.70,18.61,0.67
23130,1.84,18.40,0.67
23140,1.99,18.10,0.67
23150,2.13,18.05,0.67
23160,2.29,17.77,0.67
23170,2.42,18.17,0.67
23180,2.56,17.76,0.67
23190,2.71,17.57,0.67
23200,2.84,17.80,0.67
23210,3.00,17.29,0.67
23220,3.16,17.01,0.67
23230,3.31,17.27,0.67
23240,3.45,17.29,0.67
23250,3.60,16.85,0.67
23260,3.76,16.73,0.67
23270,3.89,17.02,0.67
23280,4.05,16.56,0.67
23290,4.20,16.54,0.67
23300,4.36,16.24,0.67
23310,4.52,15.97,0.67
23320,4.66,16.43,0.67
23330,4.79,16.54,0.67
23340,4.93,16.16,0.67
23350,5.07,15.93,0.67
23360,5.21,16.06,0.67
23370,5.36,15.65,0.67
23380,5.50,15.66,0.67
23390,5.65,15.38,0.67
23400,5.79,15.54,0.67
23410,5.93,15.45,0.67
23420,6.06,15.36,0.67
23430,6.21,15.04,0.67
23440,6.32,15.50,0.67
23450,6.47,14.84,0.67
23460,6.59,15.22,0.67
23470,6.71,14.97,0.67
23480,6.83,15.04,0.67
23490,6.95,14.85,0.67
23500,7.06,14.98,0.67
23510,7.17,14.91,0.67
23520,7.26,15.14,0.67
23530,7.37,14.70,0.67
23540,7.47,14.71,0.67
23550,7.57,14.70,0.67
23560,7.65,14.92,0.67
23570,7.73,14.86,0.67
23580,7.80,14.98,0.67
23590,7.88,14.74,0.67
23600,7.94,14.81,0.67
23610,8.02,14.61,0.67
23620,8.07,14.98,0.67
23630,8.12,14.96,0.67
23640,8.18,14.64,0.67
23650,8.25,14.54,0.67
23660,8.29,14.84,0.67
23670,8.36,14.13,0.67
23680,8.43,14.19,0.67
23690,8.49,14.30,0.67
23700,8.54,14.28,0.67
23710,8.57,14.68,0.67
23720,8.60,14.54,0.67
23730,8.61,14.92,0.67
23740,8.64,14.57,0.67
23750,8.67,14.34,0.67
23760,8.70,14.48,0.67
23770,8.69,14.93,0.67
23780,8.69,14.84,0.67
23790,8.68,15.02,0.67
23800,8.71,14.14,0.67
23810,8.72,14.41,0.67
23820,8.71,14.82,0.67
23830,8.68,15.33,0.67
23840,8.66,14.78,0.67
23850,8.66,14.61,0.67
23860,8.66,14.46,0.67
23870,8.61,15.31,0.67
23880,8.56,15.33,0.67
23890,8.54,14.85,0.67
23900,8.53,14.45,0.67
23910,8.48,15.24,0.67
23920,8.42,15.51,0.67
23930,8.39,14.84,0.67
23940,8.36,14.75,0.67
23950,8.29,15.63,0.67
23960,8.20,15.88,0.67
23970,8.16,15.09,0.67
23980,8.11,15.08,0.67
23990,8.04,15.61,0.67
24000,7.95,15.81,0.67
24010,7.89,73.83,101.23
24020,7.81,75.07,101.23
24030,7.72,75.92,101.23
24040,7.69,75.29,101.23
24050,7.61,76.86,101.23
24060,7.54,77.47,101.23
24070,7.47,78.03,101.23
24080,7.39,78.89,101.23
24090,7.39,78.04,101.23
24100,7.39,78.67,101.23
24110,7.43,78.29,101.23
24120,7.51,78.12,101.23
24130,7.63,77.93,101.23
24140,7.88,75.85,101.23
24150,8.20,74.74,101.23
24160,8.45,76.78,101.23
24170,8.93,72.36,101.23
24180,9.37,73.71,101.23
24190,9.93,71.47,101.23
24200,10.62,69.20,101.23
24210,11.28,69.77,101.23
24220,12.06,67.73,101.23
24230,12.97,65.09,101.23
24240,13.88,65.18,101.23
24250,14.86,63.77,101.23
24260,16.01,60.36,101.23
24270,17.14,60.46,101.23
24280,18.36,58.72,101.23
24290,19.69,56.17,101.23
24300,20.99,56.53,101.23
24310,22.47,52.86,101.23
24320,23.89,53.56,101.23
24330,25.42,50.97,101.23
24340,27.07,48.02,101.23
24350,28.63,49.46,101.23
24360,30.25,47.90,101.23
24370,31.96,45.68,101.23
24380,33.70,44.38,101.23
24390,35.45,43.46,101.23
24400,37.23,42.39,101.23
24410,39.04,41.30,101.23
24420,40.87,40.08,101.23
24430,42.71,39.16,101.23
24440,44.56,38.46,101.23
24450,46.42,37.38,101.23
24460,48.27,36.92,101.23
24470,50.13,36.18,101.23
24480,51.97,35.57,101.23
24490,53.81,34.97,101.23
24500,55.65,34.20,101.23
24510,57.47,33.75,101.23
24520,59.28,33.33,101.23
24530,61.07,32.91,101.23
24540,62.83,32.73,101.23
24550,64.56,32.52,101.23
24560,66.28,32.13,101.23
24570,67.96,31.95,101.23
24580,69.63,31.68,101.23
24590,71.25,31.69,101.23
24600,72.84,31.69,101.23
24610,74.39,31.66,101.23
24620,75.92,31.51,101.23
24630,77.42,31.45,101.23
24640,78.87,31.63,101.23
24650,80.28,31.71,101.23
24660,81.66,31.68,101.23
24670,82.99,32.08,101.23
24680,84.28,32.19,101.23
24690,85.53,32.43,101.23
24700,86.74,32.71,101.23
24710,87.90,32.90,101.23
24720,89.02,33.33,101.23
24730,90.10,33.62,101.23
24740,91.12,34.14,101.23
24750,92.11,34.30,101.23
24760,93.05,34.85,101.23
24770,93.95,35.11,101.23
24780,94.80,35.68,101.23
24790,95.61,36.05,101.23
24800,96.37,36.70,101.23
24810,97.09,37.10,101.23
24820,97.76,37.59,101.23
24830,98.40,38.13,101.23
24840,98.99,38.55,101.23
24850,99.53,39.25,101.23
24860,100.05,39.58,101.23
24870,100.51,40.27,101.23
24880,100.93,40.93,101.23
24890,101.32,41.38,101.23
24900,101.67,41.88,101.23
24910,101.98,42.55,101.23
24920,102.25,43.17,101.23
24930,102.48,43.76,101.23
24940,102.68,44.31,101.23
24950,102.85,44.77,101.23
24960,103.00,45.25,101.23
24970,103.10,45.87,101.23
24980,103.18,46.49,101.23
24990,103.22,47.02,101.23
25000,103.23,47.71,101.23
25010,103.22,48.26,101.23
25020,103.17,48.90,101.23
25030,103.09,49.44,101.23
25040,103.01,49.63,101.23
25050,102.88,50.55,101.23
25060,102.73,51.16,101.23
25070,102.58,51.34,101.23
25080,102.41,51.69,101.23
25090,102.21,52.25,101.23
25100,102.03,52.18,101.23
25110,101.83,52.66,101.23
25120,101.61,52.99,101.23
25130,101.40,53.16,101.23
25140,101.16,53.70,101.23
25150,100.92,53.92,101.23
25160,100.70,53.82,101.23
25170,100.47,54.02,101.23
25180,100.21,54.58,101.23
25190,99.97,54.55,101.23
25200,99.74,54.55,101.23
25210,99.48,55.06,101.23
25220,99.22,55.36,101.23
25230,98.98,55.22,101.23
25240,98.74,55.31,101.23
25250,98.49,55.55,101.23
25260,98.24,55.89,101.23
25270,97.98,56.07,101.23
25280,97.74,56.06,101.23
25290,97.50,56.05,101.23
25300,97.27,56.01,101.23
25310,97.05,56.10,101.23
25320,96.83,56.24,101.23
25330,96.60,56.40,101.23
25340,96.38,56.58,101.23
25350,96.16,56.58,101.23
25360,95.95,56.70,101.23
25370,95.74,56.68,101.23
25380,95.54,56.68,101.23
25390,95.35,56.70,101.23
25400,95.18,56.52,101.23
25410,95.01,56.47,101.23
25420,94.85,56.49,101.23
25430,94.71,56.30,101.23
25440,94.57,56.26,101.23
25450,94.44,56.20,101.23
25460,94.33,56.04,101.23
25470,94.22,56.09,101.23
25480,94.11,56.02,101.23
25490,94.02,55.92,101.23
25500,93.93,55.98,101.23
25510,93.85,55.89,101.23
25520,93.77,55.96,101.23
25530,93.70,55.92,101.23
25540,93.63,55.91,101.23
25550,93.57,55.94,101.23
25560,93.50,56.00,101.23
25570,93.45,55.80,101.23
25580,93.41,55.85,101.23
25590,93.37,55.77,101.23
25600,93.34,55.49,101.23
25610,93.32,55.59,101.23
25620,93.31,55.35,101.23
25630,93.31,55.12,101.23
25640,93.32,55.08,101.23
25650,93.35,54.73,101.23
25660,93.37,54.81,101.23
25670,93.41,54.71,101.23
25680,93.44,54.65,101.23
25690,93.47,54.98,101.23
25700,93.49,54.91,101.23
25710,93.52,55.05,101.23
25720,93.53,55.28,101.23
25730,93.56,54.92,101.23
25740,93.59,55.10,101.23
25750,93.62,54.98,101.23
25760,93.67,54.73,101.23
25770,93.70,55.03,101.23
25780,93.74,54.92,101.23
25790,93.77,55.11,101.23
25800,93.79,55.40,101.23
25810,93.82,55.28,101.23
25820,93.84,55.53,101.23
25830,93.86,55.40,101.23
25840,93.90,55.21,101.23
25850,93.93,55.43,101.23
25860,93.96,55.27,101.23
25870,93.99,55.39,101.23
25880,94.01,55.69,101.23
25890,94.03,55.71,101.23
25900,94.04,55.96,101.23
25910,94.05,56.02,101.23
25920,94.06,55.94,101.23
25930,94.08,56.00,101.23
25940,94.10,55.81,101.23
25950,94.13,55.80,101.23
25960,94.15,55.85,101.23
25970,94.18,55.85,101.23
25980,94.20,55.92,101.23
25990,94.22,56.10,101.23
26000,94.24,56.12,101.23
26010,94.25,56.40,101.23
26020,94.25,56.50,101.23
26030,94.26,56.47,101.23
26040,94.26,56.67,101.23
26050,94.26,56.61,101.23
26060,94.28,56.50,101.23
26070,94.28,56.67,101.23
26080,94.30,56.51,101.23
26090,94.32,56.40,101.23
26100,94.34,56.59,101.23
26110,94.36,56.45,101.23
26120,94.38,56.60,101.23
26130,94.40,56.57,101.23
26140,94.42,56.54,101.23
26150,94.44,56.71,101.23
26160,94.46,56.70,101.23
26170,94.48,56.73,101.23
26180,94.50,56.79,101.23
26190,94.52,56.90,101.23
26200,94.53,56.98,101.23
26210,94.54,57.04,101.23
26220,94.55,57.13,101.23
26230,94.57,56.85,101.23
26240,94.60,56.96,101.23
26250,94.62,57.01,101.23
26260,94.64,57.03,101.23
26270,94.65,57.16,101.23
26280,94.66,57.32,101.23
26290,94.67,57.38,101.23
26300,94.69,57.30,101.23
26310,94.70,57.37,101.23
26320,94.71,57.39,101.23
26330,94.73,57.33,101.23
26340,94.75,57.34,101.23
26350,94.77,57.35,101.23
26360,94.80,57.23,101.23
26370,94.81,57.50,101.23
26380,94.84,57.34,101.23
26390,94.86,57.34,101.23
26400,94.88,57.49,101.23
26410,94.92,57.22,101.23
26420,94.95,57.32,101.23
26430,94.98,57.33,101.23
26440,95.03,57.15,101.23
26450,95.06,57.27,101.23
26460,95.10,57.29,101.23
26470,95.15,57.03,101.23
26480,95.19,57.30,101.23
26490,95.24,57.06,101.23
26500,95.29,57.00,101.23
26510,95.34,57.05,101.23
26520,95.41,56.84,101.23
26530,95.46,56.94,101.23
26540,95.52,57.00,101.23
26550,95.59,56.77,101.23
26560,95.65,56.87,101.23
26570,95.71,56.85,101.23
26580,95.78,56.66,101.23
26590,95.84,56.82,101.23
26600,95.91,56.71,101.23
26610,95.98,56.70,101.23
26620,96.05,56.76,101.23
26630,96.12,56.58,101.23
26640,96.19,56.66,101.23
26650,96.27,56.61,101.23
26660,96.34,56.49,101.23
26670,96.42,56.59,101.23
26680,96.49,56.48,101.23
26690,96.57,56.44,101.23
26700,96.65,56.49,101.23
26710,96.72,56.50,101.23
26720,96.80,56.32,101.23
26730,96.88,56.35,101.23
26740,96.96,56.31,101.23
26750,97.04,56.30,101.23
26760,97.13,56.11,101.23
26770,97.22,56.09,101.23
26780,97.32,55.96,101.23
26790,97.41,55.89,101.23
26800,97.51,55.86,101.23
26810,97.61,55.63,101.23
26820,97.71,55.75,101.23
26830,97.81,55.68,101.23
26840,97.91,55.58,101.23
26850,98.01,55.58,101.23
26860,98.12,55.54,101.23
26870,98.22,55.51,101.23
26880,98.31,55.67,101.23
26890,98.40,55.62,101.23
26900,98.48,55.76,101.23
26910,98.56,55.87,101.23
26920,98.64,55.77,101.23
26930,98.71,55.88,101.23
26940,98.78,55.87,101.23
26950,98.86,55.82,101.23
26960,98.93,55.82,101.23
26970,99.01,55.59,101.23
26980,99.09,55.58,101.23
26990,99.18,55.44,101.23
27000,99.27,55.30,101.23
27010,99.35,55.49,101.23
27020,99.43,55.48,101.23
27030,99.50,55.52,101.23
27040,99.57,55.66,101.23
27050,99.64,55.69,101.23
27060,99.69,55.89,101.23
27070,99.74,55.92,101.23
27080,99.79,55.84,101.23
27090,99.84,55.85,101.23
27100,99.91,55.62,101.23
27110,99.97,55.60,101.23
27120,100.03,55.57,101.23
27130,100.10,55.47,101.23
27140,100.16,55.54,101.23
27150,100.21,55.56,101.23
27160,100.27,55.52,101.23
27170,100.32,55.73,101.23
27180,100.36,55.84,101.23
27190,100.40,55.90,101.23
27200,100.43,55.99,101.23
27210,100.46,55.97,101.23
27220,100.49,55.96,101.23
27230,100.53,55.84,101.23
27240,100.58,55.71,101.23
27250,100.61,55.77,101.23
27260,100.66,55.63,101.23
27270,100.70,55.61,101.23
27280,100.74,55.73,101.23
27290,100.78,55.74,101.23
27300,100.80,56.02,101.23
27310,100.82,56.10,101.23
27320,100.82,56.29,101.23
27330,100.83,56.30,101.23
27340,100.85,56.15,101.23
27350,100.85,56.35,101.23
27360,100.86,56.35,101.23
27370,100.86,56.39,101.23
27380,100.86,56.43,101.23
27390,100.88,55.99,101.23
27400,100.90,55.98,101.23
27410,100.92,56.06,101.23
27420,100.93,56.11,101.23
27430,100.95,56.18,101.23
27440,100.95,56.33,101.23
27450,100.95,56.39,101.23
27460,100.95,56.46,101.23
27470,100.94,56.56,101.23
27480,100.93,56.56,101.23
27490,100.93,56.57,101.23
27500,100.92,56.55,101.23
27510,100.92,56.51,101.23
27520,100.92,56.43,101.23
27530,100.92,56.39,101.23
27540,100.92,56.38,101.23
27550,100.93,56.21,101.23
27560,100.94,56.22,101.23
27570,100.96,56.17,101.23
27580,100.97,56.19,101.23
27590,100.98,56.23,101.23
27600,100.98,56.32,101.23
27610,100.98,56.46,101.23
27620,100.98,56.47,101.23
27630,100.97,56.56,101.23
27640,100.96,56.59,101.23
27650,100.95,56.64,101.23
27660,100.94,56.62,101.23
27670,100.93,56.63,101.23
27680,100.93,56.58,101.23
27690,100.92,56.58,101.23
27700,100.93,56.42,101.23
27710,100.93,56.42,101.23
27720,100.93,56.35,101.23
27730,100.94,56.27,101.23
27740,100.95,56.31,101.23
27750,100.96,56.17,101.23
27760,100.98,56.16,101.23
27770,100.99,56.16,101.23
27780,101.01,56.09,101.23
27790,101.02,56.15,101.23
27800,101.03,56.22,101.23
27810,101.05,56.18,101.23
27820,101.05,56.40,101.23
27830,101.04,56.45,101.23
27840,101.04,56.50,101.23
27850,101.03,56.57,101.23
27860,101.02,56.65,101.23
27870,101.01,56.62,101.23
27880,101.00,56.67,101.23
27890,101.00,56.58,101.23
27900,100.99,56.62,101.23
27910,100.98,56.57,101.23
27920,100.98,56.46,101.23
27930,100.99,56.41,101.23
27940,100.99,56.39,101.23
27950,101.00,56.29,101.23
27960,101.01,56.30,101.23
27970,101.02,56.20,101.23
27980,101.03,56.23,101.23
27990,101.04,56.14,101.23
28000,101.06,56.06,101.23
28010,101.08,3.23,10.42
28020,101.09,2.63,10.42
28030,101.08,2.45,10.42
28040,101.12,0.96,10.42
28050,101.11,1.34,10.42
28060,101.07,1.32,10.42
28070,100.98,1.70,10.42
28080,100.83,2.48,10.42
28090,100.64,2.64,10.42
28100,100.41,3.21,10.42
28110,100.13,3.52,10.42
28120,99.79,4.56,10.42
28130,99.39,5.35,10.42
28140,98.94,5.91,10.42
28150,98.45,6.50,10.42
28160,97.94,6.55,10.42
28170,97.38,7.22,10.42
28180,96.78,8.01,10.42
28190,96.13,8.65,10.42
28200,95.43,9.45,10.42
28210,94.69,10.24,10.42
28220,93.90,11.02,10.42
28230,93.07,11.83,10.42
28240,92.20,12.65,10.42
28250,91.29,13.42,10.42
28260,90.33,14.40,10.42
28270,89.32,15.31,10.42
28280,88.27,16.48,10.42
28290,87.16,17.62,10.42
28300,86.02,18.41,10.42
28310,84.83,19.59,10.42
28320,83.60,20.70,10.42
28330,82.32,21.76,10.42
28340,81.01,22.77,10.42
28350,79.64,24.27,10.42
28360,78.24,25.38,10.42
28370,76.78,26.74,10.42
28380,75.28,28.16,10.42
28390,73.78,28.65,10.42
28400,72.20,30.55,10.42
28410,70.59,31.73,10.42
28420,69.00,31.94,10.42
28430,67.30,34.65,10.42
28440,65.52,37.01,10.42
28450,63.71,38.24,10.42
28460,61.88,39.34,10.42
28470,60.04,40.33,10.42
28480,58.13,42.49,10.42
28490,56.21,43.35,10.42
28500,54.23,45.45,10.42
28510,52.24,46.61,10.42
28520,50.24,47.71,10.42
28530,48.20,49.44,10.42
28540,46.16,50.39,10.42
28550,44.06,52.40,10.42
28560,41.95,53.79,10.42
28570,39.85,54.53,10.42
28580,37.77,55.20,10.42
28590,35.68,56.28,10.42
28600,33.62,56.81,10.42
28610,31.56,57.87,10.42
28620,29.54,58.19,10.42
28630,27.52,59.09,10.42
28640,25.53,59.61,10.42
28650,23.60,59.41,10.42
28660,21.70,59.87,10.42
28670,19.82,60.49,10.42
28680,17.97,60.76,10.42
28690,16.17,61.00,10.42
28700,14.41,61.08,10.42
28710,12.71,60.82,10.42
28720,11.06,60.66,10.42
28730,9.48,60.25,10.42
28740,7.98,59.66,10.42
28750,6.55,58.92,10.42
28760,5.22,57.96,10.42
28770,3.96,57.13,10.42
28780,2.76,56.83,10.42
28790,1.59,56.73,10.42
28800,0.47,56.55,10.42
28810,-0.59,56.09,10.42
28820,-1.58,55.40,10.42
28830,-2.51,54.61,10.42
28840,-3.36,53.71,10.42
28850,-4.12,52.59,10.42
28860,-4.82,51.70,10.42
28870,-5.45,50.80,10.42
28880,-6.01,49.93,10.42
28890,-6.52,49.08,10.42
28900,-6.95,48.10,10.42
28910,-7.31,47.02,10.42
28920,-7.59,45.59,10.42
28930,-7.79,44.28,10.42
28940,-7.95,43.57,10.42
28950,-8.07,43.11,10.42
28960,-8.11,41.70,10.42
28970,-8.11,40.92,10.42
28980,-8.06,40.01,10.42
28990,-7.94,38.76,10.42
29000,-7.80,38.14,10.42
29010,-7.61,37.37,10.42
29020,-7.36,36.08,10.42
29030,-7.08,35.60,10.42
29040,-6.78,35.01,10.42
29050,-6.44,34.03,10.42
29060,-6.04,32.79,10.42
29070,-5.59,31.78,10.42
29080,-5.11,30.87,10.42
29090,-4.62,30.40,10.42
29100,-4.08,29.36,10.42
29110,-3.52,28.67,10.42
29120,-2.95,28.22,10.42
29130,-2.38,27.88,10.42
29140,-1.80,27.55,10.42
29150,-1.19,26.50,10.42
29160,-0.56,25.96,10.42
29170,0.09,25.30,10.42
29180,0.77,24.31,10.42
29190,1.45,24.00,10.42
29200,2.16,23.15,10.42
29210,2.86,22.80,10.42
29220,3.58,22.18,10.42
29230,4.29,21.77,10.42
29240,5.03,20.96,10.42
29250,5.76,20.73,10.42
29260,6.51,20.06,10.42
29270,7.27,19.40,10.42
29280,8.02,19.04,10.42
29290,8.77,18.75,10.42
29300,9.51,18.45,10.42
29310,10.24,18.27,10.42
29320,10.99,17.30,10.42
29330,11.75,16.77,10.42
29340,12.50,16.68,10.42
29350,13.24,16.27,10.42
29360,13.97,16.06,10.42
29370,14.69,15.79,10.42
29380,15.42,15.08,10.42
29390,16.14,14.83,10.42
29400,16.86,14.55,10.42
29410,17.54,14.73,10.42
29420,18.21,14.55,10.42
29430,18.89,13.97,10.42
29440,19.56,13.66,10.42
29450,20.20,13.87,10.42
29460,20.84,13.28,10.42
29470,21.48,13.13,10.42
29480,22.08,13.23,10.42
29490,22.66,13.31,10.42
29500,23.26,12.52,10.42
29510,23.81,13.08,10.42
29520,24.36,12.69,10.42
29530,24.88,12.81,10.42
29540,25.37,13.20,10.42
29550,25.86,12.70,10.42
29560,26.34,12.50,10.42
29570,26.78,12.87,10.42
29580,27.19,13.19,10.42
29590,27.60,12.98,10.42
29600,27.96,13.36,10.42
29610,28.32,13.28,10.42
29620,28.65,13.57,10.42
29630,28.96,13.61,10.42
29640,29.25,13.64,10.42
29650,29.51,13.95,10.42
29660,29.76,14.03,10.42
29670,29.98,14.33,10.42
29680,30.18,14.37,10.42
29690,30.36,14.61,10.42
29700,30.54,14.55,10.42
29710,30.68,14.77,10.42
29720,30.80,15.20,10.42
29730,30.89,15.57,10.42
29740,30.96,15.86,10.42
29750,31.01,15.98,10.42
29760,31.05,16.17,10.42
29770,31.05,16.58,10.42
29780,31.04,17.00,10.42
29790,30.98,17.52,10.42
29800,30.92,17.77,10.42
29810,30.83,18.09,10.42
29820,30.74,18.04,10.42
29830,30.60,18.94,10.42
29840,30.46,18.82,10.42
29850,30.29,19.53,10.42
29860,30.11,19.62,10.42
29870,29.91,20.09,10.42
29880,29.69,20.50,10.42
29890,29.44,21.09,10.42
29900,29.18,21.23,10.42
29910,28.90,21.79,10.42
29920,28.60,22.10,10.42
29930,28.29,22.50,10.42
29940,27.94,23.35,10.42
29950,27.60,23.26,10.42
29960,27.21,24.30,10.42
29970,26.82,24.31,10.42
29980,26.42,24.84,10.42
29990,26.01,25.15,10.42
30000,25.57,25.75,10.42
30010,25.13,26.04,10.42
30020,24.68,26.36,10.42
30030,24.19,27.25,10.42
30040,23.70,27.61,10.42
30050,23.21,27.84,10.42
30060,22.70,28.33,10.42
30070,22.17,28.99,10.42
30080,21.65,28.97,10.42
30090,21.12,29.47,10.42
30100,20.58,29.96,10.42
30110,20.04,30.13,10.42
30120,19.48,30.68,10.42
30130,18.92,31.07,10.42
30140,18.35,31.49,10.42
30150,17.77,32.10,10.42
30160,17.19,32.34,10.42
30170,16.61,32.63,10.42
30180,16.02,33.05,10.42
30190,15.44,33.27,10.42
30200,14.86,33.48,10.42
30210,14.27,33.97,10.42
30220,13.70,34.09,10.42
30230,13.11,34.49,10.42
30240,12.54,34.70,10.42
30250,11.97,34.92,10.42
30260,11.40,35.14,10.42
30270,10.84,35.31,10.42
30280,10.29,35.53,10.42
30290,9.74,35.73,10.42
30300,9.20,35.85,10.42
30310,8.67,36.05,10.42
30320,8.15,36.12,10.42
30330,7.63,36.40,10.42
30340,7.13,36.29,10.42
30350,6.64,36.55,10.42
30360,6.17,36.35,10.42
30370,5.70,36.61,10.42
30380,5.26,36.47,10.42
30390,4.82,36.54,10.42
30400,4.39,36.65,10.42
30410,4.00,36.21,10.42
30420,3.61,36.63,10.42
30430,3.24,36.20,10.42
30440,2.89,36.10,10.42
30450,2.55,36.37,10.42
30460,2.23,35.94,10.42
30470,1.94,35.74,10.42
30480,1.64,36.02,10.42
30490,1.39,35.39,10.42
30500,1.15,35.30,10.42
30510,0.92,35.41,10.42
30520,0.72,34.88,10.42
30530,0.53,34.73,10.42
30540,0.36,34.76,10.42
30550,0.22,34.15,10.42
30560,0.10,33.98,10.42
30570,-0.02,33.96,10.42
30580,-0.09,33.22,10.42
30590,-0.16,33.28,10.42
30600,-0.22,33.14,10.42
30610,-0.24,32.55,10.42
30620,-0.25,32.31,10.42
30630,-0.24,32.07,10.42
30640,-0.21,31.55,10.42
30650,-0.17,31.56,10.42
30660,-0.10,30.94,10.42
30670,-0.03,31.02,10.42
30680,0.07,30.38,10.42
30690,0.17,30.24,10.42
30700,0.30,29.94,10.42
30710,0.43,29.74,10.42
30720,0.59,29.08,10.42
30730,0.75,29.18,10.42
30740,0.93,28.58,10.42
30750,1.13,28.30,10.42
30760,1.34,27.97,10.42
30770,1.56,27.61,10.42
30780,1.79,27.40,10.42
30790,2.03,27.18,10.42
30800,2.29,26.68,10.42
30810,2.54,26.67,10.42
30820,2.81,26.40,10.42
30830,3.08,26.01,10.42
30840,3.36,25.97,10.42
30850,3.65,25.36,10.42
30860,3.96,25.11,10.42
30870,4.27,24.83,10.42
30880,4.56,24.96,10.42
30890,4.88,24.38,10.42
30900,5.19,24.38,10.42
30910,5.51,24.17,10.42
30920,5.82,23.99,10.42
30930,6.14,23.75,10.42
30940,6.47,23.44,10.42
30950,6.78,23.61,10.42
30960,7.10,23.34,10.42
30970,7.42,23.03,10.42
30980,7.74,22.96,10.42
30990,8.07,22.68,10.42
31000,8.38,22.71,10.42
31010,8.70,22.51,10.42
31020,9.01,22.34,10.42
31030,9.33,22.10,10.42
31040,9.64,22.08,10.42
31050,9.96,21.82,10.42
31060,10.25,22.23,10.42
31070,10.53,22.14,10.42
31080,10.81,21.95,10.42
31090,11.10,21.81,10.42
31100,11.40,21.29,10.42
31110,11.69,21.27,10.42
31120,11.97,21.33,10.42
31130,12.24,21.35,10.42
31140,12.51,21.27,10.42
31150,12.78,20.98,10.42
31160,13.04,20.99,10.42
31170,13.28,21.29,10.42
31180,13.53,21.03,10.42
31190,13.77,21.03,10.42
31200,14.00,21.04,10.42
31210,14.22,21.02,10.42
31220,14.42,21.25,10.42
31230,14.63,20.97,10.42
31240,14.82,21.32,10.42
31250,15.00,21.28,10.42
31260,15.19,21.01,10.42
31270,15.36,21.19,10.42
31280,15.52,21.44,10.42
31290,15.66,21.59,10.42
31300,15.79,21.70,10.42
31310,15.91,21.67,10.42
31320,16.04,21.60,10.42
31330,16.15,21.63,10.42
31340,16.24,22.08,10.42
31350,16.34,21.93,10.42
31360,16.42,21.99,10.42
31370,16.49,22.23,10.42
31380,16.59,21.57,10.42
31390,16.64,22.31,10.42
31400,16.70,22.15,10.42
31410,16.74,22.64,10.42
31420,16.77,22.69,10.42
31430,16.77,23.03,10.42
31440,16.77,23.26,10.42
31450,16.77,23.17,10.42
31460,16.76,23.31,10.42
31470,16.73,23.55,10.42
31480,16.70,23.67,10.42
31490,16.67,23.51,10.42
31500,16.63,23.77,10.42
31510,16.58,24.07,10.42
31520,16.52,24.19,10.42
31530,16.45,24.43,10.42
31540,16.37,24.55,10.42
31550,16.27,24.87,10.42
31560,16.18,24.86,10.42
31570,16.07,25.33,10.42
31580,15.98,24.89,10.42
31590,15.86,25.32,10.42
31600,15.75,25.46,10.42
31610,15.62,25.66,10.42
31620,15.47,26.16,10.42
31630,15.33,26.17,10.42
31640,15.16,26.61,10.42
31650,15.02,26.32,10.42
31660,14.87,26.43,10.42
31670,14.69,27.04,10.42
31680,14.51,27.06,10.42
31690,14.33,27.32,10.42
31700,14.16,27.18,10.42
31710,13.99,27.21,10.42
31720,13.81,27.43,10.42
31730,13.63,27.62,10.42
31740,13.43,27.94,10.42
31750,13.24,27.93,10.42
31760,13.05,28.10,10.42
31770,12.85,28.45,10.42
31780,12.64,28.54,10.42
31790,12.43,28.73,10.42
31800,12.21,29.06,10.42
31810,12.01,28.89,10.42
31820,11.79,29.29,10.42
31830,11.56,29.53,10.42
31840,11.35,29.38,10.42
31850,11.15,29.31,10.42
31860,10.95,29.29,10.42
31870,10.73,30.00,10.42
31880,10.52,29.62,10.42
31890,10.31,29.98,10.42
31900,10.13,29.44,10.42
31910,9.92,30.15,10.42
31920,9.75,29.54,10.42
31930,9.56,29.87,10.42
31940,9.37,30.05,10.42
31950,9.18,30.27,10.42
31960,8.99,30.26,10.42
31970,8.81,30.35,10.42
31980,8.63,30.23,10.42
31990,8.48,29.98,10.42
32000,8.32,30.11,10.42
32010,8.17,48.32,41.62
32020,8.02,48.48,41.62
32030,7.87,48.86,41.62
32040,7.73,48.99,41.62
32050,7.59,49.22,41.62
32060,7.49,48.80,41.62
32070,7.40,48.75,41.62
32080,7.33,48.80,41.62
32090,7.28,48.57,41.62
32100,7.25,48.36,41.62
32110,7.24,48.21,41.62
32120,7.25,48.18,41.62
32130,7.28,47.78,41.62
32140,7.35,47.18,41.62
32150,7.44,47.21,41.62
32160,7.57,46.36,41.62
32170,7.73,45.82,41.62
32180,7.91,45.73,41.62
32190,8.14,44.69,41.62
32200,8.38,44.56,41.62
32210,8.65,44.07,41.62
32220,8.97,43.24,41.62
32230,9.29,43.01,41.62
32240,9.66,42.21,41.62
32250,10.07,41.38,41.62
32260,10.47,41.32,41.62
32270,10.92,40.54,41.62
32280,11.40,39.75,41.62
32290,11.89,39.38,41.62
32300,12.40,39.13,41.62
32310,12.92,38.50,41.62
32320,13.50,37.44,41.62
32330,14.09,36.87,41.62
32340,14.70,36.50,41.62
32350,15.31,36.17,41.62
32360,15.93,35.85,41.62
32370,16.56,35.35,41.62
32380,17.21,34.95,41.62
32390,17.88,34.13,41.62
32400,18.57,33.45,41.62
32410,19.28,33.07,41.62
32420,19.98,32.80,41.62
32430,20.65,33.17,41.62
32440,21.31,33.03,41.62
32450,22.00,32.27,41.62
32460,22.67,32.44,41.62
32470,23.34,32.15,41.62
32480,24.02,31.77,41.62
32490,24.68,31.63,41.62
32500,25.35,31.32,41.62
32510,26.03,30.97,41.62
32520,26.68,31.07,41.62
32530,27.34,30.77,41.62
32540,27.98,30.85,41.62
32550,28.62,30.53,41.62
32560,29.23,30.67,41.62
32570,29.85,30.39,41.62
32580,30.45,30.55,41.62
32590,31.05,30.33,41.62
32600,31.63,30.31,41.62
32610,32.19,30.46,41.62
32620,32.74,30.39,41.62
32630,33.28,30.40,41.62
32640,33.80,30.54,41.62
32650,34.31,30.51,41.62
32660,34.80,30.68,41.62
32670,35.27,30.74,41.62
32680,35.73,30.80,41.62
32690,36.17,30.99,41.62
32700,36.59,31.22,41.62
32710,37.00,31.19,41.62
32720,37.39,31.31,41.62
32730,37.76,31.67,41.62
32740,38.11,31.69,41.62
32750,38.45,31.87,41.62
32760,38.76,32.25,41.62
32770,39.06,32.29,41.62
32780,39.34,32.68,41.62
32790,39.60,32.76,41.62
32800,39.84,33.08,41.62
32810,40.07,33.27,41.62
32820,40.26,33.85,41.62
32830,40.45,33.78,41.62
32840,40.60,34.40,41.62
32850,40.75,34.40,41.62
32860,40.88,34.80,41.62
32870,40.98,35.25,41.62
32880,41.08,35.43,41.62
32890,41.14,35.95,41.62
32900,41.20,36.02,41.62
32910,41.23,36.59,41.62
32920,41.25,36.69,41.62
32930,41.24,37.25,41.62
32940,41.23,37.54,41.62
32950,41.19,37.98,41.62
32960,41.13,38.29,41.62
32970,41.07,38.61,41.62
32980,40.98,39.08,41.62
32990,40.90,39.06,41.62
33000,40.79,39.62,41.62
33010,40.66,40.00,41.62
33020,40.55,39.93,41.62
33030,40.41,40.41,41.62
33040,40.25,41.11,41.62
33050,40.08,41.27,41.62
33060,39.92,41.25,41.62
33070,39.75,41.51,41.62
33080,39.55,42.11,41.62
33090,39.34,42.70,41.62
33100,39.12,42.81,41.62
33110,38.92,42.78,41.62
33120,38.69,43.24,41.62
33130,38.47,43.37,41.62
33140,38.27,43.08,41.62
33150,38.07,43.30,41.62
33160,37.88,43.26,41.62
33170,37.68,43.51,41.62
33180,37.47,43.80,41.62
33190,37.26,44.03,41.62
33200,37.05,44.21,41.62
33210,36.83,44.44,41.62
33220,36.61,44.75,41.62
33230,36.37,45.09,41.62
33240,36.15,45.08,41.62
33250,35.94,44.94,41.62
33260,35.75,44.70,41.62
33270,35.56,44.85,41.62
33280,35.38,44.99,41.62
33290,35.18,45.28,41.62
33300,35.00,45.13,41.62
33310,34.83,45.07,41.62
33320,34.67,44.93,41.62
33330,34.51,45.09,41.62
33340,34.36,45.23,41.62
33350,34.22,45.03,41.62
33360,34.09,44.87,41.62
33370,33.96,45.04,41.62
33380,33.83,45.10,41.62
33390,33.72,44.91,41.62
33400,33.63,44.66,41.62
33410,33.54,44.79,41.62
33420,33.45,44.80,41.62
33430,33.37,44.57,41.62
33440,33.32,44.36,41.62
33450,33.26,44.32,41.62
33460,33.21,44.48,41.62
33470,33.17,44.16,41.62
33480,33.15,43.92,41.62
33490,33.13,44.04,41.62
33500,33.11,44.00,41.62
33510,33.11,43.71,41.62
33520,33.12,43.57,41.62
33530,33.15,43.23,41.62
33540,33.17,43.58,41.62
33550,33.20,43.31,41.62
33560,33.24,42.95,41.62
33570,33.29,43.08,41.62
33580,33.33,43.04,41.62
33590,33.39,42.81,41.62
33600,33.47,42.46,41.62
33610,33.54,42.58,41.62
33620,33.61,42.65,41.62
33630,33.69,42.38,41.62
33640,33.79,42.05,41.62
33650,33.90,41.95,41.62
33660,34.00,42.05,41.62
33670,34.09,42.20,41.62
33680,34.18,42.15,41.62
33690,34.29,41.74,41.62
33700,34.41,41.56,41.62
33710,34.53,41.58,41.62
33720,34.64,41.79,41.62
33730,34.75,41.78,41.62
33740,34.86,41.58,41.62
33750,34.99,41.26,41.62
33760,35.13,41.04,41.62
33770,35.26,41.13,41.62
33780,35.39,41.18,41.62
33790,35.51,41.42,41.62
33800,35.63,41.32,41.62
33810,35.75,41.23,41.62
33820,35.88,41.02,41.62
33830,36.02,40.85,41.62
33840,36.16,40.80,41.62
33850,36.30,40.76,41.62
33860,36.42,41.01,41.62
33870,36.53,41.19,41.62
33880,36.64,41.14,41.62
33890,36.76,41.17,41.62
33900,36.87,41.05,41.62
33910,36.99,40.98,41.62
33920,37.11,40.83,41.62
33930,37.23,40.74,41.62
33940,37.35,40.74,41.62
33950,37.48,40.69,41.62
33960,37.60,40.62,41.62
33970,37.71,40.86,41.62
33980,37.82,40.94,41.62
33990,37.91,41.00,41.62
34000,38.00,41.23,41.62
34010,38.08,41.27,41.62
34020,38.16,41.35,41.62
34030,38.24,41.39,41.62
34040,38.32,41.30,41.62
34050,38.40,41.30,41.62
34060,38.48,41.17,41.62
34070,38.56,41.16,41.62
34080,38.64,41.14,41.62
34090,38.72,41.17,41.62
34100,38.80,41.13,41.62
34110,38.88,41.12,41.62
34120,38.95,41.24,41.62
34130,39.01,41.45,41.62
34140,39.06,41.64,41.62
34150,39.10,41.85,41.62
34160,39.13,41.99,41.62
34170,39.15,42.19,41.62
34180,39.17,42.20,41.62
34190,39.20,42.19,41.62
34200,39.22,42.22,41.62
34210,39.24,42.17,41.62
34220,39.27,42.04,41.62
34230,39.30,42.10,41.62
34240,39.33,42.13,41.62
34250,39.34,42.31,41.62
34260,39.35,42.49,41.62
34270,39.35,42.64,41.62
34280,39.34,42.88,41.62
34290,39.33,43.04,41.62
34300,39.31,43.04,41.62
34310,39.31,42.88,41.62
34320,39.30,42.96,41.62
34330,39.29,42.94,41.62
34340,39.29,42.86,41.62
34350,39.28,42.95,41.62
34360,39.27,43.10,41.62
34370,39.25,43.27,41.62
34380,39.23,43.39,41.62
34390,39.21,43.33,41.62
34400,39.19,43.31,41.62
34410,39.18,43.12,41.62
34420,39.18,43.06,41.62
34430,39.17,43.22,41.62
34440,39.16,43.40,41.62
34450,39.13,43.57,41.62
34460,39.11,43.45,41.62
34470,39.10,43.45,41.62
34480,39.10,43.10,41.62
34490,39.11,43.09,41.62
34500,39.10,43.22,41.62
34510,39.09,43.49,41.62
34520,39.07,43.56,41.62
34530,39.07,43.43,41.62
34540,39.07,43.16,41.62
34550,39.08,43.05,41.62
34560,39.08,43.29,41.62
34570,39.07,43.49,41.62
34580,39.06,43.56,41.62
34590,39.06,43.44,41.62
34600,39.07,43.20,41.62
34610,39.08,43.07,41.62
34620,39.09,43.25,41.62
34630,39.09,43.36,41.62
34640,39.10,43.38,41.62
34650,39.11,43.25,41.62
34660,39.12,43.24,41.62
34670,39.13,43.17,41.62
34680,39.13,43.43,41.62
34690,39.14,43.32,41.62
34700,39.14,43.47,41.62
34710,39.16,43.22,41.62
34720,39.18,43.14,41.62
34730,39.19,43.23,41.62
34740,39.19,43.44,41.62
34750,39.19,43.64,41.62
34760,39.20,43.46,41.62
34770,39.21,43.21,41.62
34780,39.23,43.24,41.62
34790,39.23,43.54,41.62
34800,39.23,43.77,41.62
34810,39.23,43.63,41.62
34820,39.23,43.47,41.62
34830,39.25,43.37,41.62
34840,39.26,43.49,41.62
34850,39.26,43.67,41.62
34860,39.26,43.72,41.62
34870,39.26,43.59,41.62
34880,39.28,43.33,41.62
34890,39.30,43.39,41.62
34900,39.29,43.85,41.62
34910,39.29,43.82,41.62
34920,39.29,43.65,41.62
34930,39.30,43.64,41.62
34940,39.30,43.82,41.62
34950,39.29,43.92,41.62
34960,39.29,43.81,41.62
34970,39.29,43.85,41.62
34980,39.30,43.67,41.62
34990,39.31,43.74,41.62
35000,39.30,43.93,41.62
35010,39.30,43.99,41.62
35020,39.31,43.80,41.62
35030,39.31,43.75,41.62
35040,39.31,44.00,41.62
35050,39.30,44.16,41.62
35060,39.31,43.83,41.62
35070,39.32,43.77,41.62
35080,39.32,43.86,41.62
35090,39.33,43.97,41.62
35100,39.32,44.12,41.62
35110,39.32,44.03,41.62
35120,39.33,43.91,41.62
35130,39.33,44.06,41.62
35140,39.32,44.17,41.62
35150,39.32,44.11,41.62
35160,39.33,44.05,41.62
35170,39.34,43.81,41.62
35180,39.35,44.06,41.62
35190,39.34,44.27,41.62
35200,39.34,44.25,41.62
35210,39.34,44.06,41.62
35220,39.36,43.88,41.62
35230,39.36,44.13,41.62
35240,39.36,44.30,41.62
35250,39.36,44.11,41.62
35260,39.37,44.09,41.62
35270,39.38,44.10,41.62
35280,39.37,44.35,41.62
35290,39.37,44.28,41.62
35300,39.39,43.99,41.62
35310,39.40,43.99,41.62
35320,39.40,44.42,41.62
35330,39.39,44.51,41.62
35340,39.39,44.29,41.62
35350,39.41,44.03,41.62
35360,39.41,44.27,41.62
35370,39.41,44.41,41.62
35380,39.41,44.30,41.62
35390,39.42,44.16,41.62
35400,39.42,44.41,41.62
35410,39.43,44.31,41.62
35420,39.44,44.26,41.62
35430,39.45,44.32,41.62
35440,39.46,44.18,41.62
35450,39.46,44.53,41.62
35460,39.46,44.47,41.62
35470,39.47,44.16,41.62
35480,39.48,44.30,41.62
35490,39.48,44.57,41.62
35500,39.49,44.31,41.62
35510,39.51,44.12,41.62
35520,39.51,44.44,41.62
35530,39.51,44.58,41.62
35540,39.51,44.52,41.62
35550,39.54,44.08,41.62
35560,39.55,44.31,41.62
35570,39.55,44.59,41.62
35580,39.56,44.42,41.62
35590,39.57,44.40,41.62
35600,39.58,44.28,41.62
35610,39.59,44.49,41.62
35620,39.59,44.60,41.62
35630,39.61,44.19,41.62
35640,39.63,44.30,41.62
35650,39.64,44.39,41.62
35660,39.64,44.67,41.62
35670,39.65,44.42,41.62
35680,39.68,44.14,41.62
35690,39.69,44.50,41.62
35700,39.69,44.53,41.62
35710,39.71,44.39,41.62
35720,39.74,44.14,41.62
35730,39.75,44.44,41.62
35740,39.75,44.56,41.62
35750,39.77,44.35,41.62
35760,39.79,44.31,41.62
35770,39.80,44.40,41.62
35780,39.81,44.51,41.62
35790,39.83,44.47,41.62
35800,39.85,44.18,41.62
35810,39.87,44.36,41.62
35820,39.88,44.50,41.62
35830,39.90,44.36,41.62
35840,39.92,44.22,41.62
35850,39.94,44.40,41.62
35860,39.94,44.56,41.62
35870,39.97,44.29,41.62
35880,39.99,44.30,41.62
35890,40.00,44.45,41.62
35900,40.01,44.46,41.62
35910,40.04,44.26,41.62
35920,40.06,44.27,41.62
35930,40.07,44.48,41.62
35940,40.08,44.48,41.62
35950,40.10,44.35,41.62
35960,40.12,44.38,41.62
35970,40.13,44.39,41.62
35980,40.14,44.67,41.62
35990,40.16,44.32,41.62
36000,40.18,44.20,41.62
36010,40.19,87.12,114.63
36020,40.20,87.55,114.63
36030,40.18,88.66,114.63
36040,40.18,88.80,114.63
36050,40.20,88.89,114.63
36060,40.23,89.08,114.63
36070,40.30,88.78,114.63
36080,40.43,87.90,114.63
36090,40.48,90.12,114.63
36100,40.68,87.41,114.63
36110,40.83,88.79,114.63
36120,41.11,86.65,114.63
36130,41.48,85.02,114.63
36140,41.90,84.19,114.63
36150,42.39,83.17,114.63
36160,42.95,81.76,114.63
36170,43.60,80.23,114.63
36180,44.32,78.79,114.63
36190,45.07,78.11,114.63
36200,45.85,77.59,114.63
36210,46.65,77.24,114.63
36220,47.54,75.41,114.63
36230,48.53,73.20,114.63
36240,49.66,70.21,114.63
36250,50.89,67.94,114.63
36260,52.19,66.10,114.63
36270,53.55,64.59,114.63
36280,54.95,63.33,114.63
36290,56.43,61.33,114.63
36300,57.97,59.72,114.63
36310,59.52,58.85,114.63
36320,61.06,58.40,114.63
36330,62.63,57.39,114.63
36340,64.35,53.84,114.63
36350,66.02,54.11,114.63
36360,67.76,51.88,114.63
36370,69.50,51.31,114.63
36380,71.32,48.99,114.63
36390,73.07,49.58,114.63
36400,74.90,47.37,114.63
36410,76.76,45.77,114.63
36420,78.60,45.24,114.63
36430,80.45,44.45,114.63
36440,82.30,43.57,114.63
36450,84.14,42.76,114.63
36460,85.96,42.28,114.63
36470,87.78,41.67,114.63
36480,89.59,40.75,114.63
36490,91.40,40.03,114.63
36500,93.16,39.98,114.63
36510,94.92,39.27,114.63
36520,96.64,39.00,114.63
36530,98.35,38.53,114.63
36540,100.02,38.25,114.63
36550,101.67,38.00,114.63
36560,103.27,38.09,114.63
36570,104.85,37.70,114.63
36580,106.38,37.75,114.63
36590,107.86,37.86,114.63
36600,109.32,37.57,114.63
36610,110.75,37.39,114.63
36620,112.17,36.96,114.63
36630,113.54,36.84,114.63
36640,114.88,36.90,114.63
36650,116.18,36.88,114.63
36660,117.44,36.96,114.63
36670,118.66,36.92,114.63
36680,119.86,36.76,114.63
36690,121.02,36.62,114.63
36700,122.17,36.33,114.63
36710,123.29,36.15,114.63
36720,124.37,36.33,114.63
36730,125.39,36.73,114.63
36740,126.37,36.92,114.63
36750,127.32,36.93,114.63
36760,128.25,36.67,114.63
36770,129.16,36.57,114.63
36780,130.02,36.84,114.63
36790,130.83,37.25,114.63
36800,131.61,37.32,114.63
36810,132.37,37.21,114.63
36820,133.11,37.05,114.63
36830,133.82,37.21,114.63
36840,134.48,37.56,114.63
36850,135.10,37.94,114.63
36860,135.70,37.82,114.63
36870,136.28,37.66,114.63
36880,136.83,37.80,114.63
36890,137.35,38.15,114.63
36900,137.82,38.42,114.63
36910,138.29,38.25,114.63
36920,138.74,38.06,114.63
36930,139.17,38.23,114.63
36940,139.56,38.62,114.63
36950,139.90,39.14,114.63
36960,140.22,39.27,114.63
36970,140.53,39.07,114.63
36980,140.83,38.93,114.63
36990,141.10,39.07,114.63
37000,141.34,39.57,114.63
37010,141.54,40.06,114.63
37020,141.71,40.29,114.63
37030,141.86,40.35,114.63
37040,142.01,40.25,114.63
37050,142.15,40.12,114.63
37060,142.26,40.43,114.63
37070,142.35,40.71,114.63
37080,142.40,41.22,114.63
37090,142.41,41.78,114.63
37100,142.38,42.38,114.63
37110,142.35,42.41,114.63
37120,142.31,42.30,114.63
37130,142.26,42.27,114.63
37140,142.22,42.14,114.63
37150,142.16,42.14,114.63
37160,142.10,42.10,114.63
37170,142.03,42.23,114.63
37180,141.95,42.30,114.63
37190,141.85,42.56,114.63
37200,141.73,42.76,114.63
37210,141.60,42.88,114.63
37220,141.46,43.08,114.63
37230,141.29,43.34,114.63
37240,141.12,43.59,114.63
37250,140.93,43.77,114.63
37260,140.72,44.09,114.63
37270,140.50,44.32,114.63
37280,140.26,44.59,114.63
37290,140.01,44.78,114.63
37300,139.76,44.80,114.63
37310,139.52,44.64,114.63
37320,139.28,44.54,114.63
37330,139.03,44.68,114.63
37340,138.77,45.07,114.63
37350,138.47,45.55,114.63
37360,138.18,45.57,114.63
37370,137.89,45.53,114.63
37380,137.61,45.52,114.63
37390,137.30,45.85,114.63
37400,136.98,46.36,114.63
37410,136.64,46.60,114.63
37420,136.31,46.53,114.63
37430,135.99,46.47,114.63
37440,135.64,47.04,114.63
37450,135.27,47.34,114.63
37460,134.92,47.19,114.63
37470,134.57,47.32,114.63
37480,134.18,48.02,114.63
37490,133.81,47.88,114.63
37500,133.45,47.84,114.63
37510,133.05,48.54,114.63
37520,132.66,48.43,114.63
37530,132.28,48.54,114.63
37540,131.87,49.18,114.63
37550,131.47,48.95,114.63
37560,131.06,49.33,114.63
37570,130.65,49.66,114.63
37580,130.25,49.38,114.63
37590,129.82,50.09,114.63
37600,129.42,49.79,114.63
37610,128.99,50.45,114.63
37620,128.58,50.30,114.63
37630,128.15,50.75,114.63
37640,127.74,50.57,114.63
37650,127.30,51.17,114.63
37660,126.89,50.96,114.63
37670,126.45,51.57,114.63
37680,126.04,51.22,114.63
37690,125.60,51.88,114.63
37700,125.18,51.69,114.63
37710,124.76,52.10,114.63
37720,124.33,52.23,114.63
37730,123.92,51.94,114.63
37740,123.50,52.58,114.63
37750,123.08,52.54,114.63
37760,122.68,52.54,114.63
37770,122.25,53.06,114.63
37780,121.85,52.81,114.63
37790,121.45,52.95,114.63
37800,121.03,53.63,114.63
37810,120.63,53.32,114.63
37820,120.24,53.40,114.63
37830,119.85,53.62,114.63
37840,119.44,54.14,114.63
37850,119.04,54.02,114.63
37860,118.67,53.91,114.63
37870,118.27,54.37,114.63
37880,117.90,54.27,114.63
37890,117.51,54.66,114.63
37900,117.11,55.12,114.63
37910,116.73,55.08,114.63
37920,116.36,54.90,114.63
37930,116.00,55.02,114.63
37940,115.63,55.39,114.63
37950,115.25,55.72,114.63
37960,114.89,55.57,114.63
37970,114.54,55.48,114.63
37980,114.21,55.38,114.63
37990,113.89,55.55,114.63
38000,113.55,55.85,114.63
38010,113.21,56.10,114.63
38020,112.88,56.20,114.63
38030,112.57,56.14,114.63
38040,112.27,55.94,114.63
38050,111.98,55.91,114.63
38060,111.70,55.79,114.63
38070,111.44,55.84,114.63
38080,111.17,55.98,114.63
38090,110.91,56.13,114.63
38100,110.64,56.30,114.63
38110,110.39,56.40,114.63
38120,110.13,56.43,114.63
38130,109.89,56.41,114.63
38140,109.65,56.41,114.63
38150,109.44,56.25,114.63
38160,109.23,56.10,114.63
38170,109.04,56.04,114.63
38180,108.86,55.89,114.63
38190,108.69,55.83,114.63
38200,108.54,55.74,114.63
38210,108.38,55.75,114.63
38220,108.24,55.70,114.63
38230,108.10,55.76,114.63
38240,107.97,55.78,114.63
38250,107.84,55.86,114.63
38260,107.70,55.94,114.63
38270,107.58,55.98,114.63
38280,107.46,55.96,114.63
38290,107.35,55.90,114.63
38300,107.25,55.75,114.63
38310,107.16,55.59,114.63
38320,107.09,55.47,114.63
38330,107.03,55.25,114.63
38340,106.98,55.08,114.63
38350,106.94,54.99,114.63
38360,106.91,54.89,114.63
38370,106.89,54.85,114.63
38380,106.87,54.87,114.63
38390,106.84,54.98,114.63
38400,106.82,55.01,114.63
38410,106.80,55.00,114.63
38420,106.79,54.92,114.63
38430,106.79,54.70,114.63
38440,106.80,54.47,114.63
38450,106.83,54.32,114.63
38460,106.85,54.25,114.63
38470,106.88,54.36,114.63
38480,106.90,54.44,114.63
38490,106.92,54.63,114.63
38500,106.94,54.69,114.63
38510,106.96,54.50,114.63
38520,107.00,54.29,114.63
38530,107.04,54.29,114.63
38540,107.07,54.45,114.63
38550,107.10,54.72,114.63
38560,107.11,54.88,114.63
38570,107.13,54.89,114.63
38580,107.16,54.68,114.63
38590,107.19,54.56,114.63
38600,107.22,54.76,114.63
38610,107.24,55.01,114.63
38620,107.25,55.30,114.63
38630,107.25,55.30,114.63
38640,107.27,55.16,114.63
38650,107.29,55.10,114.63
38660,107.31,55.19,114.63
38670,107.33,55.35,114.63
38680,107.33,55.51,114.63
38690,107.33,55.72,114.63
38700,107.33,55.80,114.63
38710,107.34,55.66,114.63
38720,107.35,55.59,114.63
38730,107.37,55.49,114.63
38740,107.39,55.54,114.63
38750,107.40,55.77,114.63
38760,107.40,55.97,114.63
38770,107.39,56.21,114.63
38780,107.39,56.23,114.63
38790,107.39,56.16,114.63
38800,107.39,56.01,114.63
38810,107.41,55.95,114.63
38820,107.43,55.88,114.63
38830,107.45,55.89,114.63
38840,107.47,56.00,114.63
38850,107.48,56.15,114.63
38860,107.49,56.26,114.63
38870,107.49,56.37,114.63
38880,107.49,56.55,114.63
38890,107.49,56.55,114.63
38900,107.50,56.51,114.63
38910,107.51,56.41,114.63
38920,107.53,56.31,114.63
38930,107.55,56.30,114.63
38940,107.58,56.21,114.63
38950,107.61,56.25,114.63
38960,107.64,56.23,114.63
38970,107.67,56.19,114.63
38980,107.70,56.23,114.63
38990,107.73,56.32,114.63
39000,107.76,56.42,114.63
39010,107.77,56.61,114.63
39020,107.79,56.66,114.63
39030,107.81,56.70,114.63
39040,107.83,56.53,114.63
39050,107.86,56.58,114.63
39060,107.88,56.77,114.63
39070,107.90,56.79,114.63
39080,107.93,56.50,114.63
39090,107.97,56.41,114.63
39100,108.02,56.36,114.63
39110,108.06,56.35,114.63
39120,108.11,56.20,114.63
39130,108.17,56.23,114.63
39140,108.22,56.17,114.63
39150,108.28,56.16,114.63
39160,108.33,56.25,114.63
39170,108.39,56.25,114.63
39180,108.44,56.29,114.63
39190,108.49,56.37,114.63
39200,108.53,56.44,114.63
39210,108.58,56.48,114.63
39220,108.62,56.46,114.63
39230,108.67,56.56,114.63
39240,108.71,56.58,114.63
39250,108.75,56.58,114.63
39260,108.80,56.42,114.63
39270,108.85,56.47,114.63
39280,108.91,56.31,114.63
39290,108.97,56.25,114.63
39300,109.03,56.11,114.63
39310,109.11,55.98,114.63
39320,109.18,55.92,114.63
39330,109.26,55.82,114.63
39340,109.35,55.73,114.63
39350,109.43,55.76,114.63
39360,109.51,55.72,114.63
39370,109.59,55.87,114.63
39380,109.66,55.96,114.63
39390,109.73,55.98,114.63
39400,109.79,56.16,114.63
39410,109.85,56.07,114.63
39420,109.92,56.07,114.63
39430,109.98,56.03,114.63
39440,110.06,55.92,114.63
39450,110.13,55.74,114.63
39460,110.22,55.63,114.63
39470,110.31,55.49,114.63
39480,110.40,55.36,114.63
39490,110.49,55.38,114.63
39500,110.58,55.47,114.63
39510,110.66,55.54,114.63
39520,110.74,55.61,114.63
39530,110.81,55.72,114.63
39540,110.88,55.84,114.63
39550,110.94,55.79,114.63
39560,111.02,55.59,114.63
39570,111.10,55.51,114.63
39580,111.18,55.29,114.63
39590,111.27,55.22,114.63
39600,111.37,55.18,114.63
39610,111.46,55.15,114.63
39620,111.54,55.23,114.63
39630,111.62,55.35,114.63
39640,111.69,55.51,114.63
39650,111.75,55.54,114.63
39660,111.82,55.58,114.63
39670,111.89,55.44,114.63
39680,111.97,55.23,114.63
39690,112.05,55.08,114.63
39700,112.14,54.94,114.63
39710,112.23,54.96,114.63
39720,112.31,55.01,114.63
39730,112.38,55.20,114.63
39740,112.45,55.29,114.63
39750,112.51,55.35,114.63
39760,112.57,55.33,114.63
39770,112.64,55.24,114.63
39780,112.72,55.00,114.63
39790,112.80,54.83,114.63
39800,112.88,54.76,114.63
39810,112.96,54.85,114.63
39820,113.03,55.07,114.63
39830,113.09,55.16,114.63
39840,113.14,55.24,114.63
39850,113.20,55.05,114.63
39860,113.27,55.01,114.63
39870,113.34,54.80,114.63
39880,113.41,54.72,114.63
39890,113.48,54.83,114.63
39900,113.54,55.06,114.63
39910,113.58,55.23,114.63
39920,113.62,55.32,114.63
39930,113.67,55.15,114.63
39940,113.73,54.86,114.63
39950,113.79,54.81,114.63
39960,113.85,54.85,114.63
39970,113.90,54.97,114.63
39980,113.94,55.16,114.63
39990,113.98,55.31,114.63
40000,114.01,55.22,114.63
40010,114.05,28.29,68.57
40020,114.10,27.75,68.57
40030,114.15,27.38,68.57
40040,114.20,27.26,68.57
40050,114.22,27.37,68.57
40060,114.23,27.20,68.57
40070,114.24,27.01,68.57
40080,114.21,27.44,68.57
40090,114.17,27.33,68.57
40100,114.12,27.45,68.57
40110,114.06,27.26,68.57
40120,113.98,27.33,68.57
40130,113.86,27.85,68.57
40140,113.74,27.81,68.57
40150,113.59,28.13,68.57
40160,113.42,28.41,68.57
40170,113.23,28.53,68.57
40180,112.98,29.59,68.57
40190,112.69,30.06,68.57
40200,112.39,30.50,68.57
40210,112.06,30.87,68.57
40220,111.71,31.03,68.57
40230,111.33,31.69,68.57
40240,110.92,32.20,68.57
40250,110.49,32.58,68.57
40260,110.03,33.22,68.57
40270,109.54,33.92,68.57
40280,109.02,34.46,68.57
40290,108.46,35.27,68.57
40300,107.87,35.97,68.57
40310,107.25,36.55,68.57
40320,106.62,37.18,68.57
40330,105.94,38.12,68.57
40340,105.23,38.80,68.57
40350,104.49,39.63,68.57
40360,103.73,40.41,68.57
40370,102.93,41.17,68.57
40380,102.11,42.06,68.57
40390,101.26,42.74,68.57
40400,100.39,43.67,68.57
40410,99.48,44.51,68.57
40420,98.55,45.53,68.57
40430,97.60,46.13,68.57
40440,96.62,46.99,68.57
40450,95.63,47.82,68.57
40460,94.62,48.56,68.57
40470,93.58,49.49,68.57
40480,92.52,50.36,68.57
40490,91.46,50.88,68.57
40500,90.39,51.52,68.57
40510,89.29,52.55,68.57
40520,88.19,53.28,68.57
40530,87.08,53.77,68.57
40540,85.95,54.75,68.57
40550,84.83,55.20,68.57
40560,83.69,56.07,68.57
40570,82.56,56.46,68.57
40580,81.42,57.21,68.57
40590,80.28,57.81,68.57
40600,79.15,58.16,68.57
40610,78.02,58.63,68.57
40620,76.89,59.33,68.57
40630,75.76,59.93,68.57
40640,74.64,60.37,68.57
40650,73.53,60.76,68.57
40660,72.43,61.20,68.57
40670,71.35,61.43,68.57
40680,70.27,61.91,68.57
40690,69.21,62.19,68.57
40700,68.16,62.57,68.57
40710,67.13,62.79,68.57
40720,66.14,62.67,68.57
40730,65.19,62.30,68.57
40740,64.29,61.98,68.57
40750,63.40,62.19,68.57
40760,62.50,63.07,68.57
40770,61.60,63.47,68.57
40780,60.77,62.67,68.57
40790,60.02,61.65,68.57
40800,59.27,62.06,68.57
40810,58.49,63.28,68.57
40820,57.77,62.38,68.57
40830,57.15,61.00,68.57
40840,56.53,61.44,68.57
40850,55.87,62.56,68.57
40860,55.30,61.29,68.57
40870,54.81,59.97,68.57
40880,54.30,60.69,68.57
40890,53.79,61.36,68.57
40900,53.35,60.04,68.57
40910,52.99,58.82,68.57
40920,52.62,59.35,68.57
40930,52.23,60.19,68.57
40940,51.91,59.00,68.57
40950,51.67,57.76,68.57
40960,51.46,57.27,68.57
40970,51.24,57.62,68.57
40980,51.02,58.07,68.57
40990,50.83,57.60,68.57
41000,50.70,56.59,68.57
41010,50.62,55.69,68.57
41020,50.58,55.07,68.57
41030,50.57,54.60,68.57
41040,50.58,54.50,68.57
41050,50.61,54.07,68.57
41060,50.65,53.87,68.57
41070,50.72,53.41,68.57
41080,50.81,53.06,68.57
41090,50.92,52.75,68.57
41100,51.05,52.37,68.57
41110,51.20,51.93,68.57
41120,51.38,51.52,68.57
41130,51.57,51.18,68.57
41140,51.77,51.09,68.57
41150,51.97,50.90,68.57
41160,52.19,50.65,68.57
41170,52.43,50.29,68.57
41180,52.68,49.82,68.57
41190,52.95,49.43,68.57
41200,53.23,49.31,68.57
41210,53.51,49.11,68.57
41220,53.82,48.55,68.57
41230,54.14,48.20,68.57
41240,54.45,48.31,68.57
41250,54.76,48.11,68.57
41260,55.10,47.62,68.57
41270,55.42,47.75,68.57
41280,55.76,47.37,68.57
41290,56.10,47.21,68.57
41300,56.43,47.22,68.57
41310,56.78,46.85,68.57
41320,57.12,46.81,68.57
41330,57.46,46.66,68.57
41340,57.80,46.52,68.57
41350,58.15,46.38,68.57
41360,58.49,46.20,68.57
41370,58.83,46.29,68.57
41380,59.17,46.09,68.57
41390,59.50,46.02,68.57
41400,59.84,45.94,68.57
41410,60.17,45.89,68.57
41420,60.49,45.82,68.57
41430,60.81,45.77,68.57
41440,61.12,45.84,68.57
41450,61.43,45.79,68.57
41460,61.72,46.00,68.57
41470,62.01,46.00,68.57
41480,62.29,46.02,68.57
41490,62.55,46.12,68.57
41500,62.82,46.05,68.57
41510,63.07,46.15,68.57
41520,63.32,46.11,68.57
41530,63.56,46.38,68.57
41540,63.79,46.29,68.57
41550,64.01,46.44,68.57
41560,64.22,46.54,68.57
41570,64.42,46.64,68.57
41580,64.61,46.76,68.57
41590,64.79,46.85,68.57
41600,64.96,47.03,68.57
41610,65.12,47.08,68.57
41620,65.28,47.15,68.57
41630,65.42,47.52,68.57
41640,65.55,47.47,68.57
41650,65.68,47.58,68.57
41660,65.78,47.90,68.57
41670,65.89,47.90,68.57
41680,65.98,48.25,68.57
41690,66.06,48.35,68.57
41700,66.13,48.40,68.57
41710,66.19,48.72,68.57
41720,66.25,48.76,68.57
41730,66.29,49.08,68.57
41740,66.32,49.27,68.57
41750,66.34,49.43,68.57
41760,66.35,49.70,68.57
41770,66.36,49.73,68.57
41780,66.35,50.14,68.57
41790,66.34,50.17,68.57
41800,66.32,50.49,68.57
41810,66.30,50.39,68.57
41820,66.27,50.61,68.57
41830,66.25,50.41,68.57
41840,66.22,50.70,68.57
41850,66.19,50.65,68.57
41860,66.15,51.04,68.57
41870,66.12,50.78,68.57
41880,66.08,51.04,68.57
41890,66.04,51.17,68.57
41900,65.99,51.22,68.57
41910,65.96,51.05,68.57
41920,65.92,51.24,68.57
41930,65.86,51.56,68.57
41940,65.82,51.26,68.57
41950,65.77,51.62,68.57
41960,65.73,51.37,68.57
41970,65.69,51.48,68.57
41980,65.64,51.67,68.57
41990,65.60,51.45,68.57
42000,65.56,51.64,68.57
42010,65.52,51.48,68.57
42020,65.49,51.41,68.57
42030,65.46,51.56,68.57
42040,65.43,51.47,68.57
42050,65.41,51.43,68.57
42060,65.38,51.51,68.57
42070,65.36,51.44,68.57
42080,65.35,51.20,68.57
42090,65.33,51.60,68.57
42100,65.32,51.17,68.57
42110,65.31,51.31,68.57
42120,65.31,51.29,68.57
42130,65.32,50.95,68.57
42140,65.31,51.28,68.57
42150,65.32,51.01,68.57
42160,65.34,50.99,68.57
42170,65.35,51.00,68.57
42180,65.35,51.17,68.57
42190,65.37,50.88,68.57
42200,65.39,51.04,68.57
42210,65.40,51.02,68.57
42220,65.42,50.89,68.57
42230,65.43,51.23,68.57
42240,65.45,50.84,68.57
42250,65.46,51.13,68.57
42260,65.48,51.03,68.57
42270,65.49,51.13,68.57
42280,65.51,51.02,68.57
42290,65.51,51.24,68.57
42300,65.54,51.00,68.57
42310,65.54,51.30,68.57
42320,65.55,51.17,68.57
42330,65.56,51.24,68.57
42340,65.57,51.44,68.57
42350,65.58,51.30,68.57
42360,65.59,51.26,68.57
42370,65.59,51.53,68.57
42380,65.60,51.30,68.57
42390,65.60,51.49,68.57
42400,65.60,51.59,68.57
42410,65.61,51.34,68.57
42420,65.60,51.80,68.57
42430,65.61,51.50,68.57
42440,65.60,51.76,68.57
42450,65.60,51.74,68.57
42460,65.60,51.73,68.57
42470,65.60,51.68,68.57
42480,65.60,51.73,68.57
42490,65.60,51.68,68.57
42500,65.61,51.61,68.57
42510,65.60,51.93,68.57
42520,65.61,51.54,68.57
42530,65.61,51.95,68.57
42540,65.61,51.83,68.57
42550,65.62,51.59,68.57
42560,65.62,51.87,68.57
42570,65.63,51.73,68.57
42580,65.63,51.78,68.57
42590,65.64,51.88,68.57
42600,65.65,51.73,68.57
42610,65.66,51.72,68.57
42620,65.67,51.71,68.57
42630,65.67,51.95,68.57
42640,65.69,51.67,68.57
42650,65.70,51.78,68.57
42660,65.71,51.76,68.57
42670,65.72,51.82,68.57
42680,65.74,51.60,68.57
42690,65.75,51.84,68.57
42700,65.77,51.76,68.57
42710,65.78,51.73,68.57
42720,65.79,51.88,68.57
42730,65.80,51.87,68.57
42740,65.82,51.69,68.57
42750,65.83,51.98,68.57
42760,65.84,51.86,68.57
42770,65.86,51.77,68.57
42780,65.87,51.91,68.57
42790,65.89,51.81,68.57
42800,65.91,51.82,68.57
42810,65.91,52.06,68.57
42820,65.93,51.75,68.57
42830,65.94,51.99,68.57
42840,65.95,52.13,68.57
42850,65.96,51.86,68.57
42860,65.97,52.01,68.57
42870,65.97,52.24,68.57
42880,65.99,52.01,68.57
42890,66.00,51.93,68.57
42900,66.01,52.21,68.57
42910,66.02,52.05,68.57
42920,66.03,52.00,68.57
42930,66.03,52.31,68.57
42940,66.04,52.14,68.57
42950,66.06,52.03,68.57
42960,66.06,52.18,68.57
42970,66.07,52.31,68.57
42980,66.08,52.14,68.57
42990,66.09,52.08,68.57
43000,66.09,52.46,68.57
43010,66.10,52.14,68.57
43020,66.12,52.08,68.57
43030,66.12,52.45,68.57
43040,66.12,52.26,68.57
43050,66.14,52.14,68.57
43060,66.15,52.22,68.57
43070,66.16,52.38,68.57
43080,66.16,52.33,68.57
43090,66.18,52.10,68.57
43100,66.19,52.42,68.57
43110,66.19,52.44,68.57
43120,66.21,52.16,68.57
43130,66.22,52.32,68.57
43140,66.22,52.45,68.57
43150,66.23,52.32,68.57
43160,66.25,52.29,68.57
43170,66.26,52.37,68.57
43180,66.26,52.47,68.57
43190,66.28,52.24,68.57
43200,66.29,52.31,68.57
43210,66.30,52.56,68.57
43220,66.31,52.35,68.57
43230,66.32,52.31,68.57
43240,66.33,52.49,68.57
43250,66.34,52.42,68.57
43260,66.36,52.24,68.57
43270,66.38,52.37,68.57
43280,66.38,52.50,68.57
43290,66.40,52.27,68.57
43300,66.42,52.22,68.57
43310,66.44,52.43,68.57
43320,66.45,52.45,68.57
43330,66.47,52.18,68.57
43340,66.49,52.26,68.57
43350,66.50,52.53,68.57
43360,66.51,52.42,68.57
43370,66.54,52.23,68.57
43380,66.55,52.49,68.57
43390,66.56,52.54,68.57
43400,66.57,52.35,68.57
43410,66.60,52.26,68.57
43420,66.61,52.43,68.57
43430,66.63,52.45,68.57
43440,66.64,52.41,68.57
43450,66.65,52.55,68.57
43460,66.66,52.47,68.57
43470,66.68,52.32,68.57
43480,66.70,52.40,68.57
43490,66.71,52.57,68.57
43500,66.72,52.52,68.57
43510,66.75,52.17,68.57
43520,66.77,52.44,68.57
43530,66.77,52.59,68.57
43540,66.80,52.32,68.57
43550,66.82,52.30,68.57
43560,66.83,52.52,68.57
43570,66.85,52.45,68.57
43580,66.87,52.33,68.57
43590,66.89,52.26,68.57
43600,66.90,52.55,68.57
43610,66.92,52.51,68.57
43620,66.94,52.28,68.57
43630,66.96,52.49,68.57
43640,66.97,52.49,68.57
43650,66.99,52.28,68.57
43660,67.01,52.40,68.57
43670,67.02,52.52,68.57
43680,67.04,52.43,68.57
43690,67.06,52.35,68.57
43700,67.08,52.42,68.57
43710,67.10,52.46,68.57
43720,67.12,52.31,68.57
43730,67.13,52.48,68.57
43740,67.14,52.64,68.57
43750,67.15,52.47,68.57
43760,67.18,52.32,68.57
43770,67.18,52.64,68.57
43780,67.19,52.61,68.57
43790,67.21,52.40,68.57
43800,67.22,52.66,68.57
43810,67.22,52.61,68.57
43820,67.24,52.57,68.57
43830,67.25,52.43,68.57
43840,67.26,52.63,68.57
43850,67.26,52.77,68.57
43860,67.28,52.57,68.57
43870,67.29,52.59,68.57
43880,67.29,52.67,68.57
43890,67.30,52.70,68.57
43900,67.30,52.69,68.57
43910,67.31,52.78,68.57
43920,67.31,52.82,68.57
43930,67.31,52.75,68.57
43940,67.32,52.67,68.57
43950,67.33,52.75,68.57
43960,67.33,52.80,68.57
43970,67.33,52.86,68.57
43980,67.33,52.86,68.57
43990,67.33,52.90,68.57
44000,67.34,52.71,68.57
44010,67.34,80.60,116.36
44020,67.34,81.12,116.36
44030,67.35,81.17,116.36
44040,67.35,81.63,116.36
44050,67.34,82.24,116.36
44060,67.35,82.28,116.36
44070,67.43,80.88,116.36
44080,67.45,82.74,116.36
44090,67.60,80.08,116.36
44100,67.71,81.32,116.36
44110,67.86,80.72,116.36
44120,68.12,78.58,116.36
44130,68.43,77.88,116.36
44140,68.73,78.04,116.36
44150,69.06,77.65,116.36
44160,69.42,77.19,116.36
44170,69.83,76.30,116.36
44180,70.28,75.34,116.36
44190,70.79,74.32,116.36
44200,71.36,73.13,116.36
44210,71.98,71.99,116.36
44220,72.66,70.77,116.36
44230,73.39,69.40,116.36
44240,74.20,67.92,116.36
44250,75.08,66.06,116.36
44260,76.05,64.06,116.36
44270,77.08,62.46,116.36
44280,78.14,61.77,116.36
44290,79.16,61.86,116.36
44300,80.23,60.73,116.36
44310,81.41,57.98,116.36
44320,82.57,57.96,116.36
44330,83.75,57.03,116.36
44340,85.00,55.25,116.36
44350,86.22,55.32,116.36
44360,87.48,53.92,116.36
44370,88.77,52.77,116.36
44380,90.03,52.82,116.36
44390,91.33,51.51,116.36
44400,92.66,50.34,116.36
44410,93.98,49.74,116.36
44420,95.30,49.30,116.36
44430,96.61,48.81,116.36
44440,97.92,48.02,116.36
44450,99.23,47.55,116.36
44460,100.54,46.88,116.36
44470,101.84,46.56,116.36
44480,103.11,46.28,116.36
44490,104.37,45.86,116.36
44500,105.64,45.13,116.36
44510,106.89,44.91,116.36
44520,108.11,44.76,116.36
44530,109.33,44.09,116.36
44540,110.51,44.33,116.36
44550,111.68,43.65,116.36
44560,112.82,43.90,116.36
44570,113.96,43.21,116.36
44580,115.05,43.53,116.36
44590,116.13,43.04,116.36
44600,117.19,42.99,116.36
44610,118.21,43.02,116.36
44620,119.23,42.41,116.36
44630,120.22,42.59,116.36
44640,121.17,42.64,116.36
44650,122.13,42.00,116.36
44660,123.04,42.25,116.36
44670,123.92,42.38,116.36
44680,124.80,41.92,116.36
44690,125.66,41.70,116.36
44700,126.48,41.86,116.36
44710,127.27,42.04,116.36
44720,128.05,41.73,116.36
44730,128.82,41.45,116.36
44740,129.56,41.42,116.36
44750,130.26,41.64,116.36
44760,130.94,41.75,116.36
44770,131.60,41.45,116.36
44780,132.26,41.19,116.36
44790,132.89,41.10,116.36
44800,133.50,41.31,116.36
44810,134.07,41.53,116.36
44820,134.61,41.61,116.36
44830,135.14,41.45,116.36
44840,135.65,41.32,116.36
44850,136.16,41.04,116.36
44860,136.65,40.96,116.36
44870,137.12,41.09,116.36
44880,137.55,41.28,116.36
44890,137.95,41.57,116.36
44900,138.33,41.64,116.36
44910,138.70,41.67,116.36
44920,139.05,41.47,116.36
44930,139.39,41.37,116.36
44940,139.72,41.28,116.36
44950,140.03,41.24,116.36
44960,140.32,41.32,116.36
44970,140.59,41.49,116.36
44980,140.83,41.79,116.36
44990,141.04,42.01,116.36
45000,141.24,42.09,116.36
45010,141.41,42.26,116.36
45020,141.57,42.29,116.36
45030,141.72,42.14,116.36
45040,141.87,42.07,116.36
45050,142.00,42.01,116.36
45060,142.10,42.49,116.36
45070,142.19,42.60,116.36
45080,142.24,42.95,116.36
45090,142.27,43.27,116.36
45100,142.27,43.62,116.36
45110,142.26,43.78,116.36
45120,142.24,43.90,116.36
45130,142.22,43.48,116.36
45140,142.20,43.47,116.36
45150,142.16,43.79,116.36
45160,142.09,44.01,116.36
45170,142.02,44.23,116.36
45180,141.92,44.50,116.36
45190,141.81,44.47,116.36
45200,141.71,44.30,116.36
45210,141.62,44.09,116.36
45220,141.52,44.15,116.36
45230,141.39,44.49,116.36
45240,141.25,44.76,116.36
45250,141.10,44.72,116.36
45260,140.97,44.47,116.36
45270,140.83,44.37,116.36
45280,140.68,44.65,116.36
45290,140.50,45.08,116.36
45300,140.32,45.07,116.36
45310,140.15,44.79,116.36
45320,139.98,44.76,116.36
45330,139.79,45.21,116.36
45340,139.58,45.45,116.36
45350,139.37,45.42,116.36
45360,139.17,45.14,116.36
45370,138.97,45.25,116.36
45380,138.74,45.72,116.36
45390,138.51,45.73,116.36
45400,138.29,45.47,116.36
45410,138.06,45.74,116.36
45420,137.81,46.24,116.36
45430,137.56,46.04,116.36
45440,137.32,45.81,116.36
45450,137.07,46.29,116.36
45460,136.79,46.68,116.36
45470,136.53,46.44,116.36
45480,136.26,46.44,116.36
45490,135.98,46.97,116.36
45500,135.69,46.89,116.36
45510,135.42,46.80,116.36
45520,135.12,47.28,116.36
45530,134.82,47.32,116.36
45540,134.54,47.17,116.36
45550,134.22,47.85,116.36
45560,133.90,47.87,116.36
45570,133.60,47.72,116.36
45580,133.27,48.30,116.36
45590,132.95,48.13,116.36
45600,132.63,48.24,116.36
45610,132.28,48.83,116.36
45620,131.96,48.46,116.36
45630,131.62,49.02,116.36
45640,131.27,49.10,116.36
45650,130.94,48.96,116.36
45660,130.58,49.58,116.36
45670,130.25,49.21,116.36
45680,129.88,49.95,116.36
45690,129.54,49.59,116.36
45700,129.17,50.14,116.36
45710,128.83,49.91,116.36
45720,128.46,50.47,116.36
45730,128.11,50.32,116.36
45740,127.74,50.72,116.36
45750,127.38,50.72,116.36
45760,127.01,51.03,116.36
45770,126.65,51.06,116.36
45780,126.27,51.46,116.36
45790,125.92,51.22,116.36
45800,125.53,51.89,116.36
45810,125.17,51.59,116.36
45820,124.79,52.19,116.36
45830,124.42,52.10,116.36
45840,124.06,52.09,116.36
45850,123.69,52.60,116.36
45860,123.33,52.26,116.36
45870,122.97,52.72,116.36
45880,122.59,52.98,116.36
45890,122.24,52.81,116.36
45900,121.88,53.12,116.36
45910,121.51,53.44,116.36
45920,121.17,53.05,116.36
45930,120.81,53.52,116.36
45940,120.44,53.97,116.36
45950,120.10,53.65,116.36
45960,119.76,53.73,116.36
45970,119.40,54.29,116.36
45980,119.05,54.34,116.36
45990,118.71,54.13,116.36
46000,118.38,54.25,116.36
46010,118.04,54.71,116.36
46020,117.70,54.83,116.36
46030,117.38,54.61,116.36
46040,117.07,54.61,116.36
46050,116.75,54.99,116.36
46060,116.42,55.30,116.36
46070,116.11,55.17,116.36
46080,115.81,55.13,116.36
46090,115.51,55.18,116.36
46100,115.21,55.43,116.36
46110,114.91,55.79,116.36
46120,114.60,55.94,116.36
46130,114.31,55.93,116.36
46140,114.03,55.72,116.36
46150,113.77,55.58,116.36
46160,113.51,55.68,116.36
46170,113.25,55.88,116.36
46180,112.99,56.14,116.36
46190,112.73,56.36,116.36
46200,112.47,56.41,116.36
46210,112.22,56.34,116.36
46220,111.99,56.23,116.36
46230,111.77,56.14,116.36
46240,111.55,56.07,116.36
46250,111.35,56.03,116.36
46260,111.16,56.10,116.36
46270,110.96,56.20,116.36
46280,110.78,56.18,116.36
46290,110.59,56.30,116.36
46300,110.42,56.31,116.36
46310,110.24,56.44,116.36
46320,110.07,56.35,116.36
46330,109.92,56.28,116.36
46340,109.77,56.19,116.36
46350,109.63,56.30,116.36
46360,109.49,56.28,116.36
46370,109.36,56.15,116.36
46380,109.25,56.04,116.36
46390,109.15,55.85,116.36
46400,109.07,55.66,116.36
46410,108.99,55.62,116.36
46420,108.91,55.68,116.36
46430,108.84,55.73,116.36
46440,108.77,55.72,116.36
46450,108.70,55.77,116.36
46460,108.64,55.77,116.36
46470,108.59,55.65,116.36
46480,108.55,55.55,116.36
46490,108.51,55.36,116.36
46500,108.50,55.11,116.36
46510,108.49,54.96,116.36
46520,108.50,54.87,116.36
46530,108.51,54.69,116.36
46540,108.52,54.82,116.36
46550,108.53,54.89,116.36
46560,108.54,54.92,116.36
46570,108.55,54.97,116.36
46580,108.56,54.94,116.36
46590,108.58,54.83,116.36
46600,108.61,54.68,116.36
46610,108.65,54.50,116.36
46620,108.69,54.51,116.36
46630,108.72,54.69,116.36
46640,108.74,54.94,116.36
46650,108.76,55.12,116.36
46660,108.78,55.06,116.36
46670,108.81,54.91,116.36
46680,108.85,54.79,116.36
46690,108.88,54.80,116.36
46700,108.92,54.95,116.36
46710,108.94,55.20,116.36
46720,108.95,55.45,116.36
46730,108.96,55.49,116.36
46740,108.98,55.42,116.36
46750,109.00,55.29,116.36
46760,109.04,55.16,116.36
46770,109.06,55.32,116.36
46780,109.08,55.50,116.36
46790,109.09,55.69,116.36
46800,109.10,55.86,116.36
46810,109.10,55.98,116.36
46820,109.11,55.94,116.36
46830,109.12,55.84,116.36
46840,109.14,55.70,116.36
46850,109.17,55.68,116.36
46860,109.20,55.66,116.36
46870,109.22,55.73,116.36
46880,109.24,55.94,116.36
46890,109.24,56.20,116.36
46900,109.25,56.30,116.36
46910,109.25,56.37,116.36
46920,109.26,56.34,116.36
46930,109.27,56.19,116.36
46940,109.29,56.09,116.36
46950,109.32,56.02,116.36
46960,109.35,56.01,116.36
46970,109.38,56.06,116.36
46980,109.40,56.11,116.36
46990,109.43,56.25,116.36
47000,109.44,56.35,116.36
47010,109.46,56.49,116.36
47020,109.46,56.72,116.36
47030,109.47,56.69,116.36
47040,109.48,56.69,116.36
47050,109.49,56.78,116.36
47060,109.50,56.63,116.36
47070,109.52,56.56,116.36
47080,109.55,56.48,116.36
47090,109.58,56.37,116.36
47100,109.62,56.38,116.36
47110,109.66,56.28,116.36
47120,109.70,56.25,116.36
47130,109.75,56.22,116.36
47140,109.79,56.36,116.36
47150,109.83,56.39,116.36
47160,109.86,56.51,116.36
47170,109.89,56.58,116.36
47180,109.92,56.71,116.36
47190,109.94,56.83,116.36
47200,109.97,56.87,116.36
47210,109.99,56.90,116.36
47220,110.01,56.83,116.36
47230,110.04,56.80,116.36
47240,110.08,56.78,116.36
47250,110.11,56.69,116.36
47260,110.16,56.51,116.36
47270,110.21,56.55,116.36
47280,110.26,56.35,116.36
47290,110.32,56.32,116.36
47300,110.38,56.29,116.36
47310,110.44,56.19,116.36
47320,110.51,56.21,116.36
47330,110.57,56.14,116.36
47340,110.64,56.23,116.36
47350,110.70,56.25,116.36
47360,110.76,56.33,116.36
47370,110.81,56.45,116.36
47380,110.86,56.53,116.36
47390,110.91,56.58,116.36
47400,110.95,56.59,116.36
47410,111.00,56.69,116.36
47420,111.05,56.51,116.36
47430,111.10,56.55,116.36
47440,111.16,56.41,116.36
47450,111.21,56.43,116.36
47460,111.27,56.34,116.36
47470,111.34,56.09,116.36
47480,111.42,56.11,116.36
47490,111.50,55.87,116.36
47500,111.58,55.86,116.36
47510,111.67,55.72,116.36
47520,111.76,55.60,116.36
47530,111.85,55.59,116.36
47540,111.94,55.62,116.36
47550,112.04,55.51,116.36
47560,112.13,55.64,116.36
47570,112.21,55.69,116.36
47580,112.29,55.79,116.36
47590,112.37,55.53,116.36
47600,112.46,55.55,116.36
47610,112.54,55.70,116.36
47620,112.61,55.75,116.36
47630,112.69,55.60,116.36
47640,112.78,55.46,116.36
47650,112.87,55.34,116.36
47660,112.97,55.25,116.36
47670,113.07,55.12,116.36
47680,113.17,55.05,116.36
47690,113.26,55.20,116.36
47700,113.35,55.27,116.36
47710,113.43,55.36,116.36
47720,113.51,55.37,116.36
47730,113.58,55.46,116.36
47740,113.65,55.40,116.36
47750,113.73,55.24,116.36
47760,113.82,55.08,116.36
47770,113.92,54.77,116.36
47780,114.03,54.71,116.36
47790,114.12,54.76,116.36
47800,114.22,54.83,116.36
47810,114.30,55.00,116.36
47820,114.37,55.06,116.36
47830,114.45,55.09,116.36
47840,114.52,55.14,116.36
47850,114.60,54.84,116.36
47860,114.69,54.63,116.36
47870,114.79,54.51,116.36
47880,114.88,54.52,116.36
47890,114.97,54.60,116.36
47900,115.05,54.75,116.36
47910,115.11,54.96,116.36
47920,115.18,54.90,116.36
47930,115.25,54.80,116.36
47940,115.34,54.48,116.36
47950,115.42,54.38,116.36
47960,115.50,54.46,116.36
47970,115.58,54.53,116.36
47980,115.65,54.69,116.36
47990,115.70,54.83,116.36
48000,115.76,54.73,116.36
48010,115.83,24.70,65.17
48020,115.91,24.14,65.17
48030,115.98,24.06,65.17
48040,116.03,23.93,65.17
48050,116.09,23.36,65.17
48060,116.14,23.30,65.17
48070,116.13,24.05,65.17
48080,116.11,23.89,65.17
48090,116.07,24.14,65.17
48100,115.99,24.58,65.17
48110,115.89,24.55,65.17
48120,115.77,24.81,65.17
48130,115.63,25.06,65.17
48140,115.48,24.81,65.17
48150,115.30,25.36,65.17
48160,115.08,25.83,65.17
48170,114.84,26.11,65.17
48180,114.58,26.37,65.17
48190,114.29,26.68,65.17
48200,113.96,27.31,65.17
48210,113.62,27.48,65.17
48220,113.24,28.18,65.17
48230,112.84,28.56,65.17
48240,112.42,28.92,65.17
48250,111.95,29.63,65.17
48260,111.46,30.19,65.17
48270,110.94,30.79,65.17
48280,110.39,31.39,65.17
48290,109.80,32.18,65.17
48300,109.19,32.64,65.17
48310,108.54,33.55,65.17
48320,107.87,34.04,65.17
48330,107.16,34.98,65.17
48340,106.42,35.71,65.17
48350,105.65,36.57,65.17
48360,104.85,37.44,65.17
48370,104.01,38.19,65.17
48380,103.15,39.13,65.17
48390,102.25,39.88,65.17
48400,101.33,40.84,65.17
48410,100.38,41.72,65.17
48420,99.39,42.78,65.17
48430,98.37,43.79,65.17
48440,97.33,44.57,65.17
48450,96.26,45.42,65.17
48460,95.18,46.30,65.17
48470,94.06,47.37,65.17
48480,92.92,48.39,65.17
48490,91.76,49.11,65.17
48500,90.58,50.08,65.17
48510,89.39,50.86,65.17
48520,88.19,51.58,65.17
48530,86.96,52.82,65.17
48540,85.72,53.36,65.17
48550,84.48,54.25,65.17
48560,83.21,55.27,65.17
48570,81.94,55.86,65.17
48580,80.66,56.80,65.17
48590,79.39,57.17,65.17
48600,78.12,57.98,65.17
48610,76.84,58.58,65.17
48620,75.57,59.12,65.17
48630,74.31,59.68,65.17
48640,73.05,60.26,65.17
48650,71.81,60.70,65.17
48660,70.57,61.22,65.17
48670,69.34,61.70,65.17
48680,68.13,62.05,65.17
48690,66.93,62.49,65.17
48700,65.75,62.84,65.17
48710,64.61,62.54,65.17
48720,63.51,62.52,65.17
48730,62.44,62.55,65.17
48740,61.37,63.02,65.17
48750,60.30,63.87,65.17
48760,59.21,64.77,65.17
48770,58.21,63.88,65.17
48780,57.28,62.72,65.17
48790,56.34,63.71,65.17
48800,55.38,64.66,65.17
48810,54.53,63.15,65.17
48820,53.73,62.60,65.17
48830,52.86,64.45,65.17
48840,52.10,63.06,65.17
48850,51.42,61.74,65.17
48860,50.68,63.54,65.17
48870,50.03,62.15,65.17
48880,49.46,60.89,65.17
48890,48.84,62.55,65.17
48900,48.31,61.20,65.17
48910,47.87,59.68,65.17
48920,47.37,61.08,65.17
48930,46.93,60.44,65.17
48940,46.61,58.36,65.17
48950,46.29,58.70,65.17
48960,45.93,59.80,65.17
48970,45.67,58.08,65.17
48980,45.50,56.45,65.17
48990,45.34,56.53,65.17
49000,45.17,57.06,65.17
49010,45.02,56.88,65.17
49020,44.92,55.79,65.17
49030,44.90,54.58,65.17
49040,44.92,53.84,65.17
49050,44.97,53.41,65.17
49060,45.05,52.85,65.17
49070,45.14,52.77,65.17
49080,45.25,52.29,65.17
49090,45.39,51.91,65.17
49100,45.55,51.38,65.17
49110,45.75,50.82,65.17
49120,45.96,50.35,65.17
49130,46.20,49.92,65.17
49140,46.46,49.56,65.17
49150,46.71,49.52,65.17
49160,46.99,49.12,65.17
49170,47.28,48.72,65.17
49180,47.60,48.09,65.17
49190,47.93,47.70,65.17
49200,48.27,47.51,65.17
49210,48.63,47.17,65.17
49220,48.99,46.79,65.17
49230,49.36,46.60,65.17
49240,49.74,46.35,65.17
49250,50.13,45.93,65.17
49260,50.53,45.78,65.17
49270,50.93,45.48,65.17
49280,51.33,45.40,65.17
49290,51.74,44.91,65.17
49300,52.15,44.87,65.17
49310,52.56,44.68,65.17
49320,52.97,44.59,65.17
49330,53.39,44.27,65.17
49340,53.79,44.36,65.17
49350,54.21,44.06,65.17
49360,54.61,44.02,65.17
49370,55.01,43.94,65.17
49380,55.41,43.84,65.17
49390,55.80,43.81,65.17
49400,56.19,43.69,65.17
49410,56.57,43.58,65.17
49420,56.94,43.73,65.17
49430,57.31,43.62,65.17
49440,57.68,43.54,65.17
49450,58.02,43.73,65.17
49460,58.37,43.64,65.17
49470,58.70,43.75,65.17
49480,59.03,43.65,65.17
49490,59.33,43.97,65.17
49500,59.64,43.76,65.17
49510,59.94,43.80,65.17
49520,60.23,43.98,65.17
49530,60.50,44.10,65.17
49540,60.76,44.12,65.17
49550,61.02,44.16,65.17
49560,61.26,44.32,65.17
49570,61.49,44.62,65.17
49580,61.70,44.75,65.17
49590,61.92,44.55,65.17
49600,62.11,44.97,65.17
49610,62.28,45.19,65.17
49620,62.45,45.19,65.17
49630,62.61,45.40,65.17
49640,62.76,45.60,65.17
49650,62.88,45.91,65.17
49660,63.00,46.07,65.17
49670,63.11,46.11,65.17
49680,63.21,46.27,65.17
49690,63.29,46.66,65.17
49700,63.36,46.88,65.17
49710,63.42,46.87,65.17
49720,63.47,47.31,65.17
49730,63.50,47.44,65.17
49740,63.53,47.61,65.17
49750,63.54,47.94,65.17
49760,63.54,48.24,65.17
49770,63.53,48.29,65.17
49780,63.52,48.55,65.17
49790,63.49,48.79,65.17
49800,63.46,48.89,65.17
49810,63.42,49.11,65.17
49820,63.37,49.27,65.17
49830,63.32,49.40,65.17
49840,63.26,49.60,65.17
49850,63.21,49.57,65.17
49860,63.14,49.84,65.17
49870,63.08,49.86,65.17
49880,63.01,50.08,65.17
49890,62.93,50.18,65.17
49900,62.86,50.23,65.17
49910,62.78,50.38,65.17
49920,62.71,50.35,65.17
49930,62.63,50.46,65.17
49940,62.56,50.36,65.17
49950,62.50,50.39,65.17
49960,62.42,50.56,65.17
49970,62.36,50.41,65.17
49980,62.29,50.56,65.17
49990,62.24,50.37,65.17
50000,62.18,50.42,65.17
50010,62.13,50.53,65.17
50020,62.08,50.43,65.17
50030,62.02,50.51,65.17
50040,61.97,50.56,65.17
50050,61.93,50.48,65.17
50060,61.88,50.57,65.17
50070,61.84,50.47,65.17
50080,61.79,50.70,65.17
50090,61.76,50.46,65.17
50100,61.71,50.64,65.17
50110,61.68,50.55,65.17
50120,61.65,50.51,65.17
50130,61.62,50.56,65.17
50140,61.60,50.33,65.17
50150,61.57,50.59,65.17
50160,61.55,50.38,65.17
50170,61.54,50.32,65.17
50180,61.52,50.52,65.17
50190,61.52,50.20,65.17
50200,61.50,50.44,65.17
50210,61.51,50.13,65.17
50220,61.51,50.23,65.17
50230,61.50,50.30,65.17
50240,61.52,49.99,65.17
50250,61.51,50.34,65.17
50260,61.53,50.01,65.17
50270,61.54,50.13,65.17
50280,61.55,50.17,65.17
50290,61.56,50.01,65.17
50300,61.56,50.36,65.17
50310,61.58,50.01,65.17
50320,61.59,50.22,65.17
50330,61.60,50.26,65.17
50340,61.62,50.11,65.17
50350,61.63,50.28,65.17
50360,61.65,50.09,65.17
50370,61.65,50.37,65.17
50380,61.66,50.25,65.17
50390,61.68,50.15,65.17
50400,61.69,50.39,65.17
50410,61.71,50.17,65.17
50420,61.72,50.33,65.17
50430,61.73,50.36,65.17
50440,61.74,50.39,65.17
50450,61.75,50.43,65.17
50460,61.77,50.38,65.17
50470,61.77,50.50,65.17
50480,61.78,50.45,65.17
50490,61.79,50.49,65.17
50500,61.80,50.56,65.17
50510,61.81,50.51,65.17
50520,61.82,50.64,65.17
50530,61.83,50.51,65.17
50540,61.83,50.70,65.17
50550,61.84,50.70,65.17
50560,61.85,50.56,65.17
50570,61.85,50.81,65.17
50580,61.86,50.64,65.17
50590,61.86,50.80,65.17
50600,61.87,50.85,65.17
50610,61.87,50.77,65.17
50620,61.87,50.91,65.17
50630,61.88,50.74,65.17
50640,61.88,50.93,65.17
50650,61.89,50.80,65.17
50660,61.90,50.86,65.17
50670,61.91,50.92,65.17
50680,61.91,50.99,65.17
50690,61.92,50.88,65.17
50700,61.92,51.09,65.17
50710,61.93,50.79,65.17
50720,61.93,51.06,65.17
50730,61.94,50.94,65.17
50740,61.95,50.99,65.17
50750,61.96,51.04,65.17
50760,61.96,51.06,65.17
50770,61.98,50.90,65.17
50780,61.98,51.19,65.17
50790,61.99,50.97,65.17
50800,61.99,51.17,65.17
50810,62.00,51.05,65.17
50820,62.02,51.01,65.17
50830,62.03,51.12,65.17
50840,62.03,51.13,65.17
50850,62.05,51.06,65.17
50860,62.05,51.21,65.17
50870,62.07,51.02,65.17
50880,62.07,51.24,65.17
50890,62.08,51.19,65.17
50900,62.10,51.17,65.17
50910,62.10,51.24,65.17
50920,62.11,51.27,65.17
50930,62.13,51.11,65.17
50940,62.13,51.42,65.17
50950,62.14,51.25,65.17
50960,62.15,51.28,65.17
50970,62.15,51.43,65.17
50980,62.17,51.23,65.17
50990,62.17,51.40,65.17
51000,62.18,51.37,65.17
51010,62.20,51.28,65.17
51020,62.20,51.48,65.17
51030,62.21,51.37,65.17
51040,62.23,51.27,65.17
51050,62.23,51.48,65.17
51060,62.25,51.37,65.17
51070,62.26,51.33,65.17
51080,62.27,51.42,65.17
51090,62.29,51.24,65.17
51100,62.31,51.41,65.17
51110,62.32,51.45,65.17
51120,62.34,51.34,65.17
51130,62.35,51.45,65.17
51140,62.37,51.31,65.17
51150,62.39,51.28,65.17
51160,62.40,51.42,65.17
51170,62.42,51.43,65.17
51180,62.43,51.44,65.17
51190,62.45,51.42,65.17
51200,62.47,51.30,65.17
51210,62.48,51.59,65.17
51220,62.50,51.33,65.17
51230,62.52,51.47,65.17
51240,62.54,51.47,65.17
51250,62.55,51.54,65.17
51260,62.57,51.40,65.17
51270,62.58,51.59,65.17
51280,62.60,51.50,65.17
51290,62.62,51.41,65.17
51300,62.63,51.62,65.17
51310,62.65,51.46,65.17
51320,62.67,51.45,65.17
51330,62.68,51.66,65.17
51340,62.70,51.44,65.17
51350,62.71,51.57,65.17
51360,62.72,51.74,65.17
51370,62.74,51.47,65.17
51380,62.76,51.58,65.17
51390,62.77,51.64,65.17
51400,62.79,51.62,65.17
51410,62.80,51.53,65.17
51420,62.81,51.79,65.17
51430,62.83,51.54,65.17
51440,62.84,51.68,65.17
51450,62.86,51.70,65.17
51460,62.87,51.59,65.17
51470,62.89,51.68,65.17
51480,62.90,51.70,65.17
51490,62.93,51.49,65.17
51500,62.94,51.77,65.17
51510,62.95,51.73,65.17
51520,62.97,51.56,65.17
51530,62.98,51.76,65.17
51540,62.99,51.74,65.17
51550,63.02,51.56,65.17
51560,63.03,51.82,65.17
51570,63.04,51.78,65.17
51580,63.06,51.57,65.17
51590,63.07,51.82,65.17
51600,63.09,51.76,65.17
51610,63.10,51.69,65.17
51620,63.11,51.84,65.17
51630,63.12,51.89,65.17
51640,63.14,51.69,65.17
51650,63.15,51.81,65.17
51660,63.16,51.84,65.17
51670,63.19,51.65,65.17
51680,63.20,51.88,65.17
51690,63.20,51.98,65.17
51700,63.22,51.70,65.17
51710,63.23,51.94,65.17
51720,63.24,51.96,65.17
51730,63.26,51.72,65.17
51740,63.26,51.98,65.17
51750,63.27,51.99,65.17
51760,63.28,51.83,65.17
51770,63.30,51.90,65.17
51780,63.30,52.04,65.17
51790,63.32,51.83,65.17
51800,63.32,52.07,65.17
51810,63.33,52.03,65.17
51820,63.34,51.99,65.17
51830,63.35,51.96,65.17
51840,63.35,52.09,65.17
51850,63.37,51.91,65.17
51860,63.37,52.09,65.17
51870,63.38,52.16,65.17
51880,63.39,52.01,65.17
51890,63.40,52.03,65.17
51900,63.40,52.14,65.17
51910,63.41,52.03,65.17
51920,63.42,52.02,65.17
51930,63.42,52.21,65.17
51940,63.44,52.03,65.17
51950,63.45,51.93,65.17
51960,63.46,52.15,65.17
51970,63.47,52.09,65.17
51980,63.49,51.92,65.17
51990,63.49,52.15,65.17
52000,63.50,52.06,65.17
52010,63.52,66.56,90.30
52020,63.53,66.91,90.30
52030,63.54,67.18,90.30
52040,63.54,67.30,90.30
52050,63.56,67.31,90.30
52060,63.58,67.29,90.30
52070,63.62,67.32,90.30
52080,63.64,67.54,90.30
52090,63.66,67.93,90.30
52100,63.73,67.06,90.30
52110,63.87,65.63,90.30
52120,63.98,66.38,90.30
52130,64.09,66.50,90.30
52140,64.31,64.45,90.30
52150,64.47,65.72,90.30
52160,64.71,64.07,90.30
52170,64.98,63.44,90.30
52180,65.23,63.86,90.30
52190,65.60,61.59,90.30
52200,65.88,63.11,90.30
52210,66.30,60.57,90.30
52220,66.67,61.17,90.30
52230,67.08,60.45,90.30
52240,67.58,58.68,90.30
52250,68.02,59.59,90.30
52260,68.51,58.39,90.30
52270,69.08,56.79,90.30
52280,69.60,57.44,90.30
52290,70.13,57.20,90.30
52300,70.74,55.29,90.30
52310,71.36,54.77,90.30
52320,71.97,54.98,90.30
52330,72.57,54.86,90.30
52340,73.19,54.12,90.30
52350,73.85,53.10,90.30
52360,74.54,52.33,90.30
52370,75.23,51.92,90.30
52380,75.93,51.35,90.30
52390,76.63,51.08,90.30
52400,77.34,50.69,90.30
52410,78.04,50.42,90.30
52420,78.75,50.03,90.30
52430,79.46,49.62,90.30
52440,80.16,49.42,90.30
52450,80.86,49.15,90.30
52460,81.56,48.73,90.30
52470,82.26,48.34,90.30
52480,82.97,48.05,90.30
52490,83.67,47.70,90.30
52500,84.36,47.49,90.30
52510,85.04,47.37,90.30
52520,85.72,47.13,90.30
52530,86.38,46.96,90.30
52540,87.03,47.06,90.30
52550,87.66,46.81,90.30
52560,88.28,46.91,90.30
52570,88.90,46.55,90.30
52580,89.49,46.72,90.30
52590,90.07,46.70,90.30
52600,90.63,46.57,90.30
52610,91.17,46.72,90.30
52620,91.71,46.47,90.30
52630,92.22,46.76,90.30
52640,92.73,46.56,90.30
52650,93.20,46.85,90.30
52660,93.67,46.73,90.30
52670,94.11,46.95,90.30
52680,94.54,46.96,90.30
52690,94.94,47.17,90.30
52700,95.33,47.25,90.30
52710,95.70,47.25,90.30
52720,96.04,47.70,90.30
52730,96.38,47.48,90.30
52740,96.69,48.00,90.30
52750,96.99,47.84,90.30
52760,97.26,48.18,90.30
52770,97.52,48.26,90.30
52780,97.76,48.48,90.30
52790,97.97,48.87,90.30
52800,98.17,48.80,90.30
52810,98.34,49.36,90.30
52820,98.51,49.23,90.30
52830,98.64,49.82,90.30
52840,98.77,49.68,90.30
52850,98.87,50.27,90.30
52860,98.97,50.07,90.30
52870,99.04,50.65,90.30
52880,99.11,50.63,90.30
52890,99.14,51.18,90.30
52900,99.17,51.18,90.30
52910,99.17,51.65,90.30
52920,99.17,51.61,90.30
52930,99.14,52.27,90.30
52940,99.11,52.07,90.30
52950,99.07,52.40,90.30
52960,99.01,52.62,90.30
52970,98.97,52.38,90.30
52980,98.89,52.91,90.30
52990,98.83,52.83,90.30
53000,98.75,52.85,90.30
53010,98.66,53.28,90.30
53020,98.58,53.11,90.30
53030,98.49,53.14,90.30
53040,98.39,53.46,90.30
53050,98.29,53.43,90.30
53060,98.18,53.47,90.30
53070,98.07,53.64,90.30
53080,97.96,53.81,90.30
53090,97.85,53.55,90.30
53100,97.74,53.75,90.30
53110,97.61,54.11,90.30
53120,97.49,53.97,90.30
53130,97.37,53.78,90.30
53140,97.25,53.96,90.30
53150,97.12,54.27,90.30
53160,96.99,54.25,90.30
53170,96.87,54.02,90.30
53180,96.75,54.11,90.30
53190,96.61,54.44,90.30
53200,96.48,54.51,90.30
53210,96.35,54.38,90.30
53220,96.23,54.18,90.30
53230,96.10,54.47,90.30
53240,95.96,54.72,90.30
53250,95.82,54.69,90.30
53260,95.69,54.59,90.30
53270,95.57,54.40,90.30
53280,95.45,54.43,90.30
53290,95.32,54.76,90.30
53300,95.18,54.89,90.30
53310,95.05,54.84,90.30
53320,94.93,54.66,90.30
53330,94.81,54.62,90.30
53340,94.69,54.64,90.30
53350,94.57,54.83,90.30
53360,94.44,54.92,90.30
53370,94.31,54.95,90.30
53380,94.20,54.77,90.30
53390,94.09,54.70,90.30
53400,93.99,54.60,90.30
53410,93.88,54.67,90.30
53420,93.77,54.84,90.30
53430,93.66,54.92,90.30
53440,93.55,54.88,90.30
53450,93.45,54.73,90.30
53460,93.36,54.53,90.30
53470,93.28,54.48,90.30
53480,93.19,54.56,90.30
53490,93.11,54.62,90.30
53500,93.01,54.77,90.30
53510,92.93,54.64,90.30
53520,92.85,54.53,90.30
53530,92.78,54.38,90.30
53540,92.71,54.33,90.30
53550,92.64,54.44,90.30
53560,92.57,54.42,90.30
53570,92.50,54.48,90.30
53580,92.44,54.40,90.30
53590,92.38,54.21,90.30
53600,92.34,54.03,90.30
53610,92.30,54.04,90.30
53620,92.25,54.11,90.30
53630,92.19,54.32,90.30
53640,92.14,54.27,90.30
53650,92.10,53.96,90.30
53660,92.06,54.07,90.30
53670,92.03,53.84,90.30
53680,92.00,53.69,90.30
53690,91.98,53.69,90.30
53700,91.95,53.86,90.30
53710,91.93,53.63,90.30
53720,91.92,53.49,90.30
53730,91.91,53.50,90.30
53740,91.89,53.58,90.30
53750,91.86,53.73,90.30
53760,91.85,53.52,90.30
53770,91.85,53.22,90.30
53780,91.85,53.25,90.30
53790,91.84,53.30,90.30
53800,91.83,53.41,90.30
53810,91.82,53.34,90.30
53820,91.83,53.00,90.30
53830,91.84,53.08,90.30
53840,91.83,53.24,90.30
53850,91.83,53.23,90.30
53860,91.83,53.17,90.30
53870,91.84,52.95,90.30
53880,91.85,52.94,90.30
53890,91.84,53.31,90.30
53900,91.84,53.11,90.30
53910,91.85,52.84,90.30
53920,91.85,53.08,90.30
53930,91.84,53.18,90.30
53940,91.84,53.14,90.30
53950,91.84,53.00,90.30
53960,91.85,52.78,90.30
53970,91.85,53.14,90.30
53980,91.84,53.20,90.30
53990,91.84,52.87,90.30
54000,91.84,53.00,90.30
54010,91.84,53.09,90.30
54020,91.83,53.15,90.30
54030,91.83,52.98,90.30
54040,91.84,52.73,90.30
54050,91.83,53.06,90.30
54060,91.83,53.11,90.30
54070,91.83,52.77,90.30
54080,91.83,52.99,90.30
54090,91.83,52.99,90.30
54100,91.82,53.01,90.30
54110,91.82,52.93,90.30
54120,91.83,52.67,90.30
54130,91.82,52.97,90.30
54140,91.81,53.17,90.30
54150,91.81,52.83,90.30
54160,91.81,52.84,90.30
54170,91.81,52.93,90.30
54180,91.80,52.96,90.30
54190,91.80,52.85,90.30
54200,91.80,52.79,90.30
54210,91.79,53.07,90.30
54220,91.77,53.09,90.30
54230,91.78,52.74,90.30
54240,91.78,52.68,90.30
54250,91.77,53.00,90.30
54260,91.76,53.01,90.30
54270,91.76,52.73,90.30
54280,91.76,52.76,90.30
54290,91.75,52.95,90.30
54300,91.74,52.89,90.30
54310,91.74,52.74,90.30
54320,91.74,52.83,90.30
54330,91.72,53.15,90.30
54340,91.71,52.90,90.30
54350,91.71,52.67,90.30
54360,91.71,52.78,90.30
54370,91.70,52.95,90.30
54380,91.69,52.87,90.30
54390,91.69,52.65,90.30
54400,91.68,52.85,90.30
54410,91.67,52.92,90.30
54420,91.67,52.64,90.30
54430,91.67,52.69,90.30
54440,91.66,52.93,90.30
54450,91.65,52.81,90.30
54460,91.65,52.64,90.30
54470,91.65,52.71,90.30
54480,91.64,52.88,90.30
54490,91.63,52.87,90.30
54500,91.63,52.59,90.30
54510,91.63,52.58,90.30
54520,91.62,52.88,90.30
54530,91.61,52.74,90.30
54540,91.62,52.50,90.30
54550,91.61,52.76,90.30
54560,91.59,52.92,90.30
54570,91.59,52.59,90.30
54580,91.60,52.45,90.30
54590,91.59,52.76,90.30
54600,91.58,52.80,90.30
54610,91.58,52.52,90.30
54620,91.58,52.58,90.30
54630,91.57,52.69,90.30
54640,91.57,52.62,90.30
54650,91.57,52.52,90.30
54660,91.57,52.59,90.30
54670,91.55,52.82,90.30
54680,91.55,52.57,90.30
54690,91.56,52.36,90.30
54700,91.55,52.63,90.30
54710,91.53,52.86,90.30
54720,91.53,52.59,90.30
54730,91.53,52.50,90.30
54740,91.51,52.81,90.30
54750,91.50,52.74,90.30
54760,91.50,52.58,90.30
54770,91.49,52.54,90.30
54780,91.48,52.67,90.30
54790,91.48,52.61,90.30
54800,91.47,52.58,90.30
54810,91.45,52.91,90.30
54820,91.44,52.75,90.30
54830,91.44,52.52,90.30
54840,91.42,52.78,90.30
54850,91.40,52.85,90.30
54860,91.39,52.59,90.30
54870,91.38,52.68,90.30
54880,91.38,52.63,90.30
54890,91.36,52.88,90.30
54900,91.33,52.90,90.30
54910,91.33,52.65,90.30
54920,91.30,52.93,90.30
54930,91.30,52.63,90.30
54940,91.28,52.88,90.30
54950,91.25,52.97,90.30
54960,91.24,52.82,90.30
54970,91.22,52.81,90.30
54980,91.20,52.97,90.30
54990,91.18,52.95,90.30
55000,91.17,52.62,90.30
55010,91.15,52.90,90.30
55020,91.12,53.09,90.30
55030,91.10,52.95,90.30
55040,91.09,52.82,90.30
55050,91.07,52.90,90.30
55060,91.04,53.13,90.30
55070,91.02,53.04,90.30
55080,91.01,52.73,90.30
55090,90.99,52.88,90.30
55100,90.96,53.12,90.30
55110,90.95,52.85,90.30
55120,90.94,52.78,90.30
55130,90.92,53.04,90.30
55140,90.89,53.18,90.30
55150,90.87,52.91,90.30
55160,90.87,52.78,90.30
55170,90.85,53.01,90.30
55180,90.82,53.15,90.30
55190,90.81,52.94,90.30
55200,90.79,52.92,90.30
55210,90.78,52.92,90.30
55220,90.76,53.08,90.30
55230,90.74,52.97,90.30
55240,90.74,52.70,90.30
55250,90.72,52.95,90.30
55260,90.70,53.12,90.30
55270,90.69,52.81,90.30
55280,90.69,52.68,90.30
55290,90.69,52.82,90.30
55300,90.68,52.90,90.30
55310,90.67,52.80,90.30
55320,90.67,52.66,90.30
55330,90.66,52.91,90.30
55340,90.64,53.08,90.30
55350,90.64,52.72,90.30
55360,90.64,52.63,90.30
55370,90.63,52.85,90.30
55380,90.62,52.96,90.30
55390,90.62,52.64,90.30
55400,90.62,52.66,90.30
55410,90.62,52.82,90.30
55420,90.61,52.84,90.30
55430,90.62,52.52,90.30
55440,90.63,52.52,90.30
55450,90.61,52.94,90.30
55460,90.61,52.76,90.30
55470,90.62,52.47,90.30
55480,90.62,52.72,90.30
55490,90.61,52.84,90.30
55500,90.60,52.74,90.30
55510,90.61,52.57,90.30
55520,90.61,52.68,90.30
55530,90.60,52.86,90.30
55540,90.60,52.58,90.30
55550,90.61,52.59,90.30
55560,90.60,52.91,90.30
55570,90.60,52.61,90.30
55580,90.61,52.52,90.30
55590,90.61,52.67,90.30
55600,90.60,52.75,90.30
55610,90.60,52.72,90.30
55620,90.61,52.43,90.30
55630,90.60,52.72,90.30
55640,90.59,52.92,90.30
55650,90.60,52.50,90.30
55660,90.60,52.61,90.30
55670,90.59,52.88,90.30
55680,90.59,52.68,90.30
55690,90.59,52.52,90.30
55700,90.59,52.72,90.30
55710,90.58,52.77,90.30
55720,90.58,52.69,90.30
55730,90.58,52.62,90.30
55740,90.58,52.67,90.30
55750,90.58,52.72,90.30
55760,90.58,52.56,90.30
55770,90.58,52.61,90.30
55780,90.57,52.87,90.30
55790,90.58,52.51,90.30
55800,90.58,52.64,90.30
55810,90.56,52.90,90.30
55820,90.56,52.64,90.30
55830,90.57,52.44,90.30
55840,90.58,52.54,90.30
55850,90.57,52.78,90.30
55860,90.57,52.63,90.30
55870,90.58,52.43,90.30
55880,90.57,52.73,90.30
55890,90.56,52.81,90.30
55900,90.57,52.44,90.30
55910,90.57,52.68,90.30
55920,90.56,52.79,90.30
55930,90.56,52.67,90.30
55940,90.56,52.54,90.30
55950,90.56,52.70,90.30
55960,90.55,52.76,90.30
55970,90.55,52.58,90.30
55980,90.55,52.72,90.30
55990,90.55,52.68,90.30
56000,90.55,52.62,90.30
56010,90.55,68.67,117.97
56020,90.54,69.19,117.97
56030,90.53,69.28,117.97
56040,90.54,69.10,117.97
56050,90.54,69.30,117.97
56060,90.56,69.34,117.97
56070,90.58,69.42,117.97
56080,90.60,69.59,117.97
56090,90.68,68.49,117.97
56100,90.76,68.59,117.97
56110,90.83,69.12,117.97
56120,90.97,67.56,117.97
56130,91.09,68.34,117.97
56140,91.27,66.96,117.97
56150,91.43,67.68,117.97
56160,91.66,66.03,117.97
56170,91.87,66.82,117.97
56180,92.17,64.80,117.97
56190,92.42,65.83,117.97
56200,92.77,63.79,117.97
56210,93.08,64.60,117.97
56220,93.48,62.88,117.97
56230,93.85,63.29,117.97
56240,94.28,61.93,117.97
56250,94.69,62.41,117.97
56260,95.18,60.67,117.97
56270,95.63,61.35,117.97
56280,96.15,59.72,117.97
56290,96.66,59.81,117.97
56300,97.17,59.45,117.97
56310,97.75,58.04,117.97
56320,98.30,58.61,117.97
56330,98.86,57.86,117.97
56340,99.48,56.61,117.97
56350,100.09,56.60,117.97
56360,100.69,56.60,117.97
56370,101.31,55.98,117.97
56380,101.95,55.21,117.97
56390,102.62,54.33,117.97
56400,103.28,54.37,117.97
56410,103.93,54.20,117.97
56420,104.58,53.92,117.97
56430,105.22,53.75,117.97
56440,105.87,53.39,117.97
56450,106.52,53.07,117.97
56460,107.16,52.86,117.97
56470,107.81,52.45,117.97
56480,108.46,52.15,117.97
56490,109.11,51.74,117.97
56500,109.77,51.29,117.97
56510,110.43,50.97,117.97
56520,111.09,50.55,117.97
56530,111.75,50.41,117.97
56540,112.38,50.52,117.97
56550,113.00,50.36,117.97
56560,113.62,50.14,117.97
56570,114.25,49.56,117.97
56580,114.87,49.36,117.97
56590,115.47,49.53,117.97
56600,116.06,49.32,117.97
56610,116.66,48.88,117.97
56620,117.25,48.78,117.97
56630,117.81,48.98,117.97
56640,118.37,48.61,117.97
56650,118.93,48.31,117.97
56660,119.46,48.62,117.97
56670,120.00,48.16,117.97
56680,120.52,48.07,117.97
56690,121.02,48.25,117.97
56700,121.53,47.73,117.97
56710,122.01,48.08,117.97
56720,122.48,47.95,117.97
56730,122.94,47.80,117.97
56740,123.38,48.05,117.97
56750,123.82,47.61,117.97
56760,124.22,48.12,117.97
56770,124.64,47.51,117.97
56780,125.02,47.97,117.97
56790,125.41,47.60,117.97
56800,125.77,47.94,117.97
56810,126.13,47.60,117.97
56820,126.47,47.80,117.97
56830,126.80,47.67,117.97
56840,127.11,47.90,117.97
56850,127.42,47.73,117.97
56860,127.70,48.00,117.97
56870,127.98,47.75,117.97
56880,128.24,48.06,117.97
56890,128.50,47.74,117.97
56900,128.73,48.11,117.97
56910,128.98,47.71,117.97
56920,129.18,48.23,117.97
56930,129.40,47.87,117.97
56940,129.57,48.40,117.97
56950,129.76,48.03,117.97
56960,129.91,48.63,117.97
56970,130.07,48.21,117.97
56980,130.20,48.74,117.97
56990,130.34,48.44,117.97
57000,130.44,48.84,117.97
57010,130.55,48.78,117.97
57020,130.64,48.86,117.97
57030,130.71,49.10,117.97
57040,130.79,49.01,117.97
57050,130.83,49.38,117.97
57060,130.88,49.22,117.97
57070,130.91,49.62,117.97
57080,130.94,49.35,117.97
57090,130.95,49.83,117.97
57100,130.96,49.62,117.97
57110,130.94,50.03,117.97
57120,130.94,49.85,117.97
57130,130.91,50.19,117.97
57140,130.88,50.14,117.97
57150,130.84,50.20,117.97
57160,130.79,50.41,117.97
57170,130.75,50.14,117.97
57180,130.69,50.49,117.97
57190,130.65,50.06,117.97
57200,130.59,50.52,117.97
57210,130.54,50.07,117.97
57220,130.47,50.55,117.97
57230,130.41,50.23,117.97
57240,130.35,50.18,117.97
57250,130.27,50.48,117.97
57260,130.22,49.91,117.97
57270,130.14,50.50,117.97
57280,130.09,49.92,117.97
57290,130.03,49.93,117.97
57300,129.96,50.24,117.97
57310,129.90,49.78,117.97
57320,129.83,50.19,117.97
57330,129.77,49.78,117.97
57340,129.71,49.70,117.97
57350,129.64,49.97,117.97
57360,129.57,49.83,117.97
57370,129.51,49.63,117.97
57380,129.44,49.93,117.97
57390,129.38,49.56,117.97
57400,129.30,49.90,117.97
57410,129.25,49.40,117.97
57420,129.17,49.85,117.97
57430,129.11,49.52,117.97
57440,129.04,49.59,117.97
57450,128.96,49.72,117.97
57460,128.90,49.40,117.97
57470,128.82,49.72,117.97
57480,128.75,49.34,117.97
57490,128.66,49.83,117.97
57500,128.60,49.24,117.97
57510,128.52,49.73,117.97
57520,128.44,49.43,117.97
57530,128.37,49.46,117.97
57540,128.29,49.52,117.97
57550,128.22,49.34,117.97
57560,128.13,49.60,117.97
57570,128.07,49.10,117.97
57580,127.98,49.71,117.97
57590,127.91,49.17,117.97
57600,127.82,49.59,117.97
57610,127.74,49.27,117.97
57620,127.65,49.56,117.97
57630,127.57,49.42,117.97
57640,127.49,49.40,117.97
57650,127.40,49.44,117.97
57660,127.32,49.40,117.97
57670,127.22,49.62,117.97
57680,127.14,49.31,117.97
57690,127.04,49.68,117.97
57700,126.95,49.34,117.97
57710,126.84,49.92,117.97
57720,126.76,49.39,117.97
57730,126.64,49.94,117.97
57740,126.55,49.45,117.97
57750,126.44,49.95,117.97
57760,126.34,49.68,117.97
57770,126.23,49.81,117.97
57780,126.13,49.85,117.97
57790,126.02,49.85,117.97
57800,125.90,50.03,117.97
57810,125.80,49.74,117.97
57820,125.68,50.24,117.97
57830,125.58,49.76,117.97
57840,125.45,50.23,117.97
57850,125.35,49.89,117.97
57860,125.22,50.29,117.97
57870,125.11,50.19,117.97
57880,124.99,50.19,117.97
57890,124.86,50.40,117.97
57900,124.75,50.14,117.97
57910,124.62,50.60,117.97
57920,124.51,50.17,117.97
57930,124.37,50.76,117.97
57940,124.25,50.33,117.97
57950,124.12,50.65,117.97
57960,123.99,50.64,117.97
57970,123.88,50.48,117.97
57980,123.73,50.96,117.97
57990,123.62,50.39,117.97
58000,123.49,50.93,117.97
58010,123.37,50.71,117.97
58020,123.24,50.91,117.97
58030,123.10,50.97,117.97
58040,122.98,50.82,117.97
58050,122.83,51.36,117.97
58060,122.71,51.04,117.97
58070,122.56,51.37,117.97
58080,122.42,51.34,117.97
58090,122.29,51.22,117.97
58100,122.15,51.54,117.97
58110,122.02,51.30,117.97
58120,121.88,51.58,117.97
58130,121.74,51.69,117.97
58140,121.61,51.40,117.97
58150,121.46,51.92,117.97
58160,121.33,51.70,117.97
58170,121.20,51.69,117.97
58180,121.05,52.13,117.97
58190,120.91,51.85,117.97
58200,120.77,51.97,117.97
58210,120.63,52.26,117.97
58220,120.50,51.79,117.97
58230,120.37,52.21,117.97
58240,120.22,52.33,117.97
58250,120.10,51.97,117.97
58260,119.96,52.39,117.97
58270,119.82,52.45,117.97
58280,119.70,52.11,117.97
58290,119.57,52.50,117.97
58300,119.43,52.66,117.97
58310,119.31,52.24,117.97
58320,119.19,52.56,117.97
58330,119.05,52.82,117.97
58340,118.93,52.47,117.97
58350,118.81,52.72,117.97
58360,118.67,52.95,117.97
58370,118.56,52.58,117.97
58380,118.45,52.63,117.97
58390,118.32,53.04,117.97
58400,118.20,52.93,117.97
58410,118.10,52.63,117.97
58420,117.98,52.95,117.97
58430,117.87,53.05,117.97
58440,117.77,52.68,117.97
58450,117.67,52.84,117.97
58460,117.55,53.20,117.97
58470,117.45,53.03,117.97
58480,117.37,52.65,117.97
58490,117.28,52.89,117.97
58500,117.18,53.18,117.97
58510,117.09,52.92,117.97
58520,117.02,52.71,117.97
58530,116.93,53.02,117.97
58540,116.84,53.16,117.97
58550,116.76,53.10,117.97
58560,116.69,52.78,117.97
58570,116.63,52.79,117.97
58580,116.55,53.12,117.97
58590,116.49,52.80,117.97
58600,116.42,53.16,117.97
58610,116.35,53.10,117.97
58620,116.30,52.69,117.97
58630,116.25,52.73,117.97
58640,116.19,53.14,117.97
58650,116.13,53.00,117.97
58660,116.09,52.71,117.97
58670,116.04,52.94,117.97
58680,115.99,53.05,117.97
58690,115.96,52.73,117.97
58700,115.93,52.65,117.97
58710,115.88,52.99,117.97
58720,115.84,52.94,117.97
58730,115.82,52.53,117.97
58740,115.80,52.61,117.97
58750,115.76,53.07,117.97
58760,115.73,52.80,117.97
58770,115.72,52.50,117.97
58780,115.70,52.83,117.97
58790,115.67,52.97,117.97
58800,115.65,52.61,117.97
58810,115.65,52.52,117.97
58820,115.63,52.82,117.97
58830,115.61,52.78,117.97
58840,115.61,52.45,117.97
58850,115.61,52.53,117.97
58860,115.59,52.80,117.97
58870,115.59,52.57,117.97
58880,115.60,52.34,117.97
58890,115.59,52.65,117.97
58900,115.59,52.75,117.97
58910,115.60,52.26,117.97
58920,115.61,52.38,117.97
58930,115.60,52.81,117.97
58940,115.61,52.53,117.97
58950,115.62,52.34,117.97
58960,115.62,52.66,117.97
58970,115.62,52.69,117.97
58980,115.63,52.39,117.97
58990,115.64,52.47,117.97
59000,115.64,52.81,117.97
59010,115.63,52.73,117.97
59020,115.65,52.41,117.97
59030,115.65,52.74,117.97
59040,115.64,52.89,117.97
59050,115.65,52.64,117.97
59060,115.65,52.83,117.97
59070,115.64,53.00,117.97
59080,115.64,52.70,117.97
59090,115.66,52.55,117.97
59100,115.65,52.94,117.97
59110,115.64,53.01,117.97
59120,115.65,52.71,117.97
59130,115.65,52.88,117.97
59140,115.64,53.20,117.97
59150,115.64,52.91,117.97
59160,115.65,52.68,117.97
59170,115.65,53.06,117.97
59180,115.64,53.13,117.97
59190,115.65,52.70,117.97
59200,115.66,52.71,117.97
59210,115.66,53.11,117.97
59220,115.66,53.01,117.97
59230,115.67,52.78,117.97
59240,115.68,52.92,117.97
59250,115.67,53.13,117.97
59260,115.68,52.90,117.97
59270,115.69,52.83,117.97
59280,115.69,53.27,117.97
59290,115.68,53.30,117.97
59300,115.69,52.82,117.97
59310,115.70,52.96,117.97
59320,115.69,53.38,117.97
59330,115.68,53.29,117.97
59340,115.69,53.00,117.97
59350,115.69,53.21,117.97
59360,115.68,53.49,117.97
59370,115.68,53.21,117.97
59380,115.69,52.99,117.97
59390,115.69,53.30,117.97
59400,115.68,53.48,117.97
59410,115.68,53.31,117.97
59420,115.69,53.06,117.97
59430,115.69,53.32,117.97
59440,115.68,53.53,117.97
59450,115.69,53.26,117.97
59460,115.70,53.12,117.97
59470,115.70,53.40,117.97
59480,115.69,53.66,117.97
59490,115.69,53.31,117.97
59500,115.70,53.18,117.97
59510,115.70,53.39,117.97
59520,115.69,53.67,117.97
59530,115.70,53.36,117.97
59540,115.71,53.18,117.97
59550,115.72,53.46,117.97
59560,115.71,53.72,117.97
59570,115.71,53.46,117.97
59580,115.72,53.34,117.97
59590,115.72,53.53,117.97
59600,115.71,53.80,117.97
59610,115.71,53.58,117.97
59620,115.72,53.37,117.97
59630,115.72,53.54,117.97
59640,115.71,53.85,117.97
59650,115.70,53.81,117.97
59660,115.71,53.48,117.97
59670,115.71,53.57,117.97
59680,115.71,53.83,117.97
59690,115.70,53.83,117.97
59700,115.71,53.52,117.97
59710,115.72,53.52,117.97
59720,115.72,53.73,117.97
59730,115.72,53.87,117.97
59740,115.72,53.76,117.97
59750,115.73,53.46,117.97
59760,115.75,53.52,117.97
59770,115.74,53.83,117.97
59780,115.73,54.05,117.97
59790,115.73,53.83,117.97
59800,115.73,53.88,117.97
59810,115.75,53.51,117.97
59820,115.76,53.68,117.97
59830,115.75,54.02,117.97
59840,115.74,54.12,117.97
59850,115.75,53.82,117.97
59860,115.74,54.12,117.97
59870,115.73,54.11,117.97
59880,115.74,53.82,117.97
59890,115.75,53.77,117.97
59900,115.75,53.97,117.97
59910,115.74,54.27,117.97
59920,115.73,54.24,117.97
59930,115.73,53.91,117.97
59940,115.74,53.84,117.97
59950,115.74,54.16,117.97
59960,115.72,54.38,117.97
59970,115.72,54.20,117.97
59980,115.73,53.94,117.97
59990,115.74,53.99,117.97
60000,115.73,54.17,117.97
60010,115.72,50.61,111.49
60020,115.72,50.51,111.49
60030,115.72,50.18,111.49
60040,115.73,50.20,111.49
60050,115.72,50.53,111.49
60060,115.71,50.40,111.49
60070,115.72,50.06,111.49
60080,115.72,50.21,111.49
60090,115.70,50.54,111.49
60100,115.69,50.30,111.49
60110,115.70,50.07,111.49
60120,115.68,50.45,111.49
60130,115.66,50.41,111.49
60140,115.66,50.03,111.49
60150,115.64,50.44,111.49
60160,115.63,50.38,111.49
60170,115.62,50.12,111.49
60180,115.59,50.61,111.49
60190,115.58,50.23,111.49
60200,115.56,50.28,111.49
60210,115.53,50.50,111.49
60220,115.52,50.12,111.49
60230,115.50,50.45,111.49
60240,115.48,50.29,111.49
60250,115.47,50.06,111.49
60260,115.44,50.50,111.49
60270,115.42,50.14,111.49
60280,115.39,50.42,111.49
60290,115.36,50.48,111.49
60300,115.35,50.16,111.49
60310,115.30,50.66,111.49
60320,115.28,50.28,111.49
60330,115.24,50.50,111.49
60340,115.20,50.64,111.49
60350,115.18,50.32,111.49
60360,115.13,50.66,111.49
60370,115.10,50.43,111.49
60380,115.06,50.53,111.49
60390,115.01,50.82,111.49
60400,114.98,50.39,111.49
60410,114.93,50.83,111.49
60420,114.89,50.64,111.49
60430,114.85,50.50,111.49
60440,114.80,50.86,111.49
60450,114.76,50.54,111.49
60460,114.71,50.83,111.49
60470,114.66,50.86,111.49
60480,114.62,50.60,111.49
60490,114.56,51.06,111.49
60500,114.51,50.87,111.49
60510,114.46,50.83,111.49
60520,114.39,51.27,111.49
60530,114.34,50.78,111.49
60540,114.28,51.18,111.49
60550,114.21,51.25,111.49
60560,114.16,50.97,111.49
60570,114.08,51.58,111.49
60580,114.02,51.25,111.49
60590,113.95,51.36,111.49
60600,113.87,51.65,111.49
60610,113.81,51.27,111.49
60620,113.73,51.63,111.49
60630,113.65,51.72,111.49
60640,113.59,51.43,111.49
60650,113.50,51.85,111.49
60660,113.43,51.68,111.49
60670,113.36,51.58,111.49
60680,113.27,52.06,111.49
60690,113.19,51.85,111.49
60700,113.12,51.79,111.49
60710,113.03,52.11,111.49
60720,112.96,51.98,111.49
60730,112.89,51.85,111.49
60740,112.79,52.41,111.49
60750,112.71,52.19,111.49
60760,112.63,52.03,111.49
60770,112.54,52.46,111.49
60780,112.46,52.33,111.49
60790,112.38,52.16,111.49
60800,112.29,52.62,111.49
60810,112.20,52.60,111.49
60820,112.13,52.16,111.49
60830,112.05,52.54,111.49
60840,111.95,52.78,111.49
60850,111.88,52.41,111.49
60860,111.80,52.58,111.49
60870,111.71,52.93,111.49
60880,111.62,52.73,111.49
60890,111.55,52.55,111.49
60900,111.47,52.91,111.49
60910,111.38,52.98,111.49
60920,111.31,52.67,111.49
60930,111.24,52.76,111.49
60940,111.15,53.14,111.49
60950,111.08,52.86,111.49
60960,111.02,52.63,111.49
60970,110.94,53.07,111.49
60980,110.86,53.18,111.49
60990,110.80,52.81,111.49
61000,110.74,52.88,111.49
61010,110.67,53.01,111.49
61020,110.59,53.34,111.49
61030,110.52,53.06,111.49
61040,110.48,52.77,111.49
61050,110.41,53.08,111.49
61060,110.34,53.34,111.49
61070,110.28,53.11,111.49
61080,110.22,53.30,111.49
61090,110.17,53.08,111.49
61100,110.13,52.85,111.49
61110,110.07,53.14,111.49
61120,110.01,53.39,111.49
61130,109.96,53.21,111.49
61140,109.92,52.99,111.49
61150,109.88,53.18,111.49
61160,109.82,53.37,111.49
61170,109.78,53.15,111.49
61180,109.75,52.98,111.49
61190,109.71,53.29,111.49
61200,109.66,53.40,111.49
61210,109.63,52.95,111.49
61220,109.61,52.89,111.49
61230,109.58,53.23,111.49
61240,109.54,53.30,111.49
61250,109.52,53.02,111.49
61260,109.50,52.93,111.49
61270,109.47,53.23,111.49
61280,109.45,53.18,111.49
61290,109.43,52.94,111.49
61300,109.43,52.89,111.49
61310,109.40,53.21,111.49
61320,109.38,53.28,111.49
61330,109.37,52.97,111.49
61340,109.36,52.85,111.49
61350,109.35,53.10,111.49
61360,109.33,53.15,111.49
61370,109.34,52.81,111.49
61380,109.34,52.85,111.49
61390,109.32,53.13,111.49
61400,109.31,53.21,111.49
61410,109.31,52.82,111.49
61420,109.33,52.70,111.49
61430,109.32,53.00,111.49
61440,109.32,53.03,111.49
61450,109.33,52.75,111.49
61460,109.34,52.82,111.49
61470,109.33,53.08,111.49
61480,109.33,53.06,111.49
61490,109.35,52.77,111.49
61500,109.36,52.83,111.49
61510,109.35,53.21,111.49
61520,109.35,53.07,111.49
61530,109.36,52.78,111.49
61540,109.37,52.96,111.49
61550,109.36,53.28,111.49
61560,109.36,53.10,111.49
61570,109.37,52.96,111.49
61580,109.37,53.16,111.49
61590,109.36,53.35,111.49
61600,109.36,53.07,111.49
61610,109.37,52.89,111.49
61620,109.37,53.23,111.49
61630,109.36,53.41,111.49
61640,109.36,53.26,111.49
61650,109.37,53.00,111.49
61660,109.37,53.21,111.49
61670,109.37,53.41,111.49
61680,109.36,53.32,111.49
61690,109.38,52.99,111.49
61700,109.39,53.04,111.49
61710,109.38,53.43,111.49
61720,109.38,53.40,111.49
61730,109.39,53.12,111.49
61740,109.41,53.07,111.49
61750,109.40,53.51,111.49
61760,109.38,53.64,111.49
61770,109.39,53.30,111.49
61780,109.40,53.11,111.49
61790,109.41,53.33,111.49
61800,109.40,53.63,111.49
61810,109.39,53.50,111.49
61820,109.41,53.21,111.49
61830,109.41,53.36,111.49
61840,109.40,53.72,111.49
61850,109.39,53.64,111.49
61860,109.40,53.43,111.49
61870,109.40,53.43,111.49
61880,109.39,53.69,111.49
61890,109.38,53.73,111.49
61900,109.39,53.50,111.49
61910,109.40,53.42,111.49
61920,109.39,53.66,111.49
61930,109.38,53.89,111.49
61940,109.38,53.66,111.49
61950,109.39,53.46,111.49
61960,109.39,53.59,111.49
61970,109.38,53.88,111.49
61980,109.38,53.78,111.49
61990,109.39,53.45,111.49
62000,109.40,53.52,111.49
62010,109.39,53.77,111.49
62020,109.39,53.81,111.49
62030,109.40,53.61,111.49
62040,109.41,53.54,111.49
62050,109.40,53.86,111.49
62060,109.39,54.10,111.49
62070,109.39,53.85,111.49
62080,109.40,53.64,111.49
62090,109.40,53.78,111.49
62100,109.39,54.05,111.49
62110,109.38,53.98,111.49
62120,109.39,53.71,111.49
62130,109.40,53.74,111.49
62140,109.39,54.00,111.49
62150,109.39,54.07,111.49
62160,109.39,53.90,111.49
62170,109.40,53.74,111.49
62180,109.40,53.85,111.49
62190,109.39,54.14,111.49
62200,109.39,54.13,111.49
62210,109.39,53.89,111.49
62220,109.41,53.76,111.49
62230,109.41,54.00,111.49
62240,109.39,54.29,111.49
62250,109.39,54.24,111.49
62260,109.38,54.26,111.49
62270,109.38,53.96,111.49
62280,109.40,53.82,111.49
62290,109.40,54.09,111.49
62300,109.41,53.96,111.49
62310,109.42,53.86,111.49
62320,109.42,54.03,111.49
62330,109.42,54.31,111.49
62340,109.41,54.36,111.49
62350,109.41,54.16,111.49
62360,109.42,53.95,111.49
62370,109.43,54.01,111.49
62380,109.42,54.33,111.49
62390,109.41,54.51,111.49
62400,109.40,54.39,111.49
62410,109.41,54.11,111.49
62420,109.43,53.98,111.49
62430,109.43,54.21,111.49
62440,109.42,54.47,111.49
62450,109.41,54.49,111.49
62460,109.41,54.34,111.49
62470,109.43,54.05,111.49
62480,109.44,54.20,111.49
62490,109.43,54.50,111.49
62500,109.42,54.61,111.49
62510,109.41,54.61,111.49
62520,109.41,54.38,111.49
62530,109.42,54.19,111.49
62540,109.43,54.21,111.49
62550,109.43,54.46,111.49
62560,109.42,54.71,111.49
62570,109.41,54.73,111.49
62580,109.41,54.49,111.49
62590,109.42,54.35,111.49
62600,109.43,54.24,111.49
62610,109.44,54.37,111.49
62620,109.43,54.63,111.49
62630,109.42,54.78,111.49
62640,109.42,54.72,111.49
62650,109.42,54.57,111.49
62660,109.43,54.30,111.49
62670,109.44,54.38,111.49
62680,109.44,54.62,111.49
62690,109.43,54.83,111.49
62700,109.42,54.85,111.49
62710,109.42,54.66,111.49
62720,109.43,54.59,111.49
62730,109.44,54.39,111.49
62740,109.45,54.55,111.49
62750,109.45,54.76,111.49
62760,109.44,54.90,111.49
62770,109.43,54.98,111.49
62780,109.43,54.79,111.49
62790,109.44,54.55,111.49
62800,109.45,54.53,111.49
62810,109.46,54.61,111.49
62820,109.46,54.81,111.49
62830,109.45,54.99,111.49
62840,109.44,55.06,111.49
62850,109.43,54.96,111.49
62860,109.44,54.75,111.49
62870,109.46,54.57,111.49
62880,109.47,54.58,111.49
62890,109.48,54.66,111.49
62900,109.48,54.84,111.49
62910,109.48,54.97,111.49
62920,109.47,55.07,111.49
62930,109.47,55.07,111.49
62940,109.47,54.83,111.49
62950,109.49,54.67,111.49
62960,109.51,54.65,111.49
62970,109.52,54.73,111.49
62980,109.52,54.98,111.49
62990,109.51,55.14,111.49
63000,109.50,55.18,111.49
63010,109.50,55.16,111.49
63020,109.50,55.04,111.49
63030,109.51,54.82,111.49
63040,109.52,54.83,111.49
63050,109.52,54.97,111.49
63060,109.52,55.16,111.49
63070,109.51,55.31,111.49
63080,109.50,55.32,111.49
63090,109.50,55.22,111.49
63100,109.50,55.02,111.49
63110,109.51,54.94,111.49
63120,109.52,54.98,111.49
63130,109.53,55.11,111.49
63140,109.52,55.31,111.49
63150,109.51,55.49,111.49
63160,109.50,55.42,111.49
63170,109.49,55.29,111.49
63180,109.50,55.15,111.49
63190,109.51,54.99,111.49
63200,109.53,55.01,111.49
63210,109.53,55.19,111.49
63220,109.53,55.36,111.49
63230,109.52,55.48,111.49
63240,109.51,55.53,111.49
63250,109.50,55.44,111.49
63260,109.51,55.28,111.49
63270,109.52,55.14,111.49
63280,109.53,55.17,111.49
63290,109.53,55.32,111.49
63300,109.53,55.48,111.49
63310,109.52,55.55,111.49
63320,109.51,55.56,111.49
63330,109.52,55.43,111.49
63340,109.52,55.29,111.49
63350,109.53,55.24,111.49
63360,109.55,55.15,111.49
63370,109.56,55.20,111.49
63380,109.57,55.32,111.49
63390,109.57,55.57,111.49
63400,109.56,55.65,111.49
63410,109.56,55.58,111.49
63420,109.55,55.70,111.49
63430,109.54,55.79,111.49
63440,109.53,55.65,111.49
63450,109.55,55.29,111.49
63460,109.56,55.41,111.49
63470,109.56,55.48,111.49
63480,109.56,55.62,111.49
63490,109.56,55.69,111.49
63500,109.55,55.77,111.49
63510,109.55,55.75,111.49
63520,109.55,55.65,111.49
63530,109.56,55.48,111.49
63540,109.57,55.40,111.49
63550,109.59,55.28,111.49
63560,109.61,55.39,111.49
63570,109.62,55.44,111.49
63580,109.62,55.59,111.49
63590,109.62,55.74,111.49
63600,109.62,55.85,111.49
63610,109.61,55.91,111.49
63620,109.61,55.73,111.49
63630,109.62,55.58,111.49
63640,109.64,55.45,111.49
63650,109.65,55.41,111.49
63660,109.67,55.41,111.49
63670,109.69,55.49,111.49
63680,109.69,55.74,111.49
63690,109.69,55.82,111.49
63700,109.68,55.95,111.49
63710,109.68,55.94,111.49
63720,109.67,55.89,111.49
63730,109.67,55.82,111.49
63740,109.68,55.71,111.49
63750,109.70,55.57,111.49
63760,109.72,55.49,111.49
63770,109.73,55.57,111.49
63780,109.74,55.73,111.49
63790,109.74,55.83,111.49
63800,109.74,55.95,111.49
63810,109.73,56.02,111.49
63820,109.72,56.13,111.49
63830,109.71,56.14,111.49
63840,109.71,55.99,111.49
63850,109.72,55.88,111.49
63860,109.73,55.84,111.49
63870,109.74,55.72,111.49
63880,109.76,55.62,111.49
63890,109.78,55.58,111.49
63900,109.80,55.57,111.49
63910,109.82,55.62,111.49
63920,109.83,55.75,111.49
63930,109.84,55.76,111.49
63940,109.84,56.01,111.49
63950,109.84,56.02,111.49
63960,109.83,56.12,111.49
63970,109.83,56.16,111.49
63980,109.83,56.07,111.49
63990,109.83,56.04,111.49
64000,109.83,56.01,111.49
64010,109.84,58.91,116.60
64020,109.85,58.89,116.60
64030,109.87,58.79,116.60
64040,109.89,58.77,116.60
64050,109.91,58.78,116.60
64060,109.93,58.72,116.60
64070,109.96,58.68,116.60
64080,109.99,58.67,116.60
64090,110.02,58.75,116.60
64100,110.05,58.72,116.60
64110,110.08,58.84,116.60
64120,110.10,58.83,116.60
64130,110.13,58.88,116.60
64140,110.15,59.02,116.60
64150,110.17,59.07,116.60
64160,110.20,58.94,116.60
64170,110.23,58.89,116.60
64180,110.28,58.62,116.60
64190,110.33,58.46,116.60
64200,110.41,58.06,116.60
64210,110.50,57.83,116.60
64220,110.59,57.68,116.60
64230,110.68,57.66,116.60
64240,110.76,57.86,116.60
64250,110.85,57.83,116.60
64260,110.92,57.94,116.60
64270,111.00,57.93,116.60
64280,111.09,57.77,116.60
64290,111.18,57.58,116.60
64300,111.28,57.35,116.60
64310,111.40,57.09,116.60
64320,111.52,56.86,116.60
64330,111.66,56.64,116.60
64340,111.80,56.37,116.60
64350,111.95,56.30,116.60
64360,112.10,56.05,116.60
64370,112.26,55.90,116.60
64380,112.42,55.80,116.60
64390,112.58,55.73,116.60
64400,112.75,55.58,116.60
64410,112.92,55.49,116.60
64420,113.09,55.29,116.60
64430,113.26,55.25,116.60
64440,113.43,55.22,116.60
64450,113.60,55.16,116.60
64460,113.76,55.21,116.60
64470,113.92,55.14,116.60
64480,114.07,55.16,116.60
64490,114.23,55.13,116.60
64500,114.38,55.09,116.60
64510,114.53,55.10,116.60
64520,114.68,55.04,116.60
64530,114.84,54.74,116.60
64540,115.00,54.51,116.60
64550,115.17,54.37,116.60
64560,115.34,54.22,116.60
64570,115.51,54.25,116.60
64580,115.68,54.10,116.60
64590,115.84,54.15,116.60
64600,115.99,54.35,116.60
64610,116.12,54.58,116.60
64620,116.25,54.49,116.60
64630,116.42,53.80,116.60
64640,116.57,53.92,116.60
64650,116.71,54.15,116.60
64660,116.84,54.24,116.60
64670,116.96,54.21,116.60
64680,117.10,53.84,116.60
64690,117.25,53.63,116.60
64700,117.39,53.62,116.60
64710,117.53,53.77,116.60
64720,117.64,54.03,116.60
64730,117.75,54.02,116.60
64740,117.88,53.72,116.60
64750,118.01,53.43,116.60
64760,118.13,53.49,116.60
64770,118.24,53.77,116.60
64780,118.34,53.94,116.60
64790,118.44,53.81,116.60
64800,118.55,53.50,116.60
64810,118.66,53.43,116.60
64820,118.76,53.55,116.60
64830,118.84,53.87,116.60
64840,118.92,53.87,116.60
64850,119.01,53.60,116.60
64860,119.11,53.36,116.60
64870,119.20,53.48,116.60
64880,119.26,53.84,116.60
64890,119.33,53.93,116.60
64900,119.39,53.69,116.60
64910,119.47,53.48,116.60
64920,119.54,53.53,116.60
64930,119.60,53.83,116.60
64940,119.64,54.02,116.60
64950,119.69,53.77,116.60
64960,119.75,53.56,116.60
64970,119.80,53.67,116.60
64980,119.83,53.98,116.60
64990,119.85,54.20,116.60
65000,119.88,53.98,116.60
65010,119.92,53.75,116.60
65020,119.96,53.80,116.60
65030,119.98,54.03,116.60
65040,119.98,54.38,116.60
65050,120.00,54.16,116.60
65060,120.02,53.87,116.60
65070,120.05,53.76,116.60
65080,120.06,54.09,116.60
65090,120.06,54.38,116.60
65100,120.05,54.47,116.60
65110,120.04,54.28,116.60
65120,120.05,54.09,116.60
65130,120.06,54.00,116.60
65140,120.05,54.33,116.60
65150,120.03,54.54,116.60
65160,120.01,54.49,116.60
65170,120.01,54.19,116.60
65180,120.02,54.01,116.60
65190,120.02,54.02,116.60
65200,120.01,54.21,116.60
65210,119.99,54.45,116.60
65220,119.98,54.28,116.60
65230,119.98,54.06,116.60
65240,119.98,53.83,116.60
65250,119.99,53.79,116.60
65260,119.99,54.03,116.60
65270,119.97,54.21,116.60
65280,119.96,54.12,116.60
65290,119.97,53.80,116.60
65300,119.98,53.56,116.60
65310,119.99,53.63,116.60
65320,119.99,53.76,116.60
65330,119.98,54.02,116.60
65340,119.98,53.87,116.60
65350,119.98,53.57,116.60
65360,120.00,53.44,116.60
65370,120.00,53.63,116.60
65380,119.99,53.83,116.60
65390,119.98,53.90,116.60
65400,119.98,53.64,116.60
65410,119.99,53.39,116.60
65420,119.99,53.51,116.60
65430,119.98,53.77,116.60
65440,119.97,53.87,116.60
65450,119.96,53.67,116.60
65460,119.96,53.41,116.60
65470,119.97,53.39,116.60
65480,119.96,53.57,116.60
65490,119.95,53.75,116.60
65500,119.94,53.51,116.60
65510,119.95,53.23,116.60
65520,119.96,53.22,116.60
65530,119.95,53.51,116.60
65540,119.94,53.58,116.60
65550,119.93,53.37,116.60
65560,119.95,53.06,116.60
65570,119.96,53.05,116.60
65580,119.95,53.33,116.60
65590,119.94,53.51,116.60
65600,119.94,53.22,116.60
65610,119.95,52.94,116.60
65620,119.95,53.12,116.60
65630,119.94,53.29,116.60
65640,119.94,53.19,116.60
65650,119.95,52.86,116.60
65660,119.96,52.85,116.60
65670,119.95,53.19,116.60
65680,119.94,53.23,116.60
65690,119.94,53.01,116.60
65700,119.95,52.76,116.60
65710,119.95,53.08,116.60
65720,119.93,53.26,116.60
65730,119.93,53.01,116.60
65740,119.93,52.73,116.60
65750,119.94,52.83,116.60
65760,119.94,52.76,116.60
65770,119.93,53.09,116.60
65780,119.92,52.99,116.60
65790,119.92,52.69,116.60
65800,119.91,53.04,116.60
65810,119.91,52.70,116.60
65820,119.92,52.54,116.60
65830,119.91,52.89,116.60
65840,119.90,53.01,116.60
65850,119.90,52.70,116.60
65860,119.91,52.45,116.60
65870,119.90,52.73,116.60
65880,119.89,52.88,116.60
65890,119.89,52.55,116.60
65900,119.90,52.45,116.60
65910,119.89,52.72,116.60
65920,119.87,52.84,116.60
65930,119.88,52.44,116.60
65940,119.88,52.31,116.60
65950,119.88,52.60,116.60
65960,119.86,52.73,116.60
65970,119.87,52.31,116.60
65980,119.87,52.35,116.60
65990,119.86,52.71,116.60
66000,119.85,52.54,116.60
66010,119.86,52.10,116.60
66020,119.86,52.34,116.60
66030,119.84,52.64,116.60
66040,119.84,52.34,116.60
66050,119.85,52.09,116.60
66060,119.84,52.37,116.60
66070,119.83,52.57,116.60
66080,119.83,52.18,116.60
66090,119.84,52.03,116.60
66100,119.82,52.45,116.60
66110,119.81,52.34,116.60
66120,119.82,51.98,116.60
66130,119.82,52.16,116.60
66140,119.80,52.40,116.60
66150,119.80,52.07,116.60
66160,119.81,51.98,116.60
66170,119.79,52.36,116.60
66180,119.78,52.29,116.60
66190,119.79,51.79,116.60
66200,119.79,51.93,116.60
66210,119.78,52.26,116.60
66220,119.78,51.93,116.60
66230,119.79,51.71,116.60
66240,119.78,52.08,116.60
66250,119.77,52.19,116.60
66260,119.77,51.74,116.60
66270,119.77,51.82,116.60
66280,119.76,52.13,116.60
66290,119.76,51.81,116.60
66300,119.77,51.63,116.60
66310,119.76,51.93,116.60
66320,119.75,51.99,116.60
66330,119.75,51.59,116.60
66340,119.75,51.71,116.60
66350,119.73,52.05,116.60
66360,119.73,51.66,116.60
66370,119.74,51.60,116.60
66380,119.72,51.94,116.60
66390,119.72,51.73,116.60
66400,119.72,51.52,116.60
66410,119.71,51.88,116.60
66420,119.70,51.68,116.60
66430,119.71,51.39,116.60
66440,119.70,51.77,116.60
66450,119.68,51.79,116.60
66460,119.69,51.37,116.60
66470,119.68,51.73,116.60
66480,119.66,51.90,116.60
66490,119.66,51.34,116.60
66500,119.65,51.61,116.60
66510,119.63,51.88,116.60
66520,119.63,51.42,116.60
66530,119.63,51.42,116.60
66540,119.61,51.81,116.60
66550,119.61,51.37,116.60
66560,119.61,51.34,116.60
66570,119.58,51.80,116.60
66580,119.58,51.40,116.60
66590,119.58,51.29,116.60
66600,119.55,51.83,116.60
66610,119.54,51.45,116.60
66620,119.54,51.24,116.60
66630,119.52,51.74,116.60
66640,119.51,51.42,116.60
66650,119.51,51.27,116.60
66660,119.49,51.60,116.60
66670,119.47,51.53,116.60
66680,119.47,51.22,116.60
66690,119.45,51.54,116.60
66700,119.43,51.57,116.60
66710,119.43,51.14,116.60
66720,119.42,51.43,116.60
66730,119.40,51.51,116.60
66740,119.40,51.21,116.60
66750,119.39,51.31,116.60
66760,119.36,51.58,116.60
66770,119.36,51.16,116.60
66780,119.35,51.18,116.60
66790,119.33,51.58,116.60
66800,119.32,51.14,116.60
66810,119.31,51.18,116.60
66820,119.29,51.47,116.60
66830,119.29,51.11,116.60
66840,119.28,51.18,116.60
66850,119.25,51.53,116.60
66860,119.24,51.15,116.60
66870,119.24,51.05,116.60
66880,119.21,51.55,116.60
66890,119.22,50.87,116.60
66900,119.21,51.12,116.60
66910,119.20,51.11,116.60
66920,119.18,51.30,116.60
66930,119.18,50.83,116.60
66940,119.17,51.09,116.60
66950,119.15,51.29,116.60
66960,119.13,51.23,116.60
66970,119.14,50.80,116.60
66980,119.14,50.86,116.60
66990,119.12,51.19,116.60
67000,119.12,50.76,116.60
67010,119.12,50.78,116.60
67020,119.11,51.13,116.60
67030,119.11,50.69,116.60
67040,119.11,50.74,116.60
67050,119.10,50.96,116.60
67060,119.11,50.60,116.60
67070,119.10,50.86,116.60
67080,119.09,50.93,116.60
67090,119.10,50.53,116.60
67100,119.09,50.77,116.60
67110,119.09,50.71,116.60
67120,119.10,50.48,116.60
67130,119.08,50.93,116.60
67140,119.08,50.70,116.60
67150,119.08,50.44,116.60
67160,119.07,50.86,116.60
67170,119.07,50.47,116.60
67180,119.07,50.59,116.60
67190,119.06,50.79,116.60
67200,119.06,50.44,116.60
67210,119.06,50.59,116.60
67220,119.05,50.78,116.60
67230,119.06,50.25,116.60
67240,119.05,50.68,116.60
67250,119.05,50.46,116.60
67260,119.05,50.24,116.60
67270,119.04,50.71,116.60
67280,119.04,50.39,116.60
67290,119.04,50.45,116.60
67300,119.02,50.70,116.60
67310,119.02,50.39,116.60
67320,119.01,50.61,116.60
67330,119.00,50.56,116.60
67340,119.00,50.22,116.60
67350,118.99,50.67,116.60
67360,118.98,50.43,116.60
67370,118.97,50.48,116.60
67380,118.95,50.73,116.60
67390,118.95,50.30,116.60
67400,118.93,50.64,116.60
67410,118.92,50.51,116.60
67420,118.92,50.31,116.60
67430,118.89,50.71,116.60
67440,118.89,50.29,116.60
67450,118.88,50.52,116.60
67460,118.85,50.71,116.60
67470,118.84,50.35,116.60
67480,118.82,50.76,116.60
67490,118.81,50.47,116.60
67500,118.79,50.44,116.60
67510,118.77,50.69,116.60
67520,118.77,50.26,116.60
67530,118.74,50.63,116.60
67540,118.73,50.54,116.60
67550,118.72,50.31,116.60
67560,118.69,50.72,116.60
67570,118.69,50.29,116.60
67580,118.67,50.46,116.60
67590,118.64,50.69,116.60
67600,118.64,50.32,116.60
67610,118.60,50.81,116.60
67620,118.58,50.55,116.60
67630,118.57,50.50,116.60
67640,118.53,50.84,116.60
67650,118.52,50.36,116.60
67660,118.50,50.71,116.60
67670,118.47,50.74,116.60
67680,118.45,50.42,116.60
67690,118.42,50.88,116.60
67700,118.40,50.54,116.60
67710,118.38,50.62,116.60
67720,118.34,50.88,116.60
67730,118.33,50.46,116.60
67740,118.30,50.79,116.60
67750,118.27,50.81,116.60
67760,118.25,50.53,116.60
67770,118.21,50.98,116.60
67780,118.18,50.74,116.60
67790,118.15,50.76,116.60
67800,118.12,51.00,116.60
67810,118.10,50.60,116.60
67820,118.06,50.91,116.60
67830,118.03,50.90,116.60
67840,118.02,50.51,116.60
67850,117.98,51.06,116.60
67860,117.95,50.77,116.60
67870,117.92,50.80,116.60
67880,117.88,51.14,116.60
67890,117.86,50.78,116.60
67900,117.82,51.00,116.60
67910,117.78,51.13,116.60
67920,117.76,50.66,116.60
67930,117.72,51.09,116.60
67940,117.69,51.02,116.60
67950,117.67,50.84,116.60
67960,117.62,51.23,116.60
67970,117.60,50.92,116.60
67980,117.57,50.87,116.60
67990,117.53,51.30,116.60
68000,117.50,50.89,116.60
68010,117.47,3.79,35.52
68020,117.43,3.58,35.52
68030,117.39,2.81,35.52
68040,117.34,2.76,35.52
68050,117.23,3.38,35.52
68060,117.11,3.07,35.52
68070,116.95,3.24,35.52
68080,116.75,3.84,35.52
68090,116.51,4.29,35.52
68100,116.23,4.60,35.52
68110,115.91,5.01,35.52
68120,115.55,5.70,35.52
68130,115.16,5.83,35.52
68140,114.71,6.78,35.52
68150,114.22,7.29,35.52
68160,113.69,7.90,35.52
68170,113.11,8.65,35.52
68180,112.51,9.13,35.52
68190,111.85,9.92,35.52
68200,111.15,10.74,35.52
68210,110.41,11.54,35.52
68220,109.63,12.31,35.52
68230,108.81,12.97,35.52
68240,107.95,13.90,35.52
68250,107.04,14.79,35.52
68260,106.09,15.79,35.52
68270,105.08,17.00,35.52
68280,104.04,17.92,35.52
68290,102.95,18.93,35.52
68300,101.83,19.85,35.52
68310,100.66,20.99,35.52
68320,99.45,22.09,35.52
68330,98.19,23.48,35.52
68340,96.89,24.63,35.52
68350,95.55,25.77,35.52
68360,94.15,27.36,35.52
68370,92.71,28.50,35.52
68380,91.25,29.52,35.52
68390,89.74,31.09,35.52
68400,88.19,32.33,35.52
68410,86.57,34.16,35.52
68420,84.93,35.41,35.52
68430,83.20,37.92,35.52
68440,81.45,38.93,35.52
68450,79.70,39.50,35.52
68460,77.91,41.20,35.52
68470,76.05,43.41,35.52
68480,74.16,44.80,35.52
68490,72.22,46.65,35.52
68500,70.27,47.85,35.52
68510,68.26,49.93,35.52
68520,66.23,51.38,35.52
68530,64.17,52.80,35.52
68540,62.07,54.85,35.52
68550,59.94,56.38,35.52
68560,57.75,58.52,35.52
68570,55.55,60.02,35.52
68580,53.35,61.19,35.52
68590,51.14,62.74,35.52
68600,48.92,63.80,35.52
68610,46.70,65.17,35.52
68620,44.46,66.75,35.52
68630,42.24,67.60,35.52
68640,40.05,68.30,35.52
68650,37.90,68.60,35.52
68660,35.79,69.15,35.52
68670,33.73,69.30,35.52
68680,31.71,69.59,35.52
68690,29.68,71.10,35.52
68700,27.64,72.55,35.52
68710,25.75,70.71,35.52
68720,23.96,69.73,35.52
68730,22.10,72.27,35.52
68740,20.46,68.96,35.52
68750,18.73,71.81,35.52
68760,17.21,68.65,35.52
68770,15.64,70.87,35.52
68780,14.24,68.23,35.52
68790,12.91,67.74,35.52
68800,11.60,68.36,35.52
68810,10.45,65.80,35.52
68820,9.37,65.42,35.52
68830,8.30,65.78,35.52
68840,7.43,62.63,35.52
68850,6.57,63.14,35.52
68860,5.82,61.55,35.52
68870,5.19,59.65,35.52
68880,4.56,60.26,35.52
68890,4.12,56.82,35.52
68900,3.64,58.33,35.52
68910,3.36,54.55,35.52
68920,3.05,55.52,35.52
68930,2.87,53.29,35.52
68940,2.84,50.56,35.52
68950,2.73,52.38,35.52
68960,2.72,50.49,35.52
68970,2.86,47.87,35.52
68980,3.06,46.66,35.52
68990,3.31,45.69,35.52
69000,3.61,44.73,35.52
69010,3.97,43.69,35.52
69020,4.37,42.77,35.52
69030,4.80,42.13,35.52
69040,5.27,41.24,35.52
69050,5.80,39.92,35.52
69060,6.37,38.99,35.52
69070,6.96,38.29,35.52
69080,7.62,36.95,35.52
69090,8.30,36.16,35.52
69100,9.03,35.02,35.52
69110,9.79,34.14,35.52
69120,10.56,33.74,35.52
69130,11.34,33.09,35.52
69140,12.17,31.81,35.52
69150,13.01,31.40,35.52
69160,13.86,30.80,35.52
69170,14.70,30.46,35.52
69180,15.57,29.63,35.52
69190,16.51,27.89,35.52
69200,17.46,27.27,35.52
69210,18.40,26.95,35.52
69220,19.31,27.17,35.52
69230,20.22,26.76,35.52
69240,21.13,26.24,35.52
69250,22.03,26.02,35.52
69260,22.95,25.40,35.52
69270,23.85,25.09,35.52
69280,24.75,24.75,35.52
69290,25.64,24.63,35.52
69300,26.52,24.08,35.52
69310,27.40,23.97,35.52
69320,28.26,23.68,35.52
69330,29.11,23.48,35.52
69340,29.95,23.34,35.52
69350,30.77,23.21,35.52
69360,31.57,23.09,35.52
69370,32.35,23.16,35.52
69380,33.11,23.08,35.52
69390,33.86,22.93,35.52
69400,34.61,22.58,35.52
69410,35.32,22.80,35.52
69420,36.01,23.03,35.52
69430,36.68,22.88,35.52
69440,37.32,23.08,35.52
69450,37.94,23.12,35.52
69460,38.55,22.96,35.52
69470,39.14,23.00,35.52
69480,39.69,23.32,35.52
69490,40.20,23.94,35.52
69500,40.69,24.10,35.52
69510,41.16,24.04,35.52
69520,41.60,24.43,35.52
69530,42.03,24.41,35.52
69540,42.42,24.85,35.52
69550,42.79,25.02,35.52
69560,43.11,25.72,35.52
69570,43.40,26.07,35.52
69580,43.65,26.67,35.52
69590,43.89,26.71,35.52
69600,44.11,27.01,35.52
69610,44.30,27.53,35.52
69620,44.46,27.80,35.52
69630,44.60,28.07,35.52
69640,44.69,29.03,35.52
69650,44.74,29.52,35.52
69660,44.78,29.93,35.52
69670,44.79,30.27,35.52
69680,44.78,30.66,35.52
69690,44.74,31.31,35.52
69700,44.66,32.00,35.52
69710,44.57,32.30,35.52
69720,44.46,32.67,35.52
69730,44.33,33.07,35.52
69740,44.18,33.37,35.52
69750,44.01,34.02,35.52
69760,43.80,34.70,35.52
69770,43.57,35.24,35.52
69780,43.33,35.58,35.52
69790,43.07,35.95,35.52
69800,42.80,36.50,35.52
69810,42.49,37.17,35.52
69820,42.18,37.52,35.52
69830,41.84,38.09,35.52
69840,41.50,38.43,35.52
69850,41.13,39.05,35.52
69860,40.76,39.33,35.52
69870,40.37,39.91,35.52
69880,39.97,40.23,35.52
69890,39.56,40.69,35.52
69900,39.13,41.30,35.52
69910,38.70,41.59,35.52
69920,38.27,41.75,35.52
69930,37.82,42.26,35.52
69940,37.37,42.82,35.52
69950,36.90,43.15,35.52
69960,36.46,43.06,35.52
69970,36.02,43.30,35.52
69980,35.57,43.51,35.52
69990,35.14,43.67,35.52
70000,34.69,44.17,35.52
70010,34.23,44.60,35.52
70020,33.77,44.91,35.52
70030,33.31,45.21,35.52
70040,32.86,45.38,35.52
70050,32.42,45.40,35.52
70060,31.98,45.52,35.52
70070,31.55,45.88,35.52
70080,31.11,46.13,35.52
70090,30.68,46.36,35.52
70100,30.26,46.24,35.52
70110,29.87,46.09,35.52
70120,29.50,45.94,35.52
70130,29.11,46.45,35.52
70140,28.74,46.37,35.52
70150,28.40,46.14,35.52
70160,28.06,46.27,35.52
70170,27.73,46.36,35.52
70180,27.42,46.02,35.52
70190,27.14,45.87,35.52
70200,26.85,46.11,35.52
70210,26.59,45.86,35.52
70220,26.36,45.40,35.52
70230,26.14,45.44,35.52
70240,25.94,45.26,35.52
70250,25.75,44.96,35.52
70260,25.59,44.86,35.52
70270,25.42,44.97,35.52
70280,25.30,44.33,35.52
70290,25.17,44.40,35.52
70300,25.06,44.28,35.52
70310,24.99,43.61,35.52
70320,24.92,43.79,35.52
70330,24.85,43.70,35.52
70340,24.82,43.17,35.52
70350,24.81,42.88,35.52
70360,24.79,43.07,35.52
70370,24.80,42.56,35.52
70380,24.83,42.08,35.52
70390,24.86,42.17,35.52
70400,24.91,41.99,35.52
70410,24.98,41.47,35.52
70420,25.07,41.08,35.52
70430,25.17,41.04,35.52
70440,25.27,40.94,35.52
70450,25.38,40.80,35.52
70460,25.50,40.38,35.52
70470,25.66,39.86,35.52
70480,25.82,39.69,35.52
70490,25.98,39.70,35.52
70500,26.14,39.63,35.52
70510,26.30,39.51,35.52
70520,26.48,39.21,35.52
70530,26.67,39.00,35.52
70540,26.87,38.62,35.52
70550,27.08,38.44,35.52
70560,27.30,38.13,35.52
70570,27.53,37.67,35.52
70580,27.77,37.67,35.52
70590,28.01,37.43,35.52
70600,28.26,37.12,35.52
70610,28.51,37.08,35.52
70620,28.76,37.09,35.52
70630,28.99,37.10,35.52
70640,29.22,37.36,35.52
70650,29.42,37.69,35.52
70660,29.62,37.64,35.52
70670,29.82,37.49,35.52
70680,30.04,37.21,35.52
70690,30.27,36.60,35.52
70700,30.53,36.19,35.52
70710,30.78,36.12,35.52
70720,31.02,36.19,35.52
70730,31.24,36.65,35.52
70740,31.42,37.14,35.52
70750,31.61,37.03,35.52
70760,31.81,36.71,35.52
70770,32.02,36.36,35.52
70780,32.23,36.39,35.52
70790,32.42,36.59,35.52
70800,32.61,36.50,35.52
70810,32.81,36.11,35.52
70820,33.02,36.05,35.52
70830,33.20,36.34,35.52
70840,33.36,36.81,35.52
70850,33.51,36.83,35.52
70860,33.68,36.33,35.52
70870,33.86,36.26,35.52
70880,34.00,36.77,35.52
70890,34.12,37.16,35.52
70900,34.24,36.99,35.52
70910,34.39,36.55,35.52
70920,34.51,36.86,35.52
70930,34.62,37.27,35.52
70940,34.69,37.69,35.52
70950,34.78,37.43,35.52
70960,34.88,37.15,35.52
70970,34.96,37.58,35.52
70980,35.01,38.07,35.52
70990,35.06,38.23,35.52
71000,35.11,37.96,35.52
71010,35.17,37.76,35.52
71020,35.22,38.17,35.52
71030,35.24,38.54,35.52
71040,35.25,38.67,35.52
71050,35.28,38.35,35.52
71060,35.32,38.32,35.52
71070,35.33,38.58,35.52
71080,35.32,39.21,35.52
71090,35.29,39.54,35.52
71100,35.26,39.53,35.52
71110,35.26,39.11,35.52
71120,35.25,39.11,35.52
71130,35.23,39.47,35.52
71140,35.18,40.02,35.52
71150,35.11,40.37,35.52
71160,35.06,40.13,35.52
71170,35.03,39.83,35.52
71180,35.01,39.61,35.52
71190,34.99,39.56,35.52
71200,34.94,40.14,35.52
71210,34.87,40.51,35.52
71220,34.78,41.11,35.52
71230,34.70,40.96,35.52
71240,34.61,41.24,35.52
71250,34.54,40.86,35.52
71260,34.49,40.55,35.52
71270,34.46,40.16,35.52
71280,34.43,40.15,35.52
71290,34.39,40.25,35.52
71300,34.35,40.46,35.52
71310,34.30,40.66,35.52
71320,34.23,41.06,35.52
71330,34.15,41.26,35.52
71340,34.06,41.59,35.52
71350,33.96,41.86,35.52
71360,33.87,41.89,35.52
71370,33.76,42.03,35.52
71380,33.67,42.04,35.52
71390,33.57,42.00,35.52
71400,33.48,41.98,35.52
71410,33.40,41.87,35.52
71420,33.33,41.84,35.52
71430,33.25,42.03,35.52
71440,33.19,41.50,35.52
71450,33.14,41.54,35.52
71460,33.09,41.51,35.52
71470,33.05,41.39,35.52
71480,33.02,41.20,35.52
71490,32.98,41.41,35.52
71500,32.95,41.19,35.52
71510,32.93,41.21,35.52
71520,32.90,41.23,35.52
71530,32.89,41.00,35.52
71540,32.88,41.05,35.52
71550,32.86,41.14,35.52
71560,32.85,41.03,35.52
71570,32.83,41.29,35.52
71580,32.81,41.26,35.52
71590,32.79,41.40,35.52
71600,32.77,41.35,35.52
71610,32.76,41.17,35.52
71620,32.74,41.31,35.52
71630,32.74,41.06,35.52
71640,32.75,40.86,35.52
71650,32.76,40.74,35.52
71660,32.79,40.62,35.52
71670,32.82,40.46,35.52
71680,32.85,40.31,35.52
71690,32.89,40.37,35.52
71700,32.93,40.14,35.52
71710,32.97,40.24,35.52
71720,33.01,40.35,35.52
71730,33.03,40.45,35.52
71740,33.07,40.38,35.52
71750,33.10,40.42,35.52
71760,33.13,40.44,35.52
71770,33.15,40.50,35.52
71780,33.17,40.64,35.52
71790,33.20,40.56,35.52
71800,33.23,40.43,35.52
71810,33.26,40.43,35.52
71820,33.30,40.24,35.52
71830,33.34,40.21,35.52
71840,33.38,40.09,35.52
71850,33.43,39.95,35.52
71860,33.48,39.96,35.52
71870,33.54,39.86,35.52
71880,33.60,39.68,35.52
71890,33.67,39.54,35.52
71900,33.73,39.55,35.52
71910,33.80,39.56,35.52
71920,33.86,39.51,35.52
71930,33.93,39.53,35.52
71940,33.99,39.58,35.52
71950,34.05,39.47,35.52
71960,34.11,39.59,35.52
71970,34.16,39.60,35.52
71980,34.22,39.51,35.52
71990,34.28,39.52,35.52
72000,34.33,39.50,35.52
72010,34.38,19.15,0.48
72020,34.43,18.93,0.48
72030,34.52,18.04,0.48
72040,34.58,18.11,0.48
72050,34.60,18.67,0.48
72060,34.62,18.63,0.48
72070,34.61,18.96,0.48
72080,34.58,19.02,0.48
72090,34.54,19.12,0.48
72100,34.48,19.37,0.48
72110,34.42,18.99,0.48
72120,34.35,19.13,0.48
72130,34.27,19.19,0.48
72140,34.16,19.43,0.48
72150,34.06,19.33,0.48
72160,33.94,19.50,0.48
72170,33.78,20.14,0.48
72180,33.60,20.26,0.48
72190,33.41,20.51,0.48
72200,33.21,20.66,0.48
72210,32.98,21.11,0.48
72220,32.74,21.29,0.48
72230,32.47,21.71,0.48
72240,32.20,21.82,0.48
72250,31.91,22.06,0.48
72260,31.61,22.30,0.48
72270,31.28,22.77,0.48
72280,30.94,22.98,0.48
72290,30.57,23.65,0.48
72300,30.20,23.67,0.48
72310,29.81,24.06,0.48
72320,29.41,24.34,0.48
72330,29.00,24.66,0.48
72340,28.56,25.24,0.48
72350,28.11,25.55,0.48
72360,27.64,25.90,0.48
72370,27.18,25.96,0.48
72380,26.69,26.63,0.48
72390,26.18,27.04,0.48
72400,25.65,27.80,0.48
72410,25.13,27.57,0.48
72420,24.60,27.95,0.48
72430,24.05,28.43,0.48
72440,23.49,28.85,0.48
72450,22.93,29.05,0.48
72460,22.36,29.56,0.48
72470,21.78,29.75,0.48
72480,21.17,30.56,0.48
72490,20.56,30.87,0.48
72500,19.95,31.18,0.48
72510,19.33,31.49,0.48
72520,18.70,31.91,0.48
72530,18.07,32.14,0.48
72540,17.44,32.47,0.48
72550,16.81,32.79,0.48
72560,16.17,33.10,0.48
72570,15.53,33.39,0.48
72580,14.91,33.46,0.48
72590,14.27,33.83,0.48
72600,13.65,33.80,0.48
72610,13.04,34.06,0.48
72620,12.42,34.37,0.48
72630,11.81,34.44,0.48
72640,11.20,34.79,0.48
72650,10.60,34.84,0.48
72660,10.00,34.99,0.48
72670,9.42,35.11,0.48
72680,8.82,35.48,0.48
72690,8.26,35.21,0.48
72700,7.69,35.55,0.48
72710,7.15,35.47,0.48
72720,6.60,35.69,0.48
72730,6.07,35.63,0.48
72740,5.55,35.70,0.48
72750,5.05,35.53,0.48
72760,4.56,35.64,0.48
72770,4.09,35.39,0.48
72780,3.63,35.46,0.48
72790,3.19,35.33,0.48
72800,2.77,35.36,0.48
72810,2.36,35.02,0.48
72820,1.97,35.11,0.48
72830,1.60,34.82,0.48
72840,1.24,34.70,0.48
72850,0.90,34.64,0.48
72860,0.59,34.20,0.48
72870,0.28,34.45,0.48
72880,0.00,33.84,0.48
72890,-0.26,33.76,0.48
72900,-0.51,33.53,0.48
72910,-0.73,33.19,0.48
72920,-0.94,33.06,0.48
72930,-1.11,32.44,0.48
72940,-1.28,32.49,0.48
72950,-1.41,31.89,0.48
72960,-1.54,31.89,0.48
72970,-1.65,31.51,0.48
72980,-1.74,31.12,0.48
72990,-1.81,30.93,0.48
73000,-1.85,30.38,0.48
73010,-1.89,30.31,0.48
73020,-1.90,29.80,0.48
73030,-1.89,29.47,0.48
73040,-1.87,29.16,0.48
73050,-1.83,28.86,0.48
73060,-1.78,28.56,0.48
73070,-1.71,28.03,0.48
73080,-1.62,27.86,0.48
73090,-1.52,27.46,0.48
73100,-1.42,27.29,0.48
73110,-1.29,26.95,0.48
73120,-1.17,26.72,0.48
73130,-1.01,26.16,0.48
73140,-0.86,26.13,0.48
73150,-0.70,25.74,0.48
73160,-0.51,25.28,0.48
73170,-0.32,24.95,0.48
73180,-0.12,24.84,0.48
73190,0.10,24.28,0.48
73200,0.32,24.09,0.48
73210,0.54,23.97,0.48
73220,0.75,23.86,0.48
73230,1.00,23.24,0.48
73240,1.24,23.11,0.48
73250,1.48,22.96,0.48
73260,1.74,22.50,0.48
73270,1.99,22.50,0.48
73280,2.24,22.24,0.48
73290,2.50,22.05,0.48
73300,2.76,21.81,0.48
73310,3.03,21.47,0.48
73320,3.31,21.00,0.48
73330,3.59,20.92,0.48
73340,3.86,20.81,0.48
73350,4.12,21.01,0.48
73360,4.42,19.96,0.48
73370,4.72,19.67,0.48
73380,5.00,20.03,0.48
73390,5.24,20.43,0.48
73400,5.52,19.55,0.48
73410,5.80,19.44,0.48
73420,6.07,19.45,0.48
73430,6.34,19.11,0.48
73440,6.61,19.05,0.48
73450,6.88,18.72,0.48
73460,7.15,18.71,0.48
73470,7.42,18.26,0.48
73480,7.69,18.19,0.48
73490,7.94,18.33,0.48
73500,8.23,17.44,0.48
73510,8.49,17.85,0.48
73520,8.73,17.98,0.48
73530,8.98,17.44,0.48
73540,9.25,17.04,0.48
73550,9.50,17.11,0.48
73560,9.74,17.18,0.48
73570,9.98,17.04,0.48
73580,10.19,17.37,0.48
73590,10.42,16.67,0.48
73600,10.65,16.69,0.48
73610,10.88,16.36,0.48
73620,11.08,16.77,0.48
73630,11.30,16.25,0.48
73640,11.49,16.45,0.48
73650,11.70,16.16,0.48
73660,11.88,16.36,0.48
73670,12.08,15.93,0.48
73680,12.25,16.10,0.48
73690,12.42,16.13,0.48
73700,12.59,16.04,0.48
73710,12.74,15.95,0.48
73720,12.89,16.11,0.48
73730,13.02,16.25,0.48
73740,13.14,16.25,0.48
73750,13.27,15.75,0.48
73760,13.39,16.02,0.48
73770,13.50,15.98,0.48
73780,13.60,15.97,0.48
73790,13.69,16.16,0.48
73800,13.77,16.13,0.48
73810,13.83,16.47,0.48
73820,13.90,16.22,0.48
73830,13.96,16.17,0.48
73840,14.00,16.51,0.48
73850,14.03,16.62,0.48
73860,14.05,16.56,0.48
73870,14.09,16.28,0.48
73880,14.10,16.60,0.48
73890,14.12,16.47,0.48
73900,14.11,16.88,0.48
73910,14.09,16.86,0.48
73920,14.08,16.80,0.48
73930,14.06,16.89,0.48
73940,14.01,17.35,0.48
73950,13.96,17.23,0.48
73960,13.92,17.00,0.48
73970,13.88,17.09,0.48
73980,13.81,17.49,0.48
73990,13.74,17.52,0.48
74000,13.65,17.75,0.48
74010,13.55,18.20,0.48
74020,13.44,18.08,0.48
74030,13.33,18.15,0.48
74040,13.21,18.49,0.48
74050,13.07,18.72,0.48
74060,12.95,18.26,0.48
74070,12.82,18.60,0.48
74080,12.69,18.60,0.48
74090,12.56,18.50,0.48
74100,12.44,18.24,0.48
74110,12.29,18.86,0.48
74120,12.16,18.66,0.48
74130,11.98,19.41,0.48
74140,11.80,19.69,0.48
74150,11.62,19.59,0.48
74160,11.44,19.71,0.48
74170,11.28,19.27,0.48
74180,11.10,19.60,0.48
74190,10.92,19.67,0.48
74200,10.70,20.59,0.48
74210,10.50,20.38,0.48
74220,10.31,20.00,0.48
74230,10.12,20.11,0.48
74240,9.91,20.50,0.48
74250,9.71,20.51,0.48
74260,9.50,20.78,0.48
74270,9.30,20.55,0.48
74280,9.08,20.95,0.48
74290,8.85,21.30,0.48
74300,8.61,21.63,0.48
74310,8.39,21.25,0.48
74320,8.16,21.60,0.48
74330,7.93,21.55,0.48
74340,7.69,21.83,0.48
74350,7.43,22.45,0.48
74360,7.20,21.87,0.48
74370,6.96,22.27,0.48
74380,6.72,22.30,0.48
74390,6.48,22.45,0.48
74400,6.22,22.87,0.48
74410,5.98,22.57,0.48
74420,5.74,22.63,0.48
74430,5.51,22.71,0.48
74440,5.27,22.80,0.48
74450,5.03,23.08,0.48
74460,4.79,23.06,0.48
74470,4.56,23.03,0.48
74480,4.34,22.94,0.48
74490,4.11,23.26,0.48
74500,3.89,23.31,0.48
74510,3.65,23.48,0.48
74520,3.44,23.36,0.48
74530,3.21,23.51,0.48
74540,2.99,23.76,0.48
74550,2.77,23.67,0.48
74560,2.57,23.38,0.48
74570,2.36,23.74,0.48
74580,2.15,23.67,0.48
74590,1.97,23.51,0.48
74600,1.77,23.77,0.48
74610,1.57,23.83,0.48
74620,1.40,23.39,0.48
74630,1.21,24.03,0.48
74640,1.05,23.49,0.48
74650,0.87,23.83,0.48
74660,0.71,23.53,0.48
74670,0.55,23.88,0.48
74680,0.40,23.48,0.48
74690,0.26,23.54,0.48
74700,0.11,23.68,0.48
74710,-0.02,23.44,0.48
74720,-0.14,23.31,0.48
74730,-0.26,23.36,0.48
74740,-0.37,23.37,0.48
74750,-0.47,23.11,0.48
74760,-0.58,23.28,0.48
74770,-0.68,23.21,0.48
74780,-0.74,22.66,0.48
74790,-0.82,22.94,0.48
74800,-0.91,23.10,0.48
74810,-0.96,22.42,0.48
74820,-1.01,22.57,0.48
74830,-1.06,22.58,0.48
74840,-1.09,22.17,0.48
74850,-1.13,22.26,0.48
74860,-1.17,22.45,0.48
74870,-1.18,21.87,0.48
74880,-1.18,21.73,0.48
74890,-1.19,21.71,0.48
74900,-1.20,21.89,0.48
74910,-1.19,21.58,0.48
74920,-1.18,21.48,0.48
74930,-1.15,21.03,0.48
74940,-1.12,21.06,0.48
74950,-1.07,20.77,0.48
74960,-1.04,20.95,0.48
74970,-0.98,20.56,0.48
74980,-0.94,20.87,0.48
74990,-0.91,20.88,0.48
75000,-0.85,20.46,0.48
75010,-0.79,20.31,0.48
75020,-0.71,19.96,0.48
75030,-0.64,20.12,0.48
75040,-0.56,19.77,0.48
75050,-0.47,19.71,0.48
75060,-0.38,19.53,0.48
75070,-0.29,19.45,0.48
75080,-0.20,19.41,0.48
75090,-0.10,19.27,0.48
75100,0.01,18.84,0.48
75110,0.13,18.73,0.48
75120,0.23,19.08,0.48
75130,0.33,18.87,0.48
75140,0.44,18.81,0.48
75150,0.56,18.44,0.48
75160,0.69,18.14,0.48
75170,0.82,18.10,0.48
75180,0.95,17.95,0.48
75190,1.08,18.01,0.48
75200,1.21,17.75,0.48
75210,1.35,17.58,0.48
75220,1.49,17.46,0.48
75230,1.65,17.02,0.48
75240,1.79,17.33,0.48
75250,1.94,16.92,0.48
75260,2.10,16.74,0.48
75270,2.24,16.95,0.48
75280,2.37,17.05,0.48
75290,2.52,16.70,0.48
75300,2.68,16.33,0.48
75310,2.83,16.37,0.48
75320,2.99,16.02,0.48
75330,3.14,16.17,0.48
75340,3.31,15.81,0.48
75350,3.45,16.00,0.48
75360,3.61,15.66,0.48
75370,3.79,15.20,0.48
75380,3.94,15.61,0.48
75390,4.09,15.59,0.48
75400,4.22,15.67,0.48
75410,4.37,15.44,0.48
75420,4.51,15.34,0.48
75430,4.65,15.21,0.48
75440,4.79,15.11,0.48
75450,4.94,14.96,0.48
75460,5.08,15.01,0.48
75470,5.24,14.35,0.48
75480,5.39,14.58,0.48
75490,5.53,14.43,0.48
75500,5.69,14.19,0.48
75510,5.86,13.73,0.48
75520,5.98,14.56,0.48
75530,6.11,14.24,0.48
75540,6.25,14.02,0.48
75550,6.39,13.80,0.48
75560,6.52,14.04,0.48
75570,6.64,14.07,0.48
75580,6.76,13.97,0.48
75590,6.88,13.75,0.48
75600,6.99,13.87,0.48
75610,7.10,13.86,0.48
75620,7.20,13.88,0.48
75630,7.30,13.77,0.48
75640,7.40,13.77,0.48
75650,7.50,13.65,0.48
75660,7.59,13.53,0.48
75670,7.68,13.64,0.48
75680,7.76,13.65,0.48
75690,7.85,13.59,0.48
75700,7.92,13.54,0.48
75710,8.00,13.58,0.48
75720,8.06,13.54,0.48
75730,8.13,13.50,0.48
75740,8.19,13.52,0.48
75750,8.25,13.52,0.48
75760,8.30,13.64,0.48
75770,8.35,13.55,0.48
75780,8.39,13.62,0.48
75790,8.42,13.64,0.48
75800,8.46,13.56,0.48
75810,8.49,13.57,0.48
75820,8.52,13.64,0.48
75830,8.54,13.64,0.48
75840,8.55,13.68,0.48
75850,8.56,13.77,0.48
75860,8.57,13.75,0.48
75870,8.57,13.80,0.48
75880,8.57,13.87,0.48
75890,8.56,13.84,0.48
75900,8.55,13.96,0.48
75910,8.54,13.95,0.48
75920,8.52,13.98,0.48
75930,8.49,14.03,0.48
75940,8.47,14.10,0.48
75950,8.44,14.06,0.48
75960,8.40,14.15,0.48
75970,8.36,14.24,0.48
75980,8.32,14.22,0.48
75990,8.28,14.26,0.48
76000,8.23,14.31,0.48
76010,8.17,54.82,69.82
76020,8.12,55.30,69.82
76030,8.06,55.81,69.82
76040,8.00,56.30,69.82
76050,7.93,56.90,69.82
76060,7.89,56.80,69.82
76070,7.83,57.61,69.82
76080,7.75,58.46,69.82
76090,7.67,58.86,69.82
76100,7.59,59.32,69.82
76110,7.52,59.55,69.82
76120,7.44,60.43,69.82
76130,7.35,61.00,69.82
76140,7.25,61.54,69.82
76150,7.17,61.62,69.82
76160,7.11,61.90,69.82
76170,7.04,62.32,69.82
76180,6.99,62.49,69.82
76190,6.92,63.33,69.82
76200,6.86,63.45,69.82
76210,6.84,63.32,69.82
76220,6.83,63.26,69.82
76230,6.86,63.05,69.82
76240,6.92,62.83,69.82
76250,7.06,61.62,69.82
76260,7.24,60.96,69.82
76270,7.47,60.34,69.82
76280,7.74,59.83,69.82
76290,8.06,58.91,69.82
76300,8.44,58.05,69.82
76310,8.88,56.89,69.82
76320,9.37,56.11,69.82
76330,9.91,55.26,69.82
76340,10.48,54.54,69.82
76350,11.10,53.76,69.82
76360,11.75,52.96,69.82
76370,12.46,51.97,69.82
76380,13.21,50.93,69.82
76390,14.02,49.71,69.82
76400,14.87,48.69,69.82
76410,15.77,47.62,69.82
76420,16.72,46.50,69.82
76430,17.68,45.97,69.82
76440,18.67,45.23,69.82
76450,19.68,44.39,69.82
76460,20.76,42.97,69.82
76470,21.84,42.47,69.82
76480,22.96,41.48,69.82
76490,24.08,40.90,69.82
76500,25.24,39.98,69.82
76510,26.41,39.37,69.82
76520,27.60,38.43,69.82
76530,28.79,38.01,69.82
76540,29.99,37.50,69.82
76550,31.22,36.43,69.82
76560,32.46,35.79,69.82
76570,33.69,35.43,69.82
76580,34.91,35.17,69.82
76590,36.12,35.01,69.82
76600,37.31,34.69,69.82
76610,38.50,34.44,69.82
76620,39.68,34.08,69.82
76630,40.86,33.59,69.82
76640,42.05,32.96,69.82
76650,43.24,32.39,69.82
76660,44.42,32.17,69.82
76670,45.56,32.40,69.82
76680,46.67,32.54,69.82
76690,47.77,32.15,69.82
76700,48.83,32.45,69.82
76710,49.89,32.27,69.82
76720,50.91,32.35,69.82
76730,51.90,32.51,69.82
76740,52.88,32.33,69.82
76750,53.82,32.68,69.82
76760,54.75,32.51,69.82
76770,55.63,33.00,69.82
76780,56.50,32.86,69.82
76790,57.32,33.29,69.82
76800,58.13,33.34,69.82
76810,58.90,33.60,69.82
76820,59.64,33.80,69.82
76830,60.35,34.16,69.82
76840,61.04,34.36,69.82
76850,61.69,34.71,69.82
76860,62.30,35.12,69.82
76870,62.89,35.30,69.82
76880,63.44,35.80,69.82
76890,63.98,35.91,69.82
76900,64.46,36.62,69.82
76910,64.93,36.75,69.82
76920,65.35,37.37,69.82
76930,65.75,37.77,69.82
76940,66.12,38.07,69.82
76950,66.44,38.88,69.82
76960,66.74,39.07,69.82
76970,67.01,39.75,69.82
76980,67.24,40.29,69.82
76990,67.46,40.44,69.82
77000,67.63,41.28,69.82
77010,67.77,41.92,69.82
77020,67.89,42.11,69.82
77030,68.00,42.41,69.82
77040,68.07,43.03,69.82
77050,68.10,43.95,69.82
77060,68.09,44.60,69.82
77070,68.07,45.09,69.82
77080,68.02,45.46,69.82
77090,67.97,45.73,69.82
77100,67.90,46.05,69.82
77110,67.81,46.54,69.82
77120,67.70,47.01,69.82
77130,67.57,47.45,69.82
77140,67.43,48.00,69.82
77150,67.26,48.45,69.82
77160,67.07,49.05,69.82
77170,66.89,48.94,69.82
77180,66.69,49.57,69.82
77190,66.47,49.95,69.82
77200,66.25,50.26,69.82
77210,66.02,50.54,69.82
77220,65.79,50.76,69.82
77230,65.55,51.15,69.82
77240,65.30,51.47,69.82
77250,65.04,51.76,69.82
77260,64.78,52.03,69.82
77270,64.53,52.19,69.82
77280,64.27,52.32,69.82
77290,64.01,52.63,69.82
77300,63.75,52.77,69.82
77310,63.49,52.91,69.82
77320,63.24,52.90,69.82
77330,62.98,53.39,69.82
77340,62.74,53.22,69.82
77350,62.48,53.60,69.82
77360,62.25,53.34,69.82
77370,62.01,53.71,69.82
77380,61.78,53.86,69.82
77390,61.56,53.62,69.82
77400,61.35,53.64,69.82
77410,61.13,54.00,69.82
77420,60.92,53.98,69.82
77430,60.74,53.73,69.82
77440,60.55,53.81,69.82
77450,60.37,53.93,69.82
77460,60.20,53.98,69.82
77470,60.05,53.65,69.82
77480,59.90,53.70,69.82
77490,59.75,53.94,69.82
77500,59.61,53.85,69.82
77510,59.49,53.73,69.82
77520,59.38,53.46,69.82
77530,59.29,53.44,69.82
77540,59.19,53.54,69.82
77550,59.11,53.35,69.82
77560,59.04,53.12,69.82
77570,58.99,52.98,69.82
77580,58.94,52.99,69.82
77590,58.90,52.96,69.82
77600,58.88,52.68,69.82
77610,58.87,52.55,69.82
77620,58.86,52.62,69.82
77630,58.85,52.55,69.82
77640,58.86,52.37,69.82
77650,58.89,52.01,69.82
77660,58.92,52.05,69.82
77670,58.95,52.07,69.82
77680,58.99,51.84,69.82
77690,59.05,51.70,69.82
77700,59.10,51.80,69.82
77710,59.15,51.79,69.82
77720,59.22,51.50,69.82
77730,59.29,51.45,69.82
77740,59.36,51.62,69.82
77750,59.43,51.50,69.82
77760,59.52,51.19,69.82
77770,59.61,51.36,69.82
77780,59.68,51.47,69.82
77790,59.78,51.15,69.82
77800,59.87,51.25,69.82
77810,59.96,51.21,69.82
77820,60.07,51.02,69.82
77830,60.17,50.95,69.82
77840,60.27,51.21,69.82
77850,60.38,50.91,69.82
77860,60.48,50.99,69.82
77870,60.58,51.10,69.82
77880,60.69,50.83,69.82
77890,60.80,50.94,69.82
77900,60.91,51.00,69.82
77910,61.02,50.77,69.82
77920,61.13,50.90,69.82
77930,61.24,50.85,69.82
77940,61.35,50.81,69.82
77950,61.46,50.93,69.82
77960,61.57,50.92,69.82
77970,61.68,50.79,69.82
77980,61.78,50.92,69.82
77990,61.89,50.94,69.82
78000,62.00,50.78,69.82
78010,62.10,51.00,69.82
78020,62.21,50.80,69.82
78030,62.32,50.85,69.82
78040,62.41,51.00,69.82
78050,62.53,50.73,69.82
78060,62.63,50.88,69.82
78070,62.73,50.99,69.82
78080,62.83,50.82,69.82
78090,62.92,51.14,69.82
78100,63.03,50.76,69.82
78110,63.12,51.03,69.82
78120,63.21,51.11,69.82
78130,63.30,50.94,69.82
78140,63.39,51.22,69.82
78150,63.47,51.19,69.82
78160,63.56,51.04,69.82
78170,63.64,51.35,69.82
78180,63.72,51.19,69.82
78190,63.80,51.30,69.82
78200,63.87,51.36,69.82
78210,63.95,51.24,69.82
78220,64.02,51.47,69.82
78230,64.09,51.42,69.82
78240,64.16,51.39,69.82
78250,64.22,51.65,69.82
78260,64.29,51.40,69.82
78270,64.35,51.61,69.82
78280,64.40,51.77,69.82
78290,64.47,51.49,69.82
78300,64.52,51.73,69.82
78310,64.58,51.70,69.82
78320,64.64,51.63,69.82
78330,64.69,51.79,69.82
78340,64.74,51.85,69.82
78350,64.80,51.65,69.82
78360,64.84,52.06,69.82
78370,64.89,51.94,69.82
78380,64.93,51.93,69.82
78390,64.97,52.10,69.82
78400,65.02,51.99,69.82
78410,65.06,52.08,69.82
78420,65.09,52.23,69.82
78430,65.13,52.06,69.82
78440,65.17,52.12,69.82
78450,65.21,52.17,69.82
78460,65.25,52.17,69.82
78470,65.29,52.19,69.82
78480,65.31,52.43,69.82
78490,65.34,52.51,69.82
78500,65.37,52.34,69.82
78510,65.40,52.32,69.82
78520,65.42,52.54,69.82
78530,65.45,52.51,69.82
78540,65.47,52.57,69.82
78550,65.51,52.41,69.82
78560,65.53,52.48,69.82
78570,65.56,52.62,69.82
78580,65.58,52.60,69.82
78590,65.61,52.54,69.82
78600,65.63,52.61,69.82
78610,65.65,52.77,69.82
78620,65.68,52.55,69.82
78630,65.71,52.56,69.82
78640,65.73,52.86,69.82
78650,65.75,52.73,69.82
78660,65.78,52.52,69.82
78670,65.80,52.77,69.82
78680,65.82,52.92,69.82
78690,65.85,52.71,69.82
78700,65.87,52.68,69.82
78710,65.90,52.84,69.82
78720,65.91,52.98,69.82
78730,65.93,52.80,69.82
78740,65.96,52.82,69.82
78750,65.97,53.05,69.82
78760,65.99,53.04,69.82
78770,66.01,52.86,69.82
78780,66.03,53.07,69.82
78790,66.04,53.10,69.82
78800,66.06,52.94,69.82
78810,66.08,53.05,69.82
78820,66.09,53.24,69.82
78830,66.10,53.13,69.82
78840,66.13,52.87,69.82
78850,66.15,53.08,69.82
78860,66.17,53.22,69.82
78870,66.18,53.25,69.82
78880,66.20,53.06,69.82
78890,66.22,53.09,69.82
78900,66.24,53.23,69.82
78910,66.26,53.15,69.82
78920,66.28,53.16,69.82
78930,66.30,53.20,69.82
78940,66.31,53.33,69.82
78950,66.33,53.19,69.82
78960,66.36,52.99,69.82
78970,66.38,53.19,69.82
78980,66.39,53.39,69.82
78990,66.41,53.30,69.82
79000,66.43,53.17,69.82
79010,66.45,53.28,69.82
79020,66.47,53.43,69.82
79030,66.49,53.29,69.82
79040,66.52,53.10,69.82
79050,66.54,53.30,69.82
79060,66.55,53.49,69.82
79070,66.57,53.36,69.82
79080,66.60,53.13,69.82
79090,66.62,53.32,69.82
79100,66.63,53.49,69.82
79110,66.65,53.38,69.82
79120,66.68,53.25,69.82
79130,66.70,53.39,69.82
79140,66.71,53.58,69.82
79150,66.73,53.42,69.82
79160,66.75,53.23,69.82
79170,66.78,53.30,69.82
79180,66.80,53.53,69.82
79190,66.81,53.56,69.82
79200,66.84,53.26,69.82
79210,66.86,53.32,69.82
79220,66.88,53.53,69.82
79230,66.90,53.57,69.82
79240,66.92,53.33,69.82
79250,66.96,53.19,69.82
79260,66.98,53.37,69.82
79270,67.00,53.44,69.82
79280,67.03,53.29,69.82
79290,67.07,53.19,69.82
79300,67.10,53.31,69.82
79310,67.12,53.40,69.82
79320,67.15,53.37,69.82
79330,67.18,53.23,69.82
79340,67.22,53.19,69.82
79350,67.24,53.31,69.82
79360,67.27,53.31,69.82
79370,67.30,53.29,69.82
79380,67.34,53.13,69.82
79390,67.37,53.21,69.82
79400,67.40,53.30,69.82
79410,67.44,53.20,69.82
79420,67.47,53.13,69.82
79430,67.51,53.15,69.82
79440,67.54,53.27,69.82
79450,67.56,53.33,69.82
79460,67.60,53.09,69.82
79470,67.65,52.99,69.82
79480,67.68,53.12,69.82
79490,67.71,53.25,69.82
79500,67.75,53.03,69.82
79510,67.79,52.95,69.82
79520,67.83,53.06,69.82
79530,67.86,53.19,69.82
79540,67.90,53.07,69.82
79550,67.94,52.90,69.82
79560,67.98,52.96,69.82
79570,68.01,53.12,69.82
79580,68.05,53.07,69.82
79590,68.09,52.98,69.82
79600,68.12,53.06,69.82
79610,68.15,53.19,69.82
79620,68.18,53.07,69.82
79630,68.22,52.89,69.82
79640,68.25,53.04,69.82
79650,68.28,53.21,69.82
79660,68.31,53.13,69.82
79670,68.33,53.20,69.82
79680,68.36,53.06,69.82
79690,68.39,53.12,69.82
79700,68.41,53.17,69.82
79710,68.45,52.95,69.82
79720,68.47,53.19,69.82
79730,68.49,53.19,69.82
79740,68.52,53.05,69.82
79750,68.55,53.04,69.82
79760,68.57,53.24,69.82
79770,68.59,53.24,69.82
79780,68.62,53.08,69.82
79790,68.65,53.07,69.82
79800,68.66,53.25,69.82
79810,68.67,53.44,69.82
79820,68.69,53.18,69.82
79830,68.72,53.11,69.82
79840,68.73,53.29,69.82
79850,68.74,53.45,69.82
79860,68.76,53.29,69.82
79870,68.78,53.20,69.82
79880,68.79,53.31,69.82
79890,68.80,53.39,69.82
79900,68.82,53.29,69.82
79910,68.84,53.14,69.82
79920,68.85,53.29,69.82
79930,68.86,53.44,69.82
79940,68.87,53.33,69.82
79950,68.89,53.29,69.82
79960,68.90,53.33,69.82
79970,68.90,53.56,69.82
79980,68.91,53.47,69.82
79990,68.92,53.37,69.82
80000,68.94,53.24,69.82
80010,68.94,22.19,16.20
80020,68.94,21.99,16.20
80030,68.95,21.47,16.20
80040,68.97,20.86,16.20
80050,68.98,20.83,16.20
80060,68.97,20.66,16.20
80070,68.94,20.89,16.20
80080,68.88,21.10,16.20
80090,68.81,21.06,16.20
80100,68.71,21.38,16.20
80110,68.58,21.54,16.20
80120,68.41,22.26,16.20
80130,68.22,22.27,16.20
80140,68.01,22.55,16.20
80150,67.76,23.15,16.20
80160,67.48,23.55,16.20
80170,67.19,23.74,16.20
80180,66.84,24.60,16.20
80190,66.49,24.51,16.20
80200,66.10,25.26,16.20
80210,65.70,25.38,16.20
80220,65.25,26.25,16.20
80230,64.77,26.81,16.20
80240,64.26,27.34,16.20
80250,63.73,27.77,16.20
80260,63.17,28.41,16.20
80270,62.58,28.93,16.20
80280,61.97,29.57,16.20
80290,61.32,30.27,16.20
80300,60.65,30.79,16.20
80310,59.96,31.41,16.20
80320,59.24,32.07,16.20
80330,58.49,32.68,16.20
80340,57.73,33.27,16.20
80350,56.93,34.06,16.20
80360,56.11,34.89,16.20
80370,55.26,35.59,16.20
80380,54.38,36.39,16.20
80390,53.48,37.21,16.20
80400,52.56,37.73,16.20
80410,51.63,38.38,16.20
80420,50.67,39.27,16.20
80430,49.69,39.91,16.20
80440,48.70,40.57,16.20
80450,47.67,41.62,16.20
80460,46.65,42.02,16.20
80470,45.62,42.52,16.20
80480,44.56,43.43,16.20
80490,43.50,43.96,16.20
80500,42.45,44.30,16.20
80510,41.38,44.88,16.20
80520,40.31,45.55,16.20
80530,39.22,46.26,16.20
80540,38.14,46.80,16.20
80550,37.03,47.57,16.20
80560,35.95,47.77,16.20
80570,34.87,48.14,16.20
80580,33.80,48.33,16.20
80590,32.74,48.81,16.20
80600,31.67,49.28,16.20
80610,30.64,49.24,16.20
80620,29.62,49.36,16.20
80630,28.60,49.91,16.20
80640,27.62,49.82,16.20
80650,26.63,50.21,16.20
80660,25.67,50.32,16.20
80670,24.73,50.17,16.20
80680,23.81,50.39,16.20
80690,22.93,50.08,16.20
80700,22.05,50.44,16.20
80710,21.22,50.00,16.20
80720,20.42,49.76,16.20
80730,19.67,49.33,16.20
80740,18.93,49.32,16.20
80750,18.23,49.11,16.20
80760,17.55,48.88,16.20
80770,16.90,48.82,16.20
80780,16.29,48.27,16.20
80790,15.70,48.15,16.20
80800,15.15,47.93,16.20
80810,14.64,47.25,16.20
80820,14.15,47.17,16.20
80830,13.69,46.76,16.20
80840,13.26,46.49,16.20
80850,12.87,46.06,16.20
80860,12.51,45.62,16.20
80870,12.18,45.20,16.20
80880,11.88,44.68,16.20
80890,11.63,44.17,16.20
80900,11.39,43.77,16.20
80910,11.21,43.02,16.20
80920,11.04,42.89,16.20
80930,10.92,41.92,16.20
80940,10.81,41.79,16.20
80950,10.74,41.15,16.20
80960,10.71,40.35,16.20
80970,10.69,40.24,16.20
80980,10.68,39.87,16.20
80990,10.73,39.05,16.20
81000,10.80,38.29,16.20
81010,10.89,38.19,16.20
81020,10.97,38.04,16.20
81030,11.09,37.55,16.20
81040,11.23,36.97,16.20
81050,11.38,36.51,16.20
81060,11.57,36.00,16.20
81070,11.77,35.46,16.20
81080,11.98,35.27,16.20
81090,12.20,34.92,16.20
81100,12.42,34.85,16.20
81110,12.64,34.76,16.20
81120,12.87,34.24,16.20
81130,13.15,33.29,16.20
81140,13.48,32.24,16.20
81150,13.79,32.21,16.20
81160,14.09,32.38,16.20
81170,14.41,31.81,16.20
81180,14.75,31.23,16.20
81190,15.07,31.48,16.20
81200,15.41,30.87,16.20
81210,15.75,30.71,16.20
81220,16.09,30.39,16.20
81230,16.44,30.04,16.20
81240,16.79,29.99,16.20
81250,17.14,29.61,16.20
81260,17.49,29.46,16.20
81270,17.83,29.35,16.20
81280,18.18,28.96,16.20
81290,18.53,28.99,16.20
81300,18.88,28.58,16.20
81310,19.22,28.59,16.20
81320,19.54,28.62,16.20
81330,19.87,28.44,16.20
81340,20.19,28.31,16.20
81350,20.50,28.24,16.20
81360,20.81,28.23,16.20
81370,21.13,27.69,16.20
81380,21.43,27.80,16.20
81390,21.73,27.72,16.20
81400,22.02,27.62,16.20
81410,22.31,27.66,16.20
81420,22.58,27.56,16.20
81430,22.85,27.40,16.20
81440,23.12,27.34,16.20
81450,23.38,27.37,16.20
81460,23.62,27.43,16.20
81470,23.85,27.52,16.20
81480,24.08,27.35,16.20
81490,24.29,27.42,16.20
81500,24.49,27.57,16.20
81510,24.69,27.49,16.20
81520,24.88,27.53,16.20
81530,25.06,27.45,16.20
81540,25.23,27.46,16.20
81550,25.37,28.04,16.20
81560,25.49,28.13,16.20
81570,25.62,27.96,16.20
81580,25.73,28.23,16.20
81590,25.84,28.04,16.20
81600,25.93,28.28,16.20
81610,26.01,28.54,16.20
81620,26.06,28.82,16.20
81630,26.11,28.94,16.20
81640,26.14,28.98,16.20
81650,26.17,29.22,16.20
81660,26.19,29.19,16.20
81670,26.20,29.32,16.20
81680,26.20,29.44,16.20
81690,26.20,29.29,16.20
81700,26.18,29.79,16.20
81710,26.15,29.83,16.20
81720,26.11,30.04,16.20
81730,26.06,30.27,16.20
81740,26.00,30.38,16.20
81750,25.91,30.90,16.20
81760,25.82,30.97,16.20
81770,25.72,31.04,16.20
81780,25.62,31.21,16.20
81790,25.50,31.50,16.20
81800,25.37,31.72,16.20
81810,25.25,31.70,16.20
81820,25.11,31.95,16.20
81830,24.97,32.02,16.20
81840,24.81,32.52,16.20
81850,24.65,32.49,16.20
81860,24.47,32.89,16.20
81870,24.29,32.87,16.20
81880,24.11,33.02,16.20
81890,23.92,33.31,16.20
81900,23.73,33.36,16.20
81910,23.53,33.61,16.20
81920,23.33,33.65,16.20
81930,23.12,34.04,16.20
81940,22.92,33.89,16.20
81950,22.69,34.40,16.20
81960,22.47,34.41,16.20
81970,22.25,34.49,16.20
81980,22.03,34.66,16.20
81990,21.80,34.81,16.20
82000,21.58,34.84,16.20
82010,21.35,35.02,16.20
82020,21.11,35.25,16.20
82030,20.89,35.16,16.20
82040,20.64,35.67,16.20
82050,20.42,35.32,16.20
82060,20.18,35.75,16.20
82070,19.96,35.63,16.20
82080,19.72,35.87,16.20
82090,19.50,35.80,16.20
82100,19.27,36.09,16.20
82110,19.04,35.97,16.20
82120,18.82,36.04,16.20
82130,18.60,36.25,16.20
82140,18.39,36.03,16.20
82150,18.17,36.43,16.20
82160,17.97,36.07,16.20
82170,17.77,36.18,16.20
82180,17.58,36.08,16.20
82190,17.39,36.09,16.20
82200,17.19,36.49,16.20
82210,17.01,36.20,16.20
82220,16.84,36.05,16.20
82230,16.66,36.42,16.20
82240,16.50,36.06,16.20
82250,16.34,36.15,16.20
82260,16.18,36.37,16.20
82270,16.04,35.84,16.20
82280,15.90,36.09,16.20
82290,15.76,36.03,16.20
82300,15.63,36.11,16.20
82310,15.52,35.58,16.20
82320,15.40,36.03,16.20
82330,15.30,35.54,16.20
82340,15.21,35.50,16.20
82350,15.11,35.55,16.20
82360,15.03,35.36,16.20
82370,14.97,35.16,16.20
82380,14.92,34.89,16.20
82390,14.84,35.36,16.20
82400,14.81,34.54,16.20
82410,14.78,34.66,16.20
82420,14.74,34.80,16.20
82430,14.72,34.43,16.20
82440,14.71,34.21,16.20
82450,14.70,34.24,16.20
82460,14.69,34.15,16.20
82470,14.72,33.48,16.20
82480,14.73,33.95,16.20
82490,14.76,33.43,16.20
82500,14.79,33.39,16.20
82510,14.83,33.32,16.20
82520,14.87,33.11,16.20
82530,14.93,32.85,16.20
82540,14.98,32.93,16.20
82550,15.05,32.54,16.20
82560,15.11,32.70,16.20
82570,15.17,32.57,16.20
82580,15.25,32.28,16.20
82590,15.32,32.48,16.20
82600,15.40,32.05,16.20
82610,15.47,32.32,16.20
82620,15.57,31.75,16.20
82630,15.66,31.87,16.20
82640,15.76,31.59,16.20
82650,15.86,31.53,16.20
82660,15.96,31.48,16.20
82670,16.06,31.29,16.20
82680,16.16,31.29,16.20
82690,16.28,31.05,16.20
82700,16.38,31.16,16.20
82710,16.49,31.01,16.20
82720,16.60,30.76,16.20
82730,16.71,30.89,16.20
82740,16.82,30.63,16.20
82750,16.93,30.79,16.20
82760,17.05,30.40,16.20
82770,17.15,30.67,16.20
82780,17.27,30.27,16.20
82790,17.38,30.52,16.20
82800,17.49,30.31,16.20
82810,17.60,30.17,16.20
82820,17.70,30.33,16.20
82830,17.81,30.16,16.20
82840,17.91,30.24,16.20
82850,18.02,29.99,16.20
82860,18.11,30.22,16.20
82870,18.22,30.00,16.20
82880,18.32,29.93,16.20
82890,18.40,30.14,16.20
82900,18.50,29.95,16.20
82910,18.59,29.89,16.20
82920,18.67,30.11,16.20
82930,18.75,30.05,16.20
82940,18.82,30.04,16.20
82950,18.89,30.12,16.20
82960,18.97,29.98,16.20
82970,19.03,30.11,16.20
82980,19.10,30.03,16.20
82990,19.16,30.03,16.20
83000,19.21,30.23,16.20
83010,19.26,30.17,16.20
83020,19.30,30.33,16.20
83030,19.34,30.21,16.20
83040,19.39,30.10,16.20
83050,19.43,30.25,16.20
83060,19.47,30.21,16.20
83070,19.49,30.42,16.20
83080,19.52,30.29,16.20
83090,19.55,30.28,16.20
83100,19.57,30.36,16.20
83110,19.58,30.53,16.20
83120,19.59,30.57,16.20
83130,19.60,30.61,16.20
83140,19.60,30.66,16.20
83150,19.60,30.62,16.20
83160,19.60,30.69,16.20
83170,19.59,30.94,16.20
83180,19.57,30.91,16.20
83190,19.56,30.91,16.20
83200,19.54,30.94,16.20
83210,19.52,31.02,16.20
83220,19.49,31.14,16.20
83230,19.47,31.05,16.20
83240,19.45,30.95,16.20
83250,19.42,31.19,16.20
83260,19.38,31.18,16.20
83270,19.36,30.98,16.20
83280,19.33,31.29,16.20
83290,19.29,31.32,16.20
83300,19.25,31.37,16.20
83310,19.20,31.45,16.20
83320,19.17,31.27,16.20
83330,19.13,31.41,16.20
83340,19.08,31.53,16.20
83350,19.03,31.45,16.20
83360,18.97,31.86,16.20
83370,18.93,31.48,16.20
83380,18.87,31.74,16.20
83390,18.82,31.59,16.20
83400,18.77,31.76,16.20
83410,18.72,31.71,16.20
83420,18.67,31.64,16.20
83430,18.61,31.90,16.20
83440,18.55,31.86,16.20
83450,18.50,31.68,16.20
83460,18.44,31.90,16.20
83470,18.38,31.93,16.20
83480,18.33,31.76,16.20
83490,18.28,31.94,16.20
83500,18.22,32.04,16.20
83510,18.16,31.91,16.20
83520,18.11,31.95,16.20
83530,18.05,31.98,16.20
83540,18.00,31.84,16.20
83550,17.95,32.03,16.20
83560,17.90,31.84,16.20
83570,17.85,32.04,16.20
83580,17.80,31.91,16.20
83590,17.75,31.95,16.20
83600,17.70,31.95,16.20
83610,17.65,31.96,16.20
83620,17.61,31.92,16.20
83630,17.57,31.89,16.20
83640,17.52,31.99,16.20
83650,17.48,31.88,16.20
83660,17.44,31.82,16.20
83670,17.40,31.92,16.20
83680,17.37,31.89,16.20
83690,17.33,31.86,16.20
83700,17.30,31.81,16.20
83710,17.26,31.91,16.20
83720,17.23,31.78,16.20
83730,17.20,31.80,16.20
83740,17.18,31.53,16.20
83750,17.15,31.71,16.20
83760,17.13,31.65,16.20
83770,17.10,31.77,16.20
83780,17.08,31.60,16.20
83790,17.06,31.64,16.20
83800,17.05,31.51,16.20
83810,17.04,31.47,16.20
83820,17.02,31.48,16.20
83830,17.02,31.35,16.20
83840,17.00,31.50,16.20
83850,17.00,31.20,16.20
83860,17.00,31.36,16.20
83870,17.00,31.20,16.20
83880,16.99,31.37,16.20
83890,16.99,31.30,16.20
83900,16.99,31.19,16.20
83910,16.98,31.36,16.20
83920,16.98,31.16,16.20
83930,16.98,31.23,16.20
83940,16.99,31.06,16.20
83950,16.99,31.13,16.20
83960,17.00,30.89,16.20
83970,17.01,31.06,16.20
83980,17.01,31.02,16.20
83990,17.02,30.97,16.20
84000,17.03,31.04,16.20
84010,17.04,33.53,20.80
84020,17.05,33.57,20.80
84030,17.07,33.54,20.80
84040,17.08,33.66,20.80
84050,17.09,33.63,20.80
84060,17.10,33.74,20.80
84070,17.11,33.56,20.80
84080,17.13,33.58,20.80
84090,17.15,33.52,20.80
84100,17.16,33.73,20.80
84110,17.18,33.50,20.80
84120,17.19,33.79,20.80
84130,17.22,33.53,20.80
84140,17.23,33.75,20.80
84150,17.25,33.65,20.80
84160,17.27,33.49,20.80
84170,17.30,33.54,20.80
84180,17.32,33.56,20.80
84190,17.35,33.56,20.80
84200,17.38,33.46,20.80
84210,17.41,33.53,20.80
84220,17.44,33.47,20.80
84230,17.47,33.39,20.80
84240,17.50,33.38,20.80
84250,17.53,33.46,20.80
84260,17.56,33.50,20.80
84270,17.60,33.41,20.80
84280,17.63,33.47,20.80
84290,17.68,33.14,20.80
84300,17.71,33.48,20.80
84310,17.75,33.20,20.80
84320,17.78,33.40,20.80
84330,17.83,33.13,20.80
84340,17.87,33.30,20.80
84350,17.92,33.11,20.80
84360,17.96,33.22,20.80
84370,18.00,33.19,20.80
84380,18.05,33.09,20.80
84390,18.10,33.07,20.80
84400,18.15,33.07,20.80
84410,18.19,33.09,20.80
84420,18.24,32.94,20.80
84430,18.29,33.18,20.80
84440,18.33,33.02,20.80
84450,18.37,33.25,20.80
84460,18.43,32.83,20.80
84470,18.47,33.15,20.80
84480,18.52,32.86,20.80
84490,18.56,33.09,20.80
84500,18.61,33.03,20.80
84510,18.64,33.16,20.80
84520,18.69,32.92,20.80
84530,18.74,33.03,20.80
84540,18.78,32.98,20.80
84550,18.83,32.91,20.80
84560,18.86,33.10,20.80
84570,18.91,32.89,20.80
84580,18.96,32.94,20.80
84590,19.00,32.86,20.80
84600,19.04,33.05,20.80
84610,19.10,32.68,20.80
84620,19.13,33.04,20.80
84630,19.18,32.76,20.80
84640,19.22,32.96,20.80
84650,19.27,32.74,20.80
84660,19.31,32.96,20.80
84670,19.35,32.77,20.80
84680,19.39,33.02,20.80
84690,19.43,32.79,20.80
84700,19.46,33.06,20.80
84710,19.50,32.91,20.80
84720,19.53,33.03,20.80
84730,19.56,32.94,20.80
84740,19.59,32.92,20.80
84750,19.63,32.94,20.80
84760,19.66,32.86,20.80
84770,19.69,33.12,20.80
84780,19.72,32.96,20.80
84790,19.74,33.05,20.80
84800,19.77,32.98,20.80
84810,19.79,33.19,20.80
84820,19.82,32.96,20.80
84830,19.84,33.20,20.80
84840,19.87,32.87,20.80
84850,19.88,33.32,20.80
84860,19.91,32.94,20.80
84870,19.92,33.23,20.80
84880,19.94,33.03,20.80
84890,19.96,33.25,20.80
84900,19.98,33.13,20.80
84910,19.99,33.12,20.80
84920,20.00,33.28,20.80
84930,20.02,33.11,20.80
84940,20.03,33.36,20.80
84950,20.05,33.04,20.80
84960,20.05,33.43,20.80
84970,20.07,33.15,20.80
84980,20.07,33.39,20.80
84990,20.09,33.23,20.80
85000,20.08,33.54,20.80
85010,20.10,33.21,20.80
85020,20.10,33.42,20.80
85030,20.11,33.38,20.80
85040,20.11,33.50,20.80
85050,20.11,33.47,20.80
85060,20.11,33.47,20.80
85070,20.10,33.67,20.80
85080,20.10,33.50,20.80
85090,20.09,33.69,20.80
85100,20.10,33.41,20.80
85110,20.09,33.75,20.80
85120,20.09,33.45,20.80
85130,20.08,33.75,20.80
85140,20.06,33.98,20.80
85150,20.06,33.58,20.80
85160,20.04,33.93,20.80
85170,20.05,33.51,20.80
85180,20.05,33.46,20.80
85190,20.04,33.84,20.80
85200,20.04,33.70,20.80
85210,20.03,33.81,20.80
85220,20.02,33.80,20.80
85230,20.02,33.53,20.80
85240,20.01,33.86,20.80
85250,20.01,33.59,20.80
85260,20.00,33.89,20.80
85270,20.00,33.61,20.80
85280,20.01,33.55,20.80
85290,20.02,33.57,20.80
85300,20.02,33.49,20.80
85310,20.02,33.70,20.80
85320,20.03,33.46,20.80
85330,20.03,33.74,20.80
85340,20.04,33.42,20.80
85350,20.06,33.41,20.80
85360,20.06,33.52,20.80
85370,20.08,33.41,20.80
85380,20.07,33.78,20.80
85390,20.09,33.35,20.80
85400,20.09,33.61,20.80
85410,20.10,33.54,20.80
85420,20.11,33.51,20.80
85430,20.11,33.69,20.80
85440,20.12,33.44,20.80
85450,20.11,33.84,20.80
85460,20.12,33.47,20.80
85470,20.12,33.77,20.80
85480,20.12,33.73,20.80
85490,20.12,33.70,20.80
85500,20.11,33.80,20.80
85510,20.12,33.47,20.80
85520,20.12,33.84,20.80
85530,20.12,33.62,20.80
85540,20.12,33.74,20.80
85550,20.12,33.68,20.80
85560,20.13,33.63,20.80
85570,20.12,33.80,20.80
85580,20.13,33.65,20.80
85590,20.12,34.02,20.80
85600,20.12,33.71,20.80
85610,20.11,33.90,20.80
85620,20.10,34.02,20.80
85630,20.09,33.86,20.80
85640,20.08,34.00,20.80
85650,20.09,33.61,20.80
85660,20.09,33.80,20.80
85670,20.10,33.73,20.80
85680,20.10,33.62,20.80
85690,20.10,33.95,20.80
85700,20.11,33.56,20.80
85710,20.10,34.02,20.80
85720,20.10,33.73,20.80
85730,20.10,33.87,20.80
85740,20.09,34.02,20.80
85750,20.10,33.73,20.80
85760,20.09,34.07,20.80
85770,20.10,33.63,20.80
85780,20.10,33.78,20.80
85790,20.10,33.83,20.80
85800,20.11,33.73,20.80
85810,20.10,33.95,20.80
85820,20.11,33.65,20.80
85830,20.11,33.93,20.80
85840,20.11,33.77,20.80
85850,20.12,33.72,20.80
85860,20.12,34.00,20.80
85870,20.12,33.76,20.80
85880,20.11,34.07,20.80
85890,20.12,33.79,20.80
85900,20.11,33.98,20.80
85910,20.11,34.05,20.80
85920,20.11,33.82,20.80
85930,20.10,34.09,20.80
85940,20.11,33.82,20.80
85950,20.10,34.03,20.80
85960,20.10,33.92,20.80
85970,20.11,33.76,20.80
85980,20.10,34.19,20.80
85990,20.10,33.86,20.80
86000,20.09,34.07,20.80
86010,20.10,33.90,20.80
86020,20.11,33.79,20.80
86030,20.10,34.03,20.80
86040,20.11,33.73,20.80
86050,20.11,34.12,20.80
86060,20.10,34.00,20.80
86070,20.10,33.97,20.80
86080,20.10,34.14,20.80
86090,20.11,33.79,20.80
86100,20.10,34.10,20.80
86110,20.11,33.84,20.80
86120,20.11,34.02,20.80
86130,20.11,34.08,20.80
86140,20.12,33.71,20.80
86150,20.11,34.11,20.80
86160,20.12,33.94,20.80
86170,20.12,34.04,20.80
86180,20.11,34.13,20.80
86190,20.12,33.83,20.80
86200,20.11,34.25,20.80
86210,20.12,33.87,20.80
86220,20.12,33.97,20.80
86230,20.12,34.08,20.80
86240,20.12,34.03,20.80
86250,20.12,34.11,20.80
86260,20.12,34.04,20.80
86270,20.12,33.99,20.80
86280,20.11,34.30,20.80
86290,20.10,34.24,20.80
86300,20.11,34.03,20.80
86310,20.10,34.22,20.80
86320,20.10,34.18,20.80
86330,20.10,33.92,20.80
86340,20.10,34.29,20.80
86350,20.11,33.89,20.80
86360,20.11,34.07,20.80
86370,20.11,34.05,20.80
86380,20.12,34.00,20.80
86390,20.11,34.33,20.80
86400,20.11,33.97,20.80
86410,20.12,34.10,20.80
86420,20.11,34.18,20.80
86430,20.13,33.86,20.80
86440,20.13,34.15,20.80
86450,20.13,33.96,20.80
86460,20.14,34.12,20.80
86470,20.14,34.04,20.80
86480,20.15,33.99,20.80
86490,20.14,34.36,20.80
86500,20.14,34.03,20.80
86510,20.14,34.19,20.80
86520,20.14,34.21,20.80
86530,20.14,34.09,20.80
86540,20.13,34.38,20.80
86550,20.14,34.07,20.80
86560,20.13,34.39,20.80
86570,20.13,34.22,20.80
86580,20.13,34.03,20.80
86590,20.13,34.26,20.80
86600,20.14,33.94,20.80
86610,20.14,34.36,20.80
86620,20.14,34.23,20.80
86630,20.14,34.22,20.80
86640,20.13,34.35,20.80
86650,20.14,34.03,20.80
86660,20.14,34.24,20.80
86670,20.14,34.12,20.80
86680,20.15,34.15,20.80
86690,20.14,34.30,20.80
86700,20.15,34.10,20.80
86710,20.14,34.41,20.80
86720,20.14,34.26,20.80
86730,20.14,34.23,20.80
86740,20.13,34.47,20.80
86750,20.14,34.10,20.80
86760,20.13,34.42,20.80
86770,20.14,34.18,20.80
86780,20.15,33.94,20.80
86790,20.15,34.32,20.80
86800,20.15,34.23,20.80
86810,20.15,34.28,20.80
86820,20.16,34.24,20.80
86830,20.17,34.06,20.80
86840,20.17,34.32,20.80
86850,20.18,34.07,20.80
86860,20.18,34.21,20.80
86870,20.18,34.35,20.80
86880,20.19,34.13,20.80
86890,20.18,34.38,20.80
86900,20.19,34.08,20.80
86910,20.19,34.28,20.80
86920,20.19,34.36,20.80
86930,20.21,33.96,20.80
86940,20.20,34.43,20.80
86950,20.21,34.19,20.80
86960,20.22,34.12,20.80
86970,20.21,34.41,20.80
86980,20.22,34.16,20.80
86990,20.21,34.48,20.80
87000,20.22,34.18,20.80
87010,20.22,34.22,20.80
87020,20.23,34.27,20.80
87030,20.24,34.04,20.80
87040,20.23,34.46,20.80
87050,20.23,34.40,20.80
87060,20.23,34.26,20.80
87070,20.23,34.33,20.80
87080,20.25,34.03,20.80
87090,20.24,34.56,20.80
87100,20.24,34.26,20.80
87110,20.25,34.13,20.80
87120,20.25,34.38,20.80
87130,20.26,34.11,20.80
87140,20.26,34.39,20.80
87150,20.26,34.37,20.80
87160,20.27,34.17,20.80
87170,20.26,34.47,20.80
87180,20.28,33.99,20.80
87190,20.29,34.18,20.80
87200,20.29,34.38,20.80
87210,20.29,34.23,20.80
87220,20.29,34.48,20.80
87230,20.30,34.05,20.80
87240,20.31,34.14,20.80
87250,20.31,34.38,20.80
87260,20.32,34.17,20.80
87270,20.32,34.42,20.80
87280,20.32,34.33,20.80
87290,20.33,34.17,20.80
87300,20.33,34.41,20.80
87310,20.33,34.30,20.80
87320,20.33,34.35,20.80
87330,20.34,34.20,20.80
87340,20.35,34.19,20.80
87350,20.34,34.52,20.80
87360,20.34,34.29,20.80
87370,20.35,34.34,20.80
87380,20.35,34.38,20.80
87390,20.36,34.16,20.80
87400,20.36,34.37,20.80
87410,20.36,34.24,20.80
87420,20.37,34.16,20.80
87430,20.37,34.39,20.80
87440,20.38,34.15,20.80
87450,20.39,34.36,20.80
87460,20.38,34.40,20.80
87470,20.38,34.40,20.80
87480,20.39,34.20,20.80
87490,20.39,34.35,20.80
87500,20.40,34.24,20.80
87510,20.41,34.25,20.80
87520,20.41,34.34,20.80
87530,20.42,34.10,20.80
87540,20.43,34.31,20.80
87550,20.42,34.42,20.80
87560,20.43,34.19,20.80
87570,20.43,34.34,20.80
87580,20.45,34.16,20.80
87590,20.46,34.12,20.80
87600,20.45,34.43,20.80
87610,20.46,34.23,20.80
87620,20.46,34.42,20.80
87630,20.47,34.18,20.80
87640,20.48,34.21,20.80
87650,20.47,34.51,20.80
87660,20.48,34.08,20.80
87670,20.49,34.32,20.80
87680,20.49,34.32,20.80
87690,20.49,34.25,20.80
87700,20.49,34.54,20.80
87710,20.50,34.10,20.80
87720,20.50,34.27,20.80
87730,20.51,34.23,20.80
87740,20.52,34.22,20.80
87750,20.51,34.54,20.80
87760,20.52,34.23,20.80
87770,20.53,34.11,20.80
87780,20.53,34.43,20.80
87790,20.54,34.16,20.80
87800,20.54,34.36,20.80
87810,20.54,34.27,20.80
87820,20.55,34.22,20.80
87830,20.54,34.52,20.80
87840,20.55,34.26,20.80
87850,20.54,34.50,20.80
87860,20.54,34.28,20.80
87870,20.56,34.07,20.80
87880,20.55,34.51,20.80
87890,20.55,34.43,20.80
87900,20.55,34.41,20.80
87910,20.55,34.34,20.80
87920,20.56,34.14,20.80
87930,20.56,34.35,20.80
87940,20.56,34.40,20.80
87950,20.56,34.31,20.80
87960,20.56,34.39,20.80
87970,20.58,34.10,20.80
87980,20.58,34.39,20.80
87990,20.57,34.45,20.80
88000,20.59,34.07,20.80
88010,20.58,71.47,84.24
88020,20.58,71.67,84.24
88030,20.55,72.98,84.24
88040,20.50,73.50,84.24
88050,20.49,73.36,84.24
88060,20.50,73.37,84.24
88070,20.52,73.49,84.24
88080,20.58,72.99,84.24
88090,20.69,72.55,84.24
88100,20.84,71.93,84.24
88110,21.04,71.27,84.24
88120,21.24,71.72,84.24
88130,21.42,72.21,84.24
88140,21.81,68.36,84.24
88150,22.14,69.65,84.24
88160,22.54,68.47,84.24
88170,23.04,66.67,84.24
88180,23.59,65.80,84.24
88190,24.16,65.33,84.24
88200,24.87,62.47,84.24
88210,25.53,63.60,84.24
88220,26.38,59.70,84.24
88230,27.15,61.26,84.24
88240,28.12,57.06,84.24
88250,28.99,58.90,84.24
88260,30.07,54.34,84.24
88270,31.05,56.17,84.24
88280,32.22,52.28,84.24
88290,33.37,52.11,84.24
88300,34.48,52.64,84.24
88310,35.78,48.42,84.24
88320,37.07,48.11,84.24
88330,38.33,48.57,84.24
88340,39.63,47.03,84.24
88350,40.99,45.46,84.24
88360,42.37,44.55,84.24
88370,43.77,43.44,84.24
88380,45.21,42.23,84.24
88390,46.67,41.32,84.24
88400,48.12,40.73,84.24
88410,49.58,39.97,84.24
88420,51.05,39.37,84.24
88430,52.51,38.67,84.24
88440,53.97,38.02,84.24
88450,55.43,37.51,84.24
88460,56.88,37.10,84.24
88470,58.32,36.49,84.24
88480,59.75,36.21,84.24
88490,61.17,35.61,84.24
88500,62.56,35.59,84.24
88510,63.94,35.15,84.24
88520,65.29,34.95,84.24
88530,66.62,34.79,84.24
88540,67.93,34.64,84.24
88550,69.19,35.01,84.24
88560,70.42,34.92,84.24
88570,71.61,34.98,84.24
88580,72.78,34.92,84.24
88590,73.91,35.12,84.24
88600,75.00,35.39,84.24
88610,76.05,35.74,84.24
88620,77.06,35.77,84.24
88630,78.06,35.56,84.24
88640,79.02,35.96,84.24
88650,79.92,36.50,84.24
88660,80.80,36.45,84.24
88670,81.65,36.55,84.24
88680,82.48,36.67,84.24
88690,83.26,37.01,84.24
88700,84.01,37.34,84.24
88710,84.71,37.83,84.24
88720,85.38,38.08,84.24
88730,86.01,38.32,84.24
88740,86.60,38.96,84.24
88750,87.15,39.35,84.24
88760,87.68,39.53,84.24
88770,88.17,39.98,84.24
88780,88.61,40.62,84.24
88790,89.01,41.17,84.24
88800,89.38,41.59,84.24
88810,89.72,41.88,84.24
88820,90.03,42.35,84.24
88830,90.30,42.89,84.24
88840,90.53,43.58,84.24
88850,90.72,44.16,84.24
88860,90.89,44.55,84.24
88870,91.02,45.10,84.24
88880,91.12,45.60,84.24
88890,91.19,46.16,84.24
88900,91.23,46.72,84.24
88910,91.24,47.14,84.24
88920,91.24,47.43,84.24
88930,91.21,47.95,84.24
88940,91.15,48.53,84.24
88950,91.05,49.21,84.24
88960,90.95,49.34,84.24
88970,90.84,49.65,84.24
88980,90.69,50.38,84.24
88990,90.54,50.59,84.24
89000,90.37,50.86,84.24
89010,90.17,51.48,84.24
89020,89.99,51.35,84.24
89030,89.77,52.07,84.24
89040,89.56,52.10,84.24
89050,89.33,52.62,84.24
89060,89.10,52.56,84.24
89070,88.86,53.04,84.24
89080,88.61,53.18,84.24
89090,88.37,53.19,84.24
89100,88.10,53.79,84.24
89110,87.86,53.50,84.24
89120,87.60,53.86,84.24
89130,87.34,54.21,84.24
89140,87.08,54.15,84.24
89150,86.82,54.31,84.24
89160,86.54,54.88,84.24
89170,86.27,54.90,84.24
89180,86.01,54.67,84.24
89190,85.75,54.99,84.24
89200,85.47,55.37,84.24
89210,85.19,55.49,84.24
89220,84.93,55.53,84.24
89230,84.67,55.43,84.24
89240,84.41,55.60,84.24
89250,84.15,55.87,84.24
89260,83.89,55.95,84.24
89270,83.63,56.08,84.24
89280,83.39,55.90,84.24
89290,83.15,55.94,84.24
89300,82.92,55.92,84.24
89310,82.69,56.03,84.24
89320,82.46,56.34,84.24
89330,82.22,56.39,84.24
89340,82.00,56.33,84.24
89350,81.79,56.39,84.24
89360,81.58,56.24,84.24
89370,81.39,56.12,84.24
89380,81.21,56.06,84.24
89390,81.05,55.88,84.24
89400,80.89,55.76,84.24
89410,80.74,55.85,84.24
89420,80.59,55.84,84.24
89430,80.45,55.81,84.24
89440,80.31,55.99,84.24
89450,80.17,55.94,84.24
89460,80.04,55.90,84.24
89470,79.92,55.83,84.24
89480,79.81,55.71,84.24
89490,79.71,55.48,84.24
89500,79.63,55.40,84.24
89510,79.56,55.14,84.24
89520,79.50,55.04,84.24
89530,79.43,55.10,84.24
89540,79.38,55.00,84.24
89550,79.33,54.96,84.24
89560,79.29,54.97,84.24
89570,79.25,54.96,84.24
89580,79.21,54.91,84.24
89590,79.18,54.69,84.24
89600,79.17,54.46,84.24
89610,79.18,54.18,84.24
89620,79.19,54.14,84.24
89630,79.20,54.12,84.24
89640,79.20,54.31,84.24
89650,79.22,54.15,84.24
89660,79.23,54.20,84.24
89670,79.25,53.95,84.24
89680,79.28,53.81,84.24
89690,79.32,53.85,84.24
89700,79.34,53.96,84.24
89710,79.37,53.98,84.24
89720,79.40,53.84,84.24
89730,79.44,53.78,84.24
89740,79.48,53.82,84.24
89750,79.51,53.92,84.24
89760,79.54,53.93,84.24
89770,79.57,53.93,84.24
89780,79.61,53.75,84.24
89790,79.65,53.92,84.24
89800,79.68,54.06,84.24
89810,79.70,54.11,84.24
89820,79.73,54.00,84.24
89830,79.77,53.87,84.24
89840,79.81,53.94,84.24
89850,79.84,54.05,84.24
89860,79.86,54.27,84.24
89870,79.88,54.28,84.24
89880,79.91,54.24,84.24
89890,79.93,54.24,84.24
89900,79.95,54.36,84.24
89910,79.97,54.34,84.24
89920,80.00,54.19,84.24
89930,80.02,54.37,84.24
89940,80.04,54.50,84.24
89950,80.04,54.70,84.24
89960,80.06,54.54,84.24
89970,80.08,54.47,84.24
89980,80.10,54.45,84.24
89990,80.12,54.58,84.24
90000,80.12,54.85,84.24
90010,80.13,54.81,84.24
90020,80.14,54.75,84.24
90030,80.16,54.60,84.24
90040,80.17,54.74,84.24
90050,80.18,54.93,84.24
90060,80.18,55.02,84.24
90070,80.18,55.01,84.24
90080,80.19,54.89,84.24
90090,80.21,54.81,84.24
90100,80.22,54.84,84.24
90110,80.23,55.01,84.24
90120,80.23,55.14,84.24
90130,80.23,55.24,84.24
90140,80.24,55.10,84.24
90150,80.26,54.91,84.24
90160,80.27,54.92,84.24
90170,80.29,55.02,84.24
90180,80.30,55.11,84.24
90190,80.30,55.25,84.24
90200,80.31,55.18,84.24
90210,80.33,55.01,84.24
90220,80.35,54.95,84.24
90230,80.37,55.06,84.24
90240,80.38,55.12,84.24
90250,80.39,55.25,84.24
90260,80.40,55.27,84.24
90270,80.41,55.30,84.24
90280,80.42,55.19,84.24
90290,80.45,54.97,84.24
90300,80.48,54.99,84.24
90310,80.50,55.01,84.24
90320,80.52,55.27,84.24
90330,80.53,55.35,84.24
90340,80.54,55.29,84.24
90350,80.56,55.28,84.24
90360,80.58,55.11,84.24
90370,80.61,55.03,84.24
90380,80.64,55.09,84.24
90390,80.67,55.02,84.24
90400,80.68,55.30,84.24
90410,80.70,55.31,84.24
90420,80.72,55.25,84.24
90430,80.75,55.10,84.24
90440,80.79,54.93,84.24
90450,80.83,54.86,84.24
90460,80.86,54.96,84.24
90470,80.89,55.04,84.24
90480,80.91,55.29,84.24
90490,80.94,55.20,84.24
90500,80.96,55.16,84.24
90510,81.00,55.04,84.24
90520,81.04,54.87,84.24
90530,81.08,54.91,84.24
90540,81.12,54.94,84.24
90550,81.15,55.05,84.24
90560,81.17,55.27,84.24
90570,81.20,55.19,84.24
90580,81.23,55.01,84.24
90590,81.27,54.88,84.24
90600,81.32,54.75,84.24
90610,81.36,54.87,84.24
90620,81.39,55.19,84.24
90630,81.42,55.09,84.24
90640,81.45,55.04,84.24
90650,81.49,54.92,84.24
90660,81.53,54.81,84.24
90670,81.58,54.77,84.24
90680,81.62,54.83,84.24
90690,81.65,55.00,84.24
90700,81.68,55.07,84.24
90710,81.71,55.08,84.24
90720,81.75,54.87,84.24
90730,81.80,54.79,84.24
90740,81.84,54.79,84.24
90750,81.88,54.95,84.24
90760,81.90,55.22,84.24
90770,81.92,55.15,84.24
90780,81.95,55.01,84.24
90790,81.98,55.03,84.24
90800,82.02,54.83,84.24
90810,82.06,54.91,84.24
90820,82.09,54.99,84.24
90830,82.12,55.08,84.24
90840,82.14,55.18,84.24
90850,82.17,55.09,84.24
90860,82.20,54.97,84.24
90870,82.24,54.90,84.24
90880,82.27,54.84,84.24
90890,82.31,54.82,84.24
90900,82.35,54.87,84.24
90910,82.37,55.09,84.24
90920,82.40,54.98,84.24
90930,82.42,55.18,84.24
90940,82.45,54.97,84.24
90950,82.49,54.79,84.24
90960,82.52,54.89,84.24
90970,82.57,54.71,84.24
90980,82.59,55.03,84.24
90990,82.62,55.03,84.24
91000,82.65,54.94,84.24
91010,82.68,54.90,84.24
91020,82.72,54.71,84.24
91030,82.76,54.69,84.24
91040,82.78,54.92,84.24
91050,82.82,54.84,84.24
91060,82.84,55.07,84.24
91070,82.85,55.18,84.24
91080,82.87,55.07,84.24
91090,82.90,54.97,84.24
91100,82.93,54.87,84.24
91110,82.95,55.03,84.24
91120,82.96,55.18,84.24
91130,82.97,55.24,84.24
91140,82.99,55.02,84.24
91150,83.02,54.85,84.24
91160,83.05,54.95,84.24
91170,83.07,55.01,84.24
91180,83.08,55.16,84.24
91190,83.09,55.23,84.24
91200,83.10,55.29,84.24
91210,83.11,55.27,84.24
91220,83.13,55.07,84.24
91230,83.15,54.96,84.24
91240,83.17,55.13,84.24
91250,83.18,55.17,84.24
91260,83.18,55.36,84.24
91270,83.19,55.39,84.24
91280,83.19,55.34,84.24
91290,83.20,55.17,84.24
91300,83.22,55.04,84.24
91310,83.24,55.21,84.24
91320,83.25,55.21,84.24
91330,83.25,55.37,84.24
91340,83.25,55.53,84.24
91350,83.25,55.42,84.24
91360,83.25,55.36,84.24
91370,83.27,55.21,84.24
91380,83.28,55.19,84.24
91390,83.29,55.33,84.24
91400,83.30,55.25,84.24
91410,83.30,55.36,84.24
91420,83.30,55.60,84.24
91430,83.30,55.45,84.24
91440,83.30,55.45,84.24
91450,83.31,55.23,84.24
91460,83.33,55.18,84.24
91470,83.33,55.39,84.24
91480,83.34,55.41,84.24
91490,83.34,55.52,84.24
91500,83.33,55.66,84.24
91510,83.33,55.56,84.24
91520,83.33,55.42,84.24
91530,83.34,55.33,84.24
91540,83.35,55.34,84.24
91550,83.35,55.44,84.24
91560,83.36,55.47,84.24
91570,83.36,55.54,84.24
91580,83.35,55.66,84.24
91590,83.35,55.62,84.24
91600,83.34,55.63,84.24
91610,83.34,55.53,84.24
91620,83.35,55.42,84.24
91630,83.36,55.41,84.24
91640,83.36,55.49,84.24
91650,83.36,55.59,84.24
91660,83.36,55.73,84.24
91670,83.36,55.57,84.24
91680,83.36,55.61,84.24
91690,83.35,55.68,84.24
91700,83.36,55.45,84.24
91710,83.37,55.36,84.24
91720,83.38,55.45,84.24
91730,83.39,55.35,84.24
91740,83.40,55.49,84.24
91750,83.40,55.62,84.24
91760,83.39,55.70,84.24
91770,83.39,55.76,84.24
91780,83.40,55.48,84.24
91790,83.40,55.54,84.24
91800,83.41,55.39,84.24
91810,83.43,55.30,84.24
91820,83.44,55.43,84.24
91830,83.45,55.48,84.24
91840,83.45,55.57,84.24
91850,83.44,55.73,84.24
91860,83.44,55.68,84.24
91870,83.45,55.56,84.24
91880,83.46,55.45,84.24
91890,83.48,55.26,84.24
91900,83.49,55.31,84.24
91910,83.51,55.28,84.24
91920,83.52,55.41,84.24
91930,83.53,55.54,84.24
91940,83.53,55.49,84.24
91950,83.54,55.55,84.24
91960,83.54,55.53,84.24
91970,83.56,55.31,84.24
91980,83.58,55.25,84.24
91990,83.59,55.30,84.24
92000,83.61,55.27,84.24
92010,83.62,31.28,42.66
92020,83.62,30.97,42.66
92030,83.63,30.81,42.66
92040,83.64,30.36,42.66
92050,83.64,30.14,42.66
92060,83.63,30.33,42.66
92070,83.61,30.04,42.66
92080,83.58,30.14,42.66
92090,83.54,30.17,42.66
92100,83.48,30.14,42.66
92110,83.41,30.10,42.66
92120,83.33,30.26,42.66
92130,83.22,30.57,42.66
92140,83.11,30.41,42.66
92150,82.96,30.81,42.66
92160,82.80,31.00,42.66
92170,82.62,31.25,42.66
92180,82.42,31.59,42.66
92190,82.20,31.71,42.66
92200,81.96,32.00,42.66
92210,81.70,32.29,42.66
92220,81.40,33.18,42.66
92230,81.05,33.83,42.66
92240,80.68,34.48,42.66
92250,80.28,34.79,42.66
92260,79.87,35.24,42.66
92270,79.42,35.92,42.66
92280,78.93,36.78,42.66
92290,78.43,36.95,42.66
92300,77.90,37.69,42.66
92310,77.34,38.41,42.66
92320,76.75,38.96,42.66
92330,76.13,39.86,42.66
92340,75.49,40.42,42.66
92350,74.83,40.98,42.66
92360,74.13,41.85,42.66
92370,73.42,42.48,42.66
92380,72.68,43.03,42.66
92390,71.94,43.53,42.66
92400,71.16,44.29,42.66
92410,70.36,45.18,42.66
92420,69.53,46.17,42.66
92430,68.67,46.92,42.66
92440,67.80,47.49,42.66
92450,66.91,48.10,42.66
92460,66.03,48.58,42.66
92470,65.14,48.98,42.66
92480,64.24,49.48,42.66
92490,63.33,50.11,42.66
92500,62.42,50.57,42.66
92510,61.49,51.22,42.66
92520,60.57,51.66,42.66
92530,59.63,52.19,42.66
92540,58.71,52.55,42.66
92550,57.78,53.00,42.66
92560,56.85,53.41,42.66
92570,55.92,53.97,42.66
92580,55.00,54.00,42.66
92590,54.08,54.62,42.66
92600,53.19,54.63,42.66
92610,52.30,54.91,42.66
92620,51.41,55.32,42.66
92630,50.53,55.47,42.66
92640,49.69,55.43,42.66
92650,48.85,55.57,42.66
92660,48.02,55.97,42.66
92670,47.21,56.07,42.66
92680,46.42,55.88,42.66
92690,45.66,55.77,42.66
92700,44.92,55.94,42.66
92710,44.18,56.12,42.66
92720,43.46,56.28,42.66
92730,42.76,56.29,42.66
92740,42.10,55.94,42.66
92750,41.46,55.68,42.66
92760,40.86,55.37,42.66
92770,40.30,55.02,42.66
92780,39.76,54.84,42.66
92790,39.24,54.76,42.66
92800,38.73,54.78,42.66
92810,38.26,54.58,42.66
92820,37.79,54.55,42.66
92830,37.36,54.29,42.66
92840,36.96,53.74,42.66
92850,36.60,53.28,42.66
92860,36.28,52.74,42.66
92870,35.99,52.32,42.66
92880,35.72,52.04,42.66
92890,35.47,51.93,42.66
92900,35.24,51.86,42.66
92910,35.03,51.46,42.66
92920,34.86,50.72,42.66
92930,34.73,50.14,42.66
92940,34.62,49.95,42.66
92950,34.52,49.77,42.66
92960,34.44,49.43,42.66
92970,34.41,48.66,42.66
92980,34.40,48.18,42.66
92990,34.40,48.11,42.66
93000,34.41,47.73,42.66
93010,34.47,47.07,42.66
93020,34.54,46.79,42.66
93030,34.61,46.64,42.66
93040,34.73,45.88,42.66
93050,34.84,45.80,42.66
93060,34.99,45.24,42.66
93070,35.15,44.85,42.66
93080,35.32,44.58,42.66
93090,35.51,44.13,42.66
93100,35.70,44.04,42.66
93110,35.92,43.51,42.66
93120,36.13,43.43,42.66
93130,36.37,42.92,42.66
93140,36.61,42.63,42.66
93150,36.86,42.54,42.66
93160,37.12,42.11,42.66
93170,37.38,41.99,42.66
93180,37.64,41.83,42.66
93190,37.92,41.35,42.66
93200,38.19,41.34,42.66
93210,38.47,41.17,42.66
93220,38.75,40.97,42.66
93230,39.04,40.58,42.66
93240,39.32,40.61,42.66
93250,39.60,40.71,42.66
93260,39.87,40.59,42.66
93270,40.13,40.50,42.66
93280,40.40,40.30,42.66
93290,40.68,40.02,42.66
93300,40.96,39.89,42.66
93310,41.23,39.88,42.66
93320,41.49,39.95,42.66
93330,41.73,40.12,42.66
93340,41.97,40.13,42.66
93350,42.20,40.04,42.66
93360,42.44,39.96,42.66
93370,42.67,39.89,42.66
93380,42.89,39.87,42.66
93390,43.11,39.85,42.66
93400,43.33,39.74,42.66
93410,43.54,39.72,42.66
93420,43.74,39.75,42.66
93430,43.94,39.80,42.66
93440,44.13,39.84,42.66
93450,44.29,40.17,42.66
93460,44.45,40.17,42.66
93470,44.60,40.35,42.66
93480,44.73,40.52,42.66
93490,44.86,40.65,42.66
93500,44.99,40.29,42.66
93510,45.11,40.50,42.66
93520,45.23,40.49,42.66
93530,45.33,40.72,42.66
93540,45.42,40.91,42.66
93550,45.50,41.06,42.66
93560,45.57,41.14,42.66
93570,45.63,41.41,42.66
93580,45.67,41.62,42.66
93590,45.70,41.79,42.66
93600,45.73,41.86,42.66
93610,45.74,42.18,42.66
93620,45.74,42.40,42.66
93630,45.73,42.46,42.66
93640,45.72,42.58,42.66
93650,45.69,42.88,42.66
93660,45.66,42.91,42.66
93670,45.63,42.97,42.66
93680,45.59,43.13,42.66
93690,45.55,43.17,42.66
93700,45.51,43.13,42.66
93710,45.47,43.17,42.66
93720,45.42,43.28,42.66
93730,45.37,43.37,42.66
93740,45.31,43.49,42.66
93750,45.24,43.85,42.66
93760,45.16,44.09,42.66
93770,45.07,44.24,42.66
93780,44.98,44.28,42.66
93790,44.89,44.29,42.66
93800,44.81,44.17,42.66
93810,44.72,44.37,42.66
93820,44.63,44.58,42.66
93830,44.52,44.77,42.66
93840,44.42,44.78,42.66
93850,44.32,44.80,42.66
93860,44.23,44.70,42.66
93870,44.12,44.94,42.66
93880,44.01,45.14,42.66
93890,43.90,45.31,42.66
93900,43.78,45.31,42.66
93910,43.68,45.14,42.66
93920,43.57,45.29,42.66
93930,43.46,45.56,42.66
93940,43.35,45.49,42.66
93950,43.25,45.36,42.66
93960,43.13,45.64,42.66
93970,43.02,45.67,42.66
93980,42.91,45.70,42.66
93990,42.81,45.61,42.66
94000,42.71,45.78,42.66
94010,42.60,45.81,42.66
94020,42.49,45.89,42.66
94030,42.41,45.57,42.66
94040,42.30,45.96,42.66
94050,42.21,45.76,42.66
94060,42.12,45.77,42.66
94070,42.03,45.87,42.66
94080,41.94,45.86,42.66
94090,41.86,45.77,42.66
94100,41.79,45.62,42.66
94110,41.70,45.94,42.66
94120,41.64,45.68,42.66
94130,41.57,45.64,42.66
94140,41.50,45.82,42.66
94150,41.45,45.48,42.66
94160,41.40,45.46,42.66
94170,41.35,45.52,42.66
94180,41.30,45.45,42.66
94190,41.26,45.29,42.66
94200,41.22,45.55,42.66
94210,41.19,45.14,42.66
94220,41.16,45.31,42.66
94230,41.14,45.08,42.66
94240,41.12,45.13,42.66
94250,41.11,44.86,42.66
94260,41.10,45.03,42.66
94270,41.09,44.88,42.66
94280,41.09,44.73,42.66
94290,41.10,44.68,42.66
94300,41.10,44.80,42.66
94310,41.11,44.46,42.66
94320,41.13,44.51,42.66
94330,41.13,44.67,42.66
94340,41.16,44.20,42.66
94350,41.18,44.42,42.66
94360,41.20,44.36,42.66
94370,41.23,44.18,42.66
94380,41.26,44.17,42.66
94390,41.29,44.15,42.66
94400,41.31,44.27,42.66
94410,41.36,43.88,42.66
94420,41.38,44.22,42.66
94430,41.41,44.11,42.66
94440,41.45,43.89,42.66
94450,41.49,43.94,42.66
94460,41.52,44.03,42.66
94470,41.55,44.05,42.66
94480,41.60,43.83,42.66
94490,41.63,43.91,42.66
94500,41.67,43.90,42.66
94510,41.70,43.92,42.66
94520,41.75,43.66,42.66
94530,41.78,43.88,42.66
94540,41.81,43.96,42.66
94550,41.86,43.69,42.66
94560,41.90,43.63,42.66
94570,41.93,44.01,42.66
94580,41.96,43.80,42.66
94590,42.00,43.62,42.66
94600,42.04,43.78,42.66
94610,42.06,43.93,42.66
94620,42.10,43.75,42.66
94630,42.13,43.86,42.66
94640,42.15,43.95,42.66
94650,42.18,43.83,42.66
94660,42.22,43.61,42.66
94670,42.23,44.03,42.66
94680,42.25,44.03,42.66
94690,42.28,43.72,42.66
94700,42.31,43.76,42.66
94710,42.34,43.83,42.66
94720,42.35,44.11,42.66
94730,42.37,43.85,42.66
94740,42.39,43.81,42.66
94750,42.41,44.00,42.66
94760,42.42,44.06,42.66
94770,42.44,43.97,42.66
94780,42.46,43.68,42.66
94790,42.48,44.00,42.66
94800,42.48,44.21,42.66
94810,42.49,43.95,42.66
94820,42.51,43.97,42.66
94830,42.52,44.04,42.66
94840,42.52,44.20,42.66
94850,42.52,44.24,42.66
94860,42.53,44.01,42.66
94870,42.54,44.11,42.66
94880,42.54,44.14,42.66
94890,42.53,44.53,42.66
94900,42.53,44.21,42.66
94910,42.54,43.98,42.66
94920,42.53,44.38,42.66
94930,42.53,44.38,42.66
94940,42.53,44.26,42.66
94950,42.53,44.07,42.66
94960,42.53,44.34,42.66
94970,42.52,44.46,42.66
94980,42.52,44.22,42.66
94990,42.52,44.26,42.66
95000,42.52,44.15,42.66
95010,42.51,44.45,42.66
95020,42.51,44.41,42.66
95030,42.52,44.04,42.66
95040,42.51,44.31,42.66
95050,42.51,44.41,42.66
95060,42.50,44.39,42.66
95070,42.51,44.15,42.66
95080,42.51,44.21,42.66
95090,42.50,44.47,42.66
95100,42.51,44.12,42.66
95110,42.51,44.22,42.66
95120,42.51,44.27,42.66
95130,42.51,44.22,42.66
95140,42.51,44.26,42.66
95150,42.52,44.12,42.66
95160,42.52,44.28,42.66
95170,42.52,44.27,42.66
95180,42.52,44.17,42.66
95190,42.53,44.24,42.66
95200,42.54,44.05,42.66
95210,42.53,44.43,42.66
95220,42.53,44.23,42.66
95230,42.54,44.07,42.66
95240,42.53,44.39,42.66
95250,42.53,44.32,42.66
95260,42.53,44.36,42.66
95270,42.54,44.06,42.66
95280,42.53,44.41,42.66
95290,42.52,44.38,42.66
95300,42.52,44.30,42.66
95310,42.52,44.33,42.66
95320,42.53,44.06,42.66
95330,42.53,44.34,42.66
95340,42.52,44.36,42.66
95350,42.53,44.17,42.66
95360,42.54,44.10,42.66
95370,42.54,44.25,42.66
95380,42.53,44.54,42.66
95390,42.53,44.13,42.66
95400,42.55,44.01,42.66
95410,42.54,44.34,42.66
95420,42.54,44.26,42.66
95430,42.55,44.26,42.66
95440,42.56,44.06,42.66
95450,42.56,44.23,42.66
95460,42.55,44.53,42.66
95470,42.55,44.25,42.66
95480,42.55,44.21,42.66
95490,42.56,44.11,42.66
95500,42.55,44.51,42.66
95510,42.54,44.47,42.66
95520,42.55,43.99,42.66
95530,42.55,44.25,42.66
95540,42.55,44.36,42.66
95550,42.54,44.42,42.66
95560,42.55,44.10,42.66
95570,42.56,44.17,42.66
95580,42.55,44.47,42.66
95590,42.55,44.23,42.66
95600,42.55,44.31,42.66
95610,42.55,44.19,42.66
95620,42.56,44.21,42.66
95630,42.55,44.44,42.66
95640,42.56,44.14,42.66
95650,42.56,44.22,42.66
95660,42.56,44.26,42.66
95670,42.56,44.32,42.66
95680,42.56,44.18,42.66
95690,42.57,44.13,42.66
95700,42.57,44.41,42.66
95710,42.57,44.26,42.66
95720,42.57,44.23,42.66
95730,42.57,44.29,42.66
95740,42.57,44.33,42.66
95750,42.56,44.32,42.66
95760,42.57,44.13,42.66
95770,42.58,44.20,42.66
95780,42.57,44.49,42.66
95790,42.56,44.38,42.66
95800,42.57,44.12,42.66
95810,42.57,44.26,42.66
95820,42.56,44.45,42.66
95830,42.57,44.18,42.66
95840,42.57,44.19,42.66
95850,42.57,44.27,42.66
95860,42.57,44.44,42.66
95870,42.57,44.22,42.66
95880,42.57,44.22,42.66
95890,42.57,44.41,42.66
95900,42.57,44.26,42.66
95910,42.57,44.39,42.66
95920,42.57,44.17,42.66
95930,42.57,44.30,42.66
95940,42.57,44.40,42.66
95950,42.56,44.32,42.66
95960,42.57,44.18,42.66
95970,42.57,44.22,42.66
95980,42.56,44.54,42.66
95990,42.57,44.15,42.66
96000,42.57,44.22,42.66
96010,42.57,37.06,30.18
96020,42.57,37.02,30.18
96030,42.57,36.92,30.18
96040,42.58,36.52,30.18
96050,42.59,36.52,30.18
96060,42.59,36.48,30.18
96070,42.58,36.80,30.18
96080,42.56,36.88,30.18
96090,42.53,36.93,30.18
96100,42.49,37.06,30.18
96110,42.46,36.95,30.18
96120,42.43,36.78,30.18
96130,42.41,36.65,30.18
96140,42.38,36.64,30.18
96150,42.34,36.69,30.18
96160,42.30,36.78,30.18
96170,42.22,37.58,30.18
96180,42.11,37.98,30.18
96190,42.01,38.04,30.18
96200,41.90,37.92,30.18
96210,41.82,37.63,30.18
96220,41.72,37.66,30.18
96230,41.62,37.88,30.18
96240,41.49,38.42,30.18
96250,41.32,39.09,30.18
96260,41.16,39.07,30.18
96270,41.01,38.86,30.18
96280,40.87,38.80,30.18
96290,40.72,38.74,30.18
96300,40.57,39.01,30.18
96310,40.39,39.55,30.18
96320,40.18,40.07,30.18
96330,39.98,40.15,30.18
96340,39.78,40.17,30.18
96350,39.59,39.85,30.18
96360,39.41,39.69,30.18
96370,39.24,39.70,30.18
96380,39.05,40.12,30.18
96390,38.83,40.59,30.18
96400,38.60,41.14,30.18
96410,38.35,41.51,30.18
96420,38.08,41.99,30.18
96430,37.83,41.76,30.18
96440,37.59,41.60,30.18
96450,37.36,41.46,30.18
96460,37.14,41.24,30.18
96470,36.93,41.26,30.18
96480,36.73,41.19,30.18
96490,36.52,41.41,30.18
96500,36.31,41.45,30.18
96510,36.09,41.57,30.18
96520,35.88,41.77,30.18
96530,35.66,41.90,30.18
96540,35.44,41.98,30.18
96550,35.23,41.94,30.18
96560,35.01,42.16,30.18
96570,34.80,42.19,30.18
96580,34.58,42.41,30.18
96590,34.36,42.43,30.18
96600,34.14,42.50,30.18
96610,33.92,42.78,30.18
96620,33.70,42.72,30.18
96630,33.47,43.04,30.18
96640,33.25,43.08,30.18
96650,33.04,43.00,30.18
96660,32.82,43.18,30.18
96670,32.61,43.03,30.18
96680,32.42,42.81,30.18
96690,32.24,42.69,30.18
96700,32.07,42.56,30.18
96710,31.91,42.47,30.18
96720,31.76,42.45,30.18
96730,31.61,42.49,30.18
96740,31.45,42.70,30.18
96750,31.29,42.79,30.18
96760,31.13,42.75,30.18
96770,31.00,42.40,30.18
96780,30.88,42.22,30.18
96790,30.77,42.11,30.18
96800,30.68,41.78,30.18
96810,30.59,41.80,30.18
96820,30.50,41.72,30.18
96830,30.41,41.82,30.18
96840,30.33,41.84,30.18
96850,30.25,41.74,30.18
96860,30.21,41.00,30.18
96870,30.17,40.97,30.18
96880,30.13,40.95,30.18
96890,30.10,40.90,30.18
96900,30.07,40.96,30.18
96910,30.05,40.68,30.18
96920,30.02,40.76,30.18
96930,30.01,40.64,30.18
96940,30.00,40.48,30.18
96950,30.01,40.07,30.18
96960,30.03,39.94,30.18
96970,30.06,39.62,30.18
96980,30.11,39.31,30.18
96990,30.15,39.41,30.18
97000,30.20,39.24,30.18
97010,30.25,39.09,30.18
97020,30.31,39.02,30.18
97030,30.37,38.80,30.18
97040,30.43,38.91,30.18
97050,30.50,38.70,30.18
97060,30.56,38.73,30.18
97070,30.63,38.47,30.18
97080,30.71,38.24,30.18
97090,30.80,38.21,30.18
97100,30.88,38.10,30.18
97110,30.98,37.80,30.18
97120,31.07,37.68,30.18
97130,31.18,37.58,30.18
97140,31.26,37.76,30.18
97150,31.36,37.58,30.18
97160,31.43,37.94,30.18
97170,31.49,38.17,30.18
97180,31.53,38.73,30.18
97190,31.55,38.74,30.18
97200,31.59,38.61,30.18
97210,31.64,38.33,30.18
97220,31.70,38.00,30.18
97230,31.78,37.55,30.18
97240,31.88,37.08,30.18
97250,31.97,37.16,30.18
97260,32.04,37.55,30.18
97270,32.08,38.26,30.18
97280,32.09,38.62,30.18
97290,32.10,38.74,30.18
97300,32.12,38.46,30.18
97310,32.17,37.85,30.18
97320,32.23,37.54,30.18
97330,32.29,37.52,30.18
97340,32.33,37.95,30.18
97350,32.34,38.46,30.18
97360,32.33,38.78,30.18
97370,32.34,38.65,30.18
97380,32.36,38.18,30.18
97390,32.39,37.99,30.18
97400,32.42,37.97,30.18
97410,32.43,38.18,30.18
97420,32.43,38.70,30.18
97430,32.40,38.95,30.18
97440,32.39,38.79,30.18
97450,32.39,38.45,30.18
97460,32.40,38.35,30.18
97470,32.41,38.18,30.18
97480,32.41,38.50,30.18
97490,32.39,38.98,30.18
97500,32.35,39.23,30.18
97510,32.31,39.27,30.18
97520,32.28,39.07,30.18
97530,32.27,38.62,30.18
97540,32.27,38.45,30.18
97550,32.27,38.31,30.18
97560,32.27,38.44,30.18
97570,32.25,38.80,30.18
97580,32.21,39.27,30.18
97590,32.15,39.68,30.18
97600,32.10,39.44,30.18
97610,32.07,39.03,30.18
97620,32.08,38.37,30.18
97630,32.08,38.39,30.18
97640,32.08,38.30,30.18
97650,32.08,38.39,30.18
97660,32.07,38.75,30.18
97670,32.02,39.32,30.18
97680,31.96,39.59,30.18
97690,31.91,39.62,30.18
97700,31.86,39.36,30.18
97710,31.83,39.15,30.18
97720,31.82,38.58,30.18
97730,31.83,38.25,30.18
97740,31.86,38.01,30.18
97750,31.86,38.29,30.18
97760,31.87,38.33,30.18
97770,31.84,38.84,30.18
97780,31.80,39.30,30.18
97790,31.74,39.63,30.18
97800,31.69,39.52,30.18
97810,31.65,39.32,30.18
97820,31.62,38.95,30.18
97830,31.62,38.49,30.18
97840,31.64,38.05,30.18
97850,31.67,37.92,30.18
97860,31.69,38.00,30.18
97870,31.70,38.15,30.18
97880,31.69,38.60,30.18
97890,31.65,39.18,30.18
97900,31.60,39.43,30.18
97910,31.55,39.38,30.18
97920,31.51,39.35,30.18
97930,31.48,39.00,30.18
97940,31.49,38.36,30.18
97950,31.51,37.97,30.18
97960,31.54,37.84,30.18
97970,31.57,37.78,30.18
97980,31.59,37.89,30.18
97990,31.59,38.40,30.18
98000,31.56,38.88,30.18
98010,31.56,38.36,30.18
98020,31.54,38.67,30.18
98030,31.51,38.97,30.18
98040,31.47,39.15,30.18
98050,31.44,39.05,30.18
98060,31.48,37.54,30.18
98070,31.51,37.80,30.18
98080,31.53,37.79,30.18
98090,31.53,38.35,30.18
98100,31.51,38.79,30.18
98110,31.46,39.20,30.18
98120,31.43,38.95,30.18
98130,31.42,38.48,30.18
98140,31.43,38.07,30.18
98150,31.46,37.80,30.18
98160,31.49,37.55,30.18
98170,31.53,37.44,30.18
98180,31.54,37.97,30.18
98190,31.53,38.41,30.18
98200,31.49,39.03,30.18
98210,31.45,38.99,30.18
98220,31.44,38.60,30.18
98230,31.44,38.23,30.18
98240,31.46,37.68,30.18
98250,31.49,37.62,30.18
98260,31.50,37.95,30.18
98270,31.50,38.08,30.18
98280,31.47,38.74,30.18
98290,31.45,38.72,30.18
98300,31.42,38.64,30.18
98310,31.42,38.28,30.18
98320,31.43,37.82,30.18
98330,31.45,37.84,30.18
98340,31.47,37.71,30.18
98350,31.47,37.98,30.18
98360,31.45,38.56,30.18
98370,31.42,38.81,30.18
98380,31.38,38.79,30.18
98390,31.37,38.47,30.18
98400,31.38,37.81,30.18
98410,31.40,37.64,30.18
98420,31.43,37.51,30.18
98430,31.44,38.00,30.18
98440,31.40,38.70,30.18
98450,31.37,38.76,30.18
98460,31.33,38.84,30.18
98470,31.31,38.44,30.18
98480,31.33,37.84,30.18
98490,31.35,37.56,30.18
98500,31.38,37.56,30.18
98510,31.38,38.01,30.18
98520,31.35,38.62,30.18
98530,31.31,38.81,30.18
98540,31.28,38.64,30.18
98550,31.28,38.12,30.18
98560,31.30,37.61,30.18
98570,31.32,37.55,30.18
98580,31.33,37.84,30.18
98590,31.32,38.15,30.18
98600,31.29,38.68,30.18
98610,31.25,38.88,30.18
98620,31.23,38.37,30.18
98630,31.23,38.12,30.18
98640,31.23,37.82,30.18
98650,31.25,37.65,30.18
98660,31.25,38.08,30.18
98670,31.22,38.52,30.18
98680,31.19,38.62,30.18
98690,31.17,38.48,30.18
98700,31.16,38.16,30.18
98710,31.17,37.79,30.18
98720,31.18,37.78,30.18
98730,31.18,38.08,30.18
98740,31.16,38.36,30.18
98750,31.13,38.65,30.18
98760,31.10,38.60,30.18
98770,31.08,38.27,30.18
98780,31.09,37.82,30.18
98790,31.10,37.86,30.18
98800,31.11,37.82,30.18
98810,31.09,38.33,30.18
98820,31.06,38.68,30.18
98830,31.02,38.67,30.18
98840,31.01,38.31,30.18
98850,31.02,37.90,30.18
98860,31.04,37.58,30.18
98870,31.05,37.64,30.18
98880,31.05,37.99,30.18
98890,31.03,38.40,30.18
98900,30.99,38.76,30.18
98910,30.96,38.64,30.18
98920,30.95,38.20,30.18
98930,30.96,37.74,30.18
98940,30.98,37.60,30.18
98950,31.00,37.65,30.18
98960,30.99,38.22,30.18
98970,30.96,38.54,30.18
98980,30.92,38.70,30.18
98990,30.89,38.53,30.18
99000,30.90,37.95,30.18
99010,30.92,37.58,30.18
99020,30.94,37.58,30.18
99030,30.95,37.70,30.18
99040,30.93,38.27,30.18
99050,30.90,38.61,30.18
99060,30.87,38.63,30.18
99070,30.85,38.36,30.18
99080,30.86,37.87,30.18
99090,30.89,37.37,30.18
99100,30.91,37.41,30.18
99110,30.91,37.93,30.18
99120,30.90,38.26,30.18
99130,30.86,38.66,30.18
99140,30.83,38.49,30.18
99150,30.83,37.99,30.18
99160,30.85,37.59,30.18
99170,30.86,37.83,30.18
99180,30.88,37.40,30.18
99190,30.91,37.34,30.18
99200,30.92,37.71,30.18
99210,30.90,38.25,30.18
99220,30.90,37.87,30.18
99230,30.93,37.38,30.18
99240,30.95,37.46,30.18
99250,30.95,37.71,30.18
99260,30.94,38.22,30.18
99270,30.91,38.47,30.18
99280,30.88,38.39,30.18
99290,30.88,37.93,30.18
99300,30.89,37.54,30.18
99310,30.91,37.45,30.18
99320,30.92,37.57,30.18
99330,30.92,38.00,30.18
99340,30.89,38.33,30.18
99350,30.87,38.20,30.18
99360,30.87,37.96,30.18
99370,30.88,37.53,30.18
99380,30.90,37.39,30.18
99390,30.92,37.54,30.18
99400,30.91,37.94,30.18
99410,30.89,38.26,30.18
99420,30.86,38.30,30.18
99430,30.85,38.03,30.18
99440,30.87,37.48,30.18
99450,30.89,37.31,30.18
99460,30.91,37.32,30.18
99470,30.92,37.68,30.18
99480,30.90,38.20,30.18
99490,30.86,38.45,30.18
99500,30.84,38.20,30.18
99510,30.84,37.79,30.18
99520,30.86,37.41,30.18
99530,30.90,37.04,30.18
99540,30.91,37.38,30.18
99550,30.91,37.87,30.18
99560,30.88,38.19,30.18
99570,30.85,38.38,30.18
99580,30.83,38.17,30.18
99590,30.84,37.59,30.18
99600,30.86,37.31,30.18
99610,30.88,37.40,30.18
99620,30.89,37.53,30.18
99630,30.88,37.93,30.18
99640,30.85,38.18,30.18
99650,30.84,37.90,30.18
99660,30.85,37.56,30.18
99670,30.87,37.31,30.18
99680,30.88,37.40,30.18
99690,30.88,37.70,30.18
99700,30.86,38.20,30.18
99710,30.83,38.34,30.18
99720,30.81,38.02,30.18
99730,30.83,37.42,30.18
99740,30.84,37.34,30.18
99750,30.85,37.50,30.18
99760,30.84,37.87,30.18
99770,30.82,38.01,30.18
99780,30.81,38.02,30.18
99790,30.81,37.66,30.18
99800,30.83,37.27,30.18
99810,30.86,37.07,30.18
99820,30.86,37.50,30.18
99830,30.85,37.97,30.18
99840,30.83,38.01,30.18
99850,30.82,37.78,30.18
99860,30.83,37.48,30.18
99870,30.84,37.37,30.18
99880,30.85,37.52,30.18
99890,30.84,37.81,30.18
99900,30.82,38.06,30.18
99910,30.79,38.10,30.18
99920,30.79,37.78,30.18
99930,30.80,37.42,30.18
99940,30.80,37.48,30.18
99950,30.79,37.86,30.18
99960,30.76,38.34,30.18
99970,30.73,38.27,30.18
99980,30.72,37.82,30.18
99990,30.72,37.51,30.18
100000,30.73,37.52,30.18
100010,30.72,82.34,106.43
100020,30.69,83.17,106.43
100030,30.66,83.58,106.43
100040,30.66,83.62,106.43
100050,30.67,83.96,106.43
100060,30.69,84.12,106.43
100070,30.72,84.56,106.43
100080,30.76,84.77,106.43
100090,30.84,84.53,106.43
100100,31.03,82.62,106.43
100110,31.16,84.06,106.43
100120,31.37,83.16,106.43
100130,31.62,82.62,106.43
100140,31.99,80.43,106.43
100150,32.37,80.44,106.43
100160,32.77,80.48,106.43
100170,33.23,79.24,106.43
100180,33.79,77.73,106.43
100190,34.43,76.05,106.43
100200,35.14,74.71,106.43
100210,35.91,73.49,106.43
100220,36.76,71.94,106.43
100230,37.67,70.71,106.43
100240,38.66,68.98,106.43
100250,39.80,65.73,106.43
100260,41.02,63.86,106.43
100270,42.33,61.75,106.43
100280,43.73,59.61,106.43
100290,45.20,57.65,106.43
100300,46.70,56.56,106.43
100310,48.29,54.31,106.43
100320,49.82,55.16,106.43
100330,51.45,52.47,106.43
100340,53.10,51.38,106.43
100350,54.80,49.88,106.43
100360,56.51,48.86,106.43
100370,58.32,46.18,106.43
100380,60.14,45.41,106.43
100390,61.94,44.85,106.43
100400,63.76,43.81,106.43
100410,65.58,42.98,106.43
100420,67.40,42.19,106.43
100430,69.22,41.51,106.43
100440,71.04,40.67,106.43
100450,72.86,39.72,106.43
100460,74.66,39.38,106.43
100470,76.44,38.87,106.43
100480,78.21,38.39,106.43
100490,79.96,37.84,106.43
100500,81.68,37.67,106.43
100510,83.38,37.06,106.43
100520,85.07,36.56,106.43
100530,86.73,36.46,106.43
100540,88.35,36.39,106.43
100550,89.94,36.00,106.43
100560,91.50,35.95,106.43
100570,93.03,35.74,106.43
100580,94.53,35.68,106.43
100590,95.99,35.61,106.43
100600,97.40,35.70,106.43
100610,98.78,35.83,106.43
100620,100.11,35.87,106.43
100630,101.41,35.99,106.43
100640,102.67,35.86,106.43
100650,103.90,35.92,106.43
100660,105.08,36.17,106.43
100670,106.22,36.39,106.43
100680,107.31,36.59,106.43
100690,108.37,36.76,106.43
100700,109.39,36.89,106.43
100710,110.37,37.07,106.43
100720,111.30,37.49,106.43
100730,112.19,37.69,106.43
100740,113.05,37.92,106.43
100750,113.87,38.09,106.43
100760,114.65,38.42,106.43
100770,115.38,38.82,106.43
100780,116.08,39.07,106.43
100790,116.75,39.20,106.43
100800,117.39,39.45,106.43
100810,117.98,39.94,106.43
100820,118.53,40.36,106.43
100830,119.04,40.70,106.43
100840,119.53,40.78,106.43
100850,119.99,41.00,106.43
100860,120.42,41.39,106.43
100870,120.81,41.83,106.43
100880,121.15,42.37,106.43
100890,121.46,42.83,106.43
100900,121.73,43.43,106.43
100910,121.97,43.72,106.43
100920,122.19,43.80,106.43
100930,122.38,44.22,106.43
100940,122.55,44.56,106.43
100950,122.69,44.78,106.43
100960,122.80,45.32,106.43
100970,122.89,45.49,106.43
100980,122.95,46.06,106.43
100990,122.99,46.25,106.43
101000,123.01,46.49,106.43
101010,123.02,46.64,106.43
101020,123.00,47.13,106.43
101030,122.94,47.76,106.43
101040,122.87,48.11,106.43
101050,122.79,47.95,106.43
101060,122.71,48.12,106.43
101070,122.59,48.89,106.43
101080,122.46,48.91,106.43
101090,122.34,48.81,106.43
101100,122.18,49.46,106.43
101110,122.03,49.33,106.43
101120,121.87,49.45,106.43
101130,121.69,50.00,106.43
101140,121.51,49.78,106.43
101150,121.31,50.38,106.43
101160,121.12,50.09,106.43
101170,120.91,50.59,106.43
101180,120.71,50.34,106.43
101190,120.49,50.85,106.43
101200,120.28,50.62,106.43
101210,120.05,51.07,106.43
101220,119.84,50.86,106.43
101230,119.59,51.45,106.43
101240,119.37,51.16,106.43
101250,119.12,51.65,106.43
101260,118.88,51.45,106.43
101270,118.64,51.65,106.43
101280,118.38,51.98,106.43
101290,118.14,51.67,106.43
101300,117.89,52.06,106.43
101310,117.64,52.04,106.43
101320,117.40,51.89,106.43
101330,117.14,52.41,106.43
101340,116.90,52.20,106.43
101350,116.65,52.37,106.43
101360,116.38,52.65,106.43
101370,116.14,52.40,106.43
101380,115.89,52.55,106.43
101390,115.63,52.96,106.43
101400,115.37,52.85,106.43
101410,115.13,52.76,106.43
101420,114.87,53.19,106.43
101430,114.61,53.17,106.43
101440,114.37,52.83,106.43
101450,114.12,53.23,106.43
101460,113.86,53.61,106.43
101470,113.60,53.51,106.43
101480,113.37,53.26,106.43
101490,113.13,53.32,106.43
101500,112.88,53.74,106.43
101510,112.63,53.76,106.43
101520,112.38,53.89,106.43
101530,112.13,54.03,106.43
101540,111.90,53.74,106.43
101550,111.67,53.75,106.43
101560,111.43,54.03,106.43
101570,111.19,54.32,106.43
101580,110.96,54.20,106.43
101590,110.74,53.92,106.43
101600,110.52,54.09,106.43
101610,110.29,54.42,106.43
101620,110.06,54.51,106.43
101630,109.85,54.34,106.43
101640,109.65,54.14,106.43
101650,109.44,54.34,106.43
101660,109.23,54.50,106.43
101670,109.02,54.72,106.43
101680,108.82,54.53,106.43
101690,108.63,54.35,106.43
101700,108.45,54.33,106.43
101710,108.26,54.58,106.43
101720,108.07,54.79,106.43
101730,107.88,54.83,106.43
101740,107.70,54.64,106.43
101750,107.54,54.49,106.43
101760,107.38,54.44,106.43
101770,107.22,54.60,106.43
101780,107.04,54.91,106.43
101790,106.88,54.87,106.43
101800,106.72,54.75,106.43
101810,106.58,54.67,106.43
101820,106.44,54.46,106.43
101830,106.31,54.51,106.43
101840,106.18,54.68,106.43
101850,106.03,54.85,106.43
101860,105.90,54.83,106.43
101870,105.78,54.59,106.43
101880,105.67,54.43,106.43
101890,105.57,54.26,106.43
101900,105.48,54.37,106.43
101910,105.37,54.58,106.43
101920,105.26,54.65,106.43
101930,105.17,54.53,106.43
101940,105.08,54.35,106.43
101950,105.01,54.20,106.43
101960,104.94,54.05,106.43
101970,104.88,54.09,106.43
101980,104.81,54.20,106.43
101990,104.74,54.34,106.43
102000,104.67,54.28,106.43
102010,104.62,54.02,106.43
102020,104.58,53.78,106.43
102030,104.55,53.76,106.43
102040,104.51,53.80,106.43
102050,104.47,53.95,106.43
102060,104.43,53.99,106.43
102070,104.40,53.83,106.43
102080,104.38,53.52,106.43
102090,104.37,53.44,106.43
102100,104.36,53.43,106.43
102110,104.34,53.65,106.43
102120,104.33,53.58,106.43
102130,104.32,53.43,106.43
102140,104.33,53.13,106.43
102150,104.34,53.17,106.43
102160,104.34,53.39,106.43
102170,104.34,53.48,106.43
102180,104.34,53.29,106.43
102190,104.36,53.03,106.43
102200,104.38,53.04,106.43
102210,104.38,53.31,106.43
102220,104.38,53.40,106.43
102230,104.40,53.12,106.43
102240,104.42,52.97,106.43
102250,104.42,53.28,106.43
102260,104.42,53.49,106.43
102270,104.43,53.38,106.43
102280,104.44,53.22,106.43
102290,104.44,53.33,106.43
102300,104.44,53.65,106.43
102310,104.43,53.66,106.43
102320,104.44,53.35,106.43
102330,104.44,53.36,106.43
102340,104.44,53.65,106.43
102350,104.43,53.76,106.43
102360,104.43,53.62,106.43
102370,104.43,53.49,106.43
102380,104.42,53.74,106.43
102390,104.41,53.90,106.43
102400,104.41,53.71,106.43
102410,104.41,53.50,106.43
102420,104.42,53.60,106.43
102430,104.41,53.84,106.43
102440,104.40,53.82,106.43
102450,104.41,53.56,106.43
102460,104.43,53.39,106.43
102470,104.43,53.61,106.43
102480,104.43,53.80,106.43
102490,104.43,53.74,106.43
102500,104.44,53.46,106.43
102510,104.46,53.41,106.43
102520,104.46,53.73,106.43
102530,104.46,53.81,106.43
102540,104.46,53.69,106.43
102550,104.48,53.55,106.43
102560,104.49,53.56,106.43
102570,104.49,53.80,106.43
102580,104.48,54.08,106.43
102590,104.48,53.88,106.43
102600,104.49,53.61,106.43
102610,104.49,53.79,106.43
102620,104.50,53.71,106.43
102630,104.49,54.04,106.43
102640,104.48,54.20,106.43
102650,104.47,54.00,106.43
102660,104.48,53.74,106.43
102670,104.47,54.29,106.43
102680,104.46,54.08,106.43
102690,104.46,53.90,106.43
102700,104.47,53.94,106.43
102710,104.46,54.19,106.43
102720,104.45,54.26,106.43
102730,104.45,54.04,106.43
102740,104.46,53.87,106.43
102750,104.47,53.90,106.43
102760,104.46,54.16,106.43
102770,104.45,54.31,106.43
102780,104.45,54.11,106.43
102790,104.46,53.90,106.43
102800,104.47,53.89,106.43
102810,104.48,54.03,106.43
102820,104.47,54.33,106.43
102830,104.46,54.27,106.43
102840,104.47,53.99,106.43
102850,104.49,53.92,106.43
102860,104.49,54.08,106.43
102870,104.48,54.40,106.43
102880,104.48,54.34,106.43
102890,104.48,54.17,106.43
102900,104.49,53.96,106.43
102910,104.50,54.11,106.43
102920,104.50,54.30,106.43
102930,104.49,54.52,106.43
102940,104.48,54.39,106.43
102950,104.49,54.21,106.43
102960,104.50,54.07,106.43
102970,104.51,54.22,106.43
102980,104.50,54.48,106.43
102990,104.49,54.58,106.43
103000,104.48,54.49,106.43
103010,104.49,54.28,106.43
103020,104.50,54.15,106.43
103030,104.50,54.32,106.43
103040,104.50,54.45,106.43
103050,104.49,54.63,106.43
103060,104.48,54.60,106.43
103070,104.49,54.36,106.43
103080,104.50,54.28,106.43
103090,104.50,54.37,106.43
103100,104.50,54.65,106.43
103110,104.49,54.73,106.43
103120,104.48,54.61,106.43
103130,104.49,54.45,106.43
103140,104.50,54.29,106.43
103150,104.50,54.49,106.43
103160,104.50,54.67,106.43
103170,104.49,54.77,106.43
103180,104.48,54.71,106.43
103190,104.49,54.42,106.43
103200,104.50,54.38,106.43
103210,104.51,54.47,106.43
103220,104.51,54.73,106.43
103230,104.50,54.89,106.43
103240,104.49,54.75,106.43
103250,104.50,54.55,106.43
103260,104.51,54.49,106.43
103270,104.52,54.49,106.43
103280,104.52,54.70,106.43
103290,104.51,54.99,106.43
103300,104.50,54.90,106.43
103310,104.51,54.67,106.43
103320,104.52,54.52,106.43
103330,104.53,54.54,106.43
103340,104.53,54.71,106.43
103350,104.53,54.92,106.43
103360,104.52,55.04,106.43
103370,104.51,54.90,106.43
103380,104.52,54.75,106.43
103390,104.53,54.60,106.43
103400,104.54,54.66,106.43
103410,104.54,54.91,106.43
103420,104.53,55.08,106.43
103430,104.52,55.00,106.43
103440,104.52,54.89,106.43
103450,104.53,54.71,106.43
103460,104.55,54.70,106.43
103470,104.55,54.87,106.43
103480,104.55,55.03,106.43
103490,104.54,55.15,106.43
103500,104.53,55.05,106.43
103510,104.54,54.81,106.43
103520,104.55,54.74,106.43
103530,104.56,54.87,106.43
103540,104.56,55.00,106.43
103550,104.56,55.15,106.43
103560,104.54,55.33,106.43
103570,104.54,55.17,106.43
103580,104.54,55.02,106.43
103590,104.55,54.86,106.43
103600,104.56,54.86,106.43
103610,104.57,55.05,106.43
103620,104.56,55.26,106.43
103630,104.55,55.39,106.43
103640,104.54,55.27,106.43
103650,104.54,55.12,106.43
103660,104.55,54.94,106.43
103670,104.57,54.90,106.43
103680,104.57,55.10,106.43
103690,104.57,55.16,106.43
103700,104.57,55.27,106.43
103710,104.56,55.36,106.43
103720,104.57,55.23,106.43
103730,104.57,55.06,106.43
103740,104.59,55.03,106.43
103750,104.60,54.96,106.43
103760,104.61,55.14,106.43
103770,104.60,55.37,106.43
103780,104.59,55.52,106.43
103790,104.59,55.44,106.43
103800,104.57,55.57,106.43
103810,104.56,55.52,106.43
103820,104.56,55.41,106.43
103830,104.57,55.18,106.43
103840,104.57,55.41,106.43
103850,104.56,55.57,106.43
103860,104.55,55.62,106.43
103870,104.55,55.50,106.43
103880,104.55,55.38,106.43
103890,104.56,55.28,106.43
103900,104.58,55.13,106.43
103910,104.59,55.21,106.43
103920,104.60,55.32,106.43
103930,104.60,55.51,106.43
103940,104.59,55.64,106.43
103950,104.58,55.65,106.43
103960,104.58,55.54,106.43
103970,104.59,55.41,106.43
103980,104.60,55.25,106.43
103990,104.62,55.24,106.43
104000,104.63,55.32,106.43
104010,104.63,22.80,50.32
104020,104.63,22.48,50.32
104030,104.63,22.19,50.32
104040,104.61,22.11,50.32
104050,104.61,21.59,50.32
104060,104.58,21.68,50.32
104070,104.51,22.03,50.32
104080,104.44,21.95,50.32
104090,104.33,22.30,50.32
104100,104.19,22.70,50.32
104110,104.05,22.41,50.32
104120,103.88,22.79,50.32
104130,103.67,23.23,50.32
104140,103.45,23.40,50.32
104150,103.18,23.93,50.32
104160,102.89,24.35,50.32
104170,102.57,24.72,50.32
104180,102.21,25.38,50.32
104190,101.83,25.67,50.32
104200,101.42,26.20,50.32
104210,100.98,26.77,50.32
104220,100.51,27.25,50.32
104230,100.00,28.01,50.32
104240,99.46,28.50,50.32
104250,98.89,29.21,50.32
104260,98.29,29.90,50.32
104270,97.66,30.50,50.32
104280,96.99,31.24,50.32
104290,96.29,32.11,50.32
104300,95.56,32.73,50.32
104310,94.79,33.70,50.32
104320,93.99,34.38,50.32
104330,93.16,35.23,50.32
104340,92.30,36.13,50.32
104350,91.40,37.07,50.32
104360,90.47,38.06,50.32
104370,89.51,38.94,50.32
104380,88.52,39.83,50.32
104390,87.50,40.67,50.32
104400,86.45,41.78,50.32
104410,85.37,42.60,50.32
104420,84.26,43.82,50.32
104430,83.12,44.70,50.32
104440,81.97,45.51,50.32
104450,80.79,46.47,50.32
104460,79.58,47.54,50.32
104470,78.35,48.55,50.32
104480,77.10,49.42,50.32
104490,75.84,50.23,50.32
104500,74.56,51.16,50.32
104510,73.26,52.07,50.32
104520,71.96,52.82,50.32
104530,70.67,53.26,50.32
104540,69.34,54.45,50.32
104550,68.02,55.09,50.32
104560,66.70,55.70,50.32
104570,65.38,56.47,50.32
104580,64.06,57.07,50.32
104590,62.74,57.66,50.32
104600,61.44,58.07,50.32
104610,60.13,58.82,50.32
104620,58.84,59.21,50.32
104630,57.58,59.36,50.32
104640,56.32,59.79,50.32
104650,55.08,60.26,50.32
104660,53.85,60.70,50.32
104670,52.63,61.19,50.32
104680,51.44,61.35,50.32
104690,50.26,61.73,50.32
104700,49.12,61.60,50.32
104710,48.01,61.58,50.32
104720,46.96,61.14,50.32
104730,45.96,60.69,50.32
104740,44.99,60.86,50.32
104750,44.01,61.39,50.32
104760,43.03,62.18,50.32
104770,42.08,62.07,50.32
104780,41.22,60.81,50.32
104790,40.45,59.75,50.32
104800,39.70,59.65,50.32
104810,38.93,60.60,50.32
104820,38.17,61.01,50.32
104830,37.49,59.63,50.32
104840,36.91,58.36,50.32
104850,36.37,57.83,50.32
104860,35.79,59.02,50.32
104870,35.24,58.97,50.32
104880,34.77,57.61,50.32
104890,34.39,56.14,50.32
104900,34.09,54.77,50.32
104910,33.82,54.55,50.32
104920,33.56,54.62,50.32
104930,33.31,54.62,50.32
104940,33.10,54.11,50.32
104950,32.92,53.70,50.32
104960,32.78,53.09,50.32
104970,32.71,51.81,50.32
104980,32.67,51.35,50.32
104990,32.67,50.88,50.32
105000,32.69,50.28,50.32
105010,32.74,49.97,50.32
105020,32.83,49.21,50.32
105030,32.95,48.56,50.32
105040,33.10,48.00,50.32
105050,33.27,47.60,50.32
105060,33.46,47.39,50.32
105070,33.67,46.72,50.32
105080,33.92,46.02,50.32
105090,34.18,45.85,50.32
105100,34.45,45.52,50.32
105110,34.76,44.64,50.32
105120,35.06,44.74,50.32
105130,35.40,43.89,50.32
105140,35.74,43.81,50.32
105150,36.10,43.26,50.32
105160,36.46,43.21,50.32
105170,36.83,42.67,50.32
105180,37.21,42.53,50.32
105190,37.60,42.26,50.32
105200,38.00,41.74,50.32
105210,38.39,41.88,50.32
105220,38.79,41.43,50.32
105230,39.20,41.18,50.32
105240,39.60,41.17,50.32
105250,40.00,41.04,50.32
105260,40.41,40.68,50.32
105270,40.83,40.34,50.32
105280,41.24,40.24,50.32
105290,41.65,40.15,50.32
105300,42.05,40.15,50.32
105310,42.44,40.13,50.32
105320,42.83,40.07,50.32
105330,43.20,40.08,50.32
105340,43.58,39.86,50.32
105350,43.96,39.71,50.32
105360,44.33,39.68,50.32
105370,44.70,39.57,50.32
105380,45.07,39.50,50.32
105390,45.41,39.63,50.32
105400,45.74,39.91,50.32
105410,46.06,39.82,50.32
105420,46.37,39.95,50.32
105430,46.67,39.98,50.32
105440,46.95,40.23,50.32
105450,47.22,40.27,50.32
105460,47.49,40.31,50.32
105470,47.74,40.31,50.32
105480,47.98,40.61,50.32
105490,48.21,40.49,50.32
105500,48.43,40.78,50.32
105510,48.64,40.80,50.32
105520,48.83,41.00,50.32
105530,49.01,41.13,50.32
105540,49.18,41.26,50.32
105550,49.34,41.38,50.32
105560,49.49,41.54,50.32
105570,49.63,41.67,50.32
105580,49.76,41.90,50.32
105590,49.88,41.89,50.32
105600,49.98,42.21,50.32
105610,50.08,42.23,50.32
105620,50.16,42.50,50.32
105630,50.24,42.61,50.32
105640,50.30,42.75,50.32
105650,50.36,42.92,50.32
105660,50.40,43.06,50.32
105670,50.45,43.15,50.32
105680,50.48,43.21,50.32
105690,50.51,43.51,50.32
105700,50.52,43.71,50.32
105710,50.52,43.94,50.32
105720,50.50,44.31,50.32
105730,50.47,44.64,50.32
105740,50.43,44.74,50.32
105750,50.39,44.85,50.32
105760,50.33,45.11,50.32
105770,50.28,45.07,50.32
105780,50.23,45.23,50.32
105790,50.17,45.30,50.32
105800,50.10,45.55,50.32
105810,50.02,45.75,50.32
105820,49.94,46.01,50.32
105830,49.86,45.86,50.32
105840,49.79,45.80,50.32
105850,49.69,46.37,50.32
105860,49.59,46.57,50.32
105870,49.50,46.31,50.32
105880,49.40,46.55,50.32
105890,49.30,46.71,50.32
105900,49.19,46.96,50.32
105910,49.10,46.64,50.32
105920,48.99,47.05,50.32
105930,48.89,46.93,50.32
105940,48.79,47.12,50.32
105950,48.69,47.13,50.32
105960,48.58,47.27,50.32
105970,48.48,47.34,50.32
105980,48.38,47.15,50.32
105990,48.28,47.41,50.32
106000,48.18,47.42,50.32
106010,48.09,47.29,50.32
106020,48.00,47.52,50.32
106030,47.91,47.41,50.32
106040,47.82,47.52,50.32
106050,47.73,47.59,50.32
106060,47.66,47.29,50.32
106070,47.57,47.55,50.32
106080,47.50,47.45,50.32
106090,47.43,47.47,50.32
106100,47.36,47.44,50.32
106110,47.30,47.29,50.32
106120,47.25,47.34,50.32
106130,47.20,47.16,50.32
106140,47.15,47.22,50.32
106150,47.11,47.27,50.32
106160,47.07,47.13,50.32
106170,47.03,47.18,50.32
106180,47.01,46.91,50.32
106190,46.99,46.96,50.32
106200,46.97,46.84,50.32
106210,46.95,46.95,50.32
106220,46.94,46.90,50.32
106230,46.93,46.68,50.32
106240,46.93,46.73,50.32
106250,46.94,46.54,50.32
106260,46.94,46.55,50.32
106270,46.95,46.50,50.32
106280,46.96,46.46,50.32
106290,46.97,46.56,50.32
106300,46.99,46.31,50.32
106310,47.01,46.36,50.32
106320,47.03,46.46,50.32
106330,47.05,46.26,50.32
106340,47.07,46.48,50.32
106350,47.09,46.32,50.32
106360,47.12,46.21,50.32
106370,47.15,46.29,50.32
106380,47.18,46.21,50.32
106390,47.21,46.27,50.32
106400,47.23,46.29,50.32
106410,47.27,46.14,50.32
106420,47.29,46.36,50.32
106430,47.32,46.27,50.32
106440,47.35,46.16,50.32
106450,47.37,46.35,50.32
106460,47.40,46.21,50.32
106470,47.43,46.28,50.32
106480,47.46,46.36,50.32
106490,47.48,46.31,50.32
106500,47.51,46.38,50.32
106510,47.53,46.36,50.32
106520,47.56,46.26,50.32
106530,47.59,46.37,50.32
106540,47.61,46.47,50.32
106550,47.63,46.34,50.32
106560,47.65,46.45,50.32
106570,47.67,46.54,50.32
106580,47.70,46.42,50.32
106590,47.71,46.53,50.32
106600,47.73,46.56,50.32
106610,47.75,46.47,50.32
106620,47.77,46.66,50.32
106630,47.79,46.46,50.32
106640,47.80,46.64,50.32
106650,47.82,46.69,50.32
106660,47.83,46.60,50.32
106670,47.84,46.72,50.32
106680,47.86,46.69,50.32
106690,47.88,46.56,50.32
106700,47.89,46.74,50.32
106710,47.91,46.68,50.32
106720,47.92,46.73,50.32
106730,47.92,46.92,50.32
106740,47.94,46.69,50.32
106750,47.94,46.93,50.32
106760,47.95,46.85,50.32
106770,47.97,46.72,50.32
106780,47.98,46.92,50.32
106790,47.99,46.83,50.32
106800,48.00,46.78,50.32
106810,48.01,46.92,50.32
106820,48.02,46.83,50.32
106830,48.03,47.03,50.32
106840,48.03,47.08,50.32
106850,48.04,46.80,50.32
106860,48.05,47.07,50.32
106870,48.05,47.03,50.32
106880,48.07,46.84,50.32
106890,48.07,47.11,50.32
106900,48.08,46.91,50.32
106910,48.09,46.96,50.32
106920,48.10,47.10,50.32
106930,48.11,46.96,50.32
106940,48.12,47.04,50.32
106950,48.13,46.98,50.32
106960,48.14,47.01,50.32
106970,48.14,47.20,50.32
106980,48.16,46.95,50.32
106990,48.16,47.17,50.32
107000,48.17,47.11,50.32
107010,48.18,47.04,50.32
107020,48.18,47.27,50.32
107030,48.19,47.11,50.32
107040,48.20,47.18,50.32
107050,48.21,47.19,50.32
107060,48.22,47.07,50.32
107070,48.23,47.18,50.32
107080,48.24,47.00,50.32
107090,48.25,47.14,50.32
107100,48.26,47.33,50.32
107110,48.26,47.21,50.32
107120,48.27,47.29,50.32
107130,48.28,47.15,50.32
107140,48.29,47.17,50.32
107150,48.29,47.33,50.32
107160,48.31,47.07,50.32
107170,48.32,47.32,50.32
107180,48.32,47.29,50.32
107190,48.33,47.26,50.32
107200,48.34,47.36,50.32
107210,48.35,47.12,50.32
107220,48.36,47.41,50.32
107230,48.37,47.21,50.32
107240,48.37,47.35,50.32
107250,48.38,47.33,50.32
107260,48.40,47.14,50.32
107270,48.41,47.39,50.32
107280,48.42,47.27,50.32
107290,48.43,47.34,50.32
107300,48.43,47.38,50.32
107310,48.44,47.31,50.32
107320,48.45,47.33,50.32
107330,48.47,47.18,50.32
107340,48.48,47.32,50.32
107350,48.50,47.20,50.32
107360,48.51,47.30,50.32
107370,48.52,47.41,50.32
107380,48.53,47.26,50.32
107390,48.54,47.34,50.32
107400,48.56,47.19,50.32
107410,48.57,47.43,50.32
107420,48.58,47.30,50.32
107430,48.60,47.28,50.32
107440,48.61,47.28,50.32
107450,48.63,47.25,50.32
107460,48.64,47.45,50.32
107470,48.65,47.31,50.32
107480,48.66,47.37,50.32
107490,48.68,47.21,50.32
107500,48.70,47.32,50.32
107510,48.71,47.39,50.32
107520,48.73,47.23,50.32
107530,48.74,47.24,50.32
107540,48.76,47.23,50.32
107550,48.78,47.31,50.32
107560,48.79,47.30,50.32
107570,48.82,47.16,50.32
107580,48.83,47.34,50.32
107590,48.85,47.19,50.32
107600,48.87,47.22,50.32
107610,48.89,47.21,50.32
107620,48.91,47.14,50.32
107630,48.93,47.26,50.32
107640,48.95,47.08,50.32
107650,48.97,47.25,50.32
107660,48.99,47.29,50.32
107670,49.00,47.24,50.32
107680,49.02,47.23,50.32
107690,49.05,47.07,50.32
107700,49.06,47.25,50.32
107710,49.09,47.13,50.32
107720,49.11,47.13,50.32
107730,49.13,47.09,50.32
107740,49.16,47.07,50.32
107750,49.17,47.19,50.32
107760,49.20,47.08,50.32
107770,49.21,47.29,50.32
107780,49.23,47.06,50.32
107790,49.25,47.24,50.32
107800,49.27,47.19,50.32
107810,49.29,47.06,50.32
107820,49.31,47.24,50.32
107830,49.33,47.01,50.32
107840,49.35,47.19,50.32
107850,49.37,47.01,50.32
107860,49.39,47.13,50.32
107870,49.40,47.24,50.32
107880,49.43,47.06,50.32
107890,49.44,47.23,50.32
107900,49.46,47.03,50.32
107910,49.48,47.10,50.32
107920,49.50,47.13,50.32
107930,49.52,47.13,50.32
107940,49.53,47.16,50.32
107950,49.55,47.06,50.32
107960,49.57,47.14,50.32
107970,49.58,47.10,50.32
107980,49.60,47.20,50.32
107990,49.61,47.15,50.32
108000,49.63,47.03,50.32
108010,49.64,46.31,48.67
108020,49.66,46.05,48.67
108030,49.68,46.15,48.67
108040,49.69,46.10,48.67
108050,49.71,45.98,48.67
108060,49.72,46.23,48.67
108070,49.74,46.09,48.67
108080,49.75,46.21,48.67
108090,49.76,46.15,48.67
108100,49.77,46.07,48.67
108110,49.78,46.17,48.67
108120,49.79,46.03,48.67
108130,49.80,46.23,48.67
108140,49.80,46.25,48.67
108150,49.81,46.13,48.67
108160,49.80,46.34,48.67
108170,49.81,46.20,48.67
108180,49.81,46.28,48.67
108190,49.80,46.39,48.67
108200,49.80,46.22,48.67
108210,49.79,46.36,48.67
108220,49.80,46.21,48.67
108230,49.79,46.26,48.67
108240,49.78,46.45,48.67
108250,49.78,46.25,48.67
108260,49.78,46.27,48.67
108270,49.77,46.34,48.67
108280,49.78,46.10,48.67
108290,49.77,46.39,48.67
108300,49.76,46.30,48.67
108310,49.76,46.19,48.67
108320,49.76,46.24,48.67
108330,49.76,46.24,48.67
108340,49.75,46.29,48.67
108350,49.74,46.31,48.67
108360,49.75,46.12,48.67
108370,49.75,46.14,48.67
108380,49.75,46.10,48.67
108390,49.75,46.11,48.67
108400,49.75,46.16,48.67
108410,49.76,46.02,48.67
108420,49.75,46.14,48.67
108430,49.75,46.15,48.67
108440,49.75,46.07,48.67
108450,49.75,46.14,48.67
108460,49.76,45.97,48.67
108470,49.76,46.12,48.67
108480,49.76,46.05,48.67
108490,49.76,45.98,48.67
108500,49.75,46.18,48.67
108510,49.76,46.00,48.67
108520,49.76,45.98,48.67
108530,49.76,46.12,48.67
108540,49.76,45.94,48.67
108550,49.76,46.09,48.67
108560,49.75,46.06,48.67
108570,49.76,45.89,48.67
108580,49.75,46.13,48.67
108590,49.75,46.02,48.67
108600,49.75,45.94,48.67
108610,49.74,46.24,48.67
108620,49.74,45.94,48.67
108630,49.74,46.01,48.67
108640,49.74,46.04,48.67
108650,49.74,45.98,48.67
108660,49.73,46.09,48.67
108670,49.73,45.94,48.67
108680,49.73,46.01,48.67
108690,49.73,45.98,48.67
108700,49.72,45.99,48.67
108710,49.73,45.88,48.67
108720,49.72,46.05,48.67
108730,49.72,45.96,48.67
108740,49.72,45.85,48.67
108750,49.71,46.09,48.67
108760,49.71,45.96,48.67
108770,49.71,45.77,48.67
108780,49.71,45.88,48.67
108790,49.71,45.97,48.67
108800,49.72,45.69,48.67
108810,49.71,46.00,48.67
108820,49.71,45.86,48.67
108830,49.71,45.77,48.67
108840,49.71,45.92,48.67
108850,49.71,45.93,48.67
108860,49.71,45.69,48.67
108870,49.71,45.98,48.67
108880,49.70,45.87,48.67
108890,49.71,45.71,48.67
108900,49.70,45.93,48.67
108910,49.70,45.88,48.67
108920,49.70,45.67,48.67
108930,49.70,45.89,48.67
108940,49.70,45.83,48.67
108950,49.70,45.63,48.67
108960,49.70,45.86,48.67
108970,49.69,45.86,48.67
108980,49.70,45.59,48.67
108990,49.69,45.92,48.67
109000,49.70,45.62,48.67
109010,49.70,45.82,48.67
109020,49.70,45.71,48.67
109030,49.69,45.84,48.67
109040,49.70,45.57,48.67
109050,49.69,45.80,48.67
109060,49.69,45.68,48.67
109070,49.70,45.67,48.67
109080,49.69,45.75,48.67
109090,49.69,45.75,48.67
109100,49.69,45.70,48.67
109110,49.68,45.78,48.67
109120,49.68,45.67,48.67
109130,49.68,45.74,48.67
109140,49.68,45.66,48.67
109150,49.67,45.74,48.67
109160,49.67,45.67,48.67
109170,49.67,45.66,48.67
109180,49.67,45.68,48.67
109190,49.66,45.74,48.67
109200,49.67,45.57,48.67
109210,49.67,45.67,48.67
109220,49.67,45.60,48.67
109230,49.67,45.62,48.67
109240,49.66,45.73,48.67
109250,49.66,45.55,48.67
109260,49.66,45.50,48.67
109270,49.66,45.75,48.67
109280,49.66,45.56,48.67
109290,49.66,45.55,48.67
109300,49.65,45.65,48.67
109310,49.65,45.56,48.67
109320,49.66,45.51,48.67
109330,49.66,45.56,48.67
109340,49.66,45.53,48.67
109350,49.66,45.52,48.67
109360,49.66,45.55,48.67
109370,49.65,45.58,48.67
109380,49.66,45.46,48.67
109390,49.65,45.57,48.67
109400,49.65,45.61,48.67
109410,49.64,45.56,48.67
109420,49.65,45.36,48.67
109430,49.64,45.69,48.67
109440,49.64,45.41,48.67
109450,49.64,45.56,48.67
109460,49.64,45.46,48.67
109470,49.63,45.56,48.67
109480,49.64,45.45,48.67
109490,49.63,45.47,48.67
109500,49.63,45.63,48.67
109510,49.63,45.39,48.67
109520,49.62,45.60,48.67
109530,49.61,45.63,48.67
109540,49.61,45.40,48.67
109550,49.61,45.53,48.67
109560,49.60,45.58,48.67
109570,49.60,45.38,48.67
109580,49.60,45.41,48.67
109590,49.60,45.53,48.67
109600,49.60,45.36,48.67
109610,49.60,45.45,48.67
109620,49.59,45.50,48.67
109630,49.59,45.36,48.67
109640,49.59,45.42,48.67
109650,49.58,45.50,48.67
109660,49.58,45.38,48.67
109670,49.58,45.49,48.67
109680,49.57,45.51,48.67
109690,49.58,45.24,48.67
109700,49.58,45.37,48.67
109710,49.57,45.47,48.67
109720,49.58,45.19,48.67
109730,49.57,45.48,48.67
109740,49.57,45.40,48.67
109750,49.57,45.39,48.67
109760,49.57,45.24,48.67
109770,49.57,45.37,48.67
109780,49.57,45.29,48.67
109790,49.57,45.26,48.67
109800,49.57,45.28,48.67
109810,49.57,45.39,48.67
109820,49.58,45.05,48.67
109830,49.58,45.36,48.67
109840,49.57,45.35,48.67
109850,49.58,45.12,48.67
109860,49.57,45.39,48.67
109870,49.57,45.35,48.67
109880,49.57,45.21,48.67
109890,49.57,45.33,48.67
109900,49.57,45.26,48.67
109910,49.56,45.30,48.67
109920,49.57,45.13,48.67
109930,49.56,45.41,48.67
109940,49.56,45.15,48.67
109950,49.56,45.20,48.67
109960,49.56,45.34,48.67
109970,49.56,45.23,48.67
109980,49.56,45.19,48.67
109990,49.55,45.26,48.67
110000,49.55,45.30,48.67
110010,49.55,45.23,48.67
110020,49.54,45.22,48.67
110030,49.53,45.51,48.67
110040,49.53,45.20,48.67
110050,49.52,45.28,48.67
110060,49.51,45.33,48.67
110070,49.51,45.29,48.67
110080,49.51,45.19,48.67
110090,49.50,45.27,48.67
110100,49.49,45.43,48.67
110110,49.49,45.15,48.67
110120,49.48,45.31,48.67
110130,49.47,45.36,48.67
110140,49.47,45.22,48.67
110150,49.46,45.30,48.67
110160,49.45,45.38,48.67
110170,49.45,45.26,48.67
110180,49.44,45.24,48.67
110190,49.44,45.19,48.67
110200,49.43,45.35,48.67
110210,49.44,45.08,48.67
110220,49.42,45.37,48.67
110230,49.42,45.22,48.67
110240,49.42,45.24,48.67
110250,49.42,45.15,48.67
110260,49.40,45.35,48.67
110270,49.40,45.31,48.67
110280,49.39,45.22,48.67
110290,49.38,45.47,48.67
110300,49.37,45.26,48.67
110310,49.36,45.29,48.67
110320,49.36,45.27,48.67
110330,49.34,45.38,48.67
110340,49.34,45.22,48.67
110350,49.34,45.21,48.67
110360,49.32,45.38,48.67
110370,49.31,45.34,48.67
110380,49.31,45.16,48.67
110390,49.30,45.48,48.67
110400,49.29,45.26,48.67
110410,49.28,45.26,48.67
110420,49.28,45.19,48.67
110430,49.27,45.33,48.67
110440,49.27,45.21,48.67
110450,49.26,45.30,48.67
110460,49.25,45.38,48.67
110470,49.25,45.16,48.67
110480,49.24,45.26,48.67
110490,49.23,45.31,48.67
110500,49.23,45.20,48.67
110510,49.23,45.17,48.67
110520,49.22,45.23,48.67
110530,49.22,45.23,48.67
110540,49.22,45.08,48.67
110550,49.22,45.19,48.67
110560,49.21,45.28,48.67
110570,49.22,44.99,48.67
110580,49.21,45.29,48.67
110590,49.20,45.21,48.67
110600,49.20,45.18,48.67
110610,49.20,45.03,48.67
110620,49.20,45.27,48.67
110630,49.19,45.16,48.67
110640,49.20,45.07,48.67
110650,49.19,45.21,48.67
110660,49.19,45.18,48.67
110670,49.19,45.11,48.67
110680,49.19,44.99,48.67
110690,49.18,45.26,48.67
110700,49.18,45.09,48.67
110710,49.18,45.09,48.67
110720,49.17,45.32,48.67
110730,49.17,45.11,48.67
110740,49.18,45.00,48.67
110750,49.17,45.27,48.67
110760,49.16,45.17,48.67
110770,49.16,45.14,48.67
110780,49.16,45.09,48.67
110790,49.15,45.26,48.67
110800,49.15,45.01,48.67
110810,49.15,45.17,48.67
110820,49.14,45.21,48.67
110830,49.14,45.10,48.67
110840,49.14,45.15,48.67
110850,49.14,45.08,48.67
110860,49.13,45.17,48.67
110870,49.13,45.06,48.67
110880,49.13,45.07,48.67
110890,49.12,45.27,48.67
110900,49.12,45.07,48.67
110910,49.12,45.06,48.67
110920,49.12,45.14,48.67
110930,49.11,45.14,48.67
110940,49.11,45.06,48.67
110950,49.11,45.16,48.67
110960,49.09,45.36,48.67
110970,49.09,45.16,48.67
110980,49.08,45.18,48.67
110990,49.08,45.10,48.67
111000,49.07,45.27,48.67
111010,49.06,45.29,48.67
111020,49.06,45.07,48.67
111030,49.05,45.24,48.67
111040,49.04,45.25,48.67
111050,49.04,45.10,48.67
111060,49.03,45.27,48.67
111070,49.02,45.29,48.67
111080,49.01,45.24,48.67
111090,49.01,45.09,48.67
111100,49.00,45.41,48.67
111110,48.98,45.37,48.67
111120,48.98,45.17,48.67
111130,48.97,45.30,48.67
111140,48.96,45.29,48.67
111150,48.95,45.20,48.67
111160,48.95,45.25,48.67
111170,48.94,45.24,48.67
111180,48.92,45.45,48.67
111190,48.91,45.30,48.67
111200,48.91,45.26,48.67
111210,48.90,45.18,48.67
111220,48.89,45.44,48.67
111230,48.88,45.27,48.67
111240,48.87,45.35,48.67
111250,48.85,45.49,48.67
111260,48.84,45.33,48.67
111270,48.84,45.13,48.67
111280,48.82,45.55,48.67
111290,48.81,45.33,48.67
111300,48.80,45.37,48.67
111310,48.79,45.37,48.67
111320,48.78,45.47,48.67
111330,48.77,45.41,48.67
111340,48.76,45.30,48.67
111350,48.75,45.38,48.67
111360,48.74,45.47,48.67
111370,48.73,45.40,48.67
111380,48.73,45.25,48.67
111390,48.70,45.68,48.67
111400,48.70,45.35,48.67
111410,48.69,45.33,48.67
111420,48.68,45.55,48.67
111430,48.67,45.39,48.67
111440,48.67,45.32,48.67
111450,48.66,45.32,48.67
111460,48.65,45.46,48.67
111470,48.64,45.40,48.67
111480,48.64,45.25,48.67
111490,48.63,45.46,48.67
111500,48.62,45.55,48.67
111510,48.62,45.24,48.67
111520,48.62,45.28,48.67
111530,48.62,45.33,48.67
111540,48.62,45.30,48.67
111550,48.62,45.24,48.67
111560,48.61,45.38,48.67
111570,48.61,45.24,48.67
111580,48.61,45.29,48.67
111590,48.62,45.19,48.67
111600,48.61,45.37,48.67
111610,48.61,45.21,48.67
111620,48.62,45.14,48.67
111630,48.62,45.40,48.67
111640,48.62,45.11,48.67
111650,48.63,45.23,48.67
111660,48.63,45.21,48.67
111670,48.62,45.43,48.67
111680,48.63,45.07,48.67
111690,48.63,45.37,48.67
111700,48.63,45.09,48.67
111710,48.63,45.31,48.67
111720,48.64,45.11,48.67
111730,48.64,45.21,48.67
111740,48.63,45.44,48.67
111750,48.64,45.14,48.67
111760,48.64,45.27,48.67
111770,48.64,45.33,48.67
111780,48.63,45.30,48.67
111790,48.64,45.11,48.67
111800,48.64,45.30,48.67
111810,48.64,45.26,48.67
111820,48.64,45.38,48.67
111830,48.64,45.23,48.67
111840,48.63,45.42,48.67
111850,48.63,45.25,48.67
111860,48.63,45.30,48.67
111870,48.64,45.11,48.67
111880,48.62,45.54,48.67
111890,48.63,45.07,48.67
111900,48.63,45.26,48.67
111910,48.63,45.41,48.67
111920,48.63,45.30,48.67
111930,48.63,45.21,48.67
111940,48.63,45.31,48.67
111950,48.63,45.32,48.67
111960,48.63,45.15,48.67
111970,48.63,45.33,48.67
111980,48.62,45.39,48.67
111990,48.63,45.22,48.67
112000,48.63,45.19,48.67
112010,48.63,40.76,40.74
112020,48.63,40.46,40.74
112030,48.64,40.38,40.74
112040,48.63,40.71,40.74
112050,48.62,40.57,40.74
112060,48.63,40.22,40.74
112070,48.63,40.36,40.74
112080,48.63,40.34,40.74
112090,48.61,40.59,40.74
112100,48.59,40.62,40.74
112110,48.57,40.65,40.74
112120,48.54,40.59,40.74
112130,48.52,40.54,40.74
112140,48.49,40.59,40.74
112150,48.47,40.54,40.74
112160,48.44,40.52,40.74
112170,48.41,40.68,40.74
112180,48.36,40.80,40.74
112190,48.31,41.05,40.74
112200,48.25,41.09,40.74
112210,48.17,41.34,40.74
112220,48.10,41.38,40.74
112230,48.02,41.50,40.74
112240,47.93,41.68,40.74
112250,47.84,41.53,40.74
112260,47.75,41.83,40.74
112270,47.65,41.77,40.74
112280,47.56,41.80,40.74
112290,47.46,41.92,40.74
112300,47.36,41.89,40.74
112310,47.26,42.03,40.74
112320,47.16,41.99,40.74
112330,47.04,42.22,40.74
112340,46.92,42.43,40.74
112350,46.79,42.65,40.74
112360,46.65,42.89,40.74
112370,46.51,42.99,40.74
112380,46.36,43.32,40.74
112390,46.20,43.33,40.74
112400,46.05,43.27,40.74
112410,45.90,43.37,40.74
112420,45.75,43.45,40.74
112430,45.60,43.39,40.74
112440,45.46,43.33,40.74
112450,45.31,43.60,40.74
112460,45.15,43.88,40.74
112470,44.97,44.14,40.74
112480,44.80,44.32,40.74
112490,44.63,44.17,40.74
112500,44.46,44.19,40.74
112510,44.31,44.07,40.74
112520,44.16,44.11,40.74
112530,43.99,44.44,40.74
112540,43.82,44.62,40.74
112550,43.65,44.74,40.74
112560,43.48,44.66,40.74
112570,43.32,44.65,40.74
112580,43.16,44.79,40.74
112590,42.99,44.93,40.74
112600,42.82,45.06,40.74
112610,42.66,44.86,40.74
112620,42.51,44.82,40.74
112630,42.36,45.03,40.74
112640,42.20,45.03,40.74
112650,42.04,45.30,40.74
112660,41.89,45.28,40.74
112670,41.75,44.93,40.74
112680,41.61,45.06,40.74
112690,41.46,45.35,40.74
112700,41.32,45.27,40.74
112710,41.19,45.20,40.74
112720,41.07,44.92,40.74
112730,40.94,45.21,40.74
112740,40.82,45.16,40.74
112750,40.71,44.95,40.74
112760,40.62,44.78,40.74
112770,40.51,45.11,40.74
112780,40.41,45.03,40.74
112790,40.33,44.63,40.74
112800,40.23,44.98,40.74
112810,40.15,44.81,40.74
112820,40.07,44.68,40.74
112830,40.01,44.37,40.74
112840,39.94,44.72,40.74
112850,39.89,44.41,40.74
112860,39.84,44.27,40.74
112870,39.80,44.26,40.74
112880,39.76,44.18,40.74
112890,39.73,43.95,40.74
112900,39.70,43.99,40.74
112910,39.69,43.80,40.74
112920,39.66,44.02,40.74
112930,39.65,43.70,40.74
112940,39.65,43.54,40.74
112950,39.65,43.44,40.74
112960,39.65,43.53,40.74
112970,39.67,43.20,40.74
112980,39.69,43.09,40.74
112990,39.71,43.07,40.74
113000,39.73,43.12,40.74
113010,39.75,42.99,40.74
113020,39.79,42.74,40.74
113030,39.82,42.78,40.74
113040,39.86,42.81,40.74
113050,39.90,42.50,40.74
113060,39.95,42.43,40.74
113070,40.00,42.34,40.74
113080,40.04,42.55,40.74
113090,40.08,42.67,40.74
113100,40.13,42.31,40.74
113110,40.17,42.38,40.74
113120,40.22,42.38,40.74
113130,40.26,42.38,40.74
113140,40.31,42.18,40.74
113150,40.38,41.97,40.74
113160,40.44,41.88,40.74
113170,40.49,42.09,40.74
113180,40.54,42.11,40.74
113190,40.59,42.13,40.74
113200,40.64,41.99,40.74
113210,40.70,41.88,40.74
113220,40.75,41.88,40.74
113230,40.80,42.07,40.74
113240,40.83,42.23,40.74
113250,40.87,42.26,40.74
113260,40.90,42.18,40.74
113270,40.94,42.19,40.74
113280,40.98,41.99,40.74
113290,41.02,42.05,40.74
113300,41.06,42.07,40.74
113310,41.08,42.27,40.74
113320,41.10,42.41,40.74
113330,41.11,42.46,40.74
113340,41.13,42.34,40.74
113350,41.15,42.33,40.74
113360,41.18,42.21,40.74
113370,41.20,42.36,40.74
113380,41.21,42.48,40.74
113390,41.21,42.63,40.74
113400,41.21,42.74,40.74
113410,41.21,42.69,40.74
113420,41.21,42.66,40.74
113430,41.22,42.50,40.74
113440,41.22,42.53,40.74
113450,41.22,42.69,40.74
113460,41.22,42.79,40.74
113470,41.20,42.90,40.74
113480,41.19,42.86,40.74
113490,41.18,42.92,40.74
113500,41.18,42.72,40.74
113510,41.18,42.74,40.74
113520,41.17,42.77,40.74
113530,41.16,42.89,40.74
113540,41.14,43.04,40.74
113550,41.13,42.94,40.74
113560,41.12,42.88,40.74
113570,41.12,42.72,40.74
113580,41.13,42.52,40.74
113590,41.12,42.75,40.74
113600,41.11,42.87,40.74
113610,41.10,43.04,40.74
113620,41.08,43.01,40.74
113630,41.08,42.80,40.74
113640,41.08,42.71,40.74
113650,41.08,42.50,40.74
113660,41.09,42.63,40.74
113670,41.09,42.70,40.74
113680,41.08,42.81,40.74
113690,41.07,42.81,40.74
113700,41.07,42.72,40.74
113710,41.08,42.49,40.74
113720,41.09,42.52,40.74
113730,41.09,42.70,40.74
113740,41.08,42.78,40.74
113750,41.07,42.92,40.74
113760,41.06,42.85,40.74
113770,41.06,42.65,40.74
113780,41.07,42.41,40.74
113790,41.08,42.50,40.74
113800,41.08,42.68,40.74
113810,41.08,42.67,40.74
113820,41.07,42.91,40.74
113830,41.06,42.81,40.74
113840,41.06,42.74,40.74
113850,41.06,42.55,40.74
113860,41.07,42.39,40.74
113870,41.08,42.43,40.74
113880,41.08,42.68,40.74
113890,41.08,42.71,40.74
113900,41.07,42.82,40.74
113910,41.07,42.56,40.74
113920,41.08,42.55,40.74
113930,41.08,42.50,40.74
113940,41.09,42.45,40.74
113950,41.09,42.70,40.74
113960,41.08,42.70,40.74
113970,41.08,42.67,40.74
113980,41.08,42.55,40.74
113990,41.10,42.31,40.74
114000,41.11,42.37,40.74
114010,41.12,42.48,40.74
114020,41.11,42.75,40.74
114030,41.10,42.84,40.74
114040,41.09,42.78,40.74
114050,41.08,42.68,40.74
114060,41.09,42.39,40.74
114070,41.10,42.40,40.74
114080,41.10,42.56,40.74
114090,41.10,42.71,40.74
114100,41.09,42.69,40.74
114110,41.09,42.60,40.74
114120,41.09,42.53,40.74
114130,41.10,42.36,40.74
114140,41.10,42.54,40.74
114150,41.10,42.53,40.74
114160,41.10,42.76,40.74
114170,41.09,42.74,40.74
114180,41.08,42.61,40.74
114190,41.09,42.53,40.74
114200,41.09,42.39,40.74
114210,41.10,42.44,40.74
114220,41.10,42.60,40.74
114230,41.09,42.64,40.74
114240,41.09,42.54,40.74
114250,41.10,42.47,40.74
114260,41.10,42.48,40.74
114270,41.10,42.49,40.74
114280,41.10,42.53,40.74
114290,41.10,42.70,40.74
114300,41.09,42.72,40.74
114310,41.09,42.44,40.74
114320,41.09,42.45,40.74
114330,41.11,42.23,40.74
114340,41.12,42.38,40.74
114350,41.11,42.52,40.74
114360,41.10,42.78,40.74
114370,41.09,42.76,40.74
114380,41.09,42.55,40.74
114390,41.09,42.43,40.74
114400,41.10,42.35,40.74
114410,41.10,42.40,40.74
114420,41.10,42.62,40.74
114430,41.09,42.67,40.74
114440,41.09,42.59,40.74
114450,41.09,42.37,40.74
114460,41.10,42.23,40.74
114470,41.11,42.35,40.74
114480,41.12,42.39,40.74
114490,41.11,42.68,40.74
114500,41.09,42.79,40.74
114510,41.08,42.71,40.74
114520,41.08,42.55,40.74
114530,41.09,42.23,40.74
114540,41.09,42.37,40.74
114550,41.10,42.33,40.74
114560,41.09,42.62,40.74
114570,41.09,42.62,40.74
114580,41.08,42.55,40.74
114590,41.09,42.43,40.74
114600,41.10,42.24,40.74
114610,41.10,42.31,40.74
114620,41.10,42.50,40.74
114630,41.09,42.69,40.74
114640,41.08,42.68,40.74
114650,41.07,42.57,40.74
114660,41.08,42.39,40.74
114670,41.08,42.29,40.74
114680,41.09,42.25,40.74
114690,41.10,42.34,40.74
114700,41.10,42.45,40.74
114710,41.10,42.44,40.74
114720,41.09,42.57,40.74
114730,41.10,42.22,40.74
114740,41.11,42.32,40.74
114750,41.11,42.32,40.74
114760,41.10,42.56,40.74
114770,41.09,42.63,40.74
114780,41.09,42.55,40.74
114790,41.08,42.50,40.74
114800,41.10,42.15,40.74
114810,41.11,42.21,40.74
114820,41.12,42.22,40.74
114830,41.11,42.45,40.74
114840,41.10,42.62,40.74
114850,41.10,42.44,40.74
114860,41.10,42.44,40.74
114870,41.11,42.23,40.74
114880,41.11,42.29,40.74
114890,41.11,42.44,40.74
114900,41.11,42.45,40.74
114910,41.09,42.62,40.74
114920,41.09,42.45,40.74
114930,41.09,42.38,40.74
114940,41.10,42.24,40.74
114950,41.10,42.24,40.74
114960,41.10,42.47,40.74
114970,41.10,42.46,40.74
114980,41.09,42.53,40.74
114990,41.09,42.42,40.74
115000,41.09,42.21,40.74
115010,41.10,42.27,40.74
115020,41.10,42.34,40.74
115030,41.09,42.44,40.74
115040,41.08,42.56,40.74
115050,41.08,42.44,40.74
115060,41.08,42.33,40.74
115070,41.09,42.10,40.74
115080,41.11,42.11,40.74
115090,41.11,42.25,40.74
115100,41.11,42.43,40.74
115110,41.09,42.57,40.74
115120,41.08,42.55,40.74
115130,41.09,42.29,40.74
115140,41.09,42.22,40.74
115150,41.11,42.03,40.74
115160,41.11,42.18,40.74
115170,41.11,42.44,40.74
115180,41.10,42.53,40.74
115190,41.08,42.59,40.74
115200,41.08,42.51,40.74
115210,41.07,42.34,40.74
115220,41.08,42.20,40.74
115230,41.08,42.28,40.74
115240,41.08,42.34,40.74
115250,41.07,42.53,40.74
115260,41.06,42.47,40.74
115270,41.06,42.44,40.74
115280,41.06,42.23,40.74
115290,41.07,42.18,40.74
115300,41.07,42.28,40.74
115310,41.07,42.31,40.74
115320,41.06,42.48,40.74
115330,41.05,42.53,40.74
115340,41.05,42.34,40.74
115350,41.06,42.08,40.74
115360,41.07,42.16,40.74
115370,41.07,42.25,40.74
115380,41.06,42.47,40.74
115390,41.05,42.48,40.74
115400,41.05,42.46,40.74
115410,41.05,42.26,40.74
115420,41.05,42.19,40.74
115430,41.06,42.17,40.74
115440,41.06,42.17,40.74
115450,41.06,42.34,40.74
115460,41.05,42.52,40.74
115470,41.04,42.49,40.74
115480,41.03,42.48,40.74
115490,41.03,42.23,40.74
115500,41.04,42.11,40.74
115510,41.05,42.21,40.74
115520,41.04,42.36,40.74
115530,41.03,42.51,40.74
115540,41.02,42.57,40.74
115550,41.01,42.38,40.74
115560,41.01,42.32,40.74
115570,41.02,42.11,40.74
115580,41.03,42.03,40.74
115590,41.04,42.19,40.74
115600,41.03,42.32,40.74
115610,41.03,42.44,40.74
115620,41.02,42.48,40.74
115630,41.01,42.42,40.74
115640,41.01,42.23,40.74
115650,41.02,42.13,40.74
115660,41.03,42.08,40.74
115670,41.03,42.16,40.74
115680,41.03,42.37,40.74
115690,41.01,42.53,40.74
115700,41.01,42.38,40.74
115710,41.01,42.32,40.74
115720,41.02,42.03,40.74
115730,41.03,41.98,40.74
115740,41.03,42.21,40.74
115750,41.03,42.26,40.74
115760,41.02,42.46,40.74
115770,41.01,42.55,40.74
115780,41.00,42.37,40.74
115790,41.00,42.32,40.74
115800,41.01,42.07,40.74
115810,41.02,42.05,40.74
115820,41.02,42.08,40.74
115830,41.02,42.41,40.74
115840,41.00,42.51,40.74
115850,40.99,42.53,40.74
115860,40.98,42.37,40.74
115870,40.99,42.18,40.74
115880,40.99,42.07,40.74
115890,41.00,42.06,40.74
115900,41.01,42.19,40.74
115910,41.00,42.38,40.74
115920,40.99,42.41,40.74
115930,40.98,42.43,40.74
115940,40.98,42.24,40.74
115950,40.99,42.04,40.74
115960,41.00,42.04,40.74
115970,41.01,42.10,40.74
115980,41.00,42.24,40.74
115990,41.00,42.38,40.74
116000,40.99,42.39,40.74
116010,40.99,25.98,12.86
116020,40.99,25.67,12.86
116030,41.00,25.45,12.86
116040,41.02,25.10,12.86
116050,41.03,24.97,12.86
116060,41.04,24.80,12.86
116070,41.04,24.88,12.86
116080,41.01,25.22,12.86
116090,40.96,25.43,12.86
116100,40.91,25.33,12.86
116110,40.85,25.40,12.86
116120,40.79,25.29,12.86
116130,40.70,25.64,12.86
116140,40.62,25.52,12.86
116150,40.50,25.90,12.86
116160,40.39,25.82,12.86
116170,40.26,26.09,12.86
116180,40.11,26.30,12.86
116190,39.95,26.47,12.86
116200,39.77,26.76,12.86
116210,39.57,26.98,12.86
116220,39.37,27.12,12.86
116230,39.14,27.50,12.86
116240,38.91,27.75,12.86
116250,38.65,28.05,12.86
116260,38.38,28.25,12.86
116270,38.10,28.67,12.86
116280,37.79,29.01,12.86
116290,37.47,29.37,12.86
116300,37.13,29.74,12.86
116310,36.79,29.95,12.86
116320,36.43,30.24,12.86
116330,36.04,30.98,12.86
116340,35.63,31.46,12.86
116350,35.21,31.58,12.86
116360,34.79,31.88,12.86
116370,34.34,32.60,12.86
116380,33.87,32.97,12.86
116390,33.40,33.24,12.86
116400,32.92,33.64,12.86
116410,32.43,33.79,12.86
116420,31.93,34.29,12.86
116430,31.41,34.73,12.86
116440,30.88,35.21,12.86
116450,30.35,35.47,12.86
116460,29.82,35.65,12.86
116470,29.27,36.17,12.86
116480,28.72,36.50,12.86
116490,28.15,36.97,12.86
116500,27.58,37.21,12.86
116510,27.01,37.53,12.86
116520,26.45,37.66,12.86
116530,25.89,37.79,12.86
116540,25.31,38.35,12.86
116550,24.75,38.37,12.86
116560,24.17,38.83,12.86
116570,23.60,38.98,12.86
116580,23.04,39.01,12.86
116590,22.48,39.34,12.86
116600,21.92,39.68,12.86
116610,21.37,39.51,12.86
116620,20.84,39.61,12.86
116630,20.29,40.12,12.86
116640,19.75,40.11,12.86
116650,19.23,40.03,12.86
116660,18.74,39.78,12.86
116670,18.25,39.94,12.86
116680,17.75,40.43,12.86
116690,17.26,40.60,12.86
116700,16.78,40.51,12.86
116710,16.33,40.00,12.86
116720,15.92,39.64,12.86
116730,15.52,39.57,12.86
116740,15.13,39.68,12.86
116750,14.73,40.03,12.86
116760,14.32,40.31,12.86
116770,13.92,40.56,12.86
116780,13.52,40.65,12.86
116790,13.16,40.06,12.86
116800,12.84,39.41,12.86
116810,12.56,38.90,12.86
116820,12.31,38.45,12.86
116830,12.08,38.01,12.86
116840,11.86,38.05,12.86
116850,11.65,38.05,12.86
116860,11.44,38.13,12.86
116870,11.22,38.56,12.86
116880,10.99,38.64,12.86
116890,10.78,38.56,12.86
116900,10.59,38.37,12.86
116910,10.42,37.98,12.86
116920,10.29,37.10,12.86
116930,10.21,36.34,12.86
116940,10.16,35.76,12.86
116950,10.14,35.27,12.86
116960,10.13,35.05,12.86
116970,10.11,35.16,12.86
116980,10.09,35.40,12.86
116990,10.06,35.43,12.86
117000,10.07,34.86,12.86
117010,10.11,34.19,12.86
117020,10.15,34.10,12.86
117030,10.20,33.86,12.86
117040,10.26,33.67,12.86
117050,10.35,33.01,12.86
117060,10.46,32.77,12.86
117070,10.56,32.79,12.86
117080,10.68,32.32,12.86
117090,10.80,32.09,12.86
117100,10.93,32.05,12.86
117110,11.08,31.48,12.86
117120,11.23,31.53,12.86
117130,11.39,31.14,12.86
117140,11.55,31.09,12.86
117150,11.72,30.75,12.86
117160,11.89,30.70,12.86
117170,12.07,30.40,12.86
117180,12.25,30.29,12.86
117190,12.45,29.98,12.86
117200,12.64,29.88,12.86
117210,12.84,29.47,12.86
117220,13.04,29.40,12.86
117230,13.25,29.22,12.86
117240,13.45,29.25,12.86
117250,13.65,29.00,12.86
117260,13.86,28.83,12.86
117270,14.06,28.70,12.86
117280,14.28,28.48,12.86
117290,14.48,28.41,12.86
117300,14.70,28.19,12.86
117310,14.91,28.14,12.86
117320,15.11,28.19,12.86
117330,15.32,27.77,12.86
117340,15.51,28.04,12.86
117350,15.72,27.60,12.86
117360,15.92,27.55,12.86
117370,16.11,27.76,12.86
117380,16.29,27.80,12.86
117390,16.49,27.32,12.86
117400,16.69,27.01,12.86
117410,16.88,27.16,12.86
117420,17.07,27.07,12.86
117430,17.24,27.17,12.86
117440,17.41,27.23,12.86
117450,17.57,27.26,12.86
117460,17.73,27.16,12.86
117470,17.88,27.12,12.86
117480,18.05,26.78,12.86
117490,18.19,27.07,12.86
117500,18.32,27.18,12.86
117510,18.46,27.01,12.86
117520,18.58,27.18,12.86
117530,18.69,27.43,12.86
117540,18.81,26.92,12.86
117550,18.92,27.14,12.86
117560,19.01,27.36,12.86
117570,19.10,27.32,12.86
117580,19.17,27.68,12.86
117590,19.25,27.32,12.86
117600,19.30,27.77,12.86
117610,19.37,27.46,12.86
117620,19.41,27.86,12.86
117630,19.47,27.59,12.86
117640,19.52,27.58,12.86
117650,19.54,28.06,12.86
117660,19.55,28.17,12.86
117670,19.57,28.02,12.86
117680,19.56,28.62,12.86
117690,19.57,28.06,12.86
117700,19.58,28.13,12.86
117710,19.57,28.53,12.86
117720,19.56,28.29,12.86
117730,19.55,28.34,12.86
117740,19.52,28.66,12.86
117750,19.49,28.84,12.86
117760,19.44,28.98,12.86
117770,19.40,28.83,12.86
117780,19.35,29.07,12.86
117790,19.29,29.22,12.86
117800,19.23,29.35,12.86
117810,19.17,29.10,12.86
117820,19.12,29.14,12.86
117830,19.05,29.39,12.86
117840,18.98,29.36,12.86
117850,18.90,29.73,12.86
117860,18.82,29.64,12.86
117870,18.74,29.58,12.86
117880,18.65,29.74,12.86
117890,18.56,29.96,12.86
117900,18.46,30.11,12.86
117910,18.35,30.15,12.86
117920,18.25,30.21,12.86
117930,18.14,30.40,12.86
117940,18.03,30.36,12.86
117950,17.92,30.37,12.86
117960,17.80,30.59,12.86
117970,17.67,30.93,12.86
117980,17.56,30.58,12.86
117990,17.43,30.88,12.86
118000,17.30,31.13,12.86
118010,17.17,31.05,12.86
118020,17.04,31.14,12.86
118030,16.91,31.16,12.86
118040,16.76,31.51,12.86
118050,16.63,31.36,12.86
118060,16.50,31.40,12.86
118070,16.36,31.41,12.86
118080,16.24,31.39,12.86
118090,16.10,31.67,12.86
118100,15.96,31.71,12.86
118110,15.82,31.73,12.86
118120,15.69,31.65,12.86
118130,15.57,31.64,12.86
118140,15.44,31.66,12.86
118150,15.32,31.68,12.86
118160,15.20,31.73,12.86
118170,15.08,31.73,12.86
118180,14.96,31.76,12.86
118190,14.84,31.82,12.86
118200,14.72,31.93,12.86
118210,14.59,32.06,12.86
118220,14.47,32.13,12.86
118230,14.35,32.00,12.86
118240,14.24,31.91,12.86
118250,14.13,31.99,12.86
118260,14.02,32.01,12.86
118270,13.91,32.08,12.86
118280,13.81,31.93,12.86
118290,13.71,32.01,12.86
118300,13.62,31.90,12.86
118310,13.53,31.81,12.86
118320,13.45,31.86,12.86
118330,13.36,31.88,12.86
118340,13.28,31.80,12.86
118350,13.22,31.64,12.86
118360,13.14,31.84,12.86
118370,13.08,31.52,12.86
118380,13.02,31.67,12.86
118390,12.96,31.43,12.86
118400,12.91,31.47,12.86
118410,12.86,31.44,12.86
118420,12.82,31.35,12.86
118430,12.78,31.29,12.86
118440,12.75,31.13,12.86
118450,12.72,31.08,12.86
118460,12.70,31.12,12.86
118470,12.68,30.93,12.86
118480,12.66,30.98,12.86
118490,12.66,30.65,12.86
118500,12.64,30.85,12.86
118510,12.65,30.53,12.86
118520,12.65,30.51,12.86
118530,12.66,30.40,12.86
118540,12.68,30.26,12.86
118550,12.69,30.32,12.86
118560,12.71,30.14,12.86
118570,12.74,29.97,12.86
118580,12.77,30.01,12.86
118590,12.79,29.93,12.86
118600,12.83,29.85,12.86
118610,12.86,29.88,12.86
118620,12.90,29.65,12.86
118630,12.95,29.49,12.86
118640,12.99,29.49,12.86
118650,13.04,29.37,12.86
118660,13.09,29.36,12.86
118670,13.14,29.32,12.86
118680,13.20,29.08,12.86
118690,13.25,29.25,12.86
118700,13.30,29.12,12.86
118710,13.37,28.91,12.86
118720,13.42,29.07,12.86
118730,13.48,28.88,12.86
118740,13.54,28.99,12.86
118750,13.60,28.65,12.86
118760,13.67,28.59,12.86
118770,13.73,28.78,12.86
118780,13.79,28.64,12.86
118790,13.86,28.48,12.86
118800,13.93,28.53,12.86
118810,13.99,28.54,12.86
118820,14.05,28.49,12.86
118830,14.10,28.53,12.86
118840,14.17,28.24,12.86
118850,14.22,28.59,12.86
118860,14.30,28.11,12.86
118870,14.35,28.47,12.86
118880,14.40,28.49,12.86
118890,14.45,28.37,12.86
118900,14.49,28.54,12.86
118910,14.54,28.27,12.86
118920,14.61,28.02,12.86
118930,14.66,28.16,12.86
118940,14.70,28.39,12.86
118950,14.76,28.04,12.86
118960,14.82,27.86,12.86
118970,14.87,28.25,12.86
118980,14.90,28.42,12.86
118990,14.94,28.19,12.86
119000,14.98,28.12,12.86
119010,15.03,27.91,12.86
119020,15.06,28.34,12.86
119030,15.07,28.58,12.86
119040,15.09,28.59,12.86
119050,15.11,28.43,12.86
119060,15.13,28.31,12.86
119070,15.16,28.16,12.86
119080,15.18,28.36,12.86
119090,15.19,28.52,12.86
119100,15.20,28.58,12.86
119110,15.21,28.40,12.86
119120,15.22,28.54,12.86
119130,15.23,28.45,12.86
119140,15.23,28.54,12.86
119150,15.23,28.54,12.86
119160,15.23,28.60,12.86
119170,15.23,28.60,12.86
119180,15.23,28.66,12.86
119190,15.23,28.51,12.86
119200,15.23,28.49,12.86
119210,15.23,28.56,12.86
119220,15.21,28.80,12.86
119230,15.19,28.96,12.86
119240,15.17,28.90,12.86
119250,15.15,28.77,12.86
119260,15.15,28.62,12.86
119270,15.12,28.95,12.86
119280,15.09,29.12,12.86
119290,15.07,28.88,12.86
119300,15.06,28.74,12.86
119310,15.03,28.96,12.86
119320,15.00,29.14,12.86
119330,14.98,28.98,12.86
119340,14.95,29.08,12.86
119350,14.91,29.27,12.86
119360,14.88,29.03,12.86
119370,14.86,28.86,12.86
119380,14.83,29.12,12.86
119390,14.79,29.20,12.86
119400,14.78,28.84,12.86
119410,14.76,28.80,12.86
119420,14.74,29.02,12.86
119430,14.71,28.98,12.86
119440,14.67,29.24,12.86
119450,14.64,29.13,12.86
119460,14.62,29.09,12.86
119470,14.57,29.37,12.86
119480,14.55,29.00,12.86
119490,14.53,28.92,12.86
119500,14.51,29.03,12.86
119510,14.48,29.08,12.86
119520,14.44,29.29,12.86
119530,14.42,28.91,12.86
119540,14.40,29.02,12.86
119550,14.38,28.96,12.86
119560,14.34,29.28,12.86
119570,14.32,29.04,12.86
119580,14.30,28.93,12.86
119590,14.28,28.94,12.86
119600,14.26,29.03,12.86
119610,14.23,29.23,12.86
119620,14.22,28.77,12.86
119630,14.20,29.05,12.86
119640,14.18,28.98,12.86
119650,14.14,29.27,12.86
119660,14.14,28.70,12.86
119670,14.12,28.96,12.86
119680,14.10,29.10,12.86
119690,14.07,29.22,12.86
119700,14.06,28.78,12.86
119710,14.04,28.94,12.86
119720,14.02,29.09,12.86
119730,13.99,29.08,12.86
119740,13.98,28.93,12.86
119750,13.97,28.82,12.86
119760,13.95,29.05,12.86
119770,13.93,28.95,12.86
119780,13.91,29.04,12.86
119790,13.91,28.68,12.86
119800,13.88,29.10,12.86
119810,13.87,28.88,12.86
119820,13.86,28.90,12.86
119830,13.85,28.84,12.86
119840,13.84,28.86,12.86
119850,13.83,28.73,12.86
119860,13.83,28.70,12.86
119870,13.82,28.75,12.86
119880,13.81,28.79,12.86
119890,13.81,28.66,12.86
119900,13.81,28.65,12.86
119910,13.81,28.71,12.86
119920,13.81,28.55,12.86
119930,13.81,28.66,12.86
119940,13.81,28.42,12.86
119950,13.81,28.58,12.86
119960,13.81,28.63,12.86
119970,13.82,28.47,12.86
119980,13.81,28.58,12.86
119990,13.83,28.28,12.86
120000,13.83,28.40,12.86
120010,13.83,46.80,44.08
120020,13.84,46.68,44.08
120030,13.86,46.65,44.08
120040,13.86,47.40,44.08
120050,13.86,47.48,44.08
120060,13.90,46.99,44.08
120070,13.94,47.05,44.08
120080,13.96,47.62,44.08
120090,14.00,47.47,44.08
120100,14.05,47.41,44.08
120110,14.13,46.89,44.08
120120,14.24,46.54,44.08
120130,14.35,46.50,44.08
120140,14.48,46.30,44.08
120150,14.64,45.90,44.08
120160,14.84,45.21,44.08
120170,15.05,44.94,44.08
120180,15.27,44.87,44.08
120190,15.53,44.08,44.08
120200,15.80,43.95,44.08
120210,16.08,43.76,44.08
120220,16.40,43.03,44.08
120230,16.73,42.60,44.08
120240,17.07,42.55,44.08
120250,17.44,42.04,44.08
120260,17.83,41.37,44.08
120270,18.24,41.05,44.08
120280,18.66,40.71,44.08
120290,19.09,40.30,44.08
120300,19.56,39.69,44.08
120310,20.03,39.25,44.08
120320,20.52,38.90,44.08
120330,21.01,38.83,44.08
120340,21.52,38.27,44.08
120350,22.04,37.78,44.08
120360,22.58,37.24,44.08
120370,23.15,36.67,44.08
120380,23.72,36.28,44.08
120390,24.29,36.13,44.08
120400,24.87,35.67,44.08
120410,25.44,35.63,44.08
120420,26.04,34.91,44.08
120430,26.64,34.68,44.08
120440,27.23,34.53,44.08
120450,27.82,34.38,44.08
120460,28.39,34.69,44.08
120470,28.92,35.04,44.08
120480,29.45,34.91,44.08
120490,30.01,34.18,44.08
120500,30.56,34.12,44.08
120510,31.09,34.39,44.08
120520,31.63,33.83,44.08
120530,32.16,33.68,44.08
120540,32.69,33.75,44.08
120550,33.18,33.99,44.08
120560,33.69,33.59,44.08
120570,34.19,33.59,44.08
120580,34.66,33.84,44.08
120590,35.14,33.52,44.08
120600,35.61,33.61,44.08
120610,36.05,33.88,44.08
120620,36.49,33.73,44.08
120630,36.90,33.97,44.08
120640,37.32,33.74,44.08
120650,37.72,33.88,44.08
120660,38.10,34.20,44.08
120670,38.48,33.89,44.08
120680,38.83,34.40,44.08
120690,39.17,34.42,44.08
120700,39.50,34.50,44.08
120710,39.80,34.87,44.08
120720,40.11,34.74,44.08
120730,40.38,35.11,44.08
120740,40.65,35.15,44.08
120750,40.91,35.21,44.08
120760,41.13,35.80,44.08
120770,41.35,35.86,44.08
120780,41.55,36.09,44.08
120790,41.74,36.22,44.08
120800,41.91,36.31,44.08
120810,42.06,36.91,44.08
120820,42.19,37.17,44.08
120830,42.31,37.17,44.08
120840,42.41,37.73,44.08
120850,42.50,37.85,44.08
120860,42.57,38.19,44.08
120870,42.60,38.87,44.08
120880,42.63,39.00,44.08
120890,42.65,39.11,44.08
120900,42.64,39.75,44.08
120910,42.63,39.80,44.08
120920,42.62,39.96,44.08
120930,42.60,39.95,44.08
120940,42.55,40.60,44.08
120950,42.48,41.27,44.08
120960,42.40,41.41,44.08
120970,42.32,41.33,44.08
120980,42.22,41.94,44.08
120990,42.10,42.32,44.08
121000,41.98,42.49,44.08
121010,41.86,42.55,44.08
121020,41.75,42.49,44.08
121030,41.65,42.32,44.08
121040,41.55,42.34,44.08
121050,41.44,42.61,44.08
121060,41.34,42.62,44.08
121070,41.22,43.01,44.08
121080,41.09,43.20,44.08
121090,40.96,43.57,44.08
121100,40.82,43.70,44.08
121110,40.67,43.96,44.08
121120,40.52,44.14,44.08
121130,40.36,44.45,44.08
121140,40.20,44.68,44.08
121150,40.03,44.91,44.08
121160,39.85,45.09,44.08
121170,39.69,44.97,44.08
121180,39.54,44.92,44.08
121190,39.40,44.74,44.08
121200,39.26,44.84,44.08
121210,39.12,45.08,44.08
121220,38.97,45.32,44.08
121230,38.82,45.37,44.08
121240,38.69,45.16,44.08
121250,38.57,45.19,44.08
121260,38.44,45.38,44.08
121270,38.30,45.57,44.08
121280,38.17,45.61,44.08
121290,38.06,45.27,44.08
121300,37.96,45.29,44.08
121310,37.84,45.74,44.08
121320,37.73,45.63,44.08
121330,37.64,45.31,44.08
121340,37.55,45.33,44.08
121350,37.46,45.56,44.08
121360,37.38,45.46,44.08
121370,37.32,45.13,44.08
121380,37.25,45.29,44.08
121390,37.18,45.37,44.08
121400,37.13,45.30,44.08
121410,37.09,44.96,44.08
121420,37.05,45.01,44.08
121430,37.01,45.18,44.08
121440,36.99,44.82,44.08
121450,36.98,44.64,44.08
121460,36.96,44.87,44.08
121470,36.96,44.62,44.08
121480,36.96,44.44,44.08
121490,36.98,44.32,44.08
121500,36.99,44.46,44.08
121510,37.02,44.15,44.08
121520,37.05,44.02,44.08
121530,37.08,44.17,44.08
121540,37.12,44.05,44.08
121550,37.17,43.79,44.08
121560,37.23,43.69,44.08
121570,37.28,43.80,44.08
121580,37.33,43.86,44.08
121590,37.40,43.53,44.08
121600,37.47,43.38,44.08
121610,37.53,43.63,44.08
121620,37.61,43.39,44.08
121630,37.68,43.33,44.08
121640,37.76,43.22,44.08
121650,37.84,43.32,44.08
121660,37.92,43.20,44.08
121670,38.02,42.91,44.08
121680,38.11,42.96,44.08
121690,38.21,42.92,44.08
121700,38.29,43.13,44.08
121710,38.39,42.83,44.08
121720,38.50,42.57,44.08
121730,38.59,42.82,44.08
121740,38.68,42.99,44.08
121750,38.78,42.68,44.08
121760,38.89,42.47,44.08
121770,39.00,42.44,44.08
121780,39.10,42.68,44.08
121790,39.19,42.84,44.08
121800,39.29,42.49,44.08
121810,39.40,42.39,44.08
121820,39.51,42.21,44.08
121830,39.61,42.56,44.08
121840,39.69,42.73,44.08
121850,39.79,42.43,44.08
121860,39.90,42.25,44.08
121870,40.01,42.20,44.08
121880,40.11,42.32,44.08
121890,40.20,42.50,44.08
121900,40.29,42.44,44.08
121910,40.38,42.39,44.08
121920,40.48,42.20,44.08
121930,40.58,42.30,44.08
121940,40.66,42.47,44.08
121950,40.74,42.53,44.08
121960,40.81,42.77,44.08
121970,40.89,42.54,44.08
121980,40.97,42.45,44.08
121990,41.05,42.40,44.08
122000,41.13,42.44,44.08
122010,41.20,42.65,44.08
122020,41.26,42.77,44.08
122030,41.31,42.82,44.08
122040,41.37,42.86,44.08
122050,41.43,42.67,44.08
122060,41.49,42.72,44.08
122070,41.55,42.79,44.08
122080,41.59,43.07,44.08
122090,41.62,43.23,44.08
122100,41.67,42.98,44.08
122110,41.71,43.01,44.08
122120,41.75,43.01,44.08
122130,41.78,43.24,44.08
122140,41.81,43.38,44.08
122150,41.82,43.65,44.08
122160,41.83,43.52,44.08
122170,41.85,43.57,44.08
122180,41.87,43.39,44.08
122190,41.89,43.58,44.08
122200,41.90,43.77,44.08
122210,41.89,44.01,44.08
122220,41.89,43.98,44.08
122230,41.89,43.89,44.08
122240,41.90,43.86,44.08
122250,41.89,43.99,44.08
122260,41.88,44.25,44.08
122270,41.86,44.39,44.08
122280,41.84,44.41,44.08
122290,41.83,44.35,44.08
122300,41.83,44.07,44.08
122310,41.82,44.25,44.08
122320,41.81,44.48,44.08
122330,41.79,44.52,44.08
122340,41.77,44.45,44.08
122350,41.77,44.24,44.08
122360,41.77,44.30,44.08
122370,41.75,44.53,44.08
122380,41.73,44.60,44.08
122390,41.73,44.40,44.08
122400,41.72,44.38,44.08
122410,41.71,44.53,44.08
122420,41.70,44.50,44.08
122430,41.70,44.48,44.08
122440,41.70,44.38,44.08
122450,41.70,44.27,44.08
122460,41.70,44.54,44.08
122470,41.69,44.56,44.08
122480,41.69,44.37,44.08
122490,41.70,44.26,44.08
122500,41.71,44.33,44.08
122510,41.70,44.67,44.08
122520,41.70,44.47,44.08
122530,41.72,44.22,44.08
122540,41.72,44.40,44.08
122550,41.72,44.53,44.08
122560,41.73,44.40,44.08
122570,41.74,44.32,44.08
122580,41.75,44.36,44.08
122590,41.75,44.53,44.08
122600,41.76,44.53,44.08
122610,41.77,44.28,44.08
122620,41.78,44.39,44.08
122630,41.79,44.45,44.08
122640,41.79,44.62,44.08
122650,41.79,44.59,44.08
122660,41.81,44.32,44.08
122670,41.82,44.51,44.08
122680,41.82,44.73,44.08
122690,41.81,44.70,44.08
122700,41.82,44.58,44.08
122710,41.84,44.41,44.08
122720,41.83,44.84,44.08
122730,41.82,44.92,44.08
122740,41.83,44.56,44.08
122750,41.84,44.67,44.08
122760,41.83,44.88,44.08
122770,41.83,44.84,44.08
122780,41.83,44.80,44.08
122790,41.84,44.72,44.08
122800,41.83,44.95,44.08
122810,41.83,44.95,44.08
122820,41.83,44.85,44.08
122830,41.83,44.84,44.08
122840,41.83,44.87,44.08
122850,41.82,45.18,44.08
122860,41.82,44.98,44.08
122870,41.83,44.82,44.08
122880,41.82,45.06,44.08
122890,41.82,45.12,44.08
122900,41.82,44.84,44.08
122910,41.83,44.91,44.08
122920,41.83,45.08,44.08
122930,41.82,45.11,44.08
122940,41.82,45.12,44.08
122950,41.83,44.87,44.08
122960,41.83,45.17,44.08
122970,41.82,45.17,44.08
122980,41.83,45.00,44.08
122990,41.84,45.00,44.08
123000,41.83,45.19,44.08
123010,41.84,45.06,44.08
123020,41.85,44.96,44.08
123030,41.85,45.27,44.08
123040,41.84,45.26,44.08
123050,41.84,45.28,44.08
123060,41.85,44.96,44.08
123070,41.85,45.21,44.08
123080,41.86,45.21,44.08
123090,41.86,45.13,44.08
123100,41.88,44.99,44.08
123110,41.88,45.29,44.08
123120,41.88,45.12,44.08
123130,41.89,45.17,44.08
123140,41.90,45.11,44.08
123150,41.89,45.49,44.08
123160,41.90,45.23,44.08
123170,41.91,45.25,44.08
123180,41.91,45.34,44.08
123190,41.91,45.36,44.08
123200,41.92,45.15,44.08
123210,41.93,45.27,44.08
123220,41.92,45.45,44.08
123230,41.93,45.34,44.08
123240,41.94,45.18,44.08
123250,41.94,45.42,44.08
123260,41.95,45.33,44.08
123270,41.96,45.20,44.08
123280,41.97,45.34,44.08
123290,41.97,45.49,44.08
123300,41.98,45.20,44.08
123310,41.99,45.33,44.08
123320,42.00,45.41,44.08
123330,42.01,45.27,44.08
123340,42.03,45.20,44.08
123350,42.03,45.48,44.08
123360,42.04,45.26,44.08
123370,42.06,45.13,44.08
123380,42.07,45.42,44.08
123390,42.09,45.19,44.08
123400,42.10,45.27,44.08
123410,42.12,45.20,44.08
123420,42.13,45.48,44.08
123430,42.14,45.27,44.08
123440,42.16,45.28,44.08
123450,42.17,45.35,44.08
123460,42.18,45.36,44.08
123470,42.20,45.13,44.08
123480,42.22,45.31,44.08
123490,42.23,45.47,44.08
123500,42.25,45.10,44.08
123510,42.26,45.33,44.08
123520,42.28,45.24,44.08
123530,42.30,45.29,44.08
123540,42.32,45.15,44.08
123550,42.33,45.43,44.08
123560,42.35,45.30,44.08
123570,42.38,45.02,44.08
123580,42.39,45.29,44.08
123590,42.41,45.35,44.08
123600,42.43,45.09,44.08
123610,42.46,45.12,44.08
123620,42.47,45.29,44.08
123630,42.49,45.20,44.08
123640,42.52,45.11,44.08
123650,42.54,45.16,44.08
123660,42.55,45.33,44.08
123670,42.59,44.95,44.08
123680,42.60,45.29,44.08
123690,42.62,45.24,44.08
123700,42.65,45.05,44.08
123710,42.67,45.09,44.08
123720,42.70,45.11,44.08
123730,42.71,45.21,44.08
123740,42.75,44.92,44.08
123750,42.76,45.22,44.08
123760,42.78,45.16,44.08
123770,42.81,45.08,44.08
123780,42.84,44.99,44.08
123790,42.85,45.26,44.08
123800,42.88,45.06,44.08
123810,42.91,44.85,44.08
123820,42.93,45.21,44.08
123830,42.95,45.08,44.08
123840,42.97,45.03,44.08
123850,42.99,45.07,44.08
123860,43.01,45.19,44.08
123870,43.03,45.18,44.08
123880,43.06,44.93,44.08
123890,43.07,45.15,44.08
123900,43.09,45.16,44.08
123910,43.11,45.07,44.08
123920,43.13,45.06,44.08
123930,43.14,45.30,44.08
123940,43.16,45.20,44.08
123950,43.18,44.97,44.08
123960,43.19,45.20,44.08
123970,43.21,45.21,44.08
123980,43.23,45.02,44.08
123990,43.24,45.19,44.08
124000,43.26,45.17,44.08
124010,43.26,48.54,49.61
124020,43.28,48.42,49.61
124030,43.29,48.55,49.61
124040,43.29,48.75,49.61
124050,43.30,48.66,49.61
124060,43.31,48.62,49.61
124070,43.32,48.81,49.61
124080,43.33,48.58,49.61
124090,43.34,48.86,49.61
124100,43.35,48.72,49.61
124110,43.37,48.65,49.61
124120,43.39,48.72,49.61
124130,43.42,48.41,49.61
124140,43.45,48.65,49.61
124150,43.49,48.30,49.61
124160,43.52,48.52,49.61
124170,43.57,48.30,49.61
124180,43.61,48.30,49.61
124190,43.66,48.28,49.61
124200,43.71,48.12,49.61
124210,43.76,48.28,49.61
124220,43.82,47.93,49.61
124230,43.88,48.00,49.61
124240,43.96,47.70,49.61
124250,44.03,47.82,49.61
124260,44.11,47.57,49.61
124270,44.18,47.68,49.61
124280,44.28,47.35,49.61
124290,44.36,47.50,49.61
124300,44.45,47.24,49.61
124310,44.55,47.23,49.61
124320,44.65,47.10,49.61
124330,44.75,46.99,49.61
124340,44.86,47.00,49.61
124350,44.97,46.75,49.61
124360,45.07,46.90,49.61
124370,45.19,46.56,49.61
124380,45.30,46.71,49.61
124390,45.42,46.47,49.61
124400,45.54,46.44,49.61
124410,45.66,46.38,49.61
124420,45.79,46.12,49.61
124430,45.91,46.28,49.61
124440,46.04,46.10,49.61
124450,46.16,46.05,49.61
124460,46.29,46.04,49.61
124470,46.42,45.83,49.61
124480,46.54,45.97,49.61
124490,46.68,45.74,49.61
124500,46.81,45.72,49.61
124510,46.94,45.59,49.61
124520,47.07,45.64,49.61
124530,47.19,45.72,49.61
124540,47.32,45.53,49.61
124550,47.44,45.62,49.61
124560,47.57,45.43,49.61
124570,47.69,45.34,49.61
124580,47.81,45.57,49.61
124590,47.93,45.39,49.61
124600,48.05,45.28,49.61
124610,48.17,45.38,49.61
124620,48.28,45.30,49.61
124630,48.39,45.38,49.61
124640,48.50,45.46,49.61
124650,48.61,45.29,49.61
124660,48.70,45.49,49.61
124670,48.80,45.44,49.61
124680,48.89,45.41,49.61
124690,48.97,45.65,49.61
124700,49.06,45.43,49.61
124710,49.15,45.55,49.61
124720,49.23,45.45,49.61
124730,49.30,45.68,49.61
124740,49.38,45.50,49.61
124750,49.44,45.71,49.61
124760,49.51,45.69,49.61
124770,49.56,45.83,49.61
124780,49.62,45.70,49.61
124790,49.67,45.87,49.61
124800,49.72,45.90,49.61
124810,49.77,45.88,49.61
124820,49.81,46.03,49.61
124830,49.84,46.07,49.61
124840,49.88,46.05,49.61
124850,49.90,46.29,49.61
124860,49.92,46.35,49.61
124870,49.95,46.22,49.61
124880,49.96,46.50,49.61
124890,49.97,46.46,49.61
124900,49.98,46.43,49.61
124910,49.98,46.75,49.61
124920,49.98,46.73,49.61
124930,49.97,46.83,49.61
124940,49.96,46.87,49.61
124950,49.95,46.96,49.61
124960,49.94,46.84,49.61
124970,49.92,47.04,49.61
124980,49.91,46.95,49.61
124990,49.89,47.04,49.61
125000,49.88,47.01,49.61
125010,49.87,46.99,49.61
125020,49.85,47.16,49.61
125030,49.82,47.19,49.61
125040,49.81,47.01,49.61
125050,49.79,47.12,49.61
125060,49.78,47.04,49.61
125070,49.76,47.11,49.61
125080,49.75,47.11,49.61
125090,49.74,46.97,49.61
125100,49.73,47.05,49.61
125110,49.71,47.06,49.61
125120,49.70,46.98,49.61
125130,49.69,47.07,49.61
125140,49.69,46.87,49.61
125150,49.69,46.86,49.61
125160,49.68,46.98,49.61
125170,49.68,46.85,49.61
125180,49.67,47.02,49.61
125190,49.67,46.70,49.61
125200,49.67,46.84,49.61
125210,49.67,46.83,49.61
125220,49.68,46.67,49.61
125230,49.68,46.89,49.61
125240,49.68,46.78,49.61
125250,49.68,46.80,49.61
125260,49.69,46.68,49.61
125270,49.70,46.56,49.61
125280,49.70,46.82,49.61
125290,49.71,46.67,49.61
125300,49.71,46.75,49.61
125310,49.71,46.78,49.61
125320,49.72,46.63,49.61
125330,49.72,46.70,49.61
125340,49.73,46.53,49.61
125350,49.74,46.74,49.61
125360,49.74,46.79,49.61
125370,49.74,46.70,49.61
125380,49.74,46.71,49.61
125390,49.75,46.67,49.61
125400,49.75,46.74,49.61
125410,49.75,46.75,49.61
125420,49.75,46.77,49.61
125430,49.74,46.89,49.61
125440,49.74,46.84,49.61
125450,49.74,46.70,49.61
125460,49.74,46.82,49.61
125470,49.74,46.80,49.61
125480,49.73,46.87,49.61
125490,49.73,46.85,49.61
125500,49.73,46.75,49.61
125510,49.73,46.80,49.61
125520,49.73,46.68,49.61
125530,49.74,46.74,49.61
125540,49.73,46.90,49.61
125550,49.73,46.77,49.61
125560,49.72,46.88,49.61
125570,49.73,46.72,49.61
125580,49.73,46.69,49.61
125590,49.73,46.73,49.61
125600,49.74,46.68,49.61
125610,49.73,46.77,49.61
125620,49.73,46.82,49.61
125630,49.74,46.64,49.61
125640,49.74,46.62,49.61
125650,49.75,46.57,49.61
125660,49.76,46.68,49.61
125670,49.76,46.60,49.61
125680,49.76,46.80,49.61
125690,49.77,46.62,49.61
125700,49.76,46.76,49.61
125710,49.77,46.68,49.61
125720,49.76,46.77,49.61
125730,49.76,46.91,49.61
125740,49.76,46.73,49.61
125750,49.75,46.86,49.61
125760,49.75,46.81,49.61
125770,49.75,46.73,49.61
125780,49.74,46.94,49.61
125790,49.74,46.74,49.61
125800,49.73,46.84,49.61
125810,49.73,46.71,49.61
125820,49.74,46.59,49.61
125830,49.73,46.94,49.61
125840,49.73,46.74,49.61
125850,49.73,46.76,49.61
125860,49.73,46.82,49.61
125870,49.73,46.55,49.61
125880,49.73,46.76,49.61
125890,49.73,46.72,49.61
125900,49.73,46.81,49.61
125910,49.73,46.81,49.61
125920,49.73,46.63,49.61
125930,49.73,46.73,49.61
125940,49.73,46.69,49.61
125950,49.74,46.63,49.61
125960,49.73,46.84,49.61
125970,49.74,46.59,49.61
125980,49.74,46.66,49.61
125990,49.74,46.68,49.61
126000,49.75,46.61,49.61
126010,49.74,46.83,49.61
126020,49.75,46.61,49.61
126030,49.75,46.61,49.61
126040,49.75,46.74,49.61
126050,49.76,46.54,49.61
126060,49.76,46.75,49.61
126070,49.76,46.71,49.61
126080,49.76,46.60,49.61
126090,49.76,46.73,49.61
126100,49.76,46.65,49.61
126110,49.76,46.86,49.61
126120,49.75,46.73,49.61
126130,49.76,46.60,49.61
126140,49.75,46.90,49.61
126150,49.75,46.76,49.61
126160,49.74,46.81,49.61
126170,49.73,46.88,49.61
126180,49.74,46.65,49.61
126190,49.74,46.71,49.61
126200,49.73,46.79,49.61
126210,49.73,46.79,49.61
126220,49.72,46.78,49.61
126230,49.73,46.56,49.61
126240,49.73,46.69,49.61
126250,49.74,46.63,49.61
126260,49.74,46.54,49.61
126270,49.73,46.89,49.61
126280,49.74,46.61,49.61
126290,49.74,46.62,49.61
126300,49.73,46.87,49.61
126310,49.73,46.67,49.61
126320,49.73,46.74,49.61
126330,49.73,46.68,49.61
126340,49.74,46.50,49.61
126350,49.74,46.70,49.61
126360,49.74,46.66,49.61
126370,49.74,46.82,49.61
126380,49.74,46.72,49.61
126390,49.74,46.57,49.61
126400,49.74,46.68,49.61
126410,49.75,46.59,49.61
126420,49.75,46.69,49.61
126430,49.74,46.74,49.61
126440,49.75,46.54,49.61
126450,49.75,46.71,49.61
126460,49.75,46.69,49.61
126470,49.75,46.67,49.61
126480,49.74,46.78,49.61
126490,49.75,46.57,49.61
126500,49.75,46.64,49.61
126510,49.75,46.62,49.61
126520,49.75,46.63,49.61
126530,49.74,46.85,49.61
126540,49.74,46.69,49.61
126550,49.74,46.81,49.61
126560,49.73,46.79,49.61
126570,49.74,46.60,49.61
126580,49.73,46.86,49.61
126590,49.72,46.75,49.61
126600,49.73,46.51,49.61
126610,49.73,46.73,49.61
126620,49.73,46.59,49.61
126630,49.73,46.67,49.61
126640,49.73,46.76,49.61
126650,49.73,46.62,49.61
126660,49.73,46.62,49.61
126670,49.74,46.51,49.61
126680,49.74,46.70,49.61
126690,49.74,46.73,49.61
126700,49.74,46.56,49.61
126710,49.74,46.69,49.61
126720,49.74,46.55,49.61
126730,49.75,46.55,49.61
126740,49.74,46.75,49.61
126750,49.75,46.59,49.61
126760,49.75,46.61,49.61
126770,49.75,46.66,49.61
126780,49.75,46.62,49.61
126790,49.75,46.71,49.61
126800,49.75,46.68,49.61
126810,49.75,46.65,49.61
126820,49.75,46.65,49.61
126830,49.74,46.71,49.61
126840,49.73,46.81,49.61
126850,49.73,46.64,49.61
126860,49.73,46.78,49.61
126870,49.73,46.56,49.61
126880,49.73,46.77,49.61
126890,49.73,46.67,49.61
126900,49.73,46.55,49.61
126910,49.72,46.81,49.61
126920,49.73,46.57,49.61
126930,49.73,46.60,49.61
126940,49.73,46.70,49.61
126950,49.73,46.50,49.61
126960,49.73,46.62,49.61
126970,49.73,46.66,49.61
126980,49.74,46.54,49.61
126990,49.74,46.65,49.61
127000,49.74,46.69,49.61
127010,49.74,46.55,49.61
127020,49.74,46.65,49.61
127030,49.74,46.62,49.61
127040,49.74,46.60,49.61
127050,49.74,46.64,49.61
127060,49.74,46.63,49.61
127070,49.73,46.74,49.61
127080,49.73,46.65,49.61
127090,49.73,46.70,49.61
127100,49.73,46.70,49.61
127110,49.73,46.59,49.61
127120,49.73,46.64,49.61
127130,49.72,46.72,49.61
127140,49.72,46.63,49.61
127150,49.72,46.74,49.61
127160,49.72,46.60,49.61
127170,49.72,46.60,49.61
127180,49.72,46.70,49.61
127190,49.72,46.52,49.61
127200,49.72,46.67,49.61
127210,49.73,46.55,49.61
127220,49.73,46.56,49.61
127230,49.72,46.73,49.61
127240,49.73,46.47,49.61
127250,49.73,46.59,49.61
127260,49.73,46.63,49.61
127270,49.74,46.45,49.61
127280,49.74,46.66,49.61
127290,49.74,46.63,49.61
127300,49.74,46.60,49.61
127310,49.74,46.62,49.61
127320,49.74,46.57,49.61
127330,49.74,46.57,49.61
127340,49.75,46.52,49.61
127350,49.75,46.51,49.61
127360,49.75,46.66,49.61
127370,49.75,46.49,49.61
127380,49.75,46.68,49.61
127390,49.74,46.66,49.61
127400,49.75,46.41,49.61
127410,49.75,46.65,49.61
127420,49.75,46.66,49.61
127430,49.75,46.49,49.61
127440,49.75,46.71,49.61
127450,49.75,46.61,49.61
127460,49.75,46.59,49.61
127470,49.74,46.75,49.61
127480,49.74,46.55,49.61
127490,49.74,46.53,49.61
127500,49.75,46.55,49.61
127510,49.75,46.50,49.61
127520,49.74,46.70,49.61
127530,49.75,46.48,49.61
127540,49.75,46.51,49.61
127550,49.75,46.65,49.61
127560,49.76,46.42,49.61
127570,49.75,46.63,49.61
127580,49.75,46.64,49.61
127590,49.76,46.51,49.61
127600,49.75,46.72,49.61
127610,49.75,46.57,49.61
127620,49.76,46.44,49.61
127630,49.75,46.62,49.61
127640,49.76,46.44,49.61
127650,49.76,46.58,49.61
127660,49.75,46.68,49.61
127670,49.76,46.44,49.61
127680,49.76,46.55,49.61
127690,49.76,46.61,49.61
127700,49.76,46.53,49.61
127710,49.75,46.65,49.61
127720,49.75,46.58,49.61
127730,49.75,46.64,49.61
127740,49.74,46.72,49.61
127750,49.75,46.52,49.61
127760,49.75,46.55,49.61
127770,49.75,46.57,49.61
127780,49.75,46.53,49.61
127790,49.74,46.64,49.61
127800,49.74,46.54,49.61
127810,49.75,46.44,49.61
127820,49.75,46.58,49.61
127830,49.75,46.46,49.61
127840,49.76,46.51,49.61
127850,49.75,46.59,49.61
127860,49.76,46.46,49.61
127870,49.75,46.72,49.61
127880,49.75,46.62,49.61
127890,49.75,46.46,49.61
127900,49.74,46.69,49.61
127910,49.75,46.52,49.61
127920,49.74,46.56,49.61
127930,49.74,46.58,49.61
127940,49.75,46.45,49.61
127950,49.75,46.52,49.61
127960,49.75,46.56,49.61
127970,49.75,46.49,49.61
127980,49.75,46.61,49.61
127990,49.75,46.46,49.61
128000,49.75,46.63,49.61
128010,49.75,59.46,71.81
128020,49.75,59.64,71.81
128030,49.75,59.69,71.81
128040,49.76,59.82,71.81
128050,49.77,59.71,71.81
128060,49.78,59.95,71.81
128070,49.79,60.14,71.81
128080,49.82,59.87,71.81
128090,49.88,59.51,71.81
128100,49.95,59.22,71.81
128110,50.04,58.99,71.81
128120,50.15,58.61,71.81
128130,50.27,58.47,71.81
128140,50.42,58.04,71.81
128150,50.58,57.77,71.81
128160,50.76,57.49,71.81
128170,50.96,57.06,71.81
128180,51.17,56.85,71.81
128190,51.41,56.45,71.81
128200,51.65,56.19,71.81
128210,51.91,55.82,71.81
128220,52.19,55.44,71.81
128230,52.49,55.01,71.81
128240,52.81,54.53,71.81
128250,53.15,54.17,71.81
128260,53.51,53.65,71.81
128270,53.88,53.25,71.81
128280,54.27,52.80,71.81
128290,54.68,52.24,71.81
128300,55.10,51.87,71.81
128310,55.53,51.54,71.81
128320,55.97,51.37,71.81
128330,56.41,51.11,71.81
128340,56.85,50.82,71.81
128350,57.32,50.27,71.81
128360,57.80,49.78,71.81
128370,58.28,49.51,71.81
128380,58.77,49.29,71.81
128390,59.26,49.02,71.81
128400,59.76,48.49,71.81
128410,60.27,48.17,71.81
128420,60.78,48.09,71.81
128430,61.28,47.85,71.81
128440,61.80,47.42,71.81
128450,62.31,47.18,71.81
128460,62.81,47.19,71.81
128470,63.33,46.74,71.81
128480,63.82,46.90,71.81
128490,64.32,46.48,71.81
128500,64.81,46.54,71.81
128510,65.30,46.31,71.81
128520,65.78,46.26,71.81
128530,66.24,46.33,71.81
128540,66.70,46.13,71.81
128550,67.15,46.16,71.81
128560,67.60,45.96,71.81
128570,68.03,46.06,71.81
128580,68.46,45.87,71.81
128590,68.87,45.94,71.81
128600,69.28,45.97,71.81
128610,69.67,45.87,71.81
128620,70.05,46.03,71.81
128630,70.42,45.95,71.81
128640,70.78,46.12,71.81
128650,71.13,46.00,71.81
128660,71.46,46.21,71.81
128670,71.78,46.19,71.81
128680,72.09,46.30,71.81
128690,72.38,46.44,71.81
128700,72.67,46.31,71.81
128710,72.93,46.65,71.81
128720,73.19,46.66,71.81
128730,73.43,46.93,71.81
128740,73.65,47.08,71.81
128750,73.86,47.07,71.81
128760,74.05,47.46,71.81
128770,74.23,47.51,71.81
128780,74.40,47.65,71.81
128790,74.55,47.93,71.81
128800,74.69,48.06,71.81
128810,74.80,48.38,71.81
128820,74.91,48.44,71.81
128830,75.00,48.74,71.81
128840,75.08,49.00,71.81
128850,75.15,49.05,71.81
128860,75.19,49.48,71.81
128870,75.24,49.48,71.81
128880,75.26,49.92,71.81
128890,75.27,50.03,71.81
128900,75.26,50.41,71.81
128910,75.25,50.50,71.81
128920,75.22,50.75,71.81
128930,75.19,50.91,71.81
128940,75.14,51.18,71.81
128950,75.09,51.18,71.81
128960,75.03,51.51,71.81
128970,74.98,51.36,71.81
128980,74.90,51.87,71.81
128990,74.83,51.71,71.81
129000,74.75,51.86,71.81
129010,74.66,52.15,71.81
129020,74.58,52.01,71.81
129030,74.49,52.32,71.81
129040,74.40,52.16,71.81
129050,74.30,52.47,71.81
129060,74.22,52.27,71.81
129070,74.12,52.55,71.81
129080,74.02,52.53,71.81
129090,73.92,52.72,71.81
129100,73.83,52.53,71.81
129110,73.73,52.65,71.81
129120,73.63,52.88,71.81
129130,73.54,52.60,71.81
129140,73.45,52.62,71.81
129150,73.35,52.99,71.81
129160,73.26,52.83,71.81
129170,73.17,52.80,71.81
129180,73.08,52.90,71.81
129190,72.98,52.99,71.81
129200,72.89,52.89,71.81
129210,72.80,53.03,71.81
129220,72.71,52.99,71.81
129230,72.63,52.87,71.81
129240,72.55,52.94,71.81
129250,72.47,52.99,71.81
129260,72.40,52.89,71.81
129270,72.32,52.90,71.81
129280,72.25,53.03,71.81
129290,72.18,52.86,71.81
129300,72.12,52.64,71.81
129310,72.06,52.95,71.81
129320,71.98,53.17,71.81
129330,71.92,52.73,71.81
129340,71.88,52.64,71.81
129350,71.82,52.79,71.81
129360,71.76,52.93,71.81
129370,71.71,52.77,71.81
129380,71.67,52.61,71.81
129390,71.63,52.64,71.81
129400,71.59,52.62,71.81
129410,71.56,52.56,71.81
129420,71.52,52.62,71.81
129430,71.49,52.60,71.81
129440,71.46,52.45,71.81
129450,71.44,52.32,71.81
129460,71.42,52.55,71.81
129470,71.39,52.59,71.81
129480,71.38,52.05,71.81
129490,71.38,52.13,71.81
129500,71.35,52.44,71.81
129510,71.34,52.24,71.81
129520,71.35,51.97,71.81
129530,71.35,52.05,71.81
129540,71.34,52.10,71.81
129550,71.34,52.16,71.81
129560,71.34,51.89,71.81
129570,71.35,51.97,71.81
129580,71.35,51.99,71.81
129590,71.36,51.86,71.81
129600,71.36,51.91,71.81
129610,71.37,51.93,71.81
129620,71.38,51.86,71.81
129630,71.39,51.88,71.81
129640,71.40,51.79,71.81
129650,71.40,51.90,71.81
129660,71.41,51.81,71.81
129670,71.42,52.00,71.81
129680,71.42,51.89,71.81
129690,71.43,51.94,71.81
129700,71.43,52.01,71.81
129710,71.42,52.09,71.81
129720,71.43,51.98,71.81
129730,71.42,52.14,71.81
129740,71.42,52.16,71.81
129750,71.43,51.87,71.81
129760,71.42,52.15,71.81
129770,71.41,52.17,71.81
129780,71.42,52.01,71.81
129790,71.41,52.10,71.81
129800,71.40,52.29,71.81
129810,71.42,51.81,71.81
129820,71.42,51.93,71.81
129830,71.41,52.32,71.81
129840,71.42,51.91,71.81
129850,71.42,52.05,71.81
129860,71.41,52.25,71.81
129870,71.41,52.01,71.81
129880,71.42,51.93,71.81
129890,71.41,52.26,71.81
129900,71.42,51.95,71.81
129910,71.42,51.99,71.81
129920,71.41,52.32,71.81
129930,71.42,51.92,71.81
129940,71.43,51.86,71.81
129950,71.43,52.19,71.81
129960,71.43,51.98,71.81
129970,71.45,51.81,71.81
129980,71.44,52.25,71.81
129990,71.45,51.92,71.81
130000,71.46,51.88,71.81
130010,71.46,52.16,71.81
130020,71.45,52.13,71.81
130030,71.46,51.96,71.81
130040,71.45,52.22,71.81
130050,71.46,52.08,71.81
130060,71.46,51.94,71.81
130070,71.46,52.15,71.81
130080,71.46,52.09,71.81
130090,71.46,52.04,71.81
130100,71.47,52.09,71.81
130110,71.46,52.19,71.81
130120,71.47,51.95,71.81
130130,71.47,52.11,71.81
130140,71.47,52.13,71.81
130150,71.47,51.99,71.81
130160,71.48,51.97,71.81
130170,71.48,52.08,71.81
130180,71.48,52.19,71.81
130190,71.49,52.00,71.81
130200,71.48,52.13,71.81
130210,71.48,52.17,71.81
130220,71.49,51.94,71.81
130230,71.49,52.10,71.81
130240,71.49,52.18,71.81
130250,71.49,52.10,71.81
130260,71.49,52.05,71.81
130270,71.49,52.19,71.81
130280,71.49,52.07,71.81
130290,71.50,52.05,71.81
130300,71.49,52.22,71.81
130310,71.50,52.06,71.81
130320,71.50,52.07,71.81
130330,71.50,52.20,71.81
130340,71.50,52.17,71.81
130350,71.50,52.03,71.81
130360,71.50,52.18,71.81
130370,71.49,52.27,71.81
130380,71.49,52.27,71.81
130390,71.49,52.06,71.81
130400,71.49,52.13,71.81
130410,71.49,52.32,71.81
130420,71.49,52.06,71.81
130430,71.49,52.26,71.81
130440,71.50,51.99,71.81
130450,71.49,52.25,71.81
130460,71.48,52.30,71.81
130470,71.49,52.07,71.81
130480,71.49,52.17,71.81
130490,71.48,52.29,71.81
130500,71.49,52.16,71.81
130510,71.49,52.00,71.81
130520,71.50,52.11,71.81
130530,71.49,52.29,71.81
130540,71.50,51.96,71.81
130550,71.51,51.95,71.81
130560,71.51,52.34,71.81
130570,71.51,52.13,71.81
130580,71.52,52.02,71.81
130590,71.51,52.22,71.81
130600,71.51,52.33,71.81
130610,71.51,52.06,71.81
130620,71.52,52.15,71.81
130630,71.51,52.38,71.81
130640,71.51,52.15,71.81
130650,71.52,52.03,71.81
130660,71.51,52.32,71.81
130670,71.51,52.26,71.81
130680,71.51,52.09,71.81
130690,71.51,52.24,71.81
130700,71.50,52.41,71.81
130710,71.50,52.15,71.81
130720,71.51,52.18,71.81
130730,71.50,52.38,71.81
130740,71.50,52.10,71.81
130750,71.51,52.14,71.81
130760,71.50,52.29,71.81
130770,71.51,52.17,71.81
130780,71.51,52.07,71.81
130790,71.52,52.19,71.81
130800,71.51,52.27,71.81
130810,71.52,52.13,71.81
130820,71.53,52.09,71.81
130830,71.52,52.28,71.81
130840,71.53,52.10,71.81
130850,71.53,52.11,71.81
130860,71.53,52.42,71.81
130870,71.52,52.27,71.81
130880,71.53,52.17,71.81
130890,71.53,52.25,71.81
130900,71.52,52.30,71.81
130910,71.53,52.16,71.81
130920,71.53,52.07,71.81
130930,71.52,52.48,71.81
130940,71.52,52.40,71.81
130950,71.53,52.00,71.81
130960,71.52,52.32,71.81
130970,71.52,52.42,71.81
130980,71.52,52.16,71.81
130990,71.53,52.14,71.81
131000,71.52,52.33,71.81
131010,71.52,52.25,71.81
131020,71.53,52.14,71.81
131030,71.53,52.14,71.81
131040,71.53,52.34,71.81
131050,71.53,52.24,71.81
131060,71.54,52.10,71.81
131070,71.54,52.30,71.81
131080,71.53,52.33,71.81
131090,71.54,52.21,71.81
131100,71.53,52.33,71.81
131110,71.53,52.35,71.81
131120,71.53,52.28,71.81
131130,71.53,52.25,71.81
131140,71.53,52.39,71.81
131150,71.52,52.36,71.81
131160,71.53,52.17,71.81
131170,71.53,52.31,71.81
131180,71.52,52.45,71.81
131190,71.53,52.14,71.81
131200,71.52,52.36,71.81
131210,71.51,52.54,71.81
131220,71.52,52.23,71.81
131230,71.52,52.23,71.81
131240,71.51,52.40,71.81
131250,71.51,52.46,71.81
131260,71.51,52.24,71.81
131270,71.51,52.39,71.81
131280,71.50,52.46,71.81
131290,71.51,52.07,71.81
131300,71.52,52.15,71.81
131310,71.51,52.52,71.81
131320,71.52,52.23,71.81
131330,71.53,52.07,71.81
131340,71.53,52.29,71.81
131350,71.53,52.36,71.81
131360,71.54,52.17,71.81
131370,71.54,52.14,71.81
131380,71.54,52.39,71.81
131390,71.54,52.38,71.81
131400,71.55,52.10,71.81
131410,71.55,52.24,71.81
131420,71.55,52.34,71.81
131430,71.56,52.18,71.81
131440,71.56,52.26,71.81
131450,71.56,52.34,71.81
131460,71.56,52.36,71.81
131470,71.56,52.34,71.81
131480,71.56,52.25,71.81
131490,71.56,52.38,71.81
131500,71.56,52.21,71.81
131510,71.56,52.39,71.81
131520,71.56,52.46,71.81
131530,71.57,52.10,71.81
131540,71.57,52.32,71.81
131550,71.57,52.21,71.81
131560,71.57,52.41,71.81
131570,71.57,52.38,71.81
131580,71.58,52.09,71.81
131590,71.58,52.24,71.81
131600,71.59,52.13,71.81
131610,71.59,52.46,71.81
131620,71.59,52.27,71.81
131630,71.61,51.99,71.81
131640,71.61,52.27,71.81
131650,71.60,52.44,71.81
131660,71.60,52.39,71.81
131670,71.61,52.19,71.81
131680,71.60,52.42,71.81
131690,71.60,52.37,71.81
131700,71.61,52.14,71.81
131710,71.61,52.43,71.81
131720,71.60,52.52,71.81
131730,71.60,52.29,71.81
131740,71.60,52.31,71.81
131750,71.60,52.39,71.81
131760,71.60,52.30,71.81
131770,71.60,52.33,71.81
131780,71.60,52.43,71.81
131790,71.59,52.41,71.81
131800,71.60,52.17,71.81
131810,71.60,52.34,71.81
131820,71.60,52.42,71.81
131830,71.60,52.25,71.81
131840,71.61,52.33,71.81
131850,71.60,52.37,71.81
131860,71.61,52.23,71.81
131870,71.62,52.14,71.81
131880,71.62,52.43,71.81
131890,71.62,52.37,71.81
131900,71.63,52.13,71.81
131910,71.62,52.40,71.81
131920,71.61,52.54,71.81
131930,71.62,52.25,71.81
131940,71.62,52.33,71.81
131950,71.61,52.51,71.81
131960,71.62,52.31,71.81
131970,71.62,52.26,71.81
131980,71.62,52.42,71.81
131990,71.61,52.54,71.81
132000,71.61,52.32,71.81
132010,71.61,45.58,60.00
132020,71.60,45.57,60.00
132030,71.61,45.23,60.00
132040,71.61,45.24,60.00
132050,71.59,45.42,60.00
132060,71.59,45.19,60.00
132070,71.57,45.52,60.00
132080,71.55,45.29,60.00
132090,71.52,45.53,60.00
132100,71.49,45.42,60.00
132110,71.45,45.65,60.00
132120,71.41,45.52,60.00
132130,71.36,45.80,60.00
132140,71.32,45.54,60.00
132150,71.26,45.83,60.00
132160,71.19,45.83,60.00
132170,71.13,45.88,60.00
132180,71.05,46.16,60.00
132190,70.97,45.95,60.00
132200,70.88,46.29,60.00
132210,70.78,46.41,60.00
132220,70.68,46.54,60.00
132230,70.56,46.88,60.00
132240,70.44,46.71,60.00
132250,70.31,47.04,60.00
132260,70.18,47.14,60.00
132270,70.04,47.21,60.00
132280,69.89,47.56,60.00
132290,69.74,47.53,60.00
132300,69.58,47.82,60.00
132310,69.40,48.01,60.00
132320,69.24,47.99,60.00
132330,69.05,48.45,60.00
132340,68.86,48.51,60.00
132350,68.66,48.70,60.00
132360,68.45,48.96,60.00
132370,68.25,48.98,60.00
132380,68.03,49.30,60.00
132390,67.82,49.31,60.00
132400,67.60,49.60,60.00
132410,67.37,49.74,60.00
132420,67.14,49.87,60.00
132430,66.90,50.12,60.00
132440,66.66,50.23,60.00
132450,66.41,50.59,60.00
132460,66.17,50.56,60.00
132470,65.91,50.86,60.00
132480,65.66,50.91,60.00
132490,65.41,51.08,60.00
132500,65.16,51.18,60.00
132510,64.90,51.29,60.00
132520,64.64,51.55,60.00
132530,64.38,51.60,60.00
132540,64.12,51.81,60.00
132550,63.87,51.76,60.00
132560,63.61,51.99,60.00
132570,63.36,52.06,60.00
132580,63.10,52.11,60.00
132590,62.85,52.20,60.00
132600,62.61,52.25,60.00
132610,62.37,52.25,60.00
132620,62.12,52.52,60.00
132630,61.89,52.24,60.00
132640,61.67,52.32,60.00
132650,61.44,52.54,60.00
132660,61.23,52.13,60.00
132670,61.02,52.37,60.00
132680,60.82,52.39,60.00
132690,60.63,52.18,60.00
132700,60.44,52.28,60.00
132710,60.25,52.23,60.00
132720,60.09,51.95,60.00
132730,59.93,52.04,60.00
132740,59.76,52.19,60.00
132750,59.62,51.82,60.00
132760,59.48,51.91,60.00
132770,59.34,51.94,60.00
132780,59.20,51.88,60.00
132790,59.08,51.80,60.00
132800,58.96,51.64,60.00
132810,58.86,51.50,60.00
132820,58.76,51.54,60.00
132830,58.66,51.52,60.00
132840,58.58,51.23,60.00
132850,58.50,51.27,60.00
132860,58.42,51.24,60.00
132870,58.36,50.96,60.00
132880,58.31,50.84,60.00
132890,58.26,50.96,60.00
132900,58.21,50.80,60.00
132910,58.17,50.75,60.00
132920,58.14,50.61,60.00
132930,58.11,50.52,60.00
132940,58.10,50.26,60.00
132950,58.08,50.39,60.00
132960,58.07,50.21,60.00
132970,58.08,50.02,60.00
132980,58.06,50.33,60.00
132990,58.08,49.76,60.00
133000,58.08,50.03,60.00
133010,58.10,49.76,60.00
133020,58.12,49.78,60.00
133030,58.13,49.74,60.00
133040,58.16,49.65,60.00
133050,58.18,49.58,60.00
133060,58.20,49.68,60.00
133070,58.23,49.53,60.00
133080,58.26,49.58,60.00
133090,58.28,49.58,60.00
133100,58.31,49.54,60.00
133110,58.33,49.61,60.00
133120,58.36,49.54,60.00
133130,58.38,49.60,60.00
133140,58.41,49.45,60.00
133150,58.44,49.64,60.00
133160,58.47,49.45,60.00
133170,58.49,49.57,60.00
133180,58.51,49.68,60.00
133190,58.53,49.57,60.00
133200,58.56,49.61,60.00
133210,58.58,49.57,60.00
133220,58.60,49.70,60.00
133230,58.62,49.50,60.00
133240,58.63,49.84,60.00
133250,58.65,49.59,60.00
133260,58.68,49.60,60.00
133270,58.69,49.78,60.00
133280,58.70,49.75,60.00
133290,58.71,49.84,60.00
133300,58.73,49.71,60.00
133310,58.73,49.95,60.00
133320,58.74,49.84,60.00
133330,58.75,49.99,60.00
133340,58.75,50.01,60.00
133350,58.75,50.05,60.00
133360,58.75,50.03,60.00
133370,58.76,49.99,60.00
133380,58.75,50.16,60.00
133390,58.75,50.06,60.00
133400,58.75,50.22,60.00
133410,58.75,50.03,60.00
133420,58.75,50.18,60.00
133430,58.75,50.19,60.00
133440,58.74,50.27,60.00
133450,58.74,50.28,60.00
133460,58.73,50.22,60.00
133470,58.72,50.44,60.00
133480,58.72,50.23,60.00
133490,58.71,50.32,60.00
133500,58.71,50.34,60.00
133510,58.71,50.12,60.00
133520,58.70,50.43,60.00
133530,58.71,50.12,60.00
133540,58.70,50.32,60.00
133550,58.70,50.27,60.00
133560,58.71,50.19,60.00
133570,58.70,50.33,60.00
133580,58.71,50.17,60.00
133590,58.71,50.34,60.00
133600,58.71,50.19,60.00
133610,58.72,50.23,60.00
133620,58.71,50.39,60.00
133630,58.72,50.17,60.00
133640,58.72,50.31,60.00
133650,58.73,50.27,60.00
133660,58.72,50.37,60.00
133670,58.72,50.36,60.00
133680,58.73,50.26,60.00
133690,58.72,50.46,60.00
133700,58.73,50.30,60.00
133710,58.73,50.40,60.00
133720,58.72,50.43,60.00
133730,58.73,50.35,60.00
133740,58.72,50.56,60.00
133750,58.73,50.28,60.00
133760,58.72,50.49,60.00
133770,58.72,50.45,60.00
133780,58.73,50.26,60.00
133790,58.73,50.52,60.00
133800,58.74,50.28,60.00
133810,58.74,50.34,60.00
133820,58.75,50.41,60.00
133830,58.75,50.31,60.00
133840,58.75,50.46,60.00
133850,58.77,50.23,60.00
133860,58.77,50.42,60.00
133870,58.78,50.34,60.00
133880,58.79,50.27,60.00
133890,58.79,50.49,60.00
133900,58.80,50.23,60.00
133910,58.81,50.38,60.00
133920,58.82,50.36,60.00
133930,58.82,50.36,60.00
133940,58.83,50.27,60.00
133950,58.85,50.29,60.00
133960,58.85,50.41,60.00
133970,58.87,50.18,60.00
133980,58.88,50.21,60.00
133990,58.88,50.52,60.00
134000,58.89,50.34,60.00
134010,58.90,50.33,60.00
134020,58.91,50.27,60.00
134030,58.92,50.43,60.00
134040,58.93,50.25,60.00
134050,58.94,50.46,60.00
134060,58.95,50.20,60.00
134070,58.96,50.35,60.00
134080,58.97,50.41,60.00
134090,58.99,50.19,60.00
134100,58.99,50.44,60.00
134110,59.00,50.29,60.00
134120,59.02,50.18,60.00
134130,59.02,50.50,60.00
134140,59.04,50.27,60.00
134150,59.05,50.26,60.00
134160,59.06,50.42,60.00
134170,59.07,50.32,60.00
134180,59.07,50.44,60.00
134190,59.08,50.31,60.00
134200,59.08,50.57,60.00
134210,59.09,50.46,60.00
134220,59.10,50.36,60.00
134230,59.09,50.63,60.00
134240,59.10,50.33,60.00
134250,59.10,50.57,60.00
134260,59.10,50.66,60.00
134270,59.11,50.37,60.00
134280,59.11,50.63,60.00
134290,59.11,50.58,60.00
134300,59.11,50.57,60.00
134310,59.11,50.65,60.00
134320,59.11,50.51,60.00
134330,59.11,50.71,60.00
134340,59.11,50.60,60.00
134350,59.11,50.55,60.00
134360,59.11,50.72,60.00
134370,59.11,50.52,60.00
134380,59.11,50.63,60.00
134390,59.11,50.65,60.00
134400,59.12,50.47,60.00
134410,59.12,50.67,60.00
134420,59.13,50.51,60.00
134430,59.13,50.63,60.00
134440,59.13,50.63,60.00
134450,59.13,50.67,60.00
134460,59.14,50.52,60.00
134470,59.13,50.76,60.00
134480,59.14,50.55,60.00
134490,59.13,50.77,60.00
134500,59.14,50.60,60.00
134510,59.15,50.55,60.00
134520,59.15,50.66,60.00
134530,59.15,50.56,60.00
134540,59.16,50.66,60.00
134550,59.16,50.71,60.00
134560,59.17,50.53,60.00
134570,59.16,50.75,60.00
134580,59.17,50.64,60.00
134590,59.18,50.52,60.00
134600,59.17,50.82,60.00
134610,59.18,50.52,60.00
134620,59.19,50.66,60.00
134630,59.19,50.60,60.00
134640,59.21,50.49,60.00
134650,59.22,50.49,60.00
134660,59.22,50.58,60.00
134670,59.24,50.44,60.00
134680,59.24,50.71,60.00
134690,59.25,50.47,60.00
134700,59.26,50.50,60.00
134710,59.27,50.56,60.00
134720,59.28,50.60,60.00
134730,59.29,50.53,60.00
134740,59.29,50.67,60.00
134750,59.31,50.47,60.00
134760,59.31,50.68,60.00
134770,59.32,50.57,60.00
134780,59.32,50.56,60.00
134790,59.33,50.59,60.00
134800,59.34,50.57,60.00
134810,59.35,50.45,60.00
134820,59.35,50.72,60.00
134830,59.36,50.53,60.00
134840,59.37,50.61,60.00
134850,59.37,50.64,60.00
134860,59.38,50.64,60.00
134870,59.38,50.67,60.00
134880,59.39,50.62,60.00
134890,59.39,50.63,60.00
134900,59.39,50.80,60.00
134910,59.40,50.62,60.00
134920,59.39,50.90,60.00
134930,59.39,50.62,60.00
134940,59.39,50.76,60.00
134950,59.39,50.78,60.00
134960,59.40,50.71,60.00
134970,59.39,50.81,60.00
134980,59.39,50.76,60.00
134990,59.40,50.69,60.00
135000,59.39,50.92,60.00
135010,59.39,50.77,60.00
135020,59.39,50.83,60.00
135030,59.39,50.88,60.00
135040,59.39,50.76,60.00
135050,59.38,50.91,60.00
135060,59.39,50.67,60.00
135070,59.39,50.87,60.00
135080,59.39,50.84,60.00
135090,59.39,50.75,60.00
135100,59.39,50.88,60.00
135110,59.38,50.92,60.00
135120,59.39,50.71,60.00
135130,59.39,50.71,60.00
135140,59.40,50.81,60.00
135150,59.40,50.84,60.00
135160,59.41,50.63,60.00
135170,59.41,50.77,60.00
135180,59.42,50.71,60.00
135190,59.42,50.66,60.00
135200,59.42,50.88,60.00
135210,59.43,50.74,60.00
135220,59.43,50.75,60.00
135230,59.43,50.82,60.00
135240,59.43,50.83,60.00
135250,59.44,50.77,60.00
135260,59.43,50.94,60.00
135270,59.44,50.74,60.00
135280,59.44,50.92,60.00
135290,59.44,50.83,60.00
135300,59.44,50.78,60.00
135310,59.44,50.93,60.00
135320,59.44,50.80,60.00
135330,59.45,50.70,60.00
135340,59.45,50.96,60.00
135350,59.46,50.70,60.00
135360,59.46,50.82,60.00
135370,59.46,50.97,60.00
135380,59.47,50.70,60.00
135390,59.46,50.96,60.00
135400,59.47,50.80,60.00
135410,59.47,50.83,60.00
135420,59.47,50.93,60.00
135430,59.48,50.74,60.00
135440,59.48,50.76,60.00
135450,59.48,50.93,60.00
135460,59.49,50.76,60.00
135470,59.49,50.83,60.00
135480,59.49,50.93,60.00
135490,59.50,50.72,60.00
135500,59.50,50.93,60.00
135510,59.50,50.83,60.00
135520,59.51,50.75,60.00
135530,59.51,50.92,60.00
135540,59.51,50.85,60.00
135550,59.52,50.72,60.00
135560,59.52,50.99,60.00
135570,59.53,50.78,60.00
135580,59.53,50.90,60.00
135590,59.53,50.83,60.00
135600,59.54,50.81,60.00
135610,59.54,50.79,60.00
135620,59.54,50.91,60.00
135630,59.55,50.73,60.00
135640,59.55,50.99,60.00
135650,59.55,50.93,60.00
135660,59.55,50.91,60.00
135670,59.55,50.95,60.00
135680,59.55,50.85,60.00
135690,59.56,50.87,60.00
135700,59.55,51.03,60.00
135710,59.56,50.75,60.00
135720,59.56,50.93,60.00
135730,59.56,50.91,60.00
135740,59.57,50.84,60.00
135750,59.56,51.07,60.00
135760,59.57,50.82,60.00
135770,59.57,50.92,60.00
135780,59.57,51.00,60.00
135790,59.57,50.87,60.00
135800,59.57,50.90,60.00
135810,59.57,51.09,60.00
135820,59.58,50.73,60.00
135830,59.57,51.14,60.00
135840,59.57,50.91,60.00
135850,59.57,50.93,60.00
135860,59.57,50.99,60.00
135870,59.58,50.87,60.00
135880,59.58,50.92,60.00
135890,59.58,51.00,60.00
135900,59.59,50.79,60.00
135910,59.59,51.01,60.00
135920,59.59,50.91,60.00
135930,59.60,50.91,60.00
135940,59.59,51.00,60.00
135950,59.59,51.00,60.00
135960,59.60,50.82,60.00
135970,59.60,51.01,60.00
135980,59.61,50.90,60.00
135990,59.61,50.82,60.00
136000,59.61,51.04,60.00
136010,59.62,50.72,60.00
136020,59.62,50.98,60.00
136030,59.64,50.77,60.00
136040,59.64,50.82,60.00
136050,59.65,50.94,60.00
136060,59.65,50.94,60.00
136070,59.66,50.72,60.00
136080,59.66,50.99,60.00
136090,59.66,50.87,60.00
136100,59.67,50.83,60.00
136110,59.67,51.05,60.00
136120,59.68,50.78,60.00
136130,59.68,50.91,60.00
136140,59.69,50.90,60.00
136150,59.70,50.77,60.00
136160,59.70,50.87,60.00
136170,59.70,50.98,60.00
136180,59.71,50.71,60.00
136190,59.71,51.06,60.00
136200,59.72,50.71,60.00
136210,59.72,51.00,60.00
136220,59.73,50.83,60.00
136230,59.73,50.82,60.00
136240,59.73,50.96,60.00
136250,59.74,50.81,60.00
136260,59.75,50.88,60.00
136270,59.75,50.94,60.00
136280,59.75,50.82,60.00
136290,59.76,50.83,60.00
136300,59.77,50.73,60.00
136310,59.78,50.84,60.00
136320,59.78,50.88,60.00
136330,59.79,50.83,60.00
136340,59.79,50.81,60.00
136350,59.80,50.91,60.00
136360,59.81,50.60,60.00
136370,59.81,50.97,60.00
136380,59.82,50.77,60.00
136390,59.82,50.88,60.00
136400,59.82,50.91,60.00
136410,59.83,50.81,60.00
136420,59.84,50.83,60.00
136430,59.83,51.03,60.00
136440,59.84,50.73,60.00
136450,59.84,51.06,60.00
136460,59.84,50.79,60.00
136470,59.85,50.82,60.00
136480,59.85,50.95,60.00
136490,59.86,50.76,60.00
136500,59.86,50.82,60.00
136510,59.86,50.97,60.00
136520,59.87,50.74,60.00
136530,59.86,51.04,60.00
136540,59.87,50.76,60.00
136550,59.88,50.85,60.00
136560,59.88,50.90,60.00
136570,59.88,50.85,60.00
136580,59.88,50.88,60.00
136590,59.88,50.97,60.00
136600,59.89,50.73,60.00
136610,59.89,50.90,60.00
136620,59.90,50.78,60.00
136630,59.90,50.82,60.00
136640,59.91,50.85,60.00
136650,59.92,50.67,60.00
136660,59.93,50.71,60.00
136670,59.93,50.83,60.00
136680,59.94,50.70,60.00
136690,59.94,50.87,60.00
136700,59.95,50.80,60.00
136710,59.95,50.73,60.00
136720,59.96,50.78,60.00
136730,59.97,50.73,60.00
136740,59.98,50.68,60.00
136750,59.97,50.94,60.00
136760,59.99,50.56,60.00
136770,60.00,50.74,60.00
136780,60.00,50.69,60.00
136790,60.01,50.71,60.00
136800,60.02,50.74,60.00
136810,60.02,50.84,60.00
136820,60.03,50.67,60.00
136830,60.03,50.86,60.00
136840,60.04,50.65,60.00
136850,60.03,50.89,60.00
136860,60.04,50.75,60.00
136870,60.04,50.73,60.00
136880,60.04,50.80,60.00
136890,60.05,50.79,60.00
136900,60.05,50.69,60.00
136910,60.05,50.87,60.00
136920,60.06,50.66,60.00
136930,60.06,50.78,60.00
136940,60.06,50.80,60.00
136950,60.07,50.67,60.00
136960,60.07,50.79,60.00
136970,60.08,50.72,60.00
136980,60.09,50.61,60.00
136990,60.09,50.83,60.00
137000,60.09,50.67,60.00
137010,60.10,50.66,60.00
137020,60.10,50.76,60.00
137030,60.11,50.64,60.00
137040,60.11,50.71,60.00
137050,60.11,50.77,60.00
137060,60.12,50.62,60.00
137070,60.12,50.81,60.00
137080,60.13,50.61,60.00
137090,60.13,50.65,60.00
137100,60.13,50.77,60.00
137110,60.14,50.59,60.00
137120,60.14,50.80,60.00
137130,60.14,50.69,60.00
137140,60.15,50.56,60.00
137150,60.15,50.86,60.00
137160,60.16,50.56,60.00
137170,60.16,50.70,60.00
137180,60.16,50.73,60.00
137190,60.17,50.56,60.00
137200,60.17,50.80,60.00
137210,60.17,50.73,60.00
137220,60.18,50.50,60.00
137230,60.18,50.83,60.00
137240,60.18,50.56,60.00
137250,60.18,50.73,60.00
137260,60.19,50.63,60.00
137270,60.20,50.57,60.00
137280,60.19,50.77,60.00
137290,60.20,50.58,60.00
137300,60.20,50.66,60.00
137310,60.20,50.73,60.00
137320,60.21,50.58,60.00
137330,60.20,50.83,60.00
137340,60.20,50.72,60.00
137350,60.20,50.68,60.00
137360,60.20,50.74,60.00
137370,60.21,50.56,60.00
137380,60.20,50.78,60.00
137390,60.20,50.65,60.00
137400,60.20,50.68,60.00
137410,60.20,50.78,60.00
137420,60.20,50.64,60.00
137430,60.20,50.77,60.00
137440,60.20,50.69,60.00
137450,60.21,50.55,60.00
137460,60.21,50.68,60.00
137470,60.20,50.76,60.00
137480,60.20,50.64,60.00
137490,60.20,50.75,60.00
137500,60.20,50.72,60.00
137510,60.20,50.62,60.00
137520,60.20,50.69,60.00
137530,60.20,50.74,60.00
137540,60.20,50.63,60.00
137550,60.19,50.85,60.00
137560,60.20,50.58,60.00
137570,60.19,50.77,60.00
137580,60.19,50.77,60.00
137590,60.19,50.58,60.00
137600,60.19,50.81,60.00
137610,60.19,50.61,60.00
137620,60.19,50.62,60.00
137630,60.19,50.72,60.00
137640,60.20,50.54,60.00
137650,60.20,50.66,60.00
137660,60.20,50.61,60.00
137670,60.20,50.60,60.00
137680,60.20,50.64,60.00
137690,60.21,50.48,60.00
137700,60.21,50.77,60.00
137710,60.21,50.52,60.00
137720,60.22,50.54,60.00
137730,60.22,50.66,60.00
137740,60.22,50.55,60.00
137750,60.22,50.59,60.00
137760,60.23,50.56,60.00
137770,60.23,50.53,60.00
137780,60.23,50.58,60.00
137790,60.24,50.55,60.00
137800,60.23,50.69,60.00
137810,60.24,50.48,60.00
137820,60.24,50.55,60.00
137830,60.24,50.66,60.00
137840,60.24,50.54,60.00
137850,60.25,50.58,60.00
137860,60.25,50.58,60.00
137870,60.25,50.60,60.00
137880,60.25,50.64,60.00
137890,60.25,50.54,60.00
137900,60.25,50.66,60.00
137910,60.25,50.56,60.00
137920,60.24,50.71,60.00
137930,60.23,50.77,60.00
137940,60.23,50.57,60.00
137950,60.23,50.75,60.00
137960,60.23,50.61,60.00
137970,60.23,50.53,60.00
137980,60.23,50.67,60.00
137990,60.23,50.51,60.00
138000,60.23,50.69,60.00
138010,60.22,15.66,0.00
138020,60.22,15.26,0.00
138030,60.21,15.16,0.00
138040,60.24,13.84,0.00
138050,60.24,13.89,0.00
138060,60.23,13.93,0.00
138070,60.18,14.20,0.00
138080,60.11,14.32,0.00
138090,60.01,14.57,0.00
138100,59.86,15.17,0.00
138110,59.72,14.77,0.00
138120,59.55,15.07,0.00
138130,59.33,15.77,0.00
138140,59.08,16.06,0.00
138150,58.80,16.66,0.00
138160,58.48,17.03,0.00
138170,58.13,17.42,0.00
138180,57.76,17.74,0.00
138190,57.37,17.97,0.00
138200,56.94,18.66,0.00
138210,56.47,19.35,0.00
138220,55.95,20.21,0.00
138230,55.42,20.39,0.00
138240,54.86,21.11,0.00
138250,54.26,21.66,0.00
138260,53.66,21.80,0.00
138270,53.02,22.43,0.00
138280,52.35,23.17,0.00
138290,51.65,23.93,0.00
138300,50.90,25.01,0.00
138310,50.12,25.54,0.00
138320,49.33,26.06,0.00
138330,48.52,26.51,0.00
138340,47.68,27.23,0.00
138350,46.81,28.14,0.00
138360,45.91,28.78,0.00
138370,44.98,29.80,0.00
138380,44.03,30.49,0.00
138390,43.06,31.01,0.00
138400,42.07,31.74,0.00
138410,41.06,32.35,0.00
138420,40.04,32.98,0.00
138430,39.00,33.76,0.00
138440,37.92,34.89,0.00
138450,36.84,35.38,0.00
138460,35.75,35.84,0.00
138470,34.64,36.59,0.00
138480,33.53,37.02,0.00
138490,32.42,37.65,0.00
138500,31.28,38.56,0.00
138510,30.12,39.37,0.00
138520,28.96,39.86,0.00
138530,27.80,40.40,0.00
138540,26.65,40.79,0.00
138550,25.48,41.46,0.00
138560,24.31,42.05,0.00
138570,23.17,42.07,0.00
138580,22.03,42.50,0.00
138590,20.87,43.40,0.00
138600,19.71,44.02,0.00
138610,18.56,44.25,0.00
138620,17.47,43.71,0.00
138630,16.40,43.67,0.00
138640,15.36,43.68,0.00
138650,14.34,43.72,0.00
138660,13.34,43.80,0.00
138670,12.35,43.97,0.00
138680,11.38,44.24,0.00
138690,10.40,44.83,0.00
138700,9.43,45.07,0.00
138710,8.49,45.03,0.00
138720,7.59,44.86,0.00
138730,6.72,44.55,0.00
138740,5.87,44.56,0.00
138750,5.06,44.27,0.00
138760,4.26,44.45,0.00
138770,3.48,44.47,0.00
138780,2.74,44.23,0.00
138790,2.05,43.42,0.00
138800,1.41,42.87,0.00
138810,0.79,42.81,0.00
138820,0.19,42.91,0.00
138830,-0.40,42.76,0.00
138840,-0.92,41.84,0.00
138850,-1.39,41.10,0.00
138860,-1.83,40.81,0.00
138870,-2.26,40.83,0.00
138880,-2.66,40.42,0.00
138890,-3.01,39.64,0.00
138900,-3.30,38.80,0.00
138910,-3.56,38.09,0.00
138920,-3.78,37.66,0.00
138930,-3.97,37.26,0.00
138940,-4.15,36.92,0.00
138950,-4.29,36.35,0.00
138960,-4.39,35.76,0.00
138970,-4.47,35.39,0.00
138980,-4.52,34.80,0.00
138990,-4.52,33.68,0.00
139000,-4.46,32.77,0.00
139010,-4.37,31.97,0.00
139020,-4.28,31.90,0.00
139030,-4.19,32.03,0.00
139040,-4.07,31.40,0.00
139050,-3.94,30.87,0.00
139060,-3.78,30.58,0.00
139070,-3.60,29.79,0.00
139080,-3.40,29.43,0.00
139090,-3.18,28.89,0.00
139100,-2.93,28.26,0.00
139110,-2.68,27.97,0.00
139120,-2.40,27.46,0.00
139130,-2.11,26.94,0.00
139140,-1.81,26.61,0.00
139150,-1.49,25.91,0.00
139160,-1.15,25.50,0.00
139170,-0.81,25.21,0.00
139180,-0.45,24.76,0.00
139190,-0.07,24.10,0.00
139200,0.30,23.97,0.00
139210,0.66,23.89,0.00
139220,1.07,22.84,0.00
139230,1.46,22.91,0.00
139240,1.85,22.65,0.00
139250,2.25,22.40,0.00
139260,2.66,21.72,0.00
139270,3.08,21.42,0.00
139280,3.49,21.09,0.00
139290,3.92,20.72,0.00
139300,4.35,20.27,0.00
139310,4.79,19.90,0.00
139320,5.22,19.64,0.00
139330,5.64,19.69,0.00
139340,6.07,19.18,0.00
139350,6.48,19.30,0.00
139360,6.92,18.54,0.00
139370,7.34,18.43,0.00
139380,7.77,18.05,0.00
139390,8.20,17.73,0.00
139400,8.63,17.41,0.00
139410,9.05,17.31,0.00
139420,9.47,16.94,0.00
139430,9.87,17.07,0.00
139440,10.28,16.70,0.00
139450,10.66,16.80,0.00
139460,11.03,16.89,0.00
139470,11.41,16.38,0.00
139480,11.80,15.71,0.00
139490,12.18,15.87,0.00
139500,12.55,15.52,0.00
139510,12.91,15.56,0.00
139520,13.27,15.19,0.00
139530,13.63,15.09,0.00
139540,13.98,14.79,0.00
139550,14.30,15.23,0.00
139560,14.63,14.69,0.00
139570,14.92,15.05,0.00
139580,15.25,14.30,0.00
139590,15.53,14.69,0.00
139600,15.83,14.24,0.00
139610,16.11,14.41,0.00
139620,16.38,14.20,0.00
139630,16.63,14.42,0.00
139640,16.89,13.93,0.00
139650,17.11,14.49,0.00
139660,17.33,14.20,0.00
139670,17.56,13.86,0.00
139680,17.75,14.40,0.00
139690,17.93,14.23,0.00
139700,18.11,14.25,0.00
139710,18.27,14.29,0.00
139720,18.43,14.06,0.00
139730,18.58,14.20,0.00
139740,18.71,14.24,0.00
139750,18.83,14.24,0.00
139760,18.94,14.35,0.00
139770,19.03,14.56,0.00
139780,19.11,14.57,0.00
139790,19.18,14.53,0.00
139800,19.24,14.68,0.00
139810,19.28,14.91,0.00
139820,19.29,15.22,0.00
139830,19.31,15.09,0.00
139840,19.31,15.19,0.00
139850,19.29,15.67,0.00
139860,19.25,15.73,0.00
139870,19.21,15.90,0.00
139880,19.13,16.36,0.00
139890,19.04,16.52,0.00
139900,18.95,16.50,0.00
139910,18.88,16.21,0.00
139920,18.77,16.63,0.00
139930,18.66,16.82,0.00
139940,18.52,17.22,0.00
139950,18.37,17.46,0.00
139960,18.22,17.26,0.00
139970,18.05,17.85,0.00
139980,17.89,17.51,0.00
139990,17.73,17.57,0.00
140000,17.52,18.48,0.00
140010,17.33,18.21,0.00
140020,17.14,17.98,0.00
140030,16.93,18.64,0.00
140040,16.68,19.25,0.00
140050,16.45,19.14,0.00
140060,16.23,18.76,0.00
140070,15.98,19.42,0.00
140080,15.72,19.69,0.00
140090,15.43,20.24,0.00
140100,15.16,19.99,0.00
140110,14.90,19.98,0.00
140120,14.62,20.23,0.00
140130,14.33,20.64,0.00
140140,14.02,20.97,0.00
140150,13.74,20.73,0.00
140160,13.44,20.94,0.00
140170,13.11,21.74,0.00
140180,12.78,21.84,0.00
140190,12.45,21.83,0.00
140200,12.11,22.39,0.00
140210,11.77,22.29,0.00
140220,11.42,22.75,0.00
140230,11.06,22.95,0.00
140240,10.73,22.71,0.00
140250,10.38,23.03,0.00
140260,10.01,23.58,0.00
140270,9.65,23.50,0.00
140280,9.28,24.08,0.00
140290,8.91,23.96,0.00
140300,8.55,24.20,0.00
140310,8.16,24.66,0.00
140320,7.78,24.76,0.00
140330,7.42,24.63,0.00
140340,7.05,24.86,0.00
140350,6.67,25.17,0.00
140360,6.31,25.21,0.00
140370,5.94,25.36,0.00
140380,5.58,25.44,0.00
140390,5.19,25.98,0.00
140400,4.83,25.80,0.00
140410,4.48,25.71,0.00
140420,4.13,25.88,0.00
140430,3.78,26.18,0.00
140440,3.42,26.33,0.00
140450,3.09,26.02,0.00
140460,2.76,26.22,0.00
140470,2.43,26.37,0.00
140480,2.10,26.56,0.00
140490,1.77,26.77,0.00
140500,1.46,26.46,0.00
140510,1.16,26.44,0.00
140520,0.85,26.73,0.00
140530,0.55,26.82,0.00
140540,0.26,26.81,0.00
140550,-0.03,26.85,0.00
140560,-0.30,26.80,0.00
140570,-0.55,26.45,0.00
140580,-0.80,26.45,0.00
140590,-1.04,26.52,0.00
140600,-1.27,26.45,0.00
140610,-1.49,26.41,0.00
140620,-1.71,26.55,0.00
140630,-1.91,26.42,0.00
140640,-2.12,26.48,0.00
140650,-2.31,26.32,0.00
140660,-2.48,26.21,0.00
140670,-2.64,25.94,0.00
140680,-2.79,25.74,0.00
140690,-2.92,25.66,0.00
140700,-3.05,25.51,0.00
140710,-3.18,25.76,0.00
140720,-3.29,25.46,0.00
140730,-3.38,25.17,0.00
140740,-3.46,25.02,0.00
140750,-3.53,24.65,0.00
140760,-3.60,24.95,0.00
140770,-3.66,24.75,0.00
140780,-3.71,24.63,0.00
140790,-3.75,24.46,0.00
140800,-3.77,24.21,0.00
140810,-3.79,24.09,0.00
140820,-3.79,23.71,0.00
140830,-3.78,23.71,0.00
140840,-3.76,23.36,0.00
140850,-3.72,22.96,0.00
140860,-3.67,22.79,0.00
140870,-3.61,22.57,0.00
140880,-3.54,22.39,0.00
140890,-3.48,22.43,0.00
140900,-3.40,22.14,0.00
140910,-3.31,21.97,0.00
140920,-3.21,21.71,0.00
140930,-3.11,21.52,0.00
140940,-3.00,21.48,0.00
140950,-2.89,21.33,0.00
140960,-2.75,20.55,0.00
140970,-2.60,20.44,0.00
140980,-2.45,20.45,0.00
140990,-2.31,20.47,0.00
141000,-2.17,20.28,0.00
141010,-2.00,19.85,0.00
141020,-1.84,19.82,0.00
141030,-1.68,19.72,0.00
141040,-1.49,19.05,0.00
141050,-1.30,18.91,0.00
141060,-1.10,18.79,0.00
141070,-0.90,18.46,0.00
141080,-0.71,18.62,0.00
141090,-0.50,18.15,0.00
141100,-0.31,18.40,0.00
141110,-0.08,17.45,0.00
141120,0.14,17.56,0.00
141130,0.35,17.75,0.00
141140,0.57,17.27,0.00
141150,0.79,17.12,0.00
141160,1.00,17.31,0.00
141170,1.22,16.89,0.00
141180,1.43,16.83,0.00
141190,1.67,16.28,0.00
141200,1.90,16.35,0.00
141210,2.13,16.04,0.00
141220,2.38,15.61,0.00
141230,2.61,15.88,0.00
141240,2.86,15.20,0.00
141250,3.10,15.40,0.00
141260,3.32,15.54,0.00
141270,3.56,14.90,0.00
141280,3.81,14.73,0.00
141290,4.03,14.98,0.00
141300,4.25,14.86,0.00
141310,4.48,14.53,0.00
141320,4.72,14.34,0.00
141330,4.95,14.05,0.00
141340,5.19,13.93,0.00
141350,5.43,13.68,0.00
141360,5.68,13.24,0.00
141370,5.90,13.84,0.00
141380,6.12,13.49,0.00
141390,6.36,12.99,0.00
141400,6.58,13.24,0.00
141410,6.79,13.08,0.00
141420,6.99,13.32,0.00
141430,7.20,12.92,0.00
141440,7.39,13.10,0.00
141450,7.60,12.69,0.00
141460,7.80,12.65,0.00
141470,7.99,12.61,0.00
141480,8.17,12.56,0.00
141490,8.35,12.52,0.00
141500,8.53,12.48,0.00
141510,8.70,12.36,0.00
141520,8.87,12.29,0.00
141530,9.03,12.33,0.00
141540,9.18,12.27,0.00
141550,9.34,12.17,0.00
141560,9.49,12.02,0.00
141570,9.63,12.07,0.00
141580,9.76,12.09,0.00
141590,9.89,12.09,0.00
141600,10.01,12.01,0.00
141610,10.13,12.03,0.00
141620,10.24,12.04,0.00
141630,10.34,12.07,0.00
141640,10.44,11.99,0.00
141650,10.53,11.96,0.00
141660,10.62,11.94,0.00
141670,10.70,11.99,0.00
141680,10.78,11.99,0.00
141690,10.85,12.06,0.00
141700,10.91,12.01,0.00
141710,10.96,12.09,0.00
141720,11.01,12.08,0.00
141730,11.05,12.14,0.00
141740,11.09,12.21,0.00
141750,11.11,12.25,0.00
141760,11.13,12.29,0.00
141770,11.15,12.35,0.00
141780,11.15,12.44,0.00
141790,11.15,12.51,0.00
141800,11.14,12.56,0.00
141810,11.13,12.58,0.00
141820,11.11,12.67,0.00
141830,11.08,12.75,0.00
141840,11.05,12.79,0.00
141850,11.01,12.87,0.00
141860,10.97,12.90,0.00
141870,10.92,12.96,0.00
141880,10.87,13.08,0.00
141890,10.81,13.11,0.00
141900,10.75,13.14,0.00
141910,10.68,13.28,0.00
141920,10.60,13.36,0.00
141930,10.52,13.47,0.00
141940,10.43,13.52,0.00
141950,10.34,13.69,0.00
141960,10.24,13.76,0.00
141970,10.14,13.82,0.00
141980,10.03,13.88,0.00
141990,9.92,14.05,0.00
142000,9.80,14.07,0.00
142010,9.68,14.15,0.00
142020,9.56,14.30,0.00
142030,9.43,14.32,0.00
142040,9.30,14.41,0.00
142050,9.16,14.54,0.00
142060,9.02,14.67,0.00
142070,8.88,14.75,0.00
142080,8.73,14.79,0.00
142090,8.58,14.91,0.00
142100,8.43,15.01,0.00
142110,8.26,15.29,0.00
142120,8.11,15.03,0.00
142130,7.94,15.59,0.00
142140,7.77,15.36,0.00
142150,7.62,15.15,0.00
142160,7.45,15.61,0.00
142170,7.29,15.59,0.00
142180,7.11,15.79,0.00
142190,6.93,15.91,0.00
142200,6.78,15.46,0.00
142210,6.60,16.16,0.00
142220,6.42,16.13,0.00
142230,6.23,16.21,0.00
142240,6.04,16.46,0.00
142250,5.87,16.22,0.00
142260,5.68,16.62,0.00
142270,5.50,16.46,0.00
142280,5.31,16.61,0.00
142290,5.14,16.37,0.00
142300,4.97,16.44,0.00
142310,4.78,16.93,0.00
142320,4.62,16.47,0.00
142330,4.43,17.00,0.00
142340,4.26,16.91,0.00
142350,4.08,16.97,0.00
142360,3.91,16.91,0.00
142370,3.74,17.03,0.00
142380,3.57,16.97,0.00
142390,3.43,16.54,0.00
142400,3.26,17.12,0.00
142410,3.09,17.32,0.00
142420,2.93,17.01,0.00
142430,2.78,16.95,0.00
142440,2.63,17.09,0.00
142450,2.49,16.94,0.00
142460,2.35,17.12,0.00
142470,2.20,17.24,0.00
142480,2.08,16.63,0.00
142490,1.94,17.20,0.00
142500,1.80,17.31,0.00
142510,1.66,17.19,0.00
142520,1.52,17.43,0.00
142530,1.41,16.97,0.00
142540,1.28,17.18,0.00
142550,1.18,16.85,0.00
142560,1.06,17.19,0.00
142570,0.93,17.43,0.00
142580,0.84,16.87,0.00
142590,0.73,17.09,0.00
142600,0.64,16.88,0.00
142610,0.55,16.90,0.00
142620,0.43,17.55,0.00
142630,0.35,16.78,0.00
142640,0.28,16.69,0.00
142650,0.19,17.07,0.00
142660,0.12,16.85,0.00
142670,0.04,16.90,0.00
142680,-0.02,16.57,0.00
142690,-0.08,16.64,0.00
142700,-0.14,16.65,0.00
142710,-0.20,16.85,0.00
142720,-0.27,16.91,0.00
142730,-0.32,16.56,0.00
142740,-0.36,16.43,0.00
142750,-0.38,16.01,0.00
142760,-0.39,15.93,0.00
142770,-0.42,16.23,0.00
142780,-0.43,15.90,0.00
142790,-0.44,15.77,0.00
142800,-0.44,15.85,0.00
142810,-0.44,15.59,0.00
142820,-0.44,15.63,0.00
142830,-0.42,15.38,0.00
142840,-0.40,15.29,0.00
142850,-0.39,15.49,0.00
142860,-0.36,15.06,0.00
142870,-0.33,15.03,0.00
142880,-0.30,14.92,0.00
142890,-0.27,14.98,0.00
142900,-0.24,15.10,0.00
142910,-0.20,14.79,0.00
142920,-0.17,14.92,0.00
142930,-0.15,15.12,0.00
142940,-0.12,15.03,0.00
142950,-0.08,14.65,0.00
142960,-0.04,14.59,0.00
142970,0.01,14.44,0.00
142980,0.08,14.04,0.00
142990,0.16,13.77,0.00
143000,0.23,13.87,0.00
143010,0.32,13.48,0.00
143020,0.39,13.93,0.00
143030,0.47,13.57,0.00
143040,0.53,13.82,0.00
143050,0.62,13.41,0.00
143060,0.69,13.54,0.00
143070,0.78,13.23,0.00
143080,0.87,13.20,0.00
143090,0.95,13.17,0.00
143100,1.04,13.13,0.00
143110,1.12,13.00,0.00
143120,1.21,12.95,0.00
143130,1.30,12.93,0.00
143140,1.38,12.88,0.00
143150,1.47,12.75,0.00
143160,1.56,12.69,0.00
143170,1.65,12.48,0.00
143180,1.75,12.52,0.00
143190,1.84,12.30,0.00
143200,1.94,12.26,0.00
143210,2.04,12.06,0.00
143220,2.14,12.06,0.00
143230,2.24,11.93,0.00
143240,2.35,11.85,0.00
143250,2.45,11.70,0.00
143260,2.56,11.67,0.00
143270,2.66,11.64,0.00
143280,2.76,11.66,0.00
143290,2.86,11.48,0.00
143300,2.96,11.42,0.00
143310,3.06,11.33,0.00
143320,3.16,11.23,0.00
143330,3.26,11.19,0.00
143340,3.36,11.14,0.00
143350,3.46,11.02,0.00
143360,3.56,10.97,0.00
143370,3.66,10.91,0.00
143380,3.76,10.83,0.00
143390,3.85,10.84,0.00
143400,3.95,10.73,0.00
143410,4.04,10.67,0.00
143420,4.13,10.70,0.00
143430,4.22,10.56,0.00
143440,4.32,10.45,0.00
143450,4.41,10.41,0.00
143460,4.50,10.38,0.00
143470,4.58,10.33,0.00
143480,4.67,10.26,0.00
143490,4.75,10.26,0.00
143500,4.83,10.21,0.00
143510,4.91,10.15,0.00
143520,4.99,10.10,0.00
143530,5.07,10.09,0.00
143540,5.14,10.03,0.00
143550,5.21,10.04,0.00
143560,5.28,9.98,0.00
143570,5.35,9.93,0.00
143580,5.42,9.90,0.00
143590,5.48,9.87,0.00
143600,5.54,9.82,0.00
143610,5.60,9.83,0.00
143620,5.66,9.82,0.00
143630,5.71,9.78,0.00
143640,5.77,9.69,0.00
143650,5.82,9.73,0.00
143660,5.86,9.67,0.00
143670,5.91,9.68,0.00
143680,5.95,9.71,0.00
143690,5.99,9.64,0.00
143700,6.03,9.62,0.00
143710,6.07,9.65,0.00
143720,6.10,9.63,0.00
143730,6.13,9.59,0.00
143740,6.16,9.65,0.00
143750,6.18,9.60,0.00
143760,6.20,9.68,0.00
143770,6.22,9.66,0.00
143780,6.23,9.65,0.00
143790,6.25,9.66,0.00
143800,6.26,9.71,0.00
143810,6.26,9.67,0.00
143820,6.27,9.68,0.00
143830,6.27,9.70,0.00
143840,6.27,9.68,0.00
143850,6.27,9.71,0.00
143860,6.26,9.66,0.00
143870,6.26,9.69,0.00
143880,6.25,9.73,0.00
143890,6.24,9.72,0.00
143900,6.22,9.77,0.00
143910,6.21,9.78,0.00
143920,6.19,9.79,0.00
143930,6.16,9.80,0.00
143940,6.14,9.79,0.00
143950,6.12,9.82,0.00
143960,6.09,9.92,0.00
143970,6.06,9.88,0.00
143980,6.02,9.93,0.00
143990,5.99,9.94,0.00
144000,5.95,9.90,0.00
144010,5.92,9.90,0.00
144020,5.88,9.97,0.00
144030,5.84,9.91,0.00
144040,5.80,9.97,0.00
144050,5.76,10.00,0.00
144060,5.71,10.02,0.00
144070,5.67,10.02,0.00
144080,5.62,10.02,0.00
144090,5.57,10.06,0.00
144100,5.53,10.01,0.00
144110,5.48,10.11,0.00
144120,5.42,10.16,0.00
144130,5.37,10.12,0.00
144140,5.31,10.15,0.00
144150,5.26,10.12,0.00
144160,5.21,10.13,0.00
144170,5.15,10.17,0.00
144180,5.09,10.20,0.00
144190,5.03,10.23,0.00
144200,4.98,10.20,0.00
144210,4.92,10.19,0.00
144220,4.86,10.26,0.00
144230,4.80,10.24,0.00
144240,4.74,10.22,0.00
144250,4.69,10.23,0.00
144260,4.63,10.25,0.00
144270,4.56,10.29,0.00
144280,4.50,10.30,0.00
144290,4.44,10.26,0.00
144300,4.38,10.30,0.00
144310,4.33,10.24,0.00
144320,4.27,10.27,0.00
144330,4.21,10.33,0.00
144340,4.15,10.30,0.00
144350,4.09,10.31,0.00
144360,4.03,10.29,0.00
144370,3.97,10.28,0.00
144380,3.91,10.30,0.00
144390,3.85,10.31,0.00
144400,3.80,10.25,0.00
144410,3.75,10.24,0.00
144420,3.69,10.32,0.00
144430,3.63,10.28,0.00
144440,3.58,10.30,0.00
144450,3.52,10.30,0.00
144460,3.47,10.30,0.00
144470,3.41,10.34,0.00
144480,3.36,10.25,0.00
144490,3.31,10.27,0.00
144500,3.25,10.26,0.00
144510,3.20,10.25,0.00
144520,3.16,10.21,0.00
144530,3.11,10.21,0.00
144540,3.06,10.21,0.00
144550,3.02,10.14,0.00
144560,2.97,10.14,0.00
144570,2.93,10.19,0.00
144580,2.89,10.14,0.00
144590,2.84,10.10,0.00
144600,2.80,10.11,0.00
144610,2.77,10.02,0.00
144620,2.73,10.00,0.00
144630,2.70,9.99,0.00
144640,2.67,9.93,0.00
144650,2.64,9.88,0.00
144660,2.61,9.89,0.00
144670,2.58,9.86,0.00
144680,2.55,9.82,0.00
144690,2.52,9.86,0.00
144700,2.50,9.81,0.00
144710,2.48,9.71,0.00
144720,2.46,9.69,0.00
144730,2.44,9.66,0.00
144740,2.42,9.57,0.00
144750,2.41,9.56,0.00
144760,2.40,9.54,0.00
144770,2.38,9.46,0.00
144780,2.37,9.45,0.00
144790,2.37,9.36,0.00
144800,2.36,9.35,0.00
144810,2.35,9.36,0.00
144820,2.35,9.24,0.00
144830,2.35,9.18,0.00
144840,2.35,9.16,0.00
144850,2.35,9.10,0.00
144860,2.35,9.13,0.00
144870,2.35,9.06,0.00
144880,2.36,8.92,0.00
144890,2.37,8.93,0.00
144900,2.38,8.92,0.00
144910,2.38,8.86,0.00
144920,2.39,8.82,0.00
144930,2.41,8.74,0.00
144940,2.42,8.74,0.00
144950,2.43,8.69,0.00
144960,2.44,8.64,0.00
144970,2.46,8.61,0.00
144980,2.47,8.50,0.00
144990,2.49,8.45,0.00
145000,2.51,8.43,0.00
145010,2.53,8.39,0.00
145020,2.55,8.39,0.00
145030,2.57,8.35,0.00
145040,2.59,8.29,0.00
145050,2.61,8.27,0.00
145060,2.63,8.24,0.00
145070,2.65,8.17,0.00
145080,2.67,8.17,0.00
145090,2.69,8.17,0.00
145100,2.71,8.13,0.00
145110,2.73,8.04,0.00
145120,2.75,8.03,0.00
145130,2.78,7.99,0.00
145140,2.79,8.01,0.00
145150,2.82,7.95,0.00
145160,2.83,7.96,0.00
145170,2.85,7.91,0.00
145180,2.87,7.90,0.00
145190,2.89,7.86,0.00
145200,2.91,7.79,0.00
145210,2.93,7.80,0.00
145220,2.95,7.77,0.00
145230,2.97,7.73,0.00
145240,2.99,7.70,0.00
145250,3.01,7.60,0.00
145260,3.04,7.57,0.00
145270,3.05,7.62,0.00
145280,3.07,7.57,0.00
145290,3.10,7.46,0.00
145300,3.12,7.45,0.00
145310,3.14,7.48,0.00
145320,3.16,7.43,0.00
145330,3.18,7.44,0.00
145340,3.20,7.38,0.00
145350,3.21,7.38,0.00
145360,3.23,7.36,0.00
145370,3.25,7.30,0.00
145380,3.27,7.24,0.00
145390,3.29,7.16,0.00
145400,3.31,7.18,0.00
145410,3.33,7.17,0.00
145420,3.35,7.19,0.00
145430,3.36,7.09,0.00
145440,3.38,7.17,0.00
145450,3.39,7.07,0.00
145460,3.41,7.04,0.00
145470,3.43,6.99,0.00
145480,3.45,7.00,0.00
145490,3.46,7.00,0.00
145500,3.47,7.08,0.00
145510,3.48,7.00,0.00
145520,3.49,6.98,0.00
145530,3.50,6.95,0.00
145540,3.51,6.91,0.00
145550,3.52,6.87,0.00
145560,3.53,6.91,0.00
145570,3.54,6.86,0.00
145580,3.55,6.83,0.00
145590,3.56,6.80,0.00
145600,3.57,6.78,0.00
145610,3.58,6.74,0.00
145620,3.59,6.76,0.00
145630,3.59,6.74,0.00
145640,3.60,6.76,0.00
145650,3.60,6.75,0.00
145660,3.60,6.76,0.00
145670,3.61,6.68,0.00
145680,3.61,6.67,0.00
145690,3.61,6.65,0.00
145700,3.62,6.60,0.00
145710,3.62,6.59,0.00
145720,3.62,6.60,0.00
145730,3.63,6.59,0.00
145740,3.63,6.58,0.00
145750,3.63,6.56,0.00
145760,3.62,6.62,0.00
145770,3.62,6.56,0.00
145780,3.62,6.50,0.00
145790,3.62,6.49,0.00
145800,3.62,6.49,0.00
145810,3.61,6.52,0.00
145820,3.61,6.42,0.00
145830,3.61,6.43,0.00
145840,3.61,6.44,0.00
145850,3.60,6.43,0.00
145860,3.60,6.40,0.00
145870,3.60,6.36,0.00
145880,3.59,6.34,0.00
145890,3.59,6.34,0.00
145900,3.58,6.34,0.00
145910,3.58,6.31,0.00
145920,3.57,6.28,0.00
145930,3.57,6.23,0.00
145940,3.56,6.26,0.00
145950,3.56,6.22,0.00
145960,3.56,6.19,0.00
145970,3.55,6.16,0.00
145980,3.55,6.12,0.00
145990,3.54,6.18,0.00
146000,3.54,6.12,0.00
146010,3.53,6.10,0.00
146020,3.53,6.07,0.00
146030,3.53,6.02,0.00
146040,3.52,6.05,0.00
146050,3.51,6.02,0.00
146060,3.51,5.98,0.00
146070,3.51,5.91,0.00
146080,3.50,5.93,0.00
146090,3.50,5.91,0.00
146100,3.50,5.87,0.00
146110,3.50,5.82,0.00
146120,3.50,5.76,0.00
146130,3.49,5.80,0.00
146140,3.49,5.82,0.00
146150,3.49,5.75,0.00
146160,3.48,5.77,0.00
146170,3.48,5.71,0.00
146180,3.48,5.66,0.00
146190,3.48,5.59,0.00
146200,3.48,5.61,0.00
146210,3.48,5.58,0.00
146220,3.48,5.60,0.00
146230,3.48,5.54,0.00
146240,3.47,5.59,0.00
146250,3.47,5.55,0.00
146260,3.46,5.52,0.00
146270,3.47,5.39,0.00
146280,3.47,5.45,0.00
146290,3.47,5.40,0.00
146300,3.47,5.36,0.00
146310,3.46,5.37,0.00
146320,3.47,5.31,0.00
146330,3.47,5.21,0.00
146340,3.47,5.26,0.00
146350,3.47,5.25,0.00
146360,3.47,5.22,0.00
146370,3.47,5.14,0.00
146380,3.47,5.18,0.00
146390,3.47,5.13,0.00
146400,3.48,5.10,0.00
146410,3.48,5.08,0.00
146420,3.48,5.06,0.00
146430,3.48,5.06,0.00
146440,3.48,5.00,0.00
146450,3.48,4.98,0.00
146460,3.48,4.94,0.00
146470,3.49,4.90,0.00
146480,3.49,4.92,0.00
146490,3.49,4.90,0.00
146500,3.49,4.91,0.00
146510,3.49,4.81,0.00
146520,3.49,4.81,0.00
146530,3.49,4.85,0.00
146540,3.49,4.82,0.00
146550,3.49,4.77,0.00
146560,3.49,4.73,0.00
146570,3.49,4.72,0.00
146580,3.49,4.76,0.00
146590,3.49,4.66,0.00
146600,3.49,4.69,0.00
146610,3.49,4.65,0.00
146620,3.49,4.60,0.00
146630,3.49,4.64,0.00
146640,3.49,4.59,0.00
146650,3.49,4.57,0.00
146660,3.48,4.58,0.00
146670,3.48,4.50,0.00
146680,3.48,4.50,0.00
146690,3.48,4.45,0.00
146700,3.48,4.40,0.00
146710,3.48,4.43,0.00
146720,3.48,4.38,0.00
146730,3.48,4.36,0.00
146740,3.48,4.40,0.00
146750,3.48,4.36,0.00
146760,3.48,4.31,0.00
146770,3.48,4.25,0.00
146780,3.48,4.29,0.00
146790,3.48,4.26,0.00
146800,3.47,4.24,0.00
146810,3.47,4.19,0.00
146820,3.48,4.13,0.00
146830,3.48,4.10,0.00
146840,3.48,4.07,0.00
146850,3.48,4.07,0.00
146860,3.48,4.02,0.00
146870,3.48,4.04,0.00
146880,3.48,4.00,0.00
146890,3.48,3.97,0.00
146900,3.49,3.93,0.00
146910,3.48,3.97,0.00
146920,3.48,3.96,0.00
146930,3.48,3.88,0.00
146940,3.48,3.87,0.00
146950,3.48,3.88,0.00
146960,3.48,3.87,0.00
146970,3.48,3.82,0.00
146980,3.48,3.77,0.00
146990,3.48,3.83,0.00
147000,3.48,3.76,0.00
147010,3.47,3.76,0.00
147020,3.47,3.72,0.00
147030,3.47,3.65,0.00
147040,3.47,3.64,0.00
147050,3.48,3.61,0.00
147060,3.47,3.63,0.00
147070,3.47,3.58,0.00
147080,3.47,3.57,0.00
147090,3.47,3.59,0.00
147100,3.47,3.58,0.00
147110,3.47,3.54,0.00
147120,3.46,3.50,0.00
147130,3.46,3.48,0.00
147140,3.46,3.45,0.00
147150,3.46,3.41,0.00
147160,3.46,3.38,0.00
147170,3.46,3.37,0.00
147180,3.46,3.29,0.00
147190,3.46,3.32,0.00
147200,3.46,3.28,0.00
147210,3.46,3.29,0.00
147220,3.46,3.24,0.00
147230,3.46,3.32,0.00
147240,3.46,3.25,0.00
147250,3.45,3.19,0.00
147260,3.45,3.16,0.00
147270,3.46,3.12,0.00
147280,3.46,3.08,0.00
147290,3.45,3.14,0.00
147300,3.44,3.32,0.00
147310,3.45,2.89,0.00
147320,3.45,3.08,0.00
147330,3.44,3.06,0.00
147340,3.43,3.23,0.00
147350,3.41,3.36,0.00
147360,3.43,2.67,0.00
147370,3.44,2.61,0.00
147380,3.45,2.78,0.00
147390,3.44,3.04,0.00
147400,3.43,3.03,0.00
147410,3.43,2.71,0.00
147420,3.43,2.81,0.00
147430,3.42,3.04,0.00
147440,3.42,2.85,0.00
147450,3.42,2.62,0.00
147460,3.43,2.52,0.00
147470,3.43,2.73,0.00
147480,3.43,2.75,0.00
147490,3.42,2.72,0.00
147500,3.43,2.50,0.00
147510,3.43,2.50,0.00
147520,3.43,2.74,0.00
147530,3.40,3.04,0.00
147540,3.41,2.44,0.00
147550,3.41,2.40,0.00
147560,3.43,2.25,0.00
147570,3.44,2.24,0.00
147580,3.43,2.50,0.00
147590,3.44,2.17,0.00
147600,3.43,2.63,0.00
147610,3.41,2.73,0.00
147620,3.43,2.01,0.00
147630,3.42,2.62,0.00
147640,3.42,2.31,0.00
147650,3.40,2.66,0.00
147660,3.41,2.08,0.00
147670,3.38,2.74,0.00
147680,3.39,2.08,0.00
147690,3.40,2.15,0.00
147700,3.37,2.76,0.00
147710,3.37,2.06,0.00
147720,3.37,2.29,0.00
147730,3.36,2.32,0.00
147740,3.36,2.13,0.00
147750,3.36,2.12,0.00
147760,3.35,2.30,0.00
147770,3.34,2.24,0.00
147780,3.33,2.27,0.00
147790,3.33,1.94,0.00
147800,3.35,1.52,0.00
147810,3.36,1.91,0.00
147820,3.36,1.90,0.00
147830,3.35,2.14,0.00
147840,3.33,2.26,0.00
147850,3.32,2.11,0.00
147860,3.32,1.93,0.00
147870,3.32,1.90,0.00
147880,3.34,1.41,0.00
147890,3.33,1.87,0.00
147900,3.35,1.36,0.00
147910,3.39,1.01,0.00
147920,3.40,1.48,0.00
147930,3.41,1.37,0.00
147940,3.43,1.25,0.00
147950,3.46,1.05,0.00
147960,3.47,1.45,0.00
147970,3.48,1.26,0.00
147980,3.48,1.41,0.00
147990,3.51,0.87,0.00
148000,3.52,1.28,0.00
148010,3.52,1.43,0.00
148020,3.53,1.32,0.00
148030,3.53,1.29,0.00
148040,3.52,1.58,0.00
148050,3.50,1.69,0.00
148060,3.48,1.63,0.00
148070,3.46,1.72,0.00
148080,3.46,1.28,0.00
148090,3.44,1.67,0.00
148100,3.42,1.69,0.00
148110,3.43,1.17,0.00
148120,3.43,1.06,0.00
148130,3.45,0.88,0.00
148140,3.46,0.85,0.00
148150,3.47,1.05,0.00
148160,3.46,1.25,0.00
148170,3.48,0.78,0.00
148180,3.48,0.90,0.00
148190,3.47,1.23,0.00
148200,3.45,1.44,0.00
148210,3.43,1.40,0.00
148220,3.41,1.46,0.00
148230,3.42,0.71,0.00
148240,3.42,0.93,0.00
148250,3.43,0.76,0.00
148260,3.44,0.64,0.00
148270,3.43,1.07,0.00
148280,3.45,0.60,0.00
148290,3.44,1.01,0.00
148300,3.43,0.85,0.00
148310,3.47,0.01,0.00
148320,3.48,0.60,0.00
148330,3.49,0.43,0.00
148340,3.50,0.48,0.00
148350,3.52,0.20,0.00
148360,3.53,0.37,0.00
148370,3.53,0.68,0.00
148380,3.53,0.46,0.00
148390,3.51,1.01,0.00
148400,3.49,0.87,0.00
148410,3.47,0.94,0.00
148420,3.46,0.75,0.00
148430,3.44,0.92,0.00
148440,3.45,0.17,0.00
148450,3.48,-0.02,0.00
148460,3.49,0.23,0.00
148470,3.50,0.01,0.00
148480,3.50,0.51,0.00
148490,3.48,0.66,0.00
148500,3.46,0.80,0.00
148510,3.43,0.81,0.00
148520,3.42,0.54,0.00
148530,3.40,0.64,0.00
148540,3.41,0.17,0.00
148550,3.42,0.04,0.00
148560,3.42,0.03,0.00
148570,3.44,-0.06,0.00
148580,3.45,-0.11,0.00
148590,3.43,0.48,0.00
148600,3.41,0.50,0.00
148610,3.39,0.66,0.00
148620,3.36,0.59,0.00
148630,3.36,0.08,0.00
148640,3.38,-0.27,0.00
148650,3.39,-0.30,0.00
148660,3.40,-0.23,0.00
148670,3.41,-0.19,0.00
148680,3.42,-0.13,0.00
148690,3.41,0.03,0.00
148700,3.39,0.35,0.00
148710,3.38,0.12,0.00
148720,3.36,0.28,0.00
148730,3.35,0.07,0.00
148740,3.36,-0.35,0.00
148750,3.36,-0.24,0.00
148760,3.38,-0.70,0.00
148770,3.40,-0.58,0.00
148780,3.42,-0.59,0.00
148790,3.41,-0.12,0.00
148800,3.38,0.19,0.00
148810,3.37,-0.10,0.00
148820,3.34,0.18,0.00
148830,3.34,-0.17,0.00
148840,3.35,-0.60,0.00
148850,3.35,-0.39,0.00
148860,3.36,-0.66,0.00
148870,3.39,-1.16,0.00
148880,3.40,-0.57,0.00
148890,3.41,-0.76,0.00
148900,3.40,-0.46,0.00
148910,3.39,-0.25,0.00
148920,3.35,0.11,0.00
148930,3.34,-0.38,0.00
148940,3.34,-0.41,0.00
148950,3.34,-0.72,0.00
148960,3.36,-1.07,0.00
148970,3.37,-0.92,0.00
148980,3.39,-0.96,0.00
148990,3.39,-0.77,0.00
149000,3.38,-0.70,0.00
149010,3.37,-0.56,0.00
149020,3.34,-0.17,0.00
149030,3.33,-0.58,0.00
149040,3.32,-0.58,0.00
149050,3.32,-0.80,0.00
149060,3.33,-1.00,0.00
149070,3.35,-1.34,0.00
149080,3.35,-1.00,0.00
149090,3.37,-1.21,0.00
149100,3.36,-0.76,0.00
149110,3.33,-0.55,0.00
149120,3.32,-0.71,0.00
149130,3.30,-0.58,0.00
149140,3.29,-0.73,0.00
149150,3.29,-1.11,0.00
149160,3.30,-1.25,0.00
149170,3.32,-1.44,0.00
149180,3.33,-1.49,0.00
149190,3.34,-1.37,0.00
149200,3.34,-1.12,0.00
149210,3.32,-0.79,0.00
149220,3.33,-1.29,0.00
149230,3.32,-1.13,0.00
149240,3.29,-0.68,0.00
149250,3.30,-1.41,0.00
149260,3.30,-1.24,0.00
149270,3.31,-1.59,0.00
149280,3.33,-1.64,0.00
149290,3.35,-1.78,0.00
149300,3.35,-1.53,0.00
149310,3.35,-1.28,0.00
149320,3.35,-1.46,0.00
149330,3.32,-0.96,0.00
149340,3.29,-0.87,0.00
149350,3.29,-1.40,0.00
149360,3.29,-1.56,0.00
149370,3.29,-1.46,0.00
149380,3.30,-1.78,0.00
149390,3.31,-1.79,0.00
149400,3.32,-1.77,0.00
149410,3.33,-1.84,0.00
149420,3.35,-1.99,0.00
149430,3.32,-1.10,0.00
149440,3.31,-1.47,0.00
149450,3.30,-1.63,0.00
149460,3.28,-1.20,0.00
149470,3.27,-1.69,0.00
149480,3.28,-1.89,0.00
149490,3.28,-1.82,0.00
149500,3.27,-1.55,0.00
149510,3.25,-1.30,0.00
149520,3.23,-1.46,0.00
149530,3.21,-1.42,0.00
149540,3.20,-1.62,0.00
149550,3.18,-1.54,0.00
149560,3.17,-1.67,0.00
149570,3.16,-1.66,0.00
149580,3.16,-1.86,0.00
149590,3.17,-2.13,0.00
149600,3.18,-2.21,0.00
149610,3.21,-2.58,0.00
149620,3.24,-2.58,0.00
149630,3.25,-2.32,0.00
149640,3.25,-2.12,0.00
149650,3.26,-2.25,0.00
149660,3.26,-2.19,0.00
149670,3.26,-2.02,0.00
149680,3.26,-2.15,0.00
149690,3.25,-2.14,0.00
149700,3.26,-2.45,0.00
149710,3.26,-2.17,0.00
149720,3.27,-2.52,0.00
149730,3.27,-2.15,0.00
149740,3.28,-2.59,0.00
149750,3.29,-2.48,0.00
149760,3.29,-2.33,0.00
149770,3.28,-2.18,0.00
149780,3.27,-2.33,0.00
149790,3.26,-2.21,0.00
149800,3.27,-2.53,0.00
149810,3.25,-2.10,0.00
149820,3.24,-2.33,0.00
149830,3.22,-2.11,0.00
149840,3.21,-2.33,0.00
149850,3.21,-2.45,0.00
149860,3.20,-2.24,0.00
149870,3.18,-2.23,0.00
149880,3.17,-2.35,0.00
149890,3.16,-2.37,0.00
149900,3.16,-2.54,0.00
149910,3.13,-2.07,0.00
149920,3.12,-2.38,0.00
149930,3.11,-2.43,0.00
149940,3.11,-2.71,0.00
149950,3.10,-2.37,0.00
149960,3.10,-2.76,0.00
149970,3.09,-2.50,0.00
149980,3.09,-2.61,0.00
149990,3.10,-2.98,0.00
150000,3.10,-2.80,0.00
150010,3.12,-3.10,0.00
150020,3.12,-2.90,0.00
150030,3.12,-2.79,0.00
150040,3.12,-2.93,0.00
150050,3.13,-2.92,0.00
150060,3.12,-2.79,0.00
150070,3.14,-3.30,0.00
150080,3.14,-2.93,0.00
150090,3.13,-2.84,0.00
150100,3.13,-2.97,0.00
150110,3.14,-3.26,0.00
150120,3.14,-2.92,0.00
150130,3.14,-3.05,0.00
150140,3.15,-3.25,0.00
150150,3.15,-3.29,0.00
150160,3.17,-3.38,0.00
150170,3.17,-3.30,0.00
150180,3.17,-3.11,0.00
150190,3.17,-3.15,0.00
150200,3.17,-3.23,0.00
150210,3.16,-3.00,0.00
150220,3.16,-3.24,0.00
150230,3.15,-3.11,0.00
150240,3.15,-3.35,0.00
150250,3.14,-3.12,0.00
150260,3.14,-3.33,0.00
150270,3.14,-3.39,0.00
150280,3.16,-3.64,0.00
150290,3.16,-3.54,0.00
150300,3.18,-3.75,0.00
150310,3.18,-3.51,0.00
150320,3.19,-3.68,0.00
150330,3.20,-3.70,0.00
150340,3.20,-3.52,0.00
150350,3.20,-3.53,0.00
