0,0
0.01,0
0.02,0
0.03,0
0.04,0
0.05,0
0.06,0
0.07,0
0.08,0
0.09,0
0.1,0
0.11,0
0.12,0
0.13,0
0.14,0
0.15,0
0.16,0
0.17,0
0.18,0
0.19,0
0.2,0
0.21,0
0.22,0
0.23,0
0.24,0
0.25,0
0.26,0
0.27,0
0.28,0
0.29,0
0.3,0
0.31,0
0.32,0
0.33,0
0.34,0
0.35,0
0.36,0
0.37,0
0.38,0
0.39,0
0.4,0
0.41,0
0.42,0
0.43,0
0.44,0
0.45,0
0.46,0
0.47,0
0.48,0
0.49,0
0.5,0
0.51,0
0.52,0
0.53,0
0.54,0
0.55,0
0.56,0
0.57,0
0.58,0
0.59,0
0.6,0
0.61,0
0.62,0
0.63,0
0.64,0
0.65,0
0.66,0
0.67,0
0.68,0
0.69,0
0.7,0
0.71,0
0.72,0
0.73,0
0.74,0
0.75,0
0.76,0
0.77,0
0.78,0
0.79,0
0.8,0
0.81,0
0.82,0
0.83,0
0.84,0
0.85,0
0.86,0
0.87,0
0.88,0
0.89,0
0.9,0
0.91,0
0.92,0
0.93,0
0.94,0
0.95,0
0.96,0
0.97,0
0.98,0
0.99,0
1,0
1.01,0
1.02,0
1.03,0
1.04,0
1.05,0
1.06,0
1.07,0
1.08,0
1.09,0
1.1,0
1.11,0
1.12,0
1.13,0
1.14,0
1.15,0
1.16,0
1.17,0
1.18,0
1.19,0
1.2,0
1.21,0
1.22,0
1.23,0
1.24,0
1.25,0
1.26,0
1.27,0
1.28,0
1.29,0
1.3,0
1.31,0
1.32,0
1.33,0
1.34,0
1.35,0
1.36,0
1.37,0
1.38,0
1.39,0
1.4,0
1.41,0
1.42,0
1.43,0
1.44,0
1.45,0
1.46,0
1.47,0
1.48,0
1.49,0
1.5,0
1.51,0
1.52,0
1.53,0
1.54,0
1.55,0
1.56,0
1.57,0
1.58,0
1.59,0
1.6,0
1.61,0
1.62,0
1.63,0
1.64,0
1.65,0
1.66,0
1.67,0
1.68,0
1.69,0
1.7,0
1.71,0
1.72,0
1.73,0
1.74,0
1.75,0
1.76,0
1.77,0
1.78,0
1.79,0
1.8,0
1.81,0
1.82,0
1.83,0
1.84,0
1.85,0
1.86,0
1.87,0
1.88,0
1.89,0
1.9,0
1.91,0
1.92,0
1.93,0
1.94,0
1.95,0
1.96,0
1.97,0
1.98,0
1.99,0
2,0
2.01,0
2.02,0
2.03,0
2.04,0
2.05,0
2.06,0
2.07,0
2.08,0
2.09,0
2.1,0
2.11,0
2.12,0
2.13,0
2.14,0
2.15,0
2.16,0
2.17,0
2.18,0
2.19,0
2.2,0
2.21,0
2.22,0
2.23,0
2.24,0
2.25,0
2.26,0
2.27,0
2.28,0
2.29,0
2.3,0
2.31,0
2.32,0
2.33,0
2.34,0
2.35,0
2.36,0
2.37,0
2.38,0
2.39,0
2.4,0
2.41,0
2.42,0
2.43,0
2.44,0
2.45,0
2.46,0
2.47,0
2.48,0
2.49,0
2.5,0
2.51,0
2.52,0
2.53,0
2.54,0
2.55,0
2.56,0
2.57,0
2.58,0
2.59,0
2.6,0
2.61,0
2.62,0
2.63,0
2.64,0
2.65,0
2.66,0
2.67,0
2.68,0
2.69,0
2.7,0
2.71,0
2.72,0
2.73,0
2.74,0
2.75,0
2.76,0
2.77,0
2.78,0
2.79,0
2.8,0
2.81,0
2.82,0
2.83,0
2.84,0
2.85,0
2.86,0
2.87,0
2.88,0
2.89,0
2.9,0
2.91,0
2.92,0
2.93,0
2.94,0
2.95,0
2.96,0
2.97,0
2.98,0
2.99,0
3,0
3.01,0
3.02,0
3.03,0
3.04,0
3.05,0
3.06,0
3.07,0
3.08,0
3.09,0
3.1,0
3.11,0
3.12,0
3.13,0
3.14,0
3.15,0
3.16,0
3.17,0
3.18,0
3.19,0
3.2,0
3.21,0
3.22,0
3.23,0
3.24,0
3.25,0
3.26,0
3.27,0
3.28,0
3.29,0
3.3,0
3.31,0
3.32,0
3.33,0
3.34,0
3.35,0
3.36,0
3.37,0
3.38,0
3.39,0
3.4,0
3.41,0
3.42,0
3.43,0
3.44,0
3.45,0
3.46,0
3.47,0
3.48,0
3.49,0
3.5,0
3.51,0
3.52,0
3.53,0
3.54,0
3.55,0
3.56,0
3.57,0
3.58,0
3.59,0
3.6,0
3.61,0
3.62,0
3.63,0
3.64,0
3.65,0
3.66,0
3.67,0
3.68,0
3.69,0
3.7,0
3.71,0
3.72,0
3.73,0
3.74,0
3.75,0
3.76,0
3.77,0
3.78,0
3.79,0
3.8,0
3.81,0
3.82,0
3.83,0
3.84,0
3.85,0
3.86,0
3.87,0
3.88,0
3.89,0
3.9,0
3.91,0
3.92,0
3.93,0
3.94,0
3.95,0
3.96,0
3.97,0
3.98,0
3.99,0
4,0
4.01,0
4.02,0
4.03,0
4.04,0
4.05,0
4.06,0
4.07,0
4.08,0
4.09,0
4.1,0
4.11,0
4.12,0
4.13,0
4.14,0
4.15,0
4.16,0
4.17,0
4.18,0
4.19,0
4.2,0
4.21,0
4.22,0
4.23,0
4.24,0
4.25,0
4.26,0
4.27,0
4.28,0
4.29,0
4.3,0
4.31,0
4.32,0
4.33,0
4.34,0
4.35,0
4.36,0
4.37,0
4.38,0
4.39,0
4.4,0
4.41,0
4.42,0
4.43,0
4.44,0
4.45,0
4.46,0
4.47,0
4.48,0
4.49,0
4.5,0
4.51,0
4.52,0
4.53,0
4.54,0
4.55,0
4.56,0
4.57,0
4.58,0
4.59,0
4.6,0
4.61,0
4.62,0
4.63,0
4.64,0
4.65,0
4.66,0
4.67,0
4.68,0
4.69,0
4.7,0
4.71,0
4.72,0
4.73,0
4.74,0
4.75,0
4.76,0
4.77,0
4.78,0
4.79,0
4.8,0
4.81,0
4.82,0
4.83,0
4.84,0
4.85,0
4.86,0
4.87,0
4.88,0
4.89,0
4.9,0
4.91,0
4.92,0
4.93,0
4.94,0
4.95,0
4.96,0
4.97,0
4.98,0
4.99,0
5,0
5.01,0
5.02,0
5.03,0
5.04,0
5.05,0
5.06,0
5.07,0
5.08,0
5.09,0
5.1,0
5.11,0
5.12,0
5.13,0
5.14,0
5.15,0
5.16,0
5.17,0
5.18,0
5.19,0
5.2,0
5.21,0
5.22,0
5.23,0
5.24,0
5.25,0
5.26,0
5.27,0
5.28,0
5.29,0
5.3,0
5.31,0
5.32,0
5.33,0
5.34,0
5.35,0
5.36,0
5.37,0
5.38,0
5.39,0
5.4,0
5.41,0
5.42,0
5.43,0
5.44,0
5.45,0
5.46,0
5.47,0
5.48,0
5.49,0
5.5,0
5.51,0
5.52,0
5.53,0
5.54,0
5.55,0
5.56,0
5.57,0
5.58,0
5.59,0
5.6,0
5.61,0
5.62,0
5.63,0
5.64,0
5.65,0
5.66,0
5.67,0
5.68,0
5.69,0
5.7,0
5.71,0
5.72,0
5.73,0
5.74,0
5.75,0
5.76,0
5.77,0
5.78,0
5.79,0
5.8,0
5.81,0
5.82,0
5.83,0
5.84,0
5.85,0
5.86,0
5.87,0
5.88,0
5.89,0
5.9,0
5.91,0
5.92,0
5.93,0
5.94,0
5.95,0
5.96,0
5.97,0
5.98,0
5.99,0
6,0
6.01,0
6.02,0
6.03,0
6.04,0
6.05,0
6.06,0
6.07,0
6.08,0
6.09,0
6.1,0
6.11,0
6.12,0
6.13,0
6.14,0
6.15,0
6.16,0
6.17,0
6.18,0
6.19,0
6.2,0
6.21,0
6.22,0
6.23,0
6.24,0
6.25,0
6.26,0
6.27,0
6.28,0
6.29,0
6.3,0
6.31,0
6.32,0
6.33,0
6.34,0
6.35,0
6.36,0
6.37,0
6.38,0
6.39,0
6.4,0
6.41,0
6.42,0
6.43,0
6.44,0
6.45,0
6.46,0
6.47,0
6.48,0
6.49,0
6.5,0
6.51,0
6.52,0
6.53,0
6.54,0
6.55,0
6.56,0
6.57,0
6.58,0
6.59,0
6.6,0
6.61,0
6.62,0
6.63,0
6.64,0
6.65,0
6.66,0
6.67,0
6.68,0
6.69,0
6.7,0
6.71,0
6.72,0
6.73,0
6.74,0
6.75,0
6.76,0
6.77,0
6.78,0
6.79,0
6.8,0
6.81,0
6.82,0
6.83,0
6.84,0
6.85,0
6.86,0
6.87,0
6.88,0
6.89,0
6.9,0
6.91,0
6.92,0
6.93,0
6.94,0
6.95,0
6.96,0
6.97,0
6.98,0
6.99,0
7,0
7.01,0
7.02,0
7.03,0
7.04,0
7.05,0
7.06,0
7.07,0
7.08,0
7.09,0
7.1,0
7.11,0
7.12,0
7.13,0
7.14,0
7.15,0
7.16,0
7.17,0
7.18,0
7.19,0
7.2,0
7.21,0
7.22,0
7.23,0
7.24,0
7.25,0
7.26,0
7.27,0
7.28,0
7.29,0
7.3,0
7.31,0
7.32,0
7.33,0
7.34,0
7.35,0
7.36,0
7.37,0
7.38,0
7.39,0
7.4,0
7.41,0
7.42,0
7.43,0
7.44,0
7.45,0
7.46,0
7.47,0
7.48,0
7.49,0
7.5,0
7.51,0
7.52,0
7.53,0
7.54,0
7.55,0
7.56,0
7.57,0
7.58,0
7.59,0
7.6,0
7.61,0
7.62,0
7.63,0
7.64,0
7.65,0
7.66,0
7.67,0
7.68,0
7.69,0
7.7,0
7.71,0
7.72,0
7.73,0
7.74,0
7.75,0
7.76,0
7.77,0
7.78,0
7.79,0
7.8,0
7.81,0
7.82,0
7.83,0
7.84,0
7.85,0
7.86,0
7.87,0
7.88,0
7.89,0
7.9,0
7.91,0
7.92,0
7.93,0
7.94,0
7.95,0
7.96,0
7.97,0
7.98,0
7.99,0
8,0
8.01,0
8.02,0
8.03,0
8.04,0
8.05,0
8.06,0
8.07,0
8.08,0
8.09,0
8.1,0
8.11,0
8.12,0
8.13,0
8.14,0
8.15,0
8.16,0
8.17,0
8.18,0
8.19,0
8.2,0
8.21,0
8.22,0
8.23,0
8.24,0
8.25,0
8.26,0
8.27,0
8.28,0
8.29,0
8.3,0
8.31,0
8.32,0
8.33,0
8.34,0
8.35,0
8.36,0
8.37,0
8.38,0
8.39,0
8.4,0
8.41,0
8.42,0
8.43,0
8.44,0
8.45,0
8.46,0
8.47,0
8.48,0
8.49,0
8.5,0
8.51,0
8.52,0
8.53,0
8.54,0
8.55,0
8.56,0
8.57,0
8.58,0
8.59,0
8.6,0
8.61,0
8.62,0
8.63,0
8.64,0
8.65,0
8.66,0
8.67,0
8.68,0
8.69,0
8.7,0
8.71,0
8.72,0
8.73,0
8.74,0
8.75,0
8.76,0
8.77,0
8.78,0
8.79,0
8.8,0
8.81,0
8.82,0
8.83,0
8.84,0
8.85,0
8.86,0
8.87,0
8.88,0
8.89,0
8.9,0
8.91,0
8.92,0
8.93,0
8.94,0
8.95,0
8.96,0
8.97,0
8.98,0
8.99,0
9,0
9.01,0
9.02,0
9.03,0
9.04,0
9.05,0
9.06,0
9.07,0
9.08,0
9.09,0
9.1,0
9.11,0
9.12,0
9.13,0
9.14,0
9.15,0
9.16,0
9.17,0
9.18,0
9.19,0
9.2,0
9.21,0
9.22,0
9.23,0
9.24,0
9.25,0
9.26,0
9.27,0
9.28,0
9.29,0
9.3,0
9.31,0
9.32,0
9.33,0
9.34,0
9.35,0
9.36,0
9.37,0
9.38,0
9.39,0
9.4,0
9.41,0
9.42,0
9.43,0
9.44,0
9.45,0
9.46,0
9.47,0
9.48,0
9.49,0
9.5,0
9.51,0
9.52,0
9.53,0
9.54,0
9.55,0
9.56,0
9.57,0
9.58,0
9.59,0
9.6,0
9.61,0
9.62,0
9.63,0
9.64,0
9.65,0
9.66,0
9.67,0
9.68,0
9.69,0
9.7,0
9.71,0
9.72,0
9.73,0
9.74,0
9.75,0
9.76,0
9.77,0
9.78,0
9.79,0
9.8,0
9.81,0
9.82,0
9.83,0
9.84,0
9.85,0
9.86,0
9.87,0
9.88,0
9.89,0
9.9,0
9.91,0
9.92,0
9.93,0
9.94,0
9.95,0
9.96,0
9.97,0
9.98,0
9.99,0
10,0
10.01,0
10.02,0
10.03,0
10.04,0
10.05,0
10.06,0
10.07,0
10.08,0
10.09,0
10.1,0
10.11,0
10.12,0
10.13,0
10.14,0
10.15,0
10.16,0
10.17,0
10.18,0
10.19,0
10.2,0
10.21,0
10.22,0
10.23,0
10.24,0
10.25,0
10.26,0
10.27,0
10.28,0
10.29,0
10.3,0
10.31,0
10.32,0
10.33,0
10.34,0
10.35,0
10.36,0
10.37,0
10.38,0
10.39,0
10.4,0
10.41,0
10.42,0
10.43,0
10.44,0
10.45,0
10.46,0
10.47,0
10.48,0
10.49,0
10.5,0
10.51,0
10.52,0
10.53,0
10.54,0
10.55,0
10.56,0
10.57,0
10.58,0
10.59,0
10.6,0
10.61,0
10.62,0
10.63,0
10.64,0
10.65,0
10.66,0
10.67,0
10.68,0
10.69,0
10.7,0
10.71,0
10.72,0
10.73,0
10.74,0
10.75,0
10.76,0
10.77,0
10.78,0
10.79,0
10.8,0
10.81,0
10.82,0
10.83,0
10.84,0
10.85,0
10.86,0
10.87,0
10.88,0
10.89,0
10.9,0
10.91,0
10.92,0
10.93,0
10.94,0
10.95,0
10.96,0
10.97,0
10.98,0
10.99,0
11,0
11.01,0
11.02,0
11.03,0
11.04,0
11.05,0
11.06,0
11.07,0
11.08,0
11.09,0
11.1,0
11.11,0
11.12,0
11.13,0
11.14,0
11.15,0
11.16,0
11.17,0
11.18,0
11.19,0
11.2,0
11.21,0
11.22,0
11.23,0
11.24,0
11.25,0
11.26,0
11.27,0
11.28,0
11.29,0
11.3,0
11.31,0
11.32,0
11.33,0
11.34,0
11.35,0
11.36,0
11.37,0
11.38,0
11.39,0
11.4,0
11.41,0
11.42,0
11.43,0
11.44,0
11.45,0
11.46,0
11.47,0
11.48,0
11.49,0
11.5,0
11.51,0
11.52,0
11.53,0
11.54,0
11.55,0
11.56,0
11.57,0
11.58,0
11.59,0
11.6,0
11.61,0
11.62,0
11.63,0
11.64,0
11.65,0
11.66,0
11.67,0
11.68,0
11.69,0
11.7,0
11.71,0
11.72,0
11.73,0
11.74,0
11.75,0
11.76,0
11.77,0
11.78,0
11.79,0
11.8,0
11.81,0
11.82,0
11.83,0
11.84,0
11.85,0
11.86,0
11.87,0
11.88,0
11.89,0
11.9,0
11.91,0
11.92,0
11.93,0
11.94,0
11.95,0
11.96,0
11.97,0
11.98,0
11.99,0
12,0
12.01,0
12.02,0
12.03,0
12.04,0
12.05,0
12.06,0
12.07,0
12.08,0
12.09,0
12.1,0
12.11,0
12.12,0
12.13,0
12.14,0
12.15,0
12.16,0
12.17,0
12.18,0
12.19,0
12.2,0
12.21,0
12.22,0
12.23,0
12.24,0
12.25,0
12.26,0
12.27,0
12.28,0
12.29,0
12.3,0
12.31,0
12.32,0
12.33,0
12.34,0
12.35,0
12.36,0
12.37,0
12.38,0
12.39,0
12.4,0
12.41,0
12.42,0
12.43,0
12.44,0
12.45,0
12.46,0
12.47,0
12.48,0
12.49,0
12.5,0
12.51,0
12.52,0
12.53,0
12.54,0
12.55,0
12.56,0
12.57,0
12.58,0
12.59,0
12.6,0
12.61,0
12.62,0
12.63,0
12.64,0
12.65,0
12.66,0
12.67,0
12.68,0
12.69,0
12.7,0
12.71,0
12.72,0
12.73,0
12.74,0
12.75,0
12.76,0
12.77,0
12.78,0
12.79,0
12.8,0
12.81,0
12.82,0
12.83,0
12.84,0
12.85,0
12.86,0
12.87,0
12.88,0
12.89,0
12.9,0
12.91,0
12.92,0
12.93,0
12.94,0
12.95,0
12.96,0
12.97,0
12.98,0
12.99,0
13,0
13.01,0
13.02,0
13.03,0
13.04,0
13.05,0
13.06,0
13.07,0
13.08,0
13.09,0
13.1,0
13.11,0
13.12,0
13.13,0
13.14,0
13.15,0
13.16,0
13.17,0
13.18,0
13.19,0
13.2,0
13.21,0
13.22,0
13.23,0
13.24,0
13.25,0
13.26,0
13.27,0
13.28,0
13.29,0
13.3,0
13.31,0
13.32,0
13.33,0
13.34,0
13.35,0
13.36,0
13.37,0
13.38,0
13.39,0
13.4,0
13.41,0
13.42,0
13.43,0
13.44,0
13.45,0
13.46,0
13.47,0
13.48,0
13.49,0
13.5,0
13.51,0
13.52,0
13.53,0
13.54,0
13.55,0
13.56,0
13.57,0
13.58,0
13.59,0
13.6,0
13.61,0
13.62,0
13.63,0
13.64,0
13.65,0
13.66,0
13.67,0
13.68,0
13.69,0
13.7,0
13.71,0
13.72,0
13.73,0
13.74,0
13.75,0
13.76,0
13.77,0
13.78,0
13.79,0
13.8,0
13.81,0
13.82,0
13.83,0
13.84,0
13.85,0
13.86,0
13.87,0
13.88,0
13.89,0
13.9,0
13.91,0
13.92,0
13.93,0
13.94,0
13.95,0
13.96,0
13.97,0
13.98,0
13.99,0
14,0
14.01,0
14.02,0
14.03,0
14.04,0
14.05,0
14.06,0
14.07,0
14.08,0
14.09,0
14.1,0
14.11,0
14.12,0
14.13,0
14.14,0
14.15,0
14.16,0
14.17,0
14.18,0
14.19,0
14.2,0
14.21,0
14.22,0
14.23,0
14.24,0
14.25,0
14.26,0
14.27,0
14.28,0
14.29,0
14.3,0
14.31,0
14.32,0
14.33,0
14.34,0
14.35,0
14.36,0
14.37,0
14.38,0
14.39,0
14.4,0
14.41,0
14.42,0
14.43,0
14.44,0
14.45,0
14.46,0
14.47,0
14.48,0
14.49,0
14.5,0
14.51,0
14.52,0
14.53,0
14.54,0
14.55,0
14.56,0
14.57,0
14.58,0
14.59,0
14.6,0
14.61,0
14.62,0
14.63,0
14.64,0
14.65,0
14.66,0
14.67,0
14.68,0
14.69,0
14.7,0
14.71,0
14.72,0
14.73,0
14.74,0
14.75,0
14.76,0
14.77,0
14.78,0
14.79,0
14.8,0
14.81,0
14.82,0
14.83,0
14.84,0
14.85,0
14.86,0
14.87,0
14.88,0
14.89,0
14.9,0
14.91,0
14.92,0
14.93,0
14.94,0
14.95,0
14.96,0
14.97,0
14.98,0
14.99,0
15,0
15.01,0
15.02,0
15.03,0
15.04,0
15.05,0
15.06,0
15.07,0
15.08,0
15.09,0
15.1,0
15.11,0
15.12,0
15.13,0
15.14,0
15.15,0
15.16,0
15.17,0
15.18,0
15.19,0
15.2,0
15.21,0
15.22,0
15.23,0
15.24,0
15.25,0
15.26,0
15.27,0
15.28,0
15.29,0
15.3,0
15.31,0
15.32,0
15.33,0
15.34,0
15.35,0
15.36,0
15.37,0
15.38,0
15.39,0
15.4,0
15.41,0
15.42,0
15.43,0
15.44,0
15.45,0
15.46,0
15.47,0
15.48,0
15.49,0
15.5,0
15.51,0
15.52,0
15.53,0
15.54,0
15.55,0
15.56,0
15.57,0
15.58,0
15.59,0
15.6,0
15.61,0
15.62,0
15.63,0
15.64,0
15.65,0
15.66,0
15.67,0
15.68,0
15.69,0
15.7,0
15.71,0
15.72,0
15.73,0
15.74,0
15.75,0
15.76,0
15.77,0
15.78,0
15.79,0
15.8,0
15.81,0
15.82,0
15.83,0
15.84,0
15.85,0
15.86,0
15.87,0
15.88,0
15.89,0
15.9,0
15.91,0
15.92,0
15.93,0
15.94,0
15.95,0
15.96,0
15.97,0
15.98,0
15.99,0
16,0
16.01,0
16.02,0
16.03,0
16.04,0
16.05,0
16.06,0
16.07,0
16.08,0
16.09,0
16.1,0
16.11,0
16.12,0
16.13,0
16.14,0
16.15,0
16.16,0
16.17,0
16.18,0
16.19,0
16.2,0
16.21,0
16.22,0
16.23,0
16.24,0
16.25,0
16.26,0
16.27,0
16.28,0
16.29,0
16.3,0
16.31,0
16.32,0
16.33,0
16.34,0
16.35,0
16.36,0
16.37,0
16.38,0
16.39,0
16.4,0
16.41,0
16.42,0
16.43,0
16.44,0
16.45,0
16.46,0
16.47,0
16.48,0
16.49,0
16.5,0
16.51,0
16.52,0
16.53,0
16.54,0
16.55,0
16.56,0
16.57,0
16.58,0
16.59,0
16.6,0
16.61,0
16.62,0
16.63,0
16.64,0
16.65,0
16.66,0
16.67,0
16.68,0
16.69,0
16.7,0
16.71,0
16.72,0
16.73,0
16.74,0
16.75,0
16.76,0
16.77,0
16.78,0
16.79,0
16.8,0
16.81,0
16.82,0
16.83,0
16.84,0
16.85,0
16.86,0
16.87,0
16.88,0
16.89,0
16.9,0
16.91,0
16.92,0
16.93,0
16.94,0
16.95,0
16.96,0
16.97,0
16.98,0
16.99,0
17,0
17.01,0
17.02,0
17.03,0
17.04,0
17.05,0
17.06,0
17.07,0
17.08,0
17.09,0
17.1,0
17.11,0
17.12,0
17.13,0
17.14,0
17.15,0
17.16,0
17.17,0
17.18,0
17.19,0
17.2,0
17.21,0
17.22,0
17.23,0
17.24,0
17.25,0
17.26,0
17.27,0
17.28,0
17.29,0
17.3,0
17.31,0
17.32,0
17.33,0
17.34,0
17.35,0
17.36,0
17.37,0
17.38,0
17.39,0
17.4,0
17.41,0
17.42,0
17.43,0
17.44,0
17.45,0
17.46,0
17.47,0
17.48,0
17.49,0
17.5,0
17.51,0
17.52,0
17.53,0
17.54,0
17.55,0
17.56,0
17.57,0
17.58,0
17.59,0
17.6,0
17.61,0
17.62,0
17.63,0
17.64,0
17.65,0
17.66,0
17.67,0
17.68,0
17.69,0
17.7,0
17.71,0
17.72,0
17.73,0
17.74,0
17.75,0
17.76,0
17.77,0
17.78,0
17.79,0
17.8,0
17.81,0
17.82,0
17.83,0
17.84,0
17.85,0
17.86,0
17.87,0
17.88,0
17.89,0
17.9,0
17.91,0
17.92,0
17.93,0
17.94,0
17.95,0
17.96,0
17.97,0
17.98,0
17.99,0
18,0
18.01,0
18.02,0
18.03,0
18.04,0
18.05,0
18.06,0
18.07,0
18.08,0
18.09,0
18.1,0
18.11,0
18.12,0
18.13,0
18.14,0
18.15,0
18.16,0
18.17,0
18.18,0
18.19,0
18.2,0
18.21,0
18.22,0
18.23,0
18.24,0
18.25,0
18.26,0
18.27,0
18.28,0
18.29,0
18.3,0
18.31,0
18.32,0
18.33,0
18.34,0
18.35,0
18.36,0
18.37,0
18.38,0
18.39,0
18.4,0
18.41,0
18.42,0
18.43,0
18.44,0
18.45,0
18.46,0
18.47,0
18.48,0
18.49,0
18.5,0
18.51,0
18.52,0
18.53,0
18.54,0
18.55,0
18.56,0
18.57,0
18.58,0
18.59,0
18.6,0
18.61,0
18.62,0
18.63,0
18.64,0
18.65,0
18.66,0
18.67,0
18.68,0
18.69,0
18.7,0
18.71,0
18.72,0
18.73,0
18.74,0
18.75,0
18.76,0
18.77,0
18.78,0
18.79,0
18.8,0
18.81,0
18.82,0
18.83,0
18.84,0
18.85,0
18.86,0
18.87,0
18.88,0
18.89,0
18.9,0
18.91,0
18.92,0
18.93,0
18.94,0
18.95,0
18.96,0
18.97,0
18.98,0
18.99,0
19,0
19.01,0
19.02,0
19.03,0
19.04,0
19.05,0
19.06,0
19.07,0
19.08,0
19.09,0
19.1,0
19.11,0
19.12,0
19.13,0
19.14,0
19.15,0
19.16,0
19.17,0
19.18,0
19.19,0
19.2,0
19.21,0
19.22,0
19.23,0
19.24,0
19.25,0
19.26,0
19.27,0
19.28,0
19.29,0
19.3,0
19.31,0
19.32,0
19.33,0
19.34,0
19.35,0
19.36,0
19.37,0
19.38,0
19.39,0
19.4,0
19.41,0
19.42,0
19.43,0
19.44,0
19.45,0
19.46,0
19.47,0
19.48,0
19.49,0
19.5,0
19.51,0
19.52,0
19.53,0
19.54,0
19.55,0
19.56,0
19.57,0
19.58,0
19.59,0
19.6,0
19.61,0
19.62,0
19.63,0
19.64,0
19.65,0
19.66,0
19.67,0
19.68,0
19.69,0
19.7,0
19.71,0
19.72,0
19.73,0
19.74,0
19.75,0
19.76,0
19.77,0
19.78,0
19.79,0
19.8,0
19.81,0
19.82,0
19.83,0
19.84,0
19.85,0
19.86,0
19.87,0
19.88,0
19.89,0
19.9,0
19.91,0
19.92,0
19.93,0
19.94,0
19.95,0
19.96,0
19.97,0
19.98,0
19.99,0
20,-34.6383646170378
20.01,-34.6383646170378
20.02,-34.6383646170378
20.03,-34.6383646170378
20.04,-34.6383646170378
20.05,-34.6383646170378
20.06,-34.6383646170378
20.07,-34.6383646170378
20.08,-34.6383646170378
20.09,-34.6383646170378
20.1,-34.6383646170378
20.11,-34.6383646170378
20.12,-34.6383646170378
20.13,-34.6383646170378
20.14,-34.6383646170378
20.15,-34.6383646170378
20.16,-34.6383646170378
20.17,-34.6383646170378
20.18,-34.6383646170378
20.19,-34.6383646170378
20.2,-34.6383646170378
20.21,-34.6383646170378
20.22,-34.6383646170378
20.23,-34.6383646170378
20.24,-34.6383646170378
20.25,-34.6383646170378
20.26,-34.6383646170378
20.27,-34.6383646170378
20.28,-34.6383646170378
20.29,-34.6383646170378
20.3,-34.6383646170378
20.31,-34.6383646170378
20.32,-34.6383646170378
20.33,-34.6383646170378
20.34,-34.6383646170378
20.35,-34.6383646170378
20.36,-34.6383646170378
20.37,-34.6383646170378
20.38,-34.6383646170378
20.39,-34.6383646170378
20.4,-34.6383646170378
20.41,-34.6383646170378
20.42,-34.6383646170378
20.43,-34.6383646170378
20.44,-34.6383646170378
20.45,-34.6383646170378
20.46,-34.6383646170378
20.47,-34.6383646170378
20.48,-34.6383646170378
20.49,-34.6383646170378
20.5,-34.6383646170378
20.51,-34.6383646170378
20.52,-34.6383646170378
20.53,-34.6383646170378
20.54,-34.6383646170378
20.55,-34.6383646170378
20.56,-34.6383646170378
20.57,-34.6383646170378
20.58,-34.6383646170378
20.59,-34.6383646170378
20.6,-34.6383646170378
20.61,-34.6383646170378
20.62,-34.6383646170378
20.63,-34.6383646170378
20.64,-34.6383646170378
20.65,-34.6383646170378
20.66,-34.6383646170378
20.67,-34.6383646170378
20.68,-34.6383646170378
20.69,-34.6383646170378
20.7,-34.6383646170378
20.71,-34.6383646170378
20.72,-34.6383646170378
20.73,-34.6383646170378
20.74,-34.6383646170378
20.75,-34.6383646170378
20.76,-34.6383646170378
20.77,-34.6383646170378
20.78,-34.6383646170378
20.79,-34.6383646170378
20.8,-34.6383646170378
20.81,-34.6383646170378
20.82,-34.6383646170378
20.83,-34.6383646170378
20.84,-34.6383646170378
20.85,-34.6383646170378
20.86,-34.6383646170378
20.87,-34.6383646170378
20.88,-34.6383646170378
20.89,-34.6383646170378
20.9,-34.6383646170378
20.91,-34.6383646170378
20.92,-34.6383646170378
20.93,-34.6383646170378
20.94,-34.6383646170378
20.95,-34.6383646170378
20.96,-34.6383646170378
20.97,-34.6383646170378
20.98,-34.6383646170378
20.99,-34.6383646170378
21,-34.6383646170378
21.01,-34.6383646170378
21.02,-34.6383646170378
21.03,-34.6383646170378
21.04,-34.6383646170378
21.05,-34.6383646170378
21.06,-34.6383646170378
21.07,-34.6383646170378
21.08,-34.6383646170378
21.09,-34.6383646170378
21.1,-34.6383646170378
21.11,-34.6383646170378
21.12,-34.6383646170378
21.13,-34.6383646170378
21.14,-34.6383646170378
21.15,-34.6383646170378
21.16,-34.6383646170378
21.17,-34.6383646170378
21.18,-34.6383646170378
21.19,-34.6383646170378
21.2,-34.6383646170378
21.21,-34.6383646170378
21.22,-34.6383646170378
21.23,-34.6383646170378
21.24,-34.6383646170378
21.25,-34.6383646170378
21.26,-34.6383646170378
21.27,-34.6383646170378
21.28,-34.6383646170378
21.29,-34.6383646170378
21.3,-34.6383646170378
21.31,-34.6383646170378
21.32,-34.6383646170378
21.33,-34.6383646170378
21.34,-34.6383646170378
21.35,-34.6383646170378
21.36,-34.6383646170378
21.37,-34.6383646170378
21.38,-34.6383646170378
21.39,-34.6383646170378
21.4,-34.6383646170378
21.41,-34.6383646170378
21.42,-34.6383646170378
21.43,-34.6383646170378
21.44,-34.6383646170378
21.45,-34.6383646170378
21.46,-34.6383646170378
21.47,-34.6383646170378
21.48,-34.6383646170378
21.49,-34.6383646170378
21.5,-34.6383646170378
21.51,-34.6383646170378
21.52,-34.6383646170378
21.53,-34.6383646170378
21.54,-34.6383646170378
21.55,-34.6383646170378
21.56,-34.6383646170378
21.57,-34.6383646170378
21.58,-34.6383646170378
21.59,-34.6383646170378
21.6,-34.6383646170378
21.61,-34.6383646170378
21.62,-34.6383646170378
21.63,-34.6383646170378
21.64,-34.6383646170378
21.65,-34.6383646170378
21.66,-34.6383646170378
21.67,-34.6383646170378
21.68,-34.6383646170378
21.69,-34.6383646170378
21.7,-34.6383646170378
21.71,-34.6383646170378
21.72,-34.6383646170378
21.73,-34.6383646170378
21.74,-34.6383646170378
21.75,-34.6383646170378
21.76,-34.6383646170378
21.77,-34.6383646170378
21.78,-34.6383646170378
21.79,-34.6383646170378
21.8,-34.6383646170378
21.81,-34.6383646170378
21.82,-34.6383646170378
21.83,-34.6383646170378
21.84,-34.6383646170378
21.85,-34.6383646170378
21.86,-34.6383646170378
21.87,-34.6383646170378
21.88,-34.6383646170378
21.89,-34.6383646170378
21.9,-34.6383646170378
21.91,-34.6383646170378
21.92,-34.6383646170378
21.93,-34.6383646170378
21.94,-34.6383646170378
21.95,-34.6383646170378
21.96,-34.6383646170378
21.97,-34.6383646170378
21.98,-34.6383646170378
21.99,-34.6383646170378
22,-34.6383646170378
22.01,-34.6383646170378
22.02,-34.6383646170378
22.03,-34.6383646170378
22.04,-34.6383646170378
22.05,-34.6383646170378
22.06,-34.6383646170378
22.07,-34.6383646170378
22.08,-34.6383646170378
22.09,-34.6383646170378
22.1,-34.6383646170378
22.11,-34.6383646170378
22.12,-34.6383646170378
22.13,-34.6383646170378
22.14,-34.6383646170378
22.15,-34.6383646170378
22.16,-34.6383646170378
22.17,-34.6383646170378
22.18,-34.6383646170378
22.19,-34.6383646170378
22.2,-34.6383646170378
22.21,-34.6383646170378
22.22,-34.6383646170378
22.23,-34.6383646170378
22.24,-34.6383646170378
22.25,-34.6383646170378
22.26,-34.6383646170378
22.27,-34.6383646170378
22.28,-34.6383646170378
22.29,-34.6383646170378
22.3,-34.6383646170378
22.31,-34.6383646170378
22.32,-34.6383646170378
22.33,-34.6383646170378
22.34,-34.6383646170378
22.35,-34.6383646170378
22.36,-34.6383646170378
22.37,-34.6383646170378
22.38,-34.6383646170378
22.39,-34.6383646170378
22.4,-34.6383646170378
22.41,-34.6383646170378
22.42,-34.6383646170378
22.43,-34.6383646170378
22.44,-34.6383646170378
22.45,-34.6383646170378
22.46,-34.6383646170378
22.47,-34.6383646170378
22.48,-34.6383646170378
22.49,-34.6383646170378
22.5,-34.6383646170378
22.51,-34.6383646170378
22.52,-34.6383646170378
22.53,-34.6383646170378
22.54,-34.6383646170378
22.55,-34.6383646170378
22.56,-34.6383646170378
22.57,-34.6383646170378
22.58,-34.6383646170378
22.59,-34.6383646170378
22.6,-34.6383646170378
22.61,-34.6383646170378
22.62,-34.6383646170378
22.63,-34.6383646170378
22.64,-34.6383646170378
22.65,-34.6383646170378
22.66,-34.6383646170378
22.67,-34.6383646170378
22.68,-34.6383646170378
22.69,-34.6383646170378
22.7,-34.6383646170378
22.71,-34.6383646170378
22.72,-34.6383646170378
22.73,-34.6383646170378
22.74,-34.6383646170378
22.75,-34.6383646170378
22.76,-34.6383646170378
22.77,-34.6383646170378
22.78,-34.6383646170378
22.79,-34.6383646170378
22.8,-34.6383646170378
22.81,-34.6383646170378
22.82,-34.6383646170378
22.83,-34.6383646170378
22.84,-34.6383646170378
22.85,-34.6383646170378
22.86,-34.6383646170378
22.87,-34.6383646170378
22.88,-34.6383646170378
22.89,-34.6383646170378
22.9,-34.6383646170378
22.91,-34.6383646170378
22.92,-34.6383646170378
22.93,-34.6383646170378
22.94,-34.6383646170378
22.95,-34.6383646170378
22.96,-34.6383646170378
22.97,-34.6383646170378
22.98,-34.6383646170378
22.99,-34.6383646170378
23,-34.6383646170378
23.01,-34.6383646170378
23.02,-34.6383646170378
23.03,-34.6383646170378
23.04,-34.6383646170378
23.05,-34.6383646170378
23.06,-34.6383646170378
23.07,-34.6383646170378
23.08,-34.6383646170378
23.09,-34.6383646170378
23.1,-34.6383646170378
23.11,-34.6383646170378
23.12,-34.6383646170378
23.13,-34.6383646170378
23.14,-34.6383646170378
23.15,-34.6383646170378
23.16,-34.6383646170378
23.17,-34.6383646170378
23.18,-34.6383646170378
23.19,-34.6383646170378
23.2,-34.6383646170378
23.21,-34.6383646170378
23.22,-34.6383646170378
23.23,-34.6383646170378
23.24,-34.6383646170378
23.25,-34.6383646170378
23.26,-34.6383646170378
23.27,-34.6383646170378
23.28,-34.6383646170378
23.29,-34.6383646170378
23.3,-34.6383646170378
23.31,-34.6383646170378
23.32,-34.6383646170378
23.33,-34.6383646170378
23.34,-34.6383646170378
23.35,-34.6383646170378
23.36,-34.6383646170378
23.37,-34.6383646170378
23.38,-34.6383646170378
23.39,-34.6383646170378
23.4,-34.6383646170378
23.41,-34.6383646170378
23.42,-34.6383646170378
23.43,-34.6383646170378
23.44,-34.6383646170378
23.45,-34.6383646170378
23.46,-34.6383646170378
23.47,-34.6383646170378
23.48,-34.6383646170378
23.49,-34.6383646170378
23.5,-34.6383646170378
23.51,-34.6383646170378
23.52,-34.6383646170378
23.53,-34.6383646170378
23.54,-34.6383646170378
23.55,-34.6383646170378
23.56,-34.6383646170378
23.57,-34.6383646170378
23.58,-34.6383646170378
23.59,-34.6383646170378
23.6,-34.6383646170378
23.61,-34.6383646170378
23.62,-34.6383646170378
23.63,-34.6383646170378
23.64,-34.6383646170378
23.65,8.89382694734649
23.66,8.89382694734649
23.67,8.89382694734649
23.68,8.89382694734649
23.69,8.89382694734649
23.7,8.89382694734649
23.71,8.89382694734649
23.72,8.89382694734649
23.73,8.89382694734649
23.74,8.89382694734649
23.75,8.89382694734649
23.76,8.89382694734649
23.77,8.89382694734649
23.78,8.89382694734649
23.79,8.89382694734649
23.8,8.89382694734649
23.81,8.89382694734649
23.82,8.89382694734649
23.83,8.89382694734649
23.84,8.89382694734649
23.85,8.89382694734649
23.86,8.89382694734649
23.87,8.89382694734649
23.88,8.89382694734649
23.89,8.89382694734649
23.9,8.89382694734649
23.91,8.89382694734649
23.92,8.89382694734649
23.93,8.89382694734649
23.94,8.89382694734649
23.95,8.89382694734649
23.96,8.89382694734649
23.97,8.89382694734649
23.98,8.89382694734649
23.99,8.89382694734649
24,8.89382694734649
24.01,8.89382694734649
24.02,8.89382694734649
24.03,8.89382694734649
24.04,8.89382694734649
24.05,8.89382694734649
24.06,8.89382694734649
24.07,8.89382694734649
24.08,8.89382694734649
24.09,8.89382694734649
24.1,8.89382694734649
24.11,8.89382694734649
24.12,8.89382694734649
24.13,8.89382694734649
24.14,8.89382694734649
24.15,8.89382694734649
24.16,8.89382694734649
24.17,8.89382694734649
24.18,8.89382694734649
24.19,8.89382694734649
24.2,8.89382694734649
24.21,8.89382694734649
24.22,8.89382694734649
24.23,8.89382694734649
24.24,8.89382694734649
24.25,8.89382694734649
24.26,8.89382694734649
24.27,8.89382694734649
24.28,8.89382694734649
24.29,8.89382694734649
24.3,8.89382694734649
24.31,8.89382694734649
24.32,8.89382694734649
24.33,8.89382694734649
24.34,8.89382694734649
24.35,8.89382694734649
24.36,8.89382694734649
24.37,8.89382694734649
24.38,8.89382694734649
24.39,8.89382694734649
24.4,8.89382694734649
24.41,8.89382694734649
24.42,8.89382694734649
24.43,8.89382694734649
24.44,8.89382694734649
24.45,8.89382694734649
24.46,8.89382694734649
24.47,8.89382694734649
24.48,8.89382694734649
24.49,8.89382694734649
24.5,8.89382694734649
24.51,8.89382694734649
24.52,8.89382694734649
24.53,8.89382694734649
24.54,8.89382694734649
24.55,8.89382694734649
24.56,8.89382694734649
24.57,8.89382694734649
24.58,8.89382694734649
24.59,8.89382694734649
24.6,8.89382694734649
24.61,8.89382694734649
24.62,8.89382694734649
24.63,8.89382694734649
24.64,8.89382694734649
24.65,8.89382694734649
24.66,8.89382694734649
24.67,8.89382694734649
24.68,8.89382694734649
24.69,8.89382694734649
24.7,8.89382694734649
24.71,8.89382694734649
24.72,8.89382694734649
24.73,8.89382694734649
24.74,8.89382694734649
24.75,8.89382694734649
24.76,8.89382694734649
24.77,8.89382694734649
24.78,8.89382694734649
24.79,8.89382694734649
24.8,8.89382694734649
24.81,8.89382694734649
24.82,8.89382694734649
24.83,8.89382694734649
24.84,8.89382694734649
24.85,8.89382694734649
24.86,8.89382694734649
24.87,8.89382694734649
24.88,8.89382694734649
24.89,8.89382694734649
24.9,8.89382694734649
24.91,8.89382694734649
24.92,8.89382694734649
24.93,8.89382694734649
24.94,8.89382694734649
24.95,8.89382694734649
24.96,8.89382694734649
24.97,8.89382694734649
24.98,8.89382694734649
24.99,8.89382694734649
25,8.89382694734649
25.01,8.89382694734649
25.02,8.89382694734649
25.03,8.89382694734649
25.04,8.89382694734649
25.05,8.89382694734649
25.06,8.89382694734649
25.07,8.89382694734649
25.08,8.89382694734649
25.09,8.89382694734649
25.1,8.89382694734649
25.11,8.89382694734649
25.12,8.89382694734649
25.13,8.89382694734649
25.14,8.89382694734649
25.15,8.89382694734649
25.16,8.89382694734649
25.17,8.89382694734649
25.18,8.89382694734649
25.19,8.89382694734649
25.2,8.89382694734649
25.21,8.89382694734649
25.22,8.89382694734649
25.23,8.89382694734649
25.24,8.89382694734649
25.25,8.89382694734649
25.26,8.89382694734649
25.27,8.89382694734649
25.28,8.89382694734649
25.29,8.89382694734649
25.3,8.89382694734649
25.31,8.89382694734649
25.32,8.89382694734649
25.33,8.89382694734649
25.34,8.89382694734649
25.35,8.89382694734649
25.36,8.89382694734649
25.37,8.89382694734649
25.38,8.89382694734649
25.39,8.89382694734649
25.4,8.89382694734649
25.41,8.89382694734649
25.42,8.89382694734649
25.43,8.89382694734649
25.44,8.89382694734649
25.45,8.89382694734649
25.46,8.89382694734649
25.47,8.89382694734649
25.48,8.89382694734649
25.49,8.89382694734649
25.5,8.89382694734649
25.51,8.89382694734649
25.52,8.89382694734649
25.53,8.89382694734649
25.54,8.89382694734649
25.55,8.89382694734649
25.56,8.89382694734649
25.57,8.89382694734649
25.58,8.89382694734649
25.59,8.89382694734649
25.6,8.89382694734649
25.61,8.89382694734649
25.62,8.89382694734649
25.63,8.89382694734649
25.64,8.89382694734649
25.65,8.89382694734649
25.66,8.89382694734649
25.67,8.89382694734649
25.68,8.89382694734649
25.69,8.89382694734649
25.7,8.89382694734649
25.71,8.89382694734649
25.72,8.89382694734649
25.73,8.89382694734649
25.74,8.89382694734649
25.75,8.89382694734649
25.76,8.89382694734649
25.77,8.89382694734649
25.78,8.89382694734649
25.79,8.89382694734649
25.8,8.89382694734649
25.81,8.89382694734649
25.82,8.89382694734649
25.83,8.89382694734649
25.84,8.89382694734649
25.85,8.89382694734649
25.86,8.89382694734649
25.87,8.89382694734649
25.88,8.89382694734649
25.89,8.89382694734649
25.9,8.89382694734649
25.91,8.89382694734649
25.92,8.89382694734649
25.93,8.89382694734649
25.94,8.89382694734649
25.95,8.89382694734649
25.96,8.89382694734649
25.97,8.89382694734649
25.98,8.89382694734649
25.99,8.89382694734649
26,8.89382694734649
26.01,8.89382694734649
26.02,8.89382694734649
26.03,8.89382694734649
26.04,8.89382694734649
26.05,8.89382694734649
26.06,8.89382694734649
26.07,8.89382694734649
26.08,8.89382694734649
26.09,8.89382694734649
26.1,8.89382694734649
26.11,8.89382694734649
26.12,8.89382694734649
26.13,8.89382694734649
26.14,8.89382694734649
26.15,8.89382694734649
26.16,8.89382694734649
26.17,8.89382694734649
26.18,8.89382694734649
26.19,8.89382694734649
26.2,8.89382694734649
26.21,8.89382694734649
26.22,8.89382694734649
26.23,8.89382694734649
26.24,8.89382694734649
26.25,8.89382694734649
26.26,8.89382694734649
26.27,8.89382694734649
26.28,8.89382694734649
26.29,8.89382694734649
26.3,8.89382694734649
26.31,8.89382694734649
26.32,8.89382694734649
26.33,8.89382694734649
26.34,8.89382694734649
26.35,8.89382694734649
26.36,-8.84983165387559
26.37,-8.84983165387559
26.38,-8.84983165387559
26.39,-8.84983165387559
26.4,-8.84983165387559
26.41,-8.84983165387559
26.42,-8.84983165387559
26.43,-8.84983165387559
26.44,-8.84983165387559
26.45,-8.84983165387559
26.46,-8.84983165387559
26.47,-8.84983165387559
26.48,-8.84983165387559
26.49,-8.84983165387559
26.5,-8.84983165387559
26.51,-8.84983165387559
26.52,-8.84983165387559
26.53,-8.84983165387559
26.54,-8.84983165387559
26.55,-8.84983165387559
26.56,-8.84983165387559
26.57,-8.84983165387559
26.58,-8.84983165387559
26.59,-8.84983165387559
26.6,-8.84983165387559
26.61,-8.84983165387559
26.62,-8.84983165387559
26.63,-8.84983165387559
26.64,-8.84983165387559
26.65,-8.84983165387559
26.66,-8.84983165387559
26.67,-8.84983165387559
26.68,-8.84983165387559
26.69,-8.84983165387559
26.7,-8.84983165387559
26.71,-8.84983165387559
26.72,-8.84983165387559
26.73,-8.84983165387559
26.74,-8.84983165387559
26.75,-8.84983165387559
26.76,-8.84983165387559
26.77,-8.84983165387559
26.78,-8.84983165387559
26.79,-8.84983165387559
26.8,-8.84983165387559
26.81,-8.84983165387559
26.82,-8.84983165387559
26.83,-8.84983165387559
26.84,-8.84983165387559
26.85,-8.84983165387559
26.86,-8.84983165387559
26.87,-8.84983165387559
26.88,-8.84983165387559
26.89,-8.84983165387559
26.9,-8.84983165387559
26.91,-8.84983165387559
26.92,-8.84983165387559
26.93,-8.84983165387559
26.94,-8.84983165387559
26.95,-8.84983165387559
26.96,-8.84983165387559
26.97,-8.84983165387559
26.98,-8.84983165387559
26.99,-8.84983165387559
27,-8.84983165387559
27.01,-8.84983165387559
27.02,-8.84983165387559
27.03,-8.84983165387559
27.04,-8.84983165387559
27.05,-8.84983165387559
27.06,-8.84983165387559
27.07,-8.84983165387559
27.08,-8.84983165387559
27.09,-8.84983165387559
27.1,-8.84983165387559
27.11,-8.84983165387559
27.12,-8.84983165387559
27.13,-8.84983165387559
27.14,-8.84983165387559
27.15,-8.84983165387559
27.16,-8.84983165387559
27.17,-8.84983165387559
27.18,-8.84983165387559
27.19,-8.84983165387559
27.2,-8.84983165387559
27.21,-8.84983165387559
27.22,-8.84983165387559
27.23,-8.84983165387559
27.24,-8.84983165387559
27.25,-8.84983165387559
27.26,-8.84983165387559
27.27,-8.84983165387559
27.28,-8.84983165387559
27.29,-8.84983165387559
27.3,-8.84983165387559
27.31,-8.84983165387559
27.32,-8.84983165387559
27.33,-8.84983165387559
27.34,-8.84983165387559
27.35,-8.84983165387559
27.36,-8.84983165387559
27.37,-8.84983165387559
27.38,-8.84983165387559
27.39,-8.84983165387559
27.4,-8.84983165387559
27.41,-8.84983165387559
27.42,-8.84983165387559
27.43,-8.84983165387559
27.44,-8.84983165387559
27.45,-8.84983165387559
27.46,-8.84983165387559
27.47,-8.84983165387559
27.48,-8.84983165387559
27.49,-8.84983165387559
27.5,-8.84983165387559
27.51,-8.84983165387559
27.52,-8.84983165387559
27.53,-8.84983165387559
27.54,-8.84983165387559
27.55,-8.84983165387559
27.56,-8.84983165387559
27.57,-8.84983165387559
27.58,-8.84983165387559
27.59,-8.84983165387559
27.6,-8.84983165387559
27.61,-8.84983165387559
27.62,-8.84983165387559
27.63,-8.84983165387559
27.64,-8.84983165387559
27.65,-8.84983165387559
27.66,-8.84983165387559
27.67,-8.84983165387559
27.68,-8.84983165387559
27.69,-8.84983165387559
27.7,-8.84983165387559
27.71,-8.84983165387559
27.72,-8.84983165387559
27.73,-8.84983165387559
27.74,-8.84983165387559
27.75,-8.84983165387559
27.76,-8.84983165387559
27.77,-8.84983165387559
27.78,-8.84983165387559
27.79,-8.84983165387559
27.8,-8.84983165387559
27.81,-8.84983165387559
27.82,-8.84983165387559
27.83,-8.84983165387559
27.84,-8.84983165387559
27.85,-8.84983165387559
27.86,-8.84983165387559
27.87,-8.84983165387559
27.88,-8.84983165387559
27.89,-8.84983165387559
27.9,-8.84983165387559
27.91,-8.84983165387559
27.92,-8.84983165387559
27.93,-8.84983165387559
27.94,47.7606637915158
27.95,47.7606637915158
27.96,47.7606637915158
27.97,47.7606637915158
27.98,47.7606637915158
27.99,47.7606637915158
28,47.7606637915158
28.01,47.7606637915158
28.02,47.7606637915158
28.03,47.7606637915158
28.04,47.7606637915158
28.05,47.7606637915158
28.06,47.7606637915158
28.07,47.7606637915158
28.08,47.7606637915158
28.09,47.7606637915158
28.1,47.7606637915158
28.11,47.7606637915158
28.12,47.7606637915158
28.13,47.7606637915158
28.14,47.7606637915158
28.15,47.7606637915158
28.16,47.7606637915158
28.17,47.7606637915158
28.18,47.7606637915158
28.19,47.7606637915158
28.2,47.7606637915158
28.21,47.7606637915158
28.22,47.7606637915158
28.23,47.7606637915158
28.24,47.7606637915158
28.25,47.7606637915158
28.26,47.7606637915158
28.27,47.7606637915158
28.28,47.7606637915158
28.29,47.7606637915158
28.3,47.7606637915158
28.31,47.7606637915158
28.32,47.7606637915158
28.33,47.7606637915158
28.34,47.7606637915158
28.35,47.7606637915158
28.36,47.7606637915158
28.37,47.7606637915158
28.38,47.7606637915158
28.39,47.7606637915158
28.4,47.7606637915158
28.41,47.7606637915158
28.42,47.7606637915158
28.43,47.7606637915158
28.44,47.7606637915158
28.45,47.7606637915158
28.46,47.7606637915158
28.47,47.7606637915158
28.48,47.7606637915158
28.49,47.7606637915158
28.5,47.7606637915158
28.51,47.7606637915158
28.52,47.7606637915158
28.53,47.7606637915158
28.54,47.7606637915158
28.55,47.7606637915158
28.56,47.7606637915158
28.57,47.7606637915158
28.58,47.7606637915158
28.59,47.7606637915158
28.6,47.7606637915158
28.61,47.7606637915158
28.62,47.7606637915158
28.63,47.7606637915158
28.64,47.7606637915158
28.65,47.7606637915158
28.66,47.7606637915158
28.67,47.7606637915158
28.68,47.7606637915158
28.69,47.7606637915158
28.7,47.7606637915158
28.71,47.7606637915158
28.72,47.7606637915158
28.73,47.7606637915158
28.74,47.7606637915158
28.75,47.7606637915158
28.76,47.7606637915158
28.77,47.7606637915158
28.78,47.7606637915158
28.79,47.7606637915158
28.8,47.7606637915158
28.81,47.7606637915158
28.82,47.7606637915158
28.83,47.7606637915158
28.84,47.7606637915158
28.85,47.7606637915158
28.86,47.7606637915158
28.87,47.7606637915158
28.88,47.7606637915158
28.89,47.7606637915158
28.9,47.7606637915158
28.91,47.7606637915158
28.92,47.7606637915158
28.93,47.7606637915158
28.94,47.7606637915158
28.95,47.7606637915158
28.96,47.7606637915158
28.97,47.7606637915158
28.98,47.7606637915158
28.99,47.7606637915158
29,47.7606637915158
29.01,47.7606637915158
29.02,47.7606637915158
29.03,47.7606637915158
29.04,47.7606637915158
29.05,47.7606637915158
29.06,47.7606637915158
29.07,47.7606637915158
29.08,47.7606637915158
29.09,47.7606637915158
29.1,47.7606637915158
29.11,47.7606637915158
29.12,47.7606637915158
29.13,47.7606637915158
29.14,47.7606637915158
29.15,47.7606637915158
29.16,47.7606637915158
29.17,47.7606637915158
29.18,47.7606637915158
29.19,47.7606637915158
29.2,47.7606637915158
29.21,47.7606637915158
29.22,47.7606637915158
29.23,47.7606637915158
29.24,47.7606637915158
29.25,47.7606637915158
29.26,47.7606637915158
29.27,47.7606637915158
29.28,47.7606637915158
29.29,47.7606637915158
29.3,47.7606637915158
29.31,47.7606637915158
29.32,47.7606637915158
29.33,47.7606637915158
29.34,47.7606637915158
29.35,47.7606637915158
29.36,47.7606637915158
29.37,47.7606637915158
29.38,47.7606637915158
29.39,47.7606637915158
29.4,47.7606637915158
29.41,47.7606637915158
29.42,47.7606637915158
29.43,47.7606637915158
29.44,47.7606637915158
29.45,47.7606637915158
29.46,47.7606637915158
29.47,47.7606637915158
29.48,47.7606637915158
29.49,47.7606637915158
29.5,47.7606637915158
29.51,47.7606637915158
29.52,47.7606637915158
29.53,47.7606637915158
29.54,47.7606637915158
29.55,47.7606637915158
29.56,47.7606637915158
29.57,47.7606637915158
29.58,47.7606637915158
29.59,47.7606637915158
29.6,47.7606637915158
29.61,47.7606637915158
29.62,47.7606637915158
29.63,47.7606637915158
29.64,47.7606637915158
29.65,47.7606637915158
29.66,47.7606637915158
29.67,47.7606637915158
29.68,47.7606637915158
29.69,47.7606637915158
29.7,47.7606637915158
29.71,47.7606637915158
29.72,47.7606637915158
29.73,47.7606637915158
29.74,47.7606637915158
29.75,47.7606637915158
29.76,47.7606637915158
29.77,47.7606637915158
29.78,47.7606637915158
29.79,47.7606637915158
29.8,47.7606637915158
29.81,47.7606637915158
29.82,47.7606637915158
29.83,47.7606637915158
29.84,47.7606637915158
29.85,47.7606637915158
29.86,47.7606637915158
29.87,47.7606637915158
29.88,47.7606637915158
29.89,47.7606637915158
29.9,47.7606637915158
29.91,47.7606637915158
29.92,-26.9708376010915
29.93,-26.9708376010915
29.94,-26.9708376010915
29.95,-26.9708376010915
29.96,-26.9708376010915
29.97,-26.9708376010915
29.98,-26.9708376010915
29.99,-26.9708376010915
30,-26.9708376010915
30.01,-26.9708376010915
30.02,-26.9708376010915
30.03,-26.9708376010915
30.04,-26.9708376010915
30.05,-26.9708376010915
30.06,-26.9708376010915
30.07,-26.9708376010915
30.08,-26.9708376010915
30.09,-26.9708376010915
30.1,-26.9708376010915
30.11,-26.9708376010915
30.12,-26.9708376010915
30.13,-26.9708376010915
30.14,-26.9708376010915
30.15,-26.9708376010915
30.16,-26.9708376010915
30.17,-26.9708376010915
30.18,-26.9708376010915
30.19,-26.9708376010915
30.2,-26.9708376010915
30.21,-26.9708376010915
30.22,-26.9708376010915
30.23,-26.9708376010915
30.24,-26.9708376010915
30.25,-26.9708376010915
30.26,-26.9708376010915
30.27,-26.9708376010915
30.28,-26.9708376010915
30.29,-26.9708376010915
30.3,-26.9708376010915
30.31,-26.9708376010915
30.32,-26.9708376010915
30.33,-26.9708376010915
30.34,-26.9708376010915
30.35,-26.9708376010915
30.36,-26.9708376010915
30.37,-26.9708376010915
30.38,-26.9708376010915
30.39,-26.9708376010915
30.4,-26.9708376010915
30.41,-26.9708376010915
30.42,-26.9708376010915
30.43,-26.9708376010915
30.44,-26.9708376010915
30.45,-26.9708376010915
30.46,-26.9708376010915
30.47,-26.9708376010915
30.48,-26.9708376010915
30.49,-26.9708376010915
30.5,-26.9708376010915
30.51,-26.9708376010915
30.52,-26.9708376010915
30.53,-26.9708376010915
30.54,-26.9708376010915
30.55,-26.9708376010915
30.56,-26.9708376010915
30.57,-26.9708376010915
30.58,-26.9708376010915
30.59,-26.9708376010915
30.6,-26.9708376010915
30.61,-26.9708376010915
30.62,-26.9708376010915
30.63,-26.9708376010915
30.64,-26.9708376010915
30.65,-26.9708376010915
30.66,-26.9708376010915
30.67,-26.9708376010915
30.68,-26.9708376010915
30.69,-26.9708376010915
30.7,-26.9708376010915
30.71,-26.9708376010915
30.72,-26.9708376010915
30.73,-26.9708376010915
30.74,-26.9708376010915
30.75,-26.9708376010915
30.76,-26.9708376010915
30.77,-26.9708376010915
30.78,-26.9708376010915
30.79,-26.9708376010915
30.8,-26.9708376010915
30.81,-26.9708376010915
30.82,-26.9708376010915
30.83,-26.9708376010915
30.84,-26.9708376010915
30.85,-26.9708376010915
30.86,-26.9708376010915
30.87,-26.9708376010915
30.88,-26.9708376010915
30.89,-26.9708376010915
30.9,-26.9708376010915
30.91,-26.9708376010915
30.92,-26.9708376010915
30.93,-26.9708376010915
30.94,-26.9708376010915
30.95,-26.9708376010915
30.96,-26.9708376010915
30.97,-26.9708376010915
30.98,-26.9708376010915
30.99,-26.9708376010915
31,-26.9708376010915
31.01,-26.9708376010915
31.02,-26.9708376010915
31.03,-26.9708376010915
31.04,-26.9708376010915
31.05,-26.9708376010915
31.06,-26.9708376010915
31.07,-26.9708376010915
31.08,-26.9708376010915
31.09,-26.9708376010915
31.1,-26.9708376010915
31.11,-26.9708376010915
31.12,-26.9708376010915
31.13,-26.9708376010915
31.14,-26.9708376010915
31.15,-26.9708376010915
31.16,-26.9708376010915
31.17,-26.9708376010915
31.18,-26.9708376010915
31.19,-26.9708376010915
31.2,-26.9708376010915
31.21,-26.9708376010915
31.22,-26.9708376010915
31.23,-26.9708376010915
31.24,-26.9708376010915
31.25,-26.9708376010915
31.26,-26.9708376010915
31.27,-26.9708376010915
31.28,-26.9708376010915
31.29,-26.9708376010915
31.3,-26.9708376010915
31.31,-26.9708376010915
31.32,-26.9708376010915
31.33,-26.9708376010915
31.34,-26.9708376010915
31.35,-26.9708376010915
31.36,-26.9708376010915
31.37,-26.9708376010915
31.38,-26.9708376010915
31.39,-26.9708376010915
31.4,-26.9708376010915
31.41,-26.9708376010915
31.42,-26.9708376010915
31.43,-26.9708376010915
31.44,-26.9708376010915
31.45,-26.9708376010915
31.46,-26.9708376010915
31.47,-26.9708376010915
31.48,-26.9708376010915
31.49,-26.9708376010915
31.5,-26.9708376010915
31.51,-26.9708376010915
31.52,-26.9708376010915
31.53,-26.9708376010915
31.54,-26.9708376010915
31.55,-26.9708376010915
31.56,-26.9708376010915
31.57,-26.9708376010915
31.58,-26.9708376010915
31.59,-26.9708376010915
31.6,-26.9708376010915
31.61,-26.9708376010915
31.62,-26.9708376010915
31.63,-26.9708376010915
31.64,-26.9708376010915
31.65,-26.9708376010915
31.66,-26.9708376010915
31.67,-26.9708376010915
31.68,-26.9708376010915
31.69,-26.9708376010915
31.7,-26.9708376010915
31.71,-26.9708376010915
31.72,-26.9708376010915
31.73,-26.9708376010915
31.74,-26.9708376010915
31.75,-26.9708376010915
31.76,-26.9708376010915
31.77,-26.9708376010915
31.78,-26.9708376010915
31.79,-26.9708376010915
31.8,-26.9708376010915
31.81,-26.9708376010915
31.82,-26.9708376010915
31.83,-26.9708376010915
31.84,-26.9708376010915
31.85,-26.9708376010915
31.86,40.1204845338372
31.87,40.1204845338372
31.88,40.1204845338372
31.89,40.1204845338372
31.9,40.1204845338372
31.91,40.1204845338372
31.92,40.1204845338372
31.93,40.1204845338372
31.94,40.1204845338372
31.95,40.1204845338372
31.96,40.1204845338372
31.97,40.1204845338372
31.98,40.1204845338372
31.99,40.1204845338372
32,40.1204845338372
32.01,40.1204845338372
32.02,40.1204845338372
32.03,40.1204845338372
32.04,40.1204845338372
32.05,40.1204845338372
32.06,40.1204845338372
32.07,40.1204845338372
32.08,40.1204845338372
32.09,40.1204845338372
32.1,40.1204845338372
32.11,40.1204845338372
32.12,40.1204845338372
32.13,40.1204845338372
32.14,40.1204845338372
32.15,40.1204845338372
32.16,40.1204845338372
32.17,40.1204845338372
32.18,40.1204845338372
32.19,40.1204845338372
32.2,40.1204845338372
32.21,40.1204845338372
32.22,40.1204845338372
32.23,40.1204845338372
32.24,40.1204845338372
32.25,40.1204845338372
32.26,40.1204845338372
32.27,40.1204845338372
32.28,40.1204845338372
32.29,40.1204845338372
32.3,40.1204845338372
32.31,40.1204845338372
32.32,40.1204845338372
32.33,40.1204845338372
32.34,40.1204845338372
32.35,40.1204845338372
32.36,40.1204845338372
32.37,40.1204845338372
32.38,40.1204845338372
32.39,40.1204845338372
32.4,40.1204845338372
32.41,40.1204845338372
32.42,40.1204845338372
32.43,40.1204845338372
32.44,40.1204845338372
32.45,40.1204845338372
32.46,40.1204845338372
32.47,40.1204845338372
32.48,40.1204845338372
32.49,40.1204845338372
32.5,40.1204845338372
32.51,40.1204845338372
32.52,40.1204845338372
32.53,40.1204845338372
32.54,40.1204845338372
32.55,40.1204845338372
32.56,40.1204845338372
32.57,40.1204845338372
32.58,40.1204845338372
32.59,40.1204845338372
32.6,40.1204845338372
32.61,40.1204845338372
32.62,40.1204845338372
32.63,40.1204845338372
32.64,40.1204845338372
32.65,40.1204845338372
32.66,40.1204845338372
32.67,40.1204845338372
32.68,40.1204845338372
32.69,40.1204845338372
32.7,40.1204845338372
32.71,40.1204845338372
32.72,40.1204845338372
32.73,40.1204845338372
32.74,40.1204845338372
32.75,40.1204845338372
32.76,40.1204845338372
32.77,40.1204845338372
32.78,40.1204845338372
32.79,40.1204845338372
32.8,40.1204845338372
32.81,40.1204845338372
32.82,40.1204845338372
32.83,40.1204845338372
32.84,40.1204845338372
32.85,40.1204845338372
32.86,40.1204845338372
32.87,40.1204845338372
32.88,40.1204845338372
32.89,40.1204845338372
32.9,40.1204845338372
32.91,40.1204845338372
32.92,40.1204845338372
32.93,40.1204845338372
32.94,40.1204845338372
32.95,40.1204845338372
32.96,40.1204845338372
32.97,40.1204845338372
32.98,40.1204845338372
32.99,40.1204845338372
33,40.1204845338372
33.01,40.1204845338372
33.02,40.1204845338372
33.03,40.1204845338372
33.04,-25.8683275878732
33.05,-25.8683275878732
33.06,-25.8683275878732
33.07,-25.8683275878732
33.08,-25.8683275878732
33.09,-25.8683275878732
33.1,-25.8683275878732
33.11,-25.8683275878732
33.12,-25.8683275878732
33.13,-25.8683275878732
33.14,-25.8683275878732
33.15,-25.8683275878732
33.16,-25.8683275878732
33.17,-25.8683275878732
33.18,-25.8683275878732
33.19,-25.8683275878732
33.2,-25.8683275878732
33.21,-25.8683275878732
33.22,-25.8683275878732
33.23,-25.8683275878732
33.24,-25.8683275878732
33.25,-25.8683275878732
33.26,-25.8683275878732
33.27,-25.8683275878732
33.28,-25.8683275878732
33.29,-25.8683275878732
33.3,-25.8683275878732
33.31,-25.8683275878732
33.32,-25.8683275878732
33.33,-25.8683275878732
33.34,-25.8683275878732
33.35,-25.8683275878732
33.36,-25.8683275878732
33.37,-25.8683275878732
33.38,-25.8683275878732
33.39,-25.8683275878732
33.4,-25.8683275878732
33.41,-25.8683275878732
33.42,-25.8683275878732
33.43,-25.8683275878732
33.44,-25.8683275878732
33.45,-25.8683275878732
33.46,-25.8683275878732
33.47,-25.8683275878732
33.48,-25.8683275878732
33.49,-25.8683275878732
33.5,-25.8683275878732
33.51,-25.8683275878732
33.52,-25.8683275878732
33.53,-25.8683275878732
33.54,-25.8683275878732
33.55,-25.8683275878732
33.56,-25.8683275878732
33.57,-25.8683275878732
33.58,-25.8683275878732
33.59,-25.8683275878732
33.6,-25.8683275878732
33.61,-25.8683275878732
33.62,-25.8683275878732
33.63,-25.8683275878732
33.64,-25.8683275878732
33.65,-25.8683275878732
33.66,-25.8683275878732
33.67,-25.8683275878732
33.68,-25.8683275878732
33.69,-25.8683275878732
33.7,-25.8683275878732
33.71,-25.8683275878732
33.72,-25.8683275878732
33.73,-25.8683275878732
33.74,-25.8683275878732
33.75,-25.8683275878732
33.76,-25.8683275878732
33.77,-25.8683275878732
33.78,-25.8683275878732
33.79,-25.8683275878732
33.8,-25.8683275878732
33.81,-25.8683275878732
33.82,-25.8683275878732
33.83,-25.8683275878732
33.84,-25.8683275878732
33.85,-25.8683275878732
33.86,-25.8683275878732
33.87,-25.8683275878732
33.88,-25.8683275878732
33.89,-25.8683275878732
33.9,-25.8683275878732
33.91,-25.8683275878732
33.92,-25.8683275878732
33.93,-25.8683275878732
33.94,-25.8683275878732
33.95,-25.8683275878732
33.96,-25.8683275878732
33.97,-25.8683275878732
33.98,-25.8683275878732
33.99,-25.8683275878732
34,-25.8683275878732
34.01,-25.8683275878732
34.02,-25.8683275878732
34.03,-25.8683275878732
34.04,-25.8683275878732
34.05,-25.8683275878732
34.06,-25.8683275878732
34.07,-25.8683275878732
34.08,-25.8683275878732
34.09,-25.8683275878732
34.1,-25.8683275878732
34.11,-25.8683275878732
34.12,-25.8683275878732
34.13,-25.8683275878732
34.14,-25.8683275878732
34.15,-25.8683275878732
34.16,-25.8683275878732
34.17,-25.8683275878732
34.18,-25.8683275878732
34.19,-25.8683275878732
34.2,-25.8683275878732
34.21,-25.8683275878732
34.22,-25.8683275878732
34.23,-25.8683275878732
34.24,-25.8683275878732
34.25,-25.8683275878732
34.26,-25.8683275878732
34.27,-25.8683275878732
34.28,-25.8683275878732
34.29,-25.8683275878732
34.3,-25.8683275878732
34.31,-25.8683275878732
34.32,-25.8683275878732
34.33,-25.8683275878732
34.34,-25.8683275878732
34.35,-25.8683275878732
34.36,-25.8683275878732
34.37,-25.8683275878732
34.38,-25.8683275878732
34.39,-25.8683275878732
34.4,-25.8683275878732
34.41,-25.8683275878732
34.42,-25.8683275878732
34.43,-25.8683275878732
34.44,-25.8683275878732
34.45,-25.8683275878732
34.46,-25.8683275878732
34.47,-25.8683275878732
34.48,-25.8683275878732
34.49,-25.8683275878732
34.5,-25.8683275878732
34.51,-25.8683275878732
34.52,-25.8683275878732
34.53,-25.8683275878732
34.54,-25.8683275878732
34.55,-25.8683275878732
34.56,-25.8683275878732
34.57,-25.8683275878732
34.58,-25.8683275878732
34.59,-25.8683275878732
34.6,-25.8683275878732
34.61,-25.8683275878732
34.62,-25.8683275878732
34.63,-25.8683275878732
34.64,-25.8683275878732
34.65,-25.8683275878732
34.66,-25.8683275878732
34.67,-25.8683275878732
34.68,-25.8683275878732
34.69,-25.8683275878732
34.7,-25.8683275878732
34.71,-25.8683275878732
34.72,-25.8683275878732
34.73,-25.8683275878732
34.74,-25.8683275878732
34.75,-25.8683275878732
34.76,-25.8683275878732
34.77,-25.8683275878732
34.78,-25.8683275878732
34.79,-25.8683275878732
34.8,-25.8683275878732
34.81,-25.8683275878732
34.82,-25.8683275878732
34.83,-25.8683275878732
34.84,-25.8683275878732
34.85,-25.8683275878732
34.86,-25.8683275878732
34.87,-25.8683275878732
34.88,-25.8683275878732
34.89,-25.8683275878732
34.9,-25.8683275878732
34.91,-25.8683275878732
34.92,-25.8683275878732
34.93,-25.8683275878732
34.94,-25.8683275878732
34.95,-25.8683275878732
34.96,-25.8683275878732
34.97,-25.8683275878732
34.98,-25.8683275878732
34.99,-25.8683275878732
35,-25.8683275878732
35.01,-25.8683275878732
35.02,-25.8683275878732
35.03,-25.8683275878732
35.04,-25.8683275878732
35.05,-25.8683275878732
35.06,-25.8683275878732
35.07,-25.8683275878732
35.08,-25.8683275878732
35.09,-25.8683275878732
35.1,-25.8683275878732
35.11,-25.8683275878732
35.12,-25.8683275878732
35.13,-25.8683275878732
35.14,-25.8683275878732
35.15,-25.8683275878732
35.16,-25.8683275878732
35.17,-25.8683275878732
35.18,-25.8683275878732
35.19,-25.8683275878732
35.2,-25.8683275878732
35.21,-25.8683275878732
35.22,-25.8683275878732
35.23,-25.8683275878732
35.24,-25.8683275878732
35.25,-25.8683275878732
35.26,-25.8683275878732
35.27,-25.8683275878732
35.28,-25.8683275878732
35.29,-25.8683275878732
35.3,-25.8683275878732
35.31,-25.8683275878732
35.32,-25.8683275878732
35.33,-25.8683275878732
35.34,-25.8683275878732
35.35,-25.8683275878732
35.36,-25.8683275878732
35.37,-25.8683275878732
35.38,-25.8683275878732
35.39,-25.8683275878732
35.4,-25.8683275878732
35.41,-25.8683275878732
35.42,-25.8683275878732
35.43,-25.8683275878732
35.44,-25.8683275878732
35.45,-25.8683275878732
35.46,-25.8683275878732
35.47,-25.8683275878732
35.48,-25.8683275878732
35.49,-25.8683275878732
35.5,-25.8683275878732
35.51,-25.8683275878732
35.52,-25.8683275878732
35.53,-25.8683275878732
35.54,-25.8683275878732
35.55,-25.8683275878732
35.56,-25.8683275878732
35.57,-25.8683275878732
35.58,-25.8683275878732
35.59,-25.8683275878732
35.6,-25.8683275878732
35.61,-25.8683275878732
35.62,-25.8683275878732
35.63,-25.8683275878732
35.64,-25.8683275878732
35.65,-25.8683275878732
35.66,-25.8683275878732
35.67,-25.8683275878732
35.68,-25.8683275878732
35.69,-25.8683275878732
35.7,-25.8683275878732
35.71,-25.8683275878732
35.72,-25.8683275878732
35.73,-25.8683275878732
35.74,-25.8683275878732
35.75,-25.8683275878732
35.76,-25.8683275878732
35.77,-25.8683275878732
35.78,-25.8683275878732
35.79,-25.8683275878732
35.8,-25.8683275878732
35.81,-25.8683275878732
35.82,-25.8683275878732
35.83,-25.8683275878732
35.84,-25.8683275878732
35.85,-25.8683275878732
35.86,-25.8683275878732
35.87,-25.8683275878732
35.88,-25.8683275878732
35.89,-25.8683275878732
35.9,-25.8683275878732
35.91,-25.8683275878732
35.92,-25.8683275878732
35.93,-25.8683275878732
35.94,-25.8683275878732
35.95,-25.8683275878732
35.96,-25.8683275878732
35.97,-25.8683275878732
35.98,-25.8683275878732
35.99,-25.8683275878732
36,-25.8683275878732
36.01,-25.8683275878732
36.02,-25.8683275878732
36.03,-25.8683275878732
36.04,-25.8683275878732
36.05,-25.8683275878732
36.06,-25.8683275878732
36.07,-25.8683275878732
36.08,-25.8683275878732
36.09,-25.8683275878732
36.1,-25.8683275878732
36.11,-25.8683275878732
36.12,-25.8683275878732
36.13,-25.8683275878732
36.14,-25.8683275878732
36.15,-25.8683275878732
36.16,-25.8683275878732
36.17,-25.8683275878732
36.18,-25.8683275878732
36.19,-25.8683275878732
36.2,-25.8683275878732
36.21,-25.8683275878732
36.22,-25.8683275878732
36.23,-25.8683275878732
36.24,-25.8683275878732
36.25,-25.8683275878732
36.26,-25.8683275878732
36.27,-25.8683275878732
36.28,-25.8683275878732
36.29,-25.8683275878732
36.3,-25.8683275878732
36.31,-25.8683275878732
36.32,-25.8683275878732
36.33,-25.8683275878732
36.34,-25.8683275878732
36.35,-25.8683275878732
36.36,-25.8683275878732
36.37,-25.8683275878732
36.38,-25.8683275878732
36.39,-25.8683275878732
36.4,-25.8683275878732
36.41,-25.8683275878732
36.42,-25.8683275878732
36.43,-25.8683275878732
36.44,-25.8683275878732
36.45,-25.8683275878732
36.46,-25.8683275878732
36.47,-25.8683275878732
36.48,-25.8683275878732
36.49,-25.8683275878732
36.5,-25.8683275878732
36.51,-25.8683275878732
36.52,-25.8683275878732
36.53,-25.8683275878732
36.54,-25.8683275878732
36.55,-25.8683275878732
36.56,-25.8683275878732
36.57,-25.8683275878732
36.58,-25.8683275878732
36.59,-25.8683275878732
36.6,-25.8683275878732
36.61,-25.8683275878732
36.62,-25.8683275878732
36.63,-25.8683275878732
36.64,-25.8683275878732
36.65,-25.8683275878732
36.66,-25.8683275878732
36.67,-25.8683275878732
36.68,-25.8683275878732
36.69,-25.8683275878732
36.7,-25.8683275878732
36.71,-25.8683275878732
36.72,-25.8683275878732
36.73,-25.8683275878732
36.74,-25.8683275878732
36.75,-25.8683275878732
36.76,-25.8683275878732
36.77,-25.8683275878732
36.78,-25.8683275878732
36.79,-8.99946452073046
36.8,-8.99946452073046
36.81,-8.99946452073046
36.82,-8.99946452073046
36.83,-8.99946452073046
36.84,-8.99946452073046
36.85,-8.99946452073046
36.86,-8.99946452073046
36.87,-8.99946452073046
36.88,-8.99946452073046
36.89,-8.99946452073046
36.9,-8.99946452073046
36.91,-8.99946452073046
36.92,-8.99946452073046
36.93,-8.99946452073046
36.94,-8.99946452073046
36.95,-8.99946452073046
36.96,-8.99946452073046
36.97,-8.99946452073046
36.98,-8.99946452073046
36.99,-8.99946452073046
37,-8.99946452073046
37.01,-8.99946452073046
37.02,-8.99946452073046
37.03,-8.99946452073046
37.04,-8.99946452073046
37.05,-8.99946452073046
37.06,-8.99946452073046
37.07,-8.99946452073046
37.08,-8.99946452073046
37.09,-8.99946452073046
37.1,-8.99946452073046
37.11,-8.99946452073046
37.12,-8.99946452073046
37.13,-8.99946452073046
37.14,-8.99946452073046
37.15,-8.99946452073046
37.16,-8.99946452073046
37.17,-8.99946452073046
37.18,-8.99946452073046
37.19,-8.99946452073046
37.2,-8.99946452073046
37.21,-8.99946452073046
37.22,-8.99946452073046
37.23,-8.99946452073046
37.24,-8.99946452073046
37.25,-8.99946452073046
37.26,-8.99946452073046
37.27,-8.99946452073046
37.28,-8.99946452073046
37.29,-8.99946452073046
37.3,-8.99946452073046
37.31,-8.99946452073046
37.32,-8.99946452073046
37.33,-8.99946452073046
37.34,-8.99946452073046
37.35,-8.99946452073046
37.36,-8.99946452073046
37.37,-8.99946452073046
37.38,-8.99946452073046
37.39,-8.99946452073046
37.4,-8.99946452073046
37.41,-8.99946452073046
37.42,-8.99946452073046
37.43,-8.99946452073046
37.44,-8.99946452073046
37.45,-8.99946452073046
37.46,-8.99946452073046
37.47,-8.99946452073046
37.48,-8.99946452073046
37.49,-8.99946452073046
37.5,-8.99946452073046
37.51,-8.99946452073046
37.52,-8.99946452073046
37.53,-8.99946452073046
37.54,-8.99946452073046
37.55,-8.99946452073046
37.56,-8.99946452073046
37.57,-8.99946452073046
37.58,-8.99946452073046
37.59,-8.99946452073046
37.6,-8.99946452073046
37.61,-8.99946452073046
37.62,-8.99946452073046
37.63,-8.99946452073046
37.64,-8.99946452073046
37.65,-8.99946452073046
37.66,-8.99946452073046
37.67,-8.99946452073046
37.68,-8.99946452073046
37.69,-8.99946452073046
37.7,-8.99946452073046
37.71,-8.99946452073046
37.72,-8.99946452073046
37.73,-8.99946452073046
37.74,-8.99946452073046
37.75,-8.99946452073046
37.76,-8.99946452073046
37.77,-8.99946452073046
37.78,-8.99946452073046
37.79,-8.99946452073046
37.8,-8.99946452073046
37.81,-8.99946452073046
37.82,-8.99946452073046
37.83,-8.99946452073046
37.84,-8.99946452073046
37.85,-8.99946452073046
37.86,-8.99946452073046
37.87,-8.99946452073046
37.88,-8.99946452073046
37.89,-8.99946452073046
37.9,-8.99946452073046
37.91,-8.99946452073046
37.92,-8.99946452073046
37.93,-8.99946452073046
37.94,-8.99946452073046
37.95,-8.99946452073046
37.96,-8.99946452073046
37.97,-8.99946452073046
37.98,-8.99946452073046
37.99,-8.99946452073046
38,-8.99946452073046
38.01,-8.99946452073046
38.02,-8.99946452073046
38.03,-8.99946452073046
38.04,-8.99946452073046
38.05,-8.99946452073046
38.06,-8.99946452073046
38.07,-8.99946452073046
38.08,-8.99946452073046
38.09,-8.99946452073046
38.1,-8.99946452073046
38.11,-8.99946452073046
38.12,-8.99946452073046
38.13,-8.99946452073046
38.14,-8.99946452073046
38.15,-8.99946452073046
38.16,-8.99946452073046
38.17,-8.99946452073046
38.18,-8.99946452073046
38.19,-8.99946452073046
38.2,-8.99946452073046
38.21,-8.99946452073046
38.22,-8.99946452073046
38.23,-8.99946452073046
38.24,-8.99946452073046
38.25,-8.99946452073046
38.26,-8.99946452073046
38.27,-8.99946452073046
38.28,-8.99946452073046
38.29,-8.99946452073046
38.3,-8.99946452073046
38.31,-8.99946452073046
38.32,-8.99946452073046
38.33,-8.99946452073046
38.34,-8.99946452073046
38.35,-8.99946452073046
38.36,-8.99946452073046
38.37,-8.99946452073046
38.38,-8.99946452073046
38.39,-8.99946452073046
38.4,-8.99946452073046
38.41,-8.99946452073046
38.42,-8.99946452073046
38.43,-8.99946452073046
38.44,-8.99946452073046
38.45,-8.99946452073046
38.46,-8.99946452073046
38.47,-8.99946452073046
38.48,-8.99946452073046
38.49,-8.99946452073046
38.5,-8.99946452073046
38.51,-8.99946452073046
38.52,-8.99946452073046
38.53,-8.99946452073046
38.54,-8.99946452073046
38.55,-8.99946452073046
38.56,-8.99946452073046
38.57,-8.99946452073046
38.58,-8.99946452073046
38.59,-8.99946452073046
38.6,-8.99946452073046
38.61,-8.99946452073046
38.62,-8.99946452073046
38.63,-8.99946452073046
38.64,-8.99946452073046
38.65,-8.99946452073046
38.66,-8.99946452073046
38.67,-8.99946452073046
38.68,-8.99946452073046
38.69,-8.99946452073046
38.7,-8.99946452073046
38.71,-8.99946452073046
38.72,-8.99946452073046
38.73,-8.99946452073046
38.74,-8.99946452073046
38.75,-8.99946452073046
38.76,-8.99946452073046
38.77,-8.99946452073046
38.78,-8.99946452073046
38.79,-8.99946452073046
38.8,-8.99946452073046
38.81,-8.99946452073046
38.82,-8.99946452073046
38.83,-8.99946452073046
38.84,-8.99946452073046
38.85,-8.99946452073046
38.86,-8.99946452073046
38.87,-8.99946452073046
38.88,-8.99946452073046
38.89,-8.99946452073046
38.9,-8.99946452073046
38.91,-8.99946452073046
38.92,-8.99946452073046
38.93,-8.99946452073046
38.94,-8.99946452073046
38.95,-8.99946452073046
38.96,-8.99946452073046
38.97,-8.99946452073046
38.98,-8.99946452073046
38.99,-8.99946452073046
39,-8.99946452073046
39.01,-8.99946452073046
39.02,-8.99946452073046
39.03,-8.99946452073046
39.04,-8.99946452073046
39.05,-8.99946452073046
39.06,-8.99946452073046
39.07,-8.99946452073046
39.08,-8.99946452073046
39.09,-8.99946452073046
39.1,-8.99946452073046
39.11,-8.99946452073046
39.12,-8.99946452073046
39.13,-8.99946452073046
39.14,-8.99946452073046
39.15,-8.99946452073046
39.16,-8.99946452073046
39.17,-8.99946452073046
39.18,-8.99946452073046
39.19,-48.6384452346966
39.2,-48.6384452346966
39.21,-48.6384452346966
39.22,-48.6384452346966
39.23,-48.6384452346966
39.24,-48.6384452346966
39.25,-48.6384452346966
39.26,-48.6384452346966
39.27,-48.6384452346966
39.28,-48.6384452346966
39.29,-48.6384452346966
39.3,-48.6384452346966
39.31,-48.6384452346966
39.32,-48.6384452346966
39.33,-48.6384452346966
39.34,-48.6384452346966
39.35,-48.6384452346966
39.36,-48.6384452346966
39.37,-48.6384452346966
39.38,-48.6384452346966
39.39,-48.6384452346966
39.4,-48.6384452346966
39.41,-48.6384452346966
39.42,-48.6384452346966
39.43,-48.6384452346966
39.44,-48.6384452346966
39.45,-48.6384452346966
39.46,-48.6384452346966
39.47,-48.6384452346966
39.48,-48.6384452346966
39.49,-48.6384452346966
39.5,-48.6384452346966
39.51,-48.6384452346966
39.52,-48.6384452346966
39.53,-48.6384452346966
39.54,-48.6384452346966
39.55,-48.6384452346966
39.56,-48.6384452346966
39.57,-48.6384452346966
39.58,-48.6384452346966
39.59,-48.6384452346966
39.6,-48.6384452346966
39.61,-48.6384452346966
39.62,-48.6384452346966
39.63,-48.6384452346966
39.64,-48.6384452346966
39.65,-48.6384452346966
39.66,-48.6384452346966
39.67,-48.6384452346966
39.68,-48.6384452346966
39.69,-48.6384452346966
39.7,-48.6384452346966
39.71,-48.6384452346966
39.72,-48.6384452346966
39.73,-48.6384452346966
39.74,-48.6384452346966
39.75,-48.6384452346966
39.76,-48.6384452346966
39.77,-48.6384452346966
39.78,-48.6384452346966
39.79,-48.6384452346966
39.8,-48.6384452346966
39.81,-48.6384452346966
39.82,-48.6384452346966
39.83,-48.6384452346966
39.84,-48.6384452346966
39.85,-48.6384452346966
39.86,-48.6384452346966
39.87,-48.6384452346966
39.88,-48.6384452346966
39.89,-48.6384452346966
39.9,-48.6384452346966
39.91,-48.6384452346966
39.92,-48.6384452346966
39.93,-48.6384452346966
39.94,-48.6384452346966
39.95,-48.6384452346966
39.96,-48.6384452346966
39.97,-48.6384452346966
39.98,-48.6384452346966
39.99,-48.6384452346966
40,-48.6384452346966
40.01,-48.6384452346966
40.02,-48.6384452346966
40.03,-48.6384452346966
40.04,-48.6384452346966
40.05,-48.6384452346966
40.06,-48.6384452346966
40.07,-48.6384452346966
40.08,-48.6384452346966
40.09,-48.6384452346966
40.1,-48.6384452346966
40.11,-48.6384452346966
40.12,-48.6384452346966
40.13,-48.6384452346966
40.14,-48.6384452346966
40.15,-48.6384452346966
40.16,-48.6384452346966
40.17,-48.6384452346966
40.18,-48.6384452346966
40.19,-48.6384452346966
40.2,-48.6384452346966
40.21,-48.6384452346966
40.22,-48.6384452346966
40.23,-48.6384452346966
40.24,-48.6384452346966
40.25,-48.6384452346966
40.26,-48.6384452346966
40.27,-48.6384452346966
40.28,-48.6384452346966
40.29,-48.6384452346966
40.3,-48.6384452346966
40.31,-48.6384452346966
40.32,-48.6384452346966
40.33,-48.6384452346966
40.34,-48.6384452346966
40.35,-48.6384452346966
40.36,-48.6384452346966
40.37,-48.6384452346966
40.38,-48.6384452346966
40.39,-48.6384452346966
40.4,-48.6384452346966
40.41,-48.6384452346966
40.42,-48.6384452346966
40.43,-48.6384452346966
40.44,-48.6384452346966
40.45,-48.6384452346966
40.46,-48.6384452346966
40.47,-48.6384452346966
40.48,-48.6384452346966
40.49,-48.6384452346966
40.5,-48.6384452346966
40.51,-48.6384452346966
40.52,-48.6384452346966
40.53,-48.6384452346966
40.54,-48.6384452346966
40.55,-48.6384452346966
40.56,-48.6384452346966
40.57,-48.6384452346966
40.58,-48.6384452346966
40.59,-48.6384452346966
40.6,-48.6384452346966
40.61,-48.6384452346966
40.62,-48.6384452346966
40.63,-48.6384452346966
40.64,-48.6384452346966
40.65,-48.6384452346966
40.66,-48.6384452346966
40.67,-48.6384452346966
40.68,-48.6384452346966
40.69,-48.6384452346966
40.7,-48.6384452346966
40.71,-48.6384452346966
40.72,-48.6384452346966
40.73,-48.6384452346966
40.74,-48.6384452346966
40.75,-48.6384452346966
40.76,-48.6384452346966
40.77,-48.6384452346966
40.78,-48.6384452346966
40.79,-48.6384452346966
40.8,-48.6384452346966
40.81,-48.6384452346966
40.82,-48.6384452346966
40.83,-48.6384452346966
40.84,-48.6384452346966
40.85,-48.6384452346966
40.86,-48.6384452346966
40.87,-48.6384452346966
40.88,-48.6384452346966
40.89,-48.6384452346966
40.9,-48.6384452346966
40.91,-48.6384452346966
40.92,-48.6384452346966
40.93,-48.6384452346966
40.94,-48.6384452346966
40.95,-48.6384452346966
40.96,-48.6384452346966
40.97,-48.6384452346966
40.98,-48.6384452346966
40.99,-48.6384452346966
41,-48.6384452346966
41.01,-48.6384452346966
41.02,-48.6384452346966
41.03,-48.6384452346966
41.04,-48.6384452346966
41.05,-48.6384452346966
41.06,-48.6384452346966
41.07,-48.6384452346966
41.08,-48.6384452346966
41.09,-48.6384452346966
41.1,-48.6384452346966
41.11,-48.6384452346966
41.12,-48.6384452346966
41.13,-48.6384452346966
41.14,-48.6384452346966
41.15,-48.6384452346966
41.16,-48.6384452346966
41.17,-48.6384452346966
41.18,-48.6384452346966
41.19,-48.6384452346966
41.2,-48.6384452346966
41.21,-48.6384452346966
41.22,-48.6384452346966
41.23,-48.6384452346966
41.24,-48.6384452346966
41.25,-48.6384452346966
41.26,-48.6384452346966
41.27,-48.6384452346966
41.28,-48.6384452346966
41.29,-48.6384452346966
41.3,-48.6384452346966
41.31,-48.6384452346966
41.32,-48.6384452346966
41.33,-48.6384452346966
41.34,-48.6384452346966
41.35,-48.6384452346966
41.36,-48.6384452346966
41.37,-48.6384452346966
41.38,-48.6384452346966
41.39,-48.6384452346966
41.4,-48.6384452346966
41.41,-48.6384452346966
41.42,-48.6384452346966
41.43,-48.6384452346966
41.44,-48.6384452346966
41.45,-48.6384452346966
41.46,-48.6384452346966
41.47,-48.6384452346966
41.48,-48.6384452346966
41.49,-48.6384452346966
41.5,-48.6384452346966
41.51,-48.6384452346966
41.52,-48.6384452346966
41.53,-48.6384452346966
41.54,-48.6384452346966
41.55,-48.6384452346966
41.56,-48.6384452346966
41.57,-48.6384452346966
41.58,-48.6384452346966
41.59,-48.6384452346966
41.6,-48.6384452346966
41.61,-48.6384452346966
41.62,-48.6384452346966
41.63,-48.6384452346966
41.64,-48.6384452346966
41.65,-48.6384452346966
41.66,-48.6384452346966
41.67,-48.6384452346966
41.68,-48.6384452346966
41.69,-48.6384452346966
41.7,-48.6384452346966
41.71,-48.6384452346966
41.72,-48.6384452346966
41.73,-48.6384452346966
41.74,-48.6384452346966
41.75,-48.6384452346966
41.76,-48.6384452346966
41.77,-48.6384452346966
41.78,-48.6384452346966
41.79,-48.6384452346966
41.8,-48.6384452346966
41.81,-48.6384452346966
41.82,-48.6384452346966
41.83,-48.6384452346966
41.84,-48.6384452346966
41.85,-48.6384452346966
41.86,-48.6384452346966
41.87,-48.6384452346966
41.88,-48.6384452346966
41.89,-48.6384452346966
41.9,-48.6384452346966
41.91,-48.6384452346966
41.92,-48.6384452346966
41.93,-48.6384452346966
41.94,-48.6384452346966
41.95,-48.6384452346966
41.96,-48.6384452346966
41.97,-48.6384452346966
41.98,-48.6384452346966
41.99,-48.6384452346966
42,-48.6384452346966
42.01,-48.6384452346966
42.02,-48.6384452346966
42.03,-48.6384452346966
42.04,-48.6384452346966
42.05,-48.6384452346966
42.06,-48.6384452346966
42.07,-48.6384452346966
42.08,-48.6384452346966
42.09,-48.6384452346966
42.1,-48.6384452346966
42.11,-48.6384452346966
42.12,-48.6384452346966
42.13,-48.6384452346966
42.14,-48.6384452346966
42.15,-48.6384452346966
42.16,-48.6384452346966
42.17,-48.6384452346966
42.18,-48.6384452346966
42.19,-48.6384452346966
42.2,-48.6384452346966
42.21,-48.6384452346966
42.22,-48.6384452346966
42.23,-48.6384452346966
42.24,-48.6384452346966
42.25,-48.6384452346966
42.26,-48.6384452346966
42.27,-48.6384452346966
42.28,8.6798330021386
42.29,8.6798330021386
42.3,8.6798330021386
42.31,8.6798330021386
42.32,8.6798330021386
42.33,8.6798330021386
42.34,8.6798330021386
42.35,8.6798330021386
42.36,8.6798330021386
42.37,8.6798330021386
42.38,8.6798330021386
42.39,8.6798330021386
42.4,8.6798330021386
42.41,8.6798330021386
42.42,8.6798330021386
42.43,8.6798330021386
42.44,8.6798330021386
42.45,8.6798330021386
42.46,8.6798330021386
42.47,8.6798330021386
42.48,8.6798330021386
42.49,8.6798330021386
42.5,8.6798330021386
42.51,8.6798330021386
42.52,8.6798330021386
42.53,8.6798330021386
42.54,8.6798330021386
42.55,8.6798330021386
42.56,8.6798330021386
42.57,8.6798330021386
42.58,8.6798330021386
42.59,8.6798330021386
42.6,8.6798330021386
42.61,8.6798330021386
42.62,8.6798330021386
42.63,8.6798330021386
42.64,8.6798330021386
42.65,8.6798330021386
42.66,8.6798330021386
42.67,8.6798330021386
42.68,8.6798330021386
42.69,8.6798330021386
42.7,8.6798330021386
42.71,8.6798330021386
42.72,8.6798330021386
42.73,8.6798330021386
42.74,8.6798330021386
42.75,8.6798330021386
42.76,8.6798330021386
42.77,8.6798330021386
42.78,8.6798330021386
42.79,8.6798330021386
42.8,8.6798330021386
42.81,8.6798330021386
42.82,8.6798330021386
42.83,8.6798330021386
42.84,8.6798330021386
42.85,8.6798330021386
42.86,8.6798330021386
42.87,8.6798330021386
42.88,8.6798330021386
42.89,8.6798330021386
42.9,8.6798330021386
42.91,8.6798330021386
42.92,8.6798330021386
42.93,8.6798330021386
42.94,8.6798330021386
42.95,8.6798330021386
42.96,8.6798330021386
42.97,8.6798330021386
42.98,8.6798330021386
42.99,8.6798330021386
43,8.6798330021386
43.01,8.6798330021386
43.02,8.6798330021386
43.03,8.6798330021386
43.04,8.6798330021386
43.05,8.6798330021386
43.06,8.6798330021386
43.07,8.6798330021386
43.08,8.6798330021386
43.09,8.6798330021386
43.1,8.6798330021386
43.11,8.6798330021386
43.12,8.6798330021386
43.13,8.6798330021386
43.14,8.6798330021386
43.15,8.6798330021386
43.16,8.6798330021386
43.17,8.6798330021386
43.18,8.6798330021386
43.19,8.6798330021386
43.2,8.6798330021386
43.21,8.6798330021386
43.22,8.6798330021386
43.23,8.6798330021386
43.24,8.6798330021386
43.25,8.6798330021386
43.26,8.6798330021386
43.27,8.6798330021386
43.28,8.6798330021386
43.29,8.6798330021386
43.3,8.6798330021386
43.31,8.6798330021386
43.32,8.6798330021386
43.33,8.6798330021386
43.34,8.6798330021386
43.35,8.6798330021386
43.36,8.6798330021386
43.37,8.6798330021386
43.38,8.6798330021386
43.39,8.6798330021386
43.4,8.6798330021386
43.41,8.6798330021386
43.42,8.6798330021386
43.43,8.6798330021386
43.44,8.6798330021386
43.45,8.6798330021386
43.46,8.6798330021386
43.47,8.6798330021386
43.48,8.6798330021386
43.49,8.6798330021386
43.5,8.6798330021386
43.51,8.6798330021386
43.52,8.6798330021386
43.53,8.6798330021386
43.54,8.6798330021386
43.55,8.6798330021386
43.56,8.6798330021386
43.57,8.6798330021386
43.58,8.6798330021386
43.59,8.6798330021386
43.6,8.6798330021386
43.61,8.6798330021386
43.62,8.6798330021386
43.63,8.6798330021386
43.64,8.6798330021386
43.65,8.6798330021386
43.66,8.6798330021386
43.67,8.6798330021386
43.68,8.6798330021386
43.69,8.6798330021386
43.7,8.6798330021386
43.71,8.6798330021386
43.72,8.6798330021386
43.73,8.6798330021386
43.74,8.6798330021386
43.75,8.6798330021386
43.76,8.6798330021386
43.77,8.6798330021386
43.78,8.6798330021386
43.79,8.6798330021386
43.8,8.6798330021386
43.81,8.6798330021386
43.82,8.6798330021386
43.83,8.6798330021386
43.84,8.6798330021386
43.85,8.6798330021386
43.86,8.6798330021386
43.87,8.6798330021386
43.88,8.6798330021386
43.89,8.6798330021386
43.9,8.6798330021386
43.91,8.6798330021386
43.92,8.6798330021386
43.93,8.6798330021386
43.94,8.6798330021386
43.95,8.6798330021386
43.96,8.6798330021386
43.97,8.6798330021386
43.98,8.6798330021386
43.99,8.6798330021386
44,8.6798330021386
44.01,8.6798330021386
44.02,8.6798330021386
44.03,8.6798330021386
44.04,8.6798330021386
44.05,8.6798330021386
44.06,8.6798330021386
44.07,8.6798330021386
44.08,8.6798330021386
44.09,8.6798330021386
44.1,8.6798330021386
44.11,8.6798330021386
44.12,8.6798330021386
44.13,8.6798330021386
44.14,8.6798330021386
44.15,8.6798330021386
44.16,8.6798330021386
44.17,8.6798330021386
44.18,8.6798330021386
44.19,8.6798330021386
44.2,8.6798330021386
44.21,8.6798330021386
44.22,8.6798330021386
44.23,8.6798330021386
44.24,8.6798330021386
44.25,8.6798330021386
44.26,8.6798330021386
44.27,8.6798330021386
44.28,8.6798330021386
44.29,8.6798330021386
44.3,8.6798330021386
44.31,8.6798330021386
44.32,8.6798330021386
44.33,8.6798330021386
44.34,8.6798330021386
44.35,8.6798330021386
44.36,8.6798330021386
44.37,8.6798330021386
44.38,8.6798330021386
44.39,8.6798330021386
44.4,8.6798330021386
44.41,8.6798330021386
44.42,8.6798330021386
44.43,8.6798330021386
44.44,8.6798330021386
44.45,8.6798330021386
44.46,8.6798330021386
44.47,8.6798330021386
44.48,8.6798330021386
44.49,8.6798330021386
44.5,8.6798330021386
44.51,8.6798330021386
44.52,8.6798330021386
44.53,8.6798330021386
44.54,8.6798330021386
44.55,8.6798330021386
44.56,8.6798330021386
44.57,8.6798330021386
44.58,8.6798330021386
44.59,-68.6494239427281
44.6,-68.6494239427281
44.61,-68.6494239427281
44.62,-68.6494239427281
44.63,-68.6494239427281
44.64,-68.6494239427281
44.65,-68.6494239427281
44.66,-68.6494239427281
44.67,-68.6494239427281
44.68,-68.6494239427281
44.69,-68.6494239427281
44.7,-68.6494239427281
44.71,-68.6494239427281
44.72,-68.6494239427281
44.73,-68.6494239427281
44.74,-68.6494239427281
44.75,-68.6494239427281
44.76,-68.6494239427281
44.77,-68.6494239427281
44.78,-68.6494239427281
44.79,-68.6494239427281
44.8,-68.6494239427281
44.81,-68.6494239427281
44.82,-68.6494239427281
44.83,-68.6494239427281
44.84,-68.6494239427281
44.85,-68.6494239427281
44.86,-68.6494239427281
44.87,-68.6494239427281
44.88,-68.6494239427281
44.89,-68.6494239427281
44.9,-68.6494239427281
44.91,-68.6494239427281
44.92,-68.6494239427281
44.93,-68.6494239427281
44.94,-68.6494239427281
44.95,-68.6494239427281
44.96,-68.6494239427281
44.97,-68.6494239427281
44.98,-68.6494239427281
44.99,-68.6494239427281
45,-68.6494239427281
45.01,-68.6494239427281
45.02,-68.6494239427281
45.03,-68.6494239427281
45.04,-68.6494239427281
45.05,-68.6494239427281
45.06,-68.6494239427281
45.07,-68.6494239427281
45.08,-68.6494239427281
45.09,-68.6494239427281
45.1,-68.6494239427281
45.11,-68.6494239427281
45.12,-68.6494239427281
45.13,-68.6494239427281
45.14,-68.6494239427281
45.15,-68.6494239427281
45.16,-68.6494239427281
45.17,-68.6494239427281
45.18,-68.6494239427281
45.19,-68.6494239427281
45.2,-68.6494239427281
45.21,-68.6494239427281
45.22,-68.6494239427281
45.23,-68.6494239427281
45.24,-68.6494239427281
45.25,-68.6494239427281
45.26,-68.6494239427281
45.27,-68.6494239427281
45.28,-68.6494239427281
45.29,-68.6494239427281
45.3,-68.6494239427281
45.31,-68.6494239427281
45.32,-68.6494239427281
45.33,-68.6494239427281
45.34,-68.6494239427281
45.35,-68.6494239427281
45.36,-68.6494239427281
45.37,-68.6494239427281
45.38,-68.6494239427281
45.39,-68.6494239427281
45.4,-68.6494239427281
45.41,-68.6494239427281
45.42,-68.6494239427281
45.43,-68.6494239427281
45.44,-68.6494239427281
45.45,-68.6494239427281
45.46,-68.6494239427281
45.47,-68.6494239427281
45.48,-68.6494239427281
45.49,-68.6494239427281
45.5,-68.6494239427281
45.51,-68.6494239427281
45.52,-68.6494239427281
45.53,-68.6494239427281
45.54,-68.6494239427281
45.55,-68.6494239427281
45.56,-68.6494239427281
45.57,-68.6494239427281
45.58,-68.6494239427281
45.59,-68.6494239427281
45.6,-68.6494239427281
45.61,-68.6494239427281
45.62,-68.6494239427281
45.63,-68.6494239427281
45.64,-68.6494239427281
45.65,-68.6494239427281
45.66,-68.6494239427281
45.67,-68.6494239427281
45.68,-68.6494239427281
45.69,-68.6494239427281
45.7,-68.6494239427281
45.71,-68.6494239427281
45.72,-68.6494239427281
45.73,-68.6494239427281
45.74,-68.6494239427281
45.75,-68.6494239427281
45.76,-68.6494239427281
45.77,-68.6494239427281
45.78,-68.6494239427281
45.79,-68.6494239427281
45.8,-68.6494239427281
45.81,-68.6494239427281
45.82,-68.6494239427281
45.83,-68.6494239427281
45.84,-68.6494239427281
45.85,-68.6494239427281
45.86,-68.6494239427281
45.87,-68.6494239427281
45.88,-68.6494239427281
45.89,-68.6494239427281
45.9,-68.6494239427281
45.91,-68.6494239427281
45.92,-68.6494239427281
45.93,-68.6494239427281
45.94,-68.6494239427281
45.95,-68.6494239427281
45.96,-68.6494239427281
45.97,-68.6494239427281
45.98,-68.6494239427281
45.99,-68.6494239427281
46,-68.6494239427281
46.01,-68.6494239427281
46.02,-68.6494239427281
46.03,-68.6494239427281
46.04,-68.6494239427281
46.05,-68.6494239427281
46.06,-68.6494239427281
46.07,-68.6494239427281
46.08,-68.6494239427281
46.09,-68.6494239427281
46.1,-68.6494239427281
46.11,-68.6494239427281
46.12,-68.6494239427281
46.13,-68.6494239427281
46.14,-68.6494239427281
46.15,-68.6494239427281
46.16,-68.6494239427281
46.17,-68.6494239427281
46.18,-68.6494239427281
46.19,-68.6494239427281
46.2,-68.6494239427281
46.21,-68.6494239427281
46.22,-68.6494239427281
46.23,-68.6494239427281
46.24,-68.6494239427281
46.25,-68.6494239427281
46.26,-68.6494239427281
46.27,-68.6494239427281
46.28,-68.6494239427281
46.29,-68.6494239427281
46.3,-68.6494239427281
46.31,-68.6494239427281
46.32,-68.6494239427281
46.33,-68.6494239427281
46.34,-68.6494239427281
46.35,-68.6494239427281
46.36,-68.6494239427281
46.37,-68.6494239427281
46.38,-68.6494239427281
46.39,-68.6494239427281
46.4,-68.6494239427281
46.41,-68.6494239427281
46.42,-68.6494239427281
46.43,-68.6494239427281
46.44,-68.6494239427281
46.45,-68.6494239427281
46.46,-68.6494239427281
46.47,-68.6494239427281
46.48,-68.6494239427281
46.49,-68.6494239427281
46.5,-68.6494239427281
46.51,-68.6494239427281
46.52,-68.6494239427281
46.53,-68.6494239427281
46.54,-68.6494239427281
46.55,-68.6494239427281
46.56,-68.6494239427281
46.57,-68.6494239427281
46.58,-68.6494239427281
46.59,-68.6494239427281
46.6,-68.6494239427281
46.61,-68.6494239427281
46.62,-68.6494239427281
46.63,-68.6494239427281
46.64,-68.6494239427281
46.65,-68.6494239427281
46.66,-68.6494239427281
46.67,-68.6494239427281
46.68,-68.6494239427281
46.69,-68.6494239427281
46.7,-68.6494239427281
46.71,-68.6494239427281
46.72,-68.6494239427281
46.73,-68.6494239427281
46.74,-68.6494239427281
46.75,-68.6494239427281
46.76,-68.6494239427281
46.77,-68.6494239427281
46.78,-68.6494239427281
46.79,-68.6494239427281
46.8,-68.6494239427281
46.81,-68.6494239427281
46.82,-68.6494239427281
46.83,-68.6494239427281
46.84,-68.6494239427281
46.85,-68.6494239427281
46.86,-68.6494239427281
46.87,-68.6494239427281
46.88,-68.6494239427281
46.89,-68.6494239427281
46.9,-68.6494239427281
46.91,-68.6494239427281
46.92,-68.6494239427281
46.93,-68.6494239427281
46.94,-68.6494239427281
46.95,-68.6494239427281
46.96,-68.6494239427281
46.97,-68.6494239427281
46.98,-68.6494239427281
46.99,-68.6494239427281
47,-68.6494239427281
47.01,-68.6494239427281
47.02,-68.6494239427281
47.03,-68.6494239427281
47.04,-68.6494239427281
47.05,-68.6494239427281
47.06,-68.6494239427281
47.07,-68.6494239427281
47.08,-68.6494239427281
47.09,-68.6494239427281
47.1,-68.6494239427281
47.11,-68.6494239427281
47.12,-68.6494239427281
47.13,-68.6494239427281
47.14,-68.6494239427281
47.15,-68.6494239427281
47.16,-68.6494239427281
47.17,-68.6494239427281
47.18,-68.6494239427281
47.19,-68.6494239427281
47.2,-68.6494239427281
47.21,-68.6494239427281
47.22,-68.6494239427281
47.23,-68.6494239427281
47.24,-68.6494239427281
47.25,-68.6494239427281
47.26,-68.6494239427281
47.27,-68.6494239427281
47.28,-68.6494239427281
47.29,-68.6494239427281
47.3,-68.6494239427281
47.31,-68.6494239427281
47.32,-68.6494239427281
47.33,-68.6494239427281
47.34,-68.6494239427281
47.35,-68.6494239427281
47.36,-68.6494239427281
47.37,-68.6494239427281
47.38,-68.6494239427281
47.39,-68.6494239427281
47.4,-68.6494239427281
47.41,-68.6494239427281
47.42,-68.6494239427281
47.43,-68.6494239427281
47.44,-68.6494239427281
47.45,-68.6494239427281
47.46,-68.6494239427281
47.47,-68.6494239427281
47.48,-68.6494239427281
47.49,-68.6494239427281
47.5,-68.6494239427281
47.51,-68.6494239427281
47.52,-68.6494239427281
47.53,-68.6494239427281
47.54,-68.6494239427281
47.55,-68.6494239427281
47.56,-68.6494239427281
47.57,-68.6494239427281
47.58,-68.6494239427281
47.59,-68.6494239427281
47.6,-68.6494239427281
47.61,-68.6494239427281
47.62,-68.6494239427281
47.63,-68.6494239427281
47.64,-68.6494239427281
47.65,-68.6494239427281
47.66,-68.6494239427281
47.67,-68.6494239427281
47.68,-68.6494239427281
47.69,-68.6494239427281
47.7,-68.6494239427281
47.71,-68.6494239427281
47.72,-68.6494239427281
47.73,-68.6494239427281
47.74,-68.6494239427281
47.75,-68.6494239427281
47.76,-68.6494239427281
47.77,-68.6494239427281
47.78,-68.6494239427281
47.79,-68.6494239427281
47.8,-68.6494239427281
47.81,-68.6494239427281
47.82,-68.6494239427281
47.83,-68.6494239427281
47.84,-68.6494239427281
47.85,-68.6494239427281
47.86,-68.6494239427281
47.87,-68.6494239427281
47.88,-68.6494239427281
47.89,-68.6494239427281
47.9,-68.6494239427281
47.91,-68.6494239427281
47.92,-68.6494239427281
47.93,-68.6494239427281
47.94,-68.6494239427281
47.95,-68.6494239427281
47.96,-68.6494239427281
47.97,-68.6494239427281
47.98,-68.6494239427281
47.99,-68.6494239427281
48,-68.6494239427281
48.01,-68.6494239427281
48.02,-68.6494239427281
48.03,-68.6494239427281
48.04,-68.6494239427281
48.05,-68.6494239427281
48.06,-68.6494239427281
48.07,-68.6494239427281
48.08,-68.6494239427281
48.09,-68.6494239427281
48.1,-68.6494239427281
48.11,-68.6494239427281
48.12,-68.6494239427281
48.13,-68.6494239427281
48.14,-68.6494239427281
48.15,-68.6494239427281
48.16,-68.6494239427281
48.17,-68.6494239427281
48.18,-10.2736047577747
48.19,-10.2736047577747
48.2,-10.2736047577747
48.21,-10.2736047577747
48.22,-10.2736047577747
48.23,-10.2736047577747
48.24,-10.2736047577747
48.25,-10.2736047577747
48.26,-10.2736047577747
48.27,-10.2736047577747
48.28,-10.2736047577747
48.29,-10.2736047577747
48.3,-10.2736047577747
48.31,-10.2736047577747
48.32,-10.2736047577747
48.33,-10.2736047577747
48.34,-10.2736047577747
48.35,-10.2736047577747
48.36,-10.2736047577747
48.37,-10.2736047577747
48.38,-10.2736047577747
48.39,-10.2736047577747
48.4,-10.2736047577747
48.41,-10.2736047577747
48.42,-10.2736047577747
48.43,-10.2736047577747
48.44,-10.2736047577747
48.45,-10.2736047577747
48.46,-10.2736047577747
48.47,-10.2736047577747
48.48,-10.2736047577747
48.49,-10.2736047577747
48.5,-10.2736047577747
48.51,-10.2736047577747
48.52,-10.2736047577747
48.53,-10.2736047577747
48.54,-10.2736047577747
48.55,-10.2736047577747
48.56,-10.2736047577747
48.57,-10.2736047577747
48.58,-10.2736047577747
48.59,-10.2736047577747
48.6,-10.2736047577747
48.61,-10.2736047577747
48.62,-10.2736047577747
48.63,-10.2736047577747
48.64,-10.2736047577747
48.65,-10.2736047577747
48.66,-10.2736047577747
48.67,-10.2736047577747
48.68,-10.2736047577747
48.69,-10.2736047577747
48.7,-10.2736047577747
48.71,-10.2736047577747
48.72,-10.2736047577747
48.73,-10.2736047577747
48.74,-10.2736047577747
48.75,-10.2736047577747
48.76,-10.2736047577747
48.77,-10.2736047577747
48.78,-10.2736047577747
48.79,-10.2736047577747
48.8,-10.2736047577747
48.81,-10.2736047577747
48.82,-10.2736047577747
48.83,-10.2736047577747
48.84,-10.2736047577747
48.85,-10.2736047577747
48.86,-10.2736047577747
48.87,-10.2736047577747
48.88,-10.2736047577747
48.89,-10.2736047577747
48.9,-10.2736047577747
48.91,-10.2736047577747
48.92,-10.2736047577747
48.93,-10.2736047577747
48.94,-10.2736047577747
48.95,-10.2736047577747
48.96,-10.2736047577747
48.97,-10.2736047577747
48.98,-10.2736047577747
48.99,-10.2736047577747
49,-10.2736047577747
49.01,-10.2736047577747
49.02,-10.2736047577747
49.03,-10.2736047577747
49.04,-10.2736047577747
49.05,-10.2736047577747
49.06,-10.2736047577747
49.07,-10.2736047577747
49.08,-10.2736047577747
49.09,-10.2736047577747
49.1,-10.2736047577747
49.11,-10.2736047577747
49.12,-10.2736047577747
49.13,-10.2736047577747
49.14,-10.2736047577747
49.15,-10.2736047577747
49.16,-10.2736047577747
49.17,-10.2736047577747
49.18,-10.2736047577747
49.19,-10.2736047577747
49.2,-10.2736047577747
49.21,-10.2736047577747
49.22,-10.2736047577747
49.23,-10.2736047577747
49.24,-10.2736047577747
49.25,-10.2736047577747
49.26,-10.2736047577747
49.27,-10.2736047577747
49.28,-10.2736047577747
49.29,-10.2736047577747
49.3,-10.2736047577747
49.31,-10.2736047577747
49.32,-10.2736047577747
49.33,-10.2736047577747
49.34,-10.2736047577747
49.35,-10.2736047577747
49.36,-10.2736047577747
49.37,-10.2736047577747
49.38,-10.2736047577747
49.39,-10.2736047577747
49.4,-10.2736047577747
49.41,-10.2736047577747
49.42,-10.2736047577747
49.43,-10.2736047577747
49.44,-10.2736047577747
49.45,-10.2736047577747
49.46,-10.2736047577747
49.47,-10.2736047577747
49.48,-10.2736047577747
49.49,-10.2736047577747
49.5,-10.2736047577747
49.51,-10.2736047577747
49.52,-10.2736047577747
49.53,-10.2736047577747
49.54,-10.2736047577747
49.55,-10.2736047577747
49.56,-10.2736047577747
49.57,-10.2736047577747
49.58,-10.2736047577747
49.59,-10.2736047577747
49.6,-10.2736047577747
49.61,-10.2736047577747
49.62,-10.2736047577747
49.63,-10.2736047577747
49.64,-10.2736047577747
49.65,-10.2736047577747
49.66,-10.2736047577747
49.67,-10.2736047577747
49.68,-10.2736047577747
49.69,-10.2736047577747
49.7,-10.2736047577747
49.71,-10.2736047577747
49.72,-10.2736047577747
49.73,-10.2736047577747
49.74,-42.149051848452
49.75,-42.149051848452
49.76,-42.149051848452
49.77,-42.149051848452
49.78,-42.149051848452
49.79,-42.149051848452
49.8,-42.149051848452
49.81,-42.149051848452
49.82,-42.149051848452
49.83,-42.149051848452
49.84,-42.149051848452
49.85,-42.149051848452
49.86,-42.149051848452
49.87,-42.149051848452
49.88,-42.149051848452
49.89,-42.149051848452
49.9,-42.149051848452
49.91,-42.149051848452
49.92,-42.149051848452
49.93,-42.149051848452
49.94,-42.149051848452
49.95,-42.149051848452
49.96,-42.149051848452
49.97,-42.149051848452
49.98,-42.149051848452
49.99,-42.149051848452
50,-42.149051848452
50.01,-42.149051848452
50.02,-42.149051848452
50.03,-42.149051848452
50.04,-42.149051848452
50.05,-42.149051848452
50.06,-42.149051848452
50.07,-42.149051848452
50.08,-42.149051848452
50.09,-42.149051848452
50.1,-42.149051848452
50.11,-42.149051848452
50.12,-42.149051848452
50.13,-42.149051848452
50.14,-42.149051848452
50.15,-42.149051848452
50.16,-42.149051848452
50.17,-42.149051848452
50.18,-42.149051848452
50.19,-42.149051848452
50.2,-42.149051848452
50.21,-42.149051848452
50.22,-42.149051848452
50.23,-42.149051848452
50.24,-42.149051848452
50.25,-42.149051848452
50.26,-42.149051848452
50.27,-42.149051848452
50.28,-42.149051848452
50.29,-42.149051848452
50.3,-42.149051848452
50.31,-42.149051848452
50.32,-42.149051848452
50.33,-42.149051848452
50.34,-42.149051848452
50.35,-42.149051848452
50.36,-42.149051848452
50.37,-42.149051848452
50.38,-42.149051848452
50.39,-42.149051848452
50.4,-42.149051848452
50.41,-42.149051848452
50.42,-42.149051848452
50.43,-42.149051848452
50.44,-42.149051848452
50.45,-42.149051848452
50.46,-42.149051848452
50.47,-42.149051848452
50.48,-42.149051848452
50.49,-42.149051848452
50.5,-42.149051848452
50.51,-42.149051848452
50.52,-42.149051848452
50.53,-42.149051848452
50.54,-42.149051848452
50.55,-42.149051848452
50.56,-42.149051848452
50.57,-42.149051848452
50.58,-42.149051848452
50.59,-42.149051848452
50.6,-42.149051848452
50.61,-42.149051848452
50.62,-42.149051848452
50.63,-42.149051848452
50.64,-42.149051848452
50.65,-42.149051848452
50.66,-42.149051848452
50.67,-42.149051848452
50.68,-42.149051848452
50.69,-42.149051848452
50.7,-42.149051848452
50.71,-42.149051848452
50.72,-42.149051848452
50.73,-42.149051848452
50.74,-42.149051848452
50.75,-42.149051848452
50.76,-42.149051848452
50.77,-42.149051848452
50.78,-42.149051848452
50.79,-42.149051848452
50.8,-42.149051848452
50.81,-42.149051848452
50.82,-42.149051848452
50.83,-42.149051848452
50.84,-42.149051848452
50.85,-42.149051848452
50.86,-42.149051848452
50.87,-42.149051848452
50.88,-42.149051848452
50.89,-42.149051848452
50.9,-42.149051848452
50.91,-42.149051848452
50.92,-42.149051848452
50.93,-42.149051848452
50.94,-42.149051848452
50.95,-42.149051848452
50.96,-42.149051848452
50.97,-42.149051848452
50.98,-42.149051848452
50.99,-42.149051848452
51,-42.149051848452
51.01,-42.149051848452
51.02,-42.149051848452
51.03,-42.149051848452
51.04,-42.149051848452
51.05,-42.149051848452
51.06,-42.149051848452
51.07,-42.149051848452
51.08,-42.149051848452
51.09,-42.149051848452
51.1,-42.149051848452
51.11,-42.149051848452
51.12,-42.149051848452
51.13,-42.149051848452
51.14,-42.149051848452
51.15,-42.149051848452
51.16,-42.149051848452
51.17,-42.149051848452
51.18,-42.149051848452
51.19,-42.149051848452
51.2,-42.149051848452
51.21,-42.149051848452
51.22,-42.149051848452
51.23,-42.149051848452
51.24,-42.149051848452
51.25,-42.149051848452
51.26,-42.149051848452
51.27,-42.149051848452
51.28,-42.149051848452
51.29,-42.149051848452
51.3,-42.149051848452
51.31,-42.149051848452
51.32,-42.149051848452
51.33,-42.149051848452
51.34,-42.149051848452
51.35,-42.149051848452
51.36,-42.149051848452
51.37,-42.149051848452
51.38,-42.149051848452
51.39,-42.149051848452
51.4,-42.149051848452
51.41,-42.149051848452
51.42,-42.149051848452
51.43,-42.149051848452
51.44,-42.149051848452
51.45,-42.149051848452
51.46,-42.149051848452
51.47,-42.149051848452
51.48,-42.149051848452
51.49,-42.149051848452
51.5,-42.149051848452
51.51,-42.149051848452
51.52,-42.149051848452
51.53,-42.149051848452
51.54,-42.149051848452
51.55,-42.149051848452
51.56,-42.149051848452
51.57,-42.149051848452
51.58,-42.149051848452
51.59,-42.149051848452
51.6,-42.149051848452
51.61,-42.149051848452
51.62,-42.149051848452
51.63,-42.149051848452
51.64,-42.149051848452
51.65,-42.149051848452
51.66,-42.149051848452
51.67,-42.149051848452
51.68,-42.149051848452
51.69,-42.149051848452
51.7,-42.149051848452
51.71,-42.149051848452
51.72,-42.149051848452
51.73,-42.149051848452
51.74,-42.149051848452
51.75,-42.149051848452
51.76,-42.149051848452
51.77,-42.149051848452
51.78,-42.149051848452
51.79,-42.149051848452
51.8,-42.149051848452
51.81,-42.149051848452
51.82,-42.149051848452
51.83,-42.149051848452
51.84,-42.149051848452
51.85,-42.149051848452
51.86,-42.149051848452
51.87,-42.149051848452
51.88,-42.149051848452
51.89,-42.149051848452
51.9,-42.149051848452
51.91,-42.149051848452
51.92,-42.149051848452
51.93,-42.149051848452
51.94,-42.149051848452
51.95,-42.149051848452
51.96,-42.149051848452
51.97,-42.149051848452
51.98,-42.149051848452
51.99,-42.149051848452
52,-42.149051848452
52.01,-42.149051848452
52.02,-42.149051848452
52.03,-42.149051848452
52.04,-42.149051848452
52.05,-42.149051848452
52.06,-42.149051848452
52.07,-42.149051848452
52.08,-42.149051848452
52.09,-42.149051848452
52.1,-42.149051848452
52.11,-42.149051848452
52.12,-42.149051848452
52.13,-42.149051848452
52.14,-42.149051848452
52.15,-42.149051848452
52.16,-42.149051848452
52.17,-42.149051848452
52.18,-42.149051848452
52.19,-42.149051848452
52.2,-42.149051848452
52.21,-42.149051848452
52.22,-42.149051848452
52.23,-42.149051848452
52.24,-42.149051848452
52.25,-42.149051848452
52.26,-42.149051848452
52.27,-42.149051848452
52.28,-42.149051848452
52.29,-42.149051848452
52.3,-42.149051848452
52.31,-42.149051848452
52.32,-42.149051848452
52.33,-42.149051848452
52.34,-42.149051848452
52.35,-42.149051848452
52.36,-42.149051848452
52.37,-42.149051848452
52.38,-42.149051848452
52.39,-42.149051848452
52.4,-42.149051848452
52.41,-42.149051848452
52.42,-42.149051848452
52.43,-42.149051848452
52.44,-42.149051848452
52.45,-42.149051848452
52.46,-20.1771246115208
52.47,-20.1771246115208
52.48,-20.1771246115208
52.49,-20.1771246115208
52.5,-20.1771246115208
52.51,-20.1771246115208
52.52,-20.1771246115208
52.53,-20.1771246115208
52.54,-20.1771246115208
52.55,-20.1771246115208
52.56,-20.1771246115208
52.57,-20.1771246115208
52.58,-20.1771246115208
52.59,-20.1771246115208
52.6,-20.1771246115208
52.61,-20.1771246115208
52.62,-20.1771246115208
52.63,-20.1771246115208
52.64,-20.1771246115208
52.65,-20.1771246115208
52.66,-20.1771246115208
52.67,-20.1771246115208
52.68,-20.1771246115208
52.69,-20.1771246115208
52.7,-20.1771246115208
52.71,-20.1771246115208
52.72,-20.1771246115208
52.73,-20.1771246115208
52.74,-20.1771246115208
52.75,-20.1771246115208
52.76,-20.1771246115208
52.77,-20.1771246115208
52.78,-20.1771246115208
52.79,-20.1771246115208
52.8,-20.1771246115208
52.81,-20.1771246115208
52.82,-20.1771246115208
52.83,-20.1771246115208
52.84,-20.1771246115208
52.85,-20.1771246115208
52.86,-20.1771246115208
52.87,-20.1771246115208
52.88,-20.1771246115208
52.89,-20.1771246115208
52.9,-20.1771246115208
52.91,-20.1771246115208
52.92,-20.1771246115208
52.93,-20.1771246115208
52.94,-20.1771246115208
52.95,-20.1771246115208
52.96,-20.1771246115208
52.97,-20.1771246115208
52.98,-20.1771246115208
52.99,-20.1771246115208
53,-20.1771246115208
53.01,-20.1771246115208
53.02,-20.1771246115208
53.03,-20.1771246115208
53.04,-20.1771246115208
53.05,-20.1771246115208
53.06,-20.1771246115208
53.07,-20.1771246115208
53.08,-20.1771246115208
53.09,-20.1771246115208
53.1,-20.1771246115208
53.11,-20.1771246115208
53.12,-20.1771246115208
53.13,-20.1771246115208
53.14,-20.1771246115208
53.15,-20.1771246115208
53.16,-20.1771246115208
53.17,-20.1771246115208
53.18,-20.1771246115208
53.19,-20.1771246115208
53.2,-20.1771246115208
53.21,-20.1771246115208
53.22,-20.1771246115208
53.23,-20.1771246115208
53.24,-20.1771246115208
53.25,-20.1771246115208
53.26,-20.1771246115208
53.27,-20.1771246115208
53.28,-20.1771246115208
53.29,-20.1771246115208
53.3,-20.1771246115208
53.31,-20.1771246115208
53.32,-20.1771246115208
53.33,-20.1771246115208
53.34,-20.1771246115208
53.35,-20.1771246115208
53.36,-20.1771246115208
53.37,-20.1771246115208
53.38,-20.1771246115208
53.39,-20.1771246115208
53.4,-20.1771246115208
53.41,-20.1771246115208
53.42,-20.1771246115208
53.43,-20.1771246115208
53.44,-20.1771246115208
53.45,-20.1771246115208
53.46,-20.1771246115208
53.47,-20.1771246115208
53.48,-20.1771246115208
53.49,-20.1771246115208
53.5,-20.1771246115208
53.51,-20.1771246115208
53.52,-20.1771246115208
53.53,-20.1771246115208
53.54,-20.1771246115208
53.55,-20.1771246115208
53.56,-20.1771246115208
53.57,-20.1771246115208
53.58,-20.1771246115208
53.59,-20.1771246115208
53.6,-20.1771246115208
53.61,-20.1771246115208
53.62,-20.1771246115208
53.63,-20.1771246115208
53.64,-20.1771246115208
53.65,-20.1771246115208
53.66,-20.1771246115208
53.67,-20.1771246115208
53.68,-20.1771246115208
53.69,-20.1771246115208
53.7,-20.1771246115208
53.71,-20.1771246115208
53.72,-20.1771246115208
53.73,-20.1771246115208
53.74,-20.1771246115208
53.75,-20.1771246115208
53.76,-20.1771246115208
53.77,-20.1771246115208
53.78,-20.1771246115208
53.79,-20.1771246115208
53.8,-20.1771246115208
53.81,-20.1771246115208
53.82,-20.1771246115208
53.83,-20.1771246115208
53.84,-20.1771246115208
53.85,-20.1771246115208
53.86,-20.1771246115208
53.87,-20.1771246115208
53.88,-20.1771246115208
53.89,-20.1771246115208
53.9,-20.1771246115208
53.91,-20.1771246115208
53.92,-20.1771246115208
53.93,-20.1771246115208
53.94,-20.1771246115208
53.95,-20.1771246115208
53.96,-20.1771246115208
53.97,-20.1771246115208
53.98,-20.1771246115208
53.99,-20.1771246115208
54,-20.1771246115208
54.01,-20.1771246115208
54.02,-20.1771246115208
54.03,-20.1771246115208
54.04,-20.1771246115208
54.05,-20.1771246115208
54.06,-20.1771246115208
54.07,-20.1771246115208
54.08,2.12570228972372
54.09,2.12570228972372
54.1,2.12570228972372
54.11,2.12570228972372
54.12,2.12570228972372
54.13,2.12570228972372
54.14,2.12570228972372
54.15,2.12570228972372
54.16,2.12570228972372
54.17,2.12570228972372
54.18,2.12570228972372
54.19,2.12570228972372
54.2,2.12570228972372
54.21,2.12570228972372
54.22,2.12570228972372
54.23,2.12570228972372
54.24,2.12570228972372
54.25,2.12570228972372
54.26,2.12570228972372
54.27,2.12570228972372
54.28,2.12570228972372
54.29,2.12570228972372
54.3,2.12570228972372
54.31,2.12570228972372
54.32,2.12570228972372
54.33,2.12570228972372
54.34,2.12570228972372
54.35,2.12570228972372
54.36,2.12570228972372
54.37,2.12570228972372
54.38,2.12570228972372
54.39,2.12570228972372
54.4,2.12570228972372
54.41,2.12570228972372
54.42,2.12570228972372
54.43,2.12570228972372
54.44,2.12570228972372
54.45,2.12570228972372
54.46,2.12570228972372
54.47,2.12570228972372
54.48,2.12570228972372
54.49,2.12570228972372
54.5,2.12570228972372
54.51,2.12570228972372
54.52,2.12570228972372
54.53,2.12570228972372
54.54,2.12570228972372
54.55,2.12570228972372
54.56,2.12570228972372
54.57,2.12570228972372
54.58,2.12570228972372
54.59,2.12570228972372
54.6,2.12570228972372
54.61,2.12570228972372
54.62,2.12570228972372
54.63,2.12570228972372
54.64,2.12570228972372
54.65,2.12570228972372
54.66,2.12570228972372
54.67,2.12570228972372
54.68,2.12570228972372
54.69,2.12570228972372
54.7,2.12570228972372
54.71,2.12570228972372
54.72,2.12570228972372
54.73,2.12570228972372
54.74,2.12570228972372
54.75,2.12570228972372
54.76,2.12570228972372
54.77,2.12570228972372
54.78,2.12570228972372
54.79,2.12570228972372
54.8,2.12570228972372
54.81,2.12570228972372
54.82,2.12570228972372
54.83,2.12570228972372
54.84,2.12570228972372
54.85,2.12570228972372
54.86,2.12570228972372
54.87,2.12570228972372
54.88,2.12570228972372
54.89,2.12570228972372
54.9,2.12570228972372
54.91,2.12570228972372
54.92,2.12570228972372
54.93,2.12570228972372
54.94,2.12570228972372
54.95,2.12570228972372
54.96,2.12570228972372
54.97,2.12570228972372
54.98,2.12570228972372
54.99,2.12570228972372
55,2.12570228972372
55.01,2.12570228972372
55.02,2.12570228972372
55.03,2.12570228972372
55.04,2.12570228972372
55.05,2.12570228972372
55.06,2.12570228972372
55.07,2.12570228972372
55.08,2.12570228972372
55.09,2.12570228972372
55.1,2.12570228972372
55.11,2.12570228972372
55.12,2.12570228972372
55.13,2.12570228972372
55.14,2.12570228972372
55.15,2.12570228972372
55.16,2.12570228972372
55.17,2.12570228972372
55.18,2.12570228972372
55.19,2.12570228972372
55.2,2.12570228972372
55.21,2.12570228972372
55.22,2.12570228972372
55.23,2.12570228972372
55.24,2.12570228972372
55.25,2.12570228972372
55.26,2.12570228972372
55.27,2.12570228972372
55.28,2.12570228972372
55.29,2.12570228972372
55.3,2.12570228972372
55.31,2.12570228972372
55.32,2.12570228972372
55.33,2.12570228972372
55.34,2.12570228972372
55.35,2.12570228972372
55.36,2.12570228972372
55.37,2.12570228972372
55.38,2.12570228972372
55.39,2.12570228972372
55.4,2.12570228972372
55.41,2.12570228972372
55.42,2.12570228972372
55.43,2.12570228972372
55.44,2.12570228972372
55.45,2.12570228972372
55.46,2.12570228972372
55.47,2.12570228972372
55.48,2.12570228972372
55.49,2.12570228972372
55.5,2.12570228972372
55.51,2.12570228972372
55.52,2.12570228972372
55.53,2.12570228972372
55.54,2.12570228972372
55.55,2.12570228972372
55.56,2.12570228972372
55.57,2.12570228972372
55.58,2.12570228972372
55.59,2.12570228972372
55.6,2.12570228972372
55.61,2.12570228972372
55.62,2.12570228972372
55.63,2.12570228972372
55.64,2.12570228972372
55.65,2.12570228972372
55.66,2.12570228972372
55.67,2.12570228972372
55.68,2.12570228972372
55.69,2.12570228972372
55.7,2.12570228972372
55.71,2.12570228972372
55.72,2.12570228972372
55.73,2.12570228972372
55.74,2.12570228972372
55.75,2.12570228972372
55.76,2.12570228972372
55.77,2.12570228972372
55.78,2.12570228972372
55.79,2.12570228972372
55.8,2.12570228972372
55.81,2.12570228972372
55.82,2.12570228972372
55.83,2.12570228972372
55.84,2.12570228972372
55.85,2.12570228972372
55.86,2.12570228972372
55.87,2.12570228972372
55.88,2.12570228972372
55.89,2.12570228972372
55.9,2.12570228972372
55.91,2.12570228972372
55.92,2.12570228972372
55.93,2.12570228972372
55.94,2.12570228972372
55.95,2.12570228972372
55.96,2.12570228972372
55.97,2.12570228972372
55.98,2.12570228972372
55.99,2.12570228972372
56,2.12570228972372
56.01,2.12570228972372
56.02,2.12570228972372
56.03,2.12570228972372
56.04,2.12570228972372
56.05,2.12570228972372
56.06,2.12570228972372
56.07,2.12570228972372
56.08,2.12570228972372
56.09,2.12570228972372
56.1,2.12570228972372
56.11,2.12570228972372
56.12,2.12570228972372
56.13,2.12570228972372
56.14,2.12570228972372
56.15,2.12570228972372
56.16,2.12570228972372
56.17,2.12570228972372
56.18,2.12570228972372
56.19,2.12570228972372
56.2,2.12570228972372
56.21,2.12570228972372
56.22,2.12570228972372
56.23,2.12570228972372
56.24,2.12570228972372
56.25,2.12570228972372
56.26,2.12570228972372
56.27,2.12570228972372
56.28,2.12570228972372
56.29,2.12570228972372
56.3,2.12570228972372
56.31,2.12570228972372
56.32,2.12570228972372
56.33,2.12570228972372
56.34,2.12570228972372
56.35,2.12570228972372
56.36,2.12570228972372
56.37,2.12570228972372
56.38,2.12570228972372
56.39,2.12570228972372
56.4,2.12570228972372
56.41,2.12570228972372
56.42,2.12570228972372
56.43,2.12570228972372
56.44,2.12570228972372
56.45,2.12570228972372
56.46,2.12570228972372
56.47,2.12570228972372
56.48,2.12570228972372
56.49,2.12570228972372
56.5,2.12570228972372
56.51,2.12570228972372
56.52,2.12570228972372
56.53,2.12570228972372
56.54,2.12570228972372
56.55,2.12570228972372
56.56,2.12570228972372
56.57,2.12570228972372
56.58,2.12570228972372
56.59,2.12570228972372
56.6,2.12570228972372
56.61,2.12570228972372
56.62,2.12570228972372
56.63,2.12570228972372
56.64,2.12570228972372
56.65,2.12570228972372
56.66,2.12570228972372
56.67,2.12570228972372
56.68,2.12570228972372
56.69,2.12570228972372
56.7,2.12570228972372
56.71,2.12570228972372
56.72,2.12570228972372
56.73,2.12570228972372
56.74,2.12570228972372
56.75,2.12570228972372
56.76,2.12570228972372
56.77,2.12570228972372
56.78,2.12570228972372
56.79,2.12570228972372
56.8,2.12570228972372
56.81,2.12570228972372
56.82,2.12570228972372
56.83,2.12570228972372
56.84,2.12570228972372
56.85,2.12570228972372
56.86,2.12570228972372
56.87,2.12570228972372
56.88,2.12570228972372
56.89,2.12570228972372
56.9,2.12570228972372
56.91,2.12570228972372
56.92,2.12570228972372
56.93,2.12570228972372
56.94,2.12570228972372
56.95,2.12570228972372
56.96,2.12570228972372
56.97,2.12570228972372
56.98,2.12570228972372
56.99,2.12570228972372
57,2.12570228972372
57.01,2.12570228972372
57.02,2.12570228972372
57.03,2.12570228972372
57.04,2.12570228972372
57.05,2.12570228972372
57.06,2.12570228972372
57.07,2.12570228972372
57.08,2.12570228972372
57.09,2.12570228972372
57.1,2.12570228972372
57.11,2.12570228972372
57.12,2.12570228972372
57.13,2.12570228972372
57.14,2.12570228972372
57.15,2.12570228972372
57.16,2.12570228972372
57.17,2.12570228972372
57.18,2.12570228972372
57.19,2.12570228972372
57.2,2.12570228972372
57.21,2.12570228972372
57.22,2.12570228972372
57.23,40.7597383326364
57.24,40.7597383326364
57.25,40.7597383326364
57.26,40.7597383326364
57.27,40.7597383326364
57.28,40.7597383326364
57.29,40.7597383326364
57.3,40.7597383326364
57.31,40.7597383326364
57.32,40.7597383326364
57.33,40.7597383326364
57.34,40.7597383326364
57.35,40.7597383326364
57.36,40.7597383326364
57.37,40.7597383326364
57.38,40.7597383326364
57.39,40.7597383326364
57.4,40.7597383326364
57.41,40.7597383326364
57.42,40.7597383326364
57.43,40.7597383326364
57.44,40.7597383326364
57.45,40.7597383326364
57.46,40.7597383326364
57.47,40.7597383326364
57.48,40.7597383326364
57.49,40.7597383326364
57.5,40.7597383326364
57.51,40.7597383326364
57.52,40.7597383326364
57.53,40.7597383326364
57.54,40.7597383326364
57.55,40.7597383326364
57.56,40.7597383326364
57.57,40.7597383326364
57.58,40.7597383326364
57.59,40.7597383326364
57.6,40.7597383326364
57.61,40.7597383326364
57.62,40.7597383326364
57.63,40.7597383326364
57.64,40.7597383326364
57.65,40.7597383326364
57.66,40.7597383326364
57.67,40.7597383326364
57.68,40.7597383326364
57.69,40.7597383326364
57.7,40.7597383326364
57.71,40.7597383326364
57.72,40.7597383326364
57.73,40.7597383326364
57.74,40.7597383326364
57.75,40.7597383326364
57.76,40.7597383326364
57.77,40.7597383326364
57.78,40.7597383326364
57.79,40.7597383326364
57.8,40.7597383326364
57.81,40.7597383326364
57.82,40.7597383326364
57.83,40.7597383326364
57.84,40.7597383326364
57.85,40.7597383326364
57.86,40.7597383326364
57.87,40.7597383326364
57.88,40.7597383326364
57.89,40.7597383326364
57.9,40.7597383326364
57.91,40.7597383326364
57.92,40.7597383326364
57.93,40.7597383326364
57.94,40.7597383326364
57.95,40.7597383326364
57.96,40.7597383326364
57.97,40.7597383326364
57.98,40.7597383326364
57.99,40.7597383326364
58,40.7597383326364
58.01,40.7597383326364
58.02,40.7597383326364
58.03,40.7597383326364
58.04,40.7597383326364
58.05,40.7597383326364
58.06,40.7597383326364
58.07,40.7597383326364
58.08,40.7597383326364
58.09,40.7597383326364
58.1,40.7597383326364
58.11,40.7597383326364
58.12,40.7597383326364
58.13,40.7597383326364
58.14,40.7597383326364
58.15,40.7597383326364
58.16,40.7597383326364
58.17,40.7597383326364
58.18,40.7597383326364
58.19,40.7597383326364
58.2,40.7597383326364
58.21,40.7597383326364
58.22,40.7597383326364
58.23,40.7597383326364
58.24,40.7597383326364
58.25,40.7597383326364
58.26,40.7597383326364
58.27,40.7597383326364
58.28,40.7597383326364
58.29,40.7597383326364
58.3,40.7597383326364
58.31,40.7597383326364
58.32,40.7597383326364
58.33,40.7597383326364
58.34,40.7597383326364
58.35,40.7597383326364
58.36,40.7597383326364
58.37,40.7597383326364
58.38,40.7597383326364
58.39,40.7597383326364
58.4,40.7597383326364
58.41,40.7597383326364
58.42,40.7597383326364
58.43,40.7597383326364
58.44,40.7597383326364
58.45,40.7597383326364
58.46,40.7597383326364
58.47,40.7597383326364
58.48,40.7597383326364
58.49,40.7597383326364
58.5,40.7597383326364
58.51,40.7597383326364
58.52,40.7597383326364
58.53,40.7597383326364
58.54,40.7597383326364
58.55,40.7597383326364
58.56,40.7597383326364
58.57,40.7597383326364
58.58,40.7597383326364
58.59,40.7597383326364
58.6,40.7597383326364
58.61,40.7597383326364
58.62,40.7597383326364
58.63,40.7597383326364
58.64,40.7597383326364
58.65,40.7597383326364
58.66,40.7597383326364
58.67,40.7597383326364
58.68,40.7597383326364
58.69,40.7597383326364
58.7,40.7597383326364
58.71,40.7597383326364
58.72,40.7597383326364
58.73,40.7597383326364
58.74,40.7597383326364
58.75,40.7597383326364
58.76,40.7597383326364
58.77,40.7597383326364
58.78,40.7597383326364
58.79,40.7597383326364
58.8,40.7597383326364
58.81,40.7597383326364
58.82,40.7597383326364
58.83,40.7597383326364
58.84,40.7597383326364
58.85,40.7597383326364
58.86,40.7597383326364
58.87,-41.2699417692775
58.88,-41.2699417692775
58.89,-41.2699417692775
58.9,-41.2699417692775
58.91,-41.2699417692775
58.92,-41.2699417692775
58.93,-41.2699417692775
58.94,-41.2699417692775
58.95,-41.2699417692775
58.96,-41.2699417692775
58.97,-41.2699417692775
58.98,-41.2699417692775
58.99,-41.2699417692775
59,-41.2699417692775
59.01,-41.2699417692775
59.02,-41.2699417692775
59.03,-41.2699417692775
59.04,-41.2699417692775
59.05,-41.2699417692775
59.06,-41.2699417692775
59.07,-41.2699417692775
59.08,-41.2699417692775
59.09,-41.2699417692775
59.1,-41.2699417692775
59.11,-41.2699417692775
59.12,-41.2699417692775
59.13,-41.2699417692775
59.14,-41.2699417692775
59.15,-41.2699417692775
59.16,-41.2699417692775
59.17,-41.2699417692775
59.18,-41.2699417692775
59.19,-41.2699417692775
59.2,-41.2699417692775
59.21,-41.2699417692775
59.22,-41.2699417692775
59.23,-41.2699417692775
59.24,-41.2699417692775
59.25,-41.2699417692775
59.26,-41.2699417692775
59.27,-41.2699417692775
59.28,-41.2699417692775
59.29,-41.2699417692775
59.3,-41.2699417692775
59.31,-41.2699417692775
59.32,-41.2699417692775
59.33,-41.2699417692775
59.34,-41.2699417692775
59.35,-41.2699417692775
59.36,-41.2699417692775
59.37,-41.2699417692775
59.38,-41.2699417692775
59.39,-41.2699417692775
59.4,-41.2699417692775
59.41,-41.2699417692775
59.42,-41.2699417692775
59.43,-41.2699417692775
59.44,-41.2699417692775
59.45,-41.2699417692775
59.46,-41.2699417692775
59.47,-41.2699417692775
59.48,-41.2699417692775
59.49,-41.2699417692775
59.5,-41.2699417692775
59.51,-41.2699417692775
59.52,-41.2699417692775
59.53,-41.2699417692775
59.54,-41.2699417692775
59.55,-41.2699417692775
59.56,-41.2699417692775
59.57,-41.2699417692775
59.58,-41.2699417692775
59.59,-41.2699417692775
59.6,-41.2699417692775
59.61,-41.2699417692775
59.62,-41.2699417692775
59.63,-41.2699417692775
59.64,-41.2699417692775
59.65,-41.2699417692775
59.66,-41.2699417692775
59.67,-41.2699417692775
59.68,-41.2699417692775
59.69,-41.2699417692775
59.7,-41.2699417692775
59.71,-41.2699417692775
59.72,-41.2699417692775
59.73,-41.2699417692775
59.74,-41.2699417692775
59.75,-41.2699417692775
59.76,-41.2699417692775
59.77,-41.2699417692775
59.78,-41.2699417692775
59.79,-41.2699417692775
59.8,-41.2699417692775
59.81,-41.2699417692775
59.82,-41.2699417692775
59.83,-41.2699417692775
59.84,-41.2699417692775
59.85,-41.2699417692775
59.86,-41.2699417692775
59.87,-41.2699417692775
59.88,-41.2699417692775
59.89,-41.2699417692775
59.9,-41.2699417692775
59.91,-41.2699417692775
59.92,-41.2699417692775
59.93,-41.2699417692775
59.94,-41.2699417692775
59.95,-41.2699417692775
59.96,-41.2699417692775
59.97,-41.2699417692775
59.98,-41.2699417692775
59.99,-41.2699417692775
60,-41.2699417692775
60.01,-41.2699417692775
60.02,-41.2699417692775
60.03,-41.2699417692775
60.04,-41.2699417692775
60.05,-41.2699417692775
60.06,-41.2699417692775
60.07,-41.2699417692775
60.08,-41.2699417692775
60.09,-41.2699417692775
60.1,-41.2699417692775
60.11,-41.2699417692775
60.12,-41.2699417692775
60.13,-41.2699417692775
60.14,-41.2699417692775
60.15,-41.2699417692775
60.16,-41.2699417692775
60.17,-41.2699417692775
60.18,-41.2699417692775
60.19,-41.2699417692775
60.2,-41.2699417692775
60.21,-41.2699417692775
60.22,-41.2699417692775
60.23,-41.2699417692775
60.24,-41.2699417692775
60.25,-41.2699417692775
60.26,-41.2699417692775
60.27,-41.2699417692775
60.28,-41.2699417692775
60.29,-41.2699417692775
60.3,-41.2699417692775
60.31,-41.2699417692775
60.32,-41.2699417692775
60.33,-41.2699417692775
60.34,-41.2699417692775
60.35,-41.2699417692775
60.36,-41.2699417692775
60.37,-41.2699417692775
60.38,-41.2699417692775
60.39,-41.2699417692775
60.4,-41.2699417692775
60.41,-41.2699417692775
60.42,-41.2699417692775
60.43,-41.2699417692775
60.44,-41.2699417692775
60.45,-41.2699417692775
60.46,-41.2699417692775
60.47,-41.2699417692775
60.48,-41.2699417692775
60.49,-41.2699417692775
60.5,-41.2699417692775
60.51,-41.2699417692775
60.52,-41.2699417692775
60.53,-41.2699417692775
60.54,-41.2699417692775
60.55,-41.2699417692775
60.56,-41.2699417692775
60.57,-41.2699417692775
60.58,-41.2699417692775
60.59,-41.2699417692775
60.6,-41.2699417692775
60.61,-41.2699417692775
60.62,-41.2699417692775
60.63,-41.2699417692775
60.64,-41.2699417692775
60.65,-41.2699417692775
60.66,-41.2699417692775
60.67,-41.2699417692775
60.68,-41.2699417692775
60.69,-41.2699417692775
60.7,-41.2699417692775
60.71,-41.2699417692775
60.72,-41.2699417692775
60.73,-41.2699417692775
60.74,-41.2699417692775
60.75,-41.2699417692775
60.76,-41.2699417692775
60.77,-41.2699417692775
60.78,-41.2699417692775
60.79,-41.2699417692775
60.8,-41.2699417692775
60.81,-41.2699417692775
60.82,-41.2699417692775
60.83,-41.2699417692775
60.84,55.1640625784079
60.85,55.1640625784079
60.86,55.1640625784079
60.87,55.1640625784079
60.88,55.1640625784079
60.89,55.1640625784079
60.9,55.1640625784079
60.91,55.1640625784079
60.92,55.1640625784079
60.93,55.1640625784079
60.94,55.1640625784079
60.95,55.1640625784079
60.96,55.1640625784079
60.97,55.1640625784079
60.98,55.1640625784079
60.99,55.1640625784079
61,55.1640625784079
61.01,55.1640625784079
61.02,55.1640625784079
61.03,55.1640625784079
61.04,55.1640625784079
61.05,55.1640625784079
61.06,55.1640625784079
61.07,55.1640625784079
61.08,55.1640625784079
61.09,55.1640625784079
61.1,55.1640625784079
61.11,55.1640625784079
61.12,55.1640625784079
61.13,55.1640625784079
61.14,55.1640625784079
61.15,55.1640625784079
61.16,55.1640625784079
61.17,55.1640625784079
61.18,55.1640625784079
61.19,55.1640625784079
61.2,55.1640625784079
61.21,55.1640625784079
61.22,55.1640625784079
61.23,55.1640625784079
61.24,55.1640625784079
61.25,55.1640625784079
61.26,55.1640625784079
61.27,55.1640625784079
61.28,55.1640625784079
61.29,55.1640625784079
61.3,55.1640625784079
61.31,55.1640625784079
61.32,55.1640625784079
61.33,55.1640625784079
61.34,55.1640625784079
61.35,55.1640625784079
61.36,55.1640625784079
61.37,55.1640625784079
61.38,55.1640625784079
61.39,55.1640625784079
61.4,55.1640625784079
61.41,55.1640625784079
61.42,55.1640625784079
61.43,55.1640625784079
61.44,55.1640625784079
61.45,55.1640625784079
61.46,55.1640625784079
61.47,55.1640625784079
61.48,55.1640625784079
61.49,55.1640625784079
61.5,55.1640625784079
61.51,55.1640625784079
61.52,55.1640625784079
61.53,55.1640625784079
61.54,55.1640625784079
61.55,55.1640625784079
61.56,55.1640625784079
61.57,55.1640625784079
61.58,55.1640625784079
61.59,55.1640625784079
61.6,55.1640625784079
61.61,55.1640625784079
61.62,55.1640625784079
61.63,55.1640625784079
61.64,55.1640625784079
61.65,55.1640625784079
61.66,55.1640625784079
61.67,55.1640625784079
61.68,55.1640625784079
61.69,55.1640625784079
61.7,55.1640625784079
61.71,55.1640625784079
61.72,55.1640625784079
61.73,55.1640625784079
61.74,55.1640625784079
61.75,55.1640625784079
61.76,55.1640625784079
61.77,55.1640625784079
61.78,55.1640625784079
61.79,55.1640625784079
61.8,55.1640625784079
61.81,55.1640625784079
61.82,55.1640625784079
61.83,55.1640625784079
61.84,55.1640625784079
61.85,55.1640625784079
61.86,55.1640625784079
61.87,55.1640625784079
61.88,55.1640625784079
61.89,55.1640625784079
61.9,55.1640625784079
61.91,55.1640625784079
61.92,55.1640625784079
61.93,55.1640625784079
61.94,55.1640625784079
61.95,55.1640625784079
61.96,55.1640625784079
61.97,55.1640625784079
61.98,55.1640625784079
61.99,55.1640625784079
62,55.1640625784079
62.01,55.1640625784079
62.02,55.1640625784079
62.03,55.1640625784079
62.04,55.1640625784079
62.05,55.1640625784079
62.06,55.1640625784079
62.07,55.1640625784079
62.08,55.1640625784079
62.09,55.1640625784079
62.1,55.1640625784079
62.11,55.1640625784079
62.12,55.1640625784079
62.13,-47.9081612530985
62.14,-47.9081612530985
62.15,-47.9081612530985
62.16,-47.9081612530985
62.17,-47.9081612530985
62.18,-47.9081612530985
62.19,-47.9081612530985
62.2,-47.9081612530985
62.21,-47.9081612530985
62.22,-47.9081612530985
62.23,-47.9081612530985
62.24,-47.9081612530985
62.25,-47.9081612530985
62.26,-47.9081612530985
62.27,-47.9081612530985
62.28,-47.9081612530985
62.29,-47.9081612530985
62.3,-47.9081612530985
62.31,-47.9081612530985
62.32,-47.9081612530985
62.33,-47.9081612530985
62.34,-47.9081612530985
62.35,-47.9081612530985
62.36,-47.9081612530985
62.37,-47.9081612530985
62.38,-47.9081612530985
62.39,-47.9081612530985
62.4,-47.9081612530985
62.41,-47.9081612530985
62.42,-47.9081612530985
62.43,-47.9081612530985
62.44,-47.9081612530985
62.45,-47.9081612530985
62.46,-47.9081612530985
62.47,-47.9081612530985
62.48,-47.9081612530985
62.49,-47.9081612530985
62.5,-47.9081612530985
62.51,-47.9081612530985
62.52,-47.9081612530985
62.53,-47.9081612530985
62.54,-47.9081612530985
62.55,-47.9081612530985
62.56,-47.9081612530985
62.57,-47.9081612530985
62.58,-47.9081612530985
62.59,-47.9081612530985
62.6,-47.9081612530985
62.61,-47.9081612530985
62.62,-47.9081612530985
62.63,-47.9081612530985
62.64,-47.9081612530985
62.65,-47.9081612530985
62.66,-47.9081612530985
62.67,-47.9081612530985
62.68,-47.9081612530985
62.69,-47.9081612530985
62.7,-47.9081612530985
62.71,-47.9081612530985
62.72,-47.9081612530985
62.73,-47.9081612530985
62.74,-47.9081612530985
62.75,-47.9081612530985
62.76,-47.9081612530985
62.77,-47.9081612530985
62.78,-47.9081612530985
62.79,-47.9081612530985
62.8,-47.9081612530985
62.81,-47.9081612530985
62.82,-47.9081612530985
62.83,-47.9081612530985
62.84,-47.9081612530985
62.85,-47.9081612530985
62.86,-47.9081612530985
62.87,-47.9081612530985
62.88,-47.9081612530985
62.89,-47.9081612530985
62.9,-47.9081612530985
62.91,-47.9081612530985
62.92,-47.9081612530985
62.93,-47.9081612530985
62.94,-47.9081612530985
62.95,-47.9081612530985
62.96,-47.9081612530985
62.97,-47.9081612530985
62.98,-47.9081612530985
62.99,-47.9081612530985
63,-47.9081612530985
63.01,-47.9081612530985
63.02,-47.9081612530985
63.03,-47.9081612530985
63.04,-47.9081612530985
63.05,-47.9081612530985
63.06,-47.9081612530985
63.07,-47.9081612530985
63.08,-47.9081612530985
63.09,-47.9081612530985
63.1,-47.9081612530985
63.11,-47.9081612530985
63.12,-47.9081612530985
63.13,-47.9081612530985
63.14,-47.9081612530985
63.15,-47.9081612530985
63.16,-47.9081612530985
63.17,-47.9081612530985
63.18,-47.9081612530985
63.19,-47.9081612530985
63.2,-47.9081612530985
63.21,-47.9081612530985
63.22,-47.9081612530985
63.23,-47.9081612530985
63.24,-47.9081612530985
63.25,-47.9081612530985
63.26,-47.9081612530985
63.27,-47.9081612530985
63.28,-47.9081612530985
63.29,-47.9081612530985
63.3,-47.9081612530985
63.31,-47.9081612530985
63.32,-47.9081612530985
63.33,-47.9081612530985
63.34,-47.9081612530985
63.35,-47.9081612530985
63.36,-47.9081612530985
63.37,-47.9081612530985
63.38,-47.9081612530985
63.39,-47.9081612530985
63.4,-47.9081612530985
63.41,-47.9081612530985
63.42,-47.9081612530985
63.43,-47.9081612530985
63.44,-47.9081612530985
63.45,-47.9081612530985
63.46,-47.9081612530985
63.47,-47.9081612530985
63.48,-47.9081612530985
63.49,-47.9081612530985
63.5,-47.9081612530985
63.51,-47.9081612530985
63.52,-47.9081612530985
63.53,-47.9081612530985
63.54,-47.9081612530985
63.55,-47.9081612530985
63.56,-47.9081612530985
63.57,-47.9081612530985
63.58,-47.9081612530985
63.59,-47.9081612530985
63.6,-47.9081612530985
63.61,-47.9081612530985
63.62,-47.9081612530985
63.63,-47.9081612530985
63.64,-47.9081612530985
63.65,-47.9081612530985
63.66,-47.9081612530985
63.67,-47.9081612530985
63.68,-47.9081612530985
63.69,-47.9081612530985
63.7,-47.9081612530985
63.71,-47.9081612530985
63.72,-47.9081612530985
63.73,-47.9081612530985
63.74,-47.9081612530985
63.75,-47.9081612530985
63.76,-47.9081612530985
63.77,-47.9081612530985
63.78,-47.9081612530985
63.79,-47.9081612530985
63.8,-47.9081612530985
63.81,-47.9081612530985
63.82,-47.9081612530985
63.83,-47.9081612530985
63.84,-47.9081612530985
63.85,-47.9081612530985
63.86,-47.9081612530985
63.87,-47.9081612530985
63.88,-47.9081612530985
63.89,-47.9081612530985
63.9,-47.9081612530985
63.91,-47.9081612530985
63.92,-47.9081612530985
63.93,-47.9081612530985
63.94,-47.9081612530985
63.95,-47.9081612530985
63.96,-47.9081612530985
63.97,-47.9081612530985
63.98,-47.9081612530985
63.99,-47.9081612530985
64,-47.9081612530985
64.01,-47.9081612530985
64.02,-47.9081612530985
64.03,-47.9081612530985
64.04,-47.9081612530985
64.05,-47.9081612530985
64.06,-47.9081612530985
64.07,-47.9081612530985
64.08,-47.9081612530985
64.09,-47.9081612530985
64.1,-47.9081612530985
64.11,-47.9081612530985
64.12,-47.9081612530985
64.13,-47.9081612530985
64.14,-47.9081612530985
64.15,-47.9081612530985
64.16,-47.9081612530985
64.17,-47.9081612530985
64.18,-47.9081612530985
64.19,-47.9081612530985
64.2,-47.9081612530985
64.21,-47.9081612530985
64.22,-47.9081612530985
64.23,-47.9081612530985
64.24,-47.9081612530985
64.25,-47.9081612530985
64.26,-47.9081612530985
64.27,-47.9081612530985
64.28,-47.9081612530985
64.29,-47.9081612530985
64.3,-47.9081612530985
64.31,-47.9081612530985
64.32,-47.9081612530985
64.33,-47.9081612530985
64.34,-47.9081612530985
64.35,-47.9081612530985
64.36,-47.9081612530985
64.37,-47.9081612530985
64.38,-47.9081612530985
64.39,-47.9081612530985
64.4,-47.9081612530985
64.41,-47.9081612530985
64.42,-47.9081612530985
64.43,-47.9081612530985
64.44,-47.9081612530985
64.45,-47.9081612530985
64.46,-47.9081612530985
64.47,-47.9081612530985
64.48,-47.9081612530985
64.49,-47.9081612530985
64.5,-47.9081612530985
64.51,-47.9081612530985
64.52,-47.9081612530985
64.53,-47.9081612530985
64.54,-47.9081612530985
64.55,-47.9081612530985
64.56,-47.9081612530985
64.57,-47.9081612530985
64.58,-47.9081612530985
64.59,-47.9081612530985
64.6,-47.9081612530985
64.61,-47.9081612530985
64.62,-47.9081612530985
64.63,-47.9081612530985
64.64,-47.9081612530985
64.65,-47.9081612530985
64.66,-47.9081612530985
64.67,-47.9081612530985
64.68,-47.9081612530985
64.69,-47.9081612530985
64.7,-47.9081612530985
64.71,-47.9081612530985
64.72,-47.9081612530985
64.73,-47.9081612530985
64.74,-47.9081612530985
64.75,-47.9081612530985
64.76,-47.9081612530985
64.77,-47.9081612530985
64.78,-47.9081612530985
64.79,-47.9081612530985
64.8,-47.9081612530985
64.81,-47.9081612530985
64.82,-47.9081612530985
64.83,-47.9081612530985
64.84,-47.9081612530985
64.85,-47.9081612530985
64.86,-47.9081612530985
64.87,-47.9081612530985
64.88,-47.9081612530985
64.89,-47.9081612530985
64.9,-47.9081612530985
64.91,-47.9081612530985
64.92,-47.9081612530985
64.93,-47.9081612530985
64.94,-47.9081612530985
64.95,-47.9081612530985
64.96,-47.9081612530985
64.97,-47.9081612530985
64.98,-47.9081612530985
64.99,-47.9081612530985
65,-47.9081612530985
65.01,-47.9081612530985
65.02,-47.9081612530985
65.03,-47.9081612530985
65.04,-47.9081612530985
65.05,-47.9081612530985
65.06,-47.9081612530985
65.07,-47.9081612530985
65.08,-47.9081612530985
65.09,-47.9081612530985
65.1,-47.9081612530985
65.11,-47.9081612530985
65.12,-47.9081612530985
65.13,-47.9081612530985
65.14,-47.9081612530985
65.15,-47.9081612530985
65.16,-47.9081612530985
65.17,-47.9081612530985
65.18,-47.9081612530985
65.19,-47.9081612530985
65.2,-47.9081612530985
65.21,-47.9081612530985
65.22,-47.9081612530985
65.23,-47.9081612530985
65.24,-47.9081612530985
65.25,-47.9081612530985
65.26,-47.9081612530985
65.27,-47.9081612530985
65.28,-47.9081612530985
65.29,-47.9081612530985
65.3,-47.9081612530985
65.31,-47.9081612530985
65.32,-47.9081612530985
65.33,-47.9081612530985
65.34,-47.9081612530985
65.35,-47.9081612530985
65.36,-47.9081612530985
65.37,-47.9081612530985
65.38,-47.9081612530985
65.39,-47.9081612530985
65.4,-47.9081612530985
65.41,15.5034300010012
65.42,15.5034300010012
65.43,15.5034300010012
65.44,15.5034300010012
65.45,15.5034300010012
65.46,15.5034300010012
65.47,15.5034300010012
65.48,15.5034300010012
65.49,15.5034300010012
65.5,15.5034300010012
65.51,15.5034300010012
65.52,15.5034300010012
65.53,15.5034300010012
65.54,15.5034300010012
65.55,15.5034300010012
65.56,15.5034300010012
65.57,15.5034300010012
65.58,15.5034300010012
65.59,15.5034300010012
65.6,15.5034300010012
65.61,15.5034300010012
65.62,15.5034300010012
65.63,15.5034300010012
65.64,15.5034300010012
65.65,15.5034300010012
65.66,15.5034300010012
65.67,15.5034300010012
65.68,15.5034300010012
65.69,15.5034300010012
65.7,15.5034300010012
65.71,15.5034300010012
65.72,15.5034300010012
65.73,15.5034300010012
65.74,15.5034300010012
65.75,15.5034300010012
65.76,15.5034300010012
65.77,15.5034300010012
65.78,15.5034300010012
65.79,15.5034300010012
65.8,15.5034300010012
65.81,15.5034300010012
65.82,15.5034300010012
65.83,15.5034300010012
65.84,15.5034300010012
65.85,15.5034300010012
65.86,15.5034300010012
65.87,15.5034300010012
65.88,15.5034300010012
65.89,15.5034300010012
65.9,15.5034300010012
65.91,15.5034300010012
65.92,15.5034300010012
65.93,15.5034300010012
65.94,15.5034300010012
65.95,15.5034300010012
65.96,15.5034300010012
65.97,15.5034300010012
65.98,15.5034300010012
65.99,15.5034300010012
66,15.5034300010012
66.01,15.5034300010012
66.02,15.5034300010012
66.03,15.5034300010012
66.04,15.5034300010012
66.05,15.5034300010012
66.06,15.5034300010012
66.07,15.5034300010012
66.08,15.5034300010012
66.09,15.5034300010012
66.1,15.5034300010012
66.11,15.5034300010012
66.12,15.5034300010012
66.13,15.5034300010012
66.14,15.5034300010012
66.15,15.5034300010012
66.16,15.5034300010012
66.17,15.5034300010012
66.18,15.5034300010012
66.19,15.5034300010012
66.2,15.5034300010012
66.21,15.5034300010012
66.22,15.5034300010012
66.23,15.5034300010012
66.24,15.5034300010012
66.25,15.5034300010012
66.26,15.5034300010012
66.27,15.5034300010012
66.28,15.5034300010012
66.29,15.5034300010012
66.3,15.5034300010012
66.31,15.5034300010012
66.32,15.5034300010012
66.33,15.5034300010012
66.34,15.5034300010012
66.35,15.5034300010012
66.36,15.5034300010012
66.37,15.5034300010012
66.38,15.5034300010012
66.39,15.5034300010012
66.4,15.5034300010012
66.41,15.5034300010012
66.42,15.5034300010012
66.43,15.5034300010012
66.44,15.5034300010012
66.45,15.5034300010012
66.46,15.5034300010012
66.47,15.5034300010012
66.48,15.5034300010012
66.49,15.5034300010012
66.5,15.5034300010012
66.51,15.5034300010012
66.52,15.5034300010012
66.53,15.5034300010012
66.54,15.5034300010012
66.55,15.5034300010012
66.56,15.5034300010012
66.57,15.5034300010012
66.58,15.5034300010012
66.59,15.5034300010012
66.6,15.5034300010012
66.61,15.5034300010012
66.62,15.5034300010012
66.63,15.5034300010012
66.64,15.5034300010012
66.65,15.5034300010012
66.66,15.5034300010012
66.67,15.5034300010012
66.68,15.5034300010012
66.69,15.5034300010012
66.7,15.5034300010012
66.71,15.5034300010012
66.72,15.5034300010012
66.73,15.5034300010012
66.74,15.5034300010012
66.75,15.5034300010012
66.76,15.5034300010012
66.77,15.5034300010012
66.78,15.5034300010012
66.79,15.5034300010012
66.8,15.5034300010012
66.81,15.5034300010012
66.82,15.5034300010012
66.83,15.5034300010012
66.84,15.5034300010012
66.85,15.5034300010012
66.86,15.5034300010012
66.87,15.5034300010012
66.88,15.5034300010012
66.89,15.5034300010012
66.9,15.5034300010012
66.91,15.5034300010012
66.92,15.5034300010012
66.93,15.5034300010012
66.94,15.5034300010012
66.95,15.5034300010012
66.96,15.5034300010012
66.97,15.5034300010012
66.98,15.5034300010012
66.99,15.5034300010012
67,15.5034300010012
67.01,15.5034300010012
67.02,15.5034300010012
67.03,15.5034300010012
67.04,15.5034300010012
67.05,15.5034300010012
67.06,15.5034300010012
67.07,15.5034300010012
67.08,15.5034300010012
67.09,15.5034300010012
67.1,15.5034300010012
67.11,15.5034300010012
67.12,15.5034300010012
67.13,15.5034300010012
67.14,15.5034300010012
67.15,15.5034300010012
67.16,15.5034300010012
67.17,15.5034300010012
67.18,15.5034300010012
67.19,15.5034300010012
67.2,15.5034300010012
67.21,15.5034300010012
67.22,15.5034300010012
67.23,15.5034300010012
67.24,15.5034300010012
67.25,15.5034300010012
67.26,15.5034300010012
67.27,15.5034300010012
67.28,15.5034300010012
67.29,15.5034300010012
67.3,15.5034300010012
67.31,15.5034300010012
67.32,15.5034300010012
67.33,15.5034300010012
67.34,15.5034300010012
67.35,15.5034300010012
67.36,15.5034300010012
67.37,15.5034300010012
67.38,15.5034300010012
67.39,15.5034300010012
67.4,15.5034300010012
67.41,15.5034300010012
67.42,15.5034300010012
67.43,15.5034300010012
67.44,15.5034300010012
67.45,15.5034300010012
67.46,15.5034300010012
67.47,15.5034300010012
67.48,15.5034300010012
67.49,15.5034300010012
67.5,15.5034300010012
67.51,15.5034300010012
67.52,15.5034300010012
67.53,15.5034300010012
67.54,15.5034300010012
67.55,15.5034300010012
67.56,15.5034300010012
67.57,15.5034300010012
67.58,15.5034300010012
67.59,15.5034300010012
67.6,15.5034300010012
67.61,15.5034300010012
67.62,15.5034300010012
67.63,15.5034300010012
67.64,15.5034300010012
67.65,15.5034300010012
67.66,15.5034300010012
67.67,15.5034300010012
67.68,15.5034300010012
67.69,15.5034300010012
67.7,15.5034300010012
67.71,15.5034300010012
67.72,39.2036279086753
67.73,39.2036279086753
67.74,39.2036279086753
67.75,39.2036279086753
67.76,39.2036279086753
67.77,39.2036279086753
67.78,39.2036279086753
67.79,39.2036279086753
67.8,39.2036279086753
67.81,39.2036279086753
67.82,39.2036279086753
67.83,39.2036279086753
67.84,39.2036279086753
67.85,39.2036279086753
67.86,39.2036279086753
67.87,39.2036279086753
67.88,39.2036279086753
67.89,39.2036279086753
67.9,39.2036279086753
67.91,39.2036279086753
67.92,39.2036279086753
67.93,39.2036279086753
67.94,39.2036279086753
67.95,39.2036279086753
67.96,39.2036279086753
67.97,39.2036279086753
67.98,39.2036279086753
67.99,39.2036279086753
68,39.2036279086753
68.01,39.2036279086753
68.02,39.2036279086753
68.03,39.2036279086753
68.04,39.2036279086753
68.05,39.2036279086753
68.06,39.2036279086753
68.07,39.2036279086753
68.08,39.2036279086753
68.09,39.2036279086753
68.1,39.2036279086753
68.11,39.2036279086753
68.12,39.2036279086753
68.13,39.2036279086753
68.14,39.2036279086753
68.15,39.2036279086753
68.16,39.2036279086753
68.17,39.2036279086753
68.18,39.2036279086753
68.19,39.2036279086753
68.2,39.2036279086753
68.21,39.2036279086753
68.22,39.2036279086753
68.23,39.2036279086753
68.24,39.2036279086753
68.25,39.2036279086753
68.26,39.2036279086753
68.27,39.2036279086753
68.28,39.2036279086753
68.29,39.2036279086753
68.3,39.2036279086753
68.31,39.2036279086753
68.32,39.2036279086753
68.33,39.2036279086753
68.34,39.2036279086753
68.35,39.2036279086753
68.36,39.2036279086753
68.37,39.2036279086753
68.38,39.2036279086753
68.39,39.2036279086753
68.4,39.2036279086753
68.41,39.2036279086753
68.42,39.2036279086753
68.43,39.2036279086753
68.44,39.2036279086753
68.45,39.2036279086753
68.46,39.2036279086753
68.47,39.2036279086753
68.48,39.2036279086753
68.49,39.2036279086753
68.5,39.2036279086753
68.51,39.2036279086753
68.52,39.2036279086753
68.53,39.2036279086753
68.54,39.2036279086753
68.55,39.2036279086753
68.56,39.2036279086753
68.57,39.2036279086753
68.58,39.2036279086753
68.59,39.2036279086753
68.6,39.2036279086753
68.61,39.2036279086753
68.62,39.2036279086753
68.63,39.2036279086753
68.64,39.2036279086753
68.65,39.2036279086753
68.66,39.2036279086753
68.67,39.2036279086753
68.68,39.2036279086753
68.69,39.2036279086753
68.7,39.2036279086753
68.71,39.2036279086753
68.72,39.2036279086753
68.73,39.2036279086753
68.74,39.2036279086753
68.75,39.2036279086753
68.76,39.2036279086753
68.77,39.2036279086753
68.78,39.2036279086753
68.79,39.2036279086753
68.8,39.2036279086753
68.81,39.2036279086753
68.82,39.2036279086753
68.83,39.2036279086753
68.84,39.2036279086753
68.85,39.2036279086753
68.86,39.2036279086753
68.87,39.2036279086753
68.88,39.2036279086753
68.89,39.2036279086753
68.9,39.2036279086753
68.91,39.2036279086753
68.92,39.2036279086753
68.93,39.2036279086753
68.94,39.2036279086753
68.95,39.2036279086753
68.96,39.2036279086753
68.97,39.2036279086753
68.98,39.2036279086753
68.99,39.2036279086753
69,39.2036279086753
69.01,39.2036279086753
69.02,39.2036279086753
69.03,39.2036279086753
69.04,39.2036279086753
69.05,39.2036279086753
69.06,39.2036279086753
69.07,39.2036279086753
69.08,39.2036279086753
69.09,39.2036279086753
69.1,39.2036279086753
69.11,39.2036279086753
69.12,39.2036279086753
69.13,39.2036279086753
69.14,39.2036279086753
69.15,39.2036279086753
69.16,39.2036279086753
69.17,39.2036279086753
69.18,39.2036279086753
69.19,39.2036279086753
69.2,39.2036279086753
69.21,39.2036279086753
69.22,39.2036279086753
69.23,39.2036279086753
69.24,39.2036279086753
69.25,39.2036279086753
69.26,39.2036279086753
69.27,39.2036279086753
69.28,39.2036279086753
69.29,39.2036279086753
69.3,39.2036279086753
69.31,39.2036279086753
69.32,39.2036279086753
69.33,39.2036279086753
69.34,39.2036279086753
69.35,39.2036279086753
69.36,39.2036279086753
69.37,39.2036279086753
69.38,39.2036279086753
69.39,39.2036279086753
69.4,39.2036279086753
69.41,39.2036279086753
69.42,39.2036279086753
69.43,39.2036279086753
69.44,39.2036279086753
69.45,39.2036279086753
69.46,39.2036279086753
69.47,39.2036279086753
69.48,39.2036279086753
69.49,39.2036279086753
69.5,39.2036279086753
69.51,39.2036279086753
69.52,39.2036279086753
69.53,39.2036279086753
69.54,39.2036279086753
69.55,39.2036279086753
69.56,39.2036279086753
69.57,39.2036279086753
69.58,39.2036279086753
69.59,39.2036279086753
69.6,39.2036279086753
69.61,39.2036279086753
69.62,39.2036279086753
69.63,39.2036279086753
69.64,39.2036279086753
69.65,39.2036279086753
69.66,39.2036279086753
69.67,39.2036279086753
69.68,39.2036279086753
69.69,39.2036279086753
69.7,39.2036279086753
69.71,39.2036279086753
69.72,39.2036279086753
69.73,39.2036279086753
69.74,39.2036279086753
69.75,39.2036279086753
69.76,39.2036279086753
69.77,39.2036279086753
69.78,39.2036279086753
69.79,39.2036279086753
69.8,39.2036279086753
69.81,39.2036279086753
69.82,39.2036279086753
69.83,39.2036279086753
69.84,39.2036279086753
69.85,39.2036279086753
69.86,39.2036279086753
69.87,39.2036279086753
69.88,39.2036279086753
69.89,39.2036279086753
69.9,39.2036279086753
69.91,39.2036279086753
69.92,39.2036279086753
69.93,39.2036279086753
69.94,39.2036279086753
69.95,39.2036279086753
69.96,39.2036279086753
69.97,39.2036279086753
69.98,39.2036279086753
69.99,39.2036279086753
70,61.7116270680738
70.01,61.7116270680738
70.02,61.7116270680738
70.03,61.7116270680738
70.04,61.7116270680738
70.05,61.7116270680738
70.06,61.7116270680738
70.07,61.7116270680738
70.08,61.7116270680738
70.09,61.7116270680738
70.1,61.7116270680738
70.11,61.7116270680738
70.12,61.7116270680738
70.13,61.7116270680738
70.14,61.7116270680738
70.15,61.7116270680738
70.16,61.7116270680738
70.17,61.7116270680738
70.18,61.7116270680738
70.19,61.7116270680738
70.2,61.7116270680738
70.21,61.7116270680738
70.22,61.7116270680738
70.23,61.7116270680738
70.24,61.7116270680738
70.25,61.7116270680738
70.26,61.7116270680738
70.27,61.7116270680738
70.28,61.7116270680738
70.29,61.7116270680738
70.3,61.7116270680738
70.31,61.7116270680738
70.32,61.7116270680738
70.33,61.7116270680738
70.34,61.7116270680738
70.35,61.7116270680738
70.36,61.7116270680738
70.37,61.7116270680738
70.38,61.7116270680738
70.39,61.7116270680738
70.4,61.7116270680738
70.41,61.7116270680738
70.42,61.7116270680738
70.43,61.7116270680738
70.44,61.7116270680738
70.45,61.7116270680738
70.46,61.7116270680738
70.47,61.7116270680738
70.48,61.7116270680738
70.49,61.7116270680738
70.5,61.7116270680738
70.51,61.7116270680738
70.52,61.7116270680738
70.53,61.7116270680738
70.54,61.7116270680738
70.55,61.7116270680738
70.56,61.7116270680738
70.57,61.7116270680738
70.58,61.7116270680738
70.59,61.7116270680738
70.6,61.7116270680738
70.61,61.7116270680738
70.62,61.7116270680738
70.63,61.7116270680738
70.64,61.7116270680738
70.65,61.7116270680738
70.66,61.7116270680738
70.67,61.7116270680738
70.68,61.7116270680738
70.69,61.7116270680738
70.7,61.7116270680738
70.71,61.7116270680738
70.72,61.7116270680738
70.73,61.7116270680738
70.74,61.7116270680738
70.75,61.7116270680738
70.76,61.7116270680738
70.77,61.7116270680738
70.78,61.7116270680738
70.79,61.7116270680738
70.8,61.7116270680738
70.81,61.7116270680738
70.82,61.7116270680738
70.83,61.7116270680738
70.84,61.7116270680738
70.85,61.7116270680738
70.86,61.7116270680738
70.87,61.7116270680738
70.88,61.7116270680738
70.89,61.7116270680738
70.9,61.7116270680738
70.91,61.7116270680738
70.92,61.7116270680738
70.93,61.7116270680738
70.94,61.7116270680738
70.95,61.7116270680738
70.96,61.7116270680738
70.97,61.7116270680738
70.98,61.7116270680738
70.99,61.7116270680738
71,61.7116270680738
71.01,61.7116270680738
71.02,61.7116270680738
71.03,61.7116270680738
71.04,61.7116270680738
71.05,61.7116270680738
71.06,61.7116270680738
71.07,61.7116270680738
71.08,61.7116270680738
71.09,61.7116270680738
71.1,61.7116270680738
71.11,61.7116270680738
71.12,61.7116270680738
71.13,61.7116270680738
71.14,61.7116270680738
71.15,61.7116270680738
71.16,61.7116270680738
71.17,61.7116270680738
71.18,61.7116270680738
71.19,61.7116270680738
71.2,61.7116270680738
71.21,61.7116270680738
71.22,61.7116270680738
71.23,61.7116270680738
71.24,61.7116270680738
71.25,61.7116270680738
71.26,61.7116270680738
71.27,61.7116270680738
71.28,61.7116270680738
71.29,61.7116270680738
71.3,61.7116270680738
71.31,61.7116270680738
71.32,61.7116270680738
71.33,61.7116270680738
71.34,61.7116270680738
71.35,61.7116270680738
71.36,61.7116270680738
71.37,61.7116270680738
71.38,61.7116270680738
71.39,61.7116270680738
71.4,61.7116270680738
71.41,61.7116270680738
71.42,61.7116270680738
71.43,61.7116270680738
71.44,61.7116270680738
71.45,61.7116270680738
71.46,61.7116270680738
71.47,61.7116270680738
71.48,61.7116270680738
71.49,61.7116270680738
71.5,61.7116270680738
71.51,61.7116270680738
71.52,61.7116270680738
71.53,61.7116270680738
71.54,61.7116270680738
71.55,61.7116270680738
71.56,61.7116270680738
71.57,61.7116270680738
71.58,61.7116270680738
71.59,61.7116270680738
71.6,61.7116270680738
71.61,-65.3502993273433
71.62,-65.3502993273433
71.63,-65.3502993273433
71.64,-65.3502993273433
71.65,-65.3502993273433
71.66,-65.3502993273433
71.67,-65.3502993273433
71.68,-65.3502993273433
71.69,-65.3502993273433
71.7,-65.3502993273433
71.71,-65.3502993273433
71.72,-65.3502993273433
71.73,-65.3502993273433
71.74,-65.3502993273433
71.75,-65.3502993273433
71.76,-65.3502993273433
71.77,-65.3502993273433
71.78,-65.3502993273433
71.79,-65.3502993273433
71.8,-65.3502993273433
71.81,-65.3502993273433
71.82,-65.3502993273433
71.83,-65.3502993273433
71.84,-65.3502993273433
71.85,-65.3502993273433
71.86,-65.3502993273433
71.87,-65.3502993273433
71.88,-65.3502993273433
71.89,-65.3502993273433
71.9,-65.3502993273433
71.91,-65.3502993273433
71.92,-65.3502993273433
71.93,-65.3502993273433
71.94,-65.3502993273433
71.95,-65.3502993273433
71.96,-65.3502993273433
71.97,-65.3502993273433
71.98,-65.3502993273433
71.99,-65.3502993273433
72,-65.3502993273433
72.01,-65.3502993273433
72.02,-65.3502993273433
72.03,-65.3502993273433
72.04,-65.3502993273433
72.05,-65.3502993273433
72.06,-65.3502993273433
72.07,-65.3502993273433
72.08,-65.3502993273433
72.09,-65.3502993273433
72.1,-65.3502993273433
72.11,-65.3502993273433
72.12,-65.3502993273433
72.13,-65.3502993273433
72.14,-65.3502993273433
72.15,-65.3502993273433
72.16,-65.3502993273433
72.17,-65.3502993273433
72.18,-65.3502993273433
72.19,-65.3502993273433
72.2,-65.3502993273433
72.21,-65.3502993273433
72.22,-65.3502993273433
72.23,-65.3502993273433
72.24,-65.3502993273433
72.25,-65.3502993273433
72.26,-65.3502993273433
72.27,-65.3502993273433
72.28,-65.3502993273433
72.29,-65.3502993273433
72.3,-65.3502993273433
72.31,-65.3502993273433
72.32,-65.3502993273433
72.33,-65.3502993273433
72.34,-65.3502993273433
72.35,-65.3502993273433
72.36,-65.3502993273433
72.37,-65.3502993273433
72.38,-65.3502993273433
72.39,-65.3502993273433
72.4,-65.3502993273433
72.41,-65.3502993273433
72.42,-65.3502993273433
72.43,-65.3502993273433
72.44,-65.3502993273433
72.45,-65.3502993273433
72.46,-65.3502993273433
72.47,-65.3502993273433
72.48,-65.3502993273433
72.49,-65.3502993273433
72.5,-65.3502993273433
72.51,-65.3502993273433
72.52,-65.3502993273433
72.53,-65.3502993273433
72.54,-65.3502993273433
72.55,-65.3502993273433
72.56,-65.3502993273433
72.57,-65.3502993273433
72.58,-65.3502993273433
72.59,-65.3502993273433
72.6,-65.3502993273433
72.61,-65.3502993273433
72.62,-65.3502993273433
72.63,-65.3502993273433
72.64,-65.3502993273433
72.65,-65.3502993273433
72.66,-65.3502993273433
72.67,-65.3502993273433
72.68,-65.3502993273433
72.69,-65.3502993273433
72.7,-65.3502993273433
72.71,-65.3502993273433
72.72,-65.3502993273433
72.73,-65.3502993273433
72.74,-65.3502993273433
72.75,-65.3502993273433
72.76,-65.3502993273433
72.77,-65.3502993273433
72.78,-65.3502993273433
72.79,-65.3502993273433
72.8,-65.3502993273433
72.81,-65.3502993273433
72.82,-65.3502993273433
72.83,-65.3502993273433
72.84,-65.3502993273433
72.85,-65.3502993273433
72.86,-65.3502993273433
72.87,-65.3502993273433
72.88,-65.3502993273433
72.89,-65.3502993273433
72.9,-65.3502993273433
72.91,-65.3502993273433
72.92,-65.3502993273433
72.93,-65.3502993273433
72.94,-65.3502993273433
72.95,-65.3502993273433
72.96,-65.3502993273433
72.97,-65.3502993273433
72.98,-65.3502993273433
72.99,-65.3502993273433
73,-65.3502993273433
73.01,-65.3502993273433
73.02,-65.3502993273433
73.03,-65.3502993273433
73.04,-65.3502993273433
73.05,-65.3502993273433
73.06,-65.3502993273433
73.07,-65.3502993273433
73.08,-65.3502993273433
73.09,-65.3502993273433
73.1,-65.3502993273433
73.11,-65.3502993273433
73.12,-65.3502993273433
73.13,-65.3502993273433
73.14,-65.3502993273433
73.15,-65.3502993273433
73.16,-65.3502993273433
73.17,-65.3502993273433
73.18,-65.3502993273433
73.19,-65.3502993273433
73.2,-65.3502993273433
73.21,-65.3502993273433
73.22,-65.3502993273433
73.23,-65.3502993273433
73.24,-65.3502993273433
73.25,-65.3502993273433
73.26,-65.3502993273433
73.27,-65.3502993273433
73.28,-65.3502993273433
73.29,-65.3502993273433
73.3,-65.3502993273433
73.31,-65.3502993273433
73.32,-65.3502993273433
73.33,-65.3502993273433
73.34,-65.3502993273433
73.35,-65.3502993273433
73.36,-65.3502993273433
73.37,-65.3502993273433
73.38,-65.3502993273433
73.39,-65.3502993273433
73.4,-65.3502993273433
73.41,-65.3502993273433
73.42,-65.3502993273433
73.43,-65.3502993273433
73.44,-65.3502993273433
73.45,-65.3502993273433
73.46,-65.3502993273433
73.47,-65.3502993273433
73.48,-65.3502993273433
73.49,-65.3502993273433
73.5,-65.3502993273433
73.51,-65.3502993273433
73.52,-65.3502993273433
73.53,-65.3502993273433
73.54,-65.3502993273433
73.55,-65.3502993273433
73.56,-65.3502993273433
73.57,-65.3502993273433
73.58,-65.3502993273433
73.59,-65.3502993273433
73.6,-65.3502993273433
73.61,-65.3502993273433
73.62,-65.3502993273433
73.63,-65.3502993273433
73.64,-65.3502993273433
73.65,-65.3502993273433
73.66,-65.3502993273433
73.67,-65.3502993273433
73.68,-65.3502993273433
73.69,-65.3502993273433
73.7,-65.3502993273433
73.71,-65.3502993273433
73.72,-65.3502993273433
73.73,-65.3502993273433
73.74,-65.3502993273433
73.75,-65.3502993273433
73.76,-65.3502993273433
73.77,-65.3502993273433
73.78,-65.3502993273433
73.79,-65.3502993273433
73.8,-65.3502993273433
73.81,-65.3502993273433
73.82,-65.3502993273433
73.83,-65.3502993273433
73.84,-65.3502993273433
73.85,-65.3502993273433
73.86,-65.3502993273433
73.87,-65.3502993273433
73.88,-65.3502993273433
73.89,-65.3502993273433
73.9,-65.3502993273433
73.91,-65.3502993273433
73.92,-65.3502993273433
73.93,-65.3502993273433
73.94,-65.3502993273433
73.95,-65.3502993273433
73.96,-65.3502993273433
73.97,-65.3502993273433
73.98,-65.3502993273433
73.99,-65.3502993273433
74,-65.3502993273433
74.01,-65.3502993273433
74.02,-65.3502993273433
74.03,-65.3502993273433
74.04,-65.3502993273433
74.05,-65.3502993273433
74.06,-65.3502993273433
74.07,-65.3502993273433
74.08,-65.3502993273433
74.09,-65.3502993273433
74.1,-65.3502993273433
74.11,-65.3502993273433
74.12,-65.3502993273433
74.13,-65.3502993273433
74.14,-65.3502993273433
74.15,-65.3502993273433
74.16,-65.3502993273433
74.17,-65.3502993273433
74.18,-65.3502993273433
74.19,-65.3502993273433
74.2,-65.3502993273433
74.21,-65.3502993273433
74.22,-65.3502993273433
74.23,-65.3502993273433
74.24,-65.3502993273433
74.25,-65.3502993273433
74.26,-65.3502993273433
74.27,-65.3502993273433
74.28,-65.3502993273433
74.29,-65.3502993273433
74.3,-65.3502993273433
74.31,-65.3502993273433
74.32,-65.3502993273433
74.33,-65.3502993273433
74.34,-65.3502993273433
74.35,-65.3502993273433
74.36,-65.3502993273433
74.37,-65.3502993273433
74.38,-65.3502993273433
74.39,-65.3502993273433
74.4,-65.3502993273433
74.41,-65.3502993273433
74.42,-65.3502993273433
74.43,-65.3502993273433
74.44,-65.3502993273433
74.45,-65.3502993273433
74.46,-65.3502993273433
74.47,-65.3502993273433
74.48,-65.3502993273433
74.49,-65.3502993273433
74.5,-65.3502993273433
74.51,-65.3502993273433
74.52,-65.3502993273433
74.53,-65.3502993273433
74.54,-65.3502993273433
74.55,-65.3502993273433
74.56,-65.3502993273433
74.57,-65.3502993273433
74.58,-65.3502993273433
74.59,-65.3502993273433
74.6,-65.3502993273433
74.61,-65.3502993273433
74.62,-65.3502993273433
74.63,-65.3502993273433
74.64,-65.3502993273433
74.65,-65.3502993273433
74.66,-65.3502993273433
74.67,-65.3502993273433
74.68,-65.3502993273433
74.69,-65.3502993273433
74.7,-65.3502993273433
74.71,-65.3502993273433
74.72,-65.3502993273433
74.73,-65.3502993273433
74.74,-65.3502993273433
74.75,-65.3502993273433
74.76,-65.3502993273433
74.77,-65.3502993273433
74.78,-65.3502993273433
74.79,-65.3502993273433
74.8,-65.3502993273433
74.81,-65.3502993273433
74.82,-65.3502993273433
74.83,-65.3502993273433
74.84,-65.3502993273433
74.85,-65.3502993273433
74.86,-65.3502993273433
74.87,-65.3502993273433
74.88,-65.3502993273433
74.89,-65.3502993273433
74.9,-65.3502993273433
74.91,-65.3502993273433
74.92,-65.3502993273433
74.93,-65.3502993273433
74.94,-65.3502993273433
74.95,-65.3502993273433
74.96,-65.3502993273433
74.97,-65.3502993273433
74.98,-65.3502993273433
74.99,-65.3502993273433
75,-65.3502993273433
75.01,-65.3502993273433
75.02,-65.3502993273433
75.03,-65.3502993273433
75.04,-65.3502993273433
75.05,-65.3502993273433
75.06,-65.3502993273433
75.07,-65.3502993273433
75.08,-65.3502993273433
75.09,-65.3502993273433
75.1,-65.3502993273433
75.11,-65.3502993273433
75.12,-65.3502993273433
75.13,-65.3502993273433
75.14,-65.3502993273433
75.15,-65.3502993273433
75.16,-65.3502993273433
75.17,-65.3502993273433
75.18,-65.3502993273433
75.19,-65.3502993273433
75.2,-65.3502993273433
75.21,-65.3502993273433
75.22,-65.3502993273433
75.23,-65.3502993273433
75.24,-65.3502993273433
75.25,-65.3502993273433
75.26,-65.3502993273433
75.27,-65.3502993273433
75.28,-65.3502993273433
75.29,-65.3502993273433
75.3,-65.3502993273433
75.31,-65.3502993273433
75.32,-65.3502993273433
75.33,-65.3502993273433
75.34,-65.3502993273433
75.35,-65.3502993273433
75.36,-65.3502993273433
75.37,8.42806108105387
75.38,8.42806108105387
75.39,8.42806108105387
75.4,8.42806108105387
75.41,8.42806108105387
75.42,8.42806108105387
75.43,8.42806108105387
75.44,8.42806108105387
75.45,8.42806108105387
75.46,8.42806108105387
75.47,8.42806108105387
75.48,8.42806108105387
75.49,8.42806108105387
75.5,8.42806108105387
75.51,8.42806108105387
75.52,8.42806108105387
75.53,8.42806108105387
75.54,8.42806108105387
75.55,8.42806108105387
75.56,8.42806108105387
75.57,8.42806108105387
75.58,8.42806108105387
75.59,8.42806108105387
75.6,8.42806108105387
75.61,8.42806108105387
75.62,8.42806108105387
75.63,8.42806108105387
75.64,8.42806108105387
75.65,8.42806108105387
75.66,8.42806108105387
75.67,8.42806108105387
75.68,8.42806108105387
75.69,8.42806108105387
75.7,8.42806108105387
75.71,8.42806108105387
75.72,8.42806108105387
75.73,8.42806108105387
75.74,8.42806108105387
75.75,8.42806108105387
75.76,8.42806108105387
75.77,8.42806108105387
75.78,8.42806108105387
75.79,8.42806108105387
75.8,8.42806108105387
75.81,8.42806108105387
75.82,8.42806108105387
75.83,8.42806108105387
75.84,8.42806108105387
75.85,8.42806108105387
75.86,8.42806108105387
75.87,8.42806108105387
75.88,8.42806108105387
75.89,8.42806108105387
75.9,8.42806108105387
75.91,8.42806108105387
75.92,8.42806108105387
75.93,8.42806108105387
75.94,8.42806108105387
75.95,8.42806108105387
75.96,8.42806108105387
75.97,8.42806108105387
75.98,8.42806108105387
75.99,8.42806108105387
76,8.42806108105387
76.01,8.42806108105387
76.02,8.42806108105387
76.03,8.42806108105387
76.04,8.42806108105387
76.05,8.42806108105387
76.06,8.42806108105387
76.07,8.42806108105387
76.08,8.42806108105387
76.09,8.42806108105387
76.1,8.42806108105387
76.11,8.42806108105387
76.12,8.42806108105387
76.13,8.42806108105387
76.14,8.42806108105387
76.15,8.42806108105387
76.16,8.42806108105387
76.17,8.42806108105387
76.18,8.42806108105387
76.19,8.42806108105387
76.2,8.42806108105387
76.21,8.42806108105387
76.22,8.42806108105387
76.23,8.42806108105387
76.24,8.42806108105387
76.25,8.42806108105387
76.26,8.42806108105387
76.27,8.42806108105387
76.28,8.42806108105387
76.29,8.42806108105387
76.3,8.42806108105387
76.31,8.42806108105387
76.32,8.42806108105387
76.33,8.42806108105387
76.34,8.42806108105387
76.35,8.42806108105387
76.36,8.42806108105387
76.37,8.42806108105387
76.38,8.42806108105387
76.39,8.42806108105387
76.4,8.42806108105387
76.41,8.42806108105387
76.42,8.42806108105387
76.43,8.42806108105387
76.44,8.42806108105387
76.45,8.42806108105387
76.46,8.42806108105387
76.47,8.42806108105387
76.48,8.42806108105387
76.49,8.42806108105387
76.5,8.42806108105387
76.51,8.42806108105387
76.52,8.42806108105387
76.53,8.42806108105387
76.54,8.42806108105387
76.55,8.42806108105387
76.56,8.42806108105387
76.57,8.42806108105387
76.58,8.42806108105387
76.59,8.42806108105387
76.6,8.42806108105387
76.61,8.42806108105387
76.62,8.42806108105387
76.63,8.42806108105387
76.64,8.42806108105387
76.65,8.42806108105387
76.66,8.42806108105387
76.67,8.42806108105387
76.68,8.42806108105387
76.69,8.42806108105387
76.7,8.42806108105387
76.71,8.42806108105387
76.72,8.42806108105387
76.73,8.42806108105387
76.74,8.42806108105387
76.75,8.42806108105387
76.76,8.42806108105387
76.77,8.42806108105387
76.78,8.42806108105387
76.79,8.42806108105387
76.8,8.42806108105387
76.81,8.42806108105387
76.82,8.42806108105387
76.83,8.42806108105387
76.84,8.42806108105387
76.85,8.42806108105387
76.86,8.42806108105387
76.87,8.42806108105387
76.88,8.42806108105387
76.89,8.42806108105387
76.9,8.42806108105387
76.91,8.42806108105387
76.92,8.42806108105387
76.93,8.42806108105387
76.94,8.42806108105387
76.95,8.42806108105387
76.96,8.42806108105387
76.97,8.42806108105387
76.98,8.42806108105387
76.99,8.42806108105387
77,8.42806108105387
77.01,8.42806108105387
77.02,8.42806108105387
77.03,8.42806108105387
77.04,8.42806108105387
77.05,8.42806108105387
77.06,8.42806108105387
77.07,8.42806108105387
77.08,8.42806108105387
77.09,8.42806108105387
77.1,8.42806108105387
77.11,8.42806108105387
77.12,8.42806108105387
77.13,8.42806108105387
77.14,8.42806108105387
77.15,8.42806108105387
77.16,8.42806108105387
77.17,8.42806108105387
77.18,8.42806108105387
77.19,8.42806108105387
77.2,8.42806108105387
77.21,8.42806108105387
77.22,8.42806108105387
77.23,8.42806108105387
77.24,8.42806108105387
77.25,8.42806108105387
77.26,8.42806108105387
77.27,8.42806108105387
77.28,8.42806108105387
77.29,8.42806108105387
77.3,8.42806108105387
77.31,8.42806108105387
77.32,8.42806108105387
77.33,8.42806108105387
77.34,8.42806108105387
77.35,8.42806108105387
77.36,8.42806108105387
77.37,8.42806108105387
77.38,8.42806108105387
77.39,8.42806108105387
77.4,8.42806108105387
77.41,8.42806108105387
77.42,8.42806108105387
77.43,8.42806108105387
77.44,8.42806108105387
77.45,8.42806108105387
77.46,8.42806108105387
77.47,8.42806108105387
77.48,8.42806108105387
77.49,8.42806108105387
77.5,8.42806108105387
77.51,8.42806108105387
77.52,8.42806108105387
77.53,8.42806108105387
77.54,8.42806108105387
77.55,8.42806108105387
77.56,8.42806108105387
77.57,8.42806108105387
77.58,8.42806108105387
77.59,8.42806108105387
77.6,8.42806108105387
77.61,8.42806108105387
77.62,8.42806108105387
77.63,8.42806108105387
77.64,8.42806108105387
77.65,8.42806108105387
77.66,8.42806108105387
77.67,8.42806108105387
77.68,42.4880524273751
77.69,42.4880524273751
77.7,42.4880524273751
77.71,42.4880524273751
77.72,42.4880524273751
77.73,42.4880524273751
77.74,42.4880524273751
77.75,42.4880524273751
77.76,42.4880524273751
77.77,42.4880524273751
77.78,42.4880524273751
77.79,42.4880524273751
77.8,42.4880524273751
77.81,42.4880524273751
77.82,42.4880524273751
77.83,42.4880524273751
77.84,42.4880524273751
77.85,42.4880524273751
77.86,42.4880524273751
77.87,42.4880524273751
77.88,42.4880524273751
77.89,42.4880524273751
77.9,42.4880524273751
77.91,42.4880524273751
77.92,42.4880524273751
77.93,42.4880524273751
77.94,42.4880524273751
77.95,42.4880524273751
77.96,42.4880524273751
77.97,42.4880524273751
77.98,42.4880524273751
77.99,42.4880524273751
78,42.4880524273751
78.01,42.4880524273751
78.02,42.4880524273751
78.03,42.4880524273751
78.04,42.4880524273751
78.05,42.4880524273751
78.06,42.4880524273751
78.07,42.4880524273751
78.08,42.4880524273751
78.09,42.4880524273751
78.1,42.4880524273751
78.11,42.4880524273751
78.12,42.4880524273751
78.13,42.4880524273751
78.14,42.4880524273751
78.15,42.4880524273751
78.16,42.4880524273751
78.17,42.4880524273751
78.18,42.4880524273751
78.19,42.4880524273751
78.2,42.4880524273751
78.21,42.4880524273751
78.22,42.4880524273751
78.23,42.4880524273751
78.24,42.4880524273751
78.25,42.4880524273751
78.26,42.4880524273751
78.27,42.4880524273751
78.28,42.4880524273751
78.29,42.4880524273751
78.3,42.4880524273751
78.31,42.4880524273751
78.32,42.4880524273751
78.33,42.4880524273751
78.34,42.4880524273751
78.35,42.4880524273751
78.36,42.4880524273751
78.37,42.4880524273751
78.38,42.4880524273751
78.39,42.4880524273751
78.4,42.4880524273751
78.41,42.4880524273751
78.42,42.4880524273751
78.43,42.4880524273751
78.44,42.4880524273751
78.45,42.4880524273751
78.46,42.4880524273751
78.47,42.4880524273751
78.48,42.4880524273751
78.49,42.4880524273751
78.5,42.4880524273751
78.51,42.4880524273751
78.52,42.4880524273751
78.53,42.4880524273751
78.54,42.4880524273751
78.55,42.4880524273751
78.56,42.4880524273751
78.57,42.4880524273751
78.58,42.4880524273751
78.59,42.4880524273751
78.6,42.4880524273751
78.61,42.4880524273751
78.62,42.4880524273751
78.63,42.4880524273751
78.64,42.4880524273751
78.65,42.4880524273751
78.66,42.4880524273751
78.67,42.4880524273751
78.68,42.4880524273751
78.69,42.4880524273751
78.7,42.4880524273751
78.71,42.4880524273751
78.72,42.4880524273751
78.73,42.4880524273751
78.74,42.4880524273751
78.75,42.4880524273751
78.76,42.4880524273751
78.77,42.4880524273751
78.78,42.4880524273751
78.79,42.4880524273751
78.8,42.4880524273751
78.81,42.4880524273751
78.82,42.4880524273751
78.83,42.4880524273751
78.84,42.4880524273751
78.85,42.4880524273751
78.86,42.4880524273751
78.87,42.4880524273751
78.88,42.4880524273751
78.89,42.4880524273751
78.9,42.4880524273751
78.91,42.4880524273751
78.92,42.4880524273751
78.93,42.4880524273751
78.94,42.4880524273751
78.95,42.4880524273751
78.96,42.4880524273751
78.97,42.4880524273751
78.98,42.4880524273751
78.99,42.4880524273751
79,42.4880524273751
79.01,42.4880524273751
79.02,42.4880524273751
79.03,42.4880524273751
79.04,42.4880524273751
79.05,42.4880524273751
79.06,42.4880524273751
79.07,42.4880524273751
79.08,42.4880524273751
79.09,42.4880524273751
79.1,42.4880524273751
79.11,42.4880524273751
79.12,42.4880524273751
79.13,42.4880524273751
79.14,42.4880524273751
79.15,42.4880524273751
79.16,42.4880524273751
79.17,42.4880524273751
79.18,42.4880524273751
79.19,42.4880524273751
79.2,42.4880524273751
79.21,42.4880524273751
79.22,42.4880524273751
79.23,42.4880524273751
79.24,42.4880524273751
79.25,42.4880524273751
79.26,42.4880524273751
79.27,42.4880524273751
79.28,42.4880524273751
79.29,42.4880524273751
79.3,42.4880524273751
79.31,42.4880524273751
79.32,42.4880524273751
79.33,42.4880524273751
79.34,42.4880524273751
79.35,42.4880524273751
79.36,42.4880524273751
79.37,42.4880524273751
79.38,42.4880524273751
79.39,42.4880524273751
79.4,42.4880524273751
79.41,42.4880524273751
79.42,42.4880524273751
79.43,42.4880524273751
79.44,42.4880524273751
79.45,42.4880524273751
79.46,42.4880524273751
79.47,42.4880524273751
79.48,42.4880524273751
79.49,42.4880524273751
79.5,42.4880524273751
79.51,42.4880524273751
79.52,42.4880524273751
79.53,42.4880524273751
79.54,42.4880524273751
79.55,42.4880524273751
79.56,42.4880524273751
79.57,42.4880524273751
79.58,42.4880524273751
79.59,42.4880524273751
79.6,42.4880524273751
79.61,42.4880524273751
79.62,42.4880524273751
79.63,42.4880524273751
79.64,42.4880524273751
79.65,42.4880524273751
79.66,42.4880524273751
79.67,42.4880524273751
79.68,42.4880524273751
79.69,42.4880524273751
79.7,42.4880524273751
79.71,42.4880524273751
79.72,42.4880524273751
79.73,42.4880524273751
79.74,42.4880524273751
79.75,42.4880524273751
79.76,42.4880524273751
79.77,42.4880524273751
79.78,42.4880524273751
79.79,42.4880524273751
79.8,42.4880524273751
79.81,42.4880524273751
79.82,42.4880524273751
79.83,42.4880524273751
79.84,42.4880524273751
79.85,42.4880524273751
79.86,42.4880524273751
79.87,42.4880524273751
79.88,42.4880524273751
79.89,42.4880524273751
79.9,42.4880524273751
79.91,42.4880524273751
79.92,42.4880524273751
79.93,42.4880524273751
79.94,42.4880524273751
79.95,42.4880524273751
79.96,42.4880524273751
79.97,42.4880524273751
79.98,42.4880524273751
79.99,42.4880524273751
80,42.4880524273751
80.01,42.4880524273751
80.02,42.4880524273751
80.03,42.4880524273751
80.04,42.4880524273751
80.05,42.4880524273751
80.06,42.4880524273751
80.07,42.4880524273751
80.08,42.4880524273751
80.09,42.4880524273751
80.1,42.4880524273751
80.11,42.4880524273751
80.12,42.4880524273751
80.13,42.4880524273751
80.14,42.4880524273751
80.15,42.4880524273751
80.16,42.4880524273751
80.17,42.4880524273751
80.18,42.4880524273751
80.19,42.4880524273751
80.2,42.4880524273751
80.21,42.4880524273751
80.22,42.4880524273751
80.23,42.4880524273751
80.24,42.4880524273751
80.25,42.4880524273751
80.26,42.4880524273751
80.27,42.4880524273751
80.28,42.4880524273751
80.29,42.4880524273751
80.3,42.4880524273751
80.31,42.4880524273751
80.32,42.4880524273751
80.33,42.4880524273751
80.34,42.4880524273751
80.35,42.4880524273751
80.36,42.4880524273751
80.37,42.4880524273751
80.38,42.4880524273751
80.39,42.4880524273751
80.4,42.4880524273751
80.41,42.4880524273751
80.42,42.4880524273751
80.43,42.4880524273751
80.44,42.4880524273751
80.45,42.4880524273751
80.46,42.4880524273751
80.47,42.4880524273751
80.48,42.4880524273751
80.49,42.4880524273751
80.5,42.4880524273751
80.51,42.4880524273751
80.52,42.4880524273751
80.53,42.4880524273751
80.54,42.4880524273751
80.55,42.4880524273751
80.56,42.4880524273751
80.57,42.4880524273751
80.58,42.4880524273751
80.59,42.4880524273751
80.6,42.4880524273751
80.61,42.4880524273751
80.62,42.4880524273751
80.63,42.4880524273751
80.64,42.4880524273751
80.65,42.4880524273751
80.66,42.4880524273751
80.67,42.4880524273751
80.68,42.4880524273751
80.69,42.4880524273751
80.7,42.4880524273751
80.71,42.4880524273751
80.72,42.4880524273751
80.73,42.4880524273751
80.74,42.4880524273751
80.75,42.4880524273751
80.76,42.4880524273751
80.77,42.4880524273751
80.78,42.4880524273751
80.79,42.4880524273751
80.8,42.4880524273751
80.81,42.4880524273751
80.82,42.4880524273751
80.83,42.4880524273751
80.84,42.4880524273751
80.85,42.4880524273751
80.86,42.4880524273751
80.87,42.4880524273751
80.88,42.4880524273751
80.89,42.4880524273751
80.9,42.4880524273751
80.91,42.4880524273751
80.92,42.4880524273751
80.93,42.4880524273751
80.94,42.4880524273751
80.95,42.4880524273751
80.96,42.4880524273751
80.97,42.4880524273751
80.98,42.4880524273751
80.99,42.4880524273751
81,42.4880524273751
81.01,42.4880524273751
81.02,42.4880524273751
81.03,42.4880524273751
81.04,42.4880524273751
81.05,42.4880524273751
81.06,42.4880524273751
81.07,42.4880524273751
81.08,42.4880524273751
81.09,42.4880524273751
81.1,42.4880524273751
81.11,42.4880524273751
81.12,42.4880524273751
81.13,42.4880524273751
81.14,42.4880524273751
81.15,42.4880524273751
81.16,42.4880524273751
81.17,42.4880524273751
81.18,42.4880524273751
81.19,42.4880524273751
81.2,42.4880524273751
81.21,42.4880524273751
81.22,42.4880524273751
81.23,42.4880524273751
81.24,42.4880524273751
81.25,42.4880524273751
81.26,42.4880524273751
81.27,42.4880524273751
81.28,42.4880524273751
81.29,42.4880524273751
81.3,42.4880524273751
81.31,42.4880524273751
81.32,42.4880524273751
81.33,42.4880524273751
81.34,42.4880524273751
81.35,42.4880524273751
81.36,42.4880524273751
81.37,42.4880524273751
81.38,42.4880524273751
81.39,42.4880524273751
81.4,42.4880524273751
81.41,42.4880524273751
81.42,42.4880524273751
81.43,42.4880524273751
81.44,42.4880524273751
81.45,-46.5682601547818
81.46,-46.5682601547818
81.47,-46.5682601547818
81.48,-46.5682601547818
81.49,-46.5682601547818
81.5,-46.5682601547818
81.51,-46.5682601547818
81.52,-46.5682601547818
81.53,-46.5682601547818
81.54,-46.5682601547818
81.55,-46.5682601547818
81.56,-46.5682601547818
81.57,-46.5682601547818
81.58,-46.5682601547818
81.59,-46.5682601547818
81.6,-46.5682601547818
81.61,-46.5682601547818
81.62,-46.5682601547818
81.63,-46.5682601547818
81.64,-46.5682601547818
81.65,-46.5682601547818
81.66,-46.5682601547818
81.67,-46.5682601547818
81.68,-46.5682601547818
81.69,-46.5682601547818
81.7,-46.5682601547818
81.71,-46.5682601547818
81.72,-46.5682601547818
81.73,-46.5682601547818
81.74,-46.5682601547818
81.75,-46.5682601547818
81.76,-46.5682601547818
81.77,-46.5682601547818
81.78,-46.5682601547818
81.79,-46.5682601547818
81.8,-46.5682601547818
81.81,-46.5682601547818
81.82,-46.5682601547818
81.83,-46.5682601547818
81.84,-46.5682601547818
81.85,-46.5682601547818
81.86,-46.5682601547818
81.87,-46.5682601547818
81.88,-46.5682601547818
81.89,-46.5682601547818
81.9,-46.5682601547818
81.91,-46.5682601547818
81.92,-46.5682601547818
81.93,-46.5682601547818
81.94,-46.5682601547818
81.95,-46.5682601547818
81.96,-46.5682601547818
81.97,-46.5682601547818
81.98,-46.5682601547818
81.99,-46.5682601547818
82,-46.5682601547818
82.01,-46.5682601547818
82.02,-46.5682601547818
82.03,-46.5682601547818
82.04,-46.5682601547818
82.05,-46.5682601547818
82.06,-46.5682601547818
82.07,-46.5682601547818
82.08,-46.5682601547818
82.09,-46.5682601547818
82.1,-46.5682601547818
82.11,-46.5682601547818
82.12,-46.5682601547818
82.13,-46.5682601547818
82.14,-46.5682601547818
82.15,-46.5682601547818
82.16,-46.5682601547818
82.17,-46.5682601547818
82.18,-46.5682601547818
82.19,-46.5682601547818
82.2,-46.5682601547818
82.21,-46.5682601547818
82.22,-46.5682601547818
82.23,-46.5682601547818
82.24,-46.5682601547818
82.25,-46.5682601547818
82.26,-46.5682601547818
82.27,-46.5682601547818
82.28,-46.5682601547818
82.29,-46.5682601547818
82.3,-46.5682601547818
82.31,-46.5682601547818
82.32,-46.5682601547818
82.33,-46.5682601547818
82.34,-46.5682601547818
82.35,-46.5682601547818
82.36,-46.5682601547818
82.37,-46.5682601547818
82.38,-46.5682601547818
82.39,-46.5682601547818
82.4,-46.5682601547818
82.41,-46.5682601547818
82.42,-46.5682601547818
82.43,-46.5682601547818
82.44,-46.5682601547818
82.45,-46.5682601547818
82.46,-46.5682601547818
82.47,-46.5682601547818
82.48,-46.5682601547818
82.49,-46.5682601547818
82.5,-46.5682601547818
82.51,-46.5682601547818
82.52,-46.5682601547818
82.53,-46.5682601547818
82.54,-46.5682601547818
82.55,-46.5682601547818
82.56,-46.5682601547818
82.57,-46.5682601547818
82.58,-46.5682601547818
82.59,-46.5682601547818
82.6,-46.5682601547818
82.61,-46.5682601547818
82.62,-46.5682601547818
82.63,-46.5682601547818
82.64,-46.5682601547818
82.65,-46.5682601547818
82.66,-46.5682601547818
82.67,-46.5682601547818
82.68,-46.5682601547818
82.69,-46.5682601547818
82.7,-46.5682601547818
82.71,-46.5682601547818
82.72,-46.5682601547818
82.73,-46.5682601547818
82.74,-46.5682601547818
82.75,-46.5682601547818
82.76,-46.5682601547818
82.77,-46.5682601547818
82.78,-46.5682601547818
82.79,-46.5682601547818
82.8,-46.5682601547818
82.81,-46.5682601547818
82.82,-46.5682601547818
82.83,-46.5682601547818
82.84,-46.5682601547818
82.85,-46.5682601547818
82.86,-46.5682601547818
82.87,-46.5682601547818
82.88,-46.5682601547818
82.89,-46.5682601547818
82.9,-46.5682601547818
82.91,-46.5682601547818
82.92,-46.5682601547818
82.93,-46.5682601547818
82.94,-46.5682601547818
82.95,-46.5682601547818
82.96,-46.5682601547818
82.97,-46.5682601547818
82.98,-46.5682601547818
82.99,-46.5682601547818
83,-46.5682601547818
83.01,-46.5682601547818
83.02,-46.5682601547818
83.03,-46.5682601547818
83.04,-46.5682601547818
83.05,-46.5682601547818
83.06,-46.5682601547818
83.07,-46.5682601547818
83.08,-46.5682601547818
83.09,-46.5682601547818
83.1,-46.5682601547818
83.11,-46.5682601547818
83.12,-46.5682601547818
83.13,-46.5682601547818
83.14,-46.5682601547818
83.15,-46.5682601547818
83.16,-46.5682601547818
83.17,-46.5682601547818
83.18,-46.5682601547818
83.19,-46.5682601547818
83.2,-46.5682601547818
83.21,-46.5682601547818
83.22,-46.5682601547818
83.23,-46.5682601547818
83.24,-46.5682601547818
83.25,-46.5682601547818
83.26,-46.5682601547818
83.27,-46.5682601547818
83.28,-46.5682601547818
83.29,-46.5682601547818
83.3,-46.5682601547818
83.31,-46.5682601547818
83.32,-46.5682601547818
83.33,-46.5682601547818
83.34,-46.5682601547818
83.35,-46.5682601547818
83.36,-46.5682601547818
83.37,-46.5682601547818
83.38,-46.5682601547818
83.39,-46.5682601547818
83.4,-46.5682601547818
83.41,-46.5682601547818
83.42,-46.5682601547818
83.43,-46.5682601547818
83.44,-46.5682601547818
83.45,-46.5682601547818
83.46,-46.5682601547818
83.47,-46.5682601547818
83.48,-46.5682601547818
83.49,-46.5682601547818
83.5,-46.5682601547818
83.51,-46.5682601547818
83.52,-46.5682601547818
83.53,-46.5682601547818
83.54,-46.5682601547818
83.55,-46.5682601547818
83.56,-46.5682601547818
83.57,-46.5682601547818
83.58,-46.5682601547818
83.59,-46.5682601547818
83.6,-46.5682601547818
83.61,-46.5682601547818
83.62,-46.5682601547818
83.63,-46.5682601547818
83.64,-46.5682601547818
83.65,-46.5682601547818
83.66,-46.5682601547818
83.67,-46.5682601547818
83.68,-46.5682601547818
83.69,-46.5682601547818
83.7,-46.5682601547818
83.71,-46.5682601547818
83.72,-46.5682601547818
83.73,-46.5682601547818
83.74,-46.5682601547818
83.75,-46.5682601547818
83.76,-46.5682601547818
83.77,-46.5682601547818
83.78,-46.5682601547818
83.79,-46.5682601547818
83.8,-46.5682601547818
83.81,-46.5682601547818
83.82,-46.5682601547818
83.83,-46.5682601547818
83.84,-60.1844957615852
83.85,-60.1844957615852
83.86,-60.1844957615852
83.87,-60.1844957615852
83.88,-60.1844957615852
83.89,-60.1844957615852
83.9,-60.1844957615852
83.91,-60.1844957615852
83.92,-60.1844957615852
83.93,-60.1844957615852
83.94,-60.1844957615852
83.95,-60.1844957615852
83.96,-60.1844957615852
83.97,-60.1844957615852
83.98,-60.1844957615852
83.99,-60.1844957615852
84,-60.1844957615852
84.01,-60.1844957615852
84.02,-60.1844957615852
84.03,-60.1844957615852
84.04,-60.1844957615852
84.05,-60.1844957615852
84.06,-60.1844957615852
84.07,-60.1844957615852
84.08,-60.1844957615852
84.09,-60.1844957615852
84.1,-60.1844957615852
84.11,-60.1844957615852
84.12,-60.1844957615852
84.13,-60.1844957615852
84.14,-60.1844957615852
84.15,-60.1844957615852
84.16,-60.1844957615852
84.17,-60.1844957615852
84.18,-60.1844957615852
84.19,-60.1844957615852
84.2,-60.1844957615852
84.21,-60.1844957615852
84.22,-60.1844957615852
84.23,-60.1844957615852
84.24,-60.1844957615852
84.25,-60.1844957615852
84.26,-60.1844957615852
84.27,-60.1844957615852
84.28,-60.1844957615852
84.29,-60.1844957615852
84.3,-60.1844957615852
84.31,-60.1844957615852
84.32,-60.1844957615852
84.33,-60.1844957615852
84.34,-60.1844957615852
84.35,-60.1844957615852
84.36,-60.1844957615852
84.37,-60.1844957615852
84.38,-60.1844957615852
84.39,-60.1844957615852
84.4,-60.1844957615852
84.41,-60.1844957615852
84.42,-60.1844957615852
84.43,-60.1844957615852
84.44,-60.1844957615852
84.45,-60.1844957615852
84.46,-60.1844957615852
84.47,-60.1844957615852
84.48,-60.1844957615852
84.49,-60.1844957615852
84.5,-60.1844957615852
84.51,-60.1844957615852
84.52,-60.1844957615852
84.53,-60.1844957615852
84.54,-60.1844957615852
84.55,-60.1844957615852
84.56,-60.1844957615852
84.57,-60.1844957615852
84.58,-60.1844957615852
84.59,-60.1844957615852
84.6,-60.1844957615852
84.61,-60.1844957615852
84.62,-60.1844957615852
84.63,-60.1844957615852
84.64,-60.1844957615852
84.65,-60.1844957615852
84.66,-60.1844957615852
84.67,-60.1844957615852
84.68,-60.1844957615852
84.69,-60.1844957615852
84.7,-60.1844957615852
84.71,-60.1844957615852
84.72,-60.1844957615852
84.73,-60.1844957615852
84.74,-60.1844957615852
84.75,-60.1844957615852
84.76,-60.1844957615852
84.77,-60.1844957615852
84.78,-60.1844957615852
84.79,-60.1844957615852
84.8,-60.1844957615852
84.81,-60.1844957615852
84.82,-60.1844957615852
84.83,-60.1844957615852
84.84,-60.1844957615852
84.85,-60.1844957615852
84.86,-60.1844957615852
84.87,-60.1844957615852
84.88,-60.1844957615852
84.89,-60.1844957615852
84.9,-60.1844957615852
84.91,-60.1844957615852
84.92,-60.1844957615852
84.93,-60.1844957615852
84.94,-60.1844957615852
84.95,-60.1844957615852
84.96,-60.1844957615852
84.97,-60.1844957615852
84.98,-60.1844957615852
84.99,-60.1844957615852
85,-60.1844957615852
85.01,-60.1844957615852
85.02,-60.1844957615852
85.03,-60.1844957615852
85.04,-60.1844957615852
85.05,-60.1844957615852
85.06,-60.1844957615852
85.07,-60.1844957615852
85.08,-60.1844957615852
85.09,-60.1844957615852
85.1,-60.1844957615852
85.11,-60.1844957615852
85.12,-60.1844957615852
85.13,-60.1844957615852
85.14,-60.1844957615852
85.15,-60.1844957615852
85.16,-60.1844957615852
85.17,-60.1844957615852
85.18,-60.1844957615852
85.19,-60.1844957615852
85.2,-60.1844957615852
85.21,-60.1844957615852
85.22,-60.1844957615852
85.23,-60.1844957615852
85.24,-60.1844957615852
85.25,-60.1844957615852
85.26,-60.1844957615852
85.27,-60.1844957615852
85.28,-60.1844957615852
85.29,-60.1844957615852
85.3,-60.1844957615852
85.31,-60.1844957615852
85.32,-60.1844957615852
85.33,-60.1844957615852
85.34,-60.1844957615852
85.35,-60.1844957615852
85.36,-60.1844957615852
85.37,-60.1844957615852
85.38,-60.1844957615852
85.39,-60.1844957615852
85.4,-60.1844957615852
85.41,-60.1844957615852
85.42,-60.1844957615852
85.43,-60.1844957615852
85.44,-60.1844957615852
85.45,-60.1844957615852
85.46,-60.1844957615852
85.47,-60.1844957615852
85.48,-60.1844957615852
85.49,-60.1844957615852
85.5,-60.1844957615852
85.51,-60.1844957615852
85.52,-60.1844957615852
85.53,-60.1844957615852
85.54,-60.1844957615852
85.55,-60.1844957615852
85.56,-60.1844957615852
85.57,-60.1844957615852
85.58,-60.1844957615852
85.59,-60.1844957615852
85.6,-60.1844957615852
85.61,-60.1844957615852
85.62,-60.1844957615852
85.63,-60.1844957615852
85.64,-60.1844957615852
85.65,-60.1844957615852
85.66,-60.1844957615852
85.67,-60.1844957615852
85.68,-60.1844957615852
85.69,-60.1844957615852
85.7,-60.1844957615852
85.71,-60.1844957615852
85.72,-60.1844957615852
85.73,-60.1844957615852
85.74,-60.1844957615852
85.75,-60.1844957615852
85.76,-60.1844957615852
85.77,-60.1844957615852
85.78,-60.1844957615852
85.79,-60.1844957615852
85.8,-60.1844957615852
85.81,-60.1844957615852
85.82,-60.1844957615852
85.83,-60.1844957615852
85.84,-60.1844957615852
85.85,-60.1844957615852
85.86,-60.1844957615852
85.87,-60.1844957615852
85.88,-60.1844957615852
85.89,-60.1844957615852
85.9,-60.1844957615852
85.91,-60.1844957615852
85.92,-60.1844957615852
85.93,-60.1844957615852
85.94,-60.1844957615852
85.95,-60.1844957615852
85.96,-60.1844957615852
85.97,-60.1844957615852
85.98,-60.1844957615852
85.99,-60.1844957615852
86,56.602006938089
86.01,56.602006938089
86.02,56.602006938089
86.03,56.602006938089
86.04,56.602006938089
86.05,56.602006938089
86.06,56.602006938089
86.07,56.602006938089
86.08,56.602006938089
86.09,56.602006938089
86.1,56.602006938089
86.11,56.602006938089
86.12,56.602006938089
86.13,56.602006938089
86.14,56.602006938089
86.15,56.602006938089
86.16,56.602006938089
86.17,56.602006938089
86.18,56.602006938089
86.19,56.602006938089
86.2,56.602006938089
86.21,56.602006938089
86.22,56.602006938089
86.23,56.602006938089
86.24,56.602006938089
86.25,56.602006938089
86.26,56.602006938089
86.27,56.602006938089
86.28,56.602006938089
86.29,56.602006938089
86.3,56.602006938089
86.31,56.602006938089
86.32,56.602006938089
86.33,56.602006938089
86.34,56.602006938089
86.35,56.602006938089
86.36,56.602006938089
86.37,56.602006938089
86.38,56.602006938089
86.39,56.602006938089
86.4,56.602006938089
86.41,56.602006938089
86.42,56.602006938089
86.43,56.602006938089
86.44,56.602006938089
86.45,56.602006938089
86.46,56.602006938089
86.47,56.602006938089
86.48,56.602006938089
86.49,56.602006938089
86.5,56.602006938089
86.51,56.602006938089
86.52,56.602006938089
86.53,56.602006938089
86.54,56.602006938089
86.55,56.602006938089
86.56,56.602006938089
86.57,56.602006938089
86.58,56.602006938089
86.59,56.602006938089
86.6,56.602006938089
86.61,56.602006938089
86.62,56.602006938089
86.63,56.602006938089
86.64,56.602006938089
86.65,56.602006938089
86.66,56.602006938089
86.67,56.602006938089
86.68,56.602006938089
86.69,56.602006938089
86.7,56.602006938089
86.71,56.602006938089
86.72,56.602006938089
86.73,56.602006938089
86.74,56.602006938089
86.75,56.602006938089
86.76,56.602006938089
86.77,56.602006938089
86.78,56.602006938089
86.79,56.602006938089
86.8,56.602006938089
86.81,56.602006938089
86.82,56.602006938089
86.83,56.602006938089
86.84,56.602006938089
86.85,56.602006938089
86.86,56.602006938089
86.87,56.602006938089
86.88,56.602006938089
86.89,56.602006938089
86.9,56.602006938089
86.91,56.602006938089
86.92,56.602006938089
86.93,56.602006938089
86.94,56.602006938089
86.95,56.602006938089
86.96,56.602006938089
86.97,56.602006938089
86.98,56.602006938089
86.99,56.602006938089
87,56.602006938089
87.01,56.602006938089
87.02,56.602006938089
87.03,56.602006938089
87.04,56.602006938089
87.05,56.602006938089
87.06,56.602006938089
87.07,56.602006938089
87.08,56.602006938089
87.09,56.602006938089
87.1,56.602006938089
87.11,56.602006938089
87.12,56.602006938089
87.13,56.602006938089
87.14,56.602006938089
87.15,56.602006938089
87.16,56.602006938089
87.17,56.602006938089
87.18,56.602006938089
87.19,56.602006938089
87.2,56.602006938089
87.21,56.602006938089
87.22,56.602006938089
87.23,56.602006938089
87.24,56.602006938089
87.25,56.602006938089
87.26,56.602006938089
87.27,56.602006938089
87.28,56.602006938089
87.29,56.602006938089
87.3,56.602006938089
87.31,56.602006938089
87.32,56.602006938089
87.33,56.602006938089
87.34,56.602006938089
87.35,56.602006938089
87.36,56.602006938089
87.37,56.602006938089
87.38,56.602006938089
87.39,56.602006938089
87.4,56.602006938089
87.41,56.602006938089
87.42,56.602006938089
87.43,56.602006938089
87.44,56.602006938089
87.45,56.602006938089
87.46,56.602006938089
87.47,56.602006938089
87.48,56.602006938089
87.49,56.602006938089
87.5,56.602006938089
87.51,56.602006938089
87.52,56.602006938089
87.53,56.602006938089
87.54,56.602006938089
87.55,56.602006938089
87.56,56.602006938089
87.57,56.602006938089
87.58,56.602006938089
87.59,56.602006938089
87.6,56.602006938089
87.61,56.602006938089
87.62,56.602006938089
87.63,56.602006938089
87.64,56.602006938089
87.65,56.602006938089
87.66,56.602006938089
87.67,56.602006938089
87.68,56.602006938089
87.69,56.602006938089
87.7,56.602006938089
87.71,56.602006938089
87.72,56.602006938089
87.73,56.602006938089
87.74,56.602006938089
87.75,56.602006938089
87.76,56.602006938089
87.77,56.602006938089
87.78,56.602006938089
87.79,56.602006938089
87.8,56.602006938089
87.81,56.602006938089
87.82,56.602006938089
87.83,56.602006938089
87.84,56.602006938089
87.85,56.602006938089
87.86,56.602006938089
87.87,56.602006938089
87.88,56.602006938089
87.89,56.602006938089
87.9,56.602006938089
87.91,56.602006938089
87.92,56.602006938089
87.93,56.602006938089
87.94,56.602006938089
87.95,56.602006938089
87.96,56.602006938089
87.97,56.602006938089
87.98,56.602006938089
87.99,56.602006938089
88,56.602006938089
88.01,56.602006938089
88.02,56.602006938089
88.03,56.602006938089
88.04,56.602006938089
88.05,56.602006938089
88.06,56.602006938089
88.07,56.602006938089
88.08,56.602006938089
88.09,56.602006938089
88.1,56.602006938089
88.11,56.602006938089
88.12,56.602006938089
88.13,56.602006938089
88.14,56.602006938089
88.15,56.602006938089
88.16,56.602006938089
88.17,56.602006938089
88.18,56.602006938089
88.19,56.602006938089
88.2,56.602006938089
88.21,56.602006938089
88.22,56.602006938089
88.23,56.602006938089
88.24,56.602006938089
88.25,56.602006938089
88.26,56.602006938089
88.27,56.602006938089
88.28,56.602006938089
88.29,56.602006938089
88.3,56.602006938089
88.31,56.602006938089
88.32,56.602006938089
88.33,56.602006938089
88.34,56.602006938089
88.35,56.602006938089
88.36,56.602006938089
88.37,56.602006938089
88.38,56.602006938089
88.39,56.602006938089
88.4,56.602006938089
88.41,56.602006938089
88.42,56.602006938089
88.43,56.602006938089
88.44,56.602006938089
88.45,56.602006938089
88.46,56.602006938089
88.47,56.602006938089
88.48,56.602006938089
88.49,56.602006938089
88.5,56.602006938089
88.51,56.602006938089
88.52,56.602006938089
88.53,56.602006938089
88.54,56.602006938089
88.55,56.602006938089
88.56,56.602006938089
88.57,56.602006938089
88.58,56.602006938089
88.59,56.602006938089
88.6,56.602006938089
88.61,56.602006938089
88.62,56.602006938089
88.63,56.602006938089
88.64,56.602006938089
88.65,56.602006938089
88.66,56.602006938089
88.67,56.602006938089
88.68,56.602006938089
88.69,56.602006938089
88.7,56.602006938089
88.71,56.602006938089
88.72,56.602006938089
88.73,56.602006938089
88.74,56.602006938089
88.75,56.602006938089
88.76,56.602006938089
88.77,56.602006938089
88.78,56.602006938089
88.79,56.602006938089
88.8,56.602006938089
88.81,56.602006938089
88.82,56.602006938089
88.83,56.602006938089
88.84,56.602006938089
88.85,56.602006938089
88.86,56.602006938089
88.87,56.602006938089
88.88,56.602006938089
88.89,56.602006938089
88.9,56.602006938089
88.91,56.602006938089
88.92,56.602006938089
88.93,56.602006938089
88.94,56.602006938089
88.95,56.602006938089
88.96,56.602006938089
88.97,56.602006938089
88.98,56.602006938089
88.99,56.602006938089
89,56.602006938089
89.01,56.602006938089
89.02,56.602006938089
89.03,56.602006938089
89.04,56.602006938089
89.05,56.602006938089
89.06,56.602006938089
89.07,56.602006938089
89.08,56.602006938089
89.09,56.602006938089
89.1,56.602006938089
89.11,56.602006938089
89.12,56.602006938089
89.13,56.602006938089
89.14,56.602006938089
89.15,56.602006938089
89.16,56.602006938089
89.17,56.602006938089
89.18,56.602006938089
89.19,56.602006938089
89.2,56.602006938089
89.21,56.602006938089
89.22,56.602006938089
89.23,56.602006938089
89.24,56.602006938089
89.25,56.602006938089
89.26,56.602006938089
89.27,56.602006938089
89.28,56.602006938089
89.29,56.602006938089
89.3,28.2201733354502
89.31,28.2201733354502
89.32,28.2201733354502
89.33,28.2201733354502
89.34,28.2201733354502
89.35,28.2201733354502
89.36,28.2201733354502
89.37,28.2201733354502
89.38,28.2201733354502
89.39,28.2201733354502
89.4,28.2201733354502
89.41,28.2201733354502
89.42,28.2201733354502
89.43,28.2201733354502
89.44,28.2201733354502
89.45,28.2201733354502
89.46,28.2201733354502
89.47,28.2201733354502
89.48,28.2201733354502
89.49,28.2201733354502
89.5,28.2201733354502
89.51,28.2201733354502
89.52,28.2201733354502
89.53,28.2201733354502
89.54,28.2201733354502
89.55,28.2201733354502
89.56,28.2201733354502
89.57,28.2201733354502
89.58,28.2201733354502
89.59,28.2201733354502
89.6,28.2201733354502
89.61,28.2201733354502
89.62,28.2201733354502
89.63,28.2201733354502
89.64,28.2201733354502
89.65,28.2201733354502
89.66,28.2201733354502
89.67,28.2201733354502
89.68,28.2201733354502
89.69,28.2201733354502
89.7,28.2201733354502
89.71,28.2201733354502
89.72,28.2201733354502
89.73,28.2201733354502
89.74,28.2201733354502
89.75,28.2201733354502
89.76,28.2201733354502
89.77,28.2201733354502
89.78,28.2201733354502
89.79,28.2201733354502
89.8,28.2201733354502
89.81,28.2201733354502
89.82,28.2201733354502
89.83,28.2201733354502
89.84,28.2201733354502
89.85,28.2201733354502
89.86,28.2201733354502
89.87,28.2201733354502
89.88,28.2201733354502
89.89,28.2201733354502
89.9,28.2201733354502
89.91,28.2201733354502
89.92,28.2201733354502
89.93,28.2201733354502
89.94,28.2201733354502
89.95,28.2201733354502
89.96,28.2201733354502
89.97,28.2201733354502
89.98,28.2201733354502
89.99,28.2201733354502
90,28.2201733354502
90.01,28.2201733354502
90.02,28.2201733354502
90.03,28.2201733354502
90.04,28.2201733354502
90.05,28.2201733354502
90.06,28.2201733354502
90.07,28.2201733354502
90.08,28.2201733354502
90.09,28.2201733354502
90.1,28.2201733354502
90.11,28.2201733354502
90.12,28.2201733354502
90.13,28.2201733354502
90.14,28.2201733354502
90.15,28.2201733354502
90.16,28.2201733354502
90.17,28.2201733354502
90.18,28.2201733354502
90.19,28.2201733354502
90.2,28.2201733354502
90.21,28.2201733354502
90.22,28.2201733354502
90.23,28.2201733354502
90.24,28.2201733354502
90.25,28.2201733354502
90.26,28.2201733354502
90.27,28.2201733354502
90.28,28.2201733354502
90.29,28.2201733354502
90.3,28.2201733354502
90.31,28.2201733354502
90.32,28.2201733354502
90.33,28.2201733354502
90.34,28.2201733354502
90.35,28.2201733354502
90.36,28.2201733354502
90.37,28.2201733354502
90.38,28.2201733354502
90.39,28.2201733354502
90.4,28.2201733354502
90.41,28.2201733354502
90.42,28.2201733354502
90.43,28.2201733354502
90.44,28.2201733354502
90.45,28.2201733354502
90.46,28.2201733354502
90.47,28.2201733354502
90.48,28.2201733354502
90.49,28.2201733354502
90.5,28.2201733354502
90.51,28.2201733354502
90.52,28.2201733354502
90.53,28.2201733354502
90.54,28.2201733354502
90.55,28.2201733354502
90.56,28.2201733354502
90.57,28.2201733354502
90.58,28.2201733354502
90.59,28.2201733354502
90.6,28.2201733354502
90.61,28.2201733354502
90.62,28.2201733354502
90.63,28.2201733354502
90.64,28.2201733354502
90.65,28.2201733354502
90.66,28.2201733354502
90.67,28.2201733354502
90.68,28.2201733354502
90.69,28.2201733354502
90.7,28.2201733354502
90.71,28.2201733354502
90.72,28.2201733354502
90.73,28.2201733354502
90.74,28.2201733354502
90.75,28.2201733354502
90.76,28.2201733354502
90.77,28.2201733354502
90.78,28.2201733354502
90.79,28.2201733354502
90.8,28.2201733354502
90.81,28.2201733354502
90.82,28.2201733354502
90.83,28.2201733354502
90.84,28.2201733354502
90.85,28.2201733354502
90.86,28.2201733354502
90.87,28.2201733354502
90.88,28.2201733354502
90.89,28.2201733354502
90.9,28.2201733354502
90.91,28.2201733354502
90.92,28.2201733354502
90.93,28.2201733354502
90.94,28.2201733354502
90.95,28.2201733354502
90.96,28.2201733354502
90.97,28.2201733354502
90.98,28.2201733354502
90.99,28.2201733354502
91,28.2201733354502
91.01,28.2201733354502
91.02,28.2201733354502
91.03,28.2201733354502
91.04,28.2201733354502
91.05,28.2201733354502
91.06,28.2201733354502
91.07,28.2201733354502
91.08,28.2201733354502
91.09,28.2201733354502
91.1,28.2201733354502
91.11,28.2201733354502
91.12,28.2201733354502
91.13,28.2201733354502
91.14,28.2201733354502
91.15,28.2201733354502
91.16,28.2201733354502
91.17,28.2201733354502
91.18,28.2201733354502
91.19,28.2201733354502
91.2,28.2201733354502
91.21,28.2201733354502
91.22,28.2201733354502
91.23,28.2201733354502
91.24,28.2201733354502
91.25,28.2201733354502
91.26,28.2201733354502
91.27,28.2201733354502
91.28,28.2201733354502
91.29,28.2201733354502
91.3,28.2201733354502
91.31,28.2201733354502
91.32,28.2201733354502
91.33,28.2201733354502
91.34,28.2201733354502
91.35,28.2201733354502
91.36,28.2201733354502
91.37,28.2201733354502
91.38,28.2201733354502
91.39,28.2201733354502
91.4,28.2201733354502
91.41,28.2201733354502
91.42,28.2201733354502
91.43,28.2201733354502
91.44,28.2201733354502
91.45,28.2201733354502
91.46,28.2201733354502
91.47,28.2201733354502
91.48,28.2201733354502
91.49,28.2201733354502
91.5,28.2201733354502
91.51,28.2201733354502
91.52,28.2201733354502
91.53,28.2201733354502
91.54,28.2201733354502
91.55,28.2201733354502
91.56,28.2201733354502
91.57,28.2201733354502
91.58,28.2201733354502
91.59,28.2201733354502
91.6,28.2201733354502
91.61,28.2201733354502
91.62,28.2201733354502
91.63,28.2201733354502
91.64,28.2201733354502
91.65,28.2201733354502
91.66,28.2201733354502
91.67,40.6262879451541
91.68,40.6262879451541
91.69,40.6262879451541
91.7,40.6262879451541
91.71,40.6262879451541
91.72,40.6262879451541
91.73,40.6262879451541
91.74,40.6262879451541
91.75,40.6262879451541
91.76,40.6262879451541
91.77,40.6262879451541
91.78,40.6262879451541
91.79,40.6262879451541
91.8,40.6262879451541
91.81,40.6262879451541
91.82,40.6262879451541
91.83,40.6262879451541
91.84,40.6262879451541
91.85,40.6262879451541
91.86,40.6262879451541
91.87,40.6262879451541
91.88,40.6262879451541
91.89,40.6262879451541
91.9,40.6262879451541
91.91,40.6262879451541
91.92,40.6262879451541
91.93,40.6262879451541
91.94,40.6262879451541
91.95,40.6262879451541
91.96,40.6262879451541
91.97,40.6262879451541
91.98,40.6262879451541
91.99,40.6262879451541
92,40.6262879451541
92.01,40.6262879451541
92.02,40.6262879451541
92.03,40.6262879451541
92.04,40.6262879451541
92.05,40.6262879451541
92.06,40.6262879451541
92.07,40.6262879451541
92.08,40.6262879451541
92.09,40.6262879451541
92.1,40.6262879451541
92.11,40.6262879451541
92.12,40.6262879451541
92.13,40.6262879451541
92.14,40.6262879451541
92.15,40.6262879451541
92.16,40.6262879451541
92.17,40.6262879451541
92.18,40.6262879451541
92.19,40.6262879451541
92.2,40.6262879451541
92.21,40.6262879451541
92.22,40.6262879451541
92.23,40.6262879451541
92.24,40.6262879451541
92.25,40.6262879451541
92.26,40.6262879451541
92.27,40.6262879451541
92.28,40.6262879451541
92.29,40.6262879451541
92.3,40.6262879451541
92.31,40.6262879451541
92.32,40.6262879451541
92.33,40.6262879451541
92.34,40.6262879451541
92.35,40.6262879451541
92.36,40.6262879451541
92.37,40.6262879451541
92.38,40.6262879451541
92.39,40.6262879451541
92.4,40.6262879451541
92.41,40.6262879451541
92.42,40.6262879451541
92.43,40.6262879451541
92.44,40.6262879451541
92.45,40.6262879451541
92.46,40.6262879451541
92.47,40.6262879451541
92.48,40.6262879451541
92.49,40.6262879451541
92.5,40.6262879451541
92.51,40.6262879451541
92.52,40.6262879451541
92.53,40.6262879451541
92.54,40.6262879451541
92.55,40.6262879451541
92.56,40.6262879451541
92.57,40.6262879451541
92.58,40.6262879451541
92.59,40.6262879451541
92.6,40.6262879451541
92.61,40.6262879451541
92.62,40.6262879451541
92.63,40.6262879451541
92.64,40.6262879451541
92.65,40.6262879451541
92.66,40.6262879451541
92.67,40.6262879451541
92.68,40.6262879451541
92.69,40.6262879451541
92.7,40.6262879451541
92.71,40.6262879451541
92.72,40.6262879451541
92.73,40.6262879451541
92.74,40.6262879451541
92.75,40.6262879451541
92.76,40.6262879451541
92.77,40.6262879451541
92.78,40.6262879451541
92.79,40.6262879451541
92.8,40.6262879451541
92.81,40.6262879451541
92.82,40.6262879451541
92.83,40.6262879451541
92.84,40.6262879451541
92.85,40.6262879451541
92.86,40.6262879451541
92.87,40.6262879451541
92.88,40.6262879451541
92.89,40.6262879451541
92.9,40.6262879451541
92.91,40.6262879451541
92.92,40.6262879451541
92.93,40.6262879451541
92.94,40.6262879451541
92.95,40.6262879451541
92.96,40.6262879451541
92.97,40.6262879451541
92.98,40.6262879451541
92.99,40.6262879451541
93,40.6262879451541
93.01,40.6262879451541
93.02,40.6262879451541
93.03,40.6262879451541
93.04,40.6262879451541
93.05,40.6262879451541
93.06,40.6262879451541
93.07,40.6262879451541
93.08,40.6262879451541
93.09,40.6262879451541
93.1,40.6262879451541
93.11,40.6262879451541
93.12,40.6262879451541
93.13,40.6262879451541
93.14,40.6262879451541
93.15,40.6262879451541
93.16,40.6262879451541
93.17,40.6262879451541
93.18,40.6262879451541
93.19,40.6262879451541
93.2,40.6262879451541
93.21,40.6262879451541
93.22,40.6262879451541
93.23,40.6262879451541
93.24,40.6262879451541
93.25,40.6262879451541
93.26,40.6262879451541
93.27,40.6262879451541
93.28,40.6262879451541
93.29,40.6262879451541
93.3,40.6262879451541
93.31,40.6262879451541
93.32,40.6262879451541
93.33,40.6262879451541
93.34,40.6262879451541
93.35,40.6262879451541
93.36,40.6262879451541
93.37,40.6262879451541
93.38,40.6262879451541
93.39,40.6262879451541
93.4,40.6262879451541
93.41,40.6262879451541
93.42,40.6262879451541
93.43,40.6262879451541
93.44,40.6262879451541
93.45,40.6262879451541
93.46,40.6262879451541
93.47,40.6262879451541
93.48,40.6262879451541
93.49,40.6262879451541
93.5,40.6262879451541
93.51,40.6262879451541
93.52,40.6262879451541
93.53,40.6262879451541
93.54,40.6262879451541
93.55,40.6262879451541
93.56,40.6262879451541
93.57,40.6262879451541
93.58,40.6262879451541
93.59,40.6262879451541
93.6,40.6262879451541
93.61,40.6262879451541
93.62,40.6262879451541
93.63,40.6262879451541
93.64,40.6262879451541
93.65,40.6262879451541
93.66,40.6262879451541
93.67,40.6262879451541
93.68,40.6262879451541
93.69,40.6262879451541
93.7,40.6262879451541
93.71,40.6262879451541
93.72,40.6262879451541
93.73,40.6262879451541
93.74,40.6262879451541
93.75,40.6262879451541
93.76,40.6262879451541
93.77,40.6262879451541
93.78,40.6262879451541
93.79,40.6262879451541
93.8,40.6262879451541
93.81,40.6262879451541
93.82,40.6262879451541
93.83,40.6262879451541
93.84,40.6262879451541
93.85,40.6262879451541
93.86,40.6262879451541
93.87,40.6262879451541
93.88,40.6262879451541
93.89,40.6262879451541
93.9,40.6262879451541
93.91,40.6262879451541
93.92,40.6262879451541
93.93,40.6262879451541
93.94,40.6262879451541
93.95,40.6262879451541
93.96,40.6262879451541
93.97,40.6262879451541
93.98,40.6262879451541
93.99,40.6262879451541
94,40.6262879451541
94.01,40.6262879451541
94.02,40.6262879451541
94.03,40.6262879451541
94.04,40.6262879451541
94.05,40.6262879451541
94.06,40.6262879451541
94.07,40.6262879451541
94.08,40.6262879451541
94.09,40.6262879451541
94.1,40.6262879451541
94.11,40.6262879451541
94.12,40.6262879451541
94.13,40.6262879451541
94.14,40.6262879451541
94.15,40.6262879451541
94.16,40.6262879451541
94.17,40.6262879451541
94.18,40.6262879451541
94.19,40.6262879451541
94.2,40.6262879451541
94.21,40.6262879451541
94.22,40.6262879451541
94.23,40.6262879451541
94.24,40.6262879451541
94.25,40.6262879451541
94.26,40.6262879451541
94.27,40.6262879451541
94.28,40.6262879451541
94.29,40.6262879451541
94.3,40.6262879451541
94.31,40.6262879451541
94.32,40.6262879451541
94.33,40.6262879451541
94.34,40.6262879451541
94.35,40.6262879451541
94.36,40.6262879451541
94.37,40.6262879451541
94.38,40.6262879451541
94.39,40.6262879451541
94.4,40.6262879451541
94.41,-54.075492502298
94.42,-54.075492502298
94.43,-54.075492502298
94.44,-54.075492502298
94.45,-54.075492502298
94.46,-54.075492502298
94.47,-54.075492502298
94.48,-54.075492502298
94.49,-54.075492502298
94.5,-54.075492502298
94.51,-54.075492502298
94.52,-54.075492502298
94.53,-54.075492502298
94.54,-54.075492502298
94.55,-54.075492502298
94.56,-54.075492502298
94.57,-54.075492502298
94.58,-54.075492502298
94.59,-54.075492502298
94.6,-54.075492502298
94.61,-54.075492502298
94.62,-54.075492502298
94.63,-54.075492502298
94.64,-54.075492502298
94.65,-54.075492502298
94.66,-54.075492502298
94.67,-54.075492502298
94.68,-54.075492502298
94.69,-54.075492502298
94.7,-54.075492502298
94.71,-54.075492502298
94.72,-54.075492502298
94.73,-54.075492502298
94.74,-54.075492502298
94.75,-54.075492502298
94.76,-54.075492502298
94.77,-54.075492502298
94.78,-54.075492502298
94.79,-54.075492502298
94.8,-54.075492502298
94.81,-54.075492502298
94.82,-54.075492502298
94.83,-54.075492502298
94.84,-54.075492502298
94.85,-54.075492502298
94.86,-54.075492502298
94.87,-54.075492502298
94.88,-54.075492502298
94.89,-54.075492502298
94.9,-54.075492502298
94.91,-54.075492502298
94.92,-54.075492502298
94.93,-54.075492502298
94.94,-54.075492502298
94.95,-54.075492502298
94.96,-54.075492502298
94.97,-54.075492502298
94.98,-54.075492502298
94.99,-54.075492502298
95,-54.075492502298
95.01,-54.075492502298
95.02,-54.075492502298
95.03,-54.075492502298
95.04,-54.075492502298
95.05,-54.075492502298
95.06,-54.075492502298
95.07,-54.075492502298
95.08,-54.075492502298
95.09,-54.075492502298
95.1,-54.075492502298
95.11,-54.075492502298
95.12,-54.075492502298
95.13,-54.075492502298
95.14,-54.075492502298
95.15,-54.075492502298
95.16,-54.075492502298
95.17,-54.075492502298
95.18,-54.075492502298
95.19,-54.075492502298
95.2,-54.075492502298
95.21,-54.075492502298
95.22,-54.075492502298
95.23,-54.075492502298
95.24,-54.075492502298
95.25,-54.075492502298
95.26,-54.075492502298
95.27,-54.075492502298
95.28,-54.075492502298
95.29,-54.075492502298
95.3,-54.075492502298
95.31,-54.075492502298
95.32,-54.075492502298
95.33,-54.075492502298
95.34,-54.075492502298
95.35,-54.075492502298
95.36,-54.075492502298
95.37,-54.075492502298
95.38,-54.075492502298
95.39,-54.075492502298
95.4,-54.075492502298
95.41,-54.075492502298
95.42,-54.075492502298
95.43,-54.075492502298
95.44,-54.075492502298
95.45,-54.075492502298
95.46,-54.075492502298
95.47,-54.075492502298
95.48,-54.075492502298
95.49,-54.075492502298
95.5,-54.075492502298
95.51,-54.075492502298
95.52,-54.075492502298
95.53,-54.075492502298
95.54,-54.075492502298
95.55,-54.075492502298
95.56,-54.075492502298
95.57,-54.075492502298
95.58,-54.075492502298
95.59,-54.075492502298
95.6,-54.075492502298
95.61,-54.075492502298
95.62,-54.075492502298
95.63,-54.075492502298
95.64,-54.075492502298
95.65,-54.075492502298
95.66,-54.075492502298
95.67,-54.075492502298
95.68,-54.075492502298
95.69,-54.075492502298
95.7,-54.075492502298
95.71,-54.075492502298
95.72,-54.075492502298
95.73,-54.075492502298
95.74,-54.075492502298
95.75,-54.075492502298
95.76,-54.075492502298
95.77,-54.075492502298
95.78,-54.075492502298
95.79,-54.075492502298
95.8,-54.075492502298
95.81,-54.075492502298
95.82,-54.075492502298
95.83,-54.075492502298
95.84,-54.075492502298
95.85,-54.075492502298
95.86,-54.075492502298
95.87,-54.075492502298
95.88,-54.075492502298
95.89,-54.075492502298
95.9,-54.075492502298
95.91,-54.075492502298
95.92,-54.075492502298
95.93,-54.075492502298
95.94,-54.075492502298
95.95,-54.075492502298
95.96,-54.075492502298
95.97,-54.075492502298
95.98,-54.075492502298
95.99,-54.075492502298
96,-54.075492502298
96.01,-54.075492502298
96.02,-54.075492502298
96.03,-54.075492502298
96.04,-54.075492502298
96.05,-54.075492502298
96.06,-54.075492502298
96.07,-54.075492502298
96.08,-54.075492502298
96.09,-54.075492502298
96.1,-54.075492502298
96.11,-54.075492502298
96.12,-54.075492502298
96.13,-54.075492502298
96.14,-54.075492502298
96.15,-54.075492502298
96.16,-54.075492502298
96.17,-54.075492502298
96.18,-54.075492502298
96.19,-54.075492502298
96.2,-54.075492502298
96.21,-54.075492502298
96.22,-54.075492502298
96.23,-54.075492502298
96.24,-54.075492502298
96.25,-54.075492502298
96.26,-54.075492502298
96.27,-54.075492502298
96.28,-54.075492502298
96.29,-54.075492502298
96.3,-54.075492502298
96.31,-54.075492502298
96.32,-54.075492502298
96.33,-54.075492502298
96.34,-54.075492502298
96.35,-54.075492502298
96.36,-54.075492502298
96.37,-54.075492502298
96.38,-54.075492502298
96.39,-54.075492502298
96.4,-54.075492502298
96.41,-54.075492502298
96.42,-54.075492502298
96.43,-54.075492502298
96.44,-54.075492502298
96.45,-54.075492502298
96.46,-54.075492502298
96.47,-54.075492502298
96.48,-54.075492502298
96.49,-54.075492502298
96.5,-54.075492502298
96.51,-54.075492502298
96.52,-54.075492502298
96.53,-54.075492502298
96.54,-54.075492502298
96.55,-54.075492502298
96.56,-54.075492502298
96.57,-54.075492502298
96.58,-54.075492502298
96.59,-54.075492502298
96.6,-54.075492502298
96.61,-54.075492502298
96.62,-54.075492502298
96.63,-54.075492502298
96.64,-54.075492502298
96.65,-54.075492502298
96.66,-54.075492502298
96.67,-54.075492502298
96.68,-54.075492502298
96.69,-54.075492502298
96.7,-54.075492502298
96.71,-54.075492502298
96.72,-54.075492502298
96.73,-54.075492502298
96.74,-54.075492502298
96.75,-54.075492502298
96.76,-54.075492502298
96.77,-54.075492502298
96.78,-54.075492502298
96.79,-54.075492502298
96.8,-54.075492502298
96.81,-54.075492502298
96.82,-54.075492502298
96.83,-54.075492502298
96.84,-54.075492502298
96.85,-54.075492502298
96.86,-54.075492502298
96.87,-54.075492502298
96.88,-54.075492502298
96.89,-54.075492502298
96.9,-54.075492502298
96.91,-54.075492502298
96.92,-54.075492502298
96.93,-54.075492502298
96.94,-54.075492502298
96.95,-54.075492502298
96.96,-54.075492502298
96.97,-54.075492502298
96.98,-54.075492502298
96.99,-54.075492502298
97,-54.075492502298
97.01,-54.075492502298
97.02,-54.075492502298
97.03,-54.075492502298
97.04,-54.075492502298
97.05,-54.075492502298
97.06,-54.075492502298
97.07,-54.075492502298
97.08,-54.075492502298
97.09,-54.075492502298
97.1,-54.075492502298
97.11,-54.075492502298
97.12,-54.075492502298
97.13,-54.075492502298
97.14,-54.075492502298
97.15,-54.075492502298
97.16,-54.075492502298
97.17,-54.075492502298
97.18,-54.075492502298
97.19,-54.075492502298
97.2,-54.075492502298
97.21,-54.075492502298
97.22,-54.075492502298
97.23,-54.075492502298
97.24,-54.075492502298
97.25,-54.075492502298
97.26,-54.075492502298
97.27,-54.075492502298
97.28,-54.075492502298
97.29,-54.075492502298
97.3,-54.075492502298
97.31,-54.075492502298
97.32,-54.075492502298
97.33,-54.075492502298
97.34,-54.075492502298
97.35,-54.075492502298
97.36,-54.075492502298
97.37,-54.075492502298
97.38,-54.075492502298
97.39,-54.075492502298
97.4,-54.075492502298
97.41,-54.075492502298
97.42,-54.075492502298
97.43,-54.075492502298
97.44,-54.075492502298
97.45,-54.075492502298
97.46,-54.075492502298
97.47,-54.075492502298
97.48,-54.075492502298
97.49,-54.075492502298
97.5,-54.075492502298
97.51,-54.075492502298
97.52,-54.075492502298
97.53,-54.075492502298
97.54,-54.075492502298
97.55,-54.075492502298
97.56,-54.075492502298
97.57,-54.075492502298
97.58,-54.075492502298
97.59,-54.075492502298
97.6,-54.075492502298
97.61,-54.075492502298
97.62,-54.075492502298
97.63,-54.075492502298
97.64,-54.075492502298
97.65,-54.075492502298
97.66,-54.075492502298
97.67,-54.075492502298
97.68,-54.075492502298
97.69,-54.075492502298
97.7,-54.075492502298
97.71,-54.075492502298
97.72,-54.075492502298
97.73,-54.075492502298
97.74,-54.075492502298
97.75,-54.075492502298
97.76,-54.075492502298
97.77,-54.075492502298
97.78,-54.075492502298
97.79,-54.075492502298
97.8,-54.075492502298
97.81,-54.075492502298
97.82,-54.075492502298
97.83,-54.075492502298
97.84,-54.075492502298
97.85,-54.075492502298
97.86,-54.075492502298
97.87,-54.075492502298
97.88,-54.075492502298
97.89,-54.075492502298
97.9,-54.075492502298
97.91,-54.075492502298
97.92,-54.075492502298
97.93,-54.075492502298
97.94,-54.075492502298
97.95,-54.075492502298
97.96,-54.075492502298
97.97,-54.075492502298
97.98,-54.075492502298
97.99,-54.075492502298
98,-54.075492502298
98.01,-54.075492502298
98.02,-54.075492502298
98.03,-54.075492502298
98.04,-54.075492502298
98.05,-54.075492502298
98.06,-54.075492502298
98.07,-54.075492502298
98.08,-54.075492502298
98.09,-54.075492502298
98.1,-54.075492502298
98.11,-54.075492502298
98.12,-54.075492502298
98.13,-54.075492502298
98.14,-54.075492502298
98.15,-54.075492502298
98.16,-54.075492502298
98.17,-54.075492502298
98.18,-54.075492502298
98.19,-17.9893599007979
98.2,-17.9893599007979
98.21,-17.9893599007979
98.22,-17.9893599007979
98.23,-17.9893599007979
98.24,-17.9893599007979
98.25,-17.9893599007979
98.26,-17.9893599007979
98.27,-17.9893599007979
98.28,-17.9893599007979
98.29,-17.9893599007979
98.3,-17.9893599007979
98.31,-17.9893599007979
98.32,-17.9893599007979
98.33,-17.9893599007979
98.34,-17.9893599007979
98.35,-17.9893599007979
98.36,-17.9893599007979
98.37,-17.9893599007979
98.38,-17.9893599007979
98.39,-17.9893599007979
98.4,-17.9893599007979
98.41,-17.9893599007979
98.42,-17.9893599007979
98.43,-17.9893599007979
98.44,-17.9893599007979
98.45,-17.9893599007979
98.46,-17.9893599007979
98.47,-17.9893599007979
98.48,-17.9893599007979
98.49,-17.9893599007979
98.5,-17.9893599007979
98.51,-17.9893599007979
98.52,-17.9893599007979
98.53,-17.9893599007979
98.54,-17.9893599007979
98.55,-17.9893599007979
98.56,-17.9893599007979
98.57,-17.9893599007979
98.58,-17.9893599007979
98.59,-17.9893599007979
98.6,-17.9893599007979
98.61,-17.9893599007979
98.62,-17.9893599007979
98.63,-17.9893599007979
98.64,-17.9893599007979
98.65,-17.9893599007979
98.66,-17.9893599007979
98.67,-17.9893599007979
98.68,-17.9893599007979
98.69,-17.9893599007979
98.7,-17.9893599007979
98.71,-17.9893599007979
98.72,-17.9893599007979
98.73,-17.9893599007979
98.74,-17.9893599007979
98.75,-17.9893599007979
98.76,-17.9893599007979
98.77,-17.9893599007979
98.78,-17.9893599007979
98.79,-17.9893599007979
98.8,-17.9893599007979
98.81,-17.9893599007979
98.82,-17.9893599007979
98.83,-17.9893599007979
98.84,-17.9893599007979
98.85,-17.9893599007979
98.86,-17.9893599007979
98.87,-17.9893599007979
98.88,-17.9893599007979
98.89,-17.9893599007979
98.9,-17.9893599007979
98.91,-17.9893599007979
98.92,-17.9893599007979
98.93,-17.9893599007979
98.94,-17.9893599007979
98.95,-17.9893599007979
98.96,-17.9893599007979
98.97,-17.9893599007979
98.98,-17.9893599007979
98.99,-17.9893599007979
99,-17.9893599007979
99.01,-17.9893599007979
99.02,-17.9893599007979
99.03,-17.9893599007979
99.04,-17.9893599007979
99.05,-17.9893599007979
99.06,-17.9893599007979
99.07,-17.9893599007979
99.08,-17.9893599007979
99.09,-17.9893599007979
99.1,-17.9893599007979
99.11,-17.9893599007979
99.12,-17.9893599007979
99.13,-17.9893599007979
99.14,-17.9893599007979
99.15,-17.9893599007979
99.16,-17.9893599007979
99.17,-17.9893599007979
99.18,-17.9893599007979
99.19,-17.9893599007979
99.2,-17.9893599007979
99.21,-17.9893599007979
99.22,-17.9893599007979
99.23,-17.9893599007979
99.24,-17.9893599007979
99.25,-17.9893599007979
99.26,-17.9893599007979
99.27,-17.9893599007979
99.28,-17.9893599007979
99.29,-17.9893599007979
99.3,-17.9893599007979
99.31,-17.9893599007979
99.32,-17.9893599007979
99.33,-17.9893599007979
99.34,-17.9893599007979
99.35,-17.9893599007979
99.36,-17.9893599007979
99.37,-17.9893599007979
99.38,-17.9893599007979
99.39,-17.9893599007979
99.4,-17.9893599007979
99.41,-17.9893599007979
99.42,5.01420430552332
99.43,5.01420430552332
99.44,5.01420430552332
99.45,5.01420430552332
99.46,5.01420430552332
99.47,5.01420430552332
99.48,5.01420430552332
99.49,5.01420430552332
99.5,5.01420430552332
99.51,5.01420430552332
99.52,5.01420430552332
99.53,5.01420430552332
99.54,5.01420430552332
99.55,5.01420430552332
99.56,5.01420430552332
99.57,5.01420430552332
99.58,5.01420430552332
99.59,5.01420430552332
99.6,5.01420430552332
99.61,5.01420430552332
99.62,5.01420430552332
99.63,5.01420430552332
99.64,5.01420430552332
99.65,5.01420430552332
99.66,5.01420430552332
99.67,5.01420430552332
99.68,5.01420430552332
99.69,5.01420430552332
99.7,5.01420430552332
99.71,5.01420430552332
99.72,5.01420430552332
99.73,5.01420430552332
99.74,5.01420430552332
99.75,5.01420430552332
99.76,5.01420430552332
99.77,5.01420430552332
99.78,5.01420430552332
99.79,5.01420430552332
99.8,5.01420430552332
99.81,5.01420430552332
99.82,5.01420430552332
99.83,5.01420430552332
99.84,5.01420430552332
99.85,5.01420430552332
99.86,5.01420430552332
99.87,5.01420430552332
99.88,5.01420430552332
99.89,5.01420430552332
99.9,5.01420430552332
99.91,5.01420430552332
99.92,5.01420430552332
99.93,5.01420430552332
99.94,5.01420430552332
99.95,5.01420430552332
99.96,5.01420430552332
99.97,5.01420430552332
99.98,5.01420430552332
99.99,5.01420430552332
100,5.01420430552332
100.01,5.01420430552332
100.02,5.01420430552332
100.03,5.01420430552332
100.04,5.01420430552332
100.05,5.01420430552332
100.06,5.01420430552332
100.07,5.01420430552332
100.08,5.01420430552332
100.09,5.01420430552332
100.1,5.01420430552332
100.11,5.01420430552332
100.12,5.01420430552332
100.13,5.01420430552332
100.14,5.01420430552332
100.15,5.01420430552332
100.16,5.01420430552332
100.17,5.01420430552332
100.18,5.01420430552332
100.19,5.01420430552332
100.2,5.01420430552332
100.21,5.01420430552332
100.22,5.01420430552332
100.23,5.01420430552332
100.24,5.01420430552332
100.25,5.01420430552332
100.26,5.01420430552332
100.27,5.01420430552332
100.28,5.01420430552332
100.29,5.01420430552332
100.3,5.01420430552332
100.31,5.01420430552332
100.32,5.01420430552332
100.33,5.01420430552332
100.34,5.01420430552332
100.35,5.01420430552332
100.36,5.01420430552332
100.37,5.01420430552332
100.38,5.01420430552332
100.39,5.01420430552332
100.4,5.01420430552332
100.41,5.01420430552332
100.42,5.01420430552332
100.43,5.01420430552332
100.44,5.01420430552332
100.45,5.01420430552332
100.46,5.01420430552332
100.47,5.01420430552332
100.48,5.01420430552332
100.49,5.01420430552332
100.5,5.01420430552332
100.51,5.01420430552332
100.52,5.01420430552332
100.53,5.01420430552332
100.54,5.01420430552332
100.55,5.01420430552332
100.56,5.01420430552332
100.57,5.01420430552332
100.58,5.01420430552332
100.59,5.01420430552332
100.6,5.01420430552332
100.61,5.01420430552332
100.62,5.01420430552332
100.63,5.01420430552332
100.64,5.01420430552332
100.65,5.01420430552332
100.66,5.01420430552332
100.67,5.01420430552332
100.68,5.01420430552332
100.69,5.01420430552332
100.7,5.01420430552332
100.71,5.01420430552332
100.72,5.01420430552332
100.73,5.01420430552332
100.74,5.01420430552332
100.75,5.01420430552332
100.76,5.01420430552332
100.77,5.01420430552332
100.78,5.01420430552332
100.79,5.01420430552332
100.8,5.01420430552332
100.81,5.01420430552332
100.82,5.01420430552332
100.83,5.01420430552332
100.84,5.01420430552332
100.85,5.01420430552332
100.86,5.01420430552332
100.87,5.01420430552332
100.88,-37.5145437201949
100.89,-37.5145437201949
100.9,-37.5145437201949
100.91,-37.5145437201949
100.92,-37.5145437201949
100.93,-37.5145437201949
100.94,-37.5145437201949
100.95,-37.5145437201949
100.96,-37.5145437201949
100.97,-37.5145437201949
100.98,-37.5145437201949
100.99,-37.5145437201949
101,-37.5145437201949
101.01,-37.5145437201949
101.02,-37.5145437201949
101.03,-37.5145437201949
101.04,-37.5145437201949
101.05,-37.5145437201949
101.06,-37.5145437201949
101.07,-37.5145437201949
101.08,-37.5145437201949
101.09,-37.5145437201949
101.1,-37.5145437201949
101.11,-37.5145437201949
101.12,-37.5145437201949
101.13,-37.5145437201949
101.14,-37.5145437201949
101.15,-37.5145437201949
101.16,-37.5145437201949
101.17,-37.5145437201949
101.18,-37.5145437201949
101.19,-37.5145437201949
101.2,-37.5145437201949
101.21,-37.5145437201949
101.22,-37.5145437201949
101.23,-37.5145437201949
101.24,-37.5145437201949
101.25,-37.5145437201949
101.26,-37.5145437201949
101.27,-37.5145437201949
101.28,-37.5145437201949
101.29,-37.5145437201949
101.3,-37.5145437201949
101.31,-37.5145437201949
101.32,-37.5145437201949
101.33,-37.5145437201949
101.34,-37.5145437201949
101.35,-37.5145437201949
101.36,-37.5145437201949
101.37,-37.5145437201949
101.38,-37.5145437201949
101.39,-37.5145437201949
101.4,-37.5145437201949
101.41,-37.5145437201949
101.42,-37.5145437201949
101.43,-37.5145437201949
101.44,-37.5145437201949
101.45,-37.5145437201949
101.46,-37.5145437201949
101.47,-37.5145437201949
101.48,-37.5145437201949
101.49,-37.5145437201949
101.5,-37.5145437201949
101.51,-37.5145437201949
101.52,-37.5145437201949
101.53,-37.5145437201949
101.54,-37.5145437201949
101.55,-37.5145437201949
101.56,-37.5145437201949
101.57,-37.5145437201949
101.58,-37.5145437201949
101.59,-37.5145437201949
101.6,-37.5145437201949
101.61,-37.5145437201949
101.62,-37.5145437201949
101.63,-37.5145437201949
101.64,-37.5145437201949
101.65,-37.5145437201949
101.66,-37.5145437201949
101.67,-37.5145437201949
101.68,-37.5145437201949
101.69,-37.5145437201949
101.7,-37.5145437201949
101.71,-37.5145437201949
101.72,-37.5145437201949
101.73,-37.5145437201949
101.74,-37.5145437201949
101.75,-37.5145437201949
101.76,-37.5145437201949
101.77,-37.5145437201949
101.78,-37.5145437201949
101.79,-37.5145437201949
101.8,-37.5145437201949
101.81,-37.5145437201949
101.82,-37.5145437201949
101.83,-37.5145437201949
101.84,-37.5145437201949
101.85,-37.5145437201949
101.86,-37.5145437201949
101.87,-37.5145437201949
101.88,-37.5145437201949
101.89,-37.5145437201949
101.9,-37.5145437201949
101.91,-37.5145437201949
101.92,-37.5145437201949
101.93,-37.5145437201949
101.94,-37.5145437201949
101.95,-37.5145437201949
101.96,-37.5145437201949
101.97,-37.5145437201949
101.98,-37.5145437201949
101.99,-37.5145437201949
102,-37.5145437201949
102.01,-37.5145437201949
102.02,-37.5145437201949
102.03,-37.5145437201949
102.04,-37.5145437201949
102.05,-37.5145437201949
102.06,-37.5145437201949
102.07,-37.5145437201949
102.08,-37.5145437201949
102.09,-37.5145437201949
102.1,-37.5145437201949
102.11,-37.5145437201949
102.12,-37.5145437201949
102.13,-37.5145437201949
102.14,-37.5145437201949
102.15,-37.5145437201949
102.16,-37.5145437201949
102.17,-37.5145437201949
102.18,-37.5145437201949
102.19,-37.5145437201949
102.2,-37.5145437201949
102.21,-37.5145437201949
102.22,-37.5145437201949
102.23,-37.5145437201949
102.24,-37.5145437201949
102.25,-37.5145437201949
102.26,-37.5145437201949
102.27,-37.5145437201949
102.28,-37.5145437201949
102.29,-37.5145437201949
102.3,-37.5145437201949
102.31,-37.5145437201949
102.32,-37.5145437201949
102.33,-37.5145437201949
102.34,-37.5145437201949
102.35,-37.5145437201949
102.36,-37.5145437201949
102.37,-37.5145437201949
102.38,-37.5145437201949
102.39,-37.5145437201949
102.4,-37.5145437201949
102.41,-37.5145437201949
102.42,-37.5145437201949
102.43,-37.5145437201949
102.44,-37.5145437201949
102.45,-37.5145437201949
102.46,-37.5145437201949
102.47,-37.5145437201949
102.48,-37.5145437201949
102.49,-37.5145437201949
102.5,-37.5145437201949
102.51,-37.5145437201949
102.52,-37.5145437201949
102.53,-37.5145437201949
102.54,-37.5145437201949
102.55,-37.5145437201949
102.56,-37.5145437201949
102.57,-37.5145437201949
102.58,-37.5145437201949
102.59,-37.5145437201949
102.6,-37.5145437201949
102.61,-37.5145437201949
102.62,-37.5145437201949
102.63,-37.5145437201949
102.64,-37.5145437201949
102.65,-37.5145437201949
102.66,-37.5145437201949
102.67,-37.5145437201949
102.68,-37.5145437201949
102.69,-37.5145437201949
102.7,-37.5145437201949
102.71,-37.5145437201949
102.72,-37.5145437201949
102.73,-37.5145437201949
102.74,-37.5145437201949
102.75,-37.5145437201949
102.76,-37.5145437201949
102.77,-37.5145437201949
102.78,-37.5145437201949
102.79,-37.5145437201949
102.8,-37.5145437201949
102.81,-37.5145437201949
102.82,-37.5145437201949
102.83,-37.5145437201949
102.84,-37.5145437201949
102.85,-37.5145437201949
102.86,-37.5145437201949
102.87,-37.5145437201949
102.88,-37.5145437201949
102.89,-37.5145437201949
102.9,-37.5145437201949
102.91,-37.5145437201949
102.92,-37.5145437201949
102.93,-37.5145437201949
102.94,-37.5145437201949
102.95,-37.5145437201949
102.96,-37.5145437201949
102.97,-37.5145437201949
102.98,-37.5145437201949
102.99,-37.5145437201949
103,-37.5145437201949
103.01,-37.5145437201949
103.02,-37.5145437201949
103.03,-37.5145437201949
103.04,-37.5145437201949
103.05,-37.5145437201949
103.06,-37.5145437201949
103.07,-37.5145437201949
103.08,-37.5145437201949
103.09,-37.5145437201949
103.1,-37.5145437201949
103.11,-37.5145437201949
103.12,-37.5145437201949
103.13,-37.5145437201949
103.14,-37.5145437201949
103.15,-37.5145437201949
103.16,-37.5145437201949
103.17,-37.5145437201949
103.18,-37.5145437201949
103.19,-37.5145437201949
103.2,-37.5145437201949
103.21,-37.5145437201949
103.22,-37.5145437201949
103.23,-37.5145437201949
103.24,-37.5145437201949
103.25,-37.5145437201949
103.26,-37.5145437201949
103.27,-37.5145437201949
103.28,-37.5145437201949
103.29,-37.5145437201949
103.3,-37.5145437201949
103.31,-37.5145437201949
103.32,-37.5145437201949
103.33,-37.5145437201949
103.34,-37.5145437201949
103.35,-37.5145437201949
103.36,-37.5145437201949
103.37,-37.5145437201949
103.38,-37.5145437201949
103.39,-37.5145437201949
103.4,-37.5145437201949
103.41,-37.5145437201949
103.42,-37.5145437201949
103.43,-37.5145437201949
103.44,-37.5145437201949
103.45,-37.5145437201949
103.46,-37.5145437201949
103.47,-37.5145437201949
103.48,-37.5145437201949
103.49,-37.5145437201949
103.5,15.4510699081528
103.51,15.4510699081528
103.52,15.4510699081528
103.53,15.4510699081528
103.54,15.4510699081528
103.55,15.4510699081528
103.56,15.4510699081528
103.57,15.4510699081528
103.58,15.4510699081528
103.59,15.4510699081528
103.6,15.4510699081528
103.61,15.4510699081528
103.62,15.4510699081528
103.63,15.4510699081528
103.64,15.4510699081528
103.65,15.4510699081528
103.66,15.4510699081528
103.67,15.4510699081528
103.68,15.4510699081528
103.69,15.4510699081528
103.7,15.4510699081528
103.71,15.4510699081528
103.72,15.4510699081528
103.73,15.4510699081528
103.74,15.4510699081528
103.75,15.4510699081528
103.76,15.4510699081528
103.77,15.4510699081528
103.78,15.4510699081528
103.79,15.4510699081528
103.8,15.4510699081528
103.81,15.4510699081528
103.82,15.4510699081528
103.83,15.4510699081528
103.84,15.4510699081528
103.85,15.4510699081528
103.86,15.4510699081528
103.87,15.4510699081528
103.88,15.4510699081528
103.89,15.4510699081528
103.9,15.4510699081528
103.91,15.4510699081528
103.92,15.4510699081528
103.93,15.4510699081528
103.94,15.4510699081528
103.95,15.4510699081528
103.96,15.4510699081528
103.97,15.4510699081528
103.98,15.4510699081528
103.99,15.4510699081528
104,15.4510699081528
104.01,15.4510699081528
104.02,15.4510699081528
104.03,15.4510699081528
104.04,15.4510699081528
104.05,15.4510699081528
104.06,15.4510699081528
104.07,15.4510699081528
104.08,15.4510699081528
104.09,15.4510699081528
104.1,15.4510699081528
104.11,15.4510699081528
104.12,15.4510699081528
104.13,15.4510699081528
104.14,15.4510699081528
104.15,15.4510699081528
104.16,15.4510699081528
104.17,15.4510699081528
104.18,15.4510699081528
104.19,15.4510699081528
104.2,15.4510699081528
104.21,15.4510699081528
104.22,15.4510699081528
104.23,15.4510699081528
104.24,15.4510699081528
104.25,15.4510699081528
104.26,15.4510699081528
104.27,15.4510699081528
104.28,15.4510699081528
104.29,15.4510699081528
104.3,15.4510699081528
104.31,15.4510699081528
104.32,15.4510699081528
104.33,15.4510699081528
104.34,15.4510699081528
104.35,15.4510699081528
104.36,15.4510699081528
104.37,15.4510699081528
104.38,15.4510699081528
104.39,15.4510699081528
104.4,15.4510699081528
104.41,15.4510699081528
104.42,15.4510699081528
104.43,15.4510699081528
104.44,15.4510699081528
104.45,15.4510699081528
104.46,15.4510699081528
104.47,15.4510699081528
104.48,15.4510699081528
104.49,15.4510699081528
104.5,15.4510699081528
104.51,15.4510699081528
104.52,15.4510699081528
104.53,15.4510699081528
104.54,15.4510699081528
104.55,15.4510699081528
104.56,15.4510699081528
104.57,15.4510699081528
104.58,15.4510699081528
104.59,15.4510699081528
104.6,15.4510699081528
104.61,15.4510699081528
104.62,15.4510699081528
104.63,15.4510699081528
104.64,15.4510699081528
104.65,15.4510699081528
104.66,15.4510699081528
104.67,15.4510699081528
104.68,15.4510699081528
104.69,15.4510699081528
104.7,15.4510699081528
104.71,15.4510699081528
104.72,15.4510699081528
104.73,15.4510699081528
104.74,15.4510699081528
104.75,15.4510699081528
104.76,15.4510699081528
104.77,15.4510699081528
104.78,15.4510699081528
104.79,15.4510699081528
104.8,15.4510699081528
104.81,15.4510699081528
104.82,15.4510699081528
104.83,15.4510699081528
104.84,15.4510699081528
104.85,15.4510699081528
104.86,15.4510699081528
104.87,15.4510699081528
104.88,15.4510699081528
104.89,15.4510699081528
104.9,15.4510699081528
104.91,15.4510699081528
104.92,15.4510699081528
104.93,15.4510699081528
104.94,15.4510699081528
104.95,15.4510699081528
104.96,15.4510699081528
104.97,15.4510699081528
104.98,15.4510699081528
104.99,15.4510699081528
105,15.4510699081528
105.01,15.4510699081528
105.02,15.4510699081528
105.03,15.4510699081528
105.04,15.4510699081528
105.05,15.4510699081528
105.06,15.4510699081528
105.07,15.4510699081528
105.08,15.4510699081528
105.09,15.4510699081528
105.1,15.4510699081528
105.11,15.4510699081528
105.12,15.4510699081528
105.13,15.4510699081528
105.14,15.4510699081528
105.15,15.4510699081528
105.16,15.4510699081528
105.17,15.4510699081528
105.18,15.4510699081528
105.19,15.4510699081528
105.2,15.4510699081528
105.21,15.4510699081528
105.22,15.4510699081528
105.23,15.4510699081528
105.24,15.4510699081528
105.25,15.4510699081528
105.26,15.4510699081528
105.27,15.4510699081528
105.28,15.4510699081528
105.29,15.4510699081528
105.3,15.4510699081528
105.31,15.4510699081528
105.32,15.4510699081528
105.33,15.4510699081528
105.34,15.4510699081528
105.35,15.4510699081528
105.36,15.4510699081528
105.37,15.4510699081528
105.38,15.4510699081528
105.39,15.4510699081528
105.4,15.4510699081528
105.41,15.4510699081528
105.42,15.4510699081528
105.43,15.4510699081528
105.44,15.4510699081528
105.45,15.4510699081528
105.46,15.4510699081528
105.47,15.4510699081528
105.48,15.4510699081528
105.49,15.4510699081528
105.5,15.4510699081528
105.51,15.4510699081528
105.52,15.4510699081528
105.53,15.4510699081528
105.54,15.4510699081528
105.55,15.4510699081528
105.56,15.4510699081528
105.57,15.4510699081528
105.58,15.4510699081528
105.59,15.4510699081528
105.6,15.4510699081528
105.61,-38.2045554369796
105.62,-38.2045554369796
105.63,-38.2045554369796
105.64,-38.2045554369796
105.65,-38.2045554369796
105.66,-38.2045554369796
105.67,-38.2045554369796
105.68,-38.2045554369796
105.69,-38.2045554369796
105.7,-38.2045554369796
105.71,-38.2045554369796
105.72,-38.2045554369796
105.73,-38.2045554369796
105.74,-38.2045554369796
105.75,-38.2045554369796
105.76,-38.2045554369796
105.77,-38.2045554369796
105.78,-38.2045554369796
105.79,-38.2045554369796
105.8,-38.2045554369796
105.81,-38.2045554369796
105.82,-38.2045554369796
105.83,-38.2045554369796
105.84,-38.2045554369796
105.85,-38.2045554369796
105.86,-38.2045554369796
105.87,-38.2045554369796
105.88,-38.2045554369796
105.89,-38.2045554369796
105.9,-38.2045554369796
105.91,-38.2045554369796
105.92,-38.2045554369796
105.93,-38.2045554369796
105.94,-38.2045554369796
105.95,-38.2045554369796
105.96,-38.2045554369796
105.97,-38.2045554369796
105.98,-38.2045554369796
105.99,-38.2045554369796
106,-38.2045554369796
106.01,-38.2045554369796
106.02,-38.2045554369796
106.03,-38.2045554369796
106.04,-38.2045554369796
106.05,-38.2045554369796
106.06,-38.2045554369796
106.07,-38.2045554369796
106.08,-38.2045554369796
106.09,-38.2045554369796
106.1,-38.2045554369796
106.11,-38.2045554369796
106.12,-38.2045554369796
106.13,-38.2045554369796
106.14,-38.2045554369796
106.15,-38.2045554369796
106.16,-38.2045554369796
106.17,-38.2045554369796
106.18,-38.2045554369796
106.19,-38.2045554369796
106.2,-38.2045554369796
106.21,-38.2045554369796
106.22,-38.2045554369796
106.23,-38.2045554369796
106.24,-38.2045554369796
106.25,-38.2045554369796
106.26,-38.2045554369796
106.27,-38.2045554369796
106.28,-38.2045554369796
106.29,-38.2045554369796
106.3,-38.2045554369796
106.31,-38.2045554369796
106.32,-38.2045554369796
106.33,-38.2045554369796
106.34,-38.2045554369796
106.35,-38.2045554369796
106.36,-38.2045554369796
106.37,-38.2045554369796
106.38,-38.2045554369796
106.39,-38.2045554369796
106.4,-38.2045554369796
106.41,-38.2045554369796
106.42,-38.2045554369796
106.43,-38.2045554369796
106.44,-38.2045554369796
106.45,-38.2045554369796
106.46,-38.2045554369796
106.47,-38.2045554369796
106.48,-38.2045554369796
106.49,-38.2045554369796
106.5,-38.2045554369796
106.51,-38.2045554369796
106.52,-38.2045554369796
106.53,-38.2045554369796
106.54,-38.2045554369796
106.55,-38.2045554369796
106.56,-38.2045554369796
106.57,-38.2045554369796
106.58,-38.2045554369796
106.59,-38.2045554369796
106.6,-38.2045554369796
106.61,-38.2045554369796
106.62,-38.2045554369796
106.63,-38.2045554369796
106.64,-38.2045554369796
106.65,-38.2045554369796
106.66,-38.2045554369796
106.67,-38.2045554369796
106.68,-59.6366607729645
106.69,-59.6366607729645
106.7,-59.6366607729645
106.71,-59.6366607729645
106.72,-59.6366607729645
106.73,-59.6366607729645
106.74,-59.6366607729645
106.75,-59.6366607729645
106.76,-59.6366607729645
106.77,-59.6366607729645
106.78,-59.6366607729645
106.79,-59.6366607729645
106.8,-59.6366607729645
106.81,-59.6366607729645
106.82,-59.6366607729645
106.83,-59.6366607729645
106.84,-59.6366607729645
106.85,-59.6366607729645
106.86,-59.6366607729645
106.87,-59.6366607729645
106.88,-59.6366607729645
106.89,-59.6366607729645
106.9,-59.6366607729645
106.91,-59.6366607729645
106.92,-59.6366607729645
106.93,-59.6366607729645
106.94,-59.6366607729645
106.95,-59.6366607729645
106.96,-59.6366607729645
106.97,-59.6366607729645
106.98,-59.6366607729645
106.99,-59.6366607729645
107,-59.6366607729645
107.01,-59.6366607729645
107.02,-59.6366607729645
107.03,-59.6366607729645
107.04,-59.6366607729645
107.05,-59.6366607729645
107.06,-59.6366607729645
107.07,-59.6366607729645
107.08,-59.6366607729645
107.09,-59.6366607729645
107.1,-59.6366607729645
107.11,-59.6366607729645
107.12,-59.6366607729645
107.13,-59.6366607729645
107.14,-59.6366607729645
107.15,-59.6366607729645
107.16,-59.6366607729645
107.17,-59.6366607729645
107.18,-59.6366607729645
107.19,-59.6366607729645
107.2,-59.6366607729645
107.21,-59.6366607729645
107.22,-59.6366607729645
107.23,-59.6366607729645
107.24,-59.6366607729645
107.25,-59.6366607729645
107.26,-59.6366607729645
107.27,-59.6366607729645
107.28,-59.6366607729645
107.29,-59.6366607729645
107.3,-59.6366607729645
107.31,-59.6366607729645
107.32,-59.6366607729645
107.33,-59.6366607729645
107.34,-59.6366607729645
107.35,-59.6366607729645
107.36,-59.6366607729645
107.37,-59.6366607729645
107.38,-59.6366607729645
107.39,-59.6366607729645
107.4,-59.6366607729645
107.41,-59.6366607729645
107.42,-59.6366607729645
107.43,-59.6366607729645
107.44,-59.6366607729645
107.45,-59.6366607729645
107.46,-59.6366607729645
107.47,-59.6366607729645
107.48,-59.6366607729645
107.49,-59.6366607729645
107.5,-59.6366607729645
107.51,-59.6366607729645
107.52,-59.6366607729645
107.53,-59.6366607729645
107.54,-59.6366607729645
107.55,-59.6366607729645
107.56,-59.6366607729645
107.57,-59.6366607729645
107.58,-59.6366607729645
107.59,-59.6366607729645
107.6,-59.6366607729645
107.61,-59.6366607729645
107.62,-59.6366607729645
107.63,-59.6366607729645
107.64,-59.6366607729645
107.65,-59.6366607729645
107.66,-59.6366607729645
107.67,-59.6366607729645
107.68,-59.6366607729645
107.69,-59.6366607729645
107.7,-59.6366607729645
107.71,-59.6366607729645
107.72,-59.6366607729645
107.73,-59.6366607729645
107.74,-59.6366607729645
107.75,-59.6366607729645
107.76,-59.6366607729645
107.77,-59.6366607729645
107.78,-59.6366607729645
107.79,-59.6366607729645
107.8,-59.6366607729645
107.81,-59.6366607729645
107.82,-59.6366607729645
107.83,-59.6366607729645
107.84,-59.6366607729645
107.85,-59.6366607729645
107.86,-59.6366607729645
107.87,-59.6366607729645
107.88,-59.6366607729645
107.89,-59.6366607729645
107.9,-59.6366607729645
107.91,-59.6366607729645
107.92,-59.6366607729645
107.93,-59.6366607729645
107.94,-59.6366607729645
107.95,-59.6366607729645
107.96,-59.6366607729645
107.97,-59.6366607729645
107.98,-59.6366607729645
107.99,-59.6366607729645
108,-59.6366607729645
108.01,-59.6366607729645
108.02,-59.6366607729645
108.03,-59.6366607729645
108.04,-59.6366607729645
108.05,-59.6366607729645
108.06,-59.6366607729645
108.07,-59.6366607729645
108.08,-59.6366607729645
108.09,-59.6366607729645
108.1,-59.6366607729645
108.11,-59.6366607729645
108.12,-59.6366607729645
108.13,-59.6366607729645
108.14,-59.6366607729645
108.15,-59.6366607729645
108.16,-59.6366607729645
108.17,-59.6366607729645
108.18,-59.6366607729645
108.19,-59.6366607729645
108.2,-59.6366607729645
108.21,-59.6366607729645
108.22,-59.6366607729645
108.23,-59.6366607729645
108.24,-59.6366607729645
108.25,-59.6366607729645
108.26,-59.6366607729645
108.27,-59.6366607729645
108.28,-59.6366607729645
108.29,-59.6366607729645
108.3,-59.6366607729645
108.31,-59.6366607729645
108.32,-59.6366607729645
108.33,-59.6366607729645
108.34,-59.6366607729645
108.35,-59.6366607729645
108.36,-59.6366607729645
108.37,-59.6366607729645
108.38,-59.6366607729645
108.39,-59.6366607729645
108.4,-59.6366607729645
108.41,-59.6366607729645
108.42,-59.6366607729645
108.43,-59.6366607729645
108.44,-59.6366607729645
108.45,-59.6366607729645
108.46,-59.6366607729645
108.47,-59.6366607729645
108.48,-59.6366607729645
108.49,-59.6366607729645
108.5,-59.6366607729645
108.51,-59.6366607729645
108.52,-59.6366607729645
108.53,-59.6366607729645
108.54,-59.6366607729645
108.55,-59.6366607729645
108.56,-59.6366607729645
108.57,-59.6366607729645
108.58,-59.6366607729645
108.59,-59.6366607729645
108.6,-59.6366607729645
108.61,-59.6366607729645
108.62,-59.6366607729645
108.63,-59.6366607729645
108.64,-59.6366607729645
108.65,-59.6366607729645
108.66,-59.6366607729645
108.67,-59.6366607729645
108.68,-59.6366607729645
108.69,-59.6366607729645
108.7,-59.6366607729645
108.71,-59.6366607729645
108.72,-59.6366607729645
108.73,-59.6366607729645
108.74,-59.6366607729645
108.75,-59.6366607729645
108.76,-59.6366607729645
108.77,-59.6366607729645
108.78,-59.6366607729645
108.79,-59.6366607729645
108.8,-59.6366607729645
108.81,-59.6366607729645
108.82,-59.6366607729645
108.83,-59.6366607729645
108.84,-59.6366607729645
108.85,-59.6366607729645
108.86,-59.6366607729645
108.87,-59.6366607729645
108.88,-59.6366607729645
108.89,-59.6366607729645
108.9,-59.6366607729645
108.91,-59.6366607729645
108.92,-59.6366607729645
108.93,-59.6366607729645
108.94,-59.6366607729645
108.95,-59.6366607729645
108.96,-59.6366607729645
108.97,-59.6366607729645
108.98,-59.6366607729645
108.99,-59.6366607729645
109,-59.6366607729645
109.01,-59.6366607729645
109.02,-59.6366607729645
109.03,-59.6366607729645
109.04,-59.6366607729645
109.05,-59.6366607729645
109.06,-59.6366607729645
109.07,-59.6366607729645
109.08,-59.6366607729645
109.09,-59.6366607729645
109.1,-59.6366607729645
109.11,-59.6366607729645
109.12,-59.6366607729645
109.13,-59.6366607729645
109.14,-59.6366607729645
109.15,-59.6366607729645
109.16,-59.6366607729645
109.17,-59.6366607729645
109.18,-59.6366607729645
109.19,-59.6366607729645
109.2,-59.6366607729645
109.21,-59.6366607729645
109.22,-59.6366607729645
109.23,-59.6366607729645
109.24,-59.6366607729645
109.25,-59.6366607729645
109.26,-59.6366607729645
109.27,-59.6366607729645
109.28,-59.6366607729645
109.29,-59.6366607729645
109.3,-59.6366607729645
109.31,-59.6366607729645
109.32,-59.6366607729645
109.33,-59.6366607729645
109.34,-59.6366607729645
109.35,-59.6366607729645
109.36,-59.6366607729645
109.37,-59.6366607729645
109.38,-59.6366607729645
109.39,-59.6366607729645
109.4,-59.6366607729645
109.41,-59.6366607729645
109.42,-59.6366607729645
109.43,-59.6366607729645
109.44,-59.6366607729645
109.45,-59.6366607729645
109.46,-59.6366607729645
109.47,-59.6366607729645
109.48,-59.6366607729645
109.49,-59.6366607729645
109.5,-59.6366607729645
109.51,-59.6366607729645
109.52,-59.6366607729645
109.53,-59.6366607729645
109.54,-59.6366607729645
109.55,-59.6366607729645
109.56,-59.6366607729645
109.57,-59.6366607729645
109.58,-59.6366607729645
109.59,-59.6366607729645
109.6,-59.6366607729645
109.61,-59.6366607729645
109.62,-59.6366607729645
109.63,-59.6366607729645
109.64,-59.6366607729645
109.65,-59.6366607729645
109.66,-59.6366607729645
109.67,-59.6366607729645
109.68,-59.6366607729645
109.69,-59.6366607729645
109.7,-59.6366607729645
109.71,-59.6366607729645
109.72,-59.6366607729645
109.73,-59.6366607729645
109.74,-59.6366607729645
109.75,-59.6366607729645
109.76,-59.6366607729645
109.77,-59.6366607729645
109.78,-59.6366607729645
109.79,-59.6366607729645
109.8,-59.6366607729645
109.81,-59.6366607729645
109.82,-59.6366607729645
109.83,-59.6366607729645
109.84,-59.6366607729645
109.85,-59.6366607729645
109.86,-59.6366607729645
109.87,-59.6366607729645
109.88,-59.6366607729645
109.89,-59.6366607729645
109.9,-59.6366607729645
109.91,-59.6366607729645
109.92,-59.6366607729645
109.93,-59.6366607729645
109.94,-59.6366607729645
109.95,-59.6366607729645
109.96,-59.6366607729645
109.97,-59.6366607729645
109.98,-59.6366607729645
109.99,-59.6366607729645
110,-59.6366607729645
110.01,-59.6366607729645
110.02,-59.6366607729645
110.03,-59.6366607729645
110.04,-59.6366607729645
110.05,-59.6366607729645
110.06,-59.6366607729645
110.07,-59.6366607729645
110.08,-59.6366607729645
110.09,-59.6366607729645
110.1,-59.6366607729645
110.11,-59.6366607729645
110.12,-59.6366607729645
110.13,-59.6366607729645
110.14,-59.6366607729645
110.15,-59.6366607729645
110.16,-59.6366607729645
110.17,-59.6366607729645
110.18,-59.6366607729645
110.19,-59.6366607729645
110.2,-59.6366607729645
110.21,-59.6366607729645
110.22,-59.6366607729645
110.23,-59.6366607729645
110.24,-59.6366607729645
110.25,-59.6366607729645
110.26,-59.6366607729645
110.27,-59.6366607729645
110.28,-59.6366607729645
110.29,-59.6366607729645
110.3,-59.6366607729645
110.31,-59.6366607729645
110.32,-59.6366607729645
110.33,-59.6366607729645
110.34,-59.6366607729645
110.35,-59.6366607729645
110.36,-59.6366607729645
110.37,-59.6366607729645
110.38,-59.6366607729645
110.39,-59.6366607729645
110.4,-59.6366607729645
110.41,-52.3823453491228
110.42,-52.3823453491228
110.43,-52.3823453491228
110.44,-52.3823453491228
110.45,-52.3823453491228
110.46,-52.3823453491228
110.47,-52.3823453491228
110.48,-52.3823453491228
110.49,-52.3823453491228
110.5,-52.3823453491228
110.51,-52.3823453491228
110.52,-52.3823453491228
110.53,-52.3823453491228
110.54,-52.3823453491228
110.55,-52.3823453491228
110.56,-52.3823453491228
110.57,-52.3823453491228
110.58,-52.3823453491228
110.59,-52.3823453491228
110.6,-52.3823453491228
110.61,-52.3823453491228
110.62,-52.3823453491228
110.63,-52.3823453491228
110.64,-52.3823453491228
110.65,-52.3823453491228
110.66,-52.3823453491228
110.67,-52.3823453491228
110.68,-52.3823453491228
110.69,-52.3823453491228
110.7,-52.3823453491228
110.71,-52.3823453491228
110.72,-52.3823453491228
110.73,-52.3823453491228
110.74,-52.3823453491228
110.75,-52.3823453491228
110.76,-52.3823453491228
110.77,-52.3823453491228
110.78,-52.3823453491228
110.79,-52.3823453491228
110.8,-52.3823453491228
110.81,-52.3823453491228
110.82,-52.3823453491228
110.83,-52.3823453491228
110.84,-52.3823453491228
110.85,-52.3823453491228
110.86,-52.3823453491228
110.87,-52.3823453491228
110.88,-52.3823453491228
110.89,-52.3823453491228
110.9,-52.3823453491228
110.91,-52.3823453491228
110.92,-52.3823453491228
110.93,-52.3823453491228
110.94,-52.3823453491228
110.95,-52.3823453491228
110.96,-52.3823453491228
110.97,-52.3823453491228
110.98,-52.3823453491228
110.99,-52.3823453491228
111,-52.3823453491228
111.01,-52.3823453491228
111.02,-52.3823453491228
111.03,-52.3823453491228
111.04,-52.3823453491228
111.05,-52.3823453491228
111.06,-52.3823453491228
111.07,-52.3823453491228
111.08,-52.3823453491228
111.09,-52.3823453491228
111.1,-52.3823453491228
111.11,-52.3823453491228
111.12,-52.3823453491228
111.13,-52.3823453491228
111.14,-52.3823453491228
111.15,-52.3823453491228
111.16,-52.3823453491228
111.17,-52.3823453491228
111.18,-52.3823453491228
111.19,-52.3823453491228
111.2,-52.3823453491228
111.21,-52.3823453491228
111.22,-52.3823453491228
111.23,-52.3823453491228
111.24,-52.3823453491228
111.25,-52.3823453491228
111.26,-52.3823453491228
111.27,-52.3823453491228
111.28,-52.3823453491228
111.29,-52.3823453491228
111.3,-52.3823453491228
111.31,-52.3823453491228
111.32,-52.3823453491228
111.33,-52.3823453491228
111.34,-52.3823453491228
111.35,-52.3823453491228
111.36,-52.3823453491228
111.37,-52.3823453491228
111.38,-52.3823453491228
111.39,-52.3823453491228
111.4,-52.3823453491228
111.41,-52.3823453491228
111.42,-52.3823453491228
111.43,-52.3823453491228
111.44,-52.3823453491228
111.45,-52.3823453491228
111.46,-52.3823453491228
111.47,-52.3823453491228
111.48,-52.3823453491228
111.49,-52.3823453491228
111.5,-52.3823453491228
111.51,-52.3823453491228
111.52,-52.3823453491228
111.53,-52.3823453491228
111.54,-52.3823453491228
111.55,-52.3823453491228
111.56,-52.3823453491228
111.57,-52.3823453491228
111.58,-52.3823453491228
111.59,-52.3823453491228
111.6,-52.3823453491228
111.61,-52.3823453491228
111.62,-52.3823453491228
111.63,-52.3823453491228
111.64,-52.3823453491228
111.65,-52.3823453491228
111.66,-52.3823453491228
111.67,-52.3823453491228
111.68,-52.3823453491228
111.69,-52.3823453491228
111.7,-52.3823453491228
111.71,-52.3823453491228
111.72,-52.3823453491228
111.73,-52.3823453491228
111.74,-52.3823453491228
111.75,-52.3823453491228
111.76,-52.3823453491228
111.77,-52.3823453491228
111.78,-52.3823453491228
111.79,-52.3823453491228
111.8,-52.3823453491228
111.81,-52.3823453491228
111.82,-52.3823453491228
111.83,-52.3823453491228
111.84,-52.3823453491228
111.85,-52.3823453491228
111.86,-52.3823453491228
111.87,-52.3823453491228
111.88,-52.3823453491228
111.89,-52.3823453491228
111.9,-52.3823453491228
111.91,-52.3823453491228
111.92,-52.3823453491228
111.93,-52.3823453491228
111.94,-52.3823453491228
111.95,-52.3823453491228
111.96,-52.3823453491228
111.97,-52.3823453491228
111.98,-52.3823453491228
111.99,-52.3823453491228
112,-52.3823453491228
112.01,-52.3823453491228
112.02,-52.3823453491228
112.03,-52.3823453491228
112.04,-52.3823453491228
112.05,-52.3823453491228
112.06,-52.3823453491228
112.07,-52.3823453491228
112.08,-52.3823453491228
112.09,-52.3823453491228
112.1,-52.3823453491228
112.11,-52.3823453491228
112.12,-52.3823453491228
112.13,-52.3823453491228
112.14,-52.3823453491228
112.15,-52.3823453491228
112.16,-52.3823453491228
112.17,-52.3823453491228
112.18,-52.3823453491228
112.19,-52.3823453491228
112.2,-52.3823453491228
112.21,-52.3823453491228
112.22,-52.3823453491228
112.23,-52.3823453491228
112.24,-52.3823453491228
112.25,-52.3823453491228
112.26,-52.3823453491228
112.27,-52.3823453491228
112.28,-52.3823453491228
112.29,-52.3823453491228
112.3,-52.3823453491228
112.31,-52.3823453491228
112.32,-52.3823453491228
112.33,-52.3823453491228
112.34,-52.3823453491228
112.35,-52.3823453491228
112.36,-52.3823453491228
112.37,-52.3823453491228
112.38,-52.3823453491228
112.39,-52.3823453491228
112.4,-52.3823453491228
112.41,-52.3823453491228
112.42,-52.3823453491228
112.43,-52.3823453491228
112.44,-52.3823453491228
112.45,-52.3823453491228
112.46,-52.3823453491228
112.47,-52.3823453491228
112.48,-52.3823453491228
112.49,-52.3823453491228
112.5,-52.3823453491228
112.51,-52.3823453491228
112.52,-52.3823453491228
112.53,-52.3823453491228
112.54,-52.3823453491228
112.55,-52.3823453491228
112.56,-52.3823453491228
112.57,-52.3823453491228
112.58,-52.3823453491228
112.59,-52.3823453491228
112.6,-52.3823453491228
112.61,-52.3823453491228
112.62,-52.3823453491228
112.63,-52.3823453491228
112.64,-52.3823453491228
112.65,-52.3823453491228
112.66,-52.3823453491228
112.67,-52.3823453491228
112.68,-52.3823453491228
112.69,-52.3823453491228
112.7,-52.3823453491228
112.71,-52.3823453491228
112.72,-52.3823453491228
112.73,-52.3823453491228
112.74,-52.3823453491228
112.75,-52.3823453491228
112.76,-52.3823453491228
112.77,-52.3823453491228
112.78,-52.3823453491228
112.79,-52.3823453491228
112.8,-52.3823453491228
112.81,-52.3823453491228
112.82,-52.3823453491228
112.83,-52.3823453491228
112.84,-52.3823453491228
112.85,-52.3823453491228
112.86,-52.3823453491228
112.87,-52.3823453491228
112.88,-52.3823453491228
112.89,-52.3823453491228
112.9,-52.3823453491228
112.91,-52.3823453491228
112.92,-52.3823453491228
112.93,-52.3823453491228
112.94,-52.3823453491228
112.95,-52.3823453491228
112.96,-52.3823453491228
112.97,-52.3823453491228
112.98,-52.3823453491228
112.99,-52.3823453491228
113,-52.3823453491228
113.01,-52.3823453491228
113.02,-52.3823453491228
113.03,-52.3823453491228
113.04,-52.3823453491228
113.05,-52.3823453491228
113.06,-52.3823453491228
113.07,-52.3823453491228
113.08,-52.3823453491228
113.09,-52.3823453491228
113.1,-52.3823453491228
113.11,-52.3823453491228
113.12,-52.3823453491228
113.13,-52.3823453491228
113.14,-52.3823453491228
113.15,-52.3823453491228
113.16,-52.3823453491228
113.17,-52.3823453491228
113.18,-52.3823453491228
113.19,-52.3823453491228
113.2,-52.3823453491228
113.21,-52.3823453491228
113.22,-52.3823453491228
113.23,-52.3823453491228
113.24,-52.3823453491228
113.25,-52.3823453491228
113.26,-52.3823453491228
113.27,-52.3823453491228
113.28,50.7967307261874
113.29,50.7967307261874
113.3,50.7967307261874
113.31,50.7967307261874
113.32,50.7967307261874
113.33,50.7967307261874
113.34,50.7967307261874
113.35,50.7967307261874
113.36,50.7967307261874
113.37,50.7967307261874
113.38,50.7967307261874
113.39,50.7967307261874
113.4,50.7967307261874
113.41,50.7967307261874
113.42,50.7967307261874
113.43,50.7967307261874
113.44,50.7967307261874
113.45,50.7967307261874
113.46,50.7967307261874
113.47,50.7967307261874
113.48,50.7967307261874
113.49,50.7967307261874
113.5,50.7967307261874
113.51,50.7967307261874
113.52,50.7967307261874
113.53,50.7967307261874
113.54,50.7967307261874
113.55,50.7967307261874
113.56,50.7967307261874
113.57,50.7967307261874
113.58,50.7967307261874
113.59,50.7967307261874
113.6,50.7967307261874
113.61,50.7967307261874
113.62,50.7967307261874
113.63,50.7967307261874
113.64,50.7967307261874
113.65,50.7967307261874
113.66,50.7967307261874
113.67,50.7967307261874
113.68,50.7967307261874
113.69,50.7967307261874
113.7,50.7967307261874
113.71,50.7967307261874
113.72,50.7967307261874
113.73,50.7967307261874
113.74,50.7967307261874
113.75,50.7967307261874
113.76,50.7967307261874
113.77,50.7967307261874
113.78,50.7967307261874
113.79,50.7967307261874
113.8,50.7967307261874
113.81,50.7967307261874
113.82,50.7967307261874
113.83,50.7967307261874
113.84,50.7967307261874
113.85,50.7967307261874
113.86,50.7967307261874
113.87,50.7967307261874
113.88,50.7967307261874
113.89,50.7967307261874
113.9,50.7967307261874
113.91,50.7967307261874
113.92,50.7967307261874
113.93,50.7967307261874
113.94,50.7967307261874
113.95,50.7967307261874
113.96,50.7967307261874
113.97,50.7967307261874
113.98,50.7967307261874
113.99,50.7967307261874
114,50.7967307261874
114.01,50.7967307261874
114.02,50.7967307261874
114.03,50.7967307261874
114.04,50.7967307261874
114.05,50.7967307261874
114.06,50.7967307261874
114.07,50.7967307261874
114.08,50.7967307261874
114.09,50.7967307261874
114.1,50.7967307261874
114.11,50.7967307261874
114.12,50.7967307261874
114.13,50.7967307261874
114.14,50.7967307261874
114.15,50.7967307261874
114.16,50.7967307261874
114.17,50.7967307261874
114.18,50.7967307261874
114.19,50.7967307261874
114.2,50.7967307261874
114.21,50.7967307261874
114.22,50.7967307261874
114.23,50.7967307261874
114.24,50.7967307261874
114.25,50.7967307261874
114.26,50.7967307261874
114.27,50.7967307261874
114.28,50.7967307261874
114.29,50.7967307261874
114.3,50.7967307261874
114.31,50.7967307261874
114.32,50.7967307261874
114.33,50.7967307261874
114.34,50.7967307261874
114.35,50.7967307261874
114.36,50.7967307261874
114.37,50.7967307261874
114.38,50.7967307261874
114.39,50.7967307261874
114.4,50.7967307261874
114.41,50.7967307261874
114.42,50.7967307261874
114.43,50.7967307261874
114.44,50.7967307261874
114.45,50.7967307261874
114.46,50.7967307261874
114.47,50.7967307261874
114.48,50.7967307261874
114.49,50.7967307261874
114.5,50.7967307261874
114.51,50.7967307261874
114.52,50.7967307261874
114.53,50.7967307261874
114.54,50.7967307261874
114.55,50.7967307261874
114.56,50.7967307261874
114.57,50.7967307261874
114.58,50.7967307261874
114.59,50.7967307261874
114.6,50.7967307261874
114.61,50.7967307261874
114.62,50.7967307261874
114.63,50.7967307261874
114.64,50.7967307261874
114.65,50.7967307261874
114.66,50.7967307261874
114.67,50.7967307261874
114.68,50.7967307261874
114.69,50.7967307261874
114.7,50.7967307261874
114.71,50.7967307261874
114.72,50.7967307261874
114.73,50.7967307261874
114.74,50.7967307261874
114.75,50.7967307261874
114.76,50.7967307261874
114.77,50.7967307261874
114.78,50.7967307261874
114.79,50.7967307261874
114.8,50.7967307261874
114.81,50.7967307261874
114.82,50.7967307261874
114.83,50.7967307261874
114.84,50.7967307261874
114.85,50.7967307261874
114.86,50.7967307261874
114.87,50.7967307261874
114.88,50.7967307261874
114.89,50.7967307261874
114.9,50.7967307261874
114.91,50.7967307261874
114.92,50.7967307261874
114.93,50.7967307261874
114.94,50.7967307261874
114.95,50.7967307261874
114.96,50.7967307261874
114.97,50.7967307261874
114.98,50.7967307261874
114.99,50.7967307261874
115,50.7967307261874
115.01,50.7967307261874
115.02,50.7967307261874
115.03,50.7967307261874
115.04,50.7967307261874
115.05,50.7967307261874
115.06,50.7967307261874
115.07,50.7967307261874
115.08,50.7967307261874
115.09,50.7967307261874
115.1,50.7967307261874
115.11,50.7967307261874
115.12,50.7967307261874
115.13,50.7967307261874
115.14,50.7967307261874
115.15,50.7967307261874
115.16,50.7967307261874
115.17,50.7967307261874
115.18,50.7967307261874
115.19,50.7967307261874
115.2,50.7967307261874
115.21,50.7967307261874
115.22,50.7967307261874
115.23,50.7967307261874
115.24,50.7967307261874
115.25,50.7967307261874
115.26,50.7967307261874
115.27,50.7967307261874
115.28,50.7967307261874
115.29,50.7967307261874
115.3,50.7967307261874
115.31,50.7967307261874
115.32,50.7967307261874
115.33,50.7967307261874
115.34,50.7967307261874
115.35,50.7967307261874
115.36,50.7967307261874
115.37,50.7967307261874
115.38,50.7967307261874
115.39,50.7967307261874
115.4,50.7967307261874
115.41,50.7967307261874
115.42,50.7967307261874
115.43,50.7967307261874
115.44,50.7967307261874
115.45,50.7967307261874
115.46,50.7967307261874
115.47,50.7967307261874
115.48,50.7967307261874
115.49,50.7967307261874
115.5,50.7967307261874
115.51,50.7967307261874
115.52,50.7967307261874
115.53,50.7967307261874
115.54,50.7967307261874
115.55,50.7967307261874
115.56,50.7967307261874
115.57,50.7967307261874
115.58,50.7967307261874
115.59,50.7967307261874
115.6,50.7967307261874
115.61,50.7967307261874
115.62,50.7967307261874
115.63,50.7967307261874
115.64,50.7967307261874
115.65,50.7967307261874
115.66,50.7967307261874
115.67,50.7967307261874
115.68,50.7967307261874
115.69,50.7967307261874
115.7,50.7967307261874
115.71,50.7967307261874
115.72,50.7967307261874
115.73,50.7967307261874
115.74,50.7967307261874
115.75,50.7967307261874
115.76,50.7967307261874
115.77,50.7967307261874
115.78,50.7967307261874
115.79,50.7967307261874
115.8,50.7967307261874
115.81,50.7967307261874
115.82,50.7967307261874
115.83,50.7967307261874
115.84,50.7967307261874
115.85,50.7967307261874
115.86,50.7967307261874
115.87,50.7967307261874
115.88,50.7967307261874
115.89,50.7967307261874
115.9,50.7967307261874
115.91,50.7967307261874
115.92,50.7967307261874
115.93,50.7967307261874
115.94,50.7967307261874
115.95,50.7967307261874
115.96,50.7967307261874
115.97,50.7967307261874
115.98,50.7967307261874
115.99,50.7967307261874
116,50.7967307261874
116.01,50.7967307261874
116.02,50.7967307261874
116.03,50.7967307261874
116.04,50.7967307261874
116.05,50.7967307261874
116.06,50.7967307261874
116.07,50.7967307261874
116.08,50.7967307261874
116.09,50.7967307261874
116.1,50.7967307261874
116.11,50.7967307261874
116.12,50.7967307261874
116.13,50.7967307261874
116.14,50.7967307261874
116.15,50.7967307261874
116.16,50.7967307261874
116.17,50.7967307261874
116.18,50.7967307261874
116.19,50.7967307261874
116.2,50.7967307261874
116.21,50.7967307261874
116.22,50.7967307261874
116.23,50.7967307261874
116.24,50.7967307261874
116.25,50.7967307261874
116.26,50.7967307261874
116.27,50.7967307261874
116.28,50.7967307261874
116.29,50.7967307261874
116.3,50.7967307261874
116.31,50.7967307261874
116.32,50.7967307261874
116.33,50.7967307261874
116.34,50.7967307261874
116.35,50.7967307261874
116.36,50.7967307261874
116.37,50.7967307261874
116.38,50.7967307261874
116.39,50.7967307261874
116.4,50.7967307261874
116.41,50.7967307261874
116.42,50.7967307261874
116.43,50.7967307261874
116.44,50.7967307261874
116.45,50.7967307261874
116.46,50.7967307261874
116.47,50.7967307261874
116.48,50.7967307261874
116.49,50.7967307261874
116.5,50.7967307261874
116.51,50.7967307261874
116.52,50.7967307261874
116.53,50.7967307261874
116.54,50.7967307261874
116.55,50.7967307261874
116.56,50.7967307261874
116.57,50.7967307261874
116.58,50.7967307261874
116.59,50.7967307261874
116.6,50.7967307261874
116.61,50.7967307261874
116.62,50.7967307261874
116.63,50.7967307261874
116.64,50.7967307261874
116.65,50.7967307261874
116.66,50.7967307261874
116.67,11.7004094228368
116.68,11.7004094228368
116.69,11.7004094228368
116.7,11.7004094228368
116.71,11.7004094228368
116.72,11.7004094228368
116.73,11.7004094228368
116.74,11.7004094228368
116.75,11.7004094228368
116.76,11.7004094228368
116.77,11.7004094228368
116.78,11.7004094228368
116.79,11.7004094228368
116.8,11.7004094228368
116.81,11.7004094228368
116.82,11.7004094228368
116.83,11.7004094228368
116.84,11.7004094228368
116.85,11.7004094228368
116.86,11.7004094228368
116.87,11.7004094228368
116.88,11.7004094228368
116.89,11.7004094228368
116.9,11.7004094228368
116.91,11.7004094228368
116.92,11.7004094228368
116.93,11.7004094228368
116.94,11.7004094228368
116.95,11.7004094228368
116.96,11.7004094228368
116.97,11.7004094228368
116.98,11.7004094228368
116.99,11.7004094228368
117,11.7004094228368
117.01,11.7004094228368
117.02,11.7004094228368
117.03,11.7004094228368
117.04,11.7004094228368
117.05,11.7004094228368
117.06,11.7004094228368
117.07,11.7004094228368
117.08,11.7004094228368
117.09,11.7004094228368
117.1,11.7004094228368
117.11,11.7004094228368
117.12,11.7004094228368
117.13,11.7004094228368
117.14,11.7004094228368
117.15,11.7004094228368
117.16,11.7004094228368
117.17,11.7004094228368
117.18,11.7004094228368
117.19,11.7004094228368
117.2,11.7004094228368
117.21,11.7004094228368
117.22,11.7004094228368
117.23,11.7004094228368
117.24,11.7004094228368
117.25,11.7004094228368
117.26,11.7004094228368
117.27,11.7004094228368
117.28,11.7004094228368
117.29,11.7004094228368
117.3,11.7004094228368
117.31,11.7004094228368
117.32,11.7004094228368
117.33,11.7004094228368
117.34,11.7004094228368
117.35,11.7004094228368
117.36,11.7004094228368
117.37,11.7004094228368
117.38,11.7004094228368
117.39,11.7004094228368
117.4,11.7004094228368
117.41,11.7004094228368
117.42,11.7004094228368
117.43,11.7004094228368
117.44,11.7004094228368
117.45,11.7004094228368
117.46,11.7004094228368
117.47,11.7004094228368
117.48,11.7004094228368
117.49,11.7004094228368
117.5,11.7004094228368
117.51,11.7004094228368
117.52,11.7004094228368
117.53,11.7004094228368
117.54,11.7004094228368
117.55,11.7004094228368
117.56,11.7004094228368
117.57,11.7004094228368
117.58,11.7004094228368
117.59,11.7004094228368
117.6,11.7004094228368
117.61,11.7004094228368
117.62,11.7004094228368
117.63,11.7004094228368
117.64,11.7004094228368
117.65,11.7004094228368
117.66,11.7004094228368
117.67,11.7004094228368
117.68,11.7004094228368
117.69,11.7004094228368
117.7,11.7004094228368
117.71,11.7004094228368
117.72,11.7004094228368
117.73,11.7004094228368
117.74,11.7004094228368
117.75,11.7004094228368
117.76,11.7004094228368
117.77,11.7004094228368
117.78,11.7004094228368
117.79,11.7004094228368
117.8,11.7004094228368
117.81,11.7004094228368
117.82,11.7004094228368
117.83,11.7004094228368
117.84,11.7004094228368
117.85,11.7004094228368
117.86,11.7004094228368
117.87,11.7004094228368
117.88,11.7004094228368
117.89,11.7004094228368
117.9,11.7004094228368
117.91,11.7004094228368
117.92,11.7004094228368
117.93,11.7004094228368
117.94,11.7004094228368
117.95,11.7004094228368
117.96,11.7004094228368
117.97,11.7004094228368
117.98,11.7004094228368
117.99,11.7004094228368
118,11.7004094228368
118.01,11.7004094228368
118.02,11.7004094228368
118.03,11.7004094228368
118.04,11.7004094228368
118.05,11.7004094228368
118.06,11.7004094228368
118.07,11.7004094228368
118.08,11.7004094228368
118.09,11.7004094228368
118.1,11.7004094228368
118.11,11.7004094228368
118.12,11.7004094228368
118.13,11.7004094228368
118.14,11.7004094228368
118.15,11.7004094228368
118.16,11.7004094228368
118.17,11.7004094228368
118.18,11.7004094228368
118.19,11.7004094228368
118.2,11.7004094228368
118.21,11.7004094228368
118.22,11.7004094228368
118.23,11.7004094228368
118.24,11.7004094228368
118.25,11.7004094228368
118.26,11.7004094228368
118.27,11.7004094228368
118.28,11.7004094228368
118.29,11.7004094228368
118.3,11.7004094228368
118.31,11.7004094228368
118.32,11.7004094228368
118.33,11.7004094228368
118.34,11.7004094228368
118.35,11.7004094228368
118.36,11.7004094228368
118.37,11.7004094228368
118.38,-6.14935903929483
118.39,-6.14935903929483
118.4,-6.14935903929483
118.41,-6.14935903929483
118.42,-6.14935903929483
118.43,-6.14935903929483
118.44,-6.14935903929483
118.45,-6.14935903929483
118.46,-6.14935903929483
118.47,-6.14935903929483
118.48,-6.14935903929483
118.49,-6.14935903929483
118.5,-6.14935903929483
118.51,-6.14935903929483
118.52,-6.14935903929483
118.53,-6.14935903929483
118.54,-6.14935903929483
118.55,-6.14935903929483
118.56,-6.14935903929483
118.57,-6.14935903929483
118.58,-6.14935903929483
118.59,-6.14935903929483
118.6,-6.14935903929483
118.61,-6.14935903929483
118.62,-6.14935903929483
118.63,-6.14935903929483
118.64,-6.14935903929483
118.65,-6.14935903929483
118.66,-6.14935903929483
118.67,-6.14935903929483
118.68,-6.14935903929483
118.69,-6.14935903929483
118.7,-6.14935903929483
118.71,-6.14935903929483
118.72,-6.14935903929483
118.73,-6.14935903929483
118.74,-6.14935903929483
118.75,-6.14935903929483
118.76,-6.14935903929483
118.77,-6.14935903929483
118.78,-6.14935903929483
118.79,-6.14935903929483
118.8,-6.14935903929483
118.81,-6.14935903929483
118.82,-6.14935903929483
118.83,-6.14935903929483
118.84,-6.14935903929483
118.85,-6.14935903929483
118.86,-6.14935903929483
118.87,-6.14935903929483
118.88,-6.14935903929483
118.89,-6.14935903929483
118.9,-6.14935903929483
118.91,-6.14935903929483
118.92,-6.14935903929483
118.93,-6.14935903929483
118.94,-6.14935903929483
118.95,-6.14935903929483
118.96,-6.14935903929483
118.97,-6.14935903929483
118.98,-6.14935903929483
118.99,-6.14935903929483
119,-6.14935903929483
119.01,-6.14935903929483
119.02,-6.14935903929483
119.03,-6.14935903929483
119.04,-6.14935903929483
119.05,-6.14935903929483
119.06,-6.14935903929483
119.07,-6.14935903929483
119.08,-6.14935903929483
119.09,-6.14935903929483
119.1,-6.14935903929483
119.11,-6.14935903929483
119.12,-6.14935903929483
119.13,-6.14935903929483
119.14,-6.14935903929483
119.15,-6.14935903929483
119.16,-6.14935903929483
119.17,-6.14935903929483
119.18,-6.14935903929483
119.19,-6.14935903929483
119.2,-6.14935903929483
119.21,-6.14935903929483
119.22,-6.14935903929483
119.23,-6.14935903929483
119.24,-6.14935903929483
119.25,-6.14935903929483
119.26,-6.14935903929483
119.27,-6.14935903929483
119.28,-6.14935903929483
119.29,-6.14935903929483
119.3,-6.14935903929483
119.31,-6.14935903929483
119.32,-6.14935903929483
119.33,-6.14935903929483
119.34,-6.14935903929483
119.35,-6.14935903929483
119.36,-6.14935903929483
119.37,-6.14935903929483
119.38,-6.14935903929483
119.39,-6.14935903929483
119.4,-6.14935903929483
119.41,-6.14935903929483
119.42,-6.14935903929483
119.43,-6.14935903929483
119.44,-6.14935903929483
119.45,-6.14935903929483
119.46,-6.14935903929483
119.47,-6.14935903929483
119.48,-6.14935903929483
119.49,-6.14935903929483
119.5,-6.14935903929483
119.51,-6.14935903929483
119.52,-6.14935903929483
119.53,-6.14935903929483
119.54,-6.14935903929483
119.55,-6.14935903929483
119.56,-6.14935903929483
119.57,-6.14935903929483
119.58,-6.14935903929483
119.59,-6.14935903929483
119.6,-6.14935903929483
119.61,-6.14935903929483
119.62,-6.14935903929483
119.63,-6.14935903929483
119.64,-6.14935903929483
119.65,-6.14935903929483
119.66,-6.14935903929483
119.67,-6.14935903929483
119.68,-6.14935903929483
119.69,-6.14935903929483
119.7,-6.14935903929483
119.71,-6.14935903929483
119.72,-6.14935903929483
119.73,-6.14935903929483
119.74,-6.14935903929483
119.75,-6.14935903929483
119.76,-6.14935903929483
119.77,-6.14935903929483
119.78,-6.14935903929483
119.79,-6.14935903929483
119.8,-6.14935903929483
119.81,-6.14935903929483
119.82,-6.14935903929483
119.83,-6.14935903929483
119.84,-6.14935903929483
119.85,-6.14935903929483
119.86,-6.14935903929483
119.87,-6.14935903929483
119.88,-6.14935903929483
119.89,-6.14935903929483
119.9,-6.14935903929483
119.91,-6.14935903929483
119.92,-6.14935903929483
119.93,-6.14935903929483
119.94,-6.14935903929483
119.95,-6.14935903929483
119.96,-6.14935903929483
119.97,-6.14935903929483
119.98,-6.14935903929483
119.99,-6.14935903929483
120,-6.14935903929483
120.01,-6.14935903929483
120.02,-6.14935903929483
120.03,-6.14935903929483
120.04,-6.14935903929483
120.05,-6.14935903929483
120.06,-6.14935903929483
120.07,-6.14935903929483
120.08,-6.14935903929483
120.09,-6.14935903929483
120.1,-6.14935903929483
120.11,-6.14935903929483
120.12,-6.14935903929483
120.13,-6.14935903929483
120.14,-6.14935903929483
120.15,-6.14935903929483
120.16,-6.14935903929483
120.17,-6.14935903929483
120.18,-6.14935903929483
120.19,-6.14935903929483
120.2,-6.14935903929483
120.21,-6.14935903929483
120.22,-6.14935903929483
120.23,-6.14935903929483
120.24,-6.14935903929483
120.25,-6.14935903929483
120.26,-6.14935903929483
120.27,-6.14935903929483
120.28,-6.14935903929483
120.29,-6.14935903929483
120.3,-6.14935903929483
120.31,-6.14935903929483
120.32,-6.14935903929483
120.33,-6.14935903929483
120.34,-6.14935903929483
120.35,-6.14935903929483
120.36,-6.14935903929483
120.37,-6.14935903929483
120.38,-6.14935903929483
120.39,-6.14935903929483
120.4,-6.14935903929483
120.41,-6.14935903929483
120.42,-6.14935903929483
120.43,-6.14935903929483
120.44,-6.14935903929483
120.45,-6.14935903929483
120.46,-6.14935903929483
120.47,-6.14935903929483
120.48,-6.14935903929483
120.49,-6.14935903929483
120.5,-6.14935903929483
120.51,-6.14935903929483
120.52,-6.14935903929483
120.53,-6.14935903929483
120.54,-6.14935903929483
120.55,-6.14935903929483
120.56,-6.14935903929483
120.57,-6.14935903929483
120.58,-6.14935903929483
120.59,-6.14935903929483
120.6,-6.14935903929483
120.61,-6.14935903929483
120.62,-6.14935903929483
120.63,-6.14935903929483
120.64,-6.14935903929483
120.65,-6.14935903929483
120.66,-6.14935903929483
120.67,-6.14935903929483
120.68,-6.14935903929483
120.69,-6.14935903929483
120.7,-6.14935903929483
120.71,-6.14935903929483
120.72,-6.14935903929483
120.73,-6.14935903929483
120.74,-6.14935903929483
120.75,-6.14935903929483
120.76,-6.14935903929483
120.77,-6.14935903929483
120.78,-6.14935903929483
120.79,-6.14935903929483
120.8,-6.14935903929483
120.81,-6.14935903929483
120.82,-6.14935903929483
120.83,-6.14935903929483
120.84,-6.14935903929483
120.85,-6.14935903929483
120.86,-6.14935903929483
120.87,-6.14935903929483
120.88,-6.14935903929483
120.89,-6.14935903929483
120.9,-6.14935903929483
120.91,-6.14935903929483
120.92,-6.14935903929483
120.93,-6.14935903929483
120.94,-6.14935903929483
120.95,-6.14935903929483
120.96,-6.14935903929483
120.97,-6.14935903929483
120.98,-6.14935903929483
120.99,-6.14935903929483
121,-6.14935903929483
121.01,-6.14935903929483
121.02,-6.14935903929483
121.03,-6.14935903929483
121.04,-6.14935903929483
121.05,-6.14935903929483
121.06,-6.14935903929483
121.07,-6.14935903929483
121.08,-6.14935903929483
121.09,-6.14935903929483
121.1,-6.14935903929483
121.11,-6.14935903929483
121.12,-6.14935903929483
121.13,-6.14935903929483
121.14,-6.14935903929483
121.15,-6.14935903929483
121.16,-6.14935903929483
121.17,-6.14935903929483
121.18,-6.14935903929483
121.19,-6.14935903929483
121.2,-6.14935903929483
121.21,-6.14935903929483
121.22,-6.14935903929483
121.23,-6.14935903929483
121.24,-6.14935903929483
121.25,-6.14935903929483
121.26,-6.14935903929483
121.27,-6.14935903929483
121.28,-6.14935903929483
121.29,-6.14935903929483
121.3,-6.14935903929483
121.31,-6.14935903929483
121.32,-6.14935903929483
121.33,-6.14935903929483
121.34,-6.14935903929483
121.35,-6.14935903929483
121.36,-6.14935903929483
121.37,-6.14935903929483
121.38,-6.14935903929483
121.39,-6.14935903929483
121.4,-6.14935903929483
121.41,-6.14935903929483
121.42,-6.14935903929483
121.43,-6.14935903929483
121.44,-6.14935903929483
121.45,-6.14935903929483
121.46,-6.14935903929483
121.47,-6.14935903929483
121.48,-6.14935903929483
121.49,-6.14935903929483
121.5,-6.14935903929483
121.51,-6.14935903929483
121.52,-6.14935903929483
121.53,-6.14935903929483
121.54,-6.14935903929483
121.55,-6.14935903929483
121.56,-6.14935903929483
121.57,-6.14935903929483
121.58,-6.14935903929483
121.59,-6.14935903929483
121.6,-6.14935903929483
121.61,-6.14935903929483
121.62,-6.14935903929483
121.63,-6.14935903929483
121.64,-6.14935903929483
121.65,-6.14935903929483
121.66,-6.14935903929483
121.67,-6.14935903929483
121.68,-6.14935903929483
121.69,-6.14935903929483
121.7,-6.14935903929483
121.71,-6.14935903929483
121.72,-6.14935903929483
121.73,-6.14935903929483
121.74,-6.14935903929483
121.75,-6.14935903929483
121.76,-6.14935903929483
121.77,-6.14935903929483
121.78,-6.14935903929483
121.79,-6.14935903929483
121.8,-6.14935903929483
121.81,-6.14935903929483
121.82,-6.14935903929483
121.83,-6.14935903929483
121.84,-6.14935903929483
121.85,-6.14935903929483
121.86,-6.14935903929483
121.87,-6.14935903929483
121.88,-6.14935903929483
121.89,-6.14935903929483
121.9,-6.14935903929483
121.91,-6.14935903929483
121.92,-6.14935903929483
121.93,-6.14935903929483
121.94,-6.14935903929483
121.95,-6.14935903929483
121.96,-6.14935903929483
121.97,-6.14935903929483
121.98,-6.14935903929483
121.99,-6.14935903929483
122,-6.14935903929483
122.01,-6.14935903929483
122.02,-6.14935903929483
122.03,-6.14935903929483
122.04,-6.14935903929483
122.05,-6.14935903929483
122.06,-6.14935903929483
122.07,-6.14935903929483
122.08,35.0952688575907
122.09,35.0952688575907
122.1,35.0952688575907
122.11,35.0952688575907
122.12,35.0952688575907
122.13,35.0952688575907
122.14,35.0952688575907
122.15,35.0952688575907
122.16,35.0952688575907
122.17,35.0952688575907
122.18,35.0952688575907
122.19,35.0952688575907
122.2,35.0952688575907
122.21,35.0952688575907
122.22,35.0952688575907
122.23,35.0952688575907
122.24,35.0952688575907
122.25,35.0952688575907
122.26,35.0952688575907
122.27,35.0952688575907
122.28,35.0952688575907
122.29,35.0952688575907
122.3,35.0952688575907
122.31,35.0952688575907
122.32,35.0952688575907
122.33,35.0952688575907
122.34,35.0952688575907
122.35,35.0952688575907
122.36,35.0952688575907
122.37,35.0952688575907
122.38,35.0952688575907
122.39,35.0952688575907
122.4,35.0952688575907
122.41,35.0952688575907
122.42,35.0952688575907
122.43,35.0952688575907
122.44,35.0952688575907
122.45,35.0952688575907
122.46,35.0952688575907
122.47,35.0952688575907
122.48,35.0952688575907
122.49,35.0952688575907
122.5,35.0952688575907
122.51,35.0952688575907
122.52,35.0952688575907
122.53,35.0952688575907
122.54,35.0952688575907
122.55,35.0952688575907
122.56,35.0952688575907
122.57,35.0952688575907
122.58,35.0952688575907
122.59,35.0952688575907
122.6,35.0952688575907
122.61,35.0952688575907
122.62,35.0952688575907
122.63,35.0952688575907
122.64,35.0952688575907
122.65,35.0952688575907
122.66,35.0952688575907
122.67,35.0952688575907
122.68,35.0952688575907
122.69,35.0952688575907
122.7,35.0952688575907
122.71,35.0952688575907
122.72,35.0952688575907
122.73,35.0952688575907
122.74,35.0952688575907
122.75,35.0952688575907
122.76,35.0952688575907
122.77,35.0952688575907
122.78,35.0952688575907
122.79,35.0952688575907
122.8,35.0952688575907
122.81,35.0952688575907
122.82,35.0952688575907
122.83,35.0952688575907
122.84,35.0952688575907
122.85,35.0952688575907
122.86,35.0952688575907
122.87,35.0952688575907
122.88,35.0952688575907
122.89,35.0952688575907
122.9,35.0952688575907
122.91,35.0952688575907
122.92,35.0952688575907
122.93,35.0952688575907
122.94,35.0952688575907
122.95,35.0952688575907
122.96,35.0952688575907
122.97,35.0952688575907
122.98,35.0952688575907
122.99,35.0952688575907
123,35.0952688575907
123.01,35.0952688575907
123.02,35.0952688575907
123.03,35.0952688575907
123.04,35.0952688575907
123.05,35.0952688575907
123.06,35.0952688575907
123.07,35.0952688575907
123.08,35.0952688575907
123.09,35.0952688575907
123.1,35.0952688575907
123.11,35.0952688575907
123.12,35.0952688575907
123.13,35.0952688575907
123.14,35.0952688575907
123.15,35.0952688575907
123.16,35.0952688575907
123.17,35.0952688575907
123.18,35.0952688575907
123.19,35.0952688575907
123.2,35.0952688575907
123.21,35.0952688575907
123.22,35.0952688575907
123.23,35.0952688575907
123.24,35.0952688575907
123.25,35.0952688575907
123.26,35.0952688575907
123.27,35.0952688575907
123.28,35.0952688575907
123.29,35.0952688575907
123.3,35.0952688575907
123.31,35.0952688575907
123.32,35.0952688575907
123.33,35.0952688575907
123.34,35.0952688575907
123.35,35.0952688575907
123.36,35.0952688575907
123.37,35.0952688575907
123.38,35.0952688575907
123.39,35.0952688575907
123.4,35.0952688575907
123.41,35.0952688575907
123.42,35.0952688575907
123.43,35.0952688575907
123.44,35.0952688575907
123.45,35.0952688575907
123.46,35.0952688575907
123.47,35.0952688575907
123.48,35.0952688575907
123.49,35.0952688575907
123.5,35.0952688575907
123.51,35.0952688575907
123.52,35.0952688575907
123.53,35.0952688575907
123.54,35.0952688575907
123.55,35.0952688575907
123.56,35.0952688575907
123.57,35.0952688575907
123.58,35.0952688575907
123.59,35.0952688575907
123.6,35.0952688575907
123.61,35.0952688575907
123.62,35.0952688575907
123.63,35.0952688575907
123.64,35.0952688575907
123.65,35.0952688575907
123.66,35.0952688575907
123.67,35.0952688575907
123.68,35.0952688575907
123.69,35.0952688575907
123.7,35.0952688575907
123.71,35.0952688575907
123.72,35.0952688575907
123.73,35.0952688575907
123.74,35.0952688575907
123.75,35.0952688575907
123.76,35.0952688575907
123.77,35.0952688575907
123.78,35.0952688575907
123.79,35.0952688575907
123.8,35.0952688575907
123.81,35.0952688575907
123.82,35.0952688575907
123.83,35.0952688575907
123.84,35.0952688575907
123.85,35.0952688575907
123.86,35.0952688575907
123.87,35.0952688575907
123.88,35.0952688575907
123.89,35.0952688575907
123.9,35.0952688575907
123.91,35.0952688575907
123.92,35.0952688575907
123.93,35.0952688575907
123.94,35.0952688575907
123.95,35.0952688575907
123.96,35.0952688575907
123.97,35.0952688575907
123.98,35.0952688575907
123.99,35.0952688575907
124,35.0952688575907
124.01,35.0952688575907
124.02,35.0952688575907
124.03,35.0952688575907
124.04,35.0952688575907
124.05,35.0952688575907
124.06,35.0952688575907
124.07,35.0952688575907
124.08,35.0952688575907
124.09,35.0952688575907
124.1,35.0952688575907
124.11,35.0952688575907
124.12,35.0952688575907
124.13,35.0952688575907
124.14,35.0952688575907
124.15,35.0952688575907
124.16,35.0952688575907
124.17,35.0952688575907
124.18,35.0952688575907
124.19,35.0952688575907
124.2,35.0952688575907
124.21,35.0952688575907
124.22,35.0952688575907
124.23,35.0952688575907
124.24,35.0952688575907
124.25,35.0952688575907
124.26,35.0952688575907
124.27,35.0952688575907
124.28,35.0952688575907
124.29,35.0952688575907
124.3,35.0952688575907
124.31,35.0952688575907
124.32,35.0952688575907
124.33,35.0952688575907
124.34,35.0952688575907
124.35,35.0952688575907
124.36,35.0952688575907
124.37,35.0952688575907
124.38,35.0952688575907
124.39,35.0952688575907
124.4,35.0952688575907
124.41,35.0952688575907
124.42,35.0952688575907
124.43,35.0952688575907
124.44,35.0952688575907
124.45,35.0952688575907
124.46,35.0952688575907
124.47,35.0952688575907
124.48,35.0952688575907
124.49,35.0952688575907
124.5,35.0952688575907
124.51,35.0952688575907
124.52,35.0952688575907
124.53,35.0952688575907
124.54,35.0952688575907
124.55,35.0952688575907
124.56,35.0952688575907
124.57,35.0952688575907
124.58,35.0952688575907
124.59,35.0952688575907
124.6,35.0952688575907
124.61,35.0952688575907
124.62,35.0952688575907
124.63,35.0952688575907
124.64,35.0952688575907
124.65,35.0952688575907
124.66,35.0952688575907
124.67,35.0952688575907
124.68,35.0952688575907
124.69,35.0952688575907
124.7,35.0952688575907
124.71,35.0952688575907
124.72,35.0952688575907
124.73,35.0952688575907
124.74,35.0952688575907
124.75,35.0952688575907
124.76,35.0952688575907
124.77,35.0952688575907
124.78,35.0952688575907
124.79,35.0952688575907
124.8,35.0952688575907
124.81,35.0952688575907
124.82,35.0952688575907
124.83,35.0952688575907
124.84,35.0952688575907
124.85,35.0952688575907
124.86,35.0952688575907
124.87,35.0952688575907
124.88,35.0952688575907
124.89,35.0952688575907
124.9,35.0952688575907
124.91,35.0952688575907
124.92,35.0952688575907
124.93,35.0952688575907
124.94,35.0952688575907
124.95,35.0952688575907
124.96,35.0952688575907
124.97,35.0952688575907
124.98,35.0952688575907
124.99,35.0952688575907
125,35.0952688575907
125.01,35.0952688575907
125.02,35.0952688575907
125.03,35.0952688575907
125.04,35.0952688575907
125.05,35.0952688575907
125.06,35.0952688575907
125.07,35.0952688575907
125.08,35.0952688575907
125.09,35.0952688575907
125.1,35.0952688575907
125.11,35.0952688575907
125.12,35.0952688575907
125.13,35.0952688575907
125.14,35.0952688575907
125.15,35.0952688575907
125.16,35.0952688575907
125.17,35.0952688575907
125.18,35.0952688575907
125.19,35.0952688575907
125.2,35.0952688575907
125.21,35.0952688575907
125.22,35.0952688575907
125.23,35.0952688575907
125.24,35.0952688575907
125.25,35.0952688575907
125.26,35.0952688575907
125.27,35.0952688575907
125.28,35.0952688575907
125.29,35.0952688575907
125.3,35.0952688575907
125.31,35.0952688575907
125.32,35.0952688575907
125.33,35.0952688575907
125.34,26.0881383862661
125.35,26.0881383862661
125.36,26.0881383862661
125.37,26.0881383862661
125.38,26.0881383862661
125.39,26.0881383862661
125.4,26.0881383862661
125.41,26.0881383862661
125.42,26.0881383862661
125.43,26.0881383862661
125.44,26.0881383862661
125.45,26.0881383862661
125.46,26.0881383862661
125.47,26.0881383862661
125.48,26.0881383862661
125.49,26.0881383862661
125.5,26.0881383862661
125.51,26.0881383862661
125.52,26.0881383862661
125.53,26.0881383862661
125.54,26.0881383862661
125.55,26.0881383862661
125.56,26.0881383862661
125.57,26.0881383862661
125.58,26.0881383862661
125.59,26.0881383862661
125.6,26.0881383862661
125.61,26.0881383862661
125.62,26.0881383862661
125.63,26.0881383862661
125.64,26.0881383862661
125.65,26.0881383862661
125.66,26.0881383862661
125.67,26.0881383862661
125.68,26.0881383862661
125.69,26.0881383862661
125.7,26.0881383862661
125.71,26.0881383862661
125.72,26.0881383862661
125.73,26.0881383862661
125.74,26.0881383862661
125.75,26.0881383862661
125.76,26.0881383862661
125.77,26.0881383862661
125.78,26.0881383862661
125.79,26.0881383862661
125.8,26.0881383862661
125.81,26.0881383862661
125.82,26.0881383862661
125.83,26.0881383862661
125.84,26.0881383862661
125.85,26.0881383862661
125.86,26.0881383862661
125.87,26.0881383862661
125.88,26.0881383862661
125.89,26.0881383862661
125.9,26.0881383862661
125.91,26.0881383862661
125.92,26.0881383862661
125.93,26.0881383862661
125.94,26.0881383862661
125.95,26.0881383862661
125.96,26.0881383862661
125.97,26.0881383862661
125.98,26.0881383862661
125.99,26.0881383862661
126,26.0881383862661
126.01,26.0881383862661
126.02,26.0881383862661
126.03,26.0881383862661
126.04,26.0881383862661
126.05,26.0881383862661
126.06,26.0881383862661
126.07,26.0881383862661
126.08,26.0881383862661
126.09,26.0881383862661
126.1,26.0881383862661
126.11,26.0881383862661
126.12,26.0881383862661
126.13,26.0881383862661
126.14,26.0881383862661
126.15,26.0881383862661
126.16,26.0881383862661
126.17,26.0881383862661
126.18,26.0881383862661
126.19,26.0881383862661
126.2,26.0881383862661
126.21,26.0881383862661
126.22,26.0881383862661
126.23,26.0881383862661
126.24,26.0881383862661
126.25,26.0881383862661
126.26,26.0881383862661
126.27,26.0881383862661
126.28,26.0881383862661
126.29,26.0881383862661
126.3,26.0881383862661
126.31,26.0881383862661
126.32,26.0881383862661
126.33,26.0881383862661
126.34,26.0881383862661
126.35,26.0881383862661
126.36,26.0881383862661
126.37,26.0881383862661
126.38,26.0881383862661
126.39,26.0881383862661
126.4,26.0881383862661
126.41,26.0881383862661
126.42,26.0881383862661
126.43,26.0881383862661
126.44,26.0881383862661
126.45,26.0881383862661
126.46,26.0881383862661
126.47,26.0881383862661
126.48,26.0881383862661
126.49,26.0881383862661
126.5,26.0881383862661
126.51,26.0881383862661
126.52,26.0881383862661
126.53,26.0881383862661
126.54,26.0881383862661
126.55,26.0881383862661
126.56,26.0881383862661
126.57,26.0881383862661
126.58,26.0881383862661
126.59,26.0881383862661
126.6,26.0881383862661
126.61,26.0881383862661
126.62,26.0881383862661
126.63,26.0881383862661
126.64,26.0881383862661
126.65,26.0881383862661
126.66,26.0881383862661
126.67,26.0881383862661
126.68,26.0881383862661
126.69,26.0881383862661
126.7,26.0881383862661
126.71,26.0881383862661
126.72,26.0881383862661
126.73,26.0881383862661
126.74,26.0881383862661
126.75,26.0881383862661
126.76,26.0881383862661
126.77,26.0881383862661
126.78,26.0881383862661
126.79,26.0881383862661
126.8,26.0881383862661
126.81,26.0881383862661
126.82,26.0881383862661
126.83,26.0881383862661
126.84,26.0881383862661
126.85,26.0881383862661
126.86,26.0881383862661
126.87,26.0881383862661
126.88,26.0881383862661
126.89,26.0881383862661
126.9,26.0881383862661
126.91,26.0881383862661
126.92,26.0881383862661
126.93,26.0881383862661
126.94,26.0881383862661
126.95,26.0881383862661
126.96,26.0881383862661
126.97,26.0881383862661
126.98,26.0881383862661
126.99,26.0881383862661
127,26.0881383862661
127.01,26.0881383862661
127.02,22.4997205290147
127.03,22.4997205290147
127.04,22.4997205290147
127.05,22.4997205290147
127.06,22.4997205290147
127.07,22.4997205290147
127.08,22.4997205290147
127.09,22.4997205290147
127.1,22.4997205290147
127.11,22.4997205290147
127.12,22.4997205290147
127.13,22.4997205290147
127.14,22.4997205290147
127.15,22.4997205290147
127.16,22.4997205290147
127.17,22.4997205290147
127.18,22.4997205290147
127.19,22.4997205290147
127.2,22.4997205290147
127.21,22.4997205290147
127.22,22.4997205290147
127.23,22.4997205290147
127.24,22.4997205290147
127.25,22.4997205290147
127.26,22.4997205290147
127.27,22.4997205290147
127.28,22.4997205290147
127.29,22.4997205290147
127.3,22.4997205290147
127.31,22.4997205290147
127.32,22.4997205290147
127.33,22.4997205290147
127.34,22.4997205290147
127.35,22.4997205290147
127.36,22.4997205290147
127.37,22.4997205290147
127.38,22.4997205290147
127.39,22.4997205290147
127.4,22.4997205290147
127.41,22.4997205290147
127.42,22.4997205290147
127.43,22.4997205290147
127.44,22.4997205290147
127.45,22.4997205290147
127.46,22.4997205290147
127.47,22.4997205290147
127.48,22.4997205290147
127.49,22.4997205290147
127.5,22.4997205290147
127.51,22.4997205290147
127.52,22.4997205290147
127.53,22.4997205290147
127.54,22.4997205290147
127.55,22.4997205290147
127.56,22.4997205290147
127.57,22.4997205290147
127.58,22.4997205290147
127.59,22.4997205290147
127.6,22.4997205290147
127.61,22.4997205290147
127.62,22.4997205290147
127.63,22.4997205290147
127.64,22.4997205290147
127.65,22.4997205290147
127.66,22.4997205290147
127.67,22.4997205290147
127.68,22.4997205290147
127.69,22.4997205290147
127.7,22.4997205290147
127.71,22.4997205290147
127.72,22.4997205290147
127.73,22.4997205290147
127.74,22.4997205290147
127.75,22.4997205290147
127.76,22.4997205290147
127.77,22.4997205290147
127.78,22.4997205290147
127.79,22.4997205290147
127.8,22.4997205290147
127.81,22.4997205290147
127.82,22.4997205290147
127.83,22.4997205290147
127.84,22.4997205290147
127.85,22.4997205290147
127.86,22.4997205290147
127.87,22.4997205290147
127.88,22.4997205290147
127.89,22.4997205290147
127.9,22.4997205290147
127.91,22.4997205290147
127.92,22.4997205290147
127.93,22.4997205290147
127.94,22.4997205290147
127.95,22.4997205290147
127.96,22.4997205290147
127.97,22.4997205290147
127.98,22.4997205290147
127.99,22.4997205290147
128,22.4997205290147
128.01,22.4997205290147
128.02,22.4997205290147
128.03,22.4997205290147
128.04,22.4997205290147
128.05,22.4997205290147
128.06,22.4997205290147
128.07,22.4997205290147
128.08,22.4997205290147
128.09,22.4997205290147
128.1,22.4997205290147
128.11,22.4997205290147
128.12,22.4997205290147
128.13,22.4997205290147
128.14,22.4997205290147
128.15,22.4997205290147
128.16,22.4997205290147
128.17,22.4997205290147
128.18,22.4997205290147
128.19,22.4997205290147
128.2,22.4997205290147
128.21,22.4997205290147
128.22,22.4997205290147
128.23,22.4997205290147
128.24,22.4997205290147
128.25,22.4997205290147
128.26,22.4997205290147
128.27,22.4997205290147
128.28,22.4997205290147
128.29,22.4997205290147
128.3,22.4997205290147
128.31,22.4997205290147
128.32,22.4997205290147
128.33,22.4997205290147
128.34,22.4997205290147
128.35,22.4997205290147
128.36,22.4997205290147
128.37,22.4997205290147
128.38,22.4997205290147
128.39,22.4997205290147
128.4,22.4997205290147
128.41,22.4997205290147
128.42,22.4997205290147
128.43,22.4997205290147
128.44,22.4997205290147
128.45,22.4997205290147
128.46,22.4997205290147
128.47,22.4997205290147
128.48,22.4997205290147
128.49,22.4997205290147
128.5,22.4997205290147
128.51,22.4997205290147
128.52,22.4997205290147
128.53,22.4997205290147
128.54,22.4997205290147
128.55,22.4997205290147
128.56,22.4997205290147
128.57,22.4997205290147
128.58,22.4997205290147
128.59,22.4997205290147
128.6,22.4997205290147
128.61,22.4997205290147
128.62,22.4997205290147
128.63,22.4997205290147
128.64,22.4997205290147
128.65,22.4997205290147
128.66,22.4997205290147
128.67,22.4997205290147
128.68,22.4997205290147
128.69,22.4997205290147
128.7,22.4997205290147
128.71,22.4997205290147
128.72,22.4997205290147
128.73,22.4997205290147
128.74,22.4997205290147
128.75,22.4997205290147
128.76,22.4997205290147
128.77,22.4997205290147
128.78,22.4997205290147
128.79,22.4997205290147
128.8,22.4997205290147
128.81,22.4997205290147
128.82,22.4997205290147
128.83,22.4997205290147
128.84,22.4997205290147
128.85,22.4997205290147
128.86,22.4997205290147
128.87,22.4997205290147
128.88,22.4997205290147
128.89,22.4997205290147
128.9,22.4997205290147
128.91,22.4997205290147
128.92,22.4997205290147
128.93,22.4997205290147
128.94,22.4997205290147
128.95,22.4997205290147
128.96,22.4997205290147
128.97,22.4997205290147
128.98,22.4997205290147
128.99,22.4997205290147
129,22.4997205290147
129.01,22.4997205290147
129.02,22.4997205290147
129.03,22.4997205290147
129.04,22.4997205290147
129.05,22.4997205290147
129.06,22.4997205290147
129.07,22.4997205290147
129.08,22.4997205290147
129.09,22.4997205290147
129.1,22.4997205290147
129.11,22.4997205290147
129.12,22.4997205290147
129.13,22.4997205290147
129.14,22.4997205290147
129.15,22.4997205290147
129.16,22.4997205290147
129.17,22.4997205290147
129.18,22.4997205290147
129.19,22.4997205290147
129.2,22.4997205290147
129.21,22.4997205290147
129.22,22.4997205290147
129.23,22.4997205290147
129.24,22.4997205290147
129.25,22.4997205290147
129.26,22.4997205290147
129.27,22.4997205290147
129.28,22.4997205290147
129.29,22.4997205290147
129.3,22.4997205290147
129.31,22.4997205290147
129.32,22.4997205290147
129.33,22.4997205290147
129.34,22.4997205290147
129.35,22.4997205290147
129.36,22.4997205290147
129.37,22.4997205290147
129.38,22.4997205290147
129.39,22.4997205290147
129.4,22.4997205290147
129.41,22.4997205290147
129.42,22.4997205290147
129.43,22.4997205290147
129.44,22.4997205290147
129.45,22.4997205290147
129.46,22.4997205290147
129.47,22.4997205290147
129.48,22.4997205290147
129.49,22.4997205290147
129.5,22.4997205290147
129.51,22.4997205290147
129.52,22.4997205290147
129.53,22.4997205290147
129.54,22.4997205290147
129.55,22.4997205290147
129.56,22.4997205290147
129.57,22.4997205290147
129.58,22.4997205290147
129.59,22.4997205290147
129.6,22.4997205290147
129.61,22.4997205290147
129.62,22.4997205290147
129.63,22.4997205290147
129.64,22.4997205290147
129.65,22.4997205290147
129.66,22.4997205290147
129.67,22.4997205290147
129.68,22.4997205290147
129.69,22.4997205290147
129.7,22.4997205290147
129.71,22.4997205290147
129.72,22.4997205290147
129.73,22.4997205290147
129.74,22.4997205290147
129.75,22.4997205290147
129.76,22.4997205290147
129.77,22.4997205290147
129.78,22.4997205290147
129.79,22.4997205290147
129.8,22.4997205290147
129.81,22.4997205290147
129.82,22.4997205290147
129.83,22.4997205290147
129.84,22.4997205290147
129.85,22.4997205290147
129.86,22.4997205290147
129.87,22.4997205290147
129.88,22.4997205290147
129.89,22.4997205290147
129.9,22.4997205290147
129.91,22.4997205290147
129.92,22.4997205290147
129.93,22.4997205290147
129.94,22.4997205290147
129.95,22.4997205290147
129.96,22.4997205290147
129.97,22.4997205290147
129.98,22.4997205290147
129.99,22.4997205290147
130,22.4997205290147
130.01,22.4997205290147
130.02,22.4997205290147
130.03,22.4997205290147
130.04,22.4997205290147
130.05,22.4997205290147
130.06,22.4997205290147
130.07,22.4997205290147
130.08,22.4997205290147
130.09,22.4997205290147
130.1,22.4997205290147
130.11,38.9198217557988
130.12,38.9198217557988
130.13,38.9198217557988
130.14,38.9198217557988
130.15,38.9198217557988
130.16,38.9198217557988
130.17,38.9198217557988
130.18,38.9198217557988
130.19,38.9198217557988
130.2,38.9198217557988
130.21,38.9198217557988
130.22,38.9198217557988
130.23,38.9198217557988
130.24,38.9198217557988
130.25,38.9198217557988
130.26,38.9198217557988
130.27,38.9198217557988
130.28,38.9198217557988
130.29,38.9198217557988
130.3,38.9198217557988
130.31,38.9198217557988
130.32,38.9198217557988
130.33,38.9198217557988
130.34,38.9198217557988
130.35,38.9198217557988
130.36,38.9198217557988
130.37,38.9198217557988
130.38,38.9198217557988
130.39,38.9198217557988
130.4,38.9198217557988
130.41,38.9198217557988
130.42,38.9198217557988
130.43,38.9198217557988
130.44,38.9198217557988
130.45,38.9198217557988
130.46,38.9198217557988
130.47,38.9198217557988
130.48,38.9198217557988
130.49,38.9198217557988
130.5,38.9198217557988
130.51,38.9198217557988
130.52,38.9198217557988
130.53,38.9198217557988
130.54,38.9198217557988
130.55,38.9198217557988
130.56,38.9198217557988
130.57,38.9198217557988
130.58,38.9198217557988
130.59,38.9198217557988
130.6,38.9198217557988
130.61,38.9198217557988
130.62,38.9198217557988
130.63,38.9198217557988
130.64,38.9198217557988
130.65,38.9198217557988
130.66,38.9198217557988
130.67,38.9198217557988
130.68,38.9198217557988
130.69,38.9198217557988
130.7,38.9198217557988
130.71,38.9198217557988
130.72,38.9198217557988
130.73,38.9198217557988
130.74,38.9198217557988
130.75,38.9198217557988
130.76,38.9198217557988
130.77,38.9198217557988
130.78,38.9198217557988
130.79,38.9198217557988
130.8,38.9198217557988
130.81,38.9198217557988
130.82,38.9198217557988
130.83,38.9198217557988
130.84,38.9198217557988
130.85,38.9198217557988
130.86,38.9198217557988
130.87,38.9198217557988
130.88,38.9198217557988
130.89,38.9198217557988
130.9,38.9198217557988
130.91,38.9198217557988
130.92,38.9198217557988
130.93,38.9198217557988
130.94,38.9198217557988
130.95,38.9198217557988
130.96,38.9198217557988
130.97,38.9198217557988
130.98,38.9198217557988
130.99,38.9198217557988
131,38.9198217557988
131.01,38.9198217557988
131.02,38.9198217557988
131.03,38.9198217557988
131.04,38.9198217557988
131.05,38.9198217557988
131.06,38.9198217557988
131.07,38.9198217557988
131.08,38.9198217557988
131.09,38.9198217557988
131.1,38.9198217557988
131.11,38.9198217557988
131.12,38.9198217557988
131.13,38.9198217557988
131.14,38.9198217557988
131.15,38.9198217557988
131.16,38.9198217557988
131.17,38.9198217557988
131.18,38.9198217557988
131.19,38.9198217557988
131.2,38.9198217557988
131.21,38.9198217557988
131.22,38.9198217557988
131.23,38.9198217557988
131.24,38.9198217557988
131.25,38.9198217557988
131.26,38.9198217557988
131.27,38.9198217557988
131.28,38.9198217557988
131.29,38.9198217557988
131.3,38.9198217557988
131.31,38.9198217557988
131.32,38.9198217557988
131.33,38.9198217557988
131.34,38.9198217557988
131.35,38.9198217557988
131.36,38.9198217557988
131.37,38.9198217557988
131.38,38.9198217557988
131.39,38.9198217557988
131.4,38.9198217557988
131.41,38.9198217557988
131.42,38.9198217557988
131.43,38.9198217557988
131.44,38.9198217557988
131.45,38.9198217557988
131.46,38.9198217557988
131.47,38.9198217557988
131.48,38.9198217557988
131.49,38.9198217557988
131.5,38.9198217557988
131.51,38.9198217557988
131.52,38.9198217557988
131.53,38.9198217557988
131.54,38.9198217557988
131.55,38.9198217557988
131.56,38.9198217557988
131.57,38.9198217557988
131.58,38.9198217557988
131.59,38.9198217557988
131.6,38.9198217557988
131.61,38.9198217557988
131.62,38.9198217557988
131.63,38.9198217557988
131.64,38.9198217557988
131.65,38.9198217557988
131.66,38.9198217557988
131.67,38.9198217557988
131.68,38.9198217557988
131.69,38.9198217557988
131.7,38.9198217557988
131.71,38.9198217557988
131.72,38.9198217557988
131.73,38.9198217557988
131.74,38.9198217557988
131.75,38.9198217557988
131.76,38.9198217557988
131.77,38.9198217557988
131.78,38.9198217557988
131.79,38.9198217557988
131.8,38.9198217557988
131.81,38.9198217557988
131.82,38.9198217557988
131.83,38.9198217557988
131.84,38.9198217557988
131.85,38.9198217557988
131.86,38.9198217557988
131.87,38.9198217557988
131.88,38.9198217557988
131.89,38.9198217557988
131.9,38.9198217557988
131.91,38.9198217557988
131.92,38.9198217557988
131.93,38.9198217557988
131.94,38.9198217557988
131.95,38.9198217557988
131.96,38.9198217557988
131.97,38.9198217557988
131.98,38.9198217557988
131.99,38.9198217557988
132,38.9198217557988
132.01,38.9198217557988
132.02,38.9198217557988
132.03,38.9198217557988
132.04,38.9198217557988
132.05,38.9198217557988
132.06,38.9198217557988
132.07,38.9198217557988
132.08,38.9198217557988
132.09,38.9198217557988
132.1,38.9198217557988
132.11,38.9198217557988
132.12,38.9198217557988
132.13,38.9198217557988
132.14,38.9198217557988
132.15,38.9198217557988
132.16,38.9198217557988
132.17,38.9198217557988
132.18,38.9198217557988
132.19,38.9198217557988
132.2,38.9198217557988
132.21,38.9198217557988
132.22,38.9198217557988
132.23,38.9198217557988
132.24,38.9198217557988
132.25,38.9198217557988
132.26,38.9198217557988
132.27,38.9198217557988
132.28,38.9198217557988
132.29,38.9198217557988
132.3,38.9198217557988
132.31,38.9198217557988
132.32,38.9198217557988
132.33,38.9198217557988
132.34,38.9198217557988
132.35,38.9198217557988
132.36,38.9198217557988
132.37,38.9198217557988
132.38,38.9198217557988
132.39,38.9198217557988
132.4,38.9198217557988
132.41,38.9198217557988
132.42,38.9198217557988
132.43,38.9198217557988
132.44,38.9198217557988
132.45,38.9198217557988
132.46,38.9198217557988
132.47,38.9198217557988
132.48,38.9198217557988
132.49,38.9198217557988
132.5,38.9198217557988
132.51,38.9198217557988
132.52,38.9198217557988
132.53,38.9198217557988
132.54,38.9198217557988
132.55,38.9198217557988
132.56,38.9198217557988
132.57,38.9198217557988
132.58,38.9198217557988
132.59,38.9198217557988
132.6,38.9198217557988
132.61,38.9198217557988
132.62,38.9198217557988
132.63,38.9198217557988
132.64,38.9198217557988
132.65,38.9198217557988
132.66,38.9198217557988
132.67,38.9198217557988
132.68,38.9198217557988
132.69,38.9198217557988
132.7,38.9198217557988
132.71,-64.6263132148619
132.72,-64.6263132148619
132.73,-64.6263132148619
132.74,-64.6263132148619
132.75,-64.6263132148619
132.76,-64.6263132148619
132.77,-64.6263132148619
132.78,-64.6263132148619
132.79,-64.6263132148619
132.8,-64.6263132148619
132.81,-64.6263132148619
132.82,-64.6263132148619
132.83,-64.6263132148619
132.84,-64.6263132148619
132.85,-64.6263132148619
132.86,-64.6263132148619
132.87,-64.6263132148619
132.88,-64.6263132148619
132.89,-64.6263132148619
132.9,-64.6263132148619
132.91,-64.6263132148619
132.92,-64.6263132148619
132.93,-64.6263132148619
132.94,-64.6263132148619
132.95,-64.6263132148619
132.96,-64.6263132148619
132.97,-64.6263132148619
132.98,-64.6263132148619
132.99,-64.6263132148619
133,-64.6263132148619
133.01,-64.6263132148619
133.02,-64.6263132148619
133.03,-64.6263132148619
133.04,-64.6263132148619
133.05,-64.6263132148619
133.06,-64.6263132148619
133.07,-64.6263132148619
133.08,-64.6263132148619
133.09,-64.6263132148619
133.1,-64.6263132148619
133.11,-64.6263132148619
133.12,-64.6263132148619
133.13,-64.6263132148619
133.14,-64.6263132148619
133.15,-64.6263132148619
133.16,-64.6263132148619
133.17,-64.6263132148619
133.18,-64.6263132148619
133.19,-64.6263132148619
133.2,-64.6263132148619
133.21,-64.6263132148619
133.22,-64.6263132148619
133.23,-64.6263132148619
133.24,-64.6263132148619
133.25,-64.6263132148619
133.26,-64.6263132148619
133.27,-64.6263132148619
133.28,-64.6263132148619
133.29,-64.6263132148619
133.3,-64.6263132148619
133.31,-64.6263132148619
133.32,-64.6263132148619
133.33,-64.6263132148619
133.34,-64.6263132148619
133.35,-64.6263132148619
133.36,-64.6263132148619
133.37,-64.6263132148619
133.38,-64.6263132148619
133.39,-64.6263132148619
133.4,-64.6263132148619
133.41,-64.6263132148619
133.42,-64.6263132148619
133.43,-64.6263132148619
133.44,-64.6263132148619
133.45,-64.6263132148619
133.46,-64.6263132148619
133.47,-64.6263132148619
133.48,-64.6263132148619
133.49,-64.6263132148619
133.5,-64.6263132148619
133.51,-64.6263132148619
133.52,-64.6263132148619
133.53,-64.6263132148619
133.54,-64.6263132148619
133.55,-64.6263132148619
133.56,-64.6263132148619
133.57,-64.6263132148619
133.58,-64.6263132148619
133.59,-64.6263132148619
133.6,-64.6263132148619
133.61,-64.6263132148619
133.62,-64.6263132148619
133.63,-64.6263132148619
133.64,-64.6263132148619
133.65,-64.6263132148619
133.66,-64.6263132148619
133.67,-64.6263132148619
133.68,-64.6263132148619
133.69,-64.6263132148619
133.7,-64.6263132148619
133.71,-64.6263132148619
133.72,-64.6263132148619
133.73,-64.6263132148619
133.74,-64.6263132148619
133.75,-64.6263132148619
133.76,-64.6263132148619
133.77,-64.6263132148619
133.78,-64.6263132148619
133.79,-64.6263132148619
133.8,-64.6263132148619
133.81,-64.6263132148619
133.82,-64.6263132148619
133.83,-64.6263132148619
133.84,-64.6263132148619
133.85,-64.6263132148619
133.86,-64.6263132148619
133.87,-64.6263132148619
133.88,-64.6263132148619
133.89,-64.6263132148619
133.9,-64.6263132148619
133.91,-64.6263132148619
133.92,-64.6263132148619
133.93,-64.6263132148619
133.94,-64.6263132148619
133.95,-64.6263132148619
133.96,-64.6263132148619
133.97,-64.6263132148619
133.98,-64.6263132148619
133.99,-64.6263132148619
134,-64.6263132148619
134.01,-64.6263132148619
134.02,-64.6263132148619
134.03,-64.6263132148619
134.04,-64.6263132148619
134.05,-64.6263132148619
134.06,-64.6263132148619
134.07,-64.6263132148619
134.08,-64.6263132148619
134.09,-64.6263132148619
134.1,-64.6263132148619
134.11,-64.6263132148619
134.12,-64.6263132148619
134.13,-64.6263132148619
134.14,-64.6263132148619
134.15,-64.6263132148619
134.16,-64.6263132148619
134.17,-64.6263132148619
134.18,-64.6263132148619
134.19,-64.6263132148619
134.2,-64.6263132148619
134.21,-64.6263132148619
134.22,-64.6263132148619
134.23,-64.6263132148619
134.24,-64.6263132148619
134.25,-64.6263132148619
134.26,-64.6263132148619
134.27,-64.6263132148619
134.28,-64.6263132148619
134.29,-64.6263132148619
134.3,-64.6263132148619
134.31,-64.6263132148619
134.32,-64.6263132148619
134.33,-64.6263132148619
134.34,-64.6263132148619
134.35,-64.6263132148619
134.36,-64.6263132148619
134.37,-64.6263132148619
134.38,-64.6263132148619
134.39,-64.6263132148619
134.4,-64.6263132148619
134.41,-64.6263132148619
134.42,-64.6263132148619
134.43,-64.6263132148619
134.44,-64.6263132148619
134.45,-64.6263132148619
134.46,-64.6263132148619
134.47,-64.6263132148619
134.48,-64.6263132148619
134.49,-64.6263132148619
134.5,-64.6263132148619
134.51,-64.6263132148619
134.52,-64.6263132148619
134.53,-64.6263132148619
134.54,-64.6263132148619
134.55,-64.6263132148619
134.56,-64.6263132148619
134.57,-64.6263132148619
134.58,-38.1078205415078
134.59,-38.1078205415078
134.6,-38.1078205415078
134.61,-38.1078205415078
134.62,-38.1078205415078
134.63,-38.1078205415078
134.64,-38.1078205415078
134.65,-38.1078205415078
134.66,-38.1078205415078
134.67,-38.1078205415078
134.68,-38.1078205415078
134.69,-38.1078205415078
134.7,-38.1078205415078
134.71,-38.1078205415078
134.72,-38.1078205415078
134.73,-38.1078205415078
134.74,-38.1078205415078
134.75,-38.1078205415078
134.76,-38.1078205415078
134.77,-38.1078205415078
134.78,-38.1078205415078
134.79,-38.1078205415078
134.8,-38.1078205415078
134.81,-38.1078205415078
134.82,-38.1078205415078
134.83,-38.1078205415078
134.84,-38.1078205415078
134.85,-38.1078205415078
134.86,-38.1078205415078
134.87,-38.1078205415078
134.88,-38.1078205415078
134.89,-38.1078205415078
134.9,-38.1078205415078
134.91,-38.1078205415078
134.92,-38.1078205415078
134.93,-38.1078205415078
134.94,-38.1078205415078
134.95,-38.1078205415078
134.96,-38.1078205415078
134.97,-38.1078205415078
134.98,-38.1078205415078
134.99,-38.1078205415078
135,-38.1078205415078
135.01,-38.1078205415078
135.02,-38.1078205415078
135.03,-38.1078205415078
135.04,-38.1078205415078
135.05,-38.1078205415078
135.06,-38.1078205415078
135.07,-38.1078205415078
135.08,-38.1078205415078
135.09,-38.1078205415078
135.1,-38.1078205415078
135.11,-38.1078205415078
135.12,-38.1078205415078
135.13,-38.1078205415078
135.14,-38.1078205415078
135.15,-38.1078205415078
135.16,-38.1078205415078
135.17,-38.1078205415078
135.18,-38.1078205415078
135.19,-38.1078205415078
135.2,-38.1078205415078
135.21,-38.1078205415078
135.22,-38.1078205415078
135.23,-38.1078205415078
135.24,-38.1078205415078
135.25,-38.1078205415078
135.26,-38.1078205415078
135.27,-38.1078205415078
135.28,-38.1078205415078
135.29,-38.1078205415078
135.3,-38.1078205415078
135.31,-38.1078205415078
135.32,-38.1078205415078
135.33,-38.1078205415078
135.34,-38.1078205415078
135.35,-38.1078205415078
135.36,-38.1078205415078
135.37,-38.1078205415078
135.38,-38.1078205415078
135.39,-38.1078205415078
135.4,-38.1078205415078
135.41,-38.1078205415078
135.42,-38.1078205415078
135.43,-38.1078205415078
135.44,-38.1078205415078
135.45,-38.1078205415078
135.46,-38.1078205415078
135.47,-38.1078205415078
135.48,-38.1078205415078
135.49,-38.1078205415078
135.5,-38.1078205415078
135.51,-38.1078205415078
135.52,-38.1078205415078
135.53,-38.1078205415078
135.54,-38.1078205415078
135.55,-38.1078205415078
135.56,-38.1078205415078
135.57,-38.1078205415078
135.58,-38.1078205415078
135.59,-38.1078205415078
135.6,-38.1078205415078
135.61,-38.1078205415078
135.62,-38.1078205415078
135.63,-38.1078205415078
135.64,-38.1078205415078
135.65,-38.1078205415078
135.66,-38.1078205415078
135.67,-38.1078205415078
135.68,-38.1078205415078
135.69,-38.1078205415078
135.7,-38.1078205415078
135.71,-38.1078205415078
135.72,-38.1078205415078
135.73,-38.1078205415078
135.74,-38.1078205415078
135.75,-38.1078205415078
135.76,-38.1078205415078
135.77,-38.1078205415078
135.78,-38.1078205415078
135.79,-38.1078205415078
135.8,-38.1078205415078
135.81,-38.1078205415078
135.82,-38.1078205415078
135.83,-38.1078205415078
135.84,-38.1078205415078
135.85,-38.1078205415078
135.86,-38.1078205415078
135.87,-38.1078205415078
135.88,-38.1078205415078
135.89,-38.1078205415078
135.9,-38.1078205415078
135.91,-38.1078205415078
135.92,-38.1078205415078
135.93,-38.1078205415078
135.94,-38.1078205415078
135.95,-38.1078205415078
135.96,-38.1078205415078
135.97,-38.1078205415078
135.98,-38.1078205415078
135.99,-38.1078205415078
136,-38.1078205415078
136.01,-38.1078205415078
136.02,-38.1078205415078
136.03,-38.1078205415078
136.04,-38.1078205415078
136.05,-38.1078205415078
136.06,-38.1078205415078
136.07,-38.1078205415078
136.08,-38.1078205415078
136.09,-38.1078205415078
136.1,-38.1078205415078
136.11,-38.1078205415078
136.12,-38.1078205415078
136.13,-38.1078205415078
136.14,-38.1078205415078
136.15,-38.1078205415078
136.16,-38.1078205415078
136.17,-38.1078205415078
136.18,-38.1078205415078
136.19,-38.1078205415078
136.2,-38.1078205415078
136.21,-38.1078205415078
136.22,-38.1078205415078
136.23,-38.1078205415078
136.24,-38.1078205415078
136.25,-38.1078205415078
136.26,-38.1078205415078
136.27,-38.1078205415078
136.28,-38.1078205415078
136.29,-38.1078205415078
136.3,-38.1078205415078
136.31,-38.1078205415078
136.32,-38.1078205415078
136.33,-38.1078205415078
136.34,-38.1078205415078
136.35,-38.1078205415078
136.36,-38.1078205415078
136.37,-38.1078205415078
136.38,-38.1078205415078
136.39,-38.1078205415078
136.4,-38.1078205415078
136.41,-38.1078205415078
136.42,-38.1078205415078
136.43,-38.1078205415078
136.44,-38.1078205415078
136.45,-38.1078205415078
136.46,-38.1078205415078
136.47,-38.1078205415078
136.48,-38.1078205415078
136.49,-38.1078205415078
136.5,-38.1078205415078
136.51,-38.1078205415078
136.52,-38.1078205415078
136.53,-38.1078205415078
136.54,-38.1078205415078
136.55,-38.1078205415078
136.56,-38.1078205415078
136.57,-38.1078205415078
136.58,-38.1078205415078
136.59,-38.1078205415078
136.6,-38.1078205415078
136.61,-38.1078205415078
136.62,-38.1078205415078
136.63,-38.1078205415078
136.64,-38.1078205415078
136.65,-38.1078205415078
136.66,-38.1078205415078
136.67,-38.1078205415078
136.68,-38.1078205415078
136.69,-38.1078205415078
136.7,-38.1078205415078
136.71,-38.1078205415078
136.72,-38.1078205415078
136.73,-38.1078205415078
136.74,-38.1078205415078
136.75,-38.1078205415078
136.76,-38.1078205415078
136.77,-38.1078205415078
136.78,-38.1078205415078
136.79,-38.1078205415078
136.8,-38.1078205415078
136.81,-38.1078205415078
136.82,-38.1078205415078
136.83,-38.1078205415078
136.84,-38.1078205415078
136.85,-38.1078205415078
136.86,-38.1078205415078
136.87,-38.1078205415078
136.88,-38.1078205415078
136.89,-38.1078205415078
136.9,-38.1078205415078
136.91,-38.1078205415078
136.92,-38.1078205415078
136.93,-38.1078205415078
136.94,-38.1078205415078
136.95,-38.1078205415078
136.96,-38.1078205415078
136.97,-38.1078205415078
136.98,-38.1078205415078
136.99,-38.1078205415078
137,-38.1078205415078
137.01,-38.1078205415078
137.02,-38.1078205415078
137.03,-38.1078205415078
137.04,-38.1078205415078
137.05,-38.1078205415078
137.06,-38.1078205415078
137.07,-38.1078205415078
137.08,-38.1078205415078
137.09,-38.1078205415078
137.1,-38.1078205415078
137.11,-38.1078205415078
137.12,-38.1078205415078
137.13,-38.1078205415078
137.14,-38.1078205415078
137.15,-38.1078205415078
137.16,-38.1078205415078
137.17,-38.1078205415078
137.18,-38.1078205415078
137.19,-38.1078205415078
137.2,-38.1078205415078
137.21,-38.1078205415078
137.22,-38.1078205415078
137.23,-38.1078205415078
137.24,-38.1078205415078
137.25,-38.1078205415078
137.26,-38.1078205415078
137.27,-38.1078205415078
137.28,-38.1078205415078
137.29,-38.1078205415078
137.3,-38.1078205415078
137.31,-38.1078205415078
137.32,-38.1078205415078
137.33,-38.1078205415078
137.34,-38.1078205415078
137.35,-38.1078205415078
137.36,-38.1078205415078
137.37,-38.1078205415078
137.38,-38.1078205415078
137.39,-38.1078205415078
137.4,-38.1078205415078
137.41,-38.1078205415078
137.42,-38.1078205415078
137.43,-38.1078205415078
137.44,-38.1078205415078
137.45,-38.1078205415078
137.46,-38.1078205415078
137.47,-38.1078205415078
137.48,-38.1078205415078
137.49,-38.1078205415078
137.5,-38.1078205415078
137.51,-38.1078205415078
137.52,-38.1078205415078
137.53,-38.1078205415078
137.54,-38.1078205415078
137.55,-38.1078205415078
137.56,-38.1078205415078
137.57,-38.1078205415078
137.58,-38.1078205415078
137.59,-38.1078205415078
137.6,-38.1078205415078
137.61,-38.1078205415078
137.62,-38.1078205415078
137.63,-38.1078205415078
137.64,-38.1078205415078
137.65,-38.1078205415078
137.66,-38.1078205415078
137.67,-38.1078205415078
137.68,-38.1078205415078
137.69,-38.1078205415078
137.7,-38.1078205415078
137.71,-38.1078205415078
137.72,-38.1078205415078
137.73,-38.1078205415078
137.74,-38.1078205415078
137.75,-38.1078205415078
137.76,-38.1078205415078
137.77,-38.1078205415078
137.78,-38.1078205415078
137.79,-38.1078205415078
137.8,-38.1078205415078
137.81,-38.1078205415078
137.82,-38.1078205415078
137.83,-38.1078205415078
137.84,-38.1078205415078
137.85,-38.1078205415078
137.86,-38.1078205415078
137.87,-38.1078205415078
137.88,-38.1078205415078
137.89,-38.1078205415078
137.9,-38.1078205415078
137.91,-38.1078205415078
137.92,-38.1078205415078
137.93,-38.1078205415078
137.94,-38.1078205415078
137.95,-38.1078205415078
137.96,-38.1078205415078
137.97,-64.8251236794196
137.98,-64.8251236794196
137.99,-64.8251236794196
138,-64.8251236794196
138.01,-64.8251236794196
138.02,-64.8251236794196
138.03,-64.8251236794196
138.04,-64.8251236794196
138.05,-64.8251236794196
138.06,-64.8251236794196
138.07,-64.8251236794196
138.08,-64.8251236794196
138.09,-64.8251236794196
138.1,-64.8251236794196
138.11,-64.8251236794196
138.12,-64.8251236794196
138.13,-64.8251236794196
138.14,-64.8251236794196
138.15,-64.8251236794196
138.16,-64.8251236794196
138.17,-64.8251236794196
138.18,-64.8251236794196
138.19,-64.8251236794196
138.2,-64.8251236794196
138.21,-64.8251236794196
138.22,-64.8251236794196
138.23,-64.8251236794196
138.24,-64.8251236794196
138.25,-64.8251236794196
138.26,-64.8251236794196
138.27,-64.8251236794196
138.28,-64.8251236794196
138.29,-64.8251236794196
138.3,-64.8251236794196
138.31,-64.8251236794196
138.32,-64.8251236794196
138.33,-64.8251236794196
138.34,-64.8251236794196
138.35,-64.8251236794196
138.36,-64.8251236794196
138.37,-64.8251236794196
138.38,-64.8251236794196
138.39,-64.8251236794196
138.4,-64.8251236794196
138.41,-64.8251236794196
138.42,-64.8251236794196
138.43,-64.8251236794196
138.44,-64.8251236794196
138.45,-64.8251236794196
138.46,-64.8251236794196
138.47,-64.8251236794196
138.48,-64.8251236794196
138.49,-64.8251236794196
138.5,-64.8251236794196
138.51,-64.8251236794196
138.52,-64.8251236794196
138.53,-64.8251236794196
138.54,-64.8251236794196
138.55,-64.8251236794196
138.56,-64.8251236794196
138.57,-64.8251236794196
138.58,-64.8251236794196
138.59,-64.8251236794196
138.6,-64.8251236794196
138.61,-64.8251236794196
138.62,-64.8251236794196
138.63,-64.8251236794196
138.64,-64.8251236794196
138.65,-64.8251236794196
138.66,-64.8251236794196
138.67,-64.8251236794196
138.68,-64.8251236794196
138.69,-64.8251236794196
138.7,-64.8251236794196
138.71,-64.8251236794196
138.72,-64.8251236794196
138.73,-64.8251236794196
138.74,-64.8251236794196
138.75,-64.8251236794196
138.76,-64.8251236794196
138.77,-64.8251236794196
138.78,-64.8251236794196
138.79,-64.8251236794196
138.8,-64.8251236794196
138.81,-64.8251236794196
138.82,-64.8251236794196
138.83,-64.8251236794196
138.84,-64.8251236794196
138.85,-64.8251236794196
138.86,-64.8251236794196
138.87,-64.8251236794196
138.88,-64.8251236794196
138.89,-64.8251236794196
138.9,-64.8251236794196
138.91,-64.8251236794196
138.92,-64.8251236794196
138.93,-64.8251236794196
138.94,-64.8251236794196
138.95,-64.8251236794196
138.96,-64.8251236794196
138.97,-64.8251236794196
138.98,-64.8251236794196
138.99,-64.8251236794196
139,-64.8251236794196
139.01,-64.8251236794196
139.02,-64.8251236794196
139.03,-64.8251236794196
139.04,-64.8251236794196
139.05,-64.8251236794196
139.06,-64.8251236794196
139.07,-64.8251236794196
139.08,-64.8251236794196
139.09,-64.8251236794196
139.1,-64.8251236794196
139.11,-64.8251236794196
139.12,-64.8251236794196
139.13,-64.8251236794196
139.14,-64.8251236794196
139.15,-64.8251236794196
139.16,-64.8251236794196
139.17,-64.8251236794196
139.18,-64.8251236794196
139.19,-64.8251236794196
139.2,-64.8251236794196
139.21,-64.8251236794196
139.22,-64.8251236794196
139.23,-64.8251236794196
139.24,-64.8251236794196
139.25,-64.8251236794196
139.26,-64.8251236794196
139.27,-64.8251236794196
139.28,1.6288524313263
139.29,1.6288524313263
139.3,1.6288524313263
139.31,1.6288524313263
139.32,1.6288524313263
139.33,1.6288524313263
139.34,1.6288524313263
139.35,1.6288524313263
139.36,1.6288524313263
139.37,1.6288524313263
139.38,1.6288524313263
139.39,1.6288524313263
139.4,1.6288524313263
139.41,1.6288524313263
139.42,1.6288524313263
139.43,1.6288524313263
139.44,1.6288524313263
139.45,1.6288524313263
139.46,1.6288524313263
139.47,1.6288524313263
139.48,1.6288524313263
139.49,1.6288524313263
139.5,1.6288524313263
139.51,1.6288524313263
139.52,1.6288524313263
139.53,1.6288524313263
139.54,1.6288524313263
139.55,1.6288524313263
139.56,1.6288524313263
139.57,1.6288524313263
139.58,1.6288524313263
139.59,1.6288524313263
139.6,1.6288524313263
139.61,1.6288524313263
139.62,1.6288524313263
139.63,1.6288524313263
139.64,1.6288524313263
139.65,1.6288524313263
139.66,1.6288524313263
139.67,1.6288524313263
139.68,1.6288524313263
139.69,1.6288524313263
139.7,1.6288524313263
139.71,1.6288524313263
139.72,1.6288524313263
139.73,1.6288524313263
139.74,1.6288524313263
139.75,1.6288524313263
139.76,1.6288524313263
139.77,1.6288524313263
139.78,1.6288524313263
139.79,1.6288524313263
139.8,1.6288524313263
139.81,1.6288524313263
139.82,1.6288524313263
139.83,1.6288524313263
139.84,1.6288524313263
139.85,1.6288524313263
139.86,1.6288524313263
139.87,1.6288524313263
139.88,1.6288524313263
139.89,1.6288524313263
139.9,1.6288524313263
139.91,1.6288524313263
139.92,1.6288524313263
139.93,1.6288524313263
139.94,1.6288524313263
139.95,1.6288524313263
139.96,1.6288524313263
139.97,1.6288524313263
139.98,1.6288524313263
139.99,1.6288524313263
140,1.6288524313263
140.01,0
140.02,0
140.03,0
140.04,0
140.05,0
140.06,0
140.07,0
140.08,0
140.09,0
140.1,0
140.11,0
140.12,0
140.13,0
140.14,0
140.15,0
140.16,0
140.17,0
140.18,0
140.19,0
140.2,0
140.21,0
140.22,0
140.23,0
140.24,0
140.25,0
140.26,0
140.27,0
140.28,0
140.29,0
140.3,0
140.31,0
140.32,0
140.33,0
140.34,0
140.35,0
140.36,0
140.37,0
140.38,0
140.39,0
140.4,0
140.41,0
140.42,0
140.43,0
140.44,0
140.45,0
140.46,0
140.47,0
140.48,0
140.49,0
140.5,0
140.51,0
140.52,0
140.53,0
140.54,0
140.55,0
140.56,0
140.57,0
140.58,0
140.59,0
140.6,0
140.61,0
140.62,0
140.63,0
140.64,0
140.65,0
140.66,0
140.67,0
140.68,0
140.69,0
140.7,0
140.71,0
140.72,0
140.73,0
140.74,0
140.75,0
140.76,0
140.77,0
140.78,0
140.79,0
140.8,0
140.81,0
140.82,0
140.83,0
140.84,0
140.85,0
140.86,0
140.87,0
140.88,0
140.89,0
140.9,0
140.91,0
140.92,0
140.93,0
140.94,0
140.95,0
140.96,0
140.97,0
140.98,0
140.99,0
141,0
141.01,0
141.02,0
141.03,0
141.04,0
141.05,0
141.06,0
141.07,0
141.08,0
141.09,0
141.1,0
141.11,0
141.12,0
141.13,0
141.14,0
141.15,0
141.16,0
141.17,0
141.18,0
141.19,0
141.2,0
141.21,0
141.22,0
141.23,0
141.24,0
141.25,0
141.26,0
141.27,0
141.28,0
141.29,0
141.3,0
141.31,0
141.32,0
141.33,0
141.34,0
141.35,0
141.36,0
141.37,0
141.38,0
141.39,0
141.4,0
141.41,0
141.42,0
141.43,0
141.44,0
141.45,0
141.46,0
141.47,0
141.48,0
141.49,0
141.5,0
141.51,0
141.52,0
141.53,0
141.54,0
141.55,0
141.56,0
141.57,0
141.58,0
141.59,0
141.6,0
141.61,0
141.62,0
141.63,0
141.64,0
141.65,0
141.66,0
141.67,0
141.68,0
141.69,0
141.7,0
141.71,0
141.72,0
141.73,0
141.74,0
141.75,0
141.76,0
141.77,0
141.78,0
141.79,0
141.8,0
141.81,0
141.82,0
141.83,0
141.84,0
141.85,0
141.86,0
141.87,0
141.88,0
141.89,0
141.9,0
141.91,0
141.92,0
141.93,0
141.94,0
141.95,0
141.96,0
141.97,0
141.98,0
141.99,0
142,0
142.01,0
142.02,0
142.03,0
142.04,0
142.05,0
142.06,0
142.07,0
142.08,0
142.09,0
142.1,0
142.11,0
142.12,0
142.13,0
142.14,0
142.15,0
142.16,0
142.17,0
142.18,0
142.19,0
142.2,0
142.21,0
142.22,0
142.23,0
142.24,0
142.25,0
142.26,0
142.27,0
142.28,0
142.29,0
142.3,0
142.31,0
142.32,0
142.33,0
142.34,0
142.35,0
142.36,0
142.37,0
142.38,0
142.39,0
142.4,0
142.41,0
142.42,0
142.43,0
142.44,0
142.45,0
142.46,0
142.47,0
142.48,0
142.49,0
142.5,0
142.51,0
142.52,0
142.53,0
142.54,0
142.55,0
142.56,0
142.57,0
142.58,0
142.59,0
142.6,0
142.61,0
142.62,0
142.63,0
142.64,0
142.65,0
142.66,0
142.67,0
142.68,0
142.69,0
142.7,0
142.71,0
142.72,0
142.73,0
142.74,0
142.75,0
142.76,0
142.77,0
142.78,0
142.79,0
142.8,0
142.81,0
142.82,0
142.83,0
142.84,0
142.85,0
142.86,0
142.87,0
142.88,0
142.89,0
142.9,0
142.91,0
142.92,0
142.93,0
142.94,0
142.95,0
142.96,0
142.97,0
142.98,0
142.99,0
143,0
143.01,0
143.02,0
143.03,0
143.04,0
143.05,0
143.06,0
143.07,0
143.08,0
143.09,0
143.1,0
143.11,0
143.12,0
143.13,0
143.14,0
143.15,0
143.16,0
143.17,0
143.18,0
143.19,0
143.2,0
143.21,0
143.22,0
143.23,0
143.24,0
143.25,0
143.26,0
143.27,0
143.28,0
143.29,0
143.3,0
143.31,0
143.32,0
143.33,0
143.34,0
143.35,0
143.36,0
143.37,0
143.38,0
143.39,0
143.4,0
143.41,0
143.42,0
143.43,0
143.44,0
143.45,0
143.46,0
143.47,0
143.48,0
143.49,0
143.5,0
143.51,0
143.52,0
143.53,0
143.54,0
143.55,0
143.56,0
143.57,0
143.58,0
143.59,0
143.6,0
143.61,0
143.62,0
143.63,0
143.64,0
143.65,0
143.66,0
143.67,0
143.68,0
143.69,0
143.7,0
143.71,0
143.72,0
143.73,0
143.74,0
143.75,0
143.76,0
143.77,0
143.78,0
143.79,0
143.8,0
143.81,0
143.82,0
143.83,0
143.84,0
143.85,0
143.86,0
143.87,0
143.88,0
143.89,0
143.9,0
143.91,0
143.92,0
143.93,0
143.94,0
143.95,0
143.96,0
143.97,0
143.98,0
143.99,0
144,0
144.01,0
144.02,0
144.03,0
144.04,0
144.05,0
144.06,0
144.07,0
144.08,0
144.09,0
144.1,0
144.11,0
144.12,0
144.13,0
144.14,0
144.15,0
144.16,0
144.17,0
144.18,0
144.19,0
144.2,0
144.21,0
144.22,0
144.23,0
144.24,0
144.25,0
144.26,0
144.27,0
144.28,0
144.29,0
144.3,0
144.31,0
144.32,0
144.33,0
144.34,0
144.35,0
144.36,0
144.37,0
144.38,0
144.39,0
144.4,0
144.41,0
144.42,0
144.43,0
144.44,0
144.45,0
144.46,0
144.47,0
144.48,0
144.49,0
144.5,0
144.51,0
144.52,0
144.53,0
144.54,0
144.55,0
144.56,0
144.57,0
144.58,0
144.59,0
144.6,0
144.61,0
144.62,0
144.63,0
144.64,0
144.65,0
144.66,0
144.67,0
144.68,0
144.69,0
144.7,0
144.71,0
144.72,0
144.73,0
144.74,0
144.75,0
144.76,0
144.77,0
144.78,0
144.79,0
144.8,0
144.81,0
144.82,0
144.83,0
144.84,0
144.85,0
144.86,0
144.87,0
144.88,0
144.89,0
144.9,0
144.91,0
144.92,0
144.93,0
144.94,0
144.95,0
144.96,0
144.97,0
144.98,0
144.99,0
145,0
145.01,0
145.02,0
145.03,0
145.04,0
145.05,0
145.06,0
145.07,0
145.08,0
145.09,0
145.1,0
145.11,0
145.12,0
145.13,0
145.14,0
145.15,0
145.16,0
145.17,0
145.18,0
145.19,0
145.2,0
145.21,0
145.22,0
145.23,0
145.24,0
145.25,0
145.26,0
145.27,0
145.28,0
145.29,0
145.3,0
145.31,0
145.32,0
145.33,0
145.34,0
145.35,0
145.36,0
145.37,0
145.38,0
145.39,0
145.4,0
145.41,0
145.42,0
145.43,0
145.44,0
145.45,0
145.46,0
145.47,0
145.48,0
145.49,0
145.5,0
145.51,0
145.52,0
145.53,0
145.54,0
145.55,0
145.56,0
145.57,0
145.58,0
145.59,0
145.6,0
145.61,0
145.62,0
145.63,0
145.64,0
145.65,0
145.66,0
145.67,0
145.68,0
145.69,0
145.7,0
145.71,0
145.72,0
145.73,0
145.74,0
145.75,0
145.76,0
145.77,0
145.78,0
145.79,0
145.8,0
145.81,0
145.82,0
145.83,0
145.84,0
145.85,0
145.86,0
145.87,0
145.88,0
145.89,0
145.9,0
145.91,0
145.92,0
145.93,0
145.94,0
145.95,0
145.96,0
145.97,0
145.98,0
145.99,0
146,0
146.01,0
146.02,0
146.03,0
146.04,0
146.05,0
146.06,0
146.07,0
146.08,0
146.09,0
146.1,0
146.11,0
146.12,0
146.13,0
146.14,0
146.15,0
146.16,0
146.17,0
146.18,0
146.19,0
146.2,0
146.21,0
146.22,0
146.23,0
146.24,0
146.25,0
146.26,0
146.27,0
146.28,0
146.29,0
146.3,0
146.31,0
146.32,0
146.33,0
146.34,0
146.35,0
146.36,0
146.37,0
146.38,0
146.39,0
146.4,0
146.41,0
146.42,0
146.43,0
146.44,0
146.45,0
146.46,0
146.47,0
146.48,0
146.49,0
146.5,0
146.51,0
146.52,0
146.53,0
146.54,0
146.55,0
146.56,0
146.57,0
146.58,0
146.59,0
146.6,0
146.61,0
146.62,0
146.63,0
146.64,0
146.65,0
146.66,0
146.67,0
146.68,0
146.69,0
146.7,0
146.71,0
146.72,0
146.73,0
146.74,0
146.75,0
146.76,0
146.77,0
146.78,0
146.79,0
146.8,0
146.81,0
146.82,0
146.83,0
146.84,0
146.85,0
146.86,0
146.87,0
146.88,0
146.89,0
146.9,0
146.91,0
146.92,0
146.93,0
146.94,0
146.95,0
146.96,0
146.97,0
146.98,0
146.99,0
147,0
147.01,0
147.02,0
147.03,0
147.04,0
147.05,0
147.06,0
147.07,0
147.08,0
147.09,0
147.1,0
147.11,0
147.12,0
147.13,0
147.14,0
147.15,0
147.16,0
147.17,0
147.18,0
147.19,0
147.2,0
147.21,0
147.22,0
147.23,0
147.24,0
147.25,0
147.26,0
147.27,0
147.28,0
147.29,0
147.3,0
147.31,0
147.32,0
147.33,0
147.34,0
147.35,0
147.36,0
147.37,0
147.38,0
147.39,0
147.4,0
147.41,0
147.42,0
147.43,0
147.44,0
147.45,0
147.46,0
147.47,0
147.48,0
147.49,0
147.5,0
147.51,0
147.52,0
147.53,0
147.54,0
147.55,0
147.56,0
147.57,0
147.58,0
147.59,0
147.6,0
147.61,0
147.62,0
147.63,0
147.64,0
147.65,0
147.66,0
147.67,0
147.68,0
147.69,0
147.7,0
147.71,0
147.72,0
147.73,0
147.74,0
147.75,0
147.76,0
147.77,0
147.78,0
147.79,0
147.8,0
147.81,0
147.82,0
147.83,0
147.84,0
147.85,0
147.86,0
147.87,0
147.88,0
147.89,0
147.9,0
147.91,0
147.92,0
147.93,0
147.94,0
147.95,0
147.96,0
147.97,0
147.98,0
147.99,0
148,0
148.01,0
148.02,0
148.03,0
148.04,0
148.05,0
148.06,0
148.07,0
148.08,0
148.09,0
148.1,0
148.11,0
148.12,0
148.13,0
148.14,0
148.15,0
148.16,0
148.17,0
148.18,0
148.19,0
148.2,0
148.21,0
148.22,0
148.23,0
148.24,0
148.25,0
148.26,0
148.27,0
148.28,0
148.29,0
148.3,0
148.31,0
148.32,0
148.33,0
148.34,0
148.35,0
148.36,0
148.37,0
148.38,0
148.39,0
148.4,0
148.41,0
148.42,0
148.43,0
148.44,0
148.45,0
148.46,0
148.47,0
148.48,0
148.49,0
148.5,0
148.51,0
148.52,0
148.53,0
148.54,0
148.55,0
148.56,0
148.57,0
148.58,0
148.59,0
148.6,0
148.61,0
148.62,0
148.63,0
148.64,0
148.65,0
148.66,0
148.67,0
148.68,0
148.69,0
148.7,0
148.71,0
148.72,0
148.73,0
148.74,0
148.75,0
148.76,0
148.77,0
148.78,0
148.79,0
148.8,0
148.81,0
148.82,0
148.83,0
148.84,0
148.85,0
148.86,0
148.87,0
148.88,0
148.89,0
148.9,0
148.91,0
148.92,0
148.93,0
148.94,0
148.95,0
148.96,0
148.97,0
148.98,0
148.99,0
149,0
149.01,0
149.02,0
149.03,0
149.04,0
149.05,0
149.06,0
149.07,0
149.08,0
149.09,0
149.1,0
149.11,0
149.12,0
149.13,0
149.14,0
149.15,0
149.16,0
149.17,0
149.18,0
149.19,0
149.2,0
149.21,0
149.22,0
149.23,0
149.24,0
149.25,0
149.26,0
149.27,0
149.28,0
149.29,0
149.3,0
149.31,0
149.32,0
149.33,0
149.34,0
149.35,0
149.36,0
149.37,0
149.38,0
149.39,0
149.4,0
149.41,0
149.42,0
149.43,0
149.44,0
149.45,0
149.46,0
149.47,0
149.48,0
149.49,0
149.5,0
149.51,0
149.52,0
149.53,0
149.54,0
149.55,0
149.56,0
149.57,0
149.58,0
149.59,0
149.6,0
149.61,0
149.62,0
149.63,0
149.64,0
149.65,0
149.66,0
149.67,0
149.68,0
149.69,0
149.7,0
149.71,0
149.72,0
149.73,0
149.74,0
149.75,0
149.76,0
149.77,0
149.78,0
149.79,0
149.8,0
149.81,0
149.82,0
149.83,0
149.84,0
149.85,0
149.86,0
149.87,0
149.88,0
149.89,0
149.9,0
149.91,0
149.92,0
149.93,0
149.94,0
149.95,0
149.96,0
149.97,0
149.98,0
149.99,0
150,0
150.01,0
150.02,0
150.03,0
150.04,0
150.05,0
150.06,0
150.07,0
150.08,0
150.09,0
150.1,0
150.11,0
150.12,0
150.13,0
150.14,0
150.15,0
150.16,0
150.17,0
150.18,0
150.19,0
150.2,0
150.21,0
150.22,0
150.23,0
150.24,0
150.25,0
150.26,0
150.27,0
150.28,0
150.29,0
150.3,0
150.31,0
150.32,0
150.33,0
150.34,0
150.35,0
150.36,0
150.37,0
150.38,0
150.39,0
150.4,0
150.41,0
150.42,0
150.43,0
150.44,0
150.45,0
150.46,0
150.47,0
150.48,0
150.49,0
150.5,0
150.51,0
150.52,0
150.53,0
150.54,0
150.55,0
150.56,0
150.57,0
150.58,0
150.59,0
150.6,0
150.61,0
150.62,0
150.63,0
150.64,0
150.65,0
150.66,0
150.67,0
150.68,0
150.69,0
150.7,0
150.71,0
150.72,0
150.73,0
150.74,0
150.75,0
150.76,0
150.77,0
150.78,0
150.79,0
150.8,0
150.81,0
150.82,0
150.83,0
150.84,0
150.85,0
150.86,0
150.87,0
150.88,0
150.89,0
150.9,0
150.91,0
150.92,0
150.93,0
150.94,0
150.95,0
150.96,0
150.97,0
150.98,0
150.99,0
151,0
151.01,0
151.02,0
151.03,0
151.04,0
151.05,0
151.06,0
151.07,0
151.08,0
151.09,0
151.1,0
151.11,0
151.12,0
151.13,0
151.14,0
151.15,0
151.16,0
151.17,0
151.18,0
151.19,0
151.2,0
151.21,0
151.22,0
151.23,0
151.24,0
151.25,0
151.26,0
151.27,0
151.28,0
151.29,0
151.3,0
151.31,0
151.32,0
151.33,0
151.34,0
151.35,0
151.36,0
151.37,0
151.38,0
151.39,0
151.4,0
151.41,0
151.42,0
151.43,0
151.44,0
151.45,0
151.46,0
151.47,0
151.48,0
151.49,0
151.5,0
151.51,0
151.52,0
151.53,0
151.54,0
151.55,0
151.56,0
151.57,0
151.58,0
151.59,0
151.6,0
151.61,0
151.62,0
151.63,0
151.64,0
151.65,0
151.66,0
151.67,0
151.68,0
151.69,0
151.7,0
151.71,0
151.72,0
151.73,0
151.74,0
151.75,0
151.76,0
151.77,0
151.78,0
151.79,0
151.8,0
151.81,0
151.82,0
151.83,0
151.84,0
151.85,0
151.86,0
151.87,0
151.88,0
151.89,0
151.9,0
151.91,0
151.92,0
151.93,0
151.94,0
151.95,0
151.96,0
151.97,0
151.98,0
151.99,0
152,0
152.01,0
152.02,0
152.03,0
152.04,0
152.05,0
152.06,0
152.07,0
152.08,0
152.09,0
152.1,0
152.11,0
152.12,0
152.13,0
152.14,0
152.15,0
152.16,0
152.17,0
152.18,0
152.19,0
152.2,0
152.21,0
152.22,0
152.23,0
152.24,0
152.25,0
152.26,0
152.27,0
152.28,0
152.29,0
152.3,0
152.31,0
152.32,0
152.33,0
152.34,0
152.35,0
152.36,0
152.37,0
152.38,0
152.39,0
152.4,0
152.41,0
152.42,0
152.43,0
152.44,0
152.45,0
152.46,0
152.47,0
152.48,0
152.49,0
152.5,0
152.51,0
152.52,0
152.53,0
152.54,0
152.55,0
152.56,0
152.57,0
152.58,0
152.59,0
152.6,0
152.61,0
152.62,0
152.63,0
152.64,0
152.65,0
152.66,0
152.67,0
152.68,0
152.69,0
152.7,0
152.71,0
152.72,0
152.73,0
152.74,0
152.75,0
152.76,0
152.77,0
152.78,0
152.79,0
152.8,0
152.81,0
152.82,0
152.83,0
152.84,0
152.85,0
152.86,0
152.87,0
152.88,0
152.89,0
152.9,0
152.91,0
152.92,0
152.93,0
152.94,0
152.95,0
152.96,0
152.97,0
152.98,0
152.99,0
153,0
153.01,0
153.02,0
153.03,0
153.04,0
153.05,0
153.06,0
153.07,0
153.08,0
153.09,0
153.1,0
153.11,0
153.12,0
153.13,0
153.14,0
153.15,0
153.16,0
153.17,0
153.18,0
153.19,0
153.2,0
153.21,0
153.22,0
153.23,0
153.24,0
153.25,0
153.26,0
153.27,0
153.28,0
153.29,0
153.3,0
153.31,0
153.32,0
153.33,0
153.34,0
153.35,0
153.36,0
153.37,0
153.38,0
153.39,0
153.4,0
153.41,0
153.42,0
153.43,0
153.44,0
153.45,0
153.46,0
153.47,0
153.48,0
153.49,0
153.5,0
153.51,0
153.52,0
153.53,0
153.54,0
153.55,0
153.56,0
153.57,0
153.58,0
153.59,0
153.6,0
153.61,0
153.62,0
153.63,0
153.64,0
153.65,0
153.66,0
153.67,0
153.68,0
153.69,0
153.7,0
153.71,0
153.72,0
153.73,0
153.74,0
153.75,0
153.76,0
153.77,0
153.78,0
153.79,0
153.8,0
153.81,0
153.82,0
153.83,0
153.84,0
153.85,0
153.86,0
153.87,0
153.88,0
153.89,0
153.9,0
153.91,0
153.92,0
153.93,0
153.94,0
153.95,0
153.96,0
153.97,0
153.98,0
153.99,0
154,0
154.01,0
154.02,0
154.03,0
154.04,0
154.05,0
154.06,0
154.07,0
154.08,0
154.09,0
154.1,0
154.11,0
154.12,0
154.13,0
154.14,0
154.15,0
154.16,0
154.17,0
154.18,0
154.19,0
154.2,0
154.21,0
154.22,0
154.23,0
154.24,0
154.25,0
154.26,0
154.27,0
154.28,0
154.29,0
154.3,0
154.31,0
154.32,0
154.33,0
154.34,0
154.35,0
154.36,0
154.37,0
154.38,0
154.39,0
154.4,0
154.41,0
154.42,0
154.43,0
154.44,0
154.45,0
154.46,0
154.47,0
154.48,0
154.49,0
154.5,0
154.51,0
154.52,0
154.53,0
154.54,0
154.55,0
154.56,0
154.57,0
154.58,0
154.59,0
154.6,0
154.61,0
154.62,0
154.63,0
154.64,0
154.65,0
154.66,0
154.67,0
154.68,0
154.69,0
154.7,0
154.71,0
154.72,0
154.73,0
154.74,0
154.75,0
154.76,0
154.77,0
154.78,0
154.79,0
154.8,0
154.81,0
154.82,0
154.83,0
154.84,0
154.85,0
154.86,0
154.87,0
154.88,0
154.89,0
154.9,0
154.91,0
154.92,0
154.93,0
154.94,0
154.95,0
154.96,0
154.97,0
154.98,0
154.99,0
155,0
155.01,0
155.02,0
155.03,0
155.04,0
155.05,0
155.06,0
155.07,0
155.08,0
155.09,0
155.1,0
155.11,0
155.12,0
155.13,0
155.14,0
155.15,0
155.16,0
155.17,0
155.18,0
155.19,0
155.2,0
155.21,0
155.22,0
155.23,0
155.24,0
155.25,0
155.26,0
155.27,0
155.28,0
155.29,0
155.3,0
155.31,0
155.32,0
155.33,0
155.34,0
155.35,0
155.36,0
155.37,0
155.38,0
155.39,0
155.4,0
155.41,0
155.42,0
155.43,0
155.44,0
155.45,0
155.46,0
155.47,0
155.48,0
155.49,0
155.5,0
155.51,0
155.52,0
155.53,0
155.54,0
155.55,0
155.56,0
155.57,0
155.58,0
155.59,0
155.6,0
155.61,0
155.62,0
155.63,0
155.64,0
155.65,0
155.66,0
155.67,0
155.68,0
155.69,0
155.7,0
155.71,0
155.72,0
155.73,0
155.74,0
155.75,0
155.76,0
155.77,0
155.78,0
155.79,0
155.8,0
155.81,0
155.82,0
155.83,0
155.84,0
155.85,0
155.86,0
155.87,0
155.88,0
155.89,0
155.9,0
155.91,0
155.92,0
155.93,0
155.94,0
155.95,0
155.96,0
155.97,0
155.98,0
155.99,0
156,0
156.01,0
156.02,0
156.03,0
156.04,0
156.05,0
156.06,0
156.07,0
156.08,0
156.09,0
156.1,0
156.11,0
156.12,0
156.13,0
156.14,0
156.15,0
156.16,0
156.17,0
156.18,0
156.19,0
156.2,0
156.21,0
156.22,0
156.23,0
156.24,0
156.25,0
156.26,0
156.27,0
156.28,0
156.29,0
156.3,0
156.31,0
156.32,0
156.33,0
156.34,0
156.35,0
156.36,0
156.37,0
156.38,0
156.39,0
156.4,0
156.41,0
156.42,0
156.43,0
156.44,0
156.45,0
156.46,0
156.47,0
156.48,0
156.49,0
156.5,0
156.51,0
156.52,0
156.53,0
156.54,0
156.55,0
156.56,0
156.57,0
156.58,0
156.59,0
156.6,0
156.61,0
156.62,0
156.63,0
156.64,0
156.65,0
156.66,0
156.67,0
156.68,0
156.69,0
156.7,0
156.71,0
156.72,0
156.73,0
156.74,0
156.75,0
156.76,0
156.77,0
156.78,0
156.79,0
156.8,0
156.81,0
156.82,0
156.83,0
156.84,0
156.85,0
156.86,0
156.87,0
156.88,0
156.89,0
156.9,0
156.91,0
156.92,0
156.93,0
156.94,0
156.95,0
156.96,0
156.97,0
156.98,0
156.99,0
157,0
157.01,0
157.02,0
157.03,0
157.04,0
157.05,0
157.06,0
157.07,0
157.08,0
157.09,0
157.1,0
157.11,0
157.12,0
157.13,0
157.14,0
157.15,0
157.16,0
157.17,0
157.18,0
157.19,0
157.2,0
157.21,0
157.22,0
157.23,0
157.24,0
157.25,0
157.26,0
157.27,0
157.28,0
157.29,0
157.3,0
157.31,0
157.32,0
157.33,0
157.34,0
157.35,0
157.36,0
157.37,0
157.38,0
157.39,0
157.4,0
157.41,0
157.42,0
157.43,0
157.44,0
157.45,0
157.46,0
157.47,0
157.48,0
157.49,0
157.5,0
157.51,0
157.52,0
157.53,0
157.54,0
157.55,0
157.56,0
157.57,0
157.58,0
157.59,0
157.6,0
157.61,0
157.62,0
157.63,0
157.64,0
157.65,0
157.66,0
157.67,0
157.68,0
157.69,0
157.7,0
157.71,0
157.72,0
157.73,0
157.74,0
157.75,0
157.76,0
157.77,0
157.78,0
157.79,0
157.8,0
157.81,0
157.82,0
157.83,0
157.84,0
157.85,0
157.86,0
157.87,0
157.88,0
157.89,0
157.9,0
157.91,0
157.92,0
157.93,0
157.94,0
157.95,0
157.96,0
157.97,0
157.98,0
157.99,0
158,0
158.01,0
158.02,0
158.03,0
158.04,0
158.05,0
158.06,0
158.07,0
158.08,0
158.09,0
158.1,0
158.11,0
158.12,0
158.13,0
158.14,0
158.15,0
158.16,0
158.17,0
158.18,0
158.19,0
158.2,0
158.21,0
158.22,0
158.23,0
158.24,0
158.25,0
158.26,0
158.27,0
158.28,0
158.29,0
158.3,0
158.31,0
158.32,0
158.33,0
158.34,0
158.35,0
158.36,0
158.37,0
158.38,0
158.39,0
158.4,0
158.41,0
158.42,0
158.43,0
158.44,0
158.45,0
158.46,0
158.47,0
158.48,0
158.49,0
158.5,0
158.51,0
158.52,0
158.53,0
158.54,0
158.55,0
158.56,0
158.57,0
158.58,0
158.59,0
158.6,0
158.61,0
158.62,0
158.63,0
158.64,0
158.65,0
158.66,0
158.67,0
158.68,0
158.69,0
158.7,0
158.71,0
158.72,0
158.73,0
158.74,0
158.75,0
158.76,0
158.77,0
158.78,0
158.79,0
158.8,0
158.81,0
158.82,0
158.83,0
158.84,0
158.85,0
158.86,0
158.87,0
158.88,0
158.89,0
158.9,0
158.91,0
158.92,0
158.93,0
158.94,0
158.95,0
158.96,0
158.97,0
158.98,0
158.99,0
159,0
159.01,0
159.02,0
159.03,0
159.04,0
159.05,0
159.06,0
159.07,0
159.08,0
159.09,0
159.1,0
159.11,0
159.12,0
159.13,0
159.14,0
159.15,0
159.16,0
159.17,0
159.18,0
159.19,0
159.2,0
159.21,0
159.22,0
159.23,0
159.24,0
159.25,0
159.26,0
159.27,0
159.28,0
159.29,0
159.3,0
159.31,0
159.32,0
159.33,0
159.34,0
159.35,0
159.36,0
159.37,0
159.38,0
159.39,0
159.4,0
159.41,0
159.42,0
159.43,0
159.44,0
159.45,0
159.46,0
159.47,0
159.48,0
159.49,0
159.5,0
159.51,0
159.52,0
159.53,0
159.54,0
159.55,0
159.56,0
159.57,0
159.58,0
159.59,0
159.6,0
159.61,0
159.62,0
159.63,0
159.64,0
159.65,0
159.66,0
159.67,0
159.68,0
159.69,0
159.7,0
159.71,0
159.72,0
159.73,0
159.74,0
159.75,0
159.76,0
159.77,0
159.78,0
159.79,0
159.8,0
159.81,0
159.82,0
159.83,0
159.84,0
159.85,0
159.86,0
159.87,0
159.88,0
159.89,0
159.9,0
159.91,0
159.92,0
159.93,0
159.94,0
159.95,0
159.96,0
159.97,0
159.98,0
159.99,0
160,0
