0,0
0.01,0
0.02,0
0.03,0
0.04,0
0.05,0
0.06,0
0.07,0
0.08,0
0.09,0
0.1,0
0.11,0
0.12,0
0.13,0
0.14,0
0.15,0
0.16,0
0.17,0
0.18,0
0.19,0
0.2,0
0.21,0
0.22,0
0.23,0
0.24,0
0.25,0
0.26,0
0.27,0
0.28,0
0.29,0
0.3,0
0.31,0
0.32,0
0.33,0
0.34,0
0.35,0
0.36,0
0.37,0
0.38,0
0.39,0
0.4,0
0.41,0
0.42,0
0.43,0
0.44,0
0.45,0
0.46,0
0.47,0
0.48,0
0.49,0
0.5,0
0.51,0
0.52,0
0.53,0
0.54,0
0.55,0
0.56,0
0.57,0
0.58,0
0.59,0
0.6,0
0.61,0
0.62,0
0.63,0
0.64,0
0.65,0
0.66,0
0.67,0
0.68,0
0.69,0
0.7,0
0.71,0
0.72,0
0.73,0
0.74,0
0.75,0
0.76,0
0.77,0
0.78,0
0.79,0
0.8,0
0.81,0
0.82,0
0.83,0
0.84,0
0.85,0
0.86,0
0.87,0
0.88,0
0.89,0
0.9,0
0.91,0
0.92,0
0.93,0
0.94,0
0.95,0
0.96,0
0.97,0
0.98,0
0.99,0
1,0
1.01,0
1.02,0
1.03,0
1.04,0
1.05,0
1.06,0
1.07,0
1.08,0
1.09,0
1.1,0
1.11,0
1.12,0
1.13,0
1.14,0
1.15,0
1.16,0
1.17,0
1.18,0
1.19,0
1.2,0
1.21,0
1.22,0
1.23,0
1.24,0
1.25,0
1.26,0
1.27,0
1.28,0
1.29,0
1.3,0
1.31,0
1.32,0
1.33,0
1.34,0
1.35,0
1.36,0
1.37,0
1.38,0
1.39,0
1.4,0
1.41,0
1.42,0
1.43,0
1.44,0
1.45,0
1.46,0
1.47,0
1.48,0
1.49,0
1.5,0
1.51,0
1.52,0
1.53,0
1.54,0
1.55,0
1.56,0
1.57,0
1.58,0
1.59,0
1.6,0
1.61,0
1.62,0
1.63,0
1.64,0
1.65,0
1.66,0
1.67,0
1.68,0
1.69,0
1.7,0
1.71,0
1.72,0
1.73,0
1.74,0
1.75,0
1.76,0
1.77,0
1.78,0
1.79,0
1.8,0
1.81,0
1.82,0
1.83,0
1.84,0
1.85,0
1.86,0
1.87,0
1.88,0
1.89,0
1.9,0
1.91,0
1.92,0
1.93,0
1.94,0
1.95,0
1.96,0
1.97,0
1.98,0
1.99,0
2,0
2.01,0
2.02,0
2.03,0
2.04,0
2.05,0
2.06,0
2.07,0
2.08,0
2.09,0
2.1,0
2.11,0
2.12,0
2.13,0
2.14,0
2.15,0
2.16,0
2.17,0
2.18,0
2.19,0
2.2,0
2.21,0
2.22,0
2.23,0
2.24,0
2.25,0
2.26,0
2.27,0
2.28,0
2.29,0
2.3,0
2.31,0
2.32,0
2.33,0
2.34,0
2.35,0
2.36,0
2.37,0
2.38,0
2.39,0
2.4,0
2.41,0
2.42,0
2.43,0
2.44,0
2.45,0
2.46,0
2.47,0
2.48,0
2.49,0
2.5,0
2.51,0
2.52,0
2.53,0
2.54,0
2.55,0
2.56,0
2.57,0
2.58,0
2.59,0
2.6,0
2.61,0
2.62,0
2.63,0
2.64,0
2.65,0
2.66,0
2.67,0
2.68,0
2.69,0
2.7,0
2.71,0
2.72,0
2.73,0
2.74,0
2.75,0
2.76,0
2.77,0
2.78,0
2.79,0
2.8,0
2.81,0
2.82,0
2.83,0
2.84,0
2.85,0
2.86,0
2.87,0
2.88,0
2.89,0
2.9,0
2.91,0
2.92,0
2.93,0
2.94,0
2.95,0
2.96,0
2.97,0
2.98,0
2.99,0
3,0
3.01,0
3.02,0
3.03,0
3.04,0
3.05,0
3.06,0
3.07,0
3.08,0
3.09,0
3.1,0
3.11,0
3.12,0
3.13,0
3.14,0
3.15,0
3.16,0
3.17,0
3.18,0
3.19,0
3.2,0
3.21,0
3.22,0
3.23,0
3.24,0
3.25,0
3.26,0
3.27,0
3.28,0
3.29,0
3.3,0
3.31,0
3.32,0
3.33,0
3.34,0
3.35,0
3.36,0
3.37,0
3.38,0
3.39,0
3.4,0
3.41,0
3.42,0
3.43,0
3.44,0
3.45,0
3.46,0
3.47,0
3.48,0
3.49,0
3.5,0
3.51,0
3.52,0
3.53,0
3.54,0
3.55,0
3.56,0
3.57,0
3.58,0
3.59,0
3.6,0
3.61,0
3.62,0
3.63,0
3.64,0
3.65,0
3.66,0
3.67,0
3.68,0
3.69,0
3.7,0
3.71,0
3.72,0
3.73,0
3.74,0
3.75,0
3.76,0
3.77,0
3.78,0
3.79,0
3.8,0
3.81,0
3.82,0
3.83,0
3.84,0
3.85,0
3.86,0
3.87,0
3.88,0
3.89,0
3.9,0
3.91,0
3.92,0
3.93,0
3.94,0
3.95,0
3.96,0
3.97,0
3.98,0
3.99,0
4,0
4.01,0
4.02,0
4.03,0
4.04,0
4.05,0
4.06,0
4.07,0
4.08,0
4.09,0
4.1,0
4.11,0
4.12,0
4.13,0
4.14,0
4.15,0
4.16,0
4.17,0
4.18,0
4.19,0
4.2,0
4.21,0
4.22,0
4.23,0
4.24,0
4.25,0
4.26,0
4.27,0
4.28,0
4.29,0
4.3,0
4.31,0
4.32,0
4.33,0
4.34,0
4.35,0
4.36,0
4.37,0
4.38,0
4.39,0
4.4,0
4.41,0
4.42,0
4.43,0
4.44,0
4.45,0
4.46,0
4.47,0
4.48,0
4.49,0
4.5,0
4.51,0
4.52,0
4.53,0
4.54,0
4.55,0
4.56,0
4.57,0
4.58,0
4.59,0
4.6,0
4.61,0
4.62,0
4.63,0
4.64,0
4.65,0
4.66,0
4.67,0
4.68,0
4.69,0
4.7,0
4.71,0
4.72,0
4.73,0
4.74,0
4.75,0
4.76,0
4.77,0
4.78,0
4.79,0
4.8,0
4.81,0
4.82,0
4.83,0
4.84,0
4.85,0
4.86,0
4.87,0
4.88,0
4.89,0
4.9,0
4.91,0
4.92,0
4.93,0
4.94,0
4.95,0
4.96,0
4.97,0
4.98,0
4.99,0
5,0
5.01,0
5.02,0
5.03,0
5.04,0
5.05,0
5.06,0
5.07,0
5.08,0
5.09,0
5.1,0
5.11,0
5.12,0
5.13,0
5.14,0
5.15,0
5.16,0
5.17,0
5.18,0
5.19,0
5.2,0
5.21,0
5.22,0
5.23,0
5.24,0
5.25,0
5.26,0
5.27,0
5.28,0
5.29,0
5.3,0
5.31,0
5.32,0
5.33,0
5.34,0
5.35,0
5.36,0
5.37,0
5.38,0
5.39,0
5.4,0
5.41,0
5.42,0
5.43,0
5.44,0
5.45,0
5.46,0
5.47,0
5.48,0
5.49,0
5.5,0
5.51,0
5.52,0
5.53,0
5.54,0
5.55,0
5.56,0
5.57,0
5.58,0
5.59,0
5.6,0
5.61,0
5.62,0
5.63,0
5.64,0
5.65,0
5.66,0
5.67,0
5.68,0
5.69,0
5.7,0
5.71,0
5.72,0
5.73,0
5.74,0
5.75,0
5.76,0
5.77,0
5.78,0
5.79,0
5.8,0
5.81,0
5.82,0
5.83,0
5.84,0
5.85,0
5.86,0
5.87,0
5.88,0
5.89,0
5.9,0
5.91,0
5.92,0
5.93,0
5.94,0
5.95,0
5.96,0
5.97,0
5.98,0
5.99,0
6,60
6.01,60
6.02,60
6.03,60
6.04,60
6.05,60
6.06,60
6.07,60
6.08,60
6.09,60
6.1,60
6.11,60
6.12,60
6.13,60
6.14,60
6.15,60
6.16,60
6.17,60
6.18,60
6.19,60
6.2,60
6.21,60
6.22,60
6.23,60
6.24,60
6.25,60
6.26,60
6.27,60
6.28,60
6.29,60
6.3,60
6.31,60
6.32,60
6.33,60
6.34,60
6.35,60
6.36,60
6.37,60
6.38,60
6.39,60
6.4,60
6.41,60
6.42,60
6.43,60
6.44,60
6.45,60
6.46,60
6.47,60
6.48,60
6.49,60
6.5,60
6.51,60
6.52,60
6.53,60
6.54,60
6.55,60
6.56,60
6.57,60
6.58,60
6.59,60
6.6,60
6.61,60
6.62,60
6.63,60
6.64,60
6.65,60
6.66,60
6.67,60
6.68,60
6.69,60
6.7,60
6.71,60
6.72,60
6.73,60
6.74,60
6.75,60
6.76,60
6.77,60
6.78,60
6.79,60
6.8,60
6.81,60
6.82,60
6.83,60
6.84,60
6.85,60
6.86,60
6.87,60
6.88,60
6.89,60
6.9,60
6.91,60
6.92,60
6.93,60
6.94,60
6.95,60
6.96,60
6.97,60
6.98,60
6.99,60
7,60
7.01,60
7.02,60
7.03,60
7.04,60
7.05,60
7.06,60
7.07,60
7.08,60
7.09,60
7.1,60
7.11,60
7.12,60
7.13,60
7.14,60
7.15,60
7.16,60
7.17,60
7.18,60
7.19,60
7.2,60
7.21,60
7.22,60
7.23,60
7.24,60
7.25,60
7.26,60
7.27,60
7.28,60
7.29,60
7.3,60
7.31,60
7.32,60
7.33,60
7.34,60
7.35,60
7.36,60
7.37,60
7.38,60
7.39,60
7.4,60
7.41,60
7.42,60
7.43,60
7.44,60
7.45,60
7.46,60
7.47,60
7.48,60
7.49,60
7.5,60
7.51,60
7.52,60
7.53,60
7.54,60
7.55,60
7.56,60
7.57,60
7.58,60
7.59,60
7.6,60
7.61,60
7.62,60
7.63,60
7.64,60
7.65,60
7.66,60
7.67,60
7.68,60
7.69,60
7.7,60
7.71,60
7.72,60
7.73,60
7.74,60
7.75,60
7.76,60
7.77,60
7.78,60
7.79,60
7.8,60
7.81,60
7.82,60
7.83,60
7.84,60
7.85,60
7.86,60
7.87,60
7.88,60
7.89,60
7.9,60
7.91,60
7.92,60
7.93,60
7.94,60
7.95,60
7.96,60
7.97,60
7.98,60
7.99,60
8,60
8.01,60
8.02,60
8.03,60
8.04,60
8.05,60
8.06,60
8.07,60
8.08,60
8.09,60
8.1,60
8.11,60
8.12,60
8.13,60
8.14,60
8.15,60
8.16,60
8.17,60
8.18,60
8.19,60
8.2,60
8.21,60
8.22,60
8.23,60
8.24,60
8.25,60
8.26,60
8.27,60
8.28,60
8.29,60
8.3,60
8.31,60
8.32,60
8.33,60
8.34,60
8.35,60
8.36,60
8.37,60
8.38,60
8.39,60
8.4,60
8.41,60
8.42,60
8.43,60
8.44,60
8.45,60
8.46,60
8.47,60
8.48,60
8.49,60
8.5,60
8.51,60
8.52,60
8.53,60
8.54,60
8.55,60
8.56,60
8.57,60
8.58,60
8.59,60
8.6,60
8.61,60
8.62,60
8.63,60
8.64,60
8.65,60
8.66,60
8.67,60
8.68,60
8.69,60
8.7,60
8.71,60
8.72,60
8.73,60
8.74,60
8.75,60
8.76,60
8.77,60
8.78,60
8.79,60
8.8,60
8.81,60
8.82,60
8.83,60
8.84,60
8.85,60
8.86,60
8.87,60
8.88,60
8.89,60
8.9,60
8.91,60
8.92,60
8.93,60
8.94,60
8.95,60
8.96,60
8.97,60
8.98,60
8.99,60
9,60
9.01,60
9.02,60
9.03,60
9.04,60
9.05,60
9.06,60
9.07,60
9.08,60
9.09,60
9.1,60
9.11,60
9.12,60
9.13,60
9.14,60
9.15,60
9.16,60
9.17,60
9.18,60
9.19,60
9.2,60
9.21,60
9.22,60
9.23,60
9.24,60
9.25,60
9.26,60
9.27,60
9.28,60
9.29,60
9.3,60
9.31,60
9.32,60
9.33,60
9.34,60
9.35,60
9.36,60
9.37,60
9.38,60
9.39,60
9.4,60
9.41,60
9.42,60
9.43,60
9.44,60
9.45,60
9.46,60
9.47,60
9.48,60
9.49,60
9.5,60
9.51,60
9.52,60
9.53,60
9.54,60
9.55,60
9.56,60
9.57,60
9.58,60
9.59,60
9.6,60
9.61,60
9.62,60
9.63,60
9.64,60
9.65,60
9.66,60
9.67,60
9.68,60
9.69,60
9.7,60
9.71,60
9.72,60
9.73,60
9.74,60
9.75,60
9.76,60
9.77,60
9.78,60
9.79,60
9.8,60
9.81,60
9.82,60
9.83,60
9.84,60
9.85,60
9.86,60
9.87,60
9.88,60
9.89,60
9.9,60
9.91,60
9.92,60
9.93,60
9.94,60
9.95,60
9.96,60
9.97,60
9.98,60
9.99,60
10,60
10.01,60
10.02,60
10.03,60
10.04,60
10.05,60
10.06,60
10.07,60
10.08,60
10.09,60
10.1,60
10.11,60
10.12,60
10.13,60
10.14,60
10.15,60
10.16,60
10.17,60
10.18,60
10.19,60
10.2,60
10.21,60
10.22,60
10.23,60
10.24,60
10.25,60
10.26,60
10.27,60
10.28,60
10.29,60
10.3,60
10.31,60
10.32,60
10.33,60
10.34,60
10.35,60
10.36,60
10.37,60
10.38,60
10.39,60
10.4,60
10.41,60
10.42,60
10.43,60
10.44,60
10.45,60
10.46,60
10.47,60
10.48,60
10.49,60
10.5,60
10.51,60
10.52,60
10.53,60
10.54,60
10.55,60
10.56,60
10.57,60
10.58,60
10.59,60
10.6,60
10.61,60
10.62,60
10.63,60
10.64,60
10.65,60
10.66,60
10.67,60
10.68,60
10.69,60
10.7,60
10.71,60
10.72,60
10.73,60
10.74,60
10.75,60
10.76,60
10.77,60
10.78,60
10.79,60
10.8,60
10.81,60
10.82,60
10.83,60
10.84,60
10.85,60
10.86,60
10.87,60
10.88,60
10.89,60
10.9,60
10.91,60
10.92,60
10.93,60
10.94,60
10.95,60
10.96,60
10.97,60
10.98,60
10.99,60
11,60
11.01,60
11.02,60
11.03,60
11.04,60
11.05,60
11.06,60
11.07,60
11.08,60
11.09,60
11.1,60
11.11,60
11.12,60
11.13,60
11.14,60
11.15,60
11.16,60
11.17,60
11.18,60
11.19,60
11.2,60
11.21,60
11.22,60
11.23,60
11.24,60
11.25,60
11.26,60
11.27,60
11.28,60
11.29,60
11.3,60
11.31,60
11.32,60
11.33,60
11.34,60
11.35,60
11.36,60
11.37,60
11.38,60
11.39,60
11.4,60
11.41,60
11.42,60
11.43,60
11.44,60
11.45,60
11.46,60
11.47,60
11.48,60
11.49,60
11.5,60
11.51,60
11.52,60
11.53,60
11.54,60
11.55,60
11.56,60
11.57,60
11.58,60
11.59,60
11.6,60
11.61,60
11.62,60
11.63,60
11.64,60
11.65,60
11.66,60
11.67,60
11.68,60
11.69,60
11.7,60
11.71,60
11.72,60
11.73,60
11.74,60
11.75,60
11.76,60
11.77,60
11.78,60
11.79,60
11.8,60
11.81,60
11.82,60
11.83,60
11.84,60
11.85,60
11.86,60
11.87,60
11.88,60
11.89,60
11.9,60
11.91,60
11.92,60
11.93,60
11.94,60
11.95,60
11.96,60
11.97,60
11.98,60
11.99,60
12,119.731612263068
12.01,119.731612263068
12.02,119.731612263068
12.03,119.731612263068
12.04,119.731612263068
12.05,119.731612263068
12.06,119.731612263068
12.07,119.731612263068
12.08,119.731612263068
12.09,119.731612263068
12.1,119.731612263068
12.11,119.731612263068
12.12,119.731612263068
12.13,119.731612263068
12.14,119.731612263068
12.15,119.731612263068
12.16,119.731612263068
12.17,119.731612263068
12.18,119.731612263068
12.19,119.731612263068
12.2,119.731612263068
12.21,119.731612263068
12.22,119.731612263068
12.23,119.731612263068
12.24,119.731612263068
12.25,119.731612263068
12.26,119.731612263068
12.27,119.731612263068
12.28,119.731612263068
12.29,119.731612263068
12.3,119.731612263068
12.31,119.731612263068
12.32,119.731612263068
12.33,119.731612263068
12.34,119.731612263068
12.35,119.731612263068
12.36,119.731612263068
12.37,119.731612263068
12.38,119.731612263068
12.39,119.731612263068
12.4,119.731612263068
12.41,119.731612263068
12.42,119.731612263068
12.43,119.731612263068
12.44,119.731612263068
12.45,119.731612263068
12.46,119.731612263068
12.47,119.731612263068
12.48,119.731612263068
12.49,119.731612263068
12.5,119.731612263068
12.51,119.731612263068
12.52,119.731612263068
12.53,119.731612263068
12.54,119.731612263068
12.55,119.731612263068
12.56,119.731612263068
12.57,119.731612263068
12.58,119.731612263068
12.59,119.731612263068
12.6,119.731612263068
12.61,119.731612263068
12.62,119.731612263068
12.63,119.731612263068
12.64,119.731612263068
12.65,119.731612263068
12.66,119.731612263068
12.67,119.731612263068
12.68,119.731612263068
12.69,119.731612263068
12.7,119.731612263068
12.71,119.731612263068
12.72,119.731612263068
12.73,119.731612263068
12.74,119.731612263068
12.75,119.731612263068
12.76,119.731612263068
12.77,119.731612263068
12.78,119.731612263068
12.79,119.731612263068
12.8,119.731612263068
12.81,119.731612263068
12.82,119.731612263068
12.83,119.731612263068
12.84,119.731612263068
12.85,119.731612263068
12.86,119.731612263068
12.87,119.731612263068
12.88,119.731612263068
12.89,119.731612263068
12.9,119.731612263068
12.91,119.731612263068
12.92,119.731612263068
12.93,119.731612263068
12.94,119.731612263068
12.95,119.731612263068
12.96,119.731612263068
12.97,119.731612263068
12.98,119.731612263068
12.99,119.731612263068
13,119.731612263068
13.01,119.731612263068
13.02,119.731612263068
13.03,119.731612263068
13.04,119.731612263068
13.05,119.731612263068
13.06,119.731612263068
13.07,119.731612263068
13.08,119.731612263068
13.09,119.731612263068
13.1,119.731612263068
13.11,119.731612263068
13.12,119.731612263068
13.13,119.731612263068
13.14,119.731612263068
13.15,119.731612263068
13.16,119.731612263068
13.17,119.731612263068
13.18,119.731612263068
13.19,119.731612263068
13.2,119.731612263068
13.21,119.731612263068
13.22,119.731612263068
13.23,119.731612263068
13.24,119.731612263068
13.25,119.731612263068
13.26,119.731612263068
13.27,119.731612263068
13.28,119.731612263068
13.29,119.731612263068
13.3,119.731612263068
13.31,119.731612263068
13.32,119.731612263068
13.33,119.731612263068
13.34,119.731612263068
13.35,119.731612263068
13.36,119.731612263068
13.37,119.731612263068
13.38,119.731612263068
13.39,119.731612263068
13.4,119.731612263068
13.41,119.731612263068
13.42,119.731612263068
13.43,119.731612263068
13.44,119.731612263068
13.45,119.731612263068
13.46,119.731612263068
13.47,119.731612263068
13.48,119.731612263068
13.49,119.731612263068
13.5,119.731612263068
13.51,119.731612263068
13.52,119.731612263068
13.53,119.731612263068
13.54,119.731612263068
13.55,119.731612263068
13.56,119.731612263068
13.57,119.731612263068
13.58,119.731612263068
13.59,119.731612263068
13.6,119.731612263068
13.61,119.731612263068
13.62,119.731612263068
13.63,119.731612263068
13.64,119.731612263068
13.65,119.731612263068
13.66,119.731612263068
13.67,119.731612263068
13.68,119.731612263068
13.69,119.731612263068
13.7,119.731612263068
13.71,119.731612263068
13.72,119.731612263068
13.73,119.731612263068
13.74,119.731612263068
13.75,119.731612263068
13.76,119.731612263068
13.77,119.731612263068
13.78,119.731612263068
13.79,119.731612263068
13.8,119.731612263068
13.81,119.731612263068
13.82,119.731612263068
13.83,119.731612263068
13.84,119.731612263068
13.85,119.731612263068
13.86,119.731612263068
13.87,119.731612263068
13.88,119.731612263068
13.89,119.731612263068
13.9,119.731612263068
13.91,119.731612263068
13.92,119.731612263068
13.93,119.731612263068
13.94,119.731612263068
13.95,119.731612263068
13.96,119.731612263068
13.97,119.731612263068
13.98,119.731612263068
13.99,119.731612263068
14,119.731612263068
14.01,119.731612263068
14.02,119.731612263068
14.03,119.731612263068
14.04,119.731612263068
14.05,119.731612263068
14.06,119.731612263068
14.07,119.731612263068
14.08,119.731612263068
14.09,119.731612263068
14.1,119.731612263068
14.11,119.731612263068
14.12,119.731612263068
14.13,119.731612263068
14.14,119.731612263068
14.15,119.731612263068
14.16,119.731612263068
14.17,119.731612263068
14.18,119.731612263068
14.19,119.731612263068
14.2,119.731612263068
14.21,119.731612263068
14.22,119.731612263068
14.23,119.731612263068
14.24,119.731612263068
14.25,119.731612263068
14.26,119.731612263068
14.27,119.731612263068
14.28,119.731612263068
14.29,119.731612263068
14.3,119.731612263068
14.31,119.731612263068
14.32,119.731612263068
14.33,119.731612263068
14.34,119.731612263068
14.35,119.731612263068
14.36,119.731612263068
14.37,119.731612263068
14.38,119.731612263068
14.39,119.731612263068
14.4,119.731612263068
14.41,119.731612263068
14.42,119.731612263068
14.43,119.731612263068
14.44,119.731612263068
14.45,119.731612263068
14.46,119.731612263068
14.47,119.731612263068
14.48,119.731612263068
14.49,119.731612263068
14.5,119.731612263068
14.51,119.731612263068
14.52,119.731612263068
14.53,119.731612263068
14.54,119.731612263068
14.55,119.731612263068
14.56,119.731612263068
14.57,119.731612263068
14.58,119.731612263068
14.59,119.731612263068
14.6,119.731612263068
14.61,119.731612263068
14.62,119.731612263068
14.63,119.731612263068
14.64,119.731612263068
14.65,119.731612263068
14.66,119.731612263068
14.67,119.731612263068
14.68,119.731612263068
14.69,119.731612263068
14.7,119.731612263068
14.71,119.731612263068
14.72,119.731612263068
14.73,119.731612263068
14.74,119.731612263068
14.75,119.731612263068
14.76,119.731612263068
14.77,119.731612263068
14.78,119.731612263068
14.79,119.731612263068
14.8,119.731612263068
14.81,119.731612263068
14.82,119.731612263068
14.83,119.731612263068
14.84,119.731612263068
14.85,119.731612263068
14.86,119.731612263068
14.87,119.731612263068
14.88,119.731612263068
14.89,119.731612263068
14.9,119.731612263068
14.91,119.731612263068
14.92,119.731612263068
14.93,119.731612263068
14.94,119.731612263068
14.95,119.731612263068
14.96,119.731612263068
14.97,119.731612263068
14.98,119.731612263068
14.99,119.731612263068
15,119.731612263068
15.01,119.731612263068
15.02,119.731612263068
15.03,119.731612263068
15.04,119.731612263068
15.05,119.731612263068
15.06,119.731612263068
15.07,119.731612263068
15.08,119.731612263068
15.09,119.731612263068
15.1,119.731612263068
15.11,119.731612263068
15.12,119.731612263068
15.13,119.731612263068
15.14,119.731612263068
15.15,119.731612263068
15.16,119.731612263068
15.17,119.731612263068
15.18,110.906893401976
15.19,110.906893401976
15.2,110.906893401976
15.21,110.906893401976
15.22,110.906893401976
15.23,110.906893401976
15.24,110.906893401976
15.25,110.906893401976
15.26,110.906893401976
15.27,110.906893401976
15.28,110.906893401976
15.29,110.906893401976
15.3,110.906893401976
15.31,110.906893401976
15.32,110.906893401976
15.33,110.906893401976
15.34,110.906893401976
15.35,110.906893401976
15.36,110.906893401976
15.37,110.906893401976
15.38,110.906893401976
15.39,110.906893401976
15.4,110.906893401976
15.41,110.906893401976
15.42,110.906893401976
15.43,110.906893401976
15.44,110.906893401976
15.45,110.906893401976
15.46,110.906893401976
15.47,110.906893401976
15.48,110.906893401976
15.49,110.906893401976
15.5,110.906893401976
15.51,110.906893401976
15.52,110.906893401976
15.53,110.906893401976
15.54,110.906893401976
15.55,110.906893401976
15.56,110.906893401976
15.57,110.906893401976
15.58,110.906893401976
15.59,110.906893401976
15.6,110.906893401976
15.61,110.906893401976
15.62,110.906893401976
15.63,110.906893401976
15.64,110.906893401976
15.65,110.906893401976
15.66,110.906893401976
15.67,110.906893401976
15.68,110.906893401976
15.69,110.906893401976
15.7,110.906893401976
15.71,110.906893401976
15.72,110.906893401976
15.73,110.906893401976
15.74,110.906893401976
15.75,110.906893401976
15.76,110.906893401976
15.77,110.906893401976
15.78,110.906893401976
15.79,110.906893401976
15.8,110.906893401976
15.81,110.906893401976
15.82,110.906893401976
15.83,110.906893401976
15.84,110.906893401976
15.85,110.906893401976
15.86,110.906893401976
15.87,110.906893401976
15.88,110.906893401976
15.89,110.906893401976
15.9,110.906893401976
15.91,110.906893401976
15.92,110.906893401976
15.93,110.906893401976
15.94,110.906893401976
15.95,110.906893401976
15.96,110.906893401976
15.97,110.906893401976
15.98,110.906893401976
15.99,110.906893401976
16,110.906893401976
16.01,110.906893401976
16.02,110.906893401976
16.03,110.906893401976
16.04,110.906893401976
16.05,110.906893401976
16.06,110.906893401976
16.07,110.906893401976
16.08,110.906893401976
16.09,110.906893401976
16.1,110.906893401976
16.11,110.906893401976
16.12,110.906893401976
16.13,110.906893401976
16.14,110.906893401976
16.15,110.906893401976
16.16,110.906893401976
16.17,110.906893401976
16.18,110.906893401976
16.19,110.906893401976
16.2,110.906893401976
16.21,110.906893401976
16.22,110.906893401976
16.23,110.906893401976
16.24,110.906893401976
16.25,110.906893401976
16.26,110.906893401976
16.27,110.906893401976
16.28,110.906893401976
16.29,110.906893401976
16.3,110.906893401976
16.31,110.906893401976
16.32,110.906893401976
16.33,110.906893401976
16.34,110.906893401976
16.35,110.906893401976
16.36,110.906893401976
16.37,110.906893401976
16.38,110.906893401976
16.39,110.906893401976
16.4,110.906893401976
16.41,110.906893401976
16.42,110.906893401976
16.43,110.906893401976
16.44,110.906893401976
16.45,110.906893401976
16.46,110.906893401976
16.47,110.906893401976
16.48,110.906893401976
16.49,110.906893401976
16.5,110.906893401976
16.51,110.906893401976
16.52,110.906893401976
16.53,110.906893401976
16.54,110.906893401976
16.55,110.906893401976
16.56,110.906893401976
16.57,110.906893401976
16.58,110.906893401976
16.59,110.906893401976
16.6,110.906893401976
16.61,110.906893401976
16.62,110.906893401976
16.63,110.906893401976
16.64,110.906893401976
16.65,110.906893401976
16.66,110.906893401976
16.67,110.906893401976
16.68,110.906893401976
16.69,110.906893401976
16.7,110.906893401976
16.71,110.906893401976
16.72,110.906893401976
16.73,110.906893401976
16.74,110.906893401976
16.75,110.906893401976
16.76,110.906893401976
16.77,110.906893401976
16.78,110.906893401976
16.79,110.906893401976
16.8,110.906893401976
16.81,110.906893401976
16.82,110.906893401976
16.83,110.906893401976
16.84,110.906893401976
16.85,110.906893401976
16.86,110.906893401976
16.87,110.906893401976
16.88,110.906893401976
16.89,110.906893401976
16.9,110.906893401976
16.91,110.906893401976
16.92,110.906893401976
16.93,110.906893401976
16.94,110.906893401976
16.95,110.906893401976
16.96,110.906893401976
16.97,110.906893401976
16.98,110.906893401976
16.99,110.906893401976
17,110.906893401976
17.01,110.906893401976
17.02,110.906893401976
17.03,110.906893401976
17.04,110.906893401976
17.05,110.906893401976
17.06,110.906893401976
17.07,110.906893401976
17.08,110.906893401976
17.09,110.906893401976
17.1,110.906893401976
17.11,110.906893401976
17.12,110.906893401976
17.13,110.906893401976
17.14,110.906893401976
17.15,110.906893401976
17.16,110.906893401976
17.17,110.906893401976
17.18,110.906893401976
17.19,110.906893401976
17.2,110.906893401976
17.21,110.906893401976
17.22,110.906893401976
17.23,110.906893401976
17.24,110.906893401976
17.25,110.906893401976
17.26,110.906893401976
17.27,110.906893401976
17.28,110.906893401976
17.29,110.906893401976
17.3,110.906893401976
17.31,110.906893401976
17.32,110.906893401976
17.33,110.906893401976
17.34,110.906893401976
17.35,110.906893401976
17.36,110.906893401976
17.37,110.906893401976
17.38,110.906893401976
17.39,110.906893401976
17.4,110.906893401976
17.41,110.906893401976
17.42,110.906893401976
17.43,110.906893401976
17.44,110.906893401976
17.45,87.6827708651478
17.46,87.6827708651478
17.47,87.6827708651478
17.48,87.6827708651478
17.49,87.6827708651478
17.5,87.6827708651478
17.51,87.6827708651478
17.52,87.6827708651478
17.53,87.6827708651478
17.54,87.6827708651478
17.55,87.6827708651478
17.56,87.6827708651478
17.57,87.6827708651478
17.58,87.6827708651478
17.59,87.6827708651478
17.6,87.6827708651478
17.61,87.6827708651478
17.62,87.6827708651478
17.63,87.6827708651478
17.64,87.6827708651478
17.65,87.6827708651478
17.66,87.6827708651478
17.67,87.6827708651478
17.68,87.6827708651478
17.69,87.6827708651478
17.7,87.6827708651478
17.71,87.6827708651478
17.72,87.6827708651478
17.73,87.6827708651478
17.74,87.6827708651478
17.75,87.6827708651478
17.76,87.6827708651478
17.77,87.6827708651478
17.78,87.6827708651478
17.79,87.6827708651478
17.8,87.6827708651478
17.81,87.6827708651478
17.82,87.6827708651478
17.83,87.6827708651478
17.84,87.6827708651478
17.85,87.6827708651478
17.86,87.6827708651478
17.87,87.6827708651478
17.88,87.6827708651478
17.89,87.6827708651478
17.9,87.6827708651478
17.91,87.6827708651478
17.92,87.6827708651478
17.93,87.6827708651478
17.94,87.6827708651478
17.95,87.6827708651478
17.96,87.6827708651478
17.97,87.6827708651478
17.98,87.6827708651478
17.99,87.6827708651478
18,87.6827708651478
18.01,87.6827708651478
18.02,87.6827708651478
18.03,87.6827708651478
18.04,87.6827708651478
18.05,87.6827708651478
18.06,87.6827708651478
18.07,87.6827708651478
18.08,87.6827708651478
18.09,87.6827708651478
18.1,87.6827708651478
18.11,87.6827708651478
18.12,87.6827708651478
18.13,87.6827708651478
18.14,87.6827708651478
18.15,87.6827708651478
18.16,87.6827708651478
18.17,87.6827708651478
18.18,87.6827708651478
18.19,87.6827708651478
18.2,87.6827708651478
18.21,87.6827708651478
18.22,87.6827708651478
18.23,87.6827708651478
18.24,87.6827708651478
18.25,87.6827708651478
18.26,87.6827708651478
18.27,87.6827708651478
18.28,87.6827708651478
18.29,87.6827708651478
18.3,87.6827708651478
18.31,87.6827708651478
18.32,87.6827708651478
18.33,87.6827708651478
18.34,87.6827708651478
18.35,87.6827708651478
18.36,87.6827708651478
18.37,87.6827708651478
18.38,87.6827708651478
18.39,87.6827708651478
18.4,87.6827708651478
18.41,87.6827708651478
18.42,87.6827708651478
18.43,87.6827708651478
18.44,87.6827708651478
18.45,87.6827708651478
18.46,87.6827708651478
18.47,87.6827708651478
18.48,87.6827708651478
18.49,87.6827708651478
18.5,87.6827708651478
18.51,87.6827708651478
18.52,87.6827708651478
18.53,87.6827708651478
18.54,87.6827708651478
18.55,87.6827708651478
18.56,87.6827708651478
18.57,87.6827708651478
18.58,87.6827708651478
18.59,87.6827708651478
18.6,87.6827708651478
18.61,87.6827708651478
18.62,87.6827708651478
18.63,87.6827708651478
18.64,87.6827708651478
18.65,87.6827708651478
18.66,87.6827708651478
18.67,87.6827708651478
18.68,87.6827708651478
18.69,87.6827708651478
18.7,87.6827708651478
18.71,87.6827708651478
18.72,87.6827708651478
18.73,87.6827708651478
18.74,87.6827708651478
18.75,87.6827708651478
18.76,87.6827708651478
18.77,87.6827708651478
18.78,87.6827708651478
18.79,87.6827708651478
18.8,87.6827708651478
18.81,87.6827708651478
18.82,87.6827708651478
18.83,87.6827708651478
18.84,87.6827708651478
18.85,87.6827708651478
18.86,87.6827708651478
18.87,87.6827708651478
18.88,87.6827708651478
18.89,87.6827708651478
18.9,87.6827708651478
18.91,87.6827708651478
18.92,87.6827708651478
18.93,87.6827708651478
18.94,87.6827708651478
18.95,87.6827708651478
18.96,87.6827708651478
18.97,87.6827708651478
18.98,87.6827708651478
18.99,87.6827708651478
19,87.6827708651478
19.01,87.6827708651478
19.02,87.6827708651478
19.03,87.6827708651478
19.04,87.6827708651478
19.05,87.6827708651478
19.06,87.6827708651478
19.07,87.6827708651478
19.08,87.6827708651478
19.09,87.6827708651478
19.1,87.6827708651478
19.11,87.6827708651478
19.12,87.6827708651478
19.13,87.6827708651478
19.14,87.6827708651478
19.15,87.6827708651478
19.16,87.6827708651478
19.17,87.6827708651478
19.18,87.6827708651478
19.19,87.6827708651478
19.2,87.6827708651478
19.21,87.6827708651478
19.22,87.6827708651478
19.23,87.6827708651478
19.24,87.6827708651478
19.25,87.6827708651478
19.26,87.6827708651478
19.27,87.6827708651478
19.28,87.6827708651478
19.29,87.6827708651478
19.3,87.6827708651478
19.31,87.6827708651478
19.32,87.6827708651478
19.33,87.6827708651478
19.34,87.6827708651478
19.35,87.6827708651478
19.36,87.6827708651478
19.37,87.6827708651478
19.38,87.6827708651478
19.39,87.6827708651478
19.4,87.6827708651478
19.41,87.6827708651478
19.42,87.6827708651478
19.43,87.6827708651478
19.44,87.6827708651478
19.45,87.6827708651478
19.46,87.6827708651478
19.47,87.6827708651478
19.48,87.6827708651478
19.49,87.6827708651478
19.5,87.6827708651478
19.51,87.6827708651478
19.52,87.6827708651478
19.53,87.6827708651478
19.54,87.6827708651478
19.55,87.6827708651478
19.56,87.6827708651478
19.57,87.6827708651478
19.58,87.6827708651478
19.59,87.6827708651478
19.6,87.6827708651478
19.61,87.6827708651478
19.62,87.6827708651478
19.63,87.6827708651478
19.64,87.6827708651478
19.65,87.6827708651478
19.66,87.6827708651478
19.67,87.6827708651478
19.68,87.6827708651478
19.69,87.6827708651478
19.7,87.6827708651478
19.71,87.6827708651478
19.72,87.6827708651478
19.73,87.6827708651478
19.74,87.6827708651478
19.75,87.6827708651478
19.76,87.6827708651478
19.77,87.6827708651478
19.78,87.6827708651478
19.79,87.6827708651478
19.8,87.6827708651478
19.81,87.6827708651478
19.82,87.6827708651478
19.83,87.6827708651478
19.84,87.6827708651478
19.85,87.6827708651478
19.86,87.6827708651478
19.87,87.6827708651478
19.88,87.6827708651478
19.89,87.6827708651478
19.9,87.6827708651478
19.91,87.6827708651478
19.92,87.6827708651478
19.93,87.6827708651478
19.94,87.6827708651478
19.95,87.6827708651478
19.96,87.6827708651478
19.97,87.6827708651478
19.98,87.6827708651478
19.99,87.6827708651478
20,87.6827708651478
20.01,87.6827708651478
20.02,87.6827708651478
20.03,87.6827708651478
20.04,87.6827708651478
20.05,87.6827708651478
20.06,87.6827708651478
20.07,87.6827708651478
20.08,87.6827708651478
20.09,87.6827708651478
20.1,87.6827708651478
20.11,87.6827708651478
20.12,87.6827708651478
20.13,87.6827708651478
20.14,87.6827708651478
20.15,87.6827708651478
20.16,87.6827708651478
20.17,87.6827708651478
20.18,87.6827708651478
20.19,87.6827708651478
20.2,34.8405374616082
20.21,34.8405374616082
20.22,34.8405374616082
20.23,34.8405374616082
20.24,34.8405374616082
20.25,34.8405374616082
20.26,34.8405374616082
20.27,34.8405374616082
20.28,34.8405374616082
20.29,34.8405374616082
20.3,34.8405374616082
20.31,34.8405374616082
20.32,34.8405374616082
20.33,34.8405374616082
20.34,34.8405374616082
20.35,34.8405374616082
20.36,34.8405374616082
20.37,34.8405374616082
20.38,34.8405374616082
20.39,34.8405374616082
20.4,34.8405374616082
20.41,34.8405374616082
20.42,34.8405374616082
20.43,34.8405374616082
20.44,34.8405374616082
20.45,34.8405374616082
20.46,34.8405374616082
20.47,34.8405374616082
20.48,34.8405374616082
20.49,34.8405374616082
20.5,34.8405374616082
20.51,34.8405374616082
20.52,34.8405374616082
20.53,34.8405374616082
20.54,34.8405374616082
20.55,34.8405374616082
20.56,34.8405374616082
20.57,34.8405374616082
20.58,34.8405374616082
20.59,34.8405374616082
20.6,34.8405374616082
20.61,34.8405374616082
20.62,34.8405374616082
20.63,34.8405374616082
20.64,34.8405374616082
20.65,34.8405374616082
20.66,34.8405374616082
20.67,34.8405374616082
20.68,34.8405374616082
20.69,34.8405374616082
20.7,34.8405374616082
20.71,34.8405374616082
20.72,34.8405374616082
20.73,34.8405374616082
20.74,34.8405374616082
20.75,34.8405374616082
20.76,34.8405374616082
20.77,34.8405374616082
20.78,34.8405374616082
20.79,34.8405374616082
20.8,34.8405374616082
20.81,34.8405374616082
20.82,34.8405374616082
20.83,34.8405374616082
20.84,34.8405374616082
20.85,34.8405374616082
20.86,34.8405374616082
20.87,34.8405374616082
20.88,34.8405374616082
20.89,34.8405374616082
20.9,34.8405374616082
20.91,34.8405374616082
20.92,34.8405374616082
20.93,34.8405374616082
20.94,34.8405374616082
20.95,34.8405374616082
20.96,34.8405374616082
20.97,34.8405374616082
20.98,34.8405374616082
20.99,34.8405374616082
21,34.8405374616082
21.01,34.8405374616082
21.02,34.8405374616082
21.03,34.8405374616082
21.04,34.8405374616082
21.05,34.8405374616082
21.06,34.8405374616082
21.07,34.8405374616082
21.08,34.8405374616082
21.09,34.8405374616082
21.1,34.8405374616082
21.11,34.8405374616082
21.12,34.8405374616082
21.13,34.8405374616082
21.14,34.8405374616082
21.15,34.8405374616082
21.16,34.8405374616082
21.17,34.8405374616082
21.18,34.8405374616082
21.19,34.8405374616082
21.2,34.8405374616082
21.21,34.8405374616082
21.22,34.8405374616082
21.23,34.8405374616082
21.24,34.8405374616082
21.25,34.8405374616082
21.26,34.8405374616082
21.27,34.8405374616082
21.28,34.8405374616082
21.29,34.8405374616082
21.3,34.8405374616082
21.31,34.8405374616082
21.32,34.8405374616082
21.33,34.8405374616082
21.34,34.8405374616082
21.35,34.8405374616082
21.36,34.8405374616082
21.37,34.8405374616082
21.38,34.8405374616082
21.39,34.8405374616082
21.4,34.8405374616082
21.41,34.8405374616082
21.42,34.8405374616082
21.43,34.8405374616082
21.44,34.8405374616082
21.45,34.8405374616082
21.46,34.8405374616082
21.47,34.8405374616082
21.48,34.8405374616082
21.49,34.8405374616082
21.5,34.8405374616082
21.51,34.8405374616082
21.52,34.8405374616082
21.53,34.8405374616082
21.54,34.8405374616082
21.55,34.8405374616082
21.56,34.8405374616082
21.57,34.8405374616082
21.58,34.8405374616082
21.59,34.8405374616082
21.6,34.8405374616082
21.61,34.8405374616082
21.62,34.8405374616082
21.63,34.8405374616082
21.64,34.8405374616082
21.65,34.8405374616082
21.66,34.8405374616082
21.67,34.8405374616082
21.68,34.8405374616082
21.69,34.8405374616082
21.7,34.8405374616082
21.71,34.8405374616082
21.72,34.8405374616082
21.73,34.8405374616082
21.74,34.8405374616082
21.75,34.8405374616082
21.76,34.8405374616082
21.77,34.8405374616082
21.78,34.8405374616082
21.79,34.8405374616082
21.8,34.8405374616082
21.81,34.8405374616082
21.82,34.8405374616082
21.83,34.8405374616082
21.84,34.8405374616082
21.85,34.8405374616082
21.86,34.8405374616082
21.87,34.8405374616082
21.88,34.8405374616082
21.89,34.8405374616082
21.9,34.8405374616082
21.91,34.8405374616082
21.92,34.8405374616082
21.93,34.8405374616082
21.94,34.8405374616082
21.95,34.8405374616082
21.96,34.8405374616082
21.97,34.8405374616082
21.98,34.8405374616082
21.99,34.8405374616082
22,34.8405374616082
22.01,34.8405374616082
22.02,34.8405374616082
22.03,34.8405374616082
22.04,34.8405374616082
22.05,34.8405374616082
22.06,34.8405374616082
22.07,34.8405374616082
22.08,34.8405374616082
22.09,34.8405374616082
22.1,34.8405374616082
22.11,34.8405374616082
22.12,34.8405374616082
22.13,34.8405374616082
22.14,34.8405374616082
22.15,34.8405374616082
22.16,34.8405374616082
22.17,34.8405374616082
22.18,34.8405374616082
22.19,34.8405374616082
22.2,34.8405374616082
22.21,34.8405374616082
22.22,34.8405374616082
22.23,34.8405374616082
22.24,34.8405374616082
22.25,34.8405374616082
22.26,34.8405374616082
22.27,34.8405374616082
22.28,34.8405374616082
22.29,34.8405374616082
22.3,34.8405374616082
22.31,34.8405374616082
22.32,34.8405374616082
22.33,34.8405374616082
22.34,34.8405374616082
22.35,34.8405374616082
22.36,34.8405374616082
22.37,34.8405374616082
22.38,34.8405374616082
22.39,34.8405374616082
22.4,34.8405374616082
22.41,34.8405374616082
22.42,34.8405374616082
22.43,34.8405374616082
22.44,34.8405374616082
22.45,34.8405374616082
22.46,34.8405374616082
22.47,34.8405374616082
22.48,34.8405374616082
22.49,34.8405374616082
22.5,34.8405374616082
22.51,34.8405374616082
22.52,34.8405374616082
22.53,34.8405374616082
22.54,34.8405374616082
22.55,34.8405374616082
22.56,34.8405374616082
22.57,34.8405374616082
22.58,34.8405374616082
22.59,34.8405374616082
22.6,34.8405374616082
22.61,34.8405374616082
22.62,34.8405374616082
22.63,34.8405374616082
22.64,34.8405374616082
22.65,34.8405374616082
22.66,34.8405374616082
22.67,34.8405374616082
22.68,34.8405374616082
22.69,34.8405374616082
22.7,34.8405374616082
22.71,34.8405374616082
22.72,34.8405374616082
22.73,34.8405374616082
22.74,34.8405374616082
22.75,34.8405374616082
22.76,34.8405374616082
22.77,34.8405374616082
22.78,34.8405374616082
22.79,34.8405374616082
22.8,34.8405374616082
22.81,34.8405374616082
22.82,34.8405374616082
22.83,34.8405374616082
22.84,34.8405374616082
22.85,34.8405374616082
22.86,34.8405374616082
22.87,34.8405374616082
22.88,34.8405374616082
22.89,34.8405374616082
22.9,34.8405374616082
22.91,34.8405374616082
22.92,34.8405374616082
22.93,34.8405374616082
22.94,34.8405374616082
22.95,34.8405374616082
22.96,34.8405374616082
22.97,34.8405374616082
22.98,34.8405374616082
22.99,34.8405374616082
23,34.8405374616082
23.01,34.8405374616082
23.02,34.8405374616082
23.03,34.8405374616082
23.04,34.8405374616082
23.05,34.8405374616082
23.06,34.8405374616082
23.07,34.8405374616082
23.08,34.8405374616082
23.09,34.8405374616082
23.1,34.8405374616082
23.11,34.8405374616082
23.12,34.8405374616082
23.13,34.8405374616082
23.14,34.8405374616082
23.15,34.8405374616082
23.16,34.8405374616082
23.17,34.8405374616082
23.18,34.8405374616082
23.19,34.8405374616082
23.2,34.8405374616082
23.21,34.8405374616082
23.22,34.8405374616082
23.23,34.8405374616082
23.24,34.8405374616082
23.25,34.8405374616082
23.26,34.8405374616082
23.27,34.8405374616082
23.28,34.8405374616082
23.29,34.8405374616082
23.3,34.8405374616082
23.31,34.8405374616082
23.32,34.8405374616082
23.33,34.8405374616082
23.34,34.8405374616082
23.35,34.8405374616082
23.36,34.8405374616082
23.37,34.8405374616082
23.38,34.8405374616082
23.39,34.8405374616082
23.4,34.8405374616082
23.41,34.8405374616082
23.42,34.8405374616082
23.43,34.8405374616082
23.44,34.8405374616082
23.45,34.8405374616082
23.46,34.8405374616082
23.47,34.8405374616082
23.48,34.8405374616082
23.49,34.8405374616082
23.5,34.8405374616082
23.51,34.8405374616082
23.52,34.8405374616082
23.53,34.8405374616082
23.54,34.8405374616082
23.55,34.8405374616082
23.56,34.8405374616082
23.57,34.8405374616082
23.58,34.8405374616082
23.59,34.8405374616082
23.6,34.8405374616082
23.61,34.8405374616082
23.62,34.8405374616082
23.63,34.8405374616082
23.64,34.8405374616082
23.65,34.8405374616082
23.66,34.8405374616082
23.67,34.8405374616082
23.68,34.8405374616082
23.69,34.8405374616082
23.7,34.8405374616082
23.71,34.8405374616082
23.72,34.8405374616082
23.73,34.8405374616082
23.74,34.8405374616082
23.75,34.8405374616082
23.76,34.8405374616082
23.77,34.8405374616082
23.78,34.8405374616082
23.79,34.8405374616082
23.8,34.8405374616082
23.81,34.8405374616082
23.82,34.8405374616082
23.83,34.8405374616082
23.84,34.8405374616082
23.85,34.8405374616082
23.86,34.8405374616082
23.87,34.8405374616082
23.88,97.3243322365174
23.89,97.3243322365174
23.9,97.3243322365174
23.91,97.3243322365174
23.92,97.3243322365174
23.93,97.3243322365174
23.94,97.3243322365174
23.95,97.3243322365174
23.96,97.3243322365174
23.97,97.3243322365174
23.98,97.3243322365174
23.99,97.3243322365174
24,97.3243322365174
24.01,97.3243322365174
24.02,97.3243322365174
24.03,97.3243322365174
24.04,97.3243322365174
24.05,97.3243322365174
24.06,97.3243322365174
24.07,97.3243322365174
24.08,97.3243322365174
24.09,97.3243322365174
24.1,97.3243322365174
24.11,97.3243322365174
24.12,97.3243322365174
24.13,97.3243322365174
24.14,97.3243322365174
24.15,97.3243322365174
24.16,97.3243322365174
24.17,97.3243322365174
24.18,97.3243322365174
24.19,97.3243322365174
24.2,97.3243322365174
24.21,97.3243322365174
24.22,97.3243322365174
24.23,97.3243322365174
24.24,97.3243322365174
24.25,97.3243322365174
24.26,97.3243322365174
24.27,97.3243322365174
24.28,97.3243322365174
24.29,97.3243322365174
24.3,97.3243322365174
24.31,97.3243322365174
24.32,97.3243322365174
24.33,97.3243322365174
24.34,97.3243322365174
24.35,97.3243322365174
24.36,97.3243322365174
24.37,97.3243322365174
24.38,97.3243322365174
24.39,97.3243322365174
24.4,97.3243322365174
24.41,97.3243322365174
24.42,97.3243322365174
24.43,97.3243322365174
24.44,97.3243322365174
24.45,97.3243322365174
24.46,97.3243322365174
24.47,97.3243322365174
24.48,97.3243322365174
24.49,97.3243322365174
24.5,97.3243322365174
24.51,97.3243322365174
24.52,97.3243322365174
24.53,97.3243322365174
24.54,97.3243322365174
24.55,97.3243322365174
24.56,97.3243322365174
24.57,97.3243322365174
24.58,97.3243322365174
24.59,97.3243322365174
24.6,97.3243322365174
24.61,97.3243322365174
24.62,97.3243322365174
24.63,97.3243322365174
24.64,97.3243322365174
24.65,97.3243322365174
24.66,97.3243322365174
24.67,97.3243322365174
24.68,97.3243322365174
24.69,97.3243322365174
24.7,97.3243322365174
24.71,97.3243322365174
24.72,97.3243322365174
24.73,97.3243322365174
24.74,97.3243322365174
24.75,97.3243322365174
24.76,97.3243322365174
24.77,97.3243322365174
24.78,97.3243322365174
24.79,97.3243322365174
24.8,97.3243322365174
24.81,97.3243322365174
24.82,97.3243322365174
24.83,97.3243322365174
24.84,97.3243322365174
24.85,97.3243322365174
24.86,97.3243322365174
24.87,97.3243322365174
24.88,97.3243322365174
24.89,97.3243322365174
24.9,97.3243322365174
24.91,97.3243322365174
24.92,97.3243322365174
24.93,97.3243322365174
24.94,97.3243322365174
24.95,97.3243322365174
24.96,97.3243322365174
24.97,97.3243322365174
24.98,97.3243322365174
24.99,97.3243322365174
25,97.3243322365174
25.01,97.3243322365174
25.02,97.3243322365174
25.03,97.3243322365174
25.04,97.3243322365174
25.05,97.3243322365174
25.06,97.3243322365174
25.07,97.3243322365174
25.08,97.3243322365174
25.09,97.3243322365174
25.1,97.3243322365174
25.11,97.3243322365174
25.12,97.3243322365174
25.13,97.3243322365174
25.14,97.3243322365174
25.15,97.3243322365174
25.16,97.3243322365174
25.17,97.3243322365174
25.18,97.3243322365174
25.19,97.3243322365174
25.2,97.3243322365174
25.21,97.3243322365174
25.22,97.3243322365174
25.23,97.3243322365174
25.24,97.3243322365174
25.25,97.3243322365174
25.26,97.3243322365174
25.27,97.3243322365174
25.28,97.3243322365174
25.29,97.3243322365174
25.3,97.3243322365174
25.31,97.3243322365174
25.32,97.3243322365174
25.33,97.3243322365174
25.34,97.3243322365174
25.35,97.3243322365174
25.36,97.3243322365174
25.37,97.3243322365174
25.38,97.3243322365174
25.39,97.3243322365174
25.4,97.3243322365174
25.41,97.3243322365174
25.42,97.3243322365174
25.43,97.3243322365174
25.44,97.3243322365174
25.45,97.3243322365174
25.46,97.3243322365174
25.47,97.3243322365174
25.48,97.3243322365174
25.49,97.3243322365174
25.5,97.3243322365174
25.51,97.3243322365174
25.52,97.3243322365174
25.53,97.3243322365174
25.54,97.3243322365174
25.55,97.3243322365174
25.56,97.3243322365174
25.57,97.3243322365174
25.58,97.3243322365174
25.59,97.3243322365174
25.6,97.3243322365174
25.61,97.3243322365174
25.62,97.3243322365174
25.63,97.3243322365174
25.64,97.3243322365174
25.65,97.3243322365174
25.66,97.3243322365174
25.67,97.3243322365174
25.68,97.3243322365174
25.69,97.3243322365174
25.7,97.3243322365174
25.71,97.3243322365174
25.72,97.3243322365174
25.73,97.3243322365174
25.74,97.3243322365174
25.75,97.3243322365174
25.76,97.3243322365174
25.77,97.3243322365174
25.78,97.3243322365174
25.79,97.3243322365174
25.8,97.3243322365174
25.81,97.3243322365174
25.82,97.3243322365174
25.83,97.3243322365174
25.84,97.3243322365174
25.85,97.3243322365174
25.86,97.3243322365174
25.87,97.3243322365174
25.88,97.3243322365174
25.89,97.3243322365174
25.9,97.3243322365174
25.91,97.3243322365174
25.92,97.3243322365174
25.93,97.3243322365174
25.94,97.3243322365174
25.95,97.3243322365174
25.96,97.3243322365174
25.97,97.3243322365174
25.98,97.3243322365174
25.99,97.3243322365174
26,97.3243322365174
26.01,97.3243322365174
26.02,97.3243322365174
26.03,97.3243322365174
26.04,97.3243322365174
26.05,97.3243322365174
26.06,97.3243322365174
26.07,97.3243322365174
26.08,97.3243322365174
26.09,97.3243322365174
26.1,97.3243322365174
26.11,97.3243322365174
26.12,97.3243322365174
26.13,97.3243322365174
26.14,97.3243322365174
26.15,97.3243322365174
26.16,97.3243322365174
26.17,97.3243322365174
26.18,97.3243322365174
26.19,97.3243322365174
26.2,97.3243322365174
26.21,97.3243322365174
26.22,97.3243322365174
26.23,97.3243322365174
26.24,97.3243322365174
26.25,97.3243322365174
26.26,97.3243322365174
26.27,97.3243322365174
26.28,97.3243322365174
26.29,97.3243322365174
26.3,97.3243322365174
26.31,97.3243322365174
26.32,97.3243322365174
26.33,97.3243322365174
26.34,97.3243322365174
26.35,97.3243322365174
26.36,97.3243322365174
26.37,97.3243322365174
26.38,97.3243322365174
26.39,97.3243322365174
26.4,97.3243322365174
26.41,97.3243322365174
26.42,97.3243322365174
26.43,97.3243322365174
26.44,97.3243322365174
26.45,97.3243322365174
26.46,97.3243322365174
26.47,97.3243322365174
26.48,97.3243322365174
26.49,97.3243322365174
26.5,97.3243322365174
26.51,97.3243322365174
26.52,97.3243322365174
26.53,97.3243322365174
26.54,97.3243322365174
26.55,97.3243322365174
26.56,97.3243322365174
26.57,97.3243322365174
26.58,97.3243322365174
26.59,97.3243322365174
26.6,97.3243322365174
26.61,97.3243322365174
26.62,97.3243322365174
26.63,97.3243322365174
26.64,97.3243322365174
26.65,97.3243322365174
26.66,97.3243322365174
26.67,97.3243322365174
26.68,97.3243322365174
26.69,97.3243322365174
26.7,97.3243322365174
26.71,97.3243322365174
26.72,97.3243322365174
26.73,97.3243322365174
26.74,97.3243322365174
26.75,97.3243322365174
26.76,97.3243322365174
26.77,97.3243322365174
26.78,97.3243322365174
26.79,97.3243322365174
26.8,56.4774279350821
26.81,56.4774279350821
26.82,56.4774279350821
26.83,56.4774279350821
26.84,56.4774279350821
26.85,56.4774279350821
26.86,56.4774279350821
26.87,56.4774279350821
26.88,56.4774279350821
26.89,56.4774279350821
26.9,56.4774279350821
26.91,56.4774279350821
26.92,56.4774279350821
26.93,56.4774279350821
26.94,56.4774279350821
26.95,56.4774279350821
26.96,56.4774279350821
26.97,56.4774279350821
26.98,56.4774279350821
26.99,56.4774279350821
27,56.4774279350821
27.01,56.4774279350821
27.02,56.4774279350821
27.03,56.4774279350821
27.04,56.4774279350821
27.05,56.4774279350821
27.06,56.4774279350821
27.07,56.4774279350821
27.08,56.4774279350821
27.09,56.4774279350821
27.1,56.4774279350821
27.11,56.4774279350821
27.12,56.4774279350821
27.13,56.4774279350821
27.14,56.4774279350821
27.15,56.4774279350821
27.16,56.4774279350821
27.17,56.4774279350821
27.18,56.4774279350821
27.19,56.4774279350821
27.2,56.4774279350821
27.21,56.4774279350821
27.22,56.4774279350821
27.23,56.4774279350821
27.24,56.4774279350821
27.25,56.4774279350821
27.26,56.4774279350821
27.27,56.4774279350821
27.28,56.4774279350821
27.29,56.4774279350821
27.3,56.4774279350821
27.31,56.4774279350821
27.32,56.4774279350821
27.33,56.4774279350821
27.34,56.4774279350821
27.35,56.4774279350821
27.36,56.4774279350821
27.37,56.4774279350821
27.38,56.4774279350821
27.39,56.4774279350821
27.4,56.4774279350821
27.41,56.4774279350821
27.42,56.4774279350821
27.43,56.4774279350821
27.44,56.4774279350821
27.45,56.4774279350821
27.46,56.4774279350821
27.47,56.4774279350821
27.48,56.4774279350821
27.49,56.4774279350821
27.5,56.4774279350821
27.51,56.4774279350821
27.52,56.4774279350821
27.53,56.4774279350821
27.54,56.4774279350821
27.55,56.4774279350821
27.56,56.4774279350821
27.57,56.4774279350821
27.58,56.4774279350821
27.59,56.4774279350821
27.6,56.4774279350821
27.61,56.4774279350821
27.62,56.4774279350821
27.63,56.4774279350821
27.64,56.4774279350821
27.65,56.4774279350821
27.66,56.4774279350821
27.67,56.4774279350821
27.68,56.4774279350821
27.69,56.4774279350821
27.7,56.4774279350821
27.71,56.4774279350821
27.72,56.4774279350821
27.73,56.4774279350821
27.74,56.4774279350821
27.75,56.4774279350821
27.76,56.4774279350821
27.77,56.4774279350821
27.78,56.4774279350821
27.79,56.4774279350821
27.8,56.4774279350821
27.81,56.4774279350821
27.82,56.4774279350821
27.83,56.4774279350821
27.84,56.4774279350821
27.85,56.4774279350821
27.86,56.4774279350821
27.87,56.4774279350821
27.88,56.4774279350821
27.89,56.4774279350821
27.9,56.4774279350821
27.91,56.4774279350821
27.92,56.4774279350821
27.93,56.4774279350821
27.94,56.4774279350821
27.95,56.4774279350821
27.96,56.4774279350821
27.97,56.4774279350821
27.98,56.4774279350821
27.99,56.4774279350821
28,56.4774279350821
28.01,56.4774279350821
28.02,56.4774279350821
28.03,56.4774279350821
28.04,56.4774279350821
28.05,56.4774279350821
28.06,56.4774279350821
28.07,56.4774279350821
28.08,56.4774279350821
28.09,56.4774279350821
28.1,56.4774279350821
28.11,56.4774279350821
28.12,56.4774279350821
28.13,56.4774279350821
28.14,56.4774279350821
28.15,56.4774279350821
28.16,56.4774279350821
28.17,56.4774279350821
28.18,56.4774279350821
28.19,56.4774279350821
28.2,56.4774279350821
28.21,56.4774279350821
28.22,56.4774279350821
28.23,56.4774279350821
28.24,56.4774279350821
28.25,56.4774279350821
28.26,56.4774279350821
28.27,56.4774279350821
28.28,56.4774279350821
28.29,56.4774279350821
28.3,56.4774279350821
28.31,56.4774279350821
28.32,56.4774279350821
28.33,56.4774279350821
28.34,56.4774279350821
28.35,56.4774279350821
28.36,56.4774279350821
28.37,56.4774279350821
28.38,56.4774279350821
28.39,56.4774279350821
28.4,56.4774279350821
28.41,56.4774279350821
28.42,56.4774279350821
28.43,56.4774279350821
28.44,56.4774279350821
28.45,56.4774279350821
28.46,56.4774279350821
28.47,56.4774279350821
28.48,56.4774279350821
28.49,56.4774279350821
28.5,56.4774279350821
28.51,56.4774279350821
28.52,56.4774279350821
28.53,56.4774279350821
28.54,56.4774279350821
28.55,56.4774279350821
28.56,56.4774279350821
28.57,56.4774279350821
28.58,56.4774279350821
28.59,56.4774279350821
28.6,56.4774279350821
28.61,56.4774279350821
28.62,56.4774279350821
28.63,56.4774279350821
28.64,56.4774279350821
28.65,56.4774279350821
28.66,56.4774279350821
28.67,56.4774279350821
28.68,56.4774279350821
28.69,56.4774279350821
28.7,56.4774279350821
28.71,56.4774279350821
28.72,56.4774279350821
28.73,56.4774279350821
28.74,56.4774279350821
28.75,56.4774279350821
28.76,56.4774279350821
28.77,56.4774279350821
28.78,56.4774279350821
28.79,56.4774279350821
28.8,56.4774279350821
28.81,56.4774279350821
28.82,56.4774279350821
28.83,56.4774279350821
28.84,56.4774279350821
28.85,56.4774279350821
28.86,56.4774279350821
28.87,56.4774279350821
28.88,56.4774279350821
28.89,56.4774279350821
28.9,56.4774279350821
28.91,56.4774279350821
28.92,56.4774279350821
28.93,56.4774279350821
28.94,56.4774279350821
28.95,56.4774279350821
28.96,56.4774279350821
28.97,56.4774279350821
28.98,56.4774279350821
28.99,56.4774279350821
29,56.4774279350821
29.01,56.4774279350821
29.02,56.4774279350821
29.03,56.4774279350821
29.04,56.4774279350821
29.05,56.4774279350821
29.06,56.4774279350821
29.07,56.4774279350821
29.08,56.4774279350821
29.09,56.4774279350821
29.1,56.4774279350821
29.11,56.4774279350821
29.12,56.4774279350821
29.13,56.4774279350821
29.14,56.4774279350821
29.15,56.4774279350821
29.16,56.4774279350821
29.17,56.4774279350821
29.18,56.4774279350821
29.19,56.4774279350821
29.2,56.4774279350821
29.21,56.4774279350821
29.22,56.4774279350821
29.23,56.4774279350821
29.24,56.4774279350821
29.25,56.4774279350821
29.26,56.4774279350821
29.27,56.4774279350821
29.28,56.4774279350821
29.29,56.4774279350821
29.3,56.4774279350821
29.31,56.4774279350821
29.32,56.4774279350821
29.33,56.4774279350821
29.34,56.4774279350821
29.35,56.4774279350821
29.36,56.4774279350821
29.37,56.4774279350821
29.38,56.4774279350821
29.39,56.4774279350821
29.4,56.4774279350821
29.41,56.4774279350821
29.42,56.4774279350821
29.43,56.4774279350821
29.44,56.4774279350821
29.45,56.4774279350821
29.46,56.4774279350821
29.47,56.4774279350821
29.48,56.4774279350821
29.49,56.4774279350821
29.5,56.4774279350821
29.51,56.4774279350821
29.52,56.4774279350821
29.53,56.4774279350821
29.54,56.4774279350821
29.55,56.4774279350821
29.56,56.4774279350821
29.57,56.4774279350821
29.58,56.4774279350821
29.59,56.4774279350821
29.6,56.4774279350821
29.61,56.4774279350821
29.62,56.4774279350821
29.63,56.4774279350821
29.64,56.4774279350821
29.65,56.4774279350821
29.66,56.4774279350821
29.67,56.4774279350821
29.68,56.4774279350821
29.69,56.4774279350821
29.7,56.4774279350821
29.71,56.4774279350821
29.72,56.4774279350821
29.73,56.4774279350821
29.74,56.4774279350821
29.75,56.4774279350821
29.76,56.4774279350821
29.77,56.4774279350821
29.78,56.4774279350821
29.79,56.4774279350821
29.8,56.4774279350821
29.81,56.4774279350821
29.82,16.6729362203498
29.83,16.6729362203498
29.84,16.6729362203498
29.85,16.6729362203498
29.86,16.6729362203498
29.87,16.6729362203498
29.88,16.6729362203498
29.89,16.6729362203498
29.9,16.6729362203498
29.91,16.6729362203498
29.92,16.6729362203498
29.93,16.6729362203498
29.94,16.6729362203498
29.95,16.6729362203498
29.96,16.6729362203498
29.97,16.6729362203498
29.98,16.6729362203498
29.99,16.6729362203498
30,16.6729362203498
30.01,16.6729362203498
30.02,16.6729362203498
30.03,16.6729362203498
30.04,16.6729362203498
30.05,16.6729362203498
30.06,16.6729362203498
30.07,16.6729362203498
30.08,16.6729362203498
30.09,16.6729362203498
30.1,16.6729362203498
30.11,16.6729362203498
30.12,16.6729362203498
30.13,16.6729362203498
30.14,16.6729362203498
30.15,16.6729362203498
30.16,16.6729362203498
30.17,16.6729362203498
30.18,16.6729362203498
30.19,16.6729362203498
30.2,16.6729362203498
30.21,16.6729362203498
30.22,16.6729362203498
30.23,16.6729362203498
30.24,16.6729362203498
30.25,16.6729362203498
30.26,16.6729362203498
30.27,16.6729362203498
30.28,16.6729362203498
30.29,16.6729362203498
30.3,16.6729362203498
30.31,16.6729362203498
30.32,16.6729362203498
30.33,16.6729362203498
30.34,16.6729362203498
30.35,16.6729362203498
30.36,16.6729362203498
30.37,16.6729362203498
30.38,16.6729362203498
30.39,16.6729362203498
30.4,16.6729362203498
30.41,16.6729362203498
30.42,16.6729362203498
30.43,16.6729362203498
30.44,16.6729362203498
30.45,16.6729362203498
30.46,16.6729362203498
30.47,16.6729362203498
30.48,16.6729362203498
30.49,16.6729362203498
30.5,16.6729362203498
30.51,16.6729362203498
30.52,16.6729362203498
30.53,16.6729362203498
30.54,16.6729362203498
30.55,16.6729362203498
30.56,16.6729362203498
30.57,16.6729362203498
30.58,16.6729362203498
30.59,16.6729362203498
30.6,16.6729362203498
30.61,16.6729362203498
30.62,16.6729362203498
30.63,16.6729362203498
30.64,16.6729362203498
30.65,16.6729362203498
30.66,16.6729362203498
30.67,16.6729362203498
30.68,16.6729362203498
30.69,16.6729362203498
30.7,16.6729362203498
30.71,16.6729362203498
30.72,16.6729362203498
30.73,16.6729362203498
30.74,16.6729362203498
30.75,16.6729362203498
30.76,16.6729362203498
30.77,16.6729362203498
30.78,16.6729362203498
30.79,16.6729362203498
30.8,16.6729362203498
30.81,16.6729362203498
30.82,16.6729362203498
30.83,16.6729362203498
30.84,16.6729362203498
30.85,16.6729362203498
30.86,16.6729362203498
30.87,16.6729362203498
30.88,16.6729362203498
30.89,16.6729362203498
30.9,16.6729362203498
30.91,16.6729362203498
30.92,16.6729362203498
30.93,16.6729362203498
30.94,16.6729362203498
30.95,16.6729362203498
30.96,16.6729362203498
30.97,16.6729362203498
30.98,16.6729362203498
30.99,16.6729362203498
31,16.6729362203498
31.01,16.6729362203498
31.02,16.6729362203498
31.03,16.6729362203498
31.04,16.6729362203498
31.05,16.6729362203498
31.06,16.6729362203498
31.07,16.6729362203498
31.08,16.6729362203498
31.09,16.6729362203498
31.1,16.6729362203498
31.11,16.6729362203498
31.12,16.6729362203498
31.13,16.6729362203498
31.14,16.6729362203498
31.15,16.6729362203498
31.16,16.6729362203498
31.17,16.6729362203498
31.18,16.6729362203498
31.19,16.6729362203498
31.2,16.6729362203498
31.21,16.6729362203498
31.22,16.6729362203498
31.23,16.6729362203498
31.24,16.6729362203498
31.25,16.6729362203498
31.26,16.6729362203498
31.27,16.6729362203498
31.28,16.6729362203498
31.29,16.6729362203498
31.3,16.6729362203498
31.31,16.6729362203498
31.32,16.6729362203498
31.33,16.6729362203498
31.34,16.6729362203498
31.35,16.6729362203498
31.36,16.6729362203498
31.37,16.6729362203498
31.38,16.6729362203498
31.39,16.6729362203498
31.4,16.6729362203498
31.41,16.6729362203498
31.42,16.6729362203498
31.43,16.6729362203498
31.44,16.6729362203498
31.45,16.6729362203498
31.46,16.6729362203498
31.47,16.6729362203498
31.48,16.6729362203498
31.49,16.6729362203498
31.5,16.6729362203498
31.51,16.6729362203498
31.52,16.6729362203498
31.53,16.6729362203498
31.54,16.6729362203498
31.55,16.6729362203498
31.56,16.6729362203498
31.57,16.6729362203498
31.58,16.6729362203498
31.59,16.6729362203498
31.6,16.6729362203498
31.61,16.6729362203498
31.62,16.6729362203498
31.63,16.6729362203498
31.64,16.6729362203498
31.65,16.6729362203498
31.66,16.6729362203498
31.67,16.6729362203498
31.68,16.6729362203498
31.69,16.6729362203498
31.7,16.6729362203498
31.71,16.6729362203498
31.72,16.6729362203498
31.73,16.6729362203498
31.74,16.6729362203498
31.75,16.6729362203498
31.76,16.6729362203498
31.77,16.6729362203498
31.78,16.6729362203498
31.79,16.6729362203498
31.8,16.6729362203498
31.81,16.6729362203498
31.82,16.6729362203498
31.83,16.6729362203498
31.84,16.6729362203498
31.85,16.6729362203498
31.86,16.6729362203498
31.87,16.6729362203498
31.88,16.6729362203498
31.89,16.6729362203498
31.9,16.6729362203498
31.91,16.6729362203498
31.92,16.6729362203498
31.93,16.6729362203498
31.94,16.6729362203498
31.95,16.6729362203498
31.96,55.6107460849844
31.97,55.6107460849844
31.98,55.6107460849844
31.99,55.6107460849844
32,55.6107460849844
32.01,55.6107460849844
32.02,55.6107460849844
32.03,55.6107460849844
32.04,55.6107460849844
32.05,55.6107460849844
32.06,55.6107460849844
32.07,55.6107460849844
32.08,55.6107460849844
32.09,55.6107460849844
32.1,55.6107460849844
32.11,55.6107460849844
32.12,55.6107460849844
32.13,55.6107460849844
32.14,55.6107460849844
32.15,55.6107460849844
32.16,55.6107460849844
32.17,55.6107460849844
32.18,55.6107460849844
32.19,55.6107460849844
32.2,55.6107460849844
32.21,55.6107460849844
32.22,55.6107460849844
32.23,55.6107460849844
32.24,55.6107460849844
32.25,55.6107460849844
32.26,55.6107460849844
32.27,55.6107460849844
32.28,55.6107460849844
32.29,55.6107460849844
32.3,55.6107460849844
32.31,55.6107460849844
32.32,55.6107460849844
32.33,55.6107460849844
32.34,55.6107460849844
32.35,55.6107460849844
32.36,55.6107460849844
32.37,55.6107460849844
32.38,55.6107460849844
32.39,55.6107460849844
32.4,55.6107460849844
32.41,55.6107460849844
32.42,55.6107460849844
32.43,55.6107460849844
32.44,55.6107460849844
32.45,55.6107460849844
32.46,55.6107460849844
32.47,55.6107460849844
32.48,55.6107460849844
32.49,55.6107460849844
32.5,55.6107460849844
32.51,55.6107460849844
32.52,55.6107460849844
32.53,55.6107460849844
32.54,55.6107460849844
32.55,55.6107460849844
32.56,55.6107460849844
32.57,55.6107460849844
32.58,55.6107460849844
32.59,55.6107460849844
32.6,55.6107460849844
32.61,55.6107460849844
32.62,55.6107460849844
32.63,55.6107460849844
32.64,55.6107460849844
32.65,55.6107460849844
32.66,55.6107460849844
32.67,55.6107460849844
32.68,55.6107460849844
32.69,55.6107460849844
32.7,55.6107460849844
32.71,55.6107460849844
32.72,55.6107460849844
32.73,55.6107460849844
32.74,55.6107460849844
32.75,55.6107460849844
32.76,55.6107460849844
32.77,55.6107460849844
32.78,55.6107460849844
32.79,55.6107460849844
32.8,55.6107460849844
32.81,55.6107460849844
32.82,55.6107460849844
32.83,55.6107460849844
32.84,55.6107460849844
32.85,55.6107460849844
32.86,55.6107460849844
32.87,55.6107460849844
32.88,55.6107460849844
32.89,55.6107460849844
32.9,55.6107460849844
32.91,55.6107460849844
32.92,55.6107460849844
32.93,55.6107460849844
32.94,55.6107460849844
32.95,55.6107460849844
32.96,55.6107460849844
32.97,55.6107460849844
32.98,55.6107460849844
32.99,55.6107460849844
33,55.6107460849844
33.01,55.6107460849844
33.02,55.6107460849844
33.03,55.6107460849844
33.04,55.6107460849844
33.05,55.6107460849844
33.06,55.6107460849844
33.07,55.6107460849844
33.08,55.6107460849844
33.09,55.6107460849844
33.1,55.6107460849844
33.11,55.6107460849844
33.12,55.6107460849844
33.13,55.6107460849844
33.14,55.6107460849844
33.15,55.6107460849844
33.16,55.6107460849844
33.17,55.6107460849844
33.18,55.6107460849844
33.19,55.6107460849844
33.2,55.6107460849844
33.21,55.6107460849844
33.22,55.6107460849844
33.23,55.6107460849844
33.24,55.6107460849844
33.25,55.6107460849844
33.26,55.6107460849844
33.27,55.6107460849844
33.28,55.6107460849844
33.29,55.6107460849844
33.3,55.6107460849844
33.31,55.6107460849844
33.32,55.6107460849844
33.33,55.6107460849844
33.34,55.6107460849844
33.35,55.6107460849844
33.36,55.6107460849844
33.37,55.6107460849844
33.38,55.6107460849844
33.39,55.6107460849844
33.4,55.6107460849844
33.41,55.6107460849844
33.42,55.6107460849844
33.43,55.6107460849844
33.44,55.6107460849844
33.45,55.6107460849844
33.46,55.6107460849844
33.47,55.6107460849844
33.48,55.6107460849844
33.49,55.6107460849844
33.5,55.6107460849844
33.51,55.6107460849844
33.52,55.6107460849844
33.53,55.6107460849844
33.54,55.6107460849844
33.55,55.6107460849844
33.56,55.6107460849844
33.57,55.6107460849844
33.58,55.6107460849844
33.59,55.6107460849844
33.6,55.6107460849844
33.61,55.6107460849844
33.62,55.6107460849844
33.63,55.6107460849844
33.64,55.6107460849844
33.65,55.6107460849844
33.66,55.6107460849844
33.67,55.6107460849844
33.68,55.6107460849844
33.69,55.6107460849844
33.7,55.6107460849844
33.71,55.6107460849844
33.72,55.6107460849844
33.73,55.6107460849844
33.74,55.6107460849844
33.75,55.6107460849844
33.76,55.6107460849844
33.77,55.6107460849844
33.78,55.6107460849844
33.79,55.6107460849844
33.8,55.6107460849844
33.81,55.6107460849844
33.82,55.6107460849844
33.83,55.6107460849844
33.84,55.6107460849844
33.85,55.6107460849844
33.86,55.6107460849844
33.87,55.6107460849844
33.88,55.6107460849844
33.89,55.6107460849844
33.9,55.6107460849844
33.91,55.6107460849844
33.92,55.6107460849844
33.93,55.6107460849844
33.94,55.6107460849844
33.95,55.6107460849844
33.96,55.6107460849844
33.97,55.6107460849844
33.98,55.6107460849844
33.99,55.6107460849844
34,55.6107460849844
34.01,55.6107460849844
34.02,55.6107460849844
34.03,55.6107460849844
34.04,55.6107460849844
34.05,55.6107460849844
34.06,55.6107460849844
34.07,55.6107460849844
34.08,55.6107460849844
34.09,55.6107460849844
34.1,55.6107460849844
34.11,55.6107460849844
34.12,55.6107460849844
34.13,55.6107460849844
34.14,55.6107460849844
34.15,55.6107460849844
34.16,55.6107460849844
34.17,55.6107460849844
34.18,55.6107460849844
34.19,55.6107460849844
34.2,55.6107460849844
34.21,55.6107460849844
34.22,55.6107460849844
34.23,55.6107460849844
34.24,55.6107460849844
34.25,55.6107460849844
34.26,55.6107460849844
34.27,55.6107460849844
34.28,55.6107460849844
34.29,55.6107460849844
34.3,55.6107460849844
34.31,55.6107460849844
34.32,55.6107460849844
34.33,55.6107460849844
34.34,55.6107460849844
34.35,55.6107460849844
34.36,55.6107460849844
34.37,55.6107460849844
34.38,55.6107460849844
34.39,55.6107460849844
34.4,55.6107460849844
34.41,55.6107460849844
34.42,55.6107460849844
34.43,55.6107460849844
34.44,55.6107460849844
34.45,55.6107460849844
34.46,55.6107460849844
34.47,55.6107460849844
34.48,55.6107460849844
34.49,55.6107460849844
34.5,55.6107460849844
34.51,55.6107460849844
34.52,55.6107460849844
34.53,55.6107460849844
34.54,55.6107460849844
34.55,55.6107460849844
34.56,55.6107460849844
34.57,55.6107460849844
34.58,55.6107460849844
34.59,55.6107460849844
34.6,55.6107460849844
34.61,55.6107460849844
34.62,55.6107460849844
34.63,55.6107460849844
34.64,55.6107460849844
34.65,55.6107460849844
34.66,55.6107460849844
34.67,55.6107460849844
34.68,55.6107460849844
34.69,55.6107460849844
34.7,55.6107460849844
34.71,55.6107460849844
34.72,55.6107460849844
34.73,55.6107460849844
34.74,55.6107460849844
34.75,55.6107460849844
34.76,55.6107460849844
34.77,55.6107460849844
34.78,55.6107460849844
34.79,55.6107460849844
34.8,55.6107460849844
34.81,55.6107460849844
34.82,55.6107460849844
34.83,55.6107460849844
34.84,55.6107460849844
34.85,55.6107460849844
34.86,55.6107460849844
34.87,55.6107460849844
34.88,55.6107460849844
34.89,55.6107460849844
34.9,55.6107460849844
34.91,55.6107460849844
34.92,55.6107460849844
34.93,55.6107460849844
34.94,55.6107460849844
34.95,55.6107460849844
34.96,55.6107460849844
34.97,55.6107460849844
34.98,55.6107460849844
34.99,55.6107460849844
35,55.6107460849844
35.01,55.6107460849844
35.02,55.6107460849844
35.03,55.6107460849844
35.04,55.6107460849844
35.05,55.6107460849844
35.06,55.6107460849844
35.07,55.6107460849844
35.08,55.6107460849844
35.09,55.6107460849844
35.1,55.6107460849844
35.11,55.6107460849844
35.12,55.6107460849844
35.13,55.6107460849844
35.14,55.6107460849844
35.15,55.6107460849844
35.16,55.6107460849844
35.17,55.6107460849844
35.18,55.6107460849844
35.19,55.6107460849844
35.2,55.6107460849844
35.21,55.6107460849844
35.22,55.6107460849844
35.23,55.6107460849844
35.24,55.6107460849844
35.25,55.6107460849844
35.26,55.6107460849844
35.27,55.6107460849844
35.28,55.6107460849844
35.29,55.6107460849844
35.3,55.6107460849844
35.31,55.6107460849844
35.32,55.6107460849844
35.33,55.6107460849844
35.34,55.6107460849844
35.35,55.6107460849844
35.36,55.6107460849844
35.37,55.6107460849844
35.38,55.6107460849844
35.39,55.6107460849844
35.4,55.6107460849844
35.41,55.6107460849844
35.42,55.6107460849844
35.43,55.6107460849844
35.44,55.6107460849844
35.45,55.6107460849844
35.46,71.4642415004384
35.47,71.4642415004384
35.48,71.4642415004384
35.49,71.4642415004384
35.5,71.4642415004384
35.51,71.4642415004384
35.52,71.4642415004384
35.53,71.4642415004384
35.54,71.4642415004384
35.55,71.4642415004384
35.56,71.4642415004384
35.57,71.4642415004384
35.58,71.4642415004384
35.59,71.4642415004384
35.6,71.4642415004384
35.61,71.4642415004384
35.62,71.4642415004384
35.63,71.4642415004384
35.64,71.4642415004384
35.65,71.4642415004384
35.66,71.4642415004384
35.67,71.4642415004384
35.68,71.4642415004384
35.69,71.4642415004384
35.7,71.4642415004384
35.71,71.4642415004384
35.72,71.4642415004384
35.73,71.4642415004384
35.74,71.4642415004384
35.75,71.4642415004384
35.76,71.4642415004384
35.77,71.4642415004384
35.78,71.4642415004384
35.79,71.4642415004384
35.8,71.4642415004384
35.81,71.4642415004384
35.82,71.4642415004384
35.83,71.4642415004384
35.84,71.4642415004384
35.85,71.4642415004384
35.86,71.4642415004384
35.87,71.4642415004384
35.88,71.4642415004384
35.89,71.4642415004384
35.9,71.4642415004384
35.91,71.4642415004384
35.92,71.4642415004384
35.93,71.4642415004384
35.94,71.4642415004384
35.95,71.4642415004384
35.96,71.4642415004384
35.97,71.4642415004384
35.98,71.4642415004384
35.99,71.4642415004384
36,71.4642415004384
36.01,71.4642415004384
36.02,71.4642415004384
36.03,71.4642415004384
36.04,71.4642415004384
36.05,71.4642415004384
36.06,71.4642415004384
36.07,71.4642415004384
36.08,71.4642415004384
36.09,71.4642415004384
36.1,71.4642415004384
36.11,71.4642415004384
36.12,71.4642415004384
36.13,71.4642415004384
36.14,71.4642415004384
36.15,71.4642415004384
36.16,71.4642415004384
36.17,71.4642415004384
36.18,71.4642415004384
36.19,71.4642415004384
36.2,71.4642415004384
36.21,71.4642415004384
36.22,71.4642415004384
36.23,71.4642415004384
36.24,71.4642415004384
36.25,71.4642415004384
36.26,71.4642415004384
36.27,71.4642415004384
36.28,71.4642415004384
36.29,71.4642415004384
36.3,71.4642415004384
36.31,71.4642415004384
36.32,71.4642415004384
36.33,71.4642415004384
36.34,71.4642415004384
36.35,71.4642415004384
36.36,71.4642415004384
36.37,71.4642415004384
36.38,71.4642415004384
36.39,71.4642415004384
36.4,71.4642415004384
36.41,71.4642415004384
36.42,71.4642415004384
36.43,71.4642415004384
36.44,71.4642415004384
36.45,71.4642415004384
36.46,71.4642415004384
36.47,71.4642415004384
36.48,71.4642415004384
36.49,71.4642415004384
36.5,71.4642415004384
36.51,71.4642415004384
36.52,71.4642415004384
36.53,71.4642415004384
36.54,71.4642415004384
36.55,71.4642415004384
36.56,71.4642415004384
36.57,71.4642415004384
36.58,71.4642415004384
36.59,71.4642415004384
36.6,71.4642415004384
36.61,71.4642415004384
36.62,71.4642415004384
36.63,71.4642415004384
36.64,71.4642415004384
36.65,71.4642415004384
36.66,71.4642415004384
36.67,71.4642415004384
36.68,71.4642415004384
36.69,71.4642415004384
36.7,71.4642415004384
36.71,71.4642415004384
36.72,71.4642415004384
36.73,71.4642415004384
36.74,71.4642415004384
36.75,71.4642415004384
36.76,71.4642415004384
36.77,71.4642415004384
36.78,71.4642415004384
36.79,71.4642415004384
36.8,71.4642415004384
36.81,71.4642415004384
36.82,71.4642415004384
36.83,71.4642415004384
36.84,71.4642415004384
36.85,71.4642415004384
36.86,71.4642415004384
36.87,71.4642415004384
36.88,71.4642415004384
36.89,71.4642415004384
36.9,71.4642415004384
36.91,71.4642415004384
36.92,71.4642415004384
36.93,71.4642415004384
36.94,71.4642415004384
36.95,71.4642415004384
36.96,71.4642415004384
36.97,71.4642415004384
36.98,71.4642415004384
36.99,71.4642415004384
37,71.4642415004384
37.01,71.4642415004384
37.02,71.4642415004384
37.03,71.4642415004384
37.04,71.4642415004384
37.05,71.4642415004384
37.06,71.4642415004384
37.07,71.4642415004384
37.08,71.4642415004384
37.09,71.4642415004384
37.1,71.4642415004384
37.11,71.4642415004384
37.12,71.4642415004384
37.13,71.4642415004384
37.14,71.4642415004384
37.15,71.4642415004384
37.16,71.4642415004384
37.17,71.4642415004384
37.18,71.4642415004384
37.19,71.4642415004384
37.2,71.4642415004384
37.21,71.4642415004384
37.22,71.4642415004384
37.23,71.4642415004384
37.24,71.4642415004384
37.25,71.4642415004384
37.26,71.4642415004384
37.27,71.4642415004384
37.28,71.4642415004384
37.29,71.4642415004384
37.3,71.4642415004384
37.31,71.4642415004384
37.32,71.4642415004384
37.33,71.4642415004384
37.34,71.4642415004384
37.35,71.4642415004384
37.36,71.4642415004384
37.37,71.4642415004384
37.38,71.4642415004384
37.39,71.4642415004384
37.4,71.4642415004384
37.41,71.4642415004384
37.42,71.4642415004384
37.43,71.4642415004384
37.44,71.4642415004384
37.45,71.4642415004384
37.46,71.4642415004384
37.47,71.4642415004384
37.48,71.4642415004384
37.49,71.4642415004384
37.5,71.4642415004384
37.51,71.4642415004384
37.52,71.4642415004384
37.53,71.4642415004384
37.54,71.4642415004384
37.55,71.4642415004384
37.56,71.4642415004384
37.57,71.4642415004384
37.58,71.4642415004384
37.59,71.4642415004384
37.6,71.4642415004384
37.61,71.4642415004384
37.62,71.4642415004384
37.63,71.4642415004384
37.64,71.4642415004384
37.65,71.4642415004384
37.66,71.4642415004384
37.67,71.4642415004384
37.68,71.4642415004384
37.69,71.4642415004384
37.7,71.4642415004384
37.71,71.4642415004384
37.72,71.4642415004384
37.73,71.4642415004384
37.74,71.4642415004384
37.75,71.4642415004384
37.76,71.4642415004384
37.77,71.4642415004384
37.78,71.4642415004384
37.79,71.4642415004384
37.8,71.4642415004384
37.81,71.4642415004384
37.82,71.4642415004384
37.83,71.4642415004384
37.84,71.4642415004384
37.85,71.4642415004384
37.86,71.4642415004384
37.87,71.4642415004384
37.88,71.4642415004384
37.89,71.4642415004384
37.9,71.4642415004384
37.91,71.4642415004384
37.92,71.4642415004384
37.93,71.4642415004384
37.94,71.4642415004384
37.95,71.4642415004384
37.96,71.4642415004384
37.97,71.4642415004384
37.98,71.4642415004384
37.99,71.4642415004384
38,71.4642415004384
38.01,71.4642415004384
38.02,71.4642415004384
38.03,71.4642415004384
38.04,71.4642415004384
38.05,71.4642415004384
38.06,71.4642415004384
38.07,71.4642415004384
38.08,71.4642415004384
38.09,71.4642415004384
38.1,71.4642415004384
38.11,71.4642415004384
38.12,71.4642415004384
38.13,71.4642415004384
38.14,71.4642415004384
38.15,71.4642415004384
38.16,71.4642415004384
38.17,71.4642415004384
38.18,71.4642415004384
38.19,71.4642415004384
38.2,71.4642415004384
38.21,71.4642415004384
38.22,71.4642415004384
38.23,71.4642415004384
38.24,95.3337082159186
38.25,95.3337082159186
38.26,95.3337082159186
38.27,95.3337082159186
38.28,95.3337082159186
38.29,95.3337082159186
38.3,95.3337082159186
38.31,95.3337082159186
38.32,95.3337082159186
38.33,95.3337082159186
38.34,95.3337082159186
38.35,95.3337082159186
38.36,95.3337082159186
38.37,95.3337082159186
38.38,95.3337082159186
38.39,95.3337082159186
38.4,95.3337082159186
38.41,95.3337082159186
38.42,95.3337082159186
38.43,95.3337082159186
38.44,95.3337082159186
38.45,95.3337082159186
38.46,95.3337082159186
38.47,95.3337082159186
38.48,95.3337082159186
38.49,95.3337082159186
38.5,95.3337082159186
38.51,95.3337082159186
38.52,95.3337082159186
38.53,95.3337082159186
38.54,95.3337082159186
38.55,95.3337082159186
38.56,95.3337082159186
38.57,95.3337082159186
38.58,95.3337082159186
38.59,95.3337082159186
38.6,95.3337082159186
38.61,95.3337082159186
38.62,95.3337082159186
38.63,95.3337082159186
38.64,95.3337082159186
38.65,95.3337082159186
38.66,95.3337082159186
38.67,95.3337082159186
38.68,95.3337082159186
38.69,95.3337082159186
38.7,95.3337082159186
38.71,95.3337082159186
38.72,95.3337082159186
38.73,95.3337082159186
38.74,95.3337082159186
38.75,95.3337082159186
38.76,95.3337082159186
38.77,95.3337082159186
38.78,95.3337082159186
38.79,95.3337082159186
38.8,95.3337082159186
38.81,95.3337082159186
38.82,95.3337082159186
38.83,95.3337082159186
38.84,95.3337082159186
38.85,95.3337082159186
38.86,95.3337082159186
38.87,95.3337082159186
38.88,95.3337082159186
38.89,95.3337082159186
38.9,95.3337082159186
38.91,95.3337082159186
38.92,95.3337082159186
38.93,95.3337082159186
38.94,95.3337082159186
38.95,95.3337082159186
38.96,95.3337082159186
38.97,95.3337082159186
38.98,95.3337082159186
38.99,95.3337082159186
39,95.3337082159186
39.01,95.3337082159186
39.02,95.3337082159186
39.03,95.3337082159186
39.04,95.3337082159186
39.05,95.3337082159186
39.06,95.3337082159186
39.07,95.3337082159186
39.08,95.3337082159186
39.09,95.3337082159186
39.1,95.3337082159186
39.11,95.3337082159186
39.12,95.3337082159186
39.13,95.3337082159186
39.14,95.3337082159186
39.15,95.3337082159186
39.16,95.3337082159186
39.17,95.3337082159186
39.18,95.3337082159186
39.19,95.3337082159186
39.2,95.3337082159186
39.21,95.3337082159186
39.22,95.3337082159186
39.23,95.3337082159186
39.24,95.3337082159186
39.25,95.3337082159186
39.26,95.3337082159186
39.27,95.3337082159186
39.28,95.3337082159186
39.29,95.3337082159186
39.3,95.3337082159186
39.31,95.3337082159186
39.32,95.3337082159186
39.33,95.3337082159186
39.34,95.3337082159186
39.35,95.3337082159186
39.36,95.3337082159186
39.37,95.3337082159186
39.38,95.3337082159186
39.39,95.3337082159186
39.4,95.3337082159186
39.41,95.3337082159186
39.42,95.3337082159186
39.43,95.3337082159186
39.44,95.3337082159186
39.45,95.3337082159186
39.46,95.3337082159186
39.47,95.3337082159186
39.48,95.3337082159186
39.49,95.3337082159186
39.5,95.3337082159186
39.51,95.3337082159186
39.52,95.3337082159186
39.53,95.3337082159186
39.54,95.3337082159186
39.55,95.3337082159186
39.56,95.3337082159186
39.57,95.3337082159186
39.58,95.3337082159186
39.59,95.3337082159186
39.6,95.3337082159186
39.61,95.3337082159186
39.62,95.3337082159186
39.63,95.3337082159186
39.64,95.3337082159186
39.65,95.3337082159186
39.66,95.3337082159186
39.67,95.3337082159186
39.68,95.3337082159186
39.69,95.3337082159186
39.7,95.3337082159186
39.71,95.3337082159186
39.72,95.3337082159186
39.73,95.3337082159186
39.74,95.3337082159186
39.75,95.3337082159186
39.76,95.3337082159186
39.77,95.3337082159186
39.78,95.3337082159186
39.79,95.3337082159186
39.8,95.3337082159186
39.81,95.3337082159186
39.82,95.3337082159186
39.83,95.3337082159186
39.84,95.3337082159186
39.85,95.3337082159186
39.86,95.3337082159186
39.87,95.3337082159186
39.88,95.3337082159186
39.89,95.3337082159186
39.9,95.3337082159186
39.91,95.3337082159186
39.92,95.3337082159186
39.93,95.3337082159186
39.94,95.3337082159186
39.95,95.3337082159186
39.96,95.3337082159186
39.97,95.3337082159186
39.98,95.3337082159186
39.99,95.3337082159186
40,95.3337082159186
40.01,95.3337082159186
40.02,95.3337082159186
40.03,95.3337082159186
40.04,95.3337082159186
40.05,95.3337082159186
40.06,95.3337082159186
40.07,95.3337082159186
40.08,95.3337082159186
40.09,95.3337082159186
40.1,95.3337082159186
40.11,95.3337082159186
40.12,95.3337082159186
40.13,95.3337082159186
40.14,95.3337082159186
40.15,95.3337082159186
40.16,95.3337082159186
40.17,95.3337082159186
40.18,95.3337082159186
40.19,95.3337082159186
40.2,95.3337082159186
40.21,95.3337082159186
40.22,95.3337082159186
40.23,95.3337082159186
40.24,95.3337082159186
40.25,95.3337082159186
40.26,95.3337082159186
40.27,95.3337082159186
40.28,95.3337082159186
40.29,95.3337082159186
40.3,95.3337082159186
40.31,95.3337082159186
40.32,95.3337082159186
40.33,95.3337082159186
40.34,95.3337082159186
40.35,95.3337082159186
40.36,95.3337082159186
40.37,95.3337082159186
40.38,95.3337082159186
40.39,95.3337082159186
40.4,95.3337082159186
40.41,95.3337082159186
40.42,95.3337082159186
40.43,95.3337082159186
40.44,95.3337082159186
40.45,95.3337082159186
40.46,95.3337082159186
40.47,95.3337082159186
40.48,95.3337082159186
40.49,16.4234372491443
40.5,16.4234372491443
40.51,16.4234372491443
40.52,16.4234372491443
40.53,16.4234372491443
40.54,16.4234372491443
40.55,16.4234372491443
40.56,16.4234372491443
40.57,16.4234372491443
40.58,16.4234372491443
40.59,16.4234372491443
40.6,16.4234372491443
40.61,16.4234372491443
40.62,16.4234372491443
40.63,16.4234372491443
40.64,16.4234372491443
40.65,16.4234372491443
40.66,16.4234372491443
40.67,16.4234372491443
40.68,16.4234372491443
40.69,16.4234372491443
40.7,16.4234372491443
40.71,16.4234372491443
40.72,16.4234372491443
40.73,16.4234372491443
40.74,16.4234372491443
40.75,16.4234372491443
40.76,16.4234372491443
40.77,16.4234372491443
40.78,16.4234372491443
40.79,16.4234372491443
40.8,16.4234372491443
40.81,16.4234372491443
40.82,16.4234372491443
40.83,16.4234372491443
40.84,16.4234372491443
40.85,16.4234372491443
40.86,16.4234372491443
40.87,16.4234372491443
40.88,16.4234372491443
40.89,16.4234372491443
40.9,16.4234372491443
40.91,16.4234372491443
40.92,16.4234372491443
40.93,16.4234372491443
40.94,16.4234372491443
40.95,16.4234372491443
40.96,16.4234372491443
40.97,16.4234372491443
40.98,16.4234372491443
40.99,16.4234372491443
41,16.4234372491443
41.01,16.4234372491443
41.02,16.4234372491443
41.03,16.4234372491443
41.04,16.4234372491443
41.05,16.4234372491443
41.06,16.4234372491443
41.07,16.4234372491443
41.08,16.4234372491443
41.09,16.4234372491443
41.1,16.4234372491443
41.11,16.4234372491443
41.12,16.4234372491443
41.13,16.4234372491443
41.14,16.4234372491443
41.15,16.4234372491443
41.16,16.4234372491443
41.17,16.4234372491443
41.18,16.4234372491443
41.19,16.4234372491443
41.2,16.4234372491443
41.21,16.4234372491443
41.22,16.4234372491443
41.23,16.4234372491443
41.24,16.4234372491443
41.25,16.4234372491443
41.26,16.4234372491443
41.27,16.4234372491443
41.28,16.4234372491443
41.29,16.4234372491443
41.3,16.4234372491443
41.31,16.4234372491443
41.32,16.4234372491443
41.33,16.4234372491443
41.34,16.4234372491443
41.35,16.4234372491443
41.36,16.4234372491443
41.37,16.4234372491443
41.38,16.4234372491443
41.39,16.4234372491443
41.4,16.4234372491443
41.41,16.4234372491443
41.42,16.4234372491443
41.43,16.4234372491443
41.44,16.4234372491443
41.45,16.4234372491443
41.46,16.4234372491443
41.47,16.4234372491443
41.48,16.4234372491443
41.49,16.4234372491443
41.5,16.4234372491443
41.51,16.4234372491443
41.52,16.4234372491443
41.53,16.4234372491443
41.54,16.4234372491443
41.55,16.4234372491443
41.56,16.4234372491443
41.57,16.4234372491443
41.58,16.4234372491443
41.59,16.4234372491443
41.6,16.4234372491443
41.61,16.4234372491443
41.62,16.4234372491443
41.63,16.4234372491443
41.64,16.4234372491443
41.65,16.4234372491443
41.66,16.4234372491443
41.67,16.4234372491443
41.68,16.4234372491443
41.69,16.4234372491443
41.7,16.4234372491443
41.71,16.4234372491443
41.72,16.4234372491443
41.73,16.4234372491443
41.74,16.4234372491443
41.75,16.4234372491443
41.76,16.4234372491443
41.77,16.4234372491443
41.78,16.4234372491443
41.79,16.4234372491443
41.8,16.4234372491443
41.81,16.4234372491443
41.82,16.4234372491443
41.83,16.4234372491443
41.84,16.4234372491443
41.85,16.4234372491443
41.86,16.4234372491443
41.87,16.4234372491443
41.88,16.4234372491443
41.89,16.4234372491443
41.9,16.4234372491443
41.91,16.4234372491443
41.92,16.4234372491443
41.93,16.4234372491443
41.94,16.4234372491443
41.95,16.4234372491443
41.96,16.4234372491443
41.97,16.4234372491443
41.98,16.4234372491443
41.99,16.4234372491443
42,16.4234372491443
42.01,16.4234372491443
42.02,16.4234372491443
42.03,16.4234372491443
42.04,16.4234372491443
42.05,16.4234372491443
42.06,16.4234372491443
42.07,16.4234372491443
42.08,16.4234372491443
42.09,16.4234372491443
42.1,16.4234372491443
42.11,16.4234372491443
42.12,16.4234372491443
42.13,16.4234372491443
42.14,16.4234372491443
42.15,16.4234372491443
42.16,16.4234372491443
42.17,16.4234372491443
42.18,16.4234372491443
42.19,16.4234372491443
42.2,16.4234372491443
42.21,16.4234372491443
42.22,16.4234372491443
42.23,16.4234372491443
42.24,16.4234372491443
42.25,16.4234372491443
42.26,16.4234372491443
42.27,16.4234372491443
42.28,16.4234372491443
42.29,16.4234372491443
42.3,16.4234372491443
42.31,16.4234372491443
42.32,16.4234372491443
42.33,16.4234372491443
42.34,16.4234372491443
42.35,16.4234372491443
42.36,16.4234372491443
42.37,16.4234372491443
42.38,16.4234372491443
42.39,16.4234372491443
42.4,16.4234372491443
42.41,16.4234372491443
42.42,16.4234372491443
42.43,16.4234372491443
42.44,16.4234372491443
42.45,16.4234372491443
42.46,16.4234372491443
42.47,16.4234372491443
42.48,16.4234372491443
42.49,16.4234372491443
42.5,16.4234372491443
42.51,16.4234372491443
42.52,16.4234372491443
42.53,16.4234372491443
42.54,16.4234372491443
42.55,16.4234372491443
42.56,16.4234372491443
42.57,16.4234372491443
42.58,16.4234372491443
42.59,16.4234372491443
42.6,16.4234372491443
42.61,16.4234372491443
42.62,16.4234372491443
42.63,16.4234372491443
42.64,16.4234372491443
42.65,16.4234372491443
42.66,16.4234372491443
42.67,16.4234372491443
42.68,16.4234372491443
42.69,16.4234372491443
42.7,16.4234372491443
42.71,16.4234372491443
42.72,16.4234372491443
42.73,16.4234372491443
42.74,16.4234372491443
42.75,16.4234372491443
42.76,16.4234372491443
42.77,16.4234372491443
42.78,16.4234372491443
42.79,16.4234372491443
42.8,16.4234372491443
42.81,16.4234372491443
42.82,16.4234372491443
42.83,16.4234372491443
42.84,16.4234372491443
42.85,16.4234372491443
42.86,16.4234372491443
42.87,16.4234372491443
42.88,16.4234372491443
42.89,16.4234372491443
42.9,16.4234372491443
42.91,16.4234372491443
42.92,16.4234372491443
42.93,16.4234372491443
42.94,16.4234372491443
42.95,16.4234372491443
42.96,16.4234372491443
42.97,16.4234372491443
42.98,16.4234372491443
42.99,16.4234372491443
43,16.4234372491443
43.01,16.4234372491443
43.02,16.4234372491443
43.03,16.4234372491443
43.04,16.4234372491443
43.05,16.4234372491443
43.06,16.4234372491443
43.07,16.4234372491443
43.08,16.4234372491443
43.09,16.4234372491443
43.1,16.4234372491443
43.11,16.4234372491443
43.12,16.4234372491443
43.13,16.4234372491443
43.14,16.4234372491443
43.15,16.4234372491443
43.16,16.4234372491443
43.17,16.4234372491443
43.18,16.4234372491443
43.19,16.4234372491443
43.2,16.4234372491443
43.21,16.4234372491443
43.22,16.4234372491443
43.23,16.4234372491443
43.24,16.4234372491443
43.25,16.4234372491443
43.26,16.4234372491443
43.27,16.4234372491443
43.28,16.4234372491443
43.29,16.4234372491443
43.3,16.4234372491443
43.31,16.4234372491443
43.32,16.4234372491443
43.33,16.4234372491443
43.34,16.4234372491443
43.35,16.4234372491443
43.36,16.4234372491443
43.37,16.4234372491443
43.38,16.4234372491443
43.39,16.4234372491443
43.4,16.4234372491443
43.41,16.4234372491443
43.42,16.4234372491443
43.43,16.4234372491443
43.44,16.4234372491443
43.45,16.4234372491443
43.46,16.4234372491443
43.47,16.4234372491443
43.48,16.4234372491443
43.49,16.4234372491443
43.5,16.4234372491443
43.51,16.4234372491443
43.52,16.4234372491443
43.53,16.4234372491443
43.54,16.4234372491443
43.55,16.4234372491443
43.56,16.4234372491443
43.57,16.4234372491443
43.58,16.4234372491443
43.59,16.4234372491443
43.6,16.4234372491443
43.61,16.4234372491443
43.62,16.4234372491443
43.63,16.4234372491443
43.64,16.4234372491443
43.65,16.4234372491443
43.66,16.4234372491443
43.67,16.4234372491443
43.68,16.4234372491443
43.69,16.4234372491443
43.7,16.4234372491443
43.71,16.4234372491443
43.72,16.4234372491443
43.73,16.4234372491443
43.74,16.4234372491443
43.75,16.4234372491443
43.76,16.4234372491443
43.77,16.4234372491443
43.78,16.4234372491443
43.79,16.4234372491443
43.8,16.4234372491443
43.81,16.4234372491443
43.82,16.4234372491443
43.83,16.4234372491443
43.84,16.4234372491443
43.85,16.4234372491443
43.86,16.4234372491443
43.87,16.4234372491443
43.88,16.4234372491443
43.89,16.4234372491443
43.9,16.4234372491443
43.91,16.4234372491443
43.92,16.4234372491443
43.93,16.4234372491443
43.94,16.4234372491443
43.95,16.4234372491443
43.96,16.4234372491443
43.97,16.4234372491443
43.98,16.4234372491443
43.99,16.4234372491443
44,16.4234372491443
44.01,16.4234372491443
44.02,16.4234372491443
44.03,16.4234372491443
44.04,16.4234372491443
44.05,16.4234372491443
44.06,16.4234372491443
44.07,16.4234372491443
44.08,15.3038843763483
44.09,15.3038843763483
44.1,15.3038843763483
44.11,15.3038843763483
44.12,15.3038843763483
44.13,15.3038843763483
44.14,15.3038843763483
44.15,15.3038843763483
44.16,15.3038843763483
44.17,15.3038843763483
44.18,15.3038843763483
44.19,15.3038843763483
44.2,15.3038843763483
44.21,15.3038843763483
44.22,15.3038843763483
44.23,15.3038843763483
44.24,15.3038843763483
44.25,15.3038843763483
44.26,15.3038843763483
44.27,15.3038843763483
44.28,15.3038843763483
44.29,15.3038843763483
44.3,15.3038843763483
44.31,15.3038843763483
44.32,15.3038843763483
44.33,15.3038843763483
44.34,15.3038843763483
44.35,15.3038843763483
44.36,15.3038843763483
44.37,15.3038843763483
44.38,15.3038843763483
44.39,15.3038843763483
44.4,15.3038843763483
44.41,15.3038843763483
44.42,15.3038843763483
44.43,15.3038843763483
44.44,15.3038843763483
44.45,15.3038843763483
44.46,15.3038843763483
44.47,15.3038843763483
44.48,15.3038843763483
44.49,15.3038843763483
44.5,15.3038843763483
44.51,15.3038843763483
44.52,15.3038843763483
44.53,15.3038843763483
44.54,15.3038843763483
44.55,15.3038843763483
44.56,15.3038843763483
44.57,15.3038843763483
44.58,15.3038843763483
44.59,15.3038843763483
44.6,15.3038843763483
44.61,15.3038843763483
44.62,15.3038843763483
44.63,15.3038843763483
44.64,15.3038843763483
44.65,15.3038843763483
44.66,15.3038843763483
44.67,15.3038843763483
44.68,15.3038843763483
44.69,15.3038843763483
44.7,15.3038843763483
44.71,15.3038843763483
44.72,15.3038843763483
44.73,15.3038843763483
44.74,15.3038843763483
44.75,15.3038843763483
44.76,15.3038843763483
44.77,15.3038843763483
44.78,15.3038843763483
44.79,15.3038843763483
44.8,15.3038843763483
44.81,15.3038843763483
44.82,15.3038843763483
44.83,15.3038843763483
44.84,15.3038843763483
44.85,15.3038843763483
44.86,15.3038843763483
44.87,15.3038843763483
44.88,15.3038843763483
44.89,15.3038843763483
44.9,15.3038843763483
44.91,15.3038843763483
44.92,15.3038843763483
44.93,15.3038843763483
44.94,15.3038843763483
44.95,15.3038843763483
44.96,15.3038843763483
44.97,15.3038843763483
44.98,15.3038843763483
44.99,15.3038843763483
45,15.3038843763483
45.01,15.3038843763483
45.02,15.3038843763483
45.03,15.3038843763483
45.04,15.3038843763483
45.05,15.3038843763483
45.06,15.3038843763483
45.07,15.3038843763483
45.08,15.3038843763483
45.09,15.3038843763483
45.1,15.3038843763483
45.11,15.3038843763483
45.12,15.3038843763483
45.13,15.3038843763483
45.14,15.3038843763483
45.15,15.3038843763483
45.16,15.3038843763483
45.17,15.3038843763483
45.18,15.3038843763483
45.19,15.3038843763483
45.2,15.3038843763483
45.21,15.3038843763483
45.22,15.3038843763483
45.23,15.3038843763483
45.24,15.3038843763483
45.25,15.3038843763483
45.26,15.3038843763483
45.27,15.3038843763483
45.28,15.3038843763483
45.29,15.3038843763483
45.3,15.3038843763483
45.31,15.3038843763483
45.32,15.3038843763483
45.33,15.3038843763483
45.34,15.3038843763483
45.35,15.3038843763483
45.36,15.3038843763483
45.37,15.3038843763483
45.38,15.3038843763483
45.39,15.3038843763483
45.4,15.3038843763483
45.41,15.3038843763483
45.42,15.3038843763483
45.43,15.3038843763483
45.44,15.3038843763483
45.45,15.3038843763483
45.46,15.3038843763483
45.47,15.3038843763483
45.48,15.3038843763483
45.49,15.3038843763483
45.5,15.3038843763483
45.51,15.3038843763483
45.52,15.3038843763483
45.53,15.3038843763483
45.54,15.3038843763483
45.55,15.3038843763483
45.56,15.3038843763483
45.57,15.3038843763483
45.58,15.3038843763483
45.59,15.3038843763483
45.6,15.3038843763483
45.61,15.3038843763483
45.62,15.3038843763483
45.63,15.3038843763483
45.64,15.3038843763483
45.65,15.3038843763483
45.66,15.3038843763483
45.67,15.3038843763483
45.68,15.3038843763483
45.69,15.3038843763483
45.7,15.3038843763483
45.71,15.3038843763483
45.72,15.3038843763483
45.73,15.3038843763483
45.74,15.3038843763483
45.75,15.3038843763483
45.76,15.3038843763483
45.77,15.3038843763483
45.78,15.3038843763483
45.79,15.3038843763483
45.8,15.3038843763483
45.81,15.3038843763483
45.82,15.3038843763483
45.83,15.3038843763483
45.84,15.3038843763483
45.85,15.3038843763483
45.86,15.3038843763483
45.87,15.3038843763483
45.88,15.3038843763483
45.89,15.3038843763483
45.9,15.3038843763483
45.91,15.3038843763483
45.92,15.3038843763483
45.93,15.3038843763483
45.94,15.3038843763483
45.95,15.3038843763483
45.96,15.3038843763483
45.97,15.3038843763483
45.98,15.3038843763483
45.99,15.3038843763483
46,15.3038843763483
46.01,15.3038843763483
46.02,15.3038843763483
46.03,15.3038843763483
46.04,15.3038843763483
46.05,15.3038843763483
46.06,15.3038843763483
46.07,15.3038843763483
46.08,15.3038843763483
46.09,15.3038843763483
46.1,15.3038843763483
46.11,15.3038843763483
46.12,15.3038843763483
46.13,15.3038843763483
46.14,15.3038843763483
46.15,15.3038843763483
46.16,15.3038843763483
46.17,15.3038843763483
46.18,15.3038843763483
46.19,15.3038843763483
46.2,15.3038843763483
46.21,15.3038843763483
46.22,15.3038843763483
46.23,15.3038843763483
46.24,15.3038843763483
46.25,15.3038843763483
46.26,15.3038843763483
46.27,15.3038843763483
46.28,15.3038843763483
46.29,15.3038843763483
46.3,15.3038843763483
46.31,15.3038843763483
46.32,15.3038843763483
46.33,15.3038843763483
46.34,15.3038843763483
46.35,15.3038843763483
46.36,15.3038843763483
46.37,15.3038843763483
46.38,15.3038843763483
46.39,15.3038843763483
46.4,15.3038843763483
46.41,15.3038843763483
46.42,15.3038843763483
46.43,15.3038843763483
46.44,15.3038843763483
46.45,15.3038843763483
46.46,15.3038843763483
46.47,15.3038843763483
46.48,15.3038843763483
46.49,15.3038843763483
46.5,15.3038843763483
46.51,15.3038843763483
46.52,15.3038843763483
46.53,15.3038843763483
46.54,15.3038843763483
46.55,15.3038843763483
46.56,15.3038843763483
46.57,15.3038843763483
46.58,15.3038843763483
46.59,15.3038843763483
46.6,15.3038843763483
46.61,15.3038843763483
46.62,15.3038843763483
46.63,15.3038843763483
46.64,15.3038843763483
46.65,15.3038843763483
46.66,15.3038843763483
46.67,15.3038843763483
46.68,15.3038843763483
46.69,15.3038843763483
46.7,15.3038843763483
46.71,15.3038843763483
46.72,15.3038843763483
46.73,15.3038843763483
46.74,15.3038843763483
46.75,15.3038843763483
46.76,15.3038843763483
46.77,15.3038843763483
46.78,15.3038843763483
46.79,15.3038843763483
46.8,15.3038843763483
46.81,15.3038843763483
46.82,15.3038843763483
46.83,15.3038843763483
46.84,103.155189332728
46.85,103.155189332728
46.86,103.155189332728
46.87,103.155189332728
46.88,103.155189332728
46.89,103.155189332728
46.9,103.155189332728
46.91,103.155189332728
46.92,103.155189332728
46.93,103.155189332728
46.94,103.155189332728
46.95,103.155189332728
46.96,103.155189332728
46.97,103.155189332728
46.98,103.155189332728
46.99,103.155189332728
47,103.155189332728
47.01,103.155189332728
47.02,103.155189332728
47.03,103.155189332728
47.04,103.155189332728
47.05,103.155189332728
47.06,103.155189332728
47.07,103.155189332728
47.08,103.155189332728
47.09,103.155189332728
47.1,103.155189332728
47.11,103.155189332728
47.12,103.155189332728
47.13,103.155189332728
47.14,103.155189332728
47.15,103.155189332728
47.16,103.155189332728
47.17,103.155189332728
47.18,103.155189332728
47.19,103.155189332728
47.2,103.155189332728
47.21,103.155189332728
47.22,103.155189332728
47.23,103.155189332728
47.24,103.155189332728
47.25,103.155189332728
47.26,103.155189332728
47.27,103.155189332728
47.28,103.155189332728
47.29,103.155189332728
47.3,103.155189332728
47.31,103.155189332728
47.32,103.155189332728
47.33,103.155189332728
47.34,103.155189332728
47.35,103.155189332728
47.36,103.155189332728
47.37,103.155189332728
47.38,103.155189332728
47.39,103.155189332728
47.4,103.155189332728
47.41,103.155189332728
47.42,103.155189332728
47.43,103.155189332728
47.44,103.155189332728
47.45,103.155189332728
47.46,103.155189332728
47.47,103.155189332728
47.48,103.155189332728
47.49,103.155189332728
47.5,103.155189332728
47.51,103.155189332728
47.52,103.155189332728
47.53,103.155189332728
47.54,103.155189332728
47.55,103.155189332728
47.56,103.155189332728
47.57,103.155189332728
47.58,103.155189332728
47.59,103.155189332728
47.6,103.155189332728
47.61,103.155189332728
47.62,103.155189332728
47.63,103.155189332728
47.64,103.155189332728
47.65,103.155189332728
47.66,103.155189332728
47.67,103.155189332728
47.68,103.155189332728
47.69,103.155189332728
47.7,103.155189332728
47.71,103.155189332728
47.72,103.155189332728
47.73,103.155189332728
47.74,103.155189332728
47.75,103.155189332728
47.76,103.155189332728
47.77,103.155189332728
47.78,103.155189332728
47.79,103.155189332728
47.8,103.155189332728
47.81,103.155189332728
47.82,103.155189332728
47.83,103.155189332728
47.84,103.155189332728
47.85,103.155189332728
47.86,103.155189332728
47.87,103.155189332728
47.88,103.155189332728
47.89,103.155189332728
47.9,103.155189332728
47.91,103.155189332728
47.92,103.155189332728
47.93,103.155189332728
47.94,103.155189332728
47.95,103.155189332728
47.96,103.155189332728
47.97,103.155189332728
47.98,103.155189332728
47.99,103.155189332728
48,103.155189332728
48.01,103.155189332728
48.02,103.155189332728
48.03,103.155189332728
48.04,103.155189332728
48.05,103.155189332728
48.06,103.155189332728
48.07,103.155189332728
48.08,103.155189332728
48.09,103.155189332728
48.1,103.155189332728
48.11,103.155189332728
48.12,103.155189332728
48.13,103.155189332728
48.14,103.155189332728
48.15,103.155189332728
48.16,103.155189332728
48.17,103.155189332728
48.18,103.155189332728
48.19,103.155189332728
48.2,103.155189332728
48.21,103.155189332728
48.22,103.155189332728
48.23,103.155189332728
48.24,103.155189332728
48.25,103.155189332728
48.26,103.155189332728
48.27,103.155189332728
48.28,103.155189332728
48.29,103.155189332728
48.3,103.155189332728
48.31,103.155189332728
48.32,103.155189332728
48.33,103.155189332728
48.34,103.155189332728
48.35,103.155189332728
48.36,103.155189332728
48.37,103.155189332728
48.38,103.155189332728
48.39,103.155189332728
48.4,103.155189332728
48.41,103.155189332728
48.42,103.155189332728
48.43,103.155189332728
48.44,103.155189332728
48.45,103.155189332728
48.46,103.155189332728
48.47,103.155189332728
48.48,103.155189332728
48.49,103.155189332728
48.5,103.155189332728
48.51,103.155189332728
48.52,103.155189332728
48.53,103.155189332728
48.54,103.155189332728
48.55,103.155189332728
48.56,103.155189332728
48.57,103.155189332728
48.58,103.155189332728
48.59,103.155189332728
48.6,103.155189332728
48.61,103.155189332728
48.62,103.155189332728
48.63,103.155189332728
48.64,103.155189332728
48.65,103.155189332728
48.66,103.155189332728
48.67,103.155189332728
48.68,103.155189332728
48.69,103.155189332728
48.7,103.155189332728
48.71,103.155189332728
48.72,103.155189332728
48.73,103.155189332728
48.74,103.155189332728
48.75,103.155189332728
48.76,103.155189332728
48.77,103.155189332728
48.78,103.155189332728
48.79,103.155189332728
48.8,103.155189332728
48.81,103.155189332728
48.82,103.155189332728
48.83,103.155189332728
48.84,103.155189332728
48.85,103.155189332728
48.86,103.155189332728
48.87,103.155189332728
48.88,103.155189332728
48.89,103.155189332728
48.9,103.155189332728
48.91,103.155189332728
48.92,94.306501524834
48.93,94.306501524834
48.94,94.306501524834
48.95,94.306501524834
48.96,94.306501524834
48.97,94.306501524834
48.98,94.306501524834
48.99,94.306501524834
49,94.306501524834
49.01,94.306501524834
49.02,94.306501524834
49.03,94.306501524834
49.04,94.306501524834
49.05,94.306501524834
49.06,94.306501524834
49.07,94.306501524834
49.08,94.306501524834
49.09,94.306501524834
49.1,94.306501524834
49.11,94.306501524834
49.12,94.306501524834
49.13,94.306501524834
49.14,94.306501524834
49.15,94.306501524834
49.16,94.306501524834
49.17,94.306501524834
49.18,94.306501524834
49.19,94.306501524834
49.2,94.306501524834
49.21,94.306501524834
49.22,94.306501524834
49.23,94.306501524834
49.24,94.306501524834
49.25,94.306501524834
49.26,94.306501524834
49.27,94.306501524834
49.28,94.306501524834
49.29,94.306501524834
49.3,94.306501524834
49.31,94.306501524834
49.32,94.306501524834
49.33,94.306501524834
49.34,94.306501524834
49.35,94.306501524834
49.36,94.306501524834
49.37,94.306501524834
49.38,94.306501524834
49.39,94.306501524834
49.4,94.306501524834
49.41,94.306501524834
49.42,94.306501524834
49.43,94.306501524834
49.44,94.306501524834
49.45,94.306501524834
49.46,94.306501524834
49.47,94.306501524834
49.48,94.306501524834
49.49,94.306501524834
49.5,94.306501524834
49.51,94.306501524834
49.52,94.306501524834
49.53,94.306501524834
49.54,94.306501524834
49.55,94.306501524834
49.56,94.306501524834
49.57,94.306501524834
49.58,94.306501524834
49.59,94.306501524834
49.6,94.306501524834
49.61,94.306501524834
49.62,94.306501524834
49.63,94.306501524834
49.64,94.306501524834
49.65,94.306501524834
49.66,94.306501524834
49.67,94.306501524834
49.68,94.306501524834
49.69,94.306501524834
49.7,94.306501524834
49.71,94.306501524834
49.72,94.306501524834
49.73,94.306501524834
49.74,94.306501524834
49.75,94.306501524834
49.76,94.306501524834
49.77,94.306501524834
49.78,94.306501524834
49.79,94.306501524834
49.8,94.306501524834
49.81,94.306501524834
49.82,94.306501524834
49.83,94.306501524834
49.84,94.306501524834
49.85,94.306501524834
49.86,94.306501524834
49.87,94.306501524834
49.88,94.306501524834
49.89,94.306501524834
49.9,94.306501524834
49.91,94.306501524834
49.92,94.306501524834
49.93,94.306501524834
49.94,94.306501524834
49.95,94.306501524834
49.96,94.306501524834
49.97,94.306501524834
49.98,94.306501524834
49.99,94.306501524834
50,94.306501524834
50.01,94.306501524834
50.02,94.306501524834
50.03,94.306501524834
50.04,94.306501524834
50.05,94.306501524834
50.06,94.306501524834
50.07,94.306501524834
50.08,94.306501524834
50.09,94.306501524834
50.1,94.306501524834
50.11,94.306501524834
50.12,94.306501524834
50.13,94.306501524834
50.14,94.306501524834
50.15,94.306501524834
50.16,94.306501524834
50.17,94.306501524834
50.18,94.306501524834
50.19,94.306501524834
50.2,94.306501524834
50.21,94.306501524834
50.22,94.306501524834
50.23,94.306501524834
50.24,94.306501524834
50.25,94.306501524834
50.26,94.306501524834
50.27,94.306501524834
50.28,94.306501524834
50.29,94.306501524834
50.3,94.306501524834
50.31,94.306501524834
50.32,94.306501524834
50.33,94.306501524834
50.34,94.306501524834
50.35,94.306501524834
50.36,94.306501524834
50.37,94.306501524834
50.38,94.306501524834
50.39,94.306501524834
50.4,94.306501524834
50.41,94.306501524834
50.42,94.306501524834
50.43,94.306501524834
50.44,94.306501524834
50.45,94.306501524834
50.46,94.306501524834
50.47,94.306501524834
50.48,94.306501524834
50.49,94.306501524834
50.5,94.306501524834
50.51,94.306501524834
50.52,94.306501524834
50.53,94.306501524834
50.54,94.306501524834
50.55,94.306501524834
50.56,94.306501524834
50.57,94.306501524834
50.58,94.306501524834
50.59,94.306501524834
50.6,94.306501524834
50.61,94.306501524834
50.62,94.306501524834
50.63,94.306501524834
50.64,94.306501524834
50.65,94.306501524834
50.66,94.306501524834
50.67,94.306501524834
50.68,94.306501524834
50.69,94.306501524834
50.7,94.306501524834
50.71,94.306501524834
50.72,94.306501524834
50.73,94.306501524834
50.74,94.306501524834
50.75,94.306501524834
50.76,94.306501524834
50.77,94.306501524834
50.78,94.306501524834
50.79,94.306501524834
50.8,94.306501524834
50.81,94.306501524834
50.82,94.306501524834
50.83,94.306501524834
50.84,94.306501524834
50.85,94.306501524834
50.86,94.306501524834
50.87,94.306501524834
50.88,94.306501524834
50.89,94.306501524834
50.9,94.306501524834
50.91,94.306501524834
50.92,94.306501524834
50.93,94.306501524834
50.94,94.306501524834
50.95,94.306501524834
50.96,94.306501524834
50.97,94.306501524834
50.98,94.306501524834
50.99,94.306501524834
51,94.306501524834
51.01,94.306501524834
51.02,94.306501524834
51.03,94.306501524834
51.04,94.306501524834
51.05,94.306501524834
51.06,94.306501524834
51.07,94.306501524834
51.08,94.306501524834
51.09,94.306501524834
51.1,94.306501524834
51.11,94.306501524834
51.12,94.306501524834
51.13,94.306501524834
51.14,94.306501524834
51.15,94.306501524834
51.16,94.306501524834
51.17,94.306501524834
51.18,94.306501524834
51.19,94.306501524834
51.2,94.306501524834
51.21,94.306501524834
51.22,94.306501524834
51.23,94.306501524834
51.24,94.306501524834
51.25,94.306501524834
51.26,94.306501524834
51.27,94.306501524834
51.28,94.306501524834
51.29,94.306501524834
51.3,94.306501524834
51.31,94.306501524834
51.32,94.306501524834
51.33,94.306501524834
51.34,94.306501524834
51.35,94.306501524834
51.36,94.306501524834
51.37,94.306501524834
51.38,94.306501524834
51.39,94.306501524834
51.4,94.306501524834
51.41,94.306501524834
51.42,94.306501524834
51.43,94.306501524834
51.44,94.306501524834
51.45,94.306501524834
51.46,94.306501524834
51.47,94.306501524834
51.48,94.306501524834
51.49,94.306501524834
51.5,94.306501524834
51.51,94.306501524834
51.52,94.306501524834
51.53,94.306501524834
51.54,94.306501524834
51.55,94.306501524834
51.56,94.306501524834
51.57,94.306501524834
51.58,94.306501524834
51.59,94.306501524834
51.6,94.306501524834
51.61,94.306501524834
51.62,94.306501524834
51.63,94.306501524834
51.64,94.306501524834
51.65,94.306501524834
51.66,94.306501524834
51.67,94.306501524834
51.68,94.306501524834
51.69,94.306501524834
51.7,94.306501524834
51.71,94.306501524834
51.72,94.306501524834
51.73,94.306501524834
51.74,94.306501524834
51.75,94.306501524834
51.76,94.306501524834
51.77,94.306501524834
51.78,94.306501524834
51.79,94.306501524834
51.8,94.306501524834
51.81,94.306501524834
51.82,94.306501524834
51.83,94.306501524834
51.84,94.306501524834
51.85,94.306501524834
51.86,94.306501524834
51.87,94.306501524834
51.88,94.306501524834
51.89,94.306501524834
51.9,94.306501524834
51.91,94.306501524834
51.92,94.306501524834
51.93,94.306501524834
51.94,94.306501524834
51.95,94.306501524834
51.96,94.306501524834
51.97,94.306501524834
51.98,94.306501524834
51.99,94.306501524834
52,94.306501524834
52.01,94.306501524834
52.02,94.306501524834
52.03,94.306501524834
52.04,94.306501524834
52.05,94.306501524834
52.06,94.306501524834
52.07,94.306501524834
52.08,94.306501524834
52.09,94.306501524834
52.1,94.306501524834
52.11,94.306501524834
52.12,94.306501524834
52.13,94.306501524834
52.14,94.306501524834
52.15,94.306501524834
52.16,94.306501524834
52.17,94.306501524834
52.18,94.306501524834
52.19,94.306501524834
52.2,94.306501524834
52.21,94.306501524834
52.22,94.306501524834
52.23,94.306501524834
52.24,94.306501524834
52.25,94.306501524834
52.26,94.306501524834
52.27,94.306501524834
52.28,94.306501524834
52.29,94.306501524834
52.3,94.306501524834
52.31,94.306501524834
52.32,94.306501524834
52.33,94.306501524834
52.34,94.306501524834
52.35,94.306501524834
52.36,94.306501524834
52.37,94.306501524834
52.38,94.306501524834
52.39,94.306501524834
52.4,94.306501524834
52.41,94.306501524834
52.42,94.306501524834
52.43,94.306501524834
52.44,94.306501524834
52.45,94.306501524834
52.46,94.306501524834
52.47,94.306501524834
52.48,94.306501524834
52.49,94.306501524834
52.5,94.306501524834
52.51,94.306501524834
52.52,94.306501524834
52.53,94.306501524834
52.54,94.306501524834
52.55,94.306501524834
52.56,94.306501524834
52.57,94.306501524834
52.58,94.306501524834
52.59,94.306501524834
52.6,94.306501524834
52.61,94.306501524834
52.62,94.306501524834
52.63,94.306501524834
52.64,94.306501524834
52.65,94.306501524834
52.66,94.306501524834
52.67,94.306501524834
52.68,94.306501524834
52.69,94.306501524834
52.7,94.306501524834
52.71,94.306501524834
52.72,94.306501524834
52.73,94.306501524834
52.74,94.306501524834
52.75,94.306501524834
52.76,94.306501524834
52.77,94.306501524834
52.78,94.306501524834
52.79,94.306501524834
52.8,95.3842575935166
52.81,95.3842575935166
52.82,95.3842575935166
52.83,95.3842575935166
52.84,95.3842575935166
52.85,95.3842575935166
52.86,95.3842575935166
52.87,95.3842575935166
52.88,95.3842575935166
52.89,95.3842575935166
52.9,95.3842575935166
52.91,95.3842575935166
52.92,95.3842575935166
52.93,95.3842575935166
52.94,95.3842575935166
52.95,95.3842575935166
52.96,95.3842575935166
52.97,95.3842575935166
52.98,95.3842575935166
52.99,95.3842575935166
53,95.3842575935166
53.01,95.3842575935166
53.02,95.3842575935166
53.03,95.3842575935166
53.04,95.3842575935166
53.05,95.3842575935166
53.06,95.3842575935166
53.07,95.3842575935166
53.08,95.3842575935166
53.09,95.3842575935166
53.1,95.3842575935166
53.11,95.3842575935166
53.12,95.3842575935166
53.13,95.3842575935166
53.14,95.3842575935166
53.15,95.3842575935166
53.16,95.3842575935166
53.17,95.3842575935166
53.18,95.3842575935166
53.19,95.3842575935166
53.2,95.3842575935166
53.21,95.3842575935166
53.22,95.3842575935166
53.23,95.3842575935166
53.24,95.3842575935166
53.25,95.3842575935166
53.26,95.3842575935166
53.27,95.3842575935166
53.28,95.3842575935166
53.29,95.3842575935166
53.3,95.3842575935166
53.31,95.3842575935166
53.32,95.3842575935166
53.33,95.3842575935166
53.34,95.3842575935166
53.35,95.3842575935166
53.36,95.3842575935166
53.37,95.3842575935166
53.38,95.3842575935166
53.39,95.3842575935166
53.4,95.3842575935166
53.41,95.3842575935166
53.42,95.3842575935166
53.43,95.3842575935166
53.44,95.3842575935166
53.45,95.3842575935166
53.46,95.3842575935166
53.47,95.3842575935166
53.48,95.3842575935166
53.49,95.3842575935166
53.5,95.3842575935166
53.51,95.3842575935166
53.52,95.3842575935166
53.53,95.3842575935166
53.54,95.3842575935166
53.55,95.3842575935166
53.56,95.3842575935166
53.57,95.3842575935166
53.58,95.3842575935166
53.59,95.3842575935166
53.6,95.3842575935166
53.61,95.3842575935166
53.62,95.3842575935166
53.63,95.3842575935166
53.64,95.3842575935166
53.65,95.3842575935166
53.66,95.3842575935166
53.67,95.3842575935166
53.68,95.3842575935166
53.69,95.3842575935166
53.7,95.3842575935166
53.71,95.3842575935166
53.72,95.3842575935166
53.73,95.3842575935166
53.74,95.3842575935166
53.75,95.3842575935166
53.76,95.3842575935166
53.77,95.3842575935166
53.78,95.3842575935166
53.79,95.3842575935166
53.8,95.3842575935166
53.81,95.3842575935166
53.82,95.3842575935166
53.83,95.3842575935166
53.84,95.3842575935166
53.85,95.3842575935166
53.86,95.3842575935166
53.87,95.3842575935166
53.88,95.3842575935166
53.89,95.3842575935166
53.9,95.3842575935166
53.91,95.3842575935166
53.92,95.3842575935166
53.93,95.3842575935166
53.94,95.3842575935166
53.95,95.3842575935166
53.96,95.3842575935166
53.97,95.3842575935166
53.98,95.3842575935166
53.99,95.3842575935166
54,95.3842575935166
54.01,95.3842575935166
54.02,95.3842575935166
54.03,95.3842575935166
54.04,95.3842575935166
54.05,95.3842575935166
54.06,95.3842575935166
54.07,95.3842575935166
54.08,95.3842575935166
54.09,95.3842575935166
54.1,95.3842575935166
54.11,95.3842575935166
54.12,95.3842575935166
54.13,95.3842575935166
54.14,95.3842575935166
54.15,95.3842575935166
54.16,95.3842575935166
54.17,95.3842575935166
54.18,95.3842575935166
54.19,95.3842575935166
54.2,95.3842575935166
54.21,95.3842575935166
54.22,95.3842575935166
54.23,95.3842575935166
54.24,95.3842575935166
54.25,95.3842575935166
54.26,95.3842575935166
54.27,95.3842575935166
54.28,95.3842575935166
54.29,95.3842575935166
54.3,95.3842575935166
54.31,95.3842575935166
54.32,95.3842575935166
54.33,95.3842575935166
54.34,95.3842575935166
54.35,95.3842575935166
54.36,95.3842575935166
54.37,95.3842575935166
54.38,95.3842575935166
54.39,95.3842575935166
54.4,95.3842575935166
54.41,95.3842575935166
54.42,95.3842575935166
54.43,95.3842575935166
54.44,95.3842575935166
54.45,95.3842575935166
54.46,95.3842575935166
54.47,95.3842575935166
54.48,95.3842575935166
54.49,95.3842575935166
54.5,95.3842575935166
54.51,95.3842575935166
54.52,95.3842575935166
54.53,95.3842575935166
54.54,95.3842575935166
54.55,95.3842575935166
54.56,95.3842575935166
54.57,95.3842575935166
54.58,95.3842575935166
54.59,95.3842575935166
54.6,95.3842575935166
54.61,95.3842575935166
54.62,95.3842575935166
54.63,95.3842575935166
54.64,95.3842575935166
54.65,95.3842575935166
54.66,95.3842575935166
54.67,95.3842575935166
54.68,95.3842575935166
54.69,95.3842575935166
54.7,95.3842575935166
54.71,95.3842575935166
54.72,95.3842575935166
54.73,95.3842575935166
54.74,95.3842575935166
54.75,95.3842575935166
54.76,95.3842575935166
54.77,95.3842575935166
54.78,95.3842575935166
54.79,95.3842575935166
54.8,95.3842575935166
54.81,95.3842575935166
54.82,95.3842575935166
54.83,95.3842575935166
54.84,95.3842575935166
54.85,95.3842575935166
54.86,95.3842575935166
54.87,95.3842575935166
54.88,95.3842575935166
54.89,95.3842575935166
54.9,95.3842575935166
54.91,95.3842575935166
54.92,95.3842575935166
54.93,95.3842575935166
54.94,95.3842575935166
54.95,95.3842575935166
54.96,95.3842575935166
54.97,95.3842575935166
54.98,95.3842575935166
54.99,95.3842575935166
55,95.3842575935166
55.01,95.3842575935166
55.02,95.3842575935166
55.03,95.3842575935166
55.04,95.3842575935166
55.05,95.3842575935166
55.06,95.3842575935166
55.07,95.3842575935166
55.08,95.3842575935166
55.09,95.3842575935166
55.1,95.3842575935166
55.11,95.3842575935166
55.12,95.3842575935166
55.13,95.3842575935166
55.14,95.3842575935166
55.15,95.3842575935166
55.16,95.3842575935166
55.17,95.3842575935166
55.18,95.3842575935166
55.19,95.3842575935166
55.2,95.3842575935166
55.21,95.3842575935166
55.22,95.3842575935166
55.23,95.3842575935166
55.24,95.3842575935166
55.25,95.3842575935166
55.26,95.3842575935166
55.27,95.3842575935166
55.28,95.3842575935166
55.29,95.3842575935166
55.3,95.3842575935166
55.31,95.3842575935166
55.32,95.3842575935166
55.33,95.3842575935166
55.34,95.3842575935166
55.35,95.3842575935166
55.36,95.3842575935166
55.37,95.3842575935166
55.38,95.3842575935166
55.39,95.3842575935166
55.4,95.3842575935166
55.41,95.3842575935166
55.42,95.3842575935166
55.43,95.3842575935166
55.44,95.3842575935166
55.45,95.3842575935166
55.46,95.3842575935166
55.47,95.3842575935166
55.48,95.3842575935166
55.49,95.3842575935166
55.5,95.3842575935166
55.51,95.3842575935166
55.52,95.3842575935166
55.53,95.3842575935166
55.54,95.3842575935166
55.55,95.3842575935166
55.56,95.3842575935166
55.57,95.3842575935166
55.58,95.3842575935166
55.59,95.3842575935166
55.6,95.3842575935166
55.61,95.3842575935166
55.62,95.3842575935166
55.63,95.3842575935166
55.64,95.3842575935166
55.65,95.3842575935166
55.66,95.3842575935166
55.67,95.3842575935166
55.68,95.3842575935166
55.69,95.3842575935166
55.7,95.3842575935166
55.71,95.3842575935166
55.72,95.3842575935166
55.73,95.3842575935166
55.74,95.3842575935166
55.75,95.3842575935166
55.76,95.3842575935166
55.77,95.3842575935166
55.78,95.3842575935166
55.79,95.3842575935166
55.8,95.3842575935166
55.81,95.3842575935166
55.82,89.3505838601213
55.83,89.3505838601213
55.84,89.3505838601213
55.85,89.3505838601213
55.86,89.3505838601213
55.87,89.3505838601213
55.88,89.3505838601213
55.89,89.3505838601213
55.9,89.3505838601213
55.91,89.3505838601213
55.92,89.3505838601213
55.93,89.3505838601213
55.94,89.3505838601213
55.95,89.3505838601213
55.96,89.3505838601213
55.97,89.3505838601213
55.98,89.3505838601213
55.99,89.3505838601213
56,89.3505838601213
56.01,89.3505838601213
56.02,89.3505838601213
56.03,89.3505838601213
56.04,89.3505838601213
56.05,89.3505838601213
56.06,89.3505838601213
56.07,89.3505838601213
56.08,89.3505838601213
56.09,89.3505838601213
56.1,89.3505838601213
56.11,89.3505838601213
56.12,89.3505838601213
56.13,89.3505838601213
56.14,89.3505838601213
56.15,89.3505838601213
56.16,89.3505838601213
56.17,89.3505838601213
56.18,89.3505838601213
56.19,89.3505838601213
56.2,89.3505838601213
56.21,89.3505838601213
56.22,89.3505838601213
56.23,89.3505838601213
56.24,89.3505838601213
56.25,89.3505838601213
56.26,89.3505838601213
56.27,89.3505838601213
56.28,89.3505838601213
56.29,89.3505838601213
56.3,89.3505838601213
56.31,89.3505838601213
56.32,89.3505838601213
56.33,89.3505838601213
56.34,89.3505838601213
56.35,89.3505838601213
56.36,89.3505838601213
56.37,89.3505838601213
56.38,89.3505838601213
56.39,89.3505838601213
56.4,89.3505838601213
56.41,89.3505838601213
56.42,89.3505838601213
56.43,89.3505838601213
56.44,89.3505838601213
56.45,89.3505838601213
56.46,89.3505838601213
56.47,89.3505838601213
56.48,89.3505838601213
56.49,89.3505838601213
56.5,89.3505838601213
56.51,89.3505838601213
56.52,89.3505838601213
56.53,89.3505838601213
56.54,89.3505838601213
56.55,89.3505838601213
56.56,89.3505838601213
56.57,89.3505838601213
56.58,89.3505838601213
56.59,89.3505838601213
56.6,89.3505838601213
56.61,89.3505838601213
56.62,89.3505838601213
56.63,89.3505838601213
56.64,89.3505838601213
56.65,89.3505838601213
56.66,89.3505838601213
56.67,89.3505838601213
56.68,89.3505838601213
56.69,89.3505838601213
56.7,89.3505838601213
56.71,89.3505838601213
56.72,89.3505838601213
56.73,89.3505838601213
56.74,89.3505838601213
56.75,89.3505838601213
56.76,89.3505838601213
56.77,89.3505838601213
56.78,89.3505838601213
56.79,89.3505838601213
56.8,89.3505838601213
56.81,89.3505838601213
56.82,89.3505838601213
56.83,89.3505838601213
56.84,89.3505838601213
56.85,89.3505838601213
56.86,89.3505838601213
56.87,89.3505838601213
56.88,89.3505838601213
56.89,89.3505838601213
56.9,89.3505838601213
56.91,89.3505838601213
56.92,89.3505838601213
56.93,89.3505838601213
56.94,89.3505838601213
56.95,89.3505838601213
56.96,89.3505838601213
56.97,89.3505838601213
56.98,89.3505838601213
56.99,89.3505838601213
57,89.3505838601213
57.01,89.3505838601213
57.02,89.3505838601213
57.03,89.3505838601213
57.04,89.3505838601213
57.05,89.3505838601213
57.06,89.3505838601213
57.07,89.3505838601213
57.08,89.3505838601213
57.09,89.3505838601213
57.1,89.3505838601213
57.11,89.3505838601213
57.12,89.3505838601213
57.13,89.3505838601213
57.14,89.3505838601213
57.15,89.3505838601213
57.16,89.3505838601213
57.17,89.3505838601213
57.18,89.3505838601213
57.19,89.3505838601213
57.2,89.3505838601213
57.21,89.3505838601213
57.22,89.3505838601213
57.23,89.3505838601213
57.24,89.3505838601213
57.25,89.3505838601213
57.26,89.3505838601213
57.27,89.3505838601213
57.28,89.3505838601213
57.29,89.3505838601213
57.3,89.3505838601213
57.31,89.3505838601213
57.32,89.3505838601213
57.33,89.3505838601213
57.34,89.3505838601213
57.35,89.3505838601213
57.36,89.3505838601213
57.37,89.3505838601213
57.38,89.3505838601213
57.39,89.3505838601213
57.4,89.3505838601213
57.41,89.3505838601213
57.42,89.3505838601213
57.43,89.3505838601213
57.44,89.3505838601213
57.45,89.3505838601213
57.46,89.3505838601213
57.47,89.3505838601213
57.48,89.3505838601213
57.49,89.3505838601213
57.5,89.3505838601213
57.51,89.3505838601213
57.52,89.3505838601213
57.53,89.3505838601213
57.54,89.3505838601213
57.55,89.3505838601213
57.56,89.3505838601213
57.57,89.3505838601213
57.58,89.3505838601213
57.59,89.3505838601213
57.6,89.3505838601213
57.61,89.3505838601213
57.62,89.3505838601213
57.63,89.3505838601213
57.64,89.3505838601213
57.65,89.3505838601213
57.66,89.3505838601213
57.67,89.3505838601213
57.68,89.3505838601213
57.69,89.3505838601213
57.7,89.3505838601213
57.71,89.3505838601213
57.72,89.3505838601213
57.73,89.3505838601213
57.74,89.3505838601213
57.75,89.3505838601213
57.76,89.3505838601213
57.77,89.3505838601213
57.78,89.3505838601213
57.79,89.3505838601213
57.8,89.3505838601213
57.81,89.3505838601213
57.82,89.3505838601213
57.83,89.3505838601213
57.84,89.3505838601213
57.85,89.3505838601213
57.86,89.3505838601213
57.87,89.3505838601213
57.88,89.3505838601213
57.89,89.3505838601213
57.9,89.3505838601213
57.91,89.3505838601213
57.92,89.3505838601213
57.93,89.3505838601213
57.94,89.3505838601213
57.95,89.3505838601213
57.96,89.3505838601213
57.97,89.3505838601213
57.98,89.3505838601213
57.99,89.3505838601213
58,89.3505838601213
58.01,89.3505838601213
58.02,89.3505838601213
58.03,89.3505838601213
58.04,89.3505838601213
58.05,89.3505838601213
58.06,89.3505838601213
58.07,89.3505838601213
58.08,89.3505838601213
58.09,89.3505838601213
58.1,89.3505838601213
58.11,89.3505838601213
58.12,89.3505838601213
58.13,89.3505838601213
58.14,89.3505838601213
58.15,89.3505838601213
58.16,89.3505838601213
58.17,89.3505838601213
58.18,89.3505838601213
58.19,89.3505838601213
58.2,89.3505838601213
58.21,89.3505838601213
58.22,89.3505838601213
58.23,89.3505838601213
58.24,89.3505838601213
58.25,89.3505838601213
58.26,89.3505838601213
58.27,89.3505838601213
58.28,89.3505838601213
58.29,89.3505838601213
58.3,89.3505838601213
58.31,89.3505838601213
58.32,89.3505838601213
58.33,89.3505838601213
58.34,89.3505838601213
58.35,89.3505838601213
58.36,89.3505838601213
58.37,89.3505838601213
58.38,89.3505838601213
58.39,89.3505838601213
58.4,89.3505838601213
58.41,89.3505838601213
58.42,89.3505838601213
58.43,89.3505838601213
58.44,89.3505838601213
58.45,89.3505838601213
58.46,89.3505838601213
58.47,89.3505838601213
58.48,89.3505838601213
58.49,89.3505838601213
58.5,89.3505838601213
58.51,89.3505838601213
58.52,89.3505838601213
58.53,89.3505838601213
58.54,89.3505838601213
58.55,89.3505838601213
58.56,89.3505838601213
58.57,89.3505838601213
58.58,89.3505838601213
58.59,89.3505838601213
58.6,89.3505838601213
58.61,89.3505838601213
58.62,89.3505838601213
58.63,89.3505838601213
58.64,89.3505838601213
58.65,89.3505838601213
58.66,89.3505838601213
58.67,89.3505838601213
58.68,89.3505838601213
58.69,89.3505838601213
58.7,89.3505838601213
58.71,89.3505838601213
58.72,89.3505838601213
58.73,89.3505838601213
58.74,89.3505838601213
58.75,89.3505838601213
58.76,89.3505838601213
58.77,89.3505838601213
58.78,89.3505838601213
58.79,89.3505838601213
58.8,89.3505838601213
58.81,89.3505838601213
58.82,89.3505838601213
58.83,89.3505838601213
58.84,89.3505838601213
58.85,89.3505838601213
58.86,89.3505838601213
58.87,89.3505838601213
58.88,89.3505838601213
58.89,89.3505838601213
58.9,89.3505838601213
58.91,89.3505838601213
58.92,89.3505838601213
58.93,89.3505838601213
58.94,89.3505838601213
58.95,89.3505838601213
58.96,89.3505838601213
58.97,89.3505838601213
58.98,89.3505838601213
58.99,89.3505838601213
59,89.3505838601213
59.01,89.3505838601213
59.02,89.3505838601213
59.03,89.3505838601213
59.04,89.3505838601213
59.05,89.3505838601213
59.06,89.3505838601213
59.07,89.3505838601213
59.08,89.3505838601213
59.09,89.3505838601213
59.1,89.3505838601213
59.11,89.3505838601213
59.12,89.3505838601213
59.13,89.3505838601213
59.14,89.3505838601213
59.15,89.3505838601213
59.16,89.3505838601213
59.17,89.3505838601213
59.18,89.3505838601213
59.19,89.3505838601213
59.2,89.3505838601213
59.21,89.3505838601213
59.22,89.3505838601213
59.23,89.3505838601213
59.24,89.3505838601213
59.25,89.3505838601213
59.26,89.3505838601213
59.27,89.3505838601213
59.28,89.3505838601213
59.29,89.3505838601213
59.3,89.3505838601213
59.31,89.3505838601213
59.32,89.3505838601213
59.33,89.3505838601213
59.34,89.3505838601213
59.35,89.3505838601213
59.36,89.3505838601213
59.37,89.3505838601213
59.38,89.3505838601213
59.39,89.3505838601213
59.4,89.3505838601213
59.41,89.3505838601213
59.42,89.3505838601213
59.43,89.3505838601213
59.44,89.3505838601213
59.45,89.3505838601213
59.46,89.3505838601213
59.47,89.3505838601213
59.48,89.3505838601213
59.49,89.3505838601213
59.5,89.3505838601213
59.51,89.3505838601213
59.52,89.3505838601213
59.53,89.3505838601213
59.54,89.3505838601213
59.55,89.3505838601213
59.56,89.3505838601213
59.57,89.3505838601213
59.58,89.3505838601213
59.59,89.3505838601213
59.6,111.641350206566
59.61,111.641350206566
59.62,111.641350206566
59.63,111.641350206566
59.64,111.641350206566
59.65,111.641350206566
59.66,111.641350206566
59.67,111.641350206566
59.68,111.641350206566
59.69,111.641350206566
59.7,111.641350206566
59.71,111.641350206566
59.72,111.641350206566
59.73,111.641350206566
59.74,111.641350206566
59.75,111.641350206566
59.76,111.641350206566
59.77,111.641350206566
59.78,111.641350206566
59.79,111.641350206566
59.8,111.641350206566
59.81,111.641350206566
59.82,111.641350206566
59.83,111.641350206566
59.84,111.641350206566
59.85,111.641350206566
59.86,111.641350206566
59.87,111.641350206566
59.88,111.641350206566
59.89,111.641350206566
59.9,111.641350206566
59.91,111.641350206566
59.92,111.641350206566
59.93,111.641350206566
59.94,111.641350206566
59.95,111.641350206566
59.96,111.641350206566
59.97,111.641350206566
59.98,111.641350206566
59.99,111.641350206566
60,111.641350206566
60.01,111.641350206566
60.02,111.641350206566
60.03,111.641350206566
60.04,111.641350206566
60.05,111.641350206566
60.06,111.641350206566
60.07,111.641350206566
60.08,111.641350206566
60.09,111.641350206566
60.1,111.641350206566
60.11,111.641350206566
60.12,111.641350206566
60.13,111.641350206566
60.14,111.641350206566
60.15,111.641350206566
60.16,111.641350206566
60.17,111.641350206566
60.18,111.641350206566
60.19,111.641350206566
60.2,111.641350206566
60.21,111.641350206566
60.22,111.641350206566
60.23,111.641350206566
60.24,111.641350206566
60.25,111.641350206566
60.26,111.641350206566
60.27,111.641350206566
60.28,111.641350206566
60.29,111.641350206566
60.3,111.641350206566
60.31,111.641350206566
60.32,111.641350206566
60.33,111.641350206566
60.34,111.641350206566
60.35,111.641350206566
60.36,111.641350206566
60.37,111.641350206566
60.38,111.641350206566
60.39,111.641350206566
60.4,111.641350206566
60.41,111.641350206566
60.42,111.641350206566
60.43,111.641350206566
60.44,111.641350206566
60.45,111.641350206566
60.46,111.641350206566
60.47,111.641350206566
60.48,111.641350206566
60.49,111.641350206566
60.5,111.641350206566
60.51,111.641350206566
60.52,111.641350206566
60.53,111.641350206566
60.54,111.641350206566
60.55,111.641350206566
60.56,111.641350206566
60.57,111.641350206566
60.58,111.641350206566
60.59,111.641350206566
60.6,111.641350206566
60.61,111.641350206566
60.62,111.641350206566
60.63,111.641350206566
60.64,111.641350206566
60.65,111.641350206566
60.66,111.641350206566
60.67,111.641350206566
60.68,111.641350206566
60.69,111.641350206566
60.7,111.641350206566
60.71,111.641350206566
60.72,111.641350206566
60.73,111.641350206566
60.74,111.641350206566
60.75,111.641350206566
60.76,111.641350206566
60.77,111.641350206566
60.78,111.641350206566
60.79,111.641350206566
60.8,111.641350206566
60.81,111.641350206566
60.82,111.641350206566
60.83,111.641350206566
60.84,111.641350206566
60.85,111.641350206566
60.86,111.641350206566
60.87,111.641350206566
60.88,111.641350206566
60.89,111.641350206566
60.9,111.641350206566
60.91,111.641350206566
60.92,111.641350206566
60.93,111.641350206566
60.94,111.641350206566
60.95,111.641350206566
60.96,111.641350206566
60.97,111.641350206566
60.98,111.641350206566
60.99,111.641350206566
61,111.641350206566
61.01,111.641350206566
61.02,111.641350206566
61.03,111.641350206566
61.04,111.641350206566
61.05,111.641350206566
61.06,111.641350206566
61.07,111.641350206566
61.08,111.641350206566
61.09,111.641350206566
61.1,111.641350206566
61.11,111.641350206566
61.12,111.641350206566
61.13,111.641350206566
61.14,111.641350206566
61.15,111.641350206566
61.16,111.641350206566
61.17,111.641350206566
61.18,111.641350206566
61.19,111.641350206566
61.2,111.641350206566
61.21,111.641350206566
61.22,111.641350206566
61.23,111.641350206566
61.24,111.641350206566
61.25,111.641350206566
61.26,111.641350206566
61.27,111.641350206566
61.28,111.641350206566
61.29,111.641350206566
61.3,111.641350206566
61.31,111.641350206566
61.32,111.641350206566
61.33,111.641350206566
61.34,111.641350206566
61.35,111.641350206566
61.36,111.641350206566
61.37,111.641350206566
61.38,111.641350206566
61.39,111.641350206566
61.4,111.641350206566
61.41,111.641350206566
61.42,111.641350206566
61.43,111.641350206566
61.44,111.641350206566
61.45,111.641350206566
61.46,111.641350206566
61.47,111.641350206566
61.48,111.641350206566
61.49,111.641350206566
61.5,111.641350206566
61.51,111.641350206566
61.52,111.641350206566
61.53,111.641350206566
61.54,111.641350206566
61.55,111.641350206566
61.56,111.641350206566
61.57,111.641350206566
61.58,111.641350206566
61.59,111.641350206566
61.6,111.641350206566
61.61,111.641350206566
61.62,111.641350206566
61.63,111.641350206566
61.64,111.641350206566
61.65,111.641350206566
61.66,111.641350206566
61.67,111.641350206566
61.68,111.641350206566
61.69,111.641350206566
61.7,111.641350206566
61.71,111.641350206566
61.72,111.641350206566
61.73,111.641350206566
61.74,111.641350206566
61.75,111.641350206566
61.76,111.641350206566
61.77,111.641350206566
61.78,111.641350206566
61.79,111.641350206566
61.8,111.641350206566
61.81,111.641350206566
61.82,111.641350206566
61.83,111.641350206566
61.84,111.641350206566
61.85,111.641350206566
61.86,111.641350206566
61.87,111.641350206566
61.88,111.641350206566
61.89,111.641350206566
61.9,111.641350206566
61.91,111.641350206566
61.92,111.641350206566
61.93,111.641350206566
61.94,111.641350206566
61.95,111.641350206566
61.96,111.641350206566
61.97,111.641350206566
61.98,111.641350206566
61.99,111.641350206566
62,111.641350206566
62.01,111.641350206566
62.02,111.641350206566
62.03,111.641350206566
62.04,111.641350206566
62.05,111.641350206566
62.06,111.641350206566
62.07,111.641350206566
62.08,111.641350206566
62.09,111.641350206566
62.1,111.641350206566
62.11,111.641350206566
62.12,111.641350206566
62.13,111.641350206566
62.14,111.641350206566
62.15,111.641350206566
62.16,111.641350206566
62.17,111.641350206566
62.18,111.641350206566
62.19,111.641350206566
62.2,111.641350206566
62.21,111.641350206566
62.22,111.641350206566
62.23,111.641350206566
62.24,111.641350206566
62.25,111.641350206566
62.26,111.641350206566
62.27,111.641350206566
62.28,111.641350206566
62.29,111.641350206566
62.3,111.641350206566
62.31,111.641350206566
62.32,111.641350206566
62.33,111.641350206566
62.34,111.641350206566
62.35,111.641350206566
62.36,111.641350206566
62.37,111.641350206566
62.38,111.641350206566
62.39,111.641350206566
62.4,111.641350206566
62.41,111.641350206566
62.42,111.641350206566
62.43,111.641350206566
62.44,111.641350206566
62.45,111.641350206566
62.46,111.641350206566
62.47,111.641350206566
62.48,111.641350206566
62.49,111.641350206566
62.5,111.641350206566
62.51,111.641350206566
62.52,111.641350206566
62.53,111.641350206566
62.54,111.641350206566
62.55,111.641350206566
62.56,111.641350206566
62.57,111.641350206566
62.58,111.641350206566
62.59,111.641350206566
62.6,111.641350206566
62.61,111.641350206566
62.62,111.641350206566
62.63,111.641350206566
62.64,111.641350206566
62.65,111.641350206566
62.66,111.641350206566
62.67,111.641350206566
62.68,111.641350206566
62.69,111.641350206566
62.7,111.641350206566
62.71,111.641350206566
62.72,111.641350206566
62.73,111.641350206566
62.74,111.641350206566
62.75,111.641350206566
62.76,111.641350206566
62.77,111.641350206566
62.78,111.641350206566
62.79,111.641350206566
62.8,111.641350206566
62.81,111.641350206566
62.82,111.641350206566
62.83,111.641350206566
62.84,111.641350206566
62.85,111.641350206566
62.86,111.641350206566
62.87,111.641350206566
62.88,111.641350206566
62.89,111.641350206566
62.9,111.641350206566
62.91,111.641350206566
62.92,111.641350206566
62.93,111.641350206566
62.94,111.641350206566
62.95,111.641350206566
62.96,111.641350206566
62.97,111.641350206566
62.98,111.641350206566
62.99,111.641350206566
63,111.641350206566
63.01,111.641350206566
63.02,111.641350206566
63.03,111.641350206566
63.04,111.641350206566
63.05,111.641350206566
63.06,111.641350206566
63.07,111.641350206566
63.08,111.641350206566
63.09,111.641350206566
63.1,111.641350206566
63.11,111.641350206566
63.12,111.641350206566
63.13,111.641350206566
63.14,111.641350206566
63.15,111.641350206566
63.16,111.641350206566
63.17,111.641350206566
63.18,111.641350206566
63.19,111.641350206566
63.2,111.641350206566
63.21,111.641350206566
63.22,111.641350206566
63.23,111.641350206566
63.24,111.641350206566
63.25,111.641350206566
63.26,111.641350206566
63.27,111.641350206566
63.28,111.641350206566
63.29,111.641350206566
63.3,111.641350206566
63.31,111.641350206566
63.32,111.641350206566
63.33,111.641350206566
63.34,111.641350206566
63.35,111.641350206566
63.36,111.641350206566
63.37,111.641350206566
63.38,111.641350206566
63.39,111.641350206566
63.4,111.641350206566
63.41,111.641350206566
63.42,111.641350206566
63.43,111.641350206566
63.44,111.641350206566
63.45,111.641350206566
63.46,111.641350206566
63.47,111.641350206566
63.48,111.641350206566
63.49,111.641350206566
63.5,111.641350206566
63.51,111.641350206566
63.52,111.641350206566
63.53,111.641350206566
63.54,55.4550098817172
63.55,55.4550098817172
63.56,55.4550098817172
63.57,55.4550098817172
63.58,55.4550098817172
63.59,55.4550098817172
63.6,55.4550098817172
63.61,55.4550098817172
63.62,55.4550098817172
63.63,55.4550098817172
63.64,55.4550098817172
63.65,55.4550098817172
63.66,55.4550098817172
63.67,55.4550098817172
63.68,55.4550098817172
63.69,55.4550098817172
63.7,55.4550098817172
63.71,55.4550098817172
63.72,55.4550098817172
63.73,55.4550098817172
63.74,55.4550098817172
63.75,55.4550098817172
63.76,55.4550098817172
63.77,55.4550098817172
63.78,55.4550098817172
63.79,55.4550098817172
63.8,55.4550098817172
63.81,55.4550098817172
63.82,55.4550098817172
63.83,55.4550098817172
63.84,55.4550098817172
63.85,55.4550098817172
63.86,55.4550098817172
63.87,55.4550098817172
63.88,55.4550098817172
63.89,55.4550098817172
63.9,55.4550098817172
63.91,55.4550098817172
63.92,55.4550098817172
63.93,55.4550098817172
63.94,55.4550098817172
63.95,55.4550098817172
63.96,55.4550098817172
63.97,55.4550098817172
63.98,55.4550098817172
63.99,55.4550098817172
64,55.4550098817172
64.01,55.4550098817172
64.02,55.4550098817172
64.03,55.4550098817172
64.04,55.4550098817172
64.05,55.4550098817172
64.06,55.4550098817172
64.07,55.4550098817172
64.08,55.4550098817172
64.09,55.4550098817172
64.1,55.4550098817172
64.11,55.4550098817172
64.12,55.4550098817172
64.13,55.4550098817172
64.14,55.4550098817172
64.15,55.4550098817172
64.16,55.4550098817172
64.17,55.4550098817172
64.18,55.4550098817172
64.19,55.4550098817172
64.2,55.4550098817172
64.21,55.4550098817172
64.22,55.4550098817172
64.23,55.4550098817172
64.24,55.4550098817172
64.25,55.4550098817172
64.26,55.4550098817172
64.27,55.4550098817172
64.28,55.4550098817172
64.29,55.4550098817172
64.3,55.4550098817172
64.31,55.4550098817172
64.32,55.4550098817172
64.33,55.4550098817172
64.34,55.4550098817172
64.35,55.4550098817172
64.36,55.4550098817172
64.37,55.4550098817172
64.38,55.4550098817172
64.39,55.4550098817172
64.4,55.4550098817172
64.41,55.4550098817172
64.42,55.4550098817172
64.43,55.4550098817172
64.44,55.4550098817172
64.45,55.4550098817172
64.46,55.4550098817172
64.47,55.4550098817172
64.48,55.4550098817172
64.49,55.4550098817172
64.5,55.4550098817172
64.51,55.4550098817172
64.52,55.4550098817172
64.53,55.4550098817172
64.54,55.4550098817172
64.55,55.4550098817172
64.56,55.4550098817172
64.57,55.4550098817172
64.58,55.4550098817172
64.59,55.4550098817172
64.6,55.4550098817172
64.61,55.4550098817172
64.62,55.4550098817172
64.63,55.4550098817172
64.64,55.4550098817172
64.65,55.4550098817172
64.66,55.4550098817172
64.67,55.4550098817172
64.68,55.4550098817172
64.69,55.4550098817172
64.7,55.4550098817172
64.71,55.4550098817172
64.72,55.4550098817172
64.73,55.4550098817172
64.74,55.4550098817172
64.75,55.4550098817172
64.76,55.4550098817172
64.77,55.4550098817172
64.78,55.4550098817172
64.79,55.4550098817172
64.8,55.4550098817172
64.81,55.4550098817172
64.82,55.4550098817172
64.83,55.4550098817172
64.84,55.4550098817172
64.85,55.4550098817172
64.86,55.4550098817172
64.87,55.4550098817172
64.88,55.4550098817172
64.89,55.4550098817172
64.9,55.4550098817172
64.91,55.4550098817172
64.92,55.4550098817172
64.93,55.4550098817172
64.94,55.4550098817172
64.95,55.4550098817172
64.96,55.4550098817172
64.97,55.4550098817172
64.98,55.4550098817172
64.99,55.4550098817172
65,55.4550098817172
65.01,55.4550098817172
65.02,55.4550098817172
65.03,55.4550098817172
65.04,55.4550098817172
65.05,55.4550098817172
65.06,55.4550098817172
65.07,55.4550098817172
65.08,55.4550098817172
65.09,55.4550098817172
65.1,55.4550098817172
65.11,55.4550098817172
65.12,55.4550098817172
65.13,55.4550098817172
65.14,55.4550098817172
65.15,55.4550098817172
65.16,55.4550098817172
65.17,55.4550098817172
65.18,55.4550098817172
65.19,55.4550098817172
65.2,55.4550098817172
65.21,55.4550098817172
65.22,55.4550098817172
65.23,55.4550098817172
65.24,55.4550098817172
65.25,55.4550098817172
65.26,55.4550098817172
65.27,55.4550098817172
65.28,55.4550098817172
65.29,55.4550098817172
65.3,55.4550098817172
65.31,55.4550098817172
65.32,55.4550098817172
65.33,55.4550098817172
65.34,55.4550098817172
65.35,55.4550098817172
65.36,55.4550098817172
65.37,55.4550098817172
65.38,55.4550098817172
65.39,55.4550098817172
65.4,55.4550098817172
65.41,55.4550098817172
65.42,55.4550098817172
65.43,55.4550098817172
65.44,55.4550098817172
65.45,55.4550098817172
65.46,55.4550098817172
65.47,55.4550098817172
65.48,55.4550098817172
65.49,55.4550098817172
65.5,55.4550098817172
65.51,55.4550098817172
65.52,55.4550098817172
65.53,55.4550098817172
65.54,55.4550098817172
65.55,55.4550098817172
65.56,55.4550098817172
65.57,55.4550098817172
65.58,55.4550098817172
65.59,55.4550098817172
65.6,55.4550098817172
65.61,55.4550098817172
65.62,55.4550098817172
65.63,55.4550098817172
65.64,55.4550098817172
65.65,55.4550098817172
65.66,55.4550098817172
65.67,55.4550098817172
65.68,55.4550098817172
65.69,55.4550098817172
65.7,55.4550098817172
65.71,55.4550098817172
65.72,55.4550098817172
65.73,55.4550098817172
65.74,55.4550098817172
65.75,55.4550098817172
65.76,55.4550098817172
65.77,55.4550098817172
65.78,55.4550098817172
65.79,55.4550098817172
65.8,55.4550098817172
65.81,55.4550098817172
65.82,55.4550098817172
65.83,55.4550098817172
65.84,55.4550098817172
65.85,55.4550098817172
65.86,55.4550098817172
65.87,55.4550098817172
65.88,55.4550098817172
65.89,55.4550098817172
65.9,55.4550098817172
65.91,55.4550098817172
65.92,55.4550098817172
65.93,55.4550098817172
65.94,55.4550098817172
65.95,55.4550098817172
65.96,55.4550098817172
65.97,55.4550098817172
65.98,55.4550098817172
65.99,55.4550098817172
66,55.4550098817172
66.01,55.4550098817172
66.02,55.4550098817172
66.03,55.4550098817172
66.04,55.4550098817172
66.05,55.4550098817172
66.06,55.4550098817172
66.07,55.4550098817172
66.08,55.4550098817172
66.09,55.4550098817172
66.1,55.4550098817172
66.11,55.4550098817172
66.12,55.4550098817172
66.13,55.4550098817172
66.14,55.4550098817172
66.15,55.4550098817172
66.16,55.4550098817172
66.17,55.4550098817172
66.18,55.4550098817172
66.19,55.4550098817172
66.2,55.4550098817172
66.21,55.4550098817172
66.22,55.4550098817172
66.23,55.4550098817172
66.24,55.4550098817172
66.25,55.4550098817172
66.26,55.4550098817172
66.27,55.4550098817172
66.28,55.4550098817172
66.29,55.4550098817172
66.3,55.4550098817172
66.31,55.4550098817172
66.32,55.4550098817172
66.33,55.4550098817172
66.34,55.4550098817172
66.35,55.4550098817172
66.36,55.4550098817172
66.37,55.4550098817172
66.38,55.4550098817172
66.39,55.4550098817172
66.4,55.4550098817172
66.41,55.4550098817172
66.42,55.4550098817172
66.43,55.4550098817172
66.44,55.4550098817172
66.45,55.4550098817172
66.46,55.4550098817172
66.47,55.4550098817172
66.48,55.4550098817172
66.49,55.4550098817172
66.5,55.4550098817172
66.51,92.3941164993643
66.52,92.3941164993643
66.53,92.3941164993643
66.54,92.3941164993643
66.55,92.3941164993643
66.56,92.3941164993643
66.57,92.3941164993643
66.58,92.3941164993643
66.59,92.3941164993643
66.6,92.3941164993643
66.61,92.3941164993643
66.62,92.3941164993643
66.63,92.3941164993643
66.64,92.3941164993643
66.65,92.3941164993643
66.66,92.3941164993643
66.67,92.3941164993643
66.68,92.3941164993643
66.69,92.3941164993643
66.7,92.3941164993643
66.71,92.3941164993643
66.72,92.3941164993643
66.73,92.3941164993643
66.74,92.3941164993643
66.75,92.3941164993643
66.76,92.3941164993643
66.77,92.3941164993643
66.78,92.3941164993643
66.79,92.3941164993643
66.8,92.3941164993643
66.81,92.3941164993643
66.82,92.3941164993643
66.83,92.3941164993643
66.84,92.3941164993643
66.85,92.3941164993643
66.86,92.3941164993643
66.87,92.3941164993643
66.88,92.3941164993643
66.89,92.3941164993643
66.9,92.3941164993643
66.91,92.3941164993643
66.92,92.3941164993643
66.93,92.3941164993643
66.94,92.3941164993643
66.95,92.3941164993643
66.96,92.3941164993643
66.97,92.3941164993643
66.98,92.3941164993643
66.99,92.3941164993643
67,92.3941164993643
67.01,92.3941164993643
67.02,92.3941164993643
67.03,92.3941164993643
67.04,92.3941164993643
67.05,92.3941164993643
67.06,92.3941164993643
67.07,92.3941164993643
67.08,92.3941164993643
67.09,92.3941164993643
67.1,92.3941164993643
67.11,92.3941164993643
67.12,92.3941164993643
67.13,92.3941164993643
67.14,92.3941164993643
67.15,92.3941164993643
67.16,92.3941164993643
67.17,92.3941164993643
67.18,92.3941164993643
67.19,92.3941164993643
67.2,92.3941164993643
67.21,92.3941164993643
67.22,92.3941164993643
67.23,92.3941164993643
67.24,92.3941164993643
67.25,92.3941164993643
67.26,92.3941164993643
67.27,92.3941164993643
67.28,92.3941164993643
67.29,92.3941164993643
67.3,92.3941164993643
67.31,92.3941164993643
67.32,92.3941164993643
67.33,92.3941164993643
67.34,92.3941164993643
67.35,92.3941164993643
67.36,92.3941164993643
67.37,92.3941164993643
67.38,92.3941164993643
67.39,92.3941164993643
67.4,92.3941164993643
67.41,92.3941164993643
67.42,92.3941164993643
67.43,92.3941164993643
67.44,92.3941164993643
67.45,92.3941164993643
67.46,92.3941164993643
67.47,92.3941164993643
67.48,92.3941164993643
67.49,92.3941164993643
67.5,92.3941164993643
67.51,92.3941164993643
67.52,92.3941164993643
67.53,92.3941164993643
67.54,92.3941164993643
67.55,92.3941164993643
67.56,92.3941164993643
67.57,92.3941164993643
67.58,92.3941164993643
67.59,92.3941164993643
67.6,92.3941164993643
67.61,92.3941164993643
67.62,92.3941164993643
67.63,92.3941164993643
67.64,92.3941164993643
67.65,92.3941164993643
67.66,92.3941164993643
67.67,92.3941164993643
67.68,92.3941164993643
67.69,92.3941164993643
67.7,92.3941164993643
67.71,92.3941164993643
67.72,92.3941164993643
67.73,92.3941164993643
67.74,92.3941164993643
67.75,92.3941164993643
67.76,92.3941164993643
67.77,92.3941164993643
67.78,92.3941164993643
67.79,92.3941164993643
67.8,92.3941164993643
67.81,92.3941164993643
67.82,92.3941164993643
67.83,92.3941164993643
67.84,92.3941164993643
67.85,92.3941164993643
67.86,92.3941164993643
67.87,92.3941164993643
67.88,92.3941164993643
67.89,92.3941164993643
67.9,92.3941164993643
67.91,92.3941164993643
67.92,92.3941164993643
67.93,92.3941164993643
67.94,92.3941164993643
67.95,92.3941164993643
67.96,92.3941164993643
67.97,92.3941164993643
67.98,92.3941164993643
67.99,92.3941164993643
68,92.3941164993643
68.01,92.3941164993643
68.02,92.3941164993643
68.03,92.3941164993643
68.04,92.3941164993643
68.05,92.3941164993643
68.06,92.3941164993643
68.07,92.3941164993643
68.08,92.3941164993643
68.09,92.3941164993643
68.1,92.3941164993643
68.11,92.3941164993643
68.12,92.3941164993643
68.13,92.3941164993643
68.14,92.3941164993643
68.15,92.3941164993643
68.16,92.3941164993643
68.17,92.3941164993643
68.18,92.3941164993643
68.19,92.3941164993643
68.2,92.3941164993643
68.21,92.3941164993643
68.22,92.3941164993643
68.23,92.3941164993643
68.24,92.3941164993643
68.25,92.3941164993643
68.26,92.3941164993643
68.27,92.3941164993643
68.28,92.3941164993643
68.29,92.3941164993643
68.3,92.3941164993643
68.31,92.3941164993643
68.32,92.3941164993643
68.33,92.3941164993643
68.34,92.3941164993643
68.35,92.3941164993643
68.36,92.3941164993643
68.37,92.3941164993643
68.38,92.3941164993643
68.39,92.3941164993643
68.4,92.3941164993643
68.41,92.3941164993643
68.42,92.3941164993643
68.43,92.3941164993643
68.44,92.3941164993643
68.45,92.3941164993643
68.46,92.3941164993643
68.47,92.3941164993643
68.48,92.3941164993643
68.49,92.3941164993643
68.5,92.3941164993643
68.51,92.3941164993643
68.52,92.3941164993643
68.53,92.3941164993643
68.54,92.3941164993643
68.55,92.3941164993643
68.56,92.3941164993643
68.57,92.3941164993643
68.58,92.3941164993643
68.59,92.3941164993643
68.6,92.3941164993643
68.61,92.3941164993643
68.62,92.3941164993643
68.63,92.3941164993643
68.64,92.3941164993643
68.65,92.3941164993643
68.66,92.3941164993643
68.67,92.3941164993643
68.68,92.3941164993643
68.69,92.3941164993643
68.7,92.3941164993643
68.71,92.3941164993643
68.72,92.3941164993643
68.73,92.3941164993643
68.74,92.3941164993643
68.75,92.3941164993643
68.76,92.3941164993643
68.77,92.3941164993643
68.78,92.3941164993643
68.79,92.3941164993643
68.8,92.3941164993643
68.81,92.3941164993643
68.82,92.3941164993643
68.83,92.3941164993643
68.84,92.3941164993643
68.85,92.3941164993643
68.86,92.3941164993643
68.87,92.3941164993643
68.88,92.3941164993643
68.89,92.3941164993643
68.9,92.3941164993643
68.91,92.3941164993643
68.92,92.3941164993643
68.93,92.3941164993643
68.94,92.3941164993643
68.95,92.3941164993643
68.96,92.3941164993643
68.97,92.3941164993643
68.98,92.3941164993643
68.99,92.3941164993643
69,92.3941164993643
69.01,92.3941164993643
69.02,92.3941164993643
69.03,92.3941164993643
69.04,92.3941164993643
69.05,92.3941164993643
69.06,92.3941164993643
69.07,92.3941164993643
69.08,92.3941164993643
69.09,92.3941164993643
69.1,92.3941164993643
69.11,92.3941164993643
69.12,92.3941164993643
69.13,92.3941164993643
69.14,92.3941164993643
69.15,92.3941164993643
69.16,92.3941164993643
69.17,92.3941164993643
69.18,92.3941164993643
69.19,92.3941164993643
69.2,92.3941164993643
69.21,92.3941164993643
69.22,92.3941164993643
69.23,92.3941164993643
69.24,92.3941164993643
69.25,92.3941164993643
69.26,92.3941164993643
69.27,92.3941164993643
69.28,92.3941164993643
69.29,92.3941164993643
69.3,92.3941164993643
69.31,92.3941164993643
69.32,92.3941164993643
69.33,92.3941164993643
69.34,92.3941164993643
69.35,92.3941164993643
69.36,92.3941164993643
69.37,92.3941164993643
69.38,92.3941164993643
69.39,92.3941164993643
69.4,92.3941164993643
69.41,92.3941164993643
69.42,92.3941164993643
69.43,92.3941164993643
69.44,92.3941164993643
69.45,56.5588324730537
69.46,56.5588324730537
69.47,56.5588324730537
69.48,56.5588324730537
69.49,56.5588324730537
69.5,56.5588324730537
69.51,56.5588324730537
69.52,56.5588324730537
69.53,56.5588324730537
69.54,56.5588324730537
69.55,56.5588324730537
69.56,56.5588324730537
69.57,56.5588324730537
69.58,56.5588324730537
69.59,56.5588324730537
69.6,56.5588324730537
69.61,56.5588324730537
69.62,56.5588324730537
69.63,56.5588324730537
69.64,56.5588324730537
69.65,56.5588324730537
69.66,56.5588324730537
69.67,56.5588324730537
69.68,56.5588324730537
69.69,56.5588324730537
69.7,56.5588324730537
69.71,56.5588324730537
69.72,56.5588324730537
69.73,56.5588324730537
69.74,56.5588324730537
69.75,56.5588324730537
69.76,56.5588324730537
69.77,56.5588324730537
69.78,56.5588324730537
69.79,56.5588324730537
69.8,56.5588324730537
69.81,56.5588324730537
69.82,56.5588324730537
69.83,56.5588324730537
69.84,56.5588324730537
69.85,56.5588324730537
69.86,56.5588324730537
69.87,56.5588324730537
69.88,56.5588324730537
69.89,56.5588324730537
69.9,56.5588324730537
69.91,56.5588324730537
69.92,56.5588324730537
69.93,56.5588324730537
69.94,56.5588324730537
69.95,56.5588324730537
69.96,56.5588324730537
69.97,56.5588324730537
69.98,56.5588324730537
69.99,56.5588324730537
70,56.5588324730537
70.01,56.5588324730537
70.02,56.5588324730537
70.03,56.5588324730537
70.04,56.5588324730537
70.05,56.5588324730537
70.06,56.5588324730537
70.07,56.5588324730537
70.08,56.5588324730537
70.09,56.5588324730537
70.1,56.5588324730537
70.11,56.5588324730537
70.12,56.5588324730537
70.13,56.5588324730537
70.14,56.5588324730537
70.15,56.5588324730537
70.16,56.5588324730537
70.17,56.5588324730537
70.18,56.5588324730537
70.19,56.5588324730537
70.2,56.5588324730537
70.21,56.5588324730537
70.22,56.5588324730537
70.23,56.5588324730537
70.24,56.5588324730537
70.25,56.5588324730537
70.26,56.5588324730537
70.27,56.5588324730537
70.28,56.5588324730537
70.29,56.5588324730537
70.3,56.5588324730537
70.31,56.5588324730537
70.32,56.5588324730537
70.33,56.5588324730537
70.34,56.5588324730537
70.35,56.5588324730537
70.36,56.5588324730537
70.37,56.5588324730537
70.38,56.5588324730537
70.39,56.5588324730537
70.4,56.5588324730537
70.41,56.5588324730537
70.42,56.5588324730537
70.43,56.5588324730537
70.44,56.5588324730537
70.45,56.5588324730537
70.46,56.5588324730537
70.47,56.5588324730537
70.48,56.5588324730537
70.49,56.5588324730537
70.5,56.5588324730537
70.51,56.5588324730537
70.52,56.5588324730537
70.53,56.5588324730537
70.54,56.5588324730537
70.55,56.5588324730537
70.56,56.5588324730537
70.57,56.5588324730537
70.58,56.5588324730537
70.59,56.5588324730537
70.6,56.5588324730537
70.61,56.5588324730537
70.62,56.5588324730537
70.63,56.5588324730537
70.64,56.5588324730537
70.65,56.5588324730537
70.66,56.5588324730537
70.67,56.5588324730537
70.68,56.5588324730537
70.69,56.5588324730537
70.7,56.5588324730537
70.71,56.5588324730537
70.72,56.5588324730537
70.73,56.5588324730537
70.74,56.5588324730537
70.75,56.5588324730537
70.76,56.5588324730537
70.77,56.5588324730537
70.78,56.5588324730537
70.79,56.5588324730537
70.8,56.5588324730537
70.81,56.5588324730537
70.82,56.5588324730537
70.83,56.5588324730537
70.84,56.5588324730537
70.85,56.5588324730537
70.86,56.5588324730537
70.87,56.5588324730537
70.88,56.5588324730537
70.89,56.5588324730537
70.9,56.5588324730537
70.91,56.5588324730537
70.92,56.5588324730537
70.93,56.5588324730537
70.94,56.5588324730537
70.95,56.5588324730537
70.96,56.5588324730537
70.97,56.5588324730537
70.98,56.5588324730537
70.99,56.5588324730537
71,56.5588324730537
71.01,56.5588324730537
71.02,56.5588324730537
71.03,56.5588324730537
71.04,56.5588324730537
71.05,56.5588324730537
71.06,56.5588324730537
71.07,56.5588324730537
71.08,56.5588324730537
71.09,56.5588324730537
71.1,56.5588324730537
71.11,56.5588324730537
71.12,56.5588324730537
71.13,56.5588324730537
71.14,56.5588324730537
71.15,56.5588324730537
71.16,56.5588324730537
71.17,56.5588324730537
71.18,56.5588324730537
71.19,56.5588324730537
71.2,56.5588324730537
71.21,56.5588324730537
71.22,56.5588324730537
71.23,56.5588324730537
71.24,56.5588324730537
71.25,56.5588324730537
71.26,56.5588324730537
71.27,56.5588324730537
71.28,56.5588324730537
71.29,56.5588324730537
71.3,56.5588324730537
71.31,56.5588324730537
71.32,56.5588324730537
71.33,56.5588324730537
71.34,56.5588324730537
71.35,56.5588324730537
71.36,56.5588324730537
71.37,56.5588324730537
71.38,56.5588324730537
71.39,56.5588324730537
71.4,56.5588324730537
71.41,56.5588324730537
71.42,56.5588324730537
71.43,56.5588324730537
71.44,56.5588324730537
71.45,56.5588324730537
71.46,56.5588324730537
71.47,56.5588324730537
71.48,56.5588324730537
71.49,56.5588324730537
71.5,56.5588324730537
71.51,56.5588324730537
71.52,56.5588324730537
71.53,56.5588324730537
71.54,56.5588324730537
71.55,56.5588324730537
71.56,56.5588324730537
71.57,56.5588324730537
71.58,56.5588324730537
71.59,56.5588324730537
71.6,56.5588324730537
71.61,56.5588324730537
71.62,56.5588324730537
71.63,56.5588324730537
71.64,56.5588324730537
71.65,56.5588324730537
71.66,56.5588324730537
71.67,56.5588324730537
71.68,56.5588324730537
71.69,56.5588324730537
71.7,56.5588324730537
71.71,56.5588324730537
71.72,56.5588324730537
71.73,56.5588324730537
71.74,56.5588324730537
71.75,56.5588324730537
71.76,56.5588324730537
71.77,56.5588324730537
71.78,56.5588324730537
71.79,56.5588324730537
71.8,56.5588324730537
71.81,56.5588324730537
71.82,56.5588324730537
71.83,56.5588324730537
71.84,56.5588324730537
71.85,56.5588324730537
71.86,56.5588324730537
71.87,56.5588324730537
71.88,56.5588324730537
71.89,56.5588324730537
71.9,56.5588324730537
71.91,56.5588324730537
71.92,56.5588324730537
71.93,56.5588324730537
71.94,56.5588324730537
71.95,56.5588324730537
71.96,56.5588324730537
71.97,56.5588324730537
71.98,56.5588324730537
71.99,56.5588324730537
72,56.5588324730537
72.01,56.5588324730537
72.02,56.5588324730537
72.03,56.5588324730537
72.04,56.5588324730537
72.05,56.5588324730537
72.06,56.5588324730537
72.07,56.5588324730537
72.08,56.5588324730537
72.09,56.5588324730537
72.1,56.5588324730537
72.11,56.5588324730537
72.12,56.5588324730537
72.13,56.5588324730537
72.14,56.5588324730537
72.15,56.5588324730537
72.16,56.5588324730537
72.17,56.5588324730537
72.18,56.5588324730537
72.19,56.5588324730537
72.2,56.5588324730537
72.21,56.5588324730537
72.22,56.5588324730537
72.23,56.5588324730537
72.24,56.5588324730537
72.25,56.5588324730537
72.26,56.5588324730537
72.27,56.5588324730537
72.28,56.5588324730537
72.29,56.5588324730537
72.3,56.5588324730537
72.31,56.5588324730537
72.32,56.5588324730537
72.33,56.5588324730537
72.34,56.5588324730537
72.35,56.5588324730537
72.36,56.5588324730537
72.37,56.5588324730537
72.38,56.5588324730537
72.39,56.5588324730537
72.4,56.5588324730537
72.41,56.5588324730537
72.42,56.5588324730537
72.43,56.5588324730537
72.44,56.5588324730537
72.45,56.5588324730537
72.46,56.5588324730537
72.47,56.5588324730537
72.48,56.5588324730537
72.49,56.5588324730537
72.5,56.5588324730537
72.51,56.5588324730537
72.52,56.5588324730537
72.53,56.5588324730537
72.54,56.5588324730537
72.55,56.5588324730537
72.56,56.5588324730537
72.57,56.5588324730537
72.58,56.5588324730537
72.59,56.5588324730537
72.6,56.5588324730537
72.61,56.5588324730537
72.62,56.5588324730537
72.63,56.5588324730537
72.64,56.5588324730537
72.65,56.5588324730537
72.66,56.5588324730537
72.67,56.5588324730537
72.68,56.5588324730537
72.69,56.5588324730537
72.7,56.5588324730537
72.71,56.5588324730537
72.72,56.5588324730537
72.73,56.5588324730537
72.74,56.5588324730537
72.75,56.5588324730537
72.76,108.471869382608
72.77,108.471869382608
72.78,108.471869382608
72.79,108.471869382608
72.8,108.471869382608
72.81,108.471869382608
72.82,108.471869382608
72.83,108.471869382608
72.84,108.471869382608
72.85,108.471869382608
72.86,108.471869382608
72.87,108.471869382608
72.88,108.471869382608
72.89,108.471869382608
72.9,108.471869382608
72.91,108.471869382608
72.92,108.471869382608
72.93,108.471869382608
72.94,108.471869382608
72.95,108.471869382608
72.96,108.471869382608
72.97,108.471869382608
72.98,108.471869382608
72.99,108.471869382608
73,108.471869382608
73.01,108.471869382608
73.02,108.471869382608
73.03,108.471869382608
73.04,108.471869382608
73.05,108.471869382608
73.06,108.471869382608
73.07,108.471869382608
73.08,108.471869382608
73.09,108.471869382608
73.1,108.471869382608
73.11,108.471869382608
73.12,108.471869382608
73.13,108.471869382608
73.14,108.471869382608
73.15,108.471869382608
73.16,108.471869382608
73.17,108.471869382608
73.18,108.471869382608
73.19,108.471869382608
73.2,108.471869382608
73.21,108.471869382608
73.22,108.471869382608
73.23,108.471869382608
73.24,108.471869382608
73.25,108.471869382608
73.26,108.471869382608
73.27,108.471869382608
73.28,108.471869382608
73.29,108.471869382608
73.3,108.471869382608
73.31,108.471869382608
73.32,108.471869382608
73.33,108.471869382608
73.34,108.471869382608
73.35,108.471869382608
73.36,108.471869382608
73.37,108.471869382608
73.38,108.471869382608
73.39,108.471869382608
73.4,108.471869382608
73.41,108.471869382608
73.42,108.471869382608
73.43,108.471869382608
73.44,108.471869382608
73.45,108.471869382608
73.46,108.471869382608
73.47,108.471869382608
73.48,108.471869382608
73.49,108.471869382608
73.5,108.471869382608
73.51,108.471869382608
73.52,108.471869382608
73.53,108.471869382608
73.54,108.471869382608
73.55,108.471869382608
73.56,108.471869382608
73.57,108.471869382608
73.58,108.471869382608
73.59,108.471869382608
73.6,108.471869382608
73.61,108.471869382608
73.62,108.471869382608
73.63,108.471869382608
73.64,108.471869382608
73.65,108.471869382608
73.66,108.471869382608
73.67,108.471869382608
73.68,108.471869382608
73.69,108.471869382608
73.7,108.471869382608
73.71,108.471869382608
73.72,108.471869382608
73.73,108.471869382608
73.74,108.471869382608
73.75,108.471869382608
73.76,108.471869382608
73.77,108.471869382608
73.78,108.471869382608
73.79,108.471869382608
73.8,108.471869382608
73.81,108.471869382608
73.82,108.471869382608
73.83,108.471869382608
73.84,108.471869382608
73.85,108.471869382608
73.86,108.471869382608
73.87,108.471869382608
73.88,108.471869382608
73.89,108.471869382608
73.9,108.471869382608
73.91,108.471869382608
73.92,108.471869382608
73.93,108.471869382608
73.94,108.471869382608
73.95,108.471869382608
73.96,108.471869382608
73.97,108.471869382608
73.98,108.471869382608
73.99,108.471869382608
74,108.471869382608
74.01,108.471869382608
74.02,108.471869382608
74.03,108.471869382608
74.04,108.471869382608
74.05,108.471869382608
74.06,108.471869382608
74.07,108.471869382608
74.08,108.471869382608
74.09,108.471869382608
74.1,108.471869382608
74.11,108.471869382608
74.12,108.471869382608
74.13,108.471869382608
74.14,108.471869382608
74.15,108.471869382608
74.16,108.471869382608
74.17,108.471869382608
74.18,108.471869382608
74.19,108.471869382608
74.2,108.471869382608
74.21,108.471869382608
74.22,108.471869382608
74.23,108.471869382608
74.24,108.471869382608
74.25,108.471869382608
74.26,108.471869382608
74.27,108.471869382608
74.28,108.471869382608
74.29,108.471869382608
74.3,108.471869382608
74.31,108.471869382608
74.32,108.471869382608
74.33,108.471869382608
74.34,108.471869382608
74.35,108.471869382608
74.36,108.471869382608
74.37,108.471869382608
74.38,108.471869382608
74.39,108.471869382608
74.4,108.471869382608
74.41,108.471869382608
74.42,108.471869382608
74.43,108.471869382608
74.44,108.471869382608
74.45,108.471869382608
74.46,108.471869382608
74.47,108.471869382608
74.48,108.471869382608
74.49,108.471869382608
74.5,108.471869382608
74.51,108.471869382608
74.52,108.471869382608
74.53,108.471869382608
74.54,108.471869382608
74.55,108.471869382608
74.56,108.471869382608
74.57,108.471869382608
74.58,108.471869382608
74.59,108.471869382608
74.6,108.471869382608
74.61,108.471869382608
74.62,108.471869382608
74.63,108.471869382608
74.64,108.471869382608
74.65,108.471869382608
74.66,108.471869382608
74.67,108.471869382608
74.68,108.471869382608
74.69,108.471869382608
74.7,108.471869382608
74.71,108.471869382608
74.72,108.471869382608
74.73,108.471869382608
74.74,108.471869382608
74.75,108.471869382608
74.76,108.471869382608
74.77,108.471869382608
74.78,108.471869382608
74.79,108.471869382608
74.8,44.3787902270746
74.81,44.3787902270746
74.82,44.3787902270746
74.83,44.3787902270746
74.84,44.3787902270746
74.85,44.3787902270746
74.86,44.3787902270746
74.87,44.3787902270746
74.88,44.3787902270746
74.89,44.3787902270746
74.9,44.3787902270746
74.91,44.3787902270746
74.92,44.3787902270746
74.93,44.3787902270746
74.94,44.3787902270746
74.95,44.3787902270746
74.96,44.3787902270746
74.97,44.3787902270746
74.98,44.3787902270746
74.99,44.3787902270746
75,44.3787902270746
75.01,44.3787902270746
75.02,44.3787902270746
75.03,44.3787902270746
75.04,44.3787902270746
75.05,44.3787902270746
75.06,44.3787902270746
75.07,44.3787902270746
75.08,44.3787902270746
75.09,44.3787902270746
75.1,44.3787902270746
75.11,44.3787902270746
75.12,44.3787902270746
75.13,44.3787902270746
75.14,44.3787902270746
75.15,44.3787902270746
75.16,44.3787902270746
75.17,44.3787902270746
75.18,44.3787902270746
75.19,44.3787902270746
75.2,44.3787902270746
75.21,44.3787902270746
75.22,44.3787902270746
75.23,44.3787902270746
75.24,44.3787902270746
75.25,44.3787902270746
75.26,44.3787902270746
75.27,44.3787902270746
75.28,44.3787902270746
75.29,44.3787902270746
75.3,44.3787902270746
75.31,44.3787902270746
75.32,44.3787902270746
75.33,44.3787902270746
75.34,44.3787902270746
75.35,44.3787902270746
75.36,44.3787902270746
75.37,44.3787902270746
75.38,44.3787902270746
75.39,44.3787902270746
75.4,44.3787902270746
75.41,44.3787902270746
75.42,44.3787902270746
75.43,44.3787902270746
75.44,44.3787902270746
75.45,44.3787902270746
75.46,44.3787902270746
75.47,44.3787902270746
75.48,44.3787902270746
75.49,44.3787902270746
75.5,44.3787902270746
75.51,44.3787902270746
75.52,44.3787902270746
75.53,44.3787902270746
75.54,44.3787902270746
75.55,44.3787902270746
75.56,44.3787902270746
75.57,44.3787902270746
75.58,44.3787902270746
75.59,44.3787902270746
75.6,44.3787902270746
75.61,44.3787902270746
75.62,44.3787902270746
75.63,44.3787902270746
75.64,44.3787902270746
75.65,44.3787902270746
75.66,44.3787902270746
75.67,44.3787902270746
75.68,44.3787902270746
75.69,44.3787902270746
75.7,44.3787902270746
75.71,44.3787902270746
75.72,44.3787902270746
75.73,44.3787902270746
75.74,44.3787902270746
75.75,44.3787902270746
75.76,44.3787902270746
75.77,44.3787902270746
75.78,44.3787902270746
75.79,44.3787902270746
75.8,44.3787902270746
75.81,44.3787902270746
75.82,44.3787902270746
75.83,44.3787902270746
75.84,44.3787902270746
75.85,44.3787902270746
75.86,44.3787902270746
75.87,44.3787902270746
75.88,44.3787902270746
75.89,44.3787902270746
75.9,44.3787902270746
75.91,44.3787902270746
75.92,44.3787902270746
75.93,44.3787902270746
75.94,44.3787902270746
75.95,44.3787902270746
75.96,44.3787902270746
75.97,44.3787902270746
75.98,44.3787902270746
75.99,44.3787902270746
76,44.3787902270746
76.01,44.3787902270746
76.02,44.3787902270746
76.03,44.3787902270746
76.04,44.3787902270746
76.05,44.3787902270746
76.06,44.3787902270746
76.07,44.3787902270746
76.08,44.3787902270746
76.09,44.3787902270746
76.1,44.3787902270746
76.11,44.3787902270746
76.12,44.3787902270746
76.13,44.3787902270746
76.14,44.3787902270746
76.15,44.3787902270746
76.16,44.3787902270746
76.17,44.3787902270746
76.18,44.3787902270746
76.19,44.3787902270746
76.2,44.3787902270746
76.21,44.3787902270746
76.22,44.3787902270746
76.23,44.3787902270746
76.24,44.3787902270746
76.25,44.3787902270746
76.26,44.3787902270746
76.27,44.3787902270746
76.28,44.3787902270746
76.29,44.3787902270746
76.3,44.3787902270746
76.31,44.3787902270746
76.32,44.3787902270746
76.33,44.3787902270746
76.34,44.3787902270746
76.35,44.3787902270746
76.36,44.3787902270746
76.37,44.3787902270746
76.38,44.3787902270746
76.39,44.3787902270746
76.4,44.3787902270746
76.41,44.3787902270746
76.42,44.3787902270746
76.43,44.3787902270746
76.44,44.3787902270746
76.45,44.3787902270746
76.46,44.3787902270746
76.47,44.3787902270746
76.48,44.3787902270746
76.49,44.3787902270746
76.5,44.3787902270746
76.51,44.3787902270746
76.52,44.3787902270746
76.53,44.3787902270746
76.54,44.3787902270746
76.55,44.3787902270746
76.56,44.3787902270746
76.57,44.3787902270746
76.58,44.3787902270746
76.59,44.3787902270746
76.6,44.3787902270746
76.61,44.3787902270746
76.62,44.3787902270746
76.63,44.3787902270746
76.64,44.3787902270746
76.65,44.3787902270746
76.66,44.3787902270746
76.67,44.3787902270746
76.68,44.3787902270746
76.69,44.3787902270746
76.7,44.3787902270746
76.71,44.3787902270746
76.72,44.3787902270746
76.73,44.3787902270746
76.74,44.3787902270746
76.75,44.3787902270746
76.76,44.3787902270746
76.77,44.3787902270746
76.78,44.3787902270746
76.79,44.3787902270746
76.8,44.3787902270746
76.81,44.3787902270746
76.82,44.3787902270746
76.83,44.3787902270746
76.84,44.3787902270746
76.85,44.3787902270746
76.86,44.3787902270746
76.87,44.3787902270746
76.88,44.3787902270746
76.89,44.3787902270746
76.9,44.3787902270746
76.91,44.3787902270746
76.92,44.3787902270746
76.93,44.3787902270746
76.94,44.3787902270746
76.95,44.3787902270746
76.96,44.3787902270746
76.97,44.3787902270746
76.98,44.3787902270746
76.99,44.3787902270746
77,44.3787902270746
77.01,44.3787902270746
77.02,44.3787902270746
77.03,44.3787902270746
77.04,44.3787902270746
77.05,44.3787902270746
77.06,44.3787902270746
77.07,44.3787902270746
77.08,44.3787902270746
77.09,44.3787902270746
77.1,44.3787902270746
77.11,44.3787902270746
77.12,44.3787902270746
77.13,44.3787902270746
77.14,44.3787902270746
77.15,44.3787902270746
77.16,44.3787902270746
77.17,44.3787902270746
77.18,44.3787902270746
77.19,44.3787902270746
77.2,44.3787902270746
77.21,44.3787902270746
77.22,44.3787902270746
77.23,44.3787902270746
77.24,44.3787902270746
77.25,44.3787902270746
77.26,44.3787902270746
77.27,44.3787902270746
77.28,44.3787902270746
77.29,44.3787902270746
77.3,44.3787902270746
77.31,44.3787902270746
77.32,44.3787902270746
77.33,44.3787902270746
77.34,44.3787902270746
77.35,44.3787902270746
77.36,44.3787902270746
77.37,44.3787902270746
77.38,44.3787902270746
77.39,44.3787902270746
77.4,44.3787902270746
77.41,44.3787902270746
77.42,44.3787902270746
77.43,44.3787902270746
77.44,44.3787902270746
77.45,44.3787902270746
77.46,44.3787902270746
77.47,44.3787902270746
77.48,44.3787902270746
77.49,44.3787902270746
77.5,44.3787902270746
77.51,44.3787902270746
77.52,44.3787902270746
77.53,44.3787902270746
77.54,44.3787902270746
77.55,44.3787902270746
77.56,44.3787902270746
77.57,44.3787902270746
77.58,44.3787902270746
77.59,44.3787902270746
77.6,44.3787902270746
77.61,44.3787902270746
77.62,44.3787902270746
77.63,65.623307963337
77.64,65.623307963337
77.65,65.623307963337
77.66,65.623307963337
77.67,65.623307963337
77.68,65.623307963337
77.69,65.623307963337
77.7,65.623307963337
77.71,65.623307963337
77.72,65.623307963337
77.73,65.623307963337
77.74,65.623307963337
77.75,65.623307963337
77.76,65.623307963337
77.77,65.623307963337
77.78,65.623307963337
77.79,65.623307963337
77.8,65.623307963337
77.81,65.623307963337
77.82,65.623307963337
77.83,65.623307963337
77.84,65.623307963337
77.85,65.623307963337
77.86,65.623307963337
77.87,65.623307963337
77.88,65.623307963337
77.89,65.623307963337
77.9,65.623307963337
77.91,65.623307963337
77.92,65.623307963337
77.93,65.623307963337
77.94,65.623307963337
77.95,65.623307963337
77.96,65.623307963337
77.97,65.623307963337
77.98,65.623307963337
77.99,65.623307963337
78,65.623307963337
78.01,65.623307963337
78.02,65.623307963337
78.03,65.623307963337
78.04,65.623307963337
78.05,65.623307963337
78.06,65.623307963337
78.07,65.623307963337
78.08,65.623307963337
78.09,65.623307963337
78.1,65.623307963337
78.11,65.623307963337
78.12,65.623307963337
78.13,65.623307963337
78.14,65.623307963337
78.15,65.623307963337
78.16,65.623307963337
78.17,65.623307963337
78.18,65.623307963337
78.19,65.623307963337
78.2,65.623307963337
78.21,65.623307963337
78.22,65.623307963337
78.23,65.623307963337
78.24,65.623307963337
78.25,65.623307963337
78.26,65.623307963337
78.27,65.623307963337
78.28,65.623307963337
78.29,65.623307963337
78.3,65.623307963337
78.31,65.623307963337
78.32,65.623307963337
78.33,65.623307963337
78.34,65.623307963337
78.35,65.623307963337
78.36,65.623307963337
78.37,65.623307963337
78.38,65.623307963337
78.39,65.623307963337
78.4,65.623307963337
78.41,65.623307963337
78.42,65.623307963337
78.43,65.623307963337
78.44,65.623307963337
78.45,65.623307963337
78.46,65.623307963337
78.47,65.623307963337
78.48,65.623307963337
78.49,65.623307963337
78.5,65.623307963337
78.51,65.623307963337
78.52,65.623307963337
78.53,65.623307963337
78.54,65.623307963337
78.55,65.623307963337
78.56,65.623307963337
78.57,65.623307963337
78.58,65.623307963337
78.59,65.623307963337
78.6,65.623307963337
78.61,65.623307963337
78.62,65.623307963337
78.63,65.623307963337
78.64,65.623307963337
78.65,65.623307963337
78.66,65.623307963337
78.67,65.623307963337
78.68,65.623307963337
78.69,65.623307963337
78.7,65.623307963337
78.71,65.623307963337
78.72,65.623307963337
78.73,65.623307963337
78.74,65.623307963337
78.75,65.623307963337
78.76,65.623307963337
78.77,65.623307963337
78.78,65.623307963337
78.79,65.623307963337
78.8,65.623307963337
78.81,65.623307963337
78.82,65.623307963337
78.83,65.623307963337
78.84,65.623307963337
78.85,65.623307963337
78.86,65.623307963337
78.87,65.623307963337
78.88,65.623307963337
78.89,65.623307963337
78.9,65.623307963337
78.91,65.623307963337
78.92,65.623307963337
78.93,65.623307963337
78.94,65.623307963337
78.95,65.623307963337
78.96,65.623307963337
78.97,65.623307963337
78.98,65.623307963337
78.99,65.623307963337
79,65.623307963337
79.01,65.623307963337
79.02,65.623307963337
79.03,65.623307963337
79.04,65.623307963337
79.05,65.623307963337
79.06,65.623307963337
79.07,65.623307963337
79.08,65.623307963337
79.09,65.623307963337
79.1,65.623307963337
79.11,65.623307963337
79.12,65.623307963337
79.13,65.623307963337
79.14,65.623307963337
79.15,65.623307963337
79.16,65.623307963337
79.17,65.623307963337
79.18,65.623307963337
79.19,65.623307963337
79.2,65.623307963337
79.21,65.623307963337
79.22,65.623307963337
79.23,65.623307963337
79.24,65.623307963337
79.25,65.623307963337
79.26,65.623307963337
79.27,65.623307963337
79.28,65.623307963337
79.29,65.623307963337
79.3,65.623307963337
79.31,65.623307963337
79.32,65.623307963337
79.33,65.623307963337
79.34,65.623307963337
79.35,65.623307963337
79.36,65.623307963337
79.37,65.623307963337
79.38,65.623307963337
79.39,65.623307963337
79.4,65.623307963337
79.41,65.623307963337
79.42,65.623307963337
79.43,65.623307963337
79.44,65.623307963337
79.45,65.623307963337
79.46,65.623307963337
79.47,65.623307963337
79.48,65.623307963337
79.49,65.623307963337
79.5,65.623307963337
79.51,65.623307963337
79.52,65.623307963337
79.53,65.623307963337
79.54,65.623307963337
79.55,65.623307963337
79.56,65.623307963337
79.57,65.623307963337
79.58,65.623307963337
79.59,65.623307963337
79.6,65.623307963337
79.61,65.623307963337
79.62,65.623307963337
79.63,65.623307963337
79.64,65.623307963337
79.65,65.623307963337
79.66,65.623307963337
79.67,65.623307963337
79.68,65.623307963337
79.69,65.623307963337
79.7,65.623307963337
79.71,65.623307963337
79.72,65.623307963337
79.73,65.623307963337
79.74,65.623307963337
79.75,65.623307963337
79.76,65.623307963337
79.77,65.623307963337
79.78,65.623307963337
79.79,65.623307963337
79.8,65.623307963337
79.81,65.623307963337
79.82,65.623307963337
79.83,65.623307963337
79.84,65.623307963337
79.85,65.623307963337
79.86,65.623307963337
79.87,65.623307963337
79.88,65.623307963337
79.89,65.623307963337
79.9,65.623307963337
79.91,65.623307963337
79.92,65.623307963337
79.93,65.623307963337
79.94,65.623307963337
79.95,65.623307963337
79.96,65.623307963337
79.97,65.623307963337
79.98,65.623307963337
79.99,65.623307963337
80,65.623307963337
80.01,65.623307963337
80.02,65.623307963337
80.03,65.623307963337
80.04,65.623307963337
80.05,65.623307963337
80.06,65.623307963337
80.07,65.623307963337
80.08,65.623307963337
80.09,65.623307963337
80.1,65.623307963337
80.11,65.623307963337
80.12,65.623307963337
80.13,65.623307963337
80.14,65.623307963337
80.15,65.623307963337
80.16,65.623307963337
80.17,65.623307963337
80.18,65.623307963337
80.19,65.623307963337
80.2,65.623307963337
80.21,65.623307963337
80.22,65.623307963337
80.23,65.623307963337
80.24,65.623307963337
80.25,65.623307963337
80.26,65.623307963337
80.27,65.623307963337
80.28,65.623307963337
80.29,65.623307963337
80.3,65.623307963337
80.31,65.623307963337
80.32,65.623307963337
80.33,65.623307963337
80.34,65.623307963337
80.35,65.623307963337
80.36,9.86682925092737
80.37,9.86682925092737
80.38,9.86682925092737
80.39,9.86682925092737
80.4,9.86682925092737
80.41,9.86682925092737
80.42,9.86682925092737
80.43,9.86682925092737
80.44,9.86682925092737
80.45,9.86682925092737
80.46,9.86682925092737
80.47,9.86682925092737
80.48,9.86682925092737
80.49,9.86682925092737
80.5,9.86682925092737
80.51,9.86682925092737
80.52,9.86682925092737
80.53,9.86682925092737
80.54,9.86682925092737
80.55,9.86682925092737
80.56,9.86682925092737
80.57,9.86682925092737
80.58,9.86682925092737
80.59,9.86682925092737
80.6,9.86682925092737
80.61,9.86682925092737
80.62,9.86682925092737
80.63,9.86682925092737
80.64,9.86682925092737
80.65,9.86682925092737
80.66,9.86682925092737
80.67,9.86682925092737
80.68,9.86682925092737
80.69,9.86682925092737
80.7,9.86682925092737
80.71,9.86682925092737
80.72,9.86682925092737
80.73,9.86682925092737
80.74,9.86682925092737
80.75,9.86682925092737
80.76,9.86682925092737
80.77,9.86682925092737
80.78,9.86682925092737
80.79,9.86682925092737
80.8,9.86682925092737
80.81,9.86682925092737
80.82,9.86682925092737
80.83,9.86682925092737
80.84,9.86682925092737
80.85,9.86682925092737
80.86,9.86682925092737
80.87,9.86682925092737
80.88,9.86682925092737
80.89,9.86682925092737
80.9,9.86682925092737
80.91,9.86682925092737
80.92,9.86682925092737
80.93,9.86682925092737
80.94,9.86682925092737
80.95,9.86682925092737
80.96,9.86682925092737
80.97,9.86682925092737
80.98,9.86682925092737
80.99,9.86682925092737
81,9.86682925092737
81.01,9.86682925092737
81.02,9.86682925092737
81.03,9.86682925092737
81.04,9.86682925092737
81.05,9.86682925092737
81.06,9.86682925092737
81.07,9.86682925092737
81.08,9.86682925092737
81.09,9.86682925092737
81.1,9.86682925092737
81.11,9.86682925092737
81.12,9.86682925092737
81.13,9.86682925092737
81.14,9.86682925092737
81.15,9.86682925092737
81.16,9.86682925092737
81.17,9.86682925092737
81.18,9.86682925092737
81.19,9.86682925092737
81.2,9.86682925092737
81.21,9.86682925092737
81.22,9.86682925092737
81.23,9.86682925092737
81.24,9.86682925092737
81.25,9.86682925092737
81.26,9.86682925092737
81.27,9.86682925092737
81.28,9.86682925092737
81.29,9.86682925092737
81.3,9.86682925092737
81.31,9.86682925092737
81.32,9.86682925092737
81.33,9.86682925092737
81.34,9.86682925092737
81.35,9.86682925092737
81.36,9.86682925092737
81.37,9.86682925092737
81.38,9.86682925092737
81.39,9.86682925092737
81.4,9.86682925092737
81.41,9.86682925092737
81.42,9.86682925092737
81.43,9.86682925092737
81.44,9.86682925092737
81.45,9.86682925092737
81.46,9.86682925092737
81.47,9.86682925092737
81.48,9.86682925092737
81.49,9.86682925092737
81.5,9.86682925092737
81.51,9.86682925092737
81.52,9.86682925092737
81.53,9.86682925092737
81.54,9.86682925092737
81.55,9.86682925092737
81.56,9.86682925092737
81.57,9.86682925092737
81.58,9.86682925092737
81.59,9.86682925092737
81.6,9.86682925092737
81.61,9.86682925092737
81.62,9.86682925092737
81.63,9.86682925092737
81.64,9.86682925092737
81.65,9.86682925092737
81.66,9.86682925092737
81.67,9.86682925092737
81.68,9.86682925092737
81.69,9.86682925092737
81.7,9.86682925092737
81.71,9.86682925092737
81.72,9.86682925092737
81.73,9.86682925092737
81.74,9.86682925092737
81.75,9.86682925092737
81.76,9.86682925092737
81.77,9.86682925092737
81.78,9.86682925092737
81.79,9.86682925092737
81.8,9.86682925092737
81.81,9.86682925092737
81.82,9.86682925092737
81.83,9.86682925092737
81.84,9.86682925092737
81.85,9.86682925092737
81.86,9.86682925092737
81.87,9.86682925092737
81.88,9.86682925092737
81.89,9.86682925092737
81.9,9.86682925092737
81.91,9.86682925092737
81.92,9.86682925092737
81.93,9.86682925092737
81.94,9.86682925092737
81.95,9.86682925092737
81.96,9.86682925092737
81.97,9.86682925092737
81.98,9.86682925092737
81.99,9.86682925092737
82,9.86682925092737
82.01,9.86682925092737
82.02,9.86682925092737
82.03,9.86682925092737
82.04,9.86682925092737
82.05,9.86682925092737
82.06,9.86682925092737
82.07,9.86682925092737
82.08,9.86682925092737
82.09,9.86682925092737
82.1,9.86682925092737
82.11,9.86682925092737
82.12,9.86682925092737
82.13,9.86682925092737
82.14,9.86682925092737
82.15,9.86682925092737
82.16,9.86682925092737
82.17,9.86682925092737
82.18,9.86682925092737
82.19,9.86682925092737
82.2,9.86682925092737
82.21,9.86682925092737
82.22,9.86682925092737
82.23,9.86682925092737
82.24,9.86682925092737
82.25,9.86682925092737
82.26,9.86682925092737
82.27,9.86682925092737
82.28,9.86682925092737
82.29,9.86682925092737
82.3,9.86682925092737
82.31,9.86682925092737
82.32,9.86682925092737
82.33,9.86682925092737
82.34,9.86682925092737
82.35,9.86682925092737
82.36,9.86682925092737
82.37,9.86682925092737
82.38,9.86682925092737
82.39,9.86682925092737
82.4,9.86682925092737
82.41,9.86682925092737
82.42,9.86682925092737
82.43,9.86682925092737
82.44,9.86682925092737
82.45,9.86682925092737
82.46,9.86682925092737
82.47,9.86682925092737
82.48,9.86682925092737
82.49,9.86682925092737
82.5,9.86682925092737
82.51,9.86682925092737
82.52,9.86682925092737
82.53,9.86682925092737
82.54,9.86682925092737
82.55,9.86682925092737
82.56,9.86682925092737
82.57,9.86682925092737
82.58,9.86682925092737
82.59,9.86682925092737
82.6,9.86682925092737
82.61,9.86682925092737
82.62,9.86682925092737
82.63,9.86682925092737
82.64,9.86682925092737
82.65,9.86682925092737
82.66,9.86682925092737
82.67,9.86682925092737
82.68,9.86682925092737
82.69,9.86682925092737
82.7,9.86682925092737
82.71,9.86682925092737
82.72,9.86682925092737
82.73,9.86682925092737
82.74,9.86682925092737
82.75,9.86682925092737
82.76,9.86682925092737
82.77,9.86682925092737
82.78,9.86682925092737
82.79,9.86682925092737
82.8,9.86682925092737
82.81,9.86682925092737
82.82,9.86682925092737
82.83,9.86682925092737
82.84,9.86682925092737
82.85,9.86682925092737
82.86,9.86682925092737
82.87,9.86682925092737
82.88,9.86682925092737
82.89,9.86682925092737
82.9,9.86682925092737
82.91,9.86682925092737
82.92,9.86682925092737
82.93,9.86682925092737
82.94,9.86682925092737
82.95,9.86682925092737
82.96,9.86682925092737
82.97,9.86682925092737
82.98,9.86682925092737
82.99,9.86682925092737
83,9.86682925092737
83.01,9.86682925092737
83.02,9.86682925092737
83.03,9.86682925092737
83.04,9.86682925092737
83.05,9.86682925092737
83.06,9.86682925092737
83.07,9.86682925092737
83.08,9.86682925092737
83.09,9.86682925092737
83.1,9.86682925092737
83.11,9.86682925092737
83.12,9.86682925092737
83.13,9.86682925092737
83.14,9.86682925092737
83.15,9.86682925092737
83.16,69.3173853173721
83.17,69.3173853173721
83.18,69.3173853173721
83.19,69.3173853173721
83.2,69.3173853173721
83.21,69.3173853173721
83.22,69.3173853173721
83.23,69.3173853173721
83.24,69.3173853173721
83.25,69.3173853173721
83.26,69.3173853173721
83.27,69.3173853173721
83.28,69.3173853173721
83.29,69.3173853173721
83.3,69.3173853173721
83.31,69.3173853173721
83.32,69.3173853173721
83.33,69.3173853173721
83.34,69.3173853173721
83.35,69.3173853173721
83.36,69.3173853173721
83.37,69.3173853173721
83.38,69.3173853173721
83.39,69.3173853173721
83.4,69.3173853173721
83.41,69.3173853173721
83.42,69.3173853173721
83.43,69.3173853173721
83.44,69.3173853173721
83.45,69.3173853173721
83.46,69.3173853173721
83.47,69.3173853173721
83.48,69.3173853173721
83.49,69.3173853173721
83.5,69.3173853173721
83.51,69.3173853173721
83.52,69.3173853173721
83.53,69.3173853173721
83.54,69.3173853173721
83.55,69.3173853173721
83.56,69.3173853173721
83.57,69.3173853173721
83.58,69.3173853173721
83.59,69.3173853173721
83.6,69.3173853173721
83.61,69.3173853173721
83.62,69.3173853173721
83.63,69.3173853173721
83.64,69.3173853173721
83.65,69.3173853173721
83.66,69.3173853173721
83.67,69.3173853173721
83.68,69.3173853173721
83.69,69.3173853173721
83.7,69.3173853173721
83.71,69.3173853173721
83.72,69.3173853173721
83.73,69.3173853173721
83.74,69.3173853173721
83.75,69.3173853173721
83.76,69.3173853173721
83.77,69.3173853173721
83.78,69.3173853173721
83.79,69.3173853173721
83.8,69.3173853173721
83.81,69.3173853173721
83.82,69.3173853173721
83.83,69.3173853173721
83.84,69.3173853173721
83.85,69.3173853173721
83.86,69.3173853173721
83.87,69.3173853173721
83.88,69.3173853173721
83.89,69.3173853173721
83.9,69.3173853173721
83.91,69.3173853173721
83.92,69.3173853173721
83.93,69.3173853173721
83.94,69.3173853173721
83.95,69.3173853173721
83.96,69.3173853173721
83.97,69.3173853173721
83.98,69.3173853173721
83.99,69.3173853173721
84,69.3173853173721
84.01,69.3173853173721
84.02,69.3173853173721
84.03,69.3173853173721
84.04,69.3173853173721
84.05,69.3173853173721
84.06,69.3173853173721
84.07,69.3173853173721
84.08,69.3173853173721
84.09,69.3173853173721
84.1,69.3173853173721
84.11,69.3173853173721
84.12,69.3173853173721
84.13,69.3173853173721
84.14,69.3173853173721
84.15,69.3173853173721
84.16,69.3173853173721
84.17,69.3173853173721
84.18,69.3173853173721
84.19,69.3173853173721
84.2,69.3173853173721
84.21,69.3173853173721
84.22,69.3173853173721
84.23,69.3173853173721
84.24,69.3173853173721
84.25,69.3173853173721
84.26,69.3173853173721
84.27,69.3173853173721
84.28,69.3173853173721
84.29,69.3173853173721
84.3,69.3173853173721
84.31,69.3173853173721
84.32,69.3173853173721
84.33,69.3173853173721
84.34,69.3173853173721
84.35,69.3173853173721
84.36,69.3173853173721
84.37,69.3173853173721
84.38,69.3173853173721
84.39,69.3173853173721
84.4,69.3173853173721
84.41,69.3173853173721
84.42,69.3173853173721
84.43,69.3173853173721
84.44,69.3173853173721
84.45,69.3173853173721
84.46,69.3173853173721
84.47,69.3173853173721
84.48,69.3173853173721
84.49,69.3173853173721
84.5,69.3173853173721
84.51,69.3173853173721
84.52,69.3173853173721
84.53,69.3173853173721
84.54,69.3173853173721
84.55,69.3173853173721
84.56,69.3173853173721
84.57,69.3173853173721
84.58,69.3173853173721
84.59,69.3173853173721
84.6,69.3173853173721
84.61,69.3173853173721
84.62,69.3173853173721
84.63,69.3173853173721
84.64,69.3173853173721
84.65,69.3173853173721
84.66,69.3173853173721
84.67,69.3173853173721
84.68,69.3173853173721
84.69,69.3173853173721
84.7,69.3173853173721
84.71,69.3173853173721
84.72,69.3173853173721
84.73,69.3173853173721
84.74,69.3173853173721
84.75,69.3173853173721
84.76,69.3173853173721
84.77,69.3173853173721
84.78,69.3173853173721
84.79,69.3173853173721
84.8,69.3173853173721
84.81,69.3173853173721
84.82,69.3173853173721
84.83,69.3173853173721
84.84,69.3173853173721
84.85,69.3173853173721
84.86,69.3173853173721
84.87,69.3173853173721
84.88,69.3173853173721
84.89,69.3173853173721
84.9,69.3173853173721
84.91,69.3173853173721
84.92,69.3173853173721
84.93,69.3173853173721
84.94,69.3173853173721
84.95,69.3173853173721
84.96,69.3173853173721
84.97,69.3173853173721
84.98,69.3173853173721
84.99,69.3173853173721
85,69.3173853173721
85.01,69.3173853173721
85.02,69.3173853173721
85.03,69.3173853173721
85.04,69.3173853173721
85.05,69.3173853173721
85.06,69.3173853173721
85.07,69.3173853173721
85.08,69.3173853173721
85.09,69.3173853173721
85.1,69.3173853173721
85.11,69.3173853173721
85.12,69.3173853173721
85.13,69.3173853173721
85.14,69.3173853173721
85.15,69.3173853173721
85.16,69.3173853173721
85.17,69.3173853173721
85.18,69.3173853173721
85.19,69.3173853173721
85.2,69.3173853173721
85.21,69.3173853173721
85.22,69.3173853173721
85.23,69.3173853173721
85.24,69.3173853173721
85.25,69.3173853173721
85.26,69.3173853173721
85.27,69.3173853173721
85.28,69.3173853173721
85.29,69.3173853173721
85.3,69.3173853173721
85.31,69.3173853173721
85.32,69.3173853173721
85.33,69.3173853173721
85.34,69.3173853173721
85.35,69.3173853173721
85.36,69.3173853173721
85.37,69.3173853173721
85.38,69.3173853173721
85.39,69.3173853173721
85.4,69.3173853173721
85.41,69.3173853173721
85.42,69.3173853173721
85.43,69.3173853173721
85.44,69.3173853173721
85.45,69.3173853173721
85.46,69.3173853173721
85.47,69.3173853173721
85.48,69.3173853173721
85.49,69.3173853173721
85.5,69.3173853173721
85.51,69.3173853173721
85.52,69.3173853173721
85.53,69.3173853173721
85.54,69.3173853173721
85.55,69.3173853173721
85.56,69.3173853173721
85.57,69.3173853173721
85.58,69.3173853173721
85.59,69.3173853173721
85.6,69.3173853173721
85.61,69.3173853173721
85.62,69.3173853173721
85.63,69.3173853173721
85.64,69.3173853173721
85.65,69.3173853173721
85.66,69.3173853173721
85.67,69.3173853173721
85.68,69.3173853173721
85.69,69.3173853173721
85.7,69.3173853173721
85.71,69.3173853173721
85.72,69.3173853173721
85.73,69.3173853173721
85.74,69.3173853173721
85.75,69.3173853173721
85.76,69.3173853173721
85.77,69.3173853173721
85.78,69.3173853173721
85.79,69.3173853173721
85.8,69.3173853173721
85.81,69.3173853173721
85.82,69.3173853173721
85.83,69.3173853173721
85.84,69.3173853173721
85.85,69.3173853173721
85.86,69.3173853173721
85.87,69.3173853173721
85.88,69.3173853173721
85.89,69.3173853173721
85.9,69.3173853173721
85.91,69.3173853173721
85.92,69.3173853173721
85.93,69.3173853173721
85.94,69.3173853173721
85.95,69.3173853173721
85.96,69.3173853173721
85.97,69.3173853173721
85.98,69.3173853173721
85.99,69.3173853173721
86,69.3173853173721
86.01,69.3173853173721
86.02,69.3173853173721
86.03,69.3173853173721
86.04,69.3173853173721
86.05,69.3173853173721
86.06,69.3173853173721
86.07,69.3173853173721
86.08,69.3173853173721
86.09,69.3173853173721
86.1,69.3173853173721
86.11,69.3173853173721
86.12,69.3173853173721
86.13,69.3173853173721
86.14,69.3173853173721
86.15,69.3173853173721
86.16,69.3173853173721
86.17,69.3173853173721
86.18,69.3173853173721
86.19,69.3173853173721
86.2,69.3173853173721
86.21,69.3173853173721
86.22,69.3173853173721
86.23,69.3173853173721
86.24,69.3173853173721
86.25,69.3173853173721
86.26,69.3173853173721
86.27,69.3173853173721
86.28,69.3173853173721
86.29,69.3173853173721
86.3,69.3173853173721
86.31,69.3173853173721
86.32,69.3173853173721
86.33,69.3173853173721
86.34,69.3173853173721
86.35,69.3173853173721
86.36,69.3173853173721
86.37,69.3173853173721
86.38,69.3173853173721
86.39,69.3173853173721
86.4,69.3173853173721
86.41,69.3173853173721
86.42,69.3173853173721
86.43,69.3173853173721
86.44,69.3173853173721
86.45,69.3173853173721
86.46,69.3173853173721
86.47,69.3173853173721
86.48,69.3173853173721
86.49,69.3173853173721
86.5,69.3173853173721
86.51,69.3173853173721
86.52,69.3173853173721
86.53,69.3173853173721
86.54,69.3173853173721
86.55,69.3173853173721
86.56,69.3173853173721
86.57,69.3173853173721
86.58,69.3173853173721
86.59,69.3173853173721
86.6,69.3173853173721
86.61,69.3173853173721
86.62,69.3173853173721
86.63,69.3173853173721
86.64,69.3173853173721
86.65,69.3173853173721
86.66,69.3173853173721
86.67,69.3173853173721
86.68,69.3173853173721
86.69,69.3173853173721
86.7,69.3173853173721
86.71,69.3173853173721
86.72,69.3173853173721
86.73,69.3173853173721
86.74,53.0065720614828
86.75,53.0065720614828
86.76,53.0065720614828
86.77,53.0065720614828
86.78,53.0065720614828
86.79,53.0065720614828
86.8,53.0065720614828
86.81,53.0065720614828
86.82,53.0065720614828
86.83,53.0065720614828
86.84,53.0065720614828
86.85,53.0065720614828
86.86,53.0065720614828
86.87,53.0065720614828
86.88,53.0065720614828
86.89,53.0065720614828
86.9,53.0065720614828
86.91,53.0065720614828
86.92,53.0065720614828
86.93,53.0065720614828
86.94,53.0065720614828
86.95,53.0065720614828
86.96,53.0065720614828
86.97,53.0065720614828
86.98,53.0065720614828
86.99,53.0065720614828
87,53.0065720614828
87.01,53.0065720614828
87.02,53.0065720614828
87.03,53.0065720614828
87.04,53.0065720614828
87.05,53.0065720614828
87.06,53.0065720614828
87.07,53.0065720614828
87.08,53.0065720614828
87.09,53.0065720614828
87.1,53.0065720614828
87.11,53.0065720614828
87.12,53.0065720614828
87.13,53.0065720614828
87.14,53.0065720614828
87.15,53.0065720614828
87.16,53.0065720614828
87.17,53.0065720614828
87.18,53.0065720614828
87.19,53.0065720614828
87.2,53.0065720614828
87.21,53.0065720614828
87.22,53.0065720614828
87.23,53.0065720614828
87.24,53.0065720614828
87.25,53.0065720614828
87.26,53.0065720614828
87.27,53.0065720614828
87.28,53.0065720614828
87.29,53.0065720614828
87.3,53.0065720614828
87.31,53.0065720614828
87.32,53.0065720614828
87.33,53.0065720614828
87.34,53.0065720614828
87.35,53.0065720614828
87.36,53.0065720614828
87.37,53.0065720614828
87.38,53.0065720614828
87.39,53.0065720614828
87.4,53.0065720614828
87.41,53.0065720614828
87.42,53.0065720614828
87.43,53.0065720614828
87.44,53.0065720614828
87.45,53.0065720614828
87.46,53.0065720614828
87.47,53.0065720614828
87.48,53.0065720614828
87.49,53.0065720614828
87.5,53.0065720614828
87.51,53.0065720614828
87.52,53.0065720614828
87.53,53.0065720614828
87.54,53.0065720614828
87.55,53.0065720614828
87.56,53.0065720614828
87.57,53.0065720614828
87.58,53.0065720614828
87.59,53.0065720614828
87.6,53.0065720614828
87.61,53.0065720614828
87.62,53.0065720614828
87.63,53.0065720614828
87.64,53.0065720614828
87.65,53.0065720614828
87.66,53.0065720614828
87.67,53.0065720614828
87.68,53.0065720614828
87.69,53.0065720614828
87.7,53.0065720614828
87.71,53.0065720614828
87.72,53.0065720614828
87.73,53.0065720614828
87.74,53.0065720614828
87.75,53.0065720614828
87.76,53.0065720614828
87.77,53.0065720614828
87.78,53.0065720614828
87.79,53.0065720614828
87.8,53.0065720614828
87.81,53.0065720614828
87.82,53.0065720614828
87.83,53.0065720614828
87.84,53.0065720614828
87.85,53.0065720614828
87.86,53.0065720614828
87.87,53.0065720614828
87.88,53.0065720614828
87.89,53.0065720614828
87.9,53.0065720614828
87.91,53.0065720614828
87.92,53.0065720614828
87.93,53.0065720614828
87.94,53.0065720614828
87.95,53.0065720614828
87.96,53.0065720614828
87.97,53.0065720614828
87.98,53.0065720614828
87.99,53.0065720614828
88,53.0065720614828
88.01,53.0065720614828
88.02,53.0065720614828
88.03,53.0065720614828
88.04,53.0065720614828
88.05,53.0065720614828
88.06,53.0065720614828
88.07,53.0065720614828
88.08,53.0065720614828
88.09,53.0065720614828
88.1,53.0065720614828
88.11,53.0065720614828
88.12,53.0065720614828
88.13,53.0065720614828
88.14,53.0065720614828
88.15,53.0065720614828
88.16,53.0065720614828
88.17,53.0065720614828
88.18,53.0065720614828
88.19,53.0065720614828
88.2,53.0065720614828
88.21,53.0065720614828
88.22,53.0065720614828
88.23,53.0065720614828
88.24,53.0065720614828
88.25,53.0065720614828
88.26,53.0065720614828
88.27,53.0065720614828
88.28,53.0065720614828
88.29,53.0065720614828
88.3,53.0065720614828
88.31,53.0065720614828
88.32,53.0065720614828
88.33,53.0065720614828
88.34,53.0065720614828
88.35,53.0065720614828
88.36,53.0065720614828
88.37,53.0065720614828
88.38,53.0065720614828
88.39,53.0065720614828
88.4,53.0065720614828
88.41,53.0065720614828
88.42,53.0065720614828
88.43,53.0065720614828
88.44,53.0065720614828
88.45,53.0065720614828
88.46,53.0065720614828
88.47,53.0065720614828
88.48,53.0065720614828
88.49,53.0065720614828
88.5,53.0065720614828
88.51,53.0065720614828
88.52,53.0065720614828
88.53,53.0065720614828
88.54,53.0065720614828
88.55,53.0065720614828
88.56,53.0065720614828
88.57,53.0065720614828
88.58,53.0065720614828
88.59,53.0065720614828
88.6,53.0065720614828
88.61,53.0065720614828
88.62,53.0065720614828
88.63,53.0065720614828
88.64,53.0065720614828
88.65,53.0065720614828
88.66,53.0065720614828
88.67,53.0065720614828
88.68,53.0065720614828
88.69,53.0065720614828
88.7,53.0065720614828
88.71,53.0065720614828
88.72,53.0065720614828
88.73,53.0065720614828
88.74,53.0065720614828
88.75,53.0065720614828
88.76,53.0065720614828
88.77,53.0065720614828
88.78,53.0065720614828
88.79,53.0065720614828
88.8,53.0065720614828
88.81,53.0065720614828
88.82,53.0065720614828
88.83,53.0065720614828
88.84,53.0065720614828
88.85,53.0065720614828
88.86,53.0065720614828
88.87,53.0065720614828
88.88,53.0065720614828
88.89,53.0065720614828
88.9,53.0065720614828
88.91,53.0065720614828
88.92,53.0065720614828
88.93,53.0065720614828
88.94,53.0065720614828
88.95,53.0065720614828
88.96,53.0065720614828
88.97,53.0065720614828
88.98,53.0065720614828
88.99,53.0065720614828
89,53.0065720614828
89.01,53.0065720614828
89.02,53.0065720614828
89.03,53.0065720614828
89.04,53.0065720614828
89.05,53.0065720614828
89.06,53.0065720614828
89.07,53.0065720614828
89.08,53.0065720614828
89.09,53.0065720614828
89.1,53.0065720614828
89.11,53.0065720614828
89.12,53.0065720614828
89.13,53.0065720614828
89.14,53.0065720614828
89.15,53.0065720614828
89.16,53.0065720614828
89.17,53.0065720614828
89.18,53.0065720614828
89.19,53.0065720614828
89.2,53.0065720614828
89.21,53.0065720614828
89.22,53.0065720614828
89.23,53.0065720614828
89.24,53.0065720614828
89.25,53.0065720614828
89.26,53.0065720614828
89.27,53.0065720614828
89.28,53.0065720614828
89.29,53.0065720614828
89.3,53.0065720614828
89.31,53.0065720614828
89.32,53.0065720614828
89.33,53.0065720614828
89.34,53.0065720614828
89.35,53.0065720614828
89.36,53.0065720614828
89.37,53.0065720614828
89.38,53.0065720614828
89.39,53.0065720614828
89.4,53.0065720614828
89.41,53.0065720614828
89.42,53.0065720614828
89.43,53.0065720614828
89.44,53.0065720614828
89.45,53.0065720614828
89.46,53.0065720614828
89.47,53.0065720614828
89.48,53.0065720614828
89.49,53.0065720614828
89.5,53.0065720614828
89.51,53.0065720614828
89.52,53.0065720614828
89.53,53.0065720614828
89.54,53.0065720614828
89.55,53.0065720614828
89.56,53.0065720614828
89.57,53.0065720614828
89.58,53.0065720614828
89.59,53.0065720614828
89.6,53.0065720614828
89.61,53.0065720614828
89.62,53.0065720614828
89.63,53.0065720614828
89.64,53.0065720614828
89.65,53.0065720614828
89.66,53.0065720614828
89.67,53.0065720614828
89.68,53.0065720614828
89.69,53.0065720614828
89.7,53.0065720614828
89.71,10.1259611990567
89.72,10.1259611990567
89.73,10.1259611990567
89.74,10.1259611990567
89.75,10.1259611990567
89.76,10.1259611990567
89.77,10.1259611990567
89.78,10.1259611990567
89.79,10.1259611990567
89.8,10.1259611990567
89.81,10.1259611990567
89.82,10.1259611990567
89.83,10.1259611990567
89.84,10.1259611990567
89.85,10.1259611990567
89.86,10.1259611990567
89.87,10.1259611990567
89.88,10.1259611990567
89.89,10.1259611990567
89.9,10.1259611990567
89.91,10.1259611990567
89.92,10.1259611990567
89.93,10.1259611990567
89.94,10.1259611990567
89.95,10.1259611990567
89.96,10.1259611990567
89.97,10.1259611990567
89.98,10.1259611990567
89.99,10.1259611990567
90,10.1259611990567
90.01,10.1259611990567
90.02,10.1259611990567
90.03,10.1259611990567
90.04,10.1259611990567
90.05,10.1259611990567
90.06,10.1259611990567
90.07,10.1259611990567
90.08,10.1259611990567
90.09,10.1259611990567
90.1,10.1259611990567
90.11,10.1259611990567
90.12,10.1259611990567
90.13,10.1259611990567
90.14,10.1259611990567
90.15,10.1259611990567
90.16,10.1259611990567
90.17,10.1259611990567
90.18,10.1259611990567
90.19,10.1259611990567
90.2,10.1259611990567
90.21,10.1259611990567
90.22,10.1259611990567
90.23,10.1259611990567
90.24,10.1259611990567
90.25,10.1259611990567
90.26,10.1259611990567
90.27,10.1259611990567
90.28,10.1259611990567
90.29,10.1259611990567
90.3,10.1259611990567
90.31,10.1259611990567
90.32,10.1259611990567
90.33,10.1259611990567
90.34,10.1259611990567
90.35,10.1259611990567
90.36,10.1259611990567
90.37,10.1259611990567
90.38,10.1259611990567
90.39,10.1259611990567
90.4,10.1259611990567
90.41,10.1259611990567
90.42,10.1259611990567
90.43,10.1259611990567
90.44,10.1259611990567
90.45,10.1259611990567
90.46,10.1259611990567
90.47,10.1259611990567
90.48,10.1259611990567
90.49,10.1259611990567
90.5,10.1259611990567
90.51,10.1259611990567
90.52,10.1259611990567
90.53,10.1259611990567
90.54,10.1259611990567
90.55,10.1259611990567
90.56,10.1259611990567
90.57,10.1259611990567
90.58,10.1259611990567
90.59,10.1259611990567
90.6,10.1259611990567
90.61,10.1259611990567
90.62,10.1259611990567
90.63,10.1259611990567
90.64,10.1259611990567
90.65,10.1259611990567
90.66,10.1259611990567
90.67,10.1259611990567
90.68,10.1259611990567
90.69,10.1259611990567
90.7,10.1259611990567
90.71,10.1259611990567
90.72,10.1259611990567
90.73,10.1259611990567
90.74,10.1259611990567
90.75,10.1259611990567
90.76,10.1259611990567
90.77,10.1259611990567
90.78,10.1259611990567
90.79,10.1259611990567
90.8,10.1259611990567
90.81,10.1259611990567
90.82,10.1259611990567
90.83,10.1259611990567
90.84,10.1259611990567
90.85,10.1259611990567
90.86,10.1259611990567
90.87,10.1259611990567
90.88,10.1259611990567
90.89,10.1259611990567
90.9,10.1259611990567
90.91,10.1259611990567
90.92,10.1259611990567
90.93,10.1259611990567
90.94,10.1259611990567
90.95,10.1259611990567
90.96,10.1259611990567
90.97,10.1259611990567
90.98,10.1259611990567
90.99,10.1259611990567
91,10.1259611990567
91.01,10.1259611990567
91.02,10.1259611990567
91.03,10.1259611990567
91.04,10.1259611990567
91.05,10.1259611990567
91.06,10.1259611990567
91.07,10.1259611990567
91.08,10.1259611990567
91.09,10.1259611990567
91.1,10.1259611990567
91.11,10.1259611990567
91.12,10.1259611990567
91.13,10.1259611990567
91.14,10.1259611990567
91.15,10.1259611990567
91.16,10.1259611990567
91.17,10.1259611990567
91.18,10.1259611990567
91.19,10.1259611990567
91.2,10.1259611990567
91.21,10.1259611990567
91.22,10.1259611990567
91.23,10.1259611990567
91.24,10.1259611990567
91.25,10.1259611990567
91.26,10.1259611990567
91.27,10.1259611990567
91.28,10.1259611990567
91.29,10.1259611990567
91.3,10.1259611990567
91.31,10.1259611990567
91.32,10.1259611990567
91.33,10.1259611990567
91.34,10.1259611990567
91.35,10.1259611990567
91.36,10.1259611990567
91.37,10.1259611990567
91.38,10.1259611990567
91.39,10.1259611990567
91.4,10.1259611990567
91.41,10.1259611990567
91.42,10.1259611990567
91.43,10.1259611990567
91.44,10.1259611990567
91.45,10.1259611990567
91.46,10.1259611990567
91.47,10.1259611990567
91.48,10.1259611990567
91.49,10.1259611990567
91.5,10.1259611990567
91.51,10.1259611990567
91.52,10.1259611990567
91.53,10.1259611990567
91.54,10.1259611990567
91.55,10.1259611990567
91.56,10.1259611990567
91.57,10.1259611990567
91.58,10.1259611990567
91.59,10.1259611990567
91.6,10.1259611990567
91.61,10.1259611990567
91.62,10.1259611990567
91.63,10.1259611990567
91.64,10.1259611990567
91.65,10.1259611990567
91.66,10.1259611990567
91.67,10.1259611990567
91.68,10.1259611990567
91.69,10.1259611990567
91.7,10.1259611990567
91.71,10.1259611990567
91.72,10.1259611990567
91.73,10.1259611990567
91.74,10.1259611990567
91.75,10.1259611990567
91.76,10.1259611990567
91.77,10.1259611990567
91.78,10.1259611990567
91.79,10.1259611990567
91.8,10.1259611990567
91.81,10.1259611990567
91.82,10.1259611990567
91.83,10.1259611990567
91.84,10.1259611990567
91.85,10.1259611990567
91.86,10.1259611990567
91.87,10.1259611990567
91.88,10.1259611990567
91.89,10.1259611990567
91.9,10.1259611990567
91.91,10.1259611990567
91.92,10.1259611990567
91.93,10.1259611990567
91.94,10.1259611990567
91.95,10.1259611990567
91.96,10.1259611990567
91.97,10.1259611990567
91.98,10.1259611990567
91.99,10.1259611990567
92,10.1259611990567
92.01,10.1259611990567
92.02,10.1259611990567
92.03,10.1259611990567
92.04,10.1259611990567
92.05,10.1259611990567
92.06,10.1259611990567
92.07,10.1259611990567
92.08,39.8961100901661
92.09,39.8961100901661
92.1,39.8961100901661
92.11,39.8961100901661
92.12,39.8961100901661
92.13,39.8961100901661
92.14,39.8961100901661
92.15,39.8961100901661
92.16,39.8961100901661
92.17,39.8961100901661
92.18,39.8961100901661
92.19,39.8961100901661
92.2,39.8961100901661
92.21,39.8961100901661
92.22,39.8961100901661
92.23,39.8961100901661
92.24,39.8961100901661
92.25,39.8961100901661
92.26,39.8961100901661
92.27,39.8961100901661
92.28,39.8961100901661
92.29,39.8961100901661
92.3,39.8961100901661
92.31,39.8961100901661
92.32,39.8961100901661
92.33,39.8961100901661
92.34,39.8961100901661
92.35,39.8961100901661
92.36,39.8961100901661
92.37,39.8961100901661
92.38,39.8961100901661
92.39,39.8961100901661
92.4,39.8961100901661
92.41,39.8961100901661
92.42,39.8961100901661
92.43,39.8961100901661
92.44,39.8961100901661
92.45,39.8961100901661
92.46,39.8961100901661
92.47,39.8961100901661
92.48,39.8961100901661
92.49,39.8961100901661
92.5,39.8961100901661
92.51,39.8961100901661
92.52,39.8961100901661
92.53,39.8961100901661
92.54,39.8961100901661
92.55,39.8961100901661
92.56,39.8961100901661
92.57,39.8961100901661
92.58,39.8961100901661
92.59,39.8961100901661
92.6,39.8961100901661
92.61,39.8961100901661
92.62,39.8961100901661
92.63,39.8961100901661
92.64,39.8961100901661
92.65,39.8961100901661
92.66,39.8961100901661
92.67,39.8961100901661
92.68,39.8961100901661
92.69,39.8961100901661
92.7,39.8961100901661
92.71,39.8961100901661
92.72,39.8961100901661
92.73,39.8961100901661
92.74,39.8961100901661
92.75,39.8961100901661
92.76,39.8961100901661
92.77,39.8961100901661
92.78,39.8961100901661
92.79,39.8961100901661
92.8,39.8961100901661
92.81,39.8961100901661
92.82,39.8961100901661
92.83,39.8961100901661
92.84,39.8961100901661
92.85,39.8961100901661
92.86,39.8961100901661
92.87,39.8961100901661
92.88,39.8961100901661
92.89,39.8961100901661
92.9,39.8961100901661
92.91,39.8961100901661
92.92,39.8961100901661
92.93,39.8961100901661
92.94,39.8961100901661
92.95,39.8961100901661
92.96,39.8961100901661
92.97,39.8961100901661
92.98,39.8961100901661
92.99,39.8961100901661
93,39.8961100901661
93.01,39.8961100901661
93.02,39.8961100901661
93.03,39.8961100901661
93.04,39.8961100901661
93.05,39.8961100901661
93.06,39.8961100901661
93.07,39.8961100901661
93.08,39.8961100901661
93.09,39.8961100901661
93.1,39.8961100901661
93.11,39.8961100901661
93.12,39.8961100901661
93.13,39.8961100901661
93.14,39.8961100901661
93.15,39.8961100901661
93.16,39.8961100901661
93.17,39.8961100901661
93.18,39.8961100901661
93.19,39.8961100901661
93.2,39.8961100901661
93.21,39.8961100901661
93.22,39.8961100901661
93.23,39.8961100901661
93.24,39.8961100901661
93.25,39.8961100901661
93.26,39.8961100901661
93.27,39.8961100901661
93.28,39.8961100901661
93.29,39.8961100901661
93.3,39.8961100901661
93.31,39.8961100901661
93.32,39.8961100901661
93.33,39.8961100901661
93.34,39.8961100901661
93.35,39.8961100901661
93.36,39.8961100901661
93.37,39.8961100901661
93.38,39.8961100901661
93.39,39.8961100901661
93.4,39.8961100901661
93.41,39.8961100901661
93.42,39.8961100901661
93.43,39.8961100901661
93.44,39.8961100901661
93.45,39.8961100901661
93.46,39.8961100901661
93.47,39.8961100901661
93.48,39.8961100901661
93.49,39.8961100901661
93.5,39.8961100901661
93.51,39.8961100901661
93.52,39.8961100901661
93.53,39.8961100901661
93.54,39.8961100901661
93.55,39.8961100901661
93.56,39.8961100901661
93.57,39.8961100901661
93.58,39.8961100901661
93.59,39.8961100901661
93.6,39.8961100901661
93.61,39.8961100901661
93.62,39.8961100901661
93.63,39.8961100901661
93.64,39.8961100901661
93.65,39.8961100901661
93.66,39.8961100901661
93.67,39.8961100901661
93.68,39.8961100901661
93.69,39.8961100901661
93.7,39.8961100901661
93.71,39.8961100901661
93.72,39.8961100901661
93.73,39.8961100901661
93.74,39.8961100901661
93.75,39.8961100901661
93.76,39.8961100901661
93.77,39.8961100901661
93.78,39.8961100901661
93.79,39.8961100901661
93.8,39.8961100901661
93.81,39.8961100901661
93.82,39.8961100901661
93.83,39.8961100901661
93.84,39.8961100901661
93.85,39.8961100901661
93.86,39.8961100901661
93.87,39.8961100901661
93.88,39.8961100901661
93.89,39.8961100901661
93.9,39.8961100901661
93.91,39.8961100901661
93.92,39.8961100901661
93.93,39.8961100901661
93.94,39.8961100901661
93.95,39.8961100901661
93.96,39.8961100901661
93.97,39.8961100901661
93.98,39.8961100901661
93.99,39.8961100901661
94,39.8961100901661
94.01,39.8961100901661
94.02,39.8961100901661
94.03,39.8961100901661
94.04,39.8961100901661
94.05,39.8961100901661
94.06,39.8961100901661
94.07,39.8961100901661
94.08,39.8961100901661
94.09,39.8961100901661
94.1,39.8961100901661
94.11,39.8961100901661
94.12,39.8961100901661
94.13,39.8961100901661
94.14,39.8961100901661
94.15,39.8961100901661
94.16,39.8961100901661
94.17,39.8961100901661
94.18,39.8961100901661
94.19,39.8961100901661
94.2,39.8961100901661
94.21,39.8961100901661
94.22,39.8961100901661
94.23,39.8961100901661
94.24,39.8961100901661
94.25,39.8961100901661
94.26,39.8961100901661
94.27,39.8961100901661
94.28,39.8961100901661
94.29,39.8961100901661
94.3,39.8961100901661
94.31,39.8961100901661
94.32,39.8961100901661
94.33,39.8961100901661
94.34,39.8961100901661
94.35,39.8961100901661
94.36,39.8961100901661
94.37,39.8961100901661
94.38,39.8961100901661
94.39,39.8961100901661
94.4,39.8961100901661
94.41,39.8961100901661
94.42,39.8961100901661
94.43,39.8961100901661
94.44,39.8961100901661
94.45,39.8961100901661
94.46,39.8961100901661
94.47,39.8961100901661
94.48,39.8961100901661
94.49,39.8961100901661
94.5,39.8961100901661
94.51,39.8961100901661
94.52,39.8961100901661
94.53,39.8961100901661
94.54,39.8961100901661
94.55,39.8961100901661
94.56,39.8961100901661
94.57,39.8961100901661
94.58,39.8961100901661
94.59,39.8961100901661
94.6,39.8961100901661
94.61,39.8961100901661
94.62,39.8961100901661
94.63,39.8961100901661
94.64,39.8961100901661
94.65,39.8961100901661
94.66,39.8961100901661
94.67,71.8979762252763
94.68,71.8979762252763
94.69,71.8979762252763
94.7,71.8979762252763
94.71,71.8979762252763
94.72,71.8979762252763
94.73,71.8979762252763
94.74,71.8979762252763
94.75,71.8979762252763
94.76,71.8979762252763
94.77,71.8979762252763
94.78,71.8979762252763
94.79,71.8979762252763
94.8,71.8979762252763
94.81,71.8979762252763
94.82,71.8979762252763
94.83,71.8979762252763
94.84,71.8979762252763
94.85,71.8979762252763
94.86,71.8979762252763
94.87,71.8979762252763
94.88,71.8979762252763
94.89,71.8979762252763
94.9,71.8979762252763
94.91,71.8979762252763
94.92,71.8979762252763
94.93,71.8979762252763
94.94,71.8979762252763
94.95,71.8979762252763
94.96,71.8979762252763
94.97,71.8979762252763
94.98,71.8979762252763
94.99,71.8979762252763
95,71.8979762252763
95.01,71.8979762252763
95.02,71.8979762252763
95.03,71.8979762252763
95.04,71.8979762252763
95.05,71.8979762252763
95.06,71.8979762252763
95.07,71.8979762252763
95.08,71.8979762252763
95.09,71.8979762252763
95.1,71.8979762252763
95.11,71.8979762252763
95.12,71.8979762252763
95.13,71.8979762252763
95.14,71.8979762252763
95.15,71.8979762252763
95.16,71.8979762252763
95.17,71.8979762252763
95.18,71.8979762252763
95.19,71.8979762252763
95.2,71.8979762252763
95.21,71.8979762252763
95.22,71.8979762252763
95.23,71.8979762252763
95.24,71.8979762252763
95.25,71.8979762252763
95.26,71.8979762252763
95.27,71.8979762252763
95.28,71.8979762252763
95.29,71.8979762252763
95.3,71.8979762252763
95.31,71.8979762252763
95.32,71.8979762252763
95.33,71.8979762252763
95.34,71.8979762252763
95.35,71.8979762252763
95.36,71.8979762252763
95.37,71.8979762252763
95.38,71.8979762252763
95.39,71.8979762252763
95.4,71.8979762252763
95.41,71.8979762252763
95.42,71.8979762252763
95.43,71.8979762252763
95.44,71.8979762252763
95.45,71.8979762252763
95.46,71.8979762252763
95.47,71.8979762252763
95.48,71.8979762252763
95.49,71.8979762252763
95.5,71.8979762252763
95.51,71.8979762252763
95.52,71.8979762252763
95.53,71.8979762252763
95.54,71.8979762252763
95.55,71.8979762252763
95.56,71.8979762252763
95.57,71.8979762252763
95.58,71.8979762252763
95.59,71.8979762252763
95.6,71.8979762252763
95.61,71.8979762252763
95.62,71.8979762252763
95.63,71.8979762252763
95.64,71.8979762252763
95.65,71.8979762252763
95.66,71.8979762252763
95.67,71.8979762252763
95.68,71.8979762252763
95.69,71.8979762252763
95.7,71.8979762252763
95.71,71.8979762252763
95.72,71.8979762252763
95.73,71.8979762252763
95.74,71.8979762252763
95.75,71.8979762252763
95.76,71.8979762252763
95.77,71.8979762252763
95.78,71.8979762252763
95.79,71.8979762252763
95.8,71.8979762252763
95.81,71.8979762252763
95.82,71.8979762252763
95.83,71.8979762252763
95.84,71.8979762252763
95.85,71.8979762252763
95.86,71.8979762252763
95.87,71.8979762252763
95.88,71.8979762252763
95.89,71.8979762252763
95.9,71.8979762252763
95.91,71.8979762252763
95.92,71.8979762252763
95.93,71.8979762252763
95.94,71.8979762252763
95.95,71.8979762252763
95.96,71.8979762252763
95.97,71.8979762252763
95.98,71.8979762252763
95.99,71.8979762252763
96,71.8979762252763
96.01,71.8979762252763
96.02,71.8979762252763
96.03,71.8979762252763
96.04,71.8979762252763
96.05,71.8979762252763
96.06,71.8979762252763
96.07,71.8979762252763
96.08,71.8979762252763
96.09,71.8979762252763
96.1,71.8979762252763
96.11,71.8979762252763
96.12,71.8979762252763
96.13,71.8979762252763
96.14,71.8979762252763
96.15,71.8979762252763
96.16,71.8979762252763
96.17,71.8979762252763
96.18,71.8979762252763
96.19,71.8979762252763
96.2,71.8979762252763
96.21,71.8979762252763
96.22,71.8979762252763
96.23,71.8979762252763
96.24,71.8979762252763
96.25,71.8979762252763
96.26,71.8979762252763
96.27,71.8979762252763
96.28,71.8979762252763
96.29,71.8979762252763
96.3,71.8979762252763
96.31,71.8979762252763
96.32,71.8979762252763
96.33,71.8979762252763
96.34,71.8979762252763
96.35,71.8979762252763
96.36,71.8979762252763
96.37,71.8979762252763
96.38,71.8979762252763
96.39,71.8979762252763
96.4,71.8979762252763
96.41,71.8979762252763
96.42,71.8979762252763
96.43,71.8979762252763
96.44,71.8979762252763
96.45,71.8979762252763
96.46,71.8979762252763
96.47,71.8979762252763
96.48,71.8979762252763
96.49,71.8979762252763
96.5,71.8979762252763
96.51,71.8979762252763
96.52,71.8979762252763
96.53,71.8979762252763
96.54,71.8979762252763
96.55,71.8979762252763
96.56,71.8979762252763
96.57,71.8979762252763
96.58,71.8979762252763
96.59,71.8979762252763
96.6,71.8979762252763
96.61,71.8979762252763
96.62,71.8979762252763
96.63,71.8979762252763
96.64,71.8979762252763
96.65,71.8979762252763
96.66,71.8979762252763
96.67,71.8979762252763
96.68,71.8979762252763
96.69,71.8979762252763
96.7,71.8979762252763
96.71,71.8979762252763
96.72,71.8979762252763
96.73,71.8979762252763
96.74,71.8979762252763
96.75,71.8979762252763
96.76,71.8979762252763
96.77,71.8979762252763
96.78,71.8979762252763
96.79,71.8979762252763
96.8,71.8979762252763
96.81,71.8979762252763
96.82,71.8979762252763
96.83,71.8979762252763
96.84,71.8979762252763
96.85,71.8979762252763
96.86,71.8979762252763
96.87,71.8979762252763
96.88,71.8979762252763
96.89,71.8979762252763
96.9,71.8979762252763
96.91,71.8979762252763
96.92,71.8979762252763
96.93,71.8979762252763
96.94,71.8979762252763
96.95,71.8979762252763
96.96,71.8979762252763
96.97,71.8979762252763
96.98,71.8979762252763
96.99,71.8979762252763
97,71.8979762252763
97.01,71.8979762252763
97.02,71.8979762252763
97.03,71.8979762252763
97.04,71.8979762252763
97.05,71.8979762252763
97.06,71.8979762252763
97.07,71.8979762252763
97.08,71.8979762252763
97.09,71.8979762252763
97.1,71.8979762252763
97.11,71.8979762252763
97.12,71.8979762252763
97.13,71.8979762252763
97.14,71.8979762252763
97.15,71.8979762252763
97.16,71.8979762252763
97.17,71.8979762252763
97.18,71.8979762252763
97.19,71.8979762252763
97.2,71.8979762252763
97.21,71.8979762252763
97.22,71.8979762252763
97.23,71.8979762252763
97.24,71.8979762252763
97.25,71.8979762252763
97.26,71.8979762252763
97.27,71.8979762252763
97.28,71.8979762252763
97.29,71.8979762252763
97.3,71.8979762252763
97.31,71.8979762252763
97.32,71.8979762252763
97.33,71.8979762252763
97.34,71.8979762252763
97.35,71.8979762252763
97.36,71.8979762252763
97.37,71.8979762252763
97.38,71.8979762252763
97.39,71.8979762252763
97.4,71.8979762252763
97.41,71.8979762252763
97.42,71.8979762252763
97.43,71.8979762252763
97.44,71.8979762252763
97.45,71.8979762252763
97.46,71.8979762252763
97.47,71.8979762252763
97.48,71.8979762252763
97.49,71.8979762252763
97.5,71.8979762252763
97.51,71.8979762252763
97.52,71.8979762252763
97.53,71.8979762252763
97.54,71.8979762252763
97.55,71.8979762252763
97.56,71.8979762252763
97.57,71.8979762252763
97.58,71.8979762252763
97.59,71.8979762252763
97.6,71.8979762252763
97.61,71.8979762252763
97.62,71.8979762252763
97.63,71.8979762252763
97.64,71.8979762252763
97.65,71.8979762252763
97.66,71.8979762252763
97.67,71.8979762252763
97.68,71.8979762252763
97.69,71.8979762252763
97.7,71.8979762252763
97.71,71.8979762252763
97.72,71.8979762252763
97.73,71.8979762252763
97.74,71.8979762252763
97.75,71.8979762252763
97.76,71.8979762252763
97.77,71.8979762252763
97.78,71.8979762252763
97.79,71.8979762252763
97.8,71.8979762252763
97.81,71.8979762252763
97.82,71.8979762252763
97.83,71.8979762252763
97.84,71.8979762252763
97.85,71.8979762252763
97.86,71.8979762252763
97.87,71.8979762252763
97.88,71.8979762252763
97.89,71.8979762252763
97.9,34.2898849972634
97.91,34.2898849972634
97.92,34.2898849972634
97.93,34.2898849972634
97.94,34.2898849972634
97.95,34.2898849972634
97.96,34.2898849972634
97.97,34.2898849972634
97.98,34.2898849972634
97.99,34.2898849972634
98,34.2898849972634
98.01,34.2898849972634
98.02,34.2898849972634
98.03,34.2898849972634
98.04,34.2898849972634
98.05,34.2898849972634
98.06,34.2898849972634
98.07,34.2898849972634
98.08,34.2898849972634
98.09,34.2898849972634
98.1,34.2898849972634
98.11,34.2898849972634
98.12,34.2898849972634
98.13,34.2898849972634
98.14,34.2898849972634
98.15,34.2898849972634
98.16,34.2898849972634
98.17,34.2898849972634
98.18,34.2898849972634
98.19,34.2898849972634
98.2,34.2898849972634
98.21,34.2898849972634
98.22,34.2898849972634
98.23,34.2898849972634
98.24,34.2898849972634
98.25,34.2898849972634
98.26,34.2898849972634
98.27,34.2898849972634
98.28,34.2898849972634
98.29,34.2898849972634
98.3,34.2898849972634
98.31,34.2898849972634
98.32,34.2898849972634
98.33,34.2898849972634
98.34,34.2898849972634
98.35,34.2898849972634
98.36,34.2898849972634
98.37,34.2898849972634
98.38,34.2898849972634
98.39,34.2898849972634
98.4,34.2898849972634
98.41,34.2898849972634
98.42,34.2898849972634
98.43,34.2898849972634
98.44,34.2898849972634
98.45,34.2898849972634
98.46,34.2898849972634
98.47,34.2898849972634
98.48,34.2898849972634
98.49,34.2898849972634
98.5,34.2898849972634
98.51,34.2898849972634
98.52,34.2898849972634
98.53,34.2898849972634
98.54,34.2898849972634
98.55,34.2898849972634
98.56,34.2898849972634
98.57,34.2898849972634
98.58,34.2898849972634
98.59,34.2898849972634
98.6,34.2898849972634
98.61,34.2898849972634
98.62,34.2898849972634
98.63,34.2898849972634
98.64,34.2898849972634
98.65,34.2898849972634
98.66,34.2898849972634
98.67,34.2898849972634
98.68,34.2898849972634
98.69,34.2898849972634
98.7,34.2898849972634
98.71,34.2898849972634
98.72,34.2898849972634
98.73,34.2898849972634
98.74,34.2898849972634
98.75,34.2898849972634
98.76,34.2898849972634
98.77,34.2898849972634
98.78,34.2898849972634
98.79,34.2898849972634
98.8,34.2898849972634
98.81,34.2898849972634
98.82,34.2898849972634
98.83,34.2898849972634
98.84,34.2898849972634
98.85,34.2898849972634
98.86,34.2898849972634
98.87,34.2898849972634
98.88,34.2898849972634
98.89,34.2898849972634
98.9,34.2898849972634
98.91,34.2898849972634
98.92,34.2898849972634
98.93,34.2898849972634
98.94,34.2898849972634
98.95,34.2898849972634
98.96,34.2898849972634
98.97,34.2898849972634
98.98,34.2898849972634
98.99,34.2898849972634
99,34.2898849972634
99.01,34.2898849972634
99.02,34.2898849972634
99.03,34.2898849972634
99.04,34.2898849972634
99.05,34.2898849972634
99.06,34.2898849972634
99.07,34.2898849972634
99.08,34.2898849972634
99.09,34.2898849972634
99.1,34.2898849972634
99.11,34.2898849972634
99.12,34.2898849972634
99.13,34.2898849972634
99.14,34.2898849972634
99.15,34.2898849972634
99.16,34.2898849972634
99.17,34.2898849972634
99.18,34.2898849972634
99.19,34.2898849972634
99.2,34.2898849972634
99.21,34.2898849972634
99.22,34.2898849972634
99.23,34.2898849972634
99.24,34.2898849972634
99.25,34.2898849972634
99.26,34.2898849972634
99.27,34.2898849972634
99.28,34.2898849972634
99.29,34.2898849972634
99.3,34.2898849972634
99.31,34.2898849972634
99.32,34.2898849972634
99.33,34.2898849972634
99.34,34.2898849972634
99.35,34.2898849972634
99.36,34.2898849972634
99.37,34.2898849972634
99.38,34.2898849972634
99.39,34.2898849972634
99.4,34.2898849972634
99.41,34.2898849972634
99.42,34.2898849972634
99.43,34.2898849972634
99.44,34.2898849972634
99.45,34.2898849972634
99.46,34.2898849972634
99.47,34.2898849972634
99.48,34.2898849972634
99.49,34.2898849972634
99.5,34.2898849972634
99.51,34.2898849972634
99.52,34.2898849972634
99.53,34.2898849972634
99.54,34.2898849972634
99.55,34.2898849972634
99.56,34.2898849972634
99.57,34.2898849972634
99.58,34.2898849972634
99.59,34.2898849972634
99.6,34.2898849972634
99.61,34.2898849972634
99.62,34.2898849972634
99.63,34.2898849972634
99.64,34.2898849972634
99.65,34.2898849972634
99.66,34.2898849972634
99.67,34.2898849972634
99.68,34.2898849972634
99.69,34.2898849972634
99.7,34.2898849972634
99.71,34.2898849972634
99.72,34.2898849972634
99.73,34.2898849972634
99.74,34.2898849972634
99.75,34.2898849972634
99.76,34.2898849972634
99.77,34.2898849972634
99.78,34.2898849972634
99.79,34.2898849972634
99.8,34.2898849972634
99.81,34.2898849972634
99.82,34.2898849972634
99.83,34.2898849972634
99.84,34.2898849972634
99.85,34.2898849972634
99.86,34.2898849972634
99.87,34.2898849972634
99.88,34.2898849972634
99.89,34.2898849972634
99.9,34.2898849972634
99.91,34.2898849972634
99.92,34.2898849972634
99.93,34.2898849972634
99.94,34.2898849972634
99.95,34.2898849972634
99.96,34.2898849972634
99.97,34.2898849972634
99.98,34.2898849972634
99.99,34.2898849972634
100,34.2898849972634
100.01,34.2898849972634
100.02,34.2898849972634
100.03,34.2898849972634
100.04,34.2898849972634
100.05,34.2898849972634
100.06,34.2898849972634
100.07,34.2898849972634
100.08,34.2898849972634
100.09,34.2898849972634
100.1,34.2898849972634
100.11,34.2898849972634
100.12,34.2898849972634
100.13,34.2898849972634
100.14,34.2898849972634
100.15,34.2898849972634
100.16,34.2898849972634
100.17,34.2898849972634
100.18,34.2898849972634
100.19,34.2898849972634
100.2,34.2898849972634
100.21,34.2898849972634
100.22,34.2898849972634
100.23,34.2898849972634
100.24,34.2898849972634
100.25,34.2898849972634
100.26,34.2898849972634
100.27,34.2898849972634
100.28,34.2898849972634
100.29,34.2898849972634
100.3,34.2898849972634
100.31,1.66374768673731
100.32,1.66374768673731
100.33,1.66374768673731
100.34,1.66374768673731
100.35,1.66374768673731
100.36,1.66374768673731
100.37,1.66374768673731
100.38,1.66374768673731
100.39,1.66374768673731
100.4,1.66374768673731
100.41,1.66374768673731
100.42,1.66374768673731
100.43,1.66374768673731
100.44,1.66374768673731
100.45,1.66374768673731
100.46,1.66374768673731
100.47,1.66374768673731
100.48,1.66374768673731
100.49,1.66374768673731
100.5,1.66374768673731
100.51,1.66374768673731
100.52,1.66374768673731
100.53,1.66374768673731
100.54,1.66374768673731
100.55,1.66374768673731
100.56,1.66374768673731
100.57,1.66374768673731
100.58,1.66374768673731
100.59,1.66374768673731
100.6,1.66374768673731
100.61,1.66374768673731
100.62,1.66374768673731
100.63,1.66374768673731
100.64,1.66374768673731
100.65,1.66374768673731
100.66,1.66374768673731
100.67,1.66374768673731
100.68,1.66374768673731
100.69,1.66374768673731
100.7,1.66374768673731
100.71,1.66374768673731
100.72,1.66374768673731
100.73,1.66374768673731
100.74,1.66374768673731
100.75,1.66374768673731
100.76,1.66374768673731
100.77,1.66374768673731
100.78,1.66374768673731
100.79,1.66374768673731
100.8,1.66374768673731
100.81,1.66374768673731
100.82,1.66374768673731
100.83,1.66374768673731
100.84,1.66374768673731
100.85,1.66374768673731
100.86,1.66374768673731
100.87,1.66374768673731
100.88,1.66374768673731
100.89,1.66374768673731
100.9,1.66374768673731
100.91,1.66374768673731
100.92,1.66374768673731
100.93,1.66374768673731
100.94,1.66374768673731
100.95,1.66374768673731
100.96,1.66374768673731
100.97,1.66374768673731
100.98,1.66374768673731
100.99,1.66374768673731
101,1.66374768673731
101.01,1.66374768673731
101.02,1.66374768673731
101.03,1.66374768673731
101.04,1.66374768673731
101.05,1.66374768673731
101.06,1.66374768673731
101.07,1.66374768673731
101.08,1.66374768673731
101.09,1.66374768673731
101.1,1.66374768673731
101.11,1.66374768673731
101.12,1.66374768673731
101.13,1.66374768673731
101.14,1.66374768673731
101.15,1.66374768673731
101.16,1.66374768673731
101.17,1.66374768673731
101.18,1.66374768673731
101.19,1.66374768673731
101.2,1.66374768673731
101.21,1.66374768673731
101.22,1.66374768673731
101.23,1.66374768673731
101.24,1.66374768673731
101.25,1.66374768673731
101.26,1.66374768673731
101.27,1.66374768673731
101.28,1.66374768673731
101.29,1.66374768673731
101.3,1.66374768673731
101.31,1.66374768673731
101.32,1.66374768673731
101.33,1.66374768673731
101.34,1.66374768673731
101.35,1.66374768673731
101.36,1.66374768673731
101.37,1.66374768673731
101.38,1.66374768673731
101.39,1.66374768673731
101.4,1.66374768673731
101.41,1.66374768673731
101.42,1.66374768673731
101.43,1.66374768673731
101.44,1.66374768673731
101.45,1.66374768673731
101.46,1.66374768673731
101.47,1.66374768673731
101.48,1.66374768673731
101.49,1.66374768673731
101.5,1.66374768673731
101.51,1.66374768673731
101.52,1.66374768673731
101.53,1.66374768673731
101.54,1.66374768673731
101.55,1.66374768673731
101.56,1.66374768673731
101.57,1.66374768673731
101.58,1.66374768673731
101.59,1.66374768673731
101.6,1.66374768673731
101.61,1.66374768673731
101.62,1.66374768673731
101.63,1.66374768673731
101.64,1.66374768673731
101.65,1.66374768673731
101.66,1.66374768673731
101.67,1.66374768673731
101.68,1.66374768673731
101.69,1.66374768673731
101.7,1.66374768673731
101.71,1.66374768673731
101.72,1.66374768673731
101.73,1.66374768673731
101.74,1.66374768673731
101.75,1.66374768673731
101.76,1.66374768673731
101.77,1.66374768673731
101.78,1.66374768673731
101.79,1.66374768673731
101.8,1.66374768673731
101.81,1.66374768673731
101.82,1.66374768673731
101.83,1.66374768673731
101.84,1.66374768673731
101.85,1.66374768673731
101.86,1.66374768673731
101.87,1.66374768673731
101.88,1.66374768673731
101.89,1.66374768673731
101.9,1.66374768673731
101.91,1.66374768673731
101.92,1.66374768673731
101.93,1.66374768673731
101.94,1.66374768673731
101.95,1.66374768673731
101.96,1.66374768673731
101.97,1.66374768673731
101.98,1.66374768673731
101.99,1.66374768673731
102,1.66374768673731
102.01,1.66374768673731
102.02,1.66374768673731
102.03,1.66374768673731
102.04,1.66374768673731
102.05,1.66374768673731
102.06,1.66374768673731
102.07,1.66374768673731
102.08,1.66374768673731
102.09,1.66374768673731
102.1,1.66374768673731
102.11,1.66374768673731
102.12,1.66374768673731
102.13,1.66374768673731
102.14,1.66374768673731
102.15,1.66374768673731
102.16,1.66374768673731
102.17,1.66374768673731
102.18,1.66374768673731
102.19,1.66374768673731
102.2,1.66374768673731
102.21,1.66374768673731
102.22,1.66374768673731
102.23,1.66374768673731
102.24,1.66374768673731
102.25,1.66374768673731
102.26,1.66374768673731
102.27,1.66374768673731
102.28,1.66374768673731
102.29,1.66374768673731
102.3,1.66374768673731
102.31,1.66374768673731
102.32,1.66374768673731
102.33,1.66374768673731
102.34,1.66374768673731
102.35,1.66374768673731
102.36,1.66374768673731
102.37,1.66374768673731
102.38,1.66374768673731
102.39,1.66374768673731
102.4,1.66374768673731
102.41,1.66374768673731
102.42,1.66374768673731
102.43,1.66374768673731
102.44,1.66374768673731
102.45,1.66374768673731
102.46,1.66374768673731
102.47,1.66374768673731
102.48,1.66374768673731
102.49,1.66374768673731
102.5,1.66374768673731
102.51,1.66374768673731
102.52,1.66374768673731
102.53,1.66374768673731
102.54,1.66374768673731
102.55,1.66374768673731
102.56,1.66374768673731
102.57,1.66374768673731
102.58,1.66374768673731
102.59,1.66374768673731
102.6,1.66374768673731
102.61,1.66374768673731
102.62,1.66374768673731
102.63,1.66374768673731
102.64,1.66374768673731
102.65,1.66374768673731
102.66,1.66374768673731
102.67,1.66374768673731
102.68,1.66374768673731
102.69,1.66374768673731
102.7,1.66374768673731
102.71,1.66374768673731
102.72,1.66374768673731
102.73,1.66374768673731
102.74,1.66374768673731
102.75,1.66374768673731
102.76,1.66374768673731
102.77,1.66374768673731
102.78,1.66374768673731
102.79,1.66374768673731
102.8,1.66374768673731
102.81,1.66374768673731
102.82,1.66374768673731
102.83,1.66374768673731
102.84,1.66374768673731
102.85,1.66374768673731
102.86,1.66374768673731
102.87,1.66374768673731
102.88,1.66374768673731
102.89,1.66374768673731
102.9,1.66374768673731
102.91,1.66374768673731
102.92,1.66374768673731
102.93,1.66374768673731
102.94,1.66374768673731
102.95,1.66374768673731
102.96,1.66374768673731
102.97,1.66374768673731
102.98,1.66374768673731
102.99,1.66374768673731
103,1.66374768673731
103.01,1.66374768673731
103.02,1.66374768673731
103.03,1.66374768673731
103.04,1.66374768673731
103.05,1.66374768673731
103.06,1.66374768673731
103.07,1.66374768673731
103.08,1.66374768673731
103.09,1.66374768673731
103.1,1.66374768673731
103.11,1.66374768673731
103.12,1.66374768673731
103.13,1.66374768673731
103.14,1.66374768673731
103.15,1.66374768673731
103.16,1.66374768673731
103.17,1.66374768673731
103.18,1.66374768673731
103.19,1.66374768673731
103.2,1.66374768673731
103.21,1.66374768673731
103.22,1.66374768673731
103.23,1.66374768673731
103.24,1.66374768673731
103.25,1.66374768673731
103.26,1.66374768673731
103.27,1.66374768673731
103.28,1.66374768673731
103.29,1.66374768673731
103.3,1.66374768673731
103.31,1.66374768673731
103.32,1.66374768673731
103.33,1.66374768673731
103.34,1.66374768673731
103.35,1.66374768673731
103.36,1.66374768673731
103.37,1.66374768673731
103.38,1.66374768673731
103.39,1.66374768673731
103.4,1.66374768673731
103.41,1.66374768673731
103.42,1.66374768673731
103.43,1.66374768673731
103.44,1.66374768673731
103.45,1.66374768673731
103.46,1.66374768673731
103.47,1.66374768673731
103.48,1.66374768673731
103.49,1.66374768673731
103.5,1.66374768673731
103.51,1.66374768673731
103.52,1.66374768673731
103.53,1.66374768673731
103.54,1.66374768673731
103.55,28.6922505631145
103.56,28.6922505631145
103.57,28.6922505631145
103.58,28.6922505631145
103.59,28.6922505631145
103.6,28.6922505631145
103.61,28.6922505631145
103.62,28.6922505631145
103.63,28.6922505631145
103.64,28.6922505631145
103.65,28.6922505631145
103.66,28.6922505631145
103.67,28.6922505631145
103.68,28.6922505631145
103.69,28.6922505631145
103.7,28.6922505631145
103.71,28.6922505631145
103.72,28.6922505631145
103.73,28.6922505631145
103.74,28.6922505631145
103.75,28.6922505631145
103.76,28.6922505631145
103.77,28.6922505631145
103.78,28.6922505631145
103.79,28.6922505631145
103.8,28.6922505631145
103.81,28.6922505631145
103.82,28.6922505631145
103.83,28.6922505631145
103.84,28.6922505631145
103.85,28.6922505631145
103.86,28.6922505631145
103.87,28.6922505631145
103.88,28.6922505631145
103.89,28.6922505631145
103.9,28.6922505631145
103.91,28.6922505631145
103.92,28.6922505631145
103.93,28.6922505631145
103.94,28.6922505631145
103.95,28.6922505631145
103.96,28.6922505631145
103.97,28.6922505631145
103.98,28.6922505631145
103.99,28.6922505631145
104,28.6922505631145
104.01,28.6922505631145
104.02,28.6922505631145
104.03,28.6922505631145
104.04,28.6922505631145
104.05,28.6922505631145
104.06,28.6922505631145
104.07,28.6922505631145
104.08,28.6922505631145
104.09,28.6922505631145
104.1,28.6922505631145
104.11,28.6922505631145
104.12,28.6922505631145
104.13,28.6922505631145
104.14,28.6922505631145
104.15,28.6922505631145
104.16,28.6922505631145
104.17,28.6922505631145
104.18,28.6922505631145
104.19,28.6922505631145
104.2,28.6922505631145
104.21,28.6922505631145
104.22,28.6922505631145
104.23,28.6922505631145
104.24,28.6922505631145
104.25,28.6922505631145
104.26,28.6922505631145
104.27,28.6922505631145
104.28,28.6922505631145
104.29,28.6922505631145
104.3,28.6922505631145
104.31,28.6922505631145
104.32,28.6922505631145
104.33,28.6922505631145
104.34,28.6922505631145
104.35,28.6922505631145
104.36,28.6922505631145
104.37,28.6922505631145
104.38,28.6922505631145
104.39,28.6922505631145
104.4,28.6922505631145
104.41,28.6922505631145
104.42,28.6922505631145
104.43,28.6922505631145
104.44,28.6922505631145
104.45,28.6922505631145
104.46,28.6922505631145
104.47,28.6922505631145
104.48,28.6922505631145
104.49,28.6922505631145
104.5,28.6922505631145
104.51,28.6922505631145
104.52,28.6922505631145
104.53,28.6922505631145
104.54,28.6922505631145
104.55,28.6922505631145
104.56,28.6922505631145
104.57,28.6922505631145
104.58,28.6922505631145
104.59,28.6922505631145
104.6,28.6922505631145
104.61,28.6922505631145
104.62,28.6922505631145
104.63,28.6922505631145
104.64,28.6922505631145
104.65,28.6922505631145
104.66,28.6922505631145
104.67,28.6922505631145
104.68,28.6922505631145
104.69,28.6922505631145
104.7,28.6922505631145
104.71,28.6922505631145
104.72,28.6922505631145
104.73,28.6922505631145
104.74,28.6922505631145
104.75,28.6922505631145
104.76,28.6922505631145
104.77,28.6922505631145
104.78,28.6922505631145
104.79,28.6922505631145
104.8,28.6922505631145
104.81,28.6922505631145
104.82,28.6922505631145
104.83,28.6922505631145
104.84,28.6922505631145
104.85,28.6922505631145
104.86,28.6922505631145
104.87,28.6922505631145
104.88,28.6922505631145
104.89,28.6922505631145
104.9,28.6922505631145
104.91,28.6922505631145
104.92,28.6922505631145
104.93,28.6922505631145
104.94,28.6922505631145
104.95,28.6922505631145
104.96,28.6922505631145
104.97,28.6922505631145
104.98,28.6922505631145
104.99,28.6922505631145
105,28.6922505631145
105.01,28.6922505631145
105.02,28.6922505631145
105.03,28.6922505631145
105.04,28.6922505631145
105.05,28.6922505631145
105.06,28.6922505631145
105.07,28.6922505631145
105.08,28.6922505631145
105.09,28.6922505631145
105.1,28.6922505631145
105.11,28.6922505631145
105.12,28.6922505631145
105.13,28.6922505631145
105.14,28.6922505631145
105.15,28.6922505631145
105.16,28.6922505631145
105.17,28.6922505631145
105.18,28.6922505631145
105.19,28.6922505631145
105.2,28.6922505631145
105.21,28.6922505631145
105.22,28.6922505631145
105.23,28.6922505631145
105.24,28.6922505631145
105.25,28.6922505631145
105.26,28.6922505631145
105.27,28.6922505631145
105.28,28.6922505631145
105.29,28.6922505631145
105.3,28.6922505631145
105.31,28.6922505631145
105.32,28.6922505631145
105.33,28.6922505631145
105.34,28.6922505631145
105.35,28.6922505631145
105.36,28.6922505631145
105.37,28.6922505631145
105.38,28.6922505631145
105.39,28.6922505631145
105.4,28.6922505631145
105.41,28.6922505631145
105.42,28.6922505631145
105.43,28.6922505631145
105.44,28.6922505631145
105.45,28.6922505631145
105.46,28.6922505631145
105.47,28.6922505631145
105.48,28.6922505631145
105.49,28.6922505631145
105.5,28.6922505631145
105.51,28.6922505631145
105.52,28.6922505631145
105.53,28.6922505631145
105.54,28.6922505631145
105.55,28.6922505631145
105.56,28.6922505631145
105.57,28.6922505631145
105.58,28.6922505631145
105.59,28.6922505631145
105.6,28.6922505631145
105.61,28.6922505631145
105.62,100.488359760529
105.63,100.488359760529
105.64,100.488359760529
105.65,100.488359760529
105.66,100.488359760529
105.67,100.488359760529
105.68,100.488359760529
105.69,100.488359760529
105.7,100.488359760529
105.71,100.488359760529
105.72,100.488359760529
105.73,100.488359760529
105.74,100.488359760529
105.75,100.488359760529
105.76,100.488359760529
105.77,100.488359760529
105.78,100.488359760529
105.79,100.488359760529
105.8,100.488359760529
105.81,100.488359760529
105.82,100.488359760529
105.83,100.488359760529
105.84,100.488359760529
105.85,100.488359760529
105.86,100.488359760529
105.87,100.488359760529
105.88,100.488359760529
105.89,100.488359760529
105.9,100.488359760529
105.91,100.488359760529
105.92,100.488359760529
105.93,100.488359760529
105.94,100.488359760529
105.95,100.488359760529
105.96,100.488359760529
105.97,100.488359760529
105.98,100.488359760529
105.99,100.488359760529
106,100.488359760529
106.01,100.488359760529
106.02,100.488359760529
106.03,100.488359760529
106.04,100.488359760529
106.05,100.488359760529
106.06,100.488359760529
106.07,100.488359760529
106.08,100.488359760529
106.09,100.488359760529
106.1,100.488359760529
106.11,100.488359760529
106.12,100.488359760529
106.13,100.488359760529
106.14,100.488359760529
106.15,100.488359760529
106.16,100.488359760529
106.17,100.488359760529
106.18,100.488359760529
106.19,100.488359760529
106.2,100.488359760529
106.21,100.488359760529
106.22,100.488359760529
106.23,100.488359760529
106.24,100.488359760529
106.25,100.488359760529
106.26,100.488359760529
106.27,100.488359760529
106.28,100.488359760529
106.29,100.488359760529
106.3,100.488359760529
106.31,100.488359760529
106.32,100.488359760529
106.33,100.488359760529
106.34,100.488359760529
106.35,100.488359760529
106.36,100.488359760529
106.37,100.488359760529
106.38,100.488359760529
106.39,100.488359760529
106.4,100.488359760529
106.41,100.488359760529
106.42,100.488359760529
106.43,100.488359760529
106.44,100.488359760529
106.45,100.488359760529
106.46,100.488359760529
106.47,100.488359760529
106.48,100.488359760529
106.49,100.488359760529
106.5,100.488359760529
106.51,100.488359760529
106.52,100.488359760529
106.53,100.488359760529
106.54,100.488359760529
106.55,100.488359760529
106.56,100.488359760529
106.57,100.488359760529
106.58,100.488359760529
106.59,100.488359760529
106.6,100.488359760529
106.61,100.488359760529
106.62,100.488359760529
106.63,100.488359760529
106.64,100.488359760529
106.65,100.488359760529
106.66,100.488359760529
106.67,100.488359760529
106.68,100.488359760529
106.69,100.488359760529
106.7,100.488359760529
106.71,100.488359760529
106.72,100.488359760529
106.73,100.488359760529
106.74,100.488359760529
106.75,100.488359760529
106.76,100.488359760529
106.77,100.488359760529
106.78,100.488359760529
106.79,100.488359760529
106.8,100.488359760529
106.81,100.488359760529
106.82,100.488359760529
106.83,100.488359760529
106.84,100.488359760529
106.85,100.488359760529
106.86,100.488359760529
106.87,100.488359760529
106.88,100.488359760529
106.89,100.488359760529
106.9,100.488359760529
106.91,100.488359760529
106.92,100.488359760529
106.93,100.488359760529
106.94,100.488359760529
106.95,100.488359760529
106.96,100.488359760529
106.97,100.488359760529
106.98,100.488359760529
106.99,100.488359760529
107,100.488359760529
107.01,100.488359760529
107.02,100.488359760529
107.03,100.488359760529
107.04,100.488359760529
107.05,100.488359760529
107.06,100.488359760529
107.07,100.488359760529
107.08,100.488359760529
107.09,100.488359760529
107.1,100.488359760529
107.11,100.488359760529
107.12,100.488359760529
107.13,100.488359760529
107.14,100.488359760529
107.15,100.488359760529
107.16,100.488359760529
107.17,100.488359760529
107.18,100.488359760529
107.19,100.488359760529
107.2,100.488359760529
107.21,100.488359760529
107.22,100.488359760529
107.23,100.488359760529
107.24,100.488359760529
107.25,100.488359760529
107.26,100.488359760529
107.27,100.488359760529
107.28,100.488359760529
107.29,100.488359760529
107.3,100.488359760529
107.31,100.488359760529
107.32,100.488359760529
107.33,100.488359760529
107.34,100.488359760529
107.35,100.488359760529
107.36,100.488359760529
107.37,100.488359760529
107.38,100.488359760529
107.39,100.488359760529
107.4,100.488359760529
107.41,100.488359760529
107.42,100.488359760529
107.43,100.488359760529
107.44,100.488359760529
107.45,100.488359760529
107.46,100.488359760529
107.47,100.488359760529
107.48,100.488359760529
107.49,100.488359760529
107.5,100.488359760529
107.51,100.488359760529
107.52,100.488359760529
107.53,100.488359760529
107.54,100.488359760529
107.55,100.488359760529
107.56,100.488359760529
107.57,100.488359760529
107.58,100.488359760529
107.59,100.488359760529
107.6,100.488359760529
107.61,100.488359760529
107.62,100.488359760529
107.63,100.488359760529
107.64,100.488359760529
107.65,100.488359760529
107.66,100.488359760529
107.67,100.488359760529
107.68,100.488359760529
107.69,100.488359760529
107.7,100.488359760529
107.71,100.488359760529
107.72,100.488359760529
107.73,100.488359760529
107.74,100.488359760529
107.75,100.488359760529
107.76,100.488359760529
107.77,100.488359760529
107.78,100.488359760529
107.79,100.488359760529
107.8,100.488359760529
107.81,100.488359760529
107.82,100.488359760529
107.83,100.488359760529
107.84,100.488359760529
107.85,55.4790908954077
107.86,55.4790908954077
107.87,55.4790908954077
107.88,55.4790908954077
107.89,55.4790908954077
107.9,55.4790908954077
107.91,55.4790908954077
107.92,55.4790908954077
107.93,55.4790908954077
107.94,55.4790908954077
107.95,55.4790908954077
107.96,55.4790908954077
107.97,55.4790908954077
107.98,55.4790908954077
107.99,55.4790908954077
108,55.4790908954077
108.01,55.4790908954077
108.02,55.4790908954077
108.03,55.4790908954077
108.04,55.4790908954077
108.05,55.4790908954077
108.06,55.4790908954077
108.07,55.4790908954077
108.08,55.4790908954077
108.09,55.4790908954077
108.1,55.4790908954077
108.11,55.4790908954077
108.12,55.4790908954077
108.13,55.4790908954077
108.14,55.4790908954077
108.15,55.4790908954077
108.16,55.4790908954077
108.17,55.4790908954077
108.18,55.4790908954077
108.19,55.4790908954077
108.2,55.4790908954077
108.21,55.4790908954077
108.22,55.4790908954077
108.23,55.4790908954077
108.24,55.4790908954077
108.25,55.4790908954077
108.26,55.4790908954077
108.27,55.4790908954077
108.28,55.4790908954077
108.29,55.4790908954077
108.3,55.4790908954077
108.31,55.4790908954077
108.32,55.4790908954077
108.33,55.4790908954077
108.34,55.4790908954077
108.35,55.4790908954077
108.36,55.4790908954077
108.37,55.4790908954077
108.38,55.4790908954077
108.39,55.4790908954077
108.4,55.4790908954077
108.41,55.4790908954077
108.42,55.4790908954077
108.43,55.4790908954077
108.44,55.4790908954077
108.45,55.4790908954077
108.46,55.4790908954077
108.47,55.4790908954077
108.48,55.4790908954077
108.49,55.4790908954077
108.5,55.4790908954077
108.51,55.4790908954077
108.52,55.4790908954077
108.53,55.4790908954077
108.54,55.4790908954077
108.55,55.4790908954077
108.56,55.4790908954077
108.57,55.4790908954077
108.58,55.4790908954077
108.59,55.4790908954077
108.6,55.4790908954077
108.61,55.4790908954077
108.62,55.4790908954077
108.63,55.4790908954077
108.64,55.4790908954077
108.65,55.4790908954077
108.66,55.4790908954077
108.67,55.4790908954077
108.68,55.4790908954077
108.69,55.4790908954077
108.7,55.4790908954077
108.71,55.4790908954077
108.72,55.4790908954077
108.73,55.4790908954077
108.74,55.4790908954077
108.75,55.4790908954077
108.76,55.4790908954077
108.77,55.4790908954077
108.78,55.4790908954077
108.79,55.4790908954077
108.8,55.4790908954077
108.81,55.4790908954077
108.82,55.4790908954077
108.83,55.4790908954077
108.84,55.4790908954077
108.85,55.4790908954077
108.86,55.4790908954077
108.87,55.4790908954077
108.88,55.4790908954077
108.89,55.4790908954077
108.9,55.4790908954077
108.91,55.4790908954077
108.92,55.4790908954077
108.93,55.4790908954077
108.94,55.4790908954077
108.95,55.4790908954077
108.96,55.4790908954077
108.97,55.4790908954077
108.98,55.4790908954077
108.99,55.4790908954077
109,55.4790908954077
109.01,55.4790908954077
109.02,55.4790908954077
109.03,55.4790908954077
109.04,55.4790908954077
109.05,55.4790908954077
109.06,55.4790908954077
109.07,55.4790908954077
109.08,55.4790908954077
109.09,55.4790908954077
109.1,55.4790908954077
109.11,55.4790908954077
109.12,55.4790908954077
109.13,55.4790908954077
109.14,55.4790908954077
109.15,55.4790908954077
109.16,55.4790908954077
109.17,55.4790908954077
109.18,55.4790908954077
109.19,55.4790908954077
109.2,55.4790908954077
109.21,55.4790908954077
109.22,55.4790908954077
109.23,55.4790908954077
109.24,55.4790908954077
109.25,55.4790908954077
109.26,55.4790908954077
109.27,55.4790908954077
109.28,55.4790908954077
109.29,55.4790908954077
109.3,55.4790908954077
109.31,55.4790908954077
109.32,55.4790908954077
109.33,55.4790908954077
109.34,55.4790908954077
109.35,55.4790908954077
109.36,55.4790908954077
109.37,55.4790908954077
109.38,55.4790908954077
109.39,55.4790908954077
109.4,55.4790908954077
109.41,55.4790908954077
109.42,55.4790908954077
109.43,55.4790908954077
109.44,55.4790908954077
109.45,55.4790908954077
109.46,55.4790908954077
109.47,55.4790908954077
109.48,55.4790908954077
109.49,55.4790908954077
109.5,55.4790908954077
109.51,55.4790908954077
109.52,55.4790908954077
109.53,55.4790908954077
109.54,55.4790908954077
109.55,55.4790908954077
109.56,55.4790908954077
109.57,55.4790908954077
109.58,55.4790908954077
109.59,55.4790908954077
109.6,55.4790908954077
109.61,55.4790908954077
109.62,55.4790908954077
109.63,55.4790908954077
109.64,55.4790908954077
109.65,55.4790908954077
109.66,55.4790908954077
109.67,55.4790908954077
109.68,55.4790908954077
109.69,55.4790908954077
109.7,55.4790908954077
109.71,55.4790908954077
109.72,55.4790908954077
109.73,55.4790908954077
109.74,55.4790908954077
109.75,55.4790908954077
109.76,55.4790908954077
109.77,55.4790908954077
109.78,55.4790908954077
109.79,55.4790908954077
109.8,55.4790908954077
109.81,55.4790908954077
109.82,55.4790908954077
109.83,55.4790908954077
109.84,55.4790908954077
109.85,55.4790908954077
109.86,55.4790908954077
109.87,55.4790908954077
109.88,55.4790908954077
109.89,55.4790908954077
109.9,55.4790908954077
109.91,55.4790908954077
109.92,55.4790908954077
109.93,55.4790908954077
109.94,55.4790908954077
109.95,55.4790908954077
109.96,55.4790908954077
109.97,55.4790908954077
109.98,55.4790908954077
109.99,55.4790908954077
110,55.4790908954077
110.01,55.4790908954077
110.02,55.4790908954077
110.03,55.4790908954077
110.04,55.4790908954077
110.05,55.4790908954077
110.06,55.4790908954077
110.07,55.4790908954077
110.08,55.4790908954077
110.09,55.4790908954077
110.1,55.4790908954077
110.11,55.4790908954077
110.12,55.4790908954077
110.13,55.4790908954077
110.14,55.4790908954077
110.15,55.4790908954077
110.16,55.4790908954077
110.17,55.4790908954077
110.18,55.4790908954077
110.19,55.4790908954077
110.2,55.4790908954077
110.21,55.4790908954077
110.22,55.4790908954077
110.23,55.4790908954077
110.24,55.4790908954077
110.25,55.4790908954077
110.26,55.4790908954077
110.27,55.4790908954077
110.28,55.4790908954077
110.29,55.4790908954077
110.3,55.4790908954077
110.31,55.4790908954077
110.32,55.4790908954077
110.33,102.821796341333
110.34,102.821796341333
110.35,102.821796341333
110.36,102.821796341333
110.37,102.821796341333
110.38,102.821796341333
110.39,102.821796341333
110.4,102.821796341333
110.41,102.821796341333
110.42,102.821796341333
110.43,102.821796341333
110.44,102.821796341333
110.45,102.821796341333
110.46,102.821796341333
110.47,102.821796341333
110.48,102.821796341333
110.49,102.821796341333
110.5,102.821796341333
110.51,102.821796341333
110.52,102.821796341333
110.53,102.821796341333
110.54,102.821796341333
110.55,102.821796341333
110.56,102.821796341333
110.57,102.821796341333
110.58,102.821796341333
110.59,102.821796341333
110.6,102.821796341333
110.61,102.821796341333
110.62,102.821796341333
110.63,102.821796341333
110.64,102.821796341333
110.65,102.821796341333
110.66,102.821796341333
110.67,102.821796341333
110.68,102.821796341333
110.69,102.821796341333
110.7,102.821796341333
110.71,102.821796341333
110.72,102.821796341333
110.73,102.821796341333
110.74,102.821796341333
110.75,102.821796341333
110.76,102.821796341333
110.77,102.821796341333
110.78,102.821796341333
110.79,102.821796341333
110.8,102.821796341333
110.81,102.821796341333
110.82,102.821796341333
110.83,102.821796341333
110.84,102.821796341333
110.85,102.821796341333
110.86,102.821796341333
110.87,102.821796341333
110.88,102.821796341333
110.89,102.821796341333
110.9,102.821796341333
110.91,102.821796341333
110.92,102.821796341333
110.93,102.821796341333
110.94,102.821796341333
110.95,102.821796341333
110.96,102.821796341333
110.97,102.821796341333
110.98,102.821796341333
110.99,102.821796341333
111,102.821796341333
111.01,102.821796341333
111.02,102.821796341333
111.03,102.821796341333
111.04,102.821796341333
111.05,102.821796341333
111.06,102.821796341333
111.07,102.821796341333
111.08,102.821796341333
111.09,102.821796341333
111.1,102.821796341333
111.11,102.821796341333
111.12,102.821796341333
111.13,102.821796341333
111.14,102.821796341333
111.15,102.821796341333
111.16,102.821796341333
111.17,102.821796341333
111.18,102.821796341333
111.19,102.821796341333
111.2,102.821796341333
111.21,102.821796341333
111.22,102.821796341333
111.23,102.821796341333
111.24,102.821796341333
111.25,102.821796341333
111.26,102.821796341333
111.27,102.821796341333
111.28,102.821796341333
111.29,102.821796341333
111.3,102.821796341333
111.31,102.821796341333
111.32,102.821796341333
111.33,102.821796341333
111.34,102.821796341333
111.35,102.821796341333
111.36,102.821796341333
111.37,102.821796341333
111.38,102.821796341333
111.39,102.821796341333
111.4,102.821796341333
111.41,102.821796341333
111.42,102.821796341333
111.43,102.821796341333
111.44,102.821796341333
111.45,102.821796341333
111.46,102.821796341333
111.47,102.821796341333
111.48,102.821796341333
111.49,102.821796341333
111.5,102.821796341333
111.51,102.821796341333
111.52,102.821796341333
111.53,102.821796341333
111.54,102.821796341333
111.55,102.821796341333
111.56,102.821796341333
111.57,102.821796341333
111.58,102.821796341333
111.59,102.821796341333
111.6,102.821796341333
111.61,102.821796341333
111.62,102.821796341333
111.63,102.821796341333
111.64,102.821796341333
111.65,102.821796341333
111.66,102.821796341333
111.67,102.821796341333
111.68,102.821796341333
111.69,102.821796341333
111.7,102.821796341333
111.71,102.821796341333
111.72,102.821796341333
111.73,102.821796341333
111.74,102.821796341333
111.75,102.821796341333
111.76,102.821796341333
111.77,102.821796341333
111.78,102.821796341333
111.79,102.821796341333
111.8,102.821796341333
111.81,102.821796341333
111.82,102.821796341333
111.83,102.821796341333
111.84,102.821796341333
111.85,102.821796341333
111.86,102.821796341333
111.87,102.821796341333
111.88,102.821796341333
111.89,102.821796341333
111.9,102.821796341333
111.91,102.821796341333
111.92,102.821796341333
111.93,102.821796341333
111.94,102.821796341333
111.95,102.821796341333
111.96,102.821796341333
111.97,102.821796341333
111.98,102.821796341333
111.99,102.821796341333
112,102.821796341333
112.01,102.821796341333
112.02,102.821796341333
112.03,102.821796341333
112.04,102.821796341333
112.05,102.821796341333
112.06,102.821796341333
112.07,102.821796341333
112.08,102.821796341333
112.09,102.821796341333
112.1,102.821796341333
112.11,102.821796341333
112.12,102.821796341333
112.13,102.821796341333
112.14,102.821796341333
112.15,102.821796341333
112.16,102.821796341333
112.17,102.821796341333
112.18,102.821796341333
112.19,102.821796341333
112.2,102.821796341333
112.21,102.821796341333
112.22,102.821796341333
112.23,102.821796341333
112.24,102.821796341333
112.25,102.821796341333
112.26,102.821796341333
112.27,102.821796341333
112.28,102.821796341333
112.29,102.821796341333
112.3,102.821796341333
112.31,102.821796341333
112.32,102.821796341333
112.33,102.821796341333
112.34,102.821796341333
112.35,102.821796341333
112.36,102.821796341333
112.37,102.821796341333
112.38,102.821796341333
112.39,102.821796341333
112.4,102.821796341333
112.41,102.821796341333
112.42,102.821796341333
112.43,102.821796341333
112.44,102.821796341333
112.45,102.821796341333
112.46,102.821796341333
112.47,102.821796341333
112.48,102.821796341333
112.49,102.821796341333
112.5,102.821796341333
112.51,102.821796341333
112.52,102.821796341333
112.53,102.821796341333
112.54,102.821796341333
112.55,102.821796341333
112.56,102.821796341333
112.57,102.821796341333
112.58,102.821796341333
112.59,102.821796341333
112.6,102.821796341333
112.61,102.821796341333
112.62,102.821796341333
112.63,102.821796341333
112.64,102.821796341333
112.65,102.821796341333
112.66,102.821796341333
112.67,102.821796341333
112.68,102.821796341333
112.69,102.821796341333
112.7,102.821796341333
112.71,102.821796341333
112.72,102.821796341333
112.73,102.821796341333
112.74,102.821796341333
112.75,102.821796341333
112.76,102.821796341333
112.77,102.821796341333
112.78,102.821796341333
112.79,102.821796341333
112.8,102.821796341333
112.81,102.821796341333
112.82,102.821796341333
112.83,102.821796341333
112.84,102.821796341333
112.85,102.821796341333
112.86,102.821796341333
112.87,102.821796341333
112.88,102.821796341333
112.89,102.821796341333
112.9,102.821796341333
112.91,102.821796341333
112.92,102.821796341333
112.93,102.821796341333
112.94,102.821796341333
112.95,102.821796341333
112.96,99.3817134132968
112.97,99.3817134132968
112.98,99.3817134132968
112.99,99.3817134132968
113,99.3817134132968
113.01,99.3817134132968
113.02,99.3817134132968
113.03,99.3817134132968
113.04,99.3817134132968
113.05,99.3817134132968
113.06,99.3817134132968
113.07,99.3817134132968
113.08,99.3817134132968
113.09,99.3817134132968
113.1,99.3817134132968
113.11,99.3817134132968
113.12,99.3817134132968
113.13,99.3817134132968
113.14,99.3817134132968
113.15,99.3817134132968
113.16,99.3817134132968
113.17,99.3817134132968
113.18,99.3817134132968
113.19,99.3817134132968
113.2,99.3817134132968
113.21,99.3817134132968
113.22,99.3817134132968
113.23,99.3817134132968
113.24,99.3817134132968
113.25,99.3817134132968
113.26,99.3817134132968
113.27,99.3817134132968
113.28,99.3817134132968
113.29,99.3817134132968
113.3,99.3817134132968
113.31,99.3817134132968
113.32,99.3817134132968
113.33,99.3817134132968
113.34,99.3817134132968
113.35,99.3817134132968
113.36,99.3817134132968
113.37,99.3817134132968
113.38,99.3817134132968
113.39,99.3817134132968
113.4,99.3817134132968
113.41,99.3817134132968
113.42,99.3817134132968
113.43,99.3817134132968
113.44,99.3817134132968
113.45,99.3817134132968
113.46,99.3817134132968
113.47,99.3817134132968
113.48,99.3817134132968
113.49,99.3817134132968
113.5,99.3817134132968
113.51,99.3817134132968
113.52,99.3817134132968
113.53,99.3817134132968
113.54,99.3817134132968
113.55,99.3817134132968
113.56,99.3817134132968
113.57,99.3817134132968
113.58,99.3817134132968
113.59,99.3817134132968
113.6,99.3817134132968
113.61,99.3817134132968
113.62,99.3817134132968
113.63,99.3817134132968
113.64,99.3817134132968
113.65,99.3817134132968
113.66,99.3817134132968
113.67,99.3817134132968
113.68,99.3817134132968
113.69,99.3817134132968
113.7,99.3817134132968
113.71,99.3817134132968
113.72,99.3817134132968
113.73,99.3817134132968
113.74,99.3817134132968
113.75,99.3817134132968
113.76,99.3817134132968
113.77,99.3817134132968
113.78,99.3817134132968
113.79,99.3817134132968
113.8,99.3817134132968
113.81,99.3817134132968
113.82,99.3817134132968
113.83,99.3817134132968
113.84,99.3817134132968
113.85,99.3817134132968
113.86,99.3817134132968
113.87,99.3817134132968
113.88,99.3817134132968
113.89,99.3817134132968
113.9,99.3817134132968
113.91,99.3817134132968
113.92,99.3817134132968
113.93,99.3817134132968
113.94,99.3817134132968
113.95,99.3817134132968
113.96,99.3817134132968
113.97,99.3817134132968
113.98,99.3817134132968
113.99,99.3817134132968
114,99.3817134132968
114.01,99.3817134132968
114.02,99.3817134132968
114.03,99.3817134132968
114.04,99.3817134132968
114.05,99.3817134132968
114.06,99.3817134132968
114.07,99.3817134132968
114.08,99.3817134132968
114.09,99.3817134132968
114.1,99.3817134132968
114.11,99.3817134132968
114.12,99.3817134132968
114.13,99.3817134132968
114.14,99.3817134132968
114.15,99.3817134132968
114.16,99.3817134132968
114.17,99.3817134132968
114.18,99.3817134132968
114.19,99.3817134132968
114.2,99.3817134132968
114.21,99.3817134132968
114.22,99.3817134132968
114.23,99.3817134132968
114.24,99.3817134132968
114.25,99.3817134132968
114.26,99.3817134132968
114.27,99.3817134132968
114.28,99.3817134132968
114.29,99.3817134132968
114.3,99.3817134132968
114.31,99.3817134132968
114.32,99.3817134132968
114.33,99.3817134132968
114.34,99.3817134132968
114.35,99.3817134132968
114.36,99.3817134132968
114.37,99.3817134132968
114.38,99.3817134132968
114.39,99.3817134132968
114.4,99.3817134132968
114.41,99.3817134132968
114.42,99.3817134132968
114.43,99.3817134132968
114.44,99.3817134132968
114.45,99.3817134132968
114.46,99.3817134132968
114.47,99.3817134132968
114.48,99.3817134132968
114.49,99.3817134132968
114.5,99.3817134132968
114.51,99.3817134132968
114.52,99.3817134132968
114.53,99.3817134132968
114.54,99.3817134132968
114.55,99.3817134132968
114.56,99.3817134132968
114.57,99.3817134132968
114.58,99.3817134132968
114.59,99.3817134132968
114.6,99.3817134132968
114.61,99.3817134132968
114.62,99.3817134132968
114.63,99.3817134132968
114.64,99.3817134132968
114.65,99.3817134132968
114.66,99.3817134132968
114.67,99.3817134132968
114.68,99.3817134132968
114.69,99.3817134132968
114.7,99.3817134132968
114.71,99.3817134132968
114.72,99.3817134132968
114.73,99.3817134132968
114.74,99.3817134132968
114.75,99.3817134132968
114.76,99.3817134132968
114.77,99.3817134132968
114.78,99.3817134132968
114.79,99.3817134132968
114.8,99.3817134132968
114.81,99.3817134132968
114.82,99.3817134132968
114.83,99.3817134132968
114.84,99.3817134132968
114.85,99.3817134132968
114.86,99.3817134132968
114.87,99.3817134132968
114.88,99.3817134132968
114.89,99.3817134132968
114.9,99.3817134132968
114.91,99.3817134132968
114.92,99.3817134132968
114.93,99.3817134132968
114.94,99.3817134132968
114.95,99.3817134132968
114.96,99.3817134132968
114.97,99.3817134132968
114.98,99.3817134132968
114.99,99.3817134132968
115,99.3817134132968
115.01,99.3817134132968
115.02,20.8422674542306
115.03,20.8422674542306
115.04,20.8422674542306
115.05,20.8422674542306
115.06,20.8422674542306
115.07,20.8422674542306
115.08,20.8422674542306
115.09,20.8422674542306
115.1,20.8422674542306
115.11,20.8422674542306
115.12,20.8422674542306
115.13,20.8422674542306
115.14,20.8422674542306
115.15,20.8422674542306
115.16,20.8422674542306
115.17,20.8422674542306
115.18,20.8422674542306
115.19,20.8422674542306
115.2,20.8422674542306
115.21,20.8422674542306
115.22,20.8422674542306
115.23,20.8422674542306
115.24,20.8422674542306
115.25,20.8422674542306
115.26,20.8422674542306
115.27,20.8422674542306
115.28,20.8422674542306
115.29,20.8422674542306
115.3,20.8422674542306
115.31,20.8422674542306
115.32,20.8422674542306
115.33,20.8422674542306
115.34,20.8422674542306
115.35,20.8422674542306
115.36,20.8422674542306
115.37,20.8422674542306
115.38,20.8422674542306
115.39,20.8422674542306
115.4,20.8422674542306
115.41,20.8422674542306
115.42,20.8422674542306
115.43,20.8422674542306
115.44,20.8422674542306
115.45,20.8422674542306
115.46,20.8422674542306
115.47,20.8422674542306
115.48,20.8422674542306
115.49,20.8422674542306
115.5,20.8422674542306
115.51,20.8422674542306
115.52,20.8422674542306
115.53,20.8422674542306
115.54,20.8422674542306
115.55,20.8422674542306
115.56,20.8422674542306
115.57,20.8422674542306
115.58,20.8422674542306
115.59,20.8422674542306
115.6,20.8422674542306
115.61,20.8422674542306
115.62,20.8422674542306
115.63,20.8422674542306
115.64,20.8422674542306
115.65,20.8422674542306
115.66,20.8422674542306
115.67,20.8422674542306
115.68,20.8422674542306
115.69,20.8422674542306
115.7,20.8422674542306
115.71,20.8422674542306
115.72,20.8422674542306
115.73,20.8422674542306
115.74,20.8422674542306
115.75,20.8422674542306
115.76,20.8422674542306
115.77,20.8422674542306
115.78,20.8422674542306
115.79,20.8422674542306
115.8,20.8422674542306
115.81,20.8422674542306
115.82,20.8422674542306
115.83,20.8422674542306
115.84,20.8422674542306
115.85,20.8422674542306
115.86,20.8422674542306
115.87,20.8422674542306
115.88,20.8422674542306
115.89,20.8422674542306
115.9,20.8422674542306
115.91,20.8422674542306
115.92,20.8422674542306
115.93,20.8422674542306
115.94,20.8422674542306
115.95,20.8422674542306
115.96,20.8422674542306
115.97,20.8422674542306
115.98,20.8422674542306
115.99,20.8422674542306
116,20.8422674542306
116.01,20.8422674542306
116.02,20.8422674542306
116.03,20.8422674542306
116.04,20.8422674542306
116.05,20.8422674542306
116.06,20.8422674542306
116.07,20.8422674542306
116.08,20.8422674542306
116.09,20.8422674542306
116.1,20.8422674542306
116.11,20.8422674542306
116.12,20.8422674542306
116.13,20.8422674542306
116.14,20.8422674542306
116.15,20.8422674542306
116.16,20.8422674542306
116.17,20.8422674542306
116.18,20.8422674542306
116.19,20.8422674542306
116.2,20.8422674542306
116.21,20.8422674542306
116.22,20.8422674542306
116.23,20.8422674542306
116.24,20.8422674542306
116.25,20.8422674542306
116.26,20.8422674542306
116.27,20.8422674542306
116.28,20.8422674542306
116.29,20.8422674542306
116.3,20.8422674542306
116.31,20.8422674542306
116.32,20.8422674542306
116.33,20.8422674542306
116.34,20.8422674542306
116.35,20.8422674542306
116.36,20.8422674542306
116.37,20.8422674542306
116.38,20.8422674542306
116.39,20.8422674542306
116.4,20.8422674542306
116.41,20.8422674542306
116.42,20.8422674542306
116.43,20.8422674542306
116.44,20.8422674542306
116.45,20.8422674542306
116.46,20.8422674542306
116.47,20.8422674542306
116.48,20.8422674542306
116.49,20.8422674542306
116.5,20.8422674542306
116.51,20.8422674542306
116.52,20.8422674542306
116.53,20.8422674542306
116.54,20.8422674542306
116.55,20.8422674542306
116.56,20.8422674542306
116.57,20.8422674542306
116.58,20.8422674542306
116.59,20.8422674542306
116.6,20.8422674542306
116.61,20.8422674542306
116.62,20.8422674542306
116.63,20.8422674542306
116.64,20.8422674542306
116.65,20.8422674542306
116.66,20.8422674542306
116.67,20.8422674542306
116.68,20.8422674542306
116.69,20.8422674542306
116.7,20.8422674542306
116.71,20.8422674542306
116.72,20.8422674542306
116.73,20.8422674542306
116.74,20.8422674542306
116.75,20.8422674542306
116.76,20.8422674542306
116.77,20.8422674542306
116.78,20.8422674542306
116.79,20.8422674542306
116.8,20.8422674542306
116.81,20.8422674542306
116.82,20.8422674542306
116.83,20.8422674542306
116.84,20.8422674542306
116.85,20.8422674542306
116.86,20.8422674542306
116.87,20.8422674542306
116.88,20.8422674542306
116.89,20.8422674542306
116.9,20.8422674542306
116.91,20.8422674542306
116.92,20.8422674542306
116.93,20.8422674542306
116.94,20.8422674542306
116.95,20.8422674542306
116.96,20.8422674542306
116.97,20.8422674542306
116.98,20.8422674542306
116.99,20.8422674542306
117,20.8422674542306
117.01,20.8422674542306
117.02,20.8422674542306
117.03,20.8422674542306
117.04,20.8422674542306
117.05,20.8422674542306
117.06,20.8422674542306
117.07,20.8422674542306
117.08,20.8422674542306
117.09,20.8422674542306
117.1,20.8422674542306
117.11,20.8422674542306
117.12,20.8422674542306
117.13,20.8422674542306
117.14,20.8422674542306
117.15,20.8422674542306
117.16,20.8422674542306
117.17,20.8422674542306
117.18,20.8422674542306
117.19,20.8422674542306
117.2,20.8422674542306
117.21,20.8422674542306
117.22,20.8422674542306
117.23,20.8422674542306
117.24,20.8422674542306
117.25,20.8422674542306
117.26,20.8422674542306
117.27,20.8422674542306
117.28,20.8422674542306
117.29,20.8422674542306
117.3,20.8422674542306
117.31,20.8422674542306
117.32,20.8422674542306
117.33,20.8422674542306
117.34,20.8422674542306
117.35,20.8422674542306
117.36,20.8422674542306
117.37,20.8422674542306
117.38,20.8422674542306
117.39,20.8422674542306
117.4,20.8422674542306
117.41,20.8422674542306
117.42,20.8422674542306
117.43,20.8422674542306
117.44,20.8422674542306
117.45,20.8422674542306
117.46,20.8422674542306
117.47,20.8422674542306
117.48,20.8422674542306
117.49,20.8422674542306
117.5,20.8422674542306
117.51,20.8422674542306
117.52,20.8422674542306
117.53,20.8422674542306
117.54,20.8422674542306
117.55,20.8422674542306
117.56,20.8422674542306
117.57,20.8422674542306
117.58,20.8422674542306
117.59,20.8422674542306
117.6,20.8422674542306
117.61,20.8422674542306
117.62,20.8422674542306
117.63,20.8422674542306
117.64,20.8422674542306
117.65,20.8422674542306
117.66,20.8422674542306
117.67,20.8422674542306
117.68,20.8422674542306
117.69,20.8422674542306
117.7,20.8422674542306
117.71,20.8422674542306
117.72,20.8422674542306
117.73,20.8422674542306
117.74,20.8422674542306
117.75,20.8422674542306
117.76,20.8422674542306
117.77,20.8422674542306
117.78,20.8422674542306
117.79,20.8422674542306
117.8,20.8422674542306
117.81,20.8422674542306
117.82,20.8422674542306
117.83,20.8422674542306
117.84,20.8422674542306
117.85,20.8422674542306
117.86,20.8422674542306
117.87,20.8422674542306
117.88,20.8422674542306
117.89,20.8422674542306
117.9,20.8422674542306
117.91,20.8422674542306
117.92,20.8422674542306
117.93,20.8422674542306
117.94,20.8422674542306
117.95,20.8422674542306
117.96,20.8422674542306
117.97,20.8422674542306
117.98,20.8422674542306
117.99,20.8422674542306
118,20.8422674542306
118.01,20.8422674542306
118.02,20.8422674542306
118.03,20.8422674542306
118.04,20.8422674542306
118.05,20.8422674542306
118.06,20.8422674542306
118.07,20.8422674542306
118.08,20.8422674542306
118.09,20.8422674542306
118.1,20.8422674542306
118.11,20.8422674542306
118.12,20.8422674542306
118.13,20.8422674542306
118.14,20.8422674542306
118.15,20.8422674542306
118.16,20.8422674542306
118.17,20.8422674542306
118.18,20.8422674542306
118.19,20.8422674542306
118.2,20.8422674542306
118.21,20.8422674542306
118.22,20.8422674542306
118.23,20.8422674542306
118.24,20.8422674542306
118.25,20.8422674542306
118.26,20.8422674542306
118.27,20.8422674542306
118.28,20.8422674542306
118.29,20.8422674542306
118.3,20.8422674542306
118.31,20.8422674542306
118.32,20.8422674542306
118.33,20.8422674542306
118.34,20.8422674542306
118.35,20.8422674542306
118.36,20.8422674542306
118.37,20.8422674542306
118.38,20.8422674542306
118.39,20.8422674542306
118.4,20.8422674542306
118.41,20.8422674542306
118.42,20.8422674542306
118.43,20.8422674542306
118.44,20.8422674542306
118.45,20.8422674542306
118.46,20.8422674542306
118.47,20.8422674542306
118.48,20.8422674542306
118.49,20.8422674542306
118.5,20.8422674542306
118.51,20.8422674542306
118.52,20.8422674542306
118.53,20.8422674542306
118.54,20.8422674542306
118.55,20.8422674542306
118.56,20.8422674542306
118.57,20.8422674542306
118.58,20.8422674542306
118.59,20.8422674542306
118.6,20.8422674542306
118.61,20.8422674542306
118.62,20.8422674542306
118.63,20.8422674542306
118.64,20.8422674542306
118.65,20.8422674542306
118.66,20.8422674542306
118.67,20.8422674542306
118.68,20.8422674542306
118.69,20.8422674542306
118.7,20.8422674542306
118.71,20.8422674542306
118.72,20.8422674542306
118.73,68.1257511114265
118.74,68.1257511114265
118.75,68.1257511114265
118.76,68.1257511114265
118.77,68.1257511114265
118.78,68.1257511114265
118.79,68.1257511114265
118.8,68.1257511114265
118.81,68.1257511114265
118.82,68.1257511114265
118.83,68.1257511114265
118.84,68.1257511114265
118.85,68.1257511114265
118.86,68.1257511114265
118.87,68.1257511114265
118.88,68.1257511114265
118.89,68.1257511114265
118.9,68.1257511114265
118.91,68.1257511114265
118.92,68.1257511114265
118.93,68.1257511114265
118.94,68.1257511114265
118.95,68.1257511114265
118.96,68.1257511114265
118.97,68.1257511114265
118.98,68.1257511114265
118.99,68.1257511114265
119,68.1257511114265
119.01,68.1257511114265
119.02,68.1257511114265
119.03,68.1257511114265
119.04,68.1257511114265
119.05,68.1257511114265
119.06,68.1257511114265
119.07,68.1257511114265
119.08,68.1257511114265
119.09,68.1257511114265
119.1,68.1257511114265
119.11,68.1257511114265
119.12,68.1257511114265
119.13,68.1257511114265
119.14,68.1257511114265
119.15,68.1257511114265
119.16,68.1257511114265
119.17,68.1257511114265
119.18,68.1257511114265
119.19,68.1257511114265
119.2,68.1257511114265
119.21,68.1257511114265
119.22,68.1257511114265
119.23,68.1257511114265
119.24,68.1257511114265
119.25,68.1257511114265
119.26,68.1257511114265
119.27,68.1257511114265
119.28,68.1257511114265
119.29,68.1257511114265
119.3,68.1257511114265
119.31,68.1257511114265
119.32,68.1257511114265
119.33,68.1257511114265
119.34,68.1257511114265
119.35,68.1257511114265
119.36,68.1257511114265
119.37,68.1257511114265
119.38,68.1257511114265
119.39,68.1257511114265
119.4,68.1257511114265
119.41,68.1257511114265
119.42,68.1257511114265
119.43,68.1257511114265
119.44,68.1257511114265
119.45,68.1257511114265
119.46,68.1257511114265
119.47,68.1257511114265
119.48,68.1257511114265
119.49,68.1257511114265
119.5,68.1257511114265
119.51,68.1257511114265
119.52,68.1257511114265
119.53,68.1257511114265
119.54,68.1257511114265
119.55,68.1257511114265
119.56,68.1257511114265
119.57,68.1257511114265
119.58,68.1257511114265
119.59,68.1257511114265
119.6,68.1257511114265
119.61,68.1257511114265
119.62,68.1257511114265
119.63,68.1257511114265
119.64,68.1257511114265
119.65,68.1257511114265
119.66,68.1257511114265
119.67,68.1257511114265
119.68,68.1257511114265
119.69,68.1257511114265
119.7,68.1257511114265
119.71,68.1257511114265
119.72,68.1257511114265
119.73,68.1257511114265
119.74,68.1257511114265
119.75,68.1257511114265
119.76,68.1257511114265
119.77,68.1257511114265
119.78,68.1257511114265
119.79,68.1257511114265
119.8,68.1257511114265
119.81,68.1257511114265
119.82,68.1257511114265
119.83,68.1257511114265
119.84,68.1257511114265
119.85,68.1257511114265
119.86,68.1257511114265
119.87,68.1257511114265
119.88,68.1257511114265
119.89,68.1257511114265
119.9,68.1257511114265
119.91,68.1257511114265
119.92,68.1257511114265
119.93,68.1257511114265
119.94,68.1257511114265
119.95,68.1257511114265
119.96,68.1257511114265
119.97,68.1257511114265
119.98,68.1257511114265
119.99,68.1257511114265
120,68.1257511114265
120.01,68.1257511114265
120.02,68.1257511114265
120.03,68.1257511114265
120.04,68.1257511114265
120.05,68.1257511114265
120.06,68.1257511114265
120.07,68.1257511114265
120.08,68.1257511114265
120.09,68.1257511114265
120.1,68.1257511114265
120.11,68.1257511114265
120.12,68.1257511114265
120.13,68.1257511114265
120.14,68.1257511114265
120.15,68.1257511114265
120.16,68.1257511114265
120.17,68.1257511114265
120.18,68.1257511114265
120.19,68.1257511114265
120.2,68.1257511114265
120.21,68.1257511114265
120.22,68.1257511114265
120.23,68.1257511114265
120.24,68.1257511114265
120.25,68.1257511114265
120.26,68.1257511114265
120.27,68.1257511114265
120.28,68.1257511114265
120.29,68.1257511114265
120.3,68.1257511114265
120.31,68.1257511114265
120.32,68.1257511114265
120.33,68.1257511114265
120.34,68.1257511114265
120.35,68.1257511114265
120.36,68.1257511114265
120.37,68.1257511114265
120.38,68.1257511114265
120.39,68.1257511114265
120.4,68.1257511114265
120.41,68.1257511114265
120.42,68.1257511114265
120.43,68.1257511114265
120.44,68.1257511114265
120.45,68.1257511114265
120.46,68.1257511114265
120.47,68.1257511114265
120.48,68.1257511114265
120.49,68.1257511114265
120.5,68.1257511114265
120.51,68.1257511114265
120.52,68.1257511114265
120.53,68.1257511114265
120.54,68.1257511114265
120.55,68.1257511114265
120.56,68.1257511114265
120.57,68.1257511114265
120.58,68.1257511114265
120.59,68.1257511114265
120.6,68.1257511114265
120.61,68.1257511114265
120.62,68.1257511114265
120.63,68.1257511114265
120.64,68.1257511114265
120.65,68.1257511114265
120.66,68.1257511114265
120.67,68.1257511114265
120.68,68.1257511114265
120.69,68.1257511114265
120.7,68.1257511114265
120.71,68.1257511114265
120.72,68.1257511114265
120.73,68.1257511114265
120.74,68.1257511114265
120.75,68.1257511114265
120.76,68.1257511114265
120.77,68.1257511114265
120.78,68.1257511114265
120.79,68.1257511114265
120.8,68.1257511114265
120.81,68.1257511114265
120.82,68.1257511114265
120.83,68.1257511114265
120.84,68.1257511114265
120.85,68.1257511114265
120.86,68.1257511114265
120.87,68.1257511114265
120.88,68.1257511114265
120.89,68.1257511114265
120.9,68.1257511114265
120.91,68.1257511114265
120.92,68.1257511114265
120.93,68.1257511114265
120.94,68.1257511114265
120.95,68.1257511114265
120.96,68.1257511114265
120.97,68.1257511114265
120.98,68.1257511114265
120.99,68.1257511114265
121,68.1257511114265
121.01,68.1257511114265
121.02,68.1257511114265
121.03,68.1257511114265
121.04,68.1257511114265
121.05,68.1257511114265
121.06,68.1257511114265
121.07,68.1257511114265
121.08,68.1257511114265
121.09,68.1257511114265
121.1,68.1257511114265
121.11,68.1257511114265
121.12,68.1257511114265
121.13,68.1257511114265
121.14,68.1257511114265
121.15,68.1257511114265
121.16,68.1257511114265
121.17,68.1257511114265
121.18,68.1257511114265
121.19,68.1257511114265
121.2,68.1257511114265
121.21,68.1257511114265
121.22,68.1257511114265
121.23,68.1257511114265
121.24,68.1257511114265
121.25,68.1257511114265
121.26,68.1257511114265
121.27,68.1257511114265
121.28,68.1257511114265
121.29,68.1257511114265
121.3,68.1257511114265
121.31,68.1257511114265
121.32,68.1257511114265
121.33,68.1257511114265
121.34,68.1257511114265
121.35,68.1257511114265
121.36,68.1257511114265
121.37,68.1257511114265
121.38,68.1257511114265
121.39,68.1257511114265
121.4,68.1257511114265
121.41,68.1257511114265
121.42,68.1257511114265
121.43,68.1257511114265
121.44,68.1257511114265
121.45,68.1257511114265
121.46,68.1257511114265
121.47,68.1257511114265
121.48,68.1257511114265
121.49,68.1257511114265
121.5,68.1257511114265
121.51,68.1257511114265
121.52,68.1257511114265
121.53,68.1257511114265
121.54,68.1257511114265
121.55,68.1257511114265
121.56,68.1257511114265
121.57,68.1257511114265
121.58,68.1257511114265
121.59,68.1257511114265
121.6,68.1257511114265
121.61,68.1257511114265
121.62,68.1257511114265
121.63,68.1257511114265
121.64,68.1257511114265
121.65,68.1257511114265
121.66,68.1257511114265
121.67,68.1257511114265
121.68,68.1257511114265
121.69,68.1257511114265
121.7,68.1257511114265
121.71,68.1257511114265
121.72,18.3383646876594
121.73,18.3383646876594
121.74,18.3383646876594
121.75,18.3383646876594
121.76,18.3383646876594
121.77,18.3383646876594
121.78,18.3383646876594
121.79,18.3383646876594
121.8,18.3383646876594
121.81,18.3383646876594
121.82,18.3383646876594
121.83,18.3383646876594
121.84,18.3383646876594
121.85,18.3383646876594
121.86,18.3383646876594
121.87,18.3383646876594
121.88,18.3383646876594
121.89,18.3383646876594
121.9,18.3383646876594
121.91,18.3383646876594
121.92,18.3383646876594
121.93,18.3383646876594
121.94,18.3383646876594
121.95,18.3383646876594
121.96,18.3383646876594
121.97,18.3383646876594
121.98,18.3383646876594
121.99,18.3383646876594
122,18.3383646876594
122.01,18.3383646876594
122.02,18.3383646876594
122.03,18.3383646876594
122.04,18.3383646876594
122.05,18.3383646876594
122.06,18.3383646876594
122.07,18.3383646876594
122.08,18.3383646876594
122.09,18.3383646876594
122.1,18.3383646876594
122.11,18.3383646876594
122.12,18.3383646876594
122.13,18.3383646876594
122.14,18.3383646876594
122.15,18.3383646876594
122.16,18.3383646876594
122.17,18.3383646876594
122.18,18.3383646876594
122.19,18.3383646876594
122.2,18.3383646876594
122.21,18.3383646876594
122.22,18.3383646876594
122.23,18.3383646876594
122.24,18.3383646876594
122.25,18.3383646876594
122.26,18.3383646876594
122.27,18.3383646876594
122.28,18.3383646876594
122.29,18.3383646876594
122.3,18.3383646876594
122.31,18.3383646876594
122.32,18.3383646876594
122.33,18.3383646876594
122.34,18.3383646876594
122.35,18.3383646876594
122.36,18.3383646876594
122.37,18.3383646876594
122.38,18.3383646876594
122.39,18.3383646876594
122.4,18.3383646876594
122.41,18.3383646876594
122.42,18.3383646876594
122.43,18.3383646876594
122.44,18.3383646876594
122.45,18.3383646876594
122.46,18.3383646876594
122.47,18.3383646876594
122.48,18.3383646876594
122.49,18.3383646876594
122.5,18.3383646876594
122.51,18.3383646876594
122.52,18.3383646876594
122.53,18.3383646876594
122.54,18.3383646876594
122.55,18.3383646876594
122.56,18.3383646876594
122.57,18.3383646876594
122.58,18.3383646876594
122.59,18.3383646876594
122.6,18.3383646876594
122.61,18.3383646876594
122.62,18.3383646876594
122.63,18.3383646876594
122.64,18.3383646876594
122.65,18.3383646876594
122.66,18.3383646876594
122.67,18.3383646876594
122.68,18.3383646876594
122.69,18.3383646876594
122.7,18.3383646876594
122.71,18.3383646876594
122.72,18.3383646876594
122.73,18.3383646876594
122.74,18.3383646876594
122.75,18.3383646876594
122.76,18.3383646876594
122.77,18.3383646876594
122.78,18.3383646876594
122.79,18.3383646876594
122.8,18.3383646876594
122.81,18.3383646876594
122.82,18.3383646876594
122.83,18.3383646876594
122.84,18.3383646876594
122.85,18.3383646876594
122.86,18.3383646876594
122.87,18.3383646876594
122.88,18.3383646876594
122.89,18.3383646876594
122.9,18.3383646876594
122.91,18.3383646876594
122.92,18.3383646876594
122.93,18.3383646876594
122.94,18.3383646876594
122.95,18.3383646876594
122.96,18.3383646876594
122.97,18.3383646876594
122.98,18.3383646876594
122.99,18.3383646876594
123,18.3383646876594
123.01,18.3383646876594
123.02,18.3383646876594
123.03,18.3383646876594
123.04,18.3383646876594
123.05,18.3383646876594
123.06,18.3383646876594
123.07,18.3383646876594
123.08,18.3383646876594
123.09,18.3383646876594
123.1,18.3383646876594
123.11,18.3383646876594
123.12,18.3383646876594
123.13,18.3383646876594
123.14,18.3383646876594
123.15,18.3383646876594
123.16,18.3383646876594
123.17,18.3383646876594
123.18,18.3383646876594
123.19,18.3383646876594
123.2,18.3383646876594
123.21,18.3383646876594
123.22,18.3383646876594
123.23,18.3383646876594
123.24,18.3383646876594
123.25,18.3383646876594
123.26,18.3383646876594
123.27,18.3383646876594
123.28,18.3383646876594
123.29,18.3383646876594
123.3,18.3383646876594
123.31,18.3383646876594
123.32,18.3383646876594
123.33,18.3383646876594
123.34,18.3383646876594
123.35,18.3383646876594
123.36,18.3383646876594
123.37,18.3383646876594
123.38,18.3383646876594
123.39,18.3383646876594
123.4,18.3383646876594
123.41,18.3383646876594
123.42,18.3383646876594
123.43,18.3383646876594
123.44,18.3383646876594
123.45,18.3383646876594
123.46,18.3383646876594
123.47,18.3383646876594
123.48,18.3383646876594
123.49,18.3383646876594
123.5,18.3383646876594
123.51,18.3383646876594
123.52,18.3383646876594
123.53,18.3383646876594
123.54,18.3383646876594
123.55,18.3383646876594
123.56,18.3383646876594
123.57,18.3383646876594
123.58,18.3383646876594
123.59,18.3383646876594
123.6,18.3383646876594
123.61,18.3383646876594
123.62,18.3383646876594
123.63,18.3383646876594
123.64,18.3383646876594
123.65,18.3383646876594
123.66,18.3383646876594
123.67,18.3383646876594
123.68,18.3383646876594
123.69,18.3383646876594
123.7,18.3383646876594
123.71,18.3383646876594
123.72,18.3383646876594
123.73,18.3383646876594
123.74,18.3383646876594
123.75,18.3383646876594
123.76,18.3383646876594
123.77,18.3383646876594
123.78,18.3383646876594
123.79,18.3383646876594
123.8,18.3383646876594
123.81,18.3383646876594
123.82,18.3383646876594
123.83,18.3383646876594
123.84,18.3383646876594
123.85,18.3383646876594
123.86,18.3383646876594
123.87,18.3383646876594
123.88,18.3383646876594
123.89,18.3383646876594
123.9,18.3383646876594
123.91,18.3383646876594
123.92,18.3383646876594
123.93,18.3383646876594
123.94,18.3383646876594
123.95,18.3383646876594
123.96,18.3383646876594
123.97,18.3383646876594
123.98,18.3383646876594
123.99,18.3383646876594
124,18.3383646876594
124.01,18.3383646876594
124.02,18.3383646876594
124.03,18.3383646876594
124.04,18.3383646876594
124.05,18.3383646876594
124.06,18.3383646876594
124.07,18.3383646876594
124.08,18.3383646876594
124.09,18.3383646876594
124.1,18.3383646876594
124.11,18.3383646876594
124.12,18.3383646876594
124.13,18.3383646876594
124.14,18.3383646876594
124.15,18.3383646876594
124.16,18.3383646876594
124.17,18.3383646876594
124.18,18.3383646876594
124.19,18.3383646876594
124.2,18.3383646876594
124.21,18.3383646876594
124.22,18.3383646876594
124.23,18.3383646876594
124.24,18.3383646876594
124.25,18.3383646876594
124.26,18.3383646876594
124.27,18.3383646876594
124.28,18.3383646876594
124.29,18.3383646876594
124.3,18.3383646876594
124.31,18.3383646876594
124.32,18.3383646876594
124.33,18.3383646876594
124.34,18.3383646876594
124.35,18.3383646876594
124.36,18.3383646876594
124.37,18.3383646876594
124.38,18.3383646876594
124.39,18.3383646876594
124.4,18.3383646876594
124.41,18.3383646876594
124.42,18.3383646876594
124.43,18.3383646876594
124.44,18.3383646876594
124.45,18.3383646876594
124.46,18.3383646876594
124.47,18.3383646876594
124.48,18.3383646876594
124.49,18.3383646876594
124.5,18.3383646876594
124.51,18.3383646876594
124.52,18.3383646876594
124.53,18.3383646876594
124.54,18.3383646876594
124.55,18.3383646876594
124.56,18.3383646876594
124.57,18.3383646876594
124.58,18.3383646876594
124.59,18.3383646876594
124.6,18.3383646876594
124.61,18.3383646876594
124.62,18.3383646876594
124.63,18.3383646876594
124.64,18.3383646876594
124.65,18.3383646876594
124.66,18.3383646876594
124.67,18.3383646876594
124.68,18.3383646876594
124.69,18.3383646876594
124.7,18.3383646876594
124.71,18.3383646876594
124.72,18.3383646876594
124.73,18.3383646876594
124.74,18.3383646876594
124.75,18.3383646876594
124.76,18.3383646876594
124.77,18.3383646876594
124.78,18.3383646876594
124.79,78.6177976948904
124.8,78.6177976948904
124.81,78.6177976948904
124.82,78.6177976948904
124.83,78.6177976948904
124.84,78.6177976948904
124.85,78.6177976948904
124.86,78.6177976948904
124.87,78.6177976948904
124.88,78.6177976948904
124.89,78.6177976948904
124.9,78.6177976948904
124.91,78.6177976948904
124.92,78.6177976948904
124.93,78.6177976948904
124.94,78.6177976948904
124.95,78.6177976948904
124.96,78.6177976948904
124.97,78.6177976948904
124.98,78.6177976948904
124.99,78.6177976948904
125,78.6177976948904
125.01,78.6177976948904
125.02,78.6177976948904
125.03,78.6177976948904
125.04,78.6177976948904
125.05,78.6177976948904
125.06,78.6177976948904
125.07,78.6177976948904
125.08,78.6177976948904
125.09,78.6177976948904
125.1,78.6177976948904
125.11,78.6177976948904
125.12,78.6177976948904
125.13,78.6177976948904
125.14,78.6177976948904
125.15,78.6177976948904
125.16,78.6177976948904
125.17,78.6177976948904
125.18,78.6177976948904
125.19,78.6177976948904
125.2,78.6177976948904
125.21,78.6177976948904
125.22,78.6177976948904
125.23,78.6177976948904
125.24,78.6177976948904
125.25,78.6177976948904
125.26,78.6177976948904
125.27,78.6177976948904
125.28,78.6177976948904
125.29,78.6177976948904
125.3,78.6177976948904
125.31,78.6177976948904
125.32,78.6177976948904
125.33,78.6177976948904
125.34,78.6177976948904
125.35,78.6177976948904
125.36,78.6177976948904
125.37,78.6177976948904
125.38,78.6177976948904
125.39,78.6177976948904
125.4,78.6177976948904
125.41,78.6177976948904
125.42,78.6177976948904
125.43,78.6177976948904
125.44,78.6177976948904
125.45,78.6177976948904
125.46,78.6177976948904
125.47,78.6177976948904
125.48,78.6177976948904
125.49,78.6177976948904
125.5,78.6177976948904
125.51,78.6177976948904
125.52,78.6177976948904
125.53,78.6177976948904
125.54,78.6177976948904
125.55,78.6177976948904
125.56,78.6177976948904
125.57,78.6177976948904
125.58,78.6177976948904
125.59,78.6177976948904
125.6,78.6177976948904
125.61,78.6177976948904
125.62,78.6177976948904
125.63,78.6177976948904
125.64,78.6177976948904
125.65,78.6177976948904
125.66,78.6177976948904
125.67,78.6177976948904
125.68,78.6177976948904
125.69,78.6177976948904
125.7,78.6177976948904
125.71,78.6177976948904
125.72,78.6177976948904
125.73,78.6177976948904
125.74,78.6177976948904
125.75,78.6177976948904
125.76,78.6177976948904
125.77,78.6177976948904
125.78,78.6177976948904
125.79,78.6177976948904
125.8,78.6177976948904
125.81,78.6177976948904
125.82,78.6177976948904
125.83,78.6177976948904
125.84,78.6177976948904
125.85,78.6177976948904
125.86,78.6177976948904
125.87,78.6177976948904
125.88,78.6177976948904
125.89,78.6177976948904
125.9,78.6177976948904
125.91,78.6177976948904
125.92,78.6177976948904
125.93,78.6177976948904
125.94,78.6177976948904
125.95,78.6177976948904
125.96,78.6177976948904
125.97,78.6177976948904
125.98,78.6177976948904
125.99,78.6177976948904
126,78.6177976948904
126.01,78.6177976948904
126.02,78.6177976948904
126.03,78.6177976948904
126.04,78.6177976948904
126.05,78.6177976948904
126.06,78.6177976948904
126.07,78.6177976948904
126.08,78.6177976948904
126.09,78.6177976948904
126.1,78.6177976948904
126.11,78.6177976948904
126.12,78.6177976948904
126.13,78.6177976948904
126.14,78.6177976948904
126.15,78.6177976948904
126.16,78.6177976948904
126.17,78.6177976948904
126.18,78.6177976948904
126.19,78.6177976948904
126.2,78.6177976948904
126.21,78.6177976948904
126.22,78.6177976948904
126.23,78.6177976948904
126.24,78.6177976948904
126.25,78.6177976948904
126.26,78.6177976948904
126.27,78.6177976948904
126.28,78.6177976948904
126.29,78.6177976948904
126.3,78.6177976948904
126.31,78.6177976948904
126.32,78.6177976948904
126.33,78.6177976948904
126.34,78.6177976948904
126.35,78.6177976948904
126.36,78.6177976948904
126.37,78.6177976948904
126.38,78.6177976948904
126.39,78.6177976948904
126.4,78.6177976948904
126.41,78.6177976948904
126.42,78.6177976948904
126.43,78.6177976948904
126.44,78.6177976948904
126.45,78.6177976948904
126.46,78.6177976948904
126.47,78.6177976948904
126.48,78.6177976948904
126.49,78.6177976948904
126.5,78.6177976948904
126.51,78.6177976948904
126.52,78.6177976948904
126.53,78.6177976948904
126.54,78.6177976948904
126.55,78.6177976948904
126.56,78.6177976948904
126.57,78.6177976948904
126.58,78.6177976948904
126.59,78.6177976948904
126.6,78.6177976948904
126.61,78.6177976948904
126.62,78.6177976948904
126.63,78.6177976948904
126.64,78.6177976948904
126.65,78.6177976948904
126.66,78.6177976948904
126.67,78.6177976948904
126.68,78.6177976948904
126.69,78.6177976948904
126.7,78.6177976948904
126.71,78.6177976948904
126.72,78.6177976948904
126.73,78.6177976948904
126.74,78.6177976948904
126.75,78.6177976948904
126.76,78.6177976948904
126.77,78.6177976948904
126.78,78.6177976948904
126.79,78.6177976948904
126.8,78.6177976948904
126.81,78.6177976948904
126.82,78.6177976948904
126.83,78.6177976948904
126.84,78.6177976948904
126.85,78.6177976948904
126.86,78.6177976948904
126.87,78.6177976948904
126.88,78.6177976948904
126.89,78.6177976948904
126.9,78.6177976948904
126.91,78.6177976948904
126.92,78.6177976948904
126.93,78.6177976948904
126.94,78.6177976948904
126.95,78.6177976948904
126.96,78.6177976948904
126.97,78.6177976948904
126.98,78.6177976948904
126.99,78.6177976948904
127,78.6177976948904
127.01,78.6177976948904
127.02,78.6177976948904
127.03,78.6177976948904
127.04,78.6177976948904
127.05,78.6177976948904
127.06,78.6177976948904
127.07,78.6177976948904
127.08,78.6177976948904
127.09,78.6177976948904
127.1,78.6177976948904
127.11,78.6177976948904
127.12,78.6177976948904
127.13,78.6177976948904
127.14,78.6177976948904
127.15,78.6177976948904
127.16,78.6177976948904
127.17,78.6177976948904
127.18,78.6177976948904
127.19,78.6177976948904
127.2,78.6177976948904
127.21,78.6177976948904
127.22,78.6177976948904
127.23,78.6177976948904
127.24,78.6177976948904
127.25,78.6177976948904
127.26,78.6177976948904
127.27,78.6177976948904
127.28,78.6177976948904
127.29,78.6177976948904
127.3,78.6177976948904
127.31,78.6177976948904
127.32,78.6177976948904
127.33,78.6177976948904
127.34,78.6177976948904
127.35,78.6177976948904
127.36,78.6177976948904
127.37,78.6177976948904
127.38,78.6177976948904
127.39,27.169049931491
127.4,27.169049931491
127.41,27.169049931491
127.42,27.169049931491
127.43,27.169049931491
127.44,27.169049931491
127.45,27.169049931491
127.46,27.169049931491
127.47,27.169049931491
127.48,27.169049931491
127.49,27.169049931491
127.5,27.169049931491
127.51,27.169049931491
127.52,27.169049931491
127.53,27.169049931491
127.54,27.169049931491
127.55,27.169049931491
127.56,27.169049931491
127.57,27.169049931491
127.58,27.169049931491
127.59,27.169049931491
127.6,27.169049931491
127.61,27.169049931491
127.62,27.169049931491
127.63,27.169049931491
127.64,27.169049931491
127.65,27.169049931491
127.66,27.169049931491
127.67,27.169049931491
127.68,27.169049931491
127.69,27.169049931491
127.7,27.169049931491
127.71,27.169049931491
127.72,27.169049931491
127.73,27.169049931491
127.74,27.169049931491
127.75,27.169049931491
127.76,27.169049931491
127.77,27.169049931491
127.78,27.169049931491
127.79,27.169049931491
127.8,27.169049931491
127.81,27.169049931491
127.82,27.169049931491
127.83,27.169049931491
127.84,27.169049931491
127.85,27.169049931491
127.86,27.169049931491
127.87,27.169049931491
127.88,27.169049931491
127.89,27.169049931491
127.9,27.169049931491
127.91,27.169049931491
127.92,27.169049931491
127.93,27.169049931491
127.94,27.169049931491
127.95,27.169049931491
127.96,27.169049931491
127.97,27.169049931491
127.98,27.169049931491
127.99,27.169049931491
128,27.169049931491
128.01,27.169049931491
128.02,27.169049931491
128.03,27.169049931491
128.04,27.169049931491
128.05,27.169049931491
128.06,27.169049931491
128.07,27.169049931491
128.08,27.169049931491
128.09,27.169049931491
128.1,27.169049931491
128.11,27.169049931491
128.12,27.169049931491
128.13,27.169049931491
128.14,27.169049931491
128.15,27.169049931491
128.16,27.169049931491
128.17,27.169049931491
128.18,27.169049931491
128.19,27.169049931491
128.2,27.169049931491
128.21,27.169049931491
128.22,27.169049931491
128.23,27.169049931491
128.24,27.169049931491
128.25,27.169049931491
128.26,27.169049931491
128.27,27.169049931491
128.28,27.169049931491
128.29,27.169049931491
128.3,27.169049931491
128.31,27.169049931491
128.32,27.169049931491
128.33,27.169049931491
128.34,27.169049931491
128.35,27.169049931491
128.36,27.169049931491
128.37,27.169049931491
128.38,27.169049931491
128.39,27.169049931491
128.4,27.169049931491
128.41,27.169049931491
128.42,27.169049931491
128.43,27.169049931491
128.44,27.169049931491
128.45,27.169049931491
128.46,27.169049931491
128.47,27.169049931491
128.48,27.169049931491
128.49,27.169049931491
128.5,27.169049931491
128.51,27.169049931491
128.52,27.169049931491
128.53,27.169049931491
128.54,27.169049931491
128.55,27.169049931491
128.56,27.169049931491
128.57,27.169049931491
128.58,27.169049931491
128.59,27.169049931491
128.6,27.169049931491
128.61,27.169049931491
128.62,27.169049931491
128.63,27.169049931491
128.64,27.169049931491
128.65,27.169049931491
128.66,27.169049931491
128.67,27.169049931491
128.68,27.169049931491
128.69,27.169049931491
128.7,27.169049931491
128.71,27.169049931491
128.72,27.169049931491
128.73,27.169049931491
128.74,27.169049931491
128.75,27.169049931491
128.76,27.169049931491
128.77,27.169049931491
128.78,27.169049931491
128.79,27.169049931491
128.8,27.169049931491
128.81,27.169049931491
128.82,27.169049931491
128.83,27.169049931491
128.84,27.169049931491
128.85,27.169049931491
128.86,27.169049931491
128.87,27.169049931491
128.88,27.169049931491
128.89,27.169049931491
128.9,27.169049931491
128.91,27.169049931491
128.92,27.169049931491
128.93,27.169049931491
128.94,27.169049931491
128.95,27.169049931491
128.96,27.169049931491
128.97,27.169049931491
128.98,27.169049931491
128.99,27.169049931491
129,27.169049931491
129.01,27.169049931491
129.02,27.169049931491
129.03,27.169049931491
129.04,27.169049931491
129.05,27.169049931491
129.06,27.169049931491
129.07,27.169049931491
129.08,27.169049931491
129.09,27.169049931491
129.1,27.169049931491
129.11,27.169049931491
129.12,27.169049931491
129.13,27.169049931491
129.14,27.169049931491
129.15,27.169049931491
129.16,27.169049931491
129.17,27.169049931491
129.18,27.169049931491
129.19,27.169049931491
129.2,27.169049931491
129.21,27.169049931491
129.22,27.169049931491
129.23,27.169049931491
129.24,27.169049931491
129.25,27.169049931491
129.26,27.169049931491
129.27,27.169049931491
129.28,27.169049931491
129.29,27.169049931491
129.3,27.169049931491
129.31,27.169049931491
129.32,27.169049931491
129.33,27.169049931491
129.34,27.169049931491
129.35,27.169049931491
129.36,27.169049931491
129.37,27.169049931491
129.38,27.169049931491
129.39,27.169049931491
129.4,27.169049931491
129.41,27.169049931491
129.42,27.169049931491
129.43,27.169049931491
129.44,27.169049931491
129.45,27.169049931491
129.46,27.169049931491
129.47,27.169049931491
129.48,27.169049931491
129.49,27.169049931491
129.5,27.169049931491
129.51,27.169049931491
129.52,27.169049931491
129.53,27.169049931491
129.54,27.169049931491
129.55,27.169049931491
129.56,27.169049931491
129.57,27.169049931491
129.58,27.169049931491
129.59,27.169049931491
129.6,27.169049931491
129.61,27.169049931491
129.62,27.169049931491
129.63,27.169049931491
129.64,27.169049931491
129.65,27.169049931491
129.66,27.169049931491
129.67,27.169049931491
129.68,27.169049931491
129.69,27.169049931491
129.7,27.169049931491
129.71,27.169049931491
129.72,27.169049931491
129.73,27.169049931491
129.74,27.169049931491
129.75,27.169049931491
129.76,27.169049931491
129.77,27.169049931491
129.78,27.169049931491
129.79,27.169049931491
129.8,27.169049931491
129.81,27.169049931491
129.82,27.169049931491
129.83,27.169049931491
129.84,27.169049931491
129.85,27.169049931491
129.86,27.169049931491
129.87,27.169049931491
129.88,27.169049931491
129.89,27.169049931491
129.9,27.169049931491
129.91,27.169049931491
129.92,27.169049931491
129.93,27.169049931491
129.94,27.169049931491
129.95,27.169049931491
129.96,27.169049931491
129.97,27.169049931491
129.98,27.169049931491
129.99,27.169049931491
130,27.169049931491
130.01,27.169049931491
130.02,27.169049931491
130.03,27.169049931491
130.04,27.169049931491
130.05,27.169049931491
130.06,27.169049931491
130.07,27.169049931491
130.08,27.169049931491
130.09,27.169049931491
130.1,27.169049931491
130.11,27.169049931491
130.12,27.169049931491
130.13,27.169049931491
130.14,27.169049931491
130.15,27.169049931491
130.16,27.169049931491
130.17,27.169049931491
130.18,27.169049931491
130.19,27.169049931491
130.2,27.169049931491
130.21,27.169049931491
130.22,27.169049931491
130.23,27.169049931491
130.24,27.169049931491
130.25,27.169049931491
130.26,27.169049931491
130.27,27.169049931491
130.28,27.169049931491
130.29,27.169049931491
130.3,44.8886643134203
130.31,44.8886643134203
130.32,44.8886643134203
130.33,44.8886643134203
130.34,44.8886643134203
130.35,44.8886643134203
130.36,44.8886643134203
130.37,44.8886643134203
130.38,44.8886643134203
130.39,44.8886643134203
130.4,44.8886643134203
130.41,44.8886643134203
130.42,44.8886643134203
130.43,44.8886643134203
130.44,44.8886643134203
130.45,44.8886643134203
130.46,44.8886643134203
130.47,44.8886643134203
130.48,44.8886643134203
130.49,44.8886643134203
130.5,44.8886643134203
130.51,44.8886643134203
130.52,44.8886643134203
130.53,44.8886643134203
130.54,44.8886643134203
130.55,44.8886643134203
130.56,44.8886643134203
130.57,44.8886643134203
130.58,44.8886643134203
130.59,44.8886643134203
130.6,44.8886643134203
130.61,44.8886643134203
130.62,44.8886643134203
130.63,44.8886643134203
130.64,44.8886643134203
130.65,44.8886643134203
130.66,44.8886643134203
130.67,44.8886643134203
130.68,44.8886643134203
130.69,44.8886643134203
130.7,44.8886643134203
130.71,44.8886643134203
130.72,44.8886643134203
130.73,44.8886643134203
130.74,44.8886643134203
130.75,44.8886643134203
130.76,44.8886643134203
130.77,44.8886643134203
130.78,44.8886643134203
130.79,44.8886643134203
130.8,44.8886643134203
130.81,44.8886643134203
130.82,44.8886643134203
130.83,44.8886643134203
130.84,44.8886643134203
130.85,44.8886643134203
130.86,44.8886643134203
130.87,44.8886643134203
130.88,44.8886643134203
130.89,44.8886643134203
130.9,44.8886643134203
130.91,44.8886643134203
130.92,44.8886643134203
130.93,44.8886643134203
130.94,44.8886643134203
130.95,44.8886643134203
130.96,44.8886643134203
130.97,44.8886643134203
130.98,44.8886643134203
130.99,44.8886643134203
131,44.8886643134203
131.01,44.8886643134203
131.02,44.8886643134203
131.03,44.8886643134203
131.04,44.8886643134203
131.05,44.8886643134203
131.06,44.8886643134203
131.07,44.8886643134203
131.08,44.8886643134203
131.09,44.8886643134203
131.1,44.8886643134203
131.11,44.8886643134203
131.12,44.8886643134203
131.13,44.8886643134203
131.14,44.8886643134203
131.15,44.8886643134203
131.16,44.8886643134203
131.17,44.8886643134203
131.18,44.8886643134203
131.19,44.8886643134203
131.2,44.8886643134203
131.21,44.8886643134203
131.22,44.8886643134203
131.23,44.8886643134203
131.24,44.8886643134203
131.25,44.8886643134203
131.26,44.8886643134203
131.27,44.8886643134203
131.28,44.8886643134203
131.29,44.8886643134203
131.3,44.8886643134203
131.31,44.8886643134203
131.32,44.8886643134203
131.33,44.8886643134203
131.34,44.8886643134203
131.35,44.8886643134203
131.36,44.8886643134203
131.37,44.8886643134203
131.38,44.8886643134203
131.39,44.8886643134203
131.4,44.8886643134203
131.41,44.8886643134203
131.42,44.8886643134203
131.43,44.8886643134203
131.44,44.8886643134203
131.45,44.8886643134203
131.46,44.8886643134203
131.47,44.8886643134203
131.48,44.8886643134203
131.49,44.8886643134203
131.5,44.8886643134203
131.51,44.8886643134203
131.52,44.8886643134203
131.53,44.8886643134203
131.54,44.8886643134203
131.55,44.8886643134203
131.56,44.8886643134203
131.57,44.8886643134203
131.58,44.8886643134203
131.59,44.8886643134203
131.6,44.8886643134203
131.61,44.8886643134203
131.62,44.8886643134203
131.63,44.8886643134203
131.64,44.8886643134203
131.65,44.8886643134203
131.66,44.8886643134203
131.67,44.8886643134203
131.68,44.8886643134203
131.69,44.8886643134203
131.7,44.8886643134203
131.71,44.8886643134203
131.72,44.8886643134203
131.73,44.8886643134203
131.74,44.8886643134203
131.75,44.8886643134203
131.76,44.8886643134203
131.77,44.8886643134203
131.78,44.8886643134203
131.79,44.8886643134203
131.8,44.8886643134203
131.81,44.8886643134203
131.82,44.8886643134203
131.83,44.8886643134203
131.84,44.8886643134203
131.85,44.8886643134203
131.86,44.8886643134203
131.87,44.8886643134203
131.88,44.8886643134203
131.89,44.8886643134203
131.9,44.8886643134203
131.91,44.8886643134203
131.92,44.8886643134203
131.93,44.8886643134203
131.94,44.8886643134203
131.95,44.8886643134203
131.96,44.8886643134203
131.97,44.8886643134203
131.98,44.8886643134203
131.99,44.8886643134203
132,44.8886643134203
132.01,60
132.02,60
132.03,60
132.04,60
132.05,60
132.06,60
132.07,60
132.08,60
132.09,60
132.1,60
132.11,60
132.12,60
132.13,60
132.14,60
132.15,60
132.16,60
132.17,60
132.18,60
132.19,60
132.2,60
132.21,60
132.22,60
132.23,60
132.24,60
132.25,60
132.26,60
132.27,60
132.28,60
132.29,60
132.3,60
132.31,60
132.32,60
132.33,60
132.34,60
132.35,60
132.36,60
132.37,60
132.38,60
132.39,60
132.4,60
132.41,60
132.42,60
132.43,60
132.44,60
132.45,60
132.46,60
132.47,60
132.48,60
132.49,60
132.5,60
132.51,60
132.52,60
132.53,60
132.54,60
132.55,60
132.56,60
132.57,60
132.58,60
132.59,60
132.6,60
132.61,60
132.62,60
132.63,60
132.64,60
132.65,60
132.66,60
132.67,60
132.68,60
132.69,60
132.7,60
132.71,60
132.72,60
132.73,60
132.74,60
132.75,60
132.76,60
132.77,60
132.78,60
132.79,60
132.8,60
132.81,60
132.82,60
132.83,60
132.84,60
132.85,60
132.86,60
132.87,60
132.88,60
132.89,60
132.9,60
132.91,60
132.92,60
132.93,60
132.94,60
132.95,60
132.96,60
132.97,60
132.98,60
132.99,60
133,60
133.01,60
133.02,60
133.03,60
133.04,60
133.05,60
133.06,60
133.07,60
133.08,60
133.09,60
133.1,60
133.11,60
133.12,60
133.13,60
133.14,60
133.15,60
133.16,60
133.17,60
133.18,60
133.19,60
133.2,60
133.21,60
133.22,60
133.23,60
133.24,60
133.25,60
133.26,60
133.27,60
133.28,60
133.29,60
133.3,60
133.31,60
133.32,60
133.33,60
133.34,60
133.35,60
133.36,60
133.37,60
133.38,60
133.39,60
133.4,60
133.41,60
133.42,60
133.43,60
133.44,60
133.45,60
133.46,60
133.47,60
133.48,60
133.49,60
133.5,60
133.51,60
133.52,60
133.53,60
133.54,60
133.55,60
133.56,60
133.57,60
133.58,60
133.59,60
133.6,60
133.61,60
133.62,60
133.63,60
133.64,60
133.65,60
133.66,60
133.67,60
133.68,60
133.69,60
133.7,60
133.71,60
133.72,60
133.73,60
133.74,60
133.75,60
133.76,60
133.77,60
133.78,60
133.79,60
133.8,60
133.81,60
133.82,60
133.83,60
133.84,60
133.85,60
133.86,60
133.87,60
133.88,60
133.89,60
133.9,60
133.91,60
133.92,60
133.93,60
133.94,60
133.95,60
133.96,60
133.97,60
133.98,60
133.99,60
134,60
134.01,60
134.02,60
134.03,60
134.04,60
134.05,60
134.06,60
134.07,60
134.08,60
134.09,60
134.1,60
134.11,60
134.12,60
134.13,60
134.14,60
134.15,60
134.16,60
134.17,60
134.18,60
134.19,60
134.2,60
134.21,60
134.22,60
134.23,60
134.24,60
134.25,60
134.26,60
134.27,60
134.28,60
134.29,60
134.3,60
134.31,60
134.32,60
134.33,60
134.34,60
134.35,60
134.36,60
134.37,60
134.38,60
134.39,60
134.4,60
134.41,60
134.42,60
134.43,60
134.44,60
134.45,60
134.46,60
134.47,60
134.48,60
134.49,60
134.5,60
134.51,60
134.52,60
134.53,60
134.54,60
134.55,60
134.56,60
134.57,60
134.58,60
134.59,60
134.6,60
134.61,60
134.62,60
134.63,60
134.64,60
134.65,60
134.66,60
134.67,60
134.68,60
134.69,60
134.7,60
134.71,60
134.72,60
134.73,60
134.74,60
134.75,60
134.76,60
134.77,60
134.78,60
134.79,60
134.8,60
134.81,60
134.82,60
134.83,60
134.84,60
134.85,60
134.86,60
134.87,60
134.88,60
134.89,60
134.9,60
134.91,60
134.92,60
134.93,60
134.94,60
134.95,60
134.96,60
134.97,60
134.98,60
134.99,60
135,60
135.01,60
135.02,60
135.03,60
135.04,60
135.05,60
135.06,60
135.07,60
135.08,60
135.09,60
135.1,60
135.11,60
135.12,60
135.13,60
135.14,60
135.15,60
135.16,60
135.17,60
135.18,60
135.19,60
135.2,60
135.21,60
135.22,60
135.23,60
135.24,60
135.25,60
135.26,60
135.27,60
135.28,60
135.29,60
135.3,60
135.31,60
135.32,60
135.33,60
135.34,60
135.35,60
135.36,60
135.37,60
135.38,60
135.39,60
135.4,60
135.41,60
135.42,60
135.43,60
135.44,60
135.45,60
135.46,60
135.47,60
135.48,60
135.49,60
135.5,60
135.51,60
135.52,60
135.53,60
135.54,60
135.55,60
135.56,60
135.57,60
135.58,60
135.59,60
135.6,60
135.61,60
135.62,60
135.63,60
135.64,60
135.65,60
135.66,60
135.67,60
135.68,60
135.69,60
135.7,60
135.71,60
135.72,60
135.73,60
135.74,60
135.75,60
135.76,60
135.77,60
135.78,60
135.79,60
135.8,60
135.81,60
135.82,60
135.83,60
135.84,60
135.85,60
135.86,60
135.87,60
135.88,60
135.89,60
135.9,60
135.91,60
135.92,60
135.93,60
135.94,60
135.95,60
135.96,60
135.97,60
135.98,60
135.99,60
136,60
136.01,60
136.02,60
136.03,60
136.04,60
136.05,60
136.06,60
136.07,60
136.08,60
136.09,60
136.1,60
136.11,60
136.12,60
136.13,60
136.14,60
136.15,60
136.16,60
136.17,60
136.18,60
136.19,60
136.2,60
136.21,60
136.22,60
136.23,60
136.24,60
136.25,60
136.26,60
136.27,60
136.28,60
136.29,60
136.3,60
136.31,60
136.32,60
136.33,60
136.34,60
136.35,60
136.36,60
136.37,60
136.38,60
136.39,60
136.4,60
136.41,60
136.42,60
136.43,60
136.44,60
136.45,60
136.46,60
136.47,60
136.48,60
136.49,60
136.5,60
136.51,60
136.52,60
136.53,60
136.54,60
136.55,60
136.56,60
136.57,60
136.58,60
136.59,60
136.6,60
136.61,60
136.62,60
136.63,60
136.64,60
136.65,60
136.66,60
136.67,60
136.68,60
136.69,60
136.7,60
136.71,60
136.72,60
136.73,60
136.74,60
136.75,60
136.76,60
136.77,60
136.78,60
136.79,60
136.8,60
136.81,60
136.82,60
136.83,60
136.84,60
136.85,60
136.86,60
136.87,60
136.88,60
136.89,60
136.9,60
136.91,60
136.92,60
136.93,60
136.94,60
136.95,60
136.96,60
136.97,60
136.98,60
136.99,60
137,60
137.01,60
137.02,60
137.03,60
137.04,60
137.05,60
137.06,60
137.07,60
137.08,60
137.09,60
137.1,60
137.11,60
137.12,60
137.13,60
137.14,60
137.15,60
137.16,60
137.17,60
137.18,60
137.19,60
137.2,60
137.21,60
137.22,60
137.23,60
137.24,60
137.25,60
137.26,60
137.27,60
137.28,60
137.29,60
137.3,60
137.31,60
137.32,60
137.33,60
137.34,60
137.35,60
137.36,60
137.37,60
137.38,60
137.39,60
137.4,60
137.41,60
137.42,60
137.43,60
137.44,60
137.45,60
137.46,60
137.47,60
137.48,60
137.49,60
137.5,60
137.51,60
137.52,60
137.53,60
137.54,60
137.55,60
137.56,60
137.57,60
137.58,60
137.59,60
137.6,60
137.61,60
137.62,60
137.63,60
137.64,60
137.65,60
137.66,60
137.67,60
137.68,60
137.69,60
137.7,60
137.71,60
137.72,60
137.73,60
137.74,60
137.75,60
137.76,60
137.77,60
137.78,60
137.79,60
137.8,60
137.81,60
137.82,60
137.83,60
137.84,60
137.85,60
137.86,60
137.87,60
137.88,60
137.89,60
137.9,60
137.91,60
137.92,60
137.93,60
137.94,60
137.95,60
137.96,60
137.97,60
137.98,60
137.99,60
138,60
138.01,0
138.02,0
138.03,0
138.04,0
138.05,0
138.06,0
138.07,0
138.08,0
138.09,0
138.1,0
138.11,0
138.12,0
138.13,0
138.14,0
138.15,0
138.16,0
138.17,0
138.18,0
138.19,0
138.2,0
138.21,0
138.22,0
138.23,0
138.24,0
138.25,0
138.26,0
138.27,0
138.28,0
138.29,0
138.3,0
138.31,0
138.32,0
138.33,0
138.34,0
138.35,0
138.36,0
138.37,0
138.38,0
138.39,0
138.4,0
138.41,0
138.42,0
138.43,0
138.44,0
138.45,0
138.46,0
138.47,0
138.48,0
138.49,0
138.5,0
138.51,0
138.52,0
138.53,0
138.54,0
138.55,0
138.56,0
138.57,0
138.58,0
138.59,0
138.6,0
138.61,0
138.62,0
138.63,0
138.64,0
138.65,0
138.66,0
138.67,0
138.68,0
138.69,0
138.7,0
138.71,0
138.72,0
138.73,0
138.74,0
138.75,0
138.76,0
138.77,0
138.78,0
138.79,0
138.8,0
138.81,0
138.82,0
138.83,0
138.84,0
138.85,0
138.86,0
138.87,0
138.88,0
138.89,0
138.9,0
138.91,0
138.92,0
138.93,0
138.94,0
138.95,0
138.96,0
138.97,0
138.98,0
138.99,0
139,0
139.01,0
139.02,0
139.03,0
139.04,0
139.05,0
139.06,0
139.07,0
139.08,0
139.09,0
139.1,0
139.11,0
139.12,0
139.13,0
139.14,0
139.15,0
139.16,0
139.17,0
139.18,0
139.19,0
139.2,0
139.21,0
139.22,0
139.23,0
139.24,0
139.25,0
139.26,0
139.27,0
139.28,0
139.29,0
139.3,0
139.31,0
139.32,0
139.33,0
139.34,0
139.35,0
139.36,0
139.37,0
139.38,0
139.39,0
139.4,0
139.41,0
139.42,0
139.43,0
139.44,0
139.45,0
139.46,0
139.47,0
139.48,0
139.49,0
139.5,0
139.51,0
139.52,0
139.53,0
139.54,0
139.55,0
139.56,0
139.57,0
139.58,0
139.59,0
139.6,0
139.61,0
139.62,0
139.63,0
139.64,0
139.65,0
139.66,0
139.67,0
139.68,0
139.69,0
139.7,0
139.71,0
139.72,0
139.73,0
139.74,0
139.75,0
139.76,0
139.77,0
139.78,0
139.79,0
139.8,0
139.81,0
139.82,0
139.83,0
139.84,0
139.85,0
139.86,0
139.87,0
139.88,0
139.89,0
139.9,0
139.91,0
139.92,0
139.93,0
139.94,0
139.95,0
139.96,0
139.97,0
139.98,0
139.99,0
140,0
140.01,0
140.02,0
140.03,0
140.04,0
140.05,0
140.06,0
140.07,0
140.08,0
140.09,0
140.1,0
140.11,0
140.12,0
140.13,0
140.14,0
140.15,0
140.16,0
140.17,0
140.18,0
140.19,0
140.2,0
140.21,0
140.22,0
140.23,0
140.24,0
140.25,0
140.26,0
140.27,0
140.28,0
140.29,0
140.3,0
140.31,0
140.32,0
140.33,0
140.34,0
140.35,0
140.36,0
140.37,0
140.38,0
140.39,0
140.4,0
140.41,0
140.42,0
140.43,0
140.44,0
140.45,0
140.46,0
140.47,0
140.48,0
140.49,0
140.5,0
140.51,0
140.52,0
140.53,0
140.54,0
140.55,0
140.56,0
140.57,0
140.58,0
140.59,0
140.6,0
140.61,0
140.62,0
140.63,0
140.64,0
140.65,0
140.66,0
140.67,0
140.68,0
140.69,0
140.7,0
140.71,0
140.72,0
140.73,0
140.74,0
140.75,0
140.76,0
140.77,0
140.78,0
140.79,0
140.8,0
140.81,0
140.82,0
140.83,0
140.84,0
140.85,0
140.86,0
140.87,0
140.88,0
140.89,0
140.9,0
140.91,0
140.92,0
140.93,0
140.94,0
140.95,0
140.96,0
140.97,0
140.98,0
140.99,0
141,0
141.01,0
141.02,0
141.03,0
141.04,0
141.05,0
141.06,0
141.07,0
141.08,0
141.09,0
141.1,0
141.11,0
141.12,0
141.13,0
141.14,0
141.15,0
141.16,0
141.17,0
141.18,0
141.19,0
141.2,0
141.21,0
141.22,0
141.23,0
141.24,0
141.25,0
141.26,0
141.27,0
141.28,0
141.29,0
141.3,0
141.31,0
141.32,0
141.33,0
141.34,0
141.35,0
141.36,0
141.37,0
141.38,0
141.39,0
141.4,0
141.41,0
141.42,0
141.43,0
141.44,0
141.45,0
141.46,0
141.47,0
141.48,0
141.49,0
141.5,0
141.51,0
141.52,0
141.53,0
141.54,0
141.55,0
141.56,0
141.57,0
141.58,0
141.59,0
141.6,0
141.61,0
141.62,0
141.63,0
141.64,0
141.65,0
141.66,0
141.67,0
141.68,0
141.69,0
141.7,0
141.71,0
141.72,0
141.73,0
141.74,0
141.75,0
141.76,0
141.77,0
141.78,0
141.79,0
141.8,0
141.81,0
141.82,0
141.83,0
141.84,0
141.85,0
141.86,0
141.87,0
141.88,0
141.89,0
141.9,0
141.91,0
141.92,0
141.93,0
141.94,0
141.95,0
141.96,0
141.97,0
141.98,0
141.99,0
142,0
142.01,0
142.02,0
142.03,0
142.04,0
142.05,0
142.06,0
142.07,0
142.08,0
142.09,0
142.1,0
142.11,0
142.12,0
142.13,0
142.14,0
142.15,0
142.16,0
142.17,0
142.18,0
142.19,0
142.2,0
142.21,0
142.22,0
142.23,0
142.24,0
142.25,0
142.26,0
142.27,0
142.28,0
142.29,0
142.3,0
142.31,0
142.32,0
142.33,0
142.34,0
142.35,0
142.36,0
142.37,0
142.38,0
142.39,0
142.4,0
142.41,0
142.42,0
142.43,0
142.44,0
142.45,0
142.46,0
142.47,0
142.48,0
142.49,0
142.5,0
142.51,0
142.52,0
142.53,0
142.54,0
142.55,0
142.56,0
142.57,0
142.58,0
142.59,0
142.6,0
142.61,0
142.62,0
142.63,0
142.64,0
142.65,0
142.66,0
142.67,0
142.68,0
142.69,0
142.7,0
142.71,0
142.72,0
142.73,0
142.74,0
142.75,0
142.76,0
142.77,0
142.78,0
142.79,0
142.8,0
142.81,0
142.82,0
142.83,0
142.84,0
142.85,0
142.86,0
142.87,0
142.88,0
142.89,0
142.9,0
142.91,0
142.92,0
142.93,0
142.94,0
142.95,0
142.96,0
142.97,0
142.98,0
142.99,0
143,0
143.01,0
143.02,0
143.03,0
143.04,0
143.05,0
143.06,0
143.07,0
143.08,0
143.09,0
143.1,0
143.11,0
143.12,0
143.13,0
143.14,0
143.15,0
143.16,0
143.17,0
143.18,0
143.19,0
143.2,0
143.21,0
143.22,0
143.23,0
143.24,0
143.25,0
143.26,0
143.27,0
143.28,0
143.29,0
143.3,0
143.31,0
143.32,0
143.33,0
143.34,0
143.35,0
143.36,0
143.37,0
143.38,0
143.39,0
143.4,0
143.41,0
143.42,0
143.43,0
143.44,0
143.45,0
143.46,0
143.47,0
143.48,0
143.49,0
143.5,0
143.51,0
143.52,0
143.53,0
143.54,0
143.55,0
143.56,0
143.57,0
143.58,0
143.59,0
143.6,0
143.61,0
143.62,0
143.63,0
143.64,0
143.65,0
143.66,0
143.67,0
143.68,0
143.69,0
143.7,0
143.71,0
143.72,0
143.73,0
143.74,0
143.75,0
143.76,0
143.77,0
143.78,0
143.79,0
143.8,0
143.81,0
143.82,0
143.83,0
143.84,0
143.85,0
143.86,0
143.87,0
143.88,0
143.89,0
143.9,0
143.91,0
143.92,0
143.93,0
143.94,0
143.95,0
143.96,0
143.97,0
143.98,0
143.99,0
144,0
