0,0
0.01,0
0.02,0
0.03,0
0.04,0
0.05,0
0.06,0
0.07,0
0.08,0
0.09,0
0.1,0
0.11,0
0.12,0
0.13,0
0.14,0
0.15,0
0.16,0
0.17,0
0.18,0
0.19,0
0.2,0
0.21,0
0.22,0
0.23,0
0.24,0
0.25,0
0.26,0
0.27,0
0.28,0
0.29,0
0.3,0
0.31,0
0.32,0
0.33,0
0.34,0
0.35,0
0.36,0
0.37,0
0.38,0
0.39,0
0.4,0
0.41,0
0.42,0
0.43,0
0.44,0
0.45,0
0.46,0
0.47,0
0.48,0
0.49,0
0.5,0
0.51,0
0.52,0
0.53,0
0.54,0
0.55,0
0.56,0
0.57,0
0.58,0
0.59,0
0.6,0
0.61,0
0.62,0
0.63,0
0.64,0
0.65,0
0.66,0
0.67,0
0.68,0
0.69,0
0.7,0
0.71,0
0.72,0
0.73,0
0.74,0
0.75,0
0.76,0
0.77,0
0.78,0
0.79,0
0.8,0
0.81,0
0.82,0
0.83,0
0.84,0
0.85,0
0.86,0
0.87,0
0.88,0
0.89,0
0.9,0
0.91,0
0.92,0
0.93,0
0.94,0
0.95,0
0.96,0
0.97,0
0.98,0
0.99,0
1,0
1.01,0
1.02,0
1.03,0
1.04,0
1.05,0
1.06,0
1.07,0
1.08,0
1.09,0
1.1,0
1.11,0
1.12,0
1.13,0
1.14,0
1.15,0
1.16,0
1.17,0
1.18,0
1.19,0
1.2,0
1.21,0
1.22,0
1.23,0
1.24,0
1.25,0
1.26,0
1.27,0
1.28,0
1.29,0
1.3,0
1.31,0
1.32,0
1.33,0
1.34,0
1.35,0
1.36,0
1.37,0
1.38,0
1.39,0
1.4,0
1.41,0
1.42,0
1.43,0
1.44,0
1.45,0
1.46,0
1.47,0
1.48,0
1.49,0
1.5,0
1.51,0
1.52,0
1.53,0
1.54,0
1.55,0
1.56,0
1.57,0
1.58,0
1.59,0
1.6,0
1.61,0
1.62,0
1.63,0
1.64,0
1.65,0
1.66,0
1.67,0
1.68,0
1.69,0
1.7,0
1.71,0
1.72,0
1.73,0
1.74,0
1.75,0
1.76,0
1.77,0
1.78,0
1.79,0
1.8,0
1.81,0
1.82,0
1.83,0
1.84,0
1.85,0
1.86,0
1.87,0
1.88,0
1.89,0
1.9,0
1.91,0
1.92,0
1.93,0
1.94,0
1.95,0
1.96,0
1.97,0
1.98,0
1.99,0
2,0
2.01,0
2.02,0
2.03,0
2.04,0
2.05,0
2.06,0
2.07,0
2.08,0
2.09,0
2.1,0
2.11,0
2.12,0
2.13,0
2.14,0
2.15,0
2.16,0
2.17,0
2.18,0
2.19,0
2.2,0
2.21,0
2.22,0
2.23,0
2.24,0
2.25,0
2.26,0
2.27,0
2.28,0
2.29,0
2.3,0
2.31,0
2.32,0
2.33,0
2.34,0
2.35,0
2.36,0
2.37,0
2.38,0
2.39,0
2.4,0
2.41,0
2.42,0
2.43,0
2.44,0
2.45,0
2.46,0
2.47,0
2.48,0
2.49,0
2.5,0
2.51,0
2.52,0
2.53,0
2.54,0
2.55,0
2.56,0
2.57,0
2.58,0
2.59,0
2.6,0
2.61,0
2.62,0
2.63,0
2.64,0
2.65,0
2.66,0
2.67,0
2.68,0
2.69,0
2.7,0
2.71,0
2.72,0
2.73,0
2.74,0
2.75,0
2.76,0
2.77,0
2.78,0
2.79,0
2.8,0
2.81,0
2.82,0
2.83,0
2.84,0
2.85,0
2.86,0
2.87,0
2.88,0
2.89,0
2.9,0
2.91,0
2.92,0
2.93,0
2.94,0
2.95,0
2.96,0
2.97,0
2.98,0
2.99,0
3,0
3.01,0
3.02,0
3.03,0
3.04,0
3.05,0
3.06,0
3.07,0
3.08,0
3.09,0
3.1,0
3.11,0
3.12,0
3.13,0
3.14,0
3.15,0
3.16,0
3.17,0
3.18,0
3.19,0
3.2,0
3.21,0
3.22,0
3.23,0
3.24,0
3.25,0
3.26,0
3.27,0
3.28,0
3.29,0
3.3,0
3.31,0
3.32,0
3.33,0
3.34,0
3.35,0
3.36,0
3.37,0
3.38,0
3.39,0
3.4,0
3.41,0
3.42,0
3.43,0
3.44,0
3.45,0
3.46,0
3.47,0
3.48,0
3.49,0
3.5,0
3.51,0
3.52,0
3.53,0
3.54,0
3.55,0
3.56,0
3.57,0
3.58,0
3.59,0
3.6,0
3.61,0
3.62,0
3.63,0
3.64,0
3.65,0
3.66,0
3.67,0
3.68,0
3.69,0
3.7,0
3.71,0
3.72,0
3.73,0
3.74,0
3.75,0
3.76,0
3.77,0
3.78,0
3.79,0
3.8,0
3.81,0
3.82,0
3.83,0
3.84,0
3.85,0
3.86,0
3.87,0
3.88,0
3.89,0
3.9,0
3.91,0
3.92,0
3.93,0
3.94,0
3.95,0
3.96,0
3.97,0
3.98,0
3.99,0
4,0
4.01,0
4.02,0
4.03,0
4.04,0
4.05,0
4.06,0
4.07,0
4.08,0
4.09,0
4.1,0
4.11,0
4.12,0
4.13,0
4.14,0
4.15,0
4.16,0
4.17,0
4.18,0
4.19,0
4.2,0
4.21,0
4.22,0
4.23,0
4.24,0
4.25,0
4.26,0
4.27,0
4.28,0
4.29,0
4.3,0
4.31,0
4.32,0
4.33,0
4.34,0
4.35,0
4.36,0
4.37,0
4.38,0
4.39,0
4.4,0
4.41,0
4.42,0
4.43,0
4.44,0
4.45,0
4.46,0
4.47,0
4.48,0
4.49,0
4.5,0
4.51,0
4.52,0
4.53,0
4.54,0
4.55,0
4.56,0
4.57,0
4.58,0
4.59,0
4.6,0
4.61,0
4.62,0
4.63,0
4.64,0
4.65,0
4.66,0
4.67,0
4.68,0
4.69,0
4.7,0
4.71,0
4.72,0
4.73,0
4.74,0
4.75,0
4.76,0
4.77,0
4.78,0
4.79,0
4.8,0
4.81,0
4.82,0
4.83,0
4.84,0
4.85,0
4.86,0
4.87,0
4.88,0
4.89,0
4.9,0
4.91,0
4.92,0
4.93,0
4.94,0
4.95,0
4.96,0
4.97,0
4.98,0
4.99,0
5,0
5.01,0
5.02,0
5.03,0
5.04,0
5.05,0
5.06,0
5.07,0
5.08,0
5.09,0
5.1,0
5.11,0
5.12,0
5.13,0
5.14,0
5.15,0
5.16,0
5.17,0
5.18,0
5.19,0
5.2,0
5.21,0
5.22,0
5.23,0
5.24,0
5.25,0
5.26,0
5.27,0
5.28,0
5.29,0
5.3,0
5.31,0
5.32,0
5.33,0
5.34,0
5.35,0
5.36,0
5.37,0
5.38,0
5.39,0
5.4,0
5.41,0
5.42,0
5.43,0
5.44,0
5.45,0
5.46,0
5.47,0
5.48,0
5.49,0
5.5,0
5.51,0
5.52,0
5.53,0
5.54,0
5.55,0
5.56,0
5.57,0
5.58,0
5.59,0
5.6,0
5.61,0
5.62,0
5.63,0
5.64,0
5.65,0
5.66,0
5.67,0
5.68,0
5.69,0
5.7,0
5.71,0
5.72,0
5.73,0
5.74,0
5.75,0
5.76,0
5.77,0
5.78,0
5.79,0
5.8,0
5.81,0
5.82,0
5.83,0
5.84,0
5.85,0
5.86,0
5.87,0
5.88,0
5.89,0
5.9,0
5.91,0
5.92,0
5.93,0
5.94,0
5.95,0
5.96,0
5.97,0
5.98,0
5.99,0
6,60
6.01,60
6.02,60
6.03,60
6.04,60
6.05,60
6.06,60
6.07,60
6.08,60
6.09,60
6.1,60
6.11,60
6.12,60
6.13,60
6.14,60
6.15,60
6.16,60
6.17,60
6.18,60
6.19,60
6.2,60
6.21,60
6.22,60
6.23,60
6.24,60
6.25,60
6.26,60
6.27,60
6.28,60
6.29,60
6.3,60
6.31,60
6.32,60
6.33,60
6.34,60
6.35,60
6.36,60
6.37,60
6.38,60
6.39,60
6.4,60
6.41,60
6.42,60
6.43,60
6.44,60
6.45,60
6.46,60
6.47,60
6.48,60
6.49,60
6.5,60
6.51,60
6.52,60
6.53,60
6.54,60
6.55,60
6.56,60
6.57,60
6.58,60
6.59,60
6.6,60
6.61,60
6.62,60
6.63,60
6.64,60
6.65,60
6.66,60
6.67,60
6.68,60
6.69,60
6.7,60
6.71,60
6.72,60
6.73,60
6.74,60
6.75,60
6.76,60
6.77,60
6.78,60
6.79,60
6.8,60
6.81,60
6.82,60
6.83,60
6.84,60
6.85,60
6.86,60
6.87,60
6.88,60
6.89,60
6.9,60
6.91,60
6.92,60
6.93,60
6.94,60
6.95,60
6.96,60
6.97,60
6.98,60
6.99,60
7,60
7.01,60
7.02,60
7.03,60
7.04,60
7.05,60
7.06,60
7.07,60
7.08,60
7.09,60
7.1,60
7.11,60
7.12,60
7.13,60
7.14,60
7.15,60
7.16,60
7.17,60
7.18,60
7.19,60
7.2,60
7.21,60
7.22,60
7.23,60
7.24,60
7.25,60
7.26,60
7.27,60
7.28,60
7.29,60
7.3,60
7.31,60
7.32,60
7.33,60
7.34,60
7.35,60
7.36,60
7.37,60
7.38,60
7.39,60
7.4,60
7.41,60
7.42,60
7.43,60
7.44,60
7.45,60
7.46,60
7.47,60
7.48,60
7.49,60
7.5,60
7.51,60
7.52,60
7.53,60
7.54,60
7.55,60
7.56,60
7.57,60
7.58,60
7.59,60
7.6,60
7.61,60
7.62,60
7.63,60
7.64,60
7.65,60
7.66,60
7.67,60
7.68,60
7.69,60
7.7,60
7.71,60
7.72,60
7.73,60
7.74,60
7.75,60
7.76,60
7.77,60
7.78,60
7.79,60
7.8,60
7.81,60
7.82,60
7.83,60
7.84,60
7.85,60
7.86,60
7.87,60
7.88,60
7.89,60
7.9,60
7.91,60
7.92,60
7.93,60
7.94,60
7.95,60
7.96,60
7.97,60
7.98,60
7.99,60
8,60
8.01,60
8.02,60
8.03,60
8.04,60
8.05,60
8.06,60
8.07,60
8.08,60
8.09,60
8.1,60
8.11,60
8.12,60
8.13,60
8.14,60
8.15,60
8.16,60
8.17,60
8.18,60
8.19,60
8.2,60
8.21,60
8.22,60
8.23,60
8.24,60
8.25,60
8.26,60
8.27,60
8.28,60
8.29,60
8.3,60
8.31,60
8.32,60
8.33,60
8.34,60
8.35,60
8.36,60
8.37,60
8.38,60
8.39,60
8.4,60
8.41,60
8.42,60
8.43,60
8.44,60
8.45,60
8.46,60
8.47,60
8.48,60
8.49,60
8.5,60
8.51,60
8.52,60
8.53,60
8.54,60
8.55,60
8.56,60
8.57,60
8.58,60
8.59,60
8.6,60
8.61,60
8.62,60
8.63,60
8.64,60
8.65,60
8.66,60
8.67,60
8.68,60
8.69,60
8.7,60
8.71,60
8.72,60
8.73,60
8.74,60
8.75,60
8.76,60
8.77,60
8.78,60
8.79,60
8.8,60
8.81,60
8.82,60
8.83,60
8.84,60
8.85,60
8.86,60
8.87,60
8.88,60
8.89,60
8.9,60
8.91,60
8.92,60
8.93,60
8.94,60
8.95,60
8.96,60
8.97,60
8.98,60
8.99,60
9,60
9.01,60
9.02,60
9.03,60
9.04,60
9.05,60
9.06,60
9.07,60
9.08,60
9.09,60
9.1,60
9.11,60
9.12,60
9.13,60
9.14,60
9.15,60
9.16,60
9.17,60
9.18,60
9.19,60
9.2,60
9.21,60
9.22,60
9.23,60
9.24,60
9.25,60
9.26,60
9.27,60
9.28,60
9.29,60
9.3,60
9.31,60
9.32,60
9.33,60
9.34,60
9.35,60
9.36,60
9.37,60
9.38,60
9.39,60
9.4,60
9.41,60
9.42,60
9.43,60
9.44,60
9.45,60
9.46,60
9.47,60
9.48,60
9.49,60
9.5,60
9.51,60
9.52,60
9.53,60
9.54,60
9.55,60
9.56,60
9.57,60
9.58,60
9.59,60
9.6,60
9.61,60
9.62,60
9.63,60
9.64,60
9.65,60
9.66,60
9.67,60
9.68,60
9.69,60
9.7,60
9.71,60
9.72,60
9.73,60
9.74,60
9.75,60
9.76,60
9.77,60
9.78,60
9.79,60
9.8,60
9.81,60
9.82,60
9.83,60
9.84,60
9.85,60
9.86,60
9.87,60
9.88,60
9.89,60
9.9,60
9.91,60
9.92,60
9.93,60
9.94,60
9.95,60
9.96,60
9.97,60
9.98,60
9.99,60
10,60
10.01,60
10.02,60
10.03,60
10.04,60
10.05,60
10.06,60
10.07,60
10.08,60
10.09,60
10.1,60
10.11,60
10.12,60
10.13,60
10.14,60
10.15,60
10.16,60
10.17,60
10.18,60
10.19,60
10.2,60
10.21,60
10.22,60
10.23,60
10.24,60
10.25,60
10.26,60
10.27,60
10.28,60
10.29,60
10.3,60
10.31,60
10.32,60
10.33,60
10.34,60
10.35,60
10.36,60
10.37,60
10.38,60
10.39,60
10.4,60
10.41,60
10.42,60
10.43,60
10.44,60
10.45,60
10.46,60
10.47,60
10.48,60
10.49,60
10.5,60
10.51,60
10.52,60
10.53,60
10.54,60
10.55,60
10.56,60
10.57,60
10.58,60
10.59,60
10.6,60
10.61,60
10.62,60
10.63,60
10.64,60
10.65,60
10.66,60
10.67,60
10.68,60
10.69,60
10.7,60
10.71,60
10.72,60
10.73,60
10.74,60
10.75,60
10.76,60
10.77,60
10.78,60
10.79,60
10.8,60
10.81,60
10.82,60
10.83,60
10.84,60
10.85,60
10.86,60
10.87,60
10.88,60
10.89,60
10.9,60
10.91,60
10.92,60
10.93,60
10.94,60
10.95,60
10.96,60
10.97,60
10.98,60
10.99,60
11,60
11.01,60
11.02,60
11.03,60
11.04,60
11.05,60
11.06,60
11.07,60
11.08,60
11.09,60
11.1,60
11.11,60
11.12,60
11.13,60
11.14,60
11.15,60
11.16,60
11.17,60
11.18,60
11.19,60
11.2,60
11.21,60
11.22,60
11.23,60
11.24,60
11.25,60
11.26,60
11.27,60
11.28,60
11.29,60
11.3,60
11.31,60
11.32,60
11.33,60
11.34,60
11.35,60
11.36,60
11.37,60
11.38,60
11.39,60
11.4,60
11.41,60
11.42,60
11.43,60
11.44,60
11.45,60
11.46,60
11.47,60
11.48,60
11.49,60
11.5,60
11.51,60
11.52,60
11.53,60
11.54,60
11.55,60
11.56,60
11.57,60
11.58,60
11.59,60
11.6,60
11.61,60
11.62,60
11.63,60
11.64,60
11.65,60
11.66,60
11.67,60
11.68,60
11.69,60
11.7,60
11.71,60
11.72,60
11.73,60
11.74,60
11.75,60
11.76,60
11.77,60
11.78,60
11.79,60
11.8,60
11.81,60
11.82,60
11.83,60
11.84,60
11.85,60
11.86,60
11.87,60
11.88,60
11.89,60
11.9,60
11.91,60
11.92,60
11.93,60
11.94,60
11.95,60
11.96,60
11.97,60
11.98,60
11.99,60
12,60
12.01,60.026244296591
12.02,60.0526173039128
12.03,60.0791190144672
12.04,60.1057494205389
12.05,60.1325085141932
12.06,60.159396287273
12.07,60.1864127313964
12.08,60.2135578379539
12.09,60.2408315981058
12.1,60.2682340027794
12.11,60.2957650426664
12.12,60.3234247082199
12.13,60.3512129896523
12.14,60.3791298769319
12.15,60.4071753597804
12.16,60.4353494276701
12.17,60.4636520698212
12.18,60.4920832751989
12.19,60.5206430325108
12.2,60.5493313302036
12.21,60.5781481564608
12.22,60.6070934991996
12.23,60.6361673460679
12.24,60.665369684442
12.25,60.6947005014228
12.26,60.7241597838339
12.27,60.7537475182179
12.28,60.7834636908338
12.29,60.8133082876543
12.3,60.8432812943624
12.31,60.8733826963486
12.32,60.9036124787082
12.33,60.933970626238
12.34,60.9644571234334
12.35,60.9950719544853
12.36,61.0258151032772
12.37,61.0566865533823
12.38,61.0876862880602
12.39,61.1188142902539
12.4,61.1500705425866
12.41,61.1814550273592
12.42,61.2129677265465
12.43,61.2446086217944
12.44,61.2763776944167
12.45,61.3082749253923
12.46,61.3403002953614
12.47,61.372453784623
12.48,61.4047353731314
12.49,61.437145040493
12.5,61.4696827659633
12.51,61.5023485284435
12.52,61.5351423064772
12.53,61.5680640782477
12.54,61.601113821574
12.55,61.6342915139082
12.56,61.6675971323318
12.57,61.7010306535526
12.58,61.7345920539014
12.59,61.7682813093288
12.6,61.8020983954017
12.61,61.8360432872999
12.62,61.870115959813
12.63,61.904316387337
12.64,61.9386445438708
12.65,61.9731004030131
12.66,62.0076839379584
12.67,62.0423951214945
12.68,62.0772339259983
12.69,62.1122003234327
12.7,62.1472942853433
12.71,62.1825157828546
12.72,62.2178647866668
12.73,62.2533412670524
12.74,62.2889451938523
12.75,62.3246765364728
12.76,62.3605352638818
12.77,62.3965213446053
12.78,62.4326347467239
12.79,62.4688754378694
12.8,62.505243385221
12.81,62.5417385555018
12.82,62.5783609149754
12.83,62.615110429442
12.84,62.6519870642352
12.85,62.6889907842179
12.86,62.726121553779
12.87,62.7633793368298
12.88,62.8007640968002
12.89,62.8382757966348
12.9,62.87591439879
12.91,62.9136798652292
12.92,62.9515721574202
12.93,62.9895912363309
12.94,63.0277370624254
12.95,63.0660095956609
12.96,63.1044087954834
12.97,63.1429346208242
12.98,63.1815870300961
12.99,63.2203659811896
13,63.259271431469
13.01,63.2983033377688
13.02,63.3374616563898
13.03,63.3767463430952
13.04,63.416157353107
13.05,63.4556946411018
13.06,63.4953581612072
13.07,63.5351478669977
13.08,63.5750637114913
13.09,63.6151056471449
13.1,63.6552736258511
13.11,63.6955675989338
13.12,63.7359875171443
13.13,63.7765333306578
13.14,63.8172049890689
13.15,63.8580024413879
13.16,63.8989256360369
13.17,63.9399745208457
13.18,63.9811490430479
13.19,64.0224491492765
13.2,64.0638747855607
13.21,64.1054258973209
13.22,64.1471024293655
13.23,64.1889043258864
13.24,64.2308315304549
13.25,64.2728839860178
13.26,64.3150616348935
13.27,64.3573644187674
13.28,64.3997922786883
13.29,64.4423451550638
13.3,64.4850229876567
13.31,64.5278257155804
13.32,64.5707532772953
13.33,64.6138056106038
13.34,64.6569826526471
13.35,64.7002843399002
13.36,64.7437106081683
13.37,64.7872613925821
13.38,64.8309366275942
13.39,64.8747362469742
13.4,64.9186601838051
13.41,64.9627083704783
13.42,65.0068807386904
13.43,65.0511772194378
13.44,65.0955977430133
13.45,65.1401422390012
13.46,65.1848106362736
13.47,65.2296028629856
13.48,65.2745188465712
13.49,65.3195585137388
13.5,65.3647217904672
13.51,65.410008602001
13.52,65.4554188728462
13.53,65.5009525267661
13.54,65.5466094867766
13.55,65.5923896751421
13.56,65.6382930133709
13.57,65.6843194222109
13.58,65.7304688216451
13.59,65.7767411308874
13.6,65.8231362683777
13.61,65.8696541517781
13.62,65.9162946979678
13.63,65.9630578230391
13.64,66.0099434422926
13.65,66.0569514702331
13.66,66.1040818205646
13.67,66.1513344061864
13.68,66.1987091391879
13.69,66.2462059308447
13.7,66.2938246916138
13.71,66.3415653311288
13.72,66.389427758196
13.73,66.4374118807891
13.74,66.4855176060452
13.75,66.5337448402601
13.76,66.5820934888832
13.77,66.6305634565138
13.78,66.6791546468957
13.79,66.727866962913
13.8,66.7767003065855
13.81,66.8256545790638
13.82,66.8747296806248
13.83,66.9239255106671
13.84,66.9732419677063
13.85,67.0226789493703
13.86,67.0722363523947
13.87,67.1219140726179
13.88,67.1717120049767
13.89,67.2216300435016
13.9,67.2716680813116
13.91,67.3218260106101
13.92,67.3721037226799
13.93,67.4225011078783
13.94,67.4730180556327
13.95,67.5236544544354
13.96,67.5744101918395
13.97,67.6252851544533
13.98,67.6762792279363
13.99,67.727392296994
14,67.7786242453728
14.01,67.8299749558562
14.02,67.8814443102588
14.03,67.9330321894224
14.04,67.9847384732106
14.05,68.0365630405042
14.06,68.0885057691965
14.07,68.1405665361882
14.08,68.1927452173824
14.09,68.2450416876804
14.1,68.297455820976
14.11,68.3499874901511
14.12,68.4026365670709
14.13,68.4554029225787
14.14,68.5082864264911
14.15,68.561286947593
14.16,68.6144043536331
14.17,68.6676385113185
14.18,68.7209892863099
14.19,68.7744565432166
14.2,68.8280401455921
14.21,68.8817399559281
14.22,68.9355558356506
14.23,68.9894876451144
14.24,69.043535243598
14.25,69.0976984892989
14.26,69.1519772393288
14.27,69.2063713497081
14.28,69.2608806753611
14.29,69.3155050701111
14.3,69.3702443866756
14.31,69.4250984766606
14.32,69.4800671905563
14.33,69.5351503777315
14.34,69.590347886429
14.35,69.6456595637605
14.36,69.7010852557011
14.37,69.7566248070848
14.38,69.8122780615991
14.39,69.8680448617803
14.4,69.9239250490079
14.41,69.9799184634998
14.42,70.0360249443074
14.43,70.0922443293103
14.44,70.1485764552111
14.45,70.2050211575306
14.46,70.2615782706024
14.47,70.3182476275679
14.48,70.3750290603714
14.49,70.4319223997547
14.5,70.4889274752519
14.51,70.5460441151846
14.52,70.6032721466566
14.53,70.6606113955487
14.54,70.7180616865136
14.55,70.7756228429708
14.56,70.8332946871016
14.57,70.8910770398433
14.58,70.9489697208849
14.59,71.0069725486613
14.6,71.0650853403485
14.61,71.1233079118582
14.62,71.1816400778328
14.63,71.2400816516399
14.64,71.2986324453675
14.65,71.3572922698186
14.66,71.4160609345061
14.67,71.4749382476474
14.68,71.5339240161595
14.69,71.5930180456537
14.7,71.65222014043
14.71,71.7115301034725
14.72,71.7709477364439
14.73,71.8304728396801
14.74,71.8901052121854
14.75,71.9498446516268
14.76,72.0096909543293
14.77,72.06964391527
14.78,72.1297033280736
14.79,72.1898689850067
14.8,72.2501406769725
14.81,72.3105181935059
14.82,72.3710013227682
14.83,72.4315898515414
14.84,72.4922835652236
14.85,72.5530822478234
14.86,72.6139856819546
14.87,72.6749936488311
14.88,72.7361059282615
14.89,72.7973222986439
14.9,72.858642536961
14.91,72.9200664187741
14.92,72.9815937182184
14.93,73.0432242079976
14.94,73.1049576593787
14.95,73.1667938421864
14.96,73.2287325247983
14.97,73.2907734741394
14.98,73.3529164556767
14.99,73.4151612334143
15,73.4775075698876
15.01,73.5399552261586
15.02,73.6025039618103
15.03,73.6651535349414
15.04,73.7279037021612
15.05,73.7907542185842
15.06,73.8537048378249
15.07,73.9167553119925
15.08,73.9799053916857
15.09,74.0431548259872
15.1,74.1065033624587
15.11,74.1699507471354
15.12,74.233496724521
15.13,74.2971410375822
15.14,74.3608834277435
15.15,74.4247236348818
15.16,74.4886613973216
15.17,74.552696451829
15.18,74.6168285336071
15.19,74.6810573762904
15.2,74.7453827119396
15.21,74.8098042710364
15.22,74.874321782478
15.23,74.9389349735723
15.24,75.0036435700322
15.25,75.0684472959706
15.26,75.1333458738949
15.27,75.1983390247021
15.28,75.2634264676734
15.29,75.3286079204687
15.3,75.3938830991218
15.31,75.4592517180349
15.32,75.5247134899733
15.33,75.5902681260604
15.34,75.6559153357722
15.35,75.7216548269325
15.36,75.787486305707
15.37,75.8534094765987
15.38,75.9194240424424
15.39,75.9855297043997
15.4,76.0517261619533
15.41,76.1180131129024
15.42,76.1843902533571
15.43,76.2508572777333
15.44,76.3174138787477
15.45,76.3840597474121
15.46,76.4507945730289
15.47,76.5176180431854
15.48,76.5845298437488
15.49,76.6515296588611
15.5,76.7186171709337
15.51,76.7857920606426
15.52,76.853054006923
15.53,76.9204026869641
15.54,76.9878377762041
15.55,77.055358948325
15.56,77.1229658752475
15.57,77.1906582271258
15.58,77.2584356723427
15.59,77.326297877504
15.6,77.3942445074341
15.61,77.4622752251702
15.62,77.5303896919576
15.63,77.5985875672446
15.64,77.6668685086772
15.65,77.7352321720944
15.66,77.8036782115226
15.67,77.8722062791711
15.68,77.9408160254266
15.69,78.0095070988484
15.7,78.0782791461635
15.71,78.1471318122611
15.72,78.216064740188
15.73,78.2850775711434
15.74,78.3541699444739
15.75,78.4233414976686
15.76,78.4925918663541
15.77,78.5619206842894
15.78,78.6313275833611
15.79,78.7008121935781
15.8,78.7703741430672
15.81,78.8400130580677
15.82,78.9097285629267
15.83,78.9795202800939
15.84,79.0493878301171
15.85,79.1193308316371
15.86,79.1893489013824
15.87,79.2594416541653
15.88,79.3296087028759
15.89,79.3998496584782
15.9,79.4701641300044
15.91,79.5405517245507
15.92,79.6110120472724
15.93,79.6815447013786
15.94,79.752149288128
15.95,79.8228254068236
15.96,79.8935726548083
15.97,79.9643906274599
15.98,80.0352789181865
15.99,80.1062371184217
16,80.1772648176195
16.01,80.2483616032503
16.02,80.3195270607956
16.03,80.3907607737436
16.04,80.4620623235843
16.05,80.533431289805
16.06,80.6048672498857
16.07,80.676369779294
16.08,80.7479384514813
16.09,80.8195728378773
16.1,80.8912725078859
16.11,80.9630370288807
16.12,81.0348659661999
16.13,81.1067588831423
16.14,81.1787153409625
16.15,81.2507348988663
16.16,81.3228171140063
16.17,81.3949615414774
16.18,81.4671677343124
16.19,81.5394352434772
16.2,81.6117636178668
16.21,81.6841524043005
16.22,81.7566011475175
16.23,81.829109390173
16.24,81.9016766728329
16.25,81.9743025339703
16.26,82.0469865099607
16.27,82.1197281350777
16.28,82.1925269414888
16.29,82.2653824592509
16.3,82.3382942163063
16.31,82.4112617384782
16.32,82.4842845494664
16.33,82.5573621708434
16.34,82.6304941220498
16.35,82.7036799203904
16.36,82.7769190810297
16.37,82.850211116988
16.38,82.9235555391375
16.39,82.9969518561974
16.4,83.0703995747307
16.41,83.1438981991392
16.42,83.2174472316605
16.43,83.2910461723629
16.44,83.3646945191421
16.45,83.438391767717
16.46,83.5121374116256
16.47,83.585930942221
16.48,83.6597718486679
16.49,83.733659617938
16.5,83.8075937348067
16.51,83.8815736818489
16.52,83.9555989394353
16.53,84.0296689857285
16.54,84.103783296679
16.55,84.1779413460218
16.56,84.2521426052725
16.57,84.3263865437233
16.58,84.4006726284395
16.59,84.475000324256
16.6,84.5493690937732
16.61,84.6237783973535
16.62,84.698227693118
16.63,84.7727164369424
16.64,84.8472440824538
16.65,84.9218100810267
16.66,84.9964138817802
16.67,85.0710549315737
16.68,85.1457326750041
16.69,85.2204465544016
16.7,85.2951960098272
16.71,85.3699804790684
16.72,85.4447993976364
16.73,85.5196521987626
16.74,85.594538313395
16.75,85.6694571701955
16.76,85.744408195536
16.77,85.8193908134956
16.78,85.8944044458569
16.79,85.9694485121035
16.8,86.0445224294162
16.81,86.1196256126702
16.82,86.1947574744319
16.83,86.2699174249557
16.84,86.3451048721813
16.85,86.4203192217303
16.86,86.4955598769034
16.87,86.5708262386773
16.88,86.646117705702
16.89,86.7214336742976
16.9,86.7967735384517
16.91,86.8721366898163
16.92,86.9475225177052
16.93,87.0229304090911
16.94,87.0983597486028
16.95,87.1738099185226
16.96,87.2492802987835
16.97,87.3247702669666
16.98,87.4002791982984
16.99,87.4758064656484
17,87.5513514395262
17.01,87.6269134880792
17.02,87.70249197709
17.03,87.7780862699742
17.04,87.8536957277773
17.05,87.9293197091732
17.06,88.004957570461
17.07,88.0806086655632
17.08,88.1562723460231
17.09,88.2319479610027
17.1,88.3076348572804
17.11,88.3833323792489
17.12,88.4590398689128
17.13,88.5347566658865
17.14,88.6104821073926
17.15,88.686215528259
17.16,88.7619562609175
17.17,88.8377036354019
17.18,88.9134569793452
17.19,88.9892156179789
17.2,89.0649788741299
17.21,89.1407460682197
17.22,89.2165165182618
17.23,89.2922895398605
17.24,89.3680644462087
17.25,89.4438405480866
17.26,89.5196171538598
17.27,89.5953935694779
17.28,89.6711690984726
17.29,89.7469430419564
17.3,89.822714698621
17.31,89.898483364736
17.32,89.9742483341472
17.33,90.0500088982756
17.34,90.1257643461155
17.35,90.2015139642338
17.36,90.2772570367684
17.37,90.3529928454269
17.38,90.4287206694858
17.39,90.504439785789
17.4,90.5801494687468
17.41,90.6558489903348
17.42,90.7315376200932
17.43,90.8072146251254
17.44,90.8828792700973
17.45,90.9585308172363
17.46,91.0341685263308
17.47,91.1097916547288
17.48,91.1853994573376
17.49,91.260991186623
17.5,91.3365660926086
17.51,91.4121234228751
17.52,91.4876624225598
17.53,91.5631823343561
17.54,91.6386823985129
17.55,91.7141618528342
17.56,91.789619932679
17.57,91.8650558709602
17.58,91.9404688981452
17.59,92.0158582422549
17.6,92.0912231288639
17.61,92.1665627811003
17.62,92.2418764196453
17.63,92.3171632627335
17.64,92.3924225261527
17.65,92.4676534232438
17.66,92.5428551649011
17.67,92.6180269595722
17.68,92.6931680132585
17.69,92.7682775295151
17.7,92.843354709451
17.71,92.9183987517298
17.72,92.9934088525697
17.73,93.0683842057444
17.74,93.1433240025826
17.75,93.2182274319699
17.76,93.293093680348
17.77,93.3679219317162
17.78,93.4427113676319
17.79,93.517461167211
17.8,93.5921705071291
17.81,93.6668385616219
17.82,93.7414645024865
17.83,93.8160474990822
17.84,93.8905867183311
17.85,93.9650813247197
17.86,94.0395304802996
17.87,94.1139333446891
17.88,94.1882890750736
17.89,94.2625968262077
17.9,94.336855750416
17.91,94.4110649975946
17.92,94.4852237152127
17.93,94.5593310483135
17.94,94.6333861395166
17.95,94.7073881290188
17.96,94.7813361545961
17.97,94.8552293516053
17.98,94.9290668529858
17.99,95.0028477892616
18,95.0765712885428
18.01,95.1502364765276
18.02,95.2238424765045
18.03,95.2973884093542
18.04,95.3708733935517
18.05,95.4442965451686
18.06,95.5176569778749
18.07,95.5909538029417
18.08,95.6641861292436
18.09,95.7373530632605
18.1,95.8104537090808
18.11,95.8834871684034
18.12,95.9564525405405
18.13,96.0293489224199
18.14,96.1021754085884
18.15,96.1749310912138
18.16,96.2476150600882
18.17,96.3202264026306
18.18,96.3927642038901
18.19,96.4652275465488
18.2,96.5376155109246
18.21,96.6099271749749
18.22,96.6821616142993
18.23,96.754317902143
18.24,96.8263951094001
18.25,96.8983923046173
18.26,96.9703085539969
18.27,97.0421429214006
18.28,97.1138944683527
18.29,97.1855622540444
18.3,97.2571453353371
18.31,97.3286427667659
18.32,97.4000536005441
18.33,97.4713768865667
18.34,97.5426116724143
18.35,97.6137570033573
18.36,97.6848119223603
18.37,97.7557754700856
18.38,97.8266466848981
18.39,97.8974246028691
18.4,97.968108257781
18.41,98.0386966811318
18.42,98.1091889021392
18.43,98.1795839477457
18.44,98.2498808426229
18.45,98.3200786091765
18.46,98.3901762675507
18.47,98.4601728356335
18.48,98.5300673290614
18.49,98.5998587612243
18.5,98.6695461432709
18.51,98.7391284841136
18.52,98.8086047904339
18.53,98.8779740666874
18.54,98.9472353151095
18.55,99.0163875357206
18.56,99.0854297263317
18.57,99.15436088255
18.58,99.2231799977845
18.59,99.2918860632518
18.6,99.3604780679818
18.61,99.4289549988237
18.62,99.4973158404518
18.63,99.5655595753716
18.64,99.6336851839259
18.65,99.7016916443012
18.66,99.7695779325333
18.67,99.8373430225145
18.68,99.9049858859991
18.69,99.9725054926107
18.7,100.039900809848
18.71,100.107170803093
18.72,100.174314435614
18.73,100.241330668577
18.74,100.30821846105
18.75,100.37497677001
18.76,100.441604550352
18.77,100.508100754891
18.78,100.574464334376
18.79,100.640694237493
18.8,100.706789410872
18.81,100.772748799097
18.82,100.838571344712
18.83,100.904255988229
18.84,100.969801668133
18.85,101.035207320896
18.86,101.100471880978
18.87,101.165594280839
18.88,101.230573450944
18.89,101.295408319775
18.9,101.360097813836
18.91,101.424640857663
18.92,101.48903637383
18.93,101.553283282959
18.94,101.61738050373
18.95,101.681326952885
18.96,101.745121545243
18.97,101.808763193702
18.98,101.872250809253
18.99,101.935583300985
19,101.998759576098
19.01,102.061778539908
19.02,102.124639095859
19.03,102.187340145531
19.04,102.249880588649
19.05,102.312259323094
19.06,102.374475244911
19.07,102.436527248317
19.08,102.498414225715
19.09,102.5601350677
19.1,102.621688663072
19.11,102.683073898841
19.12,102.744289660242
19.13,102.805334830742
19.14,102.866208292053
19.15,102.926908924139
19.16,102.987435605228
19.17,103.047787211822
19.18,103.107962618709
19.19,103.167960698971
19.2,103.227780323997
19.21,103.287420363493
19.22,103.346879685491
19.23,103.406157156364
19.24,103.465251640833
19.25,103.524162001982
19.26,103.582887101264
19.27,103.641425798518
19.28,103.699776951978
19.29,103.757939418281
19.3,103.815912052487
19.31,103.873693708082
19.32,103.931283236994
19.33,103.988679489606
19.34,104.045881314764
19.35,104.102887559792
19.36,104.159697070505
19.37,104.216308691219
19.38,104.272721264762
19.39,104.328933632491
19.4,104.384944634301
19.41,104.440753108639
19.42,104.496357892516
19.43,104.551757821519
19.44,104.606951729828
19.45,104.661938450223
19.46,104.716716814101
19.47,104.771285651489
19.48,104.825643791057
19.49,104.879790060128
19.5,104.933723284698
19.51,104.987442289443
19.52,105.040945897738
19.53,105.094232931667
19.54,105.147302212039
19.55,105.200152558399
19.56,105.252782789047
19.57,105.305191721048
19.58,105.357378170247
19.59,105.409340951285
19.6,105.461078877613
19.61,105.512590761503
19.62,105.563875414068
19.63,105.614931645274
19.64,105.665758263954
19.65,105.716354077824
19.66,105.766717893499
19.67,105.816848516506
19.68,105.866744751301
19.69,105.916405401284
19.7,105.965829268812
19.71,106.015015155219
19.72,106.063961860828
19.73,106.112668184968
19.74,106.161132925989
19.75,106.20935488128
19.76,106.257332847282
19.77,106.305065619508
19.78,106.352551992554
19.79,106.39979076012
19.8,106.446780715025
19.81,106.493520649222
19.82,106.540009353816
19.83,106.586245619082
19.84,106.632228234478
19.85,106.677955988666
19.86,106.723427669526
19.87,106.768642064176
19.88,106.813597958986
19.89,106.858294139598
19.9,106.902729390941
19.91,106.946902497252
19.92,106.990812242089
19.93,107.034457408354
19.94,107.077836778306
19.95,107.120949133582
19.96,107.163793255214
19.97,107.206367923646
19.98,107.248671918757
19.99,107.290704019871
20,107.332463005785
20.01,107.373947654779
20.02,107.41515674464
20.03,107.456089052681
20.04,107.496743355756
20.05,107.537118430281
20.06,107.577213052255
20.07,107.617025997276
20.08,107.656556040562
20.09,107.695801956971
20.1,107.734762521018
20.11,107.773436506897
20.12,107.8118226885
20.13,107.849919839438
20.14,107.887726733057
20.15,107.925242142461
20.16,107.962464840535
20.17,107.999393599958
20.18,108.03602719323
20.19,108.072364392687
20.2,108.108403970529
20.21,108.144144698831
20.22,108.179585349571
20.23,108.214724694649
20.24,108.249561505907
20.25,108.284094555151
20.26,108.31832261417
20.27,108.352244454762
20.28,108.38585884875
20.29,108.419164568008
20.3,108.452160384478
20.31,108.484845070198
20.32,108.517217397316
20.33,108.54927613812
20.34,108.581020065052
20.35,108.612447950737
20.36,108.643558568001
20.37,108.674350689897
20.38,108.704823089722
20.39,108.734974541044
20.4,108.764803817725
20.41,108.79430969394
20.42,108.823490944203
20.43,108.852346343389
20.44,108.880874666756
20.45,108.909074689972
20.46,108.936945189133
20.47,108.96448494079
20.48,108.991692721971
20.49,109.018567310205
20.5,109.045107483547
20.51,109.071312020601
20.52,109.09717970054
20.53,109.122709303138
20.54,109.147899608787
20.55,109.172749398525
20.56,109.19725745406
20.57,109.221422557791
20.58,109.24524349284
20.59,109.268719043068
20.6,109.291847993106
20.61,109.314629128376
20.62,109.33706123512
20.63,109.359143100421
20.64,109.38087351223
20.65,109.402251259393
20.66,109.423275131672
20.67,109.443943919776
20.68,109.464256415383
20.69,109.484211411164
20.7,109.503807700816
20.71,109.52304407908
20.72,109.541919341771
20.73,109.560432285804
20.74,109.57858170922
20.75,109.596366411211
20.76,109.613785192149
20.77,109.630836853609
20.78,109.647520198401
20.79,109.66383403059
20.8,109.67977715553
20.81,109.695348379884
20.82,109.710546511657
20.83,109.72537036022
20.84,109.739818736338
20.85,109.753890452196
20.86,109.76758432143
20.87,109.780899159152
20.88,109.793833781976
20.89,109.806387008052
20.9,109.818557657086
20.91,109.830344550373
20.92,109.841746510826
20.93,109.852762363
20.94,109.863390933123
20.95,109.873631049125
20.96,109.883481540663
20.97,109.892941239155
20.98,109.902008977804
20.99,109.91068359163
21,109.918963917496
21.01,109.92684879414
21.02,109.9343370622
21.03,109.941427564251
21.04,109.948119144824
21.05,109.954410650444
21.06,109.960300929654
21.07,109.96578883305
21.08,109.970873213303
21.09,109.975552925198
21.1,109.979826825657
21.11,109.98369377377
21.12,109.98715263083
21.13,109.990202260356
21.14,109.99284152813
21.15,109.995069302223
21.16,109.996884453026
21.17,109.998285853282
21.18,109.999272378119
21.19,109.999842905074
21.2,109.999996314129
21.21,109.999731487743
21.22,109.99904731088
21.23,109.997942671039
21.24,109.996416458289
21.25,109.994467565301
21.26,109.992094887373
21.27,109.98929732247
21.28,109.986073771248
21.29,109.982423137092
21.3,109.978344326143
21.31,109.973836247335
21.32,109.96889781242
21.33,109.963527936007
21.34,109.957725535591
21.35,109.951489531585
21.36,109.944818847354
21.37,109.937712409245
21.38,109.930169146624
21.39,109.922187991903
21.4,109.913767880577
21.41,109.904907751255
21.42,109.895606545694
21.43,109.88586320883
21.44,109.875676688814
21.45,109.865045937043
21.46,109.853969908195
21.47,109.84244756026
21.48,109.830477854574
21.49,109.818059755857
21.5,109.80519223224
21.51,109.791874255302
21.52,109.778104800105
21.53,109.763882845225
21.54,109.749207372788
21.55,109.734077368504
21.56,109.7184918217
21.57,109.702449725354
21.58,109.685950076132
21.59,109.668991874419
21.6,109.651574124357
21.61,109.633695833874
21.62,109.615356014727
21.63,109.596553682527
21.64,109.577287856783
21.65,109.55755756093
21.66,109.537361822366
21.67,109.51669967249
21.68,109.495570146733
21.69,109.473972284595
21.7,109.451905129681
21.71,109.429367729734
21.72,109.406359136674
21.73,109.382878406628
21.74,109.358924599973
21.75,109.334496781364
21.76,109.309594019775
21.77,109.284215388533
21.78,109.258359965354
21.79,109.232026832377
21.8,109.205215076206
21.81,109.177923787937
21.82,109.150152063202
21.83,109.121899002201
21.84,109.093163709741
21.85,109.063945295269
21.86,109.034242872911
21.87,109.004055561509
21.88,108.973382484654
21.89,108.942222770727
21.9,108.910575552932
21.91,108.878439969336
21.92,108.845815162903
21.93,108.812700281532
21.94,108.779094478094
21.95,108.74499691047
21.96,108.710406741586
21.97,108.675323139451
21.98,108.639745277195
21.99,108.603672333105
22,108.567103490663
22.01,108.530037938584
22.02,108.492474870852
22.03,108.454413486757
22.04,108.415852990936
22.05,108.376792593406
22.06,108.337231509605
22.07,108.297168960429
22.08,108.256604172267
22.09,108.215536377045
22.1,108.173964812255
22.11,108.131888721002
22.12,108.089307352035
22.13,108.046219959791
22.14,108.002625804425
22.15,107.958524151859
22.16,107.913914273808
22.17,107.868795447828
22.18,107.82316695735
22.19,107.777028091719
22.2,107.730378146229
22.21,107.683216422169
22.22,107.635542226855
22.23,107.587354873669
22.24,107.5386536821
22.25,107.489437977782
22.26,107.439707092531
22.27,107.389460364385
22.28,107.338697137642
22.29,107.287416762899
22.3,107.235618597091
22.31,107.183302003529
22.32,107.130466351938
22.33,107.0771110185
22.34,107.023235385886
22.35,106.968838843303
22.36,106.913920786525
22.37,106.858480617938
22.38,106.802517746574
22.39,106.746031588157
22.4,106.689021565133
22.41,106.631487106716
22.42,106.573427648925
22.43,106.514842634622
22.44,106.455731513553
22.45,106.396093742386
22.46,106.335928784749
22.47,106.275236111273
22.48,106.214015199626
22.49,106.152265534558
22.5,106.089986607935
22.51,106.027177918782
22.52,105.96383897332
22.53,105.899969285006
22.54,105.835568374575
22.55,105.770635770073
22.56,105.705171006903
22.57,105.63917362786
22.58,105.572643183174
22.59,105.505579230543
22.6,105.437981335183
22.61,105.369849069854
22.62,105.301182014913
22.63,105.231979758341
22.64,105.162241895794
22.65,105.091968030631
22.66,105.021157773963
22.67,104.949810744687
22.68,104.877926569527
22.69,104.805504883074
22.7,104.732545327823
22.71,104.659047554216
22.72,104.585011220677
22.73,104.510435993657
22.74,104.435321547669
22.75,104.359667565327
22.76,104.283473737388
22.77,104.206739762792
22.78,104.129465348697
22.79,104.051650210523
22.8,103.973294071989
22.81,103.894396665151
22.82,103.814957730444
22.83,103.734977016721
22.84,103.65445428129
22.85,103.573389289955
22.86,103.491781817056
22.87,103.409631645506
22.88,103.32693856683
22.89,103.243702381207
22.9,103.159922897508
22.91,103.075599933333
22.92,102.990733315051
22.93,102.905322877842
22.94,102.819368465732
22.95,102.732869931632
22.96,102.645827137383
22.97,102.558239953785
22.98,102.470108260645
22.99,102.381431946811
23,102.29221091021
23.01,102.202445057893
23.02,102.112134306064
23.03,102.021278580128
23.04,101.929877814723
23.05,101.837931953762
23.06,101.745440950472
23.07,101.652404767429
23.08,101.558823376599
23.09,101.464696759377
23.1,101.370024906624
23.11,101.274807818704
23.12,101.179045505526
23.13,101.082737986579
23.14,100.985885290971
23.15,100.888487457466
23.16,100.790544534526
23.17,100.692056580343
23.18,100.593023662881
23.19,100.493445859914
23.2,100.393323259061
23.21,100.292655957824
23.22,100.19144406363
23.23,100.089687693863
23.24,99.9873869759047
23.25,99.8845420471696
23.26,99.781153055145
23.27,99.6772201574265
23.28,99.5727435217557
23.29,99.4677233260572
23.3,99.3621597584753
23.31,99.2560530174117
23.32,99.1494033115616
23.33,99.0422108599508
23.34,98.9344758919725
23.35,98.8261986474236
23.36,98.7173793765414
23.37,98.6080183400401
23.38,98.4981158091469
23.39,98.3876720656384
23.4,98.2766874018766
23.41,98.1651621208453
23.42,98.0530965361856
23.43,97.940490972232
23.44,97.827345764048
23.45,97.7136612574621
23.46,97.599437809103
23.47,97.484675786435
23.48,97.3693755677938
23.49,97.2535375424211
23.5,97.1371621105004
23.51,97.0202496831913
23.52,96.9028006826649
23.53,96.7848155421386
23.54,96.6662947059104
23.55,96.5472386293938
23.56,96.4276477791519
23.57,96.3075226329321
23.58,96.1868636797001
23.59,96.0656714196739
23.6,95.9439463643577
23.61,95.821689036576
23.62,95.6988999705071
23.63,95.5755797117165
23.64,95.4517288171908
23.65,95.3273478553705
23.66,95.2024374061832
23.67,95.0769980610771
23.68,94.9510304230532
23.69,94.8245351066988
23.7,94.6975127382194
23.71,94.5699639554716
23.72,94.4418894079951
23.73,94.3132897570452
23.74,94.1841656756248
23.75,94.0545178485157
23.76,93.9243469723112
23.77,93.7936537554469
23.78,93.6624389182326
23.79,93.5307031928833
23.8,93.3984473235505
23.81,93.2656720663529
23.82,93.1323781894072
23.83,92.9985664728589
23.84,92.8642377089128
23.85,92.7293927018629
23.86,92.5940322681227
23.87,92.4581572362553
23.88,92.321768447003
23.89,92.184866753317
23.9,92.0474530203866
23.91,91.9095281256687
23.92,91.7710929589168
23.93,91.6321484222095
23.94,91.49269542998
23.95,91.3527349090439
23.96,91.2122677986277
23.97,91.0712950503972
23.98,90.9298176284851
23.99,90.787836509519
24,90.6453526826488
24.01,90.5023671495744
24.02,90.3588809245723
24.03,90.2148950345232
24.04,90.0704105189381
24.05,89.9254284299858
24.06,89.7799498325181
24.07,89.6339758040971
24.08,89.4875074350202
24.09,89.3405458283467
24.1,89.1930920999226
24.11,89.0451473784063
24.12,88.8967128052937
24.13,88.747789534943
24.14,88.5983787345995
24.15,88.4484815844196
24.16,88.2980992774958
24.17,88.14723301988
24.18,87.9958840306076
24.19,87.8440535417211
24.2,87.6917427982931
24.21,87.5389530584499
24.22,87.3856855933938
24.23,87.2319416874262
24.24,87.0777226379695
24.25,86.9230297555898
24.26,86.7678643640182
24.27,86.6122278001729
24.28,86.4561214141805
24.29,86.2995465693973
24.3,86.1425046424296
24.31,85.9849970231552
24.32,85.8270251147435
24.33,85.6685903336752
24.34,85.5096941097631
24.35,85.3503378861709
24.36,85.1905231194331
24.37,85.030251279474
24.38,84.8695238496264
24.39,84.7083423266506
24.4,84.5467082207523
24.41,84.3846230556006
24.42,84.2220883683465
24.43,84.0591057096397
24.44,83.8956766436459
24.45,83.7318027480642
24.46,83.5674856141435
24.47,83.402726846699
24.48,83.2375280641279
24.49,83.071890898426
24.5,82.9058169952026
24.51,82.7393080136963
24.52,82.5723656267894
24.53,82.404991521023
24.54,82.2371873966112
24.55,82.0689549674553
24.56,81.9002959611576
24.57,81.7312121190348
24.58,81.561705196131
24.59,81.3917769612312
24.6,81.2214291968732
24.61,81.0506636993604
24.62,80.8794822787733
24.63,80.7078867589816
24.64,80.5358789776552
24.65,80.3634607862755
24.66,80.1906340501458
24.67,80.017400648402
24.68,79.8437624740225
24.69,79.6697214338377
24.7,79.4952794485401
24.71,79.3204384526929
24.72,79.1452003947386
24.73,78.9695672370078
24.74,78.7935409557274
24.75,78.6171235410278
24.76,78.4403169969509
24.77,78.263123341457
24.78,78.0855446064314
24.79,77.9075828376911
24.8,77.7292400949904
24.81,77.5505184520272
24.82,77.3714199964481
24.83,77.1919468298533
24.84,77.0121010678012
24.85,76.8318848398134
24.86,76.6513002893778
24.87,76.4703495739525
24.88,76.2890348649694
24.89,76.1073583478367
24.9,75.9253222219413
24.91,75.7429287006515
24.92,75.5601800113181
24.93,75.3770783952766
24.94,75.1936261078475
24.95,75.0098254183372
24.96,74.8256786100389
24.97,74.6411879802315
24.98,74.4563558401799
24.99,74.271184515134
25,74.0856763443272
25.01,73.8998336809752
25.02,73.7136588922737
25.03,73.5271543593963
25.04,73.3403224774914
25.05,73.1531656556795
25.06,72.9656863170491
25.07,72.7778868986532
25.08,72.5897698515046
25.09,72.4013376405718
25.1,72.2125927447729
25.11,72.0235376569709
25.12,71.8341748839672
25.13,71.6445069464958
25.14,71.4545363792158
25.15,71.2642657307048
25.16,71.0736975634513
25.17,70.8828344538464
25.18,70.6916789921755
25.19,70.5002337826094
25.2,70.3085014431954
25.21,70.1164846058474
25.22,69.9241859163354
25.23,69.7316080342757
25.24,69.5387536331194
25.25,69.3456254001416
25.26,69.1522260364287
25.27,68.9585582568672
25.28,68.7646247901302
25.29,68.5704283786647
25.3,68.3759717786782
25.31,68.1812577601242
25.32,67.9862891066882
25.33,67.7910686157727
25.34,67.595599098482
25.35,67.3998833796063
25.36,67.2039242976055
25.37,67.0077247045925
25.38,66.8112874663166
25.39,66.6146154621452
25.4,66.4177115850462
25.41,66.2205787415694
25.42,66.023219851828
25.43,65.8256378494784
25.44,65.6278356817012
25.45,65.4298163091802
25.46,65.2315827060822
25.47,65.0331378600355
25.48,64.834484772108
25.49,64.6356264567854
25.5,64.4365659419484
25.51,64.2373062688494
25.52,64.0378504920891
25.53,63.8382016795927
25.54,63.6383629125846
25.55,63.4383372855642
25.56,63.2381279062798
25.57,63.037737895703
25.58,62.8371703880018
25.59,62.6364285305142
25.6,62.4355154837203
25.61,62.2344344212144
25.62,62.033188529677
25.63,61.8317810088454
25.64,61.6302150714843
25.65,61.4284939433563
25.66,61.2266208631912
25.67,61.024599082655
25.68,60.822431866319
25.69,60.6201224916272
25.7,60.4176742488643
25.71,60.2150904411231
25.72,60.0123743842703
25.73,59.8095294069133
25.74,59.6065588503653
25.75,59.4034660686108
25.76,59.2002544282695
25.77,58.9969273085613
25.78,58.7934881012687
25.79,58.589940210701
25.8,58.3862870536557
25.81,58.1825320593811
25.82,57.9786786695377
25.83,57.7747303381591
25.84,57.5706905316122
25.85,57.3665627285573
25.86,57.1623504199076
25.87,56.9580571087878
25.88,56.7536863104924
25.89,56.5492415524437
25.9,56.3447263741489
25.91,56.1401443271569
25.92,55.9354989750143
25.93,55.7307938932214
25.94,55.5260326691872
25.95,55.3212189021837
25.96,55.1163562033004
25.97,54.9114481953976
25.98,54.7064985130591
25.99,54.5015108025454
26,54.2964887217447
26.01,54.0914359401249
26.02,53.886356138684
26.03,53.6812530099008
26.04,53.476130257684
26.05,53.2709915973221
26.06,53.0658407554314
26.07,52.8606814699044
26.08,52.6555174898572
26.09,52.4503525755766
26.1,52.2451904984664
26.11,52.0400350409932
26.12,51.8348899966319
26.13,51.6297591698105
26.14,51.424646375854
26.15,51.2195554409281
26.16,51.0144902019827
26.17,50.809454506694
26.18,50.6044522134065
26.19,50.3994871910747
26.2,50.1945633192034
26.21,49.9896844877889
26.22,49.7848545972575
26.23,49.5800775584059
26.24,49.3753572923388
26.25,49.1706977304075
26.26,48.9661028141472
26.27,48.7615764952137
26.28,48.5571227353202
26.29,48.3527455061726
26.3,48.1484487894048
26.31,47.9442365765135
26.32,47.7401128687921
26.33,47.5360816772642
26.34,47.3321470226165
26.35,47.1283129351311
26.36,46.9245834546174
26.37,46.720962630343
26.38,46.5174545209648
26.39,46.3140631944586
26.4,46.1107927280487
26.41,45.9076472081367
26.42,45.7046307302301
26.43,45.5017473988698
26.44,45.2990013275573
26.45,45.0963966386812
26.46,44.8939374634434
26.47,44.6916279417845
26.48,44.4894722223085
26.49,44.287474462207
26.5,44.0856388271833
26.51,43.883969491375
26.52,43.682470637277
26.53,43.481146455663
26.54,43.2800011455073
26.55,43.0790389139054
26.56,42.878263975994
26.57,42.677680554871
26.58,42.4772928815144
26.59,42.2771051947006
26.6,42.0771217409225
26.61,41.8773467743069
26.62,41.6777845565306
26.63,41.4784393567377
26.64,41.2793154514538
26.65,41.0804171245021
26.66,40.881748666917
26.67,40.6833143768584
26.68,40.4851185595249
26.69,40.2871655270661
26.7,40.089459598495
26.71,39.8920050995994
26.72,39.6948063628529
26.73,39.4978677273249
26.74,39.3011935385908
26.75,39.1047881486407
26.76,38.9086559157883
26.77,38.7128012045788
26.78,38.5172283856965
26.79,38.3219418358714
26.8,38.1269459377854
26.81,37.9322450799781
26.82,37.7378436567523
26.83,37.5437460680779
26.84,37.3499567194959
26.85,37.1564800220225
26.86,36.9633203920508
26.87,36.7704822512541
26.88,36.5779700264867
26.89,36.3857881496855
26.9,36.1939410577701
26.91,36.002433192543
26.92,35.8112690005888
26.93,35.6204529331731
26.94,35.4299894461405
26.95,35.2398829998125
26.96,35.050138058884
26.97,34.8607590923207
26.98,34.6717505732539
26.99,34.4831169788769
27,34.2948627903389
27.01,34.1069924926399
27.02,33.9195105745237
27.03,33.7324215283715
27.04,33.5457298500943
27.05,33.3594400390244
27.06,33.1735565978075
27.07,32.9880840322929
27.08,32.803026851424
27.09,32.6183895671281
27.1,32.4341766942053
27.11,32.2503927502174
27.12,32.0670422553754
27.13,31.8841297324276
27.14,31.7016597065461
27.15,31.5196367052131
27.16,31.338065258107
27.17,31.1569498969876
27.18,30.9762951555804
27.19,30.7961055694613
27.2,30.61638567594
27.21,30.4371400139428
27.22,30.2583731238956
27.23,30.0800895476054
27.24,29.9022938281421
27.25,29.7249905097191
27.26,29.5481841375739
27.27,29.3718792578477
27.28,29.1960804174648
27.29,29.0207921640115
27.3,28.8460190456138
27.31,28.6717656108156
27.32,28.4980364084556
27.33,28.3248359875441
27.34,28.1521688971388
27.35,27.9800396862206
27.36,27.8084529035686
27.37,27.6374130976347
27.38,27.4669248164173
27.39,27.2969926073354
27.4,27.1276210171008
27.41,26.9588145915911
27.42,26.7905778757217
27.43,26.6229154133167
27.44,26.4558317469805
27.45,26.2893314179678
27.46,26.1234189660535
27.47,25.9580989294026
27.48,25.7933758444384
27.49,25.6292542457116
27.5,25.4657386657678
27.51,25.3028336350152
27.52,25.1405436815915
27.53,24.97887333123
27.54,24.8178271071263
27.55,24.657409529803
27.56,24.4976251169754
27.57,24.3384783834154
27.58,24.1799738408162
27.59,24.0221159976554
27.6,23.8649093590583
27.61,23.7083584266604
27.62,23.5524676984699
27.63,23.3972416687291
27.64,23.2426848277757
27.65,23.0888016619038
27.66,22.935596653224
27.67,22.7830742795233
27.68,22.6312390141247
27.69,22.4800953257461
27.7,22.3296476783588
27.71,22.1799005310457
27.72,22.0308583378588
27.73,21.8825255476765
27.74,21.7349066040605
27.75,21.5880059451121
27.76,21.4418280033281
27.77,21.2963772054562
27.78,21.1516579723502
27.79,21.0076747188248
27.8,20.8644318535098
27.81,20.7219337787036
27.82,20.5801848902271
27.83,20.4391895772765
27.84,20.2989522222759
27.85,20.1594772007298
27.86,20.0207688810744
27.87,19.8828316245297
27.88,19.74566978495
27.89,19.6092877086748
27.9,19.473689734379
27.91,19.3388801929232
27.92,19.2048634072025
27.93,19.0716436919964
27.94,18.939225353817
27.95,18.8076126907577
27.96,18.6768099923415
27.97,18.5468215393681
27.98,18.4176516037619
27.99,18.2893044484186
28,18.1617843270519
28.01,18.0350954840401
28.02,17.9092421542717
28.03,17.7842285629913
28.04,17.6600589256448
28.05,17.5367374477246
28.06,17.4142683246139
28.07,17.2926557414313
28.08,17.1719038728749
28.09,17.0520168830658
28.1,16.9329989253917
28.11,16.8148541423499
28.12,16.6975866653902
28.13,16.5812006147575
28.14,16.4657000993337
28.15,16.3510892164802
28.16,16.2373720518789
28.17,16.1245526793742
28.18,16.012635160814
28.19,15.90162354589
28.2,15.7915218719792
28.21,15.6823341639834
28.22,15.57406443417
28.23,15.466716682011
28.24,15.3602948940236
28.25,15.2548030436086
28.26,15.1502450908901
28.27,15.0466249825541
28.28,14.9439466516873
28.29,14.8422140176156
28.3,14.7414309857419
28.31,14.6416014473847
28.32,14.5427292796153
28.33,14.4448183450959
28.34,14.3478724919169
28.35,14.2518955534335
28.36,14.1568913481036
28.37,14.0628636793242
28.38,13.969816335268
28.39,13.87775308872
28.4,13.7866776969138
28.41,13.6965939013677
28.42,13.6075054277207
28.43,13.5194159855687
28.44,13.4323292682995
28.45,13.3462489529291
28.46,13.2611786999365
28.47,13.1771221530994
28.48,13.0940829393293
28.49,13.0120646685064
28.5,12.9310709333147
28.51,12.8511053090767
28.52,12.7721713535883
28.53,12.6942726069532
28.54,12.6174125914176
28.55,12.5415948112046
28.56,12.4668227523484
28.57,12.3930998825291
28.58,12.3204296509063
28.59,12.2488154879536
28.6,12.1782608052927
28.61,12.1087689955275
28.62,12.0403434320777
28.63,11.9729874690134
28.64,11.9067044408884
28.65,11.8414976625747
28.66,11.7773704290958
28.67,11.714326015461
28.68,11.6523676764991
28.69,11.5914986466922
28.7,11.5317221400097
28.71,11.4730413497417
28.72,11.4154594483337
28.73,11.3589795872198
28.74,11.3036048966567
28.75,11.249338485558
28.76,11.1961834413279
28.77,11.1441428296954
28.78,11.0932196945482
28.79,11.0434170577669
28.8,10.9947379190594
28.81,10.947185255795
28.82,10.9007620228387
28.83,10.8554711523859
28.84,10.8113155537967
28.85,10.7682981134305
28.86,10.7264216944811
28.87,10.685689136811
28.88,10.6461032567869
28.89,10.6076668471143
28.9,10.5703826766731
28.91,10.5342534903527
28.92,10.4992820088875
28.93,10.4654709286929
28.94,10.4328229217006
28.95,10.401340635195
28.96,10.3710266916488
28.97,10.34188368856
28.98,10.3139141982879
28.99,10.2871207678898
29,10.2615059189585
29.01,10.2370721474583
29.02,10.2138219235634
29.03,10.1917576914948
29.04,10.1708818693583
29.05,10.1511968489822
29.06,10.132704995756
29.07,10.1154086484686
29.08,10.0993101191469
29.09,10.084411692895
29.1,10.0707156277336
29.11,10.0582241544392
29.12,10.0469394763842
29.13,10.0368637693768
29.14,10.0279991815016
29.15,10.0203478329605
29.16,10.0139118159132
29.17,10.0086931943192
29.18,10.0046940037788
29.19,10.0019162513759
29.2,10.0003619155198
29.21,10.0000329457882
29.22,10.0009312627702
29.23,10.0030587579096
29.24,10.0064172933492
29.25,10.0110087017744
29.26,10.0168347862583
29.27,10.0238973201063
29.28,10.0321980467021
29.29,10.0417386793526
29.3,10.0525209011351
29.31,10.0645463647432
29.32,10.0778166923344
29.33,10.0923334753775
29.34,10.1080982745004
29.35,10.1251126193389
29.36,10.1433780083853
29.37,10.162895908838
29.38,10.1836677564515
29.39,10.2056949553862
29.4,10.2289788780602
29.41,10.2535208649997
29.42,10.2793222246917
29.43,10.3063842334359
29.44,10.3347081351978
29.45,10.3642951414624
29.46,10.395146431088
29.47,10.4272631501607
29.48,10.4606464118499
29.49,10.4952972962638
29.5,10.5312168503057
29.51,10.5684060875311
29.52,10.6068659880048
29.53,10.6465974981595
29.54,10.6876015306542
29.55,10.7298789642334
29.56,10.7734306435876
29.57,10.8182573792132
29.58,10.8643599472744
29.59,10.9117390894646
29.6,10.9603955128692
29.61,11.0103298898289
29.62,11.0615428578033
29.63,11.1140350192361
29.64,11.1678069414195
29.65,11.222859156361
29.66,11.2791921606499
29.67,11.3368064153243
29.68,11.3957023457399
29.69,11.4558803414385
29.7,11.5173407560178
29.71,11.5800839070016
29.72,11.6441100757114
29.73,11.7094195071378
29.74,11.7760124098135
29.75,11.8438889556868
29.76,11.9130492799961
29.77,11.9834934811443
29.78,12.0552216205756
29.79,12.1282337226517
29.8,12.2025297745295
29.81,12.2781097260395
29.82,12.3549734895651
29.83,12.4331209399229
29.84,12.5125519142432
29.85,12.5932662118524
29.86,12.6752635941552
29.87,12.7585437845189
29.88,12.8431064681573
29.89,12.9289512920163
29.9,13.0160778646607
29.91,13.1044857561609
29.92,13.1941744979813
29.93,13.2851435828697
29.94,13.377392464747
29.95,13.4709205585987
29.96,13.5657272403667
29.97,13.6618118468421
29.98,13.7591736755597
29.99,13.8578119846927
30,13.9577259929487
30.01,14.0589148794667
30.02,14.1613777837153
30.03,14.2651138053916
30.04,14.3701220043212
30.05,14.4764014003598
30.06,14.5839509732947
30.07,14.6927696627487
30.08,14.8028563680842
30.09,14.9142099483084
30.1,15.0268292219802
30.11,15.1407129671174
30.12,15.2558599211059
30.13,15.3722687806088
30.14,15.4899382014782
30.15,15.6088667986666
30.16,15.7290531461404
30.17,15.8504957767945
30.18,15.9731931823673
30.19,16.0971438133577
30.2,16.222346078943
30.21,16.348798346898
30.22,16.4764989435149
30.23,16.6054461535251
30.24,16.735638220022
30.25,16.867073344384
30.26,16.9997496862009
30.27,17.133665363199
30.28,17.2688184511696
30.29,17.4052069838972
30.3,17.5428289530901
30.31,17.6816823083112
30.32,17.8217649569112
30.33,17.963074763962
30.34,18.1056095521925
30.35,18.2493671019246
30.36,18.3943451510112
30.37,18.5405413947753
30.38,18.6879534859508
30.39,18.8365790346239
30.4,18.9864156081764
30.41,19.1374607312301
30.42,19.289711885593
30.43,19.4431665102061
30.44,19.5978220010926
30.45,19.753675711307
30.46,19.9107249508875
30.47,20.068966986808
30.48,20.2283990429328
30.49,20.3890182999719
30.5,20.5508218954383
30.51,20.7138069236064
30.52,20.8779704354716
30.53,21.0433094387126
30.54,21.2098208976529
30.55,21.3775017332262
30.56,21.5463488229418
30.57,21.7163590008518
30.58,21.8875290575197
30.59,22.059855739991
30.6,22.2333357517648
30.61,22.407965752767
30.62,22.5837423593252
30.63,22.7606621441449
30.64,22.9387216362875
30.65,23.1179173211495
30.66,23.2982456404436
30.67,23.4797029921812
30.68,23.6622857306566
30.69,23.8459901664322
30.7,24.0308125663263
30.71,24.2167491534018
30.72,24.4037961069561
30.73,24.5919495625141
30.74,24.7812056118209
30.75,24.9715603028376
30.76,25.1630096397382
30.77,25.3555495829078
30.78,25.5491760489431
30.79,25.7438849106543
30.8,25.939671997068
30.81,26.1365330934331
30.82,26.3344639412271
30.83,26.5334602381649
30.84,26.7335176382086
30.85,26.9346317515799
30.86,27.1367981447733
30.87,27.3400123405715
30.88,27.5442698180624
30.89,27.7495660126579
30.9,27.9558963161142
30.91,28.1632560765538
30.92,28.3716405984901
30.93,28.5810451428524
30.94,28.7914649270136
30.95,29.0028951248192
30.96,29.2153308666188
30.97,29.4287672392981
30.98,29.6431992863136
30.99,29.8586220077296
31,30.0750303602551
31.01,30.2924192572847
31.02,30.5107835689396
31.03,30.7301181221119
31.04,30.9504177005088
31.05,31.1716770447009
31.06,31.3938908521705
31.07,31.6170537773624
31.08,31.8411604317371
31.09,32.0662053838244
31.1,32.292183159281
31.11,32.5190882409475
31.12,32.7469150689092
31.13,32.9756580405579
31.14,33.2053115106557
31.15,33.4358697914007
31.16,33.6673271524946
31.17,33.8996778212125
31.18,34.1329159824736
31.19,34.3670357789153
31.2,34.6020313109679
31.21,34.8378966369321
31.22,35.0746257730575
31.23,35.3122126936243
31.24,35.5506513310255
31.25,35.7899355758521
31.26,36.0300592769802
31.27,36.2710162416587
31.28,36.5128002356015
31.29,36.7554049830784
31.3,36.9988241670114
31.31,37.2430514290696
31.32,37.4880803697693
31.33,37.7339045485731
31.34,37.9805174839934
31.35,38.2279126536964
31.36,38.4760834946083
31.37,38.7250234030244
31.38,38.974725734719
31.39,39.225183805058
31.4,39.4763908891131
31.41,39.7283402217786
31.42,39.9810249978897
31.43,40.2344383723426
31.44,40.4885734602176
31.45,40.7434233369031
31.46,40.9989810382223
31.47,41.2552395605616
31.48,41.5121918610015
31.49,41.7698308574488
31.5,42.0281494287713
31.51,42.2871404149349
31.52,42.5467966171419
31.53,42.8071107979719
31.54,43.0680756815245
31.55,43.3296839535647
31.56,43.5919282616689
31.57,43.8548012153748
31.58,44.1182953863318
31.59,44.3824033084546
31.6,44.647117478078
31.61,44.9124303541142
31.62,45.1783343582127
31.63,45.4448218749203
31.64,45.7118852518465
31.65,45.979516799827
31.66,46.2477087930928
31.67,46.5164534694395
31.68,46.7857430303985
31.69,47.0555696414116
31.7,47.3259254320065
31.71,47.5968024959753
31.72,47.8681928915537
31.73,48.1400886416043
31.74,48.4124817338
31.75,48.6853641208111
31.76,48.9587277204931
31.77,49.2325644160777
31.78,49.5068660563653
31.79,49.7816244559201
31.8,50.0568313952661
31.81,50.3324786210871
31.82,50.6085578464269
31.83,50.885060750893
31.84,51.1619789808612
31.85,51.4393041496839
31.86,51.7170278378984
31.87,51.9951415934392
31.88,52.2736369318514
31.89,52.5525053365065
31.9,52.8317382588198
31.91,53.1113271184706
31.92,53.3912633036246
31.93,53.6715381711572
31.94,53.9521430468804
31.95,54.2330692257703
31.96,54.5143079721985
31.97,54.7958505201634
31.98,55.0776880735259
31.99,55.359811806245
32,55.6422128626171
32.01,55.9248823575169
32.02,56.2078113766399
32.03,56.4909909767478
32.04,56.7744121859148
32.05,57.0580660037779
32.06,57.341943401787
32.07,57.6260353234588
32.08,57.9103326846321
32.09,58.1948263737246
32.1,58.4795072519937
32.11,58.7643661537965
32.12,59.0493938868548
32.13,59.3345812325196
32.14,59.6199189460399
32.15,59.9053977568315
32.16,60.1910083687494
32.17,60.4767414603618
32.18,60.7625876852255
32.19,61.0485376721645
32.2,61.3345820255492
32.21,61.6207113255794
32.22,61.9069161285673
32.23,62.1931869672247
32.24,62.4795143509502
32.25,62.7658887661194
32.26,63.0523006763782
32.27,63.338740522935
32.28,63.6251987248587
32.29,63.9116656793755
32.3,64.19813176217
32.31,64.4845873276864
32.32,64.7710227094339
32.33,65.0574282202912
32.34,65.3437941528157
32.35,65.6301107795535
32.36,65.9163683533509
32.37,66.2025571076685
32.38,66.4886672568973
32.39,66.7746889966765
32.4,67.0606125042133
32.41,67.3464279386043
32.42,67.6321254411598
32.43,67.9176951357288
32.44,68.203127129027
32.45,68.4884115109654
32.46,68.7735383549829
32.47,69.0584977183781
32.48,69.3432796426455
32.49,69.6278741538116
32.5,69.9122712627745
32.51,70.1964609656443
32.52,70.4804332440853
32.53,70.7641780656614
32.54,71.0476853841812
32.55,71.330945140047
32.56,71.6139472606043
32.57,71.8966816604938
32.58,72.1791382420048
32.59,72.4613068954303
32.6,72.7431774994254
32.61,73.0247399213643
32.62,73.3059840177029
32.63,73.58689963434
32.64,73.8674766069826
32.65,74.1477047615111
32.66,74.4275739143472
32.67,74.7070738728241
32.68,74.9861944355567
32.69,75.2649253928155
32.7,75.5432565269003
32.71,75.8211776125175
32.72,76.0986784171573
32.73,76.375748701474
32.74,76.6523782196669
32.75,76.9285567198635
32.76,77.2042739445047
32.77,77.4795196307299
32.78,77.7542835107659
32.79,78.0285553123162
32.8,78.3023247589522
32.81,78.5755815705051
32.82,78.8483154634618
32.83,79.1205161513592
32.84,79.3921733451824
32.85,79.6632767537636
32.86,79.9338160841824
32.87,80.2037810421681
32.88,80.473161332503
32.89,80.7419466594275
32.9,81.0101267270463
32.91,81.2776912397369
32.92,81.544629902559
32.93,81.8109324216646
32.94,82.0765885047113
32.95,82.3415878612754
32.96,82.6059202032675
32.97,82.8695752453482
32.98,83.1325427053473
32.99,83.3948123046818
33,83.6563737687772
33.01,83.9172168274896
33.02,84.1773312155285
33.03,84.4367066728817
33.04,84.6953329452412
33.05,84.9531997844303
33.06,85.210296948832
33.07,85.4666142038193
33.08,85.7221413221851
33.09,85.9768680845748
33.1,86.2307842799207
33.11,86.4838797058747
33.12,86.7361441692457
33.13,86.9875674864354
33.14,87.2381394838774
33.15,87.4878499984753
33.16,87.7366888780438
33.17,87.9846459817499
33.18,88.2317111805551
33.19,88.4778743576599
33.2,88.723125408947
33.21,88.9674542434283
33.22,89.2108507836907
33.23,89.4533049663446
33.24,89.6948067424715
33.25,89.9353460780745
33.26,90.1749129545289
33.27,90.4134973690329
33.28,90.6510893350613
33.29,90.8876788828175
33.3,91.1232560596891
33.31,91.3578109307015
33.32,91.5913335789756
33.33,91.8238141061829
33.34,92.0552426330041
33.35,92.2856092995873
33.36,92.514904266007
33.37,92.7431177127241
33.38,92.9702398410466
33.39,93.1962608735909
33.4,93.4211710547441
33.41,93.644960651126
33.42,93.867619952054
33.43,94.0891392700054
33.44,94.3095089410837
33.45,94.5287193254827
33.46,94.746760807953
33.47,94.9636237982683
33.48,95.1792987316925
33.49,95.393776069447
33.5,95.6070462991788
33.51,95.8190999354295
33.52,96.0299275201032
33.53,96.2395196229374
33.54,96.4478668419713
33.55,96.6549598040174
33.56,96.8607891651312
33.57,97.0653456110829
33.58,97.2686198578281
33.59,97.4706026519801
33.6,97.6712847712814
33.61,97.8706570250762
33.62,98.0687102547829
33.63,98.2654353343669
33.64,98.4608231708131
33.65,98.6548647045999
33.66,98.8475509101715
33.67,99.0388727964125
33.68,99.2288214071205
33.69,99.4173878214806
33.7,99.6045631545383
33.71,99.7903385576745
33.72,99.9747052190782
33.73,100.157654364221
33.74,100.339177256332
33.75,100.51926519687
33.76,100.697909525996
33.77,100.875101623052
33.78,101.05083290703
33.79,101.225094837047
33.8,101.397878912818
33.81,101.569176675131
33.82,101.738979706318
33.83,101.907279630727
33.84,102.074068115198
33.85,102.239336869531
33.86,102.403077646963
33.87,102.565282244634
33.88,102.725942504064
33.89,102.885050311618
33.9,103.042597598983
33.91,103.198576343633
33.92,103.352978569302
33.93,103.505796346451
33.94,103.657021792738
33.95,103.806647073488
33.96,103.954664402155
33.97,104.101066040798
33.98,104.24584430054
33.99,104.388991542037
34,104.530500175944
34.01,104.670362663378
34.02,104.808571516385
34.03,104.945119298399
34.04,105.079998624709
34.05,105.213202162917
34.06,105.344722633402
34.07,105.47455280978
34.08,105.602685519361
34.09,105.729113643611
34.1,105.853830118605
34.11,105.976827935489
34.12,106.098100140932
34.13,106.217639837584
34.14,106.335440184527
34.15,106.451494397727
34.16,106.565795750492
34.17,106.678337573913
34.18,106.789113257324
34.19,106.898116248743
34.2,107.005340055322
34.21,107.110778243792
34.22,107.214424440911
34.23,107.316272333905
34.24,107.41631567091
34.25,107.514548261415
34.26,107.6109639767
34.27,107.705556750279
34.28,107.798320578328
34.29,107.889249520133
34.3,107.978337698512
34.31,108.065579300257
34.32,108.150968576562
34.33,108.234499843451
34.34,108.316167482209
34.35,108.39596593981
34.36,108.473889729338
34.37,108.549933430415
34.38,108.624091689617
34.39,108.696359220903
34.4,108.766730806026
34.41,108.835201294952
34.42,108.901765606278
34.43,108.966418727642
34.44,109.029155716134
34.45,109.089971698709
34.46,109.148861872593
34.47,109.205821505688
34.48,109.260845936979
34.49,109.31393057693
34.5,109.365070907893
34.51,109.414262484498
34.52,109.461500934052
34.53,109.506781956936
34.54,109.550101326992
34.55,109.591454891915
34.56,109.63083857364
34.57,109.66824836873
34.58,109.703680348756
34.59,109.73713066068
34.6,109.76859552723
34.61,109.798071247284
34.62,109.825554196238
34.63,109.851040826377
34.64,109.874527667252
34.65,109.896011326037
34.66,109.915488487903
34.67,109.932955916373
34.68,109.948410453686
34.69,109.961849021152
34.7,109.973268619509
34.71,109.982666329272
34.72,109.990039311085
34.73,109.995384806067
34.74,109.998700136154
34.75,109.999982704447
34.76,109.999229995543
34.77,109.996439575875
34.78,109.991609094047
34.79,109.98473628116
34.8,109.975818951145
34.81,109.964855001082
34.82,109.951842411529
34.83,109.936779246833
34.84,109.919663655454
34.85,109.900493870272
34.86,109.879268208902
34.87,109.855985073998
34.88,109.830642953558
34.89,109.803240421225
34.9,109.773776136588
34.91,109.74224884547
34.92,109.708657380228
34.93,109.673000660034
34.94,109.635277691168
34.95,109.595487567291
34.96,109.553629469732
34.97,109.50970266776
34.98,109.463706518856
34.99,109.415640468983
35,109.36550405285
35.01,109.313296894175
35.02,109.259018705945
35.03,109.20266929067
35.04,109.144248540633
35.05,109.083756438143
35.06,109.021193055773
35.07,108.956558556608
35.08,108.889853194479
35.09,108.821077314196
35.1,108.750231351782
35.11,108.677315834694
35.12,108.602331382054
35.13,108.525278704861
35.14,108.446158606209
35.15,108.364971981499
35.16,108.281719818649
35.17,108.196403198293
35.18,108.109023293988
35.19,108.019581372402
35.2,107.928078793515
35.21,107.834517010803
35.22,107.738897571421
35.23,107.641222116391
35.24,107.541492380768
35.25,107.439710193822
35.26,107.335877479203
35.27,107.229996255104
35.28,107.122068634423
35.29,107.01209682492
35.3,106.900083129368
35.31,106.786029945701
35.32,106.669939767159
35.33,106.551815182425
35.34,106.431658875762
35.35,106.309473627147
35.36,106.18526231239
35.37,106.059027903266
35.38,105.930773467623
35.39,105.800502169505
35.4,105.668217269256
35.41,105.533922123627
35.42,105.397620185873
35.43,105.259315005854
35.44,105.119010230125
35.45,104.976709602021
35.46,104.83241696174
35.47,104.686136246426
35.48,104.537871490233
35.49,104.387626824404
35.5,104.235406477327
35.51,104.081214774601
35.52,103.925056139086
35.53,103.766935090957
35.54,103.606856247746
35.55,103.444824324386
35.56,103.280844133247
35.57,103.114920584166
35.58,102.947058684472
35.59,102.777263539012
35.6,102.605540350166
35.61,102.431894417857
35.62,102.256331139563
35.63,102.078856010314
35.64,101.899474622695
35.65,101.718192666834
35.66,101.535015930393
35.67,101.349950298548
35.68,101.16300175397
35.69,100.974176376794
35.7,100.78348034459
35.71,100.590919932324
35.72,100.396501512318
35.73,100.200231554197
35.74,100.002116624845
35.75,99.8021633883404
35.76,99.6003786058962
35.77,99.3967691357929
35.78,99.1913419333039
35.79,98.9841040506193
35.8,98.7750626367609
35.81,98.5642249374951
35.82,98.3515982952386
35.83,98.1371901489601
35.84,97.9210080340759
35.85,97.7030595823404
35.86,97.4833525217321
35.87,97.2618946763331
35.88,97.0386939662044
35.89,96.8137584072556
35.9,96.5870961111084
35.91,96.3587152849563
35.92,96.1286242314176
35.93,95.8968313483839
35.94,95.6633451288626
35.95,95.4281741608149
35.96,95.1913271269871
35.97,94.9528128047378
35.98,94.7126400658586
35.99,94.4708178763907
36,94.2273552964344
36.01,93.9822614799542
36.02,93.7355456745784
36.03,93.487217221393
36.04,93.2372855547301
36.05,92.9857602019507
36.06,92.7326507832227
36.07,92.4779670112922
36.08,92.2217186912502
36.09,91.9639157202939
36.1,91.7045680874812
36.11,91.4436858734813
36.12,91.1812792503186
36.13,90.9173584811115
36.14,90.6519339198056
36.15,90.3850160109008
36.16,90.1166152891742
36.17,89.8467423793954
36.18,89.5754079960383
36.19,89.3026229429855
36.2,89.0283981132286
36.21,88.7527444885613
36.22,88.4756731392688
36.23,88.1971952238095
36.24,87.9173219884932
36.25,87.6360647671519
36.26,87.3534349808054
36.27,87.0694441373226
36.28,86.7841038310747
36.29,86.4974257425858
36.3,86.2094216381744
36.31,85.9201033695926
36.32,85.6294828736576
36.33,85.3375721718771
36.34,85.0443833700722
36.35,84.7499286579899
36.36,84.4542203089149
36.37,84.1572706792715
36.38,83.8590922082232
36.39,83.5596974172639
36.4,83.2590989098057
36.41,82.9573093707599
36.42,82.6543415661119
36.43,82.3502083424923
36.44,82.0449226267395
36.45,81.7384974254604
36.46,81.4309458245813
36.47,81.1222809888969
36.48,80.8125161616109
36.49,80.501664663873
36.5,80.1897398943089
36.51,79.8767553285448
36.52,79.5627245187279
36.53,79.2476610930384
36.54,78.9315787551993
36.55,78.6144912839772
36.56,78.2964125326808
36.57,77.9773564286509
36.58,77.6573369727467
36.59,77.3363682388263
36.6,77.0144643732204
36.61,76.6916395942025
36.62,76.3679081914513
36.63,76.0432845255099
36.64,75.7177830272368
36.65,75.3914181972545
36.66,75.0642046053901
36.67,74.7361568901107
36.68,74.4072897579553
36.69,74.0776179829588
36.7,73.747156406072
36.71,73.4159199345754
36.72,73.0839235414884
36.73,72.751182264972
36.74,72.4177112077275
36.75,72.0835255363879
36.76,71.748640480906
36.77,71.4130713339355
36.78,71.0768334502076
36.79,70.7399422459022
36.8,70.4024131980135
36.81,70.0642618437103
36.82,69.7255037796918
36.83,69.3861546615362
36.84,69.0462302030468
36.85,68.7057461755902
36.86,68.3647184074316
36.87,68.0231627830623
36.88,67.6810952425251
36.89,67.3385317807316
36.9,66.9954884467767
36.91,66.6519813432462
36.92,66.3080266255204
36.93,65.9636405010725
36.94,65.6188392287609
36.95,65.2736391181185
36.96,64.9280565286342
36.97,64.5821078690329
36.98,64.2358095965465
36.99,63.8891782161834
37,63.5422302799918
37.01,63.1949823863164
37.02,62.8474511790542
37.03,62.4996533469005
37.04,62.1516056225952
37.05,61.8033247821593
37.06,61.4548276441306
37.07,61.1061310687931
37.08,60.7572519574001
37.09,60.4082072513963
37.1,60.0590139316313
37.11,59.7096890175717
37.12,59.3602495665052
37.13,59.0107126727444
37.14,58.6610954668216
37.15,58.3114151146825
37.16,57.9616888168732
37.17,57.6119338077238
37.18,57.2621673545279
37.19,56.912406756716
37.2,56.5626693450264
37.21,56.2129724806706
37.22,55.8633335544955
37.23,55.5137699861393
37.24,55.1642992231856
37.25,54.8149387403118
37.26,54.4657060384329
37.27,54.1166186438429
37.28,53.7676941073505
37.29,53.4189500034117
37.3,53.0704039292568
37.31,52.7220735040162
37.32,52.3739763678397
37.33,52.0261301810122
37.34,51.6785526230671
37.35,51.3312613918938
37.36,50.9842742028432
37.37,50.6376087878275
37.38,50.2912828944188
37.39,49.9453142849406
37.4,49.5997207355593
37.41,49.2545200353692
37.42,48.9097299854749
37.43,48.5653683980715
37.44,48.2214530955185
37.45,47.8780019094127
37.46,47.5350326796565
37.47,47.1925632535232
37.48,46.8506114847183
37.49,46.5091952324387
37.5,46.168332360428
37.51,45.8280407360272
37.52,45.4883382292257
37.53,45.1492427117053
37.54,44.8107720558837
37.55,44.4729441339541
37.56,44.1357768169215
37.57,43.799287973637
37.58,43.4634954698278
37.59,43.1284171671261
37.6,42.7940709220933
37.61,42.4604745852434
37.62,42.1276460000617
37.63,41.7956030020228
37.64,41.4643634176038
37.65,41.1339450632978
37.66,40.8043657446219
37.67,40.4756432551244
37.68,40.1477953753897
37.69,39.8208398720397
37.7,39.4947944967346
37.71,39.1696769851691
37.72,38.8455050560689
37.73,38.5222964101831
37.74,38.200068729276
37.75,37.878839675115
37.76,37.5586268884585
37.77,37.239447988041
37.78,36.9213205695551
37.79,36.6042622046343
37.8,36.2882904398313
37.81,35.9734227955968
37.82,35.6596767652549
37.83,35.3470698139774
37.84,35.0356193777575
37.85,34.7253428623808
37.86,34.416257642395
37.87,34.1083810600787
37.88,33.8017304244089
37.89,33.4963230100261
37.9,33.1921760561997
37.91,32.8893067657915
37.92,32.5877323042175
37.93,32.2874697984101
37.94,31.9885363357773
37.95,31.6909489631638
37.96,31.3947246858077
37.97,31.0998804662997
37.98,30.8064332235389
37.99,30.5143998316903
38,30.2237971191392
38.01,29.9346418674472
38.02,29.6469508103062
38.03,29.3607406324929
38.04,29.076027968822
38.05,28.7928294031001
38.06,28.5111614670784
38.07,28.2310406394061
38.08,27.9524833445824
38.09,27.6755059519099
38.1,27.4001247744469
38.11,27.1263560679604
38.12,26.8542160298784
38.13,26.5837207982438
38.14,26.3148864506664
38.15,26.0477290032779
38.16,25.7822644096846
38.17,25.5185085599224
38.18,25.2564772794115
38.19,24.9961863279121
38.2,24.7376513984799
38.21,24.4808881164233
38.22,24.225912038261
38.23,23.9727386506798
38.24,23.7213833694948
38.25,23.4718615386087
38.26,23.2241884289734
38.27,22.9783792375528
38.28,22.7344490862854
38.29,22.4924130210503
38.3,22.252286010632
38.31,22.0140829456887
38.32,21.7778186377211
38.33,21.5435078180422
38.34,21.3111651367502
38.35,21.0808051617014
38.36,20.8524423774858
38.37,20.6260911844041
38.38,20.4017658974473
38.39,20.1794807452766
38.4,19.9592498692071
38.41,19.7410873221928
38.42,19.5250070678128
38.43,19.311022979262
38.44,19.0991488383414
38.45,18.8893983344531
38.46,18.6817850635958
38.47,18.4763225273645
38.48,18.273024131951
38.49,18.0719031871488
38.5,17.8729729053596
38.51,17.6762464006024
38.52,17.4817366875266
38.53,17.2894566804265
38.54,17.0994191922606
38.55,16.911636933672
38.56,16.7261225120133
38.57,16.5428884303745
38.58,16.3619470866137
38.59,16.1833107723914
38.6,16.0069916722084
38.61,15.8330018624471
38.62,15.6613533104163
38.63,15.4920578733994
38.64,15.3251272977069
38.65,15.1605732177323
38.66,14.9984071550119
38.67,14.8386405172883
38.68,14.6812845975789
38.69,14.5263505732467
38.7,14.3738495050773
38.71,14.2237923363584
38.72,14.0761898919648
38.73,13.9310528774469
38.74,13.7883918781245
38.75,13.6482173581841
38.76,13.5105396597819
38.77,13.3753690021503
38.78,13.2427154807104
38.79,13.1125890661882
38.8,12.9849996037362
38.81,12.8599568120601
38.82,12.73747028255
38.83,12.6175494784174
38.84,12.5002037338365
38.85,12.3854422530918
38.86,12.2732741097302
38.87,12.1637082457184
38.88,12.0567534706068
38.89,11.9524184606978
38.9,11.8507117582203
38.91,11.7516417705097
38.92,11.6552167691937
38.93,11.5614448893842
38.94,11.4703341288744
38.95,11.3818923473425
38.96,11.2961272655614
38.97,11.2130464646142
38.98,11.1326573851161
38.99,11.0549673264424
39,10.9799834459633
39.01,10.9077127582843
39.02,10.8381621344938
39.03,10.7713383014169
39.04,10.707247840876
39.05,10.6458971889578
39.06,10.5872926352872
39.07,10.5314403223084
39.08,10.4783462445721
39.09,10.4280162480307
39.1,10.3804560293392
39.11,10.3356711351648
39.12,10.2936669615022
39.13,10.2544487529974
39.14,10.2180216022777
39.15,10.1843904492899
39.16,10.1535600806456
39.17,10.1255351289742
39.18,10.1003200722832
39.19,10.0779192333264
39.2,10.0583367789801
39.21,10.0415767196263
39.22,10.0276429085444
39.23,10.0165390413109
39.24,10.0082686552066
39.25,10.0028351286323
39.26,10.0002416805324
39.27,10.0004913698268
39.28,10.003587094851
39.29,10.0095315928046
39.3,10.0183274392081
39.31,10.0299770473683
39.32,10.0444826678522
39.33,10.061846387969
39.34,10.082070131262
39.35,10.1051556570075
39.36,10.1311045597239
39.37,10.1599182686892
39.38,10.191598047467
39.39,10.226144993442
39.4,10.2635600373642
39.41,10.3038439429024
39.42,10.3469973062068
39.43,10.3930205554808
39.44,10.4419139505619
39.45,10.4936775825122
39.46,10.5483113732183
39.47,10.6058150750003
39.48,10.6661882702308
39.49,10.729430370963
39.5,10.7955406185687
39.51,10.8645180833862
39.52,10.9363616643774
39.53,11.0110700887949
39.54,11.0886419118594
39.55,11.1690755164463
39.56,11.252369112783
39.57,11.3385207381553
39.58,11.427528256625
39.59,11.5193893587567
39.6,11.6141015613552
39.61,11.7116622072131
39.62,11.812068464869
39.63,11.9153173283748
39.64,12.0214056170755
39.65,12.1303299753973
39.66,12.2420868726476
39.67,12.356672602825
39.68,12.4740832844401
39.69,12.5943148603465
39.7,12.7173630975833
39.71,12.8432235872276
39.72,12.971891744258
39.73,13.1033628074293
39.74,13.2376318391574
39.75,13.3746937254157
39.76,13.5145431756425
39.77,13.6571747226587
39.78,13.8025827225977
39.79,13.9507613548449
39.8,14.1017046219903
39.81,14.2554063497901
39.82,14.4118601871416
39.83,14.5710596060679
39.84,14.7329979017142
39.85,14.8976681923563
39.86,15.0650634194194
39.87,15.235176347509
39.88,15.407999564453
39.89,15.5835254813554
39.9,15.7617463326613
39.91,15.9426541762342
39.92,16.1262408934438
39.93,16.3124981892665
39.94,16.5014175923971
39.95,16.6929904553716
39.96,16.8872079547035
39.97,17.0840610910297
39.98,17.2835406892702
39.99,17.485637398798
40,17.6903416936218
40.01,17.8976438725807
40.02,18.1075340595501
40.03,18.3200022036603
40.04,18.5350380795265
40.05,18.7526312874912
40.06,18.9727712538786
40.07,19.1954472312604
40.08,19.4206482987352
40.09,19.648363362218
40.1,19.8785811547437
40.11,20.1112902367814
40.12,20.3464789965616
40.13,20.5841356504153
40.14,20.8242482431254
40.15,21.0668046482904
40.16,21.3117925686997
40.17,21.5591995367229
40.18,21.8090129147089
40.19,22.0612198953994
40.2,22.3158075023533
40.21,22.5727625903849
40.22,22.8320718460125
40.23,23.0937217879211
40.24,23.3576987674363
40.25,23.6239889690114
40.26,23.8925784107264
40.27,24.1634529447992
40.28,24.4365982581098
40.29,24.7119998727362
40.3,24.9896431465037
40.31,25.2695132735453
40.32,25.5515952848753
40.33,25.8358740489759
40.34,26.1223342723947
40.35,26.4109605003561
40.36,26.7017371173837
40.37,26.9946483479371
40.38,27.2896782570586
40.39,27.5868107510349
40.4,27.886029578069
40.41,28.1873183289659
40.42,28.4906604378308
40.43,28.7960391827778
40.44,29.1034376866544
40.45,29.4128389177746
40.46,29.7242256906673
40.47,30.0375806668351
40.48,30.3528863555275
40.49,30.6701251145242
40.5,30.9892791509322
40.51,31.3103305219951
40.52,31.633261135914
40.53,31.9580527526819
40.54,32.2846869849286
40.55,32.6131452987801
40.56,32.9434090147282
40.57,33.2754593085133
40.58,33.6092772120203
40.59,33.9448436141844
40.6,34.2821392619111
40.61,34.6211447610075
40.62,34.9618405771264
40.63,35.3042070367205
40.64,35.6482243280124
40.65,35.9938725019722
40.66,36.3411314733104
40.67,36.6899810214822
40.68,37.0404007917022
40.69,37.3923702959729
40.7,37.7458689141239
40.71,38.1008758948641
40.72,38.4573703568437
40.73,38.8153312897311
40.74,39.1747375552987
40.75,39.5355678885215
40.76,39.8978008986886
40.77,40.2614150705235
40.78,40.6263887653196
40.79,40.9927002220841
40.8,41.3603275586954
40.81,41.7292487730711
40.82,42.0994417443478
40.83,42.470884234073
40.84,42.8435538874059
40.85,43.2174282343332
40.86,43.5924846908927
40.87,43.9687005604108
40.88,44.3460530347488
40.89,44.7245191955629
40.9,45.1040760155729
40.91,45.4847003598429
40.92,45.8663689870746
40.93,46.2490585509073
40.94,46.6327456012343
40.95,47.0174065855245
40.96,47.4030178501596
40.97,47.7895556417785
40.98,48.1769961086346
40.99,48.5653153019619
41,48.954489177353
41.01,49.344493596147
41.02,49.7353043268276
41.03,50.1268970464318
41.04,50.5192473419688
41.05,50.9123307118491
41.06,51.3061225673235
41.07,51.7005982339324
41.08,52.0957329529654
41.09,52.4915018829297
41.1,52.88788010103
41.11,53.2848426046562
41.12,53.682364312883
41.13,54.0804200679767
41.14,54.4789846369141
41.15,54.8780327129087
41.16,55.2775389169474
41.17,55.6774777993366
41.18,56.0778238412568
41.19,56.4785514563272
41.2,56.8796349921785
41.21,57.2810487320359
41.22,57.6827668963091
41.23,58.0847636441939
41.24,58.4870130752792
41.25,58.8894892311655
41.26,59.2921660970911
41.27,59.6950176035651
41.28,60.0980176280119
41.29,60.5011399964211
41.3,60.9043584850078
41.31,61.3076468218791
41.32,61.7109786887097
41.33,62.1143277224267
41.34,62.5176675168986
41.35,62.9209716246361
41.36,63.3242135584976
41.37,63.7273667934043
41.38,64.1304047680605
41.39,64.533300886684
41.4,64.9360285207413
41.41,65.3385610106909
41.42,65.7408716677348
41.43,66.1429337755739
41.44,66.5447205921743
41.45,66.9462053515364
41.46,67.3473612654734
41.47,67.7481615253944
41.48,68.1485793040963
41.49,68.5485877575588
41.5,68.9481600267483
41.51,69.3472692394267
41.52,69.7458885119658
41.53,70.1439909511693
41.54,70.5415496560977
41.55,70.9385377199019
41.56,71.3349282316598
41.57,71.7306942782199
41.58,72.1258089460495
41.59,72.520245323088
41.6,72.9139765006062
41.61,73.3069755750679
41.62,73.6992156500007
41.63,74.0906698378666
41.64,74.4813112619409
41.65,74.8711130581938
41.66,75.2600483771757
41.67,75.6480903859096
41.68,76.0352122697833
41.69,76.4213872344497
41.7,76.8065885077275
41.71,77.1907893415086
41.72,77.5739630136661
41.73,77.9560828299685
41.74,78.3371221259947
41.75,78.7170542690541
41.76,79.095852660109
41.77,79.4734907356994
41.78,79.8499419698716
41.79,80.2251798761084
41.8,80.5991780092626
41.81,80.9719099674926
41.82,81.3433493941997
41.83,81.713469979969
41.84,82.08224546451
41.85,82.4496496386014
41.86,82.8156563460354
41.87,83.1802394855659
41.88,83.5433730128552
41.89,83.905030942425
41.9,84.2651873496064
41.91,84.6238163724916
41.92,84.9808922138865
41.93,85.3363891432639
41.94,85.6902814987178
41.95,86.0425436889161
41.96,86.393150195057
41.97,86.7420755728218
41.98,87.0892944543309
41.99,87.4347815500971
42,87.7785116509801
42.01,88.1204596301402
42.02,88.4606004449911
42.03,88.7989091391523
42.04,89.1353608443999
42.05,89.4699307826176
42.06,89.8025942677453
42.07,90.1333267077267
42.08,90.462103606456
42.09,90.7889005657217
42.1,91.11369328715
42.11,91.4364575741451
42.12,91.7571693338281
42.13,92.075804578973
42.14,92.3923394299413
42.15,92.7067501166125
42.16,93.0190129803133
42.17,93.3291044757437
42.18,93.6370011728986
42.19,93.9426797589885
42.2,94.246117040355
42.21,94.5472899443835
42.22,94.8461755214126
42.23,95.1427509466389
42.24,95.4369935220183
42.25,95.7288806781632
42.26,96.0183899762353
42.27,96.3054991098339
42.28,96.5901859068796
42.29,96.8724283314933
42.3,97.1522044858704
42.31,97.4294926121496
42.32,97.7042710942767
42.33,97.9765184598633
42.34,98.2462133820389
42.35,98.5133346812989
42.36,98.7778613273447
42.37,99.0397724409199
42.38,99.299047295639
42.39,99.5556653198096
42.4,99.809606098249
42.41,100.060849374094
42.42,100.309375050601
42.43,100.555163192947
42.44,100.798194030013
42.45,101.038447956165
42.46,101.275905533034
42.47,101.510547491273
42.48,101.742354732324
42.49,101.971308330162
42.5,102.197389533039
42.51,102.42057976522
42.52,102.640860628706
42.53,102.858213904953
42.54,103.072621556577
42.55,103.284065729057
42.56,103.492528752422
42.57,103.697993142936
42.58,103.900441604762
42.59,104.099857031634
42.6,104.296222508502
42.61,104.489521313175
42.62,104.679736917957
42.63,104.866852991268
42.64,105.050853399252
42.65,105.231722207384
42.66,105.409443682058
42.67,105.584002292164
42.68,105.755382710664
42.69,105.923569816143
42.7,106.088548694358
42.71,106.250304639774
42.72,106.408823157088
42.73,106.564089962736
42.74,106.716090986398
42.75,106.864812372484
42.76,107.010240481608
42.77,107.152361892052
42.78,107.29116340122
42.79,107.426632027068
42.8,107.558755009537
42.81,107.68751981196
42.82,107.812914122464
42.83,107.934925855354
42.84,108.053543152485
42.85,108.168754384621
42.86,108.28054815278
42.87,108.388913289565
42.88,108.49383886048
42.89,108.595314165234
42.9,108.693328739029
42.91,108.787872353834
42.92,108.878935019641
42.93,108.966506985715
42.94,109.05057874182
42.95,109.131141019435
42.96,109.208184792952
42.97,109.281701280859
42.98,109.351681946912
42.99,109.418118501285
43,109.481002901707
43.01,109.540327354583
43.02,109.596084316102
43.03,109.648266493321
43.04,109.69686684524
43.05,109.74187858386
43.06,109.783295175219
43.07,109.821110340414
43.08,109.855318056611
43.09,109.885912558031
43.1,109.912888336921
43.11,109.93624014451
43.12,109.955962991945
43.13,109.972052151209
43.14,109.984503156027
43.15,109.993311802745
43.16,109.998474151199
43.17,109.999986525561
43.18,109.99784551517
43.19,109.992047975344
43.2,109.982591028171
43.21,109.969472063286
43.22,109.952688738625
43.23,109.932238981162
43.24,109.908120987627
43.25,109.880333225208
43.26,109.848874432227
43.27,109.813743618804
43.28,109.774940067494
43.29,109.732463333914
43.3,109.686313247344
43.31,109.636489911305
43.32,109.582993704129
43.33,109.525825279496
43.34,109.464985566959
43.35,109.400475772449
43.36,109.332297378752
43.37,109.260452145977
43.38,109.184942111993
43.39,109.105769592854
43.4,109.022937183195
43.41,108.936447756618
43.42,108.846304466043
43.43,108.752510744054
43.44,108.655070303211
43.45,108.553987136346
43.46,108.449265516839
43.47,108.340909998874
43.48,108.228925417664
43.49,108.113316889668
43.5,107.994089812778
43.51,107.871249866482
43.52,107.744803012019
43.53,107.614755492492
43.54,107.481113832979
43.55,107.343884840606
43.56,107.203075604611
43.57,107.058693496372
43.58,106.910746169431
43.59,106.759241559475
43.6,106.604187884313
43.61,106.445593643816
43.62,106.283467619848
43.63,106.117818876161
43.64,105.94865675828
43.65,105.775990893354
43.66,105.599831189996
43.67,105.420187838086
43.68,105.237071308566
43.69,105.050492353204
43.7,104.860462004332
43.71,104.66699157457
43.72,104.47009265652
43.73,104.269777122443
43.74,104.066057123901
43.75,103.858945091394
43.76,103.648453733955
43.77,103.434596038737
43.78,103.217385270565
43.79,102.996834971475
43.8,102.772958960221
43.81,102.54577133176
43.82,102.315286456724
43.83,102.081518980851
43.84,101.844483824407
43.85,101.604196181577
43.86,101.360671519837
43.87,101.113925579297
43.88,100.863974372027
43.89,100.610834181354
43.9,100.354521561135
43.91,100.095053335016
43.92,99.832446595651
43.93,99.5667187039137
43.94,99.2978872880743
43.95,99.0259702429586
43.96,98.7509857290798
43.97,98.47295217175
43.98,98.1918882601651
43.99,97.9078129464677
44,97.6207454447863
44.01,97.3307052302493
44.02,97.0377120379775
44.03,96.7417858620521
44.04,96.4429469544577
44.05,96.1412158240039
44.06,95.8366132352218
44.07,95.5291602072384
44.08,95.2188780126246
44.09,94.9057881762229
44.1,94.5899124739505
44.11,94.2712729315769
44.12,93.9498918234815
44.13,93.6257916713844
44.14,93.2989952430577
44.15,92.9695255510084
44.16,92.6374058511424
44.17,92.3026596414034
44.18,91.9653106603881
44.19,91.6253828859391
44.2,91.2829005337143
44.21,90.9378880557336
44.22,90.5903701389012
44.23,90.2403717035063
44.24,89.8879179017011
44.25,89.5330341159542
44.26,89.1757459574823
44.27,88.816079264659
44.28,88.4540601014017
44.29,88.0897147555336
44.3,87.7230697371255
44.31,87.3541517768136
44.32,86.982987824096
44.33,86.6096050456051
44.34,86.2340308233596
44.35,85.856292752994
44.36,85.4764186419638
44.37,85.0944365077317
44.38,84.7103745759298
44.39,84.3242612785012
44.4,83.9361252518181
44.41,83.5459953347798
44.42,83.1539005668894
44.43,82.7598701863067
44.44,82.3639336278817
44.45,81.9661205211662
44.46,81.5664606884054
44.47,81.164984142505
44.48,80.7617210849806
44.49,80.3567019038866
44.5,79.94995717172
44.51,79.5415176433084
44.52,79.1314142536747
44.53,78.719678115883
44.54,78.3063405188621
44.55,77.8914329252105
44.56,77.4749869689811
44.57,77.0570344534461
44.58,76.6376073488409
44.59,76.2167377900891
44.6,75.7944580745093
44.61,75.3708006595001
44.62,74.9457981602069
44.63,74.51948334717
44.64,74.0918891439544
44.65,73.6630486247577
44.66,73.2329950120021
44.67,72.8017616739085
44.68,72.3693821220484
44.69,71.9358900088821
44.7,71.5013191252745
44.71,71.0657033979983
44.72,70.6290768872128
44.73,70.1914737839303
44.74,69.7529284074644
44.75,69.3134752028576
44.76,68.8731487382958
44.77,68.4319837025034
44.78,67.990014902124
44.79,67.5472772590805
44.8,67.1038058079232
44.81,66.6596356931588
44.82,66.2148021665655
44.83,65.7693405844893
44.84,65.3232864051269
44.85,64.8766751857939
44.86,64.4295425801742
44.87,63.9819243355579
44.88,63.5338562900617
44.89,63.0853743698373
44.9,62.6365145862616
44.91,62.1873130331155
44.92,61.7378058837485
44.93,61.2880293882267
44.94,60.8380198704705
44.95,60.3878137253761
44.96,59.9374474159257
44.97,59.4869574702827
44.98,59.0363804788756
44.99,58.5857530914686
45,58.1351120142194
45.01,57.6844940067253
45.02,57.2339358790567
45.03,56.7834744887809
45.04,56.33314673797
45.05,55.8829895702018
45.06,55.4330399675475
45.07,54.9833349475495
45.08,54.5339115601864
45.09,54.0848068848299
45.1,53.6360580271921
45.11,53.187702116259
45.12,52.739776301218
45.13,52.2923177483748
45.14,51.8453636380612
45.15,51.3989511615326
45.16,50.953117517858
45.17,50.507899910803
45.18,50.0633355457002
45.19,49.6194616263165
45.2,49.1763153517084
45.21,48.7339339130747
45.22,48.2923544905957
45.23,47.8516142502708
45.24,47.4117503407477
45.25,46.9727998901432
45.26,46.5348000028604
45.27,46.0977877563985
45.28,45.6618001981588
45.29,45.2268743422416
45.3,44.7930471662415
45.31,44.3603556080361
45.32,43.9288365625715
45.33,43.4985268786413
45.34,43.0694633556624
45.35,42.6416827404491
45.36,42.2152217239802
45.37,41.7901169381649
45.38,41.3664049526054
45.39,40.9441222713585
45.4,40.5233053296895
45.41,40.1039904908304
45.42,39.6862140427333
45.43,39.2700121948206
45.44,38.855421074737
45.45,38.4424767250983
45.46,38.0312151002425
45.47,37.6216720629752
45.48,37.2138833813196
45.49,36.8078847252661
45.5,36.4037116635192
45.51,36.001399660249
45.52,35.6009840718404
45.53,35.2025001436474
45.54,34.8059830067449
45.55,34.411467674685
45.56,34.0189890402551
45.57,33.6285818722384
45.58,33.2402808121764
45.59,32.8541203711362
45.6,32.4701349264799
45.61,32.0883587186374
45.62,31.7088258478843
45.63,31.3315702711241
45.64,30.9566257986742
45.65,30.5840260910573
45.66,30.2138046557969
45.67,29.8459948442218
45.68,29.4806298482713
45.69,29.1177426973107
45.7,28.757366254951
45.71,28.3995332158776
45.72,28.0442761026824
45.73,27.6916272627065
45.74,27.3416188648902
45.75,26.994282896629
45.76,26.6496511606395
45.77,26.3077552718334
45.78,25.968626654202
45.79,25.6322965377061
45.8,25.2987959551791
45.81,24.9681557392383
45.82,24.6404065192074
45.83,24.3155787180473
45.84,23.9937025492997
45.85,23.6748080140416
45.86,23.3589248978497
45.87,23.0460827677782
45.88,22.7363109693471
45.89,22.429638623545
45.9,22.1260946238415
45.91,21.8257076332145
45.92,21.5285060811917
45.93,21.2345181609019
45.94,20.9437718261447
45.95,20.6562947884709
45.96,20.3721145142795
45.97,20.0912582219282
45.98,19.8137528788589
45.99,19.5396251987411
46,19.2689016386265
46.01,19.0016083961241
46.02,18.7377714065884
46.03,18.4774163403271
46.04,18.2205685998222
46.05,17.9672533169715
46.06,17.7174953503459
46.07,17.4713192824661
46.08,17.2287494170945
46.09,16.989809776549
46.1,16.7545240990335
46.11,16.5229158359882
46.12,16.2950081494582
46.13,16.0708239094835
46.14,15.8503856915077
46.15,15.633715773807
46.16,15.42083613494
46.17,15.2117684512192
46.18,15.0065340942016
46.19,14.8051541282025
46.2,14.6076493078305
46.21,14.4140400755443
46.22,14.2243465592322
46.23,14.0385885698135
46.24,13.8567855988639
46.25,13.6789568162628
46.26,13.5051210678651
46.27,13.3352968731963
46.28,13.1695024231716
46.29,13.0077555778395
46.3,12.8500738641493
46.31,12.6964744737454
46.32,12.5469742607839
46.33,12.4015897397772
46.34,12.2603370834626
46.35,12.1232321206983
46.36,11.990290334384
46.37,11.8615268594096
46.38,11.7369564806295
46.39,11.6165936308651
46.4,11.5004523889336
46.41,11.3885464777047
46.42,11.2808892621855
46.43,11.1774937476334
46.44,11.0783725776968
46.45,10.9835380325852
46.46,10.8930020272681
46.47,10.8067761097022
46.48,10.7248714590892
46.49,10.6472988841624
46.5,10.5740688215036
46.51,10.5051913338897
46.52,10.4406761086703
46.53,10.3805324561756
46.54,10.3247693081548
46.55,10.2733952162465
46.56,10.2264183504794
46.57,10.1838464978054
46.58,10.1456870606642
46.59,10.1119470555796
46.6,10.0826331117886
46.61,10.0577514699028
46.62,10.0373079806021
46.63,10.0213081033621
46.64,10.0097569052139
46.65,10.0026590595375
46.66,10.0000188448891
46.67,10.0018401438617
46.68,10.0081264419797
46.69,10.018880826628
46.7,10.0341059860155
46.71,10.0538042081727
46.72,10.0779773799844
46.73,10.1066269862576
46.74,10.1397541088241
46.75,10.1773594256785
46.76,10.2194432101525
46.77,10.2660053301236
46.78,10.317045247261
46.79,10.3725620163063
46.8,10.4325542843922
46.81,10.4970202903953
46.82,10.5659578643275
46.83,10.6393644267635
46.84,10.7172369883045
46.85,10.7995721490799
46.86,10.886366098286
46.87,10.9776146137618
46.88,11.0733130616027
46.89,11.1734563958111
46.9,11.2780391579862
46.91,11.3870554770506
46.92,11.5004990690147
46.93,11.6183632367814
46.94,11.7406408699862
46.95,11.8673244448785
46.96,11.9984060242394
46.97,12.1338772573398
46.98,12.2737293799366
46.99,12.4179532143073
47,12.5665391693251
47.01,12.7194772405722
47.02,12.8767570104923
47.03,13.0383676485826
47.04,13.204297911626
47.05,13.374536143962
47.06,13.5490702777969
47.07,13.7278878335556
47.08,13.9109759202706
47.09,14.0983212360137
47.1,14.2899100683645
47.11,14.4857282949224
47.12,14.6857613838558
47.13,14.8899943944934
47.14,15.0984119779541
47.15,15.3109983778191
47.16,15.5277374308426
47.17,15.7486125677035
47.18,15.9736068137981
47.19,16.2027027900727
47.2,16.4358827138963
47.21,16.6731283999746
47.22,16.9144212613041
47.23,17.159742310168
47.24,17.4090721591693
47.25,17.6623910223097
47.26,17.9196787161043
47.27,18.1809146607402
47.28,18.4460778812729
47.29,18.7151470088672
47.3,18.988100282075
47.31,19.2649155481552
47.32,19.545570264435
47.33,19.8300414997112
47.34,20.1183059356911
47.35,20.410339868475
47.36,20.7061192100802
47.37,21.0056194900031
47.38,21.308815856824
47.39,21.6156830798503
47.4,21.9261955508024
47.41,22.2403272855383
47.42,22.5580519258183
47.43,22.8793427411113
47.44,23.2041726304401
47.45,23.5325141242678
47.46,23.8643393864221
47.47,24.199620216063
47.48,24.5383280496873
47.49,24.8804339631735
47.5,25.225908673869
47.51,25.5747225427125
47.52,25.9268455764001
47.53,26.2822474295872
47.54,26.6408974071335
47.55,27.0027644663838
47.56,27.3678172194894
47.57,27.736023935769
47.58,28.1073525441076
47.59,28.4817706353941
47.6,28.8592454649976
47.61,29.2397439552827
47.62,29.623232698163
47.63,30.0096779576916
47.64,30.399045672691
47.65,30.7913014594205
47.66,31.1864106142817
47.67,31.5843381165593
47.68,31.9850486312038
47.69,32.3885065116461
47.7,32.7946758026542
47.71,33.2035202432211
47.72,33.6150032694966
47.73,34.0290880177489
47.74,34.4457373273657
47.75,34.8649137438914
47.76,35.2865795221003
47.77,35.7106966291043
47.78,36.1372267474959
47.79,36.5661312785298
47.8,36.9973713453357
47.81,37.4309077961663
47.82,37.8667012076841
47.83,38.304711888277
47.84,38.7448998814123
47.85,39.1872249690208
47.86,39.6316466749197
47.87,40.0781242682639
47.88,40.5266167670337
47.89,40.9770829415525
47.9,41.4294813180422
47.91,41.8837701822049
47.92,42.3399075828408
47.93,42.7978513354967
47.94,43.2575590261471
47.95,43.7189880149041
47.96,44.1820954397607
47.97,44.6468382203644
47.98,45.1131730618213
47.99,45.5810564585282
48,46.0504446980385
48.01,46.5212938649539
48.02,46.9935598448486
48.03,47.4671983282181
48.04,47.9421648144618
48.05,48.4184146158906
48.06,48.8959028617617
48.07,49.3745845023449
48.08,49.8544143130124
48.09,50.3353468983568
48.1,50.8173366963361
48.11,51.3003379824456
48.12,51.7843048739135
48.13,52.2691913339247
48.14,52.7549511758669
48.15,53.2415380676055
48.16,53.728905535779
48.17,54.2170069701202
48.18,54.7057956278017
48.19,55.195224637805
48.2,55.6852470053103
48.21,56.1758156161111
48.22,56.6668832410505
48.23,57.1584025404801
48.24,57.6503260687366
48.25,58.1426062786461
48.26,58.6351955260424
48.27,59.1280460743108
48.28,59.6211100989454
48.29,60.114339692135
48.3,60.6076868673591
48.31,61.1011035640067
48.32,61.5945416520142
48.33,62.0879529365189
48.34,62.5812891625299
48.35,63.0745020196167
48.36,63.5675431466153
48.37,64.0603641363483
48.38,64.552916540361
48.39,65.0451518736733
48.4,65.5370216195469
48.41,66.0284772342655
48.42,66.5194701519277
48.43,67.0099517892576
48.44,67.499873550423
48.45,67.9891868318703
48.46,68.4778430271671
48.47,68.9657935318616
48.48,69.4529897483487
48.49,69.9393830907475
48.5,70.4249249897904
48.51,70.9095668977217
48.52,71.3932602932027
48.53,71.875956686228
48.54,72.3576076230496
48.55,72.8381646911088
48.56,73.3175795239725
48.57,73.7958038062818
48.58,74.2727892787001
48.59,74.7484877428739
48.6,75.2228510663907
48.61,75.695831187751
48.62,76.1673801213355
48.63,76.6374499623835
48.64,77.1059928919677
48.65,77.5729611819778
48.66,78.0383072001024
48.67,78.5019834148131
48.68,78.9639424003526
48.69,79.4241368417181
48.7,79.8825195396505
48.71,80.3390434156187
48.72,80.7936615168065
48.73,81.2463270210951
48.74,81.6969932420452
48.75,82.1456136338766
48.76,82.592141796445
48.77,83.0365314802135
48.78,83.4787365912214
48.79,83.9187111960496
48.8,84.3564095267785
48.81,84.7917859859398
48.82,85.2247951514665
48.83,85.6553917816304
48.84,86.083530819977
48.85,86.5091674002477
48.86,86.9322568513004
48.87,87.3527547020144
48.88,87.7706166861897
48.89,88.1857987474346
48.9,88.5982570440451
48.91,89.00794795387
48.92,89.4148280791669
48.93,89.8188542514444
48.94,90.2199835362936
48.95,90.6181732382038
48.96,91.0133809053657
48.97,91.4055643344612
48.98,91.7946815754374
48.99,92.1806909362626
49,92.5635509876727
49.01,92.9432205678942
49.02,93.3196587873548
49.03,93.692825033373
49.04,94.0626789748334
49.05,94.4291805668396
49.06,94.7922900553498
49.07,95.1519679817921
49.08,95.5081751876602
49.09,95.8608728190867
49.1,96.2100223313959
49.11,96.5555854936352
49.12,96.8975243930832
49.13,97.2358014397341
49.14,97.5703793707599
49.15,97.9012212549484
49.16,98.2282904971151
49.17,98.5515508424904
49.18,98.8709663810833
49.19,99.1865015520146
49.2,99.4981211478281
49.21,99.8057903187689
49.22,100.10947457704
49.23,100.409139801024
49.24,100.704752239485
49.25,100.996278515726
49.26,101.283685631734
49.27,101.566940972284
49.28,101.84601230901
49.29,102.120867804454
49.3,102.391476016073
49.31,102.65780590022
49.32,102.91982681609
49.33,103.17750852963
49.34,103.430821217419
49.35,103.67973547051
49.36,103.924222298236
49.37,104.164253131988
49.38,104.399799828946
49.39,104.630834675778
49.4,104.857330392306
49.41,105.079260135131
49.42,105.296597501212
49.43,105.509316531424
49.44,105.717391714058
49.45,105.920797988294
49.46,106.119510747632
49.47,106.313505843273
49.48,106.502759587473
49.49,106.687248756847
49.5,106.866950595629
49.51,107.041842818897
49.52,107.211903615751
49.53,107.377111652443
49.54,107.537446075475
49.55,107.69288651464
49.56,107.843413086023
49.57,107.989006394963
49.58,108.129647538958
49.59,108.265318110535
49.6,108.396000200062
49.61,108.521676398524
49.62,108.642329800243
49.63,108.757944005557
49.64,108.868503123446
49.65,108.973991774112
49.66,109.074395091505
49.67,109.169698725809
49.68,109.259888845867
49.69,109.344952141564
49.7,109.424875826157
49.71,109.499647638549
49.72,109.569255845522
49.73,109.633689243905
49.74,109.692937162703
49.75,109.746989465161
49.76,109.795836550785
49.77,109.839469357306
49.78,109.877879362585
49.79,109.911058586474
49.8,109.938999592616
49.81,109.96169549019
49.82,109.979139935601
49.83,109.991327134123
49.84,109.998251841472
49.85,109.999909365331
49.86,109.996295566823
49.87,109.987406861915
49.88,109.973240222778
49.89,109.953793179079
49.9,109.929063819221
49.91,109.899050791527
49.92,109.863753305357
49.93,109.823171132179
49.94,109.777304606568
49.95,109.726154627156
49.96,109.669722657519
49.97,109.608010727003
49.98,109.541021431491
49.99,109.468757934115
50,109.391223965896
50.01,109.308423826338
50.02,109.220362383947
50.03,109.127045076704
50.04,109.028477912459
50.05,108.92466746928
50.06,108.815620895733
50.07,108.701345911098
50.08,108.581850805526
50.09,108.457144440136
50.1,108.327236247046
50.11,108.19213622934
50.12,108.051854960978
50.13,107.90640358664
50.14,107.755793821503
50.15,107.600037950963
50.16,107.439148830287
50.17,107.273139884206
50.18,107.102025106438
50.19,106.925819059157
50.2,106.744536872389
50.21,106.55819424335
50.22,106.366807435717
50.23,106.170393278834
50.24,105.968969166862
50.25,105.762553057848
50.26,105.55116347275
50.27,105.334819494382
50.28,105.113540766302
50.29,104.887347491633
50.3,104.656260431821
50.31,104.420300905325
50.32,104.17949078625
50.33,103.933852502905
50.34,103.683409036305
50.35,103.428183918603
50.36,103.168201231462
50.37,102.903485604357
50.38,102.634062212818
50.39,102.359956776603
50.4,102.081195557811
50.41,101.797805358927
50.42,101.509813520807
50.43,101.217247920592
50.44,100.920136969565
50.45,100.618509610936
50.46,100.312395317571
50.47,100.001824089651
50.48,99.6868264522695
50.49,99.3674334529638
50.5,99.0436766591862
50.51,98.7155881557085
50.52,98.3832005419632
50.53,98.0465469293237
50.54,97.7056609383179
50.55,97.3605766957808
50.56,97.0113288319439
50.57,96.6579524774607
50.58,96.3004832603709
50.59,95.9389573030007
50.6,95.5734112188032
50.61,95.203882109133
50.62,94.8304075599625
50.63,94.4530256385344
50.64,94.0717748899544
50.65,93.6866943337195
50.66,93.2978234601892
50.67,92.9052022269946
50.68,92.5088710553843
50.69,92.1088708265142
50.7,91.7052428776744
50.71,91.2980289984583
50.72,90.8872714268703
50.73,90.473012845375
50.74,90.0552963768905
50.75,89.6341655807164
50.76,89.2096644484117
50.77,88.781837399607
50.78,88.350729277767
50.79,87.9163853458874
50.8,87.4788512821415
50.81,87.0381731754675
50.82,86.5943975210991
50.83,86.1475712160409
50.84,85.6977415544895
50.85,85.2449562231972
50.86,84.7892632967829
50.87,84.3307112329869
50.88,83.869348867874
50.89,83.4052254109818
50.9,82.9383904404146
50.91,82.4688938978873
50.92,81.9967860837159
50.93,81.5221176517558
50.94,81.0449396042881
50.95,80.5653032868571
50.96,80.0832603830568
50.97,79.5988629092651
50.98,79.1121632093308
50.99,78.6232139492137
51,78.1320681115688
51.01,77.6387789902916
51.02,77.1434001850089
51.03,76.6459855955278
51.04,76.1465894162326
51.05,75.6452661304418
51.06,75.1420705047153
51.07,74.6370575831188
51.08,74.1302826814422
51.09,73.6218013813774
51.1,73.1116695246495
51.11,72.5999432071073
51.12,72.0866787727706
51.13,71.5719328078371
51.14,71.0557621346487
51.15,70.5382238056159
51.16,70.0193750971025
51.17,69.4992735032757
51.18,68.9779767299097
51.19,68.4555426881595
51.2,67.9320294882913
51.21,67.407495433383
51.22,66.8819990129797
51.23,66.355598896723
51.24,65.8283539279403
51.25,65.3003231172018
51.26,64.7715656358428
51.27,64.2421408094569
51.28,63.7121081113535
51.29,63.1815271559855
51.3,62.6504576923458
51.31,62.1189595973371
51.32,61.5870928691065
51.33,61.0549176203579
51.34,60.5224940716313
51.35,59.9898825445616
51.36,59.4571434551021
51.37,58.9243373067316
51.38,58.3915246836294
51.39,57.8587662438325
51.4,57.3261227123633
51.41,56.7936548743385
51.42,56.2614235680567
51.43,55.7294896780617
51.44,55.1979141281874
51.45,54.6667578745839
51.46,54.1360818987236
51.47,53.6059472003894
51.48,53.076414790645
51.49,52.5475456847914
51.5,52.0194008953043
51.51,51.4920414247598
51.52,50.9655282587423
51.53,50.4399223587445
51.54,49.9152846550494
51.55,49.391676039604
51.56,48.8691573588821
51.57,48.347789406734
51.58,47.8276329172325
51.59,47.3087485575048
51.6,46.7911969205624
51.61,46.2750385181178
51.62,45.7603337734024
51.63,45.2471430139733
51.64,44.7355264645225
51.65,44.2255442396742
51.66,43.717256336788
51.67,43.2107226287565
51.68,42.706002856801
51.69,42.2031566232705
51.7,41.7022433844394
51.71,41.2033224433088
51.72,40.7064529424083
51.73,40.2116938566025
51.74,39.7191039859041
51.75,39.2287419482874
51.76,38.7406661725135
51.77,38.2549348909574
51.78,37.7716061324484
51.79,37.2907377151144
51.8,36.8123872392385
51.81,36.3366120801272
51.82,35.8634693809869
51.83,35.3930160458148
51.84,34.9253087323038
51.85,34.4604038447602
51.86,33.9983575270368
51.87,33.5392256554804
51.88,33.0830638319005
51.89,32.629927376551
51.9,32.1798713211328
51.91,31.7329504018146
51.92,31.2892190522777
51.93,30.8487313967761
51.94,30.4115412432238
51.95,29.977702076303
51.96,29.547267050598
51.97,29.1202889837495
51.98,28.6968203496412
51.99,28.2769132716079
52,27.8606195156732
52.01,27.4479904838151
52.02,27.0390772072613
52.03,26.6339303398153
52.04,26.2326001512118
52.05,25.8351365205047
52.06,25.4415889294905
52.07,25.0520064561613
52.08,24.666437768195
52.09,24.2849311164811
52.1,23.9075343286817
52.11,23.5342948028306
52.12,23.1652595009706
52.13,22.8004749428284
52.14,22.4399871995325
52.15,22.0838418873679
52.16,21.7320841615758
52.17,21.3847587101941
52.18,21.0419097479411
52.19,20.7035810101443
52.2,20.3698157467142
52.21,20.0406567161638
52.22,19.7161461796735
52.23,19.3963258952062
52.24,19.0812371116698
52.25,18.7709205631278
52.26,18.4654164630612
52.27,18.1647644986817
52.28,17.8690038252965
52.29,17.5781730607244
52.3,17.292310279767
52.31,17.011453008734
52.32,16.735638220022
52.33,16.4649023267516
52.34,16.1992811774586
52.35,15.9388100508458
52.36,15.683523650589
52.37,15.4334561002066
52.38,15.1886409379848
52.39,14.9491111119674
52.4,14.7148989750034
52.41,14.4860362798591
52.42,14.2625541743929
52.43,14.0444831967927
52.44,13.8318532708781
52.45,13.6246937014692
52.46,13.4230331698196
52.47,13.2268997291164
52.48,13.036320800048
52.49,12.8513231664409
52.5,12.6719329709625
52.51,12.4981757108968
52.52,12.3300762339876
52.53,12.1676587343554
52.54,12.0109467484825
52.55,11.8599631512733
52.56,11.7147301521864
52.57,11.5752692914406
52.58,11.4416014362941
52.59,11.313746777401
52.6,11.1917248252408
52.61,11.0755544066262
52.62,10.9652536612863
52.63,10.8608400385282
52.64,10.7623302939764
52.65,10.6697404863906
52.66,10.5830859745632
52.67,10.502381414297
52.68,10.4276407554623
52.69,10.358877239136
52.7,10.296103394822
52.71,10.2393310377539
52.72,10.1885712662797
52.73,10.143834459331
52.74,10.1051302739751
52.75,10.072467643051
52.76,10.0458547728917
52.77,10.0252991411302
52.78,10.0108074945921
52.79,10.0023858472748
52.8,10.0000394784124
52.81,10.0037729306287
52.82,10.0135900081777
52.83,10.0294937752719
52.84,10.0514865544993
52.85,10.0795699253298
52.86,10.1137447227102
52.87,10.1540110357494
52.88,10.2003682064939
52.89,10.2528148287937
52.9,10.311348747259
52.91,10.3759670563086
52.92,10.4466660993094
52.93,10.5234414678083
52.94,10.6062880008563
52.95,10.6951997844251
52.96,10.790170150917
52.97,10.8911916787674
52.98,10.9982561921418
52.99,11.1113547607253
53,11.2304776996073
53.01,11.3556145692605
53.02,11.4867541756131
53.03,11.6238845702174
53.04,11.7669930505126
53.05,11.9160661601831
53.06,12.0710896896113
53.07,12.2320486764281
53.08,12.3989274061565
53.09,12.5717094129532
53.1,12.7503774804448
53.11,12.9349136426618
53.12,13.125299185067
53.13,13.3215146456826
53.14,13.5235398163106
53.15,13.7313537438541
53.16,13.9449347317314
53.17,14.1642603413888
53.18,14.3893073939103
53.19,14.6200519717234
53.2,14.856469420402
53.21,15.0985343505661
53.22,15.3462206398791
53.23,15.5995014351415
53.24,15.85834915448
53.25,16.1227354896369
53.26,16.3926314083523
53.27,16.6680071568465
53.28,16.9488322623952
53.29,17.235075536006
53.3,17.5267050751871
53.31,17.8236882668139
53.32,18.125991790093
53.33,18.4335816196203
53.34,18.7464230285362
53.35,19.0644805917756
53.36,19.3877181894145
53.37,19.7160990101121
53.38,20.0495855546463
53.39,20.388139639546
53.4,20.731722400817
53.41,21.0802942977641
53.42,21.4338151169039
53.43,21.792243975976
53.44,22.1555393280444
53.45,22.5236589656939
53.46,22.8965600253189
53.47,23.2741989915054
53.48,23.656531701506
53.49,24.0435133498043
53.5,24.4350984927749
53.51,24.8312410534316
53.52,25.2318943262681
53.53,25.6370109821878
53.54,26.0465430735263
53.55,26.4604420391611
53.56,26.8786587097107
53.57,27.3011433128246
53.58,27.7278454785603
53.59,28.1587142448468
53.6,28.5936980630375
53.61,29.0327448035497
53.62,29.4758017615901
53.63,29.9228156629653
53.64,30.3737326699784
53.65,30.8284983874107
53.66,31.2870578685875
53.67,31.7493556215252
53.68,32.2153356151658
53.69,32.684941285689
53.7,33.1581155429099
53.71,33.6348007767541
53.72,34.1149388638178
53.73,34.598471174004
53.74,35.0853385772381
53.75,35.5754814502645
53.76,36.0688396835198
53.77,36.5653526880806
53.78,37.0649594026911
53.79,37.5675983008648
53.8,38.0732073980619
53.81,38.581724258937
53.82,39.0930860046686
53.83,39.6072293203503
53.84,40.1240904624636
53.85,40.6436052664133
53.86,41.1657091541413
53.87,41.6903371418027
53.88,42.2174238475146
53.89,42.7469034991691
53.9,43.278709942318
53.91,43.8127766481194
53.92,44.3490367213489
53.93,44.8874229084783
53.94,45.4278676058163
53.95,45.9703028677089
53.96,46.5146604148033
53.97,47.0608716423739
53.98,47.6088676287054
53.99,48.1585791435329
54,48.7099366565447
54.01,49.2628703459363
54.02,49.8173101070243
54.03,50.3731855609102
54.04,50.930426063203
54.05,51.4889607127905
54.06,52.0487183606626
54.07,52.6096276187882
54.08,53.1716168690363
54.09,53.7346142721506
54.1,54.2985477767662
54.11,54.8633451284788
54.12,55.4289338789526
54.13,55.9952413950773
54.14,56.5621948681624
54.15,57.1297213231811
54.16,57.6977476280469
54.17,58.2662005029342
54.18,58.8350065296365
54.19,59.4040921609622
54.2,59.9733837301641
54.21,60.5428074604057
54.22,61.1122894742624
54.23,61.681755803253
54.24,62.2511323974017
54.25,62.8203451348348
54.26,63.3893198314
54.27,63.9579822503202
54.28,64.5262581118655
54.29,65.0940731030605
54.3,65.6613528874066
54.31,66.2280231146313
54.32,66.7940094304592
54.33,67.3592374864029
54.34,67.9236329495709
54.35,68.4871215124949
54.36,69.0496289029746
54.37,69.6110808939361
54.38,70.1714033133037
54.39,70.7305220538851
54.4,71.2883630832681
54.41,71.8448524537286
54.42,72.3999163121414
54.43,72.9534809099079
54.44,73.5054726128798
54.45,74.0558179112964
54.46,74.604443429716
54.47,75.1512759369601
54.48,75.6962423560487
54.49,76.2392697741392
54.5,76.7802854524648
54.51,77.3192168362667
54.52,77.8559915647227
54.53,78.3905374808687
54.54,78.922782641516
54.55,79.4526553271566
54.56,79.9800840518585
54.57,80.5049975731518
54.58,81.0273249019007
54.59,81.5469953121604
54.6,82.0639383510192
54.61,82.5780838484245
54.62,83.0893619269885
54.63,83.5977030117773
54.64,84.1030378400734
54.65,84.6052974711228
54.66,85.104413295853
54.67,85.6003170465663
54.68,86.0929408066106
54.69,86.5822170200161
54.7,87.0680785011078
54.71,87.5504584440835
54.72,88.0292904325633
54.73,88.5045084491018
54.74,88.9760468846675
54.75,89.4438405480864
54.76,89.9078246754465
54.77,90.3679349394641
54.78,90.8241074588091
54.79,91.2762788073887
54.8,91.7243860235899
54.81,92.1683666194726
54.82,92.6081585899228
54.83,93.0437004217537
54.84,93.4749311027622
54.85,93.9017901307293
54.86,94.3242175223783
54.87,94.7421538222711
54.88,95.1555401116577
54.89,95.5643180172633
54.9,95.9684297200264
54.91,96.3678179637729
54.92,96.7624260638328
54.93,97.1521979155968
54.94,97.5370780030106
54.95,97.9170114070039
54.96,98.2919438138578
54.97,98.6618215235039
54.98,99.0265914577579
54.99,99.3862011684811
55,99.7405988456776
55.01,100.089733325515
55.02,100.433554098275
55.03,100.772011316232
55.04,101.105055801451
55.05,101.432639053518
55.06,101.754713257183
55.07,102.071231289932
55.08,102.382146729476
55.09,102.687413861157
55.1,102.986987685276
55.11,103.280823924332
55.12,103.568879030182
55.13,103.851110191109
55.14,104.127475338808
55.15,104.397933155277
55.16,104.66244307963
55.17,104.920965314801
55.18,105.173460834179
55.19,105.419891388127
55.2,105.660219510424
55.21,105.894408524604
55.22,106.122422550196
55.23,106.344226508878
55.24,106.559786130515
55.25,106.769067959114
55.26,106.972039358669
55.27,107.168668518907
55.28,107.358924460926
55.29,107.542777042739
55.3,107.720196964707
55.31,107.891155774862
55.32,108.055625874132
55.33,108.213580521452
55.34,108.364993838767
55.35,108.509840815928
55.36,108.648097315472
55.37,108.779740077297
55.38,108.904746723216
55.39,109.023095761407
55.4,109.134766590738
55.41,109.239739504988
55.42,109.337995696941
55.43,109.429517262369
55.44,109.514287203897
55.45,109.592289434746
55.46,109.663508782363
55.47,109.727930991919
55.48,109.785542729699
55.49,109.836331586359
55.5,109.880286080071
55.51,109.917395659534
55.52,109.947650706868
55.53,109.971042540379
55.54,109.987563417205
55.55,109.997206535823
55.56,109.999966038448
55.57,109.995837013285
55.58,109.984815496663
55.59,109.966898475046
55.6,109.942083886897
55.61,109.910370624433
55.62,109.87175853523
55.63,109.826248423715
55.64,109.773842052511
55.65,109.71454214366
55.66,109.648352379711
55.67,109.575277404671
55.68,109.495322824829
55.69,109.408495209443
55.7,109.314802091288
55.71,109.214251967082
55.72,109.106854297762
55.73,108.992619508635
55.74,108.871558989389
55.75,108.743685093967
55.76,108.609011140311
55.77,108.467551409958
55.78,108.319321147513
55.79,108.16433655997
55.8,108.00261481591
55.81,107.834174044548
55.82,107.659033334653
55.83,107.477212733326
55.84,107.288733244633
55.85,107.093616828115
55.86,106.891886397144
55.87,106.683565817149
55.88,106.468679903702
55.89,106.247254420467
55.9,106.019316077003
55.91,105.784892526439
55.92,105.544012363002
55.93,105.296705119409
55.94,105.043001264122
55.95,104.782932198463
55.96,104.516530253589
55.97,104.243828687333
55.98,103.964861680901
55.99,103.679664335438
56,103.388272668447
56.01,103.090723610078
56.02,102.787054999279
56.03,102.477305579803
56.04,102.161514996087
56.05,101.839723788986
56.06,101.511973391377
56.07,101.178306123622
56.08,100.838765188899
56.09,100.493394668395
56.1,100.142239516366
56.11,99.785345555058
56.12,99.4227594695001
56.13,99.0545288021585
56.14,98.6807019474596
56.15,98.3013281461794
56.16,97.9164574797002
56.17,97.5261408641376
56.18,97.1304300443318
56.19,96.7293775877128
56.2,96.3230368780316
56.21,95.911462108966
56.22,95.4947082775917
56.23,95.0728311777304
56.24,94.6458873931678
56.25,94.2139342907443
56.26,93.7770300133193
56.27,93.3352334726125
56.28,92.8886043419172
56.29,92.4372030486912
56.3,91.9810907670227
56.31,91.5203294099786
56.32,91.0549816218232
56.33,90.5851107701239
56.34,90.1107809377319
56.35,89.6320569146478
56.36,89.1490041897635
56.37,88.6616889424939
56.38,88.1701780342857
56.39,87.6745390000173
56.4,87.1748400392782
56.41,86.6711500075395
56.42,86.1635384072111
56.43,85.6520753785863
56.44,85.1368316906776
56.45,84.6178787319432
56.46,84.0952885009065
56.47,83.5691335966661
56.48,83.0394872093019
56.49,82.5064231101783
56.5,81.9700156421408
56.51,81.4303397096119
56.52,80.8874707685865
56.53,80.3414848165278
56.54,79.7924583821633
56.55,79.2404685151847
56.56,78.6855927758526
56.57,78.127909224504
56.58,77.56749641097
56.59,77.0044333638987
56.6,76.4387995799907
56.61,75.8706750131402
56.62,75.3001400634944
56.63,74.7272755664227
56.64,74.1521627814026
56.65,73.5748833808197
56.66,72.9955194386894
56.67,72.4141534192959
56.68,71.8308681657513
56.69,71.2457468884779
56.7,70.6588731536164
56.71,70.0703308713574
56.72,69.4802042841994
56.73,68.8885779551366
56.74,68.2955367557795
56.75,67.7011658544005
56.76,67.1055507039205
56.77,66.5087770298244
56.78,65.9109308180203
56.79,65.312098302627
56.8,64.7123659537119
56.81,64.1118204649645
56.82,63.510548741315
56.83,62.9086378864966
56.84,62.3061751905588
56.85,61.7032481173242
56.86,61.0999442917985
56.87,60.4963514875318
56.88,59.8925576139342
56.89,59.2886507035477
56.9,58.6847188992732
56.91,58.0808504415578
56.92,57.4771336555471
56.93,56.8736569381922
56.94,56.2705087453299
56.95,55.6677775787234
56.96,55.0655519730767
56.97,54.463920483013
56.98,53.8629716700313
56.99,53.2627940894342
57,52.6634762772323
57.01,52.0651067370245
57.02,51.467773926863
57.03,50.871566246096
57.04,50.2765720221939
57.05,49.6828794975631
57.06,49.0905768163483
57.07,48.4997520112206
57.08,47.9104929901607
57.09,47.3228875232324
57.1,46.7370232293556
57.11,46.1529875630725
57.12,45.5708678013168
57.13,44.9907510301794
57.14,44.4127241316856
57.15,43.8368737705684
57.16,43.2632863810557
57.17,42.6920481536655
57.18,42.1232450220096
57.19,41.5569626496153
57.2,40.9932864167591
57.21,40.4323014073206
57.22,39.8740923956519
57.23,39.3187438334735
57.24,38.7663398367914
57.25,38.2169641728386
57.26,37.670700247046
57.27,37.1276310900433
57.28,36.5878393446912
57.29,36.0514072531458
57.3,35.5184166439604
57.31,34.9889489192274
57.32,34.4630850417541
57.33,33.9409055222868
57.34,33.4224904067742
57.35,32.9079192636814
57.36,32.3972711713461
57.37,31.8906247053911
57.38,31.3880579261828
57.39,30.8896483663515
57.4,30.3954730183589
57.41,29.9056083221309
57.42,29.4201301527482
57.43,28.9391138081977
57.44,28.4626339971902
57.45,27.9907648270437
57.46,27.5235797916357
57.47,27.0611517594237
57.48,26.603552961539
57.49,26.1508549799582
57.5,25.7031287357431
57.51,25.2604444773674
57.52,24.8228717691165
57.53,24.3904794795763
57.54,23.9633357701983
57.55,23.5415080839574
57.56,23.1250631340948
57.57,22.7140668929498
57.58,22.3085845808854
57.59,21.9086806553073
57.6,21.5144187997776
57.61,21.1258619132266
57.62,20.7430720992635
57.63,20.3661106555895
57.64,19.9950380635131
57.65,19.6299139775705
57.66,19.2707972152522
57.67,18.9177457468411
57.68,18.5708166853559
57.69,18.2300662766123
57.7,17.8955498893939
57.71,17.567322005743
57.72,17.245436211364
57.73,16.9299451861508
57.74,16.620900694833
57.75,16.3183535777449
57.76,16.0223537417191
57.77,15.7329501511076
57.78,15.4501908189292
57.79,15.1741227981463
57.8,14.9047921730744
57.81,14.6422440509239
57.82,14.3865225534751
57.83,14.1376708088902
57.84,13.8957309436635
57.85,13.6607440747099
57.86,13.432750301594
57.87,13.2117886989016
57.88,12.9978973087558
57.89,12.7911131334774
57.9,12.5914721283918
57.91,12.3990091947848
57.92,12.2137581730082
57.93,12.035751835735
57.94,11.8650218813687
57.95,11.701598927605
57.96,11.5455125051502
57.97,11.3967910515936
57.98,11.2554619054406
57.99,11.1215513003027
58,10.9950843592488
58.01,10.8760850893174
58.02,10.7645763761929
58.03,10.6605799790443
58.04,10.5641165255301
58.05,10.4752055069692
58.06,10.3938652736798
58.07,10.3201130304855
58.08,10.2539648323929
58.09,10.1954355804385
58.1,10.1445390177083
58.11,10.1012877255291
58.12,10.0656931198352
58.13,10.037765447708
58.14,10.0175137840928
58.15,10.0049460286911
58.16,10.0000689030311
58.17,10.0028879477162
58.18,10.0134075198526
58.19,10.0316307906573
58.2,10.0575597432463
58.21,10.091195170605
58.22,10.1325366737398
58.23,10.1815826600143
58.24,10.2383303416672
58.25,10.3027757345162
58.26,10.3749136568457
58.27,10.4547377284806
58.28,10.5422403700454
58.29,10.6374128024113
58.3,10.7402450463289
58.31,10.8507259222493
58.32,10.9688430503331
58.33,11.0945828506481
58.34,11.2279305435552
58.35,11.3688701502842
58.36,11.517384493699
58.37,11.6734551992523
58.38,11.8370626961313
58.39,12.0081862185923
58.4,12.1868038074877
58.41,12.3728923119827
58.42,12.5664273914629
58.43,12.7673835176337
58.44,12.9757339768102
58.45,13.1914508723989
58.46,13.41450512757
58.47,13.6448664881215
58.48,13.8825035255355
58.49,14.1273836402224
58.5,14.379473064961
58.51,14.6387368685253
58.52,14.9051389595055
58.53,15.1786420903162
58.54,15.459207861399
58.55,15.7467967256124
58.56,16.0413679928123
58.57,16.3428798346229
58.58,16.6512892893971
58.59,16.966552267364
58.6,17.2886235559664
58.61,17.6174568253871
58.62,17.9530046342612
58.63,18.2952184355763
58.64,18.6440485827595
58.65,18.9994443359499
58.66,19.3613538684589
58.67,19.7297242734101
58.68,20.1045015705703
58.69,20.4856307133582
58.7,20.8730555960401
58.71,21.2667190611035
58.72,21.6665629068174
58.73,22.0725278949679
58.74,22.4845537587761
58.75,22.9025792109951
58.76,23.3265419521838
58.77,23.7563786791575
58.78,24.1920250936154
58.79,24.6334159109429
58.8,25.080484869188
58.81,25.5331647382084
58.82,25.9913873289951
58.83,26.4550835031616
58.84,26.9241831826069
58.85,27.3986153593422
58.86,27.8783081054913
58.87,28.3631885834496
58.88,28.8531830562142
58.89,29.348216897871
58.9,29.8482146042513
58.91,30.3530998037422
58.92,30.8627952682596
58.93,31.3772229243793
58.94,31.8963038646234
58.95,32.4199583589018
58.96,32.9481058661064
58.97,33.4806650458595
58.98,34.0175537704108
58.99,34.5586891366816
59,35.1039874784603
59.01,35.6533643787383
59.02,36.206734682195
59.03,36.7640125078184
59.04,37.3251112616726
59.05,37.8899436497999
59.06,38.4584216912595
59.07,39.0304567313039
59.08,39.6059594546857
59.09,40.1848398990962
59.1,40.7670074687341
59.11,41.3523709480018
59.12,41.9408385153253
59.13,42.5323177570998
59.14,43.1267156817538
59.15,43.7239387339377
59.16,44.3238928088235
59.17,44.9264832665242
59.18,45.531614946625
59.19,46.139192182826
59.2,46.7491188176925
59.21,47.3612982175134
59.22,47.9756332872639
59.23,48.5920264856713
59.24,49.2103798403763
59.25,49.8305949632009
59.26,50.4525730655029
59.27,51.0762149736301
59.28,51.7014211444582
59.29,52.3280916810283
59.3,52.9561263482587
59.31,53.5854245887478
59.32,54.2158855386564
59.33,54.8474080436694
59.34,55.4798906750324
59.35,56.1132317456632
59.36,56.7473293263366
59.37,57.3820812619358
59.38,58.0173851877711
59.39,58.6531385459619
59.4,59.2892386018817
59.41,59.9255824606623
59.42,60.5620670837483
59.43,61.1985893055159
59.44,61.8350458499315
59.45,62.4713333472679
59.46,63.1073483508568
59.47,63.7429873538954
59.48,64.3781468062834
59.49,65.0127231315028
59.5,65.6466127435315
59.51,66.2797120637899
59.52,66.9119175381152
59.53,67.5431256537626
59.54,68.1732329564325
59.55,68.8021360673184
59.56,69.4297317001689
59.57,70.0559166783727
59.58,70.6805879520496
59.59,71.3036426151568
59.6,71.9249779225967
59.61,72.5444913073352
59.62,73.1620803975163
59.63,73.7776430335806
59.64,74.391077285372
59.65,75.0022814692461
59.66,75.6111541651626
59.67,76.2175942337658
59.68,76.8215008334536
59.69,77.4227734374211
59.7,78.0213118506893
59.71,78.6170162271036
59.72,79.2097870863118
59.73,79.7995253307052
59.74,80.3861322623305
59.75,80.9695095997657
59.76,81.5495594949562
59.77,82.1261845500094
59.78,82.6992878339437
59.79,83.2687728993927
59.8,83.8345437992574
59.81,84.3965051033021
59.82,84.9545619147013
59.83,85.508619886519
59.84,86.0585852381338
59.85,86.604364771591
59.86,87.1458658878961
59.87,87.6829966032296
59.88,88.2156655650919
59.89,88.743782068372
59.9,89.2672560713365
59.91,89.785998211535
59.92,90.2999198216217
59.93,90.8089329450899
59.94,91.3129503519147
59.95,91.8118855541009
59.96,92.3056528211379
59.97,92.7941671953517
59.98,93.2773445071591
59.99,93.7551013902106
60,94.2273552964342
60.01,94.6940245109617
60.02,95.1550281669452
60.03,95.6102862602561
60.04,96.0597196640691
60.05,96.5032501433192
60.06,96.9408003690399
60.07,97.3722939325708
60.08,97.7976553596385
60.09,98.2168101243041
60.1,98.6296846627754
60.11,99.0362063870832
60.12,99.4363036986169
60.13,99.8299060015164
60.14,100.216943715921
60.15,100.59734829107
60.16,100.971052218249
60.17,101.33798904359
60.18,101.698093380714
60.19,102.05130092321
60.2,102.397548456962
60.21,102.736773872309
60.22,103.068916176038
60.23,103.393915503218
60.24,103.71171312885
60.25,104.022251479358
60.26,104.3254741439
60.27,104.621325885498
60.28,104.909752651998
60.29,105.190701586839
60.3,105.464121039646
60.31,105.729960576629
60.32,105.988170990804
60.33,106.238704312017
60.34,106.481513816773
60.35,106.716554037878
60.36,106.943780773881
60.37,107.163151098315
60.38,107.374623368741
60.39,107.578157235587
60.4,107.773713650786
60.41,107.9612548762
60.42,108.140744491846
60.43,108.312147403902
60.44,108.475429852507
60.45,108.630559419347
60.46,108.777505035018
60.47,108.916236986185
60.48,109.046726922507
60.49,109.168947863354
60.5,109.282874204293
60.51,109.388481723352
60.52,109.485747587064
60.53,109.574650356276
60.54,109.655169991733
60.55,109.727287859432
60.56,109.790986735748
60.57,109.846250812316
60.58,109.893065700697
60.59,109.931418436786
60.6,109.961297485007
60.61,109.982692742248
60.62,109.995595541574
60.63,109.99999865569
60.64,109.995896300165
60.65,109.983284136415
60.66,109.962159274441
60.67,109.932520275321
60.68,109.894367153458
60.69,109.847701378584
60.7,109.792525877513
60.71,109.728845035647
60.72,109.656664698232
60.73,109.575992171366
60.74,109.486836222757
60.75,109.389207082229
60.76,109.283116441973
60.77,109.168577456552
60.78,109.045604742649
60.79,108.914214378563
60.8,108.774423903448
60.81,108.626252316304
60.82,108.469720074708
60.83,108.304849093292
60.84,108.131662741967
60.85,107.950185843888
60.86,107.760444673167
60.87,107.562466952329
60.88,107.356281849513
60.89,107.141919975411
60.9,106.919413379962
60.91,106.688795548781
60.92,106.450101399335
60.93,106.203367276865
60.94,105.948630950047
60.95,105.685931606407
60.96,105.415309847471
60.97,105.136807683665
60.98,104.850468528962
60.99,104.556337195269
61,104.25445988657
61.01,103.944884192804
61.02,103.627659083501
61.03,103.302834901157
61.04,102.970463354367
61.05,102.630597510699
61.06,102.283291789321
61.07,101.928601953381
61.08,101.566585102132
61.09,101.197299662819
61.1,100.820805382313
61.11,100.437163318496
61.12,100.04643583141
61.13,99.648686574157
61.14,99.2439804835541
61.15,98.8323837705534
61.16,98.4139639104164
61.17,97.9887896326528
61.18,97.5569309107162
61.19,97.1184589514704
61.2,96.6734461844141
61.21,96.2219662506771
61.22,95.7640939917777
61.23,95.2999054381569
61.24,94.8294777974775
61.25,94.3528894426974
61.26,93.870219899917
61.27,93.3815498360019
61.28,92.8869610459837
61.29,92.3865364402377
61.3,91.8803600314426
61.31,91.3685169213254
61.32,90.8510932871849
61.33,90.3281763682092
61.34,89.799854451574
61.35,89.2662168583389
61.36,88.7273539291288
61.37,88.1833570096168
61.38,87.6343184358002
61.39,87.0803315190744
61.4,86.5214905311111
61.41,85.957890688539
61.42,85.3896281374304
61.43,84.8167999375931
61.44,84.2395040466784
61.45,83.6578393040963
61.46,83.0719054147518
61.47,82.481802932594
61.48,81.8876332439884
61.49,81.2894985509129
61.5,80.687501853978
61.51,80.0817469352763
61.52,79.4723383410609
61.53,78.8593813642637
61.54,78.2429820268418
61.55,77.6232470619714
61.56,77.0002838960783
61.57,76.374200630715
61.58,75.7451060242895
61.59,75.1131094736393
61.6,74.4783209954654
61.61,73.8408512076164
61.62,73.2008113102403
61.63,72.5583130667952
61.64,71.9134687849257
61.65,71.2663912972112
61.66,70.6171939417861
61.67,69.9659905428356
61.68,69.3128953909705
61.69,68.6580232234842
61.7,68.0014892044972
61.71,67.3434089049888
61.72,66.6838982827215
61.73,66.0230736620609
61.74,65.3610517136992
61.75,64.6979494342722
61.76,64.0338841258921
61.77,63.3689733755832
61.78,62.7033350346374
61.79,62.037087197877
61.8,61.3703481828474
61.81,60.7032365089289
61.82,60.035870876375
61.83,59.3683701452844
61.84,58.700853314508
61.85,58.033439500493
61.86,57.3662479160689
61.87,56.6993978491791
61.88,56.0330086415671
61.89,55.3671996674078
61.9,54.7020903119038
61.91,54.0377999498355
61.92,53.3744479240867
61.93,52.7121535241233
61.94,52.0510359644603
61.95,51.3912143630936
61.96,50.7328077199215
61.97,50.075934895138
61.98,49.4207145876286
61.99,48.7672653133469
62,48.1157053836917
62.01,47.466152883883
62.02,46.8187256513421
62.03,46.1735412540805
62.04,45.5307169690961
62.05,44.8903697607889
62.06,44.2526162593983
62.07,43.617572739455
62.08,42.9853550982722
62.09,42.3560788344574
62.1,41.7298590264689
62.11,41.1068103112045
62.12,40.4870468626381
62.13,39.8706823705033
62.14,39.2578300190248
62.15,38.648602465711
62.16,38.043111820202
62.17,37.4414696231834
62.18,36.8437868253643
62.19,36.2501737665311
62.2,35.6607401546743
62.21,35.0755950451953
62.22,34.4948468201962
62.23,33.9186031678568
62.24,33.346971061906
62.25,32.7800567411844
62.26,32.2179656893071
62.27,31.6608026144335
62.28,31.1086714291407
62.29,30.561675230407
62.3,30.0199162797147
62.31,29.4834959832699
62.32,28.9525148723427
62.33,28.4270725837387
62.34,27.9072678403959
62.35,27.3931984321242
62.36,26.8849611964715
62.37,26.3826519997427
62.38,25.8863657181607
62.39,25.396196219174
62.4,24.9122363429223
62.41,24.4345778838578
62.42,23.9633115725268
62.43,23.4985270575174
62.44,23.0403128875731
62.45,22.5887564938814
62.46,22.1439441725362
62.47,21.7059610671804
62.48,21.2748911518293
62.49,20.8508172138854
62.5,20.4338208373357
62.51,20.0239823861503
62.52,19.6213809878716
62.53,19.2260945174095
62.54,18.838199581035
62.55,18.4577715005848
62.56,18.0848842978763
62.57,17.719610679335
62.58,17.362022020839
62.59,17.0121883527868
62.6,16.6701783453865
62.61,16.3360592941719
62.62,16.0098971057497
62.63,15.691756283781
62.64,15.3816999151961
62.65,15.0797896566522
62.66,14.7860857212307
62.67,14.5006468653837
62.68,14.2235303761229
62.69,13.9547920584674
62.7,13.6944862231388
62.71,13.4426656745186
62.72,13.1993816988612
62.73,12.9646840527733
62.74,12.7386209519556
62.75,12.5212390602139
62.76,12.3125834787403
62.77,12.1126977356674
62.78,11.9216237758992
62.79,11.7394019512187
62.8,11.566071010676
62.81,11.4016680912611
62.82,11.2462287088602
62.83,11.0997867495002
62.84,10.9623744608831
62.85,10.8340224442124
62.86,10.7147596463132
62.87,10.6046133520488
62.88,10.5036091770362
62.89,10.4117710606603
62.9,10.3291212593923
62.91,10.2556803404099
62.92,10.1914671755259
62.93,10.1364989354222
62.94,10.0907910841945
62.95,10.0543573742078
62.96,10.0272098412647
62.97,10.0093588000875
62.98,10.0008128401164
62.99,10.001578821625
63,10.0116618721539
63.01,10.0310653832649
63.02,10.0597910076157
63.03,10.0978386563574
63.04,10.1452064968554
63.05,10.2018909507351
63.06,10.2678866922534
63.07,10.3431866469963
63.08,10.4277819909048
63.09,10.521662149629
63.1,10.6248147982109
63.11,10.7372258610986
63.12,10.8588795124895
63.13,10.9897581770061
63.14,11.1298425307027
63.15,11.2791115024052
63.16,11.4375422753834
63.17,11.6051102893559
63.18,11.7817892428292
63.19,11.9675510957705
63.2,12.1623660726135
63.21,12.3662026655988
63.22,12.5790276384483
63.23,12.8008060303742
63.24,13.0315011604197
63.25,13.2710746321368
63.26,13.5194863385948
63.27,13.7766944677238
63.28,14.0426555079898
63.29,14.3173242544045
63.3,14.6006538148649
63.31,14.8925956168257
63.32,15.1930994143025
63.33,15.5021132952059
63.34,15.8195836890039
63.35,16.1454553747131
63.36,16.4796714892201
63.37,16.822173535928
63.38,17.1729013937282
63.39,17.5317933263
63.4,17.8987859917305
63.41,18.2738144524615
63.42,18.6568121855526
63.43,19.0477110932697
63.44,19.4464415139885
63.45,19.8529322334175
63.46,20.2671104961347
63.47,20.6889020174412
63.48,21.1182309955252
63.49,21.5550201239371
63.5,21.9991906043762
63.51,22.4506621597811
63.52,22.9093530477281
63.53,23.3751800741312
63.54,23.8480586072463
63.55,24.327902591971
63.56,24.8146245644449
63.57,25.3081356669426
63.58,25.8083456630618
63.59,26.3151629531997
63.6,26.8284945903162
63.61,27.348246295988
63.62,27.8743224767399
63.63,28.4066262406581
63.64,28.9450594142854
63.65,29.4895225597841
63.66,30.039914992379
63.67,30.5961347980622
63.68,31.158078851572
63.69,31.7256428346296
63.7,32.2987212544416
63.71,32.877207462452
63.72,33.4609936733612
63.73,34.0499709843835
63.74,34.6440293947611
63.75,35.2430578255186
63.76,35.8469441394638
63.77,36.4555751614201
63.78,37.0688366986973
63.79,37.6866135617949
63.8,38.3087895853312
63.81,38.9352476491925
63.82,39.5658696999122
63.83,40.2005367722565
63.84,40.8391290110299
63.85,41.4815256930835
63.86,42.1276052495363
63.87,42.7772452881911
63.88,43.4303226161488
63.89,44.0867132626189
63.9,44.7462925019181
63.91,45.4089348766504
63.92,46.0745142210735
63.93,46.7429036846377
63.94,47.4139757557001
63.95,48.0876022854062
63.96,48.7636545117326
63.97,49.442003083694
63.98,50.1225180857024
63.99,50.8050690620765
64,51.4895250416983
64.01,52.175754562811
64.02,52.8636256979558
64.03,53.5530060790354
64.04,54.2437629225118
64.05,54.9357630547239
64.06,55.6288729373232
64.07,56.322958692824
64.08,57.0178861302632
64.09,57.7135207709603
64.1,58.4097278743811
64.11,59.1063724640939
64.12,59.8033193538131
64.13,60.5004331735293
64.14,61.1975783957182
64.15,61.8946193616252
64.16,62.5914203076155
64.17,63.287845391591
64.18,63.9837587194683
64.19,64.6790243717075
64.2,65.3735064298909
64.21,66.0670690033456
64.22,66.7595762558057
64.23,67.4508924321077
64.24,68.1408818849094
64.25,68.8294091014426
64.26,69.5163387302706
64.27,70.2015356080696
64.28,70.8848647864066
64.29,71.5661915585306
64.3,72.2453814861516
64.31,72.9223004262129
64.32,73.5968145576523
64.33,74.268790408143
64.34,74.938094880806
64.35,75.6045952808966
64.36,76.2681593424555
64.37,76.9286552549165
64.38,77.5859516896685
64.39,78.2399178265695
64.4,78.8904233803983
64.41,79.5373386272504
64.42,80.1805344308566
64.43,80.8198822688419
64.44,81.4552542588929
64.45,82.0865231848511
64.46,82.7135625227088
64.47,83.3362464665204
64.48,83.9544499542046
64.49,84.5680486932459
64.5,85.1769191862855
64.51,85.7809387565958
64.52,86.3799855734324
64.53,86.9739386772621
64.54,87.5626780048566
64.55,88.1460844142531
64.56,88.724039709565
64.57,89.2964266656554
64.58,89.8631290526476
64.59,90.4240316602865
64.6,90.9790203221272
64.61,91.5279819395665
64.62,92.0708045056903
64.63,92.6073771289485
64.64,93.1375900566453
64.65,93.6613346982389
64.66,94.178503648448
64.67,94.6889907101598
64.68,95.1926909171353
64.69,95.6895005565015
64.7,96.179317191035
64.71,96.6620396812224
64.72,97.137568207101
64.73,97.6058042898669
64.74,98.0666508132536
64.75,98.5200120446693
64.76,98.9657936560955
64.77,99.4039027447326
64.78,99.8342478533984
64.79,100.256738990667
64.8,100.671287650748
64.81,101.077806833098
64.82,101.476211061764
64.83,101.86641640445
64.84,102.248340491304
64.85,102.621902533425
64.86,102.98702334108
64.87,103.343625341626
64.88,103.691632597139
64.89,104.030970821745
64.9,104.361567398641
64.91,104.683351396808
64.92,104.996253587416
64.93,105.300206459908
64.94,105.595144237766
64.95,105.881002893949
64.96,106.157720166009
64.97,106.425235570871
64.98,106.683490419276
64.99,106.932427829888
65,107.171992743061
65.01,107.402131934251
65.02,107.62279402709
65.03,107.833929506094
65.04,108.03549072903
65.05,108.227431938908
65.06,108.409709275625
65.07,108.582280787229
65.08,108.74510644083
65.09,108.898148133124
65.1,109.041369700555
65.11,109.17473692909
65.12,109.298217563623
65.13,109.411781316987
65.14,109.515399878589
65.15,109.609046922652
65.16,109.692698116068
65.17,109.766331125857
65.18,109.829925626238
65.19,109.883463305291
65.2,109.926927871228
65.21,109.960305058262
65.22,109.983582632072
65.23,109.996750394856
65.24,109.999800189989
65.25,109.992725906262
65.26,109.975523481714
65.27,109.948190907054
65.28,109.910728228663
65.29,109.86313755119
65.3,109.805423039721
65.31,109.737590921538
65.32,109.659649487456
65.33,109.57160909274
65.34,109.473482157601
65.35,109.365283167271
65.36,109.247028671652
65.37,109.118737284546
65.38,108.980429682457
65.39,108.832128602968
65.4,108.673858842695
65.41,108.505647254812
65.42,108.327522746156
65.43,108.139516273895
65.44,107.941660841781
65.45,107.733991495966
65.46,107.5165453204
65.47,107.289361431797
65.48,107.052480974176
65.49,106.805947112977
65.5,106.549805028749
65.51,106.284101910417
65.52,106.008886948117
65.53,105.724211325618
65.54,105.430128212309
65.55,105.126692754769
65.56,104.81396206792
65.57,104.491995225749
65.58,104.160853251619
65.59,103.820599108159
65.6,103.471297686737
65.61,103.113015796516
65.62,102.745822153098
65.63,102.369787366756
65.64,101.98498393025
65.65,101.591486206239
65.66,101.189370414286
65.67,100.778714617451
65.68,100.359598708488
65.69,99.9321043956342
65.7,99.4963151880038
65.71,99.0523163805854
65.72,98.6001950388401
65.73,98.1400399829115
65.74,97.6719417714456
65.75,97.1959926850193
65.76,96.7122867091909
65.77,96.2209195171631
65.78,95.721988452072
65.79,95.2155925088954
65.8,94.7018323159924
65.81,94.1808101162716
65.82,93.6526297479922
65.83,93.1173966252027
65.84,92.5752177178202
65.85,92.0262015313526
65.86,91.4704580862683
65.87,90.9080988970157
65.88,90.3392369507005
65.89,89.7639866854167
65.9,89.1824639682435
65.91,88.5947860729058
65.92,88.001071657108
65.93,87.4014407395384
65.94,86.7960146765556
65.95,86.1849161385533
65.96,85.5682690860181
65.97,84.9461987452733
65.98,84.3188315839221
65.99,83.6862952859904
66,83.0487187267733
66.01,82.4062319473947
66.02,81.7589661290792
66.03,81.107053567145
66.04,80.4506276447191
66.05,79.7898228061847
66.06,79.1247745303635
66.07,78.4556193034337
66.08,77.7824945915964
66.09,77.1055388134931
66.1,76.4248913123752
66.11,75.7406923280377
66.12,75.0530829685154
66.13,74.3622051815583
66.14,73.6682017258749
66.15,72.9712161421669
66.16,72.2713927239468
66.17,71.5688764881568
66.18,70.8638131455798
66.19,70.1563490710648
66.2,69.4466312735566
66.21,68.7348073659553
66.22,68.0210255347842
66.23,67.3054345097028
66.24,66.5881835328497
66.25,65.8694223280265
66.26,65.1493010697331
66.27,64.4279703520615
66.28,63.7055811574447
66.29,62.9822848252772
66.3,62.2582330204088
66.31,61.5335777015229
66.32,60.808471089394
66.33,60.083065635047
66.34,59.357513987813
66.35,58.6319689632948
66.36,57.90658351124
66.37,57.1815106833418
66.38,56.4569036009643
66.39,55.7329154227993
66.4,55.0096993124644
66.41,54.2874084060517
66.42,53.5661957796283
66.43,52.8462144166965
66.44,52.1276171756241
66.45,51.4105567570481
66.46,50.6951856712628
66.47,49.9816562055927
66.48,49.2701203917629
66.49,48.5607299732744
66.5,47.8536363727834
66.51,47.1489906595036
66.52,46.4469435166263
66.53,45.7476452087776
66.54,45.0512455495053
66.55,44.3578938688174
66.56,43.6677389807712
66.57,42.9809291511151
66.58,42.2976120650059
66.59,41.617934794791
66.6,40.9420437678768
66.61,40.2700847346777
66.62,39.6022027366643
66.63,38.9385420745134
66.64,38.2792462763607
66.65,37.6244580661727
66.66,36.9743193322419
66.67,36.3289710958102
66.68,35.6885534798255
66.69,35.0532056778462
66.7,34.423065923094
66.71,33.798271457664
66.72,33.1789585019
66.73,32.5652622239374
66.74,31.9573167094317
66.75,31.355254931462
66.76,30.7592087206347
66.77,30.1693087353806
66.78,29.5856844324629
66.79,29.0084640376886
66.8,28.4377745168486
66.81,27.8737415468777
66.82,27.3164894872467
66.83,26.7661413515971
66.84,26.2228187796184
66.85,25.6866420091794
66.86,25.1577298487154
66.87,24.6361996498837
66.88,24.1221672804905
66.89,23.6157470976923
66.9,23.1170519214865
66.91,22.6261930084873
66.92,22.1432800260061
66.93,21.6684210264258
66.94,21.2017224218918
66.95,20.7432889593133
66.96,20.2932236956923
66.97,19.8516279737711
66.98,19.4186013980213
66.99,18.9942418109682
67,18.5786452698598
67.01,18.171906023688
67.02,17.7741164905661
67.03,17.3853672354684
67.04,17.0057469483354
67.05,16.6353424225553
67.06,16.2742385338226
67.07,15.9225182193783
67.08,15.5802624576437
67.09,15.2475502482448
67.1,14.9244585924385
67.11,14.6110624739406
67.12,14.3074348401665
67.13,14.0136465838842
67.14,13.7297665252868
67.15,13.4558613944886
67.16,13.1919958144508
67.17,12.9382322843399
67.18,12.6946311633219
67.19,12.4612506548018
67.2,12.2381467911064
67.21,12.0253734186191
67.22,11.8229821833687
67.23,11.631022517077
67.24,11.4495416236698
67.25,11.2785844662527
67.26,11.1181937545578
67.27,10.9684099328656
67.28,10.8292711684019
67.29,10.7008133402175
67.3,10.5830700285507
67.31,10.4760725046795
67.32,10.379849721261
67.33,10.294428303168
67.34,10.2198325388205
67.35,10.1560843720172
67.36,10.1032033942688
67.37,10.0612068376371
67.38,10.0301095680814
67.39,10.0099240793142
67.4,10.0006604871702
67.41,10.0023265244887
67.42,10.0149275365138
67.43,10.0384664768123
67.44,10.0729439037123
67.45,10.1183579772648
67.46,10.1747044567279
67.47,10.241976698578
67.48,10.3201656550471
67.49,10.4092598731883
67.5,10.5092454944714
67.51,10.6201062549087
67.52,10.7418234857126
67.53,10.874376114485
67.54,11.0177406669414
67.55,11.1718912691667
67.56,11.3367996504077
67.57,11.5124351463979
67.58,11.6987647032203
67.59,11.8957528817022
67.6,12.1033618623469
67.61,12.3215514508013
67.62,12.5502790838573
67.63,12.7894998359867
67.64,13.0391664264138
67.65,13.299229226718
67.66,13.5696362689719
67.67,13.8503332544088
67.68,14.141263562626
67.69,14.4423682613127
67.7,14.7535861165118
67.71,15.0748536034053
67.72,15.4061049176303
67.73,15.7472719871164
67.74,16.0982844844469
67.75,16.4590698397439
67.76,16.8295532540691
67.77,17.2096577133452
67.78,17.5993040027904
67.79,17.9984107218681
67.8,18.4068942997462
67.81,18.824669011264
67.82,19.2516469934059
67.83,19.6877382622776
67.84,20.1328507305835
67.85,20.586890225597
67.86,21.0497605076312
67.87,21.5213632889951
67.88,22.0015982534391
67.89,22.4903630760861
67.9,22.9875534438391
67.91,23.493063076271
67.92,24.0067837469808
67.93,24.5286053054255
67.94,25.0584156992132
67.95,25.5961009968572
67.96,26.1415454109873
67.97,26.694631322015
67.98,27.2552393022453
67.99,27.8232481404282
68,28.3985348667571
68.01,28.9809747782927
68.02,29.5704414648199
68.03,30.1668068351275
68.04,30.7699411437072
68.05,31.379713017866
68.06,31.9959894852436
68.07,32.6186360017393
68.08,33.2475164798286
68.09,33.8824933172768
68.1,34.5234274262326
68.11,35.1701782627094
68.12,35.8226038564336
68.13,36.4805608410619
68.14,37.1439044847649
68.15,37.8124887211608
68.16,38.486166180601
68.17,39.164788221796
68.18,39.848204963781
68.19,40.5362653182098
68.2,41.2288170219684
68.21,41.9257066701079
68.22,42.6267797490877
68.23,43.3318806703171
68.24,44.0408528039931
68.25,44.7535385132295
68.26,45.469779188463
68.27,46.1894152821344
68.28,46.9122863436326
68.29,47.6382310545068
68.3,48.3670872639174
68.31,49.0986920243383
68.32,49.8328816274934
68.33,50.5694916405212
68.34,51.3083569423588
68.35,52.0493117603376
68.36,52.7921897069873
68.37,53.5368238170333
68.38,54.2830465845808
68.39,55.0306900004836
68.4,55.779585589882
68.41,56.5295644499057
68.42,57.2804572875299
68.43,58.0320944575823
68.44,58.7843060008849
68.45,59.5369216825307
68.46,60.2897710302755
68.47,61.0426833730498
68.48,61.7954878795705
68.49,62.5480135970499
68.5,63.300089489994
68.51,64.0515444790752
68.52,64.8022074800779
68.53,65.551907442903
68.54,66.3004733906275
68.55,67.0477344586035
68.56,67.7935199335928
68.57,68.5376592929282
68.58,69.2799822436912
68.59,70.020318761895
68.6,70.7584991316664
68.61,71.4943539844191
68.62,72.2277143380078
68.63,72.9584116358476
68.64,73.6862777860045
68.65,74.411145200233
68.66,75.1328468329599
68.67,75.851216220201
68.68,76.5660875184091
68.69,77.2772955432318
68.7,77.9846758081847
68.71,78.6880645632129
68.72,79.387298833155
68.73,80.0822164560765
68.74,80.7726561214805
68.75,81.4584574083788
68.76,82.1394608232173
68.77,82.8155078376444
68.78,83.4864409261137
68.79,84.1521036033173
68.8,84.8123404614321
68.81,85.4669972071729
68.82,86.1159206986521
68.83,86.7589589820215
68.84,87.3959613279015
68.85,88.0267782675773
68.86,88.6512616289661
68.87,89.2692645723337
68.88,89.8806416257582
68.89,90.4852487203332
68.9,91.0829432251
68.91,91.6735839816967
68.92,92.257031338722
68.93,92.8331471858031
68.94,93.4017949873546
68.95,93.9628398160269
68.96,94.5161483858308
68.97,95.0615890849325
68.98,95.5990320081112
68.99,96.1283489888656
69,96.6494136311703
69.01,97.1621013408665
69.02,97.6662893566839
69.03,98.1618567808789
69.04,98.6486846094917
69.05,99.1266557622064
69.06,99.5956551118063
69.07,100.055569513225
69.08,100.506287832176
69.09,100.947700973355
69.1,101.379701908216
69.11,101.802185702307
69.12,102.215049542151
69.13,102.618192761683
69.14,103.01151686822
69.15,103.394925567967
69.16,103.768324791045
69.17,104.131622716037
69.18,104.484729794049
69.19,104.827558772276
69.2,105.160024717065
69.21,105.48204503647
69.22,105.793539502295
69.23,106.094430271619
69.24,106.384641907789
69.25,106.664101400889
69.26,106.932738187664
69.27,107.190484170908
69.28,107.437273738297
69.29,107.673043780669
69.3,107.897733709751
69.31,108.11128547531
69.32,108.313643581743
69.33,108.50475510409
69.34,108.684569703465
69.35,108.853039641904
69.36,109.010119796625
69.37,109.155767673694
69.38,109.289943421093
69.39,109.412609841186
69.4,109.523732402581
69.41,109.623279251375
69.42,109.711221221797
69.43,109.787531846224
69.44,109.852187364581
69.45,109.905166733113
69.46,109.946451632535
69.47,109.976026475547
69.48,109.993878413714
69.49,109.999997343718
69.5,109.994375912964
69.51,109.977009524543
69.52,109.947896341559
69.53,109.907037290803
69.54,109.854436065782
69.55,109.7900991291
69.56,109.71403571418
69.57,109.626257826344
69.58,109.526780243225
69.59,109.415620514534
69.6,109.292798961166
69.61,109.158338673643
69.62,109.012265509908
69.63,108.854608092446
69.64,108.685397804761
69.65,108.504668787175
69.66,108.312457931979
69.67,108.10880487792
69.68,107.893752004021
69.69,107.667344422749
69.7,107.429629972518
69.71,107.180659209532
69.72,106.920485398972
69.73,106.649164505524
69.74,106.36675518325
69.75,106.0733187648
69.76,105.768919249974
69.77,105.453623293634
69.78,105.127500192955
69.79,104.790621874035
69.8,104.443062877855
69.81,104.084900345597
69.82,103.716214003312
69.83,103.337086145954
69.84,102.947601620776
69.85,102.547847810091
69.86,102.137914613396
69.87,101.717894428875
69.88,101.287882134273
69.89,100.847975067146
69.9,100.3982730045
69.91,99.9388781418009
69.92,99.4698950713952
69.93,98.9914307603029
69.94,98.503594527421
69.95,98.0064980201247
69.96,97.5002551902767
69.97,96.9849822696458
69.98,96.4607977447416
69.99,95.9278223310741
70,95.3861789468345
70.01,94.8359926860096
70.02,94.2773907909344
70.03,93.7105026242869
70.04,93.1354596405268
70.05,92.552395356796
70.06,91.9614453232734
70.07,91.3627470929975
70.08,90.7564401911627
70.09,90.1426660838941
70.1,89.5215681465081
70.11,88.893291631265
70.12,88.2579836346207
70.13,87.6157930639883
70.14,86.9668706040049
70.15,86.3113686823305
70.16,85.6494414349628
70.17,84.981244671101
70.18,84.3069358375386
70.19,83.6266739826211
70.2,82.9406197197494
70.21,82.2489351904664
70.22,81.5517840271004
70.23,80.8493313150067
70.24,80.1417435543965
70.25,79.4291886217623
70.26,78.7118357309189
70.27,77.9898553936575
70.28,77.2634193800307
70.29,76.5327006782691
70.3,75.7978734543441
70.31,75.059113011189
70.32,74.3165957475755
70.33,73.5704991166704
70.34,72.8210015842685
70.35,72.0682825867241
70.36,71.312522488577
70.37,70.5539025398938
70.38,69.7926048333312
70.39,69.0288122609255
70.4,68.2627084706311
70.41,67.4944778226013
70.42,66.7243053452408
70.43,65.9523766910195
70.44,65.1788780920764
70.45,64.4039963156129
70.46,63.6279186190919
70.47,62.8508327052457
70.48,62.0729266769128
70.49,61.2943889917116
70.5,60.5154084165537
70.51,59.7361739820181
70.52,58.9568749365953
70.53,58.1777007008075
70.54,57.3988408212171
70.55,56.6204849243374
70.56,55.8428226704617
70.57,55.0660437074026
70.58,54.2903376241778
70.59,53.5158939046342
70.6,52.7429018810355
70.61,51.9715506876085
70.62,51.2020292140802
70.63,50.434526059197
70.64,49.6692294842524
70.65,48.9063273666236
70.66,48.1460071533375
70.67,47.3884558146732
70.68,46.6338597978099
70.69,45.8824049805356
70.7,45.1342766250306
70.71,44.3896593317301
70.72,43.6487369932821
70.73,42.91169274861
70.74,42.1787089370982
70.75,41.4499670528985
70.76,40.7256476993838
70.77,40.005930543748
70.78,39.2909942717781
70.79,38.5810165427891
70.8,37.8761739447558
70.81,37.1766419496379
70.82,36.4825948689144
70.83,35.7942058093389
70.84,35.1116466289275
70.85,34.4350878931912
70.86,33.7646988316186
70.87,33.1006472944282
70.88,32.4430997095979
70.89,31.7922210401801
70.9,31.1481747419176
70.91,30.5111227211693
70.92,29.8812252931591
70.93,29.2586411405539
70.94,28.6435272723875
70.95,28.0360389833356
70.96,27.4363298133606
70.97,26.844551507725
70.98,26.2608539773961
70.99,25.6853852598464
71,25.1182914802577
71.01,24.5597168131485
71.02,24.0098034444217
71.03,23.4686915338594
71.04,22.9365191780559
71.05,22.4134223738162
71.06,21.8995349820208
71.07,21.3949886919658
71.08,20.8999129861931
71.09,20.4144351058188
71.1,19.9386800163661
71.11,19.4727703741157
71.12,19.0168264929809
71.13,18.570966311921
71.14,18.1353053628933
71.15,17.7099567393631
71.16,17.295031065371
71.17,16.8906364651768
71.18,16.4968785334748
71.19,16.1138603062042
71.2,15.7416822319504
71.21,15.3804421439544
71.22,15.0302352327307
71.23,14.691154019309
71.24,14.363288329103
71.25,14.0467252664137
71.26,13.7415491895771
71.27,13.4478416867645
71.28,13.1656815524372
71.29,12.8951447644696
71.3,12.6363044619416
71.31,12.389230923613
71.32,12.1539915470799
71.33,11.9306508286256
71.34,11.7192703437688
71.35,11.5199087285165
71.36,11.3326216613265
71.37,11.1574618457869
71.38,10.9944789940171
71.39,10.8437198107963
71.4,10.7052279784238
71.41,10.5790441423186
71.42,10.4652058973599
71.43,10.3637477749761
71.44,10.2747012309855
71.45,10.1980946341938
71.46,10.1339532557517
71.47,10.0822992592775
71.48,10.0431516917483
71.49,10.0165264751637
71.5,10.0024363989848
71.51,10.0008911133523
71.52,10.011897123087
71.53,10.0354577824752
71.54,10.0715732908419
71.55,10.1202406889144
71.56,10.181453855978
71.57,10.2552035078275
71.58,10.3414771955143
71.59,10.4402593048926
71.6,10.5515310569654
71.61,10.6752705090318
71.62,10.8114525566366
71.63,10.9600489363237
71.64,11.121028229193
71.65,11.2943558652626
71.66,11.4799941286356
71.67,11.6779021634715
71.68,11.8880359807637
71.69,12.1103484659212
71.7,12.3447893871537
71.71,12.5913054046614
71.72,12.8498400806266
71.73,13.1203338900081
71.74,13.4027242321325
71.75,13.6969454430889
71.76,14.002928808916
71.77,14.3206025795872
71.78,14.6498919837855
71.79,14.9907192444733
71.8,15.3430035952448
71.81,15.7066612974671
71.82,16.0816056582019
71.83,16.4677470489071
71.84,16.8649929249121
71.85,17.2732478456665
71.86,17.6924134957565
71.87,18.1223887066862
71.88,18.5630694794146
71.89,19.0143490076558
71.9,19.4761177019217
71.91,19.9482632143164
71.92,20.4306704640673
71.93,20.923221663797
71.94,21.4257963465201
71.95,21.9382713933689
71.96,22.4605210620326
71.97,22.9924170159183
71.98,23.5338283540073
71.99,24.0846216414205
72,24.6446609406724
72.01,25.213807843615
72.02,25.7919215040578
72.03,26.3788586710646
72.04,26.9744737229099
72.05,27.5786187016992
72.06,28.1911433486355
72.07,28.8118951399265
72.08,29.440719323329
72.09,30.0774589553177
72.1,30.7219549388687
72.11,31.3740460618541
72.12,32.033569036035
72.13,32.7003585366469
72.14,33.374247242562
72.15,34.0550658770282
72.16,34.7426432489683
72.17,35.436806294834
72.18,36.137380120997
72.19,36.8441880466846
72.2,37.5570516474247
72.21,38.2757907990139
72.22,39.0002237219806
72.23,39.7301670265447
72.24,40.4654357580554
72.25,41.2058434428969
72.26,41.9512021348595
72.27,42.701322461949
72.28,43.4560136736402
72.29,44.2150836885493
72.3,44.9783391425243
72.31,45.745585437133
72.32,46.516626788541
72.33,47.2912662767691
72.34,48.0693058953144
72.35,48.8505466011241
72.36,49.6347883649107
72.37,50.4218302217947
72.38,51.2114703222668
72.39,52.0035059834443
72.4,52.7977337406274
72.41,53.5939493991252
72.42,54.391948086353
72.43,55.1915243041704
72.44,55.9924719814703
72.45,56.7945845269811
72.46,57.5976548822881
72.47,58.4014755750436
72.48,59.2058387723752
72.49,60.01053633445
72.5,60.8153598682044
72.51,61.6201007812166
72.52,62.4245503357046
72.53,63.2284997026428
72.54,64.0317400159791
72.55,64.8340624269402
72.56,65.6352581584119
72.57,66.4351185593708
72.58,67.233435159376
72.59,68.0299997230765
72.6,68.8246043047467
72.61,69.6170413028153
72.62,70.4071035143946
72.63,71.1945841897689
72.64,71.9792770868579
72.65,72.7609765256101
72.66,73.539477442342
72.67,74.3145754439838
72.68,75.0860668622295
72.69,75.8537488075773
72.7,76.6174192232442
72.71,77.3768769389325
72.72,78.1319217244489
72.73,78.8823543431515
72.74,79.6279766052123
72.75,80.3685914206766
72.76,81.1040028523222
72.77,81.834016168277
72.78,82.5584378944073
72.79,83.2770758664405
72.8,83.9897392818282
72.81,84.6962387513175
72.82,85.3963863502282
72.83,86.0899956694179
72.84,86.7768818659219
72.85,87.4568617132495
72.86,88.1297536513309
72.87,88.7953778360953
72.88,89.4535561886672
72.89,90.1041124441681
72.9,90.7468722001085
72.91,91.3816629643611
72.92,92.0083142026971
72.93,92.6266573858693
72.94,93.236526036242
72.95,93.8377557739386
72.96,94.4301843625033
72.97,95.0136517540623
72.98,95.5880001339704
72.99,96.1530739649323
73,96.7087200305797
73.01,97.2547874785045
73.02,97.7911278627205
73.03,98.3175951855543
73.04,98.8340459389411
73.05,99.340339145128
73.06,99.8363363967588
73.07,100.321901896336
73.08,100.796902495048
73.09,101.261207730952
73.1,101.714689866491
73.11,102.157223925347
73.12,102.588687728614
73.13,103.008961930276
73.14,103.417930051986
73.15,103.815478517132
73.16,104.201496684179
73.17,104.575876879278
73.18,104.938514428136
73.19,105.289307687128
73.2,105.628158073649
73.21,105.954970095696
73.22,106.269651380665
73.23,106.572112703364
73.24,106.862268013219
73.25,107.140034460682
73.26,107.405332422813
73.27,107.658085528049
73.28,107.898220680128
73.29,108.125668081186
73.3,108.340361253993
73.31,108.542237063349
73.32,108.731235736601
73.33,108.907300883304
73.34,109.070379513998
73.35,109.220422058108
73.36,109.35738238095
73.37,109.481217799843
73.38,109.591889099323
73.39,109.689360545447
73.4,109.773599899186
73.41,109.844578428903
73.42,109.902270921904
73.43,109.946655695066
73.44,109.977714604533
73.45,109.995433054477
73.46,109.999800004914
73.47,109.990807978588
73.48,109.968453066896
73.49,109.932734934872
73.5,109.883656825212
73.51,109.821225561347
73.52,109.745451549559
73.53,109.656348780129
73.54,109.553934827535
73.55,109.438230849672
73.56,109.309261586119
73.57,109.167055355432
73.58,109.011644051467
73.59,108.843063138746
73.6,108.661351646841
73.61,108.466552163799
73.62,108.25871082859
73.63,108.037877322595
73.64,107.80410486012
73.65,107.557450177945
73.66,107.297973523909
73.67,107.025738644524
73.68,106.74081277164
73.69,106.443266608133
73.7,106.133174312645
73.71,105.810613483365
73.72,105.475665140859
73.73,105.128413709945
73.74,104.768947000626
73.75,104.397356188077
73.76,104.013735791692
73.77,103.618183653197
73.78,103.210800913832
73.79,102.791691990608
73.8,102.360964551633
73.81,101.918729490536
73.82,101.465100899971
73.83,101.00019604421
73.84,100.524135330854
73.85,100.03704228163
73.86,99.5390435023154
73.87,99.030268651777
73.88,98.5108504101349
73.89,97.9809244460623
73.9,97.4406293832272
73.91,96.8901067658799
73.92,96.3295010235993
73.93,95.7589594352054
73.94,95.1786320918404
73.95,94.5886718592377
73.96,93.9892343391756
73.97,93.3804778301391
73.98,92.7625632871811
73.99,92.1356542810106
74,91.4999169563069
74.01,90.8555199892718
74.02,90.2026345444324
74.03,89.5414342307031
74.04,88.8720950567204
74.05,88.1947953854538
74.06,87.5097158881147
74.07,86.8170394973689
74.08,86.116951359861
74.09,85.4096387880717
74.1,84.6952912115095
74.11,83.9741001272599
74.12,83.2462590498941
74.13,82.5119634607585
74.14,81.7714107566506
74.15,81.0248001979024
74.16,80.2723328558756
74.17,79.5142115598897
74.18,78.7506408435922
74.19,77.9818268907846
74.2,77.2079774807223
74.21,76.4293019328979
74.22,75.6460110513259
74.23,74.8583170683367
74.24,74.0664335879055
74.25,73.2705755285228
74.26,72.4709590656193
74.27,71.6678015735708
74.28,70.8613215672868
74.29,70.0517386434081
74.3,69.2392734211198
74.31,68.4241474826007
74.32,67.6065833131308
74.33,66.786804240853
74.34,65.9650343762322
74.35,65.1414985512028
74.36,64.3164222580432
74.37,63.4900315879695
74.38,62.6625531694907
74.39,61.8342141065188
74.4,61.0052419162734
74.41,60.1758644669707
74.42,59.3463099153406
74.43,58.5168066439712
74.44,57.6875831985059
74.45,56.8588682247019
74.46,56.0308904053842
74.47,55.2038783972902
74.48,54.3780607678409
74.49,53.5536659318427
74.5,52.7309220881521
74.51,51.9100571563002
74.52,51.091298713117
74.53,50.2748739293549
74.54,49.461009506345
74.55,48.6499316126826
74.56,47.8418658209856
74.57,47.0370370447235
74.58,46.2356694751407
74.59,45.4379865182972
74.6,44.644210732235
74.61,43.8545637642992
74.62,43.0692662886159
74.63,42.2885379437628
74.64,41.5125972706367
74.65,40.7416616505412
74.66,39.9759472435106
74.67,39.2156689268882
74.68,38.4610402341804
74.69,37.7122732941912
74.7,36.969578770475
74.71,36.2331658011049
74.72,35.5032419387901
74.73,34.7800130913443
74.74,34.0636834625383
74.75,33.3544554933433
74.76,32.6525298035818
74.77,31.9581051340122
74.78,31.2713782888546
74.79,30.592544078778
74.8,29.9217952643671
74.81,29.2593225000841
74.82,28.6053142787417
74.83,27.9599568765049
74.84,27.3234342984338
74.85,26.6959282245929
74.86,26.077617956733
74.87,25.4686803655653
74.88,24.8692898386457
74.89,24.2796182288831
74.9,23.6998348036873
74.91,23.1301061947708
74.92,22.5705963486204
74.93,22.0214664776588
74.94,21.4828750120987
74.95,20.9549775525188
74.96,20.4379268231656
74.97,19.9318726260016
74.98,19.436961795507
74.99,18.9533381542598
75,18.4811424692974
75.01,18.0205124092794
75.02,17.5715825024626
75.03,17.1344840955039
75.04,16.7093453131012
75.05,16.2962910184867
75.06,15.8954427747843
75.07,15.5069188072464
75.08,15.1308339663765
75.09,14.7672996919563
75.1,14.4164239779827
75.11,14.0783113385332
75.12,13.7530627745609
75.13,13.4407757416421
75.14,13.1415441186771
75.15,12.8554581775618
75.16,12.5826045538333
75.17,12.3230662183074
75.18,12.076922449712
75.19,11.8442488083273
75.2,11.6251171106426
75.21,11.4195954050385
75.22,11.227747948503
75.23,11.0496351843894
75.24,10.8853137212237
75.25,10.7348363125721
75.26,10.5982518379715
75.27,10.4756052849349
75.28,10.3669377320347
75.29,10.2722863330737
75.3,10.1916843023476
75.31,10.1251609010068
75.32,10.0727414245221
75.33,10.0344471912609
75.34,10.0102955321775
75.35,10.0002997816236
75.36,10.0044692692828
75.37,10.0228093132338
75.38,10.0553212141455
75.39,10.1020022506084
75.4,10.1628456756045
75.41,10.2378407141198
75.42,10.3269725619011
75.43,10.4302223853593
75.44,10.5475673226228
75.45,10.6789804857394
75.46,10.8244309640322
75.47,10.9838838286059
75.48,11.1573001380086
75.49,11.3446369450461
75.5,11.5458473047491
75.51,11.7608802834967
75.52,11.9896809692886
75.53,12.2321904831722
75.54,12.4883459918173
75.55,12.7580807212426
75.56,13.0413239716854
75.57,13.3380011336175
75.58,13.6480337049025
75.59,13.9713393090913
75.6,14.307831714853
75.61,14.6574208565365
75.62,15.0200128558609
75.63,15.3955100447289
75.64,15.7838109891576
75.65,16.184810514323
75.66,16.5983997307136
75.67,17.0244660613869
75.68,17.4628932703185
75.69,17.9135614918469
75.7,18.3763472611978
75.71,18.8511235460863
75.72,19.3377597793867
75.73,19.8361218928677
75.74,20.3460723519765
75.75,20.867470191671
75.76,21.400171053288
75.77,21.9440272224397
75.78,22.4988876679273
75.79,23.0645980816653
75.8,23.6410009196041
75.81,24.2279354436426
75.82,24.8252377645159
75.83,25.4327408856577
75.84,26.0502747480115
75.85,26.6776662757935
75.86,27.3147394231832
75.87,27.9613152219432
75.88,28.6172118299411
75.89,29.2822445805741
75.9,29.9562260330707
75.91,30.6389660236735
75.92,31.330271717671
75.93,32.0299476622751
75.94,32.7377958403318
75.95,33.4536157248462
75.96,34.1772043343058
75.97,34.9083562887946
75.98,35.6468638668766
75.99,36.3925170632382
76,37.1451036470649
76.01,37.9044092211523
76.02,38.6702172817208
76.03,39.4423092789216
76.04,40.2204646780229
76.05,41.0044610212581
76.06,41.7940739903072
76.07,42.5890774694148
76.08,43.3892436091121
76.09,44.1943428905269
76.1,45.00414419027
76.11,45.8184148458796
76.12,46.6369207217946
76.13,47.4594262758511
76.14,48.2856946262857
76.15,49.1154876192046
76.16,49.9485658965276
76.17,50.784688964375
76.18,51.6236152618698
76.19,52.465102230351
76.2,53.308906382976
76.21,54.1547833746807
76.22,55.0024880724807
76.23,55.8517746261188
76.24,56.7023965389976
76.25,57.5541067393968
76.26,58.4066576519778
76.27,59.2598012695064
76.28,60.113289224813
76.29,60.9668728629495
76.3,61.8203033135408
76.31,62.6733315632768
76.32,63.5257085285619
76.33,64.377185128279
76.34,65.2275123566466
76.35,66.0764413561536
76.36,66.9237234905623
76.37,67.7691104179213
76.38,68.6123541636135
76.39,69.453207193386
76.4,70.2914224863461
76.41,71.126753607909
76.42,71.9589547826815
76.43,72.7877809672281
76.44,73.6129879227433
76.45,74.4343322875746
76.46,75.2515716495893
76.47,76.0644646183477
76.48,76.8727708971
76.49,77.6762513545329
76.5,78.4746680962756
76.51,79.2677845361543
76.52,80.055365467139
76.53,80.8371771319836
76.54,81.6129872935415
76.55,82.3825653047259
76.56,83.1456821780868
76.57,83.9021106550035
76.58,84.6516252744569
76.59,85.3940024413589
76.6,86.12902049443
76.61,86.8564597735966
76.62,87.5761026868825
76.63,88.2877337767833
76.64,88.9911397861042
76.65,89.6861097232241
76.66,90.3724349267881
76.67,91.0499091297963
76.68,91.7183285230637
76.69,92.3774918180443
76.7,93.0272003089942
76.71,93.6672579344494
76.72,94.2974713379986
76.73,94.9176499283525
76.74,95.5276059386581
76.75,96.1271544850554
76.76,96.7161136244734
76.77,97.2943044116145
76.78,97.8615509551326
76.79,98.4176804729785
76.8,98.9625233469021
76.81,99.4959131760764
76.82,100.017686829848
76.83,100.527684499583
76.84,101.025749749591
76.85,101.511729567119
76.86,101.985474411396
76.87,102.4468382617
76.88,102.895678664451
76.89,103.331856779307
76.9,103.755237424231
76.91,104.165689119545
76.92,104.563084130934
76.93,104.947298511384
76.94,105.318212142054
76.95,105.675708772061
76.96,106.019676057164
76.97,106.350005597325
76.98,106.666592973156
76.99,106.969337781217
77,107.258143668163
77.01,107.532918363729
77.02,107.793573712534
77.03,108.040025704705
77.04,108.272194505288
77.05,108.490004482467
77.06,108.693384234548
77.07,108.88226661572
77.08,109.056588760574
77.09,109.216292107372
77.1,109.361322420057
77.11,109.491629809
77.12,109.607168750467
77.13,109.707898104802
77.14,109.793781133321
77.15,109.864785513911
77.16,109.920883355317
77.17,109.962051210122
77.18,109.98827008641
77.19,109.999525458103
77.2,109.99580727397
77.21,109.977109965307
77.22,109.943432452271
77.23,109.894778148883
77.24,109.831154966672
77.25,109.752575316985
77.26,109.659056111929
77.27,109.550618763977
77.28,109.427289184197
77.29,109.289097779143
77.3,109.136079446373
77.31,108.968273568611
77.32,108.785724006549
77.33,108.588479090286
77.34,108.376591609415
77.35,108.150118801733
77.36,107.909122340614
77.37,107.653668321007
77.38,107.383827244091
77.39,107.099674000571
77.4,106.801287852631
77.41,106.488752414533
77.42,106.162155631878
77.43,105.821589759531
77.44,105.467151338206
77.45,105.098941169728
77.46,104.717064290966
77.47,104.321629946453
77.48,103.912751559692
77.49,103.490546703154
77.5,103.055137066989
77.51,102.606648426428
77.52,102.145210607919
77.53,101.67095745398
77.54,101.184026786791
77.55,100.684560370519
77.56,100.172703872407
77.57,99.6486068226207
77.58,99.1124225728631
77.59,98.5643082537814
77.6,98.0044247311592
77.61,97.4329365609183
77.62,96.8500119429381
77.63,96.2558226737046
77.64,95.6505440977951
77.65,95.0343550582293
77.66,94.4074378456785
77.67,93.7699781465591
77.68,93.122164990026
77.69,92.4641906938721
77.7,91.796250809352
77.71,91.1185440649492
77.72,90.431272309102
77.73,89.7346404518884
77.74,89.0288564057082
77.75,88.3141310249779
77.76,87.590678044821
77.77,86.8587140188211
77.78,86.1184582558202
77.79,85.3701327557927
77.8,84.6139621448027
77.81,83.8501736090902
77.82,83.0789968282669
77.83,82.3006639076678
77.84,81.5154093098759
77.85,80.7234697854244
77.86,79.9250843027071
77.87,79.1204939771261
77.88,78.3099419994756
77.89,77.4936735635955
77.9,76.671935793325
77.91,75.8449776687556
77.92,75.0130499518189
77.93,74.1764051112352
77.94,73.3352972468339
77.95,72.4899820132672
77.96,71.6407165431518
77.97,70.7877593696641
77.98,69.9313703485742
77.99,69.0718105797947
78,68.2093423284437
78.01,67.3442289454198
78.02,66.4767347875645
78.03,65.6071251373991
78.04,64.7356661224682
78.05,63.862624634315
78.06,62.9882682471227
78.07,62.1128651360311
78.08,61.2366839951563
78.09,60.3599939553545
78.1,59.4830645017323
78.11,58.6061653909349
78.12,57.7295665682594
78.13,56.8535380845807
78.14,55.9783500131418
78.15,55.1042723662352
78.16,54.2315750117851
78.17,53.3605275898578
78.18,52.4913994291531
78.19,51.6244594634612
78.2,50.7599761481401
78.21,49.8982173766303
78.22,49.0394503970437
78.23,48.1839417288162
78.24,47.3319570795019
78.25,46.4837612617056
78.26,45.639618110165
78.27,44.799790399045
78.28,43.9645397594538
78.29,43.1341265971889
78.3,42.3088100107657
78.31,41.4888477097477
78.32,40.6744959333933
78.33,39.8660093696495
78.34,39.0636410745352
78.35,38.267642391912
78.36,37.478262873684
78.37,36.695750200459
78.38,35.9203501026783
78.39,35.1523062822493
78.4,34.3918603347167
78.41,33.6392516719766
78.42,32.8947174455716
78.43,32.1584924705957
78.44,31.4308091502197
78.45,30.711897400873
78.46,30.0019845780992
78.47,29.3012954031267
78.48,28.6100518901394
78.49,27.9284732743198
78.5,27.2567759406614
78.51,26.5951733535638
78.52,25.9438759872631
78.53,25.3030912571007
78.54,24.6730234516557
78.55,24.0538736657658
78.56,23.4458397344653
78.57,22.849116167849
78.58,22.2638940868929
78.59,21.6903611602562
78.6,21.1287015420782
78.61,20.5790958107894
78.62,20.0417209089747
78.63,19.5167500842874
78.64,19.0043528314441
78.65,18.504694835329
78.66,18.0179379152099
78.67,17.5442399700966
78.68,17.0837549252617
78.69,16.6366326799354
78.7,16.2030190561934
78.71,15.7830557490655
78.72,15.3768802778743
78.73,14.9846259388146
78.74,14.6064217588079
78.75,14.2423924506393
78.76,13.8926583693819
78.77,13.5573354701489
78.78,13.2365352671671
78.79,12.9303647941996
78.8,12.6389265663215
78.81,12.3623185430785
78.82,12.1006340930249
78.83,11.8539619596656
78.84,11.6223862288128
78.85,11.4059862973683
78.86,11.2048368435415
78.87,11.0190077985236
78.88,10.8485643196183
78.89,10.6935667648457
78.9,10.5540706690315
78.91,10.4301267213864
78.92,10.3217807445873
78.93,10.2290736753723
78.94,10.1520415466529
78.95,10.0907154711549
78.96,10.0451216265951
78.97,10.0152812424001
78.98,10.0012105879741
78.99,10.0029209625229
79,10.020418686438
79.01,10.0537050942484
79.02,10.1027765291422
79.03,10.167624339064
79.04,10.2482348743916
79.05,10.3445894871949
79.06,10.4566645320794
79.07,10.5844313686175
79.08,10.7278563653697
79.09,10.8869009054933
79.1,11.0615213939457
79.11,11.2516692662772
79.12,11.4572909990138
79.13,11.6783281216325
79.14,11.9147172301248
79.15,12.1663900021458
79.16,12.4332732137498
79.17,12.7152887577088
79.18,13.0123536634069
79.19,13.3243801183111
79.2,13.6512754910144
79.21,13.9929423558416
79.22,14.3492785190137
79.23,14.7201770463756
79.24,15.1055262926622
79.25,15.505209932306
79.26,15.9191069917879
79.27,16.3470918835042
79.28,16.7890344411529
79.29,17.2447999566311
79.3,17.7142492184315
79.31,18.1972385515239
79.32,18.6936198587182
79.33,19.2032406634986
79.34,19.7259441543061
79.35,20.2615692302717
79.36,20.8099505483823
79.37,21.3709185720604
79.38,21.944299621153
79.39,22.5299159233175
79.4,23.1275856667732
79.41,23.7371230544284
79.42,24.3583383593495
79.43,24.9910379815615
79.44,25.635024506164
79.45,26.2900967627555
79.46,26.9560498861274
79.47,27.6326753782254
79.48,28.3197611713704
79.49,29.0170916926944
79.5,29.7244479297832
79.51,30.4416074975289
79.52,31.1683447061343
79.53,31.9044306302747
79.54,32.6496331793901
79.55,33.4037171690943
79.56,34.1664443936536
79.57,34.9375736995514
79.58,35.7168610600892
79.59,36.504059651006
79.6,37.2989199271009
79.61,38.1011896998396
79.62,38.9106142158938
79.63,39.7269362366292
79.64,40.5498961184889
79.65,41.3792318942553
79.66,42.2146793551702
79.67,43.0559721338876
79.68,43.9028417882207
79.69,44.7550178856788
79.7,45.6122280887503
79.71,46.474198240917
79.72,47.3406524533493
79.73,48.211313192306
79.74,49.0859013671525
79.75,49.9641364189966
79.76,50.8457364099376
79.77,51.7304181128529
79.78,52.6178971017227
79.79,53.5078878424691
79.8,54.400103784267
79.81,55.2942574512947
79.82,56.1900605349109
79.83,57.0872239862235
79.84,57.985458109005
79.85,58.8844726529484
79.86,59.7839769072245
79.87,60.6836797942977
79.88,61.5832899639911
79.89,62.4825158877636
79.9,63.3810659531541
79.91,64.2786485583839
79.92,65.1749722070826
79.93,66.069745603083
79.94,66.9626777452909
79.95,67.8534780225739
79.96,68.741856308646
79.97,69.6275230569056
79.98,70.5101893952332
79.99,71.3895672206647
80,72.2653692939398
80.01,73.1373093339096
80.02,74.0051021117317
80.03,74.8684635448485
80.04,75.727110790717
80.05,76.5807623402544
80.06,77.4291381109598
80.07,78.2719595396959
80.08,79.1089496750987
80.09,79.9398332695632
80.1,80.7643368708067
80.11,81.5821889129548
80.12,82.3931198071263
80.13,83.1968620314874
80.14,83.9931502207564
80.15,84.7817212550945
80.16,85.5623143483972
80.17,86.3346711359262
80.18,87.0985357612545
80.19,87.8536549625101
80.2,88.5997781578768
80.21,89.3366575303241
80.22,90.0640481115339
80.23,90.781707865016
80.24,91.4893977683538
80.25,92.1868818945614
80.26,92.8739274925506
80.27,93.5503050666357
80.28,94.215788455079
80.29,94.8701549076408
80.3,95.5131851621133
80.31,96.1446635197896
80.32,96.7643779198733
80.33,97.3721200127803
80.34,97.9676852323079
80.35,98.5508728666586
80.36,99.1214861282833
80.37,99.6793322225161
80.38,100.224222414988
80.39,100.755972097787
80.4,101.274400854338
80.41,101.779332522985
80.42,102.270595259263
80.43,102.748021596801
80.44,103.211448506879
80.45,103.660717456588
80.46,104.095674465582
80.47,104.516170161389
80.48,104.922059833285
80.49,105.313203484689
80.5,105.689465884062
80.51,106.050716614301
80.52,106.396830120605
80.53,106.727685756786
80.54,107.043167830019
80.55,107.343165644012
80.56,107.627573540569
80.57,107.896290939545
80.58,108.149222377164
80.59,108.38627754269
80.6,108.607371313441
80.61,108.812423788121
80.62,109.001360318468
80.63,109.174111539198
80.64,109.330613396228
80.65,109.47080717318
80.66,109.594639516141
80.67,109.702062456675
80.68,109.793033433075
80.69,109.867515309841
80.7,109.925476395386
80.71,109.966890457949
80.72,109.991736739712
80.73,109.999999969118
80.74,109.99167037137
80.75,109.966743677125
80.76,109.925221129354
80.77,109.867109488384
80.78,109.792421035099
80.79,109.701173572315
80.8,109.593390424308
80.81,109.469100434501
80.82,109.328337961312
80.83,109.17114287215
80.84,108.99756053557
80.85,108.807641811576
80.86,108.601443040083
80.87,108.379026027532
80.88,108.140458031661
80.89,107.88581174443
80.9,107.61516527312
80.91,107.328602119581
80.92,107.026211157661
80.93,106.708086608808
80.94,106.374328015841
80.95,106.025040214919
80.96,105.66033330569
80.97,105.280322619656
80.98,104.88512868672
80.99,104.474877199968
81,104.049698978675
81.01,103.609729929529
81.02,103.155111006114
81.03,102.685988166644
81.04,102.202512329966
81.05,101.70483932983
81.06,101.193129867471
81.07,100.667549462477
81.08,100.128268401983
81.09,99.575461688204
81.1,99.0093089843056
81.11,98.4299945586453
81.12,97.8377072273926
81.13,97.2326402955485
81.14,96.6149914963723
81.15,95.9849629292505
81.16,95.3427609960107
81.17,94.6885963357045
81.18,94.0226837578866
81.19,93.3452421743987
81.2,92.6564945296832
81.21,91.9566677296514
81.22,91.245992569134
81.23,90.5247036579035
81.24,89.7930393453417
81.25,89.0512416437394
81.26,88.2995561502548
81.27,87.5382319675719
81.28,86.7675216232748
81.29,85.9876809879596
81.3,85.1989691921025
81.31,84.401648541745
81.32,83.5959844329751
81.33,82.7822452652634
81.34,81.9607023536802
81.35,81.1316298400061
81.36,80.2953046027697
81.37,79.4520061662608
81.38,78.6020166085177
81.39,77.7456204683351
81.4,76.8831046513284
81.41,76.0147583350708
81.42,75.140872873336
81.43,74.2617416994961
81.44,73.3776602290765
81.45,72.4889257615242
81.46,71.5958373812043
81.47,70.6986958576877
81.48,69.7978035453056
81.49,68.8934642820643
81.5,67.9859832879324
81.51,67.0756670625028
81.52,66.1628232821165
81.53,65.247760696451
81.54,64.3307890246012
81.55,63.4122188507145
81.56,62.4923615191913
81.57,61.5715290295023
81.58,60.6500339306355
81.59,59.7281892152447
81.6,58.8063082134984
81.61,57.884704486677
81.62,56.9636917205793
81.63,56.043583618726
81.64,55.1246937954382
81.65,54.2073356688141
81.66,53.2918223536306
81.67,52.3784665542106
81.68,51.4675804573138
81.69,50.559475625051
81.7,49.654462887887
81.71,48.7528522377547
81.72,47.8549527213374
81.73,46.9610723335116
81.74,46.071517911039
81.75,45.1865950265256
81.76,44.3066078826563
81.77,43.4318592067866
81.78,42.5626501459039
81.79,41.699280161995
81.8,40.84204692786
81.81,39.9912462234131
81.82,39.1471718325029
81.83,38.3101154402803
81.84,37.4803665311702
81.85,36.6582122874632
81.86,35.843937488569
81.87,35.0378244109776
81.88,34.2401527289517
81.89,33.4511994159772
81.9,32.6712386470436
81.91,31.9005417017434
81.92,31.1393768682496
81.93,30.3880093482135
81.94,29.6467011625973
81.95,28.9157110584769
81.96,28.1952944168716
81.97,27.4857031616125
81.98,26.7871856692755
81.99,26.0999866802385
82,25.424347210887
82.01,24.7605044669671
82.02,24.1086917581719
82.03,23.469138413955
82.04,22.8420697006111
82.05,22.2277067396528
82.06,21.6262664275288
82.07,21.0379613566893
82.08,20.4629997380425
82.09,19.9015853248342
82.1,19.3539173379671
82.11,18.8201903927944
82.12,18.3005944274215
82.13,17.7953146325282
82.14,17.3045313827501
82.15,16.8284201696441
82.16,16.3671515362555
82.17,15.9208910133207
82.18,15.4897990571298
82.19,15.0740309890624
82.2,14.673736936836
82.21,14.2890617774751
82.22,13.92014508204
82.23,13.5671210621146
82.24,13.2301185180968
82.25,12.9092607893032
82.26,12.6046657058995
82.27,12.3164455426923
82.28,12.044706974792
82.29,11.7895510351632
82.3,11.5510730740852
82.31,11.3293627205393
82.32,11.1245038455358
82.33,10.9365745273989
82.34,10.7656470190251
82.35,10.6117877171276
82.36,10.4750571334809
82.37,10.3555098681812
82.38,10.2531945849304
82.39,10.1681539883595
82.4,10.1004248034007
82.41,10.0500377567185
82.42,10.0170175602086
82.43,10.0013828965763
82.44,10.0031464069993
82.45,10.0223146808842
82.46,10.0588882477238
82.47,10.1128615710589
82.48,10.1842230445537
82.49,10.2729549901852
82.5,10.3790336585532
82.51,10.502429231314
82.52,10.6431058257384
82.53,10.8010215013965
82.54,10.976128268971
82.55,11.1683721011989
82.56,11.377692945939
82.57,11.6040247413652
82.58,11.8472954332884
82.59,12.1074269945902
82.6,12.3843354467838
82.61,12.6779308836825
82.62,12.9881174971758
82.63,13.3147936051087
82.64,13.6578516812606
82.65,14.0171783874023
82.66,14.3926546074429
82.67,14.7841554836439
82.68,15.1915504548925
82.69,15.6147032970282
82.7,16.0534721652124
82.71,16.507709638322
82.72,16.9772627653547
82.73,17.4619731138501
82.74,17.9616768202879
82.75,18.4762046424564
82.76,19.0053820137951
82.77,19.5490290996634
82.78,20.1069608555401
82.79,20.6789870871312
82.8,21.2649125123683
82.81,21.8645368252687
82.82,22.4776547616561
82.83,23.1040561667056
82.84,23.7435260642955
82.85,24.3958447281518
82.86,25.0607877547542
82.87,25.7381261379786
82.88,26.4276263454686
82.89,27.1290503966889
82.9,27.8421559426529
82.91,28.5666963472905
82.92,29.3024207704341
82.93,30.0490742523909
82.94,30.8063978000763
82.95,31.5741284746866
82.96,32.351999480872
82.97,33.1397402573754
82.98,33.93707656914
82.99,34.7437306008112
83,35.5594210516219
83.01,36.383863231653
83.02,37.2167691593834
83.03,38.0578476605494
83.04,38.9068044682453
83.05,39.7633423242593
83.06,40.6271610815758
83.07,41.497957808047
83.08,42.3754268911735
83.09,43.2592601439635
83.1,44.1491469118413
83.11,45.0447741805669
83.12,45.9458266851173
83.13,46.8519870195109
83.14,47.7629357475265
83.15,48.6783515142791
83.16,49.5979111586122
83.17,50.5212898262865
83.18,51.4481610838844
83.19,52.3781970334443
83.2,53.3110684277406
83.21,54.2464447861929
83.22,55.1839945113457
83.23,56.1233850059148
83.24,57.0642827903086
83.25,58.0063536206129
83.26,58.9492626070096
83.27,59.8926743325575
83.28,60.8362529723022
83.29,61.7796624126899
83.3,62.722566371233
83.31,63.6646285163651
83.32,64.6055125874769
83.33,65.5448825150732
83.34,66.4824025409951
83.35,67.4177373386945
83.36,68.3505521334962
83.37,69.2805128228036
83.38,70.2072860962158
83.39,71.1305395555177
83.4,72.04994183447
83.41,72.9651627183932
83.42,73.8758732634827
83.43,74.7817459158057
83.44,75.682454629954
83.45,76.5776749873012
83.46,77.467084313817
83.47,78.3503617973934
83.48,79.2271886046681
83.49,80.0972479972585
83.5,80.9602254473853
83.51,81.8158087528692
83.52,82.6636881514005
83.53,83.5035564340919
83.54,84.3351090582415
83.55,85.1580442592864
83.56,85.9720631618797
83.57,86.7768698900733
83.58,87.5721716765568
83.59,88.3576789708997
83.6,89.1331055467801
83.61,89.8981686081434
83.62,90.6525888942465
83.63,91.3960907835667
83.64,92.1284023965238
83.65,92.8492556969709
83.66,93.5583865924298
83.67,94.2555350330269
83.68,94.9404451090837
83.69,95.6128651473349
83.7,96.2725478057429
83.71,96.9192501668496
83.72,97.5527338296453
83.73,98.1727649999347
83.74,98.7791145791261
83.75,99.3715582514372
83.76,99.9498765694911
83.77,100.513855038235
83.78,101.063284197182
83.79,101.597959700924
83.8,102.117682397901
83.81,102.622258407371
83.82,103.111499194571
83.83,103.585221644042
83.84,104.043248131057
83.85,104.485406591167
83.86,104.911530587804
83.87,105.321459377922
83.88,105.715037975664
83.89,106.092117214006
83.9,106.452553804368
83.91,106.796210394157
83.92,107.122955622239
83.93,107.432664172282
83.94,107.725216823977
83.95,108.000500502112
83.96,108.258408323453
83.97,108.498839641447
83.98,108.721700088698
83.99,108.926901617222
84,109.114362536434
84.01,109.284007548883
84.02,109.435767783688
84.03,109.569580827685
84.04,109.685390754247
84.05,109.783148149788
84.06,109.862810137907
84.07,109.924340401196
84.08,109.967709200666
84.09,109.992893392806
84.1,109.999876444251
84.11,109.988648444053
84.12,109.959206113553
84.13,109.91155281384
84.14,109.845698550787
84.15,109.761659977679
84.16,109.659460395394
84.17,109.539129750173
84.18,109.400704628941
84.19,109.244228252201
84.2,109.069750464492
84.21,108.877327722401
84.22,108.667023080152
84.23,108.438906172754
84.24,108.193053196712
84.25,107.929546888328
84.26,107.648476499551
84.27,107.349937771439
84.28,107.034032905183
84.29,106.700870530744
84.3,106.350565673077
84.31,105.983239715985
84.32,105.599020363577
84.33,105.198041599369
84.34,104.780443643024
84.35,104.346372904749
84.36,103.895981937362
84.37,103.429429386044
84.38,102.946879935785
84.39,102.448504256547
84.4,101.934478946163
84.41,101.40498647098
84.42,100.860215104265
84.43,100.300358862413
84.44,99.7256174389455
84.45,99.1361961363507
84.46,98.532305795763
84.47,97.9141627245304
84.48,97.2819886216612
84.49,96.6360105012005
84.5,95.9764606135649
84.51,95.3035763648223
84.52,94.6176002339956
84.53,93.9187796883857
84.54,93.2073670969469
84.55,92.4836196417448
84.56,91.7477992275405
84.57,91.0001723895085
84.58,90.241010199133
84.59,89.4705881683189
84.6,88.6891861517428
84.61,87.8970882474667
84.62,87.0945826958852
84.63,86.2819617769979
84.64,85.4595217060634
84.65,84.6275625276837
84.66,83.7863880083266
84.67,82.9363055273455
84.68,82.0776259665337
84.69,81.210663598237
84.7,80.3357359720786
84.71,79.4531638003296
84.72,78.5632708419835
84.73,77.6663837855265
84.74,76.7628321305089
84.75,75.8529480679285
84.76,74.9370663594434
84.77,74.0155242155125
84.78,73.0886611724739
84.79,72.1568189685958
84.8,71.2203414191727
84.81,70.2795742906983
84.82,69.3348651741567
84.83,68.3865633574786
84.84,67.4350196972268
84.85,66.4805864895266
84.86,65.5236173403135
84.87,64.5644670349368
84.88,63.6034914071679
84.89,62.6410472076518
84.9,61.6774919718718
84.91,60.7131838876551
84.92,59.748481662269
84.93,58.7837443891856
84.94,57.8193314145179
84.95,56.8556022032154
84.96,55.8929162050478
84.97,54.931632720448
84.98,53.972110766222
84.99,53.0147089412319
85,52.0597852920668
85.01,51.1076971787391
85.02,50.1588011405056
85.03,49.2134527618191
85.04,48.2720065384787
85.05,47.334815744024
85.06,46.4022322964363
85.07,45.4746066251824
85.08,44.5522875386486
85.09,43.6356220920423
85.1,42.7249554557748
85.11,41.8206307844006
85.12,40.9229890861588
85.13,40.0323690931597
85.14,39.1491071322631
85.15,38.2735369967251
85.16,37.4059898186215
85.17,36.5467939421248
85.18,35.6962747976859
85.19,34.85475477715
85.2,34.0225531098607
85.21,33.1999857398221
85.22,32.387365203939
85.23,31.5850005113866
85.24,30.7931970241732
85.25,30.012256338939
85.26,29.2424761700085
85.27,28.4841502337867
85.28,27.7375681345169
85.29,27.0030152514461
85.3,26.2807726274496
85.31,25.571116859166
85.32,24.874319988665
85.33,24.1906493967105
85.34,23.5203676976546
85.35,22.8637326360053
85.36,22.220996984703
85.37,21.5924084451621
85.38,20.9782095491018
85.39,20.3786375622124
85.4,19.7939243897039
85.41,19.2242964837593
85.42,18.6699747529415
85.43,18.1311744735945
85.44,17.6081052032619
85.45,17.1009706961683
85.46,16.6099688207961
85.47,16.1352914795991
85.48,15.6771245308648
85.49,15.235647712786
85.5,14.8110345697586
85.51,14.4034523809304
85.52,14.0130620910493
85.53,13.6400182436281
85.54,13.2844689164552
85.55,12.9465556594816
85.56,12.6264134351158
85.57,12.324170560942
85.58,12.0399486548957
85.59,11.7738625829195
85.6,11.5260204091196
85.61,11.2965233484464
85.62,11.0854657219265
85.63,10.8929349144572
85.64,10.7190113351906
85.65,10.5637683805253
85.66,10.4272723997196
85.67,10.3095826631469
85.68,10.2107513332087
85.69,10.1308234379187
85.7,10.0698368471727
85.71,10.0278222517176
85.72,10.0048031448317
85.73,10.0007958067254
85.74,10.0158092916746
85.75,10.0498454178941
85.76,10.1028987601594
85.77,10.1749566451838
85.78,10.2659991497557
85.79,10.375999101642
85.8,10.5049220832619
85.81,10.6527264381297
85.82,10.8193632800731
85.83,11.0047765052268
85.84,11.2089028067953
85.85,11.4316716925907
85.86,11.6730055053393
85.87,11.9328194457517
85.88,12.2110215983544
85.89,12.5075129600779
85.9,12.8221874715867
85.91,13.1549320513545
85.92,13.5056266324695
85.93,13.8741442021544
85.94,14.2603508440008
85.95,14.6641057828999
85.96,15.0852614326547
85.97,15.5236634462585
85.98,15.9791507688354
85.99,16.4515556932109
86,16.9407039180993
86.01,17.4464146089044
86.02,17.9685004610859
86.03,18.5067677660988
86.04,19.0610164798627
86.05,19.6310402937579
86.06,20.2166267080997
86.07,20.8175571080938
86.08,21.4336068422291
86.09,22.0645453030823
86.1,22.7101360105156
86.11,23.3701366972324
86.12,24.0442993966603
86.13,24.7323705331348
86.14,25.4340910143545
86.15,26.1491963260633
86.16,26.8774166289398
86.17,27.6184768576601
86.18,28.3720968220771
86.19,29.1379913105102
86.2,29.9158701950967
86.21,30.705438539153
86.22,31.5063967065203
86.23,32.3184404728716
86.24,33.1412611389048
86.25,33.9745456453975
86.26,34.8179766900997
86.27,35.6712328463884
86.28,36.5339886836617
86.29,37.4059148894252
86.3,38.2866783930311
86.31,39.1759424909955
86.32,40.0733669738959
86.33,40.9786082547656
86.34,41.8913194989368
86.35,42.8111507553068
86.36,43.7377490889742
86.37,44.6707587151639
86.38,45.6098211344371
86.39,46.5545752691021
86.4,47.5046576007887
86.41,48.4597023091303
86.42,49.4193414115096
86.43,50.383204903794
86.44,51.3509209020335
86.45,52.3221157850567
86.46,53.296414337904
86.47,54.2734398960369
86.48,55.2528144903119
86.49,56.2341589926081
86.5,57.2170932620685
86.51,58.2012362919427
86.52,59.1862063569076
86.53,60.1716211608456
86.54,61.1570979850319
86.55,62.1422538366543
86.56,63.1267055976043
86.57,64.110070173507
86.58,65.0919646429128
86.59,66.0720064065841
86.6,67.0498133368493
86.61,68.0250039269452
86.62,68.9971974402776
86.63,69.9660140595737
86.64,70.9310750358445
86.65,71.892002837103
86.66,72.8484212967832
86.67,73.7999557618032
86.68,74.7462332402031
86.69,75.686882548312
86.7,76.6215344573867
86.71,77.549821839644
86.72,78.4713798136455
86.73,79.3858458889927
86.74,80.2928601102331
86.75,81.1920651999417
86.76,82.0831067009473
86.77,82.9656331175991
86.78,83.8392960560385
86.79,84.7037503634284
86.8,85.5586542660759
86.81,86.4036695063847
86.82,87.2384614785904
86.83,88.0626993632308
86.84,88.8760562602753
86.85,89.6782093208794
86.86,90.4688398777083
86.87,91.247633573754
86.88,92.014280489626
86.89,92.7684752692461
86.9,93.5099172438865
86.91,94.2383105545186
86.92,94.9533642724161
86.93,95.6547925179513
86.94,96.3423145775504
86.95,97.0156550187555
86.96,97.6745438033341
86.97,98.318716398398
86.98,98.9479138854977
86.99,99.5618830676148
87,100.160376574032
87.01,100.743152963038
87.02,101.309976822401
87.03,101.860618867592
87.04,102.394856037696
87.05,102.912471589
87.06,103.413255186171
87.07,103.897002991028
87.08,104.363517748854
87.09,104.812608872196
87.1,105.244092522137
87.11,105.657791687003
87.12,106.053536258445
87.13,106.431163104902
87.14,106.790516142376
87.15,107.131446402507
87.16,107.453812097912
87.17,107.757478684759
87.18,108.042318922547
87.19,108.308212931061
87.2,108.555048244484
87.21,108.782719862626
87.22,108.991130299266
87.23,109.180189627562
87.24,109.349815522522
87.25,109.499933300509
87.26,109.630475955765
87.27,109.741384193919
87.28,109.832606462491
87.29,109.904098978342
87.3,109.955825752084
87.31,109.987758609415
87.32,109.999877209375
87.33,109.992169059514
87.34,109.964629527958
87.35,109.917261852359
87.36,109.850077145727
87.37,109.763094399145
87.38,109.656340481339
87.39,109.529850135122
87.4,109.383665970696
87.41,109.217838455814
87.42,109.032425902799
87.43,108.827494452429
87.44,108.603118054672
87.45,108.359378446302
87.46,108.096365125365
87.47,107.814175322542
87.48,107.512913969372
87.49,107.192693663384
87.5,106.853634630119
87.51,106.495864682061
87.52,106.1195191745
87.53,105.724740958321
87.54,105.311680329752
87.55,104.880494977074
87.56,104.43134992431
87.57,103.964417471929
87.58,103.479877134554
87.59,102.977915575726
87.6,102.458726539726
87.61,101.922510780483
87.62,101.369475987594
87.63,100.799836709485
87.64,100.213814273727
87.65,99.6116367045528
87.66,98.9935386375931
87.67,98.3597612318515
87.68,97.7105520789825
87.69,97.0461651098688
87.7,96.3668604985496
87.71,95.672904563537
87.72,94.9645696665566
87.73,94.242134108727
87.74,93.505882024249
87.75,92.7561032716331
87.76,91.99309332248
87.77,91.2171531478973
87.78,90.4285891025659
87.79,89.6277128065079
87.8,88.8148410245954
87.81,87.9902955438652
87.82,87.1544030486519
87.83,86.3074949936148
87.84,85.4499074747032
87.85,84.5819810980914
87.86,83.7040608471533
87.87,82.8164959475179
87.88,81.9196397302598
87.89,81.0138494932709
87.9,80.0994863608856
87.91,79.1769151417867
87.92,78.2465041852646
87.93,77.3086252358909
87.94,76.3636532866426
87.95,75.411966430548
87.96,74.4539457109075
87.97,73.4899749701676
87.98,72.5204406974589
87.99,71.5457318749065
88,70.5662398227703
88.01,69.5823580434184
88.02,68.5944820642843
88.03,67.6030092797941
88.04,66.6083387923708
88.05,65.6108712525513
88.06,64.6110086983042
88.07,63.6091543935986
88.08,62.6057126662771
88.09,61.6010887453323
88.1,60.5956885976181
88.11,59.5899187640636
88.12,58.5841861954941
88.13,57.5788980880686
88.14,56.5744617184424
88.15,55.5712842787044
88.16,54.569772711163
88.17,53.5703335430281
88.18,52.5733727210962
88.19,51.5792954464591
88.2,50.5885060093304
88.21,49.6014076240605
88.22,48.6184022644017
88.23,47.6398904990609
88.24,46.6662713276661
88.25,45.6979420171795
88.26,44.7352979388014
88.27,43.7787324054843
88.28,42.8286365100913
88.29,41.885398964271
88.3,40.9494059381117
88.31,40.0210409006595
88.32,39.1006844613453
88.33,38.1887142123908
88.34,37.2855045722823
88.35,36.3914266303385
88.36,35.5068479924666
88.37,34.632132628169
88.38,33.76764071885
88.39,32.9137285074924
88.4,32.0707481497844
88.41,31.2390475667319
88.42,30.4189702988339
88.43,29.6108553618883
88.44,28.8150371044754
88.45,28.0318450671859
88.46,27.2616038436575
88.47,26.5046329434809
88.48,25.7612466570122
88.49,25.031753922183
88.5,24.3164581933507
88.51,23.6156573122248
88.52,22.9296433809635
88.53,22.2587026374727
88.54,21.6031153329585
88.55,20.9631556118005
88.56,20.3390913937891
88.57,19.7311842587821
88.58,19.1396893338263
88.59,18.5648551828068
88.6,18.006923698654
88.61,17.4661299981695
88.62,16.9427023195203
88.63,16.4368619224336
88.64,15.9488229911443
88.65,15.47879254015
88.66,15.0269703227922
88.67,14.5935487427273
88.68,14.1787127683171
88.69,13.78263984998
88.7,13.4054998405403
88.71,13.0474549186162
88.72,12.7086595150808
88.73,12.3892602426222
88.74,12.0893958284534
88.75,11.8091970501909
88.76,11.5487866749313
88.77,11.3082794015676
88.78,11.0877818063637
88.79,10.8873922918174
88.8,10.7072010388341
88.81,10.5472899622445
88.82,10.4077326696779
88.83,10.2885944238214
88.84,10.1899321080813
88.85,10.111794195667
88.86,10.0542207221137
88.87,10.0172432612619
88.88,10.000884904707
88.89,10.0051602447326
88.9,10.0300753607404
88.91,10.0756278091853
88.92,10.1418066170269
88.93,10.2285922787035
88.94,10.3359567566353
88.95,10.4638634852612
88.96,10.612267378614
88.97,10.7811148414312
88.98,10.9703437838103
88.99,11.1798836393972
89,11.4096553871107
89.01,11.6595715764025
89.02,11.9295363560389
89.03,12.2194455064002
89.04,12.5291864752945
89.05,12.8586384172695
89.06,13.207672236412
89.07,13.5761506326225
89.08,13.9639281513576
89.09,14.3708512368074
89.1,14.79675828851
89.11,15.2414797213707
89.12,15.7048380290713
89.13,16.1866478508457
89.14,16.686716041606
89.15,17.2048417453744
89.16,17.7408164720243
89.17,18.2944241772803
89.18,18.8654413459517
89.19,19.453637078382
89.2,20.0587731800664
89.21,20.6806042544203
89.22,21.3188777986402
89.23,21.9733343026612
89.24,22.6437073511286
89.25,23.3297237283695
89.26,24.0311035263413
89.27,24.7475602554696
89.28,25.478800958376
89.29,26.2245263264342
89.3,26.9844308191121
89.31,27.7582027860495
89.32,28.5455245918273
89.33,29.3460727433947
89.34,30.1595180200691
89.35,30.9855256060948
89.36,31.8237552256893
89.37,32.673861280525
89.38,33.5354929895964
89.39,34.4082945314215
89.4,35.2919051885005
89.41,36.185959494008
89.42,37.0900873806323
89.43,38.0039143315063
89.44,38.9270615331816
89.45,39.8591460305851
89.46,40.799780883872
89.47,41.7485753271327
89.48,42.7051349288984
89.49,43.6690617543569
89.5,44.6399545292071
89.51,45.6174088051427
89.52,46.601017126813
89.53,47.5903692002598
89.54,48.5850520627345
89.55,49.5846502538319
89.56,50.5887459878498
89.57,51.5969193273503
89.58,52.6087483578022
89.59,53.6238093632565
89.6,54.6416770029794
89.61,55.661924488979
89.62,56.6841237643248
89.63,57.7078456822126
89.64,58.7326601856971
89.65,59.7581364879957
89.66,60.7838432533174
89.67,61.8093487781257
89.68,62.8342211727451
89.69,63.8580285432755
89.7,64.8803391737034
89.71,65.9007217081339
89.72,66.9187453330851
89.73,67.9339799597694
89.74,68.9459964062565
89.75,69.9543665794613
89.76,70.9586636568906
89.77,71.9584622680477
89.78,72.9533386754244
89.79,73.9428709550111
89.8,74.9266391762497
89.81,75.9042255813297
89.82,76.8752147637822
89.83,77.8391938462756
89.84,78.7957526575311
89.85,79.7444839083049
89.86,80.6849833663437
89.87,81.6168500302323
89.88,82.539686302079
89.89,83.4530981589536
89.9,84.3566953229876
89.91,85.2500914300924
89.92,86.1329041972009
89.93,87.0047555879645
89.94,87.8652719768338
89.95,88.7140843114559
89.96,89.5508282733052
89.97,90.375144436481
89.98,91.1866784246236
89.99,91.9850810658401
90,92.7700085455897
90.01,93.5411225574904
90.02,94.2980904519215
90.03,95.0405853823998
90.04,95.7682864496486
90.05,96.4808788433054
90.06,97.1780539811775
90.07,97.8595096460196
90.08,98.5249501197448
90.09,99.1740863150184
90.1,99.8066359041709
90.11,100.422323445384
90.12,101.020880506064
90.13,101.602045783383
90.14,102.165565221904
90.15,102.711192128242
90.16,103.238687282717
90.17,103.747819047945
90.18,104.238363474299
90.19,104.710104402222
90.2,105.162833561308
90.21,105.59635066614
90.22,106.010463508806
90.23,106.404988048077
90.24,106.779748495186
90.25,107.134577396172
90.26,107.469315710756
90.27,107.783812887696
90.28,108.077926936596
90.29,108.351524496129
90.3,108.604480898645
90.31,108.836680231114
90.32,109.0480153924
90.33,109.238388146812
90.34,109.407709173918
90.35,109.555898114589
90.36,109.682883613252
90.37,109.788603356326
90.38,109.873004106823
90.39,109.936041735085
90.4,109.97768124565
90.41,109.997896800224
90.42,109.996671736742
90.43,109.973998584511
90.44,109.929879075415
90.45,109.864324151179
90.46,109.777353966676
90.47,109.668997889286
90.48,109.539294494272
90.49,109.388291556208
90.5,109.21604603642
90.51,109.022624066472
90.52,108.808100927671
90.53,108.572561026619
90.54,108.316097866799
90.55,108.038814016204
90.56,107.740821071038
90.57,107.422239615464
90.58,107.083199177443
90.59,106.723838180664
90.6,106.344303892573
90.61,105.944752368535
90.62,105.525348392142
90.63,105.086265411671
90.64,104.627685472743
90.65,104.149799147184
90.66,103.652805458128
90.67,103.136911801373
90.68,102.602333863038
90.69,102.049295533545
90.7,101.478028817941
90.71,100.888773742622
90.72,100.281778258487
90.73,99.6572981405278
90.74,99.0155968839433
90.75,98.3569455967915
90.76,97.6816228892035
90.77,96.9899147592489
90.78,96.2821144754572
90.79,95.5585224560575
90.8,94.8194461449817
90.81,94.0651998846949
90.82,93.2961047858698
90.83,92.5124885939944
90.84,91.7146855529474
90.85,90.9030362656001
90.86,90.077887551494
90.87,89.2395923016722
90.88,88.3885093307042
90.89,87.5250032259663
90.9,86.6494441942568
90.91,85.7622079057864
90.92,84.8636753356217
90.93,83.9542326026512
90.94,83.0342708061242
90.95,82.1041858598398
90.96,81.1643783240656
90.97,80.2152532352436
90.98,79.2572199335432
90.99,78.2906918883613
91,77.3160865218354
91.01,76.3338250304123
91.02,75.3443322045951
91.03,74.3480362469201
91.04,73.3453685882313
91.05,72.3367637023534
91.06,71.3226589192263
91.07,70.3034942365882
91.08,69.2797121302735
91.09,68.2517573632432
91.1,67.2200767933743
91.11,66.1851191801358
91.12,65.1473349902253
91.13,64.1071762022274
91.14,63.0650961104065
91.15,62.0215491277018
91.16,60.9769905880165
91.17,59.9318765478784
91.18,58.8866635875776
91.19,57.8418086118408
91.2,56.7977686501472
91.21,55.7550006567698
91.22,54.7139613106386
91.23,53.6751068150727
91.24,52.638892697529
91.25,51.6057736094225
91.26,50.576203126085
91.27,49.550633546999
91.28,48.5295156963654
91.29,47.5132987240907
91.3,46.5024299072922
91.31,45.4973544524092
91.32,44.4985152980028
91.33,43.5063529183277
91.34,42.5213051277864
91.35,41.5438068863183
91.36,40.5742901058304
91.37,39.6131834577715
91.38,38.6609121819061
91.39,37.7178978963751
91.4,36.7845584091689
91.41,35.8613075310472
91.42,34.9485548900181
91.43,34.0467057474597
91.44,33.1561608159552
91.45,32.2773160789314
91.46,31.4105626121891
91.47,30.5562864074001
91.48,29.7148681976344
91.49,28.8866832850346
91.5,28.0721013706944
91.51,27.271486386804
91.52,26.4851963311711
91.53,25.7135831041796
91.54,24.9569923482592
91.55,24.2157632899291
91.56,23.490228584528
91.57,22.7807141636541
91.58,22.0875390854195
91.59,21.411015387579
91.6,20.751447943599
91.61,20.1091343217335
91.62,19.4843646471896
91.63,18.8774214674219
91.64,18.288579620638
91.65,17.7181061075766
91.66,17.1662599666119
91.67,16.6332921522464
91.68,16.1194454170558
91.69,15.6249541971394
91.7,15.1500445011268
91.71,14.6949338028033
91.72,14.2598309374071
91.73,13.8449360016334
91.74,13.4504402574164
91.75,13.0765260395284
91.76,12.7233666670278
91.77,12.3911263586292
91.78,12.079960152015
91.79,11.7900138271381
91.8,11.5214238335535
91.81,11.2743172218239
91.82,11.048811579022
91.83,10.8450149683741
91.84,10.6630258730751
91.85,10.5029331443027
91.86,10.3648159534625
91.87,10.2487437486896
91.88,10.1547762156331
91.89,10.0829632425445
91.9,10.0333448896938
91.91,10.0059513631314
91.92,10.0008029928126
91.93,10.0179102151029
91.94,10.057273559675
91.95,10.1188836408108
91.96,10.2027211531182
91.97,10.3087568716684
91.98,10.4369516565648
91.99,10.5872564619404
92,10.7596123493896
92.01,10.9539505058372
92.02,11.1701922658359
92.03,11.4082491382909
92.04,11.6680228376093
92.05,11.949405319263
92.06,12.2522788197517
92.07,12.5765159009608
92.08,12.9219794988988
92.09,13.2885229767907
92.1,13.6759901825205
92.11,14.0842155103959
92.12,14.5130239672138
92.13,14.9622312426056
92.14,15.4316437836363
92.15,15.9210588736216
92.16,16.4302647151476
92.17,16.9590405172519
92.18,17.507156586729
92.19,18.0743744235356
92.2,18.6604468202507
92.21,19.2651179655569
92.22,19.8881235516842
92.23,20.5291908858087
92.24,21.1880390053265
92.25,21.8643787969617
92.26,22.5579131196923
92.27,23.2683369313956
92.28,23.9953374191958
92.29,24.7385941334468
92.3,25.4977791253042
92.31,26.2725570878033
92.32,27.0625855004252
92.33,27.8675147770592
92.34,28.6869884172994
92.35,29.5206431610364
92.36,30.368109146256
92.37,31.2290100699818
92.38,32.102963352305
92.39,32.9895803034162
92.4,33.888466293579
92.41,34.7992209259645
92.42,35.7214382122867
92.43,36.654706751137
92.44,37.5986099089641
92.45,38.5527260036273
92.46,39.516628490408
92.47,40.4898861504247
92.48,41.472063281386
92.49,42.4627198905569
92.5,43.4614118898708
92.51,44.4676912931357
92.52,45.4811064151856
92.53,46.5012020729387
92.54,47.5275197882564
92.55,48.5595979925139
92.56,49.5969722327905
92.57,50.6391753795916
92.58,51.6857378360154
92.59,52.7361877482529
92.6,53.7900512173464
92.61,54.8468525121198
92.62,55.9061142831405
92.63,56.9673577776746
92.64,58.0301030555036
92.65,59.0938692055125
92.66,60.1581745629566
92.67,61.2225369273125
92.68,62.2864737805923
92.69,63.3495025060615
92.7,64.4111406072268
92.71,65.470905927013
92.72,66.5283168670049
92.73,67.5828926067128
92.74,68.6341533226901
92.75,69.6816204074366
92.76,70.7248166880096
92.77,71.7632666442024
92.78,72.796496626206
92.79,73.8240350716628
92.8,74.8454127220121
92.81,75.8601628380023
92.82,76.8678214143077
92.83,77.8679273931284
92.84,78.8600228766661
92.85,79.8436533384083
92.86,80.8183678330995
92.87,81.783719205295
92.88,82.7392642964268
92.89,83.6845641502663
92.9,84.6191842166861
92.91,85.5426945536401
92.92,86.4546700272541
92.93,87.3546905099339
92.94,88.2423410764085
92.95,89.1172121976062
92.96,89.9788999322713
92.97,90.8270061162283
92.98,91.6611385492336
92.99,92.4809111792755
93,93.2859442842638
93.01,94.0758646510404
93.02,94.8503057515858
93.03,95.6089079163545
93.04,96.3513185046703
93.05,97.0771920720781
93.06,97.7861905345788
93.07,98.4779833296742
93.08,99.1522475741338
93.09,99.8086682184138
93.1,100.446938197648
93.11,101.066758579147
93.12,101.667838706313
93.13,102.24989633892
93.14,102.812657789688
93.15,103.355858057061
93.16,103.879240954156
93.17,104.382559233793
93.18,104.865574709554
93.19,105.328058372813
93.2,105.769790505663
93.21,106.190560789709
93.22,106.590168410631
93.23,106.96842215852
93.24,107.325140523874
93.25,107.660151789243
93.26,107.973294116477
93.27,108.264415629496
93.28,108.53337449258
93.29,108.780038984107
93.3,109.004287565715
93.31,109.206008946845
93.32,109.385102144623
93.33,109.54147653906
93.34,109.675051923531
93.35,109.785758550496
93.36,109.873537172457
93.37,109.938339078097
93.38,109.980126123607
93.39,109.998870759159
93.4,109.994556050516
93.41,109.967175695757
93.42,109.916734037115
93.43,109.843246067897
93.44,109.746737434492
93.45,109.627244433457
93.46,109.484814003663
93.47,109.319503713526
93.48,109.131381743282
93.49,108.920526862349
93.5,108.687028401755
93.51,108.43098622164
93.52,108.152510673854
93.53,107.851722559648
93.54,107.528753082474
93.55,107.183743795918
93.56,106.816846546775
93.57,106.428223413287
93.58,106.018046638568
93.59,105.586498559244
93.6,105.133771529328
93.61,104.660067839362
93.62,104.165599630862
93.63,103.650588806091
93.64,103.115266933199
93.65,102.559875146779
93.66,101.984664043859
93.67,101.389893575384
93.68,100.775832933236
93.69,100.142760432836
93.7,99.4909633913658
93.71,98.8207380016733
93.72,98.1323892019253
93.73,97.4262305410202
93.74,96.7025840398709
93.75,95.9617800485869
93.76,95.2041570996068
93.77,94.4300617568831
93.78,93.6398484611449
93.79,92.8338793713297
93.8,92.0125242022366
93.81,91.1761600584941
93.82,90.325171264895
93.83,89.4599491931673
93.84,88.5808920852955
93.85,87.6884048734236
93.86,86.7828989964448
93.87,85.864792213362
93.88,84.9345084134895
93.89,83.9924774235792
93.9,83.0391348119855
93.91,82.0749216899116
93.92,81.1002845098587
93.93,80.1156748613717
93.94,79.1215492641512
93.95,78.1183689586266
93.96,77.1065996941168
93.97,76.0867115146457
93.98,75.0591785425029
93.99,74.0244787596697
94,72.9830937872252
94.01,71.9355086627628
94.02,70.8822116160135
94.03,69.823693842705
94.04,68.760449276797
94.05,67.6929743611804
94.06,66.6217678169708
94.07,65.5473304114639
94.08,64.470164724893
94.09,63.3907749160927
94.1,62.3096664871546
94.11,61.2273460472119
94.12,60.1443210754465
94.13,59.0610996834351
94.14,57.978190376941
94.15,56.8961018172699
94.16,55.8153425822987
94.17,54.7364209272733
94.18,53.6598445455277
94.19,52.5861203291947
94.2,51.5157541300327
94.21,50.4492505205021
94.22,49.3871125551902
94.23,48.3298415326756
94.24,47.2779367579798
94.25,46.2318953057212
94.26,45.1922117840239
94.27,44.1593780993846
94.28,43.133883222533
94.29,42.1162129554413
94.3,41.1068496995689
94.31,40.1062722254792
94.32,39.1149554439128
94.33,38.1333701784416
94.34,37.1619829398187
94.35,36.2012557021215
94.36,35.2516456807847
94.37,34.3136051126739
94.38,33.3875810382604
94.39,32.4740150860177
94.4,31.5733432591655
94.41,30.685995724834
94.42,29.8123966057637
94.43,28.9529637746611
94.44,28.1081086512767
94.45,27.2782360023273
94.46,26.4637437443636
94.47,25.665022749675
94.48,24.8824566553045
94.49,24.1164216753169
94.5,23.3672864163791
94.51,22.6354116967378
94.52,21.9211503687136
94.53,21.2248471447872
94.54,20.5468384273544
94.55,19.8874521422471
94.56,19.2470075761082
94.57,18.6258152176915
94.58,18.0241766031682
94.59,17.4423841655352
94.6,16.8807210881788
94.61,16.3394611626788
94.62,15.8188686509392
94.63,15.3191981516934
94.64,14.8406944714657
94.65,14.3835925000625
94.66,13.9481170906435
94.67,13.5344829444446
94.68,13.1428945002177
94.69,12.7735458284342
94.7,12.4266205303178
94.71,12.1022916417605
94.72,11.8007215421737
94.73,11.5220618683144
94.74,11.2664534331507
94.75,11.034026149804
94.76,10.824898960603
94.77,10.6391797713037
94.78,10.4769653905063
94.79,10.3383414743047
94.8,10.2233824762012
94.81,10.132151602323
94.82,10.0647007719606
94.83,10.0210705834597
94.84,10.0012902854876
94.85,10.0053777536953
94.86,10.0333394727931
94.87,10.0851705240554
94.88,10.1608545782685
94.89,10.2603638941308
94.9,10.3836593221135
94.91,10.530690313787
94.92,10.7013949366163
94.93,10.8956998942245
94.94,11.1135205521219
94.95,11.3547609688964
94.96,11.6193139328558
94.97,11.9070610041103
94.98,12.2178725620902
94.99,12.5516078584701
95,12.9081150754881
95.01,13.2872313896466
95.02,13.6887830407537
95.03,14.1125854062929
95.04,14.5584430810862
95.05,15.0261499622253
95.06,15.5154893392253
95.07,16.0262339893756
95.08,16.5581462782451
95.09,17.1109782652956
95.1,17.6844718145658
95.11,18.2783587103816
95.12,18.892360778022
95.13,19.5261900093239
95.14,20.1795486931453
95.15,20.8521295506331
95.16,21.5436158752444
95.17,22.253681677468
95.18,22.9819918341499
95.19,23.7282022423965
95.2,24.4919599779604
95.21,25.2729034580508
95.22,26.0706626084787
95.23,26.8848590350999
95.24,27.715106199428
95.25,28.5610095983678
95.26,29.4221669480032
95.27,30.2981683713114
95.28,31.1885965897458
95.29,32.0930271186113
95.3,33.0110284661157
95.31,33.9421623360164
95.32,34.8859838337697
95.33,35.8420416761028
95.34,36.8098784038718
95.35,37.789030598149
95.36,38.7790290994201
95.37,39.7793992297813
95.38,40.7896610180495
95.39,41.8093294276756
95.4,42.8379145873353
95.41,43.8749220241253
95.42,44.9198528992236
95.43,45.9722042459112
95.44,47.0314692098491
95.45,48.0971372914986
95.46,49.1686945905604
95.47,50.245624052305
95.48,51.3274057157283
95.49,52.4135169633508
95.5,53.5034327725634
95.51,54.5966259684405
95.52,55.6925674778304
95.53,56.7907265846455
95.54,57.8905711862261
95.55,58.9915680506454
95.56,60.0931830748234
95.57,61.1948815433456
95.58,62.2961283878595
95.59,63.3963884468931
95.6,64.4951267260101
95.61,65.591808658156
95.62,66.6859003640562
95.63,67.7768689125693
95.64,68.8641825808474
95.65,69.9473111141682
95.66,71.025725985346
95.67,72.098900653562
95.68,73.1663108224929
95.69,74.2274346976244
95.7,75.2817532426181
95.71,76.3287504345955
95.72,77.3679135182108
95.73,78.3987332584199
95.74,79.4207041917807
95.75,80.4333248761627
95.76,81.4360981387913
95.77,82.4285313224305
95.78,83.4101365296356
95.79,84.3804308649343
95.8,85.3389366748184
95.81,86.2851817854118
95.82,87.2186997377243
95.83,88.1390300203529
95.84,89.0457182995038
95.85,89.9383166462476
95.86,90.8163837608765
95.87,91.6794851942397
95.88,92.5271935659643
95.89,93.3590887794452
95.9,94.1747582334819
95.91,94.9737970304703
95.92,95.7558081810407
95.93,96.5204028050177
95.94,97.2672003286298
95.95,97.9958286778441
95.96,98.7059244677351
95.97,99.3971331877766
95.98,100.069109382993
95.99,100.72151683084
96,101.354028713728
96.01,101.96632778713
96.02,102.558106543145
96.03,103.129067369445
96.04,103.678922703538
96.05,104.207395182244
96.06,104.714217786306
96.07,105.199133980072
96.08,105.661897846169
96.09,106.102274215075
96.1,106.520038789556
96.11,106.914978263868
96.12,107.286890437674
96.13,107.635584324613
96.14,107.960880255449
96.15,108.262609975763
96.16,108.540616738107
96.17,108.794755388593
96.18,109.024892447849
96.19,109.230906186299
96.2,109.412686693731
96.21,109.570135943102
96.22,109.70316784854
96.23,109.811708317518
96.24,109.895695297156
96.25,109.955078814625
96.26,109.989821011625
96.27,109.999896172915
96.28,109.985290748861
96.29,109.946003372011
96.3,109.882044867641
96.31,109.793438258301
96.32,109.680218762318
96.33,109.542433786268
96.34,109.380142911408
96.35,109.193417874064
96.36,108.982342539977
96.37,108.747012872622
96.38,108.487536895497
96.39,108.204034648389
96.4,107.896638137653
96.41,107.565491280495
96.42,107.210749843294
96.43,106.832581373985
96.44,106.431165128525
96.45,106.006691991468
96.46,105.559364390695
96.47,105.089396206322
96.48,104.597012673815
96.49,104.082450281376
96.5,103.545956661638
96.51,102.98779047769
96.52,102.408221303515
96.53,101.807529498876
96.54,101.186006078713
96.55,100.54395257709
96.56,99.8816809057896
96.57,99.1995132075769
96.58,98.4977817042285
96.59,97.7768285393861
96.6,97.0370056163037
96.61,96.2786744305607
96.62,95.5022058978382
96.63,94.7079801768042
96.64,93.8963864872142
96.65,93.0678229233166
96.66,92.2226962626234
96.67,91.3614217701585
96.68,90.4844229982722
96.69,89.5921315821078
96.7,88.6849870308208
96.71,87.7634365146526
96.72,86.8279346479679
96.73,85.8789432683256
96.74,84.9169312117326
96.75,83.94237408417
96.76,82.9557540294707
96.77,81.9575594937216
96.78,80.9482849862539
96.79,79.9284308373551
96.8,78.8985029528092
96.81,77.8590125654154
96.82,76.8104759835624
96.83,75.7534143370049
96.84,74.6883533199752
96.85,73.6158229317247
96.86,72.5363572146533
96.87,71.4504939901386
96.88,70.3587745921945
96.89,69.2617435990896
96.9,68.159948563077
96.91,67.0539397383393
96.92,65.9442698072894
96.93,64.8314936053929
96.94,63.7161678446069
96.95,62.598850835593
96.96,61.4801022088417
96.97,60.3604826348615
96.98,59.2405535435189
96.99,58.1208768427404
97,57.0020146366802
97.01,55.8845289434704
97.02,54.7689814127499
97.03,53.6559330430883
97.04,52.5459438994197
97.05,51.4395728306727
97.06,50.3373771877228
97.07,49.2399125418009
97.08,48.1477324034963
97.09,47.0613879425338
97.1,45.9814277084145
97.11,44.9083973521003
97.12,43.84283934887
97.13,42.7852927224928
97.14,41.7362927708434
97.15,40.6963707931364
97.16,39.6660538188737
97.17,38.645864338672
97.18,37.6363200371144
97.19,36.637933527738
97.2,35.6512120903142
97.21,34.6766574105447
97.22,33.7147653223358
97.23,32.7660255527293
97.24,31.8309214696788
97.25,30.9099298327892
97.26,30.003520547104
97.27,29.112156420141
97.28,28.2362929222504
97.29,27.3763779504383
97.3,26.5328515957771
97.31,25.706145914541
97.32,24.8966847031529
97.33,24.1048832770911
97.34,23.3311482538716
97.35,22.5758773401989
97.36,21.8394591234191
97.37,21.1222728673829
97.38,20.4246883128198
97.39,19.7470654823345
97.4,19.0897544901395
97.41,18.4530953566081
97.42,17.8374178277608
97.43,17.2430411997858
97.44,16.6702741486799
97.45,16.1194145650985
97.46,15.5907493945262
97.47,15.0845544828393
97.48,14.6010944273389
97.49,14.1406224333582
97.5,13.7033801765145
97.51,13.2895976706677
97.52,12.8994931416905
97.53,12.5332729070933
97.54,12.1911312615897
97.55,11.8732503686586
97.56,11.5798001581755
97.57,11.3109382301615
97.58,11.0668097647142
97.59,10.8475474381739
97.6,10.6532713455734
97.61,10.4840889294159
97.62,10.3400949148346
97.63,10.2213712511653
97.64,10.1279870599747
97.65,10.0599985895796
97.66,10.017449176085
97.67,10.0003692109727
97.68,10.0087761152626
97.69,10.0426743202701
97.7,10.1020552549759
97.71,10.1868973400244
97.72,10.2971659883605
97.73,10.432813612516
97.74,10.5937796385459
97.75,10.7799905266169
97.76,10.9913597982517
97.77,11.2277880702135
97.78,11.4891630950291
97.79,11.7753598081359
97.8,12.0862403816377
97.81,12.4216542846468
97.82,12.7814383501953
97.83,13.1654168486859
97.84,13.5734015678496
97.85,14.0051918991861
97.86,14.4605749308456
97.87,14.9393255469072
97.88,15.4412065330215
97.89,15.9659686883655
97.9,16.5133509438574
97.91,17.0830804865857
97.92,17.674872890391
97.93,18.2884322525411
97.94,18.9234513364392
97.95,19.5796117203036
97.96,20.2565839517348
97.97,20.9540277081147
97.98,21.6715919627582
97.99,22.4089151567333
98,23.1656253762641
98.01,23.941340535658
98.02,24.7356685656378
98.03,25.5482076070055
98.04,26.3785462095429
98.05,27.226263536056
98.06,28.0909295714543
98.07,28.9721053367701
98.08,29.8693431080224
98.09,30.7821866397947
98.1,31.7101713934449
98.11,32.6528247698222
98.12,33.6096663463654
98.13,34.5802081184852
98.14,35.5639547451128
98.15,36.5604037982652
98.16,37.5690460165326
98.17,38.5893655623551
98.18,39.6208402829461
98.19,40.6629419747489
98.2,41.7151366512956
98.21,42.776884814304
98.22,43.847641727925
98.23,44.9268576959636
98.24,46.0139783419474
98.25,47.1084448918918
98.26,48.2096944596554
98.27,49.3171603346841
98.28,50.4302722720381
98.29,51.5484567845455
98.3,52.6711374369377
98.31,53.7977351417928
98.32,54.9276684571705
98.33,56.0603538857656
98.34,57.1952061754268
98.35,58.3316386208944
98.36,59.4690633666037
98.37,60.6068917103761
98.38,61.7445344078801
98.39,62.8814019776731
98.4,64.0169050066704
98.41,65.1504544558972
98.42,66.2814619663677
98.43,67.4093401648957
98.44,68.5335029697304
98.45,69.6533658958206
98.46,70.7683463595606
98.47,71.8778639828555
98.48,72.9813408963646
98.49,74.0782020417262
98.5,75.1678754726378
98.51,76.2497926546395
98.52,77.3233887634039
98.53,78.3881029814045
98.54,79.4433787928106
98.55,80.4886642764393
98.56,81.5234123966001
98.57,82.5470812917065
98.58,83.5591345604799
98.59,84.5590415455951
98.6,85.5462776146275
98.61,86.5203244381423
98.62,87.480670264776
98.63,88.4268101931712
98.64,89.3582464406193
98.65,90.2744886082479
98.66,91.175053942634
98.67,92.0594675936973
98.68,92.9272628687139
98.69,93.7779814823402
98.7,94.6111738024959
98.71,95.4263990919726
98.72,96.2232257456421
98.73,97.0012315231369
98.74,97.7600037768609
98.75,98.4991396752177
98.76,99.2182464209447
98.77,99.9169414643993
98.78,100.59485271171
98.79,101.251618727664
98.8,101.88688893323
98.81,102.500323797574
98.82,103.091595024507
98.83,103.660385733224
98.84,104.20639063325
98.85,104.729316193482
98.86,105.228880805247
98.87,105.70481493927
98.88,106.15686129646
98.89,106.584774952448
98.9,106.988323495762
98.91,107.367287159588
98.92,107.721458947021
98.93,108.050644749738
98.94,108.354663460025
98.95,108.633347076092
98.96,108.8865408006
98.97,109.114103132355
98.98,109.315905951106
98.99,109.491834595397
99,109.641787933406
99.01,109.765678426764
99.02,109.863432187261
99.03,109.934989026447
99.04,109.980302498061
99.05,109.999339933276
99.06,109.992082468715
99.07,109.958525067237
99.08,109.898676531452
99.09,109.812559509958
99.1,109.700210496291
99.11,109.561679820573
99.12,109.397031633857
99.13,109.206343885164
99.14,108.989708291225
99.15,108.747230298923
99.16,108.479029040453
99.17,108.185237281213
99.18,107.866001360444
99.19,107.521481124646
99.2,107.15184985378
99.21,106.757294180317
99.22,106.338014001133
99.23,105.894222382313
99.24,105.426145456888
99.25,104.93402231558
99.26,104.418104890551
99.27,103.878657832268
99.28,103.315958379507
99.29,102.730296222557
99.3,102.121973359695
99.31,101.491303947014
99.32,100.83861414164
99.33,100.164241938444
99.34,99.4685370003222
99.35,98.7518604821119
99.36,98.0145848482376
99.37,97.2570936841902
99.38,96.4797815019032
99.39,95.6830535391439
99.4,94.8673255530142
99.41,94.0330236076573
99.42,93.1805838562751
99.43,92.3104523175852
99.44,91.4230846467974
99.45,90.5189459012443
99.46,89.5985103007941
99.47,88.6622609831387
99.48,87.7106897540978
99.49,86.744296833067
99.5,85.7635905937467
99.51,84.7690873002472
99.52,83.7613108387497
99.53,82.740792444845
99.54,81.7080704266742
99.55,80.6636898840281
99.56,79.6082024235575
99.57,78.5421658702244
99.58,77.4661439751436
99.59,76.3807061199975
99.6,75.2864270181245
99.61,74.1838864124802
99.62,73.0736687706145
99.63,71.9563629768234
99.64,70.8325620216193
99.65,69.7028626887248
99.66,68.5678652397102
99.67,67.4281730964575
99.68,66.284392521634
99.69,65.1371322973115
99.7,63.9870034019188
99.71,62.8346186857164
99.72,61.680592544921
99.73,60.5255405946826
99.74,59.3700793410933
99.75,58.2148258523896
99.76,57.0603974295031
99.77,55.9074112761797
99.78,54.7564841688144
99.79,53.6082321261825
99.8,52.4632700792332
99.81,51.322211541159
99.82,50.1856682778783
99.83,49.054249979118
99.84,47.9285639302988
99.85,46.8092146853628
99.86,45.6968037407405
99.87,44.5919292106443
99.88,43.4951855038329
99.89,42.407163002043
99.9,41.3284477402739
99.91,40.2596210890679
99.92,39.2012594389828
99.93,38.1539338874234
99.94,37.118209928004
99.95,36.0946471425952
99.96,35.0837988962657
99.97,34.0862120352342
99.98,33.1024265880303
99.99,32.1329754700283
100,31.1783841915102
100.01,30.2391705694033
100.02,29.3158444428835
100.03,28.4089073929903
100.04,27.5188524663927
100.05,26.6461639034729
100.06,25.7913168708975
100.07,24.9547771987879
100.08,24.1370011226664
100.09,23.3384350303158
100.1,22.5595152136875
100.11,21.8006676260032
100.12,21.0623076441995
100.13,20.3448398368221
100.14,19.648657737525
100.15,18.9741436243026
100.16,18.32166830457
100.17,17.6915909062112
100.18,17.0842586747423
100.19,16.5000067766737
100.2,15.939158109203
100.21,15.4020231163507
100.22,14.8888996116368
100.23,14.4000726074045
100.24,13.9358141509033
100.25,13.4963831672046
100.26,13.082025309071
100.27,12.6929728138427
100.28,12.3294443674517
100.29,11.9916449756237
100.3,11.6797658423599
100.31,11.3939842557738
100.32,11.1344634813455
100.33,10.9013526626635
100.34,10.6947867297242
100.35,10.5148863148372
100.36,10.3617576761967
100.37,10.2354926291716
100.38,10.1361684853564
100.39,10.063847999428
100.4,10.0185793238474
100.41,10.0003959714381
100.42,10.0093167858731
100.43,10.0453459200952
100.44,10.1084728226927
100.45,10.1986722322465
100.46,10.3159041796618
100.47,10.4601139984941
100.48,10.6312323432712
100.49,10.8291752158128
100.5,11.0538439995437
100.51,11.3051255017875
100.52,11.582892004034
100.53,11.8870013201564
100.54,12.2172968625602
100.55,12.5736077162378
100.56,12.955748720691
100.57,13.3635205596977
100.58,13.7967098588765
100.59,14.2550892910017
100.6,14.7384176890304
100.61,15.2464401667845
100.62,15.7788882472258
100.63,16.3354799982744
100.64,16.9159201760996
100.65,17.5199003758067
100.66,18.1470991894628
100.67,18.7971823713747
100.68,19.4698030105301
100.69,20.1646017101302
100.7,20.8812067741256
100.71,21.6192344006374
100.72,22.3782888822008
100.73,23.1579628127049
100.74,23.9578373009307
100.75,24.7774821905873
100.76,25.6164562867114
100.77,26.4743075883462
100.78,27.3505735273492
100.79,28.2447812132214
100.8,29.156447683837
100.81,30.0850801619173
100.82,31.0301763171493
100.83,31.9912245337929
100.84,32.9677041836263
100.85,33.9590859041114
100.86,34.964831881629
100.87,35.9843961396014
100.88,37.0172248313994
100.89,38.0627565378454
100.9,39.1204225691617
100.91,40.1896472712103
100.92,41.2698483358642
100.93,42.3604371153162
100.94,43.4608189402039
100.95,44.5703934413472
100.96,45.6885548749214
100.97,46.8146924509218
100.98,47.9481906647224
100.99,49.0884296315422
101,50.2347854236704
101.01,51.3866304102171
101.02,52.5433335992783
101.03,53.7042609822446
101.04,54.8687758801393
101.05,56.0362392917589
101.06,57.2060102434339
101.07,58.3774461402214
101.08,59.5499031183491
101.09,60.7227363986802
101.1,61.8953006410581
101.11,63.0669502993061
101.12,64.2370399766711
101.13,65.4049247815576
101.14,66.5699606833312
101.15,67.7315048679848
101.16,68.888916093501
101.17,70.0415550446935
101.18,71.1887846873252
101.19,72.3299706213307
101.2,73.4644814329299
101.21,74.5916890454302
101.22,75.7109690685395
101.23,76.8217011459965
101.24,77.9232693012909
101.25,79.0150622813297
101.26,80.0964738978077
101.27,81.1669033661388
101.28,82.2257556417077
101.29,83.2724417532961
101.3,84.3063791334715
101.31,85.3269919457528
101.32,86.3337114083795
101.33,87.3259761144966
101.34,88.3032323485506
101.35,89.2649343987662
101.36,90.2105448654785
101.37,91.1395349651623
101.38,92.051384829988
101.39,92.9455838027418
101.4,93.8216307269059
101.41,94.6790342317723
101.42,95.5173130124038
101.43,96.3359961042824
101.44,97.1346231524908
101.45,97.9127446752781
101.46,98.6699223218252
101.47,99.4057291241069
101.48,100.119749742668
101.49,100.811580706176
101.5,101.480830644619
101.51,102.12712051601
101.52,102.750083826454
101.53,103.349366843456
101.54,103.924628802336
101.55,104.475542105649
101.56,105.001792515449
101.57,105.503079338327
101.58,105.979115603084
101.59,106.429628230932
101.6,106.854358198133
101.61,107.253060690968
101.62,107.625505252935
101.63,107.971475924092
101.64,108.290771372463
101.65,108.583205017407
101.66,108.848605144889
101.67,109.086815014569
101.68,109.297692958644
101.69,109.481112472371
101.7,109.636962296225
101.71,109.765146489615
101.72,109.865584496132
101.73,109.938211200251
101.74,109.982976975484
101.75,109.999847723904
101.76,109.988804907049
101.77,109.949845568141
101.78,109.88298234563
101.79,109.788243478018
101.8,109.665672799968
101.81,109.515329729681
101.82,109.337289247541
101.83,109.131641866029
101.84,108.898493590907
101.85,108.637965873698
101.86,108.350195555458
101.87,108.035334801873
101.88,107.693551029719
101.89,107.325026824677
101.9,106.92995985059
101.91,106.508562750162
101.92,106.06106303716
101.93,105.587702980174
101.94,105.08873947798
101.95,104.564443926576
101.96,104.015102077943
101.97,103.441013890615
101.98,102.842493372118
101.99,102.219868413373
102,101.573480615128
102.01,100.903685106521
102.02,100.210850355862
102.03,99.495357973732
102.04,98.7576025084978
102.05,97.9979912343443
102.06,97.2169439319589
102.07,96.414892661948
102.08,95.5922815311208
102.09,94.7495664517809
102.1,93.8872148941172
102.11,93.0057056318531
102.12,92.1055284812797
102.13,91.1871840338144
102.14,90.2511833822168
102.15,89.2980478406355
102.16,88.3283086586039
102.17,87.3425067291563
102.18,86.3411922912313
102.19,85.3249246265033
102.2,84.2942717508104
102.21,83.2498101003688
102.22,82.1921242129118
102.23,81.1218064039494
102.24,80.0394564383251
102.25,78.9456811972318
102.26,77.8410943408971
102.27,76.7263159670957
102.28,75.6019722657005
102.29,74.4686951694477
102.3,73.3271220011063
102.31,72.1778951172789
102.32,71.0216615489796
102.33,69.8590726392281
102.34,68.6907836778622
102.35,67.5174535337397
102.36,66.3397442845665
102.37,65.1583208445485
102.38,63.9738505900694
102.39,62.7870029836053
102.4,61.598449196105
102.41,60.4088617280191
102.42,59.2189140292076
102.43,58.029280117955
102.44,56.8406341992748
102.45,55.6536502827367
102.46,54.4690018000493
102.47,53.2873612225793
102.48,52.1093996790556
102.49,50.9357865736613
102.5,49.7671892047239
102.51,48.6042723842532
102.52,47.447698058494
102.53,46.29812492976
102.54,45.1562080797361
102.55,44.0225985944633
102.56,42.8979431912519
102.57,41.7828838476978
102.58,40.6780574330409
102.59,39.5840953420762
102.6,38.5016231318249
102.61,37.431260161159
102.62,36.3736192336314
102.63,35.3293062436723
102.64,34.2989198263835
102.65,33.2830510111298
102.66,32.2822828791312
102.67,31.2971902252372
102.68,30.3283392241244
102.69,29.3762871010602
102.7,28.4415818074582
102.71,27.5247617014201
102.72,26.6263552334312
102.73,25.7468806373998
102.74,24.8868456272478
102.75,24.0467470991924
102.76,23.2270708399376
102.77,22.4282912409049
102.78,21.6508710187225
102.79,20.8952609420962
102.8,20.1618995652519
102.81,19.4512129681061
102.82,18.7636145033108
102.83,18.0995045503346
102.84,17.4592702767346
102.85,16.8432854067455
102.86,16.2519099973421
102.87,15.6854902219164
102.88,15.1443581616833
102.89,14.6288316049593
102.9,14.1392138544375
102.91,13.6757935425704
102.92,13.2388444551811
102.93,12.8286253634178
102.94,12.4453798641494
102.95,12.0893362289087
102.96,11.7607072614831
102.97,11.4596901642364
102.98,11.1864664132531
102.99,10.9412016423936
103,10.7240455363242
103.01,10.5351317326066
103.02,10.3745777329038
103.03,10.2424848233741
103.04,10.1389380043006
103.05,10.0640059290122
103.06,10.0177408521437
103.07,10.0001785872711
103.08,10.0113384739621
103.09,10.0512233542686
103.1,10.1198195586879
103.11,10.2170969016118
103.12,10.3430086862746
103.13,10.4974917192128
103.14,10.6804663342374
103.15,10.8918364259133
103.16,11.1314894925428
103.17,11.3992966886374
103.18,11.695112886857
103.19,12.0187767493943
103.2,12.3701108087766
103.21,12.7489215580398
103.22,13.1549995502481
103.23,13.5881195073021
103.24,14.0480404379835
103.25,14.5345057651893
103.26,15.047243462278
103.27,15.5859661984761
103.28,16.1503714932543
103.29,16.7401418796079
103.3,17.3549450761598
103.31,17.9944341679741
103.32,18.6582477960176
103.33,19.3460103551495
103.34,20.0573322005342
103.35,20.7918098623812
103.36,21.54902626889
103.37,22.3285509772675
103.38,23.1299404127222
103.39,23.9527381152856
103.4,24.7964749943245
103.41,25.6606695906187
103.42,26.5448283458637
103.43,27.448445879423
103.44,28.3710052722159
103.45,29.3119783575617
103.46,30.270826018816
103.47,31.2469984936519
103.48,32.2399356848152
103.49,33.249067477146
103.5,34.2738140607586
103.51,35.3135862601205
103.52,36.3677858689136
103.53,37.4358059904376
103.54,38.5170313834054
103.55,39.6108388129156
103.56,40.7165974063908
103.57,41.8336690143168
103.58,42.9614085755482
103.59,44.0991644869837
103.6,45.2462789773993
103.61,46.4020884852368
103.62,47.5659240401117
103.63,48.737111647841
103.64,49.9149726787751
103.65,51.098824259174
103.66,52.2879796654554
103.67,53.4817487210627
103.68,54.6794381957033
103.69,55.8803522067739
103.7,57.0837926227063
103.71,58.2890594680088
103.72,59.4954513297749
103.73,60.702265765429
103.74,61.9087997114407
103.75,63.1143498928233
103.76,64.3182132331245
103.77,65.5196872647076
103.78,66.7180705390675
103.79,67.9126630369436
103.8,69.1027665780018
103.81,70.2876852298157
103.82,71.4667257159414
103.83,72.6391978228413
103.84,73.8044148053786
103.85,74.9616937906984
103.86,76.1103561802269
103.87,77.2497280495466
103.88,78.3791405459298
103.89,79.4979302832905
103.9,80.6054397342943
103.91,81.701017619442
103.92,82.7840192928541
103.93,83.8538071245367
103.94,84.9097508789099
103.95,85.9512280893795
103.96,86.9776244286872
103.97,87.9883340748692
103.98,88.9827600725722
103.99,89.9603146895126
104,90.9204197678774
104.01,91.8625070704323
104.02,92.7860186211569
104.03,93.6904070401687
104.04,94.5751358727602
104.05,95.4396799123369
104.06,96.2835255170449
104.07,97.1061709199281
104.08,97.9071265324001
104.09,98.6859152408432
104.1,99.4420726961668
104.11,100.175147596146
104.12,100.884701960343
104.13,101.570311397472
104.14,102.23156536502
104.15,102.868067420972
104.16,103.479435467472
104.17,104.065301986292
104.18,104.625314265918
104.19,105.159134620156
104.2,105.666440598093
104.21,106.146925185274
104.22,106.600296995989
104.23,107.026280456528
104.24,107.424615979292
104.25,107.795060127645
104.26,108.137385771398
104.27,108.45138223283
104.28,108.736855423132
104.29,108.993627969207
104.3,109.221539330714
104.31,109.420445907289
104.32,109.590221135875
104.33,109.730755578074
104.34,109.84195699747
104.35,109.923750426865
104.36,109.976078225375
104.37,109.998900125332
104.38,109.992193268971
104.39,109.95595223485
104.4,109.890189053985
104.41,109.794933215677
104.42,109.670231663014
104.43,109.516148778041
104.44,109.332766356592
104.45,109.120183572785
104.46,108.878516933204
104.47,108.607900220754
104.48,108.308484428239
104.49,107.980437681683
104.5,107.623945153406
104.51,107.239208964934
104.52,106.826448079746
104.53,106.385898185951
104.54,105.917811568916
104.55,105.422456973932
104.56,104.900119458985
104.57,104.351100237698
104.58,103.775716512538
104.59,103.174301298365
104.6,102.547203236427
104.61,101.894786398887
104.62,101.217430084005
104.63,100.515528602077
104.64,99.7894910522249
104.65,99.0397410902164
104.66,98.26671668738
104.67,97.470869880786
104.68,96.6526665148227
104.69,95.8125859743095
104.7,94.9511209092923
104.71,94.0687769516942
104.72,93.1660724239504
104.73,92.2435380398164
104.74,91.3017165975166
104.75,90.3411626653871
104.76,89.3624422602222
104.77,88.3661325184732
104.78,87.3528213605239
104.79,86.3231071482074
104.8,85.277598335762
104.81,84.2169131144547
104.82,83.141679051044
104.83,82.0525327203
104.84,80.9501193318151
104.85,79.8350923512896
104.86,78.7081131165297
104.87,77.5698504483953
104.88,76.4209802568819
104.89,75.2621851426087
104.9,74.0941539939351
104.91,72.9175815799211
104.92,71.7331681393909
104.93,70.5416189663451
104.94,69.3436439919423
104.95,68.1399573633129
104.96,66.9312770194636
104.97,65.7183242644931
104.98,64.5018233383913
104.99,63.2825009856898
105,62.0610860221828
105.01,60.8383089000113
105.02,59.6149012713424
105.03,58.3915955509337
105.04,57.1691244778114
105.05,55.9482206763344
105.06,54.7296162169363
105.07,53.5140421767579
105.08,52.3022282004709
105.09,51.0949020615483
105.1,49.8927892242392
105.11,48.6966124065036
105.12,47.5070911442148
105.13,46.3249413568247
105.14,45.1508749148055
105.15,43.9855992091265
105.16,42.8298167229986
105.17,41.6842246061649
105.18,40.5495142520111
105.19,39.4263708777196
105.2,38.315473107749
105.21,37.2174925608922
105.22,36.1330934411466
105.23,35.0629321326654
105.24,34.0076567990479
105.25,32.9679069871701
105.26,31.9443132358638
105.27,30.9374966896222
105.28,29.9480687176294
105.29,28.9766305382954
105.3,28.0237728495641
105.31,27.0900754652243
105.32,26.1761069574282
105.33,25.282424305649
105.34,24.4095725523168
105.35,23.5580844653175
105.36,22.7284802075828
105.37,21.9212670139858
105.38,21.1369388757259
105.39,20.3759762324153
105.4,19.6388456720717
105.41,18.9259996391805
105.42,18.2378761510328
105.43,17.5748985225235
105.44,16.9374750995655
105.45,16.3259990013111
105.46,15.7408478713354
105.47,15.1823836379477
105.48,14.6509522837827
105.49,14.1468836248267
105.5,13.6704910990161
105.51,13.2220715645588
105.52,12.8019051080966
105.53,12.4102548628509
105.54,12.0473668368631
105.55,11.7134697514494
105.56,11.4087748899834
105.57,11.1334759571015
105.58,10.8877489484339
105.59,10.6717520309553
105.6,10.4856254340326
105.61,10.3294913512534
105.62,10.2034538531061
105.63,10.1075988105758
105.64,10.0419938297171
105.65,10.0066881972545
105.66,10.0017128372563
105.67,10.0270802789222
105.68,10.0827846355156
105.69,10.1688015944671
105.7,10.2850884186677
105.71,10.4315839589635
105.72,10.6082086778582
105.73,10.8148646844206
105.74,11.051435780389
105.75,11.3177875174593
105.76,11.61376726573
105.77,11.9392042932818
105.78,12.2939098568493
105.79,12.6776773035481
105.8,13.0902821836058
105.81,13.5314823740355
105.82,14.0010182132008
105.83,14.4986126461943
105.84,15.0239713809502
105.85,15.5767830550158
105.86,16.1567194128957
105.87,16.7634354938549
105.88,17.3965698300968
105.89,18.055744655201
105.9,18.7405661226984
105.91,19.4506245346718
105.92,20.185494580253
105.93,20.9447355838656
105.94,21.7278917631018
105.95,22.5344924960653
105.96,23.3640525980244
105.97,24.2160726072373
105.98,25.0900390797718
105.99,25.9854248931425
106,26.9016895586138
106.01,27.8382795419499
106.02,28.7946285924753
106.03,29.7701580801999
106.04,30.764277340853
106.05,31.7763840286069
106.06,32.8058644762774
106.07,33.8520940627988
106.08,34.9144375877662
106.09,35.992249652784
106.1,37.0848750494469
106.11,38.1916491536936
106.12,39.311898326285
106.13,40.4449403192054
106.14,41.5900846877213
106.15,42.7466332078427
106.16,43.9138802989628
106.17,45.0911134514055
106.18,46.2776136586166
106.19,47.4726558537583
106.2,48.6755093504414
106.21,49.885438287298
106.22,51.1017020761684
106.23,52.3235558536165
106.24,53.5502509354724
106.25,54.7810352741726
106.26,56.0151539185781
106.27,57.2518494760266
106.28,58.4903625762973
106.29,59.729932337242
106.3,60.9697968317781
106.31,62.2091935559579
106.32,63.4473598978297
106.33,64.6835336068154
106.34,65.916953263284
106.35,67.1468587480668
106.36,68.3724917116122
106.37,69.5930960424719
106.38,70.8079183348538
106.39,72.0162083549582
106.4,73.2172195057638
106.41,74.4102092900234
106.42,75.5944397711661
106.43,76.7691780317975
106.44,77.9336966295438
106.45,79.0872740499474
106.46,80.2291951560958
106.47,81.3587516347663
106.48,82.4752424387549
106.49,83.5779742251212
106.5,84.6662617890982
106.51,85.7394284933606
106.52,86.7968066924138
106.53,87.837738151798
106.54,88.8615744618756
106.55,89.8676774459343
106.56,90.8554195623148
106.57,91.8241843003522
106.58,92.7733665698542
106.59,93.7023730838635
106.6,94.6106227344746
106.61,95.497546961462
106.62,96.3625901134599
106.63,97.205209801501
106.64,98.0248772446568
106.65,98.8210776075544
106.66,99.5933103295767
106.67,100.341089445509
106.68,101.063943897427
106.69,101.761417837637
106.7,102.433070922451
106.71,103.078478596612
106.72,103.697232368191
106.73,104.28894007376
106.74,104.853226133665
106.75,105.389731797251
106.76,105.898115377842
106.77,106.37805247735
106.78,106.82923620033
106.79,107.251377357376
106.8,107.644204657672
106.81,108.007464890611
106.82,108.340923096316
106.83,108.644362724982
106.84,108.917585784899
106.85,109.160412979059
106.86,109.37268383026
106.87,109.554256794598
106.88,109.705009363276
106.89,109.824838152651
106.9,109.913658982445
106.91,109.971406942059
106.92,109.99803644494
106.93,109.993521270952
106.94,109.957854596702
106.95,109.891049013804
106.96,109.79313653504
106.97,109.664168588416
106.98,109.504215999084
106.99,109.313368959153
107,109.091736985365
107.01,108.839448864672
107.02,108.556652587724
107.03,108.243515270297
107.04,107.900223062698
107.05,107.526981047181
107.06,107.124013123449
107.07,106.691561882268
107.08,106.229888467278
107.09,105.739272425078
107.1,105.220011543651
107.11,104.672421679219
107.12,104.096836571643
107.13,103.493607648443
107.14,102.86310381756
107.15,102.205711248995
107.16,101.521833145408
107.17,100.811889501845
107.18,100.076316854729
107.19,99.315568020225
107.2,98.5301118221769
107.21,97.7204328097478
107.22,96.8870309649324
107.23,96.0304214001206
107.24,95.1511340458897
107.25,94.2497133291973
107.26,93.3267178421942
107.27,92.3827200018176
107.28,91.4183057004027
107.29,90.4340739475006
107.3,89.4306365031177
107.31,88.4086175026241
107.32,87.3686530735132
107.33,86.3113909442784
107.34,85.2374900456433
107.35,84.1476201043639
107.36,83.0424612298678
107.37,81.9227034939864
107.38,80.7890465040227
107.39,79.6421989694213
107.4,78.4828782623165
107.41,77.3118099722128
107.42,76.1297274550768
107.43,74.9373713771281
107.44,73.735489253603
107.45,72.5248349827586
107.46,71.3061683754513
107.47,70.0802546805297
107.48,68.8478641063731
107.49,67.6097713388578
107.5,66.3667550560444
107.51,65.1195974399208
107.52,63.8690836854549
107.53,62.6160015073178
107.54,61.361140644544
107.55,60.1052923634592
107.56,58.8492489591972
107.57,57.5938032560908
107.58,56.3397481072723
107.59,55.0878758938036
107.6,53.8389780236347
107.61,52.593844430706
107.62,51.3532630745444
107.63,50.1180194406274
107.64,48.8888960418578
107.65,47.666671921462
107.66,46.4521221576252
107.67,45.2460173701726
107.68,44.0491232296369
107.69,42.8621999689892
107.7,41.6860018983648
107.71,40.5212769231164
107.72,39.3687660654582
107.73,38.2292029900341
107.74,37.1033135337322
107.75,35.9918152400043
107.76,34.8954168980427
107.77,33.8148180870546
107.78,32.7507087259934
107.79,31.7037686289805
107.8,30.6746670667419
107.81,29.6640623343365
107.82,28.6726013254522
107.83,27.7009191135436
107.84,26.7496385401166
107.85,25.8193698103785
107.86,24.910710096558
107.87,24.0242431491519
107.88,23.160538916335
107.89,22.3201531718006
107.9,21.5036271512779
107.91,20.7114871979561
107.92,19.9442444170644
107.93,19.2023943398289
107.94,18.486416597034
107.95,17.7967746024044
107.96,17.1339152460317
107.97,16.4982685980339
107.98,15.8902476226566
107.99,15.3102479030243
108,14.7586473766989
108.01,14.2358060822575
108.02,13.7420659170363
108.03,13.277750406232
108.04,12.8431644835035
108.05,12.4385942832306
108.06,12.0643069445833
108.07,11.7205504275296
108.08,11.4075533409181
108.09,11.1255247827605
108.1,10.8746541928235
108.11,10.6551112176428
108.12,10.4670455880608
108.13,10.3105870093752
108.14,10.1858450641847
108.15,10.0929091280123
108.16,10.0318482977687
108.17,10.0027113331187
108.18,10.0055266108031
108.19,10.0403020919585
108.2,10.107025302471
108.21,10.205663326391
108.22,10.3361628124283
108.23,10.4984499935376
108.24,10.6924307195958
108.25,10.9179905031668
108.26,11.1749945783356
108.27,11.4632879725956
108.28,11.7826955917466
108.29,12.1330223177734
108.3,12.5140531196562
108.31,12.9255531770459
108.32,13.3672680167527
108.33,13.838923661967
108.34,14.3402267941318
108.35,14.8708649273766
108.36,15.4305065954235
108.37,16.0188015508381
108.38,16.635380976537
108.39,17.2798577094153
108.4,17.9518264759586
108.41,18.6508641397145
108.42,19.3765299604779
108.43,20.1283658650146
108.44,20.9058967291939
108.45,21.7086306713375
108.46,22.5360593566179
108.47,23.3876583123185
108.48,24.2628872537771
108.49,25.1611904207873
108.5,26.081996924294
108.51,27.0247211031207
108.52,27.9887628905669
108.53,28.9735081905873
108.54,29.9783292633829
108.55,31.0025851201258
108.56,32.0456219265778
108.57,33.1067734153667
108.58,34.1853613066629
108.59,35.2806957369712
108.6,36.3920756957995
108.61,37.5187894699188
108.62,38.6601150949266
108.63,39.8153208138448
108.64,40.9836655424695
108.65,42.1643993411417
108.66,43.3567638926924
108.67,44.559992986232
108.68,45.7733130064697
108.69,46.9959434282719
108.7,48.2270973161451
108.71,49.4659818283039
108.72,50.7117987250305
108.73,51.9637448809886
108.74,53.2210128011457
108.75,54.4827911400311
108.76,55.7482652239151
108.77,57.0166175756559
108.78,58.2870284418119
108.79,59.5586763217266
108.8,60.8307384982255
108.81,62.1023915695688
108.82,63.3728119823459
108.83,64.6411765649641
108.84,65.9066630613443
108.85,67.1684506645361
108.86,68.4257205498723
108.87,69.6776564073147
108.88,70.9234449726603
108.89,72.1622765572616
108.9,73.3933455758847
108.91,74.6158510724085
108.92,75.8289972429934
108.93,77.0319939563598
108.94,78.2240572708744
108.95,79.4044099480886
108.96,80.5722819623678
108.97,81.7269110063131
108.98,82.8675429916242
108.99,83.993432545059
109,85.1038434992014
109.01,86.1980493776573
109.02,87.2753338744117
109.03,88.3349913269899
109.04,89.376327183121
109.05,90.3986584606075
109.06,91.4013142000515
109.07,92.3836359101892
109.08,93.3449780054979
109.09,94.2847082357854
109.1,95.2022081074868
109.11,96.0968732963841
109.12,96.9681140514439
109.13,97.8153555895388
109.14,98.6380384807559
109.15,99.4356190240389
109.16,100.207569612914
109.17,100.953379091043
109.18,101.672553097358
109.19,102.364614400549
109.2,103.029103222672
109.21,103.665577551644
109.22,104.27361344242
109.23,104.852805306646
109.24,105.402766190563
109.25,105.923128041002
109.26,106.413541959243
109.27,106.873678442601
109.28,107.303227613524
109.29,107.701899436078
109.3,108.06942391964
109.31,108.405551309652
109.32,108.710052265312
109.33,108.982718024054
109.34,109.223360552708
109.35,109.431812685213
109.36,109.607928246797
109.37,109.751582164501
109.38,109.862670563984
109.39,109.941110852521
109.4,109.98684178812
109.41,109.999823534699
109.42,109.980037703283
109.43,109.927487379158
109.44,109.842197134967
109.45,109.724213029714
109.46,109.573602593664
109.47,109.390454799133
109.48,109.174880017169
109.49,108.927009960146
109.5,108.646997610278
109.51,108.335017134102
109.52,107.991263782952
109.53,107.61595377949
109.54,107.20932419035
109.55,106.771632784947
109.56,106.30315788056
109.57,105.804198173743
109.58,105.275072558177
109.59,104.716119929078
109.6,104.127698974246
109.61,103.5101879519
109.62,102.863984455431
109.63,102.189505165205
109.64,101.487185587555
109.65,100.757479781158
109.66,100.000860070914
109.67,99.2178167495401
109.68,98.4088577670477
109.69,97.5745084082906
109.7,96.7153109587878
109.71,95.8318243590442
109.72,94.9246238475502
109.73,93.9943005927096
109.74,93.0414613139311
109.75,92.0667278920957
109.76,91.0707369696756
109.77,90.0541395407182
109.78,89.0176005310125
109.79,87.9617983686501
109.8,86.8874245452718
109.81,85.7951831682986
109.82,84.6857905044129
109.83,83.559974514579
109.84,82.4184743809195
109.85,81.2620400257453
109.86,80.0914316230199
109.87,78.9074191026436
109.88,77.7107816477912
109.89,76.5023071856835
109.9,75.2827918721281
109.91,74.0530395701225
109.92,72.813861322882
109.93,71.5660748216607
109.94,70.3105038686553
109.95,69.0479778353957
109.96,67.7793311169494
109.97,66.5054025822985
109.98,65.2270350212628
109.99,63.9450745883192
110,62.6603702436868
110.01,61.3737731920567
110.02,60.0861363193045
110.03,58.7983136276075
110.04,57.5111596693006
110.05,56.2255289798378
110.06,54.942275510296
110.07,53.6622520597227
110.08,52.3863097077483
110.09,51.1152972478364
110.1,49.8500606215456
110.11,48.5914423541614
110.12,47.3402809921196
110.13,46.0974105425516
110.14,44.8636599153485
110.15,43.6398523681277
110.16,42.4268049544523
110.17,41.2253279756788
110.18,40.0362244368355
110.19,38.8602895068397
110.2,37.6983099834713
110.21,36.551063763436
110.22,35.4193193178885
110.23,34.3038351737535
110.24,33.205359401245
110.25,32.1246291078483
110.26,31.0623699392119
110.27,30.0192955871922
110.28,28.9961073054714
110.29,27.9934934330125
110.3,27.0121289257159
110.31,26.0526748966043
110.32,25.1157781648249
110.33,24.2020708137856
110.34,23.3121697587672
110.35,22.446676324254
110.36,21.6061758313215
110.37,20.7912371953452
110.38,20.0024125343197
110.39,19.2402367880528
110.4,18.5052273485216
110.41,17.7978837016196
110.42,17.1186870805704
110.43,16.4681001312521
110.44,15.8465665896583
110.45,15.2545109717233
110.46,14.6923382757563
110.47,14.1604336976655
110.48,13.6591623591997
110.49,13.1888690494004
110.5,12.7498779794379
110.51,12.3424925510352
110.52,11.9669951386228
110.53,11.6236468854071
110.54,11.3126875134928
110.55,11.0343351482043
110.56,10.7887861567453
110.57,10.5762150013097
110.58,10.396774106767
110.59,10.2505937430276
110.6,10.1377819221745
110.61,10.0584243104548
110.62,10.0125841552045
110.63,10.0003022267686
110.64,10.021596775477
110.65,10.0764635037174
110.66,10.1648755531427
110.67,10.2867835070381
110.68,10.442115407862
110.69,10.6307767899636
110.7,10.8526507274789
110.71,11.1075978973792
110.72,11.3954566576542
110.73,11.7160431405905
110.74,12.0691513610983
110.75,12.454553340035
110.76,12.8719992424466
110.77,13.3212175306679
110.78,13.8019151321785
110.79,14.3137776221233
110.8,14.8564694204016
110.81,15.4296340031781
110.82,16.0328941287259
110.83,16.6658520774399
110.84,17.3280899058762
110.85,18.019169714672
110.86,18.738633930178
110.87,19.4860055996085
110.88,20.2607886995596
110.89,21.0624684576687
110.9,21.8905116872322
110.91,22.7443671345587
110.92,23.6234658388528
110.93,24.5272215043627
110.94,25.4550308846105
110.95,26.4062741784079
110.96,27.3803154374159
110.97,28.3765029850088
110.98,29.3941698461385
110.99,30.4326341879368
111,31.4911997707796
111.01,32.5691564094743
111.02,33.665780444347
111.03,34.7803352218275
111.04,35.9120715843
111.05,37.0602283688421
111.06,38.2240329145501
111.07,39.4027015781071
111.08,40.5954402572623
111.09,41.8014449218479
111.1,43.0199021520327
111.11,44.2499896833965
111.12,45.4908769585045
111.13,46.74172568459
111.14,48.0016903970028
111.15,49.2699190280025
111.16,50.5455534805537
111.17,51.8277302067375
111.18,53.1155807903554
111.19,54.4082325333753
111.2,55.7048090458143
111.21,57.0044308386347
111.22,58.3062159192855
111.23,59.609280389488
111.24,60.912739044823
111.25,62.215705975759
111.26,63.5172951696847
111.27,64.8166211135611
111.28,66.1127993967397
111.29,67.4049473136006
111.3,68.6921844655429
111.31,69.9736333619406
111.32,71.2484200196638
111.33,72.5156745607344
111.34,73.7745318077095
111.35,75.0241318764006
111.36,76.2636207655097
111.37,77.4921509427738
111.38,78.7088819272074
111.39,79.912980867093
111.4,81.1036231132196
111.41,82.2799927870851
111.42,83.4412833435944
111.43,84.5866981278821
111.44,85.7154509258876
111.45,86.826766508288
111.46,87.9198811673989
111.47,88.9940432466966
111.48,90.0485136625689
111.49,91.0825664179242
111.5,92.0954891073379
111.51,93.0865834133246
111.52,94.0551655934399
111.53,95.0005669578335
111.54,95.9221343369228
111.55,96.8192305388873
111.56,97.6912347965984
111.57,98.5375432037319
111.58,99.3575691397125
111.59,100.15074368319
111.6,100.916516013776
111.61,101.654353801731
111.62,102.363743585316
111.63,103.044191135563
111.64,103.695221808185
111.65,104.316380882358
111.66,104.907233886154
111.67,105.467366908376
111.68,105.996386896546
111.69,106.493921940874
111.7,106.959621543945
111.71,107.393156875961
111.72,107.79422101533
111.73,108.162529174425
111.74,108.497818910341
111.75,108.799850320488
111.76,109.068406222877
111.77,109.303292320948
111.78,109.504337352809
111.79,109.671393224784
111.8,109.804335129138
111.81,109.903061645894
111.82,109.967494828661
111.83,109.997580274377
111.84,109.993287176917
111.85,109.954608364511
111.86,109.88156032092
111.87,109.774183190349
111.88,109.63254076606
111.89,109.456720462701
111.9,109.246833272322
111.91,109.003013704112
111.92,108.725419707878
111.93,108.414232581292
111.94,108.06965686096
111.95,107.691920197371
111.96,107.281273213792
111.97,106.837989349187
111.98,106.362364685258
111.99,105.85471775771
112,105.315389351832
112.01,104.744742282567
112.02,104.14316115914
112.03,103.511052134454
112.04,102.848842639365
112.05,102.156981102026
112.06,101.435936652476
112.07,100.686198812653
112.08,99.9082771720316
112.09,99.1027010491134
112.1,98.2700191389569
112.11,97.4107991469992
112.12,96.5256274094063
112.13,95.6151085001895
112.14,94.6798648253444
112.15,93.7205362043136
112.16,92.7377794389884
112.17,91.7322678705897
112.18,90.7046909247015
112.19,89.6557536447554
112.2,88.5861762142719
112.21,87.4966934682064
112.22,86.3880543936935
112.23,85.2610216205399
112.24,84.1163709018144
112.25,82.9548905848655
112.26,81.7773810731565
112.27,80.5846542792293
112.28,79.3775330692305
112.29,78.156850699325
112.3,76.9234502444015
112.31,75.6781840194675
112.32,74.4219129941067
112.33,73.1555062004038
112.34,71.8798401347637
112.35,70.5957981540071
112.36,69.3042698661528
112.37,68.006150516345
112.38,66.7023403683001
112.39,65.3937440817214
112.4,64.0812700861199
112.41,62.7658299514512
112.42,61.4483377560074
112.43,60.1297094520279
112.44,58.8108622294359
112.45,57.492713878142
112.46,56.1761821493965
112.47,54.8621841165874
112.48,53.5516355359515
112.49,52.2454502076566
112.5,50.9445393376605
112.51,49.6498109008469
112.52,48.3621690058347
112.53,47.0825132619349
112.54,45.8117381486902
112.55,44.5507323884334
112.56,43.3003783223275
112.57,42.0615512903007
112.58,40.8351190153185
112.59,39.6219409924608
112.6,38.4228678831842
112.61,37.2387409152259
112.62,36.0703912885914
112.63,34.9186395880102
112.64,33.7842952022995
112.65,32.6681557510553
112.66,31.571006519061
112.67,30.4936198988216
112.68,29.4367548416485
112.69,28.4011563176486
112.7,27.3875547850183
112.71,26.3966656690568
112.72,25.4291888512252
112.73,24.4858081686388
112.74,23.5671909243728
112.75,22.6739874089094
112.76,21.8068304330922
112.77,20.9663348729061
112.78,20.1530972264481
112.79,19.3676951833776
112.8,18.6106872071838
112.81,17.882612130569
112.82,17.183988764248
112.83,16.5153155194449
112.84,15.8770700443876
112.85,15.2697088750425
112.86,14.6936671003659
112.87,14.1493580423277
112.88,13.6371729509351
112.89,13.157480714488
112.9,12.7106275853004
112.91,12.2969369210774
112.92,11.9167089421605
112.93,11.5702205048248
112.94,11.2577248907997
112.95,10.979451613186
112.96,10.7356062389219
112.97,10.5263702279343
112.98,10.3519007891134
112.99,10.2123307532298
113,10.1077684628946
113.01,10.0382976796679
113.02,10.0039775083908
113.03,10.0048423388189
113.04,10.0409018046136
113.05,10.1121407597385
113.06,10.2185192722989
113.07,10.3599726358436
113.08,10.5364113981434
113.09,10.7477214074407
113.1,10.9937638761605
113.11,11.2743754620542
113.12,11.5893683667338
113.13,11.9385304515544
113.14,12.3216253707757
113.15,12.7383927219234
113.16,13.1885482132739
113.17,13.671783848348
113.18,14.1877681273162
113.19,14.7361462651763
113.2,15.3165404265841
113.21,15.9285499771663
113.22,16.5717517511812
113.23,17.2457003353374
113.24,17.9499283685876
113.25,18.6839468577169
113.26,19.4472455084974
113.27,20.2392930722172
113.28,21.0595377073273
113.29,21.9074073559802
113.3,22.7823101352317
113.31,23.6836347425831
113.32,24.6107508756647
113.33,25.5630096657289
113.34,26.5397441246715
113.35,27.5402696052946
113.36,28.563884274478
113.37,29.6098695989447
113.38,30.6774908433002
113.39,31.76599757999
113.4,32.8746242108281
113.41,34.0025904997439
113.42,35.1491021163978
113.43,36.3133511902395
113.44,37.4945168746878
113.45,38.6917659210076
113.46,39.9042532614872
113.47,41.1311226015227
113.48,42.3715070201992
113.49,43.6245295789227
113.5,44.8893039377411
113.51,46.1649349788357
113.52,47.4505194368368
113.53,48.7451465354541
113.54,50.047898630013
113.55,51.3578518554513
113.56,52.6740767792635
113.57,53.9956390590126
113.58,55.3216001039072
113.59,56.6510177399454
113.6,57.98294687822
113.61,59.3164401858729
113.62,60.650548759217
113.63,61.9843227985811
113.64,63.3168122843701
113.65,64.6470676538645
113.66,65.9741404782848
113.67,67.2970841396489
113.68,68.6149545069052
113.69,69.9268106108851
113.7,71.2317153175971
113.71,72.5287359993486
113.72,73.8169452032524
113.73,75.0954213166127
113.74,76.3632492287034
113.75,77.6195209885086
113.76,78.8633364578924
113.77,80.0938039597603
113.78,81.3100409207493
113.79,82.5111745079477
113.8,83.6963422592299
113.81,84.8646927066983
113.82,86.0153859928141
113.83,87.1475944787702
113.84,88.2605033446261
113.85,89.353311180809
113.86,90.4252305705279
113.87,91.4754886626662
113.88,92.5033277347565
113.89,93.5080057456049
113.9,94.4887968771536
113.91,95.444992065204
113.92,96.3758995186012
113.93,97.2808452264662
113.94,98.1591734531409
113.95,99.0102472204687
113.96,99.8334487770152
113.97,100.628180053934
113.98,101.393863107093
113.99,102.12994054515
114,102.835875943252
114.01,103.511154242038
114.02,104.155282131661
114.03,104.767788420514
114.04,105.348224388399
114.05,105.896164123862
114.06,106.411204845427
114.07,106.892967206491
114.08,107.341095583647
114.09,107.755258348194
114.1,108.135148120633
114.11,108.480482007954
114.12,108.791001823502
114.13,109.066474289273
114.14,109.306691220457
114.15,109.511469692082
114.16,109.680652187623
114.17,109.814106729445
114.18,109.91172699097
114.19,109.973432390468
114.2,109.999168166384
114.21,109.988905434121
114.22,109.942641224239
114.23,109.860398501994
114.24,109.742226168206
114.25,109.588199041424
114.26,109.398417821387
114.27,109.173009033786
114.28,108.912124956341
114.29,108.615943526241
114.3,108.284668228976
114.31,107.918527968635
114.32,107.517776919746
114.33,107.082694360724
114.34,106.613584489062
114.35,106.110776218351
114.36,105.574622957261
114.37,105.005502370644
114.38,104.403816122885
114.39,103.769989603688
114.4,103.104471636465
114.41,102.407734169536
114.42,101.680271950312
114.43,100.922602182733
114.44,100.13526416814
114.45,99.3188189298338
114.46,98.4738488216182
114.47,97.600957120531
114.48,96.7007676040832
114.49,95.7739241122865
114.5,94.8210900947602
114.51,93.8429481432554
114.52,92.8401995098775
114.53,91.8135636113927
114.54,90.7637775199227
114.55,89.6915954403987
114.56,88.5977881751441
114.57,87.4831425759579
114.58,86.3484609840639
114.59,85.1945606583656
114.6,84.0222731923534
114.61,82.8324439201149
114.62,81.6259313118617
114.63,80.4036063593921
114.64,79.1663519519122
114.65,77.9150622427059
114.66,76.6506420070575
114.67,75.3740059918971
114.68,74.0860782576499
114.69,72.7877915127419
114.7,71.480086441239
114.71,70.1639110241209
114.72,68.840219854651
114.73,67.5099734483399
114.74,66.1741375480335
114.75,64.8336824245654
114.76,63.4895821735349
114.77,62.1428140086806
114.78,60.7943575523899
114.79,59.4451941238403
114.8,58.096306025271
114.81,56.7486758269672
114.82,55.4032856514007
114.83,54.0611164570916
114.84,52.7231473227105
114.85,51.390354731933
114.86,50.0637118595649
114.87,48.744187859492
114.88,47.432747154926
114.89,46.130348731503
114.9,44.8379454337626
114.91,43.5564832654843
114.92,42.2869006944267
114.93,41.0301279619809
114.94,39.7870863982364
114.95,38.5586877429728
114.96,37.3458334730778
114.97,36.149414136894
114.98,34.9703086959727
114.99,33.8093838747621
115,32.6674935186595
115.01,31.5454779609558
115.02,30.4441633991096
115.03,29.364361280851
115.04,28.3068677005335
115.05,27.272462806222
115.06,26.2619102179486
115.07,25.2759564575771
115.08,24.3153303906932
115.09,23.3807426809692
115.1,22.4728852573851
115.11,21.5924307947312
115.12,20.7400322077892
115.13,19.9163221595538
115.14,19.1219125838899
115.15,18.3573942229981
115.16,17.6233361800195
115.17,16.9202854871308
115.18,16.2487666894857
115.19,15.6092814452973
115.2,15.0023081423754
115.21,14.4283015314413
115.22,13.8876923764743
115.23,13.3808871223846
115.24,12.9082675802819
115.25,12.4701906305576
115.26,12.0669879440582
115.27,11.6989657215401
115.28,11.3664044516399
115.29,11.0695586875417
115.3,10.8086568425313
115.31,10.5839010046148
115.32,10.395466770345
115.33,10.2435030980031
115.34,10.1281321802709
115.35,10.0494493364961
115.36,10.0075229246588
115.37,10.0023942731211
115.38,10.0340776322324
115.39,10.1025601458449
115.4,10.2078018427825
115.41,10.3497356482906
115.42,10.5282674154785
115.43,10.7432759767495
115.44,10.9946132152086
115.45,11.2821041560076
115.46,11.6055470775868
115.47,11.9647136427495
115.48,12.3593490494947
115.49,12.7891722015136
115.5,13.2538758982507
115.51,13.7531270444031
115.52,14.2865668787282
115.53,14.8538112220052
115.54,15.4544507439967
115.55,16.0880512492237
115.56,16.7541539813623
115.57,17.4522759460643
115.58,18.1819102519782
115.59,18.9425264697283
115.6,19.7335710086242
115.61,20.5544675108204
115.62,21.4046172626657
115.63,22.2833996229453
115.64,23.1901724677353
115.65,24.1242726515257
115.66,25.0850164843175
115.67,26.071700224349
115.68,27.0836005860807
115.69,28.1199752631066
115.7,29.1800634656269
115.71,30.2630864720371
115.72,31.3682481943246
115.73,32.4947357568075
115.74,33.6417200878126
115.75,34.8083565238901
115.76,35.9937854260921
115.77,37.1971328079088
115.78,38.4175109743771
115.79,39.6540191719075
115.8,40.9057442483876
115.81,42.1717613230099
115.82,43.4511344654272
115.83,44.7429173836743
115.84,46.0461541203706
115.85,47.3598797567093
115.86,48.683121123713
115.87,50.0148975202021
115.88,51.3542214370083
115.89,52.7000992868452
115.9,54.0515321393302
115.91,55.4075164606025
115.92,56.7670448570118
115.93,58.1291068222759
115.94,59.4926894876318
115.95,60.8567783743662
115.96,62.2203581481742
115.97,63.5824133748054
115.98,64.9419292764394
115.99,66.2978924881857
116,67.6492918142015
116.01,68.9951189828112
116.02,70.3343694001
116.03,71.66604290141
116.04,72.9891445001438
116.05,74.3026851333721
116.06,75.6056824036326
116.07,76.8971613163896
116.08,78.1761550125984
116.09,79.4417054958034
116.1,80.6928643532452
116.11,81.9286934704273
116.12,83.1482657385685
116.13,84.3506657544643
116.14,85.5349905121705
116.15,86.7003500860161
116.16,87.8458683044132
116.17,88.9706834139537
116.18,90.0739487332836
116.19,91.1548332962614
116.2,92.2125224838964
116.21,93.2462186445936
116.22,94.2551417022234
116.23,95.2385297515486
116.24,96.1956396405498
116.25,97.1257475392004
116.26,98.0281494942491
116.27,98.9021619695799
116.28,99.7471223717385
116.29,100.562389560188
116.3,101.347344341944
116.31,102.101389950141
116.32,102.823952506215
116.33,103.514481465295
116.34,104.172450044462
116.35,104.797355633563
116.36,105.388720188208
116.37,105.946090604672
116.38,106.469039076391
116.39,106.957163431763
116.4,107.410087452976
116.41,107.827461175621
116.42,108.208961168825
116.43,108.554290795684
116.44,108.863180453784
116.45,109.135387795596
116.46,109.370697928565
116.47,109.568923594729
116.48,109.729905329696
116.49,109.853511600849
116.5,109.939638924655
116.51,109.988211962957
116.52,109.999183598169
116.53,109.97253498728
116.54,109.908275594625
116.55,109.806443203347
116.56,109.667103905556
116.57,109.490352071135
116.58,109.27631029522
116.59,109.025129324356
116.6,108.736987961376
116.61,108.412092949036
116.62,108.050678832492
116.63,107.653007800681
116.64,107.219369506717
116.65,106.750080867417
116.66,106.24548584207
116.67,105.70595519062
116.68,105.131886211403
116.69,104.523702458628
116.7,103.881853439777
116.71,103.206814293168
116.72,102.499085445856
116.73,101.759192252151
116.74,100.987684612988
116.75,100.185136576411
116.76,99.3521459194745
116.77,98.4893337118374
116.78,97.5973438613788
116.79,96.6768426421445
116.8,95.728518204979
116.81,94.7530800711841
116.82,93.7512586095804
116.83,92.7238044973287
116.84,91.6714881649445
116.85,90.5950992258592
116.86,89.4954458909802
116.87,88.3733543686727
116.88,87.2296682505895
116.89,86.0652478838024
116.9,84.880969729719
116.91,83.6777257102381
116.92,82.4564225416056
116.93,81.2179810565242
116.94,79.9633355149595
116.95,78.6934329041799
116.96,77.4092322285618
116.97,76.1117037896498
116.98,74.8018284570668
116.99,73.4805969307605
117,72.1490089951642
117.01,70.8080727658483
117.02,69.4588039291892
117.03,68.102224975654
117.04,66.7393644272695
117.05,65.3712560598432
117.06,63.9989381205633
117.07,62.6234525415151
117.08,61.2458441497349
117.09,59.8671598744163
117.1,58.4884479518385
117.11,57.1107571286197
117.12,55.735135863939
117.13,54.3626315312888
117.14,52.9942896203761
117.15,51.6311529398233
117.16,50.2742608211955
117.17,48.9246483250367
117.18,47.5833454494975
117.19,46.2513763421427
117.2,44.9297585155492
117.21,43.6195020673413
117.22,42.3216089051774
117.23,41.0370719773828
117.24,39.7668745097308
117.25,38.5119892490175
117.26,37.2733777140113
117.27,36.0519894543271
117.28,34.8487613178253
117.29,33.6646167270964
117.3,32.5004649655793
117.31,31.3572004739131
117.32,30.2357021570001
117.33,29.1368327023836
117.34,28.0614379104544
117.35,27.0103460369847
117.36,25.9843671485428
117.37,24.9842924912717
117.38,24.0108938735355
117.39,23.0649230629154
117.4,22.1471111980452
117.41,21.2581682157299
117.42,20.3987822938188
117.43,19.5696193102782
117.44,18.771322318876
117.45,18.0045110419085
117.46,17.269781380388
117.47,16.5677049420556
117.48,15.8988285876291
117.49,15.2636739956281
117.5,14.6627372461443
117.51,14.0964884238954
117.52,13.5653712408756
117.53,13.0698026789184
117.54,12.6101726524766
117.55,12.186843691879
117.56,11.8001506473458
117.57,11.4504004140004
117.58,11.1378716781121
117.59,10.8628146847944
117.6,10.6254510273468
117.61,10.4259734584308
117.62,10.2645457232512
117.63,10.1413024148846
117.64,10.0563488518952
117.65,10.009760978354
117.66,10.0015852863587
117.67,10.0318387611393
117.68,10.100508848814
117.69,10.2075534468426
117.7,10.3529009172098
117.71,10.5364501223482
117.72,10.7580704838015
117.73,11.0176020635998
117.74,11.3148556683125
117.75,11.6496129757222
117.76,12.0216266840372
117.77,12.4306206835609
117.78,12.8762902507058
117.79,13.358302264216
117.8,13.8762954434715
117.81,14.4298806086943
117.82,15.0186409628922
117.83,15.6421323953435
117.84,16.2998838063921
117.85,16.9913974533537
117.86,17.7161493172726
117.87,18.4735894902483
117.88,19.2631425830912
117.89,20.0842081529958
117.9,20.9361611509006
117.91,21.8183523882469
117.92,22.7301090227737
117.93,23.6707350629866
117.94,24.6395118909522
117.95,25.6356988030148
117.96,26.6585335680283
117.97,27.7072330027265
117.98,28.780993563752
117.99,29.878991955946
118,31.0003857564261
118.01,32.1443140539767
118.02,33.3098981032969
118.03,34.496241993594
118.04,35.7024333310195
118.05,36.9275439344494
118.06,38.1706305440682
118.07,39.4307355422238
118.08,40.7068876860163
118.09,41.9981028510431
118.1,43.3033847857599
118.11,44.6217258758767
118.12,45.952107918184
118.13,47.293502903246
118.14,48.6448738063647
118.15,50.0051753861721
118.16,51.3733549902816
118.17,52.7483533673615
118.18,54.1291054849928
118.19,55.514541352715
118.2,56.9035868495988
118.21,58.2951645557019
118.22,59.6881945868116
118.23,61.0815954317616
118.24,62.4742847917314
118.25,63.8651804208536
118.26,65.2532009674663
118.27,66.6372668153814
118.28,68.0163009245088
118.29,69.389229670146
118.3,70.7549836803488
118.31,72.1124986706517
118.32,73.4607162755447
118.33,74.7985848760236
118.34,76.125060422582
118.35,77.4391072529777
118.36,78.7396989041715
118.37,80.0258189177344
118.38,81.2964616381712
118.39,82.550633003462
118.4,83.7873513272242
118.41,85.0056480718783
118.42,86.2045686122203
118.43,87.3831729887412
118.44,88.5405366501627
118.45,89.6757511845572
118.46,90.7879250384754
118.47,91.876184223523
118.48,92.9396730097999
118.49,93.9775546056643
118.5,94.9890118232805
118.51,95.9732477293917
118.52,96.9294862808146
118.53,97.8569729441465
118.54,98.7549752991618
118.55,99.6227836254424
118.56,100.45971147173
118.57,101.265096207563
118.58,102.038299556753
118.59,102.778708112228
118.6,103.485733831867
118.61,104.158814514891
118.62,104.797414258418
118.63,105.401023893819
118.64,105.969161402502
118.65,106.501372310774
118.66,106.997230063464
118.67,107.456336375984
118.68,107.878321564523
118.69,108.26284485411
118.7,108.609594664274
118.71,108.918288872047
118.72,109.188675052089
118.73,109.420530693727
118.74,109.613663394704
118.75,109.767911031471
118.76,109.883141905859
118.77,109.959254867993
118.78,109.996179415337
118.79,109.993875767745
118.8,109.952334918467
118.81,109.871578661014
118.82,109.751659591858
118.83,109.592661088929
118.84,109.394697265912
118.85,109.157912902344
118.86,108.882483349543
118.87,108.568614412434
118.88,108.216542207315
118.89,107.826532995675
118.9,107.398882994153
118.91,106.933918160777
118.92,106.431993957609
118.93,105.89349508999
118.94,105.318835222527
118.95,104.708456672054
118.96,104.062830077774
118.97,103.382454048813
118.98,102.66785478946
118.99,101.919585702337
119,101.13822696981
119.01,100.324385113957
119.02,99.4786925353947
119.03,98.6018070313112
119.04,97.6944112930891
119.05,96.7572123838568
119.06,95.7909411964023
119.07,94.796351891807
119.08,93.77422131927
119.09,92.7253484175407
119.1,91.650553598417
119.11,90.5506781127597
119.12,89.4265833995556
119.13,88.2791504184696
119.14,87.1092789664291
119.15,85.9178869787608
119.16,84.705909815419
119.17,83.4742995328242
119.18,82.2240241419428
119.19,80.9560668530945
119.2,79.6714253081362
119.21,78.3711108005933
119.22,77.0561474843409
119.23,75.7275715714631
119.24,74.3864305198929
119.25,73.0337822114855
119.26,71.6706941211725
119.27,70.2982424778118
119.28,68.917511417417
119.29,67.5295921294463
119.3,66.135581996765
119.31,64.7365837300204
119.32,63.3337044970586
119.33,61.9280550480988
119.34,60.5207488373579
119.35,59.1129011417911
119.36,57.7056281776537
119.37,56.3000462156247
119.38,54.8972706951266
119.39,53.4984153385856
119.4,52.1045912663314
119.41,50.7169061128371
119.42,49.3364631449796
119.43,47.9643603830797
119.44,46.601689725355
119.45,45.2495360765262
119.46,43.9089764812862
119.47,42.5810792632712
119.48,41.2669031702871
119.49,39.9674965264276
119.5,38.6838963917927
119.51,37.4171277304904
119.52,36.1682025875551
119.53,34.938119275484
119.54,33.7278615710415
119.55,32.5383979229578
119.56,31.3706806712014
119.57,30.2256452784211
119.58,29.1042095742064
119.59,28.0072730127904
119.6,26.9357159447554
119.61,25.8903989033816
119.62,24.8721619062156
119.63,23.8818237724086
119.64,22.9201814563889
119.65,21.9880093984532
119.66,21.0860588927607
119.67,20.2150574732774
119.68,19.3757083181939
119.69,18.5686896732726
119.7,17.7946542946311
119.71,17.0542289114338
119.72,16.3480137089021
119.73,15.6765818321203
119.74,15.0404789110302
119.75,14.4402226070163
119.76,13.8763021814755
119.77,13.3491780867312
119.78,12.8592815796395
119.79,12.4070143582314
119.8,11.9927482216822
119.81,11.6168247539326
119.82,11.2795550312124
119.83,10.9812193537386
119.84,10.7220670018253
119.85,10.5023160166237
119.86,10.3221530056872
119.87,10.1817329735567
119.88,10.081179177509
119.89,10.0205830086214
119.9,10.00000389827
119.91,10.0194692501598
119.92,10.0789743979692
119.93,10.1784825886676
119.94,10.3179249915448
119.95,10.497200732972
119.96,10.7161769568898
119.97,10.9746889110042
119.98,11.2725400586426
119.99,11.6095022162088
120,11.9853157161525
120.01,12.3996895953458
120.02,12.8523018087395
120.03,13.3427994681633
120.04,13.8707991060814
120.05,14.4358869641479
120.06,15.0376193063189
120.07,15.6755227563248
120.08,16.3490946592408
120.09,17.0578034668888
120.1,17.8010891467859
120.11,18.5783636143463
120.12,19.3890111879829
120.13,20.2323890667998
120.14,21.1078278304947
120.15,22.0146319610821
120.16,22.9520803860594
120.17,23.9194270426012
120.18,24.915901462317
120.19,25.9407093761531
120.2,26.9930333389719
120.21,28.0720333732919
120.22,29.176847631733
120.23,30.3065930776133
120.24,31.4603661831869
120.25,32.6372436449895
120.26,33.8362831156891
120.27,35.0565239519088
120.28,36.2969879774247
120.29,37.5566802611197
120.3,38.8345899091119
120.31,40.1296908703894
120.32,41.4409427553543
120.33,42.7672916666255
120.34,44.1076710413925
120.35,45.4610025047156
120.36,46.8261967330644
120.37,48.2021543273818
120.38,49.5877666950324
120.39,50.9819169398951
120.4,52.3834807598678
120.41,53.7913273511298
120.42,55.2043203183866
120.43,56.6213185903591
120.44,58.0411773398349
120.45,59.4627489074859
120.46,60.884883728738
120.47,62.3064312629457
120.48,63.7262409240918
120.49,65.1431630123091
120.5,66.556049645434
120.51,67.9637556898272
120.52,69.3651396897562
120.53,70.7590647945345
120.54,72.1443996826808
120.55,73.5200194823768
120.56,74.8848066873957
120.57,76.2376520678491
120.58,77.5774555749471
120.59,78.9031272390284
120.6,80.2135880601678
120.61,81.5077708905977
120.62,82.784621308223
120.63,84.0430984805135
120.64,85.282176018082
120.65,86.5008428172013
120.66,87.6981038906075
120.67,88.8729811858893
120.68,90.0245143907606
120.69,91.1517617245849
120.7,92.2538007154963
120.71,93.329728962408
120.72,94.3786648813707
120.73,95.3997484355657
120.74,96.3921418483909
120.75,97.3550302990086
120.76,98.2876225997641
120.77,99.1891518549372
120.78,100.058876100253
120.79,100.896078922598
120.8,101.700070059452
120.81,102.470185977491
120.82,103.205790429897
120.83,103.906274991888
120.84,104.571059573995
120.85,105.199592912679
120.86,105.791353037842
120.87,106.345847716824
120.88,106.862614874516
120.89,107.341222989219
120.9,107.78127146389
120.91,108.182390972465
120.92,108.544243780934
120.93,108.866524042899
120.94,109.14895806933
120.95,109.39130457229
120.96,109.59335488239
120.97,109.754933139778
120.98,109.87589645848
120.99,109.956135063932
121,109.995572403554
121.01,109.994165230266
121.02,109.951903658841
121.03,109.868811195015
121.04,109.744944737324
121.05,109.580394551616
121.06,109.375284218249
121.07,109.12977055198
121.08,108.844043494592
121.09,108.518325980319
121.1,108.152873774138
121.11,107.747975283058
121.12,107.303951340514
121.13,106.821154964026
121.14,106.299971086286
121.15,105.740816259884
121.16,105.144138335869
121.17,104.510416116396
121.18,103.840158981712
121.19,103.13390649177
121.2,102.392227962752
121.21,101.61572201886
121.22,100.805016119674
121.23,99.9607660634815
121.24,99.0836554669347
121.25,98.174395221447
121.26,97.2337229267648
121.27,96.2624023021395
121.28,95.2612225755622
121.29,94.230997851568
121.3,93.1725664580655
121.31,92.0867902727444
121.32,90.9745540295765
121.33,89.8367646059649
121.34,88.6743502911092
121.35,87.4882600361721
121.36,86.2794626868316
121.37,85.0489461988691
121.38,83.7977168373769
121.39,82.5267983602498
121.4,81.2372311866401
121.41,79.930071550996
121.42,78.6063906434054
121.43,77.2672737369341
121.44,75.9138193026475
121.45,74.5471381130433
121.46,73.168352334638
121.47,71.7785946104028
121.48,70.3790071328578
121.49,68.9707407085112
121.5,67.5549538144538
121.51,66.1328116478773
121.52,64.7054851692592
121.53,63.2741501400248
121.54,61.8399861555002
121.55,60.4041756738683
121.56,58.9679030420256
121.57,57.5323535190741
121.58,56.0987122982593
121.59,54.6681635282021
121.6,53.241889334183
121.61,51.8210688403114
121.62,50.406877193399
121.63,49.0004845893217
121.64,47.6030553026837
121.65,46.2157467206224
121.66,44.8397083814976
121.67,43.4760810193201
121.68,42.1259956146854
121.69,40.7905724530167
121.7,39.4709201908926
121.71,38.1681349312652
121.72,36.8832993083007
121.73,35.6174815826619
121.74,34.3717347479539
121.75,33.1470956490844
121.76,31.9445841133231
121.77,30.7652020947323
121.78,29.6099328327362
121.79,28.479740025532
121.8,27.3755670190161
121.81,26.2983360119623
121.82,25.2489472780719
121.83,24.2282784056031
121.84,23.237183555203
121.85,22.2764927365846
121.86,21.3470111046658
121.87,20.4495182757766
121.88,19.5847676645152
121.89,18.7534858418352
121.9,17.9563719149078
121.91,17.1940969293044
121.92,16.4673032940025
121.93,15.7766042297423
121.94,15.1225832411905
121.95,14.5057936133791
121.96,13.9267579328782
121.97,13.3859676340981
121.98,12.8838825711525
121.99,12.4209306156382
122,11.9975072807038
122.01,11.6139753717525
122.02,11.2706646640799
122.03,10.9678716077549
122.04,10.7058590600105
122.05,10.4848560453928
122.06,10.3050575439041
122.07,10.166624307332
122.08,10.0696827039528
122.09,10.0143245917677
122.1,10.0006072203987
122.11,10.0285531617611
122.12,10.0981502695941
122.13,10.2093516679136
122.14,10.3620757684259
122.15,10.5562063169124
122.16,10.7915924685795
122.17,11.06804889234
122.18,11.3853559039576
122.19,11.7432596279842
122.2,12.1414721883794
122.21,12.5796719276706
122.22,13.0575036545172
122.23,13.5745789194811
122.24,14.1304763188142
122.25,14.724741826034
122.26,15.3568891510274
122.27,16.0264001264166
122.28,16.732725120908
122.29,17.4752834792599
122.3,18.2534639885789
122.31,19.0666253705408
122.32,19.9140967991713
122.33,20.7951784437763
122.34,21.7091420365751
122.35,22.6552314646029
122.36,23.6326633854159
122.37,24.6406278660723
122.38,25.678289044923
122.39,26.7447858156456
122.4,27.8392325329769
122.41,28.9607197395887
122.42,30.1083149135034
122.43,31.2810632354354
122.44,32.4779883754583
122.45,33.6980932983515
122.46,34.9403610869254
122.47,36.2037557827332
122.48,37.4872232433966
122.49,38.7896920159038
122.5,40.1100742251314
122.51,41.4472664768542
122.52,42.8001507745263
122.53,44.1675954490606
122.54,45.5484561008188
122.55,46.9415765530762
122.56,48.3457898161244
122.57,49.7599190612461
122.58,51.182778603747
122.59,52.6131748941934
122.6,54.0499075170812
122.61,55.4917701960774
122.62,56.9375518049756
122.63,58.3860373835597
122.64,59.8360091574981
122.65,61.2862475614211
122.66,62.7355322643279
122.67,64.1826431964587
122.68,65.6263615767445
122.69,67.0654709400319
122.7,68.4987581631484
122.71,69.9250144889731
122.72,71.3430365476565
122.73,72.7516273741062
122.74,74.1495974208925
122.75,75.5357655657008
122.76,76.9089601124825
122.77,78.2680197854576
122.78,79.6117947151324
122.79,80.9391474154394
122.8,82.2489537512568
122.81,83.5401038953895
122.82,84.8115032742538
122.83,86.0620735014419
122.84,87.290753298329
122.85,88.4964994010049
122.86,89.6782874526832
122.87,90.8351128808429
122.88,91.9659917583621
122.89,93.0699616478905
122.9,94.1460824287003
122.91,95.1934371053509
122.92,96.2111325974329
122.93,97.1983005097014
122.94,98.1540978819531
122.95,99.0777079179705
122.96,99.9683406928942
122.97,100.825233838433
122.98,101.647653205268
122.99,102.434893502099
123,103.18627891076
123.01,103.901163676848
123.02,104.578932675363
123.03,105.219001950837
123.04,105.820819231464
123.05,106.383864416809
123.06,106.907650038596
123.07,107.391721694216
123.08,107.835658452522
123.09,108.239073231554
123.1,108.601613147854
123.11,108.922959837025
123.12,109.202829745258
123.13,109.440974391531
123.14,109.637180600249
123.15,109.791270704076
123.16,109.903102716774
123.17,109.972570475875
123.18,109.999603755014
123.19,109.984168345826
123.2,109.926266109291
123.21,109.825934996452
123.22,109.683249038469
123.23,109.498318305981
123.24,109.271288837784
123.25,109.002342538849
123.26,108.691697047748
123.27,108.339605573565
123.28,107.946356702392
123.29,107.512274173569
123.3,107.037716625803
123.31,106.523077313373
123.32,105.968783792621
123.33,105.375297578974
123.34,104.743113774755
123.35,104.072760668083
123.36,103.36479930316
123.37,102.619823022299
123.38,101.838456980047
123.39,101.021357629784
123.4,100.169212183237
123.41,99.2827380433119
123.42,98.3626822107062
123.43,97.4098206648158
123.44,96.4249577193957
123.45,95.4089253535254
123.46,94.3625825184263
123.47,93.2868144206863
123.48,92.1825317824993
123.49,91.0506700795165
123.5,89.8921887569312
123.51,88.7080704244788
123.52,87.4993200309785
123.53,86.2669640191337
123.54,85.0120494612863
123.55,83.7356431768259
123.56,82.4388308320312
123.57,81.1227160230646
123.58,79.7884193428853
123.59,78.4370774329021
123.6,77.0698420201195
123.61,75.6878789406088
123.62,74.2923671501294
123.63,72.8844977227337
123.64,71.4654728381782
123.65,70.036504759052
123.66,68.5988147984236
123.67,67.1536322789278
123.68,65.7021934841707
123.69,64.2457406033186
123.7,62.7855206698007
123.71,61.3227844950201
123.72,59.8587855979572
123.73,58.3947791316403
123.74,56.9320208073291
123.75,55.4717658173839
123.76,54.0152677577343
123.77,52.5637775508532
123.78,51.1185423701761
123.79,49.6808045669032
123.8,48.2518006000699
123.81,46.8327599708597
123.82,45.4249041620415
123.83,44.0294455834464
123.84,42.6475865244368
123.85,41.2805181142276
123.86,39.929419290985
123.87,38.5954557806066
123.88,37.2797790860438
123.89,35.9835254880666
123.9,34.7078150583558
123.91,33.4537506857319
123.92,32.2224171164231
123.93,31.0148800092119
123.94,29.8321850062375
123.95,28.6753568203238
123.96,27.545398339614
123.97,26.4432897502906
123.98,25.3699876781863
123.99,24.3264243499921
124,23.3135067748566
124.01,22.3321159470776
124.02,21.3831060705958
124.03,20.4673038059673
124.04,19.5855075405294
124.05,18.7384866823552
124.06,17.9269809786735
124.07,17.1516998593482
124.08,16.4133218059958
124.09,15.7124937473494
124.1,15.0498304813709
124.11,14.4259141246596
124.12,13.8412935896715
124.13,13.2964840901964
124.14,12.7919666755737
124.15,12.3281877940671
124.16,11.9055588858008
124.17,11.5244560056442
124.18,11.1852194764006
124.19,10.8881535726192
124.2,10.6335262353441
124.21,10.4215688180757
124.22,10.2524758641859
124.23,10.1264049160215
124.24,10.0434763558821
124.25,10.0037732790478
124.26,10.0073413989935
124.27,10.0541889849037
124.28,10.1442868315743
124.29,10.2775682617576
124.3,10.4539291609786
124.31,10.6732280448279
124.32,10.9352861586963
124.33,11.2398876099085
124.34,11.5867795321532
124.35,11.9756722821208
124.36,12.4062396681936
124.37,12.8781192110202
124.38,13.3909124357902
124.39,13.9441851959778
124.4,14.5374680282999
124.41,15.1702565386232
124.42,15.8420118185006
124.43,16.5521608920142
124.44,17.300097192561
124.45,18.0851810692
124.46,18.9067403221437
124.47,19.7640707669572
124.48,20.6564368270123
124.49,21.5830721536866
124.5,22.5431802738272
124.51,23.535935263899
124.52,24.5604824503035
124.53,25.6159391352502
124.54,26.7013953475806
124.55,27.8159146179258
124.56,28.9585347775442
124.57,30.1282687801392
124.58,31.324105546018
124.59,32.545010827811
124.6,33.7899280970739
124.61,35.0577794510034
124.62,36.3474665384624
124.63,37.6578715045737
124.64,38.9878579530691
124.65,40.3362719255218
124.66,41.7019428966985
124.67,43.0836847851214
124.68,44.4802969779936
124.69,45.8905653696164
124.7,47.313263412397
124.71,48.7471531795089
124.72,50.1909864383732
124.73,51.6435057339243
124.74,53.103445480814
124.75,54.5695330635642
124.76,56.0404899437181
124.77,57.5150327730313
124.78,58.9918745117658
124.79,60.4697255510389
124.8,61.947294838343
124.81,63.4232910051958
124.82,64.8964234959302
124.83,66.3654036966905
124.84,67.8289460635944
124.85,69.2857692490912
124.86,70.7345972255608
124.87,72.1741604050805
124.88,73.6031967544931
124.89,75.0204529047047
124.9,76.4246852532521
124.91,77.8146610592114
124.92,79.1891595294289
124.93,80.5469728951369
124.94,81.886907478012
124.95,83.2077847447055
124.96,84.5084423489289
124.97,85.7877351601745
124.98,87.0445362781204
124.99,88.2777380318658
125,89.4862529630728
125.01,90.6690147921413
125.02,91.8249793665541
125.03,92.9531255905612
125.04,94.0524563353294
125.05,95.1219993287793
125.06,96.1608080242903
125.07,97.1679624474818
125.08,98.1425700203306
125.09,99.0837663618538
125.1,99.990716064641
125.11,100.862613446543
125.12,101.698683276801
125.13,102.498181475986
125.14,103.260395789094
125.15,103.984646431169
125.16,104.670286704877
125.17,105.316703589456
125.18,105.923318300489
125.19,106.489586819981
125.2,107.015000396264
125.21,107.499086013218
125.22,107.941406828426
125.23,108.341562579782
125.24,108.699189960219
125.25,109.013962960162
125.26,109.285593177386
125.27,109.513830093974
125.28,109.698461320101
125.29,109.839312804388
125.3,109.936249010625
125.31,109.989173060655
125.32,109.998026843281
125.33,109.962791089055
125.34,109.883485410844
125.35,109.760168310132
125.36,109.59293714898
125.37,109.381928087678
125.38,109.127315988075
125.39,108.829314282662
125.4,108.488174809491
125.41,108.10418761302
125.42,107.677680711063
125.43,107.209019827986
125.44,106.698608094376
125.45,106.146885713402
125.46,105.554329594139
125.47,104.921452952142
125.48,104.248804877606
125.49,103.536969871439
125.5,102.786567349649
125.51,101.998251116453
125.52,101.172708806523
125.53,100.310661296862
125.54,99.4128620887837
125.55,98.4800966605207
125.56,97.5131817909991
125.57,96.5129648553738
125.58,95.480323092884
125.59,94.4161628476987
125.6,93.3214187833546
125.61,92.197053071484
125.62,91.0440545555239
125.63,89.8634378901248
125.64,88.6562426569802
125.65,87.4235324578783
125.66,86.166393985721
125.67,84.8859360743241
125.68,83.5832887278478
125.69,82.2596021306645
125.7,80.9160456385266
125.71,79.5538067519549
125.72,78.1740900726905
125.73,76.7781162441502
125.74,75.3671208768088
125.75,73.9423534594306
125.76,72.5050762571458
125.77,71.0565631972953
125.78,69.5980987440279
125.79,68.1309767626857
125.8,66.6564993749199
125.81,65.175975805581
125.82,63.6907212223944
125.83,62.202055569439
125.84,60.7113023954754
125.85,59.2197876781636
125.86,57.7288386451705
125.87,56.2397825932974
125.88,54.7539457065865
125.89,53.2726518745245
125.9,51.7972215113645
125.91,50.328970377632
125.92,48.8692084048476
125.93,47.4192385245687
125.94,45.9803555027233
125.95,44.5538447803348
125.96,43.1409813216834
125.97,41.7430284708809
125.98,40.3612368179594
125.99,38.9968430754481
126,37.6510689664438
126.01,36.325120125244
126.02,35.0201850114465
126.03,33.7374338385599
126.04,32.4780175180865
126.05,31.2430666200188
126.06,30.0336903506972
126.07,28.8509755489782
126.08,27.695985701595
126.09,26.5697599786581
126.1,25.4733122901151
126.11,24.4076303640785
126.12,23.3736748478667
126.13,22.3723784325493
126.14,21.4046450018387
126.15,20.4713488060926
126.16,19.5733336622021
126.17,18.7114121800875
126.18,17.8863650165495
126.19,17.0989401571421
126.2,16.349852226745
126.21,15.6397818294993
126.22,14.9693749186869
126.23,14.3392421971921
126.24,13.7499585490716
126.25,13.202062502797
126.26,12.6960557266757
126.27,12.2324025569256
126.28,11.8115295588649
126.29,11.4338251216417
126.3,11.0996390868983
126.31,10.8092824117276
126.32,10.5630268662734
126.33,10.3611047662609
126.34,10.2037087407442
126.35,10.0909915353029
126.36,10.0230658509044
126.37,10.000004218609
126.38,10.0218389102615
126.39,10.0885618852874
126.4,10.2001247736728
126.41,10.3564388951784
126.42,10.5573753148069
126.43,10.8027649345023
126.44,11.0923986210394
126.45,11.4260273700209
126.46,11.8033625058606
126.47,12.2240759176255
126.48,12.6878003305334
126.49,13.1941296129185
126.5,13.7426191184092
126.51,14.3327860630402
126.52,14.9641099370071
126.53,15.6360329507154
126.54,16.3479605147415
126.55,17.0992617533401
126.56,17.8892700510325
126.57,18.7172836318236
126.58,19.5825661705769
126.59,20.4843474359918
126.6,21.4218239646571
126.61,22.3941597656097
126.62,23.4004870547466
126.63,24.4399070185208
126.64,25.5114906062069
126.65,26.6142793500621
126.66,27.7472862126906
126.67,28.9094964608403
126.68,30.0998685648867
126.69,31.3173351232089
126.7,32.5608038106536
126.71,33.8291583502327
126.72,35.1212595072363
126.73,36.435946104828
126.74,37.7720360602877
126.75,39.1283274409321
126.76,40.5035995388058
126.77,41.8966139631781
126.78,43.3061157498748
126.79,44.7308344864657
126.8,46.1694854522791
126.81,47.620770772272
126.82,49.0833805836588
126.83,50.5559942143262
126.84,52.0372813719208
126.85,53.5259033425706
126.86,55.0205141981644
126.87,56.5197620110812
126.88,58.022290075303
126.89,59.5267381328043
126.9,61.0317436040795
126.91,62.5359428217461
126.92,64.0379722660843
126.93,65.5364698013738
126.94,67.030075911939
126.95,68.5174349367817
126.96,69.9971963016364
126.97,71.4680157473936
126.98,72.9285565536994
126.99,74.3774907566807
127,75.8135003596548
127.01,77.2352785357024
127.02,78.6415308210315
127.03,80.0309762980407
127.04,81.4023487669606
127.05,82.7543979050393
127.06,84.0858904121937
127.07,85.3956111420431
127.08,86.6823642173442
127.09,87.9449741287243
127.1,89.1822868157672
127.11,90.3931707294001
127.12,91.5765178746242
127.13,92.7312448326106
127.14,93.8562937612269
127.15,94.9506333730287
127.16,96.0132598898486
127.17,97.0431979730674
127.18,98.0395016286867
127.19,99.0012550863773
127.2,99.9275736516762
127.21,100.817604530503
127.22,101.670527625262
127.23,102.485556301727
127.24,103.26193812603
127.25,103.99895557103
127.26,104.695926691373
127.27,105.352205766639
127.28,105.967183911922
127.29,106.540289655273
127.3,107.070989481449
127.31,107.558788341427
127.32,108.003230127198
127.33,108.403898111378
127.34,108.760415351182
127.35,109.072445056375
127.36,109.339690920836
127.37,109.561897417369
127.38,109.738850055496
127.39,109.870375601925
127.4,109.956342263487
127.41,109.996659832312
127.42,109.991279793101
127.43,109.940195392341
127.44,109.843441669378
127.45,109.701095449271
127.46,109.513275297414
127.47,109.280141435906
127.48,109.001895621746
127.49,108.678780986895
127.5,108.31108184033
127.51,107.899123432242
127.52,107.443271680549
127.53,106.943932859938
127.54,106.401553253694
127.55,105.816618768599
127.56,105.189654513207
127.57,104.521224339874
127.58,103.81193035089
127.59,103.062412369174
127.6,102.273347373965
127.61,101.445448901969
127.62,100.579466414546
127.63,99.6761846314034
127.64,98.7364228314461
127.65,97.7610341213544
127.66,96.7509046725452
127.67,95.7069529271774
127.68,94.6301287739288
127.69,93.5214126942378
127.7,92.3818148797832
127.71,91.2123743220043
127.72,90.0141578744333
127.73,88.7882592887165
127.74,87.5357982251582
127.75,86.2579192386757
127.76,84.9557907411128
127.77,83.6306039407751
127.78,82.2835717602068
127.79,80.915927733155
127.8,79.5289248817277
127.81,78.1238345747216
127.82,76.7019453682408
127.83,75.2645618295482
127.84,73.813003345325
127.85,72.3486029153208
127.86,70.8727059325686
127.87,69.3866689512524
127.88,67.8918584433334
127.89,66.3896495450775
127.9,64.8814247946715
127.91,63.3685728620189
127.92,61.8524872719194
127.93,60.3345651218084
127.94,58.816205795204
127.95,57.2988096720697
127.96,55.783776837289
127.97,54.272505788393
127.98,52.7663921438031
127.99,51.266827352725
128,49.7751974079108
128.01,48.2928815624908
128.02,46.8212510520426
128.03,45.3616678230854
128.04,43.9154832692175
128.05,42.4840369760108
128.06,41.0686554758805
128.07,39.6706510140799
128.08,38.2913203269476
128.09,36.931943433589
128.1,35.5937824420823
128.11,34.2780803713533
128.12,32.9860599898264
128.13,31.7189226719182
128.14,30.4778472734626
128.15,29.263989027145
128.16,28.0784784589535
128.17,26.9224203266884
128.18,25.7968925815418
128.19,24.7029453537135
128.2,23.6415999630232
128.21,22.6138479555059
128.22,21.620650166818
128.23,20.6629358134558
128.24,19.7416016125602
128.25,18.8575109312088
128.26,18.0114929659951
128.27,17.204341953678
128.28,16.436816413665
128.29,15.70963842308
128.3,15.0234929250869
128.31,14.3790270711689
128.32,13.7768495979983
128.33,13.2175302394978
128.34,12.7015991746892
128.35,12.2295465118615
128.36,11.8018218095755
128.37,11.4188336349952
128.38,11.0809491599696
128.39,10.7884937952957
128.4,10.5417508635295
128.41,10.3409613106849
128.42,10.1863234571238
128.43,10.0779927879133
128.44,10.016081782871
128.45,10.0006597865011
128.46,10.0317529179768
128.47,10.1093440212898
128.48,10.233372655651
128.49,10.4037351261882
128.5,10.6202845549526
128.51,10.8828309921988
128.52,11.1911415678788
128.53,11.5449406832444
128.54,11.9439102424115
128.55,12.387689923716
128.56,12.8758774906403
128.57,13.4080291420507
128.58,13.9836599014773
128.59,14.6022440450768
128.6,15.263215567945
128.61,15.9659686883653
128.62,16.7098583895527
128.63,17.4942009984346
128.64,18.3182748009643
128.65,19.1813206933937
128.66,20.0825428689859
128.67,21.0211095395139
128.68,21.9961536909109
128.69,23.006773872419
128.7,24.052035018512
128.71,25.1309693028485
128.72,26.2425770235161
128.73,27.3858275187215
128.74,28.5596601121495
128.75,29.7629850870977
128.76,30.9946846885102
128.77,32.2536141520097
128.78,33.5386027589837
128.79,34.8484549167471
128.8,36.1819512628225
128.81,37.5378497923032
128.82,38.9148870072582
128.83,40.3117790871657
128.84,41.7272230792369
128.85,43.1598981075837
128.86,44.6084666000949
128.87,46.0715755318748
128.88,47.547857684119
128.89,49.0359329172548
128.9,50.534409457134
128.91,52.04188519314
128.92,53.5569489869577
128.93,55.0781819907983
128.94,56.6041589738578
128.95,58.1334496557895
128.96,59.6646200458821
128.97,61.1962337867822
128.98,62.7268535014121
128.99,64.2550421418908
129,65.7793643391717
129.01,67.2983877520915
129.02,68.8106844146201
129.03,70.3148320800228
129.04,71.8094155606443
129.05,73.2930280620779
129.06,74.7642725104619
129.07,76.2217628716251
129.08,77.664125460861
129.09,79.0900002420614
129.1,80.498042114999
129.11,81.8869221895407
129.12,83.2553290455443
129.13,84.6019699772874
129.14,85.9255722212048
129.15,87.2248841657783
129.16,88.4986765424295
129.17,89.7457435962646
129.18,90.9649042355404
129.19,92.1550031587821
129.2,93.3149119584417
129.21,94.4435302000277
129.22,95.5397864757051
129.23,96.6026394313033
129.24,97.6310787657741
129.25,98.6241262021125
129.26,99.5808364287928
129.27,100.500298010831
129.28,101.381634269562
129.29,102.224004130267
129.3,103.026602936857
129.31,103.788663232769
129.32,104.509455507333
129.33,105.188288906872
129.34,105.824511909813
129.35,106.417512965162
129.36,106.966721093687
129.37,107.471606451213
129.38,107.931680853465
129.39,108.346498261921
129.4,108.715655230183
129.41,109.038791310409
129.42,109.315589419384
129.43,109.545776163837
129.44,109.729122124677
129.45,109.865442099825
129.46,109.954595305381
129.47,109.996485534898
129.48,109.991061276569
129.49,109.938315788183
129.5,109.838287129731
129.51,109.691058153608
129.52,109.496756452365
129.53,109.255554264026
129.54,108.967668335027
129.55,108.633359740865
129.56,108.25293366458
129.57,107.826739133256
129.58,107.355168712732
129.59,106.838658160809
129.6,106.277686039193
129.61,105.672773284554
129.62,105.024482739041
129.63,104.333418640673
129.64,103.60022607404
129.65,102.825590381824
129.66,102.010236537637
129.67,101.154928480746
129.68,100.260468413295
129.69,99.32769606063
129.7,98.3574878954156
129.71,97.3507563262591
129.72,96.3084488515374
129.73,95.2315471792488
129.74,94.1210663136692
129.75,92.9780536096463
129.76,91.8035877954221
129.77,90.5987779648741
129.78,89.3647625400852
129.79,88.1027082052615
129.8,86.8138088129098
129.81,85.4992842633489
129.82,84.1603793585766
129.83,82.7983626315563
129.84,81.4145251520297
129.85,80.0101793099512
129.86,78.5866575777005
129.87,77.1453112522411
129.88,75.6875091783709
129.89,74.2146364542919
129.9,72.7280931207318
129.91,71.2292928348076
129.92,69.7196615299157
129.93,68.2006360629103
129.94,66.6736628498472
129.95,65.1401964915629
129.96,63.601698390441
129.97,62.0596353596196
129.98,60.5154782260146
129.99,58.9707004284401
130,57.4267766121982
130.01,55.8851812214617
130.02,54.3473870907808
130.03,52.8148640370853
130.04,51.2890774535084
130.05,49.7714869063869
130.06,48.263544736774
130.07,46.7666946678213
130.08,45.28237041935
130.09,43.8119943309592
130.1,42.3569759949822
130.11,40.9187109006076
130.12,39.4985790905055
130.13,38.0979438312025
130.14,36.718150298527
130.15,35.3605242794065
130.16,34.0263708912427
130.17,32.7169733201123
130.18,31.433591579059
130.19,30.1774612876381
130.2,28.9497924739181
130.21,27.7517684001238
130.22,26.5845444130386
130.23,25.4492468203304
130.24,24.3469717938645
130.25,23.278784301087
130.26,22.245717065567
130.27,21.2487695576636
130.28,20.2889070163602
130.29,19.3670595032096
130.3,18.4841209893403
130.31,17.6409484764087
130.32,16.838361152417
130.33,16.0771395831763
130.34,15.3580249402901
130.35,14.6817182663818
130.36,14.0488797783305
130.37,13.4601282092248
130.38,12.9160401896813
130.39,12.4171496691734
130.4,11.9639473779698
130.41,11.5568803302145
130.42,11.1963513686836
130.43,10.882718751692
130.44,10.6162957825769
130.45,10.39735048216
130.46,10.2261053045474
130.47,10.1027368965672
130.48,10.0273759011324
130.49,10.0001068047442
130.5,10.0209678293317
130.51,10.0899508685708
130.52,10.2070014687812
130.53,10.3720188544657
130.54,10.5848559985027
130.55,10.8453197369681
130.56,11.1531709285183
130.57,11.5081246582141
130.58,11.9098504856408
130.59,12.3579727371118
130.6,12.8520708417263
130.61,13.3916797109916
130.62,13.976290161682
130.63,14.6053493815645
130.64,15.2782614375926
130.65,15.9943878260954
130.66,16.7530480644881
130.67,17.5535203239625
130.68,18.3950421025816
130.69,19.2768109381621
130.7,20.1979851603144
130.71,21.1576846809099
130.72,22.1549918222827
130.73,23.1889521823804
130.74,24.2585755360644
130.75,25.3628367717271
130.76,26.5006768623423
130.77,27.6710038700391
130.78,28.8726939832893
130.79,30.1045925856737
130.8,31.3655153552872
130.81,32.6542493936995
130.82,33.9695543834246
130.83,35.3101637728122
130.84,36.6747859872055
130.85,38.0621056652518
130.86,39.4707849191894
130.87,40.8994646178696
130.88,42.3467656913379
130.89,43.8112904557151
130.9,45.2916239570973
130.91,46.7863353332043
130.92,48.2939791914812
130.93,49.8130970022839
130.94,51.3422185058834
130.95,52.8798631318819
130.96,54.424541429678
130.97,55.9747565086321
130.98,57.5290054865184
130.99,59.0857809448621
131,60.6435723897945
131.01,62.2008677169313
131.02,63.7561546789508
131.03,65.307922354388
131.04,66.8546626162121
131.05,68.3948715988131
131.06,69.9270511619148
131.07,71.4497103500159
131.08,72.961366845945
131.09,74.4605484170604
131.1,75.9457943527564
131.11,77.4156568918154
131.12,78.8687026382048
131.13,80.303513963971
131.14,81.718690397829
131.15,83.1128499980593
131.16,84.4846307084152
131.17,85.8326916956596
131.18,87.1557146674232
131.19,88.4524051690939
131.2,89.7214938584525
131.21,90.961737756764
131.22,92.1719214751335
131.23,93.3508584148647
131.24,94.4973919406438
131.25,95.6103965253958
131.26,96.6887788656336
131.27,97.731478966221
131.28,98.737471193452
131.29,99.70576529537
131.3,100.635407388336
131.31,101.525480908833
131.32,102.375107529531
131.33,103.183448038732
131.34,103.94970318224
131.35,104.673114466857
131.36,105.352964924654
131.37,105.988579837239
131.38,106.579327419282
131.39,107.124619460594
131.4,107.62391192609
131.41,108.076705513004
131.42,108.482546164803
131.43,108.841025541208
131.44,109.151781443875
131.45,109.41449819724
131.46,109.628906984135
131.47,109.794786135803
131.48,109.911961375978
131.49,109.980306018758
131.5,109.999741120038
131.51,109.970235582299
131.52,109.891806212623
131.53,109.764517733826
131.54,109.588482748657
131.55,109.363861657064
131.56,109.090862526545
131.57,108.769740915698
131.58,108.400799651071
131.59,107.98438855751
131.6,107.520904142222
131.61,107.010789232804
131.62,106.454532569589
131.63,105.852668352628
131.64,105.205775743728
131.65,104.514478324008
131.66,103.779443507444
131.67,103.001381910938
131.68,102.181046681521
131.69,101.319232781272
131.7,100.41677623064
131.71,99.4745533108805
131.72,98.4934797263265
131.73,97.4745097273153
131.74,96.4186351945727
131.75,95.326884685924
131.76,94.2003224462468
131.77,93.0400473815963
131.78,91.8471919984765
131.79,90.6229213092865
131.8,89.3684317049685
131.81,88.0849497959396
131.82,86.7737312224506
131.83,85.4360594354556
131.84,84.0732444492384
131.85,82.6866215669314
131.86,81.2775500802017
131.87,79.847411944354
131.88,78.3976104301184
131.89,76.9295687534351
131.9,75.4447286845959
131.91,73.9445491380484
131.92,72.4305047442589
131.93,70.9040844050438
131.94,69.3667898337509
131.95,67.820134081715
131.96,66.2656400524707
131.97,64.7048390051139
131.98,63.1392690483507
131.99,61.5704736266478
132,60.0000000000002
132.01,60
132.02,60
132.03,60
132.04,60
132.05,60
132.06,60
132.07,60
132.08,60
132.09,60
132.1,60
132.11,60
132.12,60
132.13,60
132.14,60
132.15,60
132.16,60
132.17,60
132.18,60
132.19,60
132.2,60
132.21,60
132.22,60
132.23,60
132.24,60
132.25,60
132.26,60
132.27,60
132.28,60
132.29,60
132.3,60
132.31,60
132.32,60
132.33,60
132.34,60
132.35,60
132.36,60
132.37,60
132.38,60
132.39,60
132.4,60
132.41,60
132.42,60
132.43,60
132.44,60
132.45,60
132.46,60
132.47,60
132.48,60
132.49,60
132.5,60
132.51,60
132.52,60
132.53,60
132.54,60
132.55,60
132.56,60
132.57,60
132.58,60
132.59,60
132.6,60
132.61,60
132.62,60
132.63,60
132.64,60
132.65,60
132.66,60
132.67,60
132.68,60
132.69,60
132.7,60
132.71,60
132.72,60
132.73,60
132.74,60
132.75,60
132.76,60
132.77,60
132.78,60
132.79,60
132.8,60
132.81,60
132.82,60
132.83,60
132.84,60
132.85,60
132.86,60
132.87,60
132.88,60
132.89,60
132.9,60
132.91,60
132.92,60
132.93,60
132.94,60
132.95,60
132.96,60
132.97,60
132.98,60
132.99,60
133,60
133.01,60
133.02,60
133.03,60
133.04,60
133.05,60
133.06,60
133.07,60
133.08,60
133.09,60
133.1,60
133.11,60
133.12,60
133.13,60
133.14,60
133.15,60
133.16,60
133.17,60
133.18,60
133.19,60
133.2,60
133.21,60
133.22,60
133.23,60
133.24,60
133.25,60
133.26,60
133.27,60
133.28,60
133.29,60
133.3,60
133.31,60
133.32,60
133.33,60
133.34,60
133.35,60
133.36,60
133.37,60
133.38,60
133.39,60
133.4,60
133.41,60
133.42,60
133.43,60
133.44,60
133.45,60
133.46,60
133.47,60
133.48,60
133.49,60
133.5,60
133.51,60
133.52,60
133.53,60
133.54,60
133.55,60
133.56,60
133.57,60
133.58,60
133.59,60
133.6,60
133.61,60
133.62,60
133.63,60
133.64,60
133.65,60
133.66,60
133.67,60
133.68,60
133.69,60
133.7,60
133.71,60
133.72,60
133.73,60
133.74,60
133.75,60
133.76,60
133.77,60
133.78,60
133.79,60
133.8,60
133.81,60
133.82,60
133.83,60
133.84,60
133.85,60
133.86,60
133.87,60
133.88,60
133.89,60
133.9,60
133.91,60
133.92,60
133.93,60
133.94,60
133.95,60
133.96,60
133.97,60
133.98,60
133.99,60
134,60
134.01,60
134.02,60
134.03,60
134.04,60
134.05,60
134.06,60
134.07,60
134.08,60
134.09,60
134.1,60
134.11,60
134.12,60
134.13,60
134.14,60
134.15,60
134.16,60
134.17,60
134.18,60
134.19,60
134.2,60
134.21,60
134.22,60
134.23,60
134.24,60
134.25,60
134.26,60
134.27,60
134.28,60
134.29,60
134.3,60
134.31,60
134.32,60
134.33,60
134.34,60
134.35,60
134.36,60
134.37,60
134.38,60
134.39,60
134.4,60
134.41,60
134.42,60
134.43,60
134.44,60
134.45,60
134.46,60
134.47,60
134.48,60
134.49,60
134.5,60
134.51,60
134.52,60
134.53,60
134.54,60
134.55,60
134.56,60
134.57,60
134.58,60
134.59,60
134.6,60
134.61,60
134.62,60
134.63,60
134.64,60
134.65,60
134.66,60
134.67,60
134.68,60
134.69,60
134.7,60
134.71,60
134.72,60
134.73,60
134.74,60
134.75,60
134.76,60
134.77,60
134.78,60
134.79,60
134.8,60
134.81,60
134.82,60
134.83,60
134.84,60
134.85,60
134.86,60
134.87,60
134.88,60
134.89,60
134.9,60
134.91,60
134.92,60
134.93,60
134.94,60
134.95,60
134.96,60
134.97,60
134.98,60
134.99,60
135,60
135.01,60
135.02,60
135.03,60
135.04,60
135.05,60
135.06,60
135.07,60
135.08,60
135.09,60
135.1,60
135.11,60
135.12,60
135.13,60
135.14,60
135.15,60
135.16,60
135.17,60
135.18,60
135.19,60
135.2,60
135.21,60
135.22,60
135.23,60
135.24,60
135.25,60
135.26,60
135.27,60
135.28,60
135.29,60
135.3,60
135.31,60
135.32,60
135.33,60
135.34,60
135.35,60
135.36,60
135.37,60
135.38,60
135.39,60
135.4,60
135.41,60
135.42,60
135.43,60
135.44,60
135.45,60
135.46,60
135.47,60
135.48,60
135.49,60
135.5,60
135.51,60
135.52,60
135.53,60
135.54,60
135.55,60
135.56,60
135.57,60
135.58,60
135.59,60
135.6,60
135.61,60
135.62,60
135.63,60
135.64,60
135.65,60
135.66,60
135.67,60
135.68,60
135.69,60
135.7,60
135.71,60
135.72,60
135.73,60
135.74,60
135.75,60
135.76,60
135.77,60
135.78,60
135.79,60
135.8,60
135.81,60
135.82,60
135.83,60
135.84,60
135.85,60
135.86,60
135.87,60
135.88,60
135.89,60
135.9,60
135.91,60
135.92,60
135.93,60
135.94,60
135.95,60
135.96,60
135.97,60
135.98,60
135.99,60
136,60
136.01,60
136.02,60
136.03,60
136.04,60
136.05,60
136.06,60
136.07,60
136.08,60
136.09,60
136.1,60
136.11,60
136.12,60
136.13,60
136.14,60
136.15,60
136.16,60
136.17,60
136.18,60
136.19,60
136.2,60
136.21,60
136.22,60
136.23,60
136.24,60
136.25,60
136.26,60
136.27,60
136.28,60
136.29,60
136.3,60
136.31,60
136.32,60
136.33,60
136.34,60
136.35,60
136.36,60
136.37,60
136.38,60
136.39,60
136.4,60
136.41,60
136.42,60
136.43,60
136.44,60
136.45,60
136.46,60
136.47,60
136.48,60
136.49,60
136.5,60
136.51,60
136.52,60
136.53,60
136.54,60
136.55,60
136.56,60
136.57,60
136.58,60
136.59,60
136.6,60
136.61,60
136.62,60
136.63,60
136.64,60
136.65,60
136.66,60
136.67,60
136.68,60
136.69,60
136.7,60
136.71,60
136.72,60
136.73,60
136.74,60
136.75,60
136.76,60
136.77,60
136.78,60
136.79,60
136.8,60
136.81,60
136.82,60
136.83,60
136.84,60
136.85,60
136.86,60
136.87,60
136.88,60
136.89,60
136.9,60
136.91,60
136.92,60
136.93,60
136.94,60
136.95,60
136.96,60
136.97,60
136.98,60
136.99,60
137,60
137.01,60
137.02,60
137.03,60
137.04,60
137.05,60
137.06,60
137.07,60
137.08,60
137.09,60
137.1,60
137.11,60
137.12,60
137.13,60
137.14,60
137.15,60
137.16,60
137.17,60
137.18,60
137.19,60
137.2,60
137.21,60
137.22,60
137.23,60
137.24,60
137.25,60
137.26,60
137.27,60
137.28,60
137.29,60
137.3,60
137.31,60
137.32,60
137.33,60
137.34,60
137.35,60
137.36,60
137.37,60
137.38,60
137.39,60
137.4,60
137.41,60
137.42,60
137.43,60
137.44,60
137.45,60
137.46,60
137.47,60
137.48,60
137.49,60
137.5,60
137.51,60
137.52,60
137.53,60
137.54,60
137.55,60
137.56,60
137.57,60
137.58,60
137.59,60
137.6,60
137.61,60
137.62,60
137.63,60
137.64,60
137.65,60
137.66,60
137.67,60
137.68,60
137.69,60
137.7,60
137.71,60
137.72,60
137.73,60
137.74,60
137.75,60
137.76,60
137.77,60
137.78,60
137.79,60
137.8,60
137.81,60
137.82,60
137.83,60
137.84,60
137.85,60
137.86,60
137.87,60
137.88,60
137.89,60
137.9,60
137.91,60
137.92,60
137.93,60
137.94,60
137.95,60
137.96,60
137.97,60
137.98,60
137.99,60
138,60
138.01,0
138.02,0
138.03,0
138.04,0
138.05,0
138.06,0
138.07,0
138.08,0
138.09,0
138.1,0
138.11,0
138.12,0
138.13,0
138.14,0
138.15,0
138.16,0
138.17,0
138.18,0
138.19,0
138.2,0
138.21,0
138.22,0
138.23,0
138.24,0
138.25,0
138.26,0
138.27,0
138.28,0
138.29,0
138.3,0
138.31,0
138.32,0
138.33,0
138.34,0
138.35,0
138.36,0
138.37,0
138.38,0
138.39,0
138.4,0
138.41,0
138.42,0
138.43,0
138.44,0
138.45,0
138.46,0
138.47,0
138.48,0
138.49,0
138.5,0
138.51,0
138.52,0
138.53,0
138.54,0
138.55,0
138.56,0
138.57,0
138.58,0
138.59,0
138.6,0
138.61,0
138.62,0
138.63,0
138.64,0
138.65,0
138.66,0
138.67,0
138.68,0
138.69,0
138.7,0
138.71,0
138.72,0
138.73,0
138.74,0
138.75,0
138.76,0
138.77,0
138.78,0
138.79,0
138.8,0
138.81,0
138.82,0
138.83,0
138.84,0
138.85,0
138.86,0
138.87,0
138.88,0
138.89,0
138.9,0
138.91,0
138.92,0
138.93,0
138.94,0
138.95,0
138.96,0
138.97,0
138.98,0
138.99,0
139,0
139.01,0
139.02,0
139.03,0
139.04,0
139.05,0
139.06,0
139.07,0
139.08,0
139.09,0
139.1,0
139.11,0
139.12,0
139.13,0
139.14,0
139.15,0
139.16,0
139.17,0
139.18,0
139.19,0
139.2,0
139.21,0
139.22,0
139.23,0
139.24,0
139.25,0
139.26,0
139.27,0
139.28,0
139.29,0
139.3,0
139.31,0
139.32,0
139.33,0
139.34,0
139.35,0
139.36,0
139.37,0
139.38,0
139.39,0
139.4,0
139.41,0
139.42,0
139.43,0
139.44,0
139.45,0
139.46,0
139.47,0
139.48,0
139.49,0
139.5,0
139.51,0
139.52,0
139.53,0
139.54,0
139.55,0
139.56,0
139.57,0
139.58,0
139.59,0
139.6,0
139.61,0
139.62,0
139.63,0
139.64,0
139.65,0
139.66,0
139.67,0
139.68,0
139.69,0
139.7,0
139.71,0
139.72,0
139.73,0
139.74,0
139.75,0
139.76,0
139.77,0
139.78,0
139.79,0
139.8,0
139.81,0
139.82,0
139.83,0
139.84,0
139.85,0
139.86,0
139.87,0
139.88,0
139.89,0
139.9,0
139.91,0
139.92,0
139.93,0
139.94,0
139.95,0
139.96,0
139.97,0
139.98,0
139.99,0
140,0
140.01,0
140.02,0
140.03,0
140.04,0
140.05,0
140.06,0
140.07,0
140.08,0
140.09,0
140.1,0
140.11,0
140.12,0
140.13,0
140.14,0
140.15,0
140.16,0
140.17,0
140.18,0
140.19,0
140.2,0
140.21,0
140.22,0
140.23,0
140.24,0
140.25,0
140.26,0
140.27,0
140.28,0
140.29,0
140.3,0
140.31,0
140.32,0
140.33,0
140.34,0
140.35,0
140.36,0
140.37,0
140.38,0
140.39,0
140.4,0
140.41,0
140.42,0
140.43,0
140.44,0
140.45,0
140.46,0
140.47,0
140.48,0
140.49,0
140.5,0
140.51,0
140.52,0
140.53,0
140.54,0
140.55,0
140.56,0
140.57,0
140.58,0
140.59,0
140.6,0
140.61,0
140.62,0
140.63,0
140.64,0
140.65,0
140.66,0
140.67,0
140.68,0
140.69,0
140.7,0
140.71,0
140.72,0
140.73,0
140.74,0
140.75,0
140.76,0
140.77,0
140.78,0
140.79,0
140.8,0
140.81,0
140.82,0
140.83,0
140.84,0
140.85,0
140.86,0
140.87,0
140.88,0
140.89,0
140.9,0
140.91,0
140.92,0
140.93,0
140.94,0
140.95,0
140.96,0
140.97,0
140.98,0
140.99,0
141,0
141.01,0
141.02,0
141.03,0
141.04,0
141.05,0
141.06,0
141.07,0
141.08,0
141.09,0
141.1,0
141.11,0
141.12,0
141.13,0
141.14,0
141.15,0
141.16,0
141.17,0
141.18,0
141.19,0
141.2,0
141.21,0
141.22,0
141.23,0
141.24,0
141.25,0
141.26,0
141.27,0
141.28,0
141.29,0
141.3,0
141.31,0
141.32,0
141.33,0
141.34,0
141.35,0
141.36,0
141.37,0
141.38,0
141.39,0
141.4,0
141.41,0
141.42,0
141.43,0
141.44,0
141.45,0
141.46,0
141.47,0
141.48,0
141.49,0
141.5,0
141.51,0
141.52,0
141.53,0
141.54,0
141.55,0
141.56,0
141.57,0
141.58,0
141.59,0
141.6,0
141.61,0
141.62,0
141.63,0
141.64,0
141.65,0
141.66,0
141.67,0
141.68,0
141.69,0
141.7,0
141.71,0
141.72,0
141.73,0
141.74,0
141.75,0
141.76,0
141.77,0
141.78,0
141.79,0
141.8,0
141.81,0
141.82,0
141.83,0
141.84,0
141.85,0
141.86,0
141.87,0
141.88,0
141.89,0
141.9,0
141.91,0
141.92,0
141.93,0
141.94,0
141.95,0
141.96,0
141.97,0
141.98,0
141.99,0
142,0
142.01,0
142.02,0
142.03,0
142.04,0
142.05,0
142.06,0
142.07,0
142.08,0
142.09,0
142.1,0
142.11,0
142.12,0
142.13,0
142.14,0
142.15,0
142.16,0
142.17,0
142.18,0
142.19,0
142.2,0
142.21,0
142.22,0
142.23,0
142.24,0
142.25,0
142.26,0
142.27,0
142.28,0
142.29,0
142.3,0
142.31,0
142.32,0
142.33,0
142.34,0
142.35,0
142.36,0
142.37,0
142.38,0
142.39,0
142.4,0
142.41,0
142.42,0
142.43,0
142.44,0
142.45,0
142.46,0
142.47,0
142.48,0
142.49,0
142.5,0
142.51,0
142.52,0
142.53,0
142.54,0
142.55,0
142.56,0
142.57,0
142.58,0
142.59,0
142.6,0
142.61,0
142.62,0
142.63,0
142.64,0
142.65,0
142.66,0
142.67,0
142.68,0
142.69,0
142.7,0
142.71,0
142.72,0
142.73,0
142.74,0
142.75,0
142.76,0
142.77,0
142.78,0
142.79,0
142.8,0
142.81,0
142.82,0
142.83,0
142.84,0
142.85,0
142.86,0
142.87,0
142.88,0
142.89,0
142.9,0
142.91,0
142.92,0
142.93,0
142.94,0
142.95,0
142.96,0
142.97,0
142.98,0
142.99,0
143,0
143.01,0
143.02,0
143.03,0
143.04,0
143.05,0
143.06,0
143.07,0
143.08,0
143.09,0
143.1,0
143.11,0
143.12,0
143.13,0
143.14,0
143.15,0
143.16,0
143.17,0
143.18,0
143.19,0
143.2,0
143.21,0
143.22,0
143.23,0
143.24,0
143.25,0
143.26,0
143.27,0
143.28,0
143.29,0
143.3,0
143.31,0
143.32,0
143.33,0
143.34,0
143.35,0
143.36,0
143.37,0
143.38,0
143.39,0
143.4,0
143.41,0
143.42,0
143.43,0
143.44,0
143.45,0
143.46,0
143.47,0
143.48,0
143.49,0
143.5,0
143.51,0
143.52,0
143.53,0
143.54,0
143.55,0
143.56,0
143.57,0
143.58,0
143.59,0
143.6,0
143.61,0
143.62,0
143.63,0
143.64,0
143.65,0
143.66,0
143.67,0
143.68,0
143.69,0
143.7,0
143.71,0
143.72,0
143.73,0
143.74,0
143.75,0
143.76,0
143.77,0
143.78,0
143.79,0
143.8,0
143.81,0
143.82,0
143.83,0
143.84,0
143.85,0
143.86,0
143.87,0
143.88,0
143.89,0
143.9,0
143.91,0
143.92,0
143.93,0
143.94,0
143.95,0
143.96,0
143.97,0
143.98,0
143.99,0
144,0
