tempo_ms,angulo_deg,u_pct,referencia
10,-0.67,13.86,0.00
20,-0.64,-0.26,0.00
30,-0.59,-0.58,0.00
40,-0.56,-0.34,0.00
50,-0.54,-0.17,0.00
60,-0.53,0.25,0.00
70,-0.48,-0.64,0.00
80,-0.44,-0.57,0.00
90,-0.40,-0.54,0.00
100,-0.38,-0.09,0.00
110,-0.37,-0.09,0.00
120,-0.36,0.02,0.00
130,-0.32,-0.59,0.00
140,-0.27,-0.70,0.00
150,-0.26,-0.04,0.00
160,-0.26,0.13,0.00
170,-0.25,0.06,0.00
180,-0.22,-0.47,0.00
190,-0.17,-0.85,0.00
200,-0.15,-0.17,0.00
210,-0.15,0.09,0.00
220,-0.15,0.15,0.00
230,-0.13,-0.28,0.00
240,-0.14,0.36,0.00
250,-0.12,-0.30,0.00
260,-0.09,-0.56,0.00
270,-0.03,-1.08,0.00
280,0.01,-0.74,0.00
290,0.05,-0.69,0.00
300,0.02,0.50,0.00
310,0.02,0.23,0.00
320,0.04,-0.54,0.00
330,0.11,-1.25,0.00
340,0.13,-0.42,0.00
350,0.12,0.07,0.00
360,0.11,0.16,0.00
370,0.12,-0.23,0.00
380,0.17,-1.03,0.00
390,0.21,-0.83,0.00
400,0.19,0.33,0.00
410,0.18,0.24,0.00
420,0.19,-0.24,0.00
430,0.22,-0.84,0.00
440,0.25,-0.56,0.00
450,0.24,0.04,0.00
460,0.22,0.35,0.00
470,0.24,-0.60,0.00
480,0.26,-0.50,0.00
490,0.30,-0.94,0.00
500,0.31,-0.27,0.00
510,0.30,0.05,0.00
520,0.30,-0.10,0.00
530,0.33,-0.80,0.00
540,0.36,-0.71,0.00
550,0.35,-0.16,0.00
560,0.35,-0.17,0.00
570,0.35,-0.03,0.00
580,0.36,-0.52,0.00
590,0.39,-0.72,0.00
600,0.41,-0.59,0.00
610,0.42,-0.55,0.00
620,0.41,0.07,0.00
630,0.40,-0.11,0.00
640,0.43,-0.79,0.00
650,0.46,-0.85,0.00
660,0.48,-0.73,0.00
670,0.46,0.05,0.00
680,0.45,-0.05,0.00
690,0.44,-0.05,0.00
700,0.48,-0.98,0.00
710,0.50,-0.78,0.00
720,0.50,-0.29,0.00
730,0.47,0.19,0.00
740,0.47,-0.21,0.00
750,0.50,-1.01,0.00
760,0.55,-1.39,0.00
770,0.55,-0.35,0.00
780,0.54,-0.01,0.00
790,0.52,-0.08,0.00
800,0.54,-0.79,0.00
810,0.57,-0.94,0.00
820,0.58,-0.52,0.00
830,0.54,0.38,0.00
840,0.53,-0.22,0.00
850,0.54,-0.59,0.00
860,0.58,-1.12,0.00
870,0.58,-0.54,0.00
880,0.56,0.09,0.00
890,0.55,-0.17,0.00
900,0.60,-1.40,0.00
910,0.63,-1.08,0.00
920,0.63,-0.48,0.00
930,0.61,-0.06,0.00
940,0.61,-0.38,0.00
950,0.64,-1.23,0.00
960,0.67,-1.10,0.00
970,0.66,-0.28,0.00
980,0.63,0.17,0.00
990,0.63,-0.46,0.00
1000,0.66,-1.09,0.00
1010,0.67,-0.77,0.00
1020,0.67,-0.53,0.00
1030,0.63,0.24,0.00
1040,0.63,-0.49,0.00
1050,0.66,-1.09,0.00
1060,0.68,-0.99,0.00
1070,0.66,-0.05,0.00
1080,0.63,-0.11,0.00
1090,0.64,-0.68,0.00
1100,0.67,-1.16,0.00
1110,0.68,-0.81,0.00
1120,0.67,-0.33,0.00
1130,0.65,-0.06,0.00
1140,0.65,-0.71,0.00
1150,0.67,-1.00,0.00
1160,0.69,-0.98,0.00
1170,0.68,-0.34,0.00
1180,0.66,-0.18,0.00
1190,0.65,-0.45,0.00
1200,0.68,-1.15,0.00
1210,0.68,-0.62,0.00
1220,0.65,-0.13,0.00
1230,0.65,-0.56,0.00
1240,0.66,-0.88,0.00
1250,0.67,-0.77,0.00
1260,0.66,-0.45,0.00
1270,0.66,-0.49,0.00
1280,0.67,-1.02,0.00
1290,0.70,-1.09,0.00
1300,0.70,-0.70,0.00
1310,0.68,-0.24,0.00
1320,0.68,-0.78,0.00
1330,0.74,-1.78,0.00
1340,0.74,-0.90,0.00
1350,0.72,-0.28,0.00
1360,0.71,-0.41,0.00
1370,0.73,-1.16,0.00
1380,0.75,-1.03,0.00
1390,0.74,-0.65,0.00
1400,0.72,-0.31,0.00
1410,0.72,-0.78,0.00
1420,0.73,-0.85,0.00
1430,0.73,-0.79,0.00
1440,0.72,-0.56,0.00
1450,0.73,-0.97,0.00
1460,0.73,-0.80,0.00
1470,0.72,-0.53,0.00
1480,0.74,-1.09,0.00
1490,0.76,-1.22,0.00
1500,0.77,-1.08,0.00
1510,0.77,-0.84,0.00
1520,0.74,-0.19,0.00
1530,0.72,-0.40,0.00
1540,0.75,-1.33,0.00
1550,0.78,-1.40,0.00
1560,0.76,-0.53,0.00
1570,0.74,-0.44,0.00
1580,0.77,-1.34,0.00
1590,0.81,-1.65,0.00
1600,0.80,-0.69,0.00
1610,0.78,-0.59,0.00
1620,0.81,-1.34,0.00
1630,0.84,-1.57,0.00
1640,0.84,-1.03,0.00
1650,0.81,-0.15,0.00
1660,0.80,-0.84,0.00
1670,0.82,-1.23,0.00
1680,0.83,-1.25,0.00
1690,0.80,-0.22,0.00
1700,0.78,-0.46,0.00
1710,0.77,-0.72,0.00
1720,0.78,-1.25,0.00
1730,0.78,-0.92,0.00
1740,0.77,-0.61,0.00
1750,0.74,-0.48,0.00
1760,0.74,-0.92,0.00
1770,0.76,-1.32,0.00
1780,0.76,-0.97,0.00
1790,0.74,-0.42,0.00
1800,0.74,-1.08,0.00
1810,0.77,-1.44,0.00
1820,0.75,-0.66,0.00
1830,0.74,-0.68,0.00
1840,0.74,-1.08,0.00
1850,0.77,-1.46,0.00
1860,0.77,-1.13,0.00
1870,0.76,-0.74,0.00
1880,0.74,-0.63,0.00
1890,0.76,-1.35,0.00
1900,0.80,-1.73,0.00
1910,0.81,-1.21,0.00
1920,0.77,-0.35,0.00
1930,0.77,-1.01,0.00
1940,0.80,-1.59,0.00
1950,0.83,-1.68,0.00
1960,0.80,-0.55,0.00
1970,0.79,-0.71,0.00
1980,0.79,-1.19,0.00
1990,0.82,-1.55,0.00
2000,0.81,-0.98,0.00
2010,0.77,-0.30,0.00
2020,0.77,-1.11,0.00
2030,0.80,-1.55,0.00
2040,0.80,-1.19,0.00
2050,0.76,-0.32,0.00
2060,0.76,-1.13,0.00
2070,0.79,-1.69,0.00
2080,0.82,-1.77,0.00
2090,0.82,-1.11,0.00
2100,0.81,-0.99,0.00
2110,0.81,-0.97,0.00
2120,0.84,-1.95,0.00
2130,0.87,-1.76,0.00
2140,0.86,-0.94,0.00
2150,0.84,-0.86,0.00
2160,0.85,-1.28,0.00
2170,0.87,-1.72,0.00
2180,0.87,-1.20,0.00
2190,0.87,-1.11,0.00
2200,0.85,-0.93,0.00
2210,0.87,-1.56,0.00
2220,0.87,-1.38,0.00
2230,0.88,-1.29,0.00
2240,0.87,-1.09,0.00
2250,0.88,-1.45,0.00
2260,0.89,-1.51,0.00
2270,0.89,-1.30,0.00
2280,0.86,-0.76,0.00
2290,0.87,-1.40,0.00
2300,0.88,-1.39,0.00
2310,0.90,-1.77,0.00
2320,0.87,-0.74,0.00
2330,0.83,-0.55,0.00
2340,0.84,-1.53,0.00
2350,0.88,-2.09,0.00
2360,0.88,-1.35,0.00
2370,0.85,-0.65,0.00
2380,0.86,-1.50,0.00
2390,0.88,-1.82,0.00
2400,0.91,-1.92,0.00
2410,0.90,-1.14,0.00
2420,0.89,-1.23,0.00
2430,0.89,-1.26,0.00
2440,0.91,-1.82,0.00
2450,0.90,-1.28,0.00
2460,0.89,-1.11,0.00
2470,0.86,-0.85,0.00
2480,0.87,-1.61,0.00
2490,0.86,-1.26,0.00
2500,0.87,-1.47,0.00
2510,0.84,-0.94,0.00
2520,0.84,-1.21,0.00
2530,0.86,-1.88,0.00
2540,0.87,-1.69,0.00
2550,0.86,-1.13,0.00
2560,0.85,-1.29,0.00
2570,0.86,-1.71,0.00
2580,0.90,-2.13,0.00
2590,0.90,-1.54,0.00
2600,0.87,-0.95,0.00
2610,0.85,-1.05,0.00
2620,0.88,-2.08,0.00
2630,0.86,-1.08,0.00
2640,0.85,-1.26,0.00
2650,0.88,-1.99,0.00
2660,0.89,-1.74,0.00
2670,0.88,-1.42,0.00
2680,0.87,-1.15,0.00
2690,0.85,-1.11,0.00
2700,0.85,-1.66,0.00
2710,0.86,-1.68,0.00
2720,0.85,-1.29,0.00
2730,0.83,-1.19,0.00
2740,0.83,-1.48,0.00
2750,0.83,-1.58,0.00
2760,0.84,-1.70,0.00
2770,0.84,-1.46,0.00
2780,0.83,-1.43,0.00
2790,0.83,-1.58,0.00
2800,0.86,-2.15,0.00
2810,0.86,-1.46,0.00
2820,0.84,-1.15,0.00
2830,0.83,-1.42,0.00
2840,0.87,-2.38,0.00
2850,0.89,-1.99,0.00
2860,0.85,-0.96,0.00
2870,0.84,-1.25,0.00
2880,0.84,-1.79,0.00
2890,0.87,-2.04,0.00
2900,0.87,-1.81,0.00
2910,0.85,-1.19,0.00
2920,0.82,-0.89,0.00
2930,0.84,-2.13,0.00
2940,0.86,-2.02,0.00
2950,0.85,-1.58,0.00
2960,0.81,-0.77,0.00
2970,0.80,-1.44,0.00
2980,0.81,-1.71,0.00
2990,0.82,-2.00,0.00
3000,0.80,-1.17,0.00
3010,0.78,-1.37,0.00
3020,0.78,-1.63,0.00
3030,0.81,-2.24,0.00
3040,0.82,-1.85,0.00
3050,0.80,-1.32,0.00
3060,0.79,-1.50,0.00
3070,0.82,-2.18,0.00
3080,0.83,-2.02,0.00
3090,0.83,-1.72,0.00
3100,0.80,-1.02,0.00
3110,0.80,-1.74,0.00
3120,0.83,-2.26,0.00
3130,0.83,-1.79,0.00
3140,0.79,-1.02,0.00
3150,0.78,-1.48,0.00
3160,0.79,-1.96,0.00
3170,0.80,-1.80,0.00
3180,0.80,-1.85,0.00
3190,0.77,-1.13,0.00
3200,0.76,-1.45,0.00
3210,0.78,-2.09,0.00
3220,0.80,-2.34,0.00
3230,0.80,-1.66,0.00
3240,0.78,-1.40,0.00
3250,0.78,-1.72,0.00
3260,0.80,-2.29,0.00
3270,0.82,-2.18,0.00
3280,0.82,-1.75,0.00
3290,0.79,-1.21,0.00
3300,0.78,-1.70,0.00
3310,0.79,-2.01,0.00
3320,0.82,-2.35,0.00
3330,0.81,-1.56,0.00
3340,0.77,-1.06,0.00
3350,0.74,-1.14,0.00
3360,0.77,-2.47,0.00
3370,0.80,-2.44,0.00
3380,0.78,-1.52,0.00
3390,0.74,-0.95,0.00
3400,0.73,-1.71,0.00
3410,0.77,-2.57,0.00
3420,0.80,-2.51,0.00
3430,0.78,-1.49,0.00
3440,0.75,-1.27,0.00
3450,0.75,-1.90,0.00
3460,0.81,-3.00,0.00
3470,0.81,-1.83,0.00
3480,0.79,-1.55,0.00
3490,0.77,-1.45,0.00
3500,0.75,-1.47,0.00
3510,0.74,-1.71,0.00
3520,0.73,-1.79,0.00
3530,0.73,-1.84,0.00
3540,0.74,-2.04,0.00
3550,0.74,-1.83,0.00
3560,0.73,-1.71,0.00
3570,0.73,-2.05,0.00
3580,0.71,-1.45,0.00
3590,0.70,-1.60,0.00
3600,0.67,-1.47,0.00
3610,0.66,-1.53,0.00
3620,0.64,-1.63,0.00
3630,0.66,-2.29,0.00
3640,0.67,-2.05,0.00
3650,0.69,-2.22,0.00
3660,0.71,-2.40,0.00
3670,0.71,-1.85,0.00
3680,0.69,-1.68,0.00
3690,0.67,-1.56,0.00
3700,0.66,-1.66,0.00
3710,0.67,-2.09,0.00
3720,0.67,-2.00,0.00
3730,0.70,-2.52,0.00
3740,0.73,-2.47,0.00
3750,0.73,-2.06,0.00
3760,0.71,-1.64,0.00
3770,0.70,-1.75,0.00
3780,0.68,-1.59,0.00
3790,0.70,-2.34,0.00
3800,0.72,-2.36,0.00
3810,0.74,-2.54,0.00
3820,0.75,-2.15,0.00
3830,0.75,-2.16,0.00
3840,0.76,-2.23,0.00
3850,0.78,-2.51,0.00
3860,0.79,-2.12,0.00
3870,0.77,-1.77,0.00
3880,0.75,-1.57,0.00
3890,0.72,-1.59,0.00
3900,0.74,-2.46,0.00
3910,0.75,-2.23,0.00
3920,0.76,-2.25,0.00
3930,0.78,-2.44,0.00
3940,0.76,-1.77,0.00
3950,0.75,-1.99,0.00
3960,0.73,-1.63,0.00
3970,0.72,-1.82,0.00
3980,0.72,-2.12,0.00
3990,0.72,-2.15,0.00
4000,0.76,-2.95,0.00
4010,0.79,-2.60,0.00
4020,0.78,-2.08,0.00
4030,0.77,-1.93,0.00
4040,0.75,-1.64,0.00
4050,0.73,-1.81,0.00
4060,0.73,-2.19,0.00
4070,0.71,-1.60,0.00
4080,0.68,-1.69,0.00
4090,0.67,-1.84,0.00
4100,0.68,-2.41,0.00
4110,0.71,-2.59,0.00
4120,0.75,-3.05,0.00
4130,0.76,-2.34,0.00
4140,0.74,-1.93,0.00
4150,0.76,-2.52,0.00
4160,0.79,-2.85,0.00
4170,0.80,-2.48,0.00
4180,0.82,-2.53,0.00
4190,0.80,-1.84,0.00
4200,0.78,-1.93,0.00
4210,0.77,-1.99,0.00
4220,0.78,-2.37,0.00
4230,0.81,-2.86,0.00
4240,0.83,-2.75,0.00
4250,0.84,-2.54,0.00
4260,0.86,-2.78,0.00
4270,0.87,-2.52,0.00
4280,0.89,-2.64,0.00
4290,0.90,-2.54,0.00
4300,0.90,-2.47,0.00
4310,0.87,-1.81,0.00
4320,0.85,-1.85,0.00
4330,0.85,-2.42,0.00
4340,0.83,-1.88,0.00
4350,0.82,-2.22,0.00
4360,0.80,-1.82,0.00
4370,0.80,-2.36,0.00
4380,0.80,-2.50,0.00
4390,0.81,-2.49,0.00
4400,0.83,-2.74,0.00
4410,0.86,-3.07,0.00
4420,0.88,-2.75,0.00
4430,0.89,-2.60,0.00
4440,0.88,-2.30,0.00
4450,0.86,-2.08,0.00
4460,0.86,-2.39,0.00
4470,0.86,-2.37,0.00
4480,0.83,-1.84,0.00
4490,0.82,-2.19,0.00
4500,0.80,-2.01,0.00
4510,0.77,-1.83,0.00
4520,0.75,-2.03,0.00
4530,0.77,-2.74,0.00
4540,0.79,-2.82,0.00
4550,0.80,-2.84,0.00
4560,0.82,-2.82,0.00
4570,0.82,-2.31,0.00
4580,0.82,-2.52,0.00
4590,0.82,-2.61,0.00
4600,0.84,-2.84,0.00
4610,0.84,-2.52,0.00
4620,0.83,-2.32,0.00
4630,0.81,-2.06,0.00
4640,0.80,-2.28,0.00
4650,0.80,-2.41,0.00
4660,0.80,-2.56,0.00
4670,0.82,-2.98,0.00
4680,0.84,-2.95,0.00
4690,0.85,-2.66,0.00
4700,0.88,-3.27,0.00
4710,0.88,-2.49,0.00
4720,0.86,-2.13,0.00
4730,0.86,-2.56,0.00
4740,0.87,-2.80,0.00
4750,0.85,-2.22,0.00
4760,0.85,-2.60,0.00
4770,0.87,-3.02,0.00
4780,0.86,-2.37,0.00
4790,0.87,-2.82,0.00
4800,0.87,-2.63,0.00
4810,0.86,-2.51,0.00
4820,0.84,-2.12,0.00
4830,0.86,-3.04,0.00
4840,0.88,-3.06,0.00
4850,0.89,-2.81,0.00
4860,0.88,-2.45,0.00
4870,0.87,-2.57,0.00
4880,0.87,-2.67,0.00
4890,0.89,-2.98,0.00
4900,0.87,-2.27,0.00
4910,0.86,-2.58,0.00
4920,0.86,-2.71,0.00
4930,0.86,-2.69,0.00
4940,0.87,-2.79,0.00
4950,0.86,-2.55,0.00
4960,0.88,-3.22,0.00
4970,0.88,-2.64,0.00
4980,0.88,-2.76,0.00
4990,0.87,-2.57,0.00
5000,0.89,-3.14,0.00
5010,0.89,-2.80,0.00
5020,0.89,-2.80,0.00
5030,0.87,-2.21,0.00
5040,0.87,-2.82,0.00
5050,0.86,-2.62,0.00
5060,0.86,-2.78,0.00
5070,0.88,-3.03,0.00
5080,0.87,-2.67,0.00
5090,0.89,-3.16,0.00
5100,0.89,-2.82,0.00
5110,0.89,-2.76,0.00
5120,0.87,-2.59,0.00
5130,0.86,-2.55,0.00
5140,0.86,-2.89,0.00
5150,0.85,-2.63,0.00
5160,0.87,-3.06,0.00
5170,0.86,-2.67,0.00
5180,0.85,-2.73,0.00
5190,0.85,-2.77,0.00
5200,0.83,-2.48,0.00
5210,0.84,-3.00,0.00
5220,0.82,-2.51,0.00
5230,0.81,-2.53,0.00
5240,0.82,-3.15,0.00
5250,0.83,-2.95,0.00
5260,0.83,-3.00,0.00
5270,0.83,-2.80,0.00
5280,0.83,-2.83,0.00
5290,0.83,-2.91,0.00
5300,0.82,-2.65,0.00
5310,0.83,-3.07,0.00
5320,0.83,-2.89,0.00
5330,0.82,-2.75,0.00
5340,0.82,-3.00,0.00
5350,0.82,-2.85,0.00
5360,0.82,-2.97,0.00
5370,0.84,-3.21,0.00
5380,0.85,-3.12,0.00
5390,0.84,-2.89,0.00
5400,0.86,-3.27,0.00
5410,0.84,-2.62,0.00
5420,0.85,-3.00,0.00
5430,0.83,-2.73,0.00
5440,0.83,-2.85,0.00
5450,0.84,-3.25,0.00
5460,0.84,-2.86,0.00
5470,0.85,-3.28,0.00
5480,0.86,-3.12,0.00
5490,0.83,-2.58,0.00
5500,0.81,-2.58,0.00
5510,0.82,-3.13,0.00
5520,0.82,-3.04,0.00
5530,0.85,-3.50,0.00
5540,0.84,-2.83,0.00
5550,0.85,-3.36,0.00
5560,0.85,-3.07,0.00
5570,0.86,-3.27,0.00
5580,0.87,-3.21,0.00
5590,0.84,-2.37,0.00
5600,0.83,-2.98,0.00
5610,0.82,-2.88,0.00
5620,0.83,-3.13,0.00
5630,0.81,-2.79,0.00
5640,0.81,-3.06,0.00
5650,0.82,-3.18,0.00
5660,0.82,-2.99,0.00
5670,0.83,-3.38,0.00
5680,0.82,-2.91,0.00
5690,0.82,-3.06,0.00
5700,0.81,-2.99,0.00
5710,0.81,-3.10,0.00
5720,0.82,-3.34,0.00
5730,0.82,-3.09,0.00
5740,0.83,-3.23,0.00
5750,0.82,-2.95,0.00
5760,0.81,-3.04,0.00
5770,0.82,-3.22,0.00
5780,0.82,-3.20,0.00
5790,0.82,-3.14,0.00
5800,0.83,-3.44,0.00
5810,0.84,-3.38,0.00
5820,0.83,-2.93,0.00
5830,0.84,-3.30,0.00
5840,0.86,-3.76,0.00
5850,0.87,-3.39,0.00
5860,0.86,-2.95,0.00
5870,0.86,-3.15,0.00
5880,0.85,-3.11,0.00
5890,0.85,-3.21,0.00
5900,0.84,-3.09,0.00
5910,0.82,-2.71,0.00
5920,0.81,-2.97,0.00
5930,0.80,-3.15,0.00
5940,0.81,-3.31,0.00
5950,0.81,-3.39,0.00
5960,0.82,-3.45,0.00
5970,0.82,-3.18,0.00
5980,0.82,-3.23,0.00
5990,0.81,-3.02,0.00
6000,0.82,-3.54,0.00
6010,0.81,31.88,60.00
6020,0.81,32.15,60.00
6030,0.78,33.11,60.00
6040,0.79,32.57,60.00
6050,0.84,32.35,60.00
6060,0.80,34.46,60.00
6070,0.82,33.55,60.00
6080,0.90,32.82,60.00
6090,0.98,33.23,60.00
6100,0.94,35.91,60.00
6110,0.92,35.95,60.00
6120,1.00,34.22,60.00
6130,1.01,36.24,60.00
6140,1.00,36.70,60.00
6150,1.01,37.03,60.00
6160,1.00,37.65,60.00
6170,1.02,37.41,60.00
6180,1.04,37.90,60.00
6190,1.06,38.17,60.00
6200,1.09,38.37,60.00
6210,1.12,38.72,60.00
6220,1.17,38.85,60.00
6230,1.22,39.11,60.00
6240,1.29,38.88,60.00
6250,1.35,39.60,60.00
6260,1.44,39.41,60.00
6270,1.54,39.50,60.00
6280,1.68,38.90,60.00
6290,1.83,39.11,60.00
6300,1.95,39.83,60.00
6310,2.12,39.39,60.00
6320,2.32,38.92,60.00
6330,2.53,38.92,60.00
6340,2.73,39.53,60.00
6350,2.93,39.69,60.00
6360,3.17,39.25,60.00
6370,3.44,38.81,60.00
6380,3.74,38.38,60.00
6390,4.03,38.64,60.00
6400,4.33,38.83,60.00
6410,4.64,38.76,60.00
6420,4.98,38.42,60.00
6430,5.35,37.89,60.00
6440,5.75,37.51,60.00
6450,6.14,37.80,60.00
6460,6.51,38.29,60.00
6470,6.89,38.24,60.00
6480,7.30,37.75,60.00
6490,7.74,37.21,60.00
6500,8.20,36.93,60.00
6510,8.67,36.88,60.00
6520,9.13,36.93,60.00
6530,9.60,37.05,60.00
6540,10.07,36.98,60.00
6550,10.57,36.47,60.00
6560,11.09,36.01,60.00
6570,11.62,35.91,60.00
6580,12.14,36.02,60.00
6590,12.68,35.83,60.00
6600,13.23,35.31,60.00
6610,13.82,34.80,60.00
6620,14.39,34.91,60.00
6630,14.95,35.32,60.00
6640,15.52,34.97,60.00
6650,16.11,34.61,60.00
6660,16.67,34.96,60.00
6670,17.24,34.85,60.00
6680,17.82,34.76,60.00
6690,18.40,34.41,60.00
6700,18.98,34.49,60.00
6710,19.56,34.42,60.00
6720,20.15,34.17,60.00
6730,20.73,34.20,60.00
6740,21.31,34.32,60.00
6750,21.88,34.23,60.00
6760,22.46,34.05,60.00
6770,23.02,34.30,60.00
6780,23.59,34.18,60.00
6790,24.15,34.24,60.00
6800,24.69,34.39,60.00
6810,25.24,34.19,60.00
6820,25.77,34.57,60.00
6830,26.30,34.50,60.00
6840,26.83,34.37,60.00
6850,27.34,34.68,60.00
6860,27.85,34.74,60.00
6870,28.34,34.93,60.00
6880,28.82,35.01,60.00
6890,29.31,34.76,60.00
6900,29.78,35.24,60.00
6910,30.24,35.29,60.00
6920,30.69,35.34,60.00
6930,31.12,35.71,60.00
6940,31.55,35.84,60.00
6950,31.97,35.81,60.00
6960,32.36,36.25,60.00
6970,32.76,36.27,60.00
6980,33.14,36.54,60.00
6990,33.48,37.23,60.00
7000,33.84,36.80,60.00
7010,34.18,37.18,60.00
7020,34.49,37.79,60.00
7030,34.81,37.63,60.00
7040,35.11,38.07,60.00
7050,35.39,38.33,60.00
7060,35.66,38.73,60.00
7070,35.92,38.70,60.00
7080,36.16,39.22,60.00
7090,36.39,39.50,60.00
7100,36.61,39.73,60.00
7110,36.82,39.96,60.00
7120,37.01,40.26,60.00
7130,37.19,40.61,60.00
7140,37.36,40.87,60.00
7150,37.53,40.97,60.00
7160,37.68,41.31,60.00
7170,37.81,41.80,60.00
7180,37.93,42.26,60.00
7190,38.03,42.64,60.00
7200,38.11,43.00,60.00
7210,38.20,43.04,60.00
7220,38.30,42.86,60.00
7230,38.39,43.12,60.00
7240,38.48,43.34,60.00
7250,38.56,43.60,60.00
7260,38.63,43.91,60.00
7270,38.69,44.11,60.00
7280,38.74,44.56,60.00
7290,38.77,44.96,60.00
7300,38.80,45.21,60.00
7310,38.81,45.64,60.00
7320,38.81,46.01,60.00
7330,38.80,46.33,60.00
7340,38.80,46.39,60.00
7350,38.80,46.43,60.00
7360,38.80,46.48,60.00
7370,38.81,46.67,60.00
7380,38.79,47.16,60.00
7390,38.78,47.26,60.00
7400,38.78,47.24,60.00
7410,38.78,47.14,60.00
7420,38.78,47.58,60.00
7430,38.77,47.71,60.00
7440,38.77,47.75,60.00
7450,38.77,47.93,60.00
7460,38.77,47.92,60.00
7470,38.77,48.27,60.00
7480,38.78,48.08,60.00
7490,38.79,48.19,60.00
7500,38.80,48.41,60.00
7510,38.82,48.24,60.00
7520,38.83,48.53,60.00
7530,38.85,48.56,60.00
7540,38.88,48.65,60.00
7550,38.90,48.67,60.00
7560,38.94,48.59,60.00
7570,38.98,48.71,60.00
7580,39.02,48.60,60.00
7590,39.07,48.83,60.00
7600,39.12,48.64,60.00
7610,39.18,48.77,60.00
7620,39.25,48.59,60.00
7630,39.31,48.78,60.00
7640,39.39,48.61,60.00
7650,39.47,48.66,60.00
7660,39.56,48.63,60.00
7670,39.65,48.48,60.00
7680,39.75,48.58,60.00
7690,39.85,48.53,60.00
7700,39.96,48.55,60.00
7710,40.07,48.49,60.00
7720,40.19,48.43,60.00
7730,40.31,48.40,60.00
7740,40.44,48.36,60.00
7750,40.57,48.21,60.00
7760,40.71,48.25,60.00
7770,40.86,48.18,60.00
7780,41.00,48.17,60.00
7790,41.15,48.13,60.00
7800,41.30,48.23,60.00
7810,41.46,48.01,60.00
7820,41.61,48.12,60.00
7830,41.78,47.84,60.00
7840,41.95,47.98,60.00
7850,42.13,47.72,60.00
7860,42.30,47.91,60.00
7870,42.48,47.72,60.00
7880,42.65,47.83,60.00
7890,42.84,47.67,60.00
7900,43.02,47.80,60.00
7910,43.21,47.55,60.00
7920,43.39,47.63,60.00
7930,43.59,47.53,60.00
7940,43.78,47.55,60.00
7950,43.97,47.51,60.00
7960,44.16,47.56,60.00
7970,44.35,47.54,60.00
7980,44.55,47.40,60.00
7990,44.73,47.53,60.00
8000,44.94,47.29,60.00
8010,45.13,47.50,60.00
8020,45.32,47.35,60.00
8030,45.52,47.33,60.00
8040,45.72,47.36,60.00
8050,45.91,47.29,60.00
8060,46.10,47.39,60.00
8070,46.30,47.17,60.00
8080,46.50,47.27,60.00
8090,46.70,47.23,60.00
8100,46.89,47.18,60.00
8110,47.08,47.38,60.00
8120,47.27,47.22,60.00
8130,47.45,47.53,60.00
8140,47.63,47.31,60.00
8150,47.81,47.53,60.00
8160,47.98,47.50,60.00
8170,48.16,47.44,60.00
8180,48.33,47.51,60.00
8190,48.50,47.43,60.00
8200,48.67,47.60,60.00
8210,48.84,47.51,60.00
8220,49.00,47.65,60.00
8230,49.15,47.73,60.00
8240,49.30,47.78,60.00
8250,49.45,47.92,60.00
8260,49.60,47.79,60.00
8270,49.74,47.92,60.00
8280,49.88,47.99,60.00
8290,50.02,48.01,60.00
8300,50.15,48.06,60.00
8310,50.29,48.01,60.00
8320,50.41,48.20,60.00
8330,50.54,48.17,60.00
8340,50.66,48.36,60.00
8350,50.77,48.42,60.00
8360,50.89,48.42,60.00
8370,50.99,48.54,60.00
8380,51.10,48.55,60.00
8390,51.20,48.70,60.00
8400,51.30,48.64,60.00
8410,51.39,48.94,60.00
8420,51.48,48.81,60.00
8430,51.57,49.00,60.00
8440,51.66,48.96,60.00
8450,51.74,49.14,60.00
8460,51.82,49.10,60.00
8470,51.89,49.23,60.00
8480,51.97,49.16,60.00
8490,52.04,49.41,60.00
8500,52.11,49.47,60.00
8510,52.17,49.59,60.00
8520,52.23,49.59,60.00
8530,52.29,49.61,60.00
8540,52.34,49.72,60.00
8550,52.40,49.80,60.00
8560,52.45,49.72,60.00
8570,52.50,49.90,60.00
8580,52.55,50.03,60.00
8590,52.60,49.98,60.00
8600,52.65,49.92,60.00
8610,52.70,50.04,60.00
8620,52.74,50.07,60.00
8630,52.79,50.18,60.00
8640,52.82,50.30,60.00
8650,52.87,50.21,60.00
8660,52.90,50.37,60.00
8670,52.95,50.26,60.00
8680,52.99,50.39,60.00
8690,53.03,50.39,60.00
8700,53.07,50.24,60.00
8710,53.11,50.53,60.00
8720,53.15,50.34,60.00
8730,53.18,50.64,60.00
8740,53.21,50.69,60.00
8750,53.25,50.53,60.00
8760,53.28,50.76,60.00
8770,53.32,50.62,60.00
8780,53.35,50.70,60.00
8790,53.39,50.69,60.00
8800,53.43,50.69,60.00
8810,53.46,50.84,60.00
8820,53.50,50.66,60.00
8830,53.54,50.76,60.00
8840,53.57,50.83,60.00
8850,53.61,50.69,60.00
8860,53.64,51.00,60.00
8870,53.68,50.83,60.00
8880,53.72,50.88,60.00
8890,53.76,50.86,60.00
8900,53.79,50.91,60.00
8910,53.83,50.85,60.00
8920,53.88,50.71,60.00
8930,53.92,50.94,60.00
8940,53.97,50.77,60.00
8950,54.01,50.85,60.00
8960,54.05,50.97,60.00
8970,54.10,50.77,60.00
8980,54.15,50.82,60.00
8990,54.19,50.90,60.00
9000,54.24,50.74,60.00
9010,54.28,50.97,60.00
9020,54.33,50.84,60.00
9030,54.38,50.82,60.00
9040,54.43,50.95,60.00
9050,54.48,50.78,60.00
9060,54.53,50.83,60.00
9070,54.58,50.84,60.00
9080,54.64,50.74,60.00
9090,54.69,50.82,60.00
9100,54.74,50.79,60.00
9110,54.80,50.75,60.00
9120,54.85,50.84,60.00
9130,54.91,50.79,60.00
9140,54.96,50.86,60.00
9150,55.01,50.77,60.00
9160,55.07,50.72,60.00
9170,55.12,50.83,60.00
9180,55.17,50.83,60.00
9190,55.23,50.75,60.00
9200,55.28,50.83,60.00
9210,55.34,50.82,60.00
9220,55.39,50.75,60.00
9230,55.44,50.89,60.00
9240,55.50,50.72,60.00
9250,55.56,50.80,60.00
9260,55.61,50.86,60.00
9270,55.66,50.72,60.00
9280,55.72,50.84,60.00
9290,55.77,50.75,60.00
9300,55.83,50.76,60.00
9310,55.88,50.81,60.00
9320,55.93,50.76,60.00
9330,55.98,50.90,60.00
9340,56.04,50.71,60.00
9350,56.09,50.83,60.00
9360,56.15,50.73,60.00
9370,56.20,50.67,60.00
9380,56.25,50.87,60.00
9390,56.31,50.70,60.00
9400,56.37,50.59,60.00
9410,56.42,50.85,60.00
9420,56.48,50.59,60.00
9430,56.53,50.75,60.00
9440,56.58,50.80,60.00
9450,56.63,50.77,60.00
9460,56.67,50.87,60.00
9470,56.72,50.76,60.00
9480,56.77,50.79,60.00
9490,56.81,51.05,60.00
9500,56.86,50.70,60.00
9510,56.90,50.91,60.00
9520,56.94,51.00,60.00
9530,56.99,50.81,60.00
9540,57.03,50.91,60.00
9550,57.07,50.93,60.00
9560,57.10,50.97,60.00
9570,57.14,51.05,60.00
9580,57.18,50.97,60.00
9590,57.21,51.01,60.00
9600,57.24,51.07,60.00
9610,57.28,50.98,60.00
9620,57.31,51.13,60.00
9630,57.34,51.16,60.00
9640,57.38,50.97,60.00
9650,57.40,51.26,60.00
9660,57.43,51.06,60.00
9670,57.46,51.13,60.00
9680,57.49,51.16,60.00
9690,57.52,51.12,60.00
9700,57.55,51.21,60.00
9710,57.58,51.05,60.00
9720,57.61,51.08,60.00
9730,57.64,51.19,60.00
9740,57.67,51.09,60.00
9750,57.70,51.09,60.00
9760,57.73,51.15,60.00
9770,57.76,51.10,60.00
9780,57.79,51.14,60.00
9790,57.81,51.21,60.00
9800,57.84,51.04,60.00
9810,57.87,51.15,60.00
9820,57.90,51.14,60.00
9830,57.93,51.05,60.00
9840,57.96,51.13,60.00
9850,57.99,51.13,60.00
9860,58.01,51.17,60.00
9870,58.05,51.04,60.00
9880,58.07,51.14,60.00
9890,58.09,51.30,60.00
9900,58.11,51.23,60.00
9910,58.14,51.18,60.00
9920,58.15,51.51,60.00
9930,58.17,51.14,60.00
9940,58.19,51.44,60.00
9950,58.20,51.35,60.00
9960,58.23,51.22,60.00
9970,58.24,51.48,60.00
9980,58.26,51.32,60.00
9990,58.27,51.42,60.00
10000,58.29,51.38,60.00
10010,58.29,51.54,60.00
10020,58.31,51.29,60.00
10030,58.32,51.59,60.00
10040,58.33,51.45,60.00
10050,58.35,51.31,60.00
10060,58.35,51.73,60.00
10070,58.37,51.39,60.00
10080,58.38,51.54,60.00
10090,58.39,51.61,60.00
10100,58.40,51.45,60.00
10110,58.41,51.60,60.00
10120,58.42,51.61,60.00
10130,58.43,51.41,60.00
10140,58.45,51.51,60.00
10150,58.46,51.54,60.00
10160,58.47,51.48,60.00
10170,58.48,51.54,60.00
10180,58.49,51.55,60.00
10190,58.51,51.40,60.00
10200,58.53,51.38,60.00
10210,58.54,51.66,60.00
10220,58.55,51.51,60.00
10230,58.57,51.38,60.00
10240,58.58,51.56,60.00
10250,58.59,51.49,60.00
10260,58.62,51.34,60.00
10270,58.62,51.63,60.00
10280,58.65,51.35,60.00
10290,58.66,51.52,60.00
10300,58.67,51.66,60.00
10310,58.69,51.28,60.00
10320,58.70,51.59,60.00
10330,58.71,51.54,60.00
10340,58.73,51.49,60.00
10350,58.74,51.56,60.00
10360,58.75,51.60,60.00
10370,58.76,51.64,60.00
10380,58.77,51.57,60.00
10390,58.78,51.56,60.00
10400,58.79,51.63,60.00
10410,58.81,51.43,60.00
10420,58.81,51.79,60.00
10430,58.82,51.49,60.00
10440,58.84,51.48,60.00
10450,58.84,51.68,60.00
10460,58.86,51.51,60.00
10470,58.87,51.52,60.00
10480,58.87,51.79,60.00
10490,58.90,51.36,60.00
10500,58.90,51.65,60.00
10510,58.91,51.66,60.00
10520,58.93,51.50,60.00
10530,58.94,51.56,60.00
10540,58.95,51.65,60.00
10550,58.96,51.49,60.00
10560,58.97,51.60,60.00
10570,58.99,51.53,60.00
10580,59.00,51.53,60.00
10590,59.02,51.48,60.00
10600,59.03,51.63,60.00
10610,59.04,51.57,60.00
10620,59.06,51.43,60.00
10630,59.06,51.65,60.00
10640,59.08,51.52,60.00
10650,59.09,51.45,60.00
10660,59.10,51.63,60.00
10670,59.12,51.51,60.00
10680,59.14,51.38,60.00
10690,59.14,51.75,60.00
10700,59.16,51.48,60.00
10710,59.17,51.54,60.00
10720,59.17,51.66,60.00
10730,59.18,51.60,60.00
10740,59.20,51.56,60.00
10750,59.20,51.72,60.00
10760,59.21,51.61,60.00
10770,59.22,51.62,60.00
10780,59.21,51.86,60.00
10790,59.22,51.76,60.00
10800,59.23,51.60,60.00
10810,59.23,51.79,60.00
10820,59.23,51.83,60.00
10830,59.24,51.57,60.00
10840,59.25,51.69,60.00
10850,59.25,51.81,60.00
10860,59.26,51.51,60.00
10870,59.26,51.82,60.00
10880,59.27,51.58,60.00
10890,59.28,51.57,60.00
10900,59.29,51.64,60.00
10910,59.30,51.61,60.00
10920,59.32,51.57,60.00
10930,59.33,51.61,60.00
10940,59.34,51.49,60.00
10950,59.35,51.70,60.00
10960,59.36,51.58,60.00
10970,59.37,51.63,60.00
10980,59.38,51.59,60.00
10990,59.38,51.72,60.00
11000,59.38,51.74,60.00
11010,59.39,51.66,60.00
11020,59.40,51.66,60.00
11030,59.40,51.69,60.00
11040,59.41,51.80,60.00
11050,59.41,51.78,60.00
11060,59.41,51.77,60.00
11070,59.41,51.79,60.00
11080,59.41,51.74,60.00
11090,59.42,51.70,60.00
11100,59.42,51.92,60.00
11110,59.42,51.69,60.00
11120,59.42,51.79,60.00
11130,59.42,51.90,60.00
11140,59.42,51.95,60.00
11150,59.42,51.73,60.00
11160,59.41,52.00,60.00
11170,59.42,51.78,60.00
11180,59.42,51.83,60.00
11190,59.42,51.78,60.00
11200,59.42,52.00,60.00
11210,59.42,51.72,60.00
11220,59.42,51.89,60.00
11230,59.42,51.92,60.00
11240,59.43,51.73,60.00
11250,59.43,51.83,60.00
11260,59.43,51.85,60.00
11270,59.43,51.81,60.00
11280,59.44,51.74,60.00
11290,59.43,52.01,60.00
11300,59.45,51.68,60.00
11310,59.45,51.78,60.00
11320,59.45,51.92,60.00
11330,59.45,51.78,60.00
11340,59.47,51.66,60.00
11350,59.47,51.91,60.00
11360,59.47,51.79,60.00
11370,59.48,51.63,60.00
11380,59.48,51.98,60.00
11390,59.48,51.78,60.00
11400,59.49,51.69,60.00
11410,59.50,51.77,60.00
11420,59.50,51.87,60.00
11430,59.52,51.58,60.00
11440,59.52,51.77,60.00
11450,59.52,51.88,60.00
11460,59.54,51.54,60.00
11470,59.54,51.86,60.00
11480,59.55,51.82,60.00
11490,59.56,51.67,60.00
11500,59.57,51.67,60.00
11510,59.57,51.88,60.00
11520,59.58,51.60,60.00
11530,59.59,51.74,60.00
11540,59.59,51.77,60.00
11550,59.61,51.65,60.00
11560,59.62,51.64,60.00
11570,59.63,51.67,60.00
11580,59.63,51.80,60.00
11590,59.64,51.61,60.00
11600,59.65,51.79,60.00
11610,59.65,51.70,60.00
11620,59.67,51.61,60.00
11630,59.68,51.63,60.00
11640,59.68,51.86,60.00
11650,59.69,51.58,60.00
11660,59.69,51.78,60.00
11670,59.69,51.85,60.00
11680,59.70,51.75,60.00
11690,59.70,51.71,60.00
11700,59.70,51.87,60.00
11710,59.71,51.71,60.00
11720,59.72,51.63,60.00
11730,59.72,51.88,60.00
11740,59.73,51.63,60.00
11750,59.74,51.70,60.00
11760,59.73,51.90,60.00
11770,59.74,51.81,60.00
11780,59.75,51.59,60.00
11790,59.74,52.01,60.00
11800,59.75,51.69,60.00
11810,59.75,51.78,60.00
11820,59.74,51.97,60.00
11830,59.74,51.89,60.00
11840,59.75,51.74,60.00
11850,59.74,52.04,60.00
11860,59.75,51.63,60.00
11870,59.76,51.71,60.00
11880,59.75,51.94,60.00
11890,59.76,51.79,60.00
11900,59.76,51.79,60.00
11910,59.76,51.89,60.00
11920,59.75,51.91,60.00
11930,59.76,51.78,60.00
11940,59.75,52.01,60.00
11950,59.75,51.86,60.00
11960,59.75,51.79,60.00
11970,59.76,51.79,60.00
11980,59.75,51.94,60.00
11990,59.76,51.75,60.00
12000,59.77,51.73,60.00
12010,59.77,83.45,114.21
12020,59.77,83.74,114.21
12030,59.78,83.92,114.21
12040,59.78,84.64,114.21
12050,59.76,85.15,114.21
12060,59.76,85.38,114.21
12070,59.76,85.68,114.21
12080,59.84,84.17,114.21
12090,59.92,84.81,114.21
12100,60.06,83.64,114.21
12110,60.17,84.66,114.21
12120,60.41,82.21,114.21
12130,60.72,81.16,114.21
12140,61.03,81.10,114.21
12150,61.36,80.90,114.21
12160,61.74,80.14,114.21
12170,62.17,79.18,114.21
12180,62.66,78.03,114.21
12190,63.22,76.80,114.21
12200,63.84,75.42,114.21
12210,64.52,74.11,114.21
12220,65.28,72.58,114.21
12230,66.10,71.12,114.21
12240,66.97,69.75,114.21
12250,67.85,69.53,114.21
12260,68.79,68.14,114.21
12270,69.79,66.68,114.21
12280,70.86,64.81,114.21
12290,72.01,62.92,114.21
12300,73.16,62.62,114.21
12310,74.40,60.25,114.21
12320,75.67,59.20,114.21
12330,76.91,59.32,114.21
12340,78.24,57.03,114.21
12350,79.56,56.51,114.21
12360,80.91,55.53,114.21
12370,82.29,54.42,114.21
12380,83.70,53.03,114.21
12390,85.09,52.93,114.21
12400,86.51,51.72,114.21
12410,87.95,50.66,114.21
12420,89.39,49.79,114.21
12430,90.86,48.79,114.21
12440,92.32,48.21,114.21
12450,93.77,47.59,114.21
12460,95.23,46.81,114.21
12470,96.67,46.42,114.21
12480,98.09,46.19,114.21
12490,99.50,45.64,114.21
12500,100.92,44.61,114.21
12510,102.31,44.61,114.21
12520,103.68,44.25,114.21
12530,105.04,43.67,114.21
12540,106.36,43.74,114.21
12550,107.69,42.99,114.21
12560,108.98,42.93,114.21
12570,110.26,42.56,114.21
12580,111.52,42.11,114.21
12590,112.74,42.31,114.21
12600,113.95,41.67,114.21
12610,115.14,41.45,114.21
12620,116.30,41.59,114.21
12630,117.43,41.20,114.21
12640,118.56,40.78,114.21
12650,119.65,40.79,114.21
12660,120.69,40.98,114.21
12670,121.72,40.82,114.21
12680,122.73,40.41,114.21
12690,123.73,39.99,114.21
12700,124.70,39.98,114.21
12710,125.65,39.95,114.21
12720,126.55,40.17,114.21
12730,127.41,40.24,114.21
12740,128.26,40.10,114.21
12750,129.08,39.96,114.21
12760,129.89,39.72,114.21
12770,130.68,39.51,114.21
12780,131.45,39.31,114.21
12790,132.21,39.10,114.21
12800,132.95,38.82,114.21
12810,133.66,38.81,114.21
12820,134.35,38.71,114.21
12830,135.02,38.64,114.21
12840,135.68,38.46,114.21
12850,136.30,38.48,114.21
12860,136.91,38.36,114.21
12870,137.50,38.30,114.21
12880,138.06,38.21,114.21
12890,138.60,38.29,114.21
12900,139.12,38.26,114.21
12910,139.60,38.52,114.21
12920,140.05,38.66,114.21
12930,140.47,38.92,114.21
12940,140.86,39.23,114.21
12950,141.22,39.24,114.21
12960,141.56,39.27,114.21
12970,141.89,39.17,114.21
12980,142.22,38.87,114.21
12990,142.54,38.53,114.21
13000,142.86,38.28,114.21
13010,143.18,38.01,114.21
13020,143.47,37.93,114.21
13030,143.74,38.15,114.21
13040,143.99,38.37,114.21
13050,144.19,38.76,114.21
13060,144.36,39.17,114.21
13070,144.50,39.50,114.21
13080,144.63,39.55,114.21
13090,144.75,39.37,114.21
13100,144.87,39.12,114.21
13110,144.98,38.97,114.21
13120,145.10,38.61,114.21
13130,145.21,38.49,114.21
13140,145.29,38.77,114.21
13150,145.33,39.35,114.21
13160,145.34,39.77,114.21
13170,145.33,40.03,114.21
13180,145.29,40.45,114.21
13190,145.23,40.52,114.21
13200,145.18,40.33,114.21
13210,145.13,39.97,114.21
13220,145.09,39.86,114.21
13230,145.03,39.78,114.21
13240,144.97,39.80,114.21
13250,144.88,40.15,114.21
13260,144.78,40.39,114.21
13270,144.64,40.78,114.21
13280,144.48,41.34,114.21
13290,144.30,41.55,114.21
13300,144.09,42.01,114.21
13310,143.87,42.13,114.21
13320,143.64,42.34,114.21
13330,143.40,42.58,114.21
13340,143.14,42.70,114.21
13350,142.89,42.61,114.21
13360,142.63,42.81,114.21
13370,142.36,42.82,114.21
13380,142.08,42.99,114.21
13390,141.79,43.29,114.21
13400,141.50,43.40,114.21
13410,141.18,43.80,114.21
13420,140.85,44.02,114.21
13430,140.51,44.25,114.21
13440,140.17,44.41,114.21
13450,139.82,44.59,114.21
13460,139.47,44.54,114.21
13470,139.12,44.63,114.21
13480,138.77,44.65,114.21
13490,138.41,44.89,114.21
13500,138.03,45.39,114.21
13510,137.63,45.67,114.21
13520,137.23,45.99,114.21
13530,136.84,45.68,114.21
13540,136.44,46.12,114.21
13550,136.02,46.63,114.21
13560,135.58,47.05,114.21
13570,135.14,47.10,114.21
13580,134.70,47.30,114.21
13590,134.25,47.72,114.21
13600,133.78,48.25,114.21
13610,133.31,48.24,114.21
13620,132.85,48.34,114.21
13630,132.34,49.25,114.21
13640,131.86,49.04,114.21
13650,131.37,49.42,114.21
13660,130.85,50.04,114.21
13670,130.36,49.76,114.21
13680,129.84,50.54,114.21
13690,129.33,50.60,114.21
13700,128.81,50.83,114.21
13710,128.29,51.15,114.21
13720,127.77,51.26,114.21
13730,127.24,51.76,114.21
13740,126.71,51.99,114.21
13750,126.18,52.17,114.21
13760,125.64,52.64,114.21
13770,125.12,52.50,114.21
13780,124.57,53.32,114.21
13790,124.04,53.03,114.21
13800,123.51,53.54,114.21
13810,122.96,54.00,114.21
13820,122.44,53.59,114.21
13830,121.92,54.11,114.21
13840,121.38,54.46,114.21
13850,120.87,54.30,114.21
13860,120.36,54.49,114.21
13870,119.83,55.20,114.21
13880,119.30,55.45,114.21
13890,118.79,55.25,114.21
13900,118.29,55.33,114.21
13910,117.78,55.83,114.21
13920,117.26,56.31,114.21
13930,116.75,56.48,114.21
13940,116.26,56.28,114.21
13950,115.79,56.18,114.21
13960,115.32,56.41,114.21
13970,114.84,56.73,114.21
13980,114.36,57.08,114.21
13990,113.89,57.32,114.21
14000,113.41,57.61,114.21
14010,112.94,57.75,114.21
14020,112.49,57.80,114.21
14030,112.04,57.86,114.21
14040,111.60,57.95,114.21
14050,111.17,58.00,114.21
14060,110.76,57.95,114.21
14070,110.35,58.11,114.21
14080,109.96,58.14,114.21
14090,109.57,58.26,114.21
14100,109.19,58.23,114.21
14110,108.82,58.40,114.21
14120,108.46,58.38,114.21
14130,108.11,58.62,114.21
14140,107.76,58.61,114.21
14150,107.42,58.80,114.21
14160,107.09,58.90,114.21
14170,106.76,58.97,114.21
14180,106.44,59.02,114.21
14190,106.14,58.93,114.21
14200,105.85,58.97,114.21
14210,105.57,58.88,114.21
14220,105.32,58.60,114.21
14230,105.08,58.45,114.21
14240,104.86,58.24,114.21
14250,104.66,58.13,114.21
14260,104.48,58.02,114.21
14270,104.29,58.18,114.21
14280,104.11,58.18,114.21
14290,103.93,58.38,114.21
14300,103.75,58.53,114.21
14310,103.58,58.57,114.21
14320,103.42,58.59,114.21
14330,103.27,58.45,114.21
14340,103.13,58.38,114.21
14350,103.01,58.17,114.21
14360,102.91,57.93,114.21
14370,102.82,57.70,114.21
14380,102.76,57.42,114.21
14390,102.71,57.26,114.21
14400,102.67,57.14,114.21
14410,102.64,57.01,114.21
14420,102.61,57.02,114.21
14430,102.59,56.93,114.21
14440,102.58,56.88,114.21
14450,102.58,56.88,114.21
14460,102.58,56.84,114.21
14470,102.58,56.83,114.21
14480,102.60,56.67,114.21
14490,102.62,56.63,114.21
14500,102.65,56.53,114.21
14510,102.68,56.53,114.21
14520,102.73,56.35,114.21
14530,102.77,56.35,114.21
14540,102.83,56.23,114.21
14550,102.89,56.10,114.21
14560,102.95,56.19,114.21
14570,103.02,56.10,114.21
14580,103.09,55.87,114.21
14590,103.18,55.79,114.21
14600,103.27,55.63,114.21
14610,103.37,55.51,114.21
14620,103.47,55.52,114.21
14630,103.57,55.61,114.21
14640,103.67,55.63,114.21
14650,103.76,55.68,114.21
14660,103.86,55.67,114.21
14670,103.95,55.80,114.21
14680,104.04,55.78,114.21
14690,104.13,55.82,114.21
14700,104.23,55.73,114.21
14710,104.33,55.53,114.21
14720,104.45,55.26,114.21
14730,104.58,55.05,114.21
14740,104.72,54.94,114.21
14750,104.85,54.86,114.21
14760,105.00,54.71,114.21
14770,105.13,54.92,114.21
14780,105.25,55.04,114.21
14790,105.37,55.17,114.21
14800,105.50,54.94,114.21
14810,105.63,54.97,114.21
14820,105.75,55.04,114.21
14830,105.88,55.00,114.21
14840,106.01,54.80,114.21
14850,106.15,54.54,114.21
14860,106.29,54.69,114.21
14870,106.42,54.84,114.21
14880,106.54,54.85,114.21
14890,106.68,54.67,114.21
14900,106.82,54.38,114.21
14910,106.98,54.17,114.21
14920,107.13,54.16,114.21
14930,107.28,54.24,114.21
14940,107.41,54.42,114.21
14950,107.54,54.59,114.21
14960,107.67,54.41,114.21
14970,107.82,54.18,114.21
14980,107.97,53.88,114.21
14990,108.12,53.95,114.21
15000,108.26,54.20,114.21
15010,108.38,54.36,114.21
15020,108.51,54.31,114.21
15030,108.65,54.08,114.21
15040,108.80,53.70,114.21
15050,108.94,53.81,114.21
15060,109.08,54.01,114.21
15070,109.20,54.18,114.21
15080,109.32,54.06,114.21
15090,109.46,53.87,114.21
15100,109.60,53.58,114.21
15110,109.74,53.74,114.21
15120,109.86,53.98,114.21
15130,109.96,54.22,114.21
15140,110.08,53.94,114.21
15150,110.22,53.57,114.21
15160,110.35,53.64,114.21
15170,110.45,54.05,114.21
15180,110.55,54.16,114.21
15190,110.66,53.90,114.21
15200,110.79,53.52,114.21
15210,110.91,53.59,114.21
15220,111.01,53.94,114.21
15230,111.11,54.07,114.21
15240,111.21,53.81,114.21
15250,111.33,53.55,114.21
15260,111.44,53.58,114.21
15270,111.53,53.87,114.21
15280,111.62,54.03,114.21
15290,111.72,53.73,114.21
15300,111.82,53.54,114.21
15310,111.93,53.53,114.21
15320,112.01,53.90,114.21
15330,112.08,54.08,114.21
15340,112.17,53.71,114.21
15350,112.28,53.40,114.21
15360,112.37,53.60,114.21
15370,112.44,53.99,114.21
15380,112.51,54.00,114.21
15390,112.59,53.71,114.21
15400,112.68,53.47,114.21
15410,112.76,53.60,114.21
15420,112.82,54.05,114.21
15430,112.88,54.09,114.21
15440,112.95,53.69,114.21
15450,113.03,53.53,114.21
15460,113.10,53.75,114.21
15470,113.15,54.03,114.21
15480,113.20,54.04,114.21
15490,113.26,53.76,114.21
15500,113.34,53.55,114.21
15510,113.39,53.80,114.21
15520,113.43,54.18,114.21
15530,113.47,54.09,114.21
15540,113.53,53.75,114.21
15550,113.60,53.53,114.21
15560,113.65,53.82,114.21
15570,113.68,54.16,114.21
15580,113.71,54.18,114.21
15590,113.76,53.75,114.21
15600,113.82,53.63,114.21
15610,113.86,53.88,114.21
15620,113.89,54.17,114.21
15630,113.92,54.13,114.21
15640,113.96,53.83,114.21
15650,114.01,53.62,114.21
15660,114.05,53.89,114.21
15670,114.07,54.17,114.21
15680,114.09,54.15,114.21
15690,114.13,53.80,114.21
15700,114.18,53.59,114.21
15710,114.22,53.83,114.21
15720,114.23,54.23,114.21
15730,114.24,54.32,114.21
15740,114.27,54.00,114.21
15750,114.30,53.71,114.21
15760,114.33,53.90,114.21
15770,114.35,54.20,114.21
15780,114.36,54.21,114.21
15790,114.38,53.98,114.21
15800,114.42,53.65,114.21
15810,114.45,53.70,114.21
15820,114.47,54.03,114.21
15830,114.48,54.22,114.21
15840,114.49,54.14,114.21
15850,114.51,53.83,114.21
15860,114.54,53.90,114.21
15870,114.54,54.19,114.21
15880,114.54,54.32,114.21
15890,114.55,54.20,114.21
15900,114.58,53.73,114.21
15910,114.60,53.74,114.21
15920,114.61,54.09,114.21
15930,114.61,54.33,114.21
15940,114.61,54.25,114.21
15950,114.63,53.92,114.21
15960,114.65,53.78,114.21
15970,114.66,53.97,114.21
15980,114.66,54.33,114.21
15990,114.65,54.33,114.21
16000,114.66,54.01,114.21
16010,114.68,42.59,94.96
16020,114.70,42.51,94.96
16030,114.72,42.43,94.96
16040,114.72,42.39,94.96
16050,114.72,42.55,94.96
16060,114.73,42.12,94.96
16070,114.73,42.15,94.96
16080,114.71,42.41,94.96
16090,114.69,42.31,94.96
16100,114.65,42.76,94.96
16110,114.61,42.42,94.96
16120,114.54,43.08,94.96
16130,114.46,43.07,94.96
16140,114.39,42.98,94.96
16150,114.28,43.61,94.96
16160,114.15,43.83,94.96
16170,114.03,43.79,94.96
16180,113.88,44.13,94.96
16190,113.71,44.70,94.96
16200,113.53,44.81,94.96
16210,113.35,44.78,94.96
16220,113.14,45.38,94.96
16230,112.90,45.99,94.96
16240,112.66,46.03,94.96
16250,112.41,46.17,94.96
16260,112.13,46.84,94.96
16270,111.84,47.28,94.96
16280,111.54,47.28,94.96
16290,111.23,47.65,94.96
16300,110.89,48.50,94.96
16310,110.54,48.65,94.96
16320,110.18,48.90,94.96
16330,109.79,49.66,94.96
16340,109.41,49.62,94.96
16350,109.02,50.12,94.96
16360,108.59,50.79,94.96
16370,108.18,50.74,94.96
16380,107.73,51.68,94.96
16390,107.29,51.45,94.96
16400,106.82,52.39,94.96
16410,106.37,52.32,94.96
16420,105.89,53.01,94.96
16430,105.42,52.86,94.96
16440,104.94,53.46,94.96
16450,104.45,53.85,94.96
16460,103.97,53.79,94.96
16470,103.47,54.46,94.96
16480,102.97,54.68,94.96
16490,102.48,54.71,94.96
16500,101.99,55.05,94.96
16510,101.48,55.57,94.96
16520,100.98,55.64,94.96
16530,100.49,55.72,94.96
16540,99.99,56.10,94.96
16550,99.49,56.51,94.96
16560,98.98,56.85,94.96
16570,98.48,57.04,94.96
16580,97.99,56.93,94.96
16590,97.51,57.03,94.96
16600,97.04,57.16,94.96
16610,96.57,57.37,94.96
16620,96.10,57.71,94.96
16630,95.64,57.81,94.96
16640,95.17,58.11,94.96
16650,94.71,58.28,94.96
16660,94.26,58.36,94.96
16670,93.81,58.56,94.96
16680,93.37,58.65,94.96
16690,92.93,58.79,94.96
16700,92.51,58.85,94.96
16710,92.10,58.88,94.96
16720,91.70,58.85,94.96
16730,91.31,58.84,94.96
16740,90.94,58.89,94.96
16750,90.58,58.75,94.96
16760,90.24,58.64,94.96
16770,89.91,58.58,94.96
16780,89.60,58.51,94.96
16790,89.30,58.43,94.96
16800,89.01,58.55,94.96
16810,88.72,58.63,94.96
16820,88.44,58.74,94.96
16830,88.17,58.81,94.96
16840,87.89,58.96,94.96
16850,87.64,58.78,94.96
16860,87.40,58.69,94.96
16870,87.17,58.56,94.96
16880,86.98,58.21,94.96
16890,86.79,58.16,94.96
16900,86.61,58.04,94.96
16910,86.46,57.84,94.96
16920,86.31,57.70,94.96
16930,86.18,57.72,94.96
16940,86.05,57.59,94.96
16950,85.94,57.55,94.96
16960,85.82,57.69,94.96
16970,85.72,57.59,94.96
16980,85.62,57.53,94.96
16990,85.53,57.55,94.96
17000,85.46,57.30,94.96
17010,85.39,57.27,94.96
17020,85.33,57.16,94.96
17030,85.29,57.02,94.96
17040,85.25,56.95,94.96
17050,85.23,56.72,94.96
17060,85.22,56.50,94.96
17070,85.22,56.38,94.96
17080,85.23,56.29,94.96
17090,85.25,56.13,94.96
17100,85.27,56.22,94.96
17110,85.30,55.95,94.96
17120,85.34,55.89,94.96
17130,85.39,55.74,94.96
17140,85.44,55.79,94.96
17150,85.50,55.56,94.96
17160,85.56,55.48,94.96
17170,85.64,55.32,94.96
17180,85.72,55.17,94.96
17190,85.81,54.96,94.96
17200,85.91,54.94,94.96
17210,86.02,54.64,94.96
17220,86.13,54.55,94.96
17230,86.24,54.55,94.96
17240,86.36,54.53,94.96
17250,86.46,54.70,94.96
17260,86.57,54.60,94.96
17270,86.68,54.64,94.96
17280,86.79,54.66,94.96
17290,86.90,54.40,94.96
17300,87.02,54.42,94.96
17310,87.14,54.33,94.96
17320,87.28,53.98,94.96
17330,87.41,54.08,94.96
17340,87.53,54.14,94.96
17350,87.66,54.18,94.96
17360,87.79,53.93,94.96
17370,87.93,53.86,94.96
17380,88.06,53.93,94.96
17390,88.18,54.06,94.96
17400,88.30,54.16,94.96
17410,88.43,53.91,94.96
17420,88.56,53.68,94.96
17430,88.69,53.79,94.96
17440,88.81,53.97,94.96
17450,88.92,54.16,94.96
17460,89.04,54.06,94.96
17470,89.17,53.66,94.96
17480,89.29,53.77,94.96
17490,89.40,54.07,94.96
17500,89.50,54.14,94.96
17510,89.61,54.05,94.96
17520,89.73,53.83,94.96
17530,89.84,53.93,94.96
17540,89.93,54.12,94.96
17550,90.02,54.32,94.96
17560,90.12,54.05,94.96
17570,90.24,53.74,94.96
17580,90.33,54.04,94.96
17590,90.42,54.23,94.96
17600,90.50,54.32,94.96
17610,90.58,54.28,94.96
17620,90.68,53.95,94.96
17630,90.77,54.08,94.96
17640,90.85,54.28,94.96
17650,90.93,54.31,94.96
17660,91.01,54.25,94.96
17670,91.10,54.02,94.96
17680,91.19,54.02,94.96
17690,91.26,54.26,94.96
17700,91.32,54.48,94.96
17710,91.39,54.33,94.96
17720,91.47,54.19,94.96
17730,91.55,54.05,94.96
17740,91.62,54.34,94.96
17750,91.68,54.46,94.96
17760,91.73,54.48,94.96
17770,91.80,54.41,94.96
17780,91.87,54.11,94.96
17790,91.94,54.17,94.96
17800,92.00,54.40,94.96
17810,92.05,54.53,94.96
17820,92.10,54.60,94.96
17830,92.16,54.41,94.96
17840,92.22,54.17,94.96
17850,92.28,54.36,94.96
17860,92.32,54.61,94.96
17870,92.36,54.77,94.96
17880,92.41,54.48,94.96
17890,92.46,54.41,94.96
17900,92.52,54.37,94.96
17910,92.56,54.49,94.96
17920,92.59,54.84,94.96
17930,92.63,54.75,94.96
17940,92.67,54.63,94.96
17950,92.72,54.40,94.96
17960,92.76,54.51,94.96
17970,92.80,54.77,94.96
17980,92.82,54.92,94.96
17990,92.85,54.86,94.96
18000,92.88,54.69,94.96
18010,92.92,54.50,94.96
18020,92.96,54.60,94.96
18030,92.99,54.92,94.96
18040,93.00,55.07,94.96
18050,93.02,55.00,94.96
18060,93.04,54.90,94.96
18070,93.08,54.57,94.96
18080,93.11,54.77,94.96
18090,93.13,54.96,94.96
18100,93.14,55.13,94.96
18110,93.16,55.14,94.96
18120,93.17,55.10,94.96
18130,93.20,54.84,94.96
18140,93.22,54.82,94.96
18150,93.25,54.85,94.96
18160,93.27,55.03,94.96
18170,93.27,55.26,94.96
18180,93.28,55.18,94.96
18190,93.30,55.00,94.96
18200,93.33,54.86,94.96
18210,93.36,54.76,94.96
18220,93.38,54.94,94.96
18230,93.39,55.10,94.96
18240,93.40,55.24,94.96
18250,93.41,55.23,94.96
18260,93.42,55.05,94.96
18270,93.45,54.81,94.96
18280,93.48,54.78,94.96
18290,93.50,54.96,94.96
18300,93.51,55.22,94.96
18310,93.51,55.30,94.96
18320,93.52,55.30,94.96
18330,93.53,55.06,94.96
18340,93.56,54.91,94.96
18350,93.58,54.94,94.96
18360,93.60,54.98,94.96
18370,93.61,55.22,94.96
18380,93.60,55.43,94.96
18390,93.61,55.34,94.96
18400,93.62,55.17,94.96
18410,93.64,55.00,94.96
18420,93.65,55.07,94.96
18430,93.66,55.24,94.96
18440,93.66,55.47,94.96
18450,93.66,55.47,94.96
18460,93.66,55.36,94.96
18470,93.67,55.30,94.96
18480,93.68,55.14,94.96
18490,93.70,55.06,94.96
18500,93.72,55.10,94.96
18510,93.72,55.35,94.96
18520,93.72,55.46,94.96
18530,93.72,55.39,94.96
18540,93.73,55.32,94.96
18550,93.75,55.16,94.96
18560,93.76,55.12,94.96
18570,93.78,55.16,94.96
18580,93.79,55.20,94.96
18590,93.79,55.40,94.96
18600,93.79,55.45,94.96
18610,93.80,55.43,94.96
18620,93.80,55.49,94.96
18630,93.80,55.40,94.96
18640,93.81,55.38,94.96
18650,93.82,55.22,94.96
18660,93.84,55.13,94.96
18670,93.85,55.29,94.96
18680,93.85,55.47,94.96
18690,93.85,55.40,94.96
18700,93.87,55.09,94.96
18710,93.89,55.05,94.96
18720,93.91,55.20,94.96
18730,93.91,55.44,94.96
18740,93.91,55.57,94.96
18750,93.91,55.53,94.96
18760,93.91,55.38,94.96
18770,93.93,55.25,94.96
18780,93.94,55.17,94.96
18790,93.96,55.10,94.96
18800,93.97,55.31,94.96
18810,93.98,55.45,94.96
18820,93.97,55.58,94.96
18830,93.97,55.54,94.96
18840,93.98,55.45,94.96
18850,93.99,55.21,94.96
18860,94.01,55.12,94.96
18870,94.03,55.23,94.96
18880,94.04,55.36,94.96
18890,94.03,55.63,94.96
18900,94.02,55.70,94.96
18910,94.02,55.52,94.96
18920,94.03,55.33,94.96
18930,94.05,55.25,94.96
18940,94.07,55.11,94.96
18950,94.09,55.21,94.96
18960,94.09,55.42,94.96
18970,94.09,55.58,94.96
18980,94.08,55.72,94.96
18990,94.08,55.56,94.96
19000,94.09,55.39,94.96
19010,94.10,55.33,94.96
19020,94.13,55.08,94.96
19030,94.14,55.19,94.96
19040,94.16,55.28,94.96
19050,94.16,55.42,94.96
19060,94.16,55.60,94.96
19070,94.16,55.51,94.96
19080,94.17,55.35,94.96
19090,94.19,55.29,94.96
19100,94.21,55.15,94.96
19110,94.23,55.14,94.96
19120,94.24,55.28,94.96
19130,94.24,55.43,94.96
19140,94.24,55.54,94.96
19150,94.24,55.60,94.96
19160,94.25,55.44,94.96
19170,94.26,55.21,94.96
19180,94.29,55.12,94.96
19190,94.31,55.13,94.96
19200,94.32,55.26,94.96
19210,94.32,55.57,94.96
19220,94.31,55.68,94.96
19230,94.31,55.55,94.96
19240,94.31,55.46,94.96
19250,94.33,55.21,94.96
19260,94.35,55.11,94.96
19270,94.37,55.27,94.96
19280,94.38,55.29,94.96
19290,94.38,55.57,94.96
19300,94.37,55.59,94.96
19310,94.38,55.49,94.96
19320,94.38,55.40,94.96
19330,94.40,55.27,94.96
19340,94.42,55.15,94.96
19350,94.43,55.19,94.96
19360,94.44,55.40,94.96
19370,94.44,55.53,94.96
19380,94.44,55.60,94.96
19390,94.43,55.55,94.96
19400,94.44,55.40,94.96
19410,94.46,55.19,94.96
19420,94.48,55.11,94.96
19430,94.49,55.19,94.96
19440,94.50,55.33,94.96
19450,94.50,55.53,94.96
19460,94.50,55.60,94.96
19470,94.50,55.56,94.96
19480,94.50,55.44,94.96
19490,94.51,55.33,94.96
19500,94.53,55.13,94.96
19510,94.54,55.27,94.96
19520,94.55,55.37,94.96
19530,94.55,55.44,94.96
19540,94.55,55.63,94.96
19550,94.55,55.51,94.96
19560,94.55,55.48,94.96
19570,94.56,55.28,94.96
19580,94.58,55.10,94.96
19590,94.60,55.21,94.96
19600,94.61,55.31,94.96
19610,94.61,55.48,94.96
19620,94.60,55.64,94.96
19630,94.60,55.61,94.96
19640,94.60,55.49,94.96
19650,94.60,55.36,94.96
19660,94.62,55.21,94.96
19670,94.64,55.09,94.96
19680,94.66,55.06,94.96
19690,94.67,55.19,94.96
19700,94.68,55.38,94.96
19710,94.68,55.49,94.96
19720,94.68,55.43,94.96
19730,94.69,55.39,94.96
19740,94.70,55.27,94.96
19750,94.72,55.04,94.96
19760,94.74,54.95,94.96
19770,94.76,55.03,94.96
19780,94.77,55.21,94.96
19790,94.78,55.38,94.96
19800,94.78,55.41,94.96
19810,94.79,55.22,94.96
19820,94.80,55.13,94.96
19830,94.82,54.99,94.96
19840,94.85,54.94,94.96
19850,94.87,55.04,94.96
19860,94.88,55.08,94.96
19870,94.89,55.26,94.96
19880,94.89,55.33,94.96
19890,94.89,55.27,94.96
19900,94.90,55.17,94.96
19910,94.93,54.94,94.96
19920,94.95,54.84,94.96
19930,94.97,54.97,94.96
19940,94.98,55.06,94.96
19950,94.98,55.27,94.96
19960,94.99,55.25,94.96
19970,95.00,55.07,94.96
19980,95.00,55.22,94.96
19990,95.01,55.25,94.96
20000,95.02,55.07,94.96
20010,95.03,33.41,57.92
20020,95.05,33.21,57.92
20030,95.05,33.09,57.92
20040,95.07,32.63,57.92
20050,95.09,32.33,57.92
20060,95.08,32.64,57.92
20070,95.08,32.20,57.92
20080,95.04,32.67,57.92
20090,95.02,32.20,57.92
20100,94.97,32.57,57.92
20110,94.89,32.86,57.92
20120,94.82,32.53,57.92
20130,94.73,32.74,57.92
20140,94.62,32.97,57.92
20150,94.48,33.41,57.92
20160,94.31,33.75,57.92
20170,94.12,34.17,57.92
20180,93.90,34.59,57.92
20190,93.67,34.81,57.92
20200,93.40,35.30,57.92
20210,93.11,35.74,57.92
20220,92.81,35.98,57.92
20230,92.47,36.52,57.92
20240,92.11,37.12,57.92
20250,91.72,37.71,57.92
20260,91.29,38.44,57.92
20270,90.83,38.96,57.92
20280,90.36,39.41,57.92
20290,89.86,40.06,57.92
20300,89.33,40.71,57.92
20310,88.77,41.60,57.92
20320,88.18,42.09,57.92
20330,87.57,42.72,57.92
20340,86.94,43.41,57.92
20350,86.27,44.17,57.92
20360,85.59,44.83,57.92
20370,84.87,45.75,57.92
20380,84.14,46.22,57.92
20390,83.38,47.13,57.92
20400,82.60,47.74,57.92
20410,81.80,48.39,57.92
20420,80.98,49.16,57.92
20430,80.15,49.74,57.92
20440,79.31,50.18,57.92
20450,78.45,51.02,57.92
20460,77.58,51.71,57.92
20470,76.70,52.09,57.92
20480,75.80,52.91,57.92
20490,74.90,53.46,57.92
20500,73.99,53.90,57.92
20510,73.07,54.66,57.92
20520,72.15,54.96,57.92
20530,71.23,55.48,57.92
20540,70.31,55.94,57.92
20550,69.39,56.35,57.92
20560,68.49,56.58,57.92
20570,67.58,57.11,57.92
20580,66.66,57.67,57.92
20590,65.76,57.92,57.92
20600,64.88,57.85,57.92
20610,64.01,58.19,57.92
20620,63.15,58.42,57.92
20630,62.29,58.77,57.92
20640,61.45,58.98,57.92
20650,60.62,59.21,57.92
20660,59.80,59.46,57.92
20670,59.01,59.35,57.92
20680,58.23,59.66,57.92
20690,57.47,59.54,57.92
20700,56.73,59.64,57.92
20710,56.02,59.43,57.92
20720,55.34,59.21,57.92
20730,54.69,59.14,57.92
20740,54.06,59.01,57.92
20750,53.45,59.09,57.92
20760,52.85,59.13,57.92
20770,52.26,59.42,57.92
20780,51.69,59.37,57.92
20790,51.15,59.02,57.92
20800,50.65,58.74,57.92
20810,50.19,58.14,57.92
20820,49.77,57.58,57.92
20830,49.39,57.33,57.92
20840,49.02,57.19,57.92
20850,48.67,57.06,57.92
20860,48.34,56.94,57.92
20870,48.02,56.94,57.92
20880,47.73,56.64,57.92
20890,47.46,56.37,57.92
20900,47.22,56.14,57.92
20910,46.99,55.90,57.92
20920,46.80,55.47,57.92
20930,46.63,55.26,57.92
20940,46.49,54.83,57.92
20950,46.36,54.57,57.92
20960,46.27,54.12,57.92
20970,46.19,53.88,57.92
20980,46.14,53.49,57.92
20990,46.12,53.00,57.92
21000,46.13,52.43,57.92
21010,46.17,51.92,57.92
21020,46.24,51.35,57.92
21030,46.33,50.99,57.92
21040,46.43,50.73,57.92
21050,46.55,50.47,57.92
21060,46.67,50.22,57.92
21070,46.81,50.00,57.92
21080,46.97,49.56,57.92
21090,47.15,49.26,57.92
21100,47.33,49.07,57.92
21110,47.52,48.87,57.92
21120,47.72,48.56,57.92
21130,47.93,48.37,57.92
21140,48.14,48.23,57.92
21150,48.36,48.09,57.92
21160,48.59,47.75,57.92
21170,48.82,47.69,57.92
21180,49.06,47.46,57.92
21190,49.30,47.28,57.92
21200,49.55,47.06,57.92
21210,49.79,47.09,57.92
21220,50.05,46.66,57.92
21230,50.30,46.87,57.92
21240,50.56,46.42,57.92
21250,50.82,46.35,57.92
21260,51.08,46.31,57.92
21270,51.35,45.94,57.92
21280,51.61,46.04,57.92
21290,51.88,45.79,57.92
21300,52.13,45.92,57.92
21310,52.39,45.70,57.92
21320,52.64,45.76,57.92
21330,52.90,45.64,57.92
21340,53.15,45.58,57.92
21350,53.39,45.61,57.92
21360,53.63,45.45,57.92
21370,53.87,45.55,57.92
21380,54.10,45.41,57.92
21390,54.33,45.53,57.92
21400,54.55,45.56,57.92
21410,54.76,45.54,57.92
21420,54.97,45.54,57.92
21430,55.18,45.38,57.92
21440,55.37,45.65,57.92
21450,55.56,45.76,57.92
21460,55.74,45.65,57.92
21470,55.92,45.77,57.92
21480,56.09,45.71,57.92
21490,56.26,45.74,57.92
21500,56.40,46.14,57.92
21510,56.55,45.99,57.92
21520,56.68,46.14,57.92
21530,56.81,46.33,57.92
21540,56.94,46.14,57.92
21550,57.05,46.48,57.92
21560,57.15,46.55,57.92
21570,57.25,46.63,57.92
21580,57.32,46.99,57.92
21590,57.40,46.91,57.92
21600,57.47,46.99,57.92
21610,57.53,47.35,57.92
21620,57.59,47.22,57.92
21630,57.63,47.56,57.92
21640,57.66,47.76,57.92
21650,57.68,47.76,57.92
21660,57.70,47.97,57.92
21670,57.71,48.13,57.92
21680,57.71,48.26,57.92
21690,57.70,48.53,57.92
21700,57.70,48.48,57.92
21710,57.68,48.77,57.92
21720,57.66,48.77,57.92
21730,57.63,48.99,57.92
21740,57.59,49.03,57.92
21750,57.56,49.14,57.92
21760,57.51,49.37,57.92
21770,57.47,49.28,57.92
21780,57.42,49.59,57.92
21790,57.37,49.54,57.92
21800,57.31,49.83,57.92
21810,57.25,49.86,57.92
21820,57.18,50.01,57.92
21830,57.12,49.93,57.92
21840,57.05,50.08,57.92
21850,56.99,50.09,57.92
21860,56.91,50.31,57.92
21870,56.84,50.27,57.92
21880,56.77,50.35,57.92
21890,56.70,50.43,57.92
21900,56.64,50.33,57.92
21910,56.56,50.53,57.92
21920,56.50,50.38,57.92
21930,56.43,50.68,57.92
21940,56.36,50.48,57.92
21950,56.31,50.45,57.92
21960,56.24,50.67,57.92
21970,56.18,50.48,57.92
21980,56.12,50.72,57.92
21990,56.07,50.46,57.92
22000,56.01,50.75,57.92
22010,55.95,50.69,57.92
22020,55.90,50.56,57.92
22030,55.84,50.93,57.92
22040,55.79,50.59,57.92
22050,55.75,50.62,57.92
22060,55.71,50.57,57.92
22070,55.67,50.51,57.92
22080,55.63,50.62,57.92
22090,55.60,50.54,57.92
22100,55.57,50.53,57.92
22110,55.55,50.38,57.92
22120,55.53,50.34,57.92
22130,55.50,50.53,57.92
22140,55.49,50.28,57.92
22150,55.47,50.33,57.92
22160,55.45,50.42,57.92
22170,55.45,50.16,57.92
22180,55.43,50.47,57.92
22190,55.43,50.25,57.92
22200,55.43,50.05,57.92
22210,55.42,50.35,57.92
22220,55.43,50.05,57.92
22230,55.43,50.13,57.92
22240,55.44,50.00,57.92
22250,55.46,49.98,57.92
22260,55.47,49.96,57.92
22270,55.48,50.05,57.92
22280,55.50,49.83,57.92
22290,55.51,49.93,57.92
22300,55.53,49.89,57.92
22310,55.55,49.96,57.92
22320,55.57,49.89,57.92
22330,55.59,49.83,57.92
22340,55.60,49.98,57.92
22350,55.63,49.72,57.92
22360,55.65,49.89,57.92
22370,55.67,49.89,57.92
22380,55.70,49.69,57.92
22390,55.72,49.94,57.92
22400,55.74,49.70,57.92
22410,55.76,49.88,57.92
22420,55.78,49.93,57.92
22430,55.81,49.71,57.92
22440,55.84,49.80,57.92
22450,55.86,49.88,57.92
22460,55.88,49.80,57.92
22470,55.90,49.83,57.92
22480,55.93,49.78,57.92
22490,55.95,49.91,57.92
22500,55.97,49.79,57.92
22510,56.00,49.81,57.92
22520,56.02,49.90,57.92
22530,56.04,49.74,57.92
22540,56.05,50.12,57.92
22550,56.08,49.82,57.92
22560,56.10,49.79,57.92
22570,56.11,50.01,57.92
22580,56.14,49.81,57.92
22590,56.15,50.12,57.92
22600,56.17,49.89,57.92
22610,56.18,49.96,57.92
22620,56.20,50.07,57.92
22630,56.21,50.02,57.92
22640,56.22,50.05,57.92
22650,56.24,49.93,57.92
22660,56.25,50.07,57.92
22670,56.28,49.89,57.92
22680,56.28,50.15,57.92
22690,56.30,49.95,57.92
22700,56.31,50.10,57.92
22710,56.32,50.27,57.92
22720,56.34,49.92,57.92
22730,56.35,50.12,57.92
22740,56.36,50.06,57.92
22750,56.37,50.17,57.92
22760,56.38,50.18,57.92
22770,56.39,50.07,57.92
22780,56.40,50.20,57.92
22790,56.41,50.16,57.92
22800,56.42,50.25,57.92
22810,56.43,50.06,57.92
22820,56.44,50.28,57.92
22830,56.45,50.21,57.92
22840,56.46,50.12,57.92
22850,56.46,50.34,57.92
22860,56.48,50.06,57.92
22870,56.48,50.39,57.92
22880,56.49,50.18,57.92
22890,56.50,50.11,57.92
22900,56.51,50.37,57.92
22910,56.52,50.05,57.92
22920,56.53,50.33,57.92
22930,56.54,50.14,57.92
22940,56.55,50.28,57.92
22950,56.55,50.35,57.92
22960,56.57,50.13,57.92
22970,56.57,50.42,57.92
22980,56.58,50.15,57.92
22990,56.59,50.25,57.92
23000,56.59,50.42,57.92
23010,56.61,50.04,57.92
23020,56.62,50.43,57.92
23030,56.63,50.11,57.92
23040,56.64,50.36,57.92
23050,56.65,50.30,57.92
23060,56.66,50.16,57.92
23070,56.67,50.40,57.92
23080,56.68,50.17,57.92
23090,56.69,50.30,57.92
23100,56.70,50.36,57.92
23110,56.71,50.24,57.92
23120,56.72,50.24,57.92
23130,56.73,50.23,57.92
23140,56.74,50.38,57.92
23150,56.75,50.20,57.92
23160,56.76,50.21,57.92
23170,56.77,50.35,57.92
23180,56.78,50.31,57.92
23190,56.79,50.23,57.92
23200,56.80,50.28,57.92
23210,56.81,50.29,57.92
23220,56.82,50.37,57.92
23230,56.83,50.35,57.92
23240,56.84,50.31,57.92
23250,56.85,50.36,57.92
23260,56.86,50.26,57.92
23270,56.86,50.53,57.92
23280,56.86,50.39,57.92
23290,56.87,50.41,57.92
23300,56.87,50.54,57.92
23310,56.88,50.30,57.92
23320,56.88,50.53,57.92
23330,56.89,50.30,57.92
23340,56.90,50.41,57.92
23350,56.90,50.39,57.92
23360,56.91,50.36,57.92
23370,56.91,50.57,57.92
23380,56.93,50.23,57.92
23390,56.93,50.42,57.92
23400,56.94,50.50,57.92
23410,56.96,50.15,57.92
23420,56.96,50.59,57.92
23430,56.96,50.44,57.92
23440,56.97,50.30,57.92
23450,56.98,50.49,57.92
23460,56.99,50.21,57.92
23470,57.00,50.40,57.92
23480,57.02,50.30,57.92
23490,57.02,50.42,57.92
23500,57.03,50.31,57.92
23510,57.04,50.41,57.92
23520,57.05,50.47,57.92
23530,57.06,50.29,57.92
23540,57.07,50.37,57.92
23550,57.08,50.39,57.92
23560,57.09,50.42,57.92
23570,57.09,50.40,57.92
23580,57.10,50.51,57.92
23590,57.10,50.44,57.92
23600,57.11,50.45,57.92
23610,57.12,50.43,57.92
23620,57.12,50.59,57.92
23630,57.12,50.50,57.92
23640,57.13,50.34,57.92
23650,57.13,50.67,57.92
23660,57.14,50.42,57.92
23670,57.15,50.41,57.92
23680,57.14,50.68,57.92
23690,57.15,50.45,57.92
23700,57.15,50.51,57.92
23710,57.16,50.57,57.92
23720,57.17,50.40,57.92
23730,57.17,50.55,57.92
23740,57.17,50.58,57.92
23750,57.18,50.37,57.92
23760,57.18,50.72,57.92
23770,57.19,50.46,57.92
23780,57.19,50.62,57.92
23790,57.19,50.60,57.92
23800,57.19,50.47,57.92
23810,57.20,50.44,57.92
23820,57.20,50.64,57.92
23830,57.21,50.43,57.92
23840,57.22,50.57,57.92
23850,57.22,50.46,57.92
23860,57.23,50.42,57.92
23870,57.24,50.51,57.92
23880,57.25,50.37,57.92
23890,57.26,50.56,57.92
23900,57.27,50.31,57.92
23910,57.28,50.59,57.92
23920,57.28,50.45,57.92
23930,57.30,50.39,57.92
23940,57.30,50.60,57.92
23950,57.31,50.42,57.92
23960,57.32,50.42,57.92
23970,57.32,50.50,57.92
23980,57.34,50.39,57.92
23990,57.35,50.43,57.92
24000,57.36,50.28,57.92
24010,57.37,54.89,65.48
24020,57.38,54.77,65.48
24030,57.39,54.91,65.48
24040,57.40,55.02,65.48
24050,57.41,54.93,65.48
24060,57.43,54.90,65.48
24070,57.44,55.07,65.48
24080,57.46,55.08,65.48
24090,57.49,54.71,65.48
24100,57.53,54.68,65.48
24110,57.56,54.69,65.48
24120,57.60,54.72,65.48
24130,57.65,54.43,65.48
24140,57.72,54.19,65.48
24150,57.79,54.10,65.48
24160,57.86,54.11,65.48
24170,57.94,54.03,65.48
24180,58.03,53.68,65.48
24190,58.14,53.36,65.48
24200,58.25,53.32,65.48
24210,58.35,53.37,65.48
24220,58.46,53.39,65.48
24230,58.57,53.14,65.48
24240,58.70,52.89,65.48
24250,58.83,52.71,65.48
24260,58.97,52.69,65.48
24270,59.10,52.56,65.48
24280,59.25,52.36,65.48
24290,59.41,52.09,65.48
24300,59.56,52.09,65.48
24310,59.72,52.02,65.48
24320,59.87,51.95,65.48
24330,60.03,51.79,65.48
24340,60.19,51.77,65.48
24350,60.35,51.72,65.48
24360,60.52,51.43,65.48
24370,60.70,51.29,65.48
24380,60.86,51.38,65.48
24390,61.03,51.35,65.48
24400,61.21,50.87,65.48
24410,61.39,50.95,65.48
24420,61.55,51.26,65.48
24430,61.73,50.76,65.48
24440,61.90,50.76,65.48
24450,62.07,50.84,65.48
24460,62.25,50.62,65.48
24470,62.43,50.45,65.48
24480,62.59,50.72,65.48
24490,62.77,50.28,65.48
24500,62.93,50.44,65.48
24510,63.10,50.48,65.48
24520,63.26,50.26,65.48
24530,63.43,50.31,65.48
24540,63.58,50.38,65.48
24550,63.74,50.19,65.48
24560,63.90,50.24,65.48
24570,64.04,50.35,65.48
24580,64.20,50.04,65.48
24590,64.32,50.55,65.48
24600,64.47,50.02,65.48
24610,64.61,50.28,65.48
24620,64.74,50.23,65.48
24630,64.87,50.20,65.48
24640,64.99,50.32,65.48
24650,65.11,50.26,65.48
24660,65.23,50.29,65.48
24670,65.34,50.28,65.48
24680,65.45,50.21,65.48
24690,65.56,50.38,65.48
24700,65.65,50.50,65.48
24710,65.74,50.48,65.48
24720,65.82,50.70,65.48
24730,65.91,50.46,65.48
24740,65.98,50.64,65.48
24750,66.05,50.74,65.48
24760,66.12,50.64,65.48
24770,66.17,50.99,65.48
24780,66.23,50.86,65.48
24790,66.28,51.02,65.48
24800,66.33,50.94,65.48
24810,66.37,51.06,65.48
24820,66.40,51.21,65.48
24830,66.44,51.08,65.48
24840,66.47,51.27,65.48
24850,66.50,51.16,65.48
24860,66.52,51.44,65.48
24870,66.54,51.40,65.48
24880,66.55,51.52,65.48
24890,66.56,51.55,65.48
24900,66.56,51.61,65.48
24910,66.57,51.68,65.48
24920,66.57,51.61,65.48
24930,66.57,51.62,65.48
24940,66.57,51.89,65.48
24950,66.57,51.68,65.48
24960,66.56,51.85,65.48
24970,66.54,51.98,65.48
24980,66.54,51.82,65.48
24990,66.53,51.82,65.48
25000,66.51,52.02,65.48
25010,66.50,51.96,65.48
25020,66.48,52.00,65.48
25030,66.47,51.95,65.48
25040,66.45,52.18,65.48
25050,66.44,51.89,65.48
25060,66.42,52.05,65.48
25070,66.40,52.06,65.48
25080,66.39,51.90,65.48
25090,66.38,52.01,65.48
25100,66.36,52.00,65.48
25110,66.35,52.00,65.48
25120,66.34,51.87,65.48
25130,66.32,52.03,65.48
25140,66.31,51.92,65.48
25150,66.31,51.82,65.48
25160,66.29,52.07,65.48
25170,66.28,51.93,65.48
25180,66.27,51.88,65.48
25190,66.26,51.90,65.48
25200,66.25,51.91,65.48
25210,66.25,51.87,65.48
25220,66.24,51.79,65.48
25230,66.23,52.00,65.48
25240,66.22,51.83,65.48
25250,66.22,51.83,65.48
25260,66.21,51.87,65.48
25270,66.20,51.81,65.48
25280,66.20,51.74,65.48
25290,66.20,51.78,65.48
25300,66.19,51.84,65.48
25310,66.20,51.60,65.48
25320,66.19,51.78,65.48
25330,66.18,51.85,65.48
25340,66.19,51.62,65.48
25350,66.19,51.70,65.48
25360,66.19,51.67,65.48
25370,66.19,51.70,65.48
25380,66.19,51.52,65.48
25390,66.19,51.72,65.48
25400,66.19,51.60,65.48
25410,66.20,51.53,65.48
25420,66.20,51.69,65.48
25430,66.20,51.64,65.48
25440,66.20,51.56,65.48
25450,66.20,51.57,65.48
25460,66.20,51.72,65.48
25470,66.20,51.54,65.48
25480,66.21,51.53,65.48
25490,66.20,51.68,65.48
25500,66.20,51.62,65.48
25510,66.20,51.57,65.48
25520,66.20,51.61,65.48
25530,66.20,51.70,65.48
25540,66.20,51.51,65.48
25550,66.20,51.67,65.48
25560,66.19,51.73,65.48
25570,66.19,51.52,65.48
25580,66.19,51.61,65.48
25590,66.19,51.67,65.48
25600,66.18,51.68,65.48
25610,66.19,51.46,65.48
25620,66.18,51.73,65.48
25630,66.17,51.60,65.48
25640,66.18,51.48,65.48
25650,66.17,51.70,65.48
25660,66.17,51.54,65.48
25670,66.17,51.60,65.48
25680,66.17,51.49,65.48
25690,66.16,51.70,65.48
25700,66.17,51.45,65.48
25710,66.17,51.52,65.48
25720,66.16,51.63,65.48
25730,66.17,51.43,65.48
25740,66.17,51.47,65.48
25750,66.16,51.58,65.48
25760,66.16,51.53,65.48
25770,66.17,51.41,65.48
25780,66.16,51.68,65.48
25790,66.16,51.55,65.48
25800,66.16,51.50,65.48
25810,66.15,51.55,65.48
25820,66.15,51.61,65.48
25830,66.15,51.35,65.48
25840,66.14,51.73,65.48
25850,66.14,51.58,65.48
25860,66.14,51.45,65.48
25870,66.13,51.57,65.48
25880,66.13,51.59,65.48
25890,66.14,51.30,65.48
25900,66.13,51.62,65.48
25910,66.12,51.60,65.48
25920,66.13,51.36,65.48
25930,66.12,51.62,65.48
25940,66.11,51.53,65.48
25950,66.12,51.41,65.48
25960,66.11,51.54,65.48
25970,66.11,51.45,65.48
25980,66.12,51.36,65.48
25990,66.11,51.47,65.48
26000,66.12,51.38,65.48
26010,66.12,51.40,65.48
26020,66.11,51.55,65.48
26030,66.11,51.49,65.48
26040,66.11,51.42,65.48
26050,66.11,51.45,65.48
26060,66.10,51.56,65.48
26070,66.10,51.41,65.48
26080,66.09,51.50,65.48
26090,66.09,51.51,65.48
26100,66.09,51.39,65.48
26110,66.08,51.64,65.48
26120,66.07,51.66,65.48
26130,66.06,51.59,65.48
26140,66.05,51.52,65.48
26150,66.04,51.55,65.48
26160,66.03,51.69,65.48
26170,66.02,51.62,65.48
26180,66.01,51.52,65.48
26190,66.01,51.57,65.48
26200,66.00,51.60,65.48
26210,65.99,51.56,65.48
26220,65.98,51.62,65.48
26230,65.97,51.71,65.48
26240,65.96,51.56,65.48
26250,65.95,51.62,65.48
26260,65.94,51.70,65.48
26270,65.93,51.48,65.48
26280,65.93,51.61,65.48
26290,65.91,51.75,65.48
26300,65.91,51.36,65.48
26310,65.90,51.65,65.48
26320,65.89,51.73,65.48
26330,65.89,51.45,65.48
26340,65.87,51.76,65.48
26350,65.86,51.73,65.48
26360,65.86,51.54,65.48
26370,65.85,51.66,65.48
26380,65.83,51.85,65.48
26390,65.83,51.43,65.48
26400,65.82,51.70,65.48
26410,65.80,51.70,65.48
26420,65.80,51.64,65.48
26430,65.79,51.66,65.48
26440,65.77,51.76,65.48
26450,65.77,51.50,65.48
26460,65.77,51.60,65.48
26470,65.75,51.73,65.48
26480,65.75,51.49,65.48
26490,65.75,51.61,65.48
26500,65.74,51.62,65.48
26510,65.74,51.59,65.48
26520,65.73,51.56,65.48
26530,65.72,51.72,65.48
26540,65.72,51.60,65.48
26550,65.71,51.52,65.48
26560,65.71,51.50,65.48
26570,65.70,51.72,65.48
26580,65.71,51.40,65.48
26590,65.70,51.64,65.48
26600,65.69,51.70,65.48
26610,65.70,51.44,65.48
26620,65.69,51.65,65.48
26630,65.68,51.76,65.48
26640,65.68,51.38,65.48
26650,65.67,51.71,65.48
26660,65.67,51.59,65.48
26670,65.67,51.46,65.48
26680,65.66,51.68,65.48
26690,65.65,51.65,65.48
26700,65.66,51.49,65.48
26710,65.65,51.70,65.48
26720,65.65,51.54,65.48
26730,65.65,51.40,65.48
26740,65.65,51.54,65.48
26750,65.65,51.52,65.48
26760,65.65,51.41,65.48
26770,65.65,51.57,65.48
26780,65.65,51.48,65.48
26790,65.66,51.43,65.48
26800,65.66,51.49,65.48
26810,65.66,51.48,65.48
26820,65.66,51.34,65.48
26830,65.67,51.39,65.48
26840,65.67,51.55,65.48
26850,65.68,51.30,65.48
26860,65.68,51.47,65.48
26870,65.67,51.54,65.48
26880,65.69,51.16,65.48
26890,65.69,51.47,65.48
26900,65.69,51.39,65.48
26910,65.70,51.27,65.48
26920,65.70,51.55,65.48
26930,65.70,51.39,65.48
26940,65.70,51.38,65.48
26950,65.70,51.58,65.48
26960,65.70,51.35,65.48
26970,65.70,51.52,65.48
26980,65.70,51.47,65.48
26990,65.69,51.58,65.48
27000,65.70,51.35,65.48
27010,65.69,51.67,65.48
27020,65.68,51.51,65.48
27030,65.69,51.40,65.48
27040,65.68,51.62,65.48
27050,65.67,51.63,65.48
27060,65.67,51.34,65.48
27070,65.66,51.76,65.48
27080,65.66,51.47,65.48
27090,65.66,51.51,65.48
27100,65.65,51.60,65.48
27110,65.65,51.56,65.48
27120,65.65,51.38,65.48
27130,65.64,51.57,65.48
27140,65.65,51.42,65.48
27150,65.64,51.50,65.48
27160,65.64,51.47,65.48
27170,65.64,51.58,65.48
27180,65.64,51.36,65.48
27190,65.64,51.56,65.48
27200,65.63,51.53,65.48
27210,65.64,51.34,65.48
27220,65.63,51.63,65.48
27230,65.64,51.35,65.48
27240,65.63,51.52,65.48
27250,65.63,51.46,65.48
27260,65.64,51.40,65.48
27270,65.64,51.45,65.48
27280,65.64,51.49,65.48
27290,65.63,51.51,65.48
27300,65.63,51.44,65.48
27310,65.63,51.46,65.48
27320,65.63,51.41,65.48
27330,65.64,51.32,65.48
27340,65.64,51.40,65.48
27350,65.64,51.54,65.48
27360,65.64,51.32,65.48
27370,65.64,51.43,65.48
27380,65.64,51.56,65.48
27390,65.65,51.24,65.48
27400,65.64,51.57,65.48
27410,65.64,51.48,65.48
27420,65.64,51.41,65.48
27430,65.64,51.38,65.48
27440,65.64,51.60,65.48
27450,65.64,51.36,65.48
27460,65.64,51.34,65.48
27470,65.63,51.65,65.48
27480,65.64,51.17,65.48
27490,65.63,51.65,65.48
27500,65.63,51.43,65.48
27510,65.64,51.34,65.48
27520,65.63,51.52,65.48
27530,65.63,51.45,65.48
27540,65.63,51.45,65.48
27550,65.63,51.38,65.48
27560,65.62,51.62,65.48
27570,65.64,51.20,65.48
27580,65.63,51.56,65.48
27590,65.64,51.29,65.48
27600,65.65,51.19,65.48
27610,65.64,51.52,65.48
27620,65.65,51.20,65.48
27630,65.66,51.24,65.48
27640,65.66,51.49,65.48
27650,65.67,51.14,65.48
27660,65.67,51.34,65.48
27670,65.67,51.31,65.48
27680,65.68,51.22,65.48
27690,65.69,51.33,65.48
27700,65.69,51.37,65.48
27710,65.68,51.41,65.48
27720,65.69,51.24,65.48
27730,65.67,51.75,65.48
27740,65.68,51.26,65.48
27750,65.67,51.60,65.48
27760,65.66,51.46,65.48
27770,65.67,51.26,65.48
27780,65.67,51.30,65.48
27790,65.68,51.24,65.48
27800,65.68,51.42,65.48
27810,65.67,51.58,65.48
27820,65.65,51.74,65.48
27830,65.63,51.71,65.48
27840,65.62,51.75,65.48
27850,65.60,51.77,65.48
27860,65.60,51.26,65.48
27870,65.61,51.37,65.48
27880,65.61,51.39,65.48
27890,65.62,51.07,65.48
27900,65.61,51.65,65.48
27910,65.61,51.45,65.48
27920,65.60,51.49,65.48
27930,65.58,51.87,65.48
27940,65.57,51.54,65.48
27950,65.57,51.45,65.48
27960,65.57,51.50,65.48
27970,65.58,51.21,65.48
27980,65.58,51.30,65.48
27990,65.59,51.20,65.48
28000,65.59,51.41,65.48
28010,65.60,57.81,76.67
28020,65.59,58.20,76.67
28030,65.58,58.27,76.67
28040,65.58,58.18,76.67
28050,65.57,58.34,76.67
28060,65.58,58.17,76.67
28070,65.59,58.08,76.67
28080,65.62,57.93,76.67
28090,65.65,57.83,76.67
28100,65.69,57.83,76.67
28110,65.73,57.70,76.67
28120,65.77,57.78,76.67
28130,65.83,57.55,76.67
28140,65.88,57.56,76.67
28150,65.95,57.44,76.67
28160,66.03,57.09,76.67
28170,66.13,56.83,76.67
28180,66.24,56.56,76.67
28190,66.36,56.30,76.67
28200,66.49,56.17,76.67
28210,66.63,56.12,76.67
28220,66.77,55.97,76.67
28230,66.91,55.90,76.67
28240,67.06,55.72,76.67
28250,67.21,55.58,76.67
28260,67.38,55.28,76.67
28270,67.56,55.08,76.67
28280,67.75,54.69,76.67
28290,67.94,54.64,76.67
28300,68.14,54.44,76.67
28310,68.35,54.30,76.67
28320,68.54,54.35,76.67
28330,68.75,54.18,76.67
28340,68.96,54.02,76.67
28350,69.17,53.73,76.67
28360,69.41,53.27,76.67
28370,69.66,52.99,76.67
28380,69.91,52.72,76.67
28390,70.17,52.65,76.67
28400,70.42,52.63,76.67
28410,70.67,52.39,76.67
28420,70.93,52.32,76.67
28430,71.18,52.19,76.67
28440,71.43,52.13,76.67
28450,71.68,52.11,76.67
28460,71.93,52.02,76.67
28470,72.19,51.73,76.67
28480,72.45,51.43,76.67
28490,72.71,51.47,76.67
28500,72.96,51.47,76.67
28510,73.21,51.37,76.67
28520,73.45,51.38,76.67
28530,73.68,51.54,76.67
28540,73.90,51.66,76.67
28550,74.12,51.52,76.67
28560,74.33,51.43,76.67
28570,74.56,51.21,76.67
28580,74.78,51.24,76.67
28590,74.99,51.14,76.67
28600,75.20,51.09,76.67
28610,75.41,51.11,76.67
28620,75.62,51.02,76.67
28630,75.80,51.32,76.67
28640,75.99,51.17,76.67
28650,76.17,51.23,76.67
28660,76.34,51.23,76.67
28670,76.51,51.34,76.67
28680,76.69,50.89,76.67
28690,76.84,51.33,76.67
28700,77.01,51.09,76.67
28710,77.17,51.04,76.67
28720,77.30,51.53,76.67
28730,77.43,51.48,76.67
28740,77.55,51.52,76.67
28750,77.65,51.96,76.67
28760,77.77,51.53,76.67
28770,77.87,51.68,76.67
28780,77.98,51.70,76.67
28790,78.08,51.66,76.67
28800,78.17,51.69,76.67
28810,78.25,51.98,76.67
28820,78.32,52.14,76.67
28830,78.38,52.16,76.67
28840,78.43,52.45,76.67
28850,78.47,52.50,76.67
28860,78.53,52.25,76.67
28870,78.56,52.64,76.67
28880,78.60,52.49,76.67
28890,78.64,52.35,76.67
28900,78.67,52.66,76.67
28910,78.68,52.96,76.67
28920,78.69,52.97,76.67
28930,78.70,52.88,76.67
28940,78.69,53.32,76.67
28950,78.68,53.39,76.67
28960,78.67,53.16,76.67
28970,78.66,53.36,76.67
28980,78.65,53.40,76.67
28990,78.65,53.12,76.67
29000,78.64,53.12,76.67
29010,78.62,53.61,76.67
29020,78.58,53.79,76.67
29030,78.56,53.55,76.67
29040,78.54,53.48,76.67
29050,78.51,53.74,76.67
29060,78.47,53.84,76.67
29070,78.44,53.73,76.67
29080,78.41,53.62,76.67
29090,78.38,53.68,76.67
29100,78.34,53.94,76.67
29110,78.30,53.90,76.67
29120,78.27,53.79,76.67
29130,78.24,53.86,76.67
29140,78.19,54.07,76.67
29150,78.14,54.29,76.67
29160,78.09,54.18,76.67
29170,78.05,53.93,76.67
29180,78.02,53.90,76.67
29190,77.98,54.05,76.67
29200,77.94,54.08,76.67
29210,77.90,54.06,76.67
29220,77.87,53.86,76.67
29230,77.84,53.88,76.67
29240,77.80,54.12,76.67
29250,77.75,54.39,76.67
29260,77.70,54.41,76.67
29270,77.66,54.09,76.67
29280,77.63,53.91,76.67
29290,77.61,53.78,76.67
29300,77.59,53.95,76.67
29310,77.56,53.98,76.67
29320,77.53,53.88,76.67
29330,77.51,53.84,76.67
29340,77.50,53.74,76.67
29350,77.47,53.95,76.67
29360,77.44,54.13,76.67
29370,77.41,54.06,76.67
29380,77.39,53.78,76.67
29390,77.38,53.72,76.67
29400,77.37,53.62,76.67
29410,77.35,53.78,76.67
29420,77.33,53.94,76.67
29430,77.32,53.76,76.67
29440,77.31,53.63,76.67
29450,77.30,53.74,76.67
29460,77.28,53.84,76.67
29470,77.25,54.05,76.67
29480,77.23,53.90,76.67
29490,77.23,53.58,76.67
29500,77.23,53.46,76.67
29510,77.23,53.50,76.67
29520,77.23,53.62,76.67
29530,77.22,53.70,76.67
29540,77.21,53.65,76.67
29550,77.21,53.53,76.67
29560,77.21,53.53,76.67
29570,77.20,53.68,76.67
29580,77.19,53.63,76.67
29590,77.19,53.41,76.67
29600,77.20,53.29,76.67
29610,77.21,53.30,76.67
29620,77.22,53.42,76.67
29630,77.21,53.51,76.67
29640,77.22,53.32,76.67
29650,77.22,53.46,76.67
29660,77.21,53.59,76.67
29670,77.20,53.72,76.67
29680,77.19,53.61,76.67
29690,77.20,53.36,76.67
29700,77.20,53.32,76.67
29710,77.21,53.40,76.67
29720,77.20,53.63,76.67
29730,77.19,53.65,76.67
29740,77.19,53.48,76.67
29750,77.19,53.33,76.67
29760,77.19,53.39,76.67
29770,77.19,53.53,76.67
29780,77.18,53.58,76.67
29790,77.18,53.40,76.67
29800,77.18,53.48,76.67
29810,77.18,53.51,76.67
29820,77.18,53.36,76.67
29830,77.19,53.32,76.67
29840,77.18,53.47,76.67
29850,77.18,53.56,76.67
29860,77.16,53.63,76.67
29870,77.16,53.42,76.67
29880,77.17,53.31,76.67
29890,77.17,53.41,76.67
29900,77.16,53.54,76.67
29910,77.15,53.59,76.67
29920,77.16,53.34,76.67
29930,77.16,53.22,76.67
29940,77.16,53.48,76.67
29950,77.14,53.75,76.67
29960,77.14,53.50,76.67
29970,77.14,53.41,76.67
29980,77.13,53.45,76.67
29990,77.13,53.48,76.67
30000,77.13,53.47,76.67
30010,77.14,53.18,76.67
30020,77.16,53.01,76.67
30030,77.16,53.33,76.67
30040,77.15,53.50,76.67
30050,77.15,53.42,76.67
30060,77.16,53.20,76.67
30070,77.16,53.19,76.67
30080,77.16,53.36,76.67
30090,77.16,53.46,76.67
30100,77.17,53.17,76.67
30110,77.18,53.00,76.67
30120,77.18,53.35,76.67
30130,77.17,53.52,76.67
30140,77.17,53.38,76.67
30150,77.18,53.15,76.67
30160,77.18,53.26,76.67
30170,77.17,53.57,76.67
30180,77.16,53.40,76.67
30190,77.17,53.12,76.67
30200,77.18,53.19,76.67
30210,77.17,53.42,76.67
30220,77.16,53.56,76.67
30230,77.16,53.33,76.67
30240,77.15,53.35,76.67
30250,77.14,53.59,76.67
30260,77.12,53.65,76.67
30270,77.12,53.38,76.67
30280,77.12,53.22,76.67
30290,77.12,53.50,76.67
30300,77.10,53.59,76.67
30310,77.10,53.44,76.67
30320,77.10,53.27,76.67
30330,77.09,53.43,76.67
30340,77.08,53.60,76.67
30350,77.06,53.65,76.67
30360,77.06,53.42,76.67
30370,77.05,53.40,76.67
30380,77.04,53.55,76.67
30390,77.03,53.49,76.67
30400,77.03,53.29,76.67
30410,77.03,53.31,76.67
30420,77.03,53.49,76.67
30430,77.02,53.55,76.67
30440,77.01,53.46,76.67
30450,77.01,53.40,76.67
30460,77.00,53.50,76.67
30470,76.99,53.58,76.67
30480,76.98,53.44,76.67
30490,76.99,53.22,76.67
30500,76.99,53.16,76.67
30510,77.00,53.27,76.67
30520,76.99,53.38,76.67
30530,77.00,53.17,76.67
30540,77.01,53.05,76.67
30550,77.01,53.33,76.67
30560,77.00,53.60,76.67
30570,76.99,53.47,76.67
30580,76.99,53.23,76.67
30590,77.00,53.23,76.67
30600,76.99,53.42,76.67
30610,76.99,53.43,76.67
30620,76.99,53.15,76.67
30630,77.01,53.03,76.67
30640,77.01,53.26,76.67
30650,77.00,53.37,76.67
30660,77.00,53.39,76.67
30670,77.00,53.20,76.67
30680,77.00,53.37,76.67
30690,76.98,53.61,76.67
30700,76.97,53.57,76.67
30710,76.97,53.32,76.67
30720,76.97,53.24,76.67
30730,76.96,53.40,76.67
30740,76.96,53.48,76.67
30750,76.95,53.31,76.67
30760,76.96,53.27,76.67
30770,76.95,53.32,76.67
30780,76.94,53.52,76.67
30790,76.93,53.62,76.67
30800,76.92,53.36,76.67
30810,76.92,53.49,76.67
30820,76.91,53.48,76.67
30830,76.91,53.27,76.67
30840,76.91,53.37,76.67
30850,76.91,53.33,76.67
30860,76.90,53.41,76.67
30870,76.89,53.59,76.67
30880,76.88,53.39,76.67
30890,76.88,53.37,76.67
30900,76.87,53.51,76.67
30910,76.86,53.52,76.67
30920,76.85,53.47,76.67
30930,76.85,53.35,76.67
30940,76.85,53.46,76.67
30950,76.83,53.65,76.67
30960,76.82,53.63,76.67
30970,76.81,53.42,76.67
30980,76.80,53.60,76.67
30990,76.80,53.38,76.67
31000,76.79,53.48,76.67
31010,76.79,53.50,76.67
31020,76.79,53.29,76.67
31030,76.78,53.49,76.67
31040,76.77,53.59,76.67
31050,76.76,53.51,76.67
31060,76.76,53.38,76.67
31070,76.76,53.51,76.67
31080,76.74,53.66,76.67
31090,76.72,53.78,76.67
31100,76.71,53.60,76.67
31110,76.71,53.46,76.67
31120,76.70,53.56,76.67
31130,76.68,53.71,76.67
31140,76.67,53.61,76.67
31150,76.67,53.46,76.67
31160,76.68,53.36,76.67
31170,76.66,53.63,76.67
31180,76.64,53.84,76.67
31190,76.63,53.66,76.67
31200,76.64,53.40,76.67
31210,76.64,53.36,76.67
31220,76.64,53.43,76.67
31230,76.63,53.70,76.67
31240,76.62,53.61,76.67
31250,76.61,53.55,76.67
31260,76.61,53.47,76.67
31270,76.61,53.62,76.67
31280,76.60,53.60,76.67
31290,76.60,53.51,76.67
31300,76.60,53.40,76.67
31310,76.60,53.46,76.67
31320,76.59,53.62,76.67
31330,76.58,53.66,76.67
31340,76.58,53.53,76.67
31350,76.59,53.33,76.67
31360,76.59,53.51,76.67
31370,76.58,53.67,76.67
31380,76.57,53.68,76.67
31390,76.56,53.66,76.67
31400,76.56,53.44,76.67
31410,76.56,53.41,76.67
31420,76.55,53.69,76.67
31430,76.55,53.61,76.67
31440,76.55,53.47,76.67
31450,76.56,53.29,76.67
31460,76.57,53.31,76.67
31470,76.57,53.57,76.67
31480,76.56,53.66,76.67
31490,76.56,53.56,76.67
31500,76.56,53.44,76.67
31510,76.57,53.22,76.67
31520,76.57,53.47,76.67
31530,76.57,53.61,76.67
31540,76.57,53.47,76.67
31550,76.57,53.43,76.67
31560,76.58,53.37,76.67
31570,76.57,53.62,76.67
31580,76.56,53.82,76.67
31590,76.55,53.61,76.67
31600,76.56,53.42,76.67
31610,76.57,53.31,76.67
31620,76.57,53.45,76.67
31630,76.56,53.67,76.67
31640,76.56,53.50,76.67
31650,76.56,53.45,76.67
31660,76.57,53.42,76.67
31670,76.57,53.51,76.67
31680,76.56,53.72,76.67
31690,76.56,53.48,76.67
31700,76.57,53.39,76.67
31710,76.57,53.49,76.67
31720,76.57,53.52,76.67
31730,76.56,53.71,76.67
31740,76.55,53.63,76.67
31750,76.56,53.32,76.67
31760,76.56,53.53,76.67
31770,76.56,53.58,76.67
31780,76.55,53.75,76.67
31790,76.54,53.72,76.67
31800,76.54,53.50,76.67
31810,76.54,53.48,76.67
31820,76.54,53.59,76.67
31830,76.53,53.62,76.67
31840,76.54,53.46,76.67
31850,76.55,53.29,76.67
31860,76.56,53.34,76.67
31870,76.56,53.56,76.67
31880,76.55,53.75,76.67
31890,76.54,53.62,76.67
31900,76.55,53.45,76.67
31910,76.55,53.46,76.67
31920,76.55,53.58,76.67
31930,76.55,53.62,76.67
31940,76.55,53.53,76.67
31950,76.55,53.39,76.67
31960,76.56,53.33,76.67
31970,76.56,53.60,76.67
31980,76.55,53.71,76.67
31990,76.55,53.61,76.67
32000,76.55,53.47,76.67
32010,76.56,73.99,111.91
32020,76.55,74.38,111.91
32030,76.54,74.74,111.91
32040,76.53,74.99,111.91
32050,76.52,75.21,111.91
32060,76.51,75.51,111.91
32070,76.51,75.64,111.91
32080,76.56,74.73,111.91
32090,76.64,74.18,111.91
32100,76.67,75.55,111.91
32110,76.83,73.13,111.91
32120,76.92,74.49,111.91
32130,77.11,72.90,111.91
32140,77.35,71.86,111.91
32150,77.62,71.30,111.91
32160,77.84,72.38,111.91
32170,78.14,70.81,111.91
32180,78.54,68.93,111.91
32190,78.94,68.83,111.91
32200,79.41,67.49,111.91
32210,79.87,67.45,111.91
32220,80.34,67.30,111.91
32230,80.90,65.39,111.91
32240,81.50,64.49,111.91
32250,82.06,65.13,111.91
32260,82.72,62.93,111.91
32270,83.39,62.44,111.91
32280,84.04,62.73,111.91
32290,84.79,60.58,111.91
32300,85.48,61.36,111.91
32310,86.28,59.07,111.91
32320,87.02,59.79,111.91
32330,87.85,57.88,111.91
32340,88.66,57.87,111.91
32350,89.49,57.15,111.91
32360,90.37,55.83,111.91
32370,91.22,55.93,111.91
32380,92.09,55.25,111.91
32390,92.99,54.29,111.91
32400,93.91,53.63,111.91
32410,94.82,53.20,111.91
32420,95.72,52.93,111.91
32430,96.63,52.60,111.91
32440,97.54,51.96,111.91
32450,98.46,51.40,111.91
32460,99.37,50.91,111.91
32470,100.29,50.45,111.91
32480,101.21,50.14,111.91
32490,102.12,49.74,111.91
32500,103.03,49.28,111.91
32510,103.94,48.77,111.91
32520,104.86,48.11,111.91
32530,105.78,47.69,111.91
32540,106.67,47.79,111.91
32550,107.54,47.58,111.91
32560,108.43,46.89,111.91
32570,109.31,46.45,111.91
32580,110.15,46.78,111.91
32590,111.00,46.18,111.91
32600,111.83,46.09,111.91
32610,112.64,45.95,111.91
32620,113.45,45.48,111.91
32630,114.23,45.70,111.91
32640,115.02,45.09,111.91
32650,115.76,45.47,111.91
32660,116.51,44.89,111.91
32670,117.22,45.17,111.91
32680,117.95,44.45,111.91
32690,118.63,44.87,111.91
32700,119.32,44.29,111.91
32710,119.97,44.66,111.91
32720,120.62,44.22,111.91
32730,121.24,44.28,111.91
32740,121.84,44.45,111.91
32750,122.45,43.82,111.91
32760,123.02,44.17,111.91
32770,123.58,43.93,111.91
32780,124.13,43.74,111.91
32790,124.65,44.03,111.91
32800,125.16,43.77,111.91
32810,125.67,43.49,111.91
32820,126.13,43.99,111.91
32830,126.60,43.53,111.91
32840,127.05,43.38,111.91
32850,127.47,43.78,111.91
32860,127.89,43.60,111.91
32870,128.30,43.17,111.91
32880,128.68,43.51,111.91
32890,129.04,43.81,111.91
32900,129.39,43.38,111.91
32910,129.74,43.32,111.91
32920,130.04,43.80,111.91
32930,130.34,43.72,111.91
32940,130.63,43.37,111.91
32950,130.91,43.42,111.91
32960,131.15,43.99,111.91
32970,131.39,43.82,111.91
32980,131.63,43.41,111.91
32990,131.84,43.76,111.91
33000,132.02,44.12,111.91
33010,132.19,44.17,111.91
33020,132.36,43.80,111.91
33030,132.52,43.84,111.91
33040,132.64,44.35,111.91
33050,132.75,44.47,111.91
33060,132.86,44.20,111.91
33070,132.97,44.09,111.91
33080,133.04,44.75,111.91
33090,133.08,44.98,111.91
33100,133.13,44.69,111.91
33110,133.18,44.61,111.91
33120,133.20,45.05,111.91
33130,133.18,45.52,111.91
33140,133.18,45.22,111.91
33150,133.15,45.55,111.91
33160,133.10,45.86,111.91
33170,133.04,46.10,111.91
33180,132.97,45.95,111.91
33190,132.91,45.87,111.91
33200,132.81,46.49,111.91
33210,132.70,46.54,111.91
33220,132.60,46.24,111.91
33230,132.48,46.76,111.91
33240,132.34,46.97,111.91
33250,132.21,46.73,111.91
33260,132.07,46.96,111.91
33270,131.91,47.34,111.91
33280,131.75,47.07,111.91
33290,131.59,47.29,111.91
33300,131.40,47.80,111.91
33310,131.22,47.52,111.91
33320,131.02,47.83,111.91
33330,130.83,47.82,111.91
33340,130.62,48.01,111.91
33350,130.40,48.44,111.91
33360,130.19,48.10,111.91
33370,129.94,48.83,111.91
33380,129.72,48.38,111.91
33390,129.46,49.16,111.91
33400,129.22,48.84,111.91
33410,128.96,49.20,111.91
33420,128.69,49.41,111.91
33430,128.44,49.23,111.91
33440,128.16,49.78,111.91
33450,127.90,49.39,111.91
33460,127.60,50.12,111.91
33470,127.34,49.67,111.91
33480,127.04,50.44,111.91
33490,126.76,50.00,111.91
33500,126.45,50.70,111.91
33510,126.17,50.27,111.91
33520,125.86,50.77,111.91
33530,125.57,50.59,111.91
33540,125.27,50.91,111.91
33550,124.96,51.14,111.91
33560,124.67,50.85,111.91
33570,124.35,51.55,111.91
33580,124.05,51.11,111.91
33590,123.73,51.73,111.91
33600,123.43,51.58,111.91
33610,123.12,51.62,111.91
33620,122.79,52.18,111.91
33630,122.50,51.64,111.91
33640,122.18,52.21,111.91
33650,121.87,52.27,111.91
33660,121.57,52.06,111.91
33670,121.25,52.59,111.91
33680,120.94,52.49,111.91
33690,120.64,52.33,111.91
33700,120.33,52.91,111.91
33710,120.02,52.76,111.91
33720,119.73,52.56,111.91
33730,119.43,53.06,111.91
33740,119.12,53.20,111.91
33750,118.84,52.80,111.91
33760,118.55,53.11,111.91
33770,118.24,53.55,111.91
33780,117.95,53.28,111.91
33790,117.68,53.18,111.91
33800,117.38,53.75,111.91
33810,117.09,53.79,111.91
33820,116.82,53.45,111.91
33830,116.55,53.65,111.91
33840,116.25,54.22,111.91
33850,115.96,54.24,111.91
33860,115.70,53.89,111.91
33870,115.44,53.96,111.91
33880,115.15,54.51,111.91
33890,114.87,54.72,111.91
33900,114.61,54.37,111.91
33910,114.36,54.24,111.91
33920,114.10,54.52,111.91
33930,113.84,54.81,111.91
33940,113.57,54.98,111.91
33950,113.33,54.73,111.91
33960,113.10,54.44,111.91
33970,112.88,54.54,111.91
33980,112.65,54.83,111.91
33990,112.40,55.14,111.91
34000,112.17,55.23,111.91
34010,111.94,55.03,111.91
34020,111.74,54.73,111.91
34030,111.55,54.74,111.91
34040,111.35,54.87,111.91
34050,111.14,55.17,111.91
34060,110.94,55.36,111.91
34070,110.74,55.32,111.91
34080,110.55,55.16,111.91
34090,110.38,54.89,111.91
34100,110.23,54.72,111.91
34110,110.07,54.83,111.91
34120,109.91,55.07,111.91
34130,109.74,55.28,111.91
34140,109.58,55.40,111.91
34150,109.42,55.29,111.91
34160,109.28,54.99,111.91
34170,109.16,54.87,111.91
34180,109.04,54.85,111.91
34190,108.92,54.79,111.91
34200,108.80,55.02,111.91
34210,108.68,55.21,111.91
34220,108.55,55.40,111.91
34230,108.43,55.36,111.91
34240,108.32,55.05,111.91
34250,108.23,54.95,111.91
34260,108.15,54.78,111.91
34270,108.07,54.77,111.91
34280,107.99,54.95,111.91
34290,107.90,55.15,111.91
34300,107.81,55.26,111.91
34310,107.72,55.18,111.91
34320,107.65,55.01,111.91
34330,107.60,54.75,111.91
34340,107.55,54.55,111.91
34350,107.52,54.46,111.91
34360,107.48,54.61,111.91
34370,107.43,54.79,111.91
34380,107.38,55.02,111.91
34390,107.32,55.03,111.91
34400,107.28,54.93,111.91
34410,107.25,54.66,111.91
34420,107.23,54.45,111.91
34430,107.22,54.37,111.91
34440,107.21,54.54,111.91
34450,107.18,54.77,111.91
34460,107.17,54.53,111.91
34470,107.15,54.60,111.91
34480,107.14,54.73,111.91
34490,107.12,54.66,111.91
34500,107.12,54.48,111.91
34510,107.12,54.44,111.91
34520,107.12,54.57,111.91
34530,107.12,54.59,111.91
34540,107.12,54.46,111.91
34550,107.14,54.20,111.91
34560,107.18,53.90,111.91
34570,107.21,53.92,111.91
34580,107.24,54.08,111.91
34590,107.25,54.35,111.91
34600,107.27,54.46,111.91
34610,107.29,54.27,111.91
34620,107.32,53.98,111.91
34630,107.36,53.87,111.91
34640,107.40,53.96,111.91
34650,107.43,54.10,111.91
34660,107.45,54.36,111.91
34670,107.48,54.29,111.91
34680,107.52,53.97,111.91
34690,107.56,53.91,111.91
34700,107.60,53.94,111.91
34710,107.63,54.23,111.91
34720,107.64,54.53,111.91
34730,107.67,54.34,111.91
34740,107.71,53.93,111.91
34750,107.76,53.88,111.91
34760,107.79,54.15,111.91
34770,107.82,54.37,111.91
34780,107.84,54.45,111.91
34790,107.87,54.18,111.91
34800,107.92,53.98,111.91
34810,107.96,53.96,111.91
34820,107.99,54.25,111.91
34830,108.01,54.49,111.91
34840,108.04,54.48,111.91
34850,108.08,54.10,111.91
34860,108.12,53.94,111.91
34870,108.17,53.95,111.91
34880,108.21,54.23,111.91
34890,108.23,54.52,111.91
34900,108.25,54.39,111.91
34910,108.30,54.04,111.91
34920,108.35,53.93,111.91
34930,108.39,54.08,111.91
34940,108.42,54.30,111.91
34950,108.44,54.53,111.91
34960,108.48,54.24,111.91
34970,108.52,53.99,111.91
34980,108.57,53.93,111.91
34990,108.62,53.97,111.91
35000,108.65,54.35,111.91
35010,108.68,54.42,111.91
35020,108.71,54.24,111.91
35030,108.76,53.92,111.91
35040,108.82,53.77,111.91
35050,108.86,54.00,111.91
35060,108.89,54.30,111.91
35070,108.92,54.32,111.91
35080,108.97,54.09,111.91
35090,109.02,53.76,111.91
35100,109.08,53.67,111.91
35110,109.13,53.96,111.91
35120,109.16,54.31,111.91
35130,109.20,54.11,111.91
35140,109.25,53.87,111.91
35150,109.31,53.63,111.91
35160,109.36,53.79,111.91
35170,109.39,54.09,111.91
35180,109.43,54.15,111.91
35190,109.47,53.96,111.91
35200,109.53,53.63,111.91
35210,109.59,53.60,111.91
35220,109.63,53.88,111.91
35230,109.67,54.08,111.91
35240,109.71,53.95,111.91
35250,109.76,53.59,111.91
35260,109.82,53.57,111.91
35270,109.86,53.90,111.91
35280,109.89,54.08,111.91
35290,109.93,53.88,111.91
35300,109.99,53.56,111.91
35310,110.04,53.58,111.91
35320,110.08,53.92,111.91
35330,110.11,54.12,111.91
35340,110.15,53.81,111.91
35350,110.21,53.43,111.91
35360,110.25,53.68,111.91
35370,110.28,54.02,111.91
35380,110.30,54.10,111.91
35390,110.35,53.72,111.91
35400,110.39,53.61,111.91
35410,110.44,53.68,111.91
35420,110.46,53.97,111.91
35430,110.49,54.03,111.91
35440,110.53,53.75,111.91
35450,110.58,53.53,111.91
35460,110.61,53.78,111.91
35470,110.63,54.01,111.91
35480,110.66,53.96,111.91
35490,110.70,53.71,111.91
35500,110.74,53.52,111.91
35510,110.78,53.78,111.91
35520,110.79,54.11,111.91
35530,110.81,54.06,111.91
35540,110.85,53.71,111.91
35550,110.88,53.60,111.91
35560,110.91,53.94,111.91
35570,110.92,54.14,111.91
35580,110.94,53.96,111.91
35590,110.98,53.67,111.91
35600,111.01,53.72,111.91
35610,111.03,53.93,111.91
35620,111.04,54.12,111.91
35630,111.06,53.90,111.91
35640,111.08,53.99,111.91
35650,111.11,53.79,111.91
35660,111.14,53.74,111.91
35670,111.16,53.87,111.91
35680,111.19,53.65,111.91
35690,111.22,53.69,111.91
35700,111.23,54.03,111.91
35710,111.23,54.25,111.91
35720,111.24,54.04,111.91
35730,111.27,53.70,111.91
35740,111.30,53.74,111.91
35750,111.31,54.14,111.91
35760,111.30,54.40,111.91
35770,111.30,54.21,111.91
35780,111.32,53.84,111.91
35790,111.35,53.79,111.91
35800,111.36,53.97,111.91
35810,111.36,54.26,111.91
35820,111.36,54.18,111.91
35830,111.38,53.87,111.91
35840,111.41,53.75,111.91
35850,111.42,53.91,111.91
35860,111.42,54.34,111.91
35870,111.41,54.33,111.91
35880,111.42,54.01,111.91
35890,111.45,53.73,111.91
35900,111.47,53.84,111.91
35910,111.47,54.14,111.91
35920,111.47,54.33,111.91
35930,111.47,54.07,111.91
35940,111.50,53.72,111.91
35950,111.52,53.71,111.91
35960,111.53,54.04,111.91
35970,111.53,54.23,111.91
35980,111.53,54.24,111.91
35990,111.54,53.99,111.91
36000,111.56,53.72,111.91
36010,111.58,16.32,47.47
36020,111.58,16.12,47.47
36030,111.58,15.88,47.47
36040,111.59,15.18,47.47
36050,111.54,15.92,47.47
36060,111.52,14.98,47.47
36070,111.47,15.03,47.47
36080,111.39,15.47,47.47
36090,111.30,15.04,47.47
36100,111.17,15.74,47.47
36110,111.00,16.04,47.47
36120,110.82,16.09,47.47
36130,110.60,16.58,47.47
36140,110.34,16.92,47.47
36150,110.06,17.27,47.47
36160,109.73,17.97,47.47
36170,109.36,18.59,47.47
36180,108.96,18.86,47.47
36190,108.53,19.56,47.47
36200,108.04,20.38,47.47
36210,107.52,21.04,47.47
36220,106.98,21.32,47.47
36230,106.40,22.17,47.47
36240,105.76,23.12,47.47
36250,105.08,24.01,47.47
36260,104.37,24.72,47.47
36270,103.62,25.66,47.47
36280,102.82,26.56,47.47
36290,102.00,27.27,47.47
36300,101.14,28.01,47.47
36310,100.24,29.03,47.47
36320,99.30,30.10,47.47
36330,98.31,31.26,47.47
36340,97.28,32.37,47.47
36350,96.21,33.36,47.47
36360,95.12,34.28,47.47
36370,93.98,35.35,47.47
36380,92.81,36.50,47.47
36390,91.60,37.78,47.47
36400,90.35,38.81,47.47
36410,89.09,39.67,47.47
36420,87.77,41.18,47.47
36430,86.41,42.54,47.47
36440,85.04,43.30,47.47
36450,83.62,44.81,47.47
36460,82.19,45.77,47.47
36470,80.73,46.86,47.47
36480,79.25,48.01,47.47
36490,77.73,49.31,47.47
36500,76.21,50.30,47.47
36510,74.65,51.55,47.47
36520,73.08,52.56,47.47
36530,71.50,53.57,47.47
36540,69.91,54.44,47.47
36550,68.32,55.17,47.47
36560,66.71,56.44,47.47
36570,65.11,57.09,47.47
36580,63.49,58.20,47.47
36590,61.89,58.75,47.47
36600,60.30,59.45,47.47
36610,58.70,60.24,47.47
36620,57.12,60.80,47.47
36630,55.57,61.22,47.47
36640,54.03,61.61,47.47
36650,52.52,62.01,47.47
36660,51.04,62.25,47.47
36670,49.59,62.35,47.47
36680,48.16,62.67,47.47
36690,46.77,62.85,47.47
36700,45.40,63.24,47.47
36710,44.04,63.92,47.47
36720,42.69,64.48,47.47
36730,41.39,64.19,47.47
36740,40.19,62.91,47.47
36750,39.03,62.91,47.47
36760,37.83,64.50,47.47
36770,36.67,64.29,47.47
36780,35.66,62.08,47.47
36790,34.64,63.00,47.47
36800,33.59,64.24,47.47
36810,32.71,61.41,47.47
36820,31.83,61.93,47.47
36830,30.92,63.24,47.47
36840,30.16,60.92,47.47
36850,29.35,62.44,47.47
36860,28.69,59.90,47.47
36870,28.08,59.39,47.47
36880,27.42,60.75,47.47
36890,26.86,59.44,47.47
36900,26.41,57.51,47.47
36910,25.95,58.17,47.47
36920,25.49,58.67,47.47
36930,25.11,57.28,47.47
36940,24.83,55.63,47.47
36950,24.60,55.03,47.47
36960,24.37,55.21,47.47
36970,24.16,55.15,47.47
36980,24.00,54.38,47.47
36990,23.89,53.51,47.47
37000,23.83,52.72,47.47
37010,23.83,51.89,47.47
37020,23.86,51.15,47.47
37030,23.94,50.50,47.47
37040,24.05,49.78,47.47
37050,24.19,49.27,47.47
37060,24.37,48.61,47.47
37070,24.60,47.72,47.47
37080,24.86,46.94,47.47
37090,25.17,46.09,47.47
37100,25.48,45.84,47.47
37110,25.81,45.50,47.47
37120,26.19,44.55,47.47
37130,26.59,43.93,47.47
37140,26.99,43.72,47.47
37150,27.44,42.81,47.47
37160,27.88,42.79,47.47
37170,28.35,42.04,47.47
37180,28.82,41.82,47.47
37190,29.31,41.34,47.47
37200,29.81,41.00,47.47
37210,30.32,40.54,47.47
37220,30.84,40.29,47.47
37230,31.38,39.58,47.47
37240,31.91,39.55,47.47
37250,32.45,39.24,47.47
37260,32.99,39.04,47.47
37270,33.53,38.73,47.47
37280,34.09,38.13,47.47
37290,34.64,37.99,47.47
37300,35.18,38.03,47.47
37310,35.73,37.75,47.47
37320,36.26,37.82,47.47
37330,36.78,37.70,47.47
37340,37.30,37.59,47.47
37350,37.81,37.38,47.47
37360,38.32,37.29,47.47
37370,38.83,37.00,47.47
37380,39.34,36.88,47.47
37390,39.84,36.76,47.47
37400,40.34,36.50,47.47
37410,40.82,36.67,47.47
37420,41.26,37.23,47.47
37430,41.67,37.70,47.47
37440,42.06,37.88,47.47
37450,42.44,37.85,47.47
37460,42.83,37.38,47.47
37470,43.22,37.30,47.47
37480,43.59,37.57,47.47
37490,43.93,37.99,47.47
37500,44.25,38.28,47.47
37510,44.55,38.33,47.47
37520,44.86,38.10,47.47
37530,45.16,38.02,47.47
37540,45.44,38.39,47.47
37550,45.69,38.80,47.47
37560,45.92,39.24,47.47
37570,46.13,39.32,47.47
37580,46.35,39.15,47.47
37590,46.55,39.19,47.47
37600,46.75,39.44,47.47
37610,46.91,39.94,47.47
37620,47.04,40.41,47.47
37630,47.16,40.71,47.47
37640,47.27,40.66,47.47
37650,47.39,40.62,47.47
37660,47.49,40.77,47.47
37670,47.58,40.91,47.47
37680,47.67,41.08,47.47
37690,47.72,41.59,47.47
37700,47.74,42.40,47.47
37710,47.73,42.74,47.47
37720,47.72,43.08,47.47
37730,47.68,43.52,47.47
37740,47.63,43.56,47.47
37750,47.59,43.58,47.47
37760,47.54,43.97,47.47
37770,47.48,43.98,47.47
37780,47.41,44.30,47.47
37790,47.33,44.40,47.47
37800,47.25,44.66,47.47
37810,47.15,45.05,47.47
37820,47.04,45.16,47.47
37830,46.94,45.27,47.47
37840,46.83,45.34,47.47
37850,46.73,45.39,47.47
37860,46.60,45.88,47.47
37870,46.47,46.06,47.47
37880,46.34,46.22,47.47
37890,46.20,46.34,47.47
37900,46.07,46.41,47.47
37910,45.92,46.69,47.47
37920,45.77,46.84,47.47
37930,45.64,46.72,47.47
37940,45.49,46.99,47.47
37950,45.35,47.01,47.47
37960,45.21,47.17,47.47
37970,45.07,47.19,47.47
37980,44.92,47.45,47.47
37990,44.77,47.46,47.47
38000,44.63,47.46,47.47
38010,44.49,47.69,47.47
38020,44.35,47.67,47.47
38030,44.21,47.67,47.47
38040,44.08,47.84,47.47
38050,43.95,47.75,47.47
38060,43.81,48.06,47.47
38070,43.68,47.91,47.47
38080,43.56,47.93,47.47
38090,43.44,48.04,47.47
38100,43.32,48.08,47.47
38110,43.20,48.10,47.47
38120,43.10,47.96,47.47
38130,42.99,48.09,47.47
38140,42.90,47.89,47.47
38150,42.80,48.00,47.47
38160,42.71,47.96,47.47
38170,42.63,47.90,47.47
38180,42.56,47.85,47.47
38190,42.50,47.64,47.47
38200,42.43,47.82,47.47
38210,42.38,47.63,47.47
38220,42.32,47.80,47.47
38230,42.27,47.66,47.47
38240,42.23,47.62,47.47
38250,42.19,47.48,47.47
38260,42.17,47.39,47.47
38270,42.13,47.56,47.47
38280,42.12,47.22,47.47
38290,42.10,47.36,47.47
38300,42.10,47.18,47.47
38310,42.09,47.19,47.47
38320,42.10,46.99,47.47
38330,42.11,46.91,47.47
38340,42.12,46.87,47.47
38350,42.15,46.72,47.47
38360,42.17,46.73,47.47
38370,42.20,46.66,47.47
38380,42.23,46.61,47.47
38390,42.27,46.55,47.47
38400,42.31,46.47,47.47
38410,42.34,46.60,47.47
38420,42.38,46.40,47.47
38430,42.43,46.45,47.47
38440,42.48,46.31,47.47
38450,42.53,46.19,47.47
38460,42.59,46.23,47.47
38470,42.65,46.02,47.47
38480,42.71,46.14,47.47
38490,42.77,46.02,47.47
38500,42.84,45.97,47.47
38510,42.90,46.04,47.47
38520,42.98,45.73,47.47
38530,43.05,45.89,47.47
38540,43.11,45.96,47.47
38550,43.18,45.75,47.47
38560,43.26,45.81,47.47
38570,43.33,45.62,47.47
38580,43.40,45.80,47.47
38590,43.47,45.77,47.47
38600,43.55,45.64,47.47
38610,43.63,45.60,47.47
38620,43.70,45.63,47.47
38630,43.77,45.70,47.47
38640,43.85,45.58,47.47
38650,43.92,45.56,47.47
38660,44.00,45.60,47.47
38670,44.06,45.73,47.47
38680,44.14,45.53,47.47
38690,44.21,45.50,47.47
38700,44.27,45.82,47.47
38710,44.34,45.45,47.47
38720,44.41,45.57,47.47
38730,44.47,45.79,47.47
38740,44.54,45.47,47.47
38750,44.61,45.56,47.47
38760,44.66,45.76,47.47
38770,44.73,45.60,47.47
38780,44.79,45.64,47.47
38790,44.84,45.71,47.47
38800,44.90,45.66,47.47
38810,44.96,45.59,47.47
38820,45.00,45.85,47.47
38830,45.06,45.65,47.47
38840,45.10,45.90,47.47
38850,45.14,45.91,47.47
38860,45.19,45.92,47.47
38870,45.23,45.84,47.47
38880,45.26,46.07,47.47
38890,45.30,45.94,47.47
38900,45.33,46.18,47.47
38910,45.36,46.04,47.47
38920,45.38,46.26,47.47
38930,45.41,46.22,47.47
38940,45.43,46.20,47.47
38950,45.45,46.36,47.47
38960,45.47,46.34,47.47
38970,45.48,46.48,47.47
38980,45.49,46.54,47.47
38990,45.51,46.44,47.47
39000,45.51,46.63,47.47
39010,45.52,46.49,47.47
39020,45.53,46.70,47.47
39030,45.53,46.71,47.47
39040,45.54,46.61,47.47
39050,45.53,46.88,47.47
39060,45.53,46.84,47.47
39070,45.53,46.87,47.47
39080,45.53,46.95,47.47
39090,45.52,47.02,47.47
39100,45.51,46.98,47.47
39110,45.51,46.92,47.47
39120,45.50,47.06,47.47
39130,45.49,47.06,47.47
39140,45.49,47.11,47.47
39150,45.48,47.05,47.47
39160,45.47,47.10,47.47
39170,45.46,47.19,47.47
39180,45.46,47.05,47.47
39190,45.45,47.19,47.47
39200,45.45,47.10,47.47
39210,45.45,47.05,47.47
39220,45.44,47.24,47.47
39230,45.44,47.10,47.47
39240,45.44,47.11,47.47
39250,45.44,47.06,47.47
39260,45.44,47.14,47.47
39270,45.44,47.13,47.47
39280,45.45,46.94,47.47
39290,45.45,47.15,47.47
39300,45.46,46.97,47.47
39310,45.47,47.11,47.47
39320,45.47,47.09,47.47
39330,45.47,47.21,47.47
39340,45.47,47.29,47.47
39350,45.48,47.00,47.47
39360,45.49,47.09,47.47
39370,45.49,47.10,47.47
39380,45.50,47.04,47.47
39390,45.50,47.25,47.47
39400,45.51,47.24,47.47
39410,45.51,47.24,47.47
39420,45.52,47.11,47.47
39430,45.53,47.09,47.47
39440,45.53,47.29,47.47
39450,45.54,47.18,47.47
39460,45.54,47.33,47.47
39470,45.53,47.39,47.47
39480,45.54,47.27,47.47
39490,45.54,47.32,47.47
39500,45.55,47.15,47.47
39510,45.56,47.31,47.47
39520,45.56,47.36,47.47
39530,45.56,47.35,47.47
39540,45.56,47.40,47.47
39550,45.57,47.26,47.47
39560,45.57,47.50,47.47
39570,45.57,47.32,47.47
39580,45.58,47.24,47.47
39590,45.59,47.39,47.47
39600,45.60,47.29,47.47
39610,45.60,47.52,47.47
39620,45.60,47.38,47.47
39630,45.60,47.50,47.47
39640,45.60,47.47,47.47
39650,45.61,47.49,47.47
39660,45.61,47.56,47.47
39670,45.62,47.36,47.47
39680,45.62,47.41,47.47
39690,45.64,47.32,47.47
39700,45.64,47.39,47.47
39710,45.65,47.56,47.47
39720,45.65,47.49,47.47
39730,45.65,47.55,47.47
39740,45.66,47.49,47.47
39750,45.67,47.50,47.47
39760,45.67,47.48,47.47
39770,45.69,47.34,47.47
39780,45.69,47.49,47.47
39790,45.71,47.25,47.47
39800,45.72,47.52,47.47
39810,45.73,47.42,47.47
39820,45.74,47.47,47.47
39830,45.75,47.54,47.47
39840,45.76,47.48,47.47
39850,45.76,47.53,47.47
39860,45.77,47.49,47.47
39870,45.78,47.61,47.47
39880,45.79,47.53,47.47
39890,45.80,47.50,47.47
39900,45.81,47.44,47.47
39910,45.83,47.40,47.47
39920,45.84,47.46,47.47
39930,45.86,47.35,47.47
39940,45.87,47.43,47.47
39950,45.89,47.32,47.47
39960,45.91,47.35,47.47
39970,45.92,47.48,47.47
39980,45.94,47.38,47.47
39990,45.94,47.59,47.47
40000,45.96,47.50,47.47
40010,45.97,85.60,113.01
40020,45.99,86.05,113.01
40030,46.00,86.47,113.01
40040,46.00,87.29,113.01
40050,46.00,87.76,113.01
40060,46.00,88.00,113.01
40070,46.02,88.29,113.01
40080,46.03,88.78,113.01
40090,46.14,87.10,113.01
40100,46.25,87.60,113.01
40110,46.45,86.13,113.01
40120,46.60,87.32,113.01
40130,46.85,85.70,113.01
40140,47.19,84.25,113.01
40150,47.58,83.40,113.01
40160,48.04,82.24,113.01
40170,48.55,81.15,113.01
40180,49.12,80.36,113.01
40190,49.73,79.44,113.01
40200,50.38,78.63,113.01
40210,51.13,76.66,113.01
40220,51.95,75.17,113.01
40230,52.89,72.80,113.01
40240,53.92,70.65,113.01
40250,55.01,69.10,113.01
40260,56.14,68.21,113.01
40270,57.35,66.34,113.01
40280,58.60,64.99,113.01
40290,59.91,63.52,113.01
40300,61.29,61.62,113.01
40310,62.75,59.52,113.01
40320,64.27,57.60,113.01
40330,65.79,57.23,113.01
40340,67.30,56.83,113.01
40350,68.95,53.39,113.01
40360,70.55,53.87,113.01
40370,72.21,51.80,113.01
40380,73.84,51.70,113.01
40390,75.56,49.18,113.01
40400,77.23,49.51,113.01
40410,78.91,48.67,113.01
40420,80.61,47.29,113.01
40430,82.33,46.28,113.01
40440,84.04,45.55,113.01
40450,85.76,44.65,113.01
40460,87.48,43.92,113.01
40470,89.17,43.43,113.01
40480,90.86,42.86,113.01
40490,92.55,41.95,113.01
40500,94.24,40.90,113.01
40510,95.90,40.85,113.01
40520,97.56,40.10,113.01
40530,99.17,40.13,113.01
40540,100.77,39.37,113.01
40550,102.36,39.00,113.01
40560,103.90,39.00,113.01
40570,105.41,38.65,113.01
40580,106.91,38.22,113.01
40590,108.39,37.85,113.01
40600,109.83,37.73,113.01
40610,111.23,37.66,113.01
40620,112.60,37.59,113.01
40630,113.93,37.56,113.01
40640,115.24,37.23,113.01
40650,116.51,37.24,113.01
40660,117.76,37.08,113.01
40670,118.98,36.78,113.01
40680,120.17,36.60,113.01
40690,121.33,36.55,113.01
40700,122.46,36.42,113.01
40710,123.53,36.81,113.01
40720,124.56,37.07,113.01
40730,125.55,37.26,113.01
40740,126.52,37.01,113.01
40750,127.46,36.76,113.01
40760,128.39,36.46,113.01
40770,129.29,36.50,113.01
40780,130.15,36.70,113.01
40790,130.96,36.90,113.01
40800,131.77,36.64,113.01
40810,132.55,36.43,113.01
40820,133.31,36.33,113.01
40830,134.02,36.74,113.01
40840,134.69,37.03,113.01
40850,135.34,36.84,113.01
40860,135.99,36.52,113.01
40870,136.60,36.55,113.01
40880,137.18,36.84,113.01
40890,137.72,37.05,113.01
40900,138.25,36.91,113.01
40910,138.76,36.69,113.01
40920,139.25,36.78,113.01
40930,139.70,37.04,113.01
40940,140.12,37.21,113.01
40950,140.53,37.00,113.01
40960,140.94,36.68,113.01
40970,141.31,37.00,113.01
40980,141.65,37.29,113.01
40990,141.96,37.32,113.01
41000,142.27,37.10,113.01
41010,142.56,37.16,113.01
41020,142.82,37.43,113.01
41030,143.04,37.76,113.01
41040,143.25,37.71,113.01
41050,143.46,37.37,113.01
41060,143.66,37.35,113.01
41070,143.81,37.91,113.01
41080,143.93,38.27,113.01
41090,144.04,38.25,113.01
41100,144.15,37.98,113.01
41110,144.25,37.88,113.01
41120,144.32,38.21,113.01
41130,144.36,38.72,113.01
41140,144.38,38.84,113.01
41150,144.39,38.76,113.01
41160,144.40,38.59,113.01
41170,144.39,38.75,113.01
41180,144.35,39.19,113.01
41190,144.28,39.62,113.01
41200,144.19,39.86,113.01
41210,144.10,39.68,113.01
41220,144.01,39.50,113.01
41230,143.92,39.48,113.01
41240,143.80,39.91,113.01
41250,143.64,40.53,113.01
41260,143.45,41.05,113.01
41270,143.25,41.16,113.01
41280,143.05,41.08,113.01
41290,142.85,40.96,113.01
41300,142.66,40.90,113.01
41310,142.47,40.62,113.01
41320,142.27,40.77,113.01
41330,142.04,41.18,113.01
41340,141.80,41.52,113.01
41350,141.52,42.23,113.01
41360,141.21,42.72,113.01
41370,140.89,43.07,113.01
41380,140.55,43.40,113.01
41390,140.18,43.93,113.01
41400,139.82,43.99,113.01
41410,139.44,44.34,113.01
41420,139.05,44.44,113.01
41430,138.66,44.60,113.01
41440,138.28,44.62,113.01
41450,137.89,44.74,113.01
41460,137.50,44.82,113.01
41470,137.09,45.14,113.01
41480,136.68,45.50,113.01
41490,136.25,45.77,113.01
41500,135.80,46.40,113.01
41510,135.34,46.62,113.01
41520,134.89,46.63,113.01
41530,134.43,46.78,113.01
41540,133.97,47.16,113.01
41550,133.48,47.80,113.01
41560,132.99,47.97,113.01
41570,132.51,47.85,113.01
41580,132.01,48.29,113.01
41590,131.50,48.94,113.01
41600,130.99,48.91,113.01
41610,130.49,49.05,113.01
41620,129.95,49.86,113.01
41630,129.43,49.77,113.01
41640,128.90,50.13,113.01
41650,128.35,50.67,113.01
41660,127.83,50.54,113.01
41670,127.28,51.13,113.01
41680,126.74,51.15,113.01
41690,126.19,51.70,113.01
41700,125.65,51.60,113.01
41710,125.09,52.24,113.01
41720,124.52,52.86,113.01
41730,123.97,52.61,113.01
41740,123.39,53.36,113.01
41750,122.83,53.36,113.01
41760,122.28,53.42,113.01
41770,121.70,54.18,113.01
41780,121.14,54.02,113.01
41790,120.60,54.10,113.01
41800,120.03,54.79,113.01
41810,119.49,54.66,113.01
41820,118.96,54.58,113.01
41830,118.42,55.08,113.01
41840,117.86,55.59,113.01
41850,117.33,55.50,113.01
41860,116.82,55.39,113.01
41870,116.30,55.75,113.01
41880,115.77,56.29,113.01
41890,115.24,56.58,113.01
41900,114.72,56.61,113.01
41910,114.22,56.50,113.01
41920,113.74,56.48,113.01
41930,113.26,56.68,113.01
41940,112.77,57.06,113.01
41950,112.29,57.26,113.01
41960,111.81,57.58,113.01
41970,111.33,57.75,113.01
41980,110.86,57.89,113.01
41990,110.40,58.04,113.01
42000,109.95,58.06,113.01
42010,109.50,58.26,113.01
42020,109.07,58.31,113.01
42030,108.64,58.34,113.01
42040,108.23,58.45,113.01
42050,107.83,58.48,113.01
42060,107.43,58.58,113.01
42070,107.05,58.65,113.01
42080,106.67,58.66,113.01
42090,106.32,58.62,113.01
42100,105.97,58.56,113.01
42110,105.64,58.49,113.01
42120,105.34,58.30,113.01
42130,105.05,58.11,113.01
42140,104.78,57.97,113.01
42150,104.53,57.83,113.01
42160,104.29,57.79,113.01
42170,104.06,57.91,113.01
42180,103.83,57.98,113.01
42190,103.60,58.13,113.01
42200,103.37,58.26,113.01
42210,103.15,58.35,113.01
42220,102.94,58.41,113.01
42230,102.73,58.54,113.01
42240,102.53,58.56,113.01
42250,102.34,58.43,113.01
42260,102.17,58.40,113.01
42270,102.01,58.23,113.01
42280,101.87,58.03,113.01
42290,101.74,57.87,113.01
42300,101.63,57.74,113.01
42310,101.53,57.46,113.01
42320,101.45,57.39,113.01
42330,101.38,57.32,113.01
42340,101.31,57.30,113.01
42350,101.26,57.20,113.01
42360,101.21,57.13,113.01
42370,101.16,57.26,113.01
42380,101.12,57.14,113.01
42390,101.09,57.18,113.01
42400,101.06,57.18,113.01
42410,101.04,57.12,113.01
42420,101.02,57.05,113.01
42430,101.01,57.12,113.01
42440,101.01,56.90,113.01
42450,101.02,56.87,113.01
42460,101.04,56.79,113.01
42470,101.06,56.71,113.01
42480,101.08,56.71,113.01
42490,101.12,56.60,113.01
42500,101.15,56.61,113.01
42510,101.20,56.47,113.01
42520,101.25,56.32,113.01
42530,101.31,56.25,113.01
42540,101.38,56.13,113.01
42550,101.46,55.97,113.01
42560,101.54,56.00,113.01
42570,101.63,55.80,113.01
42580,101.72,55.76,113.01
42590,101.82,55.72,113.01
42600,101.92,55.65,113.01
42610,102.02,55.61,113.01
42620,102.13,55.65,113.01
42630,102.22,55.75,113.01
42640,102.32,55.83,113.01
42650,102.41,55.90,113.01
42660,102.50,55.86,113.01
42670,102.60,55.84,113.01
42680,102.70,55.77,113.01
42690,102.80,55.72,113.01
42700,102.91,55.54,113.01
42710,103.03,55.39,113.01
42720,103.17,55.14,113.01
42730,103.31,54.97,113.01
42740,103.45,54.88,113.01
42750,103.59,54.89,113.01
42760,103.73,54.97,113.01
42770,103.86,55.07,113.01
42780,103.98,55.15,113.01
42790,104.11,55.18,113.01
42800,104.23,55.10,113.01
42810,104.37,54.89,113.01
42820,104.52,54.61,113.01
42830,104.68,54.45,113.01
42840,104.83,54.41,113.01
42850,104.98,54.55,113.01
42860,105.12,54.70,113.01
42870,105.25,54.72,113.01
42880,105.40,54.56,113.01
42890,105.54,54.43,113.01
42900,105.69,54.47,113.01
42910,105.84,54.23,113.01
42920,106.00,54.09,113.01
42930,106.16,53.97,113.01
42940,106.31,54.16,113.01
42950,106.47,53.97,113.01
42960,106.64,53.68,113.01
42970,106.80,53.77,113.01
42980,106.95,54.01,113.01
42990,107.09,54.06,113.01
43000,107.23,54.00,113.01
43010,107.39,53.63,113.01
43020,107.56,53.47,113.01
43030,107.71,53.64,113.01
43040,107.85,53.93,113.01
43050,107.99,53.87,113.01
43060,108.14,53.56,113.01
43070,108.30,53.32,113.01
43080,108.44,53.52,113.01
43090,108.57,53.81,113.01
43100,108.70,53.80,113.01
43110,108.84,53.43,113.01
43120,109.00,53.18,113.01
43130,109.13,53.46,113.01
43140,109.26,53.63,113.01
43150,109.39,53.41,113.01
43160,109.54,53.12,113.01
43170,109.68,53.10,113.01
43180,109.81,53.48,113.01
43190,109.92,53.54,113.01
43200,110.05,53.22,113.01
43210,110.19,52.89,113.01
43220,110.32,53.11,113.01
43230,110.44,53.43,113.01
43240,110.55,53.38,113.01
43250,110.68,52.89,113.01
43260,110.81,52.80,113.01
43270,110.92,53.26,113.01
43280,111.02,53.40,113.01
43290,111.14,53.04,113.01
43300,111.26,52.81,113.01
43310,111.37,53.04,113.01
43320,111.46,53.37,113.01
43330,111.56,53.07,113.01
43340,111.68,52.72,113.01
43350,111.78,53.00,113.01
43360,111.86,53.38,113.01
43370,111.96,53.07,113.01
43380,112.06,52.75,113.01
43390,112.15,53.04,113.01
43400,112.22,53.40,113.01
43410,112.31,53.05,113.01
43420,112.41,52.71,113.01
43430,112.49,53.08,113.01
43440,112.54,53.44,113.01
43450,112.62,53.17,113.01
43460,112.70,52.88,113.01
43470,112.77,53.09,113.01
43480,112.82,53.42,113.01
43490,112.89,53.19,113.01
43500,112.96,52.88,113.01
43510,113.02,53.23,113.01
43520,113.06,53.49,113.01
43530,113.11,53.26,113.01
43540,113.18,52.91,113.01
43550,113.23,53.31,113.01
43560,113.26,53.57,113.01
43570,113.31,53.26,113.01
43580,113.37,52.95,113.01
43590,113.41,53.26,113.01
43600,113.44,53.61,113.01
43610,113.47,53.33,113.01
43620,113.52,53.11,113.01
43630,113.56,53.26,113.01
43640,113.58,53.59,113.01
43650,113.61,53.50,113.01
43660,113.65,53.10,113.01
43670,113.68,53.29,113.01
43680,113.69,53.71,113.01
43690,113.71,53.66,113.01
43700,113.73,53.33,113.01
43710,113.76,53.27,113.01
43720,113.77,53.71,113.01
43730,113.77,53.80,113.01
43740,113.79,53.48,113.01
43750,113.82,53.30,113.01
43760,113.83,53.61,113.01
43770,113.83,53.88,113.01
43780,113.83,53.77,113.01
43790,113.84,53.47,113.01
43800,113.85,53.54,113.01
43810,113.85,53.91,113.01
43820,113.84,54.02,113.01
43830,113.84,53.71,113.01
43840,113.85,53.46,113.01
43850,113.86,53.71,113.01
43860,113.84,54.03,113.01
43870,113.83,54.03,113.01
43880,113.83,53.60,113.01
43890,113.84,53.57,113.01
43900,113.84,53.78,113.01
43910,113.83,54.01,113.01
43920,113.81,54.03,113.01
43930,113.82,53.64,113.01
43940,113.82,53.55,113.01
43950,113.82,53.83,113.01
43960,113.80,54.14,113.01
43970,113.79,53.86,113.01
43980,113.80,53.57,113.01
43990,113.81,53.49,113.01
44000,113.80,53.78,113.01
44010,113.79,54.29,113.37
44020,113.77,54.18,113.37
44030,113.78,53.82,113.37
44040,113.78,53.78,113.37
44050,113.78,54.05,113.37
44060,113.76,54.21,113.37
44070,113.75,54.16,113.37
44080,113.75,53.81,113.37
44090,113.76,53.70,113.37
44100,113.76,54.05,113.37
44110,113.74,54.27,113.37
44120,113.73,54.09,113.37
44130,113.72,54.07,113.37
44140,113.73,53.84,113.37
44150,113.73,53.73,113.37
44160,113.74,53.88,113.37
44170,113.75,53.70,113.37
44180,113.76,53.52,113.37
44190,113.77,53.70,113.37
44200,113.76,54.06,113.37
44210,113.76,53.94,113.37
44220,113.77,53.64,113.37
44230,113.79,53.50,113.37
44240,113.79,53.77,113.37
44250,113.78,54.06,113.37
44260,113.77,54.02,113.37
44270,113.78,53.67,113.37
44280,113.80,53.49,113.37
44290,113.80,53.75,113.37
44300,113.79,54.11,113.37
44310,113.78,53.98,113.37
44320,113.79,53.63,113.37
44330,113.81,53.57,113.37
44340,113.80,53.93,113.37
44350,113.78,54.23,113.37
44360,113.77,53.97,113.37
44370,113.78,53.60,113.37
44380,113.79,53.57,113.37
44390,113.79,53.85,113.37
44400,113.78,54.14,113.37
44410,113.77,54.03,113.37
44420,113.77,53.68,113.37
44430,113.78,53.64,113.37
44440,113.78,53.89,113.37
44450,113.76,54.15,113.37
44460,113.74,54.12,113.37
44470,113.75,53.72,113.37
44480,113.76,53.53,113.37
44490,113.76,53.90,113.37
44500,113.74,54.12,113.37
44510,113.73,54.04,113.37
44520,113.74,53.59,113.37
44530,113.75,53.50,113.37
44540,113.75,53.89,113.37
44550,113.73,54.13,113.37
44560,113.73,53.94,113.37
44570,113.74,53.60,113.37
44580,113.75,53.56,113.37
44590,113.74,53.95,113.37
44600,113.72,54.13,113.37
44610,113.72,53.84,113.37
44620,113.73,53.50,113.37
44630,113.74,53.64,113.37
44640,113.73,54.00,113.37
44650,113.72,54.06,113.37
44660,113.72,53.77,113.37
44670,113.73,53.52,113.37
44680,113.73,53.81,113.37
44690,113.71,54.11,113.37
44700,113.70,54.08,113.37
44710,113.70,53.71,113.37
44720,113.71,53.49,113.37
44730,113.71,53.79,113.37
44740,113.70,54.06,113.37
44750,113.69,53.97,113.37
44760,113.70,53.59,113.37
44770,113.71,53.55,113.37
44780,113.70,53.97,113.37
44790,113.68,54.11,113.37
44800,113.68,53.82,113.37
44810,113.69,53.47,113.37
44820,113.70,53.55,113.37
44830,113.70,53.86,113.37
44840,113.69,53.98,113.37
44850,113.69,53.68,113.37
44860,113.71,53.37,113.37
44870,113.72,53.49,113.37
44880,113.72,53.86,113.37
44890,113.71,53.91,113.37
44900,113.71,53.61,113.37
44910,113.73,53.36,113.37
44920,113.73,53.75,113.37
44930,113.72,53.97,113.37
44940,113.71,53.83,113.37
44950,113.72,53.47,113.37
44960,113.74,53.34,113.37
44970,113.74,53.65,113.37
44980,113.74,53.84,113.37
44990,113.73,53.77,113.37
45000,113.75,53.38,113.37
45010,113.76,53.42,113.37
45020,113.75,53.85,113.37
45030,113.74,54.02,113.37
45040,113.73,53.74,113.37
45050,113.75,53.40,113.37
45060,113.75,53.58,113.37
45070,113.74,53.94,113.37
45080,113.73,53.92,113.37
45090,113.73,53.56,113.37
45100,113.74,53.47,113.37
45110,113.74,53.73,113.37
45120,113.73,53.93,113.37
45130,113.72,53.74,113.37
45140,113.74,53.39,113.37
45150,113.75,53.44,113.37
45160,113.74,53.72,113.37
45170,113.73,53.96,113.37
45180,113.73,53.69,113.37
45190,113.74,53.40,113.37
45200,113.74,53.61,113.37
45210,113.72,53.96,113.37
45220,113.71,53.88,113.37
45230,113.72,53.53,113.37
45240,113.72,53.55,113.37
45250,113.72,53.78,113.37
45260,113.70,53.99,113.37
45270,113.70,53.69,113.37
45280,113.71,53.42,113.37
45290,113.72,53.40,113.37
45300,113.71,53.76,113.37
45310,113.70,53.98,113.37
45320,113.70,53.61,113.37
45330,113.71,53.41,113.37
45340,113.71,53.53,113.37
45350,113.71,53.78,113.37
45360,113.71,53.66,113.37
45370,113.70,53.76,113.37
45380,113.70,53.59,113.37
45390,113.71,53.37,113.37
45400,113.72,53.48,113.37
45410,113.74,53.20,113.37
45420,113.76,53.20,113.37
45430,113.75,53.67,113.37
45440,113.74,53.84,113.37
45450,113.75,53.51,113.37
45460,113.76,53.19,113.37
45470,113.77,53.41,113.37
45480,113.76,53.88,113.37
45490,113.75,53.74,113.37
45500,113.76,53.36,113.37
45510,113.77,53.31,113.37
45520,113.76,53.70,113.37
45530,113.75,53.82,113.37
45540,113.75,53.57,113.37
45550,113.76,53.25,113.37
45560,113.76,53.54,113.37
45570,113.75,53.90,113.37
45580,113.74,53.74,113.37
45590,113.75,53.35,113.37
45600,113.75,53.45,113.37
45610,113.74,53.78,113.37
45620,113.72,53.88,113.37
45630,113.72,53.51,113.37
45640,113.74,53.31,113.37
45650,113.73,53.62,113.37
45660,113.71,53.92,113.37
45670,113.70,53.74,113.37
45680,113.71,53.32,113.37
45690,113.72,53.40,113.37
45700,113.71,53.80,113.37
45710,113.70,53.79,113.37
45720,113.70,53.46,113.37
45730,113.71,53.31,113.37
45740,113.71,53.58,113.37
45750,113.69,53.88,113.37
45760,113.69,53.64,113.37
45770,113.70,53.30,113.37
45780,113.71,53.31,113.37
45790,113.70,53.63,113.37
45800,113.69,53.77,113.37
45810,113.70,53.37,113.37
45820,113.72,53.16,113.37
45830,113.72,53.44,113.37
45840,113.71,53.65,113.37
45850,113.71,53.51,113.37
45860,113.73,53.18,113.37
45870,113.74,53.25,113.37
45880,113.74,53.60,113.37
45890,113.73,53.64,113.37
45900,113.74,53.34,113.37
45910,113.75,53.17,113.37
45920,113.75,53.44,113.37
45930,113.74,53.64,113.37
45940,113.75,53.37,113.37
45950,113.77,52.99,113.37
45960,113.78,53.32,113.37
45970,113.77,53.64,113.37
45980,113.76,53.57,113.37
45990,113.77,53.29,113.37
46000,113.78,53.29,113.37
46010,113.77,53.58,113.37
46020,113.75,53.71,113.37
46030,113.76,53.39,113.37
46040,113.77,53.09,113.37
46050,113.77,53.43,113.37
46060,113.76,53.73,113.37
46070,113.75,53.56,113.37
46080,113.77,53.12,113.37
46090,113.78,53.18,113.37
46100,113.76,53.69,113.37
46110,113.75,53.74,113.37
46120,113.75,53.33,113.37
46130,113.77,53.12,113.37
46140,113.76,53.48,113.37
46150,113.75,53.73,113.37
46160,113.74,53.52,113.37
46170,113.75,53.14,113.37
46180,113.76,53.29,113.37
46190,113.75,53.63,113.37
46200,113.74,53.55,113.37
46210,113.75,53.15,113.37
46220,113.77,53.05,113.37
46230,113.77,53.39,113.37
46240,113.75,53.64,113.37
46250,113.75,53.43,113.37
46260,113.76,53.17,113.37
46270,113.76,53.32,113.37
46280,113.75,53.69,113.37
46290,113.74,53.50,113.37
46300,113.76,53.06,113.37
46310,113.76,53.24,113.37
46320,113.75,53.63,113.37
46330,113.74,53.60,113.37
46340,113.74,53.27,113.37
46350,113.76,53.08,113.37
46360,113.76,53.38,113.37
46370,113.74,53.65,113.37
46380,113.74,53.39,113.37
46390,113.75,53.12,113.37
46400,113.75,53.34,113.37
46410,113.74,53.64,113.37
46420,113.73,53.46,113.37
46430,113.74,53.07,113.37
46440,113.75,53.13,113.37
46450,113.75,53.48,113.37
46460,113.74,53.50,113.37
46470,113.75,53.15,113.37
46480,113.76,53.05,113.37
46490,113.76,53.34,113.37
46500,113.74,53.64,113.37
46510,113.74,53.34,113.37
46520,113.76,53.06,113.37
46530,113.76,53.31,113.37
46540,113.74,53.60,113.37
46550,113.73,53.46,113.37
46560,113.75,53.07,113.37
46570,113.75,53.18,113.37
46580,113.76,53.10,113.37
46590,113.76,53.40,113.37
46600,113.74,53.54,113.37
46610,113.75,53.26,113.37
46620,113.73,53.54,113.37
46630,113.73,53.33,113.37
46640,113.74,53.04,113.37
46650,113.75,53.22,113.37
46660,113.73,53.53,113.37
46670,113.73,53.47,113.37
46680,113.74,53.09,113.37
46690,113.75,53.04,113.37
46700,113.74,53.48,113.37
46710,113.72,53.56,113.37
46720,113.73,53.15,113.37
46730,113.74,53.03,113.37
46740,113.74,53.36,113.37
46750,113.72,53.56,113.37
46760,113.72,53.29,113.37
46770,113.74,52.97,113.37
46780,113.73,53.30,113.37
46790,113.72,53.60,113.37
46800,113.71,53.43,113.37
46810,113.72,53.01,113.37
46820,113.73,53.17,113.37
46830,113.71,53.52,113.37
46840,113.70,53.44,113.37
46850,113.72,53.00,113.37
46860,113.72,53.09,113.37
46870,113.72,53.45,113.37
46880,113.70,53.57,113.37
46890,113.70,53.15,113.37
46900,113.72,52.98,113.37
46910,113.71,53.35,113.37
46920,113.70,53.51,113.37
46930,113.70,53.13,113.37
46940,113.72,52.90,113.37
46950,113.72,53.23,113.37
46960,113.71,53.44,113.37
46970,113.71,53.27,113.37
46980,113.72,52.92,113.37
46990,113.73,53.16,113.37
47000,113.71,53.46,113.37
47010,113.71,53.37,113.37
47020,113.72,52.91,113.37
47030,113.73,52.99,113.37
47040,113.72,53.49,113.37
47050,113.71,53.41,113.37
47060,113.72,53.00,113.37
47070,113.73,52.94,113.37
47080,113.73,53.28,113.37
47090,113.72,53.44,113.37
47100,113.72,53.07,113.37
47110,113.74,52.88,113.37
47120,113.73,53.22,113.37
47130,113.72,53.46,113.37
47140,113.72,53.17,113.37
47150,113.74,52.85,113.37
47160,113.74,53.14,113.37
47170,113.72,53.51,113.37
47180,113.72,53.23,113.37
47190,113.74,52.82,113.37
47200,113.74,53.07,113.37
47210,113.73,53.46,113.37
47220,113.72,53.26,113.37
47230,113.74,52.83,113.37
47240,113.74,53.07,113.37
47250,113.73,53.43,113.37
47260,113.72,53.31,113.37
47270,113.73,53.02,113.37
47280,113.73,53.00,113.37
47290,113.72,53.39,113.37
47300,113.71,53.39,113.37
47310,113.72,52.89,113.37
47320,113.74,52.85,113.37
47330,113.73,53.29,113.37
47340,113.72,53.36,113.37
47350,113.73,52.99,113.37
47360,113.74,52.89,113.37
47370,113.73,53.19,113.37
47380,113.72,53.42,113.37
47390,113.73,52.99,113.37
47400,113.74,52.78,113.37
47410,113.74,53.10,113.37
47420,113.74,53.26,113.37
47430,113.74,53.07,113.37
47440,113.75,52.75,113.37
47450,113.75,53.08,113.37
47460,113.74,53.41,113.37
47470,113.74,53.07,113.37
47480,113.76,52.72,113.37
47490,113.76,53.01,113.37
47500,113.75,53.33,113.37
47510,113.74,53.22,113.37
47520,113.75,52.82,113.37
47530,113.75,53.09,113.37
47540,113.74,53.36,113.37
47550,113.73,53.22,113.37
47560,113.75,52.80,113.37
47570,113.75,52.99,113.37
47580,113.74,53.33,113.37
47590,113.73,53.22,113.37
47600,113.74,52.82,113.37
47610,113.74,53.09,113.37
47620,113.72,53.38,113.37
47630,113.72,53.16,113.37
47640,113.73,52.81,113.37
47650,113.73,52.98,113.37
47660,113.72,53.33,113.37
47670,113.71,53.20,113.37
47680,113.73,52.82,113.37
47690,113.73,52.98,113.37
47700,113.72,53.26,113.37
47710,113.71,53.15,113.37
47720,113.72,52.83,113.37
47730,113.73,52.92,113.37
47740,113.72,53.25,113.37
47750,113.71,53.13,113.37
47760,113.71,53.07,113.37
47770,113.72,52.82,113.37
47780,113.73,52.97,113.37
47790,113.71,53.28,113.37
47800,113.71,53.13,113.37
47810,113.69,53.32,113.37
47820,113.69,53.12,113.37
47830,113.70,52.84,113.37
47840,113.70,52.95,113.37
47850,113.69,53.38,113.37
47860,113.68,53.19,113.37
47870,113.69,52.79,113.37
47880,113.69,53.00,113.37
47890,113.68,53.35,113.37
47900,113.67,53.12,113.37
47910,113.68,52.81,113.37
47920,113.68,53.07,113.37
47930,113.66,53.45,113.37
47940,113.66,53.02,113.37
47950,113.67,52.79,113.37
47960,113.66,53.18,113.37
47970,113.65,53.38,113.37
47980,113.65,52.92,113.37
47990,113.66,52.83,113.37
48000,113.65,53.27,113.37
48010,113.64,-8.53,7.26
48020,113.64,-9.58,7.26
48030,113.63,-9.99,7.26
48040,113.61,-10.55,7.26
48050,113.52,-9.65,7.26
48060,113.47,-11.30,7.26
48070,113.39,-11.36,7.26
48080,113.24,-10.48,7.26
48090,113.08,-10.96,7.26
48100,112.83,-9.60,7.26
48110,112.53,-9.19,7.26
48120,112.20,-9.05,7.26
48130,111.83,-8.75,7.26
48140,111.41,-8.30,7.26
48150,110.95,-7.80,7.26
48160,110.43,-7.08,7.26
48170,109.86,-6.45,7.26
48180,109.26,-6.10,7.26
48190,108.61,-5.53,7.26
48200,107.90,-4.46,7.26
48210,107.15,-3.95,7.26
48220,106.36,-3.26,7.26
48230,105.51,-2.44,7.26
48240,104.63,-1.78,7.26
48250,103.70,-1.00,7.26
48260,102.73,-0.21,7.26
48270,101.71,0.91,7.26
48280,100.63,1.92,7.26
48290,99.51,2.76,7.26
48300,98.33,3.99,7.26
48310,97.13,4.63,7.26
48320,95.88,5.61,7.26
48330,94.59,6.72,7.26
48340,93.24,7.89,7.26
48350,91.85,9.16,7.26
48360,90.40,10.53,7.26
48370,88.91,11.73,7.26
48380,87.37,13.03,7.26
48390,85.80,14.01,7.26
48400,84.21,14.87,7.26
48410,82.54,16.80,7.26
48420,80.86,17.59,7.26
48430,79.11,19.40,7.26
48440,77.31,21.19,7.26
48450,75.49,21.93,7.26
48460,73.63,23.56,7.26
48470,71.74,24.82,7.26
48480,69.80,26.38,7.26
48490,67.79,28.55,7.26
48500,65.75,29.94,7.26
48510,63.69,31.33,7.26
48520,61.61,32.43,7.26
48530,59.48,34.28,7.26
48540,57.29,36.39,7.26
48550,55.08,37.86,7.26
48560,52.82,39.73,7.26
48570,50.54,41.28,7.26
48580,48.22,43.18,7.26
48590,45.87,44.62,7.26
48600,43.51,46.25,7.26
48610,41.12,47.80,7.26
48620,38.72,49.14,7.26
48630,36.30,50.98,7.26
48640,33.85,52.65,7.26
48650,31.42,53.46,7.26
48660,29.02,54.19,7.26
48670,26.62,55.24,7.26
48680,24.23,56.61,7.26
48690,21.84,57.69,7.26
48700,19.47,58.55,7.26
48710,17.11,59.79,7.26
48720,14.80,59.98,7.26
48730,12.53,60.43,7.26
48740,10.29,61.25,7.26
48750,8.09,61.46,7.26
48760,5.95,61.76,7.26
48770,3.87,61.68,7.26
48780,1.85,61.65,7.26
48790,-0.11,61.60,7.26
48800,-1.98,61.05,7.26
48810,-3.79,60.86,7.26
48820,-5.54,60.70,7.26
48830,-7.24,61.01,7.26
48840,-8.91,61.24,7.26
48850,-10.51,60.88,7.26
48860,-12.00,59.80,7.26
48870,-13.30,56.84,7.26
48880,-14.49,55.52,7.26
48890,-15.62,55.04,7.26
48900,-16.71,55.13,7.26
48910,-17.74,54.67,7.26
48920,-18.70,53.85,7.26
48930,-19.55,52.52,7.26
48940,-20.32,51.34,7.26
48950,-21.00,50.25,7.26
48960,-21.60,49.25,7.26
48970,-22.13,48.27,7.26
48980,-22.59,47.27,7.26
48990,-22.99,46.46,7.26
49000,-23.30,45.29,7.26
49010,-23.53,43.88,7.26
49020,-23.69,42.59,7.26
49030,-23.79,41.88,7.26
49040,-23.83,40.95,7.26
49050,-23.80,39.53,7.26
49060,-23.71,38.77,7.26
49070,-23.56,37.54,7.26
49080,-23.38,37.02,7.26
49090,-23.13,35.52,7.26
49100,-22.83,34.84,7.26
49110,-22.51,34.30,7.26
49120,-22.13,32.99,7.26
49130,-21.69,31.91,7.26
49140,-21.19,30.65,7.26
49150,-20.67,29.90,7.26
49160,-20.10,29.02,7.26
49170,-19.52,28.54,7.26
49180,-18.92,27.83,7.26
49190,-18.28,27.10,7.26
49200,-17.59,25.72,7.26
49210,-16.88,25.00,7.26
49220,-16.14,24.13,7.26
49230,-15.37,23.42,7.26
49240,-14.58,22.56,7.26
49250,-13.76,21.71,7.26
49260,-12.92,20.86,7.26
49270,-12.05,20.05,7.26
49280,-11.18,19.43,7.26
49290,-10.29,18.87,7.26
49300,-9.39,18.11,7.26
49310,-8.47,17.43,7.26
49320,-7.53,16.34,7.26
49330,-6.58,15.88,7.26
49340,-5.61,14.97,7.26
49350,-4.64,14.57,7.26
49360,-3.66,13.81,7.26
49370,-2.70,13.58,7.26
49380,-1.74,13.23,7.26
49390,-0.74,11.98,7.26
49400,0.25,11.56,7.26
49410,1.25,10.92,7.26
49420,2.24,10.34,7.26
49430,3.21,10.41,7.26
49440,4.18,9.84,7.26
49450,5.15,9.36,7.26
49460,6.13,8.49,7.26
49470,7.08,8.48,7.26
49480,8.04,7.84,7.26
49490,9.00,7.25,7.26
49500,9.95,6.86,7.26
49510,10.89,6.59,7.26
49520,11.80,6.54,7.26
49530,12.73,5.67,7.26
49540,13.64,5.31,7.26
49550,14.56,4.80,7.26
49560,15.44,4.84,7.26
49570,16.31,4.51,7.26
49580,17.16,4.36,7.26
49590,18.00,4.17,7.26
49600,18.82,3.72,7.26
49610,19.64,3.45,7.26
49620,20.43,3.32,7.26
49630,21.20,3.13,7.26
49640,21.97,2.86,7.26
49650,22.71,2.74,7.26
49660,23.44,2.51,7.26
49670,24.14,2.50,7.26
49680,24.82,2.44,7.26
49690,25.48,2.31,7.26
49700,26.12,2.18,7.26
49710,26.74,2.19,7.26
49720,27.30,2.72,7.26
49730,27.86,2.46,7.26
49740,28.40,2.38,7.26
49750,28.91,2.48,7.26
49760,29.41,2.39,7.26
49770,29.87,2.70,7.26
49780,30.31,2.54,7.26
49790,30.73,2.70,7.26
49800,31.16,2.18,7.26
49810,31.55,2.50,7.26
49820,31.87,3.51,7.26
49830,32.16,3.68,7.26
49840,32.44,3.86,7.26
49850,32.72,3.31,7.26
49860,32.94,4.29,7.26
49870,33.14,4.18,7.26
49880,33.33,4.36,7.26
49890,33.49,4.52,7.26
49900,33.62,5.09,7.26
49910,33.72,5.31,7.26
49920,33.79,5.66,7.26
49930,33.84,5.97,7.26
49940,33.86,6.39,7.26
49950,33.85,6.73,7.26
49960,33.81,7.09,7.26
49970,33.75,7.43,7.26
49980,33.67,7.75,7.26
49990,33.56,8.26,7.26
50000,33.42,8.61,7.26
50010,33.26,9.07,7.26
50020,33.07,9.51,7.26
50030,32.87,9.90,7.26
50040,32.63,10.30,7.26
50050,32.38,10.81,7.26
50060,32.09,11.35,7.26
50070,31.79,11.80,7.26
50080,31.45,12.42,7.26
50090,31.10,12.82,7.26
50100,30.72,13.34,7.26
50110,30.33,13.84,7.26
50120,29.91,14.26,7.26
50130,29.45,15.24,7.26
50140,28.98,15.81,7.26
50150,28.48,16.28,7.26
50160,27.96,16.86,7.26
50170,27.42,17.55,7.26
50180,26.87,17.96,7.26
50190,26.29,18.70,7.26
50200,25.69,19.37,7.26
50210,25.08,19.69,7.26
50220,24.45,20.38,7.26
50230,23.80,21.08,7.26
50240,23.15,21.41,7.26
50250,22.47,22.18,7.26
50260,21.78,22.69,7.26
50270,21.07,23.40,7.26
50280,20.36,23.77,7.26
50290,19.64,24.37,7.26
50300,18.91,24.93,7.26
50310,18.15,25.68,7.26
50320,17.39,26.22,7.26
50330,16.61,26.94,7.26
50340,15.83,27.45,7.26
50350,15.03,28.22,7.26
50360,14.22,28.65,7.26
50370,13.41,29.28,7.26
50380,12.60,29.58,7.26
50390,11.77,30.53,7.26
50400,10.93,31.24,7.26
50410,10.09,31.55,7.26
50420,9.27,31.68,7.26
50430,8.45,32.19,7.26
50440,7.61,32.92,7.26
50450,6.78,33.39,7.26
50460,5.94,33.90,7.26
50470,5.13,34.02,7.26
50480,4.32,34.36,7.26
50490,3.52,34.61,7.26
50500,2.74,34.74,7.26
50510,1.97,34.97,7.26
50520,1.20,35.50,7.26
50530,0.45,35.71,7.26
50540,-0.30,36.06,7.26
50550,-1.03,36.07,7.26
50560,-1.74,36.20,7.26
50570,-2.44,36.44,7.26
50580,-3.11,36.35,7.26
50590,-3.78,36.68,7.26
50600,-4.41,36.43,7.26
50610,-5.03,36.77,7.26
50620,-5.64,36.74,7.26
50630,-6.22,36.74,7.26
50640,-6.77,36.64,7.26
50650,-7.30,36.58,7.26
50660,-7.82,36.58,7.26
50670,-8.31,36.49,7.26
50680,-8.77,36.41,7.26
50690,-9.21,36.31,7.26
50700,-9.62,35.98,7.26
50710,-10.01,35.85,7.26
50720,-10.38,35.86,7.26
50730,-10.71,35.33,7.26
50740,-11.01,35.08,7.26
50750,-11.29,35.12,7.26
50760,-11.54,34.45,7.26
50770,-11.75,34.25,7.26
50780,-11.96,34.24,7.26
50790,-12.13,33.66,7.26
50800,-12.27,33.40,7.26
50810,-12.40,33.34,7.26
50820,-12.48,32.55,7.26
50830,-12.54,32.44,7.26
50840,-12.59,32.15,7.26
50850,-12.60,31.61,7.26
50860,-12.60,31.57,7.26
50870,-12.56,30.79,7.26
50880,-12.50,30.53,7.26
50890,-12.40,29.82,7.26
50900,-12.29,29.67,7.26
50910,-12.16,29.38,7.26
50920,-12.01,28.98,7.26
50930,-11.84,28.64,7.26
50940,-11.65,28.17,7.26
50950,-11.43,27.71,7.26
50960,-11.20,27.35,7.26
50970,-10.95,26.96,7.26
50980,-10.69,26.85,7.26
50990,-10.41,26.41,7.26
51000,-10.12,26.01,7.26
51010,-9.79,25.24,7.26
51020,-9.46,25.10,7.26
51030,-9.11,24.55,7.26
51040,-8.76,24.48,7.26
51050,-8.41,24.40,7.26
51060,-8.02,23.66,7.26
51070,-7.63,23.30,7.26
51080,-7.24,23.23,7.26
51090,-6.83,22.66,7.26
51100,-6.42,22.55,7.26
51110,-5.99,22.06,7.26
51120,-5.56,21.75,7.26
51130,-5.13,21.81,7.26
51140,-4.68,21.05,7.26
51150,-4.21,20.56,7.26
51160,-3.76,20.61,7.26
51170,-3.29,20.15,7.26
51180,-2.84,20.35,7.26
51190,-2.38,19.87,7.26
51200,-1.91,19.44,7.26
51210,-1.41,18.81,7.26
51220,-0.95,19.12,7.26
51230,-0.47,18.66,7.26
51240,0.01,18.41,7.26
51250,0.51,17.88,7.26
51260,1.00,17.59,7.26
51270,1.48,17.79,7.26
51280,1.95,17.61,7.26
51290,2.43,17.20,7.26
51300,2.91,17.04,7.26
51310,3.38,17.00,7.26
51320,3.84,16.89,7.26
51330,4.31,16.33,7.26
51340,4.80,15.83,7.26
51350,5.27,15.93,7.26
51360,5.72,15.95,7.26
51370,6.17,15.74,7.26
51380,6.61,15.76,7.26
51390,7.06,15.26,7.26
51400,7.51,15.16,7.26
51410,7.95,15.01,7.26
51420,8.36,15.36,7.26
51430,8.77,14.93,7.26
51440,9.17,15.08,7.26
51450,9.59,14.48,7.26
51460,9.98,14.63,7.26
51470,10.36,14.70,7.26
51480,10.74,14.58,7.26
51490,11.11,14.47,7.26
51500,11.46,14.45,7.26
51510,11.79,14.76,7.26
51520,12.12,14.54,7.26
51530,12.45,14.44,7.26
51540,12.77,14.33,7.26
51550,13.08,14.27,7.26
51560,13.35,14.77,7.26
51570,13.64,14.42,7.26
51580,13.89,14.83,7.26
51590,14.17,14.12,7.26
51600,14.42,14.49,7.26
51610,14.69,13.82,7.26
51620,14.92,14.49,7.26
51630,15.15,14.46,7.26
51640,15.35,14.67,7.26
51650,15.53,15.02,7.26
51660,15.70,14.96,7.26
51670,15.86,15.20,7.26
51680,15.98,15.71,7.26
51690,16.12,15.36,7.26
51700,16.22,15.81,7.26
51710,16.31,15.94,7.26
51720,16.39,16.16,7.26
51730,16.45,16.33,7.26
51740,16.49,16.70,7.26
51750,16.53,16.62,7.26
51760,16.55,16.94,7.26
51770,16.58,16.78,7.26
51780,16.57,17.35,7.26
51790,16.59,16.74,7.26
51800,16.60,17.02,7.26
51810,16.58,17.29,7.26
51820,16.58,17.05,7.26
51830,16.56,17.27,7.26
51840,16.51,17.96,7.26
51850,16.43,18.32,7.26
51860,16.33,18.85,7.26
51870,16.21,19.35,7.26
51880,16.07,19.76,7.26
51890,15.93,19.65,7.26
51900,15.80,19.56,7.26
51910,15.66,19.68,7.26
51920,15.53,19.52,7.26
51930,15.39,19.92,7.26
51940,15.21,20.61,7.26
51950,15.03,20.84,7.26
51960,14.82,21.31,7.26
51970,14.59,21.80,7.26
51980,14.38,21.58,7.26
51990,14.17,21.72,7.26
52000,13.94,22.09,7.26
52010,13.68,29.96,19.83
52020,13.43,30.20,19.83
52030,13.15,30.98,19.83
52040,12.88,30.93,19.83
52050,12.58,31.61,19.83
52060,12.32,31.30,19.83
52070,12.02,32.03,19.83
52080,11.73,32.30,19.83
52090,11.40,33.11,19.83
52100,11.11,32.71,19.83
52110,10.78,33.74,19.83
52120,10.47,33.48,19.83
52130,10.17,33.76,19.83
52140,9.86,33.95,19.83
52150,9.55,34.22,19.83
52160,9.23,34.73,19.83
52170,8.93,34.57,19.83
52180,8.65,34.52,19.83
52190,8.36,34.81,19.83
52200,8.07,35.16,19.83
52210,7.78,35.32,19.83
52220,7.50,35.45,19.83
52230,7.23,35.38,19.83
52240,6.96,35.69,19.83
52250,6.70,35.77,19.83
52260,6.46,35.54,19.83
52270,6.20,36.12,19.83
52280,5.97,35.80,19.83
52290,5.74,36.07,19.83
52300,5.53,35.84,19.83
52310,5.32,36.05,19.83
52320,5.13,35.97,19.83
52330,4.93,36.21,19.83
52340,4.75,36.01,19.83
52350,4.59,35.94,19.83
52360,4.44,35.97,19.83
52370,4.30,35.72,19.83
52380,4.16,36.03,19.83
52390,4.06,35.47,19.83
52400,3.96,35.51,19.83
52410,3.87,35.60,19.83
52420,3.80,35.24,19.83
52430,3.73,35.46,19.83
52440,3.68,35.18,19.83
52450,3.65,34.92,19.83
52460,3.62,35.02,19.83
52470,3.62,34.51,19.83
52480,3.61,34.73,19.83
52490,3.62,34.45,19.83
52500,3.66,34.14,19.83
52510,3.69,34.19,19.83
52520,3.74,33.97,19.83
52530,3.81,33.80,19.83
52540,3.87,33.82,19.83
52550,3.97,33.31,19.83
52560,4.07,33.21,19.83
52570,4.17,33.10,19.83
52580,4.29,32.87,19.83
52590,4.43,32.68,19.83
52600,4.58,32.28,19.83
52610,4.74,32.17,19.83
52620,4.91,31.90,19.83
52630,5.09,31.78,19.83
52640,5.27,31.68,19.83
52650,5.47,31.34,19.83
52660,5.65,31.60,19.83
52670,5.86,31.08,19.83
52680,6.07,31.01,19.83
52690,6.30,30.79,19.83
52700,6.52,30.58,19.83
52710,6.76,30.41,19.83
52720,7.00,30.20,19.83
52730,7.23,30.42,19.83
52740,7.48,29.90,19.83
52750,7.73,29.98,19.83
52760,7.98,29.80,19.83
52770,8.22,29.85,19.83
52780,8.47,29.84,19.83
52790,8.71,29.70,19.83
52800,8.97,29.43,19.83
52810,9.23,29.32,19.83
52820,9.48,29.33,19.83
52830,9.73,29.31,19.83
52840,9.99,29.03,19.83
52850,10.25,28.85,19.83
52860,10.51,28.89,19.83
52870,10.78,28.67,19.83
52880,11.05,28.46,19.83
52890,11.29,28.98,19.83
52900,11.56,28.18,19.83
52910,11.81,28.63,19.83
52920,12.06,28.55,19.83
52930,12.30,28.50,19.83
52940,12.55,28.47,19.83
52950,12.79,28.42,19.83
52960,13.03,28.35,19.83
52970,13.26,28.33,19.83
52980,13.49,28.31,19.83
52990,13.71,28.47,19.83
53000,13.94,28.29,19.83
53010,14.17,28.04,19.83
53020,14.38,28.32,19.83
53030,14.60,28.08,19.83
53040,14.81,28.31,19.83
53050,15.01,28.34,19.83
53060,15.21,28.13,19.83
53070,15.40,28.35,19.83
53080,15.59,28.47,19.83
53090,15.75,28.81,19.83
53100,15.91,28.76,19.83
53110,16.06,28.76,19.83
53120,16.21,28.94,19.83
53130,16.34,29.19,19.83
53140,16.45,29.50,19.83
53150,16.57,29.33,19.83
53160,16.69,29.23,19.83
53170,16.81,29.16,19.83
53180,16.92,29.33,19.83
53190,17.02,29.59,19.83
53200,17.11,29.57,19.83
53210,17.20,29.56,19.83
53220,17.28,29.84,19.83
53230,17.35,30.02,19.83
53240,17.42,30.07,19.83
53250,17.48,30.08,19.83
53260,17.54,30.03,19.83
53270,17.59,30.44,19.83
53280,17.62,30.62,19.83
53290,17.66,30.60,19.83
53300,17.68,30.86,19.83
53310,17.68,31.22,19.83
53320,17.69,31.11,19.83
53330,17.68,31.72,19.83
53340,17.67,31.46,19.83
53350,17.66,31.67,19.83
53360,17.64,31.72,19.83
53370,17.61,32.00,19.83
53380,17.58,32.18,19.83
53390,17.54,32.30,19.83
53400,17.50,32.28,19.83
53410,17.46,32.55,19.83
53420,17.40,32.76,19.83
53430,17.35,32.70,19.83
53440,17.30,32.81,19.83
53450,17.23,33.02,19.83
53460,17.17,33.08,19.83
53470,17.11,33.18,19.83
53480,17.03,33.43,19.83
53490,16.96,33.55,19.83
53500,16.88,33.57,19.83
53510,16.81,33.70,19.83
53520,16.72,33.97,19.83
53530,16.63,34.01,19.83
53540,16.54,34.12,19.83
53550,16.46,34.08,19.83
53560,16.37,34.41,19.83
53570,16.28,34.41,19.83
53580,16.20,34.28,19.83
53590,16.10,34.72,19.83
53600,16.01,34.48,19.83
53610,15.92,34.84,19.83
53620,15.83,34.67,19.83
53630,15.74,34.95,19.83
53640,15.65,34.94,19.83
53650,15.56,34.95,19.83
53660,15.47,35.10,19.83
53670,15.38,35.18,19.83
53680,15.30,35.05,19.83
53690,15.21,35.28,19.83
53700,15.13,35.11,19.83
53710,15.04,35.52,19.83
53720,14.97,35.30,19.83
53730,14.89,35.45,19.83
53740,14.83,35.11,19.83
53750,14.75,35.59,19.83
53760,14.69,35.27,19.83
53770,14.63,35.35,19.83
53780,14.58,35.08,19.83
53790,14.53,35.19,19.83
53800,14.48,35.50,19.83
53810,14.43,35.20,19.83
53820,14.38,35.54,19.83
53830,14.35,35.13,19.83
53840,14.31,35.36,19.83
53850,14.27,35.47,19.83
53860,14.25,35.01,19.83
53870,14.22,35.26,19.83
53880,14.22,34.92,19.83
53890,14.20,35.08,19.83
53900,14.19,35.19,19.83
53910,14.20,34.62,19.83
53920,14.20,34.89,19.83
53930,14.21,34.83,19.83
53940,14.22,34.72,19.83
53950,14.24,34.62,19.83
53960,14.27,34.45,19.83
53970,14.29,34.67,19.83
53980,14.31,34.61,19.83
53990,14.36,34.10,19.83
54000,14.40,34.43,19.83
54010,14.42,34.57,19.83
54020,14.49,33.90,19.83
54030,14.52,34.38,19.83
54040,14.57,34.22,19.83
54050,14.63,33.95,19.83
54060,14.69,33.97,19.83
54070,14.76,33.78,19.83
54080,14.82,33.83,19.83
54090,14.88,34.06,19.83
54100,14.94,33.81,19.83
54110,15.01,33.70,19.83
54120,15.08,33.90,19.83
54130,15.15,33.73,19.83
54140,15.23,33.38,19.83
54150,15.30,33.67,19.83
54160,15.39,33.33,19.83
54170,15.46,33.58,19.83
54180,15.53,33.74,19.83
54190,15.61,33.40,19.83
54200,15.67,33.69,19.83
54210,15.77,33.13,19.83
54220,15.84,33.57,19.83
54230,15.92,33.32,19.83
54240,15.99,33.46,19.83
54250,16.06,33.46,19.83
54260,16.15,33.27,19.83
54270,16.21,33.60,19.83
54280,16.29,33.17,19.83
54290,16.36,33.54,19.83
54300,16.44,33.18,19.83
54310,16.51,33.36,19.83
54320,16.59,33.24,19.83
54330,16.66,33.36,19.83
54340,16.74,33.24,19.83
54350,16.80,33.32,19.83
54360,16.86,33.50,19.83
54370,16.94,33.21,19.83
54380,17.00,33.35,19.83
54390,17.07,33.37,19.83
54400,17.12,33.47,19.83
54410,17.19,33.30,19.83
54420,17.25,33.48,19.83
54430,17.31,33.32,19.83
54440,17.36,33.48,19.83
54450,17.43,33.20,19.83
54460,17.47,33.60,19.83
54470,17.53,33.37,19.83
54480,17.58,33.57,19.83
54490,17.62,33.59,19.83
54500,17.66,33.65,19.83
54510,17.70,33.66,19.83
54520,17.75,33.52,19.83
54530,17.79,33.69,19.83
54540,17.84,33.35,19.83
54550,17.87,33.79,19.83
54560,17.91,33.69,19.83
54570,17.94,33.83,19.83
54580,17.96,33.90,19.83
54590,17.99,33.89,19.83
54600,18.00,34.13,19.83
54610,18.02,34.06,19.83
54620,18.04,34.11,19.83
54630,18.06,33.91,19.83
54640,18.07,34.21,19.83
54650,18.10,33.89,19.83
54660,18.11,34.12,19.83
54670,18.14,33.91,19.83
54680,18.15,34.16,19.83
54690,18.15,34.31,19.83
54700,18.16,34.26,19.83
54710,18.16,34.59,19.83
54720,18.17,34.26,19.83
54730,18.16,34.60,19.83
54740,18.17,34.26,19.83
54750,18.16,34.60,19.83
54760,18.16,34.64,19.83
54770,18.15,34.61,19.83
54780,18.14,34.84,19.83
54790,18.14,34.38,19.83
54800,18.13,34.81,19.83
54810,18.12,34.76,19.83
54820,18.12,34.57,19.83
54830,18.12,34.71,19.83
54840,18.12,34.64,19.83
54850,18.11,34.72,19.83
54860,18.11,34.77,19.83
54870,18.10,34.74,19.83
54880,18.09,34.94,19.83
54890,18.10,34.41,19.83
54900,18.09,34.94,19.83
54910,18.09,34.78,19.83
54920,18.08,34.76,19.83
54930,18.08,34.84,19.83
54940,18.09,34.54,19.83
54950,18.09,34.70,19.83
54960,18.08,35.03,19.83
54970,18.08,34.74,19.83
54980,18.08,34.84,19.83
54990,18.08,34.71,19.83
55000,18.09,34.67,19.83
55010,18.09,34.86,19.83
55020,18.10,34.69,19.83
55030,18.10,34.69,19.83
55040,18.10,34.92,19.83
55050,18.12,34.44,19.83
55060,18.12,34.97,19.83
55070,18.12,34.78,19.83
55080,18.14,34.54,19.83
55090,18.14,34.75,19.83
55100,18.14,35.00,19.83
55110,18.15,34.62,19.83
55120,18.15,34.96,19.83
55130,18.16,34.75,19.83
55140,18.16,34.86,19.83
55150,18.17,34.82,19.83
55160,18.18,34.83,19.83
55170,18.18,34.95,19.83
55180,18.18,34.89,19.83
55190,18.18,34.88,19.83
55200,18.18,35.01,19.83
55210,18.19,34.78,19.83
55220,18.19,35.06,19.83
55230,18.18,35.31,19.83
55240,18.19,34.78,19.83
55250,18.19,35.02,19.83
55260,18.18,35.24,19.83
55270,18.20,34.74,19.83
55280,18.19,35.07,19.83
55290,18.18,35.30,19.83
55300,18.18,35.09,19.83
55310,18.19,35.05,19.83
55320,18.17,35.40,19.83
55330,18.17,35.10,19.83
55340,18.18,34.94,19.83
55350,18.19,35.01,19.83
55360,18.17,35.51,19.83
55370,18.18,35.10,19.83
55380,18.19,34.96,19.83
55390,18.18,35.36,19.83
55400,18.19,35.08,19.83
55410,18.19,35.14,19.83
55420,18.18,35.37,19.83
55430,18.19,35.10,19.83
55440,18.19,35.26,19.83
55450,18.19,35.28,19.83
55460,18.19,35.26,19.83
55470,18.18,35.34,19.83
55480,18.19,35.26,19.83
55490,18.19,35.22,19.83
55500,18.19,35.34,19.83
55510,18.19,35.31,19.83
55520,18.20,35.12,19.83
55530,18.20,35.40,19.83
55540,18.20,35.35,19.83
55550,18.21,35.09,19.83
55560,18.20,35.59,19.83
55570,18.20,35.39,19.83
55580,18.21,35.04,19.83
55590,18.20,35.66,19.83
55600,18.21,35.30,19.83
55610,18.23,35.03,19.83
55620,18.21,35.66,19.83
55630,18.22,35.27,19.83
55640,18.24,35.10,19.83
55650,18.23,35.62,19.83
55660,18.23,35.40,19.83
55670,18.25,35.10,19.83
55680,18.24,35.66,19.83
55690,18.25,35.38,19.83
55700,18.26,35.30,19.83
55710,18.25,35.55,19.83
55720,18.26,35.44,19.83
55730,18.26,35.39,19.83
55740,18.27,35.42,19.83
55750,18.27,35.47,19.83
55760,18.28,35.39,19.83
55770,18.27,35.68,19.83
55780,18.28,35.35,19.83
55790,18.28,35.53,19.83
55800,18.27,35.79,19.83
55810,18.28,35.35,19.83
55820,18.29,35.52,19.83
55830,18.29,35.54,19.83
55840,18.29,35.55,19.83
55850,18.30,35.53,19.83
55860,18.30,35.66,19.83
55870,18.30,35.56,19.83
55880,18.31,35.45,19.83
55890,18.30,35.79,19.83
55900,18.31,35.46,19.83
55910,18.32,35.60,19.83
55920,18.31,35.74,19.83
55930,18.33,35.44,19.83
55940,18.32,35.74,19.83
55950,18.33,35.61,19.83
55960,18.33,35.57,19.83
55970,18.34,35.61,19.83
55980,18.34,35.81,19.83
55990,18.34,35.72,19.83
56000,18.34,35.57,19.83
56010,18.34,79.06,94.07
56020,18.35,79.41,94.07
56030,18.35,79.89,94.07
56040,18.38,79.98,94.07
56050,18.34,81.86,94.07
56060,18.31,82.11,94.07
56070,18.33,81.66,94.07
56080,18.37,81.66,94.07
56090,18.43,81.80,94.07
56100,18.53,81.31,94.07
56110,18.72,80.18,94.07
56120,18.95,79.47,94.07
56130,19.13,80.96,94.07
56140,19.51,77.33,94.07
56150,19.83,78.76,94.07
56160,20.25,77.01,94.07
56170,20.80,74.51,94.07
56180,21.37,74.43,94.07
56190,21.98,73.61,94.07
56200,22.67,72.26,94.07
56210,23.46,69.98,94.07
56220,24.35,68.14,94.07
56230,25.30,66.89,94.07
56240,26.28,66.06,94.07
56250,27.31,65.01,94.07
56260,28.44,62.63,94.07
56270,29.69,60.19,94.07
56280,30.93,59.89,94.07
56290,32.21,58.87,94.07
56300,33.64,55.34,94.07
56310,35.01,56.20,94.07
56320,36.53,52.71,94.07
56330,37.99,53.38,94.07
56340,39.61,49.67,94.07
56350,41.17,50.45,94.07
56360,42.76,49.06,94.07
56370,44.45,46.67,94.07
56380,46.15,45.62,94.07
56390,47.86,44.75,94.07
56400,49.57,43.96,94.07
56410,51.29,43.16,94.07
56420,53.02,42.42,94.07
56430,54.76,41.28,94.07
56440,56.50,40.53,94.07
56450,58.23,39.94,94.07
56460,59.96,39.31,94.07
56470,61.67,38.87,94.07
56480,63.37,38.19,94.07
56490,65.05,37.90,94.07
56500,66.71,37.58,94.07
56510,68.36,36.90,94.07
56520,69.99,36.62,94.07
56530,71.60,36.24,94.07
56540,73.17,36.19,94.07
56550,74.72,35.96,94.07
56560,76.24,35.76,94.07
56570,77.72,35.62,94.07
56580,79.18,35.57,94.07
56590,80.60,35.48,94.07
56600,81.98,35.51,94.07
56610,83.33,35.43,94.07
56620,84.65,35.45,94.07
56630,85.93,35.48,94.07
56640,87.19,35.35,94.07
56650,88.40,35.52,94.07
56660,89.56,35.80,94.07
56670,90.69,36.05,94.07
56680,91.79,35.82,94.07
56690,92.85,36.09,94.07
56700,93.88,36.10,94.07
56710,94.87,36.20,94.07
56720,95.82,36.55,94.07
56730,96.71,37.16,94.07
56740,97.58,37.20,94.07
56750,98.42,37.19,94.07
56760,99.21,37.69,94.07
56770,99.95,38.14,94.07
56780,100.66,38.40,94.07
56790,101.34,38.51,94.07
56800,101.98,38.92,94.07
56810,102.58,39.41,94.07
56820,103.14,39.75,94.07
56830,103.67,39.98,94.07
56840,104.16,40.24,94.07
56850,104.62,40.82,94.07
56860,105.03,41.27,94.07
56870,105.41,41.66,94.07
56880,105.76,42.01,94.07
56890,106.08,42.40,94.07
56900,106.36,42.72,94.07
56910,106.62,43.10,94.07
56920,106.84,43.64,94.07
56930,107.02,44.24,94.07
56940,107.17,44.80,94.07
56950,107.28,45.34,94.07
56960,107.36,45.78,94.07
56970,107.41,46.21,94.07
56980,107.44,46.47,94.07
56990,107.46,46.79,94.07
57000,107.45,47.08,94.07
57010,107.42,47.50,94.07
57020,107.36,48.20,94.07
57030,107.26,48.69,94.07
57040,107.16,48.84,94.07
57050,107.05,49.08,94.07
57060,106.89,49.81,94.07
57070,106.74,49.92,94.07
57080,106.57,50.17,94.07
57090,106.36,50.98,94.07
57100,106.16,50.84,94.07
57110,105.93,51.54,94.07
57120,105.70,51.70,94.07
57130,105.44,52.10,94.07
57140,105.18,52.46,94.07
57150,104.90,52.74,94.07
57160,104.63,52.80,94.07
57170,104.33,53.43,94.07
57180,104.04,53.22,94.07
57190,103.73,53.91,94.07
57200,103.42,53.95,94.07
57210,103.11,54.01,94.07
57220,102.77,54.85,94.07
57230,102.44,54.66,94.07
57240,102.12,54.58,94.07
57250,101.78,55.29,94.07
57260,101.43,55.49,94.07
57270,101.11,55.26,94.07
57280,100.77,55.46,94.07
57290,100.42,56.05,94.07
57300,100.06,56.35,94.07
57310,99.71,56.34,94.07
57320,99.37,56.28,94.07
57330,99.04,56.39,94.07
57340,98.69,56.81,94.07
57350,98.33,57.09,94.07
57360,97.98,57.35,94.07
57370,97.62,57.46,94.07
57380,97.27,57.52,94.07
57390,96.93,57.47,94.07
57400,96.61,57.45,94.07
57410,96.29,57.40,94.07
57420,95.98,57.40,94.07
57430,95.68,57.33,94.07
57440,95.39,57.52,94.07
57450,95.10,57.48,94.07
57460,94.81,57.55,94.07
57470,94.54,57.57,94.07
57480,94.26,57.61,94.07
57490,94.00,57.69,94.07
57500,93.74,57.66,94.07
57510,93.49,57.53,94.07
57520,93.25,57.64,94.07
57530,93.02,57.58,94.07
57540,92.79,57.62,94.07
57550,92.57,57.64,94.07
57560,92.35,57.59,94.07
57570,92.15,57.62,94.07
57580,91.95,57.59,94.07
57590,91.75,57.54,94.07
57600,91.57,57.53,94.07
57610,91.40,57.41,94.07
57620,91.23,57.45,94.07
57630,91.06,57.47,94.07
57640,90.91,57.28,94.07
57650,90.76,57.43,94.07
57660,90.63,57.23,94.07
57670,90.49,57.29,94.07
57680,90.36,57.36,94.07
57690,90.23,57.35,94.07
57700,90.12,57.23,94.07
57710,90.01,57.21,94.07
57720,89.90,57.10,94.07
57730,89.83,56.71,94.07
57740,89.75,56.76,94.07
57750,89.68,56.63,94.07
57760,89.62,56.60,94.07
57770,89.56,56.55,94.07
57780,89.52,56.33,94.07
57790,89.48,56.39,94.07
57800,89.44,56.40,94.07
57810,89.41,56.19,94.07
57820,89.38,56.19,94.07
57830,89.36,56.20,94.07
57840,89.35,56.04,94.07
57850,89.33,56.16,94.07
57860,89.32,56.04,94.07
57870,89.31,56.11,94.07
57880,89.29,56.19,94.07
57890,89.29,56.10,94.07
57900,89.28,56.06,94.07
57910,89.28,56.02,94.07
57920,89.29,55.89,94.07
57930,89.30,55.82,94.07
57940,89.32,55.81,94.07
57950,89.34,55.72,94.07
57960,89.36,55.70,94.07
57970,89.39,55.57,94.07
57980,89.42,55.48,94.07
57990,89.46,55.38,94.07
58000,89.50,55.41,94.07
58010,89.53,55.58,94.07
58020,89.56,55.55,94.07
58030,89.59,55.62,94.07
58040,89.63,55.46,94.07
58050,89.67,55.39,94.07
58060,89.72,55.14,94.07
58070,89.78,55.06,94.07
58080,89.84,55.02,94.07
58090,89.90,55.08,94.07
58100,89.95,55.26,94.07
58110,89.99,55.40,94.07
58120,90.03,55.31,94.07
58130,90.08,55.28,94.07
58140,90.12,55.29,94.07
58150,90.18,55.02,94.07
58160,90.25,54.95,94.07
58170,90.31,54.85,94.07
58180,90.37,54.94,94.07
58190,90.42,55.15,94.07
58200,90.48,55.14,94.07
58210,90.52,55.28,94.07
58220,90.57,55.16,94.07
58230,90.63,54.95,94.07
58240,90.69,54.89,94.07
58250,90.75,54.83,94.07
58260,90.81,54.92,94.07
58270,90.86,55.18,94.07
58280,90.90,55.18,94.07
58290,90.95,55.10,94.07
58300,91.01,55.00,94.07
58310,91.07,54.77,94.07
58320,91.13,54.76,94.07
58330,91.19,54.83,94.07
58340,91.24,55.09,94.07
58350,91.28,55.24,94.07
58360,91.32,55.13,94.07
58370,91.37,55.00,94.07
58380,91.43,54.80,94.07
58390,91.49,54.74,94.07
58400,91.55,54.83,94.07
58410,91.59,55.01,94.07
58420,91.63,55.18,94.07
58430,91.67,55.19,94.07
58440,91.71,55.01,94.07
58450,91.76,54.99,94.07
58460,91.81,54.88,94.07
58470,91.86,54.90,94.07
58480,91.90,55.05,94.07
58490,91.93,55.20,94.07
58500,91.96,55.26,94.07
58510,92.00,55.15,94.07
58520,92.04,54.95,94.07
58530,92.09,54.83,94.07
58540,92.14,54.83,94.07
58550,92.18,54.98,94.07
58560,92.21,55.10,94.07
58570,92.24,55.29,94.07
58580,92.27,55.21,94.07
58590,92.30,55.12,94.07
58600,92.34,55.00,94.07
58610,92.38,54.85,94.07
58620,92.42,54.96,94.07
58630,92.46,54.99,94.07
58640,92.49,55.21,94.07
58650,92.50,55.40,94.07
58660,92.52,55.26,94.07
58670,92.56,55.07,94.07
58680,92.60,54.91,94.07
58690,92.64,54.89,94.07
58700,92.67,54.91,94.07
58710,92.70,55.10,94.07
58720,92.72,55.31,94.07
58730,92.74,55.33,94.07
58740,92.76,55.17,94.07
58750,92.79,55.08,94.07
58760,92.83,54.94,94.07
58770,92.86,54.95,94.07
58780,92.89,55.07,94.07
58790,92.91,55.23,94.07
58800,92.91,55.50,94.07
58810,92.92,55.42,94.07
58820,92.94,55.22,94.07
58830,92.97,55.12,94.07
58840,93.00,54.97,94.07
58850,93.03,55.03,94.07
58860,93.05,55.18,94.07
58870,93.06,55.41,94.07
58880,93.06,55.53,94.07
58890,93.06,55.50,94.07
58900,93.08,55.30,94.07
58910,93.10,55.13,94.07
58920,93.13,55.10,94.07
58930,93.15,55.07,94.07
58940,93.16,55.33,94.07
58950,93.17,55.47,94.07
58960,93.17,55.49,94.07
58970,93.17,55.56,94.07
58980,93.19,55.34,94.07
58990,93.20,55.25,94.07
59000,93.22,55.30,94.07
59010,93.24,55.18,94.07
59020,93.25,55.36,94.07
59030,93.24,55.61,94.07
59040,93.24,55.66,94.07
59050,93.24,55.65,94.07
59060,93.24,55.50,94.07
59070,93.26,55.25,94.07
59080,93.28,55.27,94.07
59090,93.29,55.22,94.07
59100,93.30,55.43,94.07
59110,93.30,55.58,94.07
59120,93.30,55.60,94.07
59130,93.29,55.72,94.07
59140,93.30,55.55,94.07
59150,93.31,55.36,94.07
59160,93.32,55.32,94.07
59170,93.34,55.20,94.07
59180,93.35,55.38,94.07
59190,93.36,55.47,94.07
59200,93.36,55.63,94.07
59210,93.35,55.80,94.07
59220,93.35,55.55,94.07
59230,93.35,55.65,94.07
59240,93.34,55.74,94.07
59250,93.35,55.52,94.07
59260,93.36,55.49,94.07
59270,93.36,55.49,94.07
59280,93.36,55.70,94.07
59290,93.35,55.80,94.07
59300,93.35,55.70,94.07
59310,93.36,55.50,94.07
59320,93.37,55.43,94.07
59330,93.38,55.32,94.07
59340,93.40,55.25,94.07
59350,93.42,55.29,94.07
59360,93.43,55.52,94.07
59370,93.43,55.56,94.07
59380,93.42,55.74,94.07
59390,93.42,55.75,94.07
59400,93.42,55.58,94.07
59410,93.43,55.50,94.07
59420,93.45,55.24,94.07
59430,93.47,55.20,94.07
59440,93.49,55.27,94.07
59450,93.50,55.36,94.07
59460,93.51,55.44,94.07
59470,93.51,55.66,94.07
59480,93.51,55.69,94.07
59490,93.51,55.57,94.07
59500,93.52,55.48,94.07
59510,93.53,55.34,94.07
59520,93.55,55.22,94.07
59530,93.57,55.21,94.07
59540,93.60,55.17,94.07
59550,93.60,55.45,94.07
59560,93.61,55.58,94.07
59570,93.61,55.57,94.07
59580,93.61,55.61,94.07
59590,93.62,55.40,94.07
59600,93.63,55.26,94.07
59610,93.66,55.11,94.07
59620,93.68,55.13,94.07
59630,93.70,55.22,94.07
59640,93.71,55.28,94.07
59650,93.72,55.47,94.07
59660,93.71,55.64,94.07
59670,93.72,55.50,94.07
59680,93.72,55.45,94.07
59690,93.74,55.29,94.07
59700,93.76,55.09,94.07
59710,93.78,55.12,94.07
59720,93.80,55.15,94.07
59730,93.81,55.27,94.07
59740,93.82,55.45,94.07
59750,93.82,55.49,94.07
59760,93.82,55.50,94.07
59770,93.83,55.43,94.07
59780,93.84,55.25,94.07
59790,93.85,55.24,94.07
59800,93.88,55.04,94.07
59810,93.90,55.03,94.07
59820,93.91,55.26,94.07
59830,93.92,55.33,94.07
59840,93.92,55.41,94.07
59850,93.92,55.52,94.07
59860,93.92,55.49,94.07
59870,93.93,55.27,94.07
59880,93.95,55.06,94.07
59890,93.97,55.10,94.07
59900,93.98,55.12,94.07
59910,93.99,55.29,94.07
59920,93.99,55.39,94.07
59930,93.99,55.55,94.07
59940,93.99,55.51,94.07
59950,93.99,55.31,94.07
59960,94.00,55.23,94.07
59970,94.02,55.06,94.07
59980,94.04,55.02,94.07
59990,94.06,55.10,94.07
60000,94.06,55.27,94.07
60010,94.06,17.39,28.85
60020,94.06,17.07,28.85
60030,94.06,16.56,28.85
60040,94.08,15.62,28.85
60050,94.10,15.41,28.85
60060,94.10,15.11,28.85
60070,94.09,14.99,28.85
60080,94.03,15.64,28.85
60090,93.93,15.89,28.85
60100,93.81,16.06,28.85
60110,93.65,16.55,28.85
60120,93.47,16.74,28.85
60130,93.25,17.00,28.85
60140,92.99,17.65,28.85
60150,92.71,17.68,28.85
60160,92.38,18.47,28.85
60170,92.01,19.09,28.85
60180,91.62,19.46,28.85
60190,91.17,20.25,28.85
60200,90.69,20.87,28.85
60210,90.18,21.44,28.85
60220,89.63,21.94,28.85
60230,89.04,22.68,28.85
60240,88.39,23.96,28.85
60250,87.69,24.98,28.85
60260,86.97,25.39,28.85
60270,86.22,26.02,28.85
60280,85.44,26.79,28.85
60290,84.57,28.62,28.85
60300,83.65,29.82,28.85
60310,82.70,30.58,28.85
60320,81.73,31.27,28.85
60330,80.72,32.12,28.85
60340,79.68,33.22,28.85
60350,78.59,34.41,28.85
60360,77.44,35.76,28.85
60370,76.30,36.16,28.85
60380,75.12,37.32,28.85
60390,73.88,38.76,28.85
60400,72.63,39.59,28.85
60410,71.35,40.43,28.85
60420,70.04,41.61,28.85
60430,68.70,42.90,28.85
60440,67.34,43.67,28.85
60450,65.95,44.78,28.85
60460,64.53,45.92,28.85
60470,63.08,47.21,28.85
60480,61.62,47.97,28.85
60490,60.17,48.49,28.85
60500,58.71,49.40,28.85
60510,57.23,50.24,28.85
60520,55.75,51.09,28.85
60530,54.22,52.76,28.85
60540,52.68,53.75,28.85
60550,51.14,54.34,28.85
60560,49.61,55.06,28.85
60570,48.07,55.82,28.85
60580,46.55,56.33,28.85
60590,45.03,56.93,28.85
60600,43.53,57.57,28.85
60610,42.05,57.78,28.85
60620,40.58,58.18,28.85
60630,39.13,58.69,28.85
60640,37.71,59.06,28.85
60650,36.32,59.01,28.85
60660,34.96,59.16,28.85
60670,33.63,59.32,28.85
60680,32.33,59.24,28.85
60690,31.07,59.39,28.85
60700,29.85,59.28,28.85
60710,28.66,59.22,28.85
60720,27.52,59.08,28.85
60730,26.41,59.01,28.85
60740,25.35,58.76,28.85
60750,24.31,58.84,28.85
60760,23.31,58.61,28.85
60770,22.36,58.47,28.85
60780,21.43,58.38,28.85
60790,20.55,58.12,28.85
60800,19.71,57.80,28.85
60810,18.91,57.54,28.85
60820,18.16,57.04,28.85
60830,17.46,56.42,28.85
60840,16.82,55.74,28.85
60850,16.24,55.07,28.85
60860,15.70,54.55,28.85
60870,15.22,53.73,28.85
60880,14.79,53.10,28.85
60890,14.40,52.61,28.85
60900,14.05,52.04,28.85
60910,13.75,51.36,28.85
60920,13.49,50.94,28.85
60930,13.27,50.15,28.85
60940,13.10,49.37,28.85
60950,12.99,48.56,28.85
60960,12.93,47.48,28.85
60970,12.91,46.92,28.85
60980,12.91,46.58,28.85
60990,12.95,45.82,28.85
61000,13.05,44.72,28.85
61010,13.18,44.30,28.85
61020,13.31,44.02,28.85
61030,13.51,42.89,28.85
61040,13.71,42.69,28.85
61050,13.96,41.74,28.85
61060,14.21,41.55,28.85
61070,14.51,40.68,28.85
61080,14.82,40.18,28.85
61090,15.15,39.80,28.85
61100,15.51,39.08,28.85
61110,15.90,38.38,28.85
61120,16.29,38.17,28.85
61130,16.69,37.90,28.85
61140,17.09,37.60,28.85
61150,17.52,37.08,28.85
61160,17.95,36.63,28.85
61170,18.40,36.13,28.85
61180,18.87,35.74,28.85
61190,19.34,35.33,28.85
61200,19.80,35.31,28.85
61210,20.26,35.09,28.85
61220,20.72,35.00,28.85
61230,21.19,34.51,28.85
61240,21.67,33.98,28.85
61250,22.17,33.41,28.85
61260,22.66,33.37,28.85
61270,23.14,33.37,28.85
61280,23.61,33.31,28.85
61290,24.10,32.67,28.85
61300,24.56,33.16,28.85
61310,25.02,32.76,28.85
61320,25.49,32.32,28.85
61330,25.93,32.69,28.85
61340,26.38,32.29,28.85
61350,26.81,32.37,28.85
61360,27.24,32.14,28.85
61370,27.66,32.27,28.85
61380,28.06,32.25,28.85
61390,28.46,32.07,28.85
61400,28.84,32.31,28.85
61410,29.22,32.15,28.85
61420,29.58,32.27,28.85
61430,29.93,32.18,28.85
61440,30.26,32.47,28.85
61450,30.59,32.32,28.85
61460,30.89,32.50,28.85
61470,31.19,32.51,28.85
61480,31.48,32.59,28.85
61490,31.74,32.74,28.85
61500,32.00,32.88,28.85
61510,32.25,32.82,28.85
61520,32.47,33.13,28.85
61530,32.68,33.27,28.85
61540,32.88,33.29,28.85
61550,33.06,33.62,28.85
61560,33.22,33.85,28.85
61570,33.36,34.30,28.85
61580,33.49,34.14,28.85
61590,33.60,34.68,28.85
61600,33.70,34.67,28.85
61610,33.78,35.12,28.85
61620,33.86,34.93,28.85
61630,33.90,35.48,28.85
61640,33.95,35.55,28.85
61650,33.97,35.85,28.85
61660,33.99,35.99,28.85
61670,33.99,36.31,28.85
61680,33.98,36.51,28.85
61690,33.95,36.77,28.85
61700,33.91,37.11,28.85
61710,33.86,37.03,28.85
61720,33.80,37.57,28.85
61730,33.73,37.55,28.85
61740,33.65,37.94,28.85
61750,33.55,38.30,28.85
61760,33.45,38.26,28.85
61770,33.33,38.79,28.85
61780,33.19,38.99,28.85
61790,33.07,38.95,28.85
61800,32.92,39.53,28.85
61810,32.77,39.44,28.85
61820,32.61,39.84,28.85
61830,32.42,40.43,28.85
61840,32.25,40.29,28.85
61850,32.09,40.08,28.85
61860,31.93,40.15,28.85
61870,31.74,40.69,28.85
61880,31.54,41.18,28.85
61890,31.33,41.37,28.85
61900,31.14,41.23,28.85
61910,30.95,41.13,28.85
61920,30.77,41.16,28.85
61930,30.58,41.34,28.85
61940,30.39,41.48,28.85
61950,30.18,41.91,28.85
61960,29.96,42.45,28.85
61970,29.73,42.60,28.85
61980,29.49,43.02,28.85
61990,29.25,43.05,28.85
62000,29.01,43.19,28.85
62010,28.79,42.98,28.85
62020,28.58,43.07,28.85
62030,28.36,43.20,28.85
62040,28.15,43.13,28.85
62050,27.94,43.18,28.85
62060,27.76,42.98,28.85
62070,27.57,42.99,28.85
62080,27.40,42.94,28.85
62090,27.24,42.71,28.85
62100,27.08,42.75,28.85
62110,26.94,42.64,28.85
62120,26.79,42.69,28.85
62130,26.65,42.79,28.85
62140,26.50,42.95,28.85
62150,26.36,43.05,28.85
62160,26.21,43.15,28.85
62170,26.08,42.96,28.85
62180,25.96,42.78,28.85
62190,25.86,42.45,28.85
62200,25.78,42.26,28.85
62210,25.69,42.24,28.85
62220,25.62,42.17,28.85
62230,25.55,42.14,28.85
62240,25.48,42.31,28.85
62250,25.40,42.44,28.85
62260,25.33,42.27,28.85
62270,25.28,41.92,28.85
62280,25.25,41.63,28.85
62290,25.24,41.42,28.85
62300,25.22,41.44,28.85
62310,25.20,41.45,28.85
62320,25.19,41.43,28.85
62330,25.19,41.27,28.85
62340,25.19,41.18,28.85
62350,25.19,41.16,28.85
62360,25.21,40.80,28.85
62370,25.26,40.42,28.85
62380,25.31,40.14,28.85
62390,25.37,40.13,28.85
62400,25.43,40.00,28.85
62410,25.49,40.02,28.85
62420,25.54,40.18,28.85
62430,25.59,40.21,28.85
62440,25.64,40.14,28.85
62450,25.70,40.04,28.85
62460,25.75,40.05,28.85
62470,25.82,39.79,28.85
62480,25.88,39.83,28.85
62490,25.96,39.57,28.85
62500,26.04,39.39,28.85
62510,26.14,39.16,28.85
62520,26.23,39.21,28.85
62530,26.32,39.01,28.85
62540,26.43,38.82,28.85
62550,26.54,38.74,28.85
62560,26.65,38.61,28.85
62570,26.76,38.46,28.85
62580,26.87,38.66,28.85
62590,26.97,38.54,28.85
62600,27.07,38.66,28.85
62610,27.16,38.75,28.85
62620,27.25,38.78,28.85
62630,27.33,38.94,28.85
62640,27.41,38.92,28.85
62650,27.47,39.12,28.85
62660,27.55,38.86,28.85
62670,27.63,38.75,28.85
62680,27.72,38.52,28.85
62690,27.83,38.20,28.85
62700,27.94,38.00,28.85
62710,28.07,37.62,28.85
62720,28.20,37.30,28.85
62730,28.33,37.49,28.85
62740,28.45,37.60,28.85
62750,28.55,37.74,28.85
62760,28.64,38.15,28.85
62770,28.70,38.62,28.85
62780,28.74,38.94,28.85
62790,28.78,38.89,28.85
62800,28.85,38.33,28.85
62810,28.94,37.93,28.85
62820,29.03,37.75,28.85
62830,29.12,37.75,28.85
62840,29.18,38.43,28.85
62850,29.21,38.88,28.85
62860,29.22,39.29,28.85
62870,29.23,39.11,28.85
62880,29.28,38.64,28.85
62890,29.33,38.31,28.85
62900,29.39,38.23,28.85
62910,29.44,38.41,28.85
62920,29.46,38.94,28.85
62930,29.46,39.25,28.85
62940,29.45,39.42,28.85
62950,29.45,39.51,28.85
62960,29.45,39.24,28.85
62970,29.46,39.08,28.85
62980,29.48,38.90,28.85
62990,29.51,38.72,28.85
63000,29.53,38.83,28.85
63010,29.55,38.79,28.85
63020,29.56,39.15,28.85
63030,29.54,39.66,28.85
63040,29.49,40.16,28.85
63050,29.47,39.66,28.85
63060,29.47,39.30,28.85
63070,29.49,38.91,28.85
63080,29.49,39.22,28.85
63090,29.47,39.55,28.85
63100,29.45,39.73,28.85
63110,29.41,40.04,28.85
63120,29.35,40.65,28.85
63130,29.28,40.65,28.85
63140,29.23,40.46,28.85
63150,29.18,40.30,28.85
63160,29.15,39.97,28.85
63170,29.14,39.79,28.85
63180,29.13,39.62,28.85
63190,29.13,39.38,28.85
63200,29.12,39.51,28.85
63210,29.13,39.40,28.85
63220,29.11,39.64,28.85
63230,29.10,39.81,28.85
63240,29.07,39.97,28.85
63250,29.03,40.27,28.85
63260,28.98,40.43,28.85
63270,28.93,40.68,28.85
63280,28.87,40.71,28.85
63290,28.80,40.92,28.85
63300,28.75,40.72,28.85
63310,28.69,40.89,28.85
63320,28.64,40.58,28.85
63330,28.60,40.68,28.85
63340,28.56,40.54,28.85
63350,28.52,40.43,28.85
63360,28.50,40.34,28.85
63370,28.47,40.26,28.85
63380,28.46,40.05,28.85
63390,28.45,40.04,28.85
63400,28.44,39.99,28.85
63410,28.44,39.90,28.85
63420,28.43,39.93,28.85
63430,28.45,39.62,28.85
63440,28.45,39.82,28.85
63450,28.46,39.53,28.85
63460,28.47,39.59,28.85
63470,28.49,39.52,28.85
63480,28.51,39.40,28.85
63490,28.53,39.48,28.85
63500,28.56,39.20,28.85
63510,28.58,39.31,28.85
63520,28.61,39.25,28.85
63530,28.63,39.34,28.85
63540,28.66,39.15,28.85
63550,28.67,39.38,28.85
63560,28.70,39.20,28.85
63570,28.72,39.37,28.85
63580,28.73,39.42,28.85
63590,28.74,39.56,28.85
63600,28.74,39.68,28.85
63610,28.73,39.94,28.85
63620,28.70,40.19,28.85
63630,28.68,40.07,28.85
63640,28.66,40.23,28.85
63650,28.64,40.24,28.85
63660,28.61,40.36,28.85
63670,28.59,40.10,28.85
63680,28.58,40.09,28.85
63690,28.57,39.86,28.85
63700,28.59,39.54,28.85
63710,28.60,39.45,28.85
63720,28.63,39.36,28.85
63730,28.65,39.23,28.85
63740,28.69,38.99,28.85
63750,28.72,39.13,28.85
63760,28.76,38.82,28.85
63770,28.80,39.06,28.85
63780,28.83,39.01,28.85
63790,28.85,39.25,28.85
63800,28.86,39.40,28.85
63810,28.87,39.46,28.85
63820,28.85,39.98,28.85
63830,28.83,40.14,28.85
63840,28.80,40.24,28.85
63850,28.77,40.34,28.85
63860,28.75,40.21,28.85
63870,28.72,40.25,28.85
63880,28.71,39.94,28.85
63890,28.70,39.84,28.85
63900,28.71,39.70,28.85
63910,28.73,39.20,28.85
63920,28.76,39.19,28.85
63930,28.80,38.89,28.85
63940,28.83,39.07,28.85
63950,28.86,39.02,28.85
63960,28.88,39.20,28.85
63970,28.89,39.44,28.85
63980,28.90,39.40,28.85
63990,28.89,39.87,28.85
64000,28.88,39.85,28.85
64010,28.86,61.05,64.68
64020,28.82,61.49,64.68
64030,28.79,61.68,64.68
64040,28.73,62.42,64.68
64050,28.69,62.42,64.68
64060,28.69,61.81,64.68
64070,28.71,61.74,64.68
64080,28.74,61.56,64.68
64090,28.80,61.29,64.68
64100,28.89,60.88,64.68
64110,29.02,60.25,64.68
64120,29.17,59.90,64.68
64130,29.37,59.27,64.68
64140,29.58,58.89,64.68
64150,29.83,58.38,64.68
64160,30.11,57.71,64.68
64170,30.43,56.93,64.68
64180,30.78,56.53,64.68
64190,31.15,55.91,64.68
64200,31.56,55.29,64.68
64210,31.99,54.87,64.68
64220,32.45,54.18,64.68
64230,32.92,53.71,64.68
64240,33.44,52.91,64.68
64250,33.98,52.29,64.68
64260,34.55,51.54,64.68
64270,35.15,50.84,64.68
64280,35.75,50.61,64.68
64290,36.39,49.61,64.68
64300,37.06,48.85,64.68
64310,37.75,48.26,64.68
64320,38.46,47.70,64.68
64330,39.20,46.73,64.68
64340,39.95,46.30,64.68
64350,40.70,45.98,64.68
64360,41.48,45.21,64.68
64370,42.26,44.74,64.68
64380,43.05,44.29,64.68
64390,43.85,43.85,64.68
64400,44.65,43.48,64.68
64410,45.45,43.13,64.68
64420,46.25,42.75,64.68
64430,47.05,42.45,64.68
64440,47.85,42.13,64.68
64450,48.63,42.15,64.68
64460,49.42,41.60,64.68
64470,50.20,41.51,64.68
64480,50.96,41.51,64.68
64490,51.72,41.02,64.68
64500,52.49,40.74,64.68
64510,53.23,40.76,64.68
64520,53.95,40.84,64.68
64530,54.66,40.81,64.68
64540,55.35,40.84,64.68
64550,56.03,40.61,64.68
64560,56.70,40.62,64.68
64570,57.35,40.58,64.68
64580,57.99,40.42,64.68
64590,58.61,40.60,64.68
64600,59.21,40.83,64.68
64610,59.77,41.02,64.68
64620,60.33,40.96,64.68
64630,60.87,40.97,64.68
64640,61.39,41.15,64.68
64650,61.89,41.30,64.68
64660,62.38,41.24,64.68
64670,62.84,41.43,64.68
64680,63.29,41.61,64.68
64690,63.71,41.81,64.68
64700,64.10,42.13,64.68
64710,64.47,42.41,64.68
64720,64.82,42.65,64.68
64730,65.15,42.83,64.68
64740,65.46,43.15,64.68
64750,65.74,43.33,64.68
64760,66.01,43.59,64.68
64770,66.25,43.92,64.68
64780,66.47,44.17,64.68
64790,66.68,44.29,64.68
64800,66.87,44.56,64.68
64810,67.04,44.92,64.68
64820,67.18,45.36,64.68
64830,67.30,45.68,64.68
64840,67.40,45.98,64.68
64850,67.49,46.11,64.68
64860,67.56,46.41,64.68
64870,67.62,46.71,64.68
64880,67.65,47.09,64.68
64890,67.66,47.58,64.68
64900,67.66,47.73,64.68
64910,67.65,47.96,64.68
64920,67.60,48.60,64.68
64930,67.55,48.77,64.68
64940,67.48,49.12,64.68
64950,67.41,49.26,64.68
64960,67.31,49.76,64.68
64970,67.21,49.78,64.68
64980,67.10,50.10,64.68
64990,66.99,50.27,64.68
65000,66.86,50.59,64.68
65010,66.72,50.91,64.68
65020,66.57,51.05,64.68
65030,66.42,51.34,64.68
65040,66.26,51.40,64.68
65050,66.10,51.67,64.68
65060,65.93,51.77,64.68
65070,65.76,51.98,64.68
65080,65.58,52.28,64.68
65090,65.41,52.19,64.68
65100,65.22,52.61,64.68
65110,65.05,52.44,64.68
65120,64.86,52.76,64.68
65130,64.67,53.00,64.68
65140,64.50,52.77,64.68
65150,64.31,53.08,64.68
65160,64.13,53.18,64.68
65170,63.95,53.18,64.68
65180,63.77,53.28,64.68
65190,63.59,53.47,64.68
65200,63.42,53.38,64.68
65210,63.25,53.34,64.68
65220,63.08,53.64,64.68
65230,62.91,53.69,64.68
65240,62.75,53.51,64.68
65250,62.59,53.59,64.68
65260,62.44,53.64,64.68
65270,62.29,53.57,64.68
65280,62.15,53.62,64.68
65290,62.01,53.66,64.68
65300,61.88,53.66,64.68
65310,61.75,53.61,64.68
65320,61.64,53.42,64.68
65330,61.53,53.42,64.68
65340,61.42,53.46,64.68
65350,61.31,53.50,64.68
65360,61.22,53.37,64.68
65370,61.13,53.25,64.68
65380,61.05,53.31,64.68
65390,60.98,53.08,64.68
65400,60.92,53.02,64.68
65410,60.86,52.92,64.68
65420,60.80,52.97,64.68
65430,60.75,52.98,64.68
65440,60.70,52.93,64.68
65450,60.66,52.88,64.68
65460,60.63,52.76,64.68
65470,60.60,52.66,64.68
65480,60.57,52.63,64.68
65490,60.55,52.66,64.68
65500,60.53,52.62,64.68
65510,60.51,52.60,64.68
65520,60.51,52.36,64.68
65530,60.52,52.18,64.68
65540,60.52,52.38,64.68
65550,60.52,52.32,64.68
65560,60.53,52.22,64.68
65570,60.55,52.05,64.68
65580,60.56,52.13,64.68
65590,60.57,52.21,64.68
65600,60.60,51.99,64.68
65610,60.63,51.80,64.68
65620,60.66,51.91,64.68
65630,60.69,51.95,64.68
65640,60.71,51.96,64.68
65650,60.76,51.64,64.68
65660,60.79,51.81,64.68
65670,60.82,51.93,64.68
65680,60.87,51.49,64.68
65690,60.91,51.73,64.68
65700,60.95,51.73,64.68
65710,61.00,51.49,64.68
65720,61.05,51.59,64.68
65730,61.09,51.71,64.68
65740,61.14,51.45,64.68
65750,61.20,51.45,64.68
65760,61.24,51.67,64.68
65770,61.30,51.36,64.68
65780,61.35,51.44,64.68
65790,61.40,51.45,64.68
65800,61.45,51.41,64.68
65810,61.50,51.41,64.68
65820,61.55,51.51,64.68
65830,61.60,51.37,64.68
65840,61.66,51.41,64.68
65850,61.71,51.32,64.68
65860,61.75,51.54,64.68
65870,61.82,51.17,64.68
65880,61.86,51.46,64.68
65890,61.91,51.44,64.68
65900,61.97,51.19,64.68
65910,62.01,51.59,64.68
65920,62.05,51.46,64.68
65930,62.11,51.22,64.68
65940,62.14,51.72,64.68
65950,62.19,51.18,64.68
65960,62.23,51.51,64.68
65970,62.28,51.47,64.68
65980,62.32,51.38,64.68
65990,62.36,51.48,64.68
66000,62.40,51.43,64.68
66010,62.44,51.47,64.68
66020,62.49,51.32,64.68
66030,62.53,51.51,64.68
66040,62.56,51.62,64.68
66050,62.61,51.32,64.68
66060,62.63,51.74,64.68
66070,62.67,51.39,64.68
66080,62.71,51.42,64.68
66090,62.73,51.81,64.68
66100,62.78,51.31,64.68
66110,62.81,51.61,64.68
66120,62.84,51.60,64.68
66130,62.87,51.51,64.68
66140,62.89,51.67,64.68
66150,62.92,51.74,64.68
66160,62.94,51.67,64.68
66170,62.97,51.69,64.68
66180,62.98,51.90,64.68
66190,63.01,51.63,64.68
66200,63.02,51.89,64.68
66210,63.03,51.92,64.68
66220,63.06,51.63,64.68
66230,63.07,52.10,64.68
66240,63.07,52.03,64.68
66250,63.09,51.78,64.68
66260,63.10,52.15,64.68
66270,63.11,51.96,64.68
66280,63.12,51.96,64.68
66290,63.12,52.20,64.68
66300,63.13,52.05,64.68
66310,63.14,52.08,64.68
66320,63.14,52.10,64.68
66330,63.15,52.13,64.68
66340,63.16,52.03,64.68
66350,63.16,52.20,64.68
66360,63.17,52.13,64.68
66370,63.17,52.19,64.68
66380,63.18,52.11,64.68
66390,63.18,52.23,64.68
66400,63.19,52.17,64.68
66410,63.20,52.04,64.68
66420,63.20,52.29,64.68
66430,63.21,52.12,64.68
66440,63.22,52.17,64.68
66450,63.22,52.25,64.68
66460,63.22,52.29,64.68
66470,63.23,52.20,64.68
66480,63.24,52.14,64.68
66490,63.24,52.32,64.68
66500,63.25,52.16,64.68
66510,63.25,52.24,64.68
66520,63.26,52.26,64.68
66530,63.26,52.29,64.68
66540,63.28,52.10,64.68
66550,63.28,52.25,64.68
66560,63.29,52.32,64.68
66570,63.30,52.10,64.68
66580,63.31,52.19,64.68
66590,63.31,52.34,64.68
66600,63.32,52.22,64.68
66610,63.33,52.23,64.68
66620,63.33,52.33,64.68
66630,63.34,52.27,64.68
66640,63.35,52.27,64.68
66650,63.36,52.28,64.68
66660,63.36,52.24,64.68
66670,63.38,52.21,64.68
66680,63.38,52.42,64.68
66690,63.38,52.28,64.68
66700,63.39,52.34,64.68
66710,63.39,52.38,64.68
66720,63.39,52.43,64.68
66730,63.40,52.33,64.68
66740,63.41,52.38,64.68
66750,63.41,52.49,64.68
66760,63.41,52.33,64.68
66770,63.41,52.52,64.68
66780,63.41,52.56,64.68
66790,63.41,52.50,64.68
66800,63.41,52.52,64.68
66810,63.41,52.54,64.68
66820,63.41,52.57,64.68
66830,63.40,52.61,64.68
66840,63.41,52.36,64.68
66850,63.42,52.40,64.68
66860,63.41,52.73,64.68
66870,63.42,52.40,64.68
66880,63.43,52.41,64.68
66890,63.44,52.47,64.68
66900,63.43,52.66,64.68
66910,63.43,52.59,64.68
66920,63.44,52.34,64.68
66930,63.44,52.67,64.68
66940,63.44,52.63,64.68
66950,63.45,52.40,64.68
66960,63.46,52.51,64.68
66970,63.46,52.65,64.68
66980,63.46,52.66,64.68
66990,63.47,52.47,64.68
67000,63.46,52.81,64.68
67010,63.45,52.81,64.68
67020,63.46,52.48,64.68
67030,63.46,52.66,64.68
67040,63.45,52.83,64.68
67050,63.46,52.57,64.68
67060,63.46,52.63,64.68
67070,63.46,52.79,64.68
67080,63.46,52.77,64.68
67090,63.46,52.60,64.68
67100,63.46,52.74,64.68
67110,63.46,52.93,64.68
67120,63.46,52.63,64.68
67130,63.47,52.58,64.68
67140,63.46,52.89,64.68
67150,63.47,52.72,64.68
67160,63.48,52.61,64.68
67170,63.48,52.77,64.68
67180,63.47,52.84,64.68
67190,63.48,52.69,64.68
67200,63.49,52.60,64.68
67210,63.49,52.78,64.68
67220,63.49,52.77,64.68
67230,63.51,52.53,64.68
67240,63.51,52.66,64.68
67250,63.51,52.94,64.68
67260,63.52,52.67,64.68
67270,63.53,52.53,64.68
67280,63.54,52.76,64.68
67290,63.54,52.78,64.68
67300,63.55,52.58,64.68
67310,63.56,52.72,64.68
67320,63.56,52.81,64.68
67330,63.57,52.65,64.68
67340,63.59,52.54,64.68
67350,63.59,52.71,64.68
67360,63.60,52.78,64.68
67370,63.62,52.49,64.68
67380,63.63,52.66,64.68
67390,63.63,52.78,64.68
67400,63.65,52.52,64.68
67410,63.66,52.62,64.68
67420,63.66,52.79,64.68
67430,63.67,52.70,64.68
67440,63.68,52.59,64.68
67450,63.69,52.68,64.68
67460,63.70,52.78,64.68
67470,63.71,52.57,64.68
67480,63.73,52.54,64.68
67490,63.73,52.79,64.68
67500,63.74,52.72,64.68
67510,63.76,52.53,64.68
67520,63.76,52.74,64.68
67530,63.77,52.73,64.68
67540,63.78,52.66,64.68
67550,63.79,52.66,64.68
67560,63.80,52.76,64.68
67570,63.80,52.85,64.68
67580,63.81,52.58,64.68
67590,63.83,52.64,64.68
67600,63.83,52.80,64.68
67610,63.84,52.69,64.68
67620,63.86,52.51,64.68
67630,63.87,52.71,64.68
67640,63.87,52.82,64.68
67650,63.89,52.54,64.68
67660,63.89,52.73,64.68
67670,63.89,52.86,64.68
67680,63.90,52.65,64.68
67690,63.92,52.67,64.68
67700,63.92,52.80,64.68
67710,63.92,52.78,64.68
67720,63.93,52.72,64.68
67730,63.95,52.57,64.68
67740,63.95,52.85,64.68
67750,63.95,52.81,64.68
67760,63.98,52.43,64.68
67770,63.99,52.68,64.68
67780,63.98,52.89,64.68
67790,63.99,52.71,64.68
67800,64.01,52.57,64.68
67810,64.01,52.76,64.68
67820,64.02,52.70,64.68
67830,64.04,52.55,64.68
67840,64.05,52.60,64.68
67850,64.06,52.80,64.68
67860,64.07,52.65,64.68
67870,64.08,52.58,64.68
67880,64.09,52.60,64.68
67890,64.10,52.78,64.68
67900,64.11,52.67,64.68
67910,64.13,52.39,64.68
67920,64.14,52.65,64.68
67930,64.14,52.77,64.68
67940,64.16,52.50,64.68
67950,64.17,52.66,64.68
67960,64.18,52.66,64.68
67970,64.19,52.59,64.68
67980,64.20,52.61,64.68
67990,64.21,52.66,64.68
68000,64.22,52.60,64.68
68010,64.24,73.16,100.15
68020,64.25,73.42,100.15
68030,64.26,73.74,100.15
68040,64.27,73.98,100.15
68050,64.29,74.03,100.15
68060,64.32,74.15,100.15
68070,64.35,74.15,100.15
68080,64.37,74.72,100.15
68090,64.44,73.86,100.15
68100,64.59,72.41,100.15
68110,64.67,74.10,100.15
68120,64.88,71.42,100.15
68130,65.01,73.27,100.15
68140,65.29,70.53,100.15
68150,65.60,69.71,100.15
68160,65.87,70.73,100.15
68170,66.19,69.71,100.15
68180,66.62,67.52,100.15
68190,66.99,68.71,100.15
68200,67.44,67.04,100.15
68210,67.93,66.09,100.15
68220,68.49,64.68,100.15
68230,69.01,65.44,100.15
68240,69.65,62.81,100.15
68250,70.25,63.51,100.15
68260,70.93,61.72,100.15
68270,71.60,61.59,100.15
68280,72.33,60.23,100.15
68290,73.05,60.23,100.15
68300,73.85,58.47,100.15
68310,74.60,58.98,100.15
68320,75.43,57.26,100.15
68330,76.27,56.57,100.15
68340,77.09,56.64,100.15
68350,77.95,55.66,100.15
68360,78.84,54.50,100.15
68370,79.73,54.19,100.15
68380,80.62,53.97,100.15
68390,81.50,53.56,100.15
68400,82.40,52.87,100.15
68410,83.30,52.38,100.15
68420,84.21,51.83,100.15
68430,85.13,51.28,100.15
68440,86.04,50.85,100.15
68450,86.96,50.44,100.15
68460,87.87,50.08,100.15
68470,88.77,49.73,100.15
68480,89.68,49.18,100.15
68490,90.60,48.57,100.15
68500,91.51,48.20,100.15
68510,92.40,48.11,100.15
68520,93.29,47.87,100.15
68530,94.17,47.33,100.15
68540,95.05,47.12,100.15
68550,95.90,47.13,100.15
68560,96.74,46.82,100.15
68570,97.57,46.59,100.15
68580,98.37,46.71,100.15
68590,99.18,46.07,100.15
68600,99.95,46.49,100.15
68610,100.72,45.95,100.15
68620,101.46,46.09,100.15
68630,102.20,45.85,100.15
68640,102.90,46.05,100.15
68650,103.60,45.73,100.15
68660,104.27,45.85,100.15
68670,104.94,45.45,100.15
68680,105.57,45.80,100.15
68690,106.21,45.25,100.15
68700,106.80,45.73,100.15
68710,107.41,45.24,100.15
68720,107.97,45.66,100.15
68730,108.52,45.44,100.15
68740,109.05,45.52,100.15
68750,109.55,45.83,100.15
68760,110.05,45.35,100.15
68770,110.51,45.88,100.15
68780,110.98,45.47,100.15
68790,111.42,45.62,100.15
68800,111.82,46.06,100.15
68810,112.23,45.71,100.15
68820,112.60,46.09,100.15
68830,112.95,46.11,100.15
68840,113.31,45.88,100.15
68850,113.61,46.55,100.15
68860,113.92,46.21,100.15
68870,114.21,46.35,100.15
68880,114.47,46.76,100.15
68890,114.73,46.47,100.15
68900,114.95,46.92,100.15
68910,115.15,47.18,100.15
68920,115.36,46.92,100.15
68930,115.52,47.53,100.15
68940,115.67,47.60,100.15
68950,115.82,47.38,100.15
68960,115.93,48.09,100.15
68970,116.03,47.95,100.15
68980,116.12,48.12,100.15
68990,116.18,48.72,100.15
69000,116.24,48.36,100.15
69010,116.26,49.07,100.15
69020,116.28,48.99,100.15
69030,116.29,49.22,100.15
69040,116.26,49.71,100.15
69050,116.24,49.44,100.15
69060,116.19,50.14,100.15
69070,116.14,49.95,100.15
69080,116.06,50.54,100.15
69090,115.98,50.36,100.15
69100,115.88,50.82,100.15
69110,115.78,50.71,100.15
69120,115.66,51.07,100.15
69130,115.56,50.73,100.15
69140,115.42,51.40,100.15
69150,115.29,51.08,100.15
69160,115.14,51.60,100.15
69170,115.00,51.43,100.15
69180,114.85,51.63,100.15
69190,114.68,52.00,100.15
69200,114.51,51.79,100.15
69210,114.33,52.22,100.15
69220,114.15,52.32,100.15
69230,113.96,52.23,100.15
69240,113.75,52.92,100.15
69250,113.55,52.64,100.15
69260,113.35,52.82,100.15
69270,113.11,53.35,100.15
69280,112.91,52.95,100.15
69290,112.69,53.15,100.15
69300,112.45,53.65,100.15
69310,112.23,53.39,100.15
69320,112.01,53.36,100.15
69330,111.76,53.98,100.15
69340,111.52,53.95,100.15
69350,111.29,53.64,100.15
69360,111.05,54.05,100.15
69370,110.79,54.54,100.15
69380,110.54,54.33,100.15
69390,110.31,54.18,100.15
69400,110.05,54.59,100.15
69410,109.79,54.93,100.15
69420,109.53,54.83,100.15
69430,109.29,54.62,100.15
69440,109.04,54.89,100.15
69450,108.78,55.01,100.15
69460,108.52,55.30,100.15
69470,108.25,55.47,100.15
69480,107.99,55.56,100.15
69490,107.73,55.46,100.15
69500,107.46,55.84,100.15
69510,107.20,55.89,100.15
69520,106.94,55.87,100.15
69530,106.69,55.75,100.15
69540,106.45,55.50,100.15
69550,106.23,55.52,100.15
69560,106.00,55.61,100.15
69570,105.76,55.78,100.15
69580,105.53,56.02,100.15
69590,105.28,56.17,100.15
69600,105.04,56.34,100.15
69610,104.81,56.22,100.15
69620,104.59,56.08,100.15
69630,104.38,55.89,100.15
69640,104.18,55.76,100.15
69650,103.99,55.71,100.15
69660,103.80,55.73,100.15
69670,103.62,55.87,100.15
69680,103.42,56.03,100.15
69690,103.23,56.10,100.15
69700,103.03,56.34,100.15
69710,102.84,56.38,100.15
69720,102.65,56.31,100.15
69730,102.47,56.26,100.15
69740,102.29,56.15,100.15
69750,102.14,55.90,100.15
69760,101.99,55.82,100.15
69770,101.85,55.70,100.15
69780,101.71,55.82,100.15
69790,101.58,55.78,100.15
69800,101.44,55.87,100.15
69810,101.30,56.04,100.15
69820,101.16,56.12,100.15
69830,101.02,56.22,100.15
69840,100.88,56.22,100.15
69850,100.74,56.27,100.15
69860,100.62,56.04,100.15
69870,100.50,55.97,100.15
69880,100.40,55.79,100.15
69890,100.30,55.66,100.15
69900,100.21,55.56,100.15
69910,100.13,55.53,100.15
69920,100.05,55.60,100.15
69930,99.97,55.59,100.15
69940,99.88,55.69,100.15
69950,99.79,55.85,100.15
69960,99.70,55.94,100.15
69970,99.62,55.86,100.15
69980,99.54,55.75,100.15
69990,99.47,55.58,100.15
70000,99.42,55.41,100.15
70010,99.37,55.22,100.15
70020,99.33,55.18,100.15
70030,99.29,55.29,100.15
70040,99.24,55.39,100.15
70050,99.19,55.50,100.15
70060,99.13,55.58,100.15
70070,99.08,55.58,100.15
70080,99.03,55.48,100.15
70090,99.00,55.26,100.15
70100,98.98,55.02,100.15
70110,98.97,54.91,100.15
70120,98.95,54.90,100.15
70130,98.94,55.01,100.15
70140,98.91,55.23,100.15
70150,98.88,55.26,100.15
70160,98.86,55.25,100.15
70170,98.84,55.12,100.15
70180,98.84,54.84,100.15
70190,98.83,54.79,100.15
70200,98.84,54.70,100.15
70210,98.84,54.76,100.15
70220,98.84,54.88,100.15
70230,98.83,55.01,100.15
70240,98.82,55.00,100.15
70250,98.82,54.85,100.15
70260,98.83,54.64,100.15
70270,98.84,54.48,100.15
70280,98.86,54.48,100.15
70290,98.88,54.58,100.15
70300,98.88,54.77,100.15
70310,98.88,54.80,100.15
70320,98.89,54.70,100.15
70330,98.90,54.54,100.15
70340,98.93,54.45,100.15
70350,98.95,54.35,100.15
70360,98.96,54.54,100.15
70370,98.97,54.82,100.15
70380,98.97,54.86,100.15
70390,98.97,54.71,100.15
70400,98.99,54.57,100.15
70410,99.01,54.41,100.15
70420,99.03,54.50,100.15
70430,99.03,54.77,100.15
70440,99.03,54.87,100.15
70450,99.03,54.91,100.15
70460,99.04,54.69,100.15
70470,99.05,54.62,100.15
70480,99.07,54.59,100.15
70490,99.08,54.67,100.15
70500,99.08,54.90,100.15
70510,99.07,55.02,100.15
70520,99.07,54.93,100.15
70530,99.08,54.72,100.15
70540,99.09,54.69,100.15
70550,99.09,54.84,100.15
70560,99.09,54.96,100.15
70570,99.08,55.14,100.15
70580,99.07,55.12,100.15
70590,99.07,55.06,100.15
70600,99.07,54.83,100.15
70610,99.08,54.76,100.15
70620,99.09,54.85,100.15
70630,99.09,54.96,100.15
70640,99.08,55.10,100.15
70650,99.07,55.24,100.15
70660,99.06,55.13,100.15
70670,99.07,54.89,100.15
70680,99.09,54.70,100.15
70690,99.10,54.69,100.15
70700,99.11,54.78,100.15
70710,99.13,54.75,100.15
70720,99.13,54.86,100.15
70730,99.13,55.01,100.15
70740,99.13,55.11,100.15
70750,99.15,54.70,100.15
70760,99.15,54.84,100.15
70770,99.16,54.97,100.15
70780,99.15,55.15,100.15
70790,99.14,55.21,100.15
70800,99.14,55.08,100.15
70810,99.15,54.87,100.15
70820,99.17,54.77,100.15
70830,99.17,54.90,100.15
70840,99.17,55.10,100.15
70850,99.16,55.32,100.15
70860,99.15,55.33,100.15
70870,99.15,55.04,100.15
70880,99.16,54.91,100.15
70890,99.17,54.84,100.15
70900,99.19,54.84,100.15
70910,99.19,55.02,100.15
70920,99.18,55.21,100.15
70930,99.18,55.24,100.15
70940,99.18,55.20,100.15
70950,99.18,55.02,100.15
70960,99.20,54.77,100.15
70970,99.22,54.73,100.15
70980,99.23,54.88,100.15
70990,99.23,55.12,100.15
71000,99.23,55.25,100.15
71010,99.22,55.21,100.15
71020,99.22,55.09,100.15
71030,99.24,54.78,100.15
71040,99.26,54.72,100.15
71050,99.28,54.78,100.15
71060,99.29,54.93,100.15
71070,99.29,55.13,100.15
71080,99.29,55.23,100.15
71090,99.29,55.12,100.15
71100,99.30,54.90,100.15
71110,99.32,54.73,100.15
71120,99.34,54.78,100.15
71130,99.35,54.91,100.15
71140,99.36,55.03,100.15
71150,99.35,55.22,100.15
71160,99.35,55.14,100.15
71170,99.36,54.97,100.15
71180,99.38,54.82,100.15
71190,99.40,54.66,100.15
71200,99.42,54.89,100.15
71210,99.42,55.03,100.15
71220,99.42,55.26,100.15
71230,99.41,55.24,100.15
71240,99.42,55.06,100.15
71250,99.44,54.73,100.15
71260,99.46,54.68,100.15
71270,99.48,54.81,100.15
71280,99.48,54.99,100.15
71290,99.49,55.09,100.15
71300,99.49,55.14,100.15
71310,99.49,55.04,100.15
71320,99.51,54.77,100.15
71330,99.54,54.57,100.15
71340,99.56,54.64,100.15
71350,99.58,54.82,100.15
71360,99.58,55.03,100.15
71370,99.58,55.08,100.15
71380,99.59,54.95,100.15
71390,99.61,54.76,100.15
71400,99.63,54.69,100.15
71410,99.66,54.56,100.15
71420,99.67,54.73,100.15
71430,99.68,54.96,100.15
71440,99.68,55.02,100.15
71450,99.69,55.02,100.15
71460,99.70,54.79,100.15
71470,99.73,54.55,100.15
71480,99.75,54.53,100.15
71490,99.77,54.60,100.15
71500,99.78,54.85,100.15
71510,99.79,55.02,100.15
71520,99.79,54.95,100.15
71530,99.80,54.80,100.15
71540,99.83,54.51,100.15
71550,99.86,54.45,100.15
71560,99.88,54.57,100.15
71570,99.89,54.79,100.15
71580,99.89,54.96,100.15
71590,99.90,54.84,100.15
71600,99.91,54.79,100.15
71610,99.93,54.57,100.15
71620,99.95,54.43,100.15
71630,99.97,54.60,100.15
71640,99.98,54.69,100.15
71650,99.99,54.84,100.15
71660,99.99,54.95,100.15
71670,100.00,54.73,100.15
71680,100.02,54.55,100.15
71690,100.04,54.52,100.15
71700,100.06,54.45,100.15
71710,100.07,54.70,100.15
71720,100.08,54.82,100.15
71730,100.08,54.80,100.15
71740,100.09,54.66,100.15
71750,100.11,54.52,100.15
71760,100.13,54.52,100.15
71770,100.14,54.64,100.15
71780,100.14,54.80,100.15
71790,100.15,54.82,100.15
71800,100.16,54.68,100.15
71810,100.17,54.55,100.15
71820,100.19,54.44,100.15
71830,100.20,54.60,100.15
71840,100.21,54.73,100.15
71850,100.20,54.95,100.15
71860,100.20,54.89,100.15
71870,100.20,54.69,100.15
71880,100.22,54.54,100.15
71890,100.23,54.51,100.15
71900,100.24,54.72,100.15
71910,100.25,54.60,100.15
71920,100.25,54.76,100.15
71930,100.25,54.92,100.15
71940,100.24,54.98,100.15
71950,100.23,54.87,100.15
71960,100.23,54.92,100.15
71970,100.21,55.08,100.15
71980,100.20,55.04,100.15
71990,100.20,54.83,100.15
72000,100.21,54.60,100.15
72010,100.23,23.60,47.01
72020,100.23,23.36,47.01
72030,100.23,23.24,47.01
72040,100.22,22.86,47.01
72050,100.18,23.38,47.01
72060,100.16,22.42,47.01
72070,100.13,22.49,47.01
72080,100.06,22.90,47.01
72090,99.98,22.60,47.01
72100,99.87,23.21,47.01
72110,99.73,23.43,47.01
72120,99.56,23.60,47.01
72130,99.35,24.35,47.01
72140,99.13,24.40,47.01
72150,98.87,24.85,47.01
72160,98.57,25.50,47.01
72170,98.25,25.87,47.01
72180,97.89,26.35,47.01
72190,97.50,26.96,47.01
72200,97.08,27.46,47.01
72210,96.63,27.97,47.01
72220,96.14,28.73,47.01
72230,95.63,29.22,47.01
72240,95.08,29.95,47.01
72250,94.49,30.60,47.01
72260,93.88,31.17,47.01
72270,93.22,32.22,47.01
72280,92.54,32.72,47.01
72290,91.82,33.75,47.01
72300,91.07,34.35,47.01
72310,90.29,35.20,47.01
72320,89.47,36.06,47.01
72330,88.62,36.95,47.01
72340,87.74,37.81,47.01
72350,86.82,38.90,47.01
72360,85.87,39.69,47.01
72370,84.89,40.79,47.01
72380,83.88,41.46,47.01
72390,82.83,42.77,47.01
72400,81.76,43.52,47.01
72410,80.67,44.48,47.01
72420,79.55,45.36,47.01
72430,78.40,46.46,47.01
72440,77.22,47.40,47.01
72450,76.02,48.40,47.01
72460,74.81,49.23,47.01
72470,73.58,49.88,47.01
72480,72.35,50.70,47.01
72490,71.09,51.65,47.01
72500,69.84,52.26,47.01
72510,68.57,53.17,47.01
72520,67.28,54.11,47.01
72530,65.99,54.69,47.01
72540,64.70,55.40,47.01
72550,63.42,55.83,47.01
72560,62.12,56.75,47.01
72570,60.84,57.06,47.01
72580,59.57,57.50,47.01
72590,58.29,58.38,47.01
72600,57.03,58.70,47.01
72610,55.79,59.00,47.01
72620,54.56,59.27,47.01
72630,53.35,59.62,47.01
72640,52.16,59.88,47.01
72650,50.99,60.22,47.01
72660,49.83,60.45,47.01
72670,48.71,60.40,47.01
72680,47.62,60.47,47.01
72690,46.55,60.69,47.01
72700,45.51,60.64,47.01
72710,44.48,61.00,47.01
72720,43.47,61.29,47.01
72730,42.48,61.51,47.01
72740,41.53,61.28,47.01
72750,40.63,60.87,47.01
72760,39.79,60.17,47.01
72770,39.00,59.70,47.01
72780,38.21,60.03,47.01
72790,37.43,60.51,47.01
72800,36.69,60.24,47.01
72810,36.03,59.08,47.01
72820,35.43,58.13,47.01
72830,34.87,57.93,47.01
72840,34.30,58.43,47.01
72850,33.75,58.52,47.01
72860,33.26,57.71,47.01
72870,32.84,56.42,47.01
72880,32.50,55.46,47.01
72890,32.22,54.28,47.01
72900,31.96,54.17,47.01
72910,31.73,53.90,47.01
72920,31.51,53.75,47.01
72930,31.33,53.24,47.01
72940,31.19,52.73,47.01
72950,31.07,52.26,47.01
72960,31.00,51.65,47.01
72970,30.96,51.12,47.01
72980,30.96,50.44,47.01
72990,30.99,49.83,47.01
73000,31.06,49.08,47.01
73010,31.17,48.58,47.01
73020,31.29,48.12,47.01
73030,31.43,47.88,47.01
73040,31.58,47.65,47.01
73050,31.77,46.87,47.01
73060,31.98,46.39,47.01
73070,32.21,46.00,47.01
73080,32.46,45.69,47.01
73090,32.72,45.22,47.01
73100,33.01,44.79,47.01
73110,33.30,44.50,47.01
73120,33.61,44.00,47.01
73130,33.93,43.75,47.01
73140,34.27,43.28,47.01
73150,34.62,43.10,47.01
73160,34.98,42.58,47.01
73170,35.34,42.43,47.01
73180,35.71,42.13,47.01
73190,36.09,41.79,47.01
73200,36.46,41.90,47.01
73210,36.84,41.38,47.01
73220,37.24,40.94,47.01
73230,37.64,40.93,47.01
73240,38.02,40.95,47.01
73250,38.42,40.52,47.01
73260,38.81,40.37,47.01
73270,39.21,40.22,47.01
73280,39.60,40.11,47.01
73290,39.97,40.24,47.01
73300,40.34,40.25,47.01
73310,40.70,40.20,47.01
73320,41.05,40.16,47.01
73330,41.41,39.97,47.01
73340,41.77,39.67,47.01
73350,42.12,39.72,47.01
73360,42.47,39.70,47.01
73370,42.80,39.69,47.01
73380,43.12,39.83,47.01
73390,43.43,39.95,47.01
73400,43.73,40.02,47.01
73410,44.01,40.13,47.01
73420,44.30,39.93,47.01
73430,44.56,40.21,47.01
73440,44.82,40.32,47.01
73450,45.06,40.41,47.01
73460,45.29,40.42,47.01
73470,45.52,40.56,47.01
73480,45.73,40.62,47.01
73490,45.94,40.56,47.01
73500,46.14,40.64,47.01
73510,46.33,40.83,47.01
73520,46.51,40.98,47.01
73530,46.68,40.95,47.01
73540,46.84,41.09,47.01
73550,46.99,41.16,47.01
73560,47.13,41.27,47.01
73570,47.27,41.26,47.01
73580,47.39,41.65,47.01
73590,47.50,41.62,47.01
73600,47.61,41.75,47.01
73610,47.70,41.95,47.01
73620,47.77,42.19,47.01
73630,47.84,42.30,47.01
73640,47.90,42.53,47.01
73650,47.94,42.75,47.01
73660,47.98,42.85,47.01
73670,48.00,43.25,47.01
73680,47.99,43.69,47.01
73690,47.99,43.62,47.01
73700,47.96,44.08,47.01
73710,47.93,44.19,47.01
73720,47.89,44.42,47.01
73730,47.85,44.50,47.01
73740,47.80,44.58,47.01
73750,47.74,44.86,47.01
73760,47.69,44.69,47.01
73770,47.62,45.06,47.01
73780,47.54,45.38,47.01
73790,47.46,45.46,47.01
73800,47.38,45.56,47.01
73810,47.30,45.47,47.01
73820,47.21,45.73,47.01
73830,47.11,46.08,47.01
73840,47.01,46.03,47.01
73850,46.91,46.09,47.01
73860,46.81,46.21,47.01
73870,46.70,46.37,47.01
73880,46.59,46.63,47.01
73890,46.47,46.68,47.01
73900,46.35,46.84,47.01
73910,46.24,46.84,47.01
73920,46.11,47.11,47.01
73930,46.01,46.86,47.01
73940,45.88,47.21,47.01
73950,45.76,47.26,47.01
73960,45.64,47.27,47.01
73970,45.53,47.26,47.01
73980,45.41,47.53,47.01
73990,45.30,47.28,47.01
74000,45.19,47.54,47.01
74010,45.07,47.60,47.01
74020,44.97,47.32,47.01
74030,44.86,47.66,47.01
74040,44.75,47.69,47.01
74050,44.65,47.65,47.01
74060,44.55,47.65,47.01
74070,44.47,47.49,47.01
74080,44.38,47.58,47.01
74090,44.30,47.44,47.01
74100,44.22,47.57,47.01
74110,44.14,47.64,47.01
74120,44.06,47.50,47.01
74130,43.99,47.63,47.01
74140,43.93,47.40,47.01
74150,43.87,47.49,47.01
74160,43.81,47.43,47.01
74170,43.76,47.26,47.01
74180,43.71,47.40,47.01
74190,43.68,47.22,47.01
74200,43.63,47.35,47.01
74210,43.60,47.18,47.01
74220,43.57,47.15,47.01
74230,43.55,47.08,47.01
74240,43.53,47.04,47.01
74250,43.50,47.09,47.01
74260,43.50,46.85,47.01
74270,43.48,47.02,47.01
74280,43.48,46.75,47.01
74290,43.48,46.82,47.01
74300,43.49,46.57,47.01
74310,43.51,46.56,47.01
74320,43.51,46.67,47.01
74330,43.53,46.43,47.01
74340,43.55,46.48,47.01
74350,43.57,46.52,47.01
74360,43.60,46.32,47.01
74370,43.62,46.37,47.01
74380,43.66,46.22,47.01
74390,43.69,46.35,47.01
74400,43.72,46.27,47.01
74410,43.76,45.98,47.01
74420,43.80,46.17,47.01
74430,43.84,46.10,47.01
74440,43.88,46.06,47.01
74450,43.92,46.13,47.01
74460,43.97,45.83,47.01
74470,44.01,45.98,47.01
74480,44.05,46.08,47.01
74490,44.10,45.87,47.01
74500,44.16,45.76,47.01
74510,44.20,45.93,47.01
74520,44.25,45.82,47.01
74530,44.31,45.73,47.01
74540,44.35,45.89,47.01
74550,44.41,45.74,47.01
74560,44.45,45.92,47.01
74570,44.50,45.75,47.01
74580,44.55,45.78,47.01
74590,44.59,46.00,47.01
74600,44.64,45.71,47.01
74610,44.68,45.82,47.01
74620,44.73,45.85,47.01
74630,44.77,45.94,47.01
74640,44.81,45.73,47.01
74650,44.85,45.91,47.01
74660,44.90,45.80,47.01
74670,44.95,45.67,47.01
74680,44.98,45.98,47.01
74690,45.02,45.90,47.01
74700,45.06,45.85,47.01
74710,45.09,46.05,47.01
74720,45.13,45.82,47.01
74730,45.16,45.89,47.01
74740,45.20,45.96,47.01
74750,45.22,46.05,47.01
74760,45.26,45.94,47.01
74770,45.28,46.16,47.01
74780,45.31,46.00,47.01
74790,45.34,46.05,47.01
74800,45.36,46.15,47.01
74810,45.38,46.14,47.01
74820,45.41,46.05,47.01
74830,45.42,46.23,47.01
74840,45.45,46.12,47.01
74850,45.47,46.05,47.01
74860,45.48,46.36,47.01
74870,45.50,46.21,47.01
74880,45.52,46.22,47.01
74890,45.52,46.49,47.01
74900,45.54,46.33,47.01
74910,45.55,46.32,47.01
74920,45.55,46.56,47.01
74930,45.56,46.44,47.01
74940,45.57,46.36,47.01
74950,45.58,46.56,47.01
74960,45.58,46.59,47.01
74970,45.59,46.44,47.01
74980,45.58,46.77,47.01
74990,45.58,46.62,47.01
75000,45.58,46.62,47.01
75010,45.58,46.72,47.01
75020,45.58,46.74,47.01
75030,45.58,46.68,47.01
75040,45.58,46.70,47.01
75050,45.57,46.82,47.01
75060,45.56,46.91,47.01
75070,45.56,46.81,47.01
75080,45.56,46.74,47.01
75090,45.55,46.89,47.01
75100,45.55,46.92,47.01
75110,45.54,46.85,47.01
75120,45.54,46.79,47.01
75130,45.54,46.84,47.01
75140,45.53,46.95,47.01
75150,45.54,46.80,47.01
75160,45.54,46.70,47.01
75170,45.54,46.97,47.01
75180,45.53,47.01,47.01
75190,45.53,46.81,47.01
75200,45.54,46.77,47.01
75210,45.54,46.79,47.01
75220,45.54,46.88,47.01
75230,45.54,46.93,47.01
75240,45.56,46.59,47.01
75250,45.57,46.70,47.01
75260,45.56,47.03,47.01
75270,45.57,46.83,47.01
75280,45.57,46.94,47.01
75290,45.57,46.83,47.01
75300,45.57,46.94,47.01
75310,45.57,47.06,47.01
75320,45.57,46.94,47.01
75330,45.57,46.96,47.01
75340,45.57,46.92,47.01
75350,45.57,47.01,47.01
75360,45.57,47.09,47.01
75370,45.58,46.88,47.01
75380,45.58,46.96,47.01
75390,45.58,47.03,47.01
75400,45.58,46.94,47.01
75410,45.58,47.19,47.01
75420,45.58,47.03,47.01
75430,45.59,46.82,47.01
75440,45.58,47.21,47.01
75450,45.58,47.18,47.01
75460,45.58,47.08,47.01
75470,45.58,47.07,47.01
75480,45.59,47.01,47.01
75490,45.58,47.29,47.01
75500,45.58,47.11,47.01
75510,45.58,47.10,47.01
75520,45.59,46.98,47.01
75530,45.60,46.95,47.01
75540,45.61,46.99,47.01
75550,45.61,47.12,47.01
75560,45.61,47.34,47.01
75570,45.61,47.13,47.01
75580,45.61,47.11,47.01
75590,45.62,47.05,47.01
75600,45.63,46.95,47.01
75610,45.63,47.21,47.01
75620,45.63,47.19,47.01
75630,45.63,47.29,47.01
75640,45.63,47.16,47.01
75650,45.65,46.98,47.01
75660,45.65,47.18,47.01
75670,45.65,47.19,47.01
75680,45.65,47.28,47.01
75690,45.65,47.35,47.01
75700,45.66,47.00,47.01
75710,45.67,47.04,47.01
75720,45.68,47.18,47.01
75730,45.68,47.28,47.01
75740,45.68,47.39,47.01
75750,45.69,47.04,47.01
75760,45.70,47.18,47.01
75770,45.70,47.17,47.01
75780,45.71,47.10,47.01
75790,45.71,47.42,47.01
75800,45.71,47.32,47.01
75810,45.72,47.23,47.01
75820,45.73,47.04,47.01
75830,45.74,47.08,47.01
75840,45.74,47.40,47.01
75850,45.75,47.27,47.01
75860,45.75,47.28,47.01
75870,45.75,47.36,47.01
75880,45.77,47.06,47.01
75890,45.78,47.08,47.01
75900,45.79,47.21,47.01
75910,45.79,47.39,47.01
75920,45.79,47.34,47.01
75930,45.80,47.23,47.01
75940,45.81,47.21,47.01
75950,45.82,47.14,47.01
75960,45.83,47.21,47.01
75970,45.82,47.53,47.01
75980,45.83,47.32,47.01
75990,45.84,47.16,47.01
76000,45.85,47.24,47.01
76010,45.86,85.92,113.61
76020,45.87,86.65,113.61
76030,45.87,87.03,113.61
76040,45.88,87.32,113.61
76050,45.91,87.47,113.61
76060,45.94,87.78,113.61
76070,45.98,88.00,113.61
76080,46.02,88.54,113.61
76090,46.06,88.98,113.61
76100,46.23,86.62,113.61
76110,46.36,87.84,113.61
76120,46.56,86.71,113.61
76130,46.87,84.74,113.61
76140,47.23,84.12,113.61
76150,47.63,83.55,113.61
76160,48.09,82.31,113.61
76170,48.62,81.20,113.61
76180,49.24,79.47,113.61
76190,49.91,78.43,113.61
76200,50.63,77.58,113.61
76210,51.39,76.60,113.61
76220,52.18,75.93,113.61
76230,53.06,74.21,113.61
76240,54.01,72.44,113.61
76250,55.05,70.56,113.61
76260,56.17,68.65,113.61
76270,57.36,67.01,113.61
76280,58.61,65.39,113.61
76290,59.92,63.83,113.61
76300,61.26,62.81,113.61
76310,62.63,61.77,113.61
76320,64.05,60.12,113.61
76330,65.58,57.47,113.61
76340,67.15,56.11,113.61
76350,68.68,56.35,113.61
76360,70.33,53.33,113.61
76370,71.95,53.04,113.61
76380,73.63,51.30,113.61
76390,75.29,51.00,113.61
76400,77.01,48.98,113.61
76410,78.75,48.05,113.61
76420,80.48,47.31,113.61
76430,82.21,46.49,113.61
76440,83.95,45.44,113.61
76450,85.70,44.51,113.61
76460,87.44,43.70,113.61
76470,89.18,43.10,113.61
76480,90.89,42.72,113.61
76490,92.60,41.88,113.61
76500,94.30,41.35,113.61
76510,95.97,41.08,113.61
76520,97.63,40.28,113.61
76530,99.26,40.14,113.61
76540,100.88,39.57,113.61
76550,102.45,39.61,113.61
76560,103.99,39.55,113.61
76570,105.51,39.00,113.61
76580,107.01,38.60,113.61
76590,108.47,38.56,113.61
76600,109.89,38.56,113.61
76610,111.28,38.45,113.61
76620,112.63,38.36,113.61
76630,113.96,38.16,113.61
76640,115.25,38.01,113.61
76650,116.51,37.99,113.61
76660,117.74,37.85,113.61
76670,118.94,37.77,113.61
76680,120.10,37.75,113.61
76690,121.23,37.69,113.61
76700,122.34,37.52,113.61
76710,123.41,37.41,113.61
76720,124.47,37.10,113.61
76730,125.50,36.87,113.61
76740,126.50,36.91,113.61
76750,127.49,36.56,113.61
76760,128.45,36.27,113.61
76770,129.39,36.12,113.61
76780,130.29,36.31,113.61
76790,131.16,36.43,113.61
76800,132.01,36.12,113.61
76810,132.83,35.96,113.61
76820,133.62,36.22,113.61
76830,134.36,36.39,113.61
76840,135.09,36.25,113.61
76850,135.80,35.96,113.61
76860,136.49,35.83,113.61
76870,137.14,36.21,113.61
76880,137.76,36.27,113.61
76890,138.36,36.05,113.61
76900,138.95,35.73,113.61
76910,139.50,36.14,113.61
76920,140.01,36.40,113.61
76930,140.51,36.15,113.61
76940,141.00,35.95,113.61
76950,141.46,36.04,113.61
76960,141.89,36.29,113.61
76970,142.30,36.19,113.61
76980,142.70,36.00,113.61
76990,143.06,36.36,113.61
77000,143.39,36.46,113.61
77010,143.72,36.19,113.61
77020,144.03,36.35,113.61
77030,144.30,36.51,113.61
77040,144.55,36.68,113.61
77050,144.80,36.52,113.61
77060,145.02,36.51,113.61
77070,145.21,36.97,113.61
77080,145.38,36.99,113.61
77090,145.54,36.78,113.61
77100,145.68,37.03,113.61
77110,145.79,37.32,113.61
77120,145.88,37.32,113.61
77130,145.97,37.29,113.61
77140,146.02,37.66,113.61
77150,146.04,38.06,113.61
77160,146.06,37.89,113.61
77170,146.08,37.66,113.61
77180,146.08,37.82,113.61
77190,146.03,38.65,113.61
77200,145.97,38.70,113.61
77210,145.91,38.46,113.61
77220,145.84,38.49,113.61
77230,145.74,39.03,113.61
77240,145.61,39.40,113.61
77250,145.48,39.33,113.61
77260,145.35,39.10,113.61
77270,145.20,39.33,113.61
77280,145.03,39.72,113.61
77290,144.84,40.03,113.61
77300,144.65,40.06,113.61
77310,144.45,39.93,113.61
77320,144.25,39.99,113.61
77330,144.03,40.26,113.61
77340,143.78,40.72,113.61
77350,143.50,41.32,113.61
77360,143.21,41.68,113.61
77370,142.91,41.61,113.61
77380,142.62,41.56,113.61
77390,142.34,41.31,113.61
77400,142.04,41.58,113.61
77410,141.72,42.02,113.61
77420,141.39,42.36,113.61
77430,141.02,42.94,113.61
77440,140.63,43.47,113.61
77450,140.22,44.01,113.61
77460,139.79,44.42,113.61
77470,139.36,44.65,113.61
77480,138.91,44.98,113.61
77490,138.46,45.21,113.61
77500,138.00,45.33,113.61
77510,137.54,45.48,113.61
77520,137.09,45.48,113.61
77530,136.65,45.38,113.61
77540,136.20,45.69,113.61
77550,135.73,46.12,113.61
77560,135.23,46.79,113.61
77570,134.74,47.02,113.61
77580,134.24,47.08,113.61
77590,133.75,47.10,113.61
77600,133.24,47.69,113.61
77610,132.71,48.44,113.61
77620,132.18,48.47,113.61
77630,131.66,48.41,113.61
77640,131.12,49.12,113.61
77650,130.56,49.53,113.61
77660,130.03,49.32,113.61
77670,129.46,50.16,113.61
77680,128.90,50.35,113.61
77690,128.35,50.31,113.61
77700,127.77,51.17,113.61
77710,127.22,50.86,113.61
77720,126.63,51.69,113.61
77730,126.07,51.57,113.61
77740,125.49,52.19,113.61
77750,124.92,52.12,113.61
77760,124.33,52.86,113.61
77770,123.76,52.71,113.61
77780,123.17,53.37,113.61
77790,122.60,53.32,113.61
77800,122.02,53.68,113.61
77810,121.43,54.19,113.61
77820,120.87,53.95,113.61
77830,120.29,54.46,113.61
77840,119.72,54.81,113.61
77850,119.17,54.59,113.61
77860,118.61,54.98,113.61
77870,118.04,55.55,113.61
77880,117.48,55.56,113.61
77890,116.95,55.41,113.61
77900,116.41,55.82,113.61
77910,115.86,56.36,113.61
77920,115.31,56.49,113.61
77930,114.79,56.35,113.61
77940,114.28,56.45,113.61
77950,113.76,56.81,113.61
77960,113.24,57.18,113.61
77970,112.72,57.53,113.61
77980,112.21,57.65,113.61
77990,111.71,57.69,113.61
78000,111.23,57.69,113.61
78010,110.76,57.60,113.61
78020,110.31,57.62,113.61
78030,109.87,57.63,113.61
78040,109.44,57.67,113.61
78050,109.02,57.84,113.61
78060,108.60,58.19,113.61
78070,108.18,58.22,113.61
78080,107.78,58.33,113.61
78090,107.38,58.38,113.61
78100,107.00,58.44,113.61
78110,106.63,58.51,113.61
78120,106.26,58.58,113.61
78130,105.91,58.54,113.61
78140,105.57,58.57,113.61
78150,105.24,58.58,113.61
78160,104.92,58.62,113.61
78170,104.62,58.63,113.61
78180,104.32,58.64,113.61
78190,104.03,58.81,113.61
78200,103.74,58.96,113.61
78210,103.47,58.94,113.61
78220,103.20,59.05,113.61
78230,102.93,59.21,113.61
78240,102.67,59.30,113.61
78250,102.42,59.36,113.61
78260,102.17,59.45,113.61
78270,101.94,59.31,113.61
78280,101.73,59.20,113.61
78290,101.54,58.89,113.61
78300,101.38,58.64,113.61
78310,101.23,58.38,113.61
78320,101.10,58.34,113.61
78330,100.98,58.19,113.61
78340,100.86,58.31,113.61
78350,100.75,58.31,113.61
78360,100.63,58.52,113.61
78370,100.53,58.54,113.61
78380,100.43,58.46,113.61
78390,100.34,58.54,113.61
78400,100.26,58.33,113.61
78410,100.20,58.19,113.61
78420,100.15,58.01,113.61
78430,100.12,57.71,113.61
78440,100.11,57.53,113.61
78450,100.11,57.35,113.61
78460,100.13,57.07,113.61
78470,100.15,56.93,113.61
78480,100.20,56.70,113.61
78490,100.25,56.63,113.61
78500,100.30,56.58,113.61
78510,100.37,56.42,113.61
78520,100.43,56.43,113.61
78530,100.51,56.38,113.61
78540,100.58,56.33,113.61
78550,100.67,56.27,113.61
78560,100.76,56.12,113.61
78570,100.85,56.03,113.61
78580,100.95,56.01,113.61
78590,101.06,55.87,113.61
78600,101.17,55.92,113.61
78610,101.27,55.96,113.61
78620,101.37,56.00,113.61
78630,101.48,55.98,113.61
78640,101.58,56.03,113.61
78650,101.69,56.09,113.61
78660,101.79,56.11,113.61
78670,101.90,56.04,113.61
78680,102.01,55.86,113.61
78690,102.13,55.76,113.61
78700,102.27,55.49,113.61
78710,102.42,55.23,113.61
78720,102.57,55.15,113.61
78730,102.72,55.04,113.61
78740,102.88,54.98,113.61
78750,103.03,55.02,113.61
78760,103.18,55.10,113.61
78770,103.33,55.18,113.61
78780,103.47,55.32,113.61
78790,103.61,55.20,113.61
78800,103.76,54.95,113.61
78810,103.93,54.72,113.61
78820,104.10,54.55,113.61
78830,104.27,54.48,113.61
78840,104.44,54.50,113.61
78850,104.60,54.72,113.61
78860,104.75,54.73,113.61
78870,104.91,54.66,113.61
78880,105.07,54.45,113.61
78890,105.25,54.08,113.61
78900,105.43,54.06,113.61
78910,105.61,54.21,113.61
78920,105.77,54.38,113.61
78930,105.92,54.43,113.61
78940,106.08,54.24,113.61
78950,106.27,53.78,113.61
78960,106.45,53.78,113.61
78970,106.62,53.90,113.61
78980,106.77,54.15,113.61
78990,106.93,54.21,113.61
79000,107.09,53.97,113.61
79010,107.26,53.59,113.61
79020,107.44,53.60,113.61
79030,107.59,53.90,113.61
79040,107.74,54.11,113.61
79050,107.89,53.90,113.61
79060,108.06,53.49,113.61
79070,108.23,53.27,113.61
79080,108.39,53.59,113.61
79090,108.54,53.83,113.61
79100,108.68,53.72,113.61
79110,108.84,53.43,113.61
79120,109.00,53.27,113.61
79130,109.16,53.39,113.61
79140,109.29,53.72,113.61
79150,109.43,53.67,113.61
79160,109.58,53.31,113.61
79170,109.72,53.29,113.61
79180,109.85,53.56,113.61
79190,109.98,53.63,113.61
79200,110.12,53.35,113.61
79210,110.26,53.13,113.61
79220,110.39,53.38,113.61
79230,110.51,53.60,113.61
79240,110.63,53.41,113.61
79250,110.77,53.15,113.61
79260,110.89,53.22,113.61
79270,111.00,53.58,113.61
79280,111.11,53.41,113.61
79290,111.24,53.13,113.61
79300,111.36,53.08,113.61
79310,111.46,53.45,113.61
79320,111.56,53.57,113.61
79330,111.67,53.17,113.61
79340,111.78,53.13,113.61
79350,111.87,53.52,113.61
79360,111.96,53.50,113.61
79370,112.05,53.58,113.61
79380,112.14,53.31,113.61
79390,112.24,53.13,113.61
79400,112.33,53.32,113.61
79410,112.44,53.03,113.61
79420,112.53,53.19,113.61
79430,112.59,53.69,113.61
79440,112.67,53.42,113.61
79450,112.76,53.09,113.61
79460,112.84,53.17,113.61
79470,112.91,53.55,113.61
79480,112.97,53.57,113.61
79490,113.04,53.24,113.61
79500,113.13,53.08,113.61
79510,113.18,53.53,113.61
79520,113.23,53.69,113.61
79530,113.30,53.35,113.61
79540,113.37,53.16,113.61
79550,113.42,53.45,113.61
79560,113.47,53.62,113.61
79570,113.52,53.47,113.61
79580,113.58,53.17,113.61
79590,113.64,53.26,113.61
79600,113.68,53.57,113.61
79610,113.72,53.61,113.61
79620,113.77,53.38,113.61
79630,113.83,53.18,113.61
79640,113.87,53.50,113.61
79650,113.89,53.81,113.61
79660,113.92,53.59,113.61
79670,113.97,53.25,113.61
79680,114.02,53.33,113.61
79690,114.04,53.74,113.61
79700,114.06,53.69,113.61
79710,114.10,53.30,113.61
79720,114.15,53.14,113.61
79730,114.18,53.50,113.61
79740,114.19,53.84,113.61
79750,114.21,53.61,113.61
79760,114.26,53.16,113.61
79770,114.29,53.31,113.61
79780,114.31,53.72,113.61
79790,114.32,53.79,113.61
79800,114.34,53.51,113.61
79810,114.37,53.33,113.61
79820,114.39,53.57,113.61
79830,114.39,53.89,113.61
79840,114.40,53.72,113.61
79850,114.42,53.45,113.61
79860,114.44,53.39,113.61
79870,114.45,53.70,113.61
79880,114.45,53.99,113.61
79890,114.45,53.77,113.61
79900,114.47,53.40,113.61
79910,114.49,53.42,113.61
79920,114.49,53.81,113.61
79930,114.48,54.01,113.61
79940,114.49,53.72,113.61
79950,114.50,53.41,113.61
79960,114.52,53.43,113.61
79970,114.52,53.80,113.61
79980,114.51,53.89,113.61
79990,114.52,53.59,113.61
80000,114.54,53.30,113.61
80010,114.56,31.22,75.51
80020,114.55,31.37,75.51
80030,114.54,31.18,75.51
80040,114.55,30.58,75.51
80050,114.54,30.72,75.51
80060,114.54,30.26,75.51
80070,114.52,30.40,75.51
80080,114.49,30.27,75.51
80090,114.44,30.64,75.51
80100,114.36,30.88,75.51
80110,114.28,30.68,75.51
80120,114.19,30.59,75.51
80130,114.09,30.80,75.51
80140,113.96,31.07,75.51
80150,113.80,31.46,75.51
80160,113.62,31.91,75.51
80170,113.41,32.14,75.51
80180,113.19,32.40,75.51
80190,112.94,32.72,75.51
80200,112.69,32.90,75.51
80210,112.40,33.48,75.51
80220,112.07,34.13,75.51
80230,111.70,34.91,75.51
80240,111.31,35.41,75.51
80250,110.89,35.85,75.51
80260,110.45,36.52,75.51
80270,109.97,37.24,75.51
80280,109.47,37.65,75.51
80290,108.94,38.34,75.51
80300,108.37,39.26,75.51
80310,107.78,39.79,75.51
80320,107.18,40.29,75.51
80330,106.52,41.40,75.51
80340,105.84,42.23,75.51
80350,105.13,42.84,75.51
80360,104.40,43.54,75.51
80370,103.64,44.49,75.51
80380,102.82,45.77,75.51
80390,101.98,46.72,75.51
80400,101.11,47.46,75.51
80410,100.22,48.25,75.51
80420,99.32,49.00,75.51
80430,98.39,49.68,75.51
80440,97.47,50.17,75.51
80450,96.53,50.76,75.51
80460,95.57,51.62,75.51
80470,94.58,52.59,75.51
80480,93.60,52.92,75.51
80490,92.60,53.88,75.51
80500,91.59,54.43,75.51
80510,90.58,54.90,75.51
80520,89.56,55.64,75.51
80530,88.53,56.27,75.51
80540,87.52,56.58,75.51
80550,86.49,57.40,75.51
80560,85.46,57.88,75.51
80570,84.43,58.38,75.51
80580,83.42,58.59,75.51
80590,82.42,58.90,75.51
80600,81.41,59.50,75.51
80610,80.38,60.52,75.51
80620,79.36,60.96,75.51
80630,78.35,61.32,75.51
80640,77.36,61.57,75.51
80650,76.37,61.93,75.51
80660,75.40,62.15,75.51
80670,74.46,62.30,75.51
80680,73.54,62.29,75.51
80690,72.65,62.14,75.51
80700,71.79,62.19,75.51
80710,70.92,62.85,75.51
80720,70.05,63.28,75.51
80730,69.24,62.84,75.51
80740,68.47,62.33,75.51
80750,67.73,62.38,75.51
80760,66.97,63.20,75.51
80770,66.24,63.06,75.51
80780,65.58,61.96,75.51
80790,64.94,62.27,75.51
80800,64.28,62.91,75.51
80810,63.69,62.10,75.51
80820,63.16,61.11,75.51
80830,62.61,62.06,75.51
80840,62.07,62.12,75.51
80850,61.63,60.71,75.51
80860,61.20,60.69,75.51
80870,60.74,61.46,75.51
80880,60.35,60.73,75.51
80890,60.02,59.64,75.51
80900,59.69,60.02,75.51
80910,59.35,60.48,75.51
80920,59.07,59.53,75.51
80930,58.85,58.54,75.51
80940,58.65,58.40,75.51
80950,58.44,58.92,75.51
80960,58.24,58.78,75.51
80970,58.10,57.78,75.51
80980,58.01,57.11,75.51
80990,57.94,56.74,75.51
81000,57.89,56.62,75.51
81010,57.84,56.62,75.51
81020,57.81,56.49,75.51
81030,57.79,56.26,75.51
81040,57.80,55.97,75.51
81050,57.83,55.50,75.51
81060,57.89,55.15,75.51
81070,57.97,54.73,75.51
81080,58.07,54.38,75.51
81090,58.18,54.16,75.51
81100,58.31,53.83,75.51
81110,58.45,53.63,75.51
81120,58.62,53.29,75.51
81130,58.79,53.12,75.51
81140,58.97,52.86,75.51
81150,59.17,52.50,75.51
81160,59.39,52.15,75.51
81170,59.63,51.69,75.51
81180,59.87,51.49,75.51
81190,60.12,51.40,75.51
81200,60.38,51.33,75.51
81210,60.63,51.12,75.51
81220,60.91,50.77,75.51
81230,61.20,50.29,75.51
81240,61.50,50.22,75.51
81250,61.78,50.31,75.51
81260,62.07,50.23,75.51
81270,62.37,49.83,75.51
81280,62.68,49.62,75.51
81290,62.97,49.76,75.51
81300,63.28,49.48,75.51
81310,63.59,49.30,75.51
81320,63.88,49.51,75.51
81330,64.19,49.11,75.51
81340,64.50,48.99,75.51
81350,64.80,49.11,75.51
81360,65.10,48.84,75.51
81370,65.40,48.85,75.51
81380,65.70,48.93,75.51
81390,65.99,48.73,75.51
81400,66.28,48.73,75.51
81410,66.58,48.45,75.51
81420,66.87,48.59,75.51
81430,67.15,48.70,75.51
81440,67.43,48.43,75.51
81450,67.70,48.59,75.51
81460,67.98,48.43,75.51
81470,68.23,48.77,75.51
81480,68.49,48.56,75.51
81490,68.73,48.77,75.51
81500,68.97,48.63,75.51
81510,69.20,48.87,75.51
81520,69.43,48.70,75.51
81530,69.65,48.88,75.51
81540,69.87,48.85,75.51
81550,70.07,49.04,75.51
81560,70.26,49.14,75.51
81570,70.44,49.26,75.51
81580,70.62,49.32,75.51
81590,70.79,49.37,75.51
81600,70.95,49.50,75.51
81610,71.11,49.66,75.51
81620,71.24,49.87,75.51
81630,71.38,49.76,75.51
81640,71.51,50.05,75.51
81650,71.62,50.24,75.51
81660,71.73,50.33,75.51
81670,71.82,50.46,75.51
81680,71.91,50.60,75.51
81690,72.00,50.71,75.51
81700,72.06,51.01,75.51
81710,72.13,51.00,75.51
81720,72.19,51.14,75.51
81730,72.25,51.14,75.51
81740,72.29,51.41,75.51
81750,72.33,51.54,75.51
81760,72.37,51.63,75.51
81770,72.39,51.72,75.51
81780,72.43,51.65,75.51
81790,72.45,51.89,75.51
81800,72.46,52.02,75.51
81810,72.48,52.07,75.51
81820,72.48,52.27,75.51
81830,72.49,52.30,75.51
81840,72.49,52.37,75.51
81850,72.49,52.44,75.51
81860,72.48,52.61,75.51
81870,72.47,52.65,75.51
81880,72.46,52.72,75.51
81890,72.45,52.70,75.51
81900,72.43,52.96,75.51
81910,72.41,52.97,75.51
81920,72.39,53.00,75.51
81930,72.37,53.05,75.51
81940,72.34,53.25,75.51
81950,72.32,53.09,75.51
81960,72.32,52.86,75.51
81970,72.30,53.18,75.51
81980,72.27,53.47,75.51
81990,72.25,53.09,75.51
82000,72.24,53.04,75.51
82010,72.23,53.24,75.51
82020,72.21,53.29,75.51
82030,72.21,53.04,75.51
82040,72.20,53.05,75.51
82050,72.19,53.35,75.51
82060,72.17,53.33,75.51
82070,72.17,53.08,75.51
82080,72.17,53.02,75.51
82090,72.17,53.28,75.51
82100,72.16,53.33,75.51
82110,72.16,53.04,75.51
82120,72.17,53.08,75.51
82130,72.16,53.31,75.51
82140,72.16,53.28,75.51
82150,72.17,53.02,75.51
82160,72.19,52.98,75.51
82170,72.19,53.17,75.51
82180,72.19,53.28,75.51
82190,72.21,53.00,75.51
82200,72.22,53.11,75.51
82210,72.23,53.20,75.51
82220,72.23,53.20,75.51
82230,72.25,53.08,75.51
82240,72.27,53.01,75.51
82250,72.27,53.31,75.51
82260,72.28,53.36,75.51
82270,72.28,53.27,75.51
82280,72.30,53.11,75.51
82290,72.31,53.25,75.51
82300,72.32,53.27,75.51
82310,72.34,53.19,75.51
82320,72.35,53.22,75.51
82330,72.36,53.29,75.51
82340,72.37,53.50,75.51
82350,72.38,53.31,75.51
82360,72.40,53.21,75.51
82370,72.41,53.36,75.51
82380,72.41,53.53,75.51
82390,72.42,53.43,75.51
82400,72.43,53.35,75.51
82410,72.45,53.34,75.51
82420,72.45,53.55,75.51
82430,72.45,53.67,75.51
82440,72.46,53.49,75.51
82450,72.47,53.53,75.51
82460,72.48,53.59,75.51
82470,72.48,53.69,75.51
82480,72.49,53.58,75.51
82490,72.51,53.41,75.51
82500,72.52,53.62,75.51
82510,72.52,53.81,75.51
82520,72.52,53.68,75.51
82530,72.54,53.60,75.51
82540,72.54,53.69,75.51
82550,72.54,53.94,75.51
82560,72.53,54.07,75.51
82570,72.53,53.91,75.51
82580,72.54,53.76,75.51
82590,72.55,53.76,75.51
82600,72.54,54.03,75.51
82610,72.54,54.11,75.51
82620,72.54,53.94,75.51
82630,72.55,53.84,75.51
82640,72.56,53.94,75.51
82650,72.56,54.06,75.51
82660,72.56,54.03,75.51
82670,72.56,53.96,75.51
82680,72.57,53.90,75.51
82690,72.58,54.05,75.51
82700,72.57,54.25,75.51
82710,72.58,54.05,75.51
82720,72.59,53.85,75.51
82730,72.61,53.95,75.51
82740,72.61,54.05,75.51
82750,72.61,54.22,75.51
82760,72.61,54.24,75.51
82770,72.62,54.02,75.51
82780,72.64,53.97,75.51
82790,72.65,54.12,75.51
82800,72.65,54.11,75.51
82810,72.66,54.13,75.51
82820,72.68,53.94,75.51
82830,72.70,53.89,75.51
82840,72.72,53.96,75.51
82850,72.73,54.11,75.51
82860,72.74,54.29,75.51
82870,72.75,54.12,75.51
82880,72.77,53.98,75.51
82890,72.79,53.96,75.51
82900,72.81,53.99,75.51
82910,72.82,54.08,75.51
82920,72.85,53.97,75.51
82930,72.87,53.90,75.51
82940,72.90,53.86,75.51
82950,72.92,53.98,75.51
82960,72.93,54.10,75.51
82970,72.95,54.11,75.51
82980,72.98,53.89,75.51
82990,73.01,53.83,75.51
83000,73.04,53.76,75.51
83010,73.07,53.83,75.51
83020,73.10,53.86,75.51
83030,73.13,53.70,75.51
83040,73.17,53.61,75.51
83050,73.21,53.65,75.51
83060,73.25,53.69,75.51
83070,73.28,53.77,75.51
83080,73.31,53.68,75.51
83090,73.35,53.66,75.51
83100,73.39,53.60,75.51
83110,73.43,53.50,75.51
83120,73.47,53.55,75.51
83130,73.52,53.45,75.51
83140,73.56,53.52,75.51
83150,73.59,53.64,75.51
83160,73.63,53.59,75.51
83170,73.67,53.49,75.51
83180,73.71,53.40,75.51
83190,73.75,53.47,75.51
83200,73.78,53.71,75.51
83210,73.81,53.67,75.51
83220,73.86,53.34,75.51
83230,73.91,53.24,75.51
83240,73.95,53.36,75.51
83250,73.98,53.58,75.51
83260,74.02,53.49,75.51
83270,74.06,53.34,75.51
83280,74.10,53.34,75.51
83290,74.13,53.48,75.51
83300,74.16,53.57,75.51
83310,74.20,53.43,75.51
83320,74.24,53.34,75.51
83330,74.27,53.50,75.51
83340,74.30,53.54,75.51
83350,74.33,53.46,75.51
83360,74.37,53.36,75.51
83370,74.39,53.51,75.51
83380,74.41,53.68,75.51
83390,74.44,53.48,75.51
83400,74.47,53.44,75.51
83410,74.50,53.45,75.51
83420,74.53,53.61,75.51
83430,74.54,53.69,75.51
83440,74.57,53.47,75.51
83450,74.60,53.42,75.51
83460,74.62,53.65,75.51
83470,74.63,53.85,75.51
83480,74.63,53.89,75.51
83490,74.65,53.63,75.51
83500,74.68,53.47,75.51
83510,74.69,53.69,75.51
83520,74.70,53.92,75.51
83530,74.70,53.91,75.51
83540,74.71,53.72,75.51
83550,74.73,53.71,75.51
83560,74.74,53.76,75.51
83570,74.74,53.92,75.51
83580,74.75,53.93,75.51
83590,74.76,53.83,75.51
83600,74.77,53.71,75.51
83610,74.77,54.05,75.51
83620,74.76,54.11,75.51
83630,74.76,54.07,75.51
83640,74.76,53.95,75.51
83650,74.77,53.86,75.51
83660,74.77,53.99,75.51
83670,74.76,54.19,75.51
83680,74.76,54.12,75.51
83690,74.76,54.05,75.51
83700,74.76,53.98,75.51
83710,74.76,54.12,75.51
83720,74.75,54.26,75.51
83730,74.74,54.19,75.51
83740,74.74,54.18,75.51
83750,74.74,53.98,75.51
83760,74.74,54.11,75.51
83770,74.74,54.20,75.51
83780,74.73,54.23,75.51
83790,74.73,54.10,75.51
83800,74.73,54.07,75.51
83810,74.73,54.14,75.51
83820,74.73,54.22,75.51
83830,74.72,54.27,75.51
83840,74.73,54.09,75.51
83850,74.74,53.85,75.51
83860,74.75,53.99,75.51
83870,74.75,54.00,75.51
83880,74.75,54.14,75.51
83890,74.76,54.02,75.51
83900,74.77,53.94,75.51
83910,74.78,53.92,75.51
83920,74.79,54.00,75.51
83930,74.78,54.25,75.51
83940,74.78,54.15,75.51
83950,74.79,53.97,75.51
83960,74.82,53.73,75.51
83970,74.83,53.91,75.51
83980,74.83,54.11,75.51
83990,74.83,54.14,75.51
84000,74.83,54.06,75.51
84010,74.85,69.13,101.70
84020,74.86,69.31,101.70
84030,74.87,69.57,101.70
84040,74.86,70.19,101.70
84050,74.84,70.41,101.70
84060,74.84,70.49,101.70
84070,74.85,70.14,101.70
84080,74.91,69.47,101.70
84090,74.96,69.83,101.70
84100,74.97,70.65,101.70
84110,75.10,68.50,101.70
84120,75.20,69.24,101.70
84130,75.36,67.87,101.70
84140,75.52,68.13,101.70
84150,75.76,66.72,101.70
84160,75.96,67.45,101.70
84170,76.27,65.09,101.70
84180,76.51,66.69,101.70
84190,76.89,63.79,101.70
84200,77.20,65.20,101.70
84210,77.61,63.12,101.70
84220,78.01,63.09,101.70
84230,78.44,62.55,101.70
84240,78.94,61.09,101.70
84250,79.40,61.57,101.70
84260,79.95,59.84,101.70
84270,80.48,59.95,101.70
84280,81.03,59.22,101.70
84290,81.64,57.89,101.70
84300,82.26,57.60,101.70
84310,82.90,56.82,101.70
84320,83.52,57.09,101.70
84330,84.18,55.92,101.70
84340,84.87,55.18,101.70
84350,85.56,54.84,101.70
84360,86.25,54.40,101.70
84370,86.95,53.99,101.70
84380,87.66,53.48,101.70
84390,88.40,52.62,101.70
84400,89.14,52.23,101.70
84410,89.88,51.69,101.70
84420,90.64,51.23,101.70
84430,91.39,50.94,101.70
84440,92.14,50.54,101.70
84450,92.89,50.06,101.70
84460,93.63,50.15,101.70
84470,94.36,49.78,101.70
84480,95.08,49.72,101.70
84490,95.80,49.24,101.70
84500,96.54,48.55,101.70
84510,97.26,48.34,101.70
84520,97.97,48.33,101.70
84530,98.68,48.12,101.70
84540,99.38,47.77,101.70
84550,100.06,47.59,101.70
84560,100.72,47.80,101.70
84570,101.39,47.21,101.70
84580,102.04,47.33,101.70
84590,102.66,47.42,101.70
84600,103.29,46.95,101.70
84610,103.88,47.29,101.70
84620,104.48,46.74,101.70
84630,105.06,46.91,101.70
84640,105.63,46.65,101.70
84650,106.18,46.84,101.70
84660,106.71,46.66,101.70
84670,107.23,46.62,101.70
84680,107.73,46.69,101.70
84690,108.22,46.70,101.70
84700,108.69,46.70,101.70
84710,109.14,46.78,101.70
84720,109.58,46.57,101.70
84730,110.00,46.82,101.70
84740,110.42,46.55,101.70
84750,110.80,46.97,101.70
84760,111.19,46.51,101.70
84770,111.54,46.99,101.70
84780,111.89,46.64,101.70
84790,112.22,47.04,101.70
84800,112.53,47.03,101.70
84810,112.83,47.01,101.70
84820,113.10,47.41,101.70
84830,113.38,46.98,101.70
84840,113.61,47.59,101.70
84850,113.85,47.25,101.70
84860,114.07,47.68,101.70
84870,114.26,47.78,101.70
84880,114.45,47.66,101.70
84890,114.61,48.23,101.70
84900,114.78,47.71,101.70
84910,114.91,48.36,101.70
84920,115.04,48.31,101.70
84930,115.15,48.41,101.70
84940,115.24,48.83,101.70
84950,115.32,48.64,101.70
84960,115.37,49.31,101.70
84970,115.43,48.91,101.70
84980,115.46,49.54,101.70
84990,115.49,49.35,101.70
85000,115.49,49.78,101.70
85010,115.49,49.74,101.70
85020,115.47,50.05,101.70
85030,115.45,50.01,101.70
85040,115.41,50.25,101.70
85050,115.37,50.22,101.70
85060,115.31,50.65,101.70
85070,115.25,50.46,101.70
85080,115.17,51.02,101.70
85090,115.11,50.49,101.70
85100,115.01,51.03,101.70
85110,114.94,50.69,101.70
85120,114.84,51.08,101.70
85130,114.73,51.21,101.70
85140,114.64,51.05,101.70
85150,114.52,51.47,101.70
85160,114.41,51.20,101.70
85170,114.27,51.69,101.70
85180,114.14,51.65,101.70
85190,114.01,51.58,101.70
85200,113.86,52.07,101.70
85210,113.73,51.72,101.70
85220,113.58,52.04,101.70
85230,113.42,52.27,101.70
85240,113.27,51.93,101.70
85250,113.11,52.26,101.70
85260,112.94,52.51,101.70
85270,112.79,52.11,101.70
85280,112.61,52.68,101.70
85290,112.43,52.75,101.70
85300,112.27,52.45,101.70
85310,112.09,52.85,101.70
85320,111.90,52.97,101.70
85330,111.74,52.65,101.70
85340,111.55,53.02,101.70
85350,111.35,53.33,101.70
85360,111.17,53.07,101.70
85370,110.99,53.10,101.70
85380,110.79,53.49,101.70
85390,110.60,53.49,101.70
85400,110.41,53.31,101.70
85410,110.22,53.58,101.70
85420,110.00,53.97,101.70
85430,109.81,53.72,101.70
85440,109.63,53.54,101.70
85450,109.43,53.84,101.70
85460,109.22,54.25,101.70
85470,109.01,54.24,101.70
85480,108.81,53.98,101.70
85490,108.62,54.12,101.70
85500,108.42,54.13,101.70
85510,108.22,54.44,101.70
85520,108.01,54.62,101.70
85530,107.81,54.52,101.70
85540,107.59,54.95,101.70
85550,107.38,54.90,101.70
85560,107.18,54.74,101.70
85570,106.99,54.54,101.70
85580,106.80,54.77,101.70
85590,106.59,55.13,101.70
85600,106.38,55.29,101.70
85610,106.18,55.13,101.70
85620,105.99,54.95,101.70
85630,105.82,54.87,101.70
85640,105.63,55.02,101.70
85650,105.44,55.25,101.70
85660,105.25,55.42,101.70
85670,105.06,55.46,101.70
85680,104.88,55.30,101.70
85690,104.72,55.06,101.70
85700,104.57,54.95,101.70
85710,104.41,55.01,101.70
85720,104.25,55.26,101.70
85730,104.08,55.42,101.70
85740,103.91,55.57,101.70
85750,103.75,55.52,101.70
85760,103.61,55.20,101.70
85770,103.48,55.02,101.70
85780,103.35,54.98,101.70
85790,103.22,55.07,101.70
85800,103.09,55.16,101.70
85810,102.96,55.39,101.70
85820,102.81,55.54,101.70
85830,102.68,55.43,101.70
85840,102.57,55.20,101.70
85850,102.46,54.98,101.70
85860,102.37,54.84,101.70
85870,102.27,55.01,101.70
85880,102.16,55.20,101.70
85890,102.05,55.34,101.70
85900,101.94,55.42,101.70
85910,101.84,55.31,101.70
85920,101.75,55.09,101.70
85930,101.67,54.87,101.70
85940,101.60,54.77,101.70
85950,101.53,54.85,101.70
85960,101.46,54.99,101.70
85970,101.38,55.17,101.70
85980,101.29,55.24,101.70
85990,101.22,55.10,101.70
86000,101.16,54.84,101.70
86010,101.11,54.62,101.70
86020,101.07,54.56,101.70
86030,101.02,54.76,101.70
86040,100.96,55.00,101.70
86050,100.90,55.07,101.70
86060,100.85,54.87,101.70
86070,100.81,54.62,101.70
86080,100.79,54.46,101.70
86090,100.76,54.42,101.70
86100,100.73,54.63,101.70
86110,100.69,54.81,101.70
86120,100.64,54.89,101.70
86130,100.61,54.76,101.70
86140,100.59,54.40,101.70
86150,100.58,54.26,101.70
86160,100.57,54.28,101.70
86170,100.55,54.51,101.70
86180,100.53,54.66,101.70
86190,100.51,54.60,101.70
86200,100.49,54.41,101.70
86210,100.50,54.12,101.70
86220,100.50,54.10,101.70
86230,100.50,54.31,101.70
86240,100.48,54.45,101.70
86250,100.47,54.50,101.70
86260,100.47,54.27,101.70
86270,100.48,53.96,101.70
86280,100.50,53.97,101.70
86290,100.50,54.18,101.70
86300,100.50,54.31,101.70
86310,100.49,54.28,101.70
86320,100.50,54.09,101.70
86330,100.53,53.79,101.70
86340,100.54,53.98,101.70
86350,100.54,54.30,101.70
86360,100.53,54.36,101.70
86370,100.54,54.23,101.70
86380,100.56,53.92,101.70
86390,100.57,54.01,101.70
86400,100.57,54.27,101.70
86410,100.57,54.36,101.70
86420,100.57,54.26,101.70
86430,100.59,53.96,101.70
86440,100.60,53.98,101.70
86450,100.60,54.28,101.70
86460,100.59,54.50,101.70
86470,100.58,54.55,101.70
86480,100.59,54.13,101.70
86490,100.60,54.19,101.70
86500,100.60,54.26,101.70
86510,100.59,54.55,101.70
86520,100.58,54.56,101.70
86530,100.58,54.37,101.70
86540,100.59,54.28,101.70
86550,100.59,54.36,101.70
86560,100.58,54.68,101.70
86570,100.57,54.65,101.70
86580,100.56,54.47,101.70
86590,100.57,54.26,101.70
86600,100.58,54.34,101.70
86610,100.57,54.60,101.70
86620,100.55,54.73,101.70
86630,100.54,54.67,101.70
86640,100.55,54.36,101.70
86650,100.57,54.17,101.70
86660,100.57,54.40,101.70
86670,100.57,54.55,101.70
86680,100.56,54.64,101.70
86690,100.56,54.45,101.70
86700,100.57,54.33,101.70
86710,100.58,54.27,101.70
86720,100.59,54.43,101.70
86730,100.60,54.33,101.70
86740,100.60,54.48,101.70
86750,100.60,54.61,101.70
86760,100.60,54.47,101.70
86770,100.61,54.32,101.70
86780,100.60,54.67,101.70
86790,100.60,54.63,101.70
86800,100.61,54.46,101.70
86810,100.63,54.18,101.70
86820,100.65,54.12,101.70
86830,100.65,54.50,101.70
86840,100.65,54.61,101.70
86850,100.65,54.58,101.70
86860,100.66,54.39,101.70
86870,100.68,54.19,101.70
86880,100.69,54.29,101.70
86890,100.70,54.45,101.70
86900,100.69,54.75,101.70
86910,100.68,54.69,101.70
86920,100.69,54.47,101.70
86930,100.70,54.29,101.70
86940,100.71,54.39,101.70
86950,100.71,54.73,101.70
86960,100.70,54.83,101.70
86970,100.69,54.80,101.70
86980,100.70,54.51,101.70
86990,100.70,54.46,101.70
87000,100.71,54.55,101.70
87010,100.70,54.74,101.70
87020,100.69,55.00,101.70
87030,100.68,54.80,101.70
87040,100.68,54.62,101.70
87050,100.70,54.43,101.70
87060,100.71,54.50,101.70
87070,100.71,54.71,101.70
87080,100.69,55.01,101.70
87090,100.68,55.01,101.70
87100,100.68,54.71,101.70
87110,100.69,54.54,101.70
87120,100.70,54.43,101.70
87130,100.71,54.56,101.70
87140,100.70,54.86,101.70
87150,100.69,54.97,101.70
87160,100.68,54.92,101.70
87170,100.69,54.72,101.70
87180,100.70,54.46,101.70
87190,100.72,54.42,101.70
87200,100.73,54.61,101.70
87210,100.72,54.87,101.70
87220,100.72,54.89,101.70
87230,100.71,54.85,101.70
87240,100.72,54.59,101.70
87250,100.75,54.32,101.70
87260,100.76,54.52,101.70
87270,100.76,54.78,101.70
87280,100.75,54.95,101.70
87290,100.75,54.87,101.70
87300,100.75,54.70,101.70
87310,100.77,54.44,101.70
87320,100.79,54.47,101.70
87330,100.79,54.72,101.70
87340,100.79,54.89,101.70
87350,100.78,54.94,101.70
87360,100.79,54.70,101.70
87370,100.81,54.51,101.70
87380,100.82,54.47,101.70
87390,100.83,54.68,101.70
87400,100.83,54.87,101.70
87410,100.82,55.06,101.70
87420,100.82,54.90,101.70
87430,100.83,54.57,101.70
87440,100.84,54.52,101.70
87450,100.86,54.57,101.70
87460,100.86,54.86,101.70
87470,100.85,55.08,101.70
87480,100.84,55.05,101.70
87490,100.84,54.73,101.70
87500,100.86,54.62,101.70
87510,100.87,54.53,101.70
87520,100.88,54.75,101.70
87530,100.88,54.92,101.70
87540,100.87,55.00,101.70
87550,100.87,55.00,101.70
87560,100.88,54.68,101.70
87570,100.90,54.49,101.70
87580,100.91,54.52,101.70
87590,100.92,54.70,101.70
87600,100.92,54.95,101.70
87610,100.91,55.06,101.70
87620,100.91,54.85,101.70
87630,100.93,54.63,101.70
87640,100.95,54.50,101.70
87650,100.97,54.50,101.70
87660,100.97,54.80,101.70
87670,100.96,55.01,101.70
87680,100.96,55.05,101.70
87690,100.96,54.78,101.70
87700,100.98,54.59,101.70
87710,101.00,54.55,101.70
87720,101.01,54.69,101.70
87730,101.01,54.84,101.70
87740,101.01,54.99,101.70
87750,101.01,54.89,101.70
87760,101.02,54.72,101.70
87770,101.03,54.57,101.70
87780,101.05,54.65,101.70
87790,101.05,54.83,101.70
87800,101.04,55.01,101.70
87810,101.04,55.06,101.70
87820,101.04,54.93,101.70
87830,101.05,54.63,101.70
87840,101.07,54.53,101.70
87850,101.08,54.64,101.70
87860,101.09,54.84,101.70
87870,101.08,55.01,101.70
87880,101.08,55.00,101.70
87890,101.08,54.87,101.70
87900,101.09,54.68,101.70
87910,101.11,54.57,101.70
87920,101.12,54.66,101.70
87930,101.13,54.86,101.70
87940,101.12,55.02,101.70
87950,101.11,55.10,101.70
87960,101.11,54.94,101.70
87970,101.11,54.95,101.70
87980,101.12,54.80,101.70
87990,101.13,54.73,101.70
88000,101.14,54.65,101.70
88010,101.16,-1.27,5.63
88020,101.16,-1.69,5.63
88030,101.18,-2.74,5.63
88040,101.15,-2.47,5.63
88050,101.10,-2.55,5.63
88060,101.07,-3.44,5.63
88070,100.99,-3.24,5.63
88080,100.85,-2.55,5.63
88090,100.68,-2.37,5.63
88100,100.46,-1.91,5.63
88110,100.19,-1.57,5.63
88120,99.85,-0.26,5.63
88130,99.45,0.19,5.63
88140,99.06,-0.24,5.63
88150,98.62,0.44,5.63
88160,98.11,1.43,5.63
88170,97.56,2.10,5.63
88180,96.94,3.02,5.63
88190,96.30,3.46,5.63
88200,95.58,4.57,5.63
88210,94.83,5.25,5.63
88220,94.04,5.77,5.63
88230,93.20,6.77,5.63
88240,92.32,7.33,5.63
88250,91.39,8.47,5.63
88260,90.42,9.33,5.63
88270,89.40,10.20,5.63
88280,88.32,11.51,5.63
88290,87.20,12.40,5.63
88300,86.04,13.39,5.63
88310,84.82,14.61,5.63
88320,83.58,15.31,5.63
88330,82.30,16.40,5.63
88340,80.96,17.86,5.63
88350,79.59,18.74,5.63
88360,78.15,20.54,5.63
88370,76.68,21.44,5.63
88380,75.15,23.04,5.63
88390,73.58,24.19,5.63
88400,71.99,25.27,5.63
88410,70.36,26.56,5.63
88420,68.68,27.90,5.63
88430,66.96,29.42,5.63
88440,65.19,31.09,5.63
88450,63.38,32.58,5.63
88460,61.55,33.48,5.63
88470,59.68,35.12,5.63
88480,57.80,36.08,5.63
88490,55.89,37.42,5.63
88500,53.92,39.54,5.63
88510,51.93,40.50,5.63
88520,49.92,41.94,5.63
88530,47.87,43.68,5.63
88540,45.82,44.62,5.63
88550,43.74,46.04,5.63
88560,41.64,47.43,5.63
88570,39.55,48.27,5.63
88580,37.44,49.62,5.63
88590,35.33,50.74,5.63
88600,33.19,52.25,5.63
88610,31.06,53.10,5.63
88620,28.95,53.88,5.63
88630,26.85,54.69,5.63
88640,24.75,55.73,5.63
88650,22.69,56.10,5.63
88660,20.65,56.68,5.63
88670,18.66,56.93,5.63
88680,16.67,57.85,5.63
88690,14.74,57.73,5.63
88700,12.83,58.33,5.63
88710,10.94,58.97,5.63
88720,9.10,58.95,5.63
88730,7.34,58.54,5.63
88740,5.63,58.33,5.63
88750,3.98,58.22,5.63
88760,2.39,58.10,5.63
88770,0.84,58.05,5.63
88780,-0.66,57.79,5.63
88790,-2.08,57.40,5.63
88800,-3.46,57.23,5.63
88810,-4.77,56.68,5.63
88820,-6.01,56.22,5.63
88830,-7.20,55.74,5.63
88840,-8.32,55.30,5.63
88850,-9.38,54.67,5.63
88860,-10.37,54.02,5.63
88870,-11.29,53.31,5.63
88880,-12.15,52.58,5.63
88890,-12.94,51.88,5.63
88900,-13.66,50.89,5.63
88910,-14.29,49.83,5.63
88920,-14.85,48.67,5.63
88930,-15.33,47.54,5.63
88940,-15.75,46.77,5.63
88950,-16.12,46.05,5.63
88960,-16.44,45.47,5.63
88970,-16.67,43.94,5.63
88980,-16.84,42.92,5.63
88990,-16.97,42.36,5.63
89000,-17.01,40.81,5.63
89010,-17.03,40.34,5.63
89020,-16.96,38.83,5.63
89030,-16.87,38.55,5.63
89040,-16.71,37.26,5.63
89050,-16.50,36.24,5.63
89060,-16.27,35.73,5.63
89070,-15.99,34.82,5.63
89080,-15.64,33.24,5.63
89090,-15.23,32.04,5.63
89100,-14.78,31.25,5.63
89110,-14.30,30.34,5.63
89120,-13.79,29.63,5.63
89130,-13.25,28.69,5.63
89140,-12.68,28.12,5.63
89150,-12.11,27.74,5.63
89160,-11.54,27.61,5.63
89170,-10.93,26.58,5.63
89180,-10.29,25.72,5.63
89190,-9.64,25.23,5.63
89200,-8.95,24.11,5.63
89210,-8.26,23.72,5.63
89220,-7.54,22.93,5.63
89230,-6.82,22.53,5.63
89240,-6.07,21.60,5.63
89250,-5.32,21.27,5.63
89260,-4.55,20.47,5.63
89270,-3.78,20.13,5.63
89280,-3.00,19.42,5.63
89290,-2.19,18.43,5.63
89300,-1.40,18.48,5.63
89310,-0.59,17.59,5.63
89320,0.25,16.74,5.63
89330,1.07,16.50,5.63
89340,1.90,15.88,5.63
89350,2.73,15.37,5.63
89360,3.55,15.20,5.63
89370,4.37,14.64,5.63
89380,5.18,14.49,5.63
89390,6.00,13.88,5.63
89400,6.81,13.42,5.63
89410,7.63,12.92,5.63
89420,8.41,13.01,5.63
89430,9.20,12.47,5.63
89440,9.98,12.24,5.63
89450,10.77,11.56,5.63
89460,11.54,11.44,5.63
89470,12.29,11.17,5.63
89480,13.03,11.07,5.63
89490,13.78,10.42,5.63
89500,14.52,10.19,5.63
89510,15.27,9.45,5.63
89520,15.95,10.29,5.63
89530,16.62,10.14,5.63
89540,17.28,9.70,5.63
89550,17.94,9.41,5.63
89560,18.58,9.39,5.63
89570,19.20,9.18,5.63
89580,19.80,9.28,5.63
89590,20.38,9.03,5.63
89600,20.94,9.21,5.63
89610,21.50,8.80,5.63
89620,22.03,8.90,5.63
89630,22.54,8.85,5.63
89640,23.03,9.04,5.63
89650,23.49,9.03,5.63
89660,23.94,8.90,5.63
89670,24.37,8.98,5.63
89680,24.79,8.97,5.63
89690,25.18,9.07,5.63
89700,25.54,9.20,5.63
89710,25.88,9.43,5.63
89720,26.20,9.41,5.63
89730,26.51,9.40,5.63
89740,26.80,9.51,5.63
89750,27.06,9.65,5.63
89760,27.30,9.95,5.63
89770,27.51,10.14,5.63
89780,27.70,10.39,5.63
89790,27.87,10.50,5.63
89800,28.01,10.77,5.63
89810,28.13,11.06,5.63
89820,28.23,11.28,5.63
89830,28.30,11.61,5.63
89840,28.35,11.87,5.63
89850,28.38,12.19,5.63
89860,28.38,12.46,5.63
89870,28.36,12.78,5.63
89880,28.32,13.12,5.63
89890,28.26,13.37,5.63
89900,28.18,13.74,5.63
89910,28.07,14.08,5.63
89920,27.94,14.50,5.63
89930,27.79,14.86,5.63
89940,27.62,15.23,5.63
89950,27.43,15.59,5.63
89960,27.22,16.01,5.63
89970,26.99,16.26,5.63
89980,26.73,16.81,5.63
89990,26.45,17.39,5.63
90000,26.16,17.58,5.63
90010,25.83,18.49,5.63
90020,25.52,18.17,5.63
90030,25.18,18.65,5.63
90040,24.82,19.32,5.63
90050,24.44,19.72,5.63
90060,24.04,20.28,5.63
90070,23.61,20.84,5.63
90080,23.18,21.25,5.63
90090,22.74,21.44,5.63
90100,22.28,22.02,5.63
90110,21.80,22.43,5.63
90120,21.31,23.06,5.63
90130,20.75,24.47,5.63
90140,20.16,25.37,5.63
90150,19.61,24.98,5.63
90160,19.06,24.91,5.63
90170,18.51,25.41,5.63
90180,17.92,26.24,5.63
90190,17.32,26.83,5.63
90200,16.73,26.97,5.63
90210,16.10,27.90,5.63
90220,15.48,28.01,5.63
90230,14.86,28.50,5.63
90240,14.23,28.87,5.63
90250,13.57,29.73,5.63
90260,12.92,29.82,5.63
90270,12.27,30.25,5.63
90280,11.62,30.59,5.63
90290,10.97,31.01,5.63
90300,10.33,31.09,5.63
90310,9.65,32.18,5.63
90320,8.98,32.41,5.63
90330,8.31,32.70,5.63
90340,7.66,32.85,5.63
90350,6.99,33.39,5.63
90360,6.35,33.33,5.63
90370,5.71,33.62,5.63
90380,5.06,34.22,5.63
90390,4.42,34.30,5.63
90400,3.80,34.37,5.63
90410,3.18,34.63,5.63
90420,2.58,34.78,5.63
90430,1.98,35.02,5.63
90440,1.40,35.11,5.63
90450,0.83,35.14,5.63
90460,0.27,35.31,5.63
90470,-0.28,35.42,5.63
90480,-0.81,35.46,5.63
90490,-1.33,35.60,5.63
90500,-1.83,35.53,5.63
90510,-2.31,35.51,5.63
90520,-2.77,35.35,5.63
90530,-3.21,35.32,5.63
90540,-3.64,35.49,5.63
90550,-4.05,35.24,5.63
90560,-4.45,35.30,5.63
90570,-4.82,35.06,5.63
90580,-5.17,35.01,5.63
90590,-5.52,35.21,5.63
90600,-5.82,34.63,5.63
90610,-6.13,34.83,5.63
90620,-6.40,34.33,5.63
90630,-6.65,34.30,5.63
90640,-6.88,34.04,5.63
90650,-7.09,33.72,5.63
90660,-7.29,33.76,5.63
90670,-7.45,33.17,5.63
90680,-7.60,33.23,5.63
90690,-7.72,32.68,5.63
90700,-7.82,32.47,5.63
90710,-7.89,32.17,5.63
90720,-7.94,31.72,5.63
90730,-7.99,31.73,5.63
90740,-7.99,30.99,5.63
90750,-7.99,31.06,5.63
90760,-7.95,30.36,5.63
90770,-7.91,30.25,5.63
90780,-7.84,29.73,5.63
90790,-7.75,29.59,5.63
90800,-7.65,29.27,5.63
90810,-7.53,28.84,5.63
90820,-7.39,28.58,5.63
90830,-7.24,28.19,5.63
90840,-7.08,28.04,5.63
90850,-6.90,27.72,5.63
90860,-6.69,27.08,5.63
90870,-6.49,27.10,5.63
90880,-6.26,26.71,5.63
90890,-6.02,26.28,5.63
90900,-5.75,25.64,5.63
90910,-5.49,25.70,5.63
90920,-5.22,25.48,5.63
90930,-4.96,25.37,5.63
90940,-4.66,24.69,5.63
90950,-4.37,24.89,5.63
90960,-4.07,24.45,5.63
90970,-3.77,24.27,5.63
90980,-3.46,24.04,5.63
90990,-3.12,23.37,5.63
91000,-2.79,23.36,5.63
91010,-2.47,23.25,5.63
91020,-2.13,22.90,5.63
91030,-1.78,22.61,5.63
91040,-1.41,21.98,5.63
91050,-1.04,21.73,5.63
91060,-0.67,21.69,5.63
91070,-0.31,21.64,5.63
91080,0.05,21.37,5.63
91090,0.42,21.21,5.63
91100,0.80,20.78,5.63
91110,1.16,20.80,5.63
91120,1.53,20.67,5.63
91130,1.91,20.04,5.63
91140,2.30,19.87,5.63
91150,2.67,19.80,5.63
91160,3.05,19.76,5.63
91170,3.42,19.51,5.63
91180,3.79,19.23,5.63
91190,4.18,18.88,5.63
91200,4.55,18.93,5.63
91210,4.89,19.37,5.63
91220,5.24,18.95,5.63
91230,5.59,18.69,5.63
91240,5.94,18.53,5.63
91250,6.27,18.82,5.63
91260,6.60,18.45,5.63
91270,6.97,17.70,5.63
91280,7.31,17.81,5.63
91290,7.63,18.21,5.63
91300,7.97,17.49,5.63
91310,8.27,18.04,5.63
91320,8.58,17.72,5.63
91330,8.89,17.55,5.63
91340,9.20,17.28,5.63
91350,9.49,17.68,5.63
91360,9.76,17.59,5.63
91370,10.04,17.52,5.63
91380,10.31,17.36,5.63
91390,10.56,17.65,5.63
91400,10.80,17.56,5.63
91410,11.05,17.20,5.63
91420,11.27,17.67,5.63
91430,11.50,17.29,5.63
91440,11.73,17.27,5.63
91450,11.94,17.36,5.63
91460,12.15,17.16,5.63
91470,12.32,17.88,5.63
91480,12.49,17.66,5.63
91490,12.67,17.44,5.63
91500,12.82,17.74,5.63
91510,12.95,18.19,5.63
91520,13.08,18.03,5.63
91530,13.22,17.56,5.63
91540,13.37,17.35,5.63
91550,13.47,18.25,5.63
91560,13.56,18.25,5.63
91570,13.65,18.15,5.63
91580,13.73,18.34,5.63
91590,13.78,18.79,5.63
91600,13.83,18.82,5.63
91610,13.85,19.31,5.63
91620,13.87,19.15,5.63
91630,13.88,19.27,5.63
91640,13.88,19.47,5.63
91650,13.87,19.62,5.63
91660,13.85,19.81,5.63
91670,13.83,19.93,5.63
91680,13.79,20.08,5.63
91690,13.72,20.70,5.63
91700,13.65,20.72,5.63
91710,13.60,20.28,5.63
91720,13.51,21.05,5.63
91730,13.42,20.95,5.63
91740,13.31,21.46,5.63
91750,13.23,20.96,5.63
91760,13.11,21.73,5.63
91770,12.98,21.89,5.63
91780,12.86,21.76,5.63
91790,12.70,22.51,5.63
91800,12.54,22.74,5.63
91810,12.37,22.88,5.63
91820,12.21,22.77,5.63
91830,12.02,23.33,5.63
91840,11.85,23.01,5.63
91850,11.67,23.37,5.63
91860,11.49,23.42,5.63
91870,11.28,23.98,5.63
91880,11.08,23.93,5.63
91890,10.87,24.23,5.63
91900,10.68,24.03,5.63
91910,10.48,24.23,5.63
91920,10.24,25.15,5.63
91930,10.01,24.83,5.63
91940,9.77,25.45,5.63
91950,9.53,25.44,5.63
91960,9.27,25.95,5.63
91970,9.00,26.33,5.63
91980,8.75,25.89,5.63
91990,8.49,26.35,5.63
92000,8.21,26.94,5.63
92010,7.98,29.81,12.04
92020,7.71,30.72,12.04
92030,7.43,30.97,12.04
92040,7.16,31.17,12.04
92050,6.89,31.31,12.04
92060,6.61,31.63,12.04
92070,6.35,31.45,12.04
92080,6.09,31.69,12.04
92090,5.83,31.97,12.04
92100,5.55,32.47,12.04
92110,5.28,32.35,12.04
92120,5.03,32.32,12.04
92130,4.79,32.25,12.04
92140,4.55,32.35,12.04
92150,4.32,32.41,12.04
92160,4.10,32.41,12.04
92170,3.88,32.56,12.04
92180,3.68,32.44,12.04
92190,3.47,32.63,12.04
92200,3.27,32.72,12.04
92210,3.07,32.75,12.04
92220,2.89,32.68,12.04
92230,2.72,32.60,12.04
92240,2.57,32.45,12.04
92250,2.42,32.40,12.04
92260,2.28,32.44,12.04
92270,2.15,32.40,12.04
92280,2.04,32.18,12.04
92290,1.92,32.40,12.04
92300,1.81,32.33,12.04
92310,1.72,32.14,12.04
92320,1.63,32.18,12.04
92330,1.57,31.82,12.04
92340,1.51,31.73,12.04
92350,1.46,31.84,12.04
92360,1.42,31.51,12.04
92370,1.39,31.62,12.04
92380,1.37,31.28,12.04
92390,1.37,31.13,12.04
92400,1.36,31.18,12.04
92410,1.37,31.01,12.04
92420,1.40,30.80,12.04
92430,1.43,30.64,12.04
92440,1.47,30.48,12.04
92450,1.52,30.50,12.04
92460,1.58,30.16,12.04
92470,1.65,30.07,12.04
92480,1.74,29.80,12.04
92490,1.84,29.51,12.04
92500,1.93,29.60,12.04
92510,2.03,29.45,12.04
92520,2.15,29.15,12.04
92530,2.27,29.12,12.04
92540,2.40,28.98,12.04
92550,2.53,28.86,12.04
92560,2.67,28.64,12.04
92570,2.82,28.48,12.04
92580,2.96,28.52,12.04
92590,3.12,28.23,12.04
92600,3.28,28.23,12.04
92610,3.46,27.66,12.04
92620,3.62,27.95,12.04
92630,3.78,28.04,12.04
92640,3.97,27.49,12.04
92650,4.16,27.33,12.04
92660,4.33,27.55,12.04
92670,4.51,27.45,12.04
92680,4.69,27.46,12.04
92690,4.87,27.30,12.04
92700,5.05,27.16,12.04
92710,5.27,26.51,12.04
92720,5.48,26.34,12.04
92730,5.71,26.12,12.04
92740,5.91,26.51,12.04
92750,6.13,26.09,12.04
92760,6.35,25.93,12.04
92770,6.55,26.12,12.04
92780,6.77,25.80,12.04
92790,6.98,25.95,12.04
92800,7.19,25.82,12.04
92810,7.40,25.60,12.04
92820,7.62,25.48,12.04
92830,7.83,25.50,12.04
92840,8.04,25.49,12.04
92850,8.25,25.28,12.04
92860,8.47,25.13,12.04
92870,8.67,25.24,12.04
92880,8.89,24.89,12.04
92890,9.08,25.32,12.04
92900,9.27,25.19,12.04
92910,9.47,25.07,12.04
92920,9.66,25.03,12.04
92930,9.83,25.37,12.04
92940,9.99,25.37,12.04
92950,10.16,25.36,12.04
92960,10.31,25.41,12.04
92970,10.48,25.13,12.04
92980,10.65,25.05,12.04
92990,10.80,25.26,12.04
93000,10.96,25.00,12.04
93010,11.09,25.41,12.04
93020,11.22,25.52,12.04
93030,11.35,25.48,12.04
93040,11.47,25.52,12.04
93050,11.58,25.67,12.04
93060,11.69,25.56,12.04
93070,11.80,25.53,12.04
93080,11.90,25.67,12.04
93090,11.99,25.80,12.04
93100,12.08,25.74,12.04
93110,12.17,25.88,12.04
93120,12.25,25.85,12.04
93130,12.33,25.83,12.04
93140,12.40,25.99,12.04
93150,12.45,26.29,12.04
93160,12.49,26.62,12.04
93170,12.51,26.84,12.04
93180,12.53,26.94,12.04
93190,12.54,27.06,12.04
93200,12.55,27.14,12.04
93210,12.56,26.93,12.04
93220,12.57,27.15,12.04
93230,12.57,27.24,12.04
93240,12.56,27.50,12.04
93250,12.54,27.61,12.04
93260,12.53,27.51,12.04
93270,12.53,27.33,12.04
93280,12.50,27.84,12.04
93290,12.46,28.16,12.04
93300,12.43,27.80,12.04
93310,12.39,28.15,12.04
93320,12.38,27.68,12.04
93330,12.32,28.45,12.04
93340,12.29,28.07,12.04
93350,12.22,28.87,12.04
93360,12.16,28.69,12.04
93370,12.11,28.45,12.04
93380,12.03,29.07,12.04
93390,11.95,29.23,12.04
93400,11.89,28.80,12.04
93410,11.84,28.72,12.04
93420,11.78,28.94,12.04
93430,11.69,29.48,12.04
93440,11.62,29.06,12.04
93450,11.53,29.71,12.04
93460,11.41,30.25,12.04
93470,11.33,29.62,12.04
93480,11.24,29.87,12.04
93490,11.15,29.93,12.04
93500,11.03,30.41,12.04
93510,10.92,30.43,12.04
93520,10.84,29.93,12.04
93530,10.74,30.37,12.04
93540,10.63,30.69,12.04
93550,10.51,30.85,12.04
93560,10.40,30.69,12.04
93570,10.30,30.76,12.04
93580,10.20,30.77,12.04
93590,10.09,30.87,12.04
93600,9.98,31.00,12.04
93610,9.88,30.96,12.04
93620,9.78,31.15,12.04
93630,9.69,30.74,12.04
93640,9.62,30.66,12.04
93650,9.53,31.05,12.04
93660,9.44,31.08,12.04
93670,9.36,30.92,12.04
93680,9.26,31.39,12.04
93690,9.17,31.21,12.04
93700,9.09,31.26,12.04
93710,9.00,31.33,12.04
93720,8.93,31.20,12.04
93730,8.85,31.30,12.04
93740,8.77,31.28,12.04
93750,8.71,31.14,12.04
93760,8.63,31.57,12.04
93770,8.57,31.13,12.04
93780,8.52,31.14,12.04
93790,8.47,31.14,12.04
93800,8.41,31.31,12.04
93810,8.37,31.03,12.04
93820,8.32,31.28,12.04
93830,8.27,31.27,12.04
93840,8.23,31.08,12.04
93850,8.21,30.99,12.04
93860,8.18,30.99,12.04
93870,8.16,30.92,12.04
93880,8.14,30.88,12.04
93890,8.13,30.82,12.04
93900,8.12,30.76,12.04
93910,8.11,30.78,12.04
93920,8.10,30.86,12.04
93930,8.09,30.89,12.04
93940,8.10,30.56,12.04
93950,8.11,30.50,12.04
93960,8.12,30.58,12.04
93970,8.13,30.42,12.04
93980,8.16,30.30,12.04
93990,8.17,30.45,12.04
94000,8.19,30.39,12.04
94010,8.23,30.17,12.04
94020,8.25,30.28,12.04
94030,8.28,30.32,12.04
94040,8.32,30.02,12.04
94050,8.36,30.05,12.04
94060,8.40,30.07,12.04
94070,8.45,29.83,12.04
94080,8.49,29.99,12.04
94090,8.53,29.96,12.04
94100,8.59,29.69,12.04
94110,8.65,29.62,12.04
94120,8.70,29.73,12.04
94130,8.75,29.85,12.04
94140,8.82,29.39,12.04
94150,8.88,29.57,12.04
94160,8.94,29.59,12.04
94170,9.01,29.26,12.04
94180,9.07,29.42,12.04
94190,9.14,29.39,12.04
94200,9.21,29.27,12.04
94210,9.28,29.27,12.04
94220,9.35,29.14,12.04
94230,9.41,29.46,12.04
94240,9.49,29.03,12.04
94250,9.56,29.14,12.04
94260,9.62,29.33,12.04
94270,9.68,29.23,12.04
94280,9.75,29.10,12.04
94290,9.83,28.99,12.04
94300,9.89,29.24,12.04
94310,9.96,28.99,12.04
94320,10.02,29.20,12.04
94330,10.09,28.84,12.04
94340,10.15,29.21,12.04
94350,10.21,29.02,12.04
94360,10.28,29.03,12.04
94370,10.34,29.06,12.04
94380,10.39,29.31,12.04
94390,10.45,28.97,12.04
94400,10.50,29.23,12.04
94410,10.57,28.80,12.04
94420,10.62,28.99,12.04
94430,10.67,29.26,12.04
94440,10.73,28.95,12.04
94450,10.78,29.12,12.04
94460,10.82,29.16,12.04
94470,10.86,29.36,12.04
94480,10.90,29.13,12.04
94490,10.96,28.91,12.04
94500,11.00,29.22,12.04
94510,11.03,29.39,12.04
94520,11.07,29.06,12.04
94530,11.11,29.23,12.04
94540,11.14,29.45,12.04
94550,11.17,29.24,12.04
94560,11.21,29.19,12.04
94570,11.25,28.99,12.04
94580,11.29,29.09,12.04
94590,11.32,29.36,12.04
94600,11.36,28.97,12.04
94610,11.39,29.38,12.04
94620,11.39,29.69,12.04
94630,11.42,29.27,12.04
94640,11.44,29.37,12.04
94650,11.44,29.80,12.04
94660,11.45,29.75,12.04
94670,11.45,29.75,12.04
94680,11.47,29.51,12.04
94690,11.47,29.84,12.04
94700,11.47,29.74,12.04
94710,11.49,29.50,12.04
94720,11.48,29.98,12.04
94730,11.50,29.47,12.04
94740,11.50,29.87,12.04
94750,11.49,29.98,12.04
94760,11.48,29.98,12.04
94770,11.47,29.99,12.04
94780,11.46,30.15,12.04
94790,11.46,29.87,12.04
94800,11.44,30.26,12.04
94810,11.45,29.71,12.04
94820,11.43,30.40,12.04
94830,11.43,29.87,12.04
94840,11.40,30.52,12.04
94850,11.40,29.95,12.04
94860,11.38,30.24,12.04
94870,11.37,30.20,12.04
94880,11.36,30.20,12.04
94890,11.35,30.13,12.04
94900,11.34,30.25,12.04
94910,11.33,30.15,12.04
94920,11.33,29.94,12.04
94930,11.31,30.48,12.04
94940,11.30,30.27,12.04
94950,11.30,29.97,12.04
94960,11.29,30.33,12.04
94970,11.27,30.32,12.04
94980,11.26,30.27,12.04
94990,11.26,30.12,12.04
95000,11.25,30.24,12.04
95010,11.25,30.05,12.04
95020,11.24,30.50,12.04
95030,11.23,30.25,12.04
95040,11.24,29.97,12.04
95050,11.24,30.06,12.04
95060,11.22,30.59,12.04
95070,11.21,30.33,12.04
95080,11.21,30.17,12.04
95090,11.21,30.02,12.04
95100,11.21,30.30,12.04
95110,11.21,30.10,12.04
95120,11.20,30.45,12.04
95130,11.19,30.32,12.04
95140,11.19,30.15,12.04
95150,11.21,29.89,12.04
95160,11.20,30.28,12.04
95170,11.20,30.30,12.04
95180,11.20,30.26,12.04
95190,11.20,30.12,12.04
95200,11.21,30.09,12.04
95210,11.22,30.05,12.04
95220,11.23,29.97,12.04
95230,11.22,30.44,12.04
95240,11.22,30.26,12.04
95250,11.22,30.11,12.04
95260,11.24,29.94,12.04
95270,11.24,30.16,12.04
95280,11.25,30.19,12.04
95290,11.25,30.09,12.04
95300,11.25,30.31,12.04
95310,11.25,30.25,12.04
95320,11.26,30.04,12.04
95330,11.28,29.98,12.04
95340,11.28,30.15,12.04
95350,11.28,30.23,12.04
95360,11.28,30.36,12.04
95370,11.28,30.28,12.04
95380,11.28,30.17,12.04
95390,11.28,30.29,12.04
95400,11.28,30.24,12.04
95410,11.29,30.25,12.04
95420,11.29,30.11,12.04
95430,11.30,30.23,12.04
95440,11.29,30.49,12.04
95450,11.28,30.38,12.04
95460,11.28,30.31,12.04
95470,11.29,30.16,12.04
95480,11.29,30.35,12.04
95490,11.30,30.19,12.04
95500,11.30,30.24,12.04
95510,11.30,30.34,12.04
95520,11.31,30.19,12.04
95530,11.30,30.50,12.04
95540,11.28,30.64,12.04
95550,11.29,30.31,12.04
95560,11.29,30.27,12.04
95570,11.29,30.33,12.04
95580,11.29,30.39,12.04
95590,11.29,30.35,12.04
95600,11.30,30.30,12.04
95610,11.30,30.31,12.04
95620,11.31,30.25,12.04
95630,11.31,30.40,12.04
95640,11.29,30.60,12.04
95650,11.29,30.49,12.04
95660,11.29,30.48,12.04
95670,11.29,30.43,12.04
95680,11.29,30.38,12.04
95690,11.29,30.39,12.04
95700,11.29,30.37,12.04
95710,11.29,30.37,12.04
95720,11.30,30.43,12.04
95730,11.29,30.46,12.04
95740,11.30,30.36,12.04
95750,11.31,30.23,12.04
95760,11.31,30.34,12.04
95770,11.32,30.34,12.04
95780,11.32,30.48,12.04
95790,11.31,30.53,12.04
95800,11.31,30.50,12.04
95810,11.31,30.42,12.04
95820,11.31,30.53,12.04
95830,11.31,30.49,12.04
95840,11.31,30.44,12.04
95850,11.31,30.54,12.04
95860,11.31,30.53,12.04
95870,11.31,30.38,12.04
95880,11.31,30.51,12.04
95890,11.31,30.55,12.04
95900,11.32,30.42,12.04
95910,11.32,30.36,12.04
95920,11.32,30.53,12.04
95930,11.32,30.49,12.04
95940,11.33,30.46,12.04
95950,11.33,30.57,12.04
95960,11.32,30.59,12.04
95970,11.33,30.44,12.04
95980,11.33,30.50,12.04
95990,11.33,30.54,12.04
96000,11.33,30.52,12.04
96010,11.33,79.06,95.31
96020,11.34,79.52,95.31
96030,11.35,79.87,95.31
96040,11.38,80.22,95.31
96050,11.41,80.65,95.31
96060,11.41,81.82,95.31
96070,11.43,81.80,95.31
96080,11.46,82.31,95.31
96090,11.51,82.57,95.31
96100,11.60,82.09,95.31
96110,11.71,82.28,95.31
96120,11.90,80.89,95.31
96130,12.24,78.50,95.31
96140,12.48,80.89,95.31
96150,12.92,77.14,95.31
96160,13.34,77.74,95.31
96170,13.83,76.82,95.31
96180,14.44,74.32,95.31
96190,15.15,72.66,95.31
96200,15.92,71.45,95.31
96210,16.74,70.61,95.31
96220,17.60,69.73,95.31
96230,18.54,68.09,95.31
96240,19.60,65.69,95.31
96250,20.76,63.38,95.31
96260,21.99,61.96,95.31
96270,23.22,61.50,95.31
96280,24.56,59.11,95.31
96290,26.01,56.59,95.31
96300,27.41,57.14,95.31
96310,28.97,53.51,95.31
96320,30.49,53.74,95.31
96330,32.16,50.37,95.31
96340,33.75,51.49,95.31
96350,35.51,47.45,95.31
96360,37.27,46.68,95.31
96370,39.00,46.70,95.31
96380,40.77,45.35,95.31
96390,42.59,43.62,95.31
96400,44.42,42.60,95.31
96410,46.27,41.50,95.31
96420,48.15,40.17,95.31
96430,50.04,39.16,95.31
96440,51.93,38.42,95.31
96450,53.82,37.63,95.31
96460,55.70,36.91,95.31
96470,57.58,36.06,95.31
96480,59.44,35.70,95.31
96490,61.30,34.83,95.31
96500,63.15,34.25,95.31
96510,64.97,33.89,95.31
96520,66.79,33.19,95.31
96530,68.58,32.82,95.31
96540,70.34,32.53,95.31
96550,72.07,32.30,95.31
96560,73.77,32.07,95.31
96570,75.45,31.75,95.31
96580,77.09,31.56,95.31
96590,78.71,31.28,95.31
96600,80.29,31.33,95.31
96610,81.82,31.27,95.31
96620,83.34,30.94,95.31
96630,84.81,30.98,95.31
96640,86.24,31.08,95.31
96650,87.63,31.24,95.31
96660,88.98,31.12,95.31
96670,90.28,31.44,95.31
96680,91.54,31.63,95.31
96690,92.76,31.76,95.31
96700,93.93,32.00,95.31
96710,95.06,32.12,95.31
96720,96.13,32.71,95.31
96730,97.18,32.70,95.31
96740,98.17,33.17,95.31
96750,99.11,33.44,95.31
96760,100.02,33.75,95.31
96770,100.88,34.11,95.31
96780,101.69,34.44,95.31
96790,102.47,34.74,95.31
96800,103.19,35.42,95.31
96810,103.88,35.59,95.31
96820,104.52,36.11,95.31
96830,105.12,36.50,95.31
96840,105.68,37.02,95.31
96850,106.20,37.42,95.31
96860,106.67,37.93,95.31
96870,107.11,38.33,95.31
96880,107.50,38.98,95.31
96890,107.82,40.04,95.31
96900,108.11,40.58,95.31
96910,108.35,41.23,95.31
96920,108.56,41.57,95.31
96930,108.73,42.19,95.31
96940,108.87,42.82,95.31
96950,108.97,43.24,95.31
96960,109.05,43.57,95.31
96970,109.11,43.94,95.31
96980,109.13,44.53,95.31
96990,109.11,45.18,95.31
97000,109.07,45.73,95.31
97010,108.99,46.26,95.31
97020,108.89,46.75,95.31
97030,108.77,47.09,95.31
97040,108.64,47.42,95.31
97050,108.48,47.77,95.31
97060,108.31,48.23,95.31
97070,108.10,48.95,95.31
97080,107.88,49.07,95.31
97090,107.65,49.47,95.31
97100,107.39,50.20,95.31
97110,107.12,50.35,95.31
97120,106.83,50.95,95.31
97130,106.52,51.39,95.31
97140,106.20,51.61,95.31
97150,105.86,52.26,95.31
97160,105.52,52.26,95.31
97170,105.17,52.80,95.31
97180,104.82,52.86,95.31
97190,104.45,53.32,95.31
97200,104.07,53.79,95.31
97210,103.70,53.72,95.31
97220,103.30,54.37,95.31
97230,102.90,54.69,95.31
97240,102.52,54.41,95.31
97250,102.11,55.14,95.31
97260,101.70,55.40,95.31
97270,101.31,55.18,95.31
97280,100.93,55.31,95.31
97290,100.52,55.91,95.31
97300,100.10,56.34,95.31
97310,99.69,56.41,95.31
97320,99.29,56.36,95.31
97330,98.90,56.47,95.31
97340,98.50,56.83,95.31
97350,98.09,57.16,95.31
97360,97.68,57.53,95.31
97370,97.27,57.73,95.31
97380,96.86,57.76,95.31
97390,96.47,57.75,95.31
97400,96.08,57.89,95.31
97410,95.71,57.88,95.31
97420,95.34,57.94,95.31
97430,94.98,57.96,95.31
97440,94.63,57.98,95.31
97450,94.28,58.00,95.31
97460,93.95,58.04,95.31
97470,93.62,58.18,95.31
97480,93.30,58.19,95.31
97490,92.99,58.27,95.31
97500,92.68,58.29,95.31
97510,92.38,58.37,95.31
97520,92.08,58.43,95.31
97530,91.80,58.45,95.31
97540,91.52,58.56,95.31
97550,91.25,58.51,95.31
97560,90.98,58.57,95.31
97570,90.72,58.70,95.31
97580,90.47,58.60,95.31
97590,90.23,58.63,95.31
97600,90.00,58.55,95.31
97610,89.80,58.32,95.31
97620,89.60,58.25,95.31
97630,89.41,58.10,95.31
97640,89.25,57.85,95.31
97650,89.09,57.90,95.31
97660,88.95,57.66,95.31
97670,88.82,57.58,95.31
97680,88.69,57.59,95.31
97690,88.58,57.36,95.31
97700,88.47,57.41,95.31
97710,88.37,57.51,95.31
97720,88.27,57.36,95.31
97730,88.18,57.44,95.31
97740,88.10,57.30,95.31
97750,88.03,57.21,95.31
97760,87.96,57.25,95.31
97770,87.91,56.96,95.31
97780,87.86,57.03,95.31
97790,87.81,57.01,95.31
97800,87.78,56.84,95.31
97810,87.74,56.92,95.31
97820,87.72,56.71,95.31
97830,87.71,56.66,95.31
97840,87.70,56.52,95.31
97850,87.70,56.41,95.31
97860,87.72,56.26,95.31
97870,87.73,56.23,95.31
97880,87.76,56.05,95.31
97890,87.79,56.00,95.31
97900,87.83,55.89,95.31
97910,87.87,55.78,95.31
97920,87.93,55.58,95.31
97930,87.99,55.49,95.31
97940,88.06,55.25,95.31
97950,88.13,55.24,95.31
97960,88.21,55.20,95.31
97970,88.29,55.12,95.31
97980,88.35,55.39,95.31
97990,88.43,55.23,95.31
98000,88.50,55.33,95.31
98010,88.56,55.50,95.31
98020,88.63,55.28,95.31
98030,88.71,55.30,95.31
98040,88.79,55.13,95.31
98050,88.88,54.89,95.31
98060,88.97,54.92,95.31
98070,89.06,54.80,95.31
98080,89.16,54.80,95.31
98090,89.25,54.82,95.31
98100,89.34,54.84,95.31
98110,89.42,55.00,95.31
98120,89.51,54.97,95.31
98130,89.60,54.73,95.31
98140,89.70,54.73,95.31
98150,89.80,54.49,95.31
98160,89.90,54.67,95.31
98170,89.99,54.77,95.31
98180,90.07,54.85,95.31
98190,90.15,54.88,95.31
98200,90.24,54.83,95.31
98210,90.33,54.67,95.31
98220,90.43,54.53,95.31
98230,90.52,54.52,95.31
98240,90.61,54.62,95.31
98250,90.70,54.74,95.31
98260,90.77,54.87,95.31
98270,90.86,54.71,95.31
98280,90.94,54.59,95.31
98290,91.04,54.49,95.31
98300,91.13,54.51,95.31
98310,91.21,54.70,95.31
98320,91.29,54.53,95.31
98330,91.37,54.70,95.31
98340,91.44,54.80,95.31
98350,91.51,54.75,95.31
98360,91.59,54.69,95.31
98370,91.66,54.84,95.31
98380,91.72,54.89,95.31
98390,91.79,54.79,95.31
98400,91.87,54.53,95.31
98410,91.95,54.43,95.31
98420,92.02,54.64,95.31
98430,92.09,54.80,95.31
98440,92.14,54.98,95.31
98450,92.20,54.93,95.31
98460,92.26,54.67,95.31
98470,92.34,54.53,95.31
98480,92.40,54.75,95.31
98490,92.46,54.87,95.31
98500,92.50,55.08,95.31
98510,92.54,55.07,95.31
98520,92.60,54.75,95.31
98530,92.66,54.76,95.31
98540,92.73,54.59,95.31
98550,92.79,54.69,95.31
98560,92.83,55.04,95.31
98570,92.87,55.10,95.31
98580,92.91,55.03,95.31
98590,92.96,54.95,95.31
98600,93.01,54.70,95.31
98610,93.07,54.69,95.31
98620,93.12,54.85,95.31
98630,93.16,54.99,95.31
98640,93.19,55.11,95.31
98650,93.22,55.16,95.31
98660,93.26,55.03,95.31
98670,93.31,54.81,95.31
98680,93.36,54.82,95.31
98690,93.40,54.87,95.31
98700,93.43,55.11,95.31
98710,93.45,55.26,95.31
98720,93.48,55.22,95.31
98730,93.51,55.18,95.31
98740,93.54,55.06,95.31
98750,93.58,54.87,95.31
98760,93.63,54.80,95.31
98770,93.67,54.90,95.31
98780,93.70,55.10,95.31
98790,93.71,55.32,95.31
98800,93.74,55.23,95.31
98810,93.77,55.05,95.31
98820,93.80,54.92,95.31
98830,93.84,54.83,95.31
98840,93.88,54.99,95.31
98850,93.90,55.06,95.31
98860,93.92,55.26,95.31
98870,93.93,55.41,95.31
98880,93.95,55.28,95.31
98890,93.97,55.16,95.31
98900,94.01,54.99,95.31
98910,94.04,54.85,95.31
98920,94.07,55.05,95.31
98930,94.09,55.16,95.31
98940,94.10,55.31,95.31
98950,94.11,55.42,95.31
98960,94.13,55.17,95.31
98970,94.16,55.06,95.31
98980,94.19,55.07,95.31
98990,94.21,55.06,95.31
99000,94.22,55.34,95.31
99010,94.23,55.48,95.31
99020,94.23,55.48,95.31
99030,94.23,55.52,95.31
99040,94.25,55.29,95.31
99050,94.27,55.13,95.31
99060,94.30,55.07,95.31
99070,94.32,55.13,95.31
99080,94.33,55.36,95.31
99090,94.33,55.52,95.31
99100,94.33,55.57,95.31
99110,94.33,55.59,95.31
99120,94.34,55.38,95.31
99130,94.36,55.10,95.31
99140,94.38,55.18,95.31
99150,94.40,55.26,95.31
99160,94.41,55.37,95.31
99170,94.41,55.56,95.31
99180,94.41,55.59,95.31
99190,94.41,55.55,95.31
99200,94.42,55.42,95.31
99210,94.43,55.27,95.31
99220,94.45,55.20,95.31
99230,94.47,55.32,95.31
99240,94.48,55.31,95.31
99250,94.48,55.56,95.31
99260,94.47,55.71,95.31
99270,94.47,55.59,95.31
99280,94.47,55.56,95.31
99290,94.48,55.40,95.31
99300,94.50,55.22,95.31
99310,94.52,55.24,95.31
99320,94.54,55.20,95.31
99330,94.56,55.25,95.31
99340,94.56,55.48,95.31
99350,94.56,55.48,95.31
99360,94.57,55.57,95.31
99370,94.57,55.59,95.31
99380,94.58,55.26,95.31
99390,94.60,55.20,95.31
99400,94.62,55.20,95.31
99410,94.64,55.24,95.31
99420,94.65,55.21,95.31
99430,94.66,55.41,95.31
99440,94.66,55.55,95.31
99450,94.66,55.53,95.31
99460,94.67,55.51,95.31
99470,94.68,55.22,95.31
99480,94.71,55.12,95.31
99490,94.72,55.16,95.31
99500,94.75,55.08,95.31
99510,94.76,55.26,95.31
99520,94.76,55.48,95.31
99530,94.77,55.48,95.31
99540,94.77,55.49,95.31
99550,94.78,55.37,95.31
99560,94.80,55.11,95.31
99570,94.81,55.40,95.31
99580,94.82,55.24,95.31
99590,94.84,55.12,95.31
99600,94.85,55.23,95.31
99610,94.87,55.26,95.31
99620,94.87,55.39,95.31
99630,94.88,55.28,95.31
99640,94.90,55.12,95.31
99650,94.92,55.09,95.31
99660,94.94,55.12,95.31
99670,94.95,55.25,95.31
99680,94.95,55.54,95.31
99690,94.95,55.56,95.31
99700,94.95,55.44,95.31
99710,94.95,55.40,95.31
99720,94.97,55.12,95.31
99730,94.99,55.07,95.31
99740,95.00,55.16,95.31
99750,95.02,55.20,95.31
99760,95.02,55.41,95.31
99770,95.02,55.54,95.31
99780,95.01,55.49,95.31
99790,95.02,55.40,95.31
99800,95.03,55.23,95.31
99810,95.05,55.07,95.31
99820,95.06,55.22,95.31
99830,95.07,55.24,95.31
99840,95.07,55.36,95.31
99850,95.07,55.60,95.31
99860,95.06,55.56,95.31
99870,95.06,55.50,95.31
99880,95.06,55.32,95.31
99890,95.08,55.07,95.31
99900,95.10,55.17,95.31
99910,95.10,55.30,95.31
99920,95.10,55.43,95.31
99930,95.09,55.63,95.31
99940,95.09,55.56,95.31
99950,95.09,55.47,95.31
99960,95.09,55.36,95.31
99970,95.10,55.20,95.31
99980,95.11,55.25,95.31
99990,95.12,55.37,95.31
100000,95.11,55.54,95.31
100010,95.10,14.93,25.25
100020,95.09,14.40,25.25
100030,95.08,13.78,25.25
100040,95.09,13.00,25.25
100050,95.05,13.80,25.25
100060,95.01,13.03,25.25
100070,94.96,12.92,25.25
100080,94.88,13.20,25.25
100090,94.77,13.28,25.25
100100,94.61,13.93,25.25
100110,94.42,14.27,25.25
100120,94.18,14.78,25.25
100130,93.89,15.50,25.25
100140,93.57,16.00,25.25
100150,93.20,16.61,25.25
100160,92.77,17.72,25.25
100170,92.30,18.39,25.25
100180,91.78,19.12,25.25
100190,91.22,19.76,25.25
100200,90.63,20.45,25.25
100210,89.99,21.17,25.25
100220,89.31,22.06,25.25
100230,88.60,22.75,25.25
100240,87.82,23.93,25.25
100250,87.01,24.74,25.25
100260,86.15,25.86,25.25
100270,85.25,26.72,25.25
100280,84.31,27.65,25.25
100290,83.33,28.75,25.25
100300,82.31,29.58,25.25
100310,81.25,30.82,25.25
100320,80.16,31.62,25.25
100330,79.02,32.85,25.25
100340,77.83,34.12,25.25
100350,76.62,34.99,25.25
100360,75.35,36.54,25.25
100370,74.05,37.70,25.25
100380,72.73,38.39,25.25
100390,71.38,39.55,25.25
100400,69.99,40.83,25.25
100410,68.57,41.78,25.25
100420,67.13,42.92,25.25
100430,65.66,44.17,25.25
100440,64.17,45.06,25.25
100450,62.63,46.60,25.25
100460,61.09,47.46,25.25
100470,59.53,48.38,25.25
100480,57.97,49.15,25.25
100490,56.40,50.00,25.25
100500,54.81,51.05,25.25
100510,53.21,52.15,25.25
100520,51.59,53.08,25.25
100530,49.96,54.15,25.25
100540,48.34,54.93,25.25
100550,46.71,55.59,25.25
100560,45.09,56.42,25.25
100570,43.49,56.86,25.25
100580,41.88,57.64,25.25
100590,40.29,58.26,25.25
100600,38.74,58.27,25.25
100610,37.19,58.99,25.25
100620,35.65,59.55,25.25
100630,34.14,59.85,25.25
100640,32.68,59.68,25.25
100650,31.28,59.25,25.25
100660,29.91,59.25,25.25
100670,28.59,59.15,25.25
100680,27.31,59.00,25.25
100690,26.07,58.91,25.25
100700,24.87,58.84,25.25
100710,23.72,58.56,25.25
100720,22.60,58.48,25.25
100730,21.54,58.14,25.25
100740,20.49,58.26,25.25
100750,19.50,57.98,25.25
100760,18.53,57.89,25.25
100770,17.61,57.79,25.25
100780,16.73,57.26,25.25
100790,15.90,56.94,25.25
100800,15.12,56.46,25.25
100810,14.40,55.77,25.25
100820,13.73,55.13,25.25
100830,13.17,53.54,25.25
100840,12.64,53.03,25.25
100850,12.17,52.49,25.25
100860,11.74,51.79,25.25
100870,11.36,51.14,25.25
100880,10.99,51.43,25.25
100890,10.67,50.55,25.25
100900,10.41,49.67,25.25
100910,10.20,48.83,25.25
100920,10.04,47.96,25.25
100930,9.92,47.41,25.25
100940,9.83,47.00,25.25
100950,9.79,46.09,25.25
100960,9.82,44.86,25.25
100970,9.86,44.50,25.25
100980,9.94,44.02,25.25
100990,10.07,42.94,25.25
101000,10.21,42.78,25.25
101010,10.39,41.83,25.25
101020,10.59,41.51,25.25
101030,10.83,40.70,25.25
101040,11.11,39.92,25.25
101050,11.40,39.55,25.25
101060,11.72,38.93,25.25
101070,12.07,38.09,25.25
101080,12.43,37.74,25.25
101090,12.80,37.57,25.25
101100,13.18,37.20,25.25
101110,13.56,36.87,25.25
101120,13.97,36.29,25.25
101130,14.38,36.09,25.25
101140,14.81,35.57,25.25
101150,15.24,35.38,25.25
101160,15.67,35.12,25.25
101170,16.11,34.67,25.25
101180,16.58,33.88,25.25
101190,17.08,33.18,25.25
101200,17.58,32.82,25.25
101210,18.06,33.07,25.25
101220,18.55,32.70,25.25
101230,19.05,32.15,25.25
101240,19.53,32.15,25.25
101250,20.02,31.92,25.25
101260,20.50,31.87,25.25
101270,20.98,31.57,25.25
101280,21.46,31.23,25.25
101290,21.93,31.39,25.25
101300,22.40,31.03,25.25
101310,22.85,31.06,25.25
101320,23.31,30.71,25.25
101330,23.75,30.88,25.25
101340,24.20,30.57,25.25
101350,24.63,30.57,25.25
101360,25.04,30.63,25.25
101370,25.47,30.24,25.25
101380,25.86,30.57,25.25
101390,26.26,30.39,25.25
101400,26.63,30.49,25.25
101410,27.00,30.49,25.25
101420,27.36,30.40,25.25
101430,27.69,30.67,25.25
101440,28.02,30.60,25.25
101450,28.34,30.55,25.25
101460,28.64,30.69,25.25
101470,28.93,30.72,25.25
101480,29.21,30.79,25.25
101490,29.47,31.08,25.25
101500,29.72,30.95,25.25
101510,29.96,31.18,25.25
101520,30.18,31.28,25.25
101530,30.38,31.46,25.25
101540,30.57,31.58,25.25
101550,30.74,31.90,25.25
101560,30.90,31.98,25.25
101570,31.04,32.16,25.25
101580,31.17,32.27,25.25
101590,31.29,32.40,25.25
101600,31.40,32.59,25.25
101610,31.49,32.81,25.25
101620,31.56,33.06,25.25
101630,31.61,33.55,25.25
101640,31.64,33.65,25.25
101650,31.67,33.86,25.25
101660,31.68,34.07,25.25
101670,31.68,34.22,25.25
101680,31.65,34.67,25.25
101690,31.63,34.75,25.25
101700,31.58,35.04,25.25
101710,31.52,35.38,25.25
101720,31.46,35.31,25.25
101730,31.37,35.93,25.25
101740,31.28,36.05,25.25
101750,31.17,36.31,25.25
101760,31.06,36.41,25.25
101770,30.93,36.92,25.25
101780,30.81,36.78,25.25
101790,30.66,37.36,25.25
101800,30.51,37.36,25.25
101810,30.34,37.74,25.25
101820,30.18,37.85,25.25
101830,30.01,37.97,25.25
101840,29.82,38.50,25.25
101850,29.62,38.58,25.25
101860,29.43,38.78,25.25
101870,29.22,39.12,25.25
101880,29.02,39.06,25.25
101890,28.81,39.31,25.25
101900,28.58,39.80,25.25
101910,28.35,39.77,25.25
101920,28.14,39.74,25.25
101930,27.90,40.31,25.25
101940,27.65,40.65,25.25
101950,27.42,40.40,25.25
101960,27.21,40.22,25.25
101970,26.99,40.33,25.25
101980,26.76,40.76,25.25
101990,26.52,41.03,25.25
102000,26.28,41.19,25.25
102010,26.05,41.17,25.25
102020,25.83,41.09,25.25
102030,25.63,40.87,25.25
102040,25.43,40.78,25.25
102050,25.24,40.89,25.25
102060,25.02,41.40,25.25
102070,24.81,41.61,25.25
102080,24.58,41.97,25.25
102090,24.37,41.61,25.25
102100,24.16,41.88,25.25
102110,23.95,42.06,25.25
102120,23.73,42.21,25.25
102130,23.52,42.20,25.25
102140,23.34,41.76,25.25
102150,23.17,41.62,25.25
102160,23.02,41.48,25.25
102170,22.87,41.52,25.25
102180,22.72,41.55,25.25
102190,22.58,41.45,25.25
102200,22.44,41.53,25.25
102210,22.31,41.50,25.25
102220,22.19,41.42,25.25
102230,22.07,41.31,25.25
102240,21.96,41.42,25.25
102250,21.85,41.37,25.25
102260,21.77,40.92,25.25
102270,21.69,40.99,25.25
102280,21.62,40.79,25.25
102290,21.55,40.75,25.25
102300,21.51,40.37,25.25
102310,21.48,40.13,25.25
102320,21.47,39.88,25.25
102330,21.47,39.68,25.25
102340,21.47,39.54,25.25
102350,21.50,39.14,25.25
102360,21.53,39.04,25.25
102370,21.57,38.83,25.25
102380,21.62,38.68,25.25
102390,21.68,38.43,25.25
102400,21.74,38.44,25.25
102410,21.82,38.08,25.25
102420,21.90,38.09,25.25
102430,21.98,37.90,25.25
102440,22.06,38.04,25.25
102450,22.14,37.76,25.25
102460,22.22,37.93,25.25
102470,22.29,38.17,25.25
102480,22.36,37.92,25.25
102490,22.42,38.41,25.25
102500,22.47,38.40,25.25
102510,22.53,38.08,25.25
102520,22.61,37.85,25.25
102530,22.70,37.49,25.25
102540,22.82,37.05,25.25
102550,22.95,36.50,25.25
102560,23.10,36.22,25.25
102570,23.22,36.66,25.25
102580,23.33,36.94,25.25
102590,23.42,37.28,25.25
102600,23.49,37.55,25.25
102610,23.58,37.12,25.25
102620,23.69,36.58,25.25
102630,23.82,36.22,25.25
102640,23.94,36.43,25.25
102650,24.03,36.93,25.25
102660,24.12,37.02,25.25
102670,24.21,36.77,25.25
102680,24.33,36.23,25.25
102690,24.46,35.88,25.25
102700,24.58,36.08,25.25
102710,24.68,36.34,25.25
102720,24.79,36.16,25.25
102730,24.91,35.83,25.25
102740,25.02,35.88,25.25
102750,25.13,36.11,25.25
102760,25.22,36.19,25.25
102770,25.32,36.04,25.25
102780,25.41,36.16,25.25
102790,25.49,36.41,25.25
102800,25.55,36.59,25.25
102810,25.63,36.27,25.25
102820,25.73,35.82,25.25
102830,25.81,35.97,25.25
102840,25.87,36.56,25.25
102850,25.92,36.77,25.25
102860,25.99,36.20,25.25
102870,26.06,36.16,25.25
102880,26.11,36.50,25.25
102890,26.16,36.47,25.25
102900,26.21,36.53,25.25
102910,26.25,36.58,25.25
102920,26.29,36.69,25.25
102930,26.33,36.52,25.25
102940,26.37,36.50,25.25
102950,26.39,36.99,25.25
102960,26.39,37.19,25.25
102970,26.42,36.85,25.25
102980,26.46,36.40,25.25
102990,26.48,36.88,25.25
103000,26.46,37.61,25.25
103010,26.45,37.36,25.25
103020,26.46,37.07,25.25
103030,26.46,37.24,25.25
103040,26.46,37.27,25.25
103050,26.45,37.26,25.25
103060,26.45,37.24,25.25
103070,26.43,37.56,25.25
103080,26.41,37.77,25.25
103090,26.37,37.97,25.25
103100,26.35,37.70,25.25
103110,26.32,37.71,25.25
103120,26.30,37.71,25.25
103130,26.26,37.97,25.25
103140,26.24,37.81,25.25
103150,26.22,37.51,25.25
103160,26.20,37.72,25.25
103170,26.17,37.90,25.25
103180,26.13,38.04,25.25
103190,26.11,37.74,25.25
103200,26.10,37.61,25.25
103210,26.07,37.86,25.25
103220,26.02,38.25,25.25
103230,25.97,38.37,25.25
103240,25.95,37.89,25.25
103250,25.94,37.56,25.25
103260,25.92,37.84,25.25
103270,25.87,38.32,25.25
103280,25.82,38.44,25.25
103290,25.78,38.29,25.25
103300,25.74,38.26,25.25
103310,25.72,37.82,25.25
103320,25.72,37.55,25.25
103330,25.69,38.11,25.25
103340,25.65,38.32,25.25
103350,25.63,37.95,25.25
103360,25.60,37.96,25.25
103370,25.56,38.40,25.25
103380,25.51,38.62,25.25
103390,25.46,38.58,25.25
103400,25.43,38.25,25.25
103410,25.42,37.86,25.25
103420,25.40,37.99,25.25
103430,25.36,38.41,25.25
103440,25.31,38.70,25.25
103450,25.27,38.67,25.25
103460,25.24,38.33,25.25
103470,25.22,38.02,25.25
103480,25.21,37.93,25.25
103490,25.20,38.05,25.25
103500,25.17,38.45,25.25
103510,25.13,38.58,25.25
103520,25.09,38.48,25.25
103530,25.09,37.92,25.25
103540,25.10,37.54,25.25
103550,25.12,37.52,25.25
103560,25.12,37.74,25.25
103570,25.11,38.05,25.25
103580,25.09,38.22,25.25
103590,25.09,37.93,25.25
103600,25.10,37.56,25.25
103610,25.13,37.22,25.25
103620,25.14,37.61,25.25
103630,25.12,38.10,25.25
103640,25.10,38.22,25.25
103650,25.09,38.08,25.25
103660,25.10,37.76,25.25
103670,25.11,37.56,25.25
103680,25.12,37.56,25.25
103690,25.12,37.83,25.25
103700,25.10,38.22,25.25
103710,25.08,38.30,25.25
103720,25.08,37.81,25.25
103730,25.09,37.62,25.25
103740,25.11,37.53,25.25
103750,25.11,37.77,25.25
103760,25.09,38.33,25.25
103770,25.06,38.32,25.25
103780,25.07,37.83,25.25
103790,25.08,37.57,25.25
103800,25.09,37.57,25.25
103810,25.10,37.74,25.25
103820,25.09,38.06,25.25
103830,25.06,38.37,25.25
103840,25.06,37.99,25.25
103850,25.06,37.76,25.25
103860,25.08,37.58,25.25
103870,25.09,37.69,25.25
103880,25.07,38.13,25.25
103890,25.05,38.34,25.25
103900,25.04,38.09,25.25
103910,25.04,37.85,25.25
103920,25.06,37.56,25.25
103930,25.07,37.67,25.25
103940,25.05,38.23,25.25
103950,25.03,38.43,25.25
103960,25.01,38.31,25.25
103970,25.01,37.92,25.25
103980,25.02,37.70,25.25
103990,25.03,37.74,25.25
104000,25.01,38.28,25.25
104010,24.99,60.78,63.63
104020,24.97,60.79,63.63
104030,24.97,60.85,63.63
104040,24.99,60.62,63.63
104050,24.99,61.39,63.63
104060,25.02,61.07,63.63
104070,25.03,61.47,63.63
104080,25.08,61.16,63.63
104090,25.12,61.50,63.63
104100,25.18,61.31,63.63
104110,25.28,60.65,63.63
104120,25.41,60.18,63.63
104130,25.58,59.70,63.63
104140,25.78,59.23,63.63
104150,26.00,58.74,63.63
104160,26.27,58.14,63.63
104170,26.56,57.57,63.63
104180,26.90,56.71,63.63
104190,27.27,56.13,63.63
104200,27.67,55.61,63.63
104210,28.09,55.14,63.63
104220,28.54,54.43,63.63
104230,29.02,53.89,63.63
104240,29.54,53.03,63.63
104250,30.09,52.35,63.63
104260,30.68,51.40,63.63
104270,31.29,50.67,63.63
104280,31.94,49.98,63.63
104290,32.62,49.15,63.63
104300,33.33,48.32,63.63
104310,34.05,47.76,63.63
104320,34.79,47.28,63.63
104330,35.54,46.67,63.63
104340,36.33,45.85,63.63
104350,37.14,45.01,63.63
104360,37.95,44.63,63.63
104370,38.78,44.09,63.63
104380,39.62,43.44,63.63
104390,40.45,43.33,63.63
104400,41.30,42.66,63.63
104410,42.15,42.31,63.63
104420,43.01,41.77,63.63
104430,43.85,41.64,63.63
104440,44.70,41.21,63.63
104450,45.55,40.83,63.63
104460,46.40,40.66,63.63
104470,47.23,40.49,63.63
104480,48.06,40.02,63.63
104490,48.89,39.76,63.63
104500,49.70,39.65,63.63
104510,50.50,39.70,63.63
104520,51.27,39.72,63.63
104530,52.05,39.43,63.63
104540,52.80,39.43,63.63
104550,53.54,39.32,63.63
104560,54.26,39.31,63.63
104570,54.96,39.44,63.63
104580,55.66,39.17,63.63
104590,56.34,39.06,63.63
104600,57.00,39.20,63.63
104610,57.64,39.30,63.63
104620,58.26,39.48,63.63
104630,58.85,39.55,63.63
104640,59.42,39.70,63.63
104650,59.97,39.86,63.63
104660,60.51,39.97,63.63
104670,61.01,40.13,63.63
104680,61.50,40.24,63.63
104690,61.97,40.52,63.63
104700,62.41,40.67,63.63
104710,62.83,40.95,63.63
104720,63.22,41.09,63.63
104730,63.60,41.36,63.63
104740,63.95,41.67,63.63
104750,64.28,41.89,63.63
104760,64.58,42.28,63.63
104770,64.86,42.47,63.63
104780,65.12,42.75,63.63
104790,65.35,43.15,63.63
104800,65.56,43.53,63.63
104810,65.74,43.78,63.63
104820,65.91,44.19,63.63
104830,66.04,44.57,63.63
104840,66.16,44.95,63.63
104850,66.25,45.40,63.63
104860,66.32,45.73,63.63
104870,66.37,46.03,63.63
104880,66.41,46.30,63.63
104890,66.43,46.69,63.63
104900,66.43,46.91,63.63
104910,66.41,47.31,63.63
104920,66.38,47.70,63.63
104930,66.33,48.04,63.63
104940,66.27,48.17,63.63
104950,66.18,48.75,63.63
104960,66.09,49.02,63.63
104970,65.98,49.34,63.63
104980,65.86,49.57,63.63
104990,65.72,49.88,63.63
105000,65.59,50.05,63.63
105010,65.43,50.55,63.63
105020,65.27,50.72,63.63
105030,65.09,51.05,63.63
105040,64.91,51.39,63.63
105050,64.73,51.40,63.63
105060,64.54,51.59,63.63
105070,64.35,51.72,63.63
105080,64.15,52.05,63.63
105090,63.95,52.35,63.63
105100,63.75,52.12,63.63
105110,63.55,52.60,63.63
105120,63.35,52.46,63.63
105130,63.16,52.51,63.63
105140,62.95,52.89,63.63
105150,62.76,52.67,63.63
105160,62.57,52.96,63.63
105170,62.36,53.15,63.63
105180,62.19,52.78,63.63
105190,61.99,53.27,63.63
105200,61.80,53.32,63.63
105210,61.63,53.07,63.63
105220,61.45,53.32,63.63
105230,61.26,53.55,63.63
105240,61.09,53.49,63.63
105250,60.93,53.30,63.63
105260,60.76,53.53,63.63
105270,60.58,53.82,63.63
105280,60.43,53.52,63.63
105290,60.29,53.39,63.63
105300,60.14,53.55,63.63
105310,60.00,53.56,63.63
105320,59.87,53.37,63.63
105330,59.75,53.29,63.63
105340,59.63,53.41,63.63
105350,59.52,53.50,63.63
105360,59.41,53.34,63.63
105370,59.32,53.08,63.63
105380,59.24,53.03,63.63
105390,59.15,53.19,63.63
105400,59.07,53.11,63.63
105410,59.01,52.74,63.63
105420,58.96,52.66,63.63
105430,58.91,52.83,63.63
105440,58.86,52.82,63.63
105450,58.82,52.60,63.63
105460,58.79,52.38,63.63
105470,58.77,52.37,63.63
105480,58.75,52.34,63.63
105490,58.75,52.10,63.63
105500,58.75,51.95,63.63
105510,58.74,52.23,63.63
105520,58.74,52.22,63.63
105530,58.75,51.76,63.63
105540,58.78,51.69,63.63
105550,58.79,51.93,63.63
105560,58.81,51.75,63.63
105570,58.84,51.61,63.63
105580,58.87,51.54,63.63
105590,58.92,51.39,63.63
105600,58.95,51.54,63.63
105610,58.99,51.39,63.63
105620,59.03,51.45,63.63
105630,59.07,51.44,63.63
105640,59.12,51.37,63.63
105650,59.16,51.34,63.63
105660,59.21,51.30,63.63
105670,59.26,51.25,63.63
105680,59.31,51.21,63.63
105690,59.36,51.29,63.63
105700,59.43,51.02,63.63
105710,59.48,51.23,63.63
105720,59.54,50.97,63.63
105730,59.60,51.04,63.63
105740,59.66,50.92,63.63
105750,59.73,50.92,63.63
105760,59.80,50.80,63.63
105770,59.87,50.85,63.63
105780,59.93,50.87,63.63
105790,60.00,50.87,63.63
105800,60.08,50.52,63.63
105810,60.14,50.78,63.63
105820,60.22,50.62,63.63
105830,60.29,50.57,63.63
105840,60.36,50.77,63.63
105850,60.43,50.60,63.63
105860,60.50,50.69,63.63
105870,60.56,50.72,63.63
105880,60.64,50.47,63.63
105890,60.70,50.78,63.63
105900,60.76,50.60,63.63
105910,60.83,50.69,63.63
105920,60.88,50.85,63.63
105930,60.95,50.59,63.63
105940,61.00,50.79,63.63
105950,61.05,50.90,63.63
105960,61.11,50.69,63.63
105970,61.15,51.09,63.63
105980,61.20,50.75,63.63
105990,61.24,50.95,63.63
106000,61.28,51.07,63.63
106010,61.33,50.89,63.63
106020,61.37,50.99,63.63
106030,61.40,51.07,63.63
106040,61.45,50.85,63.63
106050,61.48,51.22,63.63
106060,61.52,50.97,63.63
106070,61.56,51.06,63.63
106080,61.59,51.05,63.63
106090,61.63,50.96,63.63
106100,61.66,51.10,63.63
106110,61.69,51.11,63.63
106120,61.73,50.93,63.63
106130,61.76,51.22,63.63
106140,61.80,51.00,63.63
106150,61.83,51.10,63.63
106160,61.85,51.17,63.63
106170,61.88,51.08,63.63
106180,61.91,51.15,63.63
106190,61.94,51.21,63.63
106200,61.96,51.14,63.63
106210,61.99,51.10,63.63
106220,62.01,51.37,63.63
106230,62.04,51.06,63.63
106240,62.05,51.46,63.63
106250,62.07,51.25,63.63
106260,62.09,51.27,63.63
106270,62.10,51.43,63.63
106280,62.12,51.35,63.63
106290,62.14,51.34,63.63
106300,62.15,51.51,63.63
106310,62.15,51.56,63.63
106320,62.17,51.31,63.63
106330,62.17,51.86,63.63
106340,62.18,51.44,63.63
106350,62.19,51.58,63.63
106360,62.19,51.73,63.63
106370,62.20,51.40,63.63
106380,62.20,51.70,63.63
106390,62.21,51.65,63.63
106400,62.22,51.49,63.63
106410,62.22,51.70,63.63
106420,62.23,51.61,63.63
106430,62.24,51.52,63.63
106440,62.25,51.53,63.63
106450,62.26,51.64,63.63
106460,62.26,51.70,63.63
106470,62.28,51.46,63.63
106480,62.28,51.68,63.63
106490,62.30,51.51,63.63
106500,62.32,51.38,63.63
106510,62.32,51.82,63.63
106520,62.33,51.42,63.63
106530,62.35,51.54,63.63
106540,62.35,51.78,63.63
106550,62.37,51.37,63.63
106560,62.38,51.47,63.63
106570,62.38,51.83,63.63
106580,62.41,51.34,63.63
106590,62.41,51.67,63.63
106600,62.42,51.60,63.63
106610,62.44,51.43,63.63
106620,62.45,51.59,63.63
106630,62.46,51.68,63.63
106640,62.47,51.58,63.63
106650,62.48,51.63,63.63
106660,62.48,51.67,63.63
106670,62.49,51.80,63.63
106680,62.50,51.53,63.63
106690,62.50,51.82,63.63
106700,62.51,51.72,63.63
106710,62.52,51.55,63.63
106720,62.52,51.72,63.63
106730,62.53,51.81,63.63
106740,62.54,51.61,63.63
106750,62.54,51.84,63.63
106760,62.54,51.78,63.63
106770,62.55,51.64,63.63
106780,62.55,51.89,63.63
106790,62.55,51.83,63.63
106800,62.56,51.69,63.63
106810,62.56,51.93,63.63
106820,62.56,51.78,63.63
106830,62.57,51.66,63.63
106840,62.57,51.91,63.63
106850,62.58,51.77,63.63
106860,62.58,51.80,63.63
106870,62.59,51.83,63.63
106880,62.59,51.88,63.63
106890,62.60,51.77,63.63
106900,62.61,51.58,63.63
106910,62.62,51.82,63.63
106920,62.62,51.92,63.63
106930,62.63,51.72,63.63
106940,62.63,51.80,63.63
106950,62.65,51.66,63.63
106960,62.65,51.93,63.63
106970,62.66,51.64,63.63
106980,62.67,51.76,63.63
106990,62.68,51.82,63.63
107000,62.68,51.94,63.63
107010,62.69,51.61,63.63
107020,62.70,51.83,63.63
107030,62.70,51.86,63.63
107040,62.72,51.66,63.63
107050,62.72,51.90,63.63
107060,62.72,51.82,63.63
107070,62.74,51.69,63.63
107080,62.74,51.81,63.63
107090,62.74,51.99,63.63
107100,62.75,51.76,63.63
107110,62.75,51.95,63.63
107120,62.76,51.91,63.63
107130,62.76,51.84,63.63
107140,62.77,51.84,63.63
107150,62.77,51.94,63.63
107160,62.77,51.89,63.63
107170,62.78,51.78,63.63
107180,62.78,52.03,63.63
107190,62.80,51.71,63.63
107200,62.80,51.83,63.63
107210,62.81,51.89,63.63
107220,62.81,51.97,63.63
107230,62.81,51.88,63.63
107240,62.82,51.81,63.63
107250,62.82,52.06,63.63
107260,62.83,51.78,63.63
107270,62.84,51.78,63.63
107280,62.84,52.06,63.63
107290,62.85,51.81,63.63
107300,62.86,51.80,63.63
107310,62.86,51.92,63.63
107320,62.87,51.92,63.63
107330,62.88,51.78,63.63
107340,62.89,51.85,63.63
107350,62.88,52.07,63.63
107360,62.90,51.70,63.63
107370,62.91,51.89,63.63
107380,62.90,52.06,63.63
107390,62.91,51.86,63.63
107400,62.92,51.78,63.63
107410,62.93,51.98,63.63
107420,62.93,51.98,63.63
107430,62.94,51.79,63.63
107440,62.94,52.02,63.63
107450,62.94,51.94,63.63
107460,62.96,51.79,63.63
107470,62.96,51.88,63.63
107480,62.97,51.93,63.63
107490,62.98,51.87,63.63
107500,62.99,51.77,63.63
107510,62.99,52.07,63.63
107520,62.99,51.87,63.63
107530,63.01,51.78,63.63
107540,63.00,52.06,63.63
107550,63.01,51.89,63.63
107560,63.02,51.86,63.63
107570,63.02,51.99,63.63
107580,63.02,52.07,63.63
107590,63.04,51.74,63.63
107600,63.04,51.97,63.63
107610,63.04,52.08,63.63
107620,63.05,51.84,63.63
107630,63.05,51.99,63.63
107640,63.05,52.05,63.63
107650,63.06,51.92,63.63
107660,63.07,51.83,63.63
107670,63.06,52.08,63.63
107680,63.06,52.12,63.63
107690,63.07,51.85,63.63
107700,63.07,52.13,63.63
107710,63.07,52.10,63.63
107720,63.07,51.89,63.63
107730,63.07,52.12,63.63
107740,63.07,52.19,63.63
107750,63.07,51.96,63.63
107760,63.07,52.02,63.63
107770,63.07,52.18,63.63
107780,63.07,52.09,63.63
107790,63.07,51.97,63.63
107800,63.07,52.24,63.63
107810,63.06,52.16,63.63
107820,63.07,52.08,63.63
107830,63.06,52.22,63.63
107840,63.05,52.28,63.63
107850,63.05,52.07,63.63
107860,63.05,52.19,63.63
107870,63.04,52.38,63.63
107880,63.04,52.06,63.63
107890,63.04,52.08,63.63
107900,63.04,52.27,63.63
107910,63.04,52.12,63.63
107920,63.05,52.03,63.63
107930,63.04,52.18,63.63
107940,63.04,52.29,63.63
107950,63.05,52.01,63.63
107960,63.06,51.89,63.63
107970,63.06,52.23,63.63
107980,63.06,52.06,63.63
107990,63.07,51.93,63.63
108000,63.07,52.16,63.63
108010,63.07,51.43,62.20
108020,63.07,51.26,62.20
108030,63.08,51.10,62.20
108040,63.08,51.37,62.20
108050,63.08,51.31,62.20
108060,63.08,51.25,62.20
108070,63.09,51.15,62.20
108080,63.10,51.14,62.20
108090,63.10,51.23,62.20
108100,63.10,51.21,62.20
108110,63.11,51.09,62.20
108120,63.11,51.25,62.20
108130,63.10,51.47,62.20
108140,63.10,51.16,62.20
108150,63.09,51.44,62.20
108160,63.08,51.47,62.20
108170,63.08,51.29,62.20
108180,63.07,51.48,62.20
108190,63.06,51.49,62.20
108200,63.05,51.25,62.20
108210,63.04,51.52,62.20
108220,63.03,51.41,62.20
108230,63.03,51.32,62.20
108240,63.02,51.46,62.20
108250,63.00,51.48,62.20
108260,63.00,51.25,62.20
108270,63.00,51.34,62.20
108280,62.98,51.58,62.20
108290,62.99,51.03,62.20
108300,62.98,51.47,62.20
108310,62.98,51.27,62.20
108320,62.98,51.05,62.20
108330,62.98,51.33,62.20
108340,62.98,51.21,62.20
108350,62.98,51.17,62.20
108360,62.97,51.38,62.20
108370,62.97,51.12,62.20
108380,62.97,51.20,62.20
108390,62.97,51.16,62.20
108400,62.97,51.23,62.20
108410,62.98,51.04,62.20
108420,62.97,51.35,62.20
108430,62.97,51.15,62.20
108440,62.98,50.95,62.20
108450,62.97,51.30,62.20
108460,62.98,50.92,62.20
108470,62.98,51.13,62.20
108480,62.98,51.16,62.20
108490,62.99,51.05,62.20
108500,62.99,51.09,62.20
108510,62.99,51.14,62.20
108520,62.99,51.05,62.20
108530,62.99,51.06,62.20
108540,62.98,51.23,62.20
108550,62.99,50.98,62.20
108560,62.98,51.31,62.20
108570,62.98,51.10,62.20
108580,62.98,51.10,62.20
108590,62.97,51.27,62.20
108600,62.97,51.08,62.20
108610,62.96,51.19,62.20
108620,62.96,51.20,62.20
108630,62.95,51.20,62.20
108640,62.95,50.98,62.20
108650,62.94,51.34,62.20
108660,62.95,50.90,62.20
108670,62.94,51.30,62.20
108680,62.93,51.17,62.20
108690,62.93,50.99,62.20
108700,62.93,51.21,62.20
108710,62.93,50.99,62.20
108720,62.93,51.05,62.20
108730,62.93,51.07,62.20
108740,62.92,51.10,62.20
108750,62.93,50.96,62.20
108760,62.92,51.16,62.20
108770,62.93,50.90,62.20
108780,62.93,50.98,62.20
108790,62.92,51.18,62.20
108800,62.93,50.78,62.20
108810,62.92,51.11,62.20
108820,62.93,50.90,62.20
108830,62.93,50.92,62.20
108840,62.93,51.04,62.20
108850,62.93,50.96,62.20
108860,62.93,50.91,62.20
108870,62.92,51.15,62.20
108880,62.93,50.84,62.20
108890,62.93,51.03,62.20
108900,62.93,50.98,62.20
108910,62.92,51.00,62.20
108920,62.92,50.97,62.20
108930,62.92,51.02,62.20
108940,62.92,50.91,62.20
108950,62.91,51.17,62.20
108960,62.91,50.97,62.20
108970,62.90,51.05,62.20
108980,62.89,51.06,62.20
108990,62.90,50.90,62.20
109000,62.90,50.89,62.20
109010,62.89,51.06,62.20
109020,62.90,50.78,62.20
109030,62.89,51.06,62.20
109040,62.88,51.05,62.20
109050,62.89,50.76,62.20
109060,62.88,51.17,62.20
109070,62.89,50.74,62.20
109080,62.88,51.02,62.20
109090,62.88,50.94,62.20
109100,62.88,50.82,62.20
109110,62.88,50.87,62.20
109120,62.88,50.81,62.20
109130,62.89,50.80,62.20
109140,62.89,50.91,62.20
109150,62.89,50.87,62.20
109160,62.89,50.83,62.20
109170,62.89,50.88,62.20
109180,62.88,50.89,62.20
109190,62.88,50.83,62.20
109200,62.88,50.86,62.20
109210,62.88,50.84,62.20
109220,62.88,50.90,62.20
109230,62.87,50.98,62.20
109240,62.87,50.80,62.20
109250,62.87,50.85,62.20
109260,62.87,50.86,62.20
109270,62.87,50.84,62.20
109280,62.87,50.82,62.20
109290,62.87,50.83,62.20
109300,62.86,50.92,62.20
109310,62.86,50.80,62.20
109320,62.87,50.74,62.20
109330,62.86,51.01,62.20
109340,62.86,50.64,62.20
109350,62.86,50.82,62.20
109360,62.86,50.84,62.20
109370,62.86,50.64,62.20
109380,62.86,50.85,62.20
109390,62.86,50.71,62.20
109400,62.87,50.70,62.20
109410,62.86,50.89,62.20
109420,62.86,50.74,62.20
109430,62.86,50.80,62.20
109440,62.85,50.83,62.20
109450,62.86,50.63,62.20
109460,62.86,50.74,62.20
109470,62.86,50.76,62.20
109480,62.86,50.65,62.20
109490,62.86,50.86,62.20
109500,62.86,50.75,62.20
109510,62.85,50.75,62.20
109520,62.85,50.83,62.20
109530,62.85,50.76,62.20
109540,62.84,50.76,62.20
109550,62.83,50.97,62.20
109560,62.83,50.66,62.20
109570,62.82,50.96,62.20
109580,62.82,50.71,62.20
109590,62.81,50.90,62.20
109600,62.80,50.87,62.20
109610,62.80,50.76,62.20
109620,62.80,50.73,62.20
109630,62.78,51.03,62.20
109640,62.79,50.62,62.20
109650,62.77,51.01,62.20
109660,62.77,50.73,62.20
109670,62.77,50.75,62.20
109680,62.76,50.85,62.20
109690,62.76,50.77,62.20
109700,62.76,50.75,62.20
109710,62.74,51.02,62.20
109720,62.74,50.65,62.20
109730,62.73,51.05,62.20
109740,62.73,50.69,62.20
109750,62.72,50.86,62.20
109760,62.71,50.83,62.20
109770,62.71,50.84,62.20
109780,62.70,50.74,62.20
109790,62.68,51.12,62.20
109800,62.69,50.51,62.20
109810,62.68,51.02,62.20
109820,62.68,50.75,62.20
109830,62.67,50.85,62.20
109840,62.66,50.96,62.20
109850,62.65,50.93,62.20
109860,62.64,50.82,62.20
109870,62.62,51.06,62.20
109880,62.62,50.68,62.20
109890,62.60,51.13,62.20
109900,62.60,50.73,62.20
109910,62.60,50.87,62.20
109920,62.59,50.84,62.20
109930,62.58,50.91,62.20
109940,62.58,50.74,62.20
109950,62.57,51.04,62.20
109960,62.57,50.63,62.20
109970,62.55,51.14,62.20
109980,62.55,50.77,62.20
109990,62.54,50.97,62.20
110000,62.53,50.95,62.20
110010,62.52,50.92,62.20
110020,62.52,50.84,62.20
110030,62.50,51.07,62.20
110040,62.50,50.76,62.20
110050,62.48,51.09,62.20
110060,62.48,50.79,62.20
110070,62.48,50.85,62.20
110080,62.47,50.88,62.20
110090,62.46,51.01,62.20
110100,62.46,50.81,62.20
110110,62.44,51.12,62.20
110120,62.44,50.78,62.20
110130,62.42,51.16,62.20
110140,62.42,50.88,62.20
110150,62.41,50.98,62.20
110160,62.40,50.98,62.20
110170,62.39,51.03,62.20
110180,62.39,50.80,62.20
110190,62.37,51.17,62.20
110200,62.37,50.73,62.20
110210,62.36,50.99,62.20
110220,62.36,50.91,62.20
110230,62.35,50.94,62.20
110240,62.35,50.86,62.20
110250,62.33,51.12,62.20
110260,62.33,50.81,62.20
110270,62.32,51.09,62.20
110280,62.32,50.80,62.20
110290,62.31,51.03,62.20
110300,62.31,50.87,62.20
110310,62.30,51.08,62.20
110320,62.29,50.91,62.20
110330,62.28,51.12,62.20
110340,62.28,50.80,62.20
110350,62.27,51.02,62.20
110360,62.27,50.84,62.20
110370,62.27,50.90,62.20
110380,62.27,50.90,62.20
110390,62.27,50.92,62.20
110400,62.27,50.82,62.20
110410,62.26,50.91,62.20
110420,62.27,50.66,62.20
110430,62.27,50.85,62.20
110440,62.28,50.76,62.20
110450,62.28,50.77,62.20
110460,62.28,50.76,62.20
110470,62.29,50.82,62.20
110480,62.28,50.86,62.20
110490,62.30,50.57,62.20
110500,62.29,50.87,62.20
110510,62.31,50.60,62.20
110520,62.31,50.72,62.20
110530,62.31,50.85,62.20
110540,62.31,50.73,62.20
110550,62.32,50.71,62.20
110560,62.32,50.84,62.20
110570,62.33,50.56,62.20
110580,62.32,50.99,62.20
110590,62.33,50.67,62.20
110600,62.32,50.83,62.20
110610,62.32,50.88,62.20
110620,62.32,50.75,62.20
110630,62.32,50.85,62.20
110640,62.32,50.89,62.20
110650,62.31,50.86,62.20
110660,62.31,50.92,62.20
110670,62.30,50.96,62.20
110680,62.30,50.82,62.20
110690,62.29,51.05,62.20
110700,62.29,50.76,62.20
110710,62.28,50.95,62.20
110720,62.28,50.84,62.20
110730,62.28,50.89,62.20
110740,62.28,50.79,62.20
110750,62.27,51.03,62.20
110760,62.28,50.63,62.20
110770,62.27,51.09,62.20
110780,62.27,50.72,62.20
110790,62.27,50.90,62.20
110800,62.26,50.92,62.20
110810,62.26,50.81,62.20
110820,62.27,50.79,62.20
110830,62.25,51.05,62.20
110840,62.27,50.61,62.20
110850,62.25,51.20,62.20
110860,62.25,50.70,62.20
110870,62.25,50.94,62.20
110880,62.24,50.91,62.20
110890,62.24,50.88,62.20
110900,62.24,50.86,62.20
110910,62.23,51.05,62.20
110920,62.24,50.68,62.20
110930,62.22,51.16,62.20
110940,62.22,50.80,62.20
110950,62.22,51.01,62.20
110960,62.21,51.03,62.20
110970,62.21,50.86,62.20
110980,62.21,50.88,62.20
110990,62.20,51.03,62.20
111000,62.21,50.67,62.20
111010,62.20,51.04,62.20
111020,62.20,50.74,62.20
111030,62.20,50.92,62.20
111040,62.19,51.00,62.20
111050,62.20,50.78,62.20
111060,62.20,50.89,62.20
111070,62.20,50.82,62.20
111080,62.20,50.77,62.20
111090,62.20,50.89,62.20
111100,62.21,50.71,62.20
111110,62.22,50.63,62.20
111120,62.21,50.97,62.20
111130,62.23,50.46,62.20
111140,62.23,50.92,62.20
111150,62.24,50.53,62.20
111160,62.24,50.80,62.20
111170,62.25,50.64,62.20
111180,62.26,50.77,62.20
111190,62.27,50.60,62.20
111200,62.26,50.92,62.20
111210,62.28,50.54,62.20
111220,62.27,50.95,62.20
111230,62.27,50.70,62.20
111240,62.28,50.78,62.20
111250,62.28,50.79,62.20
111260,62.28,50.77,62.20
111270,62.27,50.92,62.20
111280,62.27,50.85,62.20
111290,62.27,50.85,62.20
111300,62.27,50.76,62.20
111310,62.26,50.99,62.20
111320,62.26,50.88,62.20
111330,62.25,51.00,62.20
111340,62.26,50.64,62.20
111350,62.24,51.17,62.20
111360,62.24,50.78,62.20
111370,62.23,51.07,62.20
111380,62.23,50.82,62.20
111390,62.23,50.90,62.20
111400,62.22,51.01,62.20
111410,62.22,50.84,62.20
111420,62.22,50.83,62.20
111430,62.21,51.07,62.20
111440,62.21,50.81,62.20
111450,62.21,50.87,62.20
111460,62.20,51.04,62.20
111470,62.21,50.66,62.20
111480,62.20,51.04,62.20
111490,62.20,50.80,62.20
111500,62.20,50.91,62.20
111510,62.20,50.90,62.20
111520,62.20,50.80,62.20
111530,62.20,50.86,62.20
111540,62.19,50.97,62.20
111550,62.20,50.73,62.20
111560,62.19,51.04,62.20
111570,62.20,50.71,62.20
111580,62.19,50.95,62.20
111590,62.19,50.81,62.20
111600,62.19,50.86,62.20
111610,62.19,50.80,62.20
111620,62.19,51.03,62.20
111630,62.19,50.69,62.20
111640,62.18,51.08,62.20
111650,62.19,50.66,62.20
111660,62.19,51.00,62.20
111670,62.18,50.89,62.20
111680,62.18,50.86,62.20
111690,62.19,50.78,62.20
111700,62.19,50.87,62.20
111710,62.18,50.98,62.20
111720,62.19,50.71,62.20
111730,62.18,50.93,62.20
111740,62.18,51.03,62.20
111750,62.18,50.76,62.20
111760,62.18,50.86,62.20
111770,62.17,51.03,62.20
111780,62.18,50.80,62.20
111790,62.17,50.99,62.20
111800,62.17,50.82,62.20
111810,62.17,50.92,62.20
111820,62.16,51.03,62.20
111830,62.17,50.75,62.20
111840,62.16,51.03,62.20
111850,62.16,50.76,62.20
111860,62.16,50.88,62.20
111870,62.16,50.93,62.20
111880,62.17,50.77,62.20
111890,62.17,50.87,62.20
111900,62.16,51.01,62.20
111910,62.17,50.69,62.20
111920,62.16,51.07,62.20
111930,62.17,50.72,62.20
111940,62.17,50.84,62.20
111950,62.17,50.86,62.20
111960,62.17,50.91,62.20
111970,62.17,50.78,62.20
111980,62.17,50.98,62.20
111990,62.17,50.72,62.20
112000,62.16,51.09,62.20
112010,62.17,79.24,111.19
112020,62.17,79.79,111.19
112030,62.17,80.04,111.19
112040,62.19,79.93,111.19
112050,62.21,80.40,111.19
112060,62.23,80.60,111.19
112070,62.23,81.30,111.19
112080,62.24,81.44,111.19
112090,62.35,79.70,111.19
112100,62.39,81.32,111.19
112110,62.58,78.74,111.19
112120,62.75,79.33,111.19
112130,62.91,79.53,111.19
112140,63.18,77.74,111.19
112150,63.52,76.36,111.19
112160,63.90,75.57,111.19
112170,64.33,74.77,111.19
112180,64.78,74.33,111.19
112190,65.27,73.58,111.19
112200,65.80,72.90,111.19
112210,66.36,72.10,111.19
112220,66.98,70.86,111.19
112230,67.66,69.66,111.19
112240,68.41,68.11,111.19
112250,69.24,66.26,111.19
112260,70.13,64.84,111.19
112270,71.05,63.89,111.19
112280,71.97,63.77,111.19
112290,72.92,62.82,111.19
112300,73.98,60.24,111.19
112310,75.05,59.54,111.19
112320,76.10,59.76,111.19
112330,77.26,56.98,111.19
112340,78.37,57.73,111.19
112350,79.56,55.41,111.19
112360,80.72,55.67,111.19
112370,81.96,53.65,111.19
112380,83.17,53.66,111.19
112390,84.41,52.43,111.19
112400,85.68,51.31,111.19
112410,86.96,50.73,111.19
112420,88.23,50.21,111.19
112430,89.50,49.54,111.19
112440,90.78,48.87,111.19
112450,92.05,48.33,111.19
112460,93.33,47.66,111.19
112470,94.60,47.08,111.19
112480,95.88,46.26,111.19
112490,97.17,45.47,111.19
112500,98.44,45.38,111.19
112510,99.68,45.05,111.19
112520,100.93,44.34,111.19
112530,102.15,44.27,111.19
112540,103.36,44.00,111.19
112550,104.56,43.42,111.19
112560,105.72,43.57,111.19
112570,106.88,42.85,111.19
112580,108.01,42.98,111.19
112590,109.11,42.76,111.19
112600,110.21,42.32,111.19
112610,111.26,42.61,111.19
112620,112.32,41.97,111.19
112630,113.35,41.76,111.19
112640,114.34,42.00,111.19
112650,115.31,41.76,111.19
112660,116.28,41.42,111.19
112670,117.21,41.38,111.19
112680,118.11,41.60,111.19
112690,118.98,41.55,111.19
112700,119.84,41.21,111.19
112710,120.68,40.93,111.19
112720,121.48,41.34,111.19
112730,122.25,41.52,111.19
112740,122.98,41.73,111.19
112750,123.69,41.66,111.19
112760,124.38,41.45,111.19
112770,125.06,41.19,111.19
112780,125.72,41.18,111.19
112790,126.36,41.09,111.19
112800,126.97,41.42,111.19
112810,127.54,41.64,111.19
112820,128.09,41.56,111.19
112830,128.62,41.56,111.19
112840,129.13,41.47,111.19
112850,129.63,41.39,111.19
112860,130.11,41.23,111.19
112870,130.58,41.17,111.19
112880,131.02,41.34,111.19
112890,131.44,41.47,111.19
112900,131.82,41.75,111.19
112910,132.19,41.74,111.19
112920,132.54,41.66,111.19
112930,132.89,41.43,111.19
112940,133.22,41.45,111.19
112950,133.54,41.33,111.19
112960,133.84,41.34,111.19
112970,134.13,41.41,111.19
112980,134.38,41.61,111.19
112990,134.61,42.02,111.19
113000,134.80,42.30,111.19
113010,134.98,42.45,111.19
113020,135.14,42.49,111.19
113030,135.29,42.49,111.19
113040,135.43,42.44,111.19
113050,135.56,42.32,111.19
113060,135.68,42.31,111.19
113070,135.78,42.45,111.19
113080,135.86,42.86,111.19
113090,135.91,43.06,111.19
113100,135.94,43.30,111.19
113110,135.96,43.48,111.19
113120,135.96,43.51,111.19
113130,135.95,43.60,111.19
113140,135.94,43.59,111.19
113150,135.92,43.54,111.19
113160,135.88,43.66,111.19
113170,135.82,44.11,111.19
113180,135.74,44.39,111.19
113190,135.63,44.78,111.19
113200,135.53,44.65,111.19
113210,135.42,44.65,111.19
113220,135.31,44.55,111.19
113230,135.18,44.77,111.19
113240,135.03,45.24,111.19
113250,134.85,45.64,111.19
113260,134.68,45.62,111.19
113270,134.50,45.46,111.19
113280,134.33,45.51,111.19
113290,134.12,46.16,111.19
113300,133.89,46.41,111.19
113310,133.67,46.35,111.19
113320,133.45,46.25,111.19
113330,133.20,46.88,111.19
113340,132.94,47.16,111.19
113350,132.68,46.97,111.19
113360,132.42,47.19,111.19
113370,132.13,47.72,111.19
113380,131.83,47.83,111.19
113390,131.55,47.61,111.19
113400,131.23,48.37,111.19
113410,130.92,48.42,111.19
113420,130.60,48.44,111.19
113430,130.26,49.13,111.19
113440,129.93,48.90,111.19
113450,129.59,49.10,111.19
113460,129.23,49.54,111.19
113470,128.89,49.31,111.19
113480,128.52,50.07,111.19
113490,128.16,49.80,111.19
113500,127.79,50.36,111.19
113510,127.42,50.24,111.19
113520,127.04,50.68,111.19
113530,126.67,50.59,111.19
113540,126.27,51.19,111.19
113550,125.89,50.91,111.19
113560,125.49,51.65,111.19
113570,125.11,51.22,111.19
113580,124.70,51.94,111.19
113590,124.32,51.60,111.19
113600,123.92,52.11,111.19
113610,123.51,52.34,111.19
113620,123.13,52.05,111.19
113630,122.71,52.79,111.19
113640,122.32,52.62,111.19
113650,121.93,52.54,111.19
113660,121.52,53.23,111.19
113670,121.13,52.96,111.19
113680,120.75,52.94,111.19
113690,120.34,53.60,111.19
113700,119.95,53.51,111.19
113710,119.58,53.25,111.19
113720,119.19,53.75,111.19
113730,118.79,54.11,111.19
113740,118.42,53.84,111.19
113750,118.04,54.02,111.19
113760,117.65,54.59,111.19
113770,117.26,54.67,111.19
113780,116.89,54.44,111.19
113790,116.52,54.51,111.19
113800,116.14,55.10,111.19
113810,115.75,55.41,111.19
113820,115.37,55.33,111.19
113830,115.01,55.13,111.19
113840,114.66,55.25,111.19
113850,114.30,55.59,111.19
113860,113.92,56.00,111.19
113870,113.56,56.12,111.19
113880,113.21,55.82,111.19
113890,112.88,55.78,111.19
113900,112.55,55.84,111.19
113910,112.22,56.00,111.19
113920,111.89,56.21,111.19
113930,111.56,56.46,111.19
113940,111.23,56.64,111.19
113950,110.92,56.55,111.19
113960,110.61,56.48,111.19
113970,110.32,56.38,111.19
113980,110.04,56.25,111.19
113990,109.78,56.17,111.19
114000,109.52,56.20,111.19
114010,109.26,56.41,111.19
114020,109.01,56.43,111.19
114030,108.75,56.66,111.19
114040,108.50,56.78,111.19
114050,108.25,56.85,111.19
114060,108.00,57.01,111.19
114070,107.76,57.02,111.19
114080,107.52,57.11,111.19
114090,107.29,57.10,111.19
114100,107.07,57.12,111.19
114110,106.86,56.98,111.19
114120,106.67,56.91,111.19
114130,106.47,56.92,111.19
114140,106.29,56.93,111.19
114150,106.11,57.00,111.19
114160,105.94,56.95,111.19
114170,105.78,56.83,111.19
114180,105.65,56.39,111.19
114190,105.52,56.38,111.19
114200,105.40,56.27,111.19
114210,105.30,56.18,111.19
114220,105.20,56.20,111.19
114230,105.10,56.14,111.19
114240,105.01,56.20,111.19
114250,104.92,56.19,111.19
114260,104.84,56.31,111.19
114270,104.75,56.31,111.19
114280,104.67,56.35,111.19
114290,104.60,56.27,111.19
114300,104.52,56.46,111.19
114310,104.45,56.34,111.19
114320,104.38,56.39,111.19
114330,104.33,56.30,111.19
114340,104.28,56.16,111.19
114350,104.24,55.99,111.19
114360,104.22,55.86,111.19
114370,104.20,55.73,111.19
114380,104.20,55.51,111.19
114390,104.21,55.33,111.19
114400,104.22,55.18,111.19
114410,104.25,55.11,111.19
114420,104.27,55.09,111.19
114430,104.30,55.08,111.19
114440,104.32,55.19,111.19
114450,104.34,55.40,111.19
114460,104.35,55.43,111.19
114470,104.37,55.41,111.19
114480,104.40,55.21,111.19
114490,104.44,54.99,111.19
114500,104.49,54.80,111.19
114510,104.55,54.73,111.19
114520,104.60,54.82,111.19
114530,104.64,54.94,111.19
114540,104.68,55.14,111.19
114550,104.72,55.18,111.19
114560,104.76,55.16,111.19
114570,104.81,54.90,111.19
114580,104.87,54.67,111.19
114590,104.94,54.61,111.19
114600,105.00,54.67,111.19
114610,105.06,54.76,111.19
114620,105.11,54.97,111.19
114630,105.16,55.04,111.19
114640,105.22,54.83,111.19
114650,105.29,54.53,111.19
114660,105.38,54.33,111.19
114670,105.45,54.45,111.19
114680,105.52,54.69,111.19
114690,105.57,54.82,111.19
114700,105.63,54.95,111.19
114710,105.69,54.65,111.19
114720,105.77,54.39,111.19
114730,105.86,54.21,111.19
114740,105.94,54.34,111.19
114750,106.01,54.61,111.19
114760,106.07,54.70,111.19
114770,106.13,54.69,111.19
114780,106.21,54.44,111.19
114790,106.30,54.14,111.19
114800,106.38,54.20,111.19
114810,106.45,54.46,111.19
114820,106.51,54.68,111.19
114830,106.58,54.58,111.19
114840,106.65,54.37,111.19
114850,106.74,54.04,111.19
114860,106.83,54.10,111.19
114870,106.90,54.40,111.19
114880,106.96,54.62,111.19
114890,107.02,54.50,111.19
114900,107.10,54.27,111.19
114910,107.19,53.97,111.19
114920,107.27,54.04,111.19
114930,107.34,54.33,111.19
114940,107.40,54.46,111.19
114950,107.47,54.30,111.19
114960,107.56,54.00,111.19
114970,107.65,53.84,111.19
114980,107.73,53.96,111.19
114990,107.79,54.32,111.19
115000,107.86,54.31,111.19
115010,107.93,54.07,111.19
115020,108.02,53.83,111.19
115030,108.10,53.88,111.19
115040,108.17,54.04,111.19
115050,108.23,54.27,111.19
115060,108.29,54.27,111.19
115070,108.36,53.97,111.19
115080,108.45,53.68,111.19
115090,108.52,53.86,111.19
115100,108.59,54.10,111.19
115110,108.64,54.22,111.19
115120,108.71,53.93,111.19
115130,108.79,53.65,111.19
115140,108.87,53.77,111.19
115150,108.94,53.89,111.19
115160,108.99,54.12,111.19
115170,109.06,53.89,111.19
115180,109.14,53.60,111.19
115190,109.21,53.70,111.19
115200,109.26,54.00,111.19
115210,109.31,54.06,111.19
115220,109.37,53.90,111.19
115230,109.45,53.59,111.19
115240,109.51,53.67,111.19
115250,109.56,54.13,111.19
115260,109.60,54.16,111.19
115270,109.65,53.86,111.19
115280,109.72,53.69,111.19
115290,109.77,53.83,111.19
115300,109.81,54.15,111.19
115310,109.85,54.13,111.19
115320,109.90,53.89,111.19
115330,109.95,53.71,111.19
115340,110.00,53.94,111.19
115350,110.03,54.26,111.19
115360,110.06,54.10,111.19
115370,110.12,53.71,111.19
115380,110.16,53.87,111.19
115390,110.21,53.79,111.19
115400,110.25,53.92,111.19
115410,110.28,54.18,111.19
115420,110.30,54.24,111.19
115430,110.33,54.03,111.19
115440,110.35,54.35,111.19
115450,110.37,54.25,111.19
115460,110.41,53.94,111.19
115470,110.45,53.94,111.19
115480,110.46,54.32,111.19
115490,110.47,54.45,111.19
115500,110.49,54.31,111.19
115510,110.52,53.94,111.19
115520,110.56,53.94,111.19
115530,110.57,54.31,111.19
115540,110.57,54.57,111.19
115550,110.59,54.36,111.19
115560,110.62,54.00,111.19
115570,110.65,53.96,111.19
115580,110.67,54.22,111.19
115590,110.67,54.51,111.19
115600,110.67,54.48,111.19
115610,110.70,54.14,111.19
115620,110.72,54.02,111.19
115630,110.74,54.09,111.19
115640,110.75,54.45,111.19
115650,110.75,54.56,111.19
115660,110.76,54.26,111.19
115670,110.79,54.05,111.19
115680,110.81,54.05,111.19
115690,110.83,54.17,111.19
115700,110.83,54.57,111.19
115710,110.83,54.52,111.19
115720,110.84,54.22,111.19
115730,110.87,53.92,111.19
115740,110.89,54.03,111.19
115750,110.90,54.30,111.19
115760,110.90,54.48,111.19
115770,110.91,54.33,111.19
115780,110.93,54.08,111.19
115790,110.96,53.90,111.19
115800,110.98,54.08,111.19
115810,110.98,54.44,111.19
115820,110.97,54.50,111.19
115830,110.99,54.23,111.19
115840,111.01,53.91,111.19
115850,111.04,53.88,111.19
115860,111.05,54.19,111.19
115870,111.05,54.44,111.19
115880,111.05,54.46,111.19
115890,111.06,54.11,111.19
115900,111.09,53.81,111.19
115910,111.11,53.98,111.19
115920,111.12,54.25,111.19
115930,111.11,54.44,111.19
115940,111.12,54.27,111.19
115950,111.14,53.96,111.19
115960,111.16,53.96,111.19
115970,111.17,54.25,111.19
115980,111.16,54.55,111.19
115990,111.15,54.42,111.19
116000,111.17,54.10,111.19
116010,111.19,54.16,111.61
116020,111.20,54.40,111.61
116030,111.19,54.70,111.61
116040,111.18,54.76,111.61
116050,111.19,54.50,111.61
116060,111.21,54.19,111.61
116070,111.22,54.33,111.61
116080,111.22,54.61,111.61
116090,111.20,54.92,111.61
116100,111.20,54.66,111.61
116110,111.21,54.38,111.61
116120,111.23,54.23,111.61
116130,111.24,54.49,111.61
116140,111.23,54.74,111.61
116150,111.22,54.83,111.61
116160,111.22,54.59,111.61
116170,111.24,54.25,111.61
116180,111.26,54.13,111.61
116190,111.28,54.27,111.61
116200,111.27,54.64,111.61
116210,111.26,54.77,111.61
116220,111.27,54.45,111.61
116230,111.29,54.22,111.61
116240,111.31,54.17,111.61
116250,111.32,54.42,111.61
116260,111.31,54.71,111.61
116270,111.31,54.69,111.61
116280,111.32,54.33,111.61
116290,111.34,54.14,111.61
116300,111.36,54.20,111.61
116310,111.37,54.40,111.61
116320,111.36,54.68,111.61
116330,111.36,54.63,111.61
116340,111.37,54.27,111.61
116350,111.40,54.04,111.61
116360,111.41,54.22,111.61
116370,111.41,54.51,111.61
116380,111.41,54.62,111.61
116390,111.41,54.44,111.61
116400,111.43,54.17,111.61
116410,111.45,54.08,111.61
116420,111.46,54.35,111.61
116430,111.46,54.54,111.61
116440,111.46,54.54,111.61
116450,111.48,54.18,111.61
116460,111.50,54.07,111.61
116470,111.51,54.21,111.61
116480,111.51,54.50,111.61
116490,111.51,54.45,111.61
116500,111.53,54.19,111.61
116510,111.55,54.03,111.61
116520,111.57,54.11,111.61
116530,111.57,54.47,111.61
116540,111.57,54.51,111.61
116550,111.57,54.28,111.61
116560,111.60,53.99,111.61
116570,111.62,54.04,111.61
116580,111.62,54.41,111.61
116590,111.61,54.54,111.61
116600,111.61,54.49,111.61
116610,111.63,54.04,111.61
116620,111.65,53.97,111.61
116630,111.66,54.26,111.61
116640,111.67,54.16,111.61
116650,111.67,54.49,111.61
116660,111.66,54.53,111.61
116670,111.67,54.33,111.61
116680,111.68,54.08,111.61
116690,111.67,54.57,111.61
116700,111.68,54.24,111.61
116710,111.70,53.97,111.61
116720,111.72,54.04,111.61
116730,111.71,54.42,111.61
116740,111.70,54.59,111.61
116750,111.71,54.34,111.61
116760,111.72,53.99,111.61
116770,111.75,53.90,111.61
116780,111.75,54.24,111.61
116790,111.74,54.54,111.61
116800,111.74,54.44,111.61
116810,111.75,54.14,111.61
116820,111.77,53.98,111.61
116830,111.77,54.22,111.61
116840,111.77,54.44,111.61
116850,111.76,54.45,111.61
116860,111.77,54.17,111.61
116870,111.79,53.98,111.61
116880,111.80,54.00,111.61
116890,111.80,54.35,111.61
116900,111.79,54.49,111.61
116910,111.79,54.26,111.61
116920,111.81,53.91,111.61
116930,111.83,53.83,111.61
116940,111.84,54.08,111.61
116950,111.84,54.41,111.61
116960,111.83,54.35,111.61
116970,111.85,53.97,111.61
116980,111.87,53.83,111.61
116990,111.89,53.83,111.61
117000,111.89,54.17,111.61
117010,111.89,54.37,111.61
117020,111.89,54.17,111.61
117030,111.91,53.83,111.61
117040,111.94,53.58,111.61
117050,111.96,53.85,111.61
117060,111.96,54.16,111.61
117070,111.96,54.23,111.61
117080,111.97,53.90,111.61
117090,112.00,53.60,111.61
117100,112.02,53.73,111.61
117110,112.03,54.00,111.61
117120,112.02,54.23,111.61
117130,112.03,54.00,111.61
117140,112.05,53.64,111.61
117150,112.08,53.57,111.61
117160,112.09,53.89,111.61
117170,112.09,54.07,111.61
117180,112.10,53.87,111.61
117190,112.12,53.55,111.61
117200,112.15,53.50,111.61
117210,112.16,53.81,111.61
117220,112.16,54.11,111.61
117230,112.16,53.90,111.61
117240,112.19,53.52,111.61
117250,112.21,53.48,111.61
117260,112.22,53.83,111.61
117270,112.21,54.07,111.61
117280,112.22,53.92,111.61
117290,112.24,53.55,111.61
117300,112.26,53.57,111.61
117310,112.26,53.92,111.61
117320,112.25,54.07,111.61
117330,112.26,53.79,111.61
117340,112.28,53.50,111.61
117350,112.29,53.53,111.61
117360,112.30,53.86,111.61
117370,112.29,54.07,111.61
117380,112.29,53.81,111.61
117390,112.31,53.46,111.61
117400,112.32,53.58,111.61
117410,112.31,54.03,111.61
117420,112.30,54.11,111.61
117430,112.30,53.86,111.61
117440,112.31,53.58,111.61
117450,112.32,53.75,111.61
117460,112.31,54.05,111.61
117470,112.29,54.10,111.61
117480,112.29,53.83,111.61
117490,112.30,53.63,111.61
117500,112.31,53.79,111.61
117510,112.29,54.13,111.61
117520,112.28,54.13,111.61
117530,112.28,53.78,111.61
117540,112.29,53.54,111.61
117550,112.29,53.73,111.61
117560,112.28,54.16,111.61
117570,112.26,54.09,111.61
117580,112.27,53.71,111.61
117590,112.28,53.57,111.61
117600,112.28,53.75,111.61
117610,112.27,54.04,111.61
117620,112.26,53.89,111.61
117630,112.27,53.59,111.61
117640,112.28,53.53,111.61
117650,112.28,53.88,111.61
117660,112.26,54.09,111.61
117670,112.26,53.84,111.61
117680,112.27,53.52,111.61
117690,112.28,53.65,111.61
117700,112.26,53.99,111.61
117710,112.25,54.04,111.61
117720,112.25,53.73,111.61
117730,112.27,53.44,111.61
117740,112.27,53.60,111.61
117750,112.26,53.89,111.61
117760,112.25,53.91,111.61
117770,112.26,53.64,111.61
117780,112.27,53.54,111.61
117790,112.26,53.82,111.61
117800,112.25,53.97,111.61
117810,112.25,53.78,111.61
117820,112.26,53.40,111.61
117830,112.27,53.52,111.61
117840,112.28,53.49,111.61
117850,112.28,53.72,111.61
117860,112.27,53.82,111.61
117870,112.27,53.74,111.61
117880,112.26,53.82,111.61
117890,112.25,53.91,111.61
117900,112.25,53.58,111.61
117910,112.27,53.28,111.61
117920,112.28,53.39,111.61
117930,112.28,53.76,111.61
117940,112.27,53.72,111.61
117950,112.29,53.37,111.61
117960,112.31,53.25,111.61
117970,112.31,53.45,111.61
117980,112.31,53.74,111.61
117990,112.30,53.77,111.61
118000,112.31,53.45,111.61
118010,112.32,53.25,111.61
118020,112.32,53.53,111.61
118030,112.31,53.81,111.61
118040,112.31,53.62,111.61
118050,112.32,53.28,111.61
118060,112.34,53.30,111.61
118070,112.33,53.66,111.61
118080,112.32,53.83,111.61
118090,112.31,53.63,111.61
118100,112.32,53.41,111.61
118110,112.32,53.44,111.61
118120,112.31,53.79,111.61
118130,112.29,53.91,111.61
118140,112.29,53.67,111.61
118150,112.30,53.35,111.61
118160,112.29,53.58,111.61
118170,112.28,53.84,111.61
118180,112.26,53.88,111.61
118190,112.26,53.56,111.61
118200,112.27,53.35,111.61
118210,112.27,53.47,111.61
118220,112.26,53.79,111.61
118230,112.24,53.85,111.61
118240,112.24,53.47,111.61
118250,112.25,53.29,111.61
118260,112.25,53.52,111.61
118270,112.24,53.82,111.61
118280,112.23,53.69,111.61
118290,112.24,53.30,111.61
118300,112.25,53.31,111.61
118310,112.24,53.60,111.61
118320,112.23,53.69,111.61
118330,112.24,53.39,111.61
118340,112.26,53.10,111.61
118350,112.27,53.29,111.61
118360,112.25,53.72,111.61
118370,112.24,53.67,111.61
118380,112.25,53.27,111.61
118390,112.26,53.21,111.61
118400,112.26,53.58,111.61
118410,112.24,53.83,111.61
118420,112.23,53.52,111.61
118430,112.25,53.16,111.61
118440,112.25,53.34,111.61
118450,112.24,53.73,111.61
118460,112.23,53.63,111.61
118470,112.23,53.31,111.61
118480,112.24,53.24,111.61
118490,112.24,53.58,111.61
118500,112.22,53.77,111.61
118510,112.22,53.46,111.61
118520,112.23,53.23,111.61
118530,112.22,53.52,111.61
118540,112.20,53.79,111.61
118550,112.20,53.54,111.61
118560,112.20,53.31,111.61
118570,112.20,53.44,111.61
118580,112.18,53.72,111.61
118590,112.17,53.68,111.61
118600,112.17,53.36,111.61
118610,112.18,53.31,111.61
118620,112.17,53.63,111.61
118630,112.15,53.79,111.61
118640,112.15,53.39,111.61
118650,112.16,53.21,111.61
118660,112.16,53.46,111.61
118670,112.14,53.70,111.61
118680,112.14,53.44,111.61
118690,112.15,53.16,111.61
118700,112.16,53.27,111.61
118710,112.14,53.66,111.61
118720,112.13,53.65,111.61
118730,112.14,53.23,111.61
118740,112.15,53.20,111.61
118750,112.14,53.56,111.61
118760,112.12,53.71,111.61
118770,112.12,53.40,111.61
118780,112.14,53.09,111.61
118790,112.14,53.28,111.61
118800,112.13,53.60,111.61
118810,112.12,53.48,111.61
118820,112.14,53.04,111.61
118830,112.16,52.98,111.61
118840,112.16,53.33,111.61
118850,112.15,53.53,111.61
118860,112.15,53.22,111.61
118870,112.17,52.91,111.61
118880,112.18,53.08,111.61
118890,112.18,53.44,111.61
118900,112.18,53.32,111.61
118910,112.19,53.05,111.61
118920,112.20,53.09,111.61
118930,112.19,53.38,111.61
118940,112.19,53.37,111.61
118950,112.20,53.06,111.61
118960,112.21,53.01,111.61
118970,112.21,53.37,111.61
118980,112.20,53.48,111.61
118990,112.20,53.16,111.61
119000,112.20,53.20,111.61
119010,112.21,53.03,111.61
119020,112.21,53.36,111.61
119030,112.19,53.57,111.61
119040,112.18,53.40,111.61
119050,112.17,53.61,111.61
119060,112.15,53.48,111.61
119070,112.16,53.12,111.61
119080,112.17,53.15,111.61
119090,112.15,53.54,111.61
119100,112.14,53.56,111.61
119110,112.14,53.15,111.61
119120,112.15,53.07,111.61
119130,112.14,53.43,111.61
119140,112.12,53.56,111.61
119150,112.12,53.32,111.61
119160,112.13,53.09,111.61
119170,112.12,53.32,111.61
119180,112.11,53.58,111.61
119190,112.10,53.35,111.61
119200,112.11,53.00,111.61
119210,112.11,53.17,111.61
119220,112.10,53.45,111.61
119230,112.10,53.37,111.61
119240,112.11,53.01,111.61
119250,112.11,53.06,111.61
119260,112.10,53.39,111.61
119270,112.09,53.47,111.61
119280,112.10,53.08,111.61
119290,112.11,53.02,111.61
119300,112.10,53.45,111.61
119310,112.08,53.53,111.61
119320,112.08,53.17,111.61
119330,112.09,52.99,111.61
119340,112.08,53.41,111.61
119350,112.07,53.54,111.61
119360,112.07,53.14,111.61
119370,112.08,52.91,111.61
119380,112.08,53.23,111.61
119390,112.07,53.50,111.61
119400,112.06,53.29,111.61
119410,112.07,52.99,111.61
119420,112.07,53.14,111.61
119430,112.06,53.47,111.61
119440,112.06,53.27,111.61
119450,112.07,52.96,111.61
119460,112.07,53.17,111.61
119470,112.05,53.54,111.61
119480,112.04,53.35,111.61
119490,112.05,52.96,111.61
119500,112.05,53.10,111.61
119510,112.04,53.54,111.61
119520,112.02,53.51,111.61
119530,112.02,53.11,111.61
119540,112.03,53.09,111.61
119550,112.02,53.43,111.61
119560,112.00,53.48,111.61
119570,112.00,53.12,111.61
119580,112.01,52.99,111.61
119590,112.01,53.31,111.61
119600,111.99,53.49,111.61
119610,111.99,53.15,111.61
119620,112.00,52.93,111.61
119630,112.00,53.20,111.61
119640,111.98,53.52,111.61
119650,111.98,53.19,111.61
119660,112.00,52.92,111.61
119670,111.99,53.19,111.61
119680,111.98,53.50,111.61
119690,111.97,53.25,111.61
119700,111.98,52.94,111.61
119710,111.99,53.01,111.61
119720,111.97,53.51,111.61
119730,111.96,53.34,111.61
119740,111.98,52.92,111.61
119750,111.98,53.17,111.61
119760,111.96,53.46,111.61
119770,111.95,53.43,111.61
119780,111.96,52.97,111.61
119790,111.96,53.04,111.61
119800,111.95,53.46,111.61
119810,111.93,53.44,111.61
119820,111.94,53.02,111.61
119830,111.94,53.14,111.61
119840,111.92,53.56,111.61
119850,111.91,53.45,111.61
119860,111.91,53.11,111.61
119870,111.91,53.12,111.61
119880,111.90,53.45,111.61
119890,111.88,53.56,111.61
119900,111.88,53.23,111.61
119910,111.88,53.11,111.61
119920,111.86,53.52,111.61
119930,111.84,53.62,111.61
119940,111.83,53.31,111.61
119950,111.84,53.09,111.61
119960,111.83,53.45,111.61
119970,111.81,53.61,111.61
119980,111.80,53.35,111.61
119990,111.80,53.15,111.61
120000,111.79,53.38,111.61
120010,111.77,44.62,96.10
120020,111.76,44.31,96.10
120030,111.77,43.85,96.10
120040,111.76,43.98,96.10
120050,111.75,44.09,96.10
120060,111.74,43.86,96.10
120070,111.71,44.13,96.10
120080,111.68,44.20,96.10
120090,111.63,44.39,96.10
120100,111.58,44.44,96.10
120110,111.50,44.77,96.10
120120,111.44,44.55,96.10
120130,111.34,45.21,96.10
120140,111.24,45.06,96.10
120150,111.13,45.25,96.10
120160,110.99,45.88,96.10
120170,110.87,45.57,96.10
120180,110.71,46.16,96.10
120190,110.54,46.50,96.10
120200,110.38,46.26,96.10
120210,110.18,47.04,96.10
120220,109.99,46.94,96.10
120230,109.78,47.46,96.10
120240,109.54,47.90,96.10
120250,109.32,47.72,96.10
120260,109.06,48.45,96.10
120270,108.79,48.66,96.10
120280,108.51,48.99,96.10
120290,108.21,49.68,96.10
120300,107.91,49.50,96.10
120310,107.58,50.30,96.10
120320,107.26,50.32,96.10
120330,106.92,50.81,96.10
120340,106.56,51.19,96.10
120350,106.21,51.30,96.10
120360,105.83,51.95,96.10
120370,105.46,52.05,96.10
120380,105.07,52.54,96.10
120390,104.67,52.79,96.10
120400,104.28,52.91,96.10
120410,103.86,53.49,96.10
120420,103.47,53.39,96.10
120430,103.04,54.03,96.10
120440,102.62,54.31,96.10
120450,102.21,54.13,96.10
120460,101.78,54.88,96.10
120470,101.35,54.97,96.10
120480,100.94,54.90,96.10
120490,100.52,55.27,96.10
120500,100.08,55.87,96.10
120510,99.64,56.03,96.10
120520,99.23,55.87,96.10
120530,98.82,55.92,96.10
120540,98.39,56.45,96.10
120550,97.96,56.87,96.10
120560,97.53,57.09,96.10
120570,97.11,57.15,96.10
120580,96.70,57.12,96.10
120590,96.30,57.04,96.10
120600,95.92,57.08,96.10
120610,95.53,57.27,96.10
120620,95.15,57.45,96.10
120630,94.77,57.57,96.10
120640,94.40,57.69,96.10
120650,94.03,57.87,96.10
120660,93.67,57.98,96.10
120670,93.31,58.16,96.10
120680,92.96,58.22,96.10
120690,92.62,58.21,96.10
120700,92.28,58.33,96.10
120710,91.95,58.37,96.10
120720,91.64,58.37,96.10
120730,91.33,58.38,96.10
120740,91.04,58.30,96.10
120750,90.76,58.22,96.10
120760,90.49,58.25,96.10
120770,90.24,58.08,96.10
120780,89.99,58.04,96.10
120790,89.76,57.97,96.10
120800,89.55,57.90,96.10
120810,89.34,57.82,96.10
120820,89.15,57.66,96.10
120830,88.97,57.72,96.10
120840,88.79,57.72,96.10
120850,88.62,57.74,96.10
120860,88.45,57.70,96.10
120870,88.30,57.64,96.10
120880,88.16,57.64,96.10
120890,88.02,57.59,96.10
120900,87.89,57.57,96.10
120910,87.77,57.60,96.10
120920,87.66,57.48,96.10
120930,87.55,57.55,96.10
120940,87.45,57.39,96.10
120950,87.37,57.26,96.10
120960,87.29,57.30,96.10
120970,87.22,57.07,96.10
120980,87.17,57.02,96.10
120990,87.12,56.89,96.10
121000,87.08,56.85,96.10
121010,87.05,56.70,96.10
121020,87.03,56.59,96.10
121030,87.02,56.54,96.10
121040,87.02,56.37,96.10
121050,87.02,56.22,96.10
121060,87.04,56.10,96.10
121070,87.06,56.16,96.10
121080,87.09,55.91,96.10
121090,87.12,55.89,96.10
121100,87.16,55.83,96.10
121110,87.21,55.71,96.10
121120,87.26,55.58,96.10
121130,87.32,55.49,96.10
121140,87.39,55.24,96.10
121150,87.47,55.22,96.10
121160,87.55,55.00,96.10
121170,87.65,54.82,96.10
121180,87.74,54.90,96.10
121190,87.84,54.64,96.10
121200,87.94,54.71,96.10
121210,88.04,54.90,96.10
121220,88.13,54.81,96.10
121230,88.22,54.85,96.10
121240,88.32,54.79,96.10
121250,88.42,54.76,96.10
121260,88.52,54.63,96.10
121270,88.64,54.40,96.10
121280,88.75,54.32,96.10
121290,88.87,54.36,96.10
121300,88.97,54.48,96.10
121310,89.07,54.66,96.10
121320,89.17,54.57,96.10
121330,89.29,54.26,96.10
121340,89.41,54.11,96.10
121350,89.54,54.05,96.10
121360,89.65,54.27,96.10
121370,89.75,54.43,96.10
121380,89.85,54.46,96.10
121390,89.96,54.42,96.10
121400,90.07,54.06,96.10
121410,90.20,53.98,96.10
121420,90.31,54.15,96.10
121430,90.41,54.19,96.10
121440,90.51,54.42,96.10
121450,90.61,54.24,96.10
121460,90.73,53.98,96.10
121470,90.83,54.19,96.10
121480,90.94,53.99,96.10
121490,91.05,54.08,96.10
121500,91.15,54.26,96.10
121510,91.24,54.26,96.10
121520,91.35,54.02,96.10
121530,91.44,54.24,96.10
121540,91.52,54.42,96.10
121550,91.60,54.41,96.10
121560,91.71,54.02,96.10
121570,91.81,53.99,96.10
121580,91.90,54.14,96.10
121590,91.98,54.38,96.10
121600,92.06,54.39,96.10
121610,92.15,54.12,96.10
121620,92.24,53.93,96.10
121630,92.33,54.14,96.10
121640,92.41,54.27,96.10
121650,92.48,54.48,96.10
121660,92.55,54.34,96.10
121670,92.63,54.20,96.10
121680,92.71,54.12,96.10
121690,92.78,54.37,96.10
121700,92.84,54.59,96.10
121710,92.89,54.59,96.10
121720,92.96,54.36,96.10
121730,93.03,54.28,96.10
121740,93.10,54.21,96.10
121750,93.16,54.50,96.10
121760,93.21,54.70,96.10
121770,93.26,54.59,96.10
121780,93.33,54.31,96.10
121790,93.39,54.34,96.10
121800,93.45,54.41,96.10
121810,93.49,54.81,96.10
121820,93.52,54.88,96.10
121830,93.56,54.70,96.10
121840,93.61,54.62,96.10
121850,93.66,54.57,96.10
121860,93.70,54.68,96.10
121870,93.73,54.95,96.10
121880,93.76,55.00,96.10
121890,93.79,54.82,96.10
121900,93.83,54.75,96.10
121910,93.88,54.52,96.10
121920,93.92,54.78,96.10
121930,93.94,54.96,96.10
121940,93.96,55.10,96.10
121950,93.99,55.03,96.10
121960,94.02,54.84,96.10
121970,94.06,54.68,96.10
121980,94.09,54.83,96.10
121990,94.12,54.93,96.10
122000,94.13,55.19,96.10
122010,94.14,55.31,96.10
122020,94.17,54.90,96.10
122030,94.20,54.89,96.10
122040,94.23,54.81,96.10
122050,94.27,54.81,96.10
122060,94.29,55.04,96.10
122070,94.30,55.29,96.10
122080,94.31,55.20,96.10
122090,94.33,55.08,96.10
122100,94.36,54.89,96.10
122110,94.40,54.65,96.10
122120,94.44,54.75,96.10
122130,94.46,54.95,96.10
122140,94.48,55.10,96.10
122150,94.49,55.21,96.10
122160,94.51,55.16,96.10
122170,94.53,55.04,96.10
122180,94.55,54.94,96.10
122190,94.59,54.73,96.10
122200,94.62,54.84,96.10
122210,94.63,55.10,96.10
122220,94.65,55.18,96.10
122230,94.66,55.19,96.10
122240,94.68,55.09,96.10
122250,94.70,54.91,96.10
122260,94.74,54.78,96.10
122270,94.77,54.72,96.10
122280,94.80,54.88,96.10
122290,94.81,55.05,96.10
122300,94.82,55.19,96.10
122310,94.84,55.07,96.10
122320,94.87,54.83,96.10
122330,94.91,54.67,96.10
122340,94.94,54.74,96.10
122350,94.96,54.87,96.10
122360,94.97,55.11,96.10
122370,94.98,55.20,96.10
122380,95.00,55.12,96.10
122390,95.02,54.87,96.10
122400,95.05,54.76,96.10
122410,95.08,54.75,96.10
122420,95.11,54.77,96.10
122430,95.12,55.11,96.10
122440,95.13,55.17,96.10
122450,95.14,55.01,96.10
122460,95.16,54.93,96.10
122470,95.19,54.82,96.10
122480,95.22,54.72,96.10
122490,95.24,54.75,96.10
122500,95.27,54.83,96.10
122510,95.28,55.08,96.10
122520,95.29,55.04,96.10
122530,95.31,54.89,96.10
122540,95.34,54.65,96.10
122550,95.37,54.56,96.10
122560,95.40,54.80,96.10
122570,95.41,55.01,96.10
122580,95.42,55.04,96.10
122590,95.43,55.09,96.10
122600,95.44,54.91,96.10
122610,95.47,54.68,96.10
122620,95.49,54.71,96.10
122630,95.52,54.79,96.10
122640,95.53,54.95,96.10
122650,95.53,55.16,96.10
122660,95.54,55.09,96.10
122670,95.55,54.92,96.10
122680,95.57,54.70,96.10
122690,95.60,54.66,96.10
122700,95.62,54.74,96.10
122710,95.63,54.93,96.10
122720,95.65,54.78,96.10
122730,95.66,54.94,96.10
122740,95.67,55.03,96.10
122750,95.68,54.92,96.10
122760,95.70,54.67,96.10
122770,95.72,54.84,96.10
122780,95.72,55.03,96.10
122790,95.73,55.05,96.10
122800,95.74,55.00,96.10
122810,95.75,54.75,96.10
122820,95.78,54.68,96.10
122830,95.79,54.75,96.10
122840,95.81,54.83,96.10
122850,95.81,55.02,96.10
122860,95.81,55.21,96.10
122870,95.81,55.04,96.10
122880,95.82,54.87,96.10
122890,95.84,54.75,96.10
122900,95.86,54.68,96.10
122910,95.87,54.84,96.10
122920,95.87,55.01,96.10
122930,95.87,55.12,96.10
122940,95.87,55.10,96.10
122950,95.88,54.92,96.10
122960,95.90,54.67,96.10
122970,95.91,54.73,96.10
122980,95.93,54.78,96.10
122990,95.93,54.92,96.10
123000,95.93,55.06,96.10
123010,95.93,55.10,96.10
123020,95.94,54.87,96.10
123030,95.96,54.67,96.10
123040,95.98,54.64,96.10
123050,95.99,54.81,96.10
123060,95.99,54.96,96.10
123070,95.99,55.11,96.10
123080,95.98,55.14,96.10
123090,95.98,55.07,96.10
123100,95.99,54.84,96.10
123110,96.00,54.72,96.10
123120,96.02,54.74,96.10
123130,96.02,54.89,96.10
123140,96.01,55.22,96.10
123150,96.01,55.17,96.10
123160,96.01,55.00,96.10
123170,96.02,54.83,96.10
123180,96.03,54.69,96.10
123190,96.04,54.79,96.10
123200,96.05,54.93,96.10
123210,96.04,55.11,96.10
123220,96.03,55.18,96.10
123230,96.03,55.05,96.10
123240,96.03,54.92,96.10
123250,96.05,54.74,96.10
123260,96.06,54.77,96.10
123270,96.06,54.87,96.10
123280,96.06,55.01,96.10
123290,96.05,55.17,96.10
123300,96.05,55.19,96.10
123310,96.05,55.01,96.10
123320,96.06,54.79,96.10
123330,96.07,54.65,96.10
123340,96.08,54.76,96.10
123350,96.09,54.82,96.10
123360,96.09,55.05,96.10
123370,96.08,55.07,96.10
123380,96.08,54.97,96.10
123390,96.09,54.80,96.10
123400,96.11,54.67,96.10
123410,96.13,54.62,96.10
123420,96.13,54.76,96.10
123430,96.14,54.92,96.10
123440,96.13,55.13,96.10
123450,96.12,55.01,96.10
123460,96.13,54.82,96.10
123470,96.14,54.69,96.10
123480,96.16,54.56,96.10
123490,96.18,54.67,96.10
123500,96.18,54.86,96.10
123510,96.18,54.90,96.10
123520,96.18,55.02,96.10
123530,96.18,54.87,96.10
123540,96.20,54.57,96.10
123550,96.21,54.53,96.10
123560,96.23,54.61,96.10
123570,96.24,54.74,96.10
123580,96.23,54.99,96.10
123590,96.23,55.00,96.10
123600,96.23,54.80,96.10
123610,96.24,54.58,96.10
123620,96.26,54.48,96.10
123630,96.28,54.59,96.10
123640,96.28,54.72,96.10
123650,96.28,55.02,96.10
123660,96.27,55.06,96.10
123670,96.27,54.75,96.10
123680,96.28,54.59,96.10
123690,96.30,54.55,96.10
123700,96.31,54.55,96.10
123710,96.32,54.73,96.10
123720,96.31,54.86,96.10
123730,96.31,54.87,96.10
123740,96.31,54.77,96.10
123750,96.32,54.63,96.10
123760,96.34,54.55,96.10
123770,96.35,54.63,96.10
123780,96.35,54.79,96.10
123790,96.34,54.92,96.10
123800,96.33,54.94,96.10
123810,96.33,54.76,96.10
123820,96.35,54.49,96.10
123830,96.36,54.54,96.10
123840,96.37,54.61,96.10
123850,96.37,54.79,96.10
123860,96.36,54.86,96.10
123870,96.36,54.85,96.10
123880,96.36,54.70,96.10
123890,96.38,54.51,96.10
123900,96.39,54.58,96.10
123910,96.39,54.73,96.10
123920,96.39,54.61,96.10
123930,96.39,54.79,96.10
123940,96.38,54.89,96.10
123950,96.37,54.93,96.10
123960,96.37,54.80,96.10
123970,96.37,54.79,96.10
123980,96.36,55.02,96.10
123990,96.35,54.96,96.10
124000,96.34,54.93,96.10
124010,96.34,63.01,110.33
124020,96.35,62.96,110.33
124030,96.36,63.11,110.33
124040,96.36,63.17,110.33
124050,96.37,63.27,110.33
124060,96.38,63.27,110.33
124070,96.41,62.97,110.33
124080,96.44,62.95,110.33
124090,96.48,63.04,110.33
124100,96.51,63.13,110.33
124110,96.55,63.14,110.33
124120,96.61,62.55,110.33
124130,96.71,62.06,110.33
124140,96.81,62.04,110.33
124150,96.90,62.17,110.33
124160,97.02,61.68,110.33
124170,97.17,61.01,110.33
124180,97.32,60.90,110.33
124190,97.48,60.98,110.33
124200,97.66,60.26,110.33
124210,97.88,59.61,110.33
124220,98.09,59.82,110.33
124230,98.29,59.76,110.33
124240,98.52,59.19,110.33
124250,98.78,58.57,110.33
124260,99.06,58.08,110.33
124270,99.33,58.29,110.33
124280,99.59,58.30,110.33
124290,99.88,57.58,110.33
124300,100.20,56.92,110.33
124310,100.54,56.38,110.33
124320,100.88,56.21,110.33
124330,101.22,56.20,110.33
124340,101.55,56.07,110.33
124350,101.88,55.99,110.33
124360,102.22,55.72,110.33
124370,102.57,55.38,110.33
124380,102.92,55.15,110.33
124390,103.28,54.78,110.33
124400,103.65,54.57,110.33
124410,104.02,54.27,110.33
124420,104.40,54.00,110.33
124430,104.77,53.80,110.33
124440,105.15,53.53,110.33
124450,105.53,53.36,110.33
124460,105.92,53.03,110.33
124470,106.32,52.68,110.33
124480,106.72,52.24,110.33
124490,107.14,51.86,110.33
124500,107.55,51.61,110.33
124510,107.96,51.54,110.33
124520,108.35,51.68,110.33
124530,108.73,51.69,110.33
124540,109.11,51.40,110.33
124550,109.51,50.90,110.33
124560,109.91,50.65,110.33
124570,110.29,50.77,110.33
124580,110.65,50.96,110.33
124590,111.02,50.52,110.33
124600,111.41,50.08,110.33
124610,111.77,50.15,110.33
124620,112.12,50.34,110.33
124630,112.48,49.92,110.33
124640,112.84,49.63,110.33
124650,113.18,49.95,110.33
124660,113.51,49.88,110.33
124670,113.85,49.38,110.33
124680,114.16,49.84,110.33
124690,114.46,49.75,110.33
124700,114.78,49.31,110.33
124710,115.06,49.68,110.33
124720,115.34,49.58,110.33
124730,115.63,49.22,110.33
124740,115.89,49.74,110.33
124750,116.15,49.34,110.33
124760,116.41,49.31,110.33
124770,116.64,49.73,110.33
124780,116.88,49.22,110.33
124790,117.10,49.42,110.33
124800,117.32,49.45,110.33
124810,117.54,49.23,110.33
124820,117.72,49.73,110.33
124830,117.93,49.10,110.33
124840,118.10,49.69,110.33
124850,118.27,49.45,110.33
124860,118.44,49.39,110.33
124870,118.59,49.75,110.33
124880,118.75,49.37,110.33
124890,118.87,49.84,110.33
124900,119.01,49.53,110.33
124910,119.11,50.05,110.33
124920,119.21,50.03,110.33
124930,119.30,50.01,110.33
124940,119.38,50.26,110.33
124950,119.47,49.95,110.33
124960,119.52,50.57,110.33
124970,119.58,50.15,110.33
124980,119.63,50.56,110.33
124990,119.66,50.62,110.33
125000,119.70,50.53,110.33
125010,119.71,50.92,110.33
125020,119.73,50.59,110.33
125030,119.73,51.15,110.33
125040,119.73,50.95,110.33
125050,119.73,50.99,110.33
125060,119.70,51.38,110.33
125070,119.69,50.98,110.33
125080,119.65,51.54,110.33
125090,119.61,51.62,110.33
125100,119.58,51.21,110.33
125110,119.54,51.54,110.33
125120,119.49,51.64,110.33
125130,119.42,51.85,110.33
125140,119.38,51.40,110.33
125150,119.32,51.83,110.33
125160,119.25,51.83,110.33
125170,119.20,51.50,110.33
125180,119.12,52.03,110.33
125190,119.05,51.84,110.33
125200,118.99,51.57,110.33
125210,118.91,52.19,110.33
125220,118.83,51.96,110.33
125230,118.76,51.69,110.33
125240,118.67,52.29,110.33
125250,118.59,52.00,110.33
125260,118.51,51.89,110.33
125270,118.41,52.46,110.33
125280,118.32,52.21,110.33
125290,118.23,52.02,110.33
125300,118.12,52.57,110.33
125310,118.03,52.33,110.33
125320,117.95,52.01,110.33
125330,117.83,52.61,110.33
125340,117.73,52.52,110.33
125350,117.64,52.20,110.33
125360,117.53,52.56,110.33
125370,117.42,52.67,110.33
125380,117.33,52.34,110.33
125390,117.22,52.55,110.33
125400,117.10,53.01,110.33
125410,116.99,52.73,110.33
125420,116.88,52.62,110.33
125430,116.76,53.04,110.33
125440,116.63,53.04,110.33
125450,116.53,52.67,110.33
125460,116.41,53.03,110.33
125470,116.28,53.37,110.33
125480,116.16,53.07,110.33
125490,116.06,52.77,110.33
125500,115.93,53.20,110.33
125510,115.80,53.54,110.33
125520,115.68,53.21,110.33
125530,115.57,53.02,110.33
125540,115.44,53.43,110.33
125550,115.31,53.62,110.33
125560,115.19,53.36,110.33
125570,115.08,53.19,110.33
125580,114.96,53.43,110.33
125590,114.83,53.77,110.33
125600,114.70,53.69,110.33
125610,114.59,53.33,110.33
125620,114.48,53.38,110.33
125630,114.36,53.75,110.33
125640,114.23,53.84,110.33
125650,114.12,53.61,110.33
125660,114.02,53.36,110.33
125670,113.91,53.54,110.33
125680,113.79,53.96,110.33
125690,113.66,54.02,110.33
125700,113.56,53.64,110.33
125710,113.47,53.30,110.33
125720,113.37,53.59,110.33
125730,113.25,53.96,110.33
125740,113.14,54.06,110.33
125750,113.04,53.74,110.33
125760,112.96,53.43,110.33
125770,112.86,53.69,110.33
125780,112.75,54.03,110.33
125790,112.64,54.08,110.33
125800,112.55,53.86,110.33
125810,112.47,53.51,110.33
125820,112.39,53.70,110.33
125830,112.29,54.02,110.33
125840,112.19,54.07,110.33
125850,112.11,53.86,110.33
125860,112.04,53.57,110.33
125870,111.96,53.72,110.33
125880,111.87,54.01,110.33
125890,111.77,54.26,110.33
125900,111.69,53.95,110.33
125910,111.63,53.63,110.33
125920,111.56,53.71,110.33
125930,111.48,54.07,110.33
125940,111.39,54.17,110.33
125950,111.32,53.99,110.33
125960,111.26,53.70,110.33
125970,111.20,53.72,110.33
125980,111.13,53.96,110.33
125990,111.05,54.24,110.33
126000,110.99,54.01,110.33
126010,110.93,53.74,110.33
126020,110.88,53.79,110.33
126030,110.81,54.11,110.33
126040,110.74,54.31,110.33
126050,110.67,54.13,110.33
126060,110.62,53.87,110.33
126070,110.57,53.88,110.33
126080,110.51,54.11,110.33
126090,110.44,54.37,110.33
126100,110.38,54.23,110.33
126110,110.34,53.81,110.33
126120,110.30,53.84,110.33
126130,110.25,54.04,110.33
126140,110.19,54.32,110.33
126150,110.14,54.20,110.33
126160,110.10,53.99,110.33
126170,110.07,53.74,110.33
126180,110.04,53.85,110.33
126190,109.99,54.22,110.33
126200,109.94,54.27,110.33
126210,109.90,54.12,110.33
126220,109.88,53.71,110.33
126230,109.85,53.78,110.33
126240,109.82,54.05,110.33
126250,109.77,54.31,110.33
126260,109.73,54.12,110.33
126270,109.72,53.76,110.33
126280,109.69,53.93,110.33
126290,109.68,53.68,110.33
126300,109.66,53.90,110.33
126310,109.63,54.09,110.33
126320,109.60,54.07,110.33
126330,109.58,53.89,110.33
126340,109.55,54.19,110.33
126350,109.52,54.18,110.33
126360,109.51,53.83,110.33
126370,109.50,53.63,110.33
126380,109.49,53.82,110.33
126390,109.47,54.15,110.33
126400,109.44,54.19,110.33
126410,109.43,53.81,110.33
126420,109.43,53.68,110.33
126430,109.42,53.82,110.33
126440,109.40,54.07,110.33
126450,109.38,54.12,110.33
126460,109.38,53.76,110.33
126470,109.39,53.59,110.33
126480,109.39,53.76,110.33
126490,109.37,54.12,110.33
126500,109.35,54.02,110.33
126510,109.35,53.73,110.33
126520,109.36,53.55,110.33
126530,109.37,53.72,110.33
126540,109.35,54.10,110.33
126550,109.34,54.06,110.33
126560,109.34,53.69,110.33
126570,109.36,53.54,110.33
126580,109.36,53.66,110.33
126590,109.35,54.03,110.33
126600,109.34,54.02,110.33
126610,109.35,53.62,110.33
126620,109.37,53.48,110.33
126630,109.37,53.73,110.33
126640,109.37,54.00,110.33
126650,109.36,54.01,110.33
126660,109.37,53.66,110.33
126670,109.39,53.50,110.33
126680,109.39,53.71,110.33
126690,109.38,54.00,110.33
126700,109.38,53.96,110.33
126710,109.39,53.62,110.33
126720,109.41,53.55,110.33
126730,109.41,53.78,110.33
126740,109.40,54.08,110.33
126750,109.40,53.94,110.33
126760,109.41,53.62,110.33
126770,109.43,53.51,110.33
126780,109.43,53.96,110.33
126790,109.41,54.20,110.33
126800,109.41,53.98,110.33
126810,109.42,53.69,110.33
126820,109.43,53.65,110.33
126830,109.43,54.00,110.33
126840,109.41,54.24,110.33
126850,109.41,54.06,110.33
126860,109.42,53.69,110.33
126870,109.43,53.69,110.33
126880,109.43,53.95,110.33
126890,109.42,54.25,110.33
126900,109.41,54.16,110.33
126910,109.42,53.79,110.33
126920,109.43,53.69,110.33
126930,109.43,53.92,110.33
126940,109.42,54.28,110.33
126950,109.41,54.22,110.33
126960,109.42,53.80,110.33
126970,109.43,53.72,110.33
126980,109.44,53.84,110.33
126990,109.43,54.20,110.33
127000,109.42,54.22,110.33
127010,109.43,53.95,110.33
127020,109.44,53.72,110.33
127030,109.45,53.87,110.33
127040,109.44,54.24,110.33
127050,109.43,54.31,110.33
127060,109.43,53.99,110.33
127070,109.44,53.80,110.33
127080,109.45,53.79,110.33
127090,109.45,54.17,110.33
127100,109.44,54.35,110.33
127110,109.44,54.01,110.33
127120,109.45,53.84,110.33
127130,109.46,53.91,110.33
127140,109.46,54.16,110.33
127150,109.44,54.39,110.33
127160,109.44,54.18,110.33
127170,109.45,53.92,110.33
127180,109.46,53.89,110.33
127190,109.46,54.10,110.33
127200,109.45,54.36,110.33
127210,109.44,54.34,110.33
127220,109.44,53.99,110.33
127230,109.46,53.80,110.33
127240,109.46,54.07,110.33
127250,109.45,54.35,110.33
127260,109.44,54.41,110.33
127270,109.44,54.13,110.33
127280,109.46,53.95,110.33
127290,109.46,54.00,110.33
127300,109.46,54.27,110.33
127310,109.45,54.40,110.33
127320,109.45,54.23,110.33
127330,109.46,53.92,110.33
127340,109.47,54.09,110.33
127350,109.46,54.36,110.33
127360,109.44,54.54,110.33
127370,109.44,54.32,110.33
127380,109.45,54.01,110.33
127390,109.46,54.05,110.33
127400,109.46,54.27,110.33
127410,109.45,54.48,110.33
127420,109.44,54.44,110.33
127430,109.44,54.12,110.33
127440,109.46,53.90,110.33
127450,109.47,54.09,110.33
127460,109.46,54.40,110.33
127470,109.45,54.55,110.33
127480,109.45,54.29,110.33
127490,109.46,54.08,110.33
127500,109.47,54.04,110.33
127510,109.48,54.13,110.33
127520,109.49,54.03,110.33
127530,109.49,54.36,110.33
127540,109.48,54.46,110.33
127550,109.48,54.30,110.33
127560,109.49,54.11,110.33
127570,109.49,54.45,110.33
127580,109.48,54.35,110.33
127590,109.49,54.13,110.33
127600,109.52,53.89,110.33
127610,109.52,54.16,110.33
127620,109.52,54.42,110.33
127630,109.50,54.66,110.33
127640,109.51,54.28,110.33
127650,109.52,54.05,110.33
127660,109.53,54.06,110.33
127670,109.53,54.36,110.33
127680,109.52,54.59,110.33
127690,109.51,54.55,110.33
127700,109.52,54.29,110.33
127710,109.53,54.01,110.33
127720,109.55,54.09,110.33
127730,109.55,54.40,110.33
127740,109.53,54.63,110.33
127750,109.53,54.44,110.33
127760,109.55,54.10,110.33
127770,109.56,54.12,110.33
127780,109.56,54.40,110.33
127790,109.55,54.61,110.33
127800,109.53,54.79,110.33
127810,109.53,54.47,110.33
127820,109.54,54.16,110.33
127830,109.55,54.14,110.33
127840,109.55,54.43,110.33
127850,109.54,54.68,110.33
127860,109.53,54.67,110.33
127870,109.53,54.41,110.33
127880,109.55,54.16,110.33
127890,109.56,54.19,110.33
127900,109.56,54.40,110.33
127910,109.55,54.69,110.33
127920,109.54,54.71,110.33
127930,109.54,54.45,110.33
127940,109.55,54.23,110.33
127950,109.57,54.20,110.33
127960,109.57,54.41,110.33
127970,109.56,54.69,110.33
127980,109.55,54.74,110.33
127990,109.55,54.47,110.33
128000,109.56,54.29,110.33
128010,109.58,13.95,41.48
128020,109.59,13.75,41.48
128030,109.58,13.59,41.48
128040,109.58,13.16,41.48
128050,109.53,13.54,41.48
128060,109.51,12.62,41.48
128070,109.47,12.54,41.48
128080,109.36,13.60,41.48
128090,109.23,13.48,41.48
128100,109.05,14.18,41.48
128110,108.83,14.79,41.48
128120,108.57,15.14,41.48
128130,108.26,15.97,41.48
128140,107.91,16.42,41.48
128150,107.53,16.86,41.48
128160,107.09,17.87,41.48
128170,106.61,18.55,41.48
128180,106.09,19.37,41.48
128190,105.51,20.19,41.48
128200,104.91,20.63,41.48
128210,104.26,21.65,41.48
128220,103.57,22.47,41.48
128230,102.83,23.32,41.48
128240,102.04,24.37,41.48
128250,101.22,25.18,41.48
128260,100.36,26.10,41.48
128270,99.44,27.29,41.48
128280,98.49,28.26,41.48
128290,97.48,29.44,41.48
128300,96.44,30.48,41.48
128310,95.37,31.32,41.48
128320,94.25,32.46,41.48
128330,93.10,33.50,41.48
128340,91.90,34.78,41.48
128350,90.65,36.15,41.48
128360,89.37,37.22,41.48
128370,88.05,38.57,41.48
128380,86.67,40.10,41.48
128390,85.27,41.07,41.48
128400,83.86,41.97,41.48
128410,82.40,43.30,41.48
128420,80.90,44.75,41.48
128430,79.38,45.84,41.48
128440,77.83,47.07,41.48
128450,76.25,48.39,41.48
128460,74.65,49.49,41.48
128470,73.03,50.60,41.48
128480,71.39,51.56,41.48
128490,69.75,52.44,41.48
128500,68.09,53.65,41.48
128510,66.42,54.81,41.48
128520,64.72,55.91,41.48
128530,63.04,56.67,41.48
128540,61.34,57.70,41.48
128550,59.65,58.36,41.48
128560,57.96,59.26,41.48
128570,56.28,59.95,41.48
128580,54.62,60.39,41.48
128590,52.98,60.84,41.48
128600,51.35,61.53,41.48
128610,49.73,62.22,41.48
128620,48.12,62.92,41.48
128630,46.53,63.38,41.48
128640,44.96,63.80,41.48
128650,43.43,64.06,41.48
128660,41.93,64.08,41.48
128670,40.49,63.83,41.48
128680,39.12,63.35,41.48
128690,37.75,63.90,41.48
128700,36.37,65.14,41.48
128710,35.04,64.99,41.48
128720,33.83,63.22,41.48
128730,32.66,63.04,41.48
128740,31.44,65.10,41.48
128750,30.38,62.40,41.48
128760,29.26,64.23,41.48
128770,28.23,63.32,41.48
128780,27.34,61.04,41.48
128790,26.38,62.95,41.48
128800,25.53,61.65,41.48
128810,24.76,60.31,41.48
128820,23.94,62.01,41.48
128830,23.24,60.14,41.48
128840,22.66,58.20,41.48
128850,22.04,59.67,41.48
128860,21.45,59.29,41.48
128870,21.01,56.78,41.48
128880,20.63,55.98,41.48
128890,20.22,56.84,41.48
128900,19.85,56.46,41.48
128910,19.57,54.85,41.48
128920,19.38,53.43,41.48
128930,19.24,52.73,41.48
128940,19.14,52.05,41.48
128950,19.07,51.52,41.48
128960,19.06,50.64,41.48
128970,19.08,50.08,41.48
128980,19.16,49.04,41.48
128990,19.28,48.39,41.48
129000,19.44,47.63,41.48
129010,19.62,47.09,41.48
129020,19.82,46.81,41.48
129030,20.07,45.96,41.48
129040,20.36,44.90,41.48
129050,20.67,44.74,41.48
129060,20.99,44.15,41.48
129070,21.36,43.25,41.48
129080,21.74,42.98,41.48
129090,22.15,42.26,41.48
129100,22.56,42.10,41.48
129110,23.01,41.21,41.48
129120,23.47,40.84,41.48
129130,23.95,40.37,41.48
129140,24.44,39.79,41.48
129150,24.95,39.52,41.48
129160,25.45,39.18,41.48
129170,25.98,38.68,41.48
129180,26.51,38.24,41.48
129190,27.07,37.60,41.48
129200,27.62,37.46,41.48
129210,28.18,37.15,41.48
129220,28.73,37.05,41.48
129230,29.26,37.10,41.48
129240,29.81,36.55,41.48
129250,30.36,36.45,41.48
129260,30.90,36.15,41.48
129270,31.47,35.49,41.48
129280,32.04,35.26,41.48
129290,32.59,35.20,41.48
129300,33.12,35.42,41.48
129310,33.64,35.54,41.48
129320,34.13,35.61,41.48
129330,34.63,35.31,41.48
129340,35.13,35.07,41.48
129350,35.61,35.31,41.48
129360,36.07,35.55,41.48
129370,36.50,35.63,41.48
129380,36.96,34.98,41.48
129390,37.40,35.16,41.48
129400,37.80,35.76,41.48
129410,38.22,35.21,41.48
129420,38.62,35.29,41.48
129430,38.98,35.85,41.48
129440,39.34,35.65,41.48
129450,39.71,35.45,41.48
129460,40.03,36.09,41.48
129470,40.36,35.74,41.48
129480,40.66,36.19,41.48
129490,40.97,35.92,41.48
129500,41.23,36.57,41.48
129510,41.48,36.65,41.48
129520,41.75,36.32,41.48
129530,41.97,36.96,41.48
129540,42.17,37.36,41.48
129550,42.39,36.65,41.48
129560,42.58,37.39,41.48
129570,42.73,37.89,41.48
129580,42.90,37.53,41.48
129590,43.05,37.85,41.48
129600,43.16,38.49,41.48
129610,43.25,38.69,41.48
129620,43.35,38.59,41.48
129630,43.45,38.59,41.48
129640,43.50,39.39,41.48
129650,43.52,40.08,41.48
129660,43.54,39.92,41.48
129670,43.56,40.02,41.48
129680,43.56,40.37,41.48
129690,43.52,41.07,41.48
129700,43.47,41.48,41.48
129710,43.42,41.35,41.48
129720,43.38,41.33,41.48
129730,43.31,41.66,41.48
129740,43.25,41.79,41.48
129750,43.15,42.39,41.48
129760,43.03,42.96,41.48
129770,42.90,43.30,41.48
129780,42.77,43.39,41.48
129790,42.62,43.76,41.48
129800,42.47,43.73,41.48
129810,42.33,43.74,41.48
129820,42.19,43.87,41.48
129830,42.04,44.19,41.48
129840,41.88,44.27,41.48
129850,41.71,44.72,41.48
129860,41.53,44.98,41.48
129870,41.34,45.27,41.48
129880,41.14,45.54,41.48
129890,40.95,45.59,41.48
129900,40.76,45.62,41.48
129910,40.57,45.71,41.48
129920,40.39,45.67,41.48
129930,40.20,45.93,41.48
129940,40.02,46.06,41.48
129950,39.82,46.38,41.48
129960,39.64,46.05,41.48
129970,39.47,46.05,41.48
129980,39.29,46.38,41.48
129990,39.12,46.24,41.48
130000,38.95,46.46,41.48
130010,38.78,46.58,41.48
130020,38.59,46.93,41.48
130030,38.43,46.63,41.48
130040,38.26,46.85,41.48
130050,38.09,46.95,41.48
130060,37.94,46.71,41.48
130070,37.78,47.03,41.48
130080,37.63,46.90,41.48
130090,37.49,46.82,41.48
130100,37.36,46.84,41.48
130110,37.23,46.84,41.48
130120,37.12,46.58,41.48
130130,37.00,46.69,41.48
130140,36.89,46.73,41.48
130150,36.80,46.48,41.48
130160,36.71,46.51,41.48
130170,36.62,46.47,41.48
130180,36.54,46.41,41.48
130190,36.47,46.33,41.48
130200,36.42,46.11,41.48
130210,36.37,46.12,41.48
130220,36.31,46.17,41.48
130230,36.28,45.92,41.48
130240,36.24,45.88,41.48
130250,36.22,45.85,41.48
130260,36.20,45.54,41.48
130270,36.19,45.61,41.48
130280,36.19,45.36,41.48
130290,36.20,45.30,41.48
130300,36.20,45.44,41.48
130310,36.22,45.06,41.48
130320,36.25,45.02,41.48
130330,36.27,45.13,41.48
130340,36.30,44.82,41.48
130350,36.35,44.68,41.48
130360,36.39,44.83,41.48
130370,36.44,44.44,41.48
130380,36.50,44.33,41.48
130390,36.56,44.45,41.48
130400,36.63,44.16,41.48
130410,36.71,44.02,41.48
130420,36.77,44.27,41.48
130430,36.85,43.91,41.48
130440,36.93,43.96,41.48
130450,37.01,43.80,41.48
130460,37.09,43.91,41.48
130470,37.19,43.57,41.48
130480,37.27,43.71,41.48
130490,37.36,43.70,41.48
130500,37.45,43.47,41.48
130510,37.55,43.34,41.48
130520,37.65,43.35,41.48
130530,37.74,43.40,41.48
130540,37.86,42.97,41.48
130550,37.96,43.24,41.48
130560,38.06,43.08,41.48
130570,38.17,42.95,41.48
130580,38.28,42.92,41.48
130590,38.38,42.99,41.48
130600,38.48,43.03,41.48
130610,38.59,42.82,41.48
130620,38.70,42.76,41.48
130630,38.81,42.61,41.48
130640,38.91,42.76,41.48
130650,39.00,43.02,41.48
130660,39.10,42.75,41.48
130670,39.22,42.48,41.48
130680,39.32,42.61,41.48
130690,39.42,42.51,41.48
130700,39.52,42.67,41.48
130710,39.61,42.81,41.48
130720,39.70,42.56,41.48
130730,39.79,42.63,41.48
130740,39.88,42.79,41.48
130750,39.95,42.95,41.48
130760,40.02,42.81,41.48
130770,40.10,42.71,41.48
130780,40.18,42.77,41.48
130790,40.24,43.02,41.48
130800,40.30,43.15,41.48
130810,40.36,42.93,41.48
130820,40.42,42.96,41.48
130830,40.48,42.99,41.48
130840,40.53,43.11,41.48
130850,40.58,43.01,41.48
130860,40.63,43.22,41.48
130870,40.68,43.05,41.48
130880,40.72,43.16,41.48
130890,40.76,43.15,41.48
130900,40.79,43.40,41.48
130910,40.82,43.50,41.48
130920,40.84,43.60,41.48
130930,40.86,43.53,41.48
130940,40.89,43.41,41.48
130950,40.91,43.44,41.48
130960,40.93,43.72,41.48
130970,40.93,43.81,41.48
130980,40.94,43.86,41.48
130990,40.96,43.51,41.48
131000,40.97,43.73,41.48
131010,40.98,43.80,41.48
131020,40.97,44.11,41.48
131030,40.96,44.09,41.48
131040,40.96,44.06,41.48
131050,40.94,44.24,41.48
131060,40.93,44.23,41.48
131070,40.91,44.37,41.48
131080,40.90,44.33,41.48
131090,40.88,44.44,41.48
131100,40.86,44.34,41.48
131110,40.85,44.23,41.48
131120,40.83,44.55,41.48
131130,40.82,44.28,41.48
131140,40.81,44.23,41.48
131150,40.79,44.40,41.48
131160,40.77,44.56,41.48
131170,40.75,44.64,41.48
131180,40.74,44.36,41.48
131190,40.73,44.35,41.48
131200,40.70,44.66,41.48
131210,40.68,44.62,41.48
131220,40.66,44.56,41.48
131230,40.66,44.37,41.48
131240,40.64,44.49,41.48
131250,40.61,44.84,41.48
131260,40.60,44.47,41.48
131270,40.59,44.53,41.48
131280,40.58,44.54,41.48
131290,40.56,44.66,41.48
131300,40.55,44.52,41.48
131310,40.55,44.44,41.48
131320,40.53,44.62,41.48
131330,40.52,44.59,41.48
131340,40.51,44.64,41.48
131350,40.50,44.53,41.48
131360,40.49,44.50,41.48
131370,40.47,44.83,41.48
131380,40.47,44.41,41.48
131390,40.47,44.50,41.48
131400,40.47,44.46,41.48
131410,40.46,44.53,41.48
131420,40.47,44.32,41.48
131430,40.47,44.46,41.48
131440,40.47,44.55,41.48
131450,40.46,44.57,41.48
131460,40.46,44.45,41.48
131470,40.47,44.30,41.48
131480,40.46,44.61,41.48
131490,40.47,44.29,41.48
131500,40.49,44.22,41.48
131510,40.49,44.42,41.48
131520,40.50,44.41,41.48
131530,40.51,44.26,41.48
131540,40.52,44.29,41.48
131550,40.53,44.23,41.48
131560,40.54,44.38,41.48
131570,40.55,44.34,41.48
131580,40.56,44.22,41.48
131590,40.56,44.55,41.48
131600,40.56,44.37,41.48
131610,40.58,44.20,41.48
131620,40.59,44.29,41.48
131630,40.59,44.52,41.48
131640,40.60,44.34,41.48
131650,40.61,44.27,41.48
131660,40.62,44.32,41.48
131670,40.63,44.35,41.48
131680,40.63,44.48,41.48
131690,40.64,44.34,41.48
131700,40.65,44.26,41.48
131710,40.65,44.57,41.48
131720,40.65,44.54,41.48
131730,40.66,44.32,41.48
131740,40.66,44.46,41.48
131750,40.66,44.60,41.48
131760,40.66,44.48,41.48
131770,40.67,44.46,41.48
131780,40.67,44.43,41.48
131790,40.67,44.59,41.48
131800,40.67,44.58,41.48
131810,40.67,44.59,41.48
131820,40.67,44.55,41.48
131830,40.66,44.71,41.48
131840,40.66,44.70,41.48
131850,40.66,44.47,41.48
131860,40.66,44.60,41.48
131870,40.66,44.65,41.48
131880,40.66,44.64,41.48
131890,40.66,44.57,41.48
131900,40.66,44.59,41.48
131910,40.66,44.71,41.48
131920,40.65,44.79,41.48
131930,40.65,44.65,41.48
131940,40.66,44.56,41.48
131950,40.64,44.88,41.48
131960,40.65,44.58,41.48
131970,40.66,44.48,41.48
131980,40.66,44.68,41.48
131990,40.66,44.71,41.48
132000,40.66,44.60,41.48
132010,40.66,55.37,60.00
132020,40.67,55.56,60.00
132030,40.66,55.81,60.00
132040,40.65,56.03,60.00
132050,40.65,56.07,60.00
132060,40.64,56.23,60.00
132070,40.65,56.18,60.00
132080,40.67,55.94,60.00
132090,40.70,55.93,60.00
132100,40.75,55.53,60.00
132110,40.82,55.24,60.00
132120,40.89,55.33,60.00
132130,40.98,54.95,60.00
132140,41.10,54.60,60.00
132150,41.23,54.26,60.00
132160,41.39,53.85,60.00
132170,41.55,53.68,60.00
132180,41.73,53.45,60.00
132190,41.92,53.31,60.00
132200,42.13,52.81,60.00
132210,42.36,52.36,60.00
132220,42.61,51.95,60.00
132230,42.87,51.73,60.00
132240,43.14,51.51,60.00
132250,43.43,51.03,60.00
132260,43.73,50.71,60.00
132270,44.06,50.24,60.00
132280,44.40,49.77,60.00
132290,44.74,49.64,60.00
132300,45.10,49.25,60.00
132310,45.46,49.05,60.00
132320,45.84,48.61,60.00
132330,46.23,48.12,60.00
132340,46.62,48.11,60.00
132350,47.03,47.52,60.00
132360,47.45,47.31,60.00
132370,47.87,47.01,60.00
132380,48.29,46.77,60.00
132390,48.72,46.45,60.00
132400,49.15,46.30,60.00
132410,49.60,45.88,60.00
132420,50.02,46.02,60.00
132430,50.46,45.61,60.00
132440,50.90,45.43,60.00
132450,51.34,45.14,60.00
132460,51.77,45.11,60.00
132470,52.21,44.78,60.00
132480,52.64,44.76,60.00
132490,53.07,44.53,60.00
132500,53.49,44.52,60.00
132510,53.91,44.36,60.00
132520,54.33,44.18,60.00
132530,54.75,44.12,60.00
132540,55.16,43.95,60.00
132550,55.55,44.04,60.00
132560,55.95,43.89,60.00
132570,56.33,43.83,60.00
132580,56.70,43.93,60.00
132590,57.07,43.83,60.00
132600,57.43,43.73,60.00
132610,57.77,44.02,60.00
132620,58.11,43.79,60.00
132630,58.43,44.03,60.00
132640,58.75,43.97,60.00
132650,59.05,44.06,60.00
132660,59.35,43.99,60.00
132670,59.64,43.94,60.00
132680,59.90,44.44,60.00
132690,60.17,44.12,60.00
132700,60.41,44.42,60.00
132710,60.65,44.51,60.00
132720,60.86,44.68,60.00
132730,61.08,44.66,60.00
132740,61.27,44.90,60.00
132750,61.45,45.07,60.00
132760,61.63,45.09,60.00
132770,61.78,45.36,60.00
132780,61.93,45.52,60.00
132790,62.05,45.75,60.00
132800,62.16,46.02,60.00
132810,62.28,45.85,60.00
132820,62.36,46.39,60.00
132830,62.44,46.42,60.00
132840,62.51,46.54,60.00
132850,62.57,46.85,60.00
132860,62.60,47.17,60.00
132870,62.63,47.17,60.00
132880,62.65,47.50,60.00
132890,62.65,47.77,60.00
132900,62.64,47.89,60.00
132910,62.63,48.10,60.00
132920,62.59,48.47,60.00
132930,62.55,48.50,60.00
132940,62.51,48.73,60.00
132950,62.45,48.97,60.00
132960,62.39,49.05,60.00
132970,62.31,49.33,60.00
132980,62.24,49.32,60.00
132990,62.15,49.65,60.00
133000,62.07,49.66,60.00
133010,61.97,49.90,60.00
133020,61.88,49.94,60.00
133030,61.77,50.19,60.00
133040,61.66,50.27,60.00
133050,61.55,50.49,60.00
133060,61.43,50.52,60.00
133070,61.31,50.70,60.00
133080,61.20,50.67,60.00
133090,61.07,50.95,60.00
133100,60.95,50.87,60.00
133110,60.83,51.06,60.00
133120,60.71,50.92,60.00
133130,60.58,51.34,60.00
133140,60.46,51.20,60.00
133150,60.34,51.27,60.00
133160,60.21,51.44,60.00
133170,60.09,51.34,60.00
133180,59.96,51.57,60.00
133190,59.85,51.35,60.00
133200,59.74,51.49,60.00
133210,59.61,51.69,60.00
133220,59.51,51.39,60.00
133230,59.40,51.59,60.00
133240,59.30,51.40,60.00
133250,59.20,51.51,60.00
133260,59.11,51.45,60.00
133270,59.01,51.57,60.00
133280,58.92,51.36,60.00
133290,58.84,51.42,60.00
133300,58.76,51.30,60.00
133310,58.69,51.26,60.00
133320,58.62,51.41,60.00
133330,58.56,51.14,60.00
133340,58.49,51.26,60.00
133350,58.43,51.17,60.00
133360,58.38,51.14,60.00
133370,58.33,51.09,60.00
133380,58.28,51.26,60.00
133390,58.23,51.01,60.00
133400,58.19,51.04,60.00
133410,58.16,50.97,60.00
133420,58.12,51.04,60.00
133430,58.09,50.84,60.00
133440,58.06,51.10,60.00
133450,58.03,50.85,60.00
133460,58.01,50.78,60.00
133470,57.99,50.84,60.00
133480,57.98,50.76,60.00
133490,57.96,50.72,60.00
133500,57.96,50.61,60.00
133510,57.94,50.79,60.00
133520,57.94,50.54,60.00
133530,57.94,50.59,60.00
133540,57.94,50.56,60.00
133550,57.95,50.35,60.00
133560,57.95,50.55,60.00
133570,57.96,50.37,60.00
133580,57.98,50.31,60.00
133590,57.98,50.45,60.00
133600,58.01,50.13,60.00
133610,58.02,50.35,60.00
133620,58.04,50.25,60.00
133630,58.06,50.22,60.00
133640,58.07,50.32,60.00
133650,58.09,50.18,60.00
133660,58.11,50.27,60.00
133670,58.13,50.17,60.00
133680,58.15,50.27,60.00
133690,58.17,50.24,60.00
133700,58.19,50.17,60.00
133710,58.21,50.30,60.00
133720,58.22,50.30,60.00
133730,58.25,49.98,60.00
133740,58.27,50.30,60.00
133750,58.29,50.11,60.00
133760,58.32,50.15,60.00
133770,58.34,50.24,60.00
133780,58.36,50.12,60.00
133790,58.37,50.39,60.00
133800,58.40,50.09,60.00
133810,58.41,50.34,60.00
133820,58.43,50.28,60.00
133830,58.45,50.10,60.00
133840,58.46,50.52,60.00
133850,58.48,50.13,60.00
133860,58.49,50.34,60.00
133870,58.51,50.37,60.00
133880,58.52,50.28,60.00
133890,58.53,50.47,60.00
133900,58.56,50.10,60.00
133910,58.56,50.59,60.00
133920,58.58,50.26,60.00
133930,58.60,50.27,60.00
133940,58.60,50.45,60.00
133950,58.63,50.13,60.00
133960,58.64,50.47,60.00
133970,58.65,50.30,60.00
133980,58.67,50.34,60.00
133990,58.68,50.43,60.00
134000,58.70,50.12,60.00
134010,58.71,50.52,60.00
134020,58.73,50.18,60.00
134030,58.75,50.24,60.00
134040,58.76,50.37,60.00
134050,58.78,50.23,60.00
134060,58.79,50.51,60.00
134070,58.81,50.13,60.00
134080,58.82,50.51,60.00
134090,58.83,50.40,60.00
134100,58.84,50.28,60.00
134110,58.84,50.72,60.00
134120,58.85,50.38,60.00
134130,58.85,50.64,60.00
134140,58.86,50.53,60.00
134150,58.87,50.47,60.00
134160,58.87,50.63,60.00
134170,58.88,50.33,60.00
134180,58.88,50.68,60.00
134190,58.89,50.51,60.00
134200,58.89,50.63,60.00
134210,58.90,50.61,60.00
134220,58.91,50.47,60.00
134230,58.91,50.55,60.00
134240,58.91,50.73,60.00
134250,58.92,50.46,60.00
134260,58.92,50.71,60.00
134270,58.93,50.56,60.00
134280,58.94,50.54,60.00
134290,58.93,50.77,60.00
134300,58.95,50.41,60.00
134310,58.95,50.75,60.00
134320,58.95,50.70,60.00
134330,58.96,50.57,60.00
134340,58.96,50.72,60.00
134350,58.96,50.68,60.00
134360,58.97,50.55,60.00
134370,58.96,50.91,60.00
134380,58.97,50.53,60.00
134390,58.97,50.87,60.00
134400,58.97,50.74,60.00
134410,58.97,50.73,60.00
134420,58.97,50.87,60.00
134430,58.97,50.76,60.00
134440,58.97,50.72,60.00
134450,58.96,50.96,60.00
134460,58.97,50.64,60.00
134470,58.97,50.92,60.00
134480,58.97,50.75,60.00
134490,58.98,50.69,60.00
134500,58.98,50.82,60.00
134510,58.98,50.77,60.00
134520,58.98,50.76,60.00
134530,58.98,50.97,60.00
134540,58.99,50.66,60.00
134550,58.99,50.90,60.00
134560,58.98,50.91,60.00
134570,58.98,50.92,60.00
134580,58.99,50.73,60.00
134590,58.99,50.93,60.00
134600,58.99,50.90,60.00
134610,58.99,50.71,60.00
134620,58.99,50.92,60.00
134630,59.00,50.77,60.00
134640,59.01,50.72,60.00
134650,59.01,50.92,60.00
134660,59.02,50.78,60.00
134670,59.02,50.80,60.00
134680,59.02,50.95,60.00
134690,59.03,50.81,60.00
134700,59.02,51.01,60.00
134710,59.03,50.83,60.00
134720,59.03,50.94,60.00
134730,59.03,50.93,60.00
134740,59.03,50.97,60.00
134750,59.03,50.89,60.00
134760,59.03,50.97,60.00
134770,59.03,51.03,60.00
134780,59.04,50.83,60.00
134790,59.02,51.31,60.00
134800,59.03,50.86,60.00
134810,59.02,51.13,60.00
134820,59.02,51.00,60.00
134830,59.03,50.99,60.00
134840,59.03,50.99,60.00
134850,59.03,50.99,60.00
134860,59.04,50.80,60.00
134870,59.04,51.08,60.00
134880,59.05,50.86,60.00
134890,59.05,50.98,60.00
134900,59.05,51.01,60.00
134910,59.06,50.87,60.00
134920,59.07,50.96,60.00
134930,59.07,51.00,60.00
134940,59.07,50.99,60.00
134950,59.08,50.97,60.00
134960,59.07,51.15,60.00
134970,59.08,50.86,60.00
134980,59.08,51.24,60.00
134990,59.09,50.90,60.00
135000,59.09,51.06,60.00
135010,59.08,51.16,60.00
135020,59.09,51.04,60.00
135030,59.09,51.03,60.00
135040,59.09,51.21,60.00
135050,59.10,50.93,60.00
135060,59.09,51.25,60.00
135070,59.09,51.05,60.00
135080,59.10,51.09,60.00
135090,59.09,51.17,60.00
135100,59.09,51.17,60.00
135110,59.10,51.02,60.00
135120,59.10,51.11,60.00
135130,59.10,51.18,60.00
135140,59.11,50.98,60.00
135150,59.10,51.30,60.00
135160,59.11,50.98,60.00
135170,59.11,51.17,60.00
135180,59.12,51.13,60.00
135190,59.12,51.01,60.00
135200,59.12,51.16,60.00
135210,59.13,51.16,60.00
135220,59.13,51.09,60.00
135230,59.13,51.15,60.00
135240,59.14,51.13,60.00
135250,59.15,51.00,60.00
135260,59.15,51.27,60.00
135270,59.15,51.02,60.00
135280,59.16,51.16,60.00
135290,59.16,51.20,60.00
135300,59.17,51.02,60.00
135310,59.17,51.11,60.00
135320,59.18,51.17,60.00
135330,59.19,50.92,60.00
135340,59.19,51.27,60.00
135350,59.20,51.05,60.00
135360,59.21,50.96,60.00
135370,59.21,51.21,60.00
135380,59.22,51.04,60.00
135390,59.23,51.02,60.00
135400,59.24,51.16,60.00
135410,59.25,51.03,60.00
135420,59.25,51.08,60.00
135430,59.25,51.26,60.00
135440,59.27,50.89,60.00
135450,59.28,51.11,60.00
135460,59.29,51.08,60.00
135470,59.30,50.89,60.00
135480,59.31,51.07,60.00
135490,59.32,50.97,60.00
135500,59.34,50.96,60.00
135510,59.34,51.07,60.00
135520,59.35,51.03,60.00
135530,59.37,50.92,60.00
135540,59.38,51.08,60.00
135550,59.39,51.01,60.00
135560,59.40,50.98,60.00
135570,59.40,51.13,60.00
135580,59.41,50.97,60.00
135590,59.41,51.22,60.00
135600,59.42,51.12,60.00
135610,59.43,51.08,60.00
135620,59.43,51.18,60.00
135630,59.43,51.17,60.00
135640,59.44,51.09,60.00
135650,59.43,51.27,60.00
135660,59.44,51.12,60.00
135670,59.44,51.31,60.00
135680,59.44,51.20,60.00
135690,59.44,51.25,60.00
135700,59.45,51.08,60.00
135710,59.44,51.30,60.00
135720,59.45,51.12,60.00
135730,59.46,51.09,60.00
135740,59.45,51.29,60.00
135750,59.46,51.16,60.00
135760,59.46,51.21,60.00
135770,59.47,50.99,60.00
135780,59.47,51.31,60.00
135790,59.48,51.08,60.00
135800,59.49,51.06,60.00
135810,59.49,51.21,60.00
135820,59.50,50.97,60.00
135830,59.51,51.19,60.00
135840,59.52,51.02,60.00
135850,59.52,51.20,60.00
135860,59.54,50.92,60.00
135870,59.54,51.17,60.00
135880,59.55,51.02,60.00
135890,59.57,50.93,60.00
135900,59.57,51.16,60.00
135910,59.58,50.95,60.00
135920,59.60,50.94,60.00
135930,59.60,51.14,60.00
135940,59.63,50.77,60.00
135950,59.63,51.05,60.00
135960,59.65,50.94,60.00
135970,59.66,50.84,60.00
135980,59.68,50.97,60.00
135990,59.69,51.00,60.00
136000,59.70,50.84,60.00
136010,59.71,51.01,60.00
136020,59.72,50.97,60.00
136030,59.74,50.72,60.00
136040,59.74,51.16,60.00
136050,59.76,50.79,60.00
136060,59.77,50.97,60.00
136070,59.78,51.03,60.00
136080,59.79,50.92,60.00
136090,59.80,50.94,60.00
136100,59.81,50.98,60.00
136110,59.82,50.85,60.00
136120,59.83,50.89,60.00
136130,59.83,51.07,60.00
136140,59.85,50.78,60.00
136150,59.86,51.04,60.00
136160,59.86,50.92,60.00
136170,59.88,50.81,60.00
136180,59.88,51.06,60.00
136190,59.89,50.86,60.00
136200,59.90,50.87,60.00
136210,59.91,50.96,60.00
136220,59.92,50.93,60.00
136230,59.93,50.81,60.00
136240,59.94,51.00,60.00
136250,59.95,50.82,60.00
136260,59.95,51.04,60.00
136270,59.96,50.94,60.00
136280,59.96,50.88,60.00
136290,59.97,50.95,60.00
136300,59.97,51.10,60.00
136310,59.98,50.84,60.00
136320,59.97,51.18,60.00
136330,59.97,51.01,60.00
136340,59.98,50.93,60.00
136350,59.97,51.23,60.00
136360,59.98,50.80,60.00
136370,59.97,51.29,60.00
136380,59.97,51.01,60.00
136390,59.97,51.12,60.00
136400,59.97,51.10,60.00
136410,59.96,51.16,60.00
136420,59.97,50.97,60.00
136430,59.96,51.26,60.00
136440,59.96,51.07,60.00
136450,59.96,51.10,60.00
136460,59.95,51.27,60.00
136470,59.95,51.10,60.00
136480,59.94,51.11,60.00
136490,59.93,51.29,60.00
136500,59.93,51.12,60.00
136510,59.93,51.18,60.00
136520,59.92,51.33,60.00
136530,59.92,50.98,60.00
136540,59.91,51.32,60.00
136550,59.91,51.06,60.00
136560,59.92,51.02,60.00
136570,59.91,51.21,60.00
136580,59.91,51.01,60.00
136590,59.92,51.00,60.00
136600,59.92,51.06,60.00
136610,59.93,51.01,60.00
136620,59.93,50.90,60.00
136630,59.93,51.14,60.00
136640,59.94,50.90,60.00
136650,59.95,50.93,60.00
136660,59.95,51.05,60.00
136670,59.96,50.91,60.00
136680,59.96,51.09,60.00
136690,59.96,51.01,60.00
136700,59.96,51.02,60.00
136710,59.97,50.98,60.00
136720,59.96,51.15,60.00
136730,59.97,50.93,60.00
136740,59.97,51.05,60.00
136750,59.98,51.00,60.00
136760,59.98,50.91,60.00
136770,59.97,51.26,60.00
136780,59.99,50.79,60.00
136790,59.98,51.24,60.00
136800,59.98,51.00,60.00
136810,59.98,51.20,60.00
136820,59.98,50.96,60.00
136830,59.98,51.17,60.00
136840,59.98,50.95,60.00
136850,59.98,51.07,60.00
136860,59.98,51.14,60.00
136870,59.97,51.20,60.00
136880,59.98,50.85,60.00
136890,59.97,51.31,60.00
136900,59.98,50.87,60.00
136910,59.97,51.20,60.00
136920,59.97,51.12,60.00
136930,59.96,51.25,60.00
136940,59.97,50.94,60.00
136950,59.96,51.33,60.00
136960,59.97,50.88,60.00
136970,59.97,51.07,60.00
136980,59.97,50.99,60.00
136990,59.97,51.07,60.00
137000,59.97,51.08,60.00
137010,59.97,51.09,60.00
137020,59.98,50.94,60.00
137030,59.98,51.11,60.00
137040,59.97,51.12,60.00
137050,59.98,50.90,60.00
137060,59.97,51.28,60.00
137070,59.98,50.93,60.00
137080,59.98,51.06,60.00
137090,59.98,51.12,60.00
137100,59.97,51.13,60.00
137110,59.98,51.03,60.00
137120,59.97,51.27,60.00
137130,59.97,50.94,60.00
137140,59.97,51.06,60.00
137150,59.96,51.32,60.00
137160,59.97,50.85,60.00
137170,59.97,51.21,60.00
137180,59.97,51.11,60.00
137190,59.97,50.92,60.00
137200,59.97,51.19,60.00
137210,59.98,50.90,60.00
137220,59.98,51.09,60.00
137230,59.98,51.02,60.00
137240,59.98,51.11,60.00
137250,59.99,50.85,60.00
137260,59.99,51.05,60.00
137270,60.00,50.90,60.00
137280,60.01,50.75,60.00
137290,60.01,51.13,60.00
137300,60.03,50.68,60.00
137310,60.03,50.98,60.00
137320,60.04,50.90,60.00
137330,60.05,50.87,60.00
137340,60.05,50.89,60.00
137350,60.06,50.97,60.00
137360,60.06,50.87,60.00
137370,60.07,50.88,60.00
137380,60.06,51.19,60.00
137390,60.07,50.81,60.00
137400,60.06,51.35,60.00
137410,60.06,50.88,60.00
137420,60.06,51.10,60.00
137430,60.06,51.13,60.00
137440,60.06,50.99,60.00
137450,60.05,51.16,60.00
137460,60.05,51.09,60.00
137470,60.04,51.19,60.00
137480,60.04,50.99,60.00
137490,60.02,51.40,60.00
137500,60.03,50.89,60.00
137510,60.02,51.23,60.00
137520,60.01,51.18,60.00
137530,60.02,50.92,60.00
137540,60.01,51.36,60.00
137550,60.01,50.93,60.00
137560,60.01,51.13,60.00
137570,60.01,51.09,60.00
137580,60.00,51.15,60.00
137590,60.01,50.88,60.00
137600,60.01,51.14,60.00
137610,60.01,50.96,60.00
137620,60.02,50.93,60.00
137630,60.01,51.21,60.00
137640,60.02,50.72,60.00
137650,60.02,51.16,60.00
137660,60.02,50.90,60.00
137670,60.02,51.03,60.00
137680,60.03,50.95,60.00
137690,60.03,50.99,60.00
137700,60.04,50.78,60.00
137710,60.04,51.08,60.00
137720,60.05,50.84,60.00
137730,60.05,50.94,60.00
137740,60.06,51.02,60.00
137750,60.06,50.88,60.00
137760,60.06,50.98,60.00
137770,60.07,50.97,60.00
137780,60.07,50.92,60.00
137790,60.07,50.93,60.00
137800,60.07,51.13,60.00
137810,60.08,50.72,60.00
137820,60.07,51.22,60.00
137830,60.08,50.82,60.00
137840,60.08,51.05,60.00
137850,60.08,50.94,60.00
137860,60.08,50.94,60.00
137870,60.09,50.93,60.00
137880,60.09,50.92,60.00
137890,60.10,50.90,60.00
137900,60.10,50.91,60.00
137910,60.10,50.99,60.00
137920,60.11,50.79,60.00
137930,60.10,51.10,60.00
137940,60.11,50.89,60.00
137950,60.11,50.92,60.00
137960,60.10,51.08,60.00
137970,60.11,50.93,60.00
137980,60.10,51.03,60.00
137990,60.10,51.05,60.00
138000,60.10,50.93,60.00
138010,60.10,16.04,0.00
138020,60.10,15.62,0.00
138030,60.10,15.31,0.00
138040,60.09,15.05,0.00
138050,60.05,15.11,0.00
138060,60.02,14.68,0.00
138070,59.96,15.03,0.00
138080,59.88,14.82,0.00
138090,59.82,14.25,0.00
138100,59.70,14.98,0.00
138110,59.57,15.06,0.00
138120,59.41,15.14,0.00
138130,59.22,15.56,0.00
138140,59.02,15.62,0.00
138150,58.77,16.06,0.00
138160,58.50,16.45,0.00
138170,58.20,16.79,0.00
138180,57.87,17.26,0.00
138190,57.49,17.92,0.00
138200,57.09,18.27,0.00
138210,56.67,18.58,0.00
138220,56.23,18.88,0.00
138230,55.74,19.66,0.00
138240,55.22,20.34,0.00
138250,54.67,20.74,0.00
138260,54.09,21.52,0.00
138270,53.49,21.64,0.00
138280,52.86,22.41,0.00
138290,52.18,23.40,0.00
138300,51.50,23.52,0.00
138310,50.76,24.80,0.00
138320,50.01,25.01,0.00
138330,49.23,25.95,0.00
138340,48.41,26.70,0.00
138350,47.57,27.26,0.00
138360,46.70,28.16,0.00
138370,45.80,28.90,0.00
138380,44.88,29.64,0.00
138390,43.93,30.43,0.00
138400,42.96,31.08,0.00
138410,41.96,31.89,0.00
138420,40.96,32.26,0.00
138430,39.90,33.79,0.00
138440,38.86,33.90,0.00
138450,37.79,34.78,0.00
138460,36.69,35.59,0.00
138470,35.57,36.53,0.00
138480,34.46,36.87,0.00
138490,33.33,37.52,0.00
138500,32.19,38.19,0.00
138510,31.02,39.35,0.00
138520,29.85,39.68,0.00
138530,28.66,40.58,0.00
138540,27.49,40.78,0.00
138550,26.30,41.74,0.00
138560,25.10,42.25,0.00
138570,23.93,42.37,0.00
138580,22.74,43.19,0.00
138590,21.54,44.01,0.00
138600,20.35,44.38,0.00
138610,19.17,44.60,0.00
138620,18.04,44.27,0.00
138630,16.92,44.59,0.00
138640,15.81,44.72,0.00
138650,14.72,45.04,0.00
138660,13.64,45.34,0.00
138670,12.57,45.62,0.00
138680,11.52,45.91,0.00
138690,10.46,46.47,0.00
138700,9.43,46.62,0.00
138710,8.41,46.65,0.00
138720,7.45,46.19,0.00
138730,6.52,46.05,0.00
138740,5.60,46.22,0.00
138750,4.71,46.20,0.00
138760,3.86,45.80,0.00
138770,3.05,45.50,0.00
138780,2.25,45.63,0.00
138790,1.48,45.59,0.00
138800,0.76,44.93,0.00
138810,0.08,44.66,0.00
138820,-0.59,44.69,0.00
138830,-1.20,44.03,0.00
138840,-1.77,43.48,0.00
138850,-2.34,43.69,0.00
138860,-2.86,43.08,0.00
138870,-3.33,42.43,0.00
138880,-3.77,42.11,0.00
138890,-4.18,41.72,0.00
138900,-4.55,41.15,0.00
138910,-4.87,40.39,0.00
138920,-5.16,40.10,0.00
138930,-5.43,39.81,0.00
138940,-5.66,39.16,0.00
138950,-5.83,38.19,0.00
138960,-5.96,37.37,0.00
138970,-6.06,36.80,0.00
138980,-6.12,36.37,0.00
138990,-6.18,36.11,0.00
139000,-6.18,35.13,0.00
139010,-6.13,34.25,0.00
139020,-6.07,33.92,0.00
139030,-5.97,33.15,0.00
139040,-5.84,32.32,0.00
139050,-5.67,31.72,0.00
139060,-5.52,31.85,0.00
139070,-5.35,31.61,0.00
139080,-5.16,31.03,0.00
139090,-4.94,30.29,0.00
139100,-4.72,30.23,0.00
139110,-4.47,29.62,0.00
139120,-4.22,29.31,0.00
139130,-3.94,28.66,0.00
139140,-3.65,28.47,0.00
139150,-3.34,27.79,0.00
139160,-3.03,27.53,0.00
139170,-2.70,27.07,0.00
139180,-2.36,26.73,0.00
139190,-2.01,26.21,0.00
139200,-1.65,25.95,0.00
139210,-1.29,25.55,0.00
139220,-0.91,25.20,0.00
139230,-0.53,24.82,0.00
139240,-0.13,24.11,0.00
139250,0.25,24.46,0.00
139260,0.65,23.80,0.00
139270,1.06,23.33,0.00
139280,1.46,23.24,0.00
139290,1.88,22.67,0.00
139300,2.29,22.51,0.00
139310,2.69,22.53,0.00
139320,3.10,22.12,0.00
139330,3.52,21.68,0.00
139340,3.93,21.51,0.00
139350,4.36,20.95,0.00
139360,4.76,21.06,0.00
139370,5.16,20.92,0.00
139380,5.56,20.84,0.00
139390,5.96,20.34,0.00
139400,6.35,20.40,0.00
139410,6.74,19.93,0.00
139420,7.14,19.76,0.00
139430,7.55,19.11,0.00
139440,7.93,19.34,0.00
139450,8.30,19.26,0.00
139460,8.68,19.08,0.00
139470,9.03,19.08,0.00
139480,9.39,18.85,0.00
139490,9.75,18.50,0.00
139500,10.08,18.74,0.00
139510,10.41,18.60,0.00
139520,10.74,18.22,0.00
139530,11.06,18.25,0.00
139540,11.38,18.18,0.00
139550,11.68,17.95,0.00
139560,11.96,18.46,0.00
139570,12.24,17.95,0.00
139580,12.53,17.60,0.00
139590,12.81,17.55,0.00
139600,13.06,18.06,0.00
139610,13.31,17.54,0.00
139620,13.55,17.71,0.00
139630,13.78,17.68,0.00
139640,13.98,17.96,0.00
139650,14.20,17.39,0.00
139660,14.38,18.00,0.00
139670,14.59,17.31,0.00
139680,14.74,18.26,0.00
139690,14.91,17.59,0.00
139700,15.06,17.80,0.00
139710,15.19,18.10,0.00
139720,15.29,18.43,0.00
139730,15.43,17.61,0.00
139740,15.53,18.14,0.00
139750,15.62,18.17,0.00
139760,15.71,18.09,0.00
139770,15.79,17.98,0.00
139780,15.84,18.59,0.00
139790,15.88,18.57,0.00
139800,15.91,18.78,0.00
139810,15.91,19.22,0.00
139820,15.93,18.70,0.00
139830,15.91,19.21,0.00
139840,15.90,19.24,0.00
139850,15.85,19.76,0.00
139860,15.79,19.89,0.00
139870,15.73,19.97,0.00
139880,15.65,20.03,0.00
139890,15.59,19.80,0.00
139900,15.50,20.42,0.00
139910,15.41,20.14,0.00
139920,15.30,20.63,0.00
139930,15.18,20.82,0.00
139940,15.04,21.13,0.00
139950,14.88,21.44,0.00
139960,14.73,21.32,0.00
139970,14.57,21.52,0.00
139980,14.41,21.51,0.00
139990,14.22,22.29,0.00
140000,14.03,22.18,0.00
140010,13.81,22.66,0.00
140020,13.61,22.38,0.00
140030,13.40,22.73,0.00
140040,13.18,22.84,0.00
140050,12.93,23.54,0.00
140060,12.69,23.45,0.00
140070,12.46,23.21,0.00
140080,12.20,23.82,0.00
140090,11.93,24.39,0.00
140100,11.67,24.05,0.00
140110,11.38,24.62,0.00
140120,11.11,24.49,0.00
140130,10.83,24.62,0.00
140140,10.53,25.34,0.00
140150,10.23,25.23,0.00
140160,9.93,25.44,0.00
140170,9.63,25.63,0.00
140180,9.33,25.74,0.00
140190,9.03,25.68,0.00
140200,8.72,26.08,0.00
140210,8.38,26.77,0.00
140220,8.08,26.30,0.00
140230,7.76,26.64,0.00
140240,7.43,27.02,0.00
140250,7.11,27.02,0.00
140260,6.79,27.12,0.00
140270,6.47,27.24,0.00
140280,6.15,27.35,0.00
140290,5.84,27.36,0.00
140300,5.52,27.61,0.00
140310,5.20,27.87,0.00
140320,4.87,28.08,0.00
140330,4.55,28.19,0.00
140340,4.23,28.29,0.00
140350,3.92,28.24,0.00
140360,3.63,28.09,0.00
140370,3.34,28.10,0.00
140380,3.03,28.63,0.00
140390,2.75,28.28,0.00
140400,2.46,28.59,0.00
140410,2.17,28.80,0.00
140420,1.88,28.69,0.00
140430,1.61,28.71,0.00
140440,1.36,28.36,0.00
140450,1.12,28.28,0.00
140460,0.87,28.76,0.00
140470,0.62,28.74,0.00
140480,0.38,28.69,0.00
140490,0.12,29.20,0.00
140500,-0.08,28.22,0.00
140510,-0.28,28.34,0.00
140520,-0.46,28.04,0.00
140530,-0.65,28.27,0.00
140540,-0.81,27.85,0.00
140550,-1.00,28.50,0.00
140560,-1.15,27.79,0.00
140570,-1.32,28.39,0.00
140580,-1.48,28.20,0.00
140590,-1.63,28.05,0.00
140600,-1.78,28.26,0.00
140610,-1.89,27.53,0.00
140620,-2.01,27.88,0.00
140630,-2.12,27.56,0.00
140640,-2.19,26.94,0.00
140650,-2.28,27.33,0.00
140660,-2.34,27.01,0.00
140670,-2.40,26.83,0.00
140680,-2.47,27.14,0.00
140690,-2.51,26.49,0.00
140700,-2.53,26.30,0.00
140710,-2.56,26.42,0.00
140720,-2.55,25.68,0.00
140730,-2.54,25.62,0.00
140740,-2.51,25.34,0.00
140750,-2.51,25.78,0.00
140760,-2.48,25.27,0.00
140770,-2.44,25.05,0.00
140780,-2.39,25.05,0.00
140790,-2.36,25.13,0.00
140800,-2.30,24.79,0.00
140810,-2.25,24.80,0.00
140820,-2.18,24.31,0.00
140830,-2.11,24.39,0.00
140840,-2.02,23.95,0.00
140850,-1.91,23.56,0.00
140860,-1.83,23.96,0.00
140870,-1.73,23.70,0.00
140880,-1.63,23.59,0.00
140890,-1.52,23.22,0.00
140900,-1.39,22.92,0.00
140910,-1.27,22.94,0.00
140920,-1.15,22.88,0.00
140930,-1.01,22.54,0.00
140940,-0.87,22.37,0.00
140950,-0.74,22.34,0.00
140960,-0.58,21.93,0.00
140970,-0.44,22.16,0.00
140980,-0.31,22.23,0.00
140990,-0.17,21.91,0.00
141000,-0.02,21.81,0.00
141010,0.13,21.56,0.00
141020,0.31,20.82,0.00
141030,0.48,21.04,0.00
141040,0.63,21.30,0.00
141050,0.79,21.02,0.00
141060,0.97,20.52,0.00
141070,1.13,20.77,0.00
141080,1.29,20.69,0.00
141090,1.46,20.43,0.00
141100,1.63,20.37,0.00
141110,1.81,19.86,0.00
141120,1.98,20.13,0.00
141130,2.13,20.46,0.00
141140,2.29,19.97,0.00
141150,2.44,20.10,0.00
141160,2.59,20.12,0.00
141170,2.74,19.84,0.00
141180,2.90,19.71,0.00
141190,3.05,19.65,0.00
141200,3.23,19.00,0.00
141210,3.39,19.31,0.00
141220,3.55,19.28,0.00
141230,3.70,19.15,0.00
141240,3.85,19.19,0.00
141250,4.01,18.89,0.00
141260,4.16,18.83,0.00
141270,4.30,19.08,0.00
141280,4.44,18.80,0.00
141290,4.56,19.15,0.00
141300,4.71,18.61,0.00
141310,4.84,18.78,0.00
141320,4.96,18.72,0.00
141330,5.09,18.63,0.00
141340,5.21,18.70,0.00
141350,5.32,18.69,0.00
141360,5.43,18.71,0.00
141370,5.53,18.79,0.00
141380,5.61,19.13,0.00
141390,5.70,18.66,0.00
141400,5.79,18.75,0.00
141410,5.86,18.92,0.00
141420,5.94,18.73,0.00
141430,6.00,19.08,0.00
141440,6.07,18.83,0.00
141450,6.14,18.75,0.00
141460,6.19,18.91,0.00
141470,6.24,19.10,0.00
141480,6.28,19.13,0.00
141490,6.31,19.12,0.00
141500,6.36,18.72,0.00
141510,6.40,19.03,0.00
141520,6.42,19.15,0.00
141530,6.45,19.07,0.00
141540,6.49,18.67,0.00
141550,6.52,18.78,0.00
141560,6.55,18.97,0.00
141570,6.55,19.34,0.00
141580,6.56,19.06,0.00
141590,6.57,19.00,0.00
141600,6.56,19.48,0.00
141610,6.54,19.45,0.00
141620,6.53,19.43,0.00
141630,6.51,19.47,0.00
141640,6.49,19.43,0.00
141650,6.48,19.41,0.00
141660,6.43,20.06,0.00
141670,6.40,19.54,0.00
141680,6.34,20.15,0.00
141690,6.29,20.07,0.00
141700,6.24,19.82,0.00
141710,6.19,20.07,0.00
141720,6.15,19.82,0.00
141730,6.08,20.34,0.00
141740,6.02,20.12,0.00
141750,5.96,20.07,0.00
141760,5.88,20.49,0.00
141770,5.81,20.36,0.00
141780,5.73,20.58,0.00
141790,5.64,20.71,0.00
141800,5.57,20.33,0.00
141810,5.48,20.84,0.00
141820,5.40,20.62,0.00
141830,5.28,21.32,0.00
141840,5.21,20.61,0.00
141850,5.12,20.70,0.00
141860,5.02,21.24,0.00
141870,4.93,20.89,0.00
141880,4.84,20.77,0.00
141890,4.74,21.18,0.00
141900,4.63,21.42,0.00
141910,4.51,21.48,0.00
141920,4.39,21.64,0.00
141930,4.28,21.65,0.00
141940,4.16,21.69,0.00
141950,4.06,21.42,0.00
141960,3.93,21.97,0.00
141970,3.82,21.60,0.00
141980,3.70,21.93,0.00
141990,3.58,21.96,0.00
142000,3.46,21.83,0.00
142010,3.34,22.04,0.00
142020,3.23,21.88,0.00
142030,3.11,22.20,0.00
142040,3.02,21.57,0.00
142050,2.90,22.11,0.00
142060,2.80,21.89,0.00
142070,2.68,22.21,0.00
142080,2.57,22.30,0.00
142090,2.45,22.31,0.00
142100,2.34,22.15,0.00
142110,2.23,22.42,0.00
142120,2.10,22.71,0.00
142130,1.97,22.69,0.00
142140,1.85,22.70,0.00
142150,1.74,22.48,0.00
142160,1.63,22.66,0.00
142170,1.53,22.51,0.00
142180,1.44,22.08,0.00
142190,1.35,22.39,0.00
142200,1.26,22.28,0.00
142210,1.16,22.75,0.00
142220,1.05,22.71,0.00
142230,0.96,22.54,0.00
142240,0.88,22.39,0.00
142250,0.79,22.57,0.00
142260,0.72,22.12,0.00
142270,0.64,22.45,0.00
142280,0.57,22.32,0.00
142290,0.51,22.14,0.00
142300,0.44,22.47,0.00
142310,0.38,22.17,0.00
142320,0.32,22.22,0.00
142330,0.24,22.61,0.00
142340,0.17,22.49,0.00
142350,0.11,22.39,0.00
142360,0.04,22.62,0.00
142370,-0.03,22.68,0.00
142380,-0.08,22.19,0.00
142390,-0.12,22.11,0.00
142400,-0.16,22.01,0.00
142410,-0.19,21.96,0.00
142420,-0.24,22.28,0.00
142430,-0.28,22.20,0.00
142440,-0.32,22.18,0.00
142450,-0.36,22.41,0.00
142460,-0.39,22.05,0.00
142470,-0.42,22.03,0.00
142480,-0.43,21.70,0.00
142490,-0.43,21.45,0.00
142500,-0.44,21.69,0.00
142510,-0.46,21.92,0.00
142520,-0.47,21.73,0.00
142530,-0.47,21.49,0.00
142540,-0.47,21.56,0.00
142550,-0.49,21.87,0.00
142560,-0.49,21.59,0.00
142570,-0.48,21.32,0.00
142580,-0.49,21.66,0.00
142590,-0.48,21.32,0.00
142600,-0.47,21.37,0.00
142610,-0.46,21.29,0.00
142620,-0.44,21.18,0.00
142630,-0.43,21.32,0.00
142640,-0.40,20.97,0.00
142650,-0.37,20.89,0.00
142660,-0.33,20.62,0.00
142670,-0.30,20.91,0.00
142680,-0.28,20.95,0.00
142690,-0.25,20.86,0.00
142700,-0.20,20.43,0.00
142710,-0.17,20.80,0.00
142720,-0.13,20.47,0.00
142730,-0.10,20.85,0.00
142740,-0.06,20.56,0.00
142750,-0.03,20.75,0.00
142760,0.02,20.24,0.00
142770,0.08,19.93,0.00
142780,0.13,20.38,0.00
142790,0.15,20.64,0.00
142800,0.20,20.26,0.00
142810,0.26,19.96,0.00
142820,0.30,20.31,0.00
142830,0.34,20.35,0.00
142840,0.39,19.94,0.00
142850,0.43,20.24,0.00
142860,0.48,20.00,0.00
142870,0.53,19.98,0.00
142880,0.60,19.63,0.00
142890,0.64,20.03,0.00
142900,0.69,19.83,0.00
142910,0.73,20.04,0.00
142920,0.78,19.73,0.00
142930,0.84,19.61,0.00
142940,0.87,20.08,0.00
142950,0.91,19.96,0.00
142960,0.97,19.53,0.00
142970,1.01,19.77,0.00
142980,1.06,19.56,0.00
142990,1.11,19.56,0.00
143000,1.16,19.59,0.00
143010,1.19,19.93,0.00
143020,1.22,19.86,0.00
143030,1.25,19.93,0.00
143040,1.28,19.80,0.00
143050,1.32,19.56,0.00
143060,1.34,19.86,0.00
143070,1.39,19.37,0.00
143080,1.44,19.31,0.00
143090,1.48,19.55,0.00
143100,1.51,19.51,0.00
143110,1.55,19.50,0.00
143120,1.60,19.24,0.00
143130,1.63,19.36,0.00
143140,1.67,19.30,0.00
143150,1.72,19.25,0.00
143160,1.77,19.01,0.00
143170,1.79,19.52,0.00
143180,1.82,19.29,0.00
143190,1.85,19.47,0.00
143200,1.87,19.39,0.00
143210,1.92,18.99,0.00
143220,1.94,19.44,0.00
143230,1.94,19.74,0.00
143240,1.97,19.20,0.00
143250,2.00,19.21,0.00
143260,2.02,19.39,0.00
143270,2.03,19.58,0.00
143280,2.03,19.60,0.00
143290,2.05,19.29,0.00
143300,2.05,19.64,0.00
143310,2.07,19.27,0.00
143320,2.10,19.08,0.00
143330,2.09,19.87,0.00
143340,2.07,19.93,0.00
143350,2.07,19.55,0.00
143360,2.11,18.94,0.00
143370,2.12,19.30,0.00
143380,2.09,20.13,0.00
143390,2.08,19.77,0.00
143400,2.06,19.89,0.00
143410,2.07,19.37,0.00
143420,2.08,19.24,0.00
143430,2.09,19.20,0.00
143440,2.09,19.49,0.00
143450,2.08,19.77,0.00
143460,2.05,19.89,0.00
143470,2.04,19.69,0.00
143480,2.01,20.17,0.00
143490,1.97,20.11,0.00
143500,1.96,19.82,0.00
143510,1.93,19.90,0.00
143520,1.89,20.27,0.00
143530,1.88,19.69,0.00
143540,1.87,19.77,0.00
143550,1.86,19.60,0.00
143560,1.85,19.62,0.00
143570,1.81,20.19,0.00
143580,1.80,19.81,0.00
143590,1.78,19.77,0.00
143600,1.78,19.33,0.00
143610,1.78,19.57,0.00
143620,1.76,19.79,0.00
143630,1.74,19.76,0.00
143640,1.71,20.09,0.00
143650,1.70,19.71,0.00
143660,1.69,19.62,0.00
143670,1.68,19.57,0.00
143680,1.68,19.45,0.00
143690,1.68,19.22,0.00
143700,1.68,19.54,0.00
143710,1.67,19.44,0.00
143720,1.66,19.55,0.00
143730,1.66,19.36,0.00
143740,1.64,19.88,0.00
143750,1.63,19.63,0.00
143760,1.62,19.47,0.00
143770,1.61,19.62,0.00
143780,1.60,19.48,0.00
143790,1.59,19.60,0.00
143800,1.59,19.19,0.00
143810,1.60,19.26,0.00
143820,1.60,19.26,0.00
143830,1.61,19.00,0.00
143840,1.63,18.86,0.00
143850,1.62,19.48,0.00
143860,1.62,19.20,0.00
143870,1.60,19.69,0.00
143880,1.60,19.17,0.00
143890,1.61,19.11,0.00
143900,1.60,19.37,0.00
143910,1.61,18.92,0.00
143920,1.62,19.09,0.00
143930,1.63,18.98,0.00
143940,1.60,19.67,0.00
143950,1.58,19.71,0.00
143960,1.55,19.63,0.00
143970,1.55,19.33,0.00
143980,1.54,19.32,0.00
143990,1.55,18.83,0.00
144000,1.57,18.89,0.00
144010,1.56,19.26,0.00
144020,1.53,19.67,0.00
144030,1.51,19.59,0.00
144040,1.49,19.50,0.00
144050,1.49,19.20,0.00
144060,1.49,18.96,0.00
144070,1.52,18.61,0.00
144080,1.53,18.85,0.00
144090,1.52,19.21,0.00
144100,1.50,19.49,0.00
144110,1.47,19.58,0.00
144120,1.46,19.37,0.00
144130,1.46,19.10,0.00
144140,1.47,18.69,0.00
144150,1.49,18.71,0.00
144160,1.50,18.84,0.00
144170,1.50,19.05,0.00
144180,1.47,19.49,0.00
144190,1.46,19.20,0.00
144200,1.44,19.41,0.00
144210,1.45,18.84,0.00
144220,1.47,18.50,0.00
144230,1.48,18.76,0.00
144240,1.48,18.91,0.00
144250,1.47,19.10,0.00
144260,1.46,19.25,0.00
144270,1.44,19.23,0.00
144280,1.44,19.01,0.00
144290,1.46,18.43,0.00
144300,1.49,18.32,0.00
144310,1.50,18.70,0.00
144320,1.48,19.14,0.00
144330,1.47,19.20,0.00
144340,1.47,18.87,0.00
144350,1.45,19.12,0.00
144360,1.48,18.31,0.00
144370,1.51,18.14,0.00
144380,1.53,18.39,0.00
144390,1.52,18.98,0.00
144400,1.50,19.20,0.00
144410,1.49,18.95,0.00
144420,1.47,19.15,0.00
144430,1.48,18.44,0.00
144440,1.51,18.24,0.00
144450,1.53,18.27,0.00
144460,1.53,18.61,0.00
144470,1.50,19.41,0.00
144480,1.49,18.84,0.00
144490,1.48,18.87,0.00
144500,1.48,18.72,0.00
144510,1.51,18.10,0.00
144520,1.54,18.10,0.00
144530,1.54,18.50,0.00
144540,1.52,19.04,0.00
144550,1.50,19.10,0.00
144560,1.48,18.90,0.00
144570,1.48,18.68,0.00
144580,1.50,18.17,0.00
144590,1.51,18.31,0.00
144600,1.54,18.01,0.00
144610,1.51,19.08,0.00
144620,1.47,19.46,0.00
144630,1.46,18.71,0.00
144640,1.46,18.64,0.00
144650,1.48,18.15,0.00
144660,1.50,18.09,0.00
144670,1.50,18.41,0.00
144680,1.49,18.77,0.00
144690,1.46,19.14,0.00
144700,1.44,18.88,0.00
144710,1.45,18.23,0.00
144720,1.48,17.88,0.00
144730,1.49,18.34,0.00
144740,1.49,18.42,0.00
144750,1.47,18.70,0.00
144760,1.45,18.85,0.00
144770,1.43,18.95,0.00
144780,1.44,18.27,0.00
144790,1.46,17.97,0.00
144800,1.48,18.02,0.00
144810,1.48,18.23,0.00
144820,1.48,18.42,0.00
144830,1.46,18.75,0.00
144840,1.45,18.68,0.00
144850,1.44,18.46,0.00
144860,1.46,17.93,0.00
144870,1.49,17.78,0.00
144880,1.50,18.02,0.00
144890,1.50,18.34,0.00
144900,1.49,18.42,0.00
144910,1.47,18.72,0.00
144920,1.45,18.62,0.00
144930,1.47,18.02,0.00
144940,1.48,17.91,0.00
144950,1.50,17.89,0.00
144960,1.52,17.85,0.00
144970,1.51,18.45,0.00
144980,1.49,18.47,0.00
144990,1.46,18.85,0.00
145000,1.46,18.31,0.00
145010,1.47,17.92,0.00
145020,1.48,17.90,0.00
145030,1.50,17.87,0.00
145040,1.49,18.21,0.00
145050,1.48,18.50,0.00
145060,1.44,18.77,0.00
145070,1.47,17.69,0.00
145080,1.48,17.82,0.00
145090,1.47,18.27,0.00
145100,1.47,18.17,0.00
145110,1.44,18.62,0.00
145120,1.42,18.54,0.00
145130,1.42,18.19,0.00
145140,1.44,17.54,0.00
145150,1.47,17.42,0.00
145160,1.50,17.51,0.00
145170,1.48,18.44,0.00
145180,1.45,18.58,0.00
145190,1.44,18.16,0.00
145200,1.42,18.49,0.00
145210,1.44,17.72,0.00
145220,1.47,17.40,0.00
145230,1.49,17.45,0.00
145240,1.50,17.83,0.00
145250,1.46,18.62,0.00
145260,1.44,18.35,0.00
145270,1.44,18.13,0.00
145280,1.44,17.83,0.00
145290,1.46,17.62,0.00
145300,1.50,17.09,0.00
145310,1.53,17.23,0.00
145320,1.50,18.42,0.00
145330,1.48,18.17,0.00
145340,1.46,18.32,0.00
145350,1.45,18.14,0.00
145360,1.47,17.39,0.00
145370,1.49,17.41,0.00
145380,1.53,17.05,0.00
145390,1.52,17.97,0.00
145400,1.48,18.66,0.00
145410,1.46,18.20,0.00
145420,1.45,17.94,0.00
145430,1.46,17.56,0.00
145440,1.48,17.29,0.00
145450,1.51,17.24,0.00
145460,1.50,17.96,0.00
145470,1.46,18.47,0.00
145480,1.44,18.22,0.00
145490,1.45,17.49,0.00
145500,1.47,17.34,0.00
145510,1.49,17.26,0.00
145520,1.50,17.49,0.00
145530,1.49,17.88,0.00
145540,1.46,18.22,0.00
145550,1.43,18.26,0.00
145560,1.44,17.50,0.00
145570,1.47,17.10,0.00
145580,1.49,17.20,0.00
145590,1.50,17.40,0.00
145600,1.49,17.77,0.00
145610,1.48,17.85,0.00
145620,1.45,18.22,0.00
145630,1.44,17.80,0.00
145640,1.46,17.12,0.00
145650,1.47,17.29,0.00
145660,1.50,17.03,0.00
145670,1.50,17.52,0.00
145680,1.48,17.80,0.00
145690,1.47,17.72,0.00
145700,1.44,18.17,0.00
145710,1.45,17.33,0.00
145720,1.47,17.03,0.00
145730,1.49,17.05,0.00
145740,1.50,17.32,0.00
145750,1.51,17.36,0.00
145760,1.49,17.76,0.00
145770,1.46,18.03,0.00
145780,1.46,17.50,0.00
145790,1.47,17.26,0.00
145800,1.49,16.99,0.00
145810,1.51,16.99,0.00
145820,1.51,17.29,0.00
145830,1.51,17.34,0.00
145840,1.48,18.08,0.00
145850,1.45,17.96,0.00
145860,1.45,17.22,0.00
145870,1.47,17.09,0.00
145880,1.49,16.93,0.00
145890,1.50,17.06,0.00
145900,1.51,17.09,0.00
145910,1.48,17.87,0.00
145920,1.45,17.92,0.00
145930,1.46,17.18,0.00
145940,1.46,17.25,0.00
145950,1.48,16.74,0.00
145960,1.49,17.02,0.00
145970,1.50,17.02,0.00
145980,1.51,17.20,0.00
145990,1.47,17.92,0.00
146000,1.46,17.46,0.00
146010,1.46,17.17,0.00
146020,1.47,17.01,0.00
146030,1.49,16.81,0.00
146040,1.51,16.78,0.00
146050,1.51,17.18,0.00
146060,1.48,17.58,0.00
146070,1.46,17.54,0.00
146080,1.44,17.57,0.00
146090,1.43,17.50,0.00
146100,1.44,16.93,0.00
146110,1.47,16.48,0.00
146120,1.49,16.66,0.00
146130,1.49,17.13,0.00
146140,1.47,17.31,0.00
146150,1.46,17.41,0.00
146160,1.43,17.68,0.00
146170,1.42,17.34,0.00
146180,1.43,16.73,0.00
146190,1.47,16.28,0.00
146200,1.49,16.58,0.00
146210,1.49,17.01,0.00
146220,1.48,17.26,0.00
146230,1.45,17.60,0.00
146240,1.48,16.25,0.00
146250,1.50,16.58,0.00
146260,1.49,17.24,0.00
146270,1.48,17.21,0.00
146280,1.44,17.66,0.00
146290,1.41,17.56,0.00
146300,1.38,17.52,0.00
146310,1.37,17.15,0.00
146320,1.39,16.57,0.00
146330,1.43,16.27,0.00
146340,1.44,16.60,0.00
146350,1.44,16.93,0.00
146360,1.43,17.05,0.00
146370,1.41,17.40,0.00
146380,1.39,17.15,0.00
146390,1.40,16.77,0.00
146400,1.44,16.09,0.00
146410,1.45,16.48,0.00
146420,1.45,16.87,0.00
146430,1.45,16.90,0.00
146440,1.43,17.22,0.00
146450,1.41,17.21,0.00
146460,1.41,16.83,0.00
146470,1.43,16.25,0.00
146480,1.47,16.09,0.00
146490,1.47,16.66,0.00
146500,1.46,16.88,0.00
146510,1.45,17.01,0.00
146520,1.42,17.29,0.00
146530,1.40,17.22,0.00
146540,1.41,16.56,0.00
146550,1.44,16.07,0.00
146560,1.46,16.37,0.00
146570,1.46,16.55,0.00
146580,1.46,16.71,0.00
146590,1.44,17.14,0.00
146600,1.41,17.24,0.00
146610,1.40,16.93,0.00
146620,1.42,16.06,0.00
146630,1.45,16.11,0.00
146640,1.47,16.30,0.00
146650,1.46,16.66,0.00
146660,1.44,17.01,0.00
146670,1.44,16.70,0.00
146680,1.41,17.12,0.00
146690,1.43,16.16,0.00
146700,1.47,15.83,0.00
146710,1.47,16.53,0.00
146720,1.47,16.42,0.00
146730,1.45,17.00,0.00
146740,1.43,16.91,0.00
146750,1.43,16.52,0.00
146760,1.43,16.48,0.00
146770,1.46,15.95,0.00
146780,1.47,16.20,0.00
146790,1.47,16.56,0.00
146800,1.44,16.90,0.00
146810,1.44,16.57,0.00
146820,1.43,16.61,0.00
146830,1.42,16.69,0.00
146840,1.44,15.90,0.00
146850,1.45,16.23,0.00
146860,1.45,16.41,0.00
146870,1.45,16.56,0.00
146880,1.42,16.94,0.00
146890,1.43,16.18,0.00
146900,1.41,16.72,0.00
146910,1.42,16.29,0.00
146920,1.44,15.88,0.00
146930,1.46,15.97,0.00
146940,1.44,16.67,0.00
146950,1.43,16.64,0.00
146960,1.42,16.50,0.00
146970,1.40,16.60,0.00
146980,1.41,16.19,0.00
146990,1.44,15.68,0.00
147000,1.45,15.96,0.00
147010,1.46,16.20,0.00
147020,1.43,16.80,0.00
147030,1.42,16.52,0.00
147040,1.40,16.55,0.00
147050,1.40,16.37,0.00
147060,1.42,15.82,0.00
147070,1.45,15.66,0.00
147080,1.46,15.88,0.00
147090,1.45,16.49,0.00
147100,1.44,16.35,0.00
147110,1.43,16.27,0.00
147120,1.40,16.76,0.00
147130,1.42,15.79,0.00
147140,1.44,15.87,0.00
147150,1.45,15.82,0.00
147160,1.47,15.76,0.00
147170,1.45,16.40,0.00
147180,1.45,16.21,0.00
147190,1.43,16.51,0.00
147200,1.41,16.53,0.00
147210,1.42,15.72,0.00
147220,1.44,15.76,0.00
147230,1.44,16.01,0.00
147240,1.44,15.99,0.00
147250,1.44,16.18,0.00
147260,1.41,16.54,0.00
147270,1.40,16.29,0.00
147280,1.41,15.89,0.00
147290,1.40,16.06,0.00
147300,1.43,15.48,0.00
147310,1.43,15.98,0.00
147320,1.44,15.84,0.00
147330,1.44,15.97,0.00
147340,1.41,16.55,0.00
147350,1.40,16.11,0.00
147360,1.41,15.74,0.00
147370,1.43,15.60,0.00
147380,1.44,15.61,0.00
147390,1.46,15.54,0.00
147400,1.47,15.74,0.00
147410,1.43,16.57,0.00
147420,1.42,16.09,0.00
147430,1.42,15.95,0.00
147440,1.44,15.51,0.00
147450,1.46,15.37,0.00
147460,1.46,15.79,0.00
147470,1.44,16.31,0.00
147480,1.45,15.64,0.00
147490,1.47,15.23,0.00
147500,1.50,15.29,0.00
147510,1.52,15.36,0.00
147520,1.52,15.67,0.00
147530,1.53,15.61,0.00
147540,1.51,15.94,0.00
147550,1.49,16.27,0.00
147560,1.47,16.02,0.00
147570,1.47,15.85,0.00
147580,1.48,15.34,0.00
147590,1.49,15.53,0.00
147600,1.49,15.65,0.00
147610,1.51,15.35,0.00
147620,1.48,16.11,0.00
147630,1.46,16.16,0.00
147640,1.46,15.65,0.00
147650,1.47,15.44,0.00
147660,1.48,15.34,0.00
147670,1.49,15.42,0.00
147680,1.50,15.34,0.00
147690,1.49,15.93,0.00
147700,1.46,16.02,0.00
147710,1.45,15.91,0.00
147720,1.45,15.52,0.00
147730,1.46,15.28,0.00
147740,1.47,15.46,0.00
147750,1.49,15.14,0.00
147760,1.49,15.38,0.00
147770,1.48,15.90,0.00
147780,1.46,15.82,0.00
147790,1.46,15.58,0.00
147800,1.47,15.16,0.00
147810,1.48,15.28,0.00
147820,1.49,15.19,0.00
147830,1.50,15.41,0.00
147840,1.48,15.80,0.00
147850,1.45,15.92,0.00
147860,1.44,15.80,0.00
147870,1.45,15.17,0.00
147880,1.46,15.21,0.00
147890,1.47,15.19,0.00
147900,1.49,14.92,0.00
147910,1.48,15.66,0.00
147920,1.46,15.78,0.00
147930,1.44,15.74,0.00
147940,1.42,15.75,0.00
147950,1.44,15.05,0.00
147960,1.45,15.06,0.00
147970,1.47,14.93,0.00
147980,1.49,14.99,0.00
147990,1.48,15.50,0.00
148000,1.45,15.78,0.00
148010,1.43,15.83,0.00
148020,1.42,15.38,0.00
148030,1.42,15.24,0.00
148040,1.45,14.72,0.00
148050,1.48,14.65,0.00
148060,1.48,15.25,0.00
148070,1.47,15.41,0.00
148080,1.46,15.50,0.00
148090,1.44,15.49,0.00
148100,1.43,15.48,0.00
148110,1.44,15.07,0.00
148120,1.47,14.49,0.00
148130,1.48,14.96,0.00
148140,1.48,15.18,0.00
148150,1.46,15.50,0.00
148160,1.46,15.22,0.00
148170,1.48,14.69,0.00
148180,1.46,15.47,0.00
148190,1.45,15.30,0.00
148200,1.45,15.19,0.00
148210,1.45,15.06,0.00
148220,1.43,15.54,0.00
148230,1.45,14.54,0.00
148240,1.46,15.03,0.00
148250,1.44,15.40,0.00
148260,1.45,14.76,0.00
148270,1.43,15.53,0.00
148280,1.40,15.61,0.00
148290,1.42,14.69,0.00
148300,1.44,14.59,0.00
148310,1.43,15.28,0.00
148320,1.41,15.30,0.00
148330,1.42,14.86,0.00
148340,1.44,14.61,0.00
148350,1.43,15.08,0.00
148360,1.42,15.35,0.00
148370,1.40,15.24,0.00
148380,1.41,14.71,0.00
148390,1.44,14.38,0.00
148400,1.43,15.16,0.00
148410,1.43,14.84,0.00
148420,1.41,15.49,0.00
148430,1.40,15.10,0.00
148440,1.42,14.39,0.00
148450,1.45,14.38,0.00
148460,1.44,14.97,0.00
148470,1.42,15.24,0.00
148480,1.43,14.75,0.00
148490,1.43,14.78,0.00
148500,1.42,15.11,0.00
148510,1.42,14.83,0.00
148520,1.45,14.22,0.00
148530,1.45,14.76,0.00
148540,1.45,14.78,0.00
148550,1.45,14.88,0.00
148560,1.44,14.82,0.00
148570,1.45,14.69,0.00
148580,1.47,14.29,0.00
148590,1.47,14.75,0.00
148600,1.45,15.06,0.00
148610,1.47,14.36,0.00
148620,1.48,14.48,0.00
148630,1.46,14.98,0.00
148640,1.45,14.89,0.00
148650,1.46,14.57,0.00
148660,1.47,14.38,0.00
148670,1.46,14.90,0.00
148680,1.47,14.52,0.00
148690,1.46,14.75,0.00
148700,1.45,14.85,0.00
148710,1.45,14.69,0.00
148720,1.45,14.48,0.00
148730,1.46,14.50,0.00
148740,1.46,14.45,0.00
148750,1.46,14.58,0.00
148760,1.47,14.34,0.00
148770,1.46,14.83,0.00
148780,1.47,14.27,0.00
148790,1.48,14.43,0.00
148800,1.47,14.64,0.00
148810,1.47,14.56,0.00
148820,1.47,14.58,0.00
148830,1.46,14.55,0.00
148840,1.46,14.53,0.00
148850,1.46,14.46,0.00
148860,1.47,14.32,0.00
148870,1.48,14.25,0.00
148880,1.49,14.31,0.00
148890,1.49,14.42,0.00
148900,1.47,14.75,0.00
148910,1.47,14.51,0.00
148920,1.47,14.29,0.00
148930,1.46,14.55,0.00
148940,1.47,14.33,0.00
148950,1.47,14.35,0.00
148960,1.47,14.24,0.00
148970,1.48,14.27,0.00
148980,1.46,14.66,0.00
148990,1.46,14.32,0.00
149000,1.46,14.39,0.00
149010,1.47,14.20,0.00
149020,1.47,14.30,0.00
149030,1.47,14.32,0.00
149040,1.46,14.46,0.00
149050,1.46,14.31,0.00
149060,1.45,14.33,0.00
149070,1.47,14.00,0.00
149080,1.46,14.47,0.00
149090,1.45,14.37,0.00
149100,1.45,14.15,0.00
149110,1.46,14.11,0.00
149120,1.46,14.24,0.00
149130,1.46,14.19,0.00
149140,1.46,14.14,0.00
149150,1.47,13.99,0.00
149160,1.48,13.96,0.00
149170,1.48,14.25,0.00
149180,1.47,14.29,0.00
149190,1.47,14.17,0.00
149200,1.47,14.12,0.00
149210,1.47,14.09,0.00
149220,1.47,14.15,0.00
149230,1.47,14.13,0.00
149240,1.47,14.09,0.00
149250,1.46,14.17,0.00
149260,1.46,14.10,0.00
149270,1.46,14.16,0.00
149280,1.46,14.13,0.00
149290,1.45,14.13,0.00
149300,1.45,14.08,0.00
149310,1.45,14.08,0.00
149320,1.44,14.14,0.00
149330,1.44,14.10,0.00
149340,1.43,14.17,0.00
149350,1.42,14.14,0.00
149360,1.42,14.05,0.00
149370,1.42,14.09,0.00
149380,1.41,14.09,0.00
149390,1.41,14.07,0.00
149400,1.40,14.06,0.00
149410,1.40,14.05,0.00
149420,1.40,14.06,0.00
149430,1.39,14.06,0.00
149440,1.39,14.00,0.00
149450,1.38,14.07,0.00
149460,1.38,13.99,0.00
149470,1.38,13.96,0.00
149480,1.38,13.96,0.00
149490,1.37,13.97,0.00
149500,1.37,13.98,0.00
149510,1.37,13.97,0.00
149520,1.36,14.00,0.00
149530,1.36,13.94,0.00
149540,1.35,13.98,0.00
149550,1.35,13.96,0.00
149560,1.34,13.96,0.00
149570,1.34,13.97,0.00
149580,1.33,13.99,0.00
149590,1.33,13.96,0.00
149600,1.32,13.97,0.00
149610,1.31,13.96,0.00
149620,1.31,13.92,0.00
149630,1.31,13.89,0.00
149640,1.30,13.89,0.00
149650,1.30,13.90,0.00
149660,1.29,13.88,0.00
149670,1.29,13.89,0.00
149680,1.29,13.86,0.00
149690,1.28,13.89,0.00
149700,1.28,13.84,0.00
149710,1.28,13.83,0.00
149720,1.27,13.86,0.00
149730,1.27,13.84,0.00
149740,1.26,13.84,0.00
149750,1.26,13.81,0.00
149760,1.25,13.85,0.00
149770,1.25,13.80,0.00
149780,1.25,13.75,0.00
149790,1.25,13.77,0.00
149800,1.25,13.71,0.00
149810,1.25,13.71,0.00
149820,1.25,13.68,0.00
149830,1.25,13.70,0.00
149840,1.25,13.68,0.00
149850,1.25,13.67,0.00
149860,1.25,13.68,0.00
149870,1.25,13.69,0.00
149880,1.25,13.63,0.00
149890,1.25,13.57,0.00
149900,1.25,13.62,0.00
149910,1.25,13.63,0.00
149920,1.25,13.63,0.00
149930,1.25,13.58,0.00
149940,1.25,13.57,0.00
149950,1.26,13.55,0.00
149960,1.26,13.55,0.00
149970,1.26,13.56,0.00
149980,1.26,13.55,0.00
149990,1.26,13.59,0.00
150000,1.26,13.45,0.00
150010,1.26,13.51,0.00
150020,1.26,13.52,0.00
150030,1.26,13.50,0.00
150040,1.26,13.53,0.00
150050,1.26,13.53,0.00
150060,1.26,13.51,0.00
150070,1.26,13.46,0.00
150080,1.26,13.49,0.00
150090,1.26,13.48,0.00
150100,1.26,13.45,0.00
150110,1.26,13.49,0.00
150120,1.26,13.45,0.00
150130,1.26,13.47,0.00
150140,1.25,13.48,0.00
150150,1.26,13.37,0.00
150160,1.26,13.38,0.00
150170,1.26,13.40,0.00
150180,1.26,13.35,0.00
150190,1.26,13.36,0.00
150200,1.26,13.44,0.00
