tempo_ms,angulo_deg,u_pct,referencia
10,-0.59,12.09,0.00
20,-0.58,0.27,0.00
30,-0.59,0.40,0.00
40,-0.59,0.33,0.00
50,-0.58,0.35,0.00
60,-0.59,0.38,0.00
70,-0.59,0.39,0.00
80,-0.58,0.33,0.00
90,-0.59,0.42,0.00
100,-0.59,0.42,0.00
110,-0.59,0.39,0.00
120,-0.59,0.37,0.00
130,-0.59,0.39,0.00
140,-0.59,0.42,0.00
150,-0.59,0.45,0.00
160,-0.59,0.36,0.00
170,-0.59,0.47,0.00
180,-0.59,0.43,0.00
190,-0.60,0.45,0.00
200,-0.59,0.37,0.00
210,-0.59,0.45,0.00
220,-0.59,0.39,0.00
230,-0.59,0.44,0.00
240,-0.59,0.40,0.00
250,-0.59,0.43,0.00
260,-0.59,0.41,0.00
270,-0.59,0.46,0.00
280,-0.59,0.45,0.00
290,-0.59,0.50,0.00
300,-0.59,0.49,0.00
310,-0.59,0.47,0.00
320,-0.60,0.48,0.00
330,-0.59,0.44,0.00
340,-0.59,0.45,0.00
350,-0.59,0.46,0.00
360,-0.59,0.46,0.00
370,-0.59,0.50,0.00
380,-0.59,0.56,0.00
390,-0.60,0.52,0.00
400,-0.60,0.54,0.00
410,-0.60,0.57,0.00
420,-0.60,0.51,0.00
430,-0.60,0.48,0.00
440,-0.60,0.47,0.00
450,-0.59,0.48,0.00
460,-0.59,0.52,0.00
470,-0.60,0.55,0.00
480,-0.60,0.53,0.00
490,-0.60,0.59,0.00
500,-0.60,0.59,0.00
510,-0.60,0.53,0.00
520,-0.60,0.55,0.00
530,-0.60,0.57,0.00
540,-0.60,0.54,0.00
550,-0.60,0.54,0.00
560,-0.59,0.50,0.00
570,-0.59,0.56,0.00
580,-0.59,0.58,0.00
590,-0.60,0.61,0.00
600,-0.60,0.60,0.00
610,-0.60,0.65,0.00
620,-0.60,0.62,0.00
630,-0.60,0.59,0.00
640,-0.60,0.56,0.00
650,-0.60,0.62,0.00
660,-0.60,0.66,0.00
670,-0.61,0.66,0.00
680,-0.61,0.72,0.00
690,-0.61,0.70,0.00
700,-0.62,0.68,0.00
710,-0.62,0.64,0.00
720,-0.62,0.63,0.00
730,-0.62,0.64,0.00
740,-0.61,0.61,0.00
750,-0.61,0.60,0.00
760,-0.61,0.60,0.00
770,-0.61,0.60,0.00
780,-0.62,1.03,0.00
790,-0.63,0.71,0.00
800,-0.63,0.70,0.00
810,-0.62,0.60,0.00
820,-0.64,0.97,0.00
830,-0.60,0.02,0.00
840,-0.58,0.17,0.00
850,-0.58,0.74,0.00
860,-0.60,1.05,0.00
870,-0.61,0.87,0.00
880,-0.61,0.65,0.00
890,-0.61,0.84,0.00
900,-0.61,0.67,0.00
910,-0.61,0.64,0.00
920,-0.61,0.80,0.00
930,-0.62,0.84,0.00
940,-0.64,1.18,0.00
950,-0.65,1.01,0.00
960,-0.67,1.12,0.00
970,-0.67,0.74,0.00
980,-0.68,0.96,0.00
990,-0.66,0.41,0.00
1000,-0.67,0.91,0.00
1010,-0.68,1.10,0.00
1020,-0.69,0.93,0.00
1030,-0.67,0.39,0.00
1040,-0.67,0.93,0.00
1050,-0.66,0.56,0.00
1060,-0.67,0.93,0.00
1070,-0.66,0.65,0.00
1080,-0.66,0.90,0.00
1090,-0.66,0.73,0.00
1100,-0.65,0.60,0.00
1110,-0.66,1.04,0.00
1120,-0.65,0.76,0.00
1130,-0.65,0.82,0.00
1140,-0.65,0.87,0.00
1150,-0.66,0.99,0.00
1160,-0.66,0.83,0.00
1170,-0.67,1.01,0.00
1180,-0.68,1.14,0.00
1190,-0.69,0.99,0.00
1200,-0.69,1.01,0.00
1210,-0.70,0.99,0.00
1220,-0.67,0.42,0.00
1230,-0.66,0.64,0.00
1240,-0.65,0.72,0.00
1250,-0.64,0.63,0.00
1260,-0.63,0.74,0.00
1270,-0.63,0.87,0.00
1280,-0.64,0.97,0.00
1290,-0.67,1.49,0.00
1300,-0.69,1.45,0.00
1310,-0.70,1.01,0.00
1320,-0.69,0.81,0.00
1330,-0.67,0.47,0.00
1340,-0.66,0.75,0.00
1350,-0.66,1.03,0.00
1360,-0.68,1.31,0.00
1370,-0.69,1.17,0.00
1380,-0.69,0.87,0.00
1390,-0.66,0.36,0.00
1400,-0.66,1.13,0.00
1410,-0.68,1.22,0.00
1420,-0.68,1.10,0.00
1430,-0.67,0.75,0.00
1440,-0.67,0.90,0.00
1450,-0.68,1.31,0.00
1460,-0.67,0.73,0.00
1470,-0.68,1.18,0.00
1480,-0.69,1.18,0.00
1490,-0.67,0.67,0.00
1500,-0.66,0.77,0.00
1510,-0.64,0.60,0.00
1520,-0.67,1.59,0.00
1530,-0.68,1.29,0.00
1540,-0.65,0.43,0.00
1550,-0.66,1.21,0.00
1560,-0.69,1.58,0.00
1570,-0.69,1.06,0.00
1580,-0.67,0.77,0.00
1590,-0.70,1.51,0.00
1600,-0.71,1.31,0.00
1610,-0.68,0.53,0.00
1620,-0.68,1.05,0.00
1630,-0.70,1.57,0.00
1640,-0.70,0.95,0.00
1650,-0.70,1.11,0.00
1660,-0.72,1.47,0.00
1670,-0.74,1.57,0.00
1680,-0.72,0.77,0.00
1690,-0.72,1.00,0.00
1700,-0.73,1.41,0.00
1710,-0.71,0.73,0.00
1720,-0.69,0.66,0.00
1730,-0.71,1.68,0.00
1740,-0.72,1.35,0.00
1750,-0.69,0.54,0.00
1760,-0.69,1.09,0.00
1770,-0.72,1.67,0.00
1780,-0.70,0.88,0.00
1790,-0.68,0.62,0.00
1800,-0.70,1.71,0.00
1810,-0.69,0.92,0.00
1820,-0.66,0.60,0.00
1830,-0.69,1.68,0.00
1840,-0.70,1.43,0.00
1850,-0.69,1.00,0.00
1860,-0.70,1.28,0.00
1870,-0.71,1.52,0.00
1880,-0.71,1.23,0.00
1890,-0.68,0.63,0.00
1900,-0.69,1.34,0.00
1910,-0.71,1.70,0.00
1920,-0.70,0.88,0.00
1930,-0.71,1.43,0.00
1940,-0.74,1.92,0.00
1950,-0.73,1.03,0.00
1960,-0.72,0.99,0.00
1970,-0.74,1.65,0.00
1980,-0.74,1.32,0.00
1990,-0.71,0.64,0.00
2000,-0.71,1.34,0.00
2010,-0.72,1.43,0.00
2020,-0.69,0.58,0.00
2030,-0.69,1.28,0.00
2040,-0.73,2.09,0.00
2050,-0.71,0.95,0.00
2060,-0.70,1.06,0.00
2070,-0.71,1.56,0.00
2080,-0.70,1.13,0.00
2090,-0.67,0.68,0.00
2100,-0.66,1.02,0.00
2110,-0.68,1.78,0.00
2120,-0.67,1.09,0.00
2130,-0.66,0.97,0.00
2140,-0.69,2.08,0.00
2150,-0.69,1.19,0.00
2160,-0.66,0.69,0.00
2170,-0.69,2.01,0.00
2180,-0.69,1.35,0.00
2190,-0.67,0.95,0.00
2200,-0.68,1.45,0.00
2210,-0.68,1.43,0.00
2220,-0.66,0.83,0.00
2230,-0.64,1.03,0.00
2240,-0.66,1.70,0.00
2250,-0.67,1.47,0.00
2260,-0.65,1.04,0.00
2270,-0.66,1.52,0.00
2280,-0.67,1.53,0.00
2290,-0.64,0.77,0.00
2300,-0.61,0.90,0.00
2310,-0.63,1.58,0.00
2320,-0.62,1.30,0.00
2330,-0.61,0.99,0.00
2340,-0.62,1.65,0.00
2350,-0.64,1.76,0.00
2360,-0.61,0.72,0.00
2370,-0.60,1.23,0.00
2380,-0.62,1.88,0.00
2390,-0.60,0.85,0.00
2400,-0.59,1.11,0.00
2410,-0.61,1.83,0.00
2420,-0.61,1.45,0.00
2430,-0.59,0.94,0.00
2440,-0.58,1.21,0.00
2450,-0.61,2.06,0.00
2460,-0.61,1.37,0.00
2470,-0.59,1.01,0.00
2480,-0.61,1.77,0.00
2490,-0.62,1.60,0.00
2500,-0.59,0.90,0.00
2510,-0.58,1.23,0.00
2520,-0.61,1.95,0.00
2530,-0.61,1.56,0.00
2540,-0.64,2.02,0.00
2550,-0.63,1.27,0.00
2560,-0.61,1.06,0.00
2570,-0.63,1.86,0.00
2580,-0.65,1.81,0.00
2590,-0.62,0.91,0.00
2600,-0.61,1.19,0.00
2610,-0.63,1.90,0.00
2620,-0.64,1.69,0.00
2630,-0.62,1.12,0.00
2640,-0.63,1.55,0.00
2650,-0.64,1.73,0.00
2660,-0.60,0.81,0.00
2670,-0.58,1.02,0.00
2680,-0.58,1.55,0.00
2690,-0.58,1.44,0.00
2700,-0.58,1.41,0.00
2710,-0.58,1.48,0.00
2720,-0.60,2.05,0.00
2730,-0.59,1.26,0.00
2740,-0.57,1.00,0.00
2750,-0.59,1.88,0.00
2760,-0.59,1.61,0.00
2770,-0.57,1.05,0.00
2780,-0.57,1.55,0.00
2790,-0.60,2.08,0.00
2800,-0.59,1.33,0.00
2810,-0.57,1.21,0.00
2820,-0.61,2.33,0.00
2830,-0.62,1.73,0.00
2840,-0.59,0.99,0.00
2850,-0.60,1.76,0.00
2860,-0.62,1.89,0.00
2870,-0.60,1.31,0.00
2880,-0.59,1.30,0.00
2890,-0.62,2.13,0.00
2900,-0.63,1.89,0.00
2910,-0.60,1.04,0.00
2920,-0.60,1.47,0.00
2930,-0.62,2.12,0.00
2940,-0.62,1.55,0.00
2950,-0.61,1.29,0.00
2960,-0.61,1.73,0.00
2970,-0.65,2.46,0.00
2980,-0.63,1.11,0.00
2990,-0.60,1.06,0.00
3000,-0.63,2.18,0.00
3010,-0.64,2.00,0.00
3020,-0.62,1.20,0.00
3030,-0.61,1.34,0.00
3040,-0.64,2.22,0.00
3050,-0.64,1.80,0.00
3060,-0.62,1.23,0.00
3070,-0.63,1.94,0.00
3080,-0.65,1.93,0.00
3090,-0.63,1.29,0.00
3100,-0.60,1.02,0.00
3110,-0.61,1.99,0.00
3120,-0.63,2.11,0.00
3130,-0.62,1.33,0.00
3140,-0.62,1.69,0.00
3150,-0.63,1.95,0.00
3160,-0.63,1.82,0.00
3170,-0.60,1.10,0.00
3180,-0.59,1.46,0.00
3190,-0.62,2.32,0.00
3200,-0.62,1.65,0.00
3210,-0.61,1.51,0.00
3220,-0.61,1.76,0.00
3230,-0.64,2.36,0.00
3240,-0.63,1.53,0.00
3250,-0.59,0.89,0.00
3260,-0.60,1.92,0.00
3270,-0.62,2.14,0.00
3280,-0.61,1.52,0.00
3290,-0.58,1.17,0.00
3300,-0.59,1.92,0.00
3310,-0.59,1.81,0.00
3320,-0.57,1.19,0.00
3330,-0.56,1.55,0.00
3340,-0.57,1.95,0.00
3350,-0.58,2.06,0.00
3360,-0.56,1.25,0.00
3370,-0.55,1.59,0.00
3380,-0.56,1.95,0.00
3390,-0.56,1.79,0.00
3400,-0.55,1.55,0.00
3410,-0.54,1.47,0.00
3420,-0.56,2.20,0.00
3430,-0.58,2.14,0.00
3440,-0.57,1.61,0.00
3450,-0.55,1.42,0.00
3460,-0.55,1.75,0.00
3470,-0.56,1.94,0.00
3480,-0.54,1.37,0.00
3490,-0.55,1.91,0.00
3500,-0.57,2.33,0.00
3510,-0.58,1.96,0.00
3520,-0.55,1.22,0.00
3530,-0.55,1.86,0.00
3540,-0.59,2.48,0.00
3550,-0.59,1.88,0.00
3560,-0.58,1.61,0.00
3570,-0.58,1.95,0.00
3580,-0.60,2.24,0.00
3590,-0.58,1.44,0.00
3600,-0.57,1.55,0.00
3610,-0.57,1.90,0.00
3620,-0.59,2.28,0.00
3630,-0.58,1.64,0.00
3640,-0.60,2.19,0.00
3650,-0.61,2.07,0.00
3660,-0.60,1.66,0.00
3670,-0.58,1.61,0.00
3680,-0.60,2.11,0.00
3690,-0.63,2.51,0.00
3700,-0.62,1.83,0.00
3710,-0.60,1.45,0.00
3720,-0.59,1.79,0.00
3730,-0.63,2.63,0.00
3740,-0.63,1.99,0.00
3750,-0.62,1.62,0.00
3760,-0.61,1.77,0.00
3770,-0.65,2.76,0.00
3780,-0.67,2.32,0.00
3790,-0.62,1.00,0.00
3800,-0.61,1.70,0.00
3810,-0.65,2.71,0.00
3820,-0.67,2.41,0.00
3830,-0.64,1.44,0.00
3840,-0.63,1.81,0.00
3850,-0.64,2.15,0.00
3860,-0.66,2.40,0.00
3870,-0.65,1.75,0.00
3880,-0.64,1.81,0.00
3890,-0.65,2.24,0.00
3900,-0.67,2.33,0.00
3910,-0.66,1.92,0.00
3920,-0.63,1.46,0.00
3930,-0.63,1.93,0.00
3940,-0.64,2.18,0.00
3950,-0.65,2.30,0.00
3960,-0.63,1.67,0.00
3970,-0.61,1.44,0.00
3980,-0.61,2.05,0.00
3990,-0.62,2.38,0.00
4000,-0.62,1.88,0.00
4010,-0.60,1.64,0.00
4020,-0.61,2.29,0.00
4030,-0.63,2.39,0.00
4040,-0.62,1.93,0.00
4050,-0.59,1.42,0.00
4060,-0.61,2.48,0.00
4070,-0.64,2.60,0.00
4080,-0.64,2.16,0.00
4090,-0.60,1.21,0.00
4100,-0.61,2.25,0.00
4110,-0.64,2.65,0.00
4120,-0.63,2.03,0.00
4130,-0.61,1.54,0.00
4140,-0.62,2.36,0.00
4150,-0.65,2.70,0.00
4160,-0.64,1.90,0.00
4170,-0.61,1.48,0.00
4180,-0.61,2.08,0.00
4190,-0.64,2.85,0.00
4200,-0.65,2.31,0.00
4210,-0.63,1.60,0.00
4220,-0.62,1.90,0.00
4230,-0.64,2.58,0.00
4240,-0.67,2.70,0.00
4250,-0.64,1.72,0.00
4260,-0.65,2.33,0.00
4270,-0.68,2.71,0.00
4280,-0.70,2.63,0.00
4290,-0.68,1.85,0.00
4300,-0.66,1.72,0.00
4310,-0.69,2.79,0.00
4320,-0.71,2.55,0.00
4330,-0.70,2.15,0.00
4340,-0.69,2.01,0.00
4350,-0.73,3.01,0.00
4360,-0.74,2.40,0.00
4370,-0.70,1.42,0.00
4380,-0.71,2.47,0.00
4390,-0.73,2.66,0.00
4400,-0.71,1.84,0.00
4410,-0.70,2.05,0.00
4420,-0.73,2.94,0.00
4430,-0.71,1.81,0.00
4440,-0.71,2.31,0.00
4450,-0.70,2.11,0.00
4460,-0.70,2.36,0.00
4470,-0.70,2.21,0.00
4480,-0.73,2.86,0.00
4490,-0.73,2.36,0.00
4500,-0.74,2.50,0.00
4510,-0.74,2.28,0.00
4520,-0.72,2.05,0.00
4530,-0.73,2.53,0.00
4540,-0.73,2.18,0.00
4550,-0.70,1.73,0.00
4560,-0.71,2.66,0.00
4570,-0.71,2.35,0.00
4580,-0.69,1.81,0.00
4590,-0.69,2.45,0.00
4600,-0.70,2.56,0.00
4610,-0.68,1.97,0.00
4620,-0.68,2.20,0.00
4630,-0.71,3.03,0.00
4640,-0.70,2.19,0.00
4650,-0.69,2.12,0.00
4660,-0.71,2.88,0.00
4670,-0.71,2.28,0.00
4680,-0.70,2.19,0.00
4690,-0.68,1.93,0.00
4700,-0.67,2.19,0.00
4710,-0.68,2.61,0.00
4720,-0.68,2.41,0.00
4730,-0.71,3.00,0.00
4740,-0.68,1.72,0.00
4750,-0.66,2.14,0.00
4760,-0.67,2.52,0.00
4770,-0.67,2.42,0.00
4780,-0.67,2.40,0.00
4790,-0.66,2.27,0.00
4800,-0.64,1.95,0.00
4810,-0.65,2.59,0.00
4820,-0.66,2.63,0.00
4830,-0.63,1.93,0.00
4840,-0.63,2.25,0.00
4850,-0.63,2.61,0.00
4860,-0.62,2.14,0.00
4870,-0.65,2.91,0.00
4880,-0.63,2.16,0.00
4890,-0.65,2.75,0.00
4900,-0.65,2.57,0.00
4910,-0.65,2.47,0.00
4920,-0.67,2.76,0.00
4930,-0.65,2.12,0.00
4940,-0.64,2.29,0.00
4950,-0.66,2.94,0.00
4960,-0.64,2.07,0.00
4970,-0.65,2.63,0.00
4980,-0.66,2.70,0.00
4990,-0.65,2.34,0.00
5000,-0.65,2.40,0.00
5010,-0.66,2.68,0.00
5020,-0.67,2.77,0.00
5030,-0.67,2.54,0.00
5040,-0.68,2.67,0.00
5050,-0.69,2.81,0.00
5060,-0.69,2.46,0.00
5070,-0.71,2.94,0.00
5080,-0.71,2.68,0.00
5090,-0.72,2.73,0.00
5100,-0.72,2.63,0.00
5110,-0.72,2.46,0.00
5120,-0.70,2.32,0.00
5130,-0.70,2.58,0.00
5140,-0.71,2.78,0.00
5150,-0.70,2.38,0.00
5160,-0.69,2.36,0.00
5170,-0.71,2.94,0.00
5180,-0.70,2.43,0.00
5190,-0.68,2.24,0.00
5200,-0.67,2.43,0.00
5210,-0.65,2.25,0.00
5220,-0.65,2.56,0.00
5230,-0.63,2.19,0.00
5240,-0.63,2.52,0.00
5250,-0.65,3.00,0.00
5260,-0.63,2.31,0.00
5270,-0.63,2.55,0.00
5280,-0.66,3.14,0.00
5290,-0.65,2.60,0.00
5300,-0.65,2.52,0.00
5310,-0.65,2.70,0.00
5320,-0.67,2.92,0.00
5330,-0.68,2.92,0.00
5340,-0.67,2.51,0.00
5350,-0.67,2.73,0.00
5360,-0.68,2.75,0.00
5370,-0.68,2.71,0.00
5380,-0.68,2.73,0.00
5390,-0.67,2.51,0.00
5400,-0.67,2.65,0.00
5410,-0.67,2.61,0.00
5420,-0.65,2.36,0.00
5430,-0.64,2.58,0.00
5440,-0.65,2.76,0.00
5450,-0.66,2.90,0.00
5460,-0.67,2.97,0.00
5470,-0.67,2.80,0.00
5480,-0.67,2.62,0.00
5490,-0.68,2.87,0.00
5500,-0.68,2.76,0.00
5510,-0.67,2.52,0.00
5520,-0.66,2.64,0.00
5530,-0.65,2.57,0.00
5540,-0.63,2.35,0.00
5550,-0.64,2.75,0.00
5560,-0.62,2.50,0.00
5570,-0.63,2.89,0.00
5580,-0.64,2.93,0.00
5590,-0.65,2.93,0.00
5600,-0.65,2.80,0.00
5610,-0.65,2.81,0.00
5620,-0.66,2.80,0.00
5630,-0.65,2.74,0.00
5640,-0.65,2.69,0.00
5650,-0.65,2.71,0.00
5660,-0.65,2.85,0.00
5670,-0.64,2.71,0.00
5680,-0.64,2.64,0.00
5690,-0.64,2.83,0.00
5700,-0.64,2.89,0.00
5710,-0.65,2.88,0.00
5720,-0.65,2.86,0.00
5730,-0.65,2.87,0.00
5740,-0.66,3.06,0.00
5750,-0.67,2.99,0.00
5760,-0.67,2.78,0.00
5770,-0.67,2.91,0.00
5780,-0.68,2.93,0.00
5790,-0.67,2.76,0.00
5800,-0.67,2.80,0.00
5810,-0.67,2.94,0.00
5820,-0.67,2.78,0.00
5830,-0.66,2.64,0.00
5840,-0.65,2.72,0.00
5850,-0.64,2.72,0.00
5860,-0.63,2.72,0.00
5870,-0.63,2.81,0.00
5880,-0.64,2.97,0.00
5890,-0.63,2.84,0.00
5900,-0.64,3.07,0.00
5910,-0.65,2.96,0.00
5920,-0.64,2.82,0.00
5930,-0.64,2.94,0.00
5940,-0.64,2.74,0.00
5950,-0.63,2.88,0.00
5960,-0.63,2.77,0.00
5970,-0.64,3.09,0.00
5980,-0.64,2.93,0.00
5990,-0.64,2.93,0.00
6000,-0.64,2.91,0.00
6010,-0.63,2.86,0.00
6020,-0.63,2.91,0.00
6030,-0.63,2.90,0.00
6040,-0.63,2.91,0.00
6050,-0.63,2.90,0.00
6060,-0.63,2.97,0.00
6070,-0.63,2.92,0.00
6080,-0.63,2.96,0.00
6090,-0.63,3.05,0.00
6100,-0.63,2.95,0.00
6110,-0.63,2.96,0.00
6120,-0.63,2.99,0.00
6130,-0.63,2.93,0.00
6140,-0.63,3.03,0.00
6150,-0.63,2.95,0.00
6160,-0.63,3.01,0.00
6170,-0.63,3.03,0.00
6180,-0.63,2.95,0.00
6190,-0.63,3.04,0.00
6200,-0.63,2.98,0.00
6210,-0.63,3.05,0.00
6220,-0.63,2.98,0.00
6230,-0.63,3.05,0.00
6240,-0.63,2.98,0.00
6250,-0.63,3.01,0.00
6260,-0.63,3.01,0.00
6270,-0.63,3.00,0.00
6280,-0.63,3.01,0.00
6290,-0.62,3.03,0.00
6300,-0.62,3.05,0.00
6310,-0.63,3.09,0.00
6320,-0.63,3.06,0.00
6330,-0.63,3.08,0.00
6340,-0.63,3.05,0.00
6350,-0.62,3.02,0.00
6360,-0.62,3.07,0.00
6370,-0.63,3.08,0.00
6380,-0.62,3.05,0.00
6390,-0.62,3.07,0.00
6400,-0.62,3.08,0.00
6410,-0.62,3.06,0.00
6420,-0.62,3.09,0.00
6430,-0.62,3.13,0.00
6440,-0.62,3.13,0.00
6450,-0.62,3.11,0.00
6460,-0.62,3.09,0.00
6470,-0.62,3.10,0.00
6480,-0.62,3.18,0.00
6490,-0.62,3.11,0.00
6500,-0.62,3.09,0.00
6510,-0.62,3.06,0.00
6520,-0.62,3.09,0.00
6530,-0.61,3.10,0.00
6540,-0.61,3.14,0.00
6550,-0.61,3.12,0.00
6560,-0.61,3.10,0.00
6570,-0.61,3.15,0.00
6580,-0.61,3.15,0.00
6590,-0.61,3.14,0.00
6600,-0.61,3.16,0.00
6610,-0.61,3.16,0.00
6620,-0.61,3.16,0.00
6630,-0.61,3.17,0.00
6640,-0.61,3.18,0.00
6650,-0.61,3.18,0.00
6660,-0.61,3.12,0.00
6670,-0.61,3.23,0.00
6680,-0.61,3.18,0.00
6690,-0.61,3.19,0.00
6700,-0.61,3.23,0.00
6710,-0.61,3.19,0.00
6720,-0.61,3.22,0.00
6730,-0.61,3.15,0.00
6740,-0.61,3.21,0.00
6750,-0.61,3.22,0.00
6760,-0.61,3.25,0.00
6770,-0.61,3.24,0.00
6780,-0.61,3.24,0.00
6790,-0.61,3.29,0.00
6800,-0.61,3.34,0.00
6810,-0.61,3.21,0.00
6820,-0.61,3.27,0.00
6830,-0.61,3.21,0.00
6840,-0.61,3.24,0.00
6850,-0.61,3.22,0.00
6860,-0.61,3.29,0.00
6870,-0.61,3.20,0.00
6880,-0.61,3.29,0.00
6890,-0.61,3.28,0.00
6900,-0.61,3.29,0.00
6910,-0.61,3.30,0.00
6920,-0.61,3.30,0.00
6930,-0.61,3.32,0.00
6940,-0.61,3.31,0.00
6950,-0.61,3.25,0.00
6960,-0.61,3.29,0.00
6970,-0.61,3.32,0.00
6980,-0.61,3.30,0.00
6990,-0.61,3.31,0.00
7000,-0.61,3.30,0.00
7010,-0.61,3.39,0.00
7020,-0.61,3.35,0.00
7030,-0.61,3.41,0.00
7040,-0.62,3.37,0.00
7050,-0.62,3.38,0.00
7060,-0.62,3.38,0.00
7070,-0.62,3.39,0.00
7080,-0.62,3.39,0.00
7090,-0.62,3.35,0.00
7100,-0.62,3.32,0.00
7110,-0.62,3.39,0.00
7120,-0.62,3.36,0.00
7130,-0.62,3.33,0.00
7140,-0.61,3.33,0.00
7150,-0.61,3.31,0.00
7160,-0.61,3.38,0.00
7170,-0.61,3.38,0.00
7180,-0.61,3.40,0.00
7190,-0.61,3.39,0.00
7200,-0.61,3.41,0.00
7210,-0.61,3.38,0.00
7220,-0.61,3.38,0.00
7230,-0.61,3.44,0.00
7240,-0.61,3.39,0.00
7250,-0.60,3.36,0.00
7260,-0.60,3.40,0.00
7270,-0.60,3.43,0.00
7280,-0.60,3.46,0.00
7290,-0.60,3.41,0.00
7300,-0.60,3.45,0.00
7310,-0.60,3.41,0.00
7320,-0.60,3.44,0.00
7330,-0.60,3.45,0.00
7340,-0.60,3.43,0.00
7350,-0.60,3.52,0.00
7360,-0.60,3.47,0.00
7370,-0.60,3.48,0.00
7380,-0.60,3.52,0.00
7390,-0.61,3.51,0.00
7400,-0.61,3.48,0.00
7410,-0.61,3.51,0.00
7420,-0.61,3.51,0.00
7430,-0.61,3.55,0.00
7440,-0.61,3.53,0.00
7450,-0.61,3.49,0.00
7460,-0.61,3.49,0.00
7470,-0.61,3.47,0.00
7480,-0.61,3.51,0.00
7490,-0.61,3.51,0.00
7500,-0.61,3.55,0.00
7510,-0.61,3.55,0.00
7520,-0.61,3.54,0.00
7530,-0.61,3.52,0.00
7540,-0.61,3.56,0.00
7550,-0.61,3.50,0.00
7560,-0.61,3.55,0.00
7570,-0.61,3.53,0.00
7580,-0.60,3.47,0.00
7590,-0.60,3.52,0.00
7600,-0.60,3.58,0.00
7610,-0.60,3.60,0.00
7620,-0.61,3.60,0.00
7630,-0.61,3.59,0.00
7640,-0.60,3.53,0.00
7650,-0.60,3.58,0.00
7660,-0.61,3.61,0.00
7670,-0.60,3.58,0.00
7680,-0.60,3.56,0.00
7690,-0.61,3.66,0.00
7700,-0.61,3.61,0.00
7710,-0.61,3.67,0.00
7720,-0.61,3.60,0.00
7730,-0.61,3.57,0.00
7740,-0.61,3.62,0.00
7750,-0.60,3.56,0.00
7760,-0.60,3.61,0.00
7770,-0.60,3.60,0.00
7780,-0.60,3.63,0.00
7790,-0.60,3.65,0.00
7800,-0.60,3.63,0.00
7810,-0.60,3.66,0.00
7820,-0.60,3.65,0.00
7830,-0.60,3.69,0.00
7840,-0.61,3.69,0.00
7850,-0.60,3.62,0.00
7860,-0.60,3.63,0.00
7870,-0.60,3.64,0.00
7880,-0.60,3.66,0.00
7890,-0.60,3.66,0.00
7900,-0.60,3.68,0.00
7910,-0.60,3.67,0.00
7920,-0.60,3.73,0.00
7930,-0.60,3.67,0.00
7940,-0.60,3.72,0.00
7950,-0.60,3.71,0.00
7960,-0.60,3.71,0.00
7970,-0.60,3.69,0.00
7980,-0.60,3.73,0.00
7990,-0.60,3.72,0.00
8000,-0.60,3.71,0.00
8010,-0.60,3.76,0.00
8020,-0.60,3.73,0.00
8030,-0.60,3.75,0.00
8040,-0.60,3.74,0.00
8050,-0.60,3.73,0.00
8060,-0.61,3.79,0.00
8070,-0.61,3.80,0.00
8080,-0.61,3.79,0.00
8090,-0.61,3.76,0.00
8100,-0.61,3.75,0.00
8110,-0.61,3.76,0.00
8120,-0.61,3.78,0.00
8130,-0.61,3.79,0.00
8140,-0.61,3.77,0.00
8150,-0.61,3.79,0.00
8160,-0.61,3.75,0.00
8170,-0.61,3.85,0.00
8180,-0.61,3.82,0.00
8190,-0.61,3.78,0.00
8200,-0.61,3.79,0.00
8210,-0.61,3.80,0.00
8220,-0.60,3.76,0.00
8230,-0.60,3.80,0.00
8240,-0.60,3.81,0.00
8250,-0.60,3.80,0.00
8260,-0.60,3.81,0.00
8270,-0.60,3.78,0.00
8280,-0.60,3.87,0.00
8290,-0.60,3.87,0.00
8300,-0.60,3.85,0.00
8310,-0.60,3.89,0.00
8320,-0.61,3.88,0.00
8330,-0.61,3.89,0.00
8340,-0.61,3.91,0.00
8350,-0.61,3.94,0.00
8360,-0.61,3.85,0.00
8370,-0.61,3.84,0.00
8380,-0.61,3.86,0.00
8390,-0.61,3.90,0.00
8400,-0.61,3.83,0.00
8410,-0.61,3.87,0.00
8420,-0.61,3.90,0.00
8430,-0.61,3.87,0.00
8440,-0.60,3.87,0.00
8450,-0.61,3.94,0.00
8460,-0.61,3.93,0.00
8470,-0.61,3.90,0.00
8480,-0.61,3.93,0.00
8490,-0.61,3.90,0.00
8500,-0.60,3.89,0.00
8510,-0.60,3.94,0.00
8520,-0.60,3.91,0.00
8530,-0.61,4.00,0.00
8540,-0.61,3.97,0.00
8550,-0.61,3.92,0.00
8560,-0.61,3.99,0.00
8570,-0.61,3.99,0.00
8580,-0.61,3.92,0.00
8590,-0.61,3.90,0.00
8600,-0.60,3.88,0.00
8610,-0.60,3.97,0.00
8620,-0.60,4.00,0.00
8630,-0.60,4.02,0.00
8640,-0.61,4.01,0.00
8650,-0.61,4.02,0.00
8660,-0.61,3.94,0.00
8670,-0.60,3.98,0.00
8680,-0.60,3.98,0.00
8690,-0.60,3.99,0.00
8700,-0.61,4.05,0.00
8710,-0.61,4.02,0.00
8720,-0.61,4.01,0.00
8730,-0.61,4.00,0.00
8740,-0.61,4.04,0.00
8750,-0.61,4.02,0.00
8760,-0.60,3.99,0.00
8770,-0.60,4.04,0.00
8780,-0.60,4.02,0.00
8790,-0.60,4.07,0.00
8800,-0.60,4.04,0.00
8810,-0.61,4.06,0.00
8820,-0.61,4.07,0.00
8830,-0.61,4.05,0.00
8840,-0.61,4.07,0.00
8850,-0.61,4.09,0.00
8860,-0.61,4.05,0.00
8870,-0.61,4.06,0.00
8880,-0.60,4.05,0.00
8890,-0.60,4.05,0.00
8900,-0.60,4.12,0.00
8910,-0.60,4.09,0.00
8920,-0.60,4.05,0.00
8930,-0.60,4.09,0.00
8940,-0.60,4.04,0.00
8950,-0.60,4.13,0.00
8960,-0.60,4.14,0.00
8970,-0.60,4.14,0.00
8980,-0.60,4.11,0.00
8990,-0.60,4.11,0.00
9000,-0.60,4.11,0.00
9010,-0.60,4.14,0.00
9020,-0.60,4.15,0.00
9030,-0.61,4.17,0.00
9040,-0.61,4.14,0.00
9050,-0.61,4.14,0.00
9060,-0.60,4.14,0.00
9070,-0.60,4.16,0.00
9080,-0.61,4.17,0.00
9090,-0.61,4.18,0.00
9100,-0.61,4.24,0.00
9110,-0.61,4.20,0.00
9120,-0.61,4.18,0.00
9130,-0.61,4.13,0.00
9140,-0.61,4.17,0.00
9150,-0.61,4.23,0.00
9160,-0.61,4.22,0.00
9170,-0.61,4.17,0.00
9180,-0.61,4.23,0.00
9190,-0.61,4.19,0.00
9200,-0.61,4.18,0.00
9210,-0.61,4.23,0.00
9220,-0.61,4.23,0.00
9230,-0.61,4.29,0.00
9240,-0.62,4.26,0.00
9250,-0.62,4.26,0.00
9260,-0.62,4.27,0.00
9270,-0.62,4.29,0.00
9280,-0.62,4.26,0.00
9290,-0.62,4.25,0.00
9300,-0.62,4.23,0.00
9310,-0.62,4.25,0.00
9320,-0.62,4.25,0.00
9330,-0.62,4.33,0.00
9340,-0.62,4.26,0.00
9350,-0.63,4.34,0.00
9360,-0.62,4.28,0.00
9370,-0.62,4.28,0.00
9380,-0.62,4.25,0.00
9390,-0.62,4.25,0.00
9400,-0.62,4.33,0.00
9410,-0.62,4.30,0.00
9420,-0.63,4.38,0.00
9430,-0.63,4.33,0.00
9440,-0.62,4.29,0.00
9450,-0.62,4.30,0.00
9460,-0.62,4.33,0.00
9470,-0.62,4.34,0.00
9480,-0.62,4.27,0.00
9490,-0.62,4.34,0.00
9500,-0.62,4.34,0.00
9510,-0.62,4.35,0.00
9520,-0.62,4.33,0.00
9530,-0.62,4.33,0.00
9540,-0.62,4.37,0.00
9550,-0.62,4.42,0.00
9560,-0.63,4.41,0.00
9570,-0.63,4.36,0.00
9580,-0.62,4.35,0.00
9590,-0.62,4.37,0.00
9600,-0.62,4.37,0.00
9610,-0.62,4.35,0.00
9620,-0.62,4.32,0.00
9630,-0.62,4.37,0.00
9640,-0.62,4.41,0.00
9650,-0.62,4.41,0.00
9660,-0.62,4.37,0.00
9670,-0.62,4.39,0.00
9680,-0.62,4.42,0.00
9690,-0.61,4.38,0.00
9700,-0.61,4.36,0.00
9710,-0.61,4.36,0.00
9720,-0.61,4.40,0.00
9730,-0.61,4.40,0.00
9740,-0.61,4.46,0.00
9750,-0.61,4.42,0.00
9760,-0.61,4.46,0.00
9770,-0.61,4.48,0.00
9780,-0.61,4.48,0.00
9790,-0.61,4.46,0.00
9800,-0.61,4.51,0.00
9810,-0.62,4.53,0.00
9820,-0.62,4.46,0.00
9830,-0.62,4.45,0.00
9840,-0.61,4.42,0.00
9850,-0.61,4.46,0.00
9860,-0.61,4.43,0.00
9870,-0.61,4.55,0.00
9880,-0.62,4.57,0.00
9890,-0.62,4.53,0.00
9900,-0.62,4.55,0.00
9910,-0.62,4.50,0.00
9920,-0.62,4.53,0.00
9930,-0.62,4.57,0.00
9940,-0.63,4.55,0.00
9950,-0.63,4.54,0.00
9960,-0.62,4.50,0.00
9970,-0.62,4.49,0.00
9980,-0.62,4.53,0.00
9990,-0.62,4.55,0.00
10000,-0.62,4.56,0.00
10010,-0.62,39.47,60.00
10020,-0.62,39.89,60.00
10030,-0.62,40.29,60.00
10040,-0.62,40.75,60.00
10050,-0.62,41.02,60.00
10060,-0.59,41.03,60.00
10070,-0.62,42.48,60.00
10080,-0.67,43.41,60.00
10090,-0.65,42.34,60.00
10100,-0.64,42.97,60.00
10110,-0.63,43.29,60.00
10120,-0.62,43.62,60.00
10130,-0.60,43.98,60.00
10140,-0.60,44.76,60.00
10150,-0.59,44.89,60.00
10160,-0.60,45.71,60.00
10170,-0.60,46.08,60.00
10180,-0.53,44.93,60.00
10190,-0.50,46.00,60.00
10200,-0.46,46.20,60.00
10210,-0.41,46.59,60.00
10220,-0.36,46.81,60.00
10230,-0.28,46.44,60.00
10240,-0.16,46.17,60.00
10250,0.00,45.64,60.00
10260,0.19,45.34,60.00
10270,0.38,45.48,60.00
10280,0.56,46.06,60.00
10290,0.77,45.78,60.00
10300,1.03,44.98,60.00
10310,1.32,44.52,60.00
10320,1.63,44.52,60.00
10330,1.95,44.34,60.00
10340,2.31,43.77,60.00
10350,2.71,43.27,60.00
10360,3.11,43.24,60.00
10370,3.54,42.88,60.00
10380,4.00,42.27,60.00
10390,4.50,41.71,60.00
10400,5.00,41.59,60.00
10410,5.52,41.40,60.00
10420,6.06,40.91,60.00
10430,6.65,40.14,60.00
10440,7.25,39.70,60.00
10450,7.86,39.57,60.00
10460,8.48,39.48,60.00
10470,9.12,38.94,60.00
10480,9.77,38.66,60.00
10490,10.46,37.98,60.00
10500,11.16,37.47,60.00
10510,11.89,36.91,60.00
10520,12.63,36.65,60.00
10530,13.37,36.43,60.00
10540,14.13,35.98,60.00
10550,14.89,35.77,60.00
10560,15.67,35.08,60.00
10570,16.46,34.95,60.00
10580,17.24,34.96,60.00
10590,18.00,34.96,60.00
10600,18.75,35.18,60.00
10610,19.49,35.36,60.00
10620,20.22,35.24,60.00
10630,20.98,34.55,60.00
10640,21.76,33.84,60.00
10650,22.54,33.70,60.00
10660,23.28,34.30,60.00
10670,24.01,34.32,60.00
10680,24.77,33.62,60.00
10690,25.49,34.04,60.00
10700,26.21,33.93,60.00
10710,26.93,33.71,60.00
10720,27.64,33.72,60.00
10730,28.33,34.02,60.00
10740,29.02,33.89,60.00
10750,29.70,33.76,60.00
10760,30.35,34.19,60.00
10770,31.01,33.91,60.00
10780,31.65,33.98,60.00
10790,32.27,34.19,60.00
10800,32.89,34.25,60.00
10810,33.48,34.43,60.00
10820,34.06,34.69,60.00
10830,34.62,34.74,60.00
10840,35.16,35.13,60.00
10850,35.69,35.07,60.00
10860,36.22,34.99,60.00
10870,36.71,35.66,60.00
10880,37.19,35.67,60.00
10890,37.66,35.78,60.00
10900,38.10,36.42,60.00
10910,38.53,36.30,60.00
10920,38.95,36.57,60.00
10930,39.33,37.11,60.00
10940,39.71,37.20,60.00
10950,40.08,37.20,60.00
10960,40.41,38.04,60.00
10970,40.73,38.10,60.00
10980,41.04,38.40,60.00
10990,41.32,38.78,60.00
11000,41.57,39.42,60.00
11010,41.82,39.27,60.00
11020,42.07,39.47,60.00
11030,42.27,40.38,60.00
11040,42.44,40.97,60.00
11050,42.62,40.88,60.00
11060,42.80,40.87,60.00
11070,42.95,41.28,60.00
11080,43.07,42.14,60.00
11090,43.15,42.88,60.00
11100,43.22,43.28,60.00
11110,43.29,43.39,60.00
11120,43.35,43.51,60.00
11130,43.42,43.40,60.00
11140,43.47,43.87,60.00
11150,43.52,44.19,60.00
11160,43.54,44.57,60.00
11170,43.56,44.90,60.00
11180,43.55,45.45,60.00
11190,43.54,45.72,60.00
11200,43.51,46.14,60.00
11210,43.48,46.28,60.00
11220,43.45,46.35,60.00
11230,43.42,46.59,60.00
11240,43.37,46.93,60.00
11250,43.33,47.14,60.00
11260,43.29,47.15,60.00
11270,43.23,47.54,60.00
11280,43.18,47.80,60.00
11290,43.11,48.07,60.00
11300,43.06,47.97,60.00
11310,43.00,48.32,60.00
11320,42.95,48.27,60.00
11330,42.89,48.37,60.00
11340,42.84,48.54,60.00
11350,42.79,48.59,60.00
11360,42.75,48.71,60.00
11370,42.71,48.70,60.00
11380,42.68,48.66,60.00
11390,42.64,48.90,60.00
11400,42.62,48.90,60.00
11410,42.58,49.07,60.00
11420,42.56,49.12,60.00
11430,42.54,49.06,60.00
11440,42.53,49.10,60.00
11450,42.52,49.11,60.00
11460,42.52,49.09,60.00
11470,42.53,49.01,60.00
11480,42.53,49.19,60.00
11490,42.54,49.28,60.00
11500,42.57,48.98,60.00
11510,42.59,49.07,60.00
11520,42.63,48.97,60.00
11530,42.66,49.21,60.00
11540,42.71,48.98,60.00
11550,42.75,49.08,60.00
11560,42.80,49.09,60.00
11570,42.85,49.15,60.00
11580,42.92,48.90,60.00
11590,42.99,48.94,60.00
11600,43.05,49.05,60.00
11610,43.13,48.98,60.00
11620,43.20,49.06,60.00
11630,43.29,48.77,60.00
11640,43.36,49.14,60.00
11650,43.46,48.81,60.00
11660,43.55,48.86,60.00
11670,43.65,48.86,60.00
11680,43.75,48.93,60.00
11690,43.86,48.62,60.00
11700,43.97,48.85,60.00
11710,44.07,48.91,60.00
11720,44.19,48.61,60.00
11730,44.31,48.77,60.00
11740,44.43,48.59,60.00
11750,44.54,48.96,60.00
11760,44.68,48.43,60.00
11770,44.80,48.73,60.00
11780,44.93,48.69,60.00
11790,45.05,48.67,60.00
11800,45.19,48.52,60.00
11810,45.33,48.47,60.00
11820,45.46,48.71,60.00
11830,45.61,48.40,60.00
11840,45.75,48.52,60.00
11850,45.90,48.28,60.00
11860,46.03,48.72,60.00
11870,46.18,48.30,60.00
11880,46.33,48.46,60.00
11890,46.48,48.32,60.00
11900,46.62,48.61,60.00
11910,46.77,48.39,60.00
11920,46.92,48.34,60.00
11930,47.07,48.39,60.00
11940,47.21,48.50,60.00
11950,47.36,48.50,60.00
11960,47.51,48.25,60.00
11970,47.66,48.41,60.00
11980,47.81,48.30,60.00
11990,47.95,48.64,60.00
12000,48.10,48.31,60.00
12010,48.25,48.45,60.00
12020,48.40,48.28,60.00
12030,48.54,48.58,60.00
12040,48.68,48.39,60.00
12050,48.83,48.44,60.00
12060,48.98,48.31,60.00
12070,49.12,48.48,60.00
12080,49.25,48.60,60.00
12090,49.40,48.43,60.00
12100,49.54,48.45,60.00
12110,49.68,48.42,60.00
12120,49.81,48.61,60.00
12130,49.95,48.51,60.00
12140,50.08,48.54,60.00
12150,50.22,48.40,60.00
12160,50.35,48.63,60.00
12170,50.48,48.61,60.00
12180,50.59,48.83,60.00
12190,50.73,48.51,60.00
12200,50.84,48.92,60.00
12210,50.96,48.74,60.00
12220,51.07,48.89,60.00
12230,51.20,48.64,60.00
12240,51.31,48.85,60.00
12250,51.42,48.86,60.00
12260,51.53,49.04,60.00
12270,51.64,48.92,60.00
12280,51.74,48.99,60.00
12290,51.84,49.10,60.00
12300,51.94,49.08,60.00
12310,52.03,49.27,60.00
12320,52.13,49.08,60.00
12330,52.22,49.36,60.00
12340,52.31,49.29,60.00
12350,52.40,49.40,60.00
12360,52.49,49.28,60.00
12370,52.56,49.55,60.00
12380,52.65,49.41,60.00
12390,52.73,49.48,60.00
12400,52.80,49.70,60.00
12410,52.87,49.61,60.00
12420,52.94,49.89,60.00
12430,53.01,49.68,60.00
12440,53.08,49.69,60.00
12450,53.15,49.78,60.00
12460,53.21,49.90,60.00
12470,53.28,49.78,60.00
12480,53.33,50.13,60.00
12490,53.39,49.94,60.00
12500,53.45,50.01,60.00
12510,53.51,50.05,60.00
12520,53.56,50.18,60.00
12530,53.62,50.07,60.00
12540,53.67,50.04,60.00
12550,53.72,50.26,60.00
12560,53.78,50.09,60.00
12570,53.83,50.23,60.00
12580,53.89,50.14,60.00
12590,53.94,50.24,60.00
12600,53.99,50.32,60.00
12610,54.04,50.34,60.00
12620,54.08,50.54,60.00
12630,54.12,50.44,60.00
12640,54.17,50.38,60.00
12650,54.21,50.62,60.00
12660,54.25,50.56,60.00
12670,54.29,50.54,60.00
12680,54.31,50.90,60.00
12690,54.36,50.53,60.00
12700,54.39,50.77,60.00
12710,54.42,50.81,60.00
12720,54.46,50.71,60.00
12730,54.49,50.92,60.00
12740,54.53,50.79,60.00
12750,54.57,50.76,60.00
12760,54.59,50.97,60.00
12770,54.63,50.88,60.00
12780,54.66,50.83,60.00
12790,54.68,51.25,60.00
12800,54.72,50.80,60.00
12810,54.75,51.04,60.00
12820,54.77,51.21,60.00
12830,54.81,50.92,60.00
12840,54.84,51.12,60.00
12850,54.87,51.07,60.00
12860,54.91,50.94,60.00
12870,54.94,51.05,60.00
12880,54.97,51.19,60.00
12890,55.01,50.96,60.00
12900,55.04,51.12,60.00
12910,55.07,51.14,60.00
12920,55.11,50.98,60.00
12930,55.15,51.10,60.00
12940,55.18,51.23,60.00
12950,55.22,50.90,60.00
12960,55.26,51.17,60.00
12970,55.29,51.23,60.00
12980,55.34,50.86,60.00
12990,55.37,51.13,60.00
13000,55.40,51.29,60.00
13010,55.45,50.86,60.00
13020,55.49,51.22,60.00
13030,55.52,51.20,60.00
13040,55.57,50.99,60.00
13050,55.61,51.03,60.00
13060,55.64,51.24,60.00
13070,55.70,50.87,60.00
13080,55.74,51.07,60.00
13090,55.77,51.25,60.00
13100,55.82,51.06,60.00
13110,55.86,51.04,60.00
13120,55.90,51.19,60.00
13130,55.94,50.98,60.00
13140,55.99,50.99,60.00
13150,56.03,51.22,60.00
13160,56.07,51.04,60.00
13170,56.12,50.94,60.00
13180,56.16,51.13,60.00
13190,56.21,51.03,60.00
13200,56.26,50.87,60.00
13210,56.29,51.36,60.00
13220,56.34,50.95,60.00
13230,56.39,51.02,60.00
13240,56.43,51.09,60.00
13250,56.47,51.16,60.00
13260,56.51,51.00,60.00
13270,56.55,51.16,60.00
13280,56.59,51.10,60.00
13290,56.64,51.04,60.00
13300,56.68,51.07,60.00
13310,56.71,51.29,60.00
13320,56.76,50.98,60.00
13330,56.80,51.17,60.00
13340,56.82,51.39,60.00
13350,56.87,50.88,60.00
13360,56.91,51.19,60.00
13370,56.94,51.31,60.00
13380,56.99,50.92,60.00
13390,57.03,51.20,60.00
13400,57.06,51.30,60.00
13410,57.11,50.89,60.00
13420,57.14,51.29,60.00
13430,57.18,51.19,60.00
13440,57.22,50.99,60.00
13450,57.25,51.33,60.00
13460,57.28,51.25,60.00
13470,57.32,51.18,60.00
13480,57.34,51.44,60.00
13490,57.37,51.24,60.00
13500,57.41,51.21,60.00
13510,57.44,51.18,60.00
13520,57.46,51.46,60.00
13530,57.49,51.33,60.00
13540,57.53,51.15,60.00
13550,57.56,51.29,60.00
13560,57.60,51.07,60.00
13570,57.61,51.67,60.00
13580,57.64,51.23,60.00
13590,57.68,51.26,60.00
13600,57.69,51.63,60.00
13610,57.72,51.34,60.00
13620,57.74,51.33,60.00
13630,57.75,51.79,60.00
13640,57.78,51.32,60.00
13650,57.80,51.46,60.00
13660,57.81,51.64,60.00
13670,57.84,51.36,60.00
13680,57.87,51.42,60.00
13690,57.88,51.72,60.00
13700,57.90,51.50,60.00
13710,57.92,51.45,60.00
13720,57.93,51.73,60.00
13730,57.96,51.44,60.00
13740,57.98,51.41,60.00
13750,58.00,51.60,60.00
13760,58.01,51.64,60.00
13770,58.04,51.39,60.00
13780,58.06,51.57,60.00
13790,58.07,51.68,60.00
13800,58.09,51.49,60.00
13810,58.11,51.52,60.00
13820,58.13,51.58,60.00
13830,58.15,51.62,60.00
13840,58.17,51.49,60.00
13850,58.19,51.60,60.00
13860,58.20,51.66,60.00
13870,58.23,51.48,60.00
13880,58.25,51.55,60.00
13890,58.26,51.65,60.00
13900,58.28,51.55,60.00
13910,58.30,51.65,60.00
13920,58.31,51.71,60.00
13930,58.32,51.69,60.00
13940,58.34,51.58,60.00
13950,58.35,51.69,60.00
13960,58.37,51.63,60.00
13970,58.40,51.46,60.00
13980,58.41,51.78,60.00
13990,58.42,51.72,60.00
14000,58.44,51.53,60.00
14010,58.45,51.70,60.00
14020,58.47,51.73,60.00
14030,58.48,51.62,60.00
14040,58.51,51.54,60.00
14050,58.52,51.73,60.00
14060,58.53,51.72,60.00
14070,58.56,51.45,60.00
14080,58.57,51.73,60.00
14090,58.57,51.85,60.00
14100,58.59,51.63,60.00
14110,58.62,51.51,60.00
14120,58.62,51.79,60.00
14130,58.63,51.78,60.00
14140,58.67,51.35,60.00
14150,58.68,51.67,60.00
14160,58.68,51.92,60.00
14170,58.71,51.43,60.00
14180,58.74,51.43,60.00
14190,58.74,51.87,60.00
14200,58.76,51.62,60.00
14210,58.79,51.43,60.00
14220,58.80,51.63,60.00
14230,58.81,51.77,60.00
14240,58.84,51.50,60.00
14250,58.86,51.42,60.00
14260,58.87,51.83,60.00
14270,58.88,51.68,60.00
14280,58.91,51.48,60.00
14290,58.92,51.70,60.00
14300,58.94,51.60,60.00
14310,58.95,51.55,60.00
14320,58.97,51.61,60.00
14330,58.98,51.69,60.00
14340,59.00,51.61,60.00
14350,59.02,51.60,60.00
14360,59.03,51.69,60.00
14370,59.04,51.58,60.00
14380,59.07,51.51,60.00
14390,59.08,51.65,60.00
14400,59.10,51.57,60.00
14410,59.11,51.55,60.00
14420,59.13,51.56,60.00
14430,59.14,51.66,60.00
14440,59.15,51.71,60.00
14450,59.17,51.56,60.00
14460,59.17,51.87,60.00
14470,59.19,51.60,60.00
14480,59.20,51.65,60.00
14490,59.20,51.87,60.00
14500,59.21,51.67,60.00
14510,59.22,51.67,60.00
14520,59.23,51.77,60.00
14530,59.23,51.83,60.00
14540,59.25,51.68,60.00
14550,59.25,51.83,60.00
14560,59.25,52.02,60.00
14570,59.26,51.64,60.00
14580,59.27,51.65,60.00
14590,59.26,52.06,60.00
14600,59.27,51.89,60.00
14610,59.27,51.86,60.00
14620,59.28,51.67,60.00
14630,59.29,51.82,60.00
14640,59.30,51.57,60.00
14650,59.31,51.85,60.00
14660,59.31,51.90,60.00
14670,59.33,51.53,60.00
14680,59.34,51.63,60.00
14690,59.34,51.92,60.00
14700,59.35,51.76,60.00
14710,59.36,51.66,60.00
14720,59.37,51.71,60.00
14730,59.38,51.83,60.00
14740,59.39,51.69,60.00
14750,59.40,51.68,60.00
14760,59.40,51.86,60.00
14770,59.41,51.74,60.00
14780,59.43,51.48,60.00
14790,59.44,51.81,60.00
14800,59.44,51.90,60.00
14810,59.46,51.50,60.00
14820,59.48,51.56,60.00
14830,59.48,51.87,60.00
14840,59.48,51.75,60.00
14850,59.50,51.49,60.00
14860,59.51,51.69,60.00
14870,59.52,51.78,60.00
14880,59.53,51.60,60.00
14890,59.55,51.51,60.00
14900,59.56,51.75,60.00
14910,59.56,51.81,60.00
14920,59.58,51.55,60.00
14930,59.58,51.79,60.00
14940,59.58,51.86,60.00
14950,59.59,51.65,60.00
14960,59.60,51.64,60.00
14970,59.61,51.78,60.00
14980,59.62,51.72,60.00
14990,59.63,51.54,60.00
15000,59.64,51.72,60.00
15010,59.64,51.87,60.00
15020,59.65,51.56,60.00
15030,59.65,51.78,60.00
15040,59.65,51.97,60.00
15050,59.66,51.59,60.00
15060,59.67,51.62,60.00
15070,59.67,51.93,60.00
15080,59.68,51.70,60.00
15090,59.69,51.60,60.00
15100,59.69,51.74,60.00
15110,59.69,51.98,60.00
15120,59.70,51.70,60.00
15130,59.70,51.65,60.00
15140,59.70,52.03,60.00
15150,59.70,51.72,60.00
15160,59.72,51.44,60.00
15170,59.72,51.90,60.00
15180,59.71,51.99,60.00
15190,59.72,51.65,60.00
15200,59.73,51.64,60.00
15210,59.73,51.96,60.00
15220,59.72,51.88,60.00
15230,59.74,51.61,60.00
15240,59.74,51.85,60.00
15250,59.73,52.02,60.00
15260,59.74,51.64,60.00
15270,59.75,51.65,60.00
15280,59.74,51.91,60.00
15290,59.74,51.84,60.00
15300,59.76,51.53,60.00
15310,59.76,51.83,60.00
15320,59.75,51.99,60.00
15330,59.76,51.74,60.00
15340,59.77,51.70,60.00
15350,59.76,51.91,60.00
15360,59.77,51.68,60.00
15370,59.78,51.71,60.00
15380,59.78,51.86,60.00
15390,59.78,51.70,60.00
15400,59.80,51.56,60.00
15410,59.80,51.83,60.00
15420,59.80,51.91,60.00
15430,59.80,51.69,60.00
15440,59.82,51.50,60.00
15450,59.82,51.79,60.00
15460,59.81,51.99,60.00
15470,59.83,51.56,60.00
15480,59.84,51.50,60.00
15490,59.84,51.92,60.00
15500,59.84,51.79,60.00
15510,59.86,51.48,60.00
15520,59.86,51.71,60.00
15530,59.86,51.90,60.00
15540,59.86,51.70,60.00
15550,59.87,51.61,60.00
15560,59.88,51.76,60.00
15570,59.88,51.76,60.00
15580,59.89,51.63,60.00
15590,59.89,51.71,60.00
15600,59.89,51.82,60.00
15610,59.90,51.58,60.00
15620,59.91,51.70,60.00
15630,59.90,51.98,60.00
15640,59.90,51.66,60.00
15650,59.91,51.66,60.00
15660,59.90,51.92,60.00
15670,59.90,51.81,60.00
15680,59.90,51.81,60.00
15690,59.91,51.67,60.00
15700,59.91,51.86,60.00
15710,59.90,51.85,60.00
15720,59.90,51.96,60.00
15730,59.89,52.05,60.00
15740,59.89,51.62,60.00
15750,59.90,51.71,60.00
15760,59.89,51.95,60.00
15770,59.90,51.75,60.00
15780,59.91,51.53,60.00
15790,59.91,51.75,60.00
15800,59.91,51.87,60.00
15810,59.91,51.72,60.00
15820,59.92,51.65,60.00
15830,59.92,51.81,60.00
15840,59.92,51.87,60.00
15850,59.93,51.57,60.00
15860,59.93,51.81,60.00
15870,59.92,51.86,60.00
15880,59.94,51.51,60.00
15890,59.94,51.68,60.00
15900,59.93,51.97,60.00
15910,59.94,51.72,60.00
15920,59.95,51.58,60.00
15930,59.95,51.76,60.00
15940,59.94,52.01,60.00
15950,59.94,51.71,60.00
15960,59.95,51.58,60.00
15970,59.95,51.95,60.00
15980,59.94,51.82,60.00
15990,59.96,51.56,60.00
16000,59.95,51.82,60.00
16010,59.94,52.01,60.00
16020,59.94,51.76,60.00
16030,59.95,51.75,60.00
16040,59.93,52.05,60.00
16050,59.93,51.96,60.00
16060,59.93,51.65,60.00
16070,59.93,51.88,60.00
16080,59.92,52.05,60.00
16090,59.93,51.66,60.00
16100,59.93,51.81,60.00
16110,59.92,51.99,60.00
16120,59.92,51.73,60.00
16130,59.93,51.68,60.00
16140,59.92,51.91,60.00
16150,59.92,51.82,60.00
16160,59.93,51.65,60.00
16170,59.94,51.68,60.00
16180,59.93,51.94,60.00
16190,59.93,51.74,60.00
16200,59.95,51.41,60.00
16210,59.96,51.65,60.00
16220,59.95,51.95,60.00
16230,59.96,51.55,60.00
16240,59.98,51.53,60.00
16250,59.98,51.73,60.00
16260,59.98,51.70,60.00
16270,60.00,51.53,60.00
16280,60.01,51.56,60.00
16290,60.01,51.69,60.00
16300,60.02,51.55,60.00
16310,60.04,51.34,60.00
16320,60.05,51.67,60.00
16330,60.05,51.69,60.00
16340,60.07,51.37,60.00
16350,60.08,51.37,60.00
16360,60.10,51.46,60.00
16370,60.12,51.26,60.00
16380,60.14,51.25,60.00
16390,60.16,51.21,60.00
16400,60.19,51.17,60.00
16410,60.22,51.08,60.00
16420,60.24,51.18,60.00
16430,60.26,51.11,60.00
16440,60.30,50.88,60.00
16450,60.32,51.04,60.00
16460,60.35,50.97,60.00
16470,60.39,50.71,60.00
16480,60.43,50.85,60.00
16490,60.45,50.94,60.00
16500,60.50,50.51,60.00
16510,60.52,50.95,60.00
16520,60.56,50.79,60.00
16530,60.60,50.57,60.00
16540,60.62,50.89,60.00
16550,60.66,50.64,60.00
16560,60.69,50.67,60.00
16570,60.71,50.86,60.00
16580,60.74,50.66,60.00
16590,60.77,50.64,60.00
16600,60.79,50.88,60.00
16610,60.82,50.63,60.00
16620,60.85,50.68,60.00
16630,60.86,50.97,60.00
16640,60.89,50.56,60.00
16650,60.90,50.93,60.00
16660,60.92,50.59,60.00
16670,60.95,50.68,60.00
16680,60.96,50.76,60.00
16690,60.99,50.48,60.00
16700,61.02,50.56,60.00
16710,61.04,50.65,60.00
16720,61.07,50.40,60.00
16730,61.09,50.48,60.00
16740,61.12,50.39,60.00
16750,61.15,50.38,60.00
16760,61.18,50.21,60.00
16770,61.21,50.46,60.00
16780,61.23,50.31,60.00
16790,61.27,50.06,60.00
16800,61.30,50.25,60.00
16810,61.33,50.17,60.00
16820,61.37,49.96,60.00
16830,61.40,50.09,60.00
16840,61.44,49.98,60.00
16850,61.47,49.96,60.00
16860,61.50,50.06,60.00
16870,61.55,49.71,60.00
16880,61.58,49.98,60.00
16890,61.62,49.76,60.00
16900,61.65,49.74,60.00
16910,61.69,49.76,60.00
16920,61.73,49.64,60.00
16930,61.76,49.87,60.00
16940,61.80,49.55,60.00
16950,61.83,49.73,60.00
16960,61.87,49.52,60.00
16970,61.90,49.73,60.00
16980,61.93,49.67,60.00
16990,61.96,49.57,60.00
17000,61.98,49.69,60.00
17010,62.02,49.50,60.00
17020,62.04,49.70,60.00
17030,62.07,49.45,60.00
17040,62.09,49.68,60.00
17050,62.12,49.52,60.00
17060,62.14,49.68,60.00
17070,62.15,49.77,60.00
17080,62.17,49.56,60.00
17090,62.18,49.66,60.00
17100,62.20,49.59,60.00
17110,62.20,49.84,60.00
17120,62.22,49.54,60.00
17130,62.23,49.73,60.00
17140,62.24,49.71,60.00
17150,62.24,49.73,60.00
17160,62.24,49.80,60.00
17170,62.24,49.73,60.00
17180,62.23,49.98,60.00
17190,62.24,49.59,60.00
17200,62.24,49.88,60.00
17210,62.24,49.74,60.00
17220,62.23,49.90,60.00
17230,62.23,49.80,60.00
17240,62.23,49.66,60.00
17250,62.21,49.98,60.00
17260,62.20,49.89,60.00
17270,62.19,50.03,60.00
17280,62.19,49.63,60.00
17290,62.18,49.83,60.00
17300,62.17,49.85,60.00
17310,62.16,49.82,60.00
17320,62.14,50.04,60.00
17330,62.14,49.68,60.00
17340,62.13,49.84,60.00
17350,62.13,49.59,60.00
17360,62.12,49.81,60.00
17370,62.11,49.68,60.00
17380,62.11,49.66,60.00
17390,62.10,49.77,60.00
17400,62.11,49.37,60.00
17410,62.09,49.84,60.00
17420,62.09,49.62,60.00
17430,62.08,49.57,60.00
17440,62.09,49.48,60.00
17450,62.08,49.65,60.00
17460,62.07,49.64,60.00
17470,62.07,49.53,60.00
17480,62.05,49.79,60.00
17490,62.06,49.28,60.00
17500,62.05,49.67,60.00
17510,62.04,49.63,60.00
17520,62.03,49.51,60.00
17530,62.03,49.42,60.00
17540,62.02,49.69,60.00
17550,62.01,49.66,60.00
17560,62.01,49.30,60.00
17570,61.99,49.75,60.00
17580,61.98,49.63,60.00
17590,61.97,49.60,60.00
17600,61.96,49.49,60.00
17610,61.94,49.83,60.00
17620,61.93,49.57,60.00
17630,61.92,49.49,60.00
17640,61.90,49.82,60.00
17650,61.89,49.51,60.00
17660,61.87,49.77,60.00
17670,61.85,49.73,60.00
17680,61.82,49.78,60.00
17690,61.81,49.70,60.00
17700,61.78,49.83,60.00
17710,61.76,49.66,60.00
17720,61.74,49.73,60.00
17730,61.71,50.03,60.00
17740,61.69,49.69,60.00
17750,61.65,50.16,60.00
17760,61.62,50.03,60.00
17770,61.59,49.90,60.00
17780,61.55,50.32,60.00
17790,61.53,49.79,60.00
17800,61.48,50.23,60.00
17810,61.44,50.35,60.00
17820,61.41,50.00,60.00
17830,61.37,50.32,60.00
17840,61.32,50.31,60.00
17850,61.29,50.22,60.00
17860,61.24,50.36,60.00
17870,61.19,50.54,60.00
17880,61.16,50.18,60.00
17890,61.11,50.55,60.00
17900,61.07,50.27,60.00
17910,61.03,50.43,60.00
17920,60.99,50.44,60.00
17930,60.94,50.47,60.00
17940,60.91,50.33,60.00
17950,60.85,50.76,60.00
17960,60.82,50.22,60.00
17970,60.78,50.56,60.00
17980,60.75,50.36,60.00
17990,60.72,50.30,60.00
18000,60.68,50.54,60.00
18010,60.64,50.47,60.00
18020,60.61,50.28,60.00
18030,60.58,50.40,60.00
18040,60.54,50.56,60.00
18050,60.52,50.21,60.00
18060,60.48,50.67,60.00
18070,60.46,50.28,60.00
18080,60.43,50.36,60.00
18090,60.40,50.49,60.00
18100,60.38,50.26,60.00
18110,60.35,50.47,60.00
18120,60.33,50.38,60.00
18130,60.30,50.34,60.00
18140,60.29,50.30,60.00
18150,60.25,50.60,60.00
18160,60.24,50.10,60.00
18170,60.22,50.50,60.00
18180,60.19,50.41,60.00
18190,60.18,50.12,60.00
18200,60.15,50.60,60.00
18210,60.14,50.16,60.00
18220,60.13,50.37,60.00
18230,60.11,50.30,60.00
18240,60.09,50.33,60.00
18250,60.08,50.22,60.00
18260,60.06,50.51,60.00
18270,60.05,50.18,60.00
18280,60.03,50.49,60.00
18290,60.01,50.44,60.00
18300,60.00,50.27,60.00
18310,59.98,50.58,60.00
18320,59.96,50.40,60.00
18330,59.94,50.38,60.00
18340,59.92,50.59,60.00
18350,59.90,50.47,60.00
18360,59.89,50.47,60.00
18370,59.86,50.64,60.00
18380,59.85,50.29,60.00
18390,59.83,50.55,60.00
18400,59.81,50.63,60.00
18410,59.80,50.35,60.00
18420,59.78,50.60,60.00
18430,59.76,50.59,60.00
18440,59.75,50.49,60.00
18450,59.73,50.63,60.00
18460,59.71,50.57,60.00
18470,59.71,50.42,60.00
18480,59.69,50.61,60.00
18490,59.67,50.70,60.00
18500,59.66,50.34,60.00
18510,59.64,50.70,60.00
18520,59.64,50.46,60.00
18530,59.63,50.45,60.00
18540,59.61,50.72,60.00
18550,59.61,50.39,60.00
18560,59.60,50.51,60.00
18570,59.58,50.64,60.00
18580,59.57,50.57,60.00
18590,59.57,50.43,60.00
18600,59.55,50.69,60.00
18610,59.55,50.44,60.00
18620,59.54,50.47,60.00
18630,59.53,50.64,60.00
18640,59.53,50.36,60.00
18650,59.53,50.41,60.00
18660,59.52,50.64,60.00
18670,59.53,50.29,60.00
18680,59.52,50.50,60.00
18690,59.51,50.59,60.00
18700,59.52,50.24,60.00
18710,59.52,50.50,60.00
18720,59.53,50.26,60.00
18730,59.54,50.20,60.00
18740,59.54,50.37,60.00
18750,59.54,50.43,60.00
18760,59.56,50.12,60.00
18770,59.56,50.35,60.00
18780,59.56,50.31,60.00
18790,59.58,50.13,60.00
18800,59.58,50.44,60.00
18810,59.59,50.06,60.00
18820,59.60,50.30,60.00
18830,59.60,50.36,60.00
18840,59.61,50.20,60.00
18850,59.62,50.31,60.00
18860,59.62,50.46,60.00
18870,59.62,50.31,60.00
18880,59.63,50.28,60.00
18890,59.63,50.38,60.00
18900,59.62,50.59,60.00
18910,59.62,50.35,60.00
18920,59.63,50.40,60.00
18930,59.62,50.58,60.00
18940,59.62,50.41,60.00
18950,59.61,50.56,60.00
18960,59.60,50.62,60.00
18970,59.61,50.38,60.00
18980,59.60,50.67,60.00
18990,59.59,50.54,60.00
19000,59.59,50.48,60.00
19010,59.58,50.75,60.00
19020,59.58,50.41,60.00
19030,59.58,50.50,60.00
19040,59.58,50.55,60.00
19050,59.58,50.39,60.00
19060,59.58,50.48,60.00
19070,59.57,50.60,60.00
19080,59.58,50.29,60.00
19090,59.58,50.54,60.00
19100,59.59,50.42,60.00
19110,59.60,50.27,60.00
19120,59.59,50.62,60.00
19130,59.60,50.31,60.00
19140,59.60,50.43,60.00
19150,59.60,50.55,60.00
19160,59.61,50.36,60.00
19170,59.61,50.44,60.00
19180,59.61,50.54,60.00
19190,59.62,50.26,60.00
19200,59.61,50.68,60.00
19210,59.62,50.28,60.00
19220,59.63,50.42,60.00
19230,59.62,50.52,60.00
19240,59.63,50.35,60.00
19250,59.63,50.55,60.00
19260,59.63,50.54,60.00
19270,59.64,50.33,60.00
19280,59.63,50.66,60.00
19290,59.63,50.47,60.00
19300,59.63,50.48,60.00
19310,59.63,50.56,60.00
19320,59.63,50.51,60.00
19330,59.63,50.57,60.00
19340,59.62,50.72,60.00
19350,59.62,50.46,60.00
19360,59.62,50.59,60.00
19370,59.62,50.54,60.00
19380,59.63,50.33,60.00
19390,59.63,50.64,60.00
19400,59.62,50.65,60.00
19410,59.63,50.45,60.00
19420,59.62,50.79,60.00
19430,59.62,50.43,60.00
19440,59.62,50.56,60.00
19450,59.62,50.60,60.00
19460,59.63,50.30,60.00
19470,59.62,50.72,60.00
19480,59.63,50.47,60.00
19490,59.63,50.50,60.00
19500,59.62,50.72,60.00
19510,59.63,50.52,60.00
19520,59.63,50.47,60.00
19530,59.62,50.80,60.00
19540,59.63,50.33,60.00
19550,59.63,50.74,60.00
19560,59.63,50.50,60.00
19570,59.63,50.55,60.00
19580,59.63,50.59,60.00
19590,59.63,50.59,60.00
19600,59.64,50.43,60.00
19610,59.63,50.77,60.00
19620,59.63,50.60,60.00
19630,59.63,50.50,60.00
19640,59.62,50.89,60.00
19650,59.63,50.45,60.00
19660,59.62,50.78,60.00
19670,59.61,50.75,60.00
19680,59.61,50.59,60.00
19690,59.61,50.72,60.00
19700,59.61,50.73,60.00
19710,59.61,50.46,60.00
19720,59.60,50.81,60.00
19730,59.60,50.64,60.00
19740,59.61,50.49,60.00
19750,59.60,50.78,60.00
19760,59.61,50.48,60.00
19770,59.62,50.48,60.00
19780,59.62,50.69,60.00
19790,59.63,50.51,60.00
19800,59.63,50.59,60.00
19810,59.62,50.77,60.00
19820,59.64,50.38,60.00
19830,59.63,50.68,60.00
19840,59.63,50.64,60.00
19850,59.64,50.47,60.00
19860,59.64,50.72,60.00
19870,59.64,50.59,60.00
19880,59.65,50.54,60.00
19890,59.64,50.75,60.00
19900,59.65,50.50,60.00
19910,59.66,50.49,60.00
19920,59.66,50.72,60.00
19930,59.67,50.45,60.00
19940,59.67,50.65,60.00
19950,59.66,50.70,60.00
19960,59.67,50.55,60.00
19970,59.68,50.54,60.00
19980,59.67,50.70,60.00
19990,59.67,50.68,60.00
20000,59.67,50.76,60.00
20010,59.68,41.10,43.99
20020,59.68,41.18,43.90
20030,59.68,40.98,43.81
20040,59.68,40.89,43.73
20050,59.68,40.77,43.66
20060,59.67,40.73,43.58
20070,59.66,40.56,43.51
20080,59.64,40.83,43.45
20090,59.61,40.78,43.39
20100,59.57,40.80,43.33
20110,59.52,40.99,43.28
20120,59.46,40.97,43.23
20130,59.40,41.06,43.18
20140,59.33,40.99,43.14
20150,59.25,41.14,43.10
20160,59.15,41.46,43.06
20170,59.04,41.67,43.03
20180,58.93,41.63,43.00
20190,58.81,41.63,42.98
20200,58.69,41.86,42.96
20210,58.53,42.36,42.94
20220,58.36,42.73,42.93
20230,58.18,42.71,42.92
20240,58.01,42.81,42.91
20250,57.81,43.13,42.91
20260,57.60,43.42,42.91
20270,57.38,43.70,42.91
20280,57.15,44.03,42.92
20290,56.90,44.39,42.93
20300,56.65,44.46,42.94
20310,56.40,44.61,42.96
20320,56.12,45.06,42.97
20330,55.84,45.32,43.00
20340,55.56,45.46,43.02
20350,55.27,45.77,43.05
20360,54.96,46.12,43.08
20370,54.65,46.48,43.11
20380,54.32,46.80,43.15
20390,54.00,46.80,43.19
20400,53.67,47.14,43.23
20410,53.33,47.47,43.27
20420,52.98,47.87,43.32
20430,52.64,47.86,43.37
20440,52.28,48.36,43.42
20450,51.93,48.49,43.47
20460,51.57,48.63,43.53
20470,51.21,49.00,43.58
20480,50.86,48.97,43.64
20490,50.51,49.23,43.71
20500,50.15,49.54,43.77
20510,49.79,49.68,43.84
20520,49.44,49.77,43.91
20530,49.09,49.86,43.98
20540,48.75,50.03,44.05
20550,48.41,50.20,44.12
20560,48.07,50.35,44.20
20570,47.74,50.37,44.27
20580,47.43,50.37,44.35
20590,47.10,50.66,44.43
20600,46.80,50.56,44.51
20610,46.49,50.76,44.60
20620,46.21,50.48,44.68
20630,45.92,50.80,44.77
20640,45.65,50.76,44.85
20650,45.38,50.78,44.94
20660,45.12,50.91,45.03
20670,44.88,50.60,45.12
20680,44.65,50.74,45.21
20690,44.42,50.79,45.30
20700,44.21,50.51,45.40
20710,44.00,50.80,45.49
20720,43.82,50.46,45.58
20730,43.64,50.54,45.68
20740,43.47,50.50,45.77
20750,43.31,50.48,45.87
20760,43.17,50.21,45.96
20770,43.02,50.55,46.06
20780,42.90,50.05,46.16
20790,42.80,50.01,46.25
20800,42.69,50.14,46.35
20810,42.61,49.65,46.45
20820,42.53,49.92,46.55
20830,42.47,49.63,46.64
20840,42.42,49.49,46.74
20850,42.38,49.46,46.84
20860,42.35,49.20,46.94
20870,42.34,49.05,47.03
20880,42.32,49.29,47.13
20890,42.34,48.65,47.22
20900,42.35,48.79,47.32
20910,42.37,48.72,47.41
20920,42.41,48.46,47.51
20930,42.45,48.39,47.60
20940,42.52,48.01,47.70
20950,42.58,48.19,47.79
20960,42.65,47.91,47.88
20970,42.73,47.87,47.97
20980,42.81,47.87,48.06
20990,42.90,47.71,48.15
21000,43.01,47.40,48.24
21010,43.12,47.40,48.32
21020,43.23,47.29,48.41
21030,43.35,47.27,48.50
21040,43.48,47.10,48.58
21050,43.62,46.87,48.66
21060,43.75,46.91,48.74
21070,43.89,46.73,48.82
21080,44.03,46.92,48.90
21090,44.17,46.72,48.98
21100,44.32,46.70,49.05
21110,44.47,46.48,49.12
21120,44.63,46.46,49.20
21130,44.79,46.41,49.27
21140,44.95,46.33,49.34
21150,45.11,46.29,49.40
21160,45.28,46.11,49.47
21170,45.44,46.12,49.53
21180,45.61,46.11,49.59
21190,45.76,46.35,49.65
21200,45.93,45.81,49.71
21210,46.09,46.10,49.76
21220,46.26,45.92,49.82
21230,46.43,45.87,49.87
21240,46.58,46.00,49.92
21250,46.76,45.68,49.97
21260,46.91,45.98,50.01
21270,47.08,45.60,50.05
21280,47.23,45.95,50.10
21290,47.40,45.70,50.13
21300,47.55,45.83,50.17
21310,47.69,45.91,50.20
21320,47.84,45.82,50.24
21330,47.98,46.05,50.27
21340,48.12,45.72,50.29
21350,48.27,45.73,50.32
21360,48.40,45.92,50.34
21370,48.53,45.88,50.36
21380,48.65,46.10,50.38
21390,48.78,45.95,50.39
21400,48.89,46.08,50.40
21410,49.00,46.05,50.41
21420,49.12,45.86,50.42
21430,49.22,46.21,50.43
21440,49.32,46.22,50.43
21450,49.42,46.11,50.43
21460,49.51,46.25,50.43
21470,49.61,46.14,50.42
21480,49.69,46.35,50.41
21490,49.76,46.41,50.40
21500,49.84,46.28,50.39
21510,49.91,46.49,50.37
21520,49.98,46.35,50.36
21530,50.04,46.53,50.34
21540,50.09,46.68,50.31
21550,50.15,46.62,50.29
21560,50.19,46.83,50.26
21570,50.23,46.65,50.23
21580,50.28,46.60,50.19
21590,50.31,46.91,50.16
21600,50.34,46.85,50.12
21610,50.35,47.08,50.08
21620,50.37,47.05,50.04
21630,50.38,47.05,49.99
21640,50.39,47.21,49.94
21650,50.40,47.05,49.89
21660,50.40,47.17,49.84
21670,50.41,47.12,49.78
21680,50.40,47.25,49.72
21690,50.40,47.25,49.66
21700,50.39,47.15,49.60
21710,50.38,47.37,49.53
21720,50.37,47.15,49.46
21730,50.34,47.48,49.39
21740,50.33,47.26,49.32
21750,50.30,47.42,49.25
21760,50.28,47.33,49.17
21770,50.25,47.28,49.09
21780,50.23,47.23,49.01
21790,50.21,47.20,48.92
21800,50.18,47.31,48.84
21810,50.16,47.05,48.75
21820,50.12,47.27,48.66
21830,50.10,47.01,48.57
21840,50.07,47.18,48.47
21850,50.04,46.97,48.38
21860,50.01,46.97,48.28
21870,49.99,46.90,48.18
21880,49.96,46.89,48.08
21890,49.93,46.82,47.97
21900,49.91,46.61,47.87
21910,49.87,46.87,47.76
21920,49.85,46.48,47.65
21930,49.81,46.69,47.54
21940,49.79,46.35,47.43
21950,49.76,46.41,47.32
21960,49.74,46.37,47.20
21970,49.71,46.21,47.08
21980,49.68,46.32,46.96
21990,49.65,46.05,46.85
22000,49.62,46.27,46.72
22010,49.60,45.80,46.60
22020,49.57,46.02,46.48
22030,49.54,45.89,46.35
22040,49.50,45.96,46.23
22050,49.46,45.85,46.10
22060,49.43,45.70,45.97
22070,49.39,45.79,45.85
22080,49.35,45.69,45.72
22090,49.32,45.51,45.58
22100,49.29,45.35,45.45
22110,49.24,45.58,45.32
22120,49.20,45.39,45.19
22130,49.16,45.40,45.06
22140,49.11,45.36,44.92
22150,49.07,45.20,44.79
22160,49.03,45.14,44.65
22170,48.98,45.20,44.52
22180,48.93,45.13,44.38
22190,48.88,45.03,44.24
22200,48.83,44.84,44.11
22210,48.78,44.95,43.97
22220,48.72,44.91,43.83
22230,48.67,44.77,43.70
22240,48.61,44.79,43.56
22250,48.56,44.61,43.43
22260,48.50,44.53,43.29
22270,48.44,44.61,43.15
22280,48.38,44.52,43.02
22290,48.32,44.45,42.88
22300,48.25,44.65,42.75
22310,48.18,44.35,42.61
22320,48.12,44.31,42.48
22330,48.04,44.49,42.34
22340,47.97,44.27,42.21
22350,47.90,44.19,42.08
22360,47.81,44.49,41.95
22370,47.74,44.11,41.82
22380,47.66,44.19,41.69
22390,47.57,44.18,41.56
22400,47.49,44.16,41.43
22410,47.41,43.98,41.30
22420,47.31,44.30,41.18
22430,47.22,44.07,41.05
22440,47.13,44.02,40.93
22450,47.04,43.98,40.81
22460,46.93,44.17,40.69
22470,46.84,43.91,40.57
22480,46.74,43.96,40.45
22490,46.64,44.00,40.33
22500,46.54,43.91,40.22
22510,46.44,43.70,40.11
22520,46.33,44.12,39.99
22530,46.22,43.95,39.89
22540,46.11,43.74,39.78
22550,45.99,44.15,39.67
22560,45.88,43.92,39.57
22570,45.76,43.91,39.47
22580,45.65,43.72,39.37
22590,45.53,44.01,39.27
22600,45.41,43.87,39.17
22610,45.29,44.01,39.08
22620,45.17,43.86,38.99
22630,45.03,44.17,38.90
22640,44.90,44.12,38.82
22650,44.77,43.91,38.73
22660,44.65,43.93,38.65
22670,44.50,44.43,38.57
22680,44.37,44.00,38.50
22690,44.23,44.08,38.42
22700,44.09,44.27,38.35
22710,43.95,44.23,38.28
22720,43.82,43.95,38.22
22730,43.67,44.39,38.16
22740,43.53,44.35,38.10
22750,43.39,44.24,38.04
22760,43.25,44.13,37.99
22770,43.11,44.43,37.94
22780,42.97,44.21,37.89
22790,42.82,44.43,37.84
22800,42.69,44.22,37.80
22810,42.55,44.37,37.76
22820,42.40,44.64,37.73
22830,42.26,44.43,37.69
22840,42.13,44.28,37.67
22850,41.97,44.83,37.64
22860,41.84,44.46,37.62
22870,41.71,44.38,37.60
22880,41.56,44.76,37.58
22890,41.42,44.78,37.57
22900,41.29,44.44,37.56
22910,41.16,44.65,37.56
22920,41.02,44.76,37.55
22930,40.89,44.59,37.56
22940,40.77,44.65,37.56
22950,40.64,44.86,37.57
22960,40.50,44.88,37.58
22970,40.38,44.89,37.60
22980,40.26,44.61,37.62
22990,40.13,45.09,37.64
23000,40.01,44.96,37.66
23010,39.90,44.70,37.69
23020,39.78,45.10,37.73
23030,39.66,45.12,37.77
23040,39.56,44.94,37.81
23050,39.45,45.10,37.85
23060,39.34,45.17,37.90
23070,39.24,45.05,37.95
23080,39.14,45.16,38.01
23090,39.04,45.08,38.07
23100,38.94,45.40,38.13
23110,38.85,45.24,38.20
23120,38.75,45.35,38.27
23130,38.66,45.37,38.34
23140,38.59,45.24,38.42
23150,38.50,45.49,38.50
23160,38.42,45.45,38.58
23170,38.35,45.32,38.67
23180,38.27,45.63,38.76
23190,38.21,45.33,38.86
23200,38.15,45.52,38.96
23210,38.09,45.48,39.06
23220,38.04,45.43,39.17
23230,38.00,45.37,39.28
23240,37.95,45.69,39.39
23250,37.91,45.51,39.51
23260,37.88,45.49,39.63
23270,37.85,45.54,39.76
23280,37.83,45.48,39.88
23290,37.81,45.40,40.01
23300,37.79,45.64,40.15
23310,37.79,45.38,40.29
23320,37.79,45.55,40.43
23330,37.77,45.78,40.57
23340,37.79,45.40,40.72
23350,37.79,45.70,40.87
23360,37.80,45.73,41.03
23370,37.82,45.58,41.19
23380,37.84,45.63,41.35
23390,37.85,45.90,41.51
23400,37.89,45.59,41.68
23410,37.92,45.79,41.85
23420,37.94,45.95,42.02
23430,37.99,45.64,42.20
23440,38.03,46.04,42.38
23450,38.07,45.99,42.56
23460,38.12,45.98,42.74
23470,38.16,46.26,42.93
23480,38.21,46.13,43.12
23490,38.26,46.26,43.31
23500,38.30,46.49,43.51
23510,38.37,46.28,43.71
23520,38.42,46.46,43.91
23530,38.48,46.57,44.11
23540,38.55,46.50,44.32
23550,38.62,46.71,44.53
23560,38.69,46.64,44.74
23570,38.76,46.81,44.95
23580,38.83,47.08,45.16
23590,38.91,46.78,45.38
23600,38.99,47.12,45.60
23610,39.06,47.24,45.82
23620,39.15,47.01,46.05
23630,39.24,47.19,46.27
23640,39.34,47.15,46.50
23650,39.43,47.41,46.73
23660,39.53,47.45,46.96
23670,39.63,47.53,47.19
23680,39.72,47.65,47.42
23690,39.83,47.64,47.66
23700,39.93,47.91,47.89
23710,40.05,47.65,48.13
23720,40.15,48.00,48.37
23730,40.27,47.88,48.61
23740,40.40,47.88,48.85
23750,40.51,48.13,49.09
23760,40.64,48.12,49.33
23770,40.76,48.32,49.58
23780,40.89,48.24,49.82
23790,41.02,48.56,50.07
23800,41.16,48.30,50.32
23810,41.29,48.64,50.56
23820,41.44,48.39,50.81
23830,41.58,48.77,51.06
23840,41.73,48.55,51.31
23850,41.88,48.85,51.56
23860,42.04,48.63,51.80
23870,42.18,49.05,52.05
23880,42.36,48.67,52.30
23890,42.52,48.90,52.55
23900,42.70,48.79,52.80
23910,42.87,48.96,53.05
23920,43.05,49.02,53.30
23930,43.24,48.90,53.54
23940,43.42,49.13,53.79
23950,43.61,48.91,54.04
23960,43.80,49.20,54.28
23970,44.00,49.02,54.53
23980,44.20,49.19,54.78
23990,44.42,48.99,55.02
24000,44.61,49.46,55.26
24010,44.82,49.12,55.50
24020,45.04,49.10,55.75
24030,45.26,49.26,55.99
24040,45.48,49.23,56.22
24050,45.70,49.35,56.46
24060,45.94,49.02,56.70
24070,46.17,49.31,56.93
24080,46.41,49.22,57.16
24090,46.64,49.38,57.40
24100,46.88,49.37,57.62
24110,47.13,49.25,57.85
24120,47.36,49.48,58.08
24130,47.61,49.39,58.30
24140,47.85,49.47,58.52
24150,48.10,49.54,58.74
24160,48.35,49.39,58.96
24170,48.62,49.14,59.17
24180,48.87,49.49,59.39
24190,49.13,49.39,59.60
24200,49.38,49.56,59.80
24210,49.64,49.47,60.01
24220,49.90,49.48,60.21
24230,50.16,49.61,60.41
24240,50.43,49.42,60.61
24250,50.68,49.68,60.80
24260,50.95,49.47,60.99
24270,51.20,49.77,61.18
24280,51.46,49.67,61.36
24290,51.73,49.54,61.54
24300,51.98,49.85,61.72
24310,52.25,49.49,61.90
24320,52.51,49.73,62.07
24330,52.77,49.67,62.24
24340,53.04,49.61,62.40
24350,53.29,49.88,62.56
24360,53.56,49.55,62.72
24370,53.81,49.93,62.87
24380,54.07,49.75,63.02
24390,54.33,49.81,63.17
24400,54.57,50.09,63.31
24410,54.83,49.83,63.45
24420,55.07,49.99,63.58
24430,55.32,49.90,63.71
24440,55.57,49.95,63.83
24450,55.81,50.15,63.96
24460,56.05,49.95,64.07
24470,56.29,50.06,64.19
24480,56.52,50.12,64.29
24490,56.76,50.08,64.40
24500,56.99,50.23,64.50
24510,57.23,49.92,64.59
24520,57.45,50.31,64.68
24530,57.67,50.26,64.77
24540,57.89,50.08,64.85
24550,58.10,50.42,64.93
24560,58.32,50.18,65.00
24570,58.54,50.18,65.06
24580,58.74,50.47,65.13
24590,58.96,50.13,65.18
24600,59.16,50.34,65.24
24610,59.36,50.26,65.28
24620,59.57,50.19,65.33
24630,59.77,50.21,65.36
24640,59.96,50.32,65.40
24650,60.16,50.07,65.42
24660,60.34,50.42,65.45
24670,60.53,50.19,65.46
24680,60.72,50.21,65.48
24690,60.89,50.32,65.48
24700,61.07,50.23,65.49
24710,61.25,50.08,65.48
24720,61.40,50.58,65.47
24730,61.58,50.06,65.46
24740,61.73,50.38,65.44
24750,61.89,50.27,65.42
24760,62.05,50.04,65.39
24770,62.19,50.43,65.36
24780,62.34,50.15,65.32
24790,62.49,50.09,65.27
24800,62.62,50.35,65.22
24810,62.75,50.20,65.17
24820,62.88,50.19,65.10
24830,63.00,50.33,65.04
24840,63.13,50.00,64.97
24850,63.24,50.17,64.89
24860,63.35,50.34,64.81
24870,63.46,49.93,64.72
24880,63.55,50.35,64.63
24890,63.65,50.12,64.53
24900,63.74,50.07,64.43
24910,63.82,50.30,64.32
24920,63.91,50.08,64.21
24930,63.98,50.05,64.09
24940,64.04,50.35,63.97
24950,64.12,49.93,63.84
24960,64.17,50.25,63.71
24970,64.22,50.09,63.57
24980,64.28,49.89,63.43
24990,64.32,50.24,63.28
25000,64.36,49.99,63.12
25010,64.40,49.96,62.97
25020,64.41,50.27,62.80
25030,64.45,49.80,62.63
25040,64.46,50.12,62.46
25050,64.47,49.88,62.28
25060,64.49,49.83,62.10
25070,64.49,49.98,61.91
25080,64.49,49.83,61.72
25090,64.47,49.92,61.52
25100,64.45,50.10,61.32
25110,64.44,49.64,61.12
25120,64.41,49.96,60.91
25130,64.38,49.65,60.69
25140,64.36,49.61,60.47
25150,64.32,49.68,60.25
25160,64.28,49.46,60.02
25170,64.25,49.28,59.79
25180,64.20,49.46,59.56
25190,64.15,49.40,59.32
25200,64.11,49.05,59.07
25210,64.07,48.92,58.82
25220,64.01,49.09,58.57
25230,63.96,48.60,58.32
25240,63.90,48.78,58.06
25250,63.85,48.56,57.79
25260,63.79,48.49,57.53
25270,63.72,48.53,57.26
25280,63.66,48.14,56.98
25290,63.57,48.56,56.70
25300,63.49,48.16,56.42
25310,63.41,48.12,56.14
25320,63.32,48.09,55.85
25330,63.23,47.93,55.56
25340,63.13,48.00,55.27
25350,63.04,47.67,54.97
25360,62.93,47.77,54.67
25370,62.83,47.48,54.37
25380,62.71,47.73,54.07
25390,62.59,47.41,53.76
25400,62.47,47.47,53.45
25410,62.34,47.26,53.14
25420,62.21,47.31,52.82
25430,62.08,46.94,52.51
25440,61.95,47.03,52.19
25450,61.81,46.87,51.87
25460,61.66,47.01,51.54
25470,61.50,46.84,51.22
25480,61.34,46.88,50.89
25490,61.18,46.64,50.56
25500,61.01,46.71,50.24
25510,60.85,46.38,49.90
25520,60.67,46.49,49.57
25530,60.50,46.10,49.24
25540,60.32,46.25,48.90
25550,60.14,46.15,48.57
25560,59.94,46.16,48.23
25570,59.75,45.94,47.89
25580,59.55,46.01,47.55
25590,59.35,45.88,47.21
25600,59.14,45.84,46.87
25610,58.92,45.84,46.53
25620,58.70,45.69,46.19
25630,58.48,45.68,45.85
25640,58.25,45.64,45.51
25650,58.01,45.65,45.17
25660,57.77,45.65,44.83
25670,57.53,45.42,44.49
25680,57.27,45.62,44.15
25690,57.02,45.34,43.80
25700,56.76,45.37,43.46
25710,56.50,45.32,43.13
25720,56.24,45.17,42.79
25730,55.96,45.40,42.45
25740,55.69,45.11,42.11
25750,55.41,45.20,41.78
25760,55.12,45.23,41.44
25770,54.83,44.99,41.11
25780,54.54,45.15,40.78
25790,54.24,45.02,40.45
25800,53.95,44.91,40.12
25810,53.63,45.17,39.79
25820,53.33,44.91,39.46
25830,53.02,44.80,39.14
25840,52.70,44.94,38.82
25850,52.39,44.72,38.50
25860,52.06,44.98,38.18
25870,51.74,44.82,37.87
25880,51.42,44.69,37.56
25890,51.08,44.87,37.25
25900,50.74,44.82,36.94
25910,50.41,44.60,36.63
25920,50.07,44.78,36.33
25930,49.73,44.63,36.03
25940,49.40,44.48,35.74
25950,49.05,44.74,35.45
25960,48.70,44.63,35.16
25970,48.36,44.41,34.87
25980,48.01,44.66,34.59
25990,47.66,44.56,34.31
26000,47.31,44.45,34.03
26010,46.95,44.60,33.76
26020,46.59,44.55,33.50
26030,46.25,44.31,33.23
26040,45.89,44.49,32.97
26050,45.53,44.45,32.72
26060,45.18,44.37,32.47
26070,44.84,44.17,32.22
26080,44.47,44.49,31.98
26090,44.13,44.15,31.74
26100,43.78,44.25,31.51
26110,43.42,44.38,31.28
26120,43.07,44.15,31.06
26130,42.72,44.20,30.84
26140,42.37,44.28,30.62
26150,42.02,44.18,30.41
26160,41.68,44.02,30.21
26170,41.33,44.15,30.01
26180,41.00,43.92,29.82
26190,40.66,43.97,29.63
26200,40.32,44.00,29.45
26210,39.99,44.01,29.27
26220,39.65,44.01,29.10
26230,39.32,43.98,28.94
26240,38.98,44.06,28.78
26250,38.66,43.82,28.62
26260,38.34,43.85,28.48
26270,38.02,43.94,28.33
26280,37.71,43.73,28.20
26290,37.41,43.52,28.07
26300,37.10,43.73,27.95
26310,36.79,43.81,27.83
26320,36.50,43.44,27.72
26330,36.22,43.40,27.61
26340,35.92,43.78,27.52
26350,35.65,43.31,27.42
26360,35.38,43.23,27.34
26370,35.11,43.41,27.26
26380,34.83,43.62,27.19
26390,34.57,43.24,27.12
26400,34.32,43.04,27.06
26410,34.07,43.22,27.01
26420,33.82,43.26,26.97
26430,33.59,42.91,26.93
26440,33.37,42.85,26.90
26450,33.14,43.20,26.87
26460,32.92,42.97,26.86
26470,32.71,42.83,26.85
26480,32.51,42.59,26.84
26490,32.31,42.79,26.85
26500,32.11,43.05,26.86
26510,31.92,42.68,26.88
26520,31.75,42.44,26.90
26530,31.58,42.55,26.93
26540,31.42,42.53,26.97
26550,31.24,42.81,27.02
26560,31.09,42.49,27.07
26570,30.95,42.28,27.14
26580,30.81,42.41,27.20
26590,30.66,42.60,27.28
26600,30.54,42.36,27.36
26610,30.42,42.20,27.45
26620,30.32,42.13,27.55
26630,30.21,42.27,27.66
26640,30.09,42.49,27.77
26650,29.99,42.39,27.89
26660,29.90,42.26,28.02
26670,29.82,42.12,28.15
26680,29.74,42.29,28.29
26690,29.67,42.32,28.44
26700,29.60,42.34,28.60
26710,29.54,42.19,28.76
26720,29.50,42.07,28.93
26730,29.45,42.14,29.11
26740,29.41,42.24,29.29
26750,29.37,42.30,29.48
26760,29.35,42.19,29.68
26770,29.34,42.06,29.89
26780,29.33,42.07,30.10
26790,29.33,42.14,30.32
26800,29.32,42.40,30.55
26810,29.32,42.44,30.79
26820,29.32,42.44,31.03
26830,29.34,42.30,31.28
26840,29.37,42.24,31.53
26850,29.40,42.34,31.80
26860,29.42,42.62,32.06
26870,29.45,42.80,32.34
26880,29.48,42.83,32.62
26890,29.53,42.64,32.91
26900,29.58,42.64,33.21
26910,29.64,42.83,33.51
26920,29.68,43.25,33.82
26930,29.73,43.30,34.14
26940,29.79,43.38,34.46
26950,29.86,43.17,34.79
26960,29.94,43.23,35.12
26970,30.03,43.40,35.46
26980,30.10,43.79,35.81
26990,30.17,44.03,36.17
27000,30.25,44.02,36.52
27010,30.34,44.02,36.89
27020,30.44,44.15,37.26
27030,30.53,44.41,37.64
27040,30.61,44.76,38.02
27050,30.71,44.73,38.41
27060,30.83,44.60,38.80
27070,30.94,44.89,39.20
27080,31.05,45.19,39.61
27090,31.15,45.42,40.02
27100,31.28,45.31,40.44
27110,31.41,45.37,40.86
27120,31.53,45.91,41.28
27130,31.65,46.14,41.71
27140,31.79,46.00,42.15
27150,31.94,46.09,42.59
27160,32.07,46.59,43.04
27170,32.22,46.62,43.49
27180,32.37,46.68,43.94
27190,32.52,46.93,44.40
27200,32.67,47.39,44.86
27210,32.83,47.28,45.33
27220,32.99,47.64,45.80
27230,33.18,47.38,46.28
27240,33.35,47.78,46.76
27250,33.54,47.75,47.24
27260,33.74,47.88,47.73
27270,33.93,48.28,48.22
27280,34.15,48.14,48.71
27290,34.35,48.57,49.21
27300,34.57,48.51,49.71
27310,34.79,48.81,50.22
27320,35.02,48.82,50.72
27330,35.26,48.90,51.23
27340,35.50,49.10,51.75
27350,35.76,49.13,52.26
27360,36.01,49.37,52.78
27370,36.27,49.49,53.30
27380,36.54,49.63,53.83
27390,36.82,49.68,54.35
27400,37.11,49.74,54.88
27410,37.40,50.03,55.41
27420,37.71,49.91,55.94
27430,38.01,50.23,56.47
27440,38.33,50.09,57.01
27450,38.65,50.37,57.54
27460,38.98,50.37,58.08
27470,39.33,50.43,58.62
27480,39.66,50.77,59.16
27490,40.02,50.55,59.70
27500,40.38,50.81,60.24
27510,40.75,50.88,60.78
27520,41.14,50.69,61.33
27530,41.51,51.15,61.87
27540,41.92,50.82,62.42
27550,42.31,51.20,62.96
27560,42.72,51.27,63.50
27570,43.14,51.06,64.05
27580,43.56,51.41,64.59
27590,43.98,51.47,65.14
27600,44.42,51.32,65.68
27610,44.87,51.53,66.22
27620,45.31,51.77,66.77
27630,45.77,51.46,67.31
27640,46.23,51.75,67.85
27650,46.69,51.92,68.39
27660,47.18,51.61,68.93
27670,47.66,51.79,69.47
27680,48.14,52.14,70.00
27690,48.63,52.05,70.54
27700,49.14,51.85,71.07
27710,49.63,52.30,71.60
27720,50.13,52.33,72.13
27730,50.65,52.07,72.66
27740,51.16,52.33,73.18
27750,51.68,52.46,73.70
27760,52.21,52.36,74.22
27770,52.74,52.43,74.74
27780,53.27,52.58,75.26
27790,53.81,52.58,75.77
27800,54.35,52.62,76.28
27810,54.89,52.72,76.79
27820,55.44,52.87,77.29
27830,55.99,52.77,77.79
27840,56.55,52.66,78.29
27850,57.11,52.86,78.78
27860,57.66,53.12,79.27
27870,58.22,53.12,79.75
27880,58.79,52.95,80.24
27890,59.35,53.23,80.72
27900,59.90,53.42,81.19
27910,60.47,53.33,81.66
27920,61.05,53.10,82.12
27930,61.61,53.45,82.59
27940,62.17,53.78,83.04
27950,62.72,53.76,83.50
27960,63.29,53.58,83.94
27970,63.86,53.73,84.39
27980,64.41,54.10,84.82
27990,64.96,54.31,85.26
28000,65.52,54.02,85.68
28010,66.08,54.03,86.11
28020,66.64,54.18,86.52
28030,67.19,54.47,86.93
28040,67.73,54.63,87.34
28050,68.27,54.60,87.74
28060,68.83,54.36,88.14
28070,69.39,54.46,88.53
28080,69.94,54.57,88.91
28090,70.49,54.75,89.29
28100,71.02,54.96,89.66
28110,71.56,54.93,90.02
28120,72.10,54.81,90.38
28130,72.65,54.75,90.73
28140,73.20,54.63,91.08
28150,73.75,54.89,91.42
28160,74.28,54.91,91.75
28170,74.82,54.99,92.08
28180,75.35,55.11,92.40
28190,75.87,55.30,92.71
28200,76.39,55.17,93.02
28210,76.92,55.08,93.32
28220,77.46,54.90,93.61
28230,78.00,54.77,93.89
28240,78.54,54.71,94.17
28250,79.08,54.67,94.44
28260,79.62,54.60,94.71
28270,80.15,54.64,94.96
28280,80.69,54.67,95.21
28290,81.20,54.90,95.45
28300,81.72,54.69,95.69
28310,82.25,54.54,95.92
28320,82.78,54.38,96.14
28330,83.31,54.20,96.35
28340,83.84,54.24,96.55
28350,84.35,54.44,96.75
28360,84.85,54.57,96.94
28370,85.35,54.63,97.12
28380,85.84,54.55,97.29
28390,86.33,54.42,97.46
28400,86.82,54.22,97.61
28410,87.32,54.05,97.76
28420,87.82,53.88,97.91
28430,88.31,53.85,98.04
28440,88.79,54.09,98.17
28450,89.25,54.14,98.28
28460,89.71,54.23,98.39
28470,90.16,54.17,98.50
28480,90.61,53.87,98.59
28490,91.07,53.67,98.68
28500,91.54,53.37,98.75
28510,91.99,53.37,98.82
28520,92.43,53.59,98.88
28530,92.85,53.70,98.94
28540,93.27,53.62,98.98
28550,93.70,53.23,99.02
28560,94.13,52.85,99.05
28570,94.55,52.93,99.07
28580,94.96,53.11,99.09
28590,95.34,53.29,99.09
28600,95.72,53.15,99.09
28610,96.11,52.79,99.08
28620,96.51,52.37,99.06
28630,96.90,52.40,99.03
28640,97.26,52.72,99.00
28650,97.60,52.81,98.95
28660,97.96,52.38,98.90
28670,98.32,51.92,98.85
28680,98.67,51.97,98.78
28690,99.00,52.28,98.70
28700,99.31,52.28,98.62
28710,99.63,51.76,98.53
28720,99.96,51.45,98.43
28730,100.26,51.75,98.33
28740,100.54,51.99,98.22
28750,100.83,51.55,98.10
28760,101.12,51.22,97.97
28770,101.39,51.24,97.83
28780,101.64,51.51,97.69
28790,101.91,51.01,97.54
28800,102.18,50.56,97.38
28810,102.41,51.06,97.21
28820,102.61,51.33,97.04
28830,102.84,50.66,96.86
28840,103.06,50.49,96.67
28850,103.25,50.88,96.48
28860,103.43,50.60,96.27
28870,103.63,50.19,96.07
28880,103.79,50.52,95.85
28890,103.94,50.50,95.63
28900,104.11,49.95,95.40
28910,104.25,50.08,95.16
28920,104.37,50.43,94.92
28930,104.50,49.71,94.67
28940,104.61,49.87,94.41
28950,104.70,50.16,94.15
28960,104.80,49.56,93.88
28970,104.88,49.64,93.61
28980,104.93,50.05,93.33
28990,105.01,49.28,93.04
29000,105.04,49.70,92.74
29010,105.07,49.59,92.45
29020,105.11,49.13,92.14
29030,105.12,49.56,91.83
29040,105.12,49.32,91.51
29050,105.12,49.02,91.19
29060,105.09,49.45,90.86
29070,105.08,48.85,90.53
29080,105.03,49.26,90.19
29090,104.98,48.95,89.85
29100,104.93,48.74,89.50
29110,104.85,49.04,89.14
29120,104.78,48.55,88.78
29130,104.69,48.72,88.42
29140,104.60,48.53,88.05
29150,104.50,48.40,87.68
29160,104.38,48.46,87.30
29170,104.27,48.03,86.92
29180,104.13,48.47,86.53
29190,104.00,47.88,86.14
29200,103.84,48.23,85.75
29210,103.68,48.03,85.35
29220,103.51,47.92,84.95
29230,103.32,48.16,84.54
29240,103.12,47.96,84.13
29250,102.91,48.16,83.72
29260,102.70,47.64,83.30
29270,102.47,48.05,82.88
29280,102.23,47.80,82.46
29290,101.99,47.71,82.03
29300,101.73,47.78,81.60
29310,101.48,47.47,81.17
29320,101.19,47.92,80.73
29330,100.91,47.51,80.30
29340,100.62,47.57,79.86
29350,100.31,47.61,79.41
29360,99.99,47.65,78.97
29370,99.66,47.60,78.52
29380,99.33,47.65,78.07
29390,98.98,47.57,77.62
29400,98.63,47.55,77.17
29410,98.26,47.62,76.72
29420,97.89,47.51,76.26
29430,97.50,47.61,75.80
29440,97.10,47.65,75.35
29450,96.70,47.62,74.89
29460,96.28,47.72,74.43
29470,95.86,47.69,73.97
29480,95.42,47.79,73.50
29490,94.97,47.81,73.04
29500,94.51,48.01,72.58
29510,94.04,47.90,72.11
29520,93.56,48.16,71.65
29530,93.08,47.95,71.19
29540,92.58,48.19,70.72
29550,92.08,48.00,70.26
29560,91.57,48.21,69.79
29570,91.06,48.12,69.33
29580,90.52,48.53,68.87
29590,89.98,48.39,68.40
29600,89.41,48.84,67.94
29610,88.85,48.66,67.48
29620,88.28,48.98,67.02
29630,87.70,48.76,66.56
29640,87.11,49.04,66.10
29650,86.53,48.97,65.65
29660,85.91,49.40,65.19
29670,85.31,49.22,64.74
29680,84.68,49.61,64.28
29690,84.06,49.44,63.83
29700,83.43,49.47,63.38
29710,82.79,49.77,62.94
29720,82.15,49.78,62.49
29730,81.50,49.95,62.05
29740,80.86,49.88,61.61
29750,80.18,50.40,61.17
29760,79.53,49.95,60.73
29770,78.86,50.43,60.30
29780,78.18,50.53,59.87
29790,77.52,50.16,59.44
29800,76.83,50.88,59.02
29810,76.16,50.53,58.60
29820,75.47,50.76,58.18
29830,74.79,50.91,57.76
29840,74.11,50.68,57.35
29850,73.42,51.12,56.94
29860,72.73,51.01,56.54
29870,72.05,51.06,56.14
29880,71.34,51.44,55.74
29890,70.66,51.20,55.35
29900,69.97,51.33,54.96
29910,69.27,51.57,54.57
29920,68.58,51.52,54.19
29930,67.90,51.52,53.81
29940,67.21,51.72,53.44
29950,66.52,51.75,53.07
29960,65.84,51.60,52.71
29970,65.16,51.93,52.35
29980,64.48,51.85,51.99
29990,63.81,51.66,51.64
30000,63.14,51.94,51.30
30010,62.47,52.06,50.96
30020,61.83,51.60,50.62
30030,61.17,51.92,50.29
30040,60.51,52.10,49.97
30050,59.88,51.75,49.64
30060,59.25,51.77,49.33
30070,58.62,51.98,49.02
30080,57.99,51.89,48.72
30090,57.38,51.75,48.42
30100,56.78,51.70,48.12
30110,56.18,51.85,47.83
30120,55.59,51.60,47.55
30130,55.02,51.50,47.28
30140,54.45,51.64,47.01
30150,53.88,51.54,46.74
30160,53.34,51.24,46.48
30170,52.79,51.45,46.23
30180,52.25,51.50,45.98
30190,51.73,51.18,45.74
30200,51.22,51.02,45.50
30210,50.72,51.12,45.27
30220,50.23,51.00,45.05
30230,49.75,50.75,44.84
30240,49.29,50.59,44.62
30250,48.83,50.60,44.42
30260,48.40,50.29,44.22
30270,47.98,50.04,44.03
30280,47.56,50.29,43.85
30290,47.16,49.92,43.67
30300,46.77,49.65,43.49
30310,46.39,49.70,43.33
30320,46.02,49.66,43.17
30330,45.66,49.45,43.02
30340,45.32,49.31,42.87
30350,44.99,49.15,42.73
30360,44.66,49.20,42.60
30370,44.34,49.07,42.47
30380,44.04,48.72,42.35
30390,43.75,48.86,42.24
30400,43.47,48.45,42.13
30410,43.21,48.33,42.03
30420,42.95,48.37,41.94
30430,42.71,47.93,41.85
30440,42.47,48.12,41.77
30450,42.26,47.76,41.69
30460,42.04,47.71,41.63
30470,41.84,47.69,41.57
30480,41.66,47.21,41.51
30490,41.48,47.32,41.47
30500,41.32,46.91,41.43
30510,41.16,47.12,41.39
30520,41.02,46.69,41.36
30530,40.88,46.82,41.34
30540,40.76,46.54,41.33
30550,40.64,46.41,41.32
30560,40.54,46.16,41.32
30570,40.45,46.16,41.33
30580,40.36,46.00,41.34
30590,40.29,45.92,41.36
30600,40.22,45.71,41.38
30610,40.16,45.81,41.41
30620,40.11,45.57,41.45
30630,40.05,45.67,41.49
30640,40.02,45.30,41.54
30650,39.98,45.52,41.60
30660,39.96,45.26,41.66
30670,39.94,45.21,41.73
30680,39.93,45.14,41.81
30690,39.93,45.02,41.89
30700,39.93,45.08,41.98
30710,39.95,44.78,42.07
30720,39.96,44.98,42.17
30730,39.98,44.68,42.27
30740,40.02,44.69,42.38
30750,40.04,44.87,42.50
30760,40.08,44.68,42.62
30770,40.11,44.91,42.75
30780,40.15,44.75,42.89
30790,40.19,44.80,43.03
30800,40.23,45.03,43.17
30810,40.27,44.94,43.32
30820,40.33,44.79,43.48
30830,40.37,45.06,43.64
30840,40.43,44.88,43.81
30850,40.49,45.10,43.98
30860,40.55,45.09,44.15
30870,40.61,45.05,44.34
30880,40.66,45.36,44.52
30890,40.72,45.46,44.72
30900,40.78,45.34,44.91
30910,40.85,45.49,45.12
30920,40.91,45.60,45.32
30930,40.99,45.48,45.53
30940,41.05,45.84,45.75
30950,41.11,45.99,45.97
30960,41.19,45.75,46.19
30970,41.25,46.24,46.42
30980,41.33,46.07,46.66
30990,41.41,46.16,46.89
31000,41.47,46.65,47.14
31010,41.55,46.52,47.38
31020,41.62,46.75,47.63
31030,41.68,46.95,47.89
31040,41.76,46.93,48.14
31050,41.83,47.09,48.40
31060,41.91,47.30,48.67
31070,41.99,47.25,48.94
31080,42.06,47.71,49.21
31090,42.14,47.66,49.48
31100,42.21,47.91,49.76
31110,42.28,48.10,50.04
31120,42.37,48.01,50.32
31130,42.45,48.38,50.61
31140,42.54,48.21,50.90
31150,42.62,48.64,51.19
31160,42.71,48.69,51.49
31170,42.80,48.76,51.79
31180,42.89,49.05,52.09
31190,42.99,48.96,52.39
31200,43.08,49.32,52.69
31210,43.19,49.27,53.00
31220,43.29,49.58,53.31
31230,43.40,49.45,53.62
31240,43.50,49.79,53.93
31250,43.63,49.66,54.25
31260,43.75,49.73,54.56
31270,43.88,49.91,54.88
31280,44.01,49.97,55.20
31290,44.14,50.29,55.52
31300,44.28,50.09,55.84
31310,44.43,50.19,56.16
31320,44.60,50.11,56.49
31330,44.76,50.33,56.81
31340,44.92,50.31,57.14
31350,45.10,50.35,57.46
31360,45.28,50.50,57.79
31370,45.47,50.43,58.12
31380,45.65,50.58,58.44
31390,45.85,50.64,58.77
31400,46.05,50.71,59.10
31410,46.26,50.55,59.43
31420,46.49,50.52,59.76
31430,46.70,50.87,60.09
31440,46.93,50.58,60.41
31450,47.17,50.72,60.74
31460,47.40,50.87,61.07
31470,47.66,50.65,61.40
31480,47.91,50.87,61.72
31490,48.16,50.96,62.05
31500,48.43,50.67,62.38
31510,48.69,50.93,62.70
31520,48.96,51.06,63.02
31530,49.25,50.71,63.35
31540,49.53,50.98,63.67
31550,49.82,50.95,63.99
31560,50.11,50.90,64.31
31570,50.41,50.92,64.62
31580,50.71,51.06,64.94
31590,51.02,50.80,65.25
31600,51.34,50.91,65.56
31610,51.65,51.13,65.87
31620,51.97,50.97,66.18
31630,52.29,51.02,66.49
31640,52.60,51.30,66.79
31650,52.94,50.93,67.10
31660,53.27,51.12,67.40
31670,53.60,51.24,67.69
31680,53.94,50.98,67.99
31690,54.28,51.21,68.28
31700,54.61,51.32,68.57
31710,54.96,51.12,68.86
31720,55.31,51.03,69.14
31730,55.65,51.35,69.42
31740,56.00,51.16,69.70
31750,56.36,51.02,69.98
31760,56.71,51.45,70.25
31770,57.06,51.18,70.52
31780,57.43,50.99,70.79
31790,57.80,51.12,71.05
31800,58.16,51.27,71.31
31810,58.53,50.91,71.57
31820,58.90,51.06,71.82
31830,59.26,51.35,72.07
31840,59.64,50.99,72.31
31850,60.01,51.02,72.55
31860,60.37,51.28,72.79
31870,60.74,51.05,73.02
31880,61.12,51.00,73.25
31890,61.48,51.30,73.48
31900,61.84,51.24,73.70
31910,62.22,50.96,73.92
31920,62.58,51.33,74.13
31930,62.94,51.29,74.34
31940,63.31,51.11,74.54
31950,63.66,51.25,74.74
31960,64.01,51.44,74.94
31970,64.37,51.18,75.13
31980,64.73,51.17,75.32
31990,65.08,51.51,75.50
32000,65.43,51.16,75.68
32010,65.79,51.17,75.85
32020,66.12,51.54,76.02
32030,66.47,51.35,76.18
32040,66.81,51.22,76.34
32050,67.15,51.33,76.49
32060,67.48,51.56,76.64
32070,67.82,51.24,76.78
32080,68.15,51.31,76.92
32090,68.46,51.66,77.05
32100,68.79,51.26,77.18
32110,69.12,51.26,77.31
32120,69.42,51.64,77.42
32130,69.73,51.50,77.54
32140,70.04,51.43,77.65
32150,70.34,51.51,77.75
32160,70.64,51.61,77.84
32170,70.94,51.44,77.94
32180,71.24,51.26,78.02
32190,71.52,51.62,78.10
32200,71.80,51.54,78.18
32210,72.09,51.38,78.25
32220,72.36,51.57,78.32
32230,72.62,51.71,78.38
32240,72.89,51.45,78.43
32250,73.16,51.46,78.48
32260,73.42,51.55,78.52
32270,73.66,51.63,78.56
32280,73.92,51.40,78.59
32290,74.15,51.71,78.62
32300,74.37,51.89,78.64
32310,74.61,51.40,78.66
32320,74.84,51.52,78.67
32330,75.06,51.70,78.68
32340,75.26,51.85,78.68
32350,75.48,51.56,78.67
32360,75.69,51.41,78.66
32370,75.90,51.37,78.64
32380,76.11,51.39,78.62
32390,76.29,51.68,78.60
32400,76.47,51.61,78.56
32410,76.67,51.27,78.52
32420,76.84,51.55,78.48
32430,76.99,51.85,78.43
32440,77.17,51.34,78.38
32450,77.33,51.41,78.32
32460,77.47,51.76,78.25
32470,77.62,51.48,78.18
32480,77.77,51.26,78.11
32490,77.90,51.58,78.03
32500,78.02,51.66,77.94
32510,78.16,51.28,77.85
32520,78.28,51.32,77.75
32530,78.38,51.66,77.65
32540,78.49,51.44,77.55
32550,78.60,51.27,77.43
32560,78.69,51.48,77.32
32570,78.77,51.46,77.19
32580,78.87,51.12,77.07
32590,78.95,51.30,76.94
32600,79.01,51.49,76.80
32610,79.08,51.19,76.66
32620,79.16,50.96,76.51
32630,79.21,51.27,76.36
32640,79.25,51.44,76.20
32650,79.30,51.01,76.04
32660,79.34,51.11,75.88
32670,79.36,51.45,75.71
32680,79.39,51.15,75.53
32690,79.42,50.84,75.35
32700,79.43,51.10,75.17
32710,79.43,51.25,74.98
32720,79.44,50.93,74.79
32730,79.44,50.83,74.59
32740,79.42,51.13,74.39
32750,79.40,51.03,74.19
32760,79.40,50.67,73.98
32770,79.37,50.94,73.76
32780,79.33,50.98,73.55
32790,79.30,50.57,73.32
32800,79.27,50.60,73.10
32810,79.22,50.78,72.87
32820,79.17,50.50,72.64
32830,79.13,50.34,72.40
32840,79.06,50.58,72.16
32850,79.01,50.30,71.91
32860,78.95,50.08,71.67
32870,78.88,50.27,71.41
32880,78.81,50.01,71.16
32890,78.75,49.89,70.90
32900,78.66,50.04,70.64
32910,78.57,49.98,70.38
32920,78.50,49.56,70.11
32930,78.40,49.92,69.84
32940,78.30,49.55,69.56
32950,78.21,49.47,69.29
32960,78.09,49.74,69.01
32970,77.99,49.26,68.72
32980,77.87,49.39,68.44
32990,77.75,49.37,68.15
33000,77.63,49.11,67.86
33010,77.51,49.05,67.57
33020,77.38,49.13,67.27
33030,77.25,48.80,66.97
33040,77.10,49.06,66.67
33050,76.96,48.68,66.37
33060,76.81,48.86,66.07
33070,76.66,48.66,65.76
33080,76.50,48.62,65.45
33090,76.33,48.76,65.14
33100,76.17,48.35,64.83
33110,75.98,48.72,64.52
33120,75.80,48.52,64.20
33130,75.62,48.27,63.88
33140,75.41,48.63,63.57
33150,75.23,48.01,63.25
33160,75.01,48.62,62.92
33170,74.80,48.35,62.60
33180,74.59,48.13,62.28
33190,74.37,48.26,61.95
33200,74.14,48.24,61.63
33210,73.90,48.36,61.30
33220,73.67,48.09,60.97
33230,73.41,48.36,60.65
33240,73.17,47.96,60.32
33250,72.91,48.16,59.99
33260,72.66,47.97,59.66
33270,72.37,48.45,59.33
33280,72.10,48.01,58.99
33290,71.82,48.12,58.66
33300,71.55,48.00,58.33
33310,71.25,48.24,58.00
33320,70.94,48.32,57.67
33330,70.64,48.06,57.34
33340,70.33,48.15,57.00
33350,70.03,47.94,56.67
33360,69.72,48.03,56.34
33370,69.39,48.27,56.01
33380,69.07,48.03,55.68
33390,68.73,48.34,55.35
33400,68.39,48.06,55.02
33410,68.04,48.39,54.69
33420,67.70,48.05,54.36
33430,67.35,48.22,54.03
33440,67.00,48.13,53.71
33450,66.63,48.42,53.38
33460,66.28,48.09,53.06
33470,65.91,48.37,52.73
33480,65.55,48.07,52.41
33490,65.18,48.15,52.09
33500,64.81,48.19,51.77
33510,64.42,48.40,51.45
33520,64.05,48.08,51.13
33530,63.67,48.08,50.82
33540,63.30,48.08,50.50
33550,62.92,48.02,50.19
33560,62.54,48.15,49.88
33570,62.15,48.14,49.57
33580,61.76,48.08,49.26
33590,61.39,47.89,48.95
33600,60.99,48.11,48.65
33610,60.61,48.06,48.35
33620,60.21,48.20,48.05
33630,59.83,47.86,47.75
33640,59.43,48.09,47.46
33650,59.05,47.84,47.17
33660,58.65,48.10,46.87
33670,58.27,47.77,46.59
33680,57.87,48.11,46.30
33690,57.48,47.83,46.02
33700,57.08,48.01,45.74
33710,56.70,47.73,45.46
33720,56.31,47.93,45.18
33730,55.93,47.60,44.91
33740,55.54,47.86,44.64
33750,55.16,47.58,44.38
33760,54.77,47.85,44.11
33770,54.39,47.62,43.85
33780,54.01,47.68,43.59
33790,53.64,47.52,43.34
33800,53.26,47.59,43.09
33810,52.89,47.49,42.84
33820,52.52,47.44,42.59
33830,52.15,47.46,42.35
33840,51.79,47.39,42.11
33850,51.42,47.46,41.88
33860,51.06,47.24,41.64
33870,50.70,47.30,41.42
33880,50.35,47.14,41.19
33890,49.99,47.27,40.97
33900,49.65,47.02,40.75
33910,49.30,47.21,40.54
33920,48.97,46.84,40.32
33930,48.63,47.02,40.12
33940,48.30,46.74,39.91
33950,47.97,46.87,39.71
33960,47.65,46.64,39.52
33970,47.33,46.65,39.32
33980,47.01,46.70,39.13
33990,46.70,46.56,38.95
34000,46.39,46.55,38.77
34010,46.09,46.40,38.59
34020,45.79,46.32,38.42
34030,45.50,46.17,38.25
34040,45.21,46.25,38.08
34050,44.93,46.04,37.92
34060,44.65,46.09,37.76
34070,44.38,45.98,37.61
34080,44.11,45.83,37.46
34090,43.85,45.88,37.31
34100,43.60,45.52,37.17
34110,43.34,45.85,37.04
34120,43.09,45.55,36.90
34130,42.85,45.38,36.77
34140,42.61,45.53,36.65
34150,42.39,45.21,36.53
34160,42.15,45.41,36.41
34170,41.93,45.10,36.30
34180,41.72,45.11,36.19
34190,41.50,45.19,36.08
34200,41.30,44.77,35.98
34210,41.09,44.99,35.89
34220,40.90,44.79,35.80
34230,40.71,44.58,35.71
34240,40.52,44.86,35.63
34250,40.34,44.51,35.55
34260,40.16,44.54,35.47
34270,39.99,44.55,35.40
34280,39.83,44.22,35.33
34290,39.67,44.26,35.27
34300,39.51,44.19,35.21
34310,39.37,44.01,35.16
34320,39.22,44.07,35.11
34330,39.07,44.15,35.06
34340,38.94,43.90,35.02
34350,38.80,43.98,34.98
34360,38.67,43.81,34.95
34370,38.57,43.49,34.92
34380,38.44,43.78,34.89
34390,38.33,43.56,34.87
34400,38.22,43.51,34.85
34410,38.11,43.65,34.84
34420,38.01,43.49,34.83
34430,37.92,43.33,34.82
34440,37.83,43.29,34.82
34450,37.73,43.44,34.82
34460,37.65,43.21,34.83
34470,37.57,43.24,34.84
34480,37.50,43.10,34.85
34490,37.42,43.24,34.87
34500,37.36,42.88,34.89
34510,37.31,42.76,34.92
34520,37.25,42.95,34.95
34530,37.19,43.05,34.98
34540,37.14,42.85,35.02
34550,37.09,42.85,35.06
34560,37.04,42.90,35.10
34570,36.99,43.06,35.15
34580,36.95,42.72,35.20
34590,36.92,42.62,35.26
34600,36.89,42.80,35.32
34610,36.86,42.72,35.38
34620,36.84,42.55,35.44
34630,36.83,42.42,35.51
34640,36.80,42.77,35.58
34650,36.78,42.76,35.66
34660,36.77,42.61,35.74
34670,36.76,42.54,35.82
34680,36.76,42.56,35.91
34690,36.74,42.91,36.00
34700,36.73,42.75,36.09
34710,36.73,42.51,36.18
34720,36.74,42.37,36.28
34730,36.75,42.62,36.38
34740,36.75,42.76,36.48
34750,36.75,42.72,36.59
34760,36.77,42.56,36.70
34770,36.79,42.56,36.81
34780,36.79,42.87,36.93
34790,36.79,43.16,37.05
34800,36.79,43.13,37.17
34810,36.81,42.81,37.29
34820,36.83,42.92,37.42
34830,36.85,42.93,37.55
34840,36.85,43.29,37.68
34850,36.86,43.43,37.81
34860,36.87,43.26,37.95
34870,36.89,43.32,38.09
34880,36.91,43.37,38.23
34890,36.90,43.90,38.37
34900,36.91,43.74,38.52
34910,36.93,43.64,38.67
34920,36.95,43.66,38.82
34930,36.96,43.93,38.97
34940,36.97,44.04,39.12
34950,36.99,44.04,39.28
34960,37.01,44.05,39.44
34970,37.04,44.03,39.60
34980,37.04,44.57,39.76
34990,37.06,44.39,39.92
35000,37.10,44.21,40.09
35010,37.12,44.55,40.25
35020,37.13,44.75,40.42
35030,37.15,44.82,40.59
35040,37.19,44.57,40.76
35050,37.21,44.88,40.94
35060,37.23,45.15,41.11
35070,37.25,45.22,41.29
35080,37.29,45.11,41.46
35090,37.32,45.21,41.64
35100,37.35,45.43,41.82
35110,37.39,45.23,42.00
35120,37.43,45.45,42.19
35130,37.46,45.67,42.37
35140,37.50,45.56,42.55
35150,37.55,45.60,42.74
35160,37.59,45.94,42.92
35170,37.64,45.81,43.11
35180,37.69,45.86,43.30
35190,37.74,46.06,43.48
35200,37.79,46.07,43.67
35210,37.85,45.93,43.86
35220,37.91,46.20,44.05
35230,37.97,46.25,44.24
35240,38.04,46.17,44.43
35250,38.11,46.39,44.62
35260,38.19,46.22,44.81
35270,38.27,46.31,45.01
35280,38.34,46.60,45.20
35290,38.43,46.45,45.39
35300,38.52,46.49,45.58
35310,38.60,46.59,45.77
35320,38.70,46.45,45.97
35330,38.80,46.60,46.16
35340,38.91,46.57,46.35
35350,39.01,46.77,46.54
35360,39.12,46.69,46.73
35370,39.22,46.81,46.93
35380,39.34,46.84,47.12
35390,39.46,46.74,47.31
35400,39.57,46.90,47.50
35410,39.70,46.82,47.69
35420,39.82,47.08,47.88
35430,39.95,46.82,48.07
35440,40.09,46.86,48.26
35450,40.22,47.18,48.45
35460,40.36,46.85,48.63
35470,40.50,47.05,48.82
35480,40.66,46.85,49.01
35490,40.81,47.03,49.19
35500,40.95,47.11,49.38
35510,41.12,46.92,49.56
35520,41.27,47.10,49.74
35530,41.44,46.92,49.92
35540,41.60,47.13,50.10
35550,41.77,47.14,50.28
35560,41.94,47.06,50.46
35570,42.10,47.28,50.64
35580,42.28,46.97,50.82
35590,42.45,47.32,50.99
35600,42.63,47.03,51.16
35610,42.80,47.42,51.34
35620,42.99,47.13,51.51
35630,43.17,47.22,51.68
35640,43.36,47.05,51.85
35650,43.55,47.13,52.01
35660,43.74,47.34,52.18
35670,43.94,46.98,52.34
35680,44.12,47.35,52.50
35690,44.32,47.21,52.67
35700,44.51,47.26,52.83
35710,44.72,47.14,52.98
35720,44.91,47.23,53.14
35730,45.12,47.13,53.29
35740,45.32,47.17,53.45
35750,45.52,47.27,53.60
35760,45.74,47.08,53.75
35770,45.93,47.35,53.89
35780,46.14,47.13,54.04
35790,46.35,47.30,54.18
35800,46.56,47.13,54.32
35810,46.76,47.42,54.46
35820,46.97,47.22,54.60
35830,47.17,47.22,54.74
35840,47.38,47.26,54.87
35850,47.59,47.20,55.00
35860,47.80,47.36,55.13
35870,48.01,47.21,55.26
35880,48.20,47.52,55.38
35890,48.40,47.36,55.51
35900,48.60,47.56,55.63
35910,48.80,47.32,55.75
35920,49.00,47.50,55.86
35930,49.20,47.38,55.98
35940,49.40,47.46,56.09
35950,49.60,47.41,56.20
35960,49.80,47.38,56.31
35970,49.99,47.61,56.41
35980,50.18,47.49,56.52
35990,50.37,47.60,56.62
36000,50.57,47.45,56.72
36010,50.75,47.83,56.81
36020,50.93,47.60,56.91
36030,51.11,47.74,57.00
36040,51.30,47.47,57.09
36050,51.49,47.68,57.18
36060,51.67,47.60,57.26
36070,51.84,47.77,57.35
36080,52.01,47.81,57.43
36090,52.18,47.82,57.50
36100,52.35,47.84,57.58
36110,52.52,47.75,57.65
36120,52.69,47.90,57.72
36130,52.86,47.73,57.79
36140,53.01,48.00,57.86
36150,53.17,47.88,57.92
36160,53.32,48.14,57.98
36170,53.47,47.97,58.04
36180,53.61,48.28,58.10
36190,53.76,48.07,58.15
36200,53.89,48.34,58.20
36210,54.03,48.12,58.25
36220,54.16,48.46,58.30
36230,54.29,48.23,58.34
36240,54.41,48.52,58.38
36250,54.54,48.34,58.42
36260,54.65,48.55,58.46
36270,54.78,48.31,58.49
36280,54.89,48.59,58.53
36290,55.00,48.57,58.56
36300,55.10,48.73,58.58
36310,55.21,48.64,58.61
36320,55.31,48.77,58.63
36330,55.40,48.73,58.65
36340,55.51,48.66,58.67
36350,55.60,48.73,58.69
36360,55.69,48.75,58.70
36370,55.78,48.92,58.71
36380,55.86,48.85,58.72
36390,55.94,48.98,58.73
36400,56.02,48.96,58.73
36410,56.09,49.10,58.73
36420,56.17,48.96,58.73
36430,56.24,49.00,58.73
36440,56.30,49.13,58.73
36450,56.37,49.02,58.72
36460,56.43,49.20,58.71
36470,56.50,48.96,58.70
36480,56.55,49.30,58.69
36490,56.61,49.08,58.67
36500,56.66,49.34,58.66
36510,56.71,49.20,58.64
36520,56.75,49.42,58.62
36530,56.80,49.27,58.59
36540,56.85,49.22,58.57
36550,56.89,49.29,58.54
36560,56.93,49.35,58.51
36570,56.96,49.44,58.48
36580,57.00,49.27,58.45
36590,57.02,49.51,58.41
36600,57.06,49.24,58.38
36610,57.09,49.36,58.34
36620,57.12,49.34,58.30
36630,57.14,49.53,58.25
36640,57.15,49.49,58.21
36650,57.19,49.20,58.16
36660,57.20,49.53,58.12
36670,57.22,49.27,58.07
36680,57.23,49.54,58.02
36690,57.25,49.38,57.96
36700,57.26,49.41,57.91
36710,57.27,49.54,57.85
36720,57.28,49.33,57.80
36730,57.28,49.47,57.74
36740,57.29,49.36,57.68
36750,57.29,49.52,57.61
36760,57.30,49.36,57.55
36770,57.30,49.32,57.49
36780,57.30,49.42,57.42
36790,57.30,49.24,57.35
36800,57.29,49.47,57.28
36810,57.30,49.20,57.21
36820,57.29,49.43,57.14
36830,57.28,49.33,57.07
36840,57.28,49.21,56.99
36850,57.27,49.31,56.92
36860,57.26,49.08,56.84
36870,57.25,49.36,56.76
36880,57.24,49.04,56.69
36890,57.24,49.05,56.61
36900,57.22,49.16,56.52
36910,57.22,48.88,56.44
36920,57.21,49.00,56.36
36930,57.21,48.80,56.28
36940,57.20,48.83,56.19
36950,57.19,48.74,56.11
36960,57.19,48.60,56.02
36970,57.18,48.71,55.93
36980,57.18,48.52,55.85
36990,57.16,48.75,55.76
37000,57.16,48.34,55.67
37010,57.16,48.43,55.58
37020,57.15,48.28,55.49
37030,57.15,48.20,55.39
37040,57.14,48.34,55.30
37050,57.14,48.01,55.21
37060,57.14,48.05,55.12
37070,57.14,47.86,55.02
37080,57.12,48.14,54.93
37090,57.13,47.74,54.84
37100,57.12,47.83,54.74
37110,57.12,47.70,54.65
37120,57.11,47.70,54.55
37130,57.10,47.64,54.45
37140,57.10,47.53,54.36
37150,57.09,47.50,54.26
37160,57.08,47.42,54.17
37170,57.07,47.51,54.07
37180,57.06,47.33,53.97
37190,57.05,47.33,53.88
37200,57.04,47.21,53.78
37210,57.02,47.31,53.68
37220,57.00,47.19,53.59
37230,56.98,47.27,53.49
37240,56.96,47.16,53.39
37250,56.94,47.14,53.29
37260,56.91,47.17,53.20
37270,56.88,47.03,53.10
37280,56.86,47.02,53.01
37290,56.84,46.78,52.91
37300,56.81,46.90,52.81
37310,56.78,46.86,52.72
37320,56.75,46.83,52.62
37330,56.72,46.72,52.53
37340,56.68,46.89,52.43
37350,56.64,46.76,52.34
37360,56.60,46.87,52.25
37370,56.55,46.85,52.15
37380,56.50,46.82,52.06
37390,56.46,46.63,51.97
37400,56.40,46.90,51.88
37410,56.35,46.69,51.79
37420,56.30,46.84,51.70
37430,56.24,46.61,51.61
37440,56.18,46.91,51.52
37450,56.12,46.72,51.43
37460,56.05,46.68,51.34
37470,55.99,46.78,51.25
37480,55.92,46.74,51.17
37490,55.84,46.94,51.08
37500,55.76,46.89,51.00
37510,55.68,46.83,50.91
37520,55.60,46.84,50.83
37530,55.52,46.79,50.75
37540,55.43,47.05,50.67
37550,55.34,46.80,50.59
37560,55.25,47.00,50.51
37570,55.17,46.78,50.43
37580,55.07,46.93,50.35
37590,54.98,46.94,50.28
37600,54.88,46.95,50.20
37610,54.78,46.98,50.13
37620,54.69,46.82,50.05
37630,54.59,47.06,49.98
37640,54.49,46.95,49.91
37650,54.39,47.00,49.84
37660,54.29,47.01,49.78
37670,54.18,46.99,49.71
37680,54.08,47.08,49.64
37690,53.97,47.00,49.58
37700,53.86,47.25,49.52
37710,53.75,47.08,49.45
37720,53.64,47.05,49.39
37730,53.53,47.16,49.33
37740,53.43,46.98,49.28
37750,53.31,47.29,49.22
37760,53.20,47.09,49.16
37770,53.08,47.36,49.11
37780,52.97,47.21,49.06
37790,52.86,47.22,49.01
37800,52.74,47.31,48.96
37810,52.63,47.25,48.91
37820,52.51,47.42,48.86
37830,52.39,47.30,48.82
37840,52.27,47.56,48.78
37850,52.15,47.34,48.73
37860,52.04,47.41,48.69
37870,51.93,47.29,48.65
37880,51.81,47.51,48.62
37890,51.70,47.37,48.58
37900,51.59,47.34,48.55
37910,51.47,47.56,48.52
37920,51.37,47.25,48.48
37930,51.26,47.48,48.46
37940,51.16,47.43,48.43
37950,51.04,47.55,48.40
37960,50.95,47.28,48.38
37970,50.84,47.50,48.36
37980,50.74,47.38,48.33
37990,50.65,47.31,48.31
38000,50.55,47.46,48.30
38010,50.45,47.38,48.28
38020,50.36,47.48,48.27
38030,50.26,47.49,48.25
38040,50.16,47.63,48.24
38050,50.08,47.27,48.24
38060,49.98,47.55,48.23
38070,49.90,47.44,48.22
38080,49.81,47.47,48.22
38090,49.74,47.27,48.22
38100,49.65,47.50,48.22
38110,49.57,47.43,48.22
38120,49.50,47.26,48.22
38130,49.42,47.53,48.23
38140,49.35,47.40,48.23
38150,49.28,47.48,48.24
38160,49.22,47.28,48.25
38170,49.15,47.47,48.26
38180,49.09,47.21,48.28
38190,49.03,47.47,48.29
38200,48.97,47.36,48.31
38210,48.92,47.26,48.33
38220,48.86,47.46,48.35
38230,48.80,47.36,48.37
38240,48.75,47.40,48.40
38250,48.71,47.16,48.42
38260,48.66,47.53,48.45
38270,48.62,47.19,48.48
38280,48.58,47.37,48.51
38290,48.54,47.38,48.54
38300,48.51,47.24,48.58
38310,48.47,47.43,48.62
38320,48.44,47.33,48.65
38330,48.41,47.29,48.69
38340,48.39,47.20,48.74
38350,48.36,47.30,48.78
38360,48.34,47.27,48.82
38370,48.32,47.30,48.87
38380,48.31,47.21,48.92
38390,48.29,47.31,48.97
38400,48.28,47.19,49.02
38410,48.27,47.26,49.08
38420,48.26,47.22,49.13
38430,48.26,47.14,49.19
38440,48.26,47.31,49.25
38450,48.27,47.05,49.31
38460,48.26,47.42,49.37
38470,48.26,47.20,49.43
38480,48.27,47.24,49.50
38490,48.29,47.05,49.56
38500,48.29,47.38,49.63
38510,48.30,47.25,49.70
38520,48.31,47.29,49.77
38530,48.32,47.42,49.85
38540,48.34,47.22,49.92
38550,48.34,47.56,50.00
38560,48.36,47.37,50.07
38570,48.36,47.67,50.15
38580,48.38,47.60,50.23
38590,48.38,47.69,50.32
38600,48.39,47.73,50.40
38610,48.40,47.77,50.48
38620,48.42,47.83,50.57
38630,48.42,47.94,50.66
38640,48.43,48.00,50.75
38650,48.45,47.79,50.84
38660,48.46,48.22,50.93
38670,48.47,48.11,51.02
38680,48.48,48.22,51.12
38690,48.50,48.01,51.21
38700,48.51,48.37,51.31
38710,48.53,48.25,51.41
38720,48.54,48.41,51.51
38730,48.56,48.43,51.61
38740,48.58,48.45,51.71
38750,48.60,48.46,51.82
38760,48.62,48.44,51.92
38770,48.64,48.62,52.03
38780,48.67,48.63,52.14
38790,48.69,48.81,52.24
38800,48.71,48.80,52.35
38810,48.73,48.97,52.46
38820,48.76,48.74,52.58
38830,48.79,48.81,52.69
38840,48.83,48.80,52.80
38850,48.86,49.03,52.92
38860,48.90,48.93,53.03
38870,48.94,48.99,53.15
38880,48.98,48.91,53.27
38890,49.02,49.19,53.39
38900,49.06,49.05,53.51
38910,49.11,49.15,53.63
38920,49.15,49.31,53.75
38930,49.21,49.05,53.87
38940,49.26,49.33,54.00
38950,49.32,49.08,54.12
38960,49.37,49.43,54.25
38970,49.44,49.08,54.37
38980,49.49,49.43,54.50
38990,49.57,49.13,54.63
39000,49.62,49.60,54.75
39010,49.70,49.25,54.88
39020,49.76,49.59,55.01
39030,49.83,49.46,55.14
39040,49.91,49.52,55.27
39050,49.99,49.46,55.41
39060,50.07,49.48,55.54
39070,50.14,49.70,55.67
39080,50.23,49.48,55.80
39090,50.31,49.64,55.94
39100,50.41,49.50,56.07
39110,50.49,49.82,56.21
39120,50.58,49.66,56.34
39130,50.67,49.76,56.48
39140,50.76,49.72,56.61
39150,50.87,49.60,56.75
39160,50.96,49.91,56.89
39170,51.07,49.64,57.02
39180,51.17,49.90,57.16
39190,51.28,49.77,57.30
39200,51.38,49.92,57.44
39210,51.49,49.92,57.58
39220,51.60,49.84,57.72
39230,51.70,50.03,57.85
39240,51.83,49.74,57.99
39250,51.95,49.90,58.13
39260,52.07,49.80,58.27
39270,52.19,49.90,58.41
39280,52.31,50.10,58.55
39290,52.44,49.79,58.69
39300,52.57,50.07,58.83
39310,52.70,50.01,58.97
39320,52.83,49.94,59.11
39330,52.96,50.00,59.25
39340,53.10,49.91,59.39
39350,53.24,50.00,59.53
39360,53.38,49.98,59.67
39370,53.52,49.96,59.81
39380,53.66,50.05,59.95
39390,53.81,49.91,60.09
39400,53.96,49.99,60.23
39410,54.11,50.02,60.37
39420,54.26,49.88,60.51
39430,54.41,50.17,60.64
39440,54.56,50.04,60.78
39450,54.71,50.02,60.92
39460,54.87,49.99,61.06
39470,55.03,49.96,61.20
39480,55.18,50.24,61.33
39490,55.35,49.82,61.47
39500,55.50,50.26,61.61
39510,55.67,49.91,61.74
39520,55.83,50.00,61.88
39530,55.99,50.23,62.01
39540,56.15,50.14,62.15
39550,56.31,50.19,62.28
39560,56.47,50.13,62.42
39570,56.62,50.35,62.55
39580,56.78,50.27,62.68
39590,56.95,50.20,62.81
39600,57.09,50.65,62.94
39610,57.26,50.21,63.08
39620,57.40,50.58,63.21
39630,57.56,50.56,63.34
39640,57.71,50.51,63.46
39650,57.86,50.68,63.59
39660,58.01,50.70,63.72
39670,58.16,50.55,63.85
39680,58.30,51.00,63.97
39690,58.45,50.59,64.10
39700,58.59,51.01,64.22
39710,58.73,50.97,64.35
39720,58.88,50.78,64.47
39730,59.02,51.10,64.59
39740,59.17,50.90,64.71
39750,59.31,51.01,64.83
39760,59.45,51.17,64.95
39770,59.58,51.19,65.07
39780,59.73,51.00,65.19
39790,59.86,51.34,65.30
39800,60.00,51.24,65.42
39810,60.15,51.06,65.53
39820,60.28,51.38,65.65
39830,60.42,51.38,65.76
39840,60.57,51.12,65.87
39850,60.69,51.56,65.98
39860,60.83,51.34,66.09
39870,60.98,51.21,66.20
39880,61.11,51.50,66.31
39890,61.24,51.57,66.42
39900,61.39,51.23,66.52
39910,61.52,51.55,66.62
39920,61.65,51.73,66.73
39930,61.79,51.36,66.83
39940,61.93,51.54,66.93
39950,62.05,51.70,67.03
39960,62.19,51.47,67.13
39970,62.34,51.43,67.23
39980,62.47,51.71,67.32
39990,62.60,51.66,67.42
40000,62.75,51.37,67.51
40010,62.88,51.68,67.60
40020,63.00,51.77,67.69
40030,63.15,51.40,67.78
40040,63.28,51.66,67.87
40050,63.41,51.86,67.96
40060,63.54,51.70,68.04
40070,63.68,51.46,68.13
40080,63.81,51.80,68.21
40090,63.93,51.92,68.29
40100,64.07,51.57,68.37
40110,64.20,51.66,68.45
40120,64.32,52.00,68.53
40130,64.46,51.63,68.61
40140,64.59,51.55,68.68
40150,64.72,51.78,68.76
40160,64.85,51.84,68.83
40170,64.98,51.68,68.90
40180,65.11,51.70,68.97
40190,65.23,51.88,69.04
40200,65.35,51.86,69.10
40210,65.48,51.69,69.17
40220,65.60,51.90,69.23
40230,65.71,51.99,69.30
40240,65.84,51.64,69.36
40250,65.97,51.66,69.42
40260,66.08,52.09,69.47
40270,66.19,51.89,69.53
40280,66.32,51.66,69.59
40290,66.44,51.83,69.64
40300,66.54,52.00,69.69
40310,66.66,51.78,69.74
40320,66.78,51.75,69.79
40330,66.89,51.97,69.84
40340,67.00,51.90,69.89
40350,67.12,51.64,69.93
40360,67.24,51.75,69.98
40370,67.33,52.07,70.02
40380,67.44,51.91,70.06
40390,67.55,51.71,70.10
40400,67.65,51.93,70.14
40410,67.75,52.04,70.17
40420,67.86,51.63,70.21
40430,67.97,51.75,70.24
40440,68.06,52.10,70.27
40450,68.16,51.90,70.30
40460,68.26,51.69,70.33
40470,68.36,51.90,70.36
40480,68.45,51.99,70.39
40490,68.54,51.84,70.41
40500,68.64,51.76,70.43
40510,68.73,51.96,70.45
40520,68.81,52.05,70.47
40530,68.90,51.75,70.49
40540,68.99,51.79,70.51
40550,69.08,51.82,70.53
40560,69.15,52.11,70.54
40570,69.23,51.96,70.55
40580,69.31,51.75,70.57
40590,69.38,52.06,70.58
40600,69.47,51.67,70.58
40610,69.55,51.88,70.59
40620,69.61,52.13,70.60
40630,69.67,52.00,70.60
40640,69.75,51.75,70.61
40650,69.81,52.08,70.61
40660,69.86,52.15,70.61
40670,69.93,51.86,70.61
40680,70.00,51.84,70.61
40690,70.05,52.11,70.60
40700,70.10,52.15,70.60
40710,70.16,51.84,70.59
40720,70.22,51.83,70.58
40730,70.27,52.03,70.57
40740,70.31,52.08,70.56
40750,70.37,51.90,70.55
40760,70.41,51.97,70.54
40770,70.45,52.11,70.53
40780,70.50,51.91,70.51
40790,70.55,51.68,70.49
40800,70.59,52.12,70.48
40810,70.61,52.35,70.46
40820,70.65,51.84,70.44
40830,70.70,51.76,70.42
40840,70.72,52.19,70.39
40850,70.74,52.22,70.37
40860,70.77,51.93,70.34
40870,70.80,51.92,70.32
40880,70.82,52.21,70.29
40890,70.84,52.02,70.26
40900,70.87,51.81,70.23
40910,70.89,52.08,70.20
40920,70.90,52.17,70.17
40930,70.92,52.00,70.14
40940,70.94,51.81,70.10
40950,70.95,52.00,70.07
40960,70.95,52.31,70.03
40970,70.96,51.96,70.00
40980,70.99,51.66,69.96
40990,71.00,51.97,69.92
41000,70.99,52.23,69.88
41010,71.00,51.93,69.84
41020,71.01,51.78,69.80
41030,71.01,52.05,69.75
41040,71.01,51.97,69.71
41050,71.02,51.66,69.67
41060,71.02,51.98,69.62
41070,71.00,52.17,69.57
41080,71.00,51.86,69.53
41090,71.01,51.67,69.48
41100,71.00,51.82,69.43
41110,70.99,51.95,69.38
41120,70.98,51.85,69.33
41130,70.98,51.68,69.28
41140,70.97,51.83,69.23
41150,70.96,51.81,69.17
41160,70.96,51.60,69.12
41170,70.95,51.70,69.07
41180,70.93,51.75,69.01
41190,70.93,51.53,68.96
41200,70.92,51.38,68.90
41210,70.90,51.75,68.84
41220,70.88,51.73,68.79
41230,70.88,51.25,68.73
41240,70.87,51.42,68.67
41250,70.85,51.62,68.61
41260,70.84,51.34,68.55
41270,70.83,51.19,68.49
41280,70.82,51.38,68.43
41290,70.79,51.54,68.37
41300,70.78,51.09,68.31
41310,70.78,51.04,68.25
41320,70.75,51.39,68.18
41330,70.74,51.11,68.12
41340,70.73,50.87,68.06
41350,70.71,51.14,67.99
41360,70.70,51.05,67.93
41370,70.68,50.88,67.87
41380,70.67,50.90,67.80
41390,70.64,51.17,67.74
41400,70.62,50.88,67.67
41410,70.61,50.68,67.61
41420,70.58,51.06,67.54
41430,70.56,50.68,67.47
41440,70.55,50.52,67.41
41450,70.52,50.81,67.34
41460,70.49,50.82,67.28
41470,70.48,50.48,67.21
41480,70.45,50.66,67.14
41490,70.42,50.76,67.07
41500,70.41,50.28,67.01
41510,70.37,50.79,66.94
41520,70.34,50.54,66.87
41530,70.32,50.13,66.81
41540,70.28,50.85,66.74
41550,70.25,50.32,66.67
41560,70.23,50.23,66.60
41570,70.20,50.25,66.54
41580,70.15,50.65,66.47
41590,70.12,50.28,66.40
41600,70.08,50.42,66.33
41610,70.04,50.32,66.27
41620,69.99,50.57,66.20
41630,69.94,50.38,66.13
41640,69.90,50.27,66.07
41650,69.84,50.65,66.00
41660,69.80,50.08,65.93
41670,69.75,50.44,65.87
41680,69.69,50.55,65.80
41690,69.64,50.18,65.73
41700,69.57,50.67,65.67
41710,69.52,50.24,65.60
41720,69.46,50.36,65.54
41730,69.40,50.36,65.47
41740,69.34,50.41,65.41
41750,69.29,50.13,65.34
41760,69.21,50.51,65.28
41770,69.14,50.47,65.21
41780,69.09,50.13,65.15
41790,69.01,50.63,65.09
41800,68.95,50.14,65.02
41810,68.88,50.33,64.96
41820,68.80,50.58,64.90
41830,68.73,50.25,64.84
41840,68.65,50.43,64.78
41850,68.58,50.43,64.72
41860,68.50,50.36,64.66
41870,68.43,50.38,64.60
41880,68.35,50.38,64.54
41890,68.27,50.33,64.48
41900,68.19,50.40,64.42
41910,68.10,50.67,64.36
41920,68.03,50.17,64.30
41930,67.95,50.41,64.25
41940,67.86,50.60,64.19
41950,67.79,50.15,64.13
41960,67.70,50.55,64.08
41970,67.62,50.31,64.02
41980,67.54,50.21,63.97
41990,67.46,50.41,63.91
42000,67.38,50.34,63.86
42010,67.30,50.25,63.81
42020,67.22,50.39,63.76
42030,67.13,50.41,63.71
42040,67.06,50.15,63.65
42050,66.96,50.56,63.60
42060,66.88,50.38,63.55
42070,66.81,50.15,63.51
42080,66.71,50.65,63.46
42090,66.63,50.21,63.41
42100,66.55,50.37,63.36
42110,66.45,50.57,63.32
42120,66.38,50.13,63.27
42130,66.30,50.37,63.23
42140,66.21,50.35,63.18
42150,66.13,50.33,63.14
42160,66.06,50.20,63.09
42170,65.96,50.58,63.05
42180,65.89,50.15,63.01
42190,65.81,50.31,62.97
42200,65.72,50.47,62.93
42210,65.65,50.08,62.89
42220,65.57,50.46,62.85
42230,65.49,50.31,62.81
42240,65.41,50.21,62.78
42250,65.33,50.35,62.74
42260,65.25,50.31,62.70
42270,65.19,50.11,62.67
42280,65.11,50.36,62.63
42290,65.03,50.29,62.60
42300,64.96,50.16,62.57
42310,64.87,50.61,62.53
42320,64.80,50.11,62.50
42330,64.72,50.42,62.47
42340,64.64,50.39,62.44
42350,64.58,50.17,62.41
42360,64.50,50.40,62.38
42370,64.42,50.36,62.35
42380,64.35,50.26,62.32
42390,64.28,50.31,62.30
42400,64.20,50.49,62.27
42410,64.14,50.11,62.25
42420,64.06,50.42,62.22
42430,63.99,50.38,62.20
42440,63.93,50.20,62.17
42450,63.85,50.49,62.15
42460,63.79,50.30,62.13
42470,63.73,50.23,62.11
42480,63.66,50.37,62.08
42490,63.59,50.34,62.06
42500,63.53,50.33,62.04
42510,63.46,50.43,62.02
42520,63.41,50.03,62.01
42530,63.36,50.10,61.99
42540,63.30,50.23,61.97
42550,63.26,49.90,61.95
42560,63.21,50.06,61.94
42570,63.16,50.19,61.92
42580,63.11,50.06,61.91
42590,63.07,49.90,61.89
42600,63.04,49.87,61.88
42610,62.99,50.10,61.87
42620,62.95,50.05,61.85
42630,62.91,49.95,61.84
42640,62.85,50.31,61.83
42650,62.82,49.80,61.82
42660,62.77,50.13,61.81
42670,62.73,50.08,61.80
42680,62.69,49.98,61.79
42690,62.65,50.08,61.78
42700,62.61,50.08,61.77
42710,62.58,49.80,61.76
42720,62.54,50.19,61.75
42730,62.51,49.77,61.75
42740,62.48,50.06,61.74
42750,62.45,49.93,61.73
42760,62.42,49.80,61.73
42770,62.39,50.02,61.72
42780,62.36,49.88,61.71
42790,62.34,49.80,61.71
42800,62.30,50.14,61.70
42810,62.28,49.60,61.70
42820,62.25,50.02,61.70
42830,62.22,49.94,61.69
42840,62.21,49.72,61.69
42850,62.18,49.95,61.69
42860,62.16,49.84,61.68
42870,62.14,49.82,61.68
42880,62.11,49.98,61.68
42890,62.10,49.67,61.67
42900,62.07,50.04,61.67
42910,62.04,49.92,61.67
42920,62.03,49.67,61.67
42930,62.00,50.11,61.67
42940,61.99,49.70,61.67
42950,61.97,49.84,61.66
42960,61.95,49.81,61.66
42970,61.94,49.82,61.66
42980,61.92,49.87,61.66
42990,61.90,49.88,61.66
43000,61.89,49.75,61.66
43010,61.86,50.04,61.66
43020,61.86,49.66,61.66
43030,61.83,49.96,61.66
43040,61.82,49.88,61.66
43050,61.81,49.70,61.66
43060,61.79,49.90,61.65
43070,61.78,49.79,61.65
43080,61.77,49.75,61.65
43090,61.76,49.84,61.65
43100,61.75,49.70,61.65
43110,61.74,49.91,61.65
43120,61.73,49.69,61.65
43130,61.72,49.75,61.65
43140,61.70,49.96,61.65
43150,61.71,49.57,61.64
43160,61.69,49.88,61.64
43170,61.69,49.71,61.64
43180,61.68,49.71,61.64
43190,61.66,50.02,61.64
43200,61.66,49.64,61.63
43210,61.65,49.79,61.63
43220,61.64,49.78,61.63
43230,61.64,49.69,61.62
43240,61.63,49.91,61.62
43250,61.62,49.76,61.62
43260,61.61,49.73,61.61
43270,61.61,49.70,61.61
43280,61.61,49.53,61.60
43290,61.61,49.81,61.60
43300,61.61,49.44,61.59
43310,61.61,49.73,61.59
43320,61.60,49.70,61.58
43330,61.61,49.50,61.57
43340,61.60,49.75,61.57
43350,61.61,49.50,61.56
43360,61.61,49.56,61.55
43370,61.61,49.56,61.54
43380,61.62,49.42,61.53
43390,61.61,49.74,61.53
43400,61.62,49.42,61.52
43410,61.61,49.73,61.51
43420,61.60,49.70,61.49
43430,61.60,49.52,61.48
43440,61.59,49.84,61.47
43450,61.59,49.52,61.46
43460,61.59,49.64,61.45
43470,61.59,49.51,61.43
43480,61.59,49.48,61.42
43490,61.58,49.69,61.41
43500,61.58,49.48,61.39
43510,61.57,49.79,61.38
43520,61.57,49.56,61.36
43530,61.56,49.56,61.34
43540,61.55,49.67,61.33
43550,61.55,49.44,61.31
43560,61.55,49.62,61.29
43570,61.55,49.44,61.27
43580,61.54,49.50,61.25
43590,61.53,49.63,61.23
43600,61.53,49.52,61.21
43610,61.52,49.49,61.19
43620,61.52,49.53,61.17
43630,61.50,49.63,61.14
43640,61.50,49.39,61.12
43650,61.50,49.48,61.10
43660,61.50,49.35,61.07
43670,61.50,49.34,61.05
43680,61.49,49.39,61.02
43690,61.50,49.18,60.99
43700,61.49,49.46,60.97
43710,61.49,49.21,60.94
43720,61.49,49.25,60.91
43730,61.49,49.20,60.88
43740,61.49,49.09,60.85
43750,61.49,49.30,60.82
43760,61.49,49.07,60.79
43770,61.48,49.22,60.76
43780,61.49,49.08,60.73
43790,61.49,49.00,60.69
43800,61.49,49.08,60.66
43810,61.49,49.00,60.62
43820,61.48,49.24,60.59
43830,61.48,48.83,60.55
43840,61.48,49.05,60.52
43850,61.48,48.92,60.48
43860,61.48,48.84,60.44
43870,61.47,49.08,60.41
43880,61.47,48.78,60.37
43890,61.47,48.86,60.33
43900,61.48,48.70,60.29
43910,61.46,49.02,60.25
43920,61.46,48.75,60.21
43930,61.45,48.81,60.17
43940,61.45,48.73,60.12
43950,61.45,48.66,60.08
43960,61.44,48.85,60.04
43970,61.44,48.52,59.99
43980,61.43,48.69,59.95
43990,61.43,48.46,59.90
44000,61.42,48.64,59.86
44010,61.42,48.44,59.81
44020,61.42,48.54,59.77
44030,61.41,48.54,59.72
44040,61.40,48.50,59.67
44050,61.39,48.45,59.63
44060,61.39,48.20,59.58
44070,61.38,48.52,59.53
44080,61.37,48.32,59.48
44090,61.36,48.47,59.43
44100,61.35,48.19,59.38
44110,61.34,48.36,59.33
44120,61.33,48.30,59.28
44130,61.31,48.24,59.23
44140,61.31,48.09,59.18
44150,61.29,48.22,59.13
44160,61.28,48.06,59.08
44170,61.27,48.24,59.03
44180,61.25,48.07,58.97
44190,61.24,48.06,58.92
44200,61.22,48.11,58.87
44210,61.21,47.96,58.82
44220,61.18,48.19,58.76
44230,61.17,47.90,58.71
44240,61.15,47.97,58.66
44250,61.13,47.89,58.60
44260,61.11,48.12,58.55
44270,61.09,47.89,58.50
44280,61.06,48.02,58.44
44290,61.04,47.85,58.39
44300,61.00,48.08,58.34
44310,60.98,47.88,58.28
44320,60.93,48.21,58.23
44330,60.90,47.95,58.18
44340,60.86,48.20,58.12
44350,60.82,48.01,58.07
44360,60.77,48.14,58.02
44370,60.74,47.89,57.97
44380,60.69,48.09,57.91
44390,60.65,47.98,57.86
44400,60.60,48.27,57.81
44410,60.56,47.93,57.76
44420,60.50,48.24,57.71
44430,60.45,48.02,57.65
44440,60.39,48.41,57.60
44450,60.33,48.09,57.55
44460,60.27,48.42,57.50
44470,60.21,48.11,57.45
44480,60.14,48.39,57.40
44490,60.08,48.26,57.35
44500,60.01,48.49,57.30
44510,59.94,48.30,57.26
44520,59.86,48.61,57.21
44530,59.79,48.43,57.16
44540,59.71,48.66,57.12
44550,59.64,48.38,57.07
44560,59.56,48.64,57.02
44570,59.49,48.37,56.98
44580,59.41,48.64,56.94
44590,59.32,48.70,56.89
44600,59.25,48.47,56.85
44610,59.17,48.70,56.81
44620,59.08,48.78,56.77
44630,59.00,48.62,56.73
44640,58.91,48.87,56.69
44650,58.83,48.65,56.65
44660,58.74,48.92,56.61
44670,58.67,48.53,56.58
44680,58.58,48.87,56.54
44690,58.50,48.66,56.51
44700,58.41,48.89,56.47
44710,58.34,48.71,56.44
44720,58.25,48.88,56.41
44730,58.17,48.85,56.38
44740,58.09,48.78,56.35
44750,58.00,48.96,56.32
44760,57.92,48.83,56.30
44770,57.84,48.98,56.27
44780,57.77,48.67,56.25
44790,57.68,49.01,56.22
44800,57.61,48.80,56.20
44810,57.53,48.95,56.18
44820,57.45,48.94,56.16
44830,57.38,48.84,56.14
44840,57.30,49.02,56.13
44850,57.23,48.80,56.11
44860,57.15,49.08,56.10
44870,57.09,48.85,56.08
44880,57.01,49.02,56.07
44890,56.94,48.94,56.06
44900,56.88,48.91,56.06
44910,56.81,49.04,56.05
44920,56.75,48.88,56.04
44930,56.68,49.11,56.04
44940,56.61,48.96,56.04
44950,56.55,49.09,56.04
44960,56.49,48.85,56.04
44970,56.43,49.04,56.04
44980,56.37,49.05,56.05
44990,56.32,48.88,56.06
45000,56.26,49.13,56.06
45010,56.21,48.95,56.07
45020,56.15,49.19,56.09
45030,56.11,48.98,56.10
45040,56.05,49.12,56.12
45050,56.00,49.11,56.13
45060,55.96,49.09,56.15
45070,55.90,49.26,56.17
45080,55.87,48.89,56.20
45090,55.82,49.24,56.22
45100,55.78,49.10,56.25
45110,55.73,49.36,56.28
45120,55.70,49.12,56.31
45130,55.67,49.14,56.34
45140,55.62,49.34,56.37
45150,55.59,49.14,56.41
45160,55.56,49.35,56.45
45170,55.53,49.07,56.49
45180,55.50,49.27,56.53
45190,55.48,49.15,56.58
45200,55.45,49.40,56.62
45210,55.43,49.22,56.67
45220,55.43,49.01,56.72
45230,55.40,49.39,56.78
45240,55.40,49.07,56.83
45250,55.38,49.32,56.89
45260,55.38,49.20,56.95
45270,55.37,49.24,57.01
45280,55.36,49.32,57.07
45290,55.37,49.09,57.14
45300,55.37,49.24,57.20
45310,55.38,49.09,57.27
45320,55.39,49.28,57.34
45330,55.40,49.12,57.42
45340,55.41,49.20,57.49
45350,55.43,49.24,57.57
45360,55.45,49.18,57.65
45370,55.45,49.56,57.73
45380,55.47,49.24,57.82
45390,55.48,49.55,57.91
45400,55.49,49.49,57.99
45410,55.52,49.39,58.08
45420,55.53,49.64,58.18
45430,55.56,49.38,58.27
45440,55.58,49.70,58.37
45450,55.60,49.63,58.47
45460,55.62,49.69,58.57
45470,55.65,49.80,58.67
45480,55.67,49.80,58.78
45490,55.69,49.97,58.89
45500,55.71,49.97,59.00
45510,55.74,50.06,59.11
45520,55.76,50.14,59.22
45530,55.79,50.15,59.34
45540,55.81,50.32,59.45
45550,55.83,50.39,59.57
45560,55.85,50.45,59.70
45570,55.88,50.40,59.82
45580,55.91,50.51,59.94
45590,55.94,50.51,60.07
45600,55.97,50.56,60.20
45610,56.02,50.39,60.33
45620,56.06,50.56,60.47
45630,56.10,50.63,60.60
45640,56.14,50.84,60.74
45650,56.20,50.51,60.88
45660,56.23,50.99,61.02
45670,56.29,50.72,61.16
45680,56.35,50.76,61.30
45690,56.40,51.02,61.45
45700,56.45,50.94,61.60
45710,56.51,51.01,61.75
45720,56.57,51.01,61.90
45730,56.63,51.12,62.05
45740,56.71,50.86,62.20
45750,56.77,51.26,62.36
45760,56.85,51.14,62.52
45770,56.94,50.89,62.68
45780,57.01,51.35,62.84
45790,57.10,51.08,63.00
45800,57.20,50.87,63.16
45810,57.27,51.51,63.32
45820,57.37,51.07,63.49
45830,57.48,51.00,63.66
45840,57.57,51.48,63.82
45850,57.67,51.34,63.99
45860,57.79,51.00,64.17
45870,57.89,51.56,64.34
45880,57.99,51.47,64.51
45890,58.13,50.94,64.68
45900,58.24,51.47,64.86
45910,58.35,51.55,65.04
45920,58.49,51.12,65.21
45930,58.62,51.46,65.39
45940,58.73,51.72,65.57
45950,58.87,51.23,65.75
45960,59.02,51.28,65.93
45970,59.14,51.85,66.11
45980,59.28,51.50,66.29
45990,59.44,51.22,66.48
46000,59.57,51.75,66.66
46010,59.71,51.71,66.84
46020,59.87,51.39,67.03
46030,60.03,51.54,67.21
46040,60.16,52.00,67.40
46050,60.32,51.70,67.58
46060,60.49,51.36,67.77
46070,60.64,51.88,67.96
46080,60.80,51.85,68.14
46090,60.98,51.57,68.33
46100,61.14,51.81,68.52
46110,61.29,52.12,68.70
46120,61.46,51.90,68.89
46130,61.64,51.75,69.08
46140,61.80,52.02,69.26
46150,61.97,52.09,69.45
46160,62.15,51.82,69.64
46170,62.32,52.02,69.82
46180,62.49,52.21,70.01
46190,62.67,52.06,70.19
46200,62.85,52.02,70.38
46210,63.03,52.16,70.56
46220,63.21,52.24,70.75
46230,63.39,52.24,70.93
46240,63.57,52.22,71.11
46250,63.76,52.28,71.30
46260,63.95,52.13,71.48
46270,64.14,52.29,71.66
46280,64.31,52.59,71.84
46290,64.50,52.27,72.02
46300,64.72,51.92,72.20
46310,64.91,52.36,72.37
46320,65.08,52.76,72.55
46330,65.27,52.52,72.72
46340,65.47,52.25,72.90
46350,65.67,52.42,73.07
46360,65.86,52.59,73.24
46370,66.07,52.31,73.41
46380,66.27,52.46,73.58
46390,66.45,52.81,73.74
46400,66.64,52.83,73.91
46410,66.84,52.50,74.07
46420,67.04,52.59,74.23
46430,67.22,52.98,74.39
46440,67.39,53.22,74.55
46450,67.58,53.00,74.71
46460,67.77,52.92,74.86
46470,67.95,53.07,75.01
46480,68.13,53.11,75.17
46490,68.32,52.95,75.31
46500,68.51,53.08,75.46
46510,68.68,53.35,75.60
46520,68.86,53.32,75.74
46530,69.04,53.24,75.88
46540,69.23,53.18,76.02
46550,69.41,53.35,76.15
46560,69.58,53.49,76.29
46570,69.76,53.31,76.42
46580,69.95,53.15,76.54
46590,70.14,53.27,76.67
46600,70.32,53.37,76.79
46610,70.49,53.65,76.91
46620,70.66,53.58,77.02
46630,70.84,53.31,77.13
46640,71.01,53.61,77.24
46650,71.18,53.61,77.35
46660,71.37,53.32,77.45
46670,71.56,53.08,77.55
46680,71.75,53.37,77.65
46690,71.91,53.64,77.75
46700,72.09,53.45,77.84
46710,72.28,53.20,77.92
46720,72.47,53.12,78.01
46730,72.65,53.28,78.09
46740,72.82,53.45,78.17
46750,73.00,53.37,78.24
46760,73.19,52.95,78.31
46770,73.38,53.06,78.38
46780,73.55,53.28,78.44
46790,73.72,53.36,78.50
46800,73.90,53.10,78.55
46810,74.09,52.87,78.60
46820,74.27,52.93,78.65
46830,74.44,53.14,78.70
46840,74.61,53.11,78.73
46850,74.78,53.02,78.77
46860,74.96,52.74,78.80
46870,75.15,52.65,78.83
46880,75.31,52.95,78.85
46890,75.47,52.95,78.87
46900,75.65,52.59,78.89
46910,75.83,52.47,78.90
46920,75.99,52.78,78.90
46930,76.15,52.81,78.91
46940,76.31,52.51,78.90
46950,76.49,52.25,78.90
46960,76.65,52.29,78.89
46970,76.80,52.59,78.87
46980,76.95,52.59,78.85
46990,77.11,52.09,78.83
47000,77.27,52.14,78.80
47010,77.41,52.48,78.76
47020,77.54,52.49,78.73
47030,77.69,52.05,78.68
47040,77.84,51.92,78.64
47050,77.96,52.27,78.58
47060,78.09,52.25,78.53
47070,78.23,51.83,78.47
47080,78.35,51.94,78.40
47090,78.47,52.11,78.33
47100,78.58,52.03,78.25
47110,78.70,51.71,78.17
47120,78.81,51.78,78.09
47130,78.90,52.11,78.00
47140,79.00,51.78,77.90
47150,79.11,51.59,77.80
47160,79.19,51.83,77.70
47170,79.27,51.96,77.59
47180,79.35,51.72,77.47
47190,79.43,51.46,77.35
47200,79.50,51.68,77.23
47210,79.56,51.81,77.10
47220,79.62,51.46,76.97
47230,79.68,51.54,76.83
47240,79.72,51.79,76.68
47250,79.77,51.45,76.53
47260,79.82,51.14,76.38
47270,79.85,51.46,76.22
47280,79.88,51.53,76.06
47290,79.91,51.28,75.89
47300,79.94,51.10,75.71
47310,79.94,51.45,75.54
47320,79.95,51.29,75.35
47330,79.97,50.91,75.16
47340,79.96,51.24,74.97
47350,79.95,51.35,74.77
47360,79.95,50.85,74.57
47370,79.93,50.92,74.36
47380,79.91,51.13,74.15
47390,79.89,50.76,73.93
47400,79.86,50.70,73.71
47410,79.83,50.82,73.48
47420,79.79,50.68,73.25
47430,79.77,50.28,73.02
47440,79.71,50.63,72.77
47450,79.66,50.51,72.53
47460,79.62,50.12,72.28
47470,79.56,50.31,72.02
47480,79.50,50.11,71.76
47490,79.46,49.62,71.50
47500,79.39,50.11,71.23
47510,79.33,49.60,70.96
47520,79.26,49.50,70.68
47530,79.19,49.59,70.40
47540,79.11,49.38,70.11
47550,79.04,49.17,69.82
47560,78.95,49.35,69.53
47570,78.86,49.06,69.23
47580,78.77,49.11,68.92
47590,78.66,49.09,68.62
47600,78.56,48.82,68.30
47610,78.44,49.01,67.99
47620,78.33,48.66,67.67
47630,78.21,48.54,67.34
47640,78.07,48.83,67.02
47650,77.94,48.52,66.68
47660,77.79,48.57,66.35
47670,77.64,48.52,66.01
47680,77.48,48.38,65.67
47690,77.33,48.22,65.32
47700,77.16,48.34,64.97
47710,76.99,48.11,64.61
47720,76.80,48.24,64.26
47730,76.63,47.78,63.90
47740,76.43,48.23,63.53
47750,76.24,47.80,63.16
47760,76.03,47.87,62.79
47770,75.83,47.63,62.42
47780,75.61,47.80,62.04
47790,75.39,47.68,61.66
47800,75.16,47.59,61.28
47810,74.93,47.56,60.89
47820,74.69,47.44,60.50
47830,74.44,47.50,60.11
47840,74.19,47.46,59.72
47850,73.92,47.46,59.32
47860,73.66,47.23,58.92
47870,73.39,47.24,58.52
47880,73.12,47.07,58.11
47890,72.84,47.10,57.71
47900,72.55,47.02,57.30
47910,72.26,47.08,56.89
47920,71.95,47.05,56.47
47930,71.65,46.87,56.06
47940,71.33,46.99,55.64
47950,71.01,46.79,55.22
47960,70.69,46.83,54.80
47970,70.36,46.65,54.38
47980,70.02,46.86,53.95
47990,69.69,46.49,53.53
48000,69.34,46.66,53.10
48010,68.99,46.40,52.67
48020,68.64,46.47,52.25
48030,68.28,46.47,51.81
48040,67.91,46.42,51.38
48050,67.54,46.39,50.95
48060,67.17,46.19,50.52
48070,66.78,46.38,50.08
48080,66.40,46.03,49.65
48090,66.01,46.33,49.21
48100,65.62,46.05,48.78
48110,65.22,46.04,48.34
48120,64.82,46.00,47.91
48130,64.42,45.76,47.47
48140,64.01,45.93,47.03
48150,63.61,45.63,46.60
48160,63.19,45.67,46.16
48170,62.77,45.85,45.72
48180,62.35,45.61,45.29
48190,61.92,45.67,44.85
48200,61.49,45.48,44.42
48210,61.07,45.39,43.98
48220,60.63,45.48,43.55
48230,60.20,45.25,43.11
48240,59.76,45.29,42.68
48250,59.31,45.28,42.25
48260,58.87,45.17,41.82
48270,58.42,45.27,41.39
48280,57.97,45.10,40.96
48290,57.51,45.07,40.54
48300,57.05,45.19,40.11
48310,56.59,44.96,39.69
48320,56.13,44.98,39.27
48330,55.66,45.04,38.85
48340,55.19,44.88,38.43
48350,54.73,44.74,38.01
48360,54.25,44.98,37.60
48370,53.79,44.64,37.19
48380,53.31,44.71,36.78
48390,52.84,44.75,36.37
48400,52.36,44.68,35.97
48410,51.89,44.48,35.57
48420,51.41,44.52,35.17
48430,50.92,44.64,34.77
48440,50.45,44.38,34.38
48450,49.97,44.41,33.99
48460,49.48,44.49,33.60
48470,49.01,44.23,33.21
48480,48.52,44.33,32.83
48490,48.05,44.19,32.45
48500,47.56,44.24,32.08
48510,47.09,44.00,31.71
48520,46.60,44.26,31.34
48530,46.12,44.18,30.98
48540,45.65,43.87,30.62
48550,45.17,43.86,30.26
48560,44.69,44.04,29.91
48570,44.22,43.73,29.57
48580,43.76,43.62,29.22
48590,43.29,43.72,28.88
48600,42.81,43.78,28.55
48610,42.36,43.38,28.22
48620,41.91,43.28,27.89
48630,41.44,43.51,27.57
48640,40.99,43.34,27.26
48650,40.54,43.14,26.94
48660,40.09,43.17,26.64
48670,39.64,43.27,26.34
48680,39.20,43.00,26.04
48690,38.77,42.80,25.75
48700,38.34,42.87,25.46
48710,37.89,43.21,25.18
48720,37.46,42.82,24.91
48730,37.05,42.49,24.64
48740,36.63,42.53,24.37
48750,36.21,42.73,24.12
48760,35.80,42.43,23.86
48770,35.40,42.26,23.62
48780,35.01,42.09,23.37
48790,34.61,42.28,23.14
48800,34.21,42.29,22.91
48810,33.83,41.94,22.69
48820,33.46,41.77,22.47
48830,33.09,41.58,22.26
48840,32.72,41.83,22.05
48850,32.35,41.83,21.86
48860,32.00,41.46,21.66
48870,31.66,41.25,21.48
48880,31.33,41.09,21.30
48890,30.99,41.22,21.13
48900,30.66,41.24,20.96
48910,30.33,41.23,20.80
48920,30.01,40.90,20.65
48930,29.71,40.56,20.50
48940,29.43,40.42,20.36
48950,29.13,40.53,20.23
48960,28.85,40.44,20.11
48970,28.56,40.49,19.99
48980,28.30,40.07,19.88
48990,28.05,39.76,19.77
49000,27.81,39.72,19.68
49010,27.57,39.61,19.59
49020,27.34,39.57,19.51
49030,27.12,39.40,19.43
49040,26.89,39.62,19.36
49050,26.66,39.66,19.30
49060,26.43,39.57,19.25
49070,26.22,39.34,19.20
49080,26.02,39.27,19.16
49090,25.84,38.90,19.13
49100,25.66,38.80,19.11
49110,25.50,38.47,19.09
49120,25.35,38.33,19.08
49130,25.20,38.42,19.08
49140,25.07,38.10,19.09
49150,24.94,38.02,19.10
49160,24.82,38.00,19.12
49170,24.71,37.79,19.15
49180,24.60,37.85,19.19
49190,24.50,37.71,19.23
49200,24.40,37.73,19.28
49210,24.30,37.64,19.34
49220,24.20,37.89,19.41
49230,24.10,37.84,19.48
49240,23.99,38.22,19.56
49250,23.88,38.42,19.65
49260,23.76,38.55,19.75
49270,23.63,38.81,19.85
49280,23.53,38.44,19.97
49290,23.45,38.17,20.09
49300,23.37,38.11,20.21
49310,23.32,37.63,20.35
49320,23.29,37.28,20.49
49330,23.28,37.11,20.64
49340,23.28,36.87,20.80
49350,23.27,37.13,20.96
49360,23.26,37.40,21.14
49370,23.21,38.06,21.32
49380,23.17,38.26,21.50
49390,23.10,38.75,21.70
49400,23.05,38.71,21.90
49410,23.01,38.51,22.11
49420,23.00,38.00,22.33
49430,23.04,37.22,22.55
49440,23.07,37.39,22.78
49450,23.11,37.39,23.02
49460,23.13,37.99,23.26
49470,23.13,38.33,23.52
49480,23.12,38.84,23.78
49490,23.10,39.34,24.04
49500,23.08,39.35,24.32
49510,23.08,39.02,24.60
49520,23.13,38.43,24.88
49530,23.19,38.22,25.18
49540,23.26,38.23,25.48
49550,23.32,38.48,25.79
49560,23.37,38.84,26.10
49570,23.40,39.57,26.42
49580,23.40,40.27,26.75
49590,23.41,40.38,27.08
49600,23.42,40.67,27.42
49610,23.44,40.50,27.77
49620,23.50,40.01,28.12
49630,23.57,39.82,28.48
49640,23.66,39.75,28.85
49650,23.77,39.69,29.22
49660,23.86,39.96,29.59
49670,23.97,40.10,29.98
49680,24.06,40.46,30.37
49690,24.14,41.03,30.76
49700,24.24,40.71,31.16
49710,24.34,41.10,31.57
49720,24.44,41.21,31.98
49730,24.53,41.81,32.40
49740,24.59,42.49,32.82
49750,24.66,42.69,33.24
49760,24.72,42.96,33.68
49770,24.81,42.87,34.11
49780,24.89,43.17,34.56
49790,24.98,43.24,35.00
49800,25.09,43.16,35.46
49810,25.21,43.30,35.91
49820,25.34,43.31,36.38
49830,25.48,43.42,36.84
49840,25.61,43.77,37.31
49850,25.74,44.20,37.79
49860,25.85,44.66,38.27
49870,25.98,44.79,38.75
49880,26.12,44.85,39.24
49890,26.27,44.74,39.73
49900,26.44,44.81,40.22
49910,26.60,45.29,40.72
49920,26.75,45.68,41.22
49930,26.91,45.84,41.73
49940,27.08,45.84,42.24
49950,27.28,45.61,42.75
49960,27.48,46.07,43.26
49970,27.66,46.51,43.78
49980,27.87,46.25,44.30
49990,28.09,46.49,44.83
50000,28.29,46.92,45.35
50010,28.53,46.63,45.88
50020,28.77,46.95,46.42
50030,29.00,47.16,46.95
50040,29.25,47.25,47.49
50050,29.51,47.31,48.02
50060,29.77,47.72,48.56
50070,30.05,47.46,49.11
50080,30.33,47.70,49.65
50090,30.63,47.70,50.20
50100,30.93,47.85,50.74
50110,31.23,48.24,51.29
50120,31.56,47.76,51.84
50130,31.88,48.35,52.39
50140,32.22,48.20,52.94
50150,32.56,48.29,53.50
50160,32.91,48.55,54.05
50170,33.27,48.52,54.60
50180,33.64,48.69,55.16
50190,34.02,48.58,55.71
50200,34.40,48.81,56.27
50210,34.80,48.65,56.82
50220,35.20,48.98,57.38
50230,35.62,48.76,57.94
50240,36.04,49.15,58.49
50250,36.47,48.96,59.04
50260,36.91,49.10,59.60
50270,37.36,49.09,60.15
50280,37.80,49.43,60.71
50290,38.27,49.10,61.26
50300,38.73,49.42,61.81
50310,39.21,49.35,62.36
50320,39.68,49.57,62.91
50330,40.17,49.53,63.45
50340,40.66,49.54,64.00
50350,41.16,49.76,64.54
50360,41.66,49.66,65.09
50370,42.17,49.92,65.63
50380,42.69,49.79,66.17
50390,43.20,50.13,66.70
50400,43.72,49.94,67.24
50410,44.25,50.09,67.77
50420,44.78,50.13,68.30
50430,45.32,50.31,68.83
50440,45.85,50.31,69.35
50450,46.40,50.30,69.87
50460,46.94,50.66,70.39
50470,47.49,50.41,70.91
50480,48.04,50.63,71.42
50490,48.61,50.51,71.93
50500,49.17,50.63,72.43
50510,49.73,50.83,72.94
50520,50.30,50.66,73.44
50530,50.87,50.85,73.93
50540,51.45,50.84,74.42
50550,52.02,50.92,74.91
50560,52.60,51.04,75.39
50570,53.18,50.96,75.87
50580,53.77,51.05,76.34
50590,54.35,51.22,76.81
50600,54.93,51.17,77.28
50610,55.52,51.16,77.74
50620,56.10,51.49,78.20
50630,56.70,51.17,78.65
50640,57.27,51.65,79.10
50650,57.85,51.65,79.54
50660,58.43,51.62,79.97
50670,59.01,51.90,80.41
50680,59.59,51.66,80.83
50690,60.17,51.92,81.25
50700,60.75,51.98,81.67
50710,61.32,51.99,82.08
50720,61.91,51.94,82.48
50730,62.48,52.06,82.88
50740,63.05,52.28,83.27
50750,63.63,52.14,83.66
50760,64.21,52.02,84.04
50770,64.79,52.02,84.41
50780,65.38,52.05,84.78
50790,65.95,52.16,85.14
50800,66.53,52.17,85.50
50810,67.11,52.11,85.85
50820,67.67,52.51,86.19
50830,68.23,52.40,86.52
50840,68.80,52.29,86.85
50850,69.35,52.54,87.18
50860,69.90,52.64,87.49
50870,70.46,52.44,87.80
50880,71.02,52.36,88.10
50890,71.57,52.65,88.40
50900,72.10,52.79,88.69
50910,72.65,52.46,88.97
50920,73.20,52.39,89.24
50930,73.73,52.79,89.51
50940,74.24,53.03,89.77
50950,74.77,52.68,90.02
50960,75.30,52.67,90.26
50970,75.80,53.08,90.50
50980,76.31,52.96,90.73
50990,76.82,52.72,90.95
51000,77.33,52.81,91.16
51010,77.81,53.19,91.37
51020,78.28,53.40,91.57
51030,78.76,53.02,91.76
51040,79.25,52.87,91.94
51050,79.71,53.28,92.12
51060,80.16,53.44,92.29
51070,80.62,53.28,92.45
51080,81.08,53.04,92.60
51090,81.53,53.03,92.75
51100,81.97,53.36,92.88
51110,82.39,53.47,93.01
51120,82.83,53.10,93.13
51130,83.26,53.10,93.24
51140,83.68,53.25,93.35
51150,84.08,53.53,93.44
51160,84.47,53.44,93.53
51170,84.88,53.15,93.61
51180,85.29,52.91,93.69
51190,85.68,53.11,93.75
51200,86.05,53.45,93.81
51210,86.42,53.31,93.85
51220,86.80,53.06,93.89
51230,87.17,52.99,93.93
51240,87.53,53.04,93.95
51250,87.87,53.33,93.97
51260,88.20,53.30,93.97
51270,88.55,52.85,93.97
51280,88.89,52.80,93.97
51290,89.21,52.97,93.95
51300,89.52,53.11,93.93
51310,89.82,53.16,93.89
51320,90.13,52.76,93.85
51330,90.45,52.46,93.81
51340,90.74,52.72,93.75
51350,91.01,52.99,93.69
51360,91.29,52.72,93.61
51370,91.57,52.51,93.54
51380,91.85,52.18,93.45
51390,92.11,52.40,93.35
51400,92.36,52.58,93.25
51410,92.60,52.44,93.14
51420,92.85,51.93,93.02
51430,93.10,51.90,92.90
51440,93.32,52.18,92.76
51450,93.53,52.23,92.62
51460,93.75,51.77,92.47
51470,93.98,51.40,92.32
51480,94.17,51.81,92.15
51490,94.35,51.91,91.98
51500,94.55,51.43,91.80
51510,94.74,51.07,91.62
51520,94.92,51.40,91.43
51530,95.07,51.42,91.23
51540,95.23,51.15,91.02
51550,95.40,50.77,90.81
51560,95.55,50.84,90.59
51570,95.68,51.06,90.36
51580,95.81,50.66,90.13
51590,95.94,50.42,89.89
51600,96.05,50.82,89.64
51610,96.14,50.65,89.38
51620,96.26,50.09,89.12
51630,96.34,50.52,88.86
51640,96.40,50.50,88.58
51650,96.48,49.99,88.30
51660,96.54,50.24,88.02
51670,96.58,50.28,87.73
51680,96.63,49.78,87.43
51690,96.65,50.21,87.12
51700,96.66,50.16,86.81
51710,96.68,49.57,86.50
51720,96.67,50.08,86.18
51730,96.66,49.79,85.85
51740,96.64,49.56,85.52
51750,96.62,49.53,85.18
51760,96.57,49.75,84.84
51770,96.54,49.05,84.49
51780,96.50,49.14,84.13
51790,96.44,49.31,83.78
51800,96.37,49.12,83.41
51810,96.30,48.81,83.04
51820,96.21,49.19,82.67
51830,96.12,48.60,82.29
51840,96.01,48.96,81.91
51850,95.90,48.83,81.53
51860,95.78,48.53,81.13
51870,95.64,48.73,80.74
51880,95.52,48.16,80.34
51890,95.37,48.61,79.94
51900,95.22,48.14,79.53
51910,95.06,48.22,79.12
51920,94.88,48.29,78.70
51930,94.70,48.03,78.29
51940,94.50,48.27,77.87
51950,94.31,47.80,77.44
51960,94.09,48.21,77.01
51970,93.88,47.71,76.58
51980,93.64,48.04,76.15
51990,93.41,47.71,75.71
52000,93.16,47.88,75.27
52010,92.90,47.72,74.83
52020,92.63,47.84,74.38
52030,92.35,47.72,73.94
52040,92.07,47.60,73.49
52050,91.77,47.67,73.03
52060,91.47,47.42,72.58
52070,91.16,47.65,72.12
52080,90.83,47.59,71.67
52090,90.49,47.79,71.21
52100,90.15,47.40,70.75
52110,89.80,47.52,70.28
52120,89.45,47.35,69.82
52130,89.07,47.70,69.36
52140,88.69,47.51,68.89
52150,88.30,47.75,68.42
52160,87.90,47.55,67.96
52170,87.49,47.67,67.49
52180,87.08,47.45,67.02
52190,86.66,47.59,66.55
52200,86.23,47.42,66.08
52210,85.79,47.66,65.61
52220,85.34,47.60,65.14
52230,84.89,47.66,64.67
52240,84.42,47.74,64.20
52250,83.94,47.74,63.73
52260,83.46,47.77,63.26
52270,82.98,47.69,62.79
52280,82.48,47.87,62.32
52290,81.98,47.69,61.86
52300,81.46,48.03,61.39
52310,80.95,47.74,60.92
52320,80.42,48.14,60.46
52330,79.89,47.91,59.99
52340,79.34,48.26,59.53
52350,78.80,48.08,59.07
52360,78.23,48.54,58.61
52370,77.67,48.23,58.15
52380,77.09,48.62,57.70
52390,76.51,48.44,57.24
52400,75.92,48.70,56.79
52410,75.34,48.59,56.34
52420,74.73,48.86,55.90
52430,74.14,48.68,55.45
52440,73.53,48.89,55.01
52450,72.92,48.92,54.57
52460,72.30,49.06,54.13
52470,71.68,49.16,53.70
52480,71.05,49.22,53.26
52490,70.42,49.31,52.83
52500,69.79,49.34,52.41
52510,69.16,49.24,51.99
52520,68.53,49.48,51.57
52530,67.89,49.38,51.15
52540,67.25,49.68,50.74
52550,66.61,49.57,50.33
52560,65.96,49.78,49.92
52570,65.32,49.59,49.52
52580,64.67,49.89,49.13
52590,64.02,49.84,48.73
52600,63.37,50.12,48.34
52610,62.73,49.78,47.96
52620,62.08,50.06,47.58
52630,61.44,50.01,47.20
52640,60.79,50.06,46.83
52650,60.16,49.96,46.46
52660,59.52,50.09,46.10
52670,58.88,50.29,45.74
52680,58.25,49.95,45.39
52690,57.62,50.25,45.04
52700,57.00,50.06,44.69
52710,56.38,50.09,44.36
52720,55.76,50.20,44.02
52730,55.16,49.89,43.69
52740,54.56,50.09,43.37
52750,53.97,49.84,43.05
52760,53.39,49.77,42.74
52770,52.81,49.83,42.43
52780,52.24,49.67,42.13
52790,51.67,49.73,41.84
52800,51.12,49.66,41.55
52810,50.57,49.51,41.26
52820,50.03,49.58,40.99
52830,49.49,49.48,40.71
52840,48.96,49.47,40.45
52850,48.43,49.54,40.19
52860,47.92,49.40,39.93
52870,47.41,49.29,39.68
52880,46.91,49.28,39.44
52890,46.42,49.07,39.20
52900,45.94,49.07,38.97
52910,45.48,48.83,38.75
52920,45.01,48.96,38.53
52930,44.57,48.65,38.32
52940,44.13,48.51,38.12
52950,43.70,48.67,37.92
52960,43.28,48.30,37.73
52970,42.87,48.39,37.54
52980,42.47,48.16,37.36
52990,42.08,48.16,37.19
53000,41.71,47.76,37.03
53010,41.35,47.80,36.87
53020,41.00,47.55,36.71
53030,40.66,47.45,36.57
53040,40.33,47.37,36.43
53050,40.01,47.16,36.30
53060,39.70,47.19,36.17
53070,39.40,46.96,36.06
53080,39.11,46.89,35.94
53090,38.83,46.62,35.84
53100,38.57,46.58,35.74
53110,38.32,46.28,35.65
53120,38.07,46.26,35.57
53130,37.84,46.13,35.49
53140,37.61,46.03,35.42
53150,37.39,46.00,35.36
53160,37.20,45.58,35.30
53170,36.99,45.80,35.25
53180,36.82,45.32,35.21
53190,36.64,45.39,35.17
53200,36.49,45.07,35.14
53210,36.34,44.97,35.12
53220,36.20,44.93,35.10
53230,36.07,44.71,35.10
53240,35.94,44.77,35.09
53250,35.84,44.33,35.10
53260,35.73,44.51,35.11
53270,35.63,44.30,35.13
53280,35.56,43.92,35.16
53290,35.48,44.17,35.19
53300,35.41,43.95,35.23
53310,35.35,43.83,35.27
53320,35.29,43.95,35.32
53330,35.25,43.41,35.38
53340,35.22,43.56,35.45
53350,35.18,43.54,35.52
53360,35.17,43.23,35.60
53370,35.15,43.26,35.69
53380,35.14,43.40,35.78
53390,35.14,43.02,35.88
53400,35.16,42.92,35.98
53410,35.16,43.07,36.09
53420,35.19,42.89,36.21
53430,35.21,42.85,36.33
53440,35.24,42.90,36.46
53450,35.26,43.09,36.60
53460,35.29,42.89,36.74
53470,35.34,42.77,36.89
53480,35.38,42.95,37.04
53490,35.42,43.04,37.20
53500,35.46,42.97,37.37
53510,35.51,42.97,37.54
53520,35.56,43.02,37.72
53530,35.62,43.13,37.90
53540,35.67,43.10,38.09
53550,35.73,43.17,38.29
53560,35.79,43.37,38.49
53570,35.83,43.57,38.69
53580,35.90,43.36,38.90
53590,35.97,43.36,39.12
53600,36.04,43.41,39.34
53610,36.10,43.79,39.57
53620,36.15,44.21,39.80
53630,36.22,43.84,40.04
53640,36.30,43.75,40.28
53650,36.38,43.91,40.53
53660,36.44,44.31,40.78
53670,36.51,44.41,41.04
53680,36.59,44.35,41.30
53690,36.67,44.50,41.57
53700,36.73,44.85,41.84
53710,36.81,44.92,42.12
53720,36.88,45.08,42.40
53730,36.96,45.08,42.68
53740,37.03,45.43,42.97
53750,37.10,45.58,43.27
53760,37.17,45.71,43.56
53770,37.25,45.80,43.87
53780,37.32,46.15,44.17
53790,37.39,46.18,44.48
53800,37.48,46.15,44.79
53810,37.55,46.60,45.11
53820,37.63,46.78,45.43
53830,37.71,46.75,45.76
53840,37.79,47.09,46.08
53850,37.89,46.93,46.41
53860,37.97,47.34,46.75
53870,38.05,47.62,47.08
53880,38.15,47.46,47.42
53890,38.24,47.86,47.77
53900,38.35,47.72,48.11
53910,38.46,47.96,48.46
53920,38.57,48.05,48.81
53930,38.68,48.23,49.17
53940,38.79,48.57,49.52
53950,38.91,48.44,49.88
53960,39.03,48.77,50.25
53970,39.17,48.58,50.61
53980,39.30,49.00,50.98
53990,39.44,48.81,51.34
54000,39.58,49.23,51.71
54010,39.74,48.98,52.08
54020,39.89,49.43,52.46
54030,40.06,49.19,52.83
54040,40.22,49.64,53.21
54050,40.40,49.29,53.59
54060,40.58,49.75,53.97
54070,40.77,49.60,54.35
54080,40.95,49.95,54.73
54090,41.16,49.70,55.11
54100,41.36,49.93,55.50
54110,41.56,50.11,55.88
54120,41.79,49.88,56.27
54130,42.02,50.03,56.66
54140,42.26,50.04,57.04
54150,42.49,50.22,57.43
54160,42.75,50.08,57.82
54170,43.00,50.30,58.21
54180,43.26,50.23,58.60
54190,43.53,50.34,58.99
54200,43.80,50.45,59.38
54210,44.07,50.50,59.76
54220,44.36,50.31,60.15
54230,44.65,50.66,60.54
54240,44.95,50.44,60.93
54250,45.25,50.65,61.32
54260,45.56,50.67,61.71
54270,45.88,50.54,62.09
54280,46.19,50.74,62.48
54290,46.51,50.92,62.87
54300,46.85,50.49,63.25
54310,47.18,51.02,63.64
54320,47.54,50.47,64.02
54330,47.89,50.77,64.40
54340,48.24,50.89,64.78
54350,48.61,50.64,65.16
54360,48.97,50.90,65.54
54370,49.34,50.92,65.92
54380,49.71,50.80,66.29
54390,50.09,50.87,66.67
54400,50.48,50.83,67.04
54410,50.87,50.86,67.41
54420,51.27,50.70,67.78
54430,51.67,51.02,68.15
54440,52.07,50.88,68.51
54450,52.48,50.79,68.87
54460,52.88,51.14,69.23
54470,53.30,50.79,69.59
54480,53.72,50.74,69.95
54490,54.13,51.20,70.30
54500,54.56,50.71,70.66
54510,54.99,50.93,71.00
54520,55.41,51.05,71.35
54530,55.85,50.75,71.70
54540,56.29,50.94,72.04
54550,56.71,51.23,72.38
54560,57.16,50.70,72.71
54570,57.60,51.00,73.04
54580,58.03,51.20,73.37
54590,58.48,50.86,73.70
54600,58.91,51.12,74.03
54610,59.35,51.14,74.35
54620,59.79,51.07,74.67
54630,60.23,51.11,74.98
54640,60.67,51.28,75.29
54650,61.11,51.17,75.60
54660,61.55,51.21,75.90
54670,61.98,51.35,76.21
54680,62.42,51.36,76.50
54690,62.85,51.33,76.80
54700,63.28,51.52,77.09
54710,63.71,51.58,77.38
54720,64.14,51.50,77.66
54730,64.56,51.56,77.94
54740,64.98,51.71,78.21
54750,65.40,51.69,78.49
54760,65.82,51.70,78.76
54770,66.23,51.95,79.02
54780,66.64,51.84,79.28
54790,67.05,51.91,79.54
54800,67.45,52.14,79.79
54810,67.84,52.17,80.04
54820,68.24,52.05,80.28
54830,68.63,52.29,80.52
54840,69.02,52.27,80.76
54850,69.41,52.18,80.99
54860,69.80,52.28,81.22
54870,70.17,52.55,81.45
54880,70.55,52.50,81.67
54890,70.93,52.43,81.88
54900,71.30,52.43,82.09
54910,71.69,52.27,82.30
54920,72.06,52.40,82.50
54930,72.42,52.72,82.70
54940,72.78,52.59,82.90
54950,73.15,52.38,83.09
54960,73.51,52.63,83.27
54970,73.86,52.83,83.45
54980,74.20,52.78,83.63
54990,74.55,52.62,83.80
55000,74.89,52.83,83.97
55010,75.22,53.16,84.13
55020,75.55,52.95,84.29
55030,75.89,52.70,84.45
55040,76.21,52.93,84.60
55050,76.53,53.12,84.75
55060,76.84,53.12,84.89
55070,77.16,52.95,85.02
55080,77.47,52.95,85.16
55090,77.77,53.29,85.29
55100,78.05,53.49,85.41
55110,78.35,53.17,85.53
55120,78.65,53.13,85.65
55130,78.94,53.25,85.76
55140,79.21,53.51,85.86
55150,79.48,53.41,85.97
55160,79.77,53.15,86.06
55170,80.05,53.19,86.16
55180,80.30,53.58,86.25
55190,80.55,53.75,86.33
55200,80.81,53.41,86.41
55210,81.07,53.18,86.49
55220,81.33,53.31,86.56
55230,81.58,53.43,86.63
55240,81.81,53.75,86.69
55250,82.04,53.49,86.75
55260,82.29,53.16,86.81
55270,82.53,53.35,86.86
55280,82.75,53.56,86.91
55290,82.96,53.69,86.95
55300,83.18,53.51,86.99
55310,83.41,53.20,87.03
55320,83.64,53.19,87.06
55330,83.84,53.43,87.09
55340,84.04,53.67,87.11
55350,84.23,53.54,87.13
55360,84.44,53.25,87.14
55370,84.64,53.17,87.16
55380,84.83,53.39,87.16
55390,85.01,53.53,87.17
55400,85.18,53.54,87.17
55410,85.37,53.15,87.17
55420,85.56,53.04,87.16
55430,85.73,53.31,87.15
55440,85.88,53.63,87.14
55450,86.03,53.54,87.12
55460,86.19,53.20,87.10
55470,86.35,53.01,87.07
55480,86.51,53.10,87.05
55490,86.65,53.41,87.01
55500,86.78,53.40,86.98
55510,86.92,53.07,86.94
55520,87.07,52.85,86.90
55530,87.20,53.14,86.86
55540,87.32,53.30,86.81
55550,87.42,53.34,86.76
55560,87.54,53.04,86.71
55570,87.67,52.79,86.65
55580,87.78,53.04,86.59
55590,87.86,53.42,86.53
55600,87.95,53.33,86.47
55610,88.04,53.04,86.40
55620,88.14,52.80,86.33
55630,88.23,52.94,86.26
55640,88.29,53.31,86.18
55650,88.35,53.32,86.11
55660,88.43,52.91,86.03
55670,88.50,52.78,85.94
55680,88.56,53.00,85.86
55690,88.60,53.32,85.77
55700,88.64,53.21,85.68
55710,88.69,52.93,85.59
55720,88.75,52.67,85.49
55730,88.79,52.94,85.40
55740,88.80,53.42,85.30
55750,88.81,53.24,85.20
55760,88.84,52.84,85.10
55770,88.86,52.81,84.99
55780,88.87,53.08,84.89
55790,88.86,53.30,84.78
55800,88.86,53.20,84.67
55810,88.87,52.76,84.56
55820,88.87,52.81,84.45
55830,88.85,53.12,84.33
55840,88.82,53.41,84.22
55850,88.79,53.11,84.10
55860,88.79,52.69,83.98
55870,88.78,52.56,83.86
55880,88.75,52.99,83.74
55890,88.69,53.31,83.62
55900,88.65,53.10,83.50
55910,88.61,52.83,83.37
55920,88.60,52.31,83.25
55930,88.55,52.91,83.12
55940,88.51,52.67,82.99
55950,88.48,52.28,82.86
55960,88.45,52.21,82.74
55970,88.40,52.50,82.61
55980,88.35,52.61,82.48
55990,88.30,52.24,82.34
56000,88.28,51.83,82.21
56010,88.25,51.80,82.08
56020,88.19,52.22,81.95
56030,88.13,52.18,81.81
56040,88.09,51.68,81.68
56050,88.06,51.57,81.55
56060,88.00,51.78,81.41
56070,87.94,51.94,81.28
56080,87.89,51.47,81.14
56090,87.85,51.40,81.01
56100,87.78,51.78,80.88
56110,87.69,51.92,80.74
56120,87.64,51.31,80.61
56130,87.58,51.26,80.47
56140,87.50,51.68,80.34
56150,87.42,51.64,80.20
56160,87.34,51.29,80.07
56170,87.26,51.54,79.94
56180,87.15,51.79,79.80
56190,87.07,51.42,79.67
56200,86.98,51.29,79.54
56210,86.88,51.61,79.41
56220,86.76,51.71,79.27
56230,86.67,51.25,79.14
56240,86.56,51.39,79.01
56250,86.44,51.83,78.88
56260,86.32,51.56,78.75
56270,86.21,51.35,78.63
56280,86.08,51.65,78.50
56290,85.95,51.69,78.37
56300,85.83,51.41,78.24
56310,85.70,51.59,78.12
56320,85.55,51.94,78.00
56330,85.41,51.59,77.87
56340,85.27,51.51,77.75
56350,85.12,52.00,77.63
56360,84.97,51.73,77.51
56370,84.83,51.47,77.39
56380,84.67,51.95,77.27
56390,84.50,51.98,77.16
56400,84.35,51.66,77.04
56410,84.19,51.83,76.93
56420,84.02,52.16,76.81
56430,83.85,51.83,76.70
56440,83.70,51.65,76.59
56450,83.52,52.10,76.48
56460,83.35,52.05,76.37
56470,83.20,51.57,76.27
56480,83.03,51.94,76.16
56490,82.84,52.28,76.06
56500,82.67,51.88,75.96
56510,82.51,51.84,75.86
56520,82.32,52.30,75.76
56530,82.13,52.34,75.66
56540,81.96,52.04,75.56
56550,81.77,52.22,75.47
56560,81.57,52.55,75.38
56570,81.39,52.30,75.29
56580,81.22,52.04,75.20
56590,81.03,52.42,75.11
56600,80.82,52.68,75.02
56610,80.64,52.29,74.94
56620,80.47,52.18,74.86
56630,80.28,52.48,74.78
56640,80.09,52.55,74.70
56650,79.92,52.16,74.62
56660,79.74,52.38,74.54
56670,79.55,52.66,74.47
56680,79.36,52.66,74.40
56690,79.18,52.39,74.33
56700,79.00,52.51,74.26
56710,78.81,52.76,74.19
56720,78.63,52.64,74.12
56730,78.45,52.50,74.06
56740,78.27,52.62,74.00
56750,78.08,52.91,73.94
56760,77.90,52.88,73.88
56770,77.73,52.50,73.82
56780,77.56,52.76,73.77
56790,77.37,52.96,73.72
56800,77.19,53.07,73.67
56810,77.02,52.80,73.62
56820,76.85,52.84,73.57
56830,76.66,53.12,73.52
56840,76.49,53.00,73.48
56850,76.33,52.85,73.44
56860,76.16,53.02,73.40
56870,75.99,53.23,73.36
56880,75.81,53.32,73.32
56890,75.65,53.09,73.29
56900,75.50,52.89,73.25
56910,75.33,53.19,73.22
56920,75.17,53.19,73.19
56930,75.01,53.39,73.17
56940,74.85,53.23,73.14
56950,74.72,52.86,73.11
56960,74.59,52.82,73.09
56970,74.45,53.16,73.07
56980,74.33,52.82,73.05
56990,74.20,52.94,73.03
57000,74.06,53.26,73.02
57010,73.92,53.32,73.00
57020,73.80,53.06,72.99
57030,73.69,52.80,72.98
57040,73.58,53.03,72.97
57050,73.45,53.18,72.96
57060,73.34,53.06,72.95
57070,73.24,52.92,72.95
57080,73.15,52.79,72.94
57090,73.05,52.91,72.94
57100,72.95,53.15,72.94
57110,72.85,53.08,72.94
57120,72.76,52.87,72.94
57130,72.68,52.81,72.94
57140,72.59,53.04,72.95
57150,72.50,53.14,72.95
57160,72.43,52.82,72.96
57170,72.37,52.60,72.97
57180,72.31,52.71,72.98
57190,72.23,52.94,72.99
57200,72.17,52.84,73.00
57210,72.12,52.53,73.02
57220,72.08,52.47,73.03
57230,72.03,52.67,73.05
57240,71.98,52.86,73.06
57250,71.94,52.48,73.08
57260,71.92,52.22,73.10
57270,71.89,52.49,73.12
57280,71.85,52.67,73.14
57290,71.81,52.59,73.17
57300,71.80,52.20,73.19
57310,71.78,52.32,73.21
57320,71.76,52.61,73.24
57330,71.74,52.44,73.26
57340,71.73,52.20,73.29
57350,71.72,52.26,73.32
57360,71.70,52.55,73.35
57370,71.69,52.42,73.37
57380,71.70,52.06,73.40
57390,71.70,52.26,73.44
57400,71.69,52.57,73.47
57410,71.68,52.42,73.50
57420,71.70,52.02,73.53
57430,71.70,52.30,73.56
57440,71.70,52.53,73.60
57450,71.70,52.30,73.63
57460,71.72,52.14,73.67
57470,71.73,52.27,73.70
57480,71.73,52.59,73.74
57490,71.74,52.34,73.77
57500,71.76,52.12,73.81
57510,71.76,52.51,73.85
57520,71.77,52.61,73.88
57530,71.78,52.33,73.92
57540,71.80,52.32,73.96
57550,71.80,52.66,74.00
57560,71.80,52.75,74.04
57570,71.82,52.43,74.08
57580,71.84,52.39,74.11
57590,71.85,52.72,74.15
57600,71.86,52.77,74.19
57610,71.87,52.63,74.23
57620,71.89,52.58,74.27
57630,71.89,52.91,74.31
57640,71.89,53.01,74.35
57650,71.91,52.76,74.39
57660,71.92,52.69,74.43
57670,71.93,53.04,74.47
57680,71.93,53.03,74.51
57690,71.95,52.86,74.55
57700,71.98,52.69,74.58
57710,71.98,53.07,74.62
57720,71.98,53.33,74.66
57730,71.99,53.15,74.70
57740,72.01,52.91,74.74
57750,72.03,52.92,74.78
57760,72.04,53.30,74.81
57770,72.05,53.28,74.85
57780,72.07,53.10,74.89
57790,72.09,52.97,74.93
57800,72.11,53.10,74.96
57810,72.12,53.39,75.00
57820,72.14,53.27,75.03
57830,72.17,52.97,75.07
57840,72.20,52.99,75.10
57850,72.22,53.25,75.14
57860,72.24,53.39,75.17
57870,72.27,53.16,75.21
57880,72.31,52.86,75.24
57890,72.34,53.12,75.27
57900,72.37,53.23,75.30
57910,72.40,53.23,75.34
57920,72.43,53.20,75.37
57930,72.47,52.96,75.40
57940,72.51,53.16,75.43
57950,72.53,53.41,75.46
57960,72.55,53.35,75.49
57970,72.60,53.02,75.51
57980,72.65,52.94,75.54
57990,72.69,53.04,75.57
58000,72.73,53.15,75.59
58010,72.76,53.35,75.62
58020,72.79,53.33,75.64
58030,72.83,53.11,75.67
58040,72.86,53.40,75.69
58050,72.90,53.30,75.72
58060,72.95,53.01,75.74
58070,73.00,52.90,75.76
58080,73.05,52.94,75.78
58090,73.10,53.14,75.80
58100,73.14,53.13,75.82
58110,73.20,52.81,75.84
58120,73.26,52.81,75.86
58130,73.31,53.02,75.87
58140,73.35,53.14,75.89
58150,73.39,53.11,75.90
58160,73.45,52.75,75.92
58170,73.52,52.65,75.93
58180,73.58,52.84,75.95
58190,73.62,53.10,75.96
58200,73.67,53.00,75.97
58210,73.73,52.60,75.98
58220,73.80,52.59,75.99
58230,73.85,52.83,76.00
58240,73.90,52.89,76.01
58250,73.96,52.65,76.02
58260,74.03,52.50,76.03
58270,74.10,52.56,76.04
58280,74.15,52.83,76.04
58290,74.20,52.80,76.05
58300,74.26,52.47,76.05
58310,74.33,52.31,76.06
58320,74.39,52.56,76.06
58330,74.44,52.78,76.07
58340,74.50,52.60,76.07
58350,74.57,52.18,76.07
58360,74.64,52.30,76.07
58370,74.69,52.68,76.07
58380,74.74,52.59,76.07
58390,74.80,52.32,76.07
58400,74.86,52.32,76.07
58410,74.91,52.62,76.07
58420,74.95,52.59,76.07
58430,75.02,52.19,76.06
58440,75.08,52.22,76.06
58450,75.12,52.61,76.06
58460,75.16,52.68,76.05
58470,75.21,52.33,76.05
58480,75.26,52.27,76.04
58490,75.30,52.60,76.04
58500,75.34,52.58,76.03
58510,75.39,52.21,76.02
58520,75.44,52.24,76.02
58530,75.48,52.57,76.01
58540,75.50,52.64,76.00
58550,75.55,52.34,75.99
58560,75.59,52.35,75.99
58570,75.61,52.68,75.98
58580,75.64,52.66,75.97
58590,75.67,52.40,75.96
58600,75.70,52.44,75.95
58610,75.71,52.89,75.94
58620,75.72,52.83,75.93
58630,75.76,52.38,75.92
58640,75.78,52.53,75.91
58650,75.79,52.88,75.90
58660,75.80,52.86,75.89
58670,75.82,52.62,75.88
58680,75.83,52.65,75.87
58690,75.84,52.86,75.86
58700,75.84,52.84,75.85
58710,75.86,52.50,75.84
58720,75.87,52.75,75.83
58730,75.87,53.07,75.82
58740,75.86,53.00,75.81
58750,75.87,52.66,75.80
58760,75.88,52.74,75.79
58770,75.88,52.99,75.78
58780,75.87,53.01,75.77
58790,75.88,52.71,75.76
58800,75.88,52.84,75.75
58810,75.87,53.10,75.74
58820,75.85,53.20,75.73
58830,75.86,52.84,75.72
58840,75.87,52.59,75.72
58850,75.86,52.94,75.71
58860,75.85,53.13,75.70
58870,75.85,52.89,75.69
58880,75.85,52.80,75.69
58890,75.84,53.03,75.68
58900,75.82,53.21,75.68
58910,75.81,53.12,75.67
58920,75.81,52.83,75.67
58930,75.81,52.87,75.66
58940,75.80,53.16,75.66
58950,75.79,53.06,75.66
58960,75.79,52.74,75.66
58970,75.79,52.78,75.65
58980,75.79,52.98,75.65
58990,75.78,53.11,75.65
59000,75.77,52.93,75.66
59010,75.78,52.67,75.66
59020,75.78,52.89,75.66
59030,75.76,53.20,75.66
59040,75.75,53.15,75.67
59050,75.74,53.14,75.67
59060,75.74,52.87,75.68
59070,75.75,52.60,75.68
59080,75.74,53.23,75.69
59090,75.74,52.74,75.70
59100,75.75,52.67,75.71
59110,75.75,52.92,75.72
59120,75.74,53.15,75.73
59130,75.74,53.03,75.75
59140,75.75,52.71,75.76
59150,75.76,52.70,75.77
59160,75.76,53.03,75.79
59170,75.75,53.06,75.81
59180,75.76,52.83,75.83
59190,75.77,52.70,75.84
59200,75.78,52.86,75.86
59210,75.77,53.13,75.89
59220,75.77,53.03,75.91
59230,75.78,52.78,75.93
59240,75.79,52.86,75.96
59250,75.78,53.19,75.99
59260,75.77,53.38,76.01
59270,75.77,53.01,76.04
59280,75.78,52.81,76.07
59290,75.79,53.10,76.11
59300,75.77,53.42,76.14
59310,75.76,53.39,76.17
59320,75.77,53.09,76.21
59330,75.78,53.01,76.25
59340,75.78,53.18,76.28
59350,75.77,53.41,76.32
59360,75.77,53.48,76.37
59370,75.77,53.17,76.41
59380,75.78,53.20,76.45
59390,75.78,53.35,76.50
59400,75.78,53.60,76.55
59410,75.76,53.81,76.60
59420,75.76,53.51,76.65
59430,75.77,53.20,76.70
59440,75.78,53.39,76.75
59450,75.78,53.68,76.80
59460,75.77,53.86,76.86
59470,75.76,53.80,76.92
59480,75.77,53.62,76.98
59490,75.78,53.50,77.04
59500,75.78,53.87,77.10
59510,75.77,53.99,77.16
59520,75.77,53.96,77.23
59530,75.78,53.75,77.30
59540,75.80,53.57,77.36
59550,75.82,53.69,77.43
59560,75.82,53.98,77.50
59570,75.82,54.19,77.58
59580,75.82,54.15,77.65
59590,75.83,54.00,77.73
59600,75.85,53.85,77.80
59610,75.86,54.20,77.88
59620,75.86,54.39,77.96
59630,75.86,54.56,78.04
59640,75.86,54.55,78.13
59650,75.86,54.46,78.21
59660,75.88,54.22,78.30
59670,75.90,54.30,78.39
59680,75.91,54.58,78.47
59690,75.92,54.75,78.56
59700,75.92,54.90,78.66
59710,75.92,54.93,78.75
59720,75.93,54.79,78.84
59730,75.95,54.68,78.94
59740,75.98,54.67,79.04
59750,76.00,54.68,79.14
59760,76.02,54.86,79.24
59770,76.04,55.07,79.34
59780,76.05,55.21,79.44
59790,76.06,55.26,79.54
59800,76.08,55.15,79.65
59810,76.11,55.11,79.76
59820,76.15,55.02,79.86
59830,76.20,54.78,79.97
59840,76.24,54.89,80.08
59850,76.29,54.96,80.19
59860,76.34,54.96,80.31
59870,76.39,55.14,80.42
59880,76.42,55.35,80.54
59890,76.47,55.32,80.65
59900,76.51,55.37,80.77
59910,76.55,55.52,80.89
59920,76.60,55.39,81.01
59930,76.66,55.22,81.13
59940,76.73,55.13,81.25
59950,76.81,55.08,81.37
59960,76.89,55.00,81.49
59970,76.96,55.13,81.62
59980,77.04,55.16,81.74
59990,77.12,55.36,81.87
60000,77.19,55.38,81.99
60010,77.26,55.46,82.12
60020,77.34,55.47,82.25
60030,77.41,55.55,82.38
60040,77.50,55.40,82.51
60050,77.59,55.30,82.64
60060,77.69,55.24,82.77
60070,77.80,55.07,82.90
60080,77.90,55.33,83.03
60090,78.01,55.21,83.16
60100,78.13,55.07,83.29
60110,78.25,55.07,83.43
60120,78.36,55.13,83.56
60130,78.48,55.28,83.69
60140,78.59,55.38,83.83
60150,78.70,55.37,83.96
60160,78.81,55.44,84.10
60170,78.93,55.42,84.23
60180,79.04,55.45,84.37
60190,79.17,55.32,84.51
60200,79.30,55.24,84.64
60210,79.44,55.16,84.78
60220,79.58,55.12,84.91
60230,79.72,55.05,85.05
60240,79.87,55.05,85.19
60250,80.01,55.15,85.32
60260,80.16,55.05,85.46
60270,80.30,55.31,85.59
60280,80.44,55.31,85.73
60290,80.58,55.39,85.86
60300,80.71,55.58,86.00
60310,80.85,55.50,86.13
60320,80.98,55.47,86.27
60330,81.12,55.52,86.40
60340,81.28,55.26,86.54
60350,81.43,55.21,86.67
60360,81.59,55.16,86.80
60370,81.76,55.03,86.93
60380,81.92,55.05,87.07
60390,82.09,55.15,87.20
60400,82.25,55.11,87.33
60410,82.41,55.32,87.46
60420,82.56,55.31,87.59
60430,82.71,55.42,87.72
60440,82.86,55.54,87.84
60450,83.01,55.53,87.97
60460,83.16,55.56,88.09
60470,83.31,55.53,88.22
60480,83.47,55.39,88.34
60490,83.63,55.27,88.47
60500,83.80,55.31,88.59
60510,83.97,55.01,88.71
60520,84.15,55.11,88.83
60530,84.32,55.07,88.95
60540,84.50,55.04,89.06
60550,84.67,55.03,89.18
60560,84.84,55.27,89.29
60570,85.00,55.25,89.41
60580,85.16,55.43,89.52
60590,85.31,55.48,89.63
60600,85.47,55.46,89.74
60610,85.62,55.59,89.85
60620,85.77,55.53,89.95
60630,85.93,55.48,90.06
60640,86.08,55.45,90.16
60650,86.24,55.38,90.26
60660,86.40,55.28,90.36
60670,86.57,55.12,90.46
60680,86.75,55.05,90.55
60690,86.93,54.91,90.65
60700,87.10,54.98,90.74
60710,87.28,54.90,90.83
60720,87.45,54.98,90.92
60730,87.62,55.02,91.01
60740,87.79,55.03,91.09
60750,87.94,55.22,91.18
60760,88.09,55.40,91.26
60770,88.23,55.43,91.34
60780,88.38,55.45,91.41
60790,88.52,55.40,91.49
60800,88.66,55.46,91.56
60810,88.81,55.28,91.63
60820,88.96,55.18,91.70
60830,89.11,55.15,91.76
60840,89.27,54.89,91.83
60850,89.43,54.89,91.89
60860,89.59,54.82,91.95
60870,89.76,54.73,92.01
60880,89.91,54.95,92.06
60890,90.06,54.85,92.11
60900,90.20,55.03,92.16
60910,90.33,55.20,92.21
60920,90.46,55.25,92.25
60930,90.58,55.29,92.30
60940,90.71,55.27,92.34
60950,90.83,55.24,92.37
60960,90.97,54.90,92.41
60970,91.10,54.99,92.44
60980,91.24,54.68,92.47
60990,91.38,54.65,92.50
61000,91.52,54.70,92.52
61010,91.65,54.80,92.54
61020,91.77,54.92,92.56
61030,91.89,54.86,92.58
61040,91.99,55.12,92.59
61050,92.09,55.19,92.60
61060,92.19,55.11,92.61
61070,92.29,55.05,92.62
61080,92.39,54.91,92.62
61090,92.50,54.74,92.62
61100,92.60,54.99,92.62
61110,92.70,54.79,92.61
61120,92.81,54.64,92.61
61130,92.92,54.42,92.59
61140,93.02,54.63,92.58
61150,93.11,54.65,92.56
61160,93.20,54.82,92.55
61170,93.28,54.72,92.52
61180,93.37,54.65,92.50
61190,93.45,54.61,92.47
61200,93.55,54.23,92.44
61210,93.65,54.10,92.41
61220,93.74,54.13,92.37
61230,93.83,54.16,92.33
61240,93.91,54.22,92.29
61250,93.98,54.39,92.25
61260,94.04,54.58,92.20
61270,94.10,54.53,92.15
61280,94.15,54.44,92.10
61290,94.21,54.24,92.04
61300,94.28,54.05,91.98
61310,94.35,53.95,91.92
61320,94.41,53.87,91.86
61330,94.48,53.79,91.79
61340,94.53,54.10,91.72
61350,94.56,54.34,91.65
61360,94.59,54.31,91.58
61370,94.61,54.31,91.50
61380,94.65,54.00,91.42
61390,94.69,53.71,91.34
61400,94.74,53.62,91.25
61410,94.77,53.70,91.16
61420,94.80,53.81,91.07
61430,94.80,54.09,90.98
61440,94.81,54.13,90.88
61450,94.81,53.97,90.78
61460,94.82,53.75,90.68
61470,94.84,53.45,90.58
61480,94.87,53.30,90.47
61490,94.87,53.55,90.37
61500,94.86,53.80,90.26
61510,94.84,53.94,90.14
61520,94.82,53.81,90.03
61530,94.81,53.54,89.91
61540,94.82,53.16,89.79
61550,94.81,53.15,89.66
61560,94.81,53.18,89.54
61570,94.78,53.42,89.41
61580,94.74,53.55,89.28
61590,94.71,53.40,89.15
61600,94.70,52.94,89.02
61610,94.69,52.71,88.88
61620,94.67,52.73,88.74
61630,94.63,53.06,88.60
61640,94.59,53.09,88.46
61650,94.55,52.91,88.31
61660,94.53,52.37,88.17
61670,94.51,52.20,88.02
61680,94.48,52.34,87.87
61690,94.43,52.75,87.72
61700,94.38,52.60,87.56
61710,94.34,52.14,87.41
61720,94.31,51.89,87.25
61730,94.28,51.94,87.09
61740,94.22,52.30,86.93
61750,94.16,52.18,86.77
61760,94.12,51.70,86.60
61770,94.08,51.49,86.44
61780,94.02,51.84,86.27
61790,93.95,51.93,86.10
61800,93.89,51.53,85.93
61810,93.84,51.33,85.76
61820,93.78,51.34,85.58
61830,93.69,51.72,85.41
61840,93.63,51.24,85.23
61850,93.57,51.00,85.06
61860,93.49,51.32,84.88
61870,93.39,51.50,84.70
61880,93.31,51.14,84.52
61890,93.23,50.98,84.34
61900,93.13,51.27,84.16
61910,93.02,51.38,83.97
61920,92.92,50.87,83.79
61930,92.82,50.94,83.60
61940,92.70,51.35,83.42
61950,92.58,50.99,83.23
61960,92.48,50.76,83.04
61970,92.34,51.25,82.85
61980,92.20,51.19,82.67
61990,92.08,50.85,82.48
62000,91.93,51.15,82.29
62010,91.77,51.32,82.10
62020,91.63,51.00,81.91
62030,91.48,50.95,81.71
62040,91.30,51.40,81.52
62050,91.14,51.08,81.33
62060,90.98,50.85,81.14
62070,90.79,51.50,80.95
62080,90.60,51.42,80.76
62090,90.42,51.12,80.56
62100,90.25,50.93,80.37
62110,90.04,51.51,80.18
62120,89.85,51.20,79.99
62130,89.63,51.64,79.79
62140,89.43,51.20,79.60
62150,89.23,51.16,79.41
62160,89.01,51.58,79.22
62170,88.78,51.56,79.03
62180,88.58,51.16,78.84
62190,88.35,51.44,78.65
62200,88.11,51.76,78.46
62210,87.89,51.29,78.27
62220,87.66,51.37,78.08
62230,87.41,51.82,77.89
62240,87.18,51.53,77.70
62250,86.95,51.35,77.51
62260,86.70,51.76,77.33
62270,86.44,51.87,77.14
62280,86.20,51.48,76.96
62290,85.95,51.62,76.77
62300,85.68,52.06,76.59
62310,85.42,51.82,76.41
62320,85.16,51.64,76.23
62330,84.89,52.03,76.05
62340,84.62,52.12,75.87
62350,84.36,51.61,75.69
62360,84.11,51.73,75.51
62370,83.82,52.30,75.34
62380,83.54,52.19,75.17
62390,83.28,51.71,74.99
62400,83.02,51.86,74.82
62410,82.74,52.22,74.65
62420,82.46,52.15,74.48
62430,82.19,51.92,74.32
62440,81.92,52.09,74.15
62450,81.63,52.43,73.99
62460,81.34,52.36,73.82
62470,81.07,52.09,73.66
62480,80.79,52.33,73.50
62490,80.49,52.70,73.35
62500,80.21,52.34,73.19
62510,79.94,52.18,73.04
62520,79.66,52.40,72.88
62530,79.36,52.79,72.73
62540,79.07,52.72,72.58
62550,78.80,52.32,72.44
62560,78.52,52.61,72.29
62570,78.22,53.05,72.15
62580,77.93,52.84,72.01
62590,77.65,52.64,71.87
62600,77.37,52.77,71.73
62610,77.07,53.01,71.60
62620,76.78,53.13,71.47
62630,76.50,52.92,71.34
62640,76.23,52.80,71.21
62650,75.94,53.12,71.08
62660,75.65,53.31,70.96
62670,75.37,53.08,70.84
62680,75.10,53.09,70.72
62690,74.82,53.16,70.60
62700,74.55,53.16,70.48
62710,74.26,53.53,70.37
62720,73.99,53.38,70.26
62730,73.73,53.01,70.15
62740,73.47,53.16,70.05
62750,73.21,53.40,69.94
62760,72.94,53.49,69.84
62770,72.67,53.55,69.74
62780,72.42,53.21,69.65
62790,72.19,53.06,69.55
62800,71.95,53.21,69.46
62810,71.70,53.39,69.37
62820,71.46,53.49,69.29
62830,71.23,53.15,69.20
62840,71.01,53.08,69.12
62850,70.79,53.13,69.04
62860,70.57,53.37,68.97
62870,70.34,53.48,68.89
62880,70.13,53.12,68.82
62890,69.94,52.91,68.75
62900,69.75,52.92,68.69
62910,69.56,53.06,68.62
62920,69.35,53.37,68.56
62930,69.17,53.09,68.50
62940,69.00,52.75,68.44
62950,68.83,52.78,68.39
62960,68.66,52.88,68.34
62970,68.49,53.00,68.29
62980,68.34,52.81,68.24
62990,68.19,52.56,68.20
63000,68.05,52.60,68.16
63010,67.90,52.82,68.12
63020,67.76,52.76,68.08
63030,67.63,52.53,68.05
63040,67.52,52.20,68.01
63050,67.41,52.37,67.98
63060,67.28,52.58,67.96
63070,67.17,52.33,67.93
63080,67.09,51.99,67.91
63090,67.00,52.00,67.89
63100,66.91,52.07,67.87
63110,66.81,52.26,67.86
63120,66.72,52.26,67.84
63130,66.64,52.07,67.83
63140,66.55,52.29,67.82
63150,66.48,52.00,67.82
63160,66.42,51.75,67.81
63170,66.35,52.01,67.81
63180,66.29,52.07,67.81
63190,66.22,51.98,67.81
63200,66.18,51.67,67.82
63210,66.13,51.81,67.82
63220,66.07,52.01,67.83
63230,66.03,51.74,67.84
63240,66.00,51.58,67.85
63250,65.96,51.79,67.87
63260,65.93,51.71,67.89
63270,65.91,51.36,67.90
63280,65.89,51.57,67.92
63290,65.86,51.82,67.95
63300,65.84,51.53,67.97
63310,65.84,51.31,68.00
63320,65.82,51.55,68.02
63330,65.81,51.57,68.05
63340,65.81,51.35,68.08
63350,65.80,51.45,68.12
63360,65.79,51.67,68.15
63370,65.79,51.50,68.19
63380,65.80,51.27,68.22
63390,65.80,51.57,68.26
63400,65.80,51.52,68.30
63410,65.82,51.27,68.34
63420,65.83,51.42,68.39
63430,65.83,51.57,68.43
63440,65.85,51.42,68.48
63450,65.86,51.37,68.52
63460,65.87,51.58,68.57
63470,65.88,51.67,68.62
63480,65.90,51.43,68.67
63490,65.93,51.43,68.72
63500,65.93,51.85,68.77
63510,65.95,51.60,68.83
63520,65.98,51.35,68.88
63530,66.00,51.69,68.94
63540,66.02,51.76,68.99
63550,66.05,51.57,69.05
63560,66.07,51.74,69.11
63570,66.08,51.92,69.16
63580,66.10,51.86,69.22
63590,66.13,51.71,69.28
63600,66.16,51.81,69.34
63610,66.17,52.09,69.40
63620,66.20,51.88,69.46
63630,66.24,51.74,69.52
63640,66.26,51.94,69.59
63650,66.29,52.07,69.65
63660,66.33,51.74,69.71
63670,66.37,51.88,69.77
63680,66.39,52.11,69.83
63690,66.43,51.99,69.90
63700,66.48,51.63,69.96
63710,66.54,51.73,70.02
63720,66.58,52.00,70.08
63730,66.61,52.12,70.15
63740,66.67,51.72,70.21
63750,66.72,51.87,70.27
63760,66.76,52.13,70.33
63770,66.81,52.00,70.39
63780,66.86,51.87,70.45
63790,66.92,51.88,70.52
63800,66.96,52.19,70.58
63810,67.01,52.19,70.64
63820,67.07,51.86,70.69
63830,67.12,52.05,70.75
63840,67.17,52.28,70.81
63850,67.21,52.28,70.87
63860,67.27,51.96,70.92
63870,67.34,51.99,70.98
63880,67.39,52.25,71.03
63890,67.43,52.45,71.09
63900,67.49,52.11,71.14
63910,67.55,52.02,71.19
63920,67.61,52.30,71.24
63930,67.65,52.48,71.29
63940,67.71,52.15,71.34
63950,67.78,52.01,71.39
63960,67.84,52.32,71.43
63970,67.89,52.32,71.48
63980,67.96,52.21,71.52
63990,68.02,52.17,71.56
64000,68.08,52.36,71.60
64010,68.13,52.51,71.64
64020,68.18,52.39,71.68
64030,68.25,52.15,71.72
64040,68.31,52.33,71.75
64050,68.36,52.55,71.78
64060,68.41,52.51,71.81
64070,68.47,52.30,71.84
64080,68.54,52.11,71.87
64090,68.61,52.24,71.89
64100,68.68,52.15,71.92
64110,68.75,52.11,71.94
64120,68.81,52.31,71.96
64130,68.87,52.35,71.98
64140,68.95,51.98,71.99
64150,69.02,52.03,72.01
64160,69.08,52.27,72.02
64170,69.13,52.38,72.03
64180,69.20,52.05,72.04
64190,69.27,52.05,72.04
64200,69.33,52.22,72.04
64210,69.39,52.33,72.04
64220,69.46,52.02,72.04
64230,69.53,51.88,72.04
64240,69.59,52.12,72.03
64250,69.65,52.26,72.02
64260,69.71,52.04,72.01
64270,69.78,51.88,72.00
64280,69.84,52.01,71.98
64290,69.89,52.08,71.96
64300,69.96,51.84,71.94
64310,70.03,51.74,71.92
64320,70.08,52.00,71.89
64330,70.13,52.11,71.86
64340,70.19,51.89,71.83
64350,70.26,51.56,71.80
64360,70.31,51.88,71.76
64370,70.35,51.98,71.72
64380,70.41,51.72,71.68
64390,70.47,51.56,71.64
64400,70.52,51.81,71.59
64410,70.56,51.88,71.54
64420,70.61,51.56,71.48
64430,70.66,51.57,71.43
64440,70.70,51.89,71.37
64450,70.73,51.69,71.31
64460,70.79,51.23,71.25
64470,70.83,51.63,71.18
64480,70.85,51.84,71.11
64490,70.90,51.38,71.04
64500,70.94,51.31,70.96
64510,70.97,51.57,70.88
64520,70.99,51.50,70.80
64530,71.03,51.24,70.72
64540,71.06,51.39,70.63
64550,71.07,51.60,70.54
64560,71.09,51.28,70.45
64570,71.12,51.17,70.35
64580,71.13,51.44,70.26
64590,71.14,51.31,70.16
64600,71.16,51.01,70.05
64610,71.17,51.27,69.95
64620,71.17,51.36,69.84
64630,71.18,51.10,69.72
64640,71.18,51.12,69.61
64650,71.17,51.31,69.49
64660,71.16,51.14,69.37
64670,71.17,50.83,69.25
64680,71.15,51.14,69.12
64690,71.13,51.25,68.99
64700,71.13,50.75,68.86
64710,71.11,50.91,68.73
64720,71.09,51.06,68.59
64730,71.07,50.70,68.45
64740,71.05,50.72,68.31
64750,71.03,50.73,68.17
64760,71.00,50.70,68.02
64770,70.99,50.33,67.87
64780,70.96,50.60,67.72
64790,70.93,50.53,67.56
64800,70.91,50.17,67.40
64810,70.87,50.49,67.24
64820,70.83,50.29,67.08
64830,70.80,50.16,66.92
64840,70.76,50.14,66.75
64850,70.72,50.21,66.58
64860,70.69,49.84,66.41
64870,70.64,50.04,66.23
64880,70.59,49.97,66.06
64890,70.55,49.68,65.88
64900,70.50,49.82,65.70
64910,70.44,49.83,65.52
64920,70.39,49.40,65.33
64930,70.33,49.76,65.14
64940,70.27,49.52,64.95
64950,70.21,49.37,64.76
64960,70.14,49.58,64.57
64970,70.08,49.21,64.37
64980,70.01,49.30,64.18
64990,69.92,49.48,63.98
65000,69.85,49.05,63.78
65010,69.76,49.38,63.57
65020,69.68,49.07,63.37
65030,69.60,48.91,63.16
65040,69.51,49.01,62.96
65050,69.41,49.09,62.75
65060,69.32,48.75,62.54
65070,69.22,48.97,62.32
65080,69.10,49.08,62.11
65090,69.00,48.65,61.89
65100,68.89,48.77,61.68
65110,68.78,48.76,61.46
65120,68.67,48.42,61.24
65130,68.54,48.81,61.02
65140,68.43,48.35,60.80
65150,68.31,48.50,60.58
65160,68.18,48.51,60.35
65170,68.05,48.26,60.13
65180,67.92,48.37,59.90
65190,67.79,48.20,59.68
65200,67.64,48.38,59.45
65210,67.51,48.02,59.22
65220,67.36,48.37,58.99
65230,67.21,48.06,58.76
65240,67.06,48.02,58.53
65250,66.91,48.11,58.30
65260,66.75,47.99,58.07
65270,66.59,47.99,57.84
65280,66.43,47.77,57.61
65290,66.25,48.18,57.38
65300,66.08,47.82,57.14
65310,65.91,47.93,56.91
65320,65.74,47.64,56.68
65330,65.55,47.94,56.45
65340,65.37,47.72,56.21
65350,65.18,47.92,55.98
65360,65.00,47.55,55.75
65370,64.80,47.70,55.51
65380,64.61,47.51,55.28
65390,64.41,47.78,55.05
65400,64.21,47.54,54.82
65410,64.00,47.74,54.59
65420,63.80,47.43,54.36
65430,63.59,47.59,54.13
65440,63.39,47.38,53.90
65450,63.17,47.64,53.67
65460,62.95,47.42,53.44
65470,62.73,47.65,53.21
65480,62.51,47.38,52.98
65490,62.28,47.50,52.76
65500,62.07,47.14,52.53
65510,61.84,47.34,52.31
65520,61.62,47.14,52.09
65530,61.39,47.41,51.86
65540,61.16,47.25,51.64
65550,60.91,47.51,51.42
65560,60.68,47.25,51.21
65570,60.43,47.47,50.99
65580,60.19,47.16,50.77
65590,59.94,47.38,50.56
65600,59.71,47.05,50.35
65610,59.46,47.24,50.14
65620,59.23,46.98,49.93
65630,58.97,47.32,49.72
65640,58.73,47.09,49.51
65650,58.47,47.40,49.31
65660,58.21,47.26,49.11
65670,57.95,47.42,48.91
65680,57.69,47.31,48.71
65690,57.42,47.29,48.51
65700,57.16,47.27,48.32
65710,56.91,47.17,48.13
65720,56.65,47.23,47.94
65730,56.39,47.17,47.75
65740,56.12,47.29,47.56
65750,55.86,47.12,47.38
65760,55.60,47.32,47.20
65770,55.34,46.98,47.02
65780,55.08,47.19,46.84
65790,54.83,47.01,46.67
65800,54.56,47.24,46.50
65810,54.31,47.09,46.33
65820,54.05,47.12,46.17
65830,53.79,47.14,46.00
65840,53.53,47.15,45.84
65850,53.27,47.13,45.68
65860,53.02,47.01,45.53
65870,52.75,47.33,45.38
65880,52.50,47.04,45.23
65890,52.24,47.21,45.08
65900,51.98,47.09,44.94
65910,51.72,47.24,44.80
65920,51.48,46.95,44.66
65930,51.23,47.16,44.53
65940,50.98,47.11,44.39
65950,50.73,47.09,44.27
65960,50.48,47.13,44.14
65970,50.24,47.07,44.02
65980,49.99,47.09,43.90
65990,49.76,46.89,43.79
66000,49.52,47.05,43.67
66010,49.30,46.86,43.56
66020,49.06,46.99,43.46
66030,48.85,46.76,43.36
66040,48.62,46.98,43.26
66050,48.40,46.74,43.16
66060,48.19,46.80,43.07
66070,47.97,46.82,42.98
66080,47.76,46.92,42.90
66090,47.56,46.65,42.82
66100,47.34,46.89,42.74
66110,47.15,46.58,42.66
66120,46.95,46.70,42.59
66130,46.76,46.69,42.52
66140,46.57,46.59,42.46
66150,46.38,46.61,42.40
66160,46.20,46.50,42.34
66170,46.02,46.63,42.29
66180,45.85,46.42,42.24
66190,45.68,46.48,42.19
66200,45.52,46.39,42.15
66210,45.36,46.31,42.11
66220,45.20,46.42,42.08
66230,45.06,46.08,42.04
66240,44.90,46.37,42.02
66250,44.77,46.06,41.99
66260,44.64,46.09,41.97
66270,44.50,46.07,41.95
66280,44.39,45.78,41.94
66290,44.26,46.19,41.93
66300,44.15,45.79,41.92
66310,44.04,45.88,41.92
66320,43.93,45.81,41.92
66330,43.83,45.68,41.92
66340,43.73,45.82,41.93
66350,43.64,45.52,41.94
66360,43.55,45.69,41.96
66370,43.47,45.60,41.97
66380,43.40,45.43,41.99
66390,43.32,45.66,42.02
66400,43.25,45.32,42.05
66410,43.19,45.45,42.08
66420,43.12,45.41,42.12
66430,43.08,45.08,42.15
66440,43.03,45.37,42.20
66450,42.98,45.30,42.24
66460,42.94,45.00,42.29
66470,42.90,45.29,42.34
66480,42.87,45.05,42.40
66490,42.84,45.07,42.46
66500,42.81,45.25,42.52
66510,42.79,44.92,42.58
66520,42.77,45.08,42.65
66530,42.75,45.12,42.72
66540,42.74,44.98,42.80
66550,42.73,44.99,42.87
66560,42.71,45.16,42.95
66570,42.71,44.94,43.04
66580,42.71,44.99,43.12
66590,42.70,45.15,43.21
66600,42.71,44.94,43.31
66610,42.72,44.88,43.40
66620,42.72,45.25,43.50
66630,42.73,44.90,43.60
66640,42.74,45.07,43.70
66650,42.75,45.32,43.81
66660,42.76,45.13,43.92
66670,42.78,45.20,44.03
66680,42.79,45.40,44.14
66690,42.81,45.22,44.26
66700,42.82,45.41,44.37
66710,42.83,45.66,44.50
66720,42.84,45.59,44.62
66730,42.86,45.55,44.74
66740,42.86,45.89,44.87
66750,42.88,45.74,45.00
66760,42.90,45.82,45.13
66770,42.91,46.01,45.27
66780,42.92,46.08,45.40
66790,42.94,46.10,45.54
66800,42.94,46.45,45.68
66810,42.96,46.37,45.82
66820,42.97,46.47,45.97
66830,42.98,46.59,46.11
66840,43.00,46.57,46.26
66850,43.02,46.60,46.41
66860,43.02,46.97,46.56
66870,43.04,46.84,46.71
66880,43.06,46.90,46.86
66890,43.08,47.13,47.02
66900,43.10,47.00,47.17
66910,43.12,47.24,47.33
66920,43.14,47.36,47.49
66930,43.17,47.35,47.64
66940,43.18,47.62,47.81
66950,43.22,47.31,47.97
66960,43.25,47.70,48.13
66970,43.28,47.61,48.29
66980,43.31,47.69,48.46
66990,43.35,47.82,48.62
67000,43.39,47.68,48.79
67010,43.43,48.03,48.95
67020,43.48,47.87,49.12
67030,43.53,47.93,49.28
67040,43.58,47.97,49.45
67050,43.63,48.14,49.62
67060,43.70,47.89,49.79
67070,43.75,48.18,49.96
67080,43.83,47.87,50.12
67090,43.90,48.13,50.29
67100,43.99,47.87,50.46
67110,44.07,48.22,50.63
67120,44.15,48.05,50.80
67130,44.23,48.30,50.97
67140,44.33,48.16,51.13
67150,44.42,48.28,51.30
67160,44.51,48.22,51.47
67170,44.61,48.28,51.64
67180,44.72,48.24,51.80
67190,44.82,48.40,51.97
67200,44.93,48.26,52.13
67210,45.04,48.32,52.30
67220,45.17,48.22,52.46
67230,45.29,48.23,52.63
67240,45.41,48.42,52.79
67250,45.54,48.38,52.95
67260,45.66,48.46,53.11
67270,45.79,48.45,53.27
67280,45.92,48.45,53.43
67290,46.05,48.50,53.58
67300,46.19,48.49,53.74
67310,46.32,48.51,53.89
67320,46.47,48.39,54.04
67330,46.61,48.64,54.20
67340,46.76,48.34,54.35
67350,46.91,48.59,54.49
67360,47.06,48.41,54.64
67370,47.21,48.64,54.79
67380,47.36,48.58,54.93
67390,47.51,48.68,55.07
67400,47.67,48.38,55.21
67410,47.83,48.70,55.35
67420,47.99,48.40,55.48
67430,48.15,48.67,55.62
67440,48.32,48.45,55.75
67450,48.48,48.68,55.88
67460,48.65,48.52,56.01
67470,48.82,48.56,56.13
67480,48.98,48.58,56.25
67490,49.15,48.52,56.37
67500,49.32,48.66,56.49
67510,49.50,48.42,56.61
67520,49.66,48.70,56.72
67530,49.85,48.38,56.83
67540,50.01,48.63,56.94
67550,50.20,48.36,57.05
67560,50.37,48.55,57.15
67570,50.56,48.27,57.25
67580,50.74,48.48,57.35
67590,50.92,48.29,57.44
67600,51.10,48.37,57.54
67610,51.29,48.29,57.62
67620,51.47,48.38,57.71
67630,51.65,48.36,57.79
67640,51.83,48.34,57.88
67650,52.01,48.36,57.95
67660,52.19,48.26,58.03
67670,52.36,48.37,58.10
67680,52.55,48.20,58.17
67690,52.73,48.26,58.23
67700,52.91,48.10,58.30
67710,53.08,48.30,58.36
67720,53.27,48.04,58.41
67730,53.44,48.15,58.46
67740,53.62,48.12,58.51
67750,53.79,48.23,58.56
67760,53.96,48.03,58.60
67770,54.13,48.22,58.64
67780,54.30,48.04,58.68
67790,54.47,48.10,58.71
67800,54.63,48.04,58.74
67810,54.79,48.11,58.77
67820,54.96,47.98,58.79
67830,55.12,48.03,58.81
67840,55.28,47.82,58.83
67850,55.44,47.97,58.84
67860,55.59,47.88,58.85
67870,55.74,47.94,58.86
67880,55.90,47.80,58.86
67890,56.05,47.83,58.86
67900,56.19,47.84,58.86
67910,56.34,47.72,58.85
67920,56.48,47.89,58.84
67930,56.62,47.72,58.82
67940,56.75,47.91,58.81
67950,56.88,47.74,58.79
67960,57.01,47.81,58.76
67970,57.14,47.63,58.73
67980,57.25,47.94,58.70
67990,57.36,47.81,58.67
68000,57.46,47.96,58.63
68010,57.57,47.88,58.59
68020,57.66,47.95,58.54
68030,57.76,47.88,58.50
68040,57.84,48.04,58.44
68050,57.92,48.06,58.39
68060,58.00,48.04,58.33
68070,58.07,47.92,58.27
68080,58.14,48.02,58.21
68090,58.21,47.91,58.14
68100,58.27,48.07,58.07
68110,58.34,47.83,57.99
68120,58.39,48.05,57.92
68130,58.44,47.94,57.84
68140,58.49,48.08,57.75
68150,58.53,47.90,57.67
68160,58.57,48.07,57.58
68170,58.61,47.95,57.48
68180,58.64,48.02,57.39
68190,58.67,47.87,57.29
68200,58.69,48.07,57.19
68210,58.71,47.88,57.08
68220,58.72,48.06,56.98
68230,58.74,47.85,56.87
68240,58.74,48.12,56.76
68250,58.74,47.96,56.64
68260,58.73,48.14,56.52
68270,58.74,47.84,56.40
68280,58.72,48.10,56.28
68290,58.71,47.81,56.15
68300,58.70,48.00,56.02
68310,58.68,47.76,55.89
68320,58.66,47.90,55.76
68330,58.64,47.73,55.63
68340,58.62,47.84,55.49
68350,58.59,47.67,55.35
68360,58.56,47.78,55.21
68370,58.53,47.55,55.06
68380,58.50,47.60,54.92
68390,58.47,47.44,54.77
68400,58.43,47.45,54.62
68410,58.40,47.37,54.47
68420,58.36,47.26,54.31
68430,58.32,47.25,54.16
68440,58.29,47.05,54.00
68450,58.24,47.17,53.84
68460,58.20,47.04,53.68
68470,58.14,47.21,53.52
68480,58.11,46.72,53.35
68490,58.05,46.96,53.19
68500,58.00,46.88,53.02
68510,57.94,46.93,52.86
68520,57.88,46.63,52.69
68530,57.82,46.69,52.52
68540,57.76,46.72,52.35
68550,57.70,46.51,52.17
68560,57.62,46.62,52.00
68570,57.56,46.37,51.83
68580,57.48,46.53,51.65
68590,57.42,46.19,51.48
68600,57.34,46.43,51.30
68610,57.26,46.22,51.13
68620,57.18,46.16,50.95
68630,57.10,46.25,50.77
68640,57.02,45.93,50.59
68650,56.93,46.19,50.42
68660,56.84,46.05,50.24
68670,56.75,45.90,50.06
68680,56.65,46.00,49.88
68690,56.55,45.86,49.70
68700,56.45,45.94,49.52
68710,56.35,45.81,49.35
68720,56.24,45.82,49.17
68730,56.13,45.84,48.99
68740,56.02,45.58,48.81
68750,55.91,45.74,48.64
68760,55.79,45.70,48.46
68770,55.67,45.54,48.28
68780,55.55,45.71,48.11
68790,55.43,45.53,47.93
68800,55.30,45.62,47.76
68810,55.16,45.57,47.59
68820,55.04,45.45,47.42
68830,54.90,45.52,47.25
68840,54.77,45.40,47.08
68850,54.63,45.39,46.91
68860,54.48,45.54,46.74
68870,54.34,45.44,46.58
68880,54.18,45.51,46.41
68890,54.03,45.51,46.25
68900,53.88,45.43,46.09
68910,53.72,45.48,45.93
68920,53.56,45.49,45.77
68930,53.40,45.33,45.62
68940,53.23,45.54,45.46
68950,53.06,45.51,45.31
68960,52.90,45.32,45.16
68970,52.73,45.49,45.01
68980,52.55,45.55,44.87
68990,52.38,45.43,44.72
69000,52.20,45.58,44.58
69010,52.01,45.54,44.44
69020,51.84,45.48,44.31
69030,51.65,45.65,44.17
69040,51.46,45.50,44.04
69050,51.28,45.57,43.91
69060,51.09,45.62,43.79
69070,50.90,45.52,43.67
69080,50.71,45.76,43.55
69090,50.52,45.58,43.43
69100,50.32,45.68,43.31
69110,50.12,45.81,43.20
69120,49.94,45.54,43.09
69130,49.74,45.74,42.99
69140,49.55,45.75,42.89
69150,49.36,45.58,42.79
69160,49.16,45.80,42.69
69170,48.97,45.78,42.60
69180,48.77,45.69,42.51
69190,48.58,45.91,42.43
69200,48.38,45.84,42.35
69210,48.19,45.76,42.27
69220,47.99,45.98,42.20
69230,47.81,45.71,42.12
69240,47.62,45.86,42.06
69250,47.42,45.95,42.00
69260,47.24,45.75,41.94
69270,47.05,46.01,41.88
69280,46.86,46.06,41.83
69290,46.68,45.93,41.78
69300,46.49,46.07,41.74
69310,46.30,46.20,41.70
69320,46.12,46.09,41.67
69330,45.93,46.15,41.64
69340,45.75,46.24,41.61
69350,45.57,46.12,41.59
69360,45.39,46.33,41.57
69370,45.22,46.20,41.56
69380,45.05,46.18,41.55
69390,44.88,46.44,41.54
69400,44.72,46.14,41.54
69410,44.56,46.26,41.54
69420,44.39,46.50,41.55
69430,44.23,46.30,41.57
69440,44.07,46.46,41.58
69450,43.92,46.51,41.60
69460,43.77,46.44,41.63
69470,43.61,46.65,41.66
69480,43.48,46.36,41.70
69490,43.34,46.42,41.74
69500,43.21,46.54,41.78
69510,43.09,46.25,41.83
69520,42.96,46.61,41.88
69530,42.84,46.50,41.94
69540,42.73,46.52,42.01
69550,42.61,46.64,42.07
69560,42.50,46.56,42.15
69570,42.39,46.76,42.22
69580,42.29,46.74,42.31
69590,42.20,46.52,42.39
69600,42.11,46.67,42.48
69610,42.03,46.48,42.58
69620,41.95,46.70,42.68
69630,41.87,46.70,42.79
69640,41.81,46.55,42.90
69650,41.73,46.92,43.01
69660,41.67,46.62,43.13
69670,41.62,46.76,43.25
69680,41.57,46.60,43.38
69690,41.53,46.67,43.52
69700,41.50,46.67,43.65
69710,41.47,46.48,43.80
69720,41.44,46.82,43.94
69730,41.43,46.55,44.10
69740,41.41,46.77,44.25
69750,41.41,46.64,44.41
69760,41.41,46.53,44.58
69770,41.42,46.67,44.75
69780,41.44,46.51,44.92
69790,41.45,46.67,45.10
69800,41.47,46.66,45.28
69810,41.50,46.66,45.47
69820,41.53,46.77,45.66
69830,41.57,46.73,45.86
69840,41.60,46.96,46.06
69850,41.65,46.79,46.26
69860,41.70,46.81,46.47
69870,41.74,47.05,46.68
69880,41.81,46.85,46.90
69890,41.85,47.26,47.12
69900,41.92,47.00,47.34
69910,41.98,47.28,47.57
69920,42.06,46.99,47.80
69930,42.13,47.32,48.04
69940,42.22,47.22,48.28
69950,42.30,47.44,48.52
69960,42.38,47.49,48.77
69970,42.48,47.32,49.02
69980,42.57,47.65,49.27
69990,42.67,47.45,49.53
70000,42.77,47.62,49.79
70010,42.88,47.65,50.06
70020,42.99,47.77,50.32
70030,43.11,47.69,50.59
70040,43.23,47.97,50.87
70050,43.35,47.93,51.15
70060,43.47,48.09,51.43
70070,43.61,47.95,51.71
70080,43.74,48.20,52.00
70090,43.88,48.05,52.28
70100,44.02,48.37,52.58
70110,44.17,48.26,52.87
70120,44.31,48.62,53.17
70130,44.46,48.46,53.47
70140,44.61,48.82,53.77
70150,44.76,48.72,54.07
70160,44.92,48.82,54.38
70170,45.09,48.71,54.69
70180,45.24,49.22,55.00
70190,45.41,49.02,55.31
70200,45.59,49.15,55.63
70210,45.77,49.13,55.95
70220,45.95,49.27,56.26
70230,46.13,49.38,56.58
70240,46.32,49.41,56.91
70250,46.51,49.46,57.23
70260,46.71,49.53,57.55
70270,46.90,49.82,57.88
70280,47.10,49.66,58.21
70290,47.30,49.82,58.54
70300,47.52,49.75,58.87
70310,47.73,50.03,59.20
70320,47.95,49.92,59.53
70330,48.17,50.12,59.86
70340,48.40,50.03,60.19
70350,48.63,50.06,60.53
70360,48.86,50.34,60.86
70370,49.11,50.06,61.20
70380,49.35,50.35,61.53
70390,49.60,50.27,61.87
70400,49.85,50.35,62.20
70410,50.10,50.50,62.54
70420,50.36,50.44,62.87
70430,50.63,50.49,63.21
70440,50.89,50.63,63.54
70450,51.17,50.59,63.88
70460,51.43,50.81,64.21
70470,51.71,50.83,64.54
70480,51.99,50.75,64.88
70490,52.26,51.05,65.21
70500,52.55,50.94,65.54
70510,52.84,50.96,65.87
70520,53.11,51.32,66.20
70530,53.42,50.95,66.53
70540,53.70,51.42,66.85
70550,53.99,51.25,67.18
70560,54.30,51.23,67.50
70570,54.59,51.46,67.82
70580,54.90,51.42,68.14
70590,55.20,51.49,68.46
70600,55.51,51.53,68.78
70610,55.81,51.69,69.09
70620,56.13,51.50,69.41
70630,56.44,51.67,69.72
70640,56.75,51.88,70.02
70650,57.08,51.59,70.33
70660,57.40,51.77,70.63
70670,57.71,51.98,70.93
70680,58.03,51.84,71.23
70690,58.37,51.77,71.53
70700,58.68,52.23,71.82
70710,59.01,51.93,72.11
70720,59.35,51.78,72.39
70730,59.68,52.10,72.68
70740,60.01,52.04,72.96
70750,60.35,51.97,73.23
70760,60.68,52.12,73.51
70770,61.01,52.27,73.78
70780,61.35,52.11,74.04
70790,61.70,51.96,74.30
70800,62.04,52.29,74.56
70810,62.38,52.19,74.82
70820,62.73,52.05,75.07
70830,63.07,52.25,75.31
70840,63.41,52.29,75.56
70850,63.75,52.19,75.79
70860,64.09,52.41,76.03
70870,64.42,52.55,76.26
70880,64.76,52.36,76.48
70890,65.10,52.23,76.70
70900,65.44,52.40,76.91
70910,65.77,52.61,77.12
70920,66.10,52.46,77.33
70930,66.45,52.30,77.53
70940,66.77,52.67,77.73
70950,67.10,52.68,77.92
70960,67.43,52.42,78.10
70970,67.76,52.49,78.28
70980,68.09,52.59,78.46
70990,68.42,52.54,78.63
71000,68.76,52.20,78.79
71010,69.08,52.57,78.95
71020,69.39,52.85,79.10
71030,69.70,52.69,79.25
71040,70.02,52.49,79.39
71050,70.35,52.42,79.52
71060,70.66,52.50,79.65
71070,70.96,52.73,79.78
71080,71.29,52.23,79.89
71090,71.59,52.59,80.01
71100,71.89,52.75,80.11
71110,72.19,52.36,80.21
71120,72.51,52.18,80.30
71130,72.81,52.32,80.39
71140,73.10,52.51,80.47
71150,73.40,52.38,80.55
71160,73.70,52.00,80.61
71170,73.99,52.28,80.67
71180,74.26,52.56,80.73
71190,74.54,52.27,80.78
71200,74.84,51.96,80.82
71210,75.12,52.07,80.85
71220,75.38,52.40,80.88
71230,75.64,52.15,80.90
71240,75.92,51.79,80.92
71250,76.19,51.87,80.93
71260,76.43,52.25,80.93
71270,76.68,52.17,80.92
71280,76.93,51.76,80.91
71290,77.17,51.98,80.89
71300,77.39,52.36,80.86
71310,77.61,51.94,80.83
71320,77.84,51.79,80.79
71330,78.05,52.14,80.74
71340,78.25,52.09,80.69
71350,78.46,51.87,80.63
71360,78.65,51.97,80.56
71370,78.83,52.14,80.48
71380,79.00,52.10,80.40
71390,79.18,51.83,80.31
71400,79.35,51.93,80.21
71410,79.50,52.14,80.11
71420,79.66,51.81,80.00
71430,79.82,51.65,79.88
71440,79.94,52.11,79.75
71450,80.07,51.98,79.62
71460,80.21,51.51,79.48
71470,80.33,51.83,79.34
71480,80.44,51.98,79.18
71490,80.54,51.69,79.02
71500,80.65,51.57,78.85
71510,80.74,51.72,78.68
71520,80.83,51.65,78.50
71530,80.92,51.40,78.31
71540,81.00,51.43,78.11
71550,81.06,51.65,77.91
71560,81.13,51.30,77.70
71570,81.19,51.21,77.48
71580,81.22,51.69,77.26
71590,81.26,51.28,77.03
71600,81.31,51.02,76.79
71610,81.32,51.39,76.55
71620,81.34,51.26,76.29
71630,81.36,50.82,76.04
71640,81.36,51.16,75.77
71650,81.35,51.19,75.50
71660,81.35,50.76,75.22
71670,81.34,50.90,74.94
71680,81.31,51.00,74.65
71690,81.29,50.60,74.35
71700,81.25,50.63,74.04
71710,81.20,50.76,73.73
71720,81.17,50.31,73.42
71730,81.11,50.46,73.09
71740,81.05,50.38,72.76
71750,80.99,50.05,72.43
71760,80.93,50.01,72.09
71770,80.84,50.20,71.74
71780,80.77,49.67,71.38
71790,80.69,49.76,71.02
71800,80.59,49.75,70.66
71810,80.51,49.28,70.28
71820,80.40,49.56,69.91
71830,80.28,49.38,69.52
71840,80.18,49.00,69.13
71850,80.05,49.19,68.74
71860,79.93,48.95,68.34
71870,79.80,48.84,67.93
71880,79.65,48.88,67.52
71890,79.51,48.44,67.10
71900,79.35,48.73,66.68
71910,79.20,48.30,66.26
71920,79.03,48.38,65.82
71930,78.85,48.44,65.39
71940,78.68,47.90,64.94
71950,78.48,48.24,64.50
71960,78.29,47.75,64.05
71970,78.09,47.91,63.59
71980,77.88,47.76,63.13
71990,77.67,47.52,62.66
72000,77.44,47.61,62.20
72010,77.21,47.38,61.72
72020,76.97,47.48,61.24
72030,76.73,47.14,60.76
72040,76.46,47.34,60.27
72050,76.21,46.98,59.78
72060,75.92,47.45,59.29
72070,75.64,46.90,58.79
72080,75.35,47.08,58.29
72090,75.06,46.71,57.79
72100,74.74,47.05,57.28
72110,74.43,46.63,56.77
72120,74.11,46.70,56.25
72130,73.78,46.62,55.73
72140,73.43,46.61,55.21
72150,73.08,46.53,54.69
72160,72.73,46.37,54.16
72170,72.36,46.49,53.63
72180,71.99,46.38,53.10
72190,71.60,46.46,52.57
72200,71.21,46.27,52.03
72210,70.81,46.20,51.49
72220,70.40,46.24,50.95
72230,70.00,45.87,50.40
72240,69.58,46.02,49.86
72250,69.17,45.73,49.31
72260,68.73,45.93,48.76
72270,68.30,45.81,48.21
72280,67.86,45.56,47.66
72290,67.41,45.65,47.11
72300,66.96,45.38,46.55
72310,66.50,45.44,45.99
72320,66.04,45.24,45.44
72330,65.58,45.21,44.88
72340,65.10,45.28,44.32
72350,64.62,45.12,43.76
72360,64.12,45.16,43.20
72370,63.63,44.94,42.64
72380,63.14,44.93,42.08
72390,62.63,44.93,41.52
72400,62.13,44.61,40.96
72410,61.62,44.68,40.39
72420,61.10,44.70,39.83
72430,60.58,44.44,39.27
72440,60.05,44.49,38.71
72450,59.53,44.34,38.15
72460,59.00,44.27,37.59
72470,58.46,44.25,37.03
72480,57.91,44.18,36.47
72490,57.37,44.15,35.91
72500,56.82,44.02,35.35
72510,56.26,43.99,34.80
72520,55.71,43.85,34.24
72530,55.14,43.83,33.69
72540,54.58,43.82,33.14
72550,54.01,43.65,32.59
72560,53.44,43.65,32.04
72570,52.86,43.66,31.49
72580,52.29,43.42,30.95
72590,51.71,43.36,30.40
72600,51.13,43.47,29.86
72610,50.54,43.31,29.32
72620,49.96,43.00,28.78
72630,49.38,43.07,28.25
72640,48.79,43.12,27.72
72650,48.20,43.00,27.19
72660,47.61,42.72,26.66
72670,47.02,42.88,26.14
72680,46.42,42.83,25.62
72690,45.83,42.53,25.10
72700,45.24,42.47,24.58
72710,44.65,42.41,24.07
72720,44.06,42.40,23.56
72730,43.46,42.24,23.06
72740,42.88,42.00,22.56
72750,42.29,42.01,22.06
72760,41.70,42.02,21.56
72770,41.11,41.79,21.07
72780,40.53,41.68,20.59
72790,39.96,41.43,20.10
72800,39.38,41.40,19.62
72810,38.79,41.47,19.15
72820,38.21,41.37,18.68
72830,37.63,41.28,18.21
72840,37.06,40.92,17.75
72850,36.50,40.77,17.29
72860,35.93,40.90,16.84
72870,35.35,40.98,16.39
72880,34.79,40.65,15.95
72890,34.24,40.31,15.51
72900,33.68,40.37,15.08
72910,33.14,40.00,14.65
72920,32.61,39.86,14.23
72930,32.06,39.94,13.81
72940,31.52,39.88,13.40
72950,30.98,39.86,12.99
72960,30.44,39.71,12.59
72970,29.91,39.52,12.19
72980,29.39,39.21,11.80
72990,28.88,39.02,11.41
73000,28.39,38.73,11.03
73010,27.90,38.44,10.66
73020,27.42,38.18,10.29
73030,26.95,38.19,9.92
73040,26.48,37.95,9.57
73050,26.02,37.70,9.21
73060,25.57,37.55,8.87
73070,25.12,37.37,8.53
73080,24.69,37.01,8.20
73090,24.26,36.78,7.87
73100,23.84,36.75,7.55
73110,23.43,36.50,7.23
73120,23.00,36.73,6.93
73130,22.58,36.55,6.62
73140,22.15,36.65,6.33
73150,21.71,37.04,6.04
73160,21.26,37.07,5.76
73170,20.82,36.81,5.48
73180,20.39,36.64,5.21
73190,19.99,36.04,4.95
73200,19.64,35.16,4.69
73210,19.29,34.83,4.44
73220,18.88,36.25,4.20
73230,18.49,35.82,3.96
73240,18.13,35.17,3.73
73250,17.79,34.68,3.51
73260,17.45,34.66,3.29
73270,17.10,34.91,3.08
73280,16.76,34.70,2.88
73290,16.44,34.25,2.68
73300,16.12,34.07,2.49
73310,15.79,34.47,2.31
73320,15.48,34.07,2.13
73330,15.20,33.48,1.97
73340,14.89,33.81,1.80
73350,14.60,33.64,1.65
73360,14.33,33.27,1.50
73370,14.05,33.29,1.36
73380,13.77,33.26,1.23
73390,13.52,32.88,1.10
73400,13.25,33.09,0.98
73410,13.00,32.79,0.87
73420,12.76,32.52,0.76
73430,12.53,32.42,0.66
73440,12.29,32.40,0.57
73450,12.07,32.22,0.49
73460,11.85,32.22,0.41
73470,11.64,31.93,0.34
73480,11.42,32.19,0.27
73490,11.22,31.71,0.21
73500,11.03,31.73,0.16
73510,10.84,31.54,0.12
73520,10.66,31.46,0.08
73530,10.47,31.54,0.05
73540,10.31,31.21,0.03
73550,10.14,31.29,0.01
73560,9.99,30.80,0.00
73570,9.84,30.97,0.00
73580,9.70,30.73,0.00
73590,9.55,30.83,0.01
73600,9.42,30.62,0.03
73610,9.29,30.71,0.05
73620,9.16,30.51,0.09
73630,9.05,30.36,0.12
73640,8.94,30.32,0.17
73650,8.84,30.17,0.22
73660,8.73,30.28,0.27
73670,8.65,29.80,0.33
73680,8.55,30.20,0.40
73690,8.47,29.82,0.48
73700,8.39,29.91,0.56
73710,8.32,29.73,0.65
73720,8.25,29.79,0.74
73730,8.18,29.84,0.84
73740,8.13,29.61,0.95
73750,8.06,29.83,1.06
73760,8.01,29.78,1.18
73770,7.97,29.38,1.31
73780,7.93,29.48,1.44
73790,7.89,29.47,1.57
73800,7.86,29.52,1.72
73810,7.82,29.77,1.86
73820,7.78,29.59,2.02
73830,7.76,29.50,2.18
73840,7.73,29.68,2.34
73850,7.72,29.53,2.51
73860,7.71,29.34,2.69
73870,7.70,29.45,2.87
73880,7.70,29.42,3.06
73890,7.71,29.40,3.25
73900,7.70,29.62,3.45
73910,7.70,29.76,3.65
73920,7.71,29.56,3.86
73930,7.73,29.53,4.07
73940,7.74,29.69,4.29
73950,7.76,29.50,4.51
73960,7.79,29.55,4.73
73970,7.82,29.57,4.97
73980,7.87,29.35,5.20
73990,7.92,29.55,5.45
74000,7.95,29.81,5.69
74010,7.98,29.98,5.94
74020,8.02,29.93,6.20
74030,8.06,30.20,6.46
74040,8.10,30.11,6.72
74050,8.16,29.92,6.99
74060,8.21,30.15,7.26
74070,8.26,30.32,7.53
74080,8.31,30.42,7.81
74090,8.36,30.60,8.10
74100,8.40,31.01,8.39
74110,8.45,30.92,8.68
74120,8.51,30.64,8.97
74130,8.58,30.82,9.27
74140,8.64,31.01,9.57
74150,8.72,30.95,9.88
74160,8.79,31.19,10.19
74170,8.86,31.34,10.50
74180,8.93,31.41,10.82
74190,9.01,31.50,11.13
74200,9.08,31.77,11.46
74210,9.15,32.03,11.78
74220,9.21,32.22,12.11
74230,9.27,32.63,12.44
74240,9.33,32.58,12.77
74250,9.40,32.71,13.11
74260,9.47,32.92,13.45
74270,9.55,32.82,13.79
74280,9.62,33.10,14.13
74290,9.69,33.52,14.48
74300,9.77,33.45,14.83
74310,9.84,33.73,15.18
74320,9.92,33.83,15.53
74330,10.00,33.95,15.88
74340,10.07,34.30,16.24
74350,10.16,34.19,16.60
74360,10.24,34.68,16.96
74370,10.34,34.44,17.32
74380,10.41,35.17,17.69
74390,10.50,34.95,18.05
74400,10.59,35.18,18.42
74410,10.68,35.48,18.79
74420,10.77,35.61,19.16
74430,10.88,35.60,19.53
74440,10.98,35.87,19.90
74450,11.09,35.80,20.28
74460,11.19,36.32,20.65
74470,11.31,36.29,21.03
74480,11.41,36.68,21.41
74490,11.54,36.40,21.78
74500,11.65,37.02,22.16
74510,11.76,37.27,22.54
74520,11.89,36.93,22.92
74530,12.01,37.57,23.30
74540,12.14,37.39,23.68
74550,12.28,37.53,24.07
74560,12.41,38.02,24.45
74570,12.54,38.07,24.83
74580,12.70,37.66,25.22
74590,12.85,38.38,25.60
74600,13.00,38.38,25.98
74610,13.16,38.32,26.37
74620,13.34,38.34,26.75
74630,13.50,38.77,27.13
74640,13.66,39.10,27.52
74650,13.83,39.13,27.90
74660,14.03,38.64,28.28
74670,14.23,38.83,28.67
74680,14.42,39.28,29.05
74690,14.61,39.55,29.43
74700,14.82,39.36,29.81
74710,15.05,38.98,30.20
74720,15.30,38.96,30.58
74730,15.53,39.51,30.96
74740,15.74,40.06,31.34
74750,15.95,40.32,31.72
74760,16.17,40.26,32.10
74770,16.42,39.84,32.47
74780,16.68,39.67,32.85
74790,16.97,39.47,33.23
74800,17.25,39.72,33.60
74810,17.50,40.49,33.98
74820,17.73,41.16,34.35
74830,17.96,41.35,34.72
74840,18.20,41.22,35.09
74850,18.45,41.23,35.46
74860,18.74,40.65,35.83
74870,19.05,40.42,36.20
74880,19.37,40.36,36.56
74890,19.70,40.18,36.93
74900,20.04,40.27,37.29
74910,20.38,40.35,37.66
74920,20.71,40.52,38.02
74930,21.04,40.76,38.38
74940,21.38,40.72,38.74
74950,21.71,40.99,39.09
74960,22.06,40.77,39.45
74970,22.40,41.20,39.80
74980,22.74,41.14,40.15
74990,23.08,41.36,40.50
75000,23.42,41.51,40.85
75010,23.77,41.37,41.20
75020,24.11,41.60,41.55
75030,24.46,41.57,41.89
75040,24.82,41.50,42.23
75050,25.17,41.84,42.57
75060,25.53,41.75,42.91
75070,25.88,41.84,43.25
75080,26.24,41.98,43.59
75090,26.60,42.14,43.92
75100,26.96,42.06,44.25
75110,27.32,42.30,44.58
75120,27.68,42.30,44.91
75130,28.02,42.65,45.24
75140,28.38,42.70,45.56
75150,28.71,43.07,45.88
75160,29.05,43.17,46.20
75170,29.39,43.23,46.52
75180,29.72,43.51,46.84
75190,30.06,43.47,47.16
75200,30.40,43.46,47.47
75210,30.75,43.43,47.78
75220,31.11,43.38,48.09
75230,31.46,43.60,48.40
75240,31.80,43.78,48.71
75250,32.15,43.88,49.01
75260,32.48,44.23,49.31
75270,32.82,44.10,49.61
75280,33.17,44.21,49.91
75290,33.51,44.22,50.21
75300,33.86,44.32,50.50
75310,34.19,44.61,50.79
75320,34.53,44.64,51.08
75330,34.86,44.70,51.37
75340,35.21,44.59,51.66
75350,35.55,44.84,51.95
75360,35.89,44.89,52.23
75370,36.23,45.02,52.51
75380,36.58,44.72,52.79
75390,36.93,44.89,53.07
75400,37.27,45.15,53.35
75410,37.61,45.27,53.62
75420,37.95,45.35,53.89
75430,38.29,45.31,54.16
75440,38.62,45.58,54.43
75450,38.95,45.77,54.70
75460,39.28,45.76,54.97
75470,39.63,45.56,55.23
75480,39.94,46.11,55.49
75490,40.27,46.00,55.76
75500,40.61,45.98,56.01
75510,40.92,46.32,56.27
75520,41.24,46.50,56.53
75530,41.57,46.26,56.78
75540,41.87,46.70,57.04
75550,42.18,46.77,57.29
75560,42.50,46.78,57.54
75570,42.81,46.90,57.79
75580,43.10,47.28,58.03
75590,43.41,47.09,58.28
75600,43.70,47.39,58.52
75610,44.00,47.45,58.77
75620,44.30,47.35,59.01
75630,44.59,47.67,59.25
75640,44.88,47.76,59.49
75650,45.18,47.66,59.73
75660,45.45,48.17,59.96
75670,45.74,48.01,60.20
75680,46.03,48.12,60.43
75690,46.31,48.27,60.67
75700,46.59,48.41,60.90
75710,46.86,48.62,61.13
75720,47.14,48.52,61.36
75730,47.41,48.67,61.59
75740,47.69,48.77,61.82
75750,47.95,48.92,62.04
75760,48.22,48.98,62.27
75770,48.50,48.93,62.50
75780,48.76,49.22,62.72
75790,49.04,49.15,62.94
75800,49.30,49.40,63.16
75810,49.57,49.34,63.39
75820,49.82,49.61,63.61
75830,50.09,49.43,63.83
75840,50.35,49.83,64.05
75850,50.61,49.71,64.27
75860,50.87,49.97,64.48
75870,51.13,49.88,64.70
75880,51.38,50.11,64.92
75890,51.64,50.07,65.13
75900,51.89,50.31,65.35
75910,52.14,50.35,65.57
75920,52.40,50.36,65.78
75930,52.65,50.52,66.00
75940,52.90,50.46,66.21
75950,53.15,50.74,66.42
75960,53.40,50.61,66.64
75970,53.65,50.83,66.85
75980,53.90,50.79,67.06
75990,54.15,50.87,67.27
76000,54.40,51.08,67.49
76010,54.65,51.06,67.70
76020,54.89,51.35,67.91
76030,55.13,51.27,68.12
76040,55.38,51.27,68.33
76050,55.62,51.54,68.54
76060,55.87,51.46,68.75
76070,56.11,51.54,68.97
76080,56.35,51.75,69.18
76090,56.60,51.57,69.39
76100,56.84,51.82,69.60
76110,57.08,51.96,69.81
76120,57.33,51.72,70.02
76130,57.58,51.99,70.23
76140,57.82,52.02,70.44
76150,58.07,51.94,70.65
76160,58.32,52.09,70.86
76170,58.56,52.28,71.08
76180,58.82,52.00,71.29
76190,59.07,52.11,71.50
76200,59.31,52.48,71.71
76210,59.57,52.25,71.92
76220,59.82,52.29,72.13
76230,60.07,52.51,72.35
76240,60.32,52.52,72.56
76250,60.58,52.34,72.77
76260,60.83,52.56,72.99
76270,61.08,52.66,73.20
76280,61.35,52.50,73.41
76290,61.60,52.62,73.63
76300,61.85,52.93,73.84
76310,62.10,52.89,74.06
76320,62.37,52.50,74.27
76330,62.64,52.71,74.49
76340,62.89,53.01,74.70
76350,63.15,52.91,74.92
76360,63.42,52.83,75.14
76370,63.68,53.05,75.36
76380,63.93,53.30,75.57
76390,64.19,52.97,75.79
76400,64.47,52.84,76.01
76410,64.74,53.06,76.23
76420,64.99,53.36,76.45
76430,65.25,53.38,76.67
76440,65.51,53.42,76.89
76450,65.77,53.40,77.11
76460,66.03,53.43,77.33
76470,66.30,53.46,77.55
76480,66.57,53.36,77.77
76490,66.84,53.48,77.99
76500,67.09,53.88,78.21
76510,67.33,54.00,78.44
76520,67.60,53.64,78.66
76530,67.87,53.70,78.88
76540,68.13,53.84,79.11
76550,68.38,54.18,79.33
76560,68.63,54.25,79.55
76570,68.89,53.98,79.78
76580,69.16,54.03,80.00
76590,69.41,54.18,80.23
76600,69.66,54.56,80.45
76610,69.90,54.64,80.68
76620,70.15,54.57,80.91
76630,70.41,54.38,81.13
76640,70.67,54.52,81.36
76650,70.92,54.69,81.59
76660,71.16,54.88,81.81
76670,71.40,55.02,82.04
76680,71.65,55.00,82.27
76690,71.90,54.89,82.49
76700,72.16,54.84,82.72
76710,72.41,55.00,82.95
76720,72.66,55.13,83.18
76730,72.90,55.41,83.40
76740,73.13,55.51,83.63
76750,73.37,55.50,83.86
76760,73.62,55.43,84.09
76770,73.87,55.32,84.31
76780,74.13,55.29,84.54
76790,74.40,55.24,84.77
76800,74.66,55.29,85.00
76810,74.92,55.34,85.22
76820,75.18,55.53,85.45
76830,75.44,55.58,85.68
76840,75.69,55.71,85.90
76850,75.94,55.76,86.13
76860,76.20,55.79,86.35
76870,76.45,55.77,86.58
76880,76.72,55.70,86.80
76890,76.99,55.60,87.03
76900,77.26,55.49,87.25
76910,77.54,55.50,87.48
76920,77.82,55.62,87.70
76930,78.09,55.70,87.92
76940,78.36,55.78,88.14
76950,78.62,55.98,88.36
76960,78.89,55.86,88.58
76970,79.15,56.10,88.80
76980,79.41,56.13,89.02
76990,79.68,56.07,89.24
77000,79.94,56.15,89.45
77010,80.21,55.99,89.67
77020,80.49,55.84,89.89
77030,80.77,56.00,90.10
77040,81.06,55.67,90.31
77050,81.35,55.71,90.52
77060,81.64,55.78,90.73
77070,81.92,55.93,90.94
77080,82.22,55.62,91.15
77090,82.49,56.10,91.36
77100,82.77,56.06,91.57
77110,83.05,56.05,91.77
77120,83.32,56.24,91.97
77130,83.59,56.20,92.17
77140,83.86,56.32,92.37
77150,84.12,56.35,92.57
77160,84.40,56.17,92.77
77170,84.66,56.46,92.96
77180,84.93,56.35,93.16
77190,85.20,56.25,93.35
77200,85.47,56.36,93.54
77210,85.75,56.23,93.73
77220,86.03,56.09,93.91
77230,86.31,56.10,94.10
77240,86.59,56.14,94.28
77250,86.88,55.97,94.46
77260,87.17,55.91,94.64
77270,87.47,55.79,94.82
77280,87.76,55.85,94.99
77290,88.05,55.77,95.16
77300,88.34,55.90,95.33
77310,88.63,55.77,95.50
77320,88.92,55.82,95.66
77330,89.20,55.83,95.82
77340,89.48,55.90,95.98
77350,89.75,56.07,96.14
77360,90.02,56.11,96.30
77370,90.29,56.07,96.45
77380,90.55,56.18,96.60
77390,90.81,56.15,96.74
77400,91.07,56.19,96.89
77410,91.33,56.23,97.03
77420,91.59,56.14,97.17
77430,91.85,55.99,97.30
77440,92.11,56.03,97.44
77450,92.37,55.90,97.57
77460,92.64,55.77,97.69
77470,92.91,55.76,97.82
77480,93.18,55.65,97.94
77490,93.45,55.51,98.05
77500,93.73,55.42,98.17
77510,94.01,55.24,98.28
77520,94.29,55.07,98.39
77530,94.57,55.02,98.49
77540,94.84,55.30,98.59
77550,95.12,54.97,98.69
77560,95.40,54.85,98.78
77570,95.68,54.70,98.87
77580,95.95,54.89,98.96
77590,96.21,54.96,99.04
77600,96.47,55.07,99.12
77610,96.72,55.04,99.20
77620,96.96,55.02,99.27
77630,97.22,54.71,99.34
77640,97.48,54.58,99.40
77650,97.74,54.31,99.46
77660,98.01,54.13,99.52
77670,98.28,54.14,99.57
77680,98.54,54.14,99.62
77690,98.79,54.15,99.67
77700,99.02,54.37,99.71
77710,99.25,54.45,99.75
77720,99.48,54.28,99.78
77730,99.72,54.04,99.81
77740,99.96,53.75,99.83
77750,100.21,53.55,99.85
77760,100.45,53.46,99.87
77770,100.68,53.61,99.88
77780,100.90,53.81,99.89
77790,101.09,54.01,99.90
77800,101.30,53.67,99.90
77810,101.52,53.37,99.89
77820,101.74,53.17,99.88
77830,101.95,53.19,99.87
77840,102.14,53.47,99.85
77850,102.31,53.73,99.83
77860,102.49,53.56,99.80
77870,102.67,53.15,99.77
77880,102.87,52.90,99.74
77890,103.05,52.93,99.70
77900,103.20,53.33,99.66
77910,103.35,53.42,99.61
77920,103.50,53.18,99.55
77930,103.66,52.75,99.50
77940,103.82,52.67,99.44
77950,103.95,53.15,99.37
77960,104.06,53.29,99.30
77970,104.19,52.83,99.22
77980,104.33,52.46,99.14
77990,104.46,52.54,99.06
78000,104.57,52.78,98.97
78010,104.67,52.84,98.88
78020,104.78,52.46,98.78
78030,104.89,52.19,98.68
78040,104.98,52.43,98.57
78050,105.06,52.70,98.46
78060,105.13,52.52,98.34
78070,105.23,51.93,98.22
78080,105.31,52.08,98.10
78090,105.36,52.56,97.97
78100,105.41,52.38,97.83
78110,105.48,51.83,97.69
78120,105.53,51.96,97.55
78130,105.56,52.33,97.40
78140,105.58,52.26,97.25
78150,105.62,51.79,97.09
78160,105.64,51.90,96.93
78170,105.63,52.37,96.77
78180,105.64,52.04,96.60
78190,105.66,51.37,96.42
78200,105.66,51.82,96.25
78210,105.63,52.17,96.06
78220,105.62,51.57,95.88
78230,105.61,51.43,95.68
78240,105.57,51.94,95.49
78250,105.53,51.71,95.29
78260,105.51,51.22,95.08
78270,105.47,51.35,94.87
78280,105.41,51.57,94.66
78290,105.37,51.02,94.45
78300,105.34,50.74,94.22
78310,105.28,51.17,94.00
78320,105.21,50.98,93.77
78330,105.17,50.41,93.54
78340,105.10,50.78,93.30
78350,105.02,50.78,93.06
78360,104.96,50.15,92.81
78370,104.89,50.38,92.56
78380,104.80,50.48,92.31
78390,104.72,49.95,92.06
78400,104.63,50.01,91.79
78410,104.53,50.23,91.53
78420,104.44,49.61,91.26
78430,104.34,49.82,90.99
78440,104.21,49.99,90.72
78450,104.12,49.30,90.44
78460,103.99,49.78,90.16
78470,103.86,49.57,89.87
78480,103.74,49.19,89.58
78490,103.59,49.64,89.29
78500,103.45,49.12,88.99
78510,103.31,49.17,88.70
78520,103.14,49.34,88.39
78530,102.99,48.89,88.09
78540,102.81,49.37,87.78
78550,102.64,48.91,87.47
78560,102.45,49.09,87.15
78570,102.25,49.19,86.84
78580,102.07,48.69,86.52
78590,101.85,49.27,86.19
78600,101.65,48.63,85.87
78610,101.44,48.55,85.54
78620,101.20,49.17,85.21
78630,100.98,48.64,84.88
78640,100.73,48.97,84.54
78650,100.46,49.18,84.20
78660,100.21,48.72,83.86
78670,99.93,49.08,83.52
78680,99.67,48.73,83.17
78690,99.38,48.90,82.82
78700,99.09,48.94,82.47
78710,98.80,48.80,82.12
78720,98.49,49.02,81.77
78730,98.19,48.63,81.41
78740,97.85,49.26,81.06
78750,97.54,48.60,80.70
78760,97.20,49.15,80.34
78770,96.87,48.76,79.97
78780,96.51,49.19,79.61
78790,96.17,48.78,79.24
78800,95.81,49.02,78.88
78810,95.44,48.93,78.51
78820,95.07,49.12,78.14
78830,94.68,49.17,77.77
78840,94.30,49.06,77.39
78850,93.89,49.42,77.02
78860,93.49,49.22,76.65
78870,93.06,49.57,76.27
78880,92.66,49.08,75.89
78890,92.22,49.58,75.52
78900,91.80,49.37,75.14
78910,91.35,49.74,74.76
78920,90.91,49.39,74.38
78930,90.46,49.73,74.00
78940,90.00,49.76,73.62
78950,89.54,49.54,73.24
78960,89.06,50.04,72.86
78970,88.59,49.78,72.48
78980,88.11,50.09,72.10
78990,87.63,49.78,71.72
79000,87.14,50.17,71.34
79010,86.64,50.12,70.96
79020,86.14,50.11,70.58
79030,85.62,50.56,70.20
79040,85.13,50.02,69.82
79050,84.60,50.57,69.44
79060,84.09,50.39,69.06
79070,83.57,50.47,68.68
79080,83.04,50.61,68.30
79090,82.52,50.40,67.92
79100,81.98,50.85,67.55
79110,81.45,50.59,67.17
79120,80.91,50.87,66.80
79130,80.36,51.03,66.42
79140,79.83,50.67,66.05
79150,79.27,51.24,65.68
79160,78.73,50.82,65.31
79170,78.18,51.07,64.94
79180,77.62,51.34,64.57
79190,77.08,50.98,64.20
79200,76.51,51.40,63.84
79210,75.95,51.48,63.47
79220,75.40,51.17,63.11
79230,74.83,51.66,62.75
79240,74.27,51.53,62.39
79250,73.71,51.47,62.04
79260,73.14,51.81,61.68
79270,72.58,51.63,61.33
79280,72.02,51.69,60.98
79290,71.45,51.88,60.63
79300,70.88,51.88,60.28
79310,70.33,51.71,59.94
79320,69.76,52.06,59.59
79330,69.20,51.94,59.25
79340,68.65,51.81,58.92
79350,68.09,52.06,58.58
79360,67.54,51.99,58.25
79370,67.01,51.64,57.92
79380,66.46,51.99,57.59
79390,65.91,52.07,57.27
79400,65.38,51.77,56.94
79410,64.85,51.88,56.62
79420,64.32,51.94,56.31
79430,63.80,51.87,55.99
79440,63.29,51.65,55.68
79450,62.77,51.91,55.38
79460,62.26,51.92,55.07
79470,61.77,51.44,54.77
79480,61.27,51.69,54.47
79490,60.77,51.84,54.17
79500,60.29,51.39,53.88
79510,59.82,51.39,53.59
79520,59.34,51.53,53.31
79530,58.88,51.37,53.03
79540,58.43,51.14,52.75
79550,57.98,51.19,52.47
79560,57.53,51.20,52.20
79570,57.10,50.93,51.93
79580,56.67,50.97,51.67
79590,56.24,51.12,51.41
79600,55.83,50.80,51.15
79610,55.42,50.66,50.89
79620,55.02,50.74,50.64
79630,54.63,50.41,50.40
79640,54.26,50.16,50.15
79650,53.88,50.30,49.92
79660,53.53,49.86,49.68
79670,53.18,49.95,49.45
79680,52.83,49.88,49.22
79690,52.51,49.37,49.00
79700,52.18,49.48,48.78
79710,51.86,49.44,48.56
79720,51.55,49.31,48.35
79730,51.25,49.02,48.14
79740,50.95,49.21,47.94
79750,50.65,49.17,47.74
79760,50.37,48.71,47.54
79770,50.10,48.77,47.35
79780,49.83,48.52,47.17
79790,49.58,48.41,46.98
79800,49.32,48.47,46.80
79810,49.08,48.01,46.63
79820,48.84,48.26,46.46
79830,48.61,48.00,46.29
79840,48.38,47.85,46.13
79850,48.16,47.80,45.97
79860,47.96,47.51,45.81
79870,47.76,47.52,45.66
79880,47.57,47.12,45.52
79890,47.38,47.38,45.37
79900,47.20,46.98,45.24
79910,47.02,47.09,45.10
79920,46.86,46.70,44.97
79930,46.70,46.78,44.85
79940,46.55,46.41,44.72
79950,46.40,46.59,44.61
79960,46.27,46.18,44.49
79970,46.13,46.33,44.38
79980,46.01,45.92,44.28
79990,45.88,46.02,44.18
80000,45.76,45.85,44.08
80010,45.65,55.19,60.00
80020,45.54,55.06,60.00
80030,45.44,55.30,60.00
80040,45.34,55.30,60.00
80050,45.24,55.52,60.00
80060,45.16,55.11,60.00
80070,45.09,55.22,60.00
80080,45.03,55.15,60.00
80090,44.99,54.83,60.00
80100,44.97,54.40,60.00
80110,44.97,54.31,60.00
80120,44.97,54.27,60.00
80130,44.98,54.17,60.00
80140,45.02,53.81,60.00
80150,45.08,53.32,60.00
80160,45.17,52.87,60.00
80170,45.26,52.77,60.00
80180,45.36,52.63,60.00
80190,45.47,52.59,60.00
80200,45.60,52.25,60.00
80210,45.74,51.89,60.00
80220,45.91,51.43,60.00
80230,46.08,51.38,60.00
80240,46.26,51.09,60.00
80250,46.47,50.56,60.00
80260,46.69,50.17,60.00
80270,46.92,49.97,60.00
80280,47.16,49.86,60.00
80290,47.41,49.52,60.00
80300,47.67,49.15,60.00
80310,47.93,49.22,60.00
80320,48.19,49.09,60.00
80330,48.48,48.49,60.00
80340,48.76,48.42,60.00
80350,49.04,48.42,60.00
80360,49.35,47.81,60.00
80370,49.66,47.67,60.00
80380,49.96,47.68,60.00
80390,50.29,47.08,60.00
80400,50.60,47.21,60.00
80410,50.92,46.92,60.00
80420,51.25,46.67,60.00
80430,51.56,46.78,60.00
80440,51.90,46.27,60.00
80450,52.22,46.45,60.00
80460,52.55,45.99,60.00
80470,52.88,46.00,60.00
80480,53.21,45.84,60.00
80490,53.53,45.83,60.00
80500,53.85,45.65,60.00
80510,54.17,45.48,60.00
80520,54.50,45.30,60.00
80530,54.82,45.32,60.00
80540,55.13,45.18,60.00
80550,55.43,45.33,60.00
80560,55.74,45.10,60.00
80570,56.04,45.20,60.00
80580,56.33,44.99,60.00
80590,56.62,45.00,60.00
80600,56.90,45.01,60.00
80610,57.18,45.05,60.00
80620,57.44,45.14,60.00
80630,57.70,44.98,60.00
80640,57.94,45.23,60.00
80650,58.19,45.06,60.00
80660,58.43,45.01,60.00
80670,58.65,45.27,60.00
80680,58.87,45.28,60.00
80690,59.07,45.44,60.00
80700,59.27,45.41,60.00
80710,59.46,45.48,60.00
80720,59.63,45.85,60.00
80730,59.79,45.98,60.00
80740,59.94,45.96,60.00
80750,60.08,46.07,60.00
80760,60.21,46.30,60.00
80770,60.34,46.27,60.00
80780,60.45,46.52,60.00
80790,60.56,46.48,60.00
80800,60.64,46.85,60.00
80810,60.73,46.86,60.00
80820,60.80,47.07,60.00
80830,60.86,47.26,60.00
80840,60.92,47.13,60.00
80850,60.96,47.59,60.00
80860,61.00,47.68,60.00
80870,61.02,47.84,60.00
80880,61.03,48.19,60.00
80890,61.04,48.04,60.00
80900,61.04,48.33,60.00
80910,61.04,48.26,60.00
80920,61.03,48.51,60.00
80930,61.01,48.80,60.00
80940,60.99,48.76,60.00
80950,60.95,49.09,60.00
80960,60.92,48.95,60.00
80970,60.87,49.33,60.00
80980,60.83,49.21,60.00
80990,60.77,49.50,60.00
81000,60.72,49.39,60.00
81010,60.66,49.73,60.00
81020,60.60,49.69,60.00
81030,60.53,49.93,60.00
81040,60.47,49.76,60.00
81050,60.40,49.99,60.00
81060,60.33,49.99,60.00
81070,60.25,50.25,60.00
81080,60.19,50.00,60.00
81090,60.12,50.16,60.00
81100,60.04,50.38,60.00
81110,59.98,49.99,60.00
81120,59.91,50.41,60.00
81130,59.84,50.20,60.00
81140,59.78,50.22,60.00
81150,59.71,50.32,60.00
81160,59.65,50.23,60.00
81170,59.58,50.50,60.00
81180,59.52,50.32,60.00
81190,59.46,50.33,60.00
81200,59.39,50.57,60.00
81210,59.34,50.36,60.00
81220,59.27,50.65,60.00
81230,59.21,50.36,60.00
81240,59.16,50.45,60.00
81250,59.10,50.51,60.00
81260,59.06,50.30,60.00
81270,59.00,50.71,60.00
81280,58.96,50.17,60.00
81290,58.90,50.66,60.00
81300,58.86,50.38,60.00
81310,58.82,50.39,60.00
81320,58.78,50.46,60.00
81330,58.74,50.43,60.00
81340,58.71,50.37,60.00
81350,58.66,50.68,60.00
81360,58.64,50.07,60.00
81370,58.61,50.47,60.00
81380,58.59,50.22,60.00
81390,58.57,50.19,60.00
81400,58.55,50.26,60.00
81410,58.53,50.14,60.00
81420,58.52,50.03,60.00
81430,58.50,50.30,60.00
81440,58.51,49.78,60.00
81450,58.49,50.20,60.00
81460,58.49,49.92,60.00
81470,58.50,49.85,60.00
81480,58.49,50.06,60.00
81490,58.51,49.62,60.00
81500,58.51,49.88,60.00
81510,58.52,49.71,60.00
81520,58.53,49.74,60.00
81530,58.54,49.80,60.00
81540,58.55,49.73,60.00
81550,58.57,49.69,60.00
81560,58.58,49.78,60.00
81570,58.59,49.68,60.00
81580,58.60,49.83,60.00
81590,58.61,49.68,60.00
81600,58.62,49.75,60.00
81610,58.63,49.80,60.00
81620,58.65,49.59,60.00
81630,58.66,49.79,60.00
81640,58.68,49.66,60.00
81650,58.69,49.72,60.00
81660,58.70,49.80,60.00
81670,58.72,49.68,60.00
81680,58.72,49.98,60.00
81690,58.73,49.72,60.00
81700,58.74,49.87,60.00
81710,58.74,49.91,60.00
81720,58.76,49.72,60.00
81730,58.76,49.96,60.00
81740,58.77,49.90,60.00
81750,58.76,50.06,60.00
81760,58.76,50.07,60.00
81770,58.76,50.02,60.00
81780,58.76,50.11,60.00
81790,58.76,50.08,60.00
81800,58.76,50.09,60.00
81810,58.75,50.17,60.00
81820,58.75,50.20,60.00
81830,58.75,50.09,60.00
81840,58.75,50.08,60.00
81850,58.74,50.30,60.00
81860,58.74,50.26,60.00
81870,58.74,50.12,60.00
81880,58.74,50.16,60.00
81890,58.73,50.21,60.00
81900,58.73,50.21,60.00
81910,58.73,50.16,60.00
81920,58.73,50.17,60.00
81930,58.74,50.05,60.00
81940,58.73,50.33,60.00
81950,58.74,50.06,60.00
81960,58.75,50.15,60.00
81970,58.75,50.19,60.00
81980,58.76,50.00,60.00
81990,58.75,50.33,60.00
82000,58.76,49.99,60.00
82010,58.76,50.29,60.00
82020,58.77,50.16,60.00
82030,58.78,50.10,60.00
82040,58.77,50.42,60.00
82050,58.78,49.97,60.00
82060,58.79,50.19,60.00
82070,58.79,50.16,60.00
82080,58.80,50.13,60.00
82090,58.80,50.33,60.00
82100,58.81,50.00,60.00
82110,58.81,50.35,60.00
82120,58.82,50.17,60.00
82130,58.82,50.22,60.00
82140,58.81,50.52,60.00
82150,58.82,50.16,60.00
82160,58.81,50.45,60.00
82170,58.82,50.23,60.00
82180,58.82,50.25,60.00
82190,58.82,50.44,60.00
82200,58.82,50.28,60.00
82210,58.82,50.42,60.00
82220,58.82,50.29,60.00
82230,58.83,50.27,60.00
82240,58.83,50.38,60.00
82250,58.84,50.24,60.00
82260,58.84,50.41,60.00
82270,58.84,50.36,60.00
82280,58.85,50.20,60.00
82290,58.84,50.58,60.00
82300,58.85,50.23,60.00
82310,58.85,50.45,60.00
82320,58.85,50.39,60.00
82330,58.86,50.22,60.00
82340,58.86,50.59,60.00
82350,58.86,50.35,60.00
82360,58.87,50.31,60.00
82370,58.87,50.45,60.00
82380,58.88,50.21,60.00
82390,58.89,50.39,60.00
82400,58.89,50.43,60.00
82410,58.90,50.23,60.00
82420,58.90,50.54,60.00
82430,58.91,50.29,60.00
82440,58.91,50.50,60.00
82450,58.91,50.40,60.00
82460,58.92,50.25,60.00
82470,58.91,50.69,60.00
82480,58.92,50.37,60.00
82490,58.92,50.56,60.00
82500,58.92,50.56,60.00
82510,58.92,50.44,60.00
82520,58.92,50.63,60.00
82530,58.92,50.50,60.00
82540,58.93,50.38,60.00
82550,58.92,50.76,60.00
82560,58.93,50.29,60.00
82570,58.93,50.65,60.00
82580,58.93,50.57,60.00
82590,58.94,50.37,60.00
82600,58.93,50.78,60.00
82610,58.93,50.61,60.00
82620,58.94,50.49,60.00
82630,58.93,50.76,60.00
82640,58.94,50.45,60.00
82650,58.94,50.63,60.00
82660,58.94,50.61,60.00
82670,58.95,50.49,60.00
82680,58.94,50.79,60.00
82690,58.94,50.55,60.00
82700,58.95,50.59,60.00
82710,58.95,50.70,60.00
82720,58.96,50.46,60.00
82730,58.95,50.69,60.00
82740,58.96,50.59,60.00
82750,58.97,50.43,60.00
82760,58.97,50.77,60.00
82770,58.98,50.45,60.00
82780,58.99,50.55,60.00
82790,58.99,50.69,60.00
82800,59.00,50.32,60.00
82810,59.01,50.66,60.00
82820,59.02,50.50,60.00
82830,59.03,50.35,60.00
82840,59.03,50.71,60.00
82850,59.05,50.34,60.00
82860,59.06,50.41,60.00
82870,59.07,50.52,60.00
82880,59.10,50.25,60.00
82890,59.10,50.59,60.00
82900,59.11,50.49,60.00
82910,59.12,50.46,60.00
82920,59.12,50.68,60.00
82930,59.14,50.40,60.00
82940,59.15,50.52,60.00
82950,59.16,50.48,60.00
82960,59.16,50.61,60.00
82970,59.16,50.76,60.00
82980,59.16,50.65,60.00
82990,59.17,50.62,60.00
83000,59.17,50.67,60.00
83010,59.17,50.64,60.00
83020,59.17,50.70,60.00
83030,59.17,50.77,60.00
83040,59.18,50.62,60.00
83050,59.17,50.86,60.00
83060,59.17,50.78,60.00
83070,59.17,50.79,60.00
83080,59.18,50.55,60.00
83090,59.17,50.89,60.00
83100,59.18,50.60,60.00
83110,59.18,50.71,60.00
83120,59.18,50.80,60.00
83130,59.19,50.60,60.00
83140,59.19,50.75,60.00
83150,59.19,50.84,60.00
83160,59.20,50.48,60.00
83170,59.20,50.88,60.00
83180,59.21,50.64,60.00
83190,59.21,50.76,60.00
83200,59.21,50.82,60.00
83210,59.21,50.71,60.00
83220,59.22,50.62,60.00
83230,59.22,50.93,60.00
83240,59.23,50.48,60.00
83250,59.23,50.79,60.00
83260,59.24,50.70,60.00
83270,59.25,50.55,60.00
83280,59.25,50.83,60.00
83290,59.26,50.66,60.00
83300,59.27,50.65,60.00
83310,59.26,50.94,60.00
83320,59.28,50.54,60.00
83330,59.28,50.79,60.00
83340,59.28,50.70,60.00
83350,59.30,50.53,60.00
83360,59.30,50.79,60.00
83370,59.31,50.62,60.00
83380,59.32,50.62,60.00
83390,59.33,50.72,60.00
83400,59.34,50.62,60.00
83410,59.35,50.65,60.00
83420,59.34,50.87,60.00
83430,59.36,50.52,60.00
83440,59.36,50.72,60.00
83450,59.37,50.70,60.00
83460,59.39,50.42,60.00
83470,59.40,50.68,60.00
83480,59.40,50.71,60.00
83490,59.42,50.45,60.00
83500,59.42,50.79,60.00
83510,59.44,50.51,60.00
83520,59.45,50.47,60.00
83530,59.46,50.68,60.00
83540,59.48,50.38,60.00
83550,59.49,50.52,60.00
83560,59.51,50.58,60.00
83570,59.53,50.38,60.00
83580,59.54,50.52,60.00
83590,59.55,50.59,60.00
83600,59.57,50.34,60.00
83610,59.58,50.58,60.00
83620,59.59,50.50,60.00
83630,59.61,50.27,60.00
83640,59.62,50.58,60.00
83650,59.64,50.35,60.00
83660,59.66,50.42,60.00
83670,59.67,50.57,60.00
83680,59.68,50.33,60.00
83690,59.69,50.56,60.00
83700,59.70,50.57,60.00
83710,59.72,50.21,60.00
83720,59.72,50.74,60.00
83730,59.75,50.22,60.00
83740,59.76,50.47,60.00
83750,59.77,50.45,60.00
83760,59.79,50.30,60.00
83770,59.80,50.47,60.00
83780,59.81,50.46,60.00
83790,59.82,50.30,60.00
83800,59.83,50.59,60.00
83810,59.84,50.36,60.00
83820,59.86,50.26,60.00
83830,59.86,50.59,60.00
83840,59.88,50.32,60.00
83850,59.89,50.43,60.00
83860,59.89,50.51,60.00
83870,59.90,50.40,60.00
83880,59.91,50.52,60.00
83890,59.91,50.50,60.00
83900,59.93,50.32,60.00
83910,59.92,50.72,60.00
83920,59.93,50.46,60.00
83930,59.93,50.52,60.00
83940,59.93,50.64,60.00
83950,59.93,50.55,60.00
83960,59.94,50.50,60.00
83970,59.93,50.81,60.00
83980,59.94,50.35,60.00
83990,59.93,50.86,60.00
84000,59.93,50.56,60.00
84010,59.93,50.65,60.00
84020,59.92,50.70,60.00
84030,59.92,50.64,60.00
84040,59.92,50.64,60.00
84050,59.92,50.65,60.00
84060,59.92,50.63,60.00
84070,59.92,50.57,60.00
84080,59.91,50.89,60.00
84090,59.92,50.33,60.00
84100,59.93,50.49,60.00
84110,59.93,50.68,60.00
84120,59.92,50.67,60.00
84130,59.93,50.45,60.00
84140,59.93,50.58,60.00
84150,59.93,50.58,60.00
84160,59.94,50.58,60.00
84170,59.94,50.44,60.00
84180,59.93,50.82,60.00
84190,59.94,50.54,60.00
84200,59.94,50.52,60.00
84210,59.93,50.90,60.00
84220,59.93,50.51,60.00
84230,59.93,50.77,60.00
84240,59.92,50.68,60.00
84250,59.93,50.57,60.00
84260,59.92,50.70,60.00
84270,59.92,50.67,60.00
84280,59.93,50.45,60.00
84290,59.92,50.76,60.00
84300,59.92,50.70,60.00
84310,59.92,50.48,60.00
84320,59.91,50.85,60.00
84330,59.92,50.55,60.00
84340,59.91,50.72,60.00
84350,59.90,50.82,60.00
84360,59.91,50.57,60.00
84370,59.91,50.63,60.00
84380,59.90,50.81,60.00
84390,59.91,50.49,60.00
84400,59.90,50.72,60.00
84410,59.91,50.58,60.00
84420,59.91,50.53,60.00
84430,59.90,50.86,60.00
84440,59.91,50.53,60.00
84450,59.91,50.67,60.00
84460,59.90,50.74,60.00
84470,59.90,50.68,60.00
84480,59.90,50.60,60.00
84490,59.89,50.90,60.00
84500,59.90,50.46,60.00
84510,59.89,50.79,60.00
84520,59.89,50.67,60.00
84530,59.89,50.61,60.00
84540,59.89,50.84,60.00
84550,59.89,50.60,60.00
84560,59.89,50.52,60.00
84570,59.89,50.76,60.00
84580,59.89,50.60,60.00
84590,59.90,50.47,60.00
84600,59.89,50.84,60.00
84610,59.90,50.49,60.00
84620,59.90,50.71,60.00
84630,59.90,50.73,60.00
84640,59.90,50.50,60.00
84650,59.90,50.79,60.00
84660,59.89,50.71,60.00
84670,59.90,50.53,60.00
84680,59.90,50.75,60.00
84690,59.89,50.73,60.00
84700,59.90,50.50,60.00
84710,59.89,50.92,60.00
84720,59.90,50.35,60.00
84730,59.89,50.88,60.00
84740,59.90,50.63,60.00
84750,59.90,50.62,60.00
84760,59.90,50.64,60.00
84770,59.89,50.78,60.00
84780,59.90,50.56,60.00
84790,59.90,50.69,60.00
84800,59.90,50.66,60.00
84810,59.91,50.50,60.00
84820,59.89,50.99,60.00
84830,59.90,50.46,60.00
84840,59.90,50.77,60.00
84850,59.90,50.69,60.00
84860,59.90,50.66,60.00
84870,59.90,50.62,60.00
84880,59.89,50.83,60.00
84890,59.91,50.41,60.00
84900,59.90,50.79,60.00
84910,59.90,50.62,60.00
84920,59.91,50.54,60.00
84930,59.90,50.86,60.00
84940,59.90,50.62,60.00
84950,59.90,50.79,60.00
84960,59.90,50.73,60.00
84970,59.90,50.70,60.00
84980,59.90,50.57,60.00
84990,59.89,50.85,60.00
85000,59.90,50.48,60.00
85010,59.90,50.82,60.00
85020,59.89,50.78,60.00
85030,59.90,50.55,60.00
85040,59.89,50.80,60.00
85050,59.90,50.59,60.00
85060,59.91,50.58,60.00
85070,59.90,50.69,60.00
85080,59.90,50.73,60.00
85090,59.91,50.53,60.00
85100,59.91,50.72,60.00
85110,59.92,50.52,60.00
85120,59.92,50.68,60.00
85130,59.91,50.90,60.00
85140,59.92,50.39,60.00
85150,59.91,50.87,60.00
85160,59.91,50.69,60.00
85170,59.91,50.65,60.00
85180,59.92,50.61,60.00
85190,59.91,50.88,60.00
85200,59.91,50.58,60.00
85210,59.91,50.70,60.00
85220,59.92,50.52,60.00
85230,59.91,50.97,60.00
85240,59.91,50.56,60.00
85250,59.91,50.76,60.00
85260,59.91,50.77,60.00
85270,59.91,50.55,60.00
85280,59.91,50.75,60.00
85290,59.91,50.74,60.00
85300,59.91,50.60,60.00
85310,59.91,50.80,60.00
85320,59.90,50.84,60.00
85330,59.91,50.57,60.00
85340,59.90,50.92,60.00
85350,59.90,50.65,60.00
85360,59.90,50.66,60.00
85370,59.89,50.95,60.00
85380,59.89,50.66,60.00
85390,59.89,50.70,60.00
85400,59.88,50.93,60.00
85410,59.89,50.56,60.00
85420,59.88,50.91,60.00
85430,59.88,50.86,60.00
85440,59.88,50.61,60.00
85450,59.87,50.97,60.00
85460,59.88,50.57,60.00
85470,59.88,50.71,60.00
85480,59.88,50.79,60.00
85490,59.88,50.66,60.00
85500,59.89,50.58,60.00
85510,59.88,50.94,60.00
85520,59.88,50.57,60.00
85530,59.88,50.73,60.00
85540,59.88,50.84,60.00
85550,59.89,50.44,60.00
85560,59.89,50.88,60.00
85570,59.89,50.63,60.00
85580,59.90,50.61,60.00
85590,59.89,50.76,60.00
85600,59.90,50.68,60.00
85610,59.90,50.57,60.00
85620,59.90,50.86,60.00
85630,59.90,50.65,60.00
85640,59.91,50.66,60.00
85650,59.90,50.86,60.00
85660,59.91,50.52,60.00
85670,59.91,50.74,60.00
85680,59.90,50.82,60.00
85690,59.91,50.54,60.00
85700,59.91,50.80,60.00
85710,59.91,50.69,60.00
85720,59.92,50.59,60.00
85730,59.91,50.81,60.00
85740,59.92,50.51,60.00
85750,59.93,50.61,60.00
85760,59.93,50.77,60.00
85770,59.94,50.48,60.00
85780,59.94,50.69,60.00
85790,59.94,50.68,60.00
85800,59.95,50.58,60.00
85810,59.95,50.62,60.00
85820,59.95,50.66,60.00
85830,59.97,50.39,60.00
85840,59.96,50.81,60.00
85850,59.97,50.63,60.00
85860,59.98,50.52,60.00
85870,59.97,50.86,60.00
85880,59.98,50.36,60.00
85890,59.99,50.64,60.00
85900,59.99,50.60,60.00
85910,60.01,50.38,60.00
85920,60.01,50.63,60.00
85930,60.01,50.58,60.00
85940,60.02,50.42,60.00
85950,60.02,50.67,60.00
85960,60.03,50.55,60.00
85970,60.04,50.43,60.00
85980,60.03,50.79,60.00
85990,60.04,50.50,60.00
86000,60.05,50.59,60.00
86010,60.04,50.82,60.00
86020,60.04,50.54,60.00
86030,60.04,50.74,60.00
86040,60.03,50.84,60.00
86050,60.04,50.50,60.00
86060,60.03,50.89,60.00
86070,60.02,50.72,60.00
86080,60.03,50.62,60.00
86090,60.02,50.85,60.00
86100,60.02,50.55,60.00
86110,60.02,50.73,60.00
86120,60.02,50.74,60.00
86130,60.01,50.68,60.00
86140,60.01,50.70,60.00
86150,60.01,50.83,60.00
86160,60.01,50.55,60.00
86170,60.01,50.70,60.00
86180,60.01,50.69,60.00
86190,60.02,50.50,60.00
86200,60.01,50.88,60.00
86210,60.02,50.44,60.00
86220,60.02,50.71,60.00
86230,60.01,50.72,60.00
86240,60.02,50.47,60.00
86250,60.02,50.72,60.00
86260,60.01,50.82,60.00
86270,60.02,50.57,60.00
86280,60.02,50.64,60.00
86290,60.02,50.67,60.00
86300,60.01,50.87,60.00
86310,60.01,50.56,60.00
86320,60.01,50.74,60.00
86330,60.00,50.81,60.00
86340,60.00,50.74,60.00
86350,60.00,50.74,60.00
86360,59.99,50.92,60.00
86370,59.99,50.55,60.00
86380,59.98,50.94,60.00
86390,59.98,50.68,60.00
86400,59.98,50.67,60.00
86410,59.97,50.87,60.00
86420,59.97,50.62,60.00
86430,59.98,50.62,60.00
86440,59.97,50.92,60.00
86450,59.98,50.52,60.00
86460,59.97,50.74,60.00
86470,59.97,50.74,60.00
86480,59.98,50.44,60.00
86490,59.98,50.78,60.00
86500,59.99,50.48,60.00
86510,59.99,50.59,60.00
86520,59.99,50.65,60.00
86530,60.00,50.61,60.00
86540,60.00,50.55,60.00
86550,60.00,50.71,60.00
86560,60.01,50.51,60.00
86570,60.01,50.71,60.00
86580,60.01,50.65,60.00
86590,60.02,50.46,60.00
86600,60.02,50.66,60.00
86610,60.02,50.59,60.00
86620,60.04,50.39,60.00
86630,60.03,50.76,60.00
86640,60.04,50.41,60.00
86650,60.04,50.70,60.00
86660,60.04,50.77,60.00
86670,60.04,50.50,60.00
86680,60.04,50.75,60.00
86690,60.04,50.69,60.00
86700,60.04,50.54,60.00
86710,60.03,50.83,60.00
86720,60.04,50.58,60.00
86730,60.04,50.64,60.00
86740,60.03,50.84,60.00
86750,60.03,50.50,60.00
86760,60.03,50.76,60.00
86770,60.03,50.74,60.00
86780,60.03,50.58,60.00
86790,60.03,50.65,60.00
86800,60.03,50.71,60.00
86810,60.03,50.50,60.00
86820,60.03,50.76,60.00
86830,60.03,50.69,60.00
86840,60.04,50.45,60.00
86850,60.02,50.91,60.00
86860,60.03,50.44,60.00
86870,60.03,50.74,60.00
86880,60.03,50.72,60.00
86890,60.03,50.56,60.00
86900,60.04,50.58,60.00
86910,60.03,50.79,60.00
86920,60.03,50.59,60.00
86930,60.03,50.70,60.00
86940,60.02,50.88,60.00
86950,60.03,50.47,60.00
86960,60.01,50.92,60.00
86970,60.02,50.61,60.00
86980,60.01,50.75,60.00
86990,60.00,50.89,60.00
87000,60.00,50.63,60.00
87010,60.00,50.68,60.00
87020,59.99,50.90,60.00
87030,59.99,50.61,60.00
87040,59.99,50.72,60.00
87050,59.98,50.87,60.00
87060,59.99,50.54,60.00
87070,59.98,50.90,60.00
87080,59.98,50.69,60.00
87090,59.98,50.59,60.00
87100,59.97,50.85,60.00
87110,59.98,50.66,60.00
87120,59.98,50.66,60.00
87130,59.97,50.92,60.00
87140,59.97,50.60,60.00
87150,59.97,50.62,60.00
87160,59.96,50.89,60.00
87170,59.97,50.47,60.00
87180,59.97,50.86,60.00
87190,59.96,50.77,60.00
87200,59.97,50.55,60.00
87210,59.96,50.76,60.00
87220,59.96,50.70,60.00
87230,59.97,50.60,60.00
87240,59.97,50.74,60.00
87250,59.96,50.73,60.00
87260,59.98,50.45,60.00
87270,59.96,50.93,60.00
87280,59.98,50.28,60.00
87290,59.98,50.76,60.00
87300,59.98,50.61,60.00
87310,59.99,50.53,60.00
87320,60.00,50.49,60.00
87330,59.99,50.83,60.00
87340,60.00,50.46,60.00
87350,60.01,50.58,60.00
87360,60.02,50.37,60.00
87370,60.01,50.89,60.00
87380,60.02,50.50,60.00
87390,60.02,50.64,60.00
87400,60.02,50.72,60.00
87410,60.02,50.56,60.00
87420,60.02,50.63,60.00
87430,60.02,50.77,60.00
87440,60.02,50.69,60.00
87450,60.02,50.67,60.00
87460,60.01,50.92,60.00
87470,60.02,50.44,60.00
87480,60.01,50.82,60.00
87490,60.01,50.71,60.00
87500,60.01,50.60,60.00
87510,60.00,50.89,60.00
87520,59.99,50.78,60.00
87530,60.00,50.61,60.00
87540,59.99,50.83,60.00
87550,60.00,50.55,60.00
87560,60.00,50.63,60.00
87570,59.99,50.92,60.00
87580,60.00,50.41,60.00
87590,59.99,50.93,60.00
87600,59.99,50.60,60.00
87610,59.99,50.78,60.00
87620,59.99,50.63,60.00
87630,59.98,50.77,60.00
87640,59.99,50.47,60.00
87650,59.98,50.94,60.00
87660,59.98,50.62,60.00
87670,59.99,50.61,60.00
87680,59.98,50.86,60.00
87690,59.99,50.38,60.00
87700,59.99,50.79,60.00
87710,59.99,50.69,60.00
87720,59.99,50.71,60.00
87730,59.99,50.68,60.00
87740,59.98,50.84,60.00
87750,59.98,50.59,60.00
87760,59.97,50.88,60.00
87770,59.97,50.74,60.00
87780,59.98,50.59,60.00
87790,59.96,51.06,60.00
87800,59.96,50.63,60.00
87810,59.95,50.89,60.00
87820,59.95,50.78,60.00
87830,59.95,50.68,60.00
87840,59.95,50.71,60.00
87850,59.94,50.91,60.00
87860,59.96,50.38,60.00
87870,59.95,50.78,60.00
87880,59.95,50.68,60.00
87890,59.96,50.47,60.00
87900,59.95,50.91,60.00
87910,59.96,50.58,60.00
87920,59.96,50.62,60.00
87930,59.96,50.72,60.00
87940,59.97,50.55,60.00
87950,59.98,50.58,60.00
87960,59.97,50.80,60.00
87970,59.98,50.59,60.00
87980,59.98,50.64,60.00
87990,59.98,50.73,60.00
88000,59.99,50.39,60.00
88010,59.99,50.75,60.00
88020,59.99,50.64,60.00
88030,59.99,50.62,60.00
88040,59.99,50.79,60.00
88050,59.99,50.70,60.00
88060,60.00,50.48,60.00
88070,59.99,50.81,60.00
88080,60.00,50.46,60.00
88090,60.00,50.71,60.00
88100,59.99,50.82,60.00
88110,60.01,50.44,60.00
88120,60.00,50.84,60.00
88130,60.00,50.71,60.00
88140,60.00,50.61,60.00
88150,60.00,50.62,60.00
88160,60.00,50.69,60.00
88170,60.01,50.54,60.00
88180,60.00,50.80,60.00
88190,60.00,50.65,60.00
88200,60.01,50.63,60.00
88210,59.99,50.98,60.00
88220,60.00,50.56,60.00
88230,60.00,50.68,60.00
88240,59.99,50.86,60.00
88250,59.99,50.68,60.00
88260,59.99,50.63,60.00
88270,59.98,50.87,60.00
88280,59.99,50.64,60.00
88290,59.99,50.66,60.00
88300,59.98,50.90,60.00
88310,59.99,50.51,60.00
88320,59.97,50.99,60.00
88330,59.97,50.63,60.00
88340,59.98,50.61,60.00
88350,59.96,50.97,60.00
88360,59.97,50.56,60.00
88370,59.97,50.77,60.00
88380,59.97,50.76,60.00
88390,59.96,50.73,60.00
88400,59.97,50.65,60.00
88410,59.96,50.74,60.00
88420,59.96,50.74,60.00
88430,59.96,50.86,60.00
88440,59.97,50.46,60.00
88450,59.96,50.83,60.00
88460,59.96,50.66,60.00
88470,59.97,50.61,60.00
88480,59.97,50.71,60.00
88490,59.96,50.85,60.00
88500,59.97,50.47,60.00
88510,59.97,50.82,60.00
88520,59.96,50.74,60.00
88530,59.97,50.57,60.00
88540,59.96,50.96,60.00
88550,59.97,50.48,60.00
88560,59.98,50.57,60.00
88570,59.98,50.71,60.00
88580,59.98,50.53,60.00
88590,59.99,50.60,60.00
88600,59.99,50.75,60.00
88610,60.00,50.50,60.00
88620,60.00,50.63,60.00
88630,59.99,50.83,60.00
88640,60.01,50.35,60.00
88650,60.00,50.82,60.00
88660,60.01,50.49,60.00
88670,60.02,50.44,60.00
88680,60.02,50.66,60.00
88690,60.03,50.57,60.00
88700,60.04,50.49,60.00
88710,60.04,50.67,60.00
88720,60.04,50.65,60.00
88730,60.05,50.42,60.00
88740,60.04,50.80,60.00
88750,60.05,50.53,60.00
88760,60.05,50.65,60.00
88770,60.04,50.82,60.00
88780,60.06,50.36,60.00
88790,60.05,50.71,60.00
88800,60.05,50.72,60.00
88810,60.05,50.59,60.00
88820,60.04,50.82,60.00
88830,60.04,50.73,60.00
88840,60.04,50.72,60.00
88850,60.03,50.76,60.00
88860,60.03,50.73,60.00
88870,60.03,50.57,60.00
88880,60.03,50.83,60.00
88890,60.02,50.75,60.00
88900,60.03,50.57,60.00
88910,60.01,50.92,60.00
88920,60.02,50.62,60.00
88930,60.02,50.64,60.00
88940,60.01,50.83,60.00
88950,60.01,50.57,60.00
88960,60.02,50.64,60.00
88970,60.01,50.75,60.00
88980,60.02,50.47,60.00
88990,60.02,50.64,60.00
89000,60.02,50.81,60.00
89010,60.02,50.52,60.00
89020,60.02,50.74,60.00
89030,60.02,50.68,60.00
89040,60.03,50.42,60.00
89050,60.02,50.83,60.00
89060,60.02,50.64,60.00
89070,60.03,50.56,60.00
89080,60.02,50.76,60.00
89090,60.02,50.67,60.00
89100,60.03,50.52,60.00
89110,60.02,50.87,60.00
89120,60.03,50.56,60.00
89130,60.03,50.60,60.00
89140,60.02,50.84,60.00
89150,60.03,50.44,60.00
89160,60.02,50.92,60.00
89170,60.02,50.62,60.00
89180,60.02,50.65,60.00
89190,60.02,50.68,60.00
89200,60.02,50.70,60.00
89210,60.03,50.52,60.00
89220,60.03,50.64,60.00
89230,60.01,50.91,60.00
89240,60.03,50.32,60.00
89250,60.02,50.98,60.00
89260,60.02,50.62,60.00
89270,60.02,50.54,60.00
89280,60.02,50.80,60.00
89290,60.03,50.45,60.00
89300,60.02,50.77,60.00
89310,60.01,50.85,60.00
89320,60.01,50.74,60.00
89330,60.02,50.54,60.00
89340,60.01,50.85,60.00
89350,60.01,50.63,60.00
89360,60.01,50.71,60.00
89370,60.00,50.89,60.00
89380,60.01,50.43,60.00
89390,60.00,50.84,60.00
89400,60.00,50.70,60.00
89410,60.01,50.47,60.00
89420,60.02,50.53,60.00
89430,60.00,50.93,60.00
89440,60.01,50.58,60.00
89450,60.01,50.60,60.00
89460,60.02,50.55,60.00
89470,60.01,50.72,60.00
89480,60.01,50.82,60.00
89490,60.02,50.50,60.00
89500,59.99,51.14,60.00
89510,59.99,50.66,60.00
89520,59.99,50.67,60.00
89530,59.98,50.89,60.00
89540,59.99,50.45,60.00
89550,59.99,50.76,60.00
89560,59.98,50.80,60.00
89570,59.99,50.65,60.00
89580,59.99,50.64,60.00
89590,59.98,50.79,60.00
89600,59.99,50.54,60.00
89610,60.00,50.52,60.00
89620,59.99,50.89,60.00
89630,59.99,50.54,60.00
89640,60.00,50.59,60.00
89650,59.99,50.93,60.00
89660,60.00,50.35,60.00
89670,59.99,50.88,60.00
89680,59.99,50.65,60.00
89690,60.00,50.54,60.00
89700,59.99,50.81,60.00
89710,60.00,50.65,60.00
89720,59.99,50.68,60.00
89730,59.99,50.70,60.00
89740,59.99,50.81,60.00
89750,60.00,50.43,60.00
89760,59.99,50.94,60.00
89770,59.99,50.65,60.00
89780,59.99,50.62,60.00
89790,59.98,50.91,60.00
89800,59.99,50.47,60.00
89810,59.99,50.74,60.00
89820,59.98,50.78,60.00
89830,59.98,50.72,60.00
89840,59.98,50.67,60.00
89850,59.97,50.87,60.00
89860,59.98,50.54,60.00
89870,59.98,50.74,60.00
89880,59.97,50.88,60.00
89890,59.98,50.37,60.00
89900,59.97,50.91,60.00
89910,59.97,50.69,60.00
89920,59.98,50.59,60.00
89930,59.98,50.74,60.00
89940,59.98,50.57,60.00
89950,59.98,50.65,60.00
89960,59.98,50.79,60.00
89970,59.98,50.68,60.00
89980,59.98,50.60,60.00
89990,59.97,51.05,60.00
90000,59.98,50.48,60.00
90010,59.97,15.89,0.00
90020,59.97,15.30,0.00
90030,59.94,15.63,0.00
90040,59.94,14.44,0.00
90050,59.92,14.63,0.00
90060,59.88,14.52,0.00
90070,59.84,14.33,0.00
90080,59.79,14.14,0.00
90090,59.68,14.75,0.00
90100,59.55,15.05,0.00
90110,59.39,15.35,0.00
90120,59.21,15.35,0.00
90130,59.00,15.68,0.00
90140,58.77,15.98,0.00
90150,58.51,16.17,0.00
90160,58.20,16.98,0.00
90170,57.87,17.25,0.00
90180,57.52,17.62,0.00
90190,57.15,17.51,0.00
90200,56.76,18.11,0.00
90210,56.30,19.23,0.00
90220,55.82,19.36,0.00
90230,55.30,20.35,0.00
90240,54.74,21.00,0.00
90250,54.17,21.28,0.00
90260,53.57,21.78,0.00
90270,52.93,22.46,0.00
90280,52.27,23.12,0.00
90290,51.57,23.94,0.00
90300,50.84,24.47,0.00
90310,50.08,25.40,0.00
90320,49.28,26.11,0.00
90330,48.47,26.65,0.00
90340,47.62,27.44,0.00
90350,46.75,28.23,0.00
90360,45.84,29.05,0.00
90370,44.91,29.85,0.00
90380,43.96,30.34,0.00
90390,43.01,30.77,0.00
90400,42.03,31.62,0.00
90410,40.99,32.99,0.00
90420,39.95,33.44,0.00
90430,38.87,34.57,0.00
90440,37.78,35.20,0.00
90450,36.68,35.71,0.00
90460,35.56,36.65,0.00
90470,34.43,37.18,0.00
90480,33.28,38.00,0.00
90490,32.14,38.44,0.00
90500,30.94,39.91,0.00
90510,29.75,40.26,0.00
90520,28.56,40.74,0.00
90530,27.35,41.63,0.00
90540,26.16,41.79,0.00
90550,24.98,42.14,0.00
90560,23.78,43.04,0.00
90570,22.56,44.00,0.00
90580,21.34,44.41,0.00
90590,20.17,44.21,0.00
90600,19.01,44.23,0.00
90610,17.89,44.30,0.00
90620,16.76,44.75,0.00
90630,15.64,45.24,0.00
90640,14.53,45.60,0.00
90650,13.44,45.76,0.00
90660,12.37,45.82,0.00
90670,11.33,45.68,0.00
90680,10.33,45.65,0.00
90690,9.33,45.85,0.00
90700,8.34,46.26,0.00
90710,7.40,45.87,0.00
90720,6.50,45.41,0.00
90730,5.62,45.71,0.00
90740,4.75,45.68,0.00
90750,3.93,45.21,0.00
90760,3.13,45.26,0.00
90770,2.35,45.34,0.00
90780,1.63,44.53,0.00
90790,0.95,44.25,0.00
90800,0.27,44.42,0.00
90810,-0.36,43.91,0.00
90820,-0.94,43.16,0.00
90830,-1.50,43.26,0.00
90840,-2.04,43.06,0.00
90850,-2.52,42.11,0.00
90860,-2.97,41.84,0.00
90870,-3.40,41.69,0.00
90880,-3.78,41.04,0.00
90890,-4.12,40.40,0.00
90900,-4.44,40.18,0.00
90910,-4.74,39.97,0.00
90920,-5.00,39.28,0.00
90930,-5.19,38.25,0.00
90940,-5.36,37.71,0.00
90950,-5.49,37.29,0.00
90960,-5.61,37.03,0.00
90970,-5.71,36.69,0.00
90980,-5.78,36.31,0.00
90990,-5.83,35.83,0.00
91000,-5.84,35.29,0.00
91010,-5.84,34.90,0.00
91020,-5.80,34.25,0.00
91030,-5.73,33.61,0.00
91040,-5.61,32.69,0.00
91050,-5.45,31.70,0.00
91060,-5.26,31.00,0.00
91070,-5.08,31.16,0.00
91080,-4.90,31.10,0.00
91090,-4.70,30.64,0.00
91100,-4.48,30.09,0.00
91110,-4.24,29.72,0.00
91120,-3.98,29.06,0.00
91130,-3.71,28.77,0.00
91140,-3.43,28.33,0.00
91150,-3.13,27.87,0.00
91160,-2.81,27.41,0.00
91170,-2.49,27.03,0.00
91180,-2.15,26.73,0.00
91190,-1.81,26.35,0.00
91200,-1.47,26.12,0.00
91210,-1.12,25.80,0.00
91220,-0.74,25.10,0.00
91230,-0.38,25.01,0.00
91240,-0.01,24.75,0.00
91250,0.38,24.15,0.00
91260,0.77,24.07,0.00
91270,1.16,23.67,0.00
91280,1.53,23.67,0.00
91290,1.93,23.10,0.00
91300,2.35,22.44,0.00
91310,2.75,22.41,0.00
91320,3.15,22.31,0.00
91330,3.56,21.76,0.00
91340,3.97,21.60,0.00
91350,4.36,21.63,0.00
91360,4.75,21.32,0.00
91370,5.13,21.37,0.00
91380,5.50,21.36,0.00
91390,5.88,20.78,0.00
91400,6.28,20.21,0.00
91410,6.68,20.00,0.00
91420,7.04,20.37,0.00
91430,7.41,19.97,0.00
91440,7.75,20.48,0.00
91450,8.07,20.47,0.00
91460,8.42,19.67,0.00
91470,8.75,19.70,0.00
91480,9.07,19.72,0.00
91490,9.39,19.64,0.00
91500,9.69,19.73,0.00
91510,9.98,19.64,0.00
91520,10.26,19.53,0.00
91530,10.54,19.41,0.00
91540,10.83,18.99,0.00
91550,11.08,19.53,0.00
91560,11.32,19.45,0.00
91570,11.57,19.09,0.00
91580,11.79,19.48,0.00
91590,12.02,19.11,0.00
91600,12.26,18.62,0.00
91610,12.45,19.33,0.00
91620,12.65,19.23,0.00
91630,12.81,19.63,0.00
91640,13.00,18.92,0.00
91650,13.17,19.11,0.00
91660,13.32,19.23,0.00
91670,13.46,19.48,0.00
91680,13.59,19.40,0.00
91690,13.70,19.64,0.00
91700,13.80,19.54,0.00
91710,13.90,19.55,0.00
91720,13.97,19.99,0.00
91730,14.03,20.21,0.00
91740,14.09,19.98,0.00
91750,14.12,20.44,0.00
91760,14.14,20.34,0.00
91770,14.14,20.93,0.00
91780,14.14,20.64,0.00
91790,14.13,21.00,0.00
91800,14.11,20.86,0.00
91810,14.07,21.40,0.00
91820,14.02,21.46,0.00
91830,13.95,21.66,0.00
91840,13.88,21.75,0.00
91850,13.81,21.79,0.00
91860,13.72,22.01,0.00
91870,13.62,22.15,0.00
91880,13.51,22.39,0.00
91890,13.40,22.39,0.00
91900,13.26,23.02,0.00
91910,13.11,23.12,0.00
91920,12.95,23.26,0.00
91930,12.80,23.17,0.00
91940,12.63,23.59,0.00
91950,12.44,24.06,0.00
91960,12.25,23.93,0.00
91970,12.05,24.38,0.00
91980,11.86,24.09,0.00
91990,11.64,24.72,0.00
92000,11.41,25.05,0.00
92010,11.19,24.69,0.00
92020,10.96,25.19,0.00
92030,10.72,25.43,0.00
92040,10.47,25.72,0.00
92050,10.20,26.07,0.00
92060,9.96,25.53,0.00
92070,9.72,25.81,0.00
92080,9.47,25.91,0.00
92090,9.19,26.59,0.00
92100,8.92,26.69,0.00
92110,8.64,26.81,0.00
92120,8.35,27.10,0.00
92130,8.08,26.91,0.00
92140,7.79,27.41,0.00
92150,7.48,27.87,0.00
92160,7.18,27.94,0.00
92170,6.88,28.02,0.00
92180,6.57,28.19,0.00
92190,6.28,28.18,0.00
92200,6.00,27.83,0.00
92210,5.72,28.10,0.00
92220,5.45,28.03,0.00
92230,5.17,28.31,0.00
92240,4.89,28.55,0.00
92250,4.58,29.15,0.00
92260,4.28,29.07,0.00
92270,4.01,28.80,0.00
92280,3.74,28.76,0.00
92290,3.45,29.30,0.00
92300,3.18,29.12,0.00
92310,2.90,29.47,0.00
92320,2.64,29.14,0.00
92330,2.36,29.69,0.00
92340,2.10,29.46,0.00
92350,1.86,29.10,0.00
92360,1.64,29.02,0.00
92370,1.39,29.57,0.00
92380,1.15,29.54,0.00
92390,0.91,29.69,0.00
92400,0.69,29.45,0.00
92410,0.47,29.47,0.00
92420,0.26,29.36,0.00
92430,0.06,29.44,0.00
92440,-0.13,29.38,0.00
92450,-0.31,29.14,0.00
92460,-0.48,28.97,0.00
92470,-0.62,28.65,0.00
92480,-0.77,28.74,0.00
92490,-0.92,29.06,0.00
92500,-1.07,28.99,0.00
92510,-1.19,28.59,0.00
92520,-1.30,28.41,0.00
92530,-1.42,28.69,0.00
92540,-1.53,28.46,0.00
92550,-1.62,28.15,0.00
92560,-1.70,28.16,0.00
92570,-1.78,28.01,0.00
92580,-1.83,27.65,0.00
92590,-1.87,27.33,0.00
92600,-1.92,27.60,0.00
92610,-1.95,27.28,0.00
92620,-1.95,26.82,0.00
92630,-1.99,27.35,0.00
92640,-1.98,26.65,0.00
92650,-1.97,26.52,0.00
92660,-1.94,26.04,0.00
92670,-1.91,26.09,0.00
92680,-1.86,25.86,0.00
92690,-1.81,25.65,0.00
92700,-1.78,25.96,0.00
92710,-1.73,25.78,0.00
92720,-1.67,25.35,0.00
92730,-1.61,25.42,0.00
92740,-1.55,25.47,0.00
92750,-1.45,24.58,0.00
92760,-1.37,24.79,0.00
92770,-1.29,25.02,0.00
92780,-1.20,24.64,0.00
92790,-1.11,24.57,0.00
92800,-1.01,24.31,0.00
92810,-0.91,24.19,0.00
92820,-0.80,24.12,0.00
92830,-0.68,23.73,0.00
92840,-0.54,23.35,0.00
92850,-0.41,23.30,0.00
92860,-0.27,23.23,0.00
92870,-0.15,23.36,0.00
92880,-0.01,23.00,0.00
92890,0.13,22.85,0.00
92900,0.25,23.25,0.00
92910,0.37,23.20,0.00
92920,0.53,22.31,0.00
92930,0.68,22.34,0.00
92940,0.83,22.18,0.00
92950,0.99,22.18,0.00
92960,1.12,22.30,0.00
92970,1.26,22.36,0.00
92980,1.39,22.24,0.00
92990,1.54,21.96,0.00
93000,1.69,21.69,0.00
93010,1.82,21.98,0.00
93020,1.95,21.89,0.00
93030,2.07,22.13,0.00
93040,2.20,21.84,0.00
93050,2.33,21.72,0.00
93060,2.46,21.45,0.00
93070,2.60,21.32,0.00
93080,2.73,21.45,0.00
93090,2.88,20.95,0.00
93100,3.01,21.22,0.00
93110,3.15,20.92,0.00
93120,3.28,20.91,0.00
93130,3.44,20.41,0.00
93140,3.55,21.24,0.00
93150,3.65,21.29,0.00
93160,3.78,20.65,0.00
93170,3.89,20.81,0.00
93180,4.01,20.67,0.00
93190,4.13,20.70,0.00
93200,4.25,20.37,0.00
93210,4.36,20.46,0.00
93220,4.45,20.96,0.00
93230,4.53,20.98,0.00
93240,4.63,20.62,0.00
93250,4.72,20.53,0.00
93260,4.80,20.70,0.00
93270,4.88,20.73,0.00
93280,4.95,20.77,0.00
93290,5.04,20.34,0.00
93300,5.12,20.37,0.00
93310,5.21,20.19,0.00
93320,5.29,20.33,0.00
93330,5.36,20.37,0.00
93340,5.42,20.50,0.00
93350,5.46,20.80,0.00
93360,5.50,20.76,0.00
93370,5.56,20.48,0.00
93380,5.59,20.82,0.00
93390,5.62,20.86,0.00
93400,5.66,20.47,0.00
93410,5.68,20.93,0.00
93420,5.70,20.90,0.00
93430,5.71,20.93,0.00
93440,5.71,21.15,0.00
93450,5.72,21.03,0.00
93460,5.73,20.82,0.00
93470,5.74,20.91,0.00
93480,5.74,20.94,0.00
93490,5.73,21.29,0.00
93500,5.74,20.74,0.00
93510,5.73,20.94,0.00
93520,5.70,21.54,0.00
93530,5.68,21.32,0.00
93540,5.65,21.34,0.00
93550,5.61,21.61,0.00
93560,5.55,22.00,0.00
93570,5.51,21.77,0.00
93580,5.45,22.00,0.00
93590,5.37,22.23,0.00
93600,5.32,21.88,0.00
93610,5.28,21.65,0.00
93620,5.22,22.05,0.00
93630,5.15,22.11,0.00
93640,5.07,22.42,0.00
93650,4.99,22.45,0.00
93660,4.91,22.49,0.00
93670,4.83,22.33,0.00
93680,4.75,22.55,0.00
93690,4.67,22.52,0.00
93700,4.59,22.44,0.00
93710,4.51,22.54,0.00
93720,4.42,22.60,0.00
93730,4.32,23.09,0.00
93740,4.23,22.66,0.00
93750,4.14,22.81,0.00
93760,4.03,23.27,0.00
93770,3.93,23.23,0.00
93780,3.82,23.30,0.00
93790,3.73,22.96,0.00
93800,3.62,23.22,0.00
93810,3.52,23.28,0.00
93820,3.42,23.24,0.00
93830,3.30,23.71,0.00
93840,3.19,23.54,0.00
93850,3.07,23.88,0.00
93860,2.94,23.95,0.00
93870,2.83,23.65,0.00
93880,2.71,23.94,0.00
93890,2.61,23.65,0.00
93900,2.50,23.87,0.00
93910,2.39,23.88,0.00
93920,2.27,24.08,0.00
93930,2.16,24.07,0.00
93940,2.06,23.82,0.00
93950,1.95,24.03,0.00
93960,1.85,23.85,0.00
93970,1.76,23.71,0.00
93980,1.67,23.88,0.00
93990,1.58,23.80,0.00
94000,1.48,24.06,0.00
94010,1.39,24.05,0.00
94020,1.29,24.13,0.00
94030,1.18,24.43,0.00
94040,1.07,24.43,0.00
94050,0.99,23.92,0.00
94060,0.94,23.53,0.00
94070,0.84,24.41,0.00
94080,0.74,24.34,0.00
94090,0.65,24.38,0.00
94100,0.56,24.34,0.00
94110,0.47,24.28,0.00
94120,0.40,24.09,0.00
94130,0.33,24.09,0.00
94140,0.28,23.77,0.00
94150,0.22,24.00,0.00
94160,0.15,24.07,0.00
94170,0.08,24.29,0.00
94180,0.02,24.12,0.00
94190,-0.02,23.58,0.00
94200,-0.05,23.55,0.00
94210,-0.10,23.85,0.00
94220,-0.14,23.74,0.00
94230,-0.19,23.93,0.00
94240,-0.24,24.03,0.00
94250,-0.27,23.71,0.00
94260,-0.30,23.65,0.00
94270,-0.34,23.78,0.00
94280,-0.37,23.75,0.00
94290,-0.39,23.53,0.00
94300,-0.42,23.67,0.00
94310,-0.45,23.83,0.00
94320,-0.47,23.59,0.00
94330,-0.48,23.36,0.00
94340,-0.48,23.21,0.00
94350,-0.49,23.36,0.00
94360,-0.50,23.26,0.00
94370,-0.49,23.14,0.00
94380,-0.46,22.60,0.00
94390,-0.45,22.98,0.00
94400,-0.45,23.10,0.00
94410,-0.45,23.14,0.00
94420,-0.41,22.47,0.00
94430,-0.39,22.68,0.00
94440,-0.35,22.37,0.00
94450,-0.35,23.02,0.00
94460,-0.34,22.96,0.00
94470,-0.31,22.59,0.00
94480,-0.29,22.62,0.00
94490,-0.27,22.68,0.00
94500,-0.25,22.61,0.00
94510,-0.23,22.83,0.00
94520,-0.20,22.36,0.00
94530,-0.17,22.44,0.00
94540,-0.14,22.43,0.00
94550,-0.10,22.19,0.00
94560,-0.06,22.28,0.00
94570,-0.03,22.35,0.00
94580,0.00,22.22,0.00
94590,0.03,22.48,0.00
94600,0.08,21.81,0.00
94610,0.10,22.53,0.00
94620,0.13,22.15,0.00
94630,0.17,22.13,0.00
94640,0.21,21.95,0.00
94650,0.25,22.04,0.00
94660,0.29,21.92,0.00
94670,0.32,22.22,0.00
94680,0.33,22.59,0.00
94690,0.34,22.50,0.00
94700,0.37,22.04,0.00
94710,0.42,21.71,0.00
94720,0.47,21.74,0.00
94730,0.49,22.25,0.00
94740,0.51,22.18,0.00
94750,0.53,22.22,0.00
94760,0.56,21.99,0.00
94770,0.58,22.06,0.00
94780,0.60,22.28,0.00
94790,0.60,22.41,0.00
94800,0.61,22.39,0.00
94810,0.63,22.12,0.00
94820,0.65,22.25,0.00
94830,0.65,22.51,0.00
94840,0.65,22.46,0.00
94850,0.65,22.45,0.00
94860,0.66,22.29,0.00
94870,0.66,22.41,0.00
94880,0.66,22.54,0.00
94890,0.66,22.51,0.00
94900,0.66,22.42,0.00
94910,0.64,22.85,0.00
94920,0.64,22.53,0.00
94930,0.63,22.56,0.00
94940,0.62,22.73,0.00
94950,0.60,22.86,0.00
94960,0.58,22.85,0.00
94970,0.57,22.75,0.00
94980,0.56,22.77,0.00
94990,0.54,22.86,0.00
95000,0.52,22.91,0.00
95010,0.51,22.80,0.00
95020,0.49,22.86,0.00
95030,0.47,22.84,0.00
95040,0.46,22.87,0.00
95050,0.44,22.96,0.00
95060,0.41,23.05,0.00
95070,0.38,23.11,0.00
95080,0.36,23.07,0.00
95090,0.34,23.01,0.00
95100,0.32,23.05,0.00
95110,0.29,23.11,0.00
95120,0.27,23.12,0.00
95130,0.24,23.14,0.00
95140,0.22,23.15,0.00
95150,0.19,23.10,0.00
95160,0.17,23.19,0.00
95170,0.14,23.20,0.00
95180,0.12,23.24,0.00
95190,0.09,23.30,0.00
95200,0.06,23.28,0.00
95210,0.03,23.26,0.00
95220,0.01,23.32,0.00
95230,-0.02,23.38,0.00
95240,-0.05,23.35,0.00
95250,-0.08,23.33,0.00
95260,-0.10,23.36,0.00
95270,-0.13,23.44,0.00
95280,-0.16,23.41,0.00
95290,-0.19,23.50,0.00
95300,-0.22,23.50,0.00
95310,-0.25,23.43,0.00
95320,-0.27,23.50,0.00
95330,-0.30,23.43,0.00
95340,-0.32,23.45,0.00
95350,-0.35,23.48,0.00
95360,-0.37,23.56,0.00
95370,-0.40,23.50,0.00
95380,-0.42,23.54,0.00
95390,-0.45,23.57,0.00
95400,-0.47,23.59,0.00
95410,-0.50,23.56,0.00
95420,-0.52,23.61,0.00
95430,-0.55,23.69,0.00
95440,-0.58,23.67,0.00
95450,-0.60,23.57,0.00
95460,-0.62,23.63,0.00
95470,-0.64,23.62,0.00
95480,-0.66,23.61,0.00
95490,-0.68,23.63,0.00
95500,-0.70,23.61,0.00
95510,-0.72,23.62,0.00
95520,-0.73,23.60,0.00
95530,-0.75,23.60,0.00
95540,-0.77,23.65,0.00
95550,-0.79,23.66,0.00
95560,-0.80,23.67,0.00
95570,-0.82,23.63,0.00
95580,-0.83,23.67,0.00
95590,-0.85,23.70,0.00
95600,-0.86,23.64,0.00
95610,-0.87,23.66,0.00
95620,-0.88,23.62,0.00
95630,-0.89,23.63,0.00
95640,-0.90,23.62,0.00
95650,-0.91,23.54,0.00
95660,-0.92,23.61,0.00
95670,-0.92,23.63,0.00
95680,-0.93,23.62,0.00
95690,-0.94,23.64,0.00
95700,-0.95,23.62,0.00
95710,-0.95,23.61,0.00
95720,-0.95,23.59,0.00
95730,-0.96,23.56,0.00
95740,-0.96,23.55,0.00
95750,-0.96,23.57,0.00
95760,-0.96,23.64,0.00
95770,-0.97,23.61,0.00
95780,-0.97,23.58,0.00
95790,-0.97,23.55,0.00
95800,-0.97,23.57,0.00
95810,-0.97,23.56,0.00
95820,-0.96,23.54,0.00
95830,-0.96,23.56,0.00
95840,-0.96,23.58,0.00
95850,-0.96,23.56,0.00
95860,-0.95,23.54,0.00
95870,-0.95,23.50,0.00
95880,-0.95,23.52,0.00
95890,-0.94,23.57,0.00
95900,-0.94,23.54,0.00
95910,-0.93,23.52,0.00
95920,-0.93,23.50,0.00
95930,-0.92,23.53,0.00
95940,-0.92,23.52,0.00
95950,-0.91,23.55,0.00
95960,-0.90,23.47,0.00
95970,-0.90,23.51,0.00
95980,-0.89,23.54,0.00
95990,-0.89,23.56,0.00
96000,-0.88,23.52,0.00
96010,-0.88,23.55,0.00
96020,-0.87,23.55,0.00
96030,-0.86,23.52,0.00
96040,-0.86,23.52,0.00
96050,-0.85,23.60,0.00
96060,-0.85,23.55,0.00
96070,-0.84,23.55,0.00
96080,-0.84,23.54,0.00
96090,-0.83,23.59,0.00
96100,-0.83,23.65,0.00
96110,-0.83,23.64,0.00
96120,-0.83,23.61,0.00
96130,-0.82,23.60,0.00
96140,-0.82,23.64,0.00
96150,-0.82,23.65,0.00
96160,-0.81,23.59,0.00
96170,-0.81,23.68,0.00
96180,-0.81,23.71,0.00
96190,-0.81,23.71,0.00
96200,-0.81,23.66,0.00
96210,-0.81,23.68,0.00
96220,-0.80,23.68,0.00
96230,-0.80,23.68,0.00
96240,-0.80,23.70,0.00
96250,-0.80,23.70,0.00
96260,-0.80,23.72,0.00
96270,-0.79,23.71,0.00
96280,-0.79,23.68,0.00
96290,-0.79,23.73,0.00
96300,-0.79,23.70,0.00
96310,-0.79,23.76,0.00
96320,-0.79,23.78,0.00
96330,-0.79,23.79,0.00
96340,-0.79,23.79,0.00
96350,-0.79,23.84,0.00
96360,-0.79,23.81,0.00
96370,-0.79,23.84,0.00
96380,-0.80,23.86,0.00
96390,-0.80,23.86,0.00
96400,-0.80,23.91,0.00
96410,-0.81,23.90,0.00
96420,-0.81,23.87,0.00
96430,-0.81,23.84,0.00
96440,-0.81,23.86,0.00
96450,-0.81,23.91,0.00
96460,-0.82,23.94,0.00
96470,-0.82,23.88,0.00
96480,-0.82,23.90,0.00
96490,-0.82,23.92,0.00
96500,-0.82,23.89,0.00
96510,-0.82,23.94,0.00
96520,-0.83,23.95,0.00
96530,-0.83,23.93,0.00
96540,-0.83,23.95,0.00
96550,-0.83,23.98,0.00
96560,-0.83,23.94,0.00
96570,-0.83,23.95,0.00
96580,-0.83,23.90,0.00
96590,-0.84,24.00,0.00
96600,-0.84,23.95,0.00
96610,-0.84,23.95,0.00
96620,-0.84,23.94,0.00
96630,-0.84,23.97,0.00
96640,-0.83,23.94,0.00
96650,-0.83,23.97,0.00
96660,-0.83,24.00,0.00
96670,-0.83,23.99,0.00
96680,-0.83,23.92,0.00
96690,-0.83,24.00,0.00
96700,-0.83,24.02,0.00
96710,-0.83,23.98,0.00
96720,-0.83,24.02,0.00
96730,-0.83,24.01,0.00
96740,-0.83,24.05,0.00
96750,-0.84,24.07,0.00
96760,-0.84,24.05,0.00
96770,-0.84,24.05,0.00
96780,-0.84,24.06,0.00
96790,-0.84,24.04,0.00
96800,-0.83,24.01,0.00
96810,-0.83,24.03,0.00
96820,-0.83,24.06,0.00
96830,-0.83,24.09,0.00
96840,-0.83,24.05,0.00
96850,-0.83,24.08,0.00
96860,-0.83,24.05,0.00
96870,-0.83,24.10,0.00
96880,-0.83,24.07,0.00
96890,-0.83,24.05,0.00
96900,-0.82,24.09,0.00
96910,-0.83,24.15,0.00
96920,-0.83,24.15,0.00
96930,-0.83,24.11,0.00
96940,-0.82,24.04,0.00
96950,-0.82,24.08,0.00
96960,-0.82,24.10,0.00
96970,-0.82,24.16,0.00
96980,-0.82,24.17,0.00
96990,-0.82,24.17,0.00
97000,-0.82,24.19,0.00
97010,-0.82,24.21,0.00
97020,-0.82,24.18,0.00
97030,-0.82,24.17,0.00
97040,-0.82,24.18,0.00
97050,-0.82,24.13,0.00
97060,-0.82,24.20,0.00
97070,-0.82,24.22,0.00
97080,-0.82,24.22,0.00
97090,-0.82,24.22,0.00
97100,-0.82,24.23,0.00
97110,-0.83,24.23,0.00
97120,-0.82,24.22,0.00
97130,-0.82,24.22,0.00
97140,-0.82,24.24,0.00
97150,-0.82,24.14,0.00
97160,-0.82,24.17,0.00
97170,-0.82,24.25,0.00
97180,-0.82,24.30,0.00
97190,-0.82,24.29,0.00
97200,-0.82,24.27,0.00
97210,-0.82,24.23,0.00
97220,-0.82,24.27,0.00
97230,-0.82,24.28,0.00
97240,-0.82,24.32,0.00
97250,-0.82,24.27,0.00
97260,-0.82,24.30,0.00
97270,-0.82,24.29,0.00
97280,-0.82,24.33,0.00
97290,-0.82,24.32,0.00
97300,-0.82,24.31,0.00
97310,-0.82,24.35,0.00
97320,-0.82,24.30,0.00
97330,-0.82,24.34,0.00
97340,-0.82,24.35,0.00
97350,-0.82,24.41,0.00
97360,-0.82,24.36,0.00
97370,-0.82,24.36,0.00
97380,-0.82,24.36,0.00
97390,-0.82,24.41,0.00
97400,-0.82,24.39,0.00
97410,-0.82,24.36,0.00
97420,-0.82,24.35,0.00
97430,-0.82,24.36,0.00
97440,-0.82,24.35,0.00
97450,-0.81,24.35,0.00
97460,-0.81,24.40,0.00
97470,-0.81,24.34,0.00
97480,-0.81,24.38,0.00
97490,-0.81,24.41,0.00
97500,-0.81,24.39,0.00
97510,-0.81,24.49,0.00
97520,-0.81,24.49,0.00
97530,-0.81,24.48,0.00
97540,-0.81,24.47,0.00
97550,-0.81,24.46,0.00
97560,-0.82,24.50,0.00
97570,-0.82,24.48,0.00
97580,-0.82,24.44,0.00
97590,-0.81,24.46,0.00
97600,-0.82,24.50,0.00
97610,-0.81,24.48,0.00
97620,-0.82,24.52,0.00
97630,-0.81,24.47,0.00
97640,-0.82,24.53,0.00
97650,-0.82,24.51,0.00
97660,-0.81,24.48,0.00
97670,-0.82,24.57,0.00
97680,-0.82,24.54,0.00
97690,-0.82,24.55,0.00
97700,-0.82,24.52,0.00
97710,-0.82,24.55,0.00
97720,-0.82,24.53,0.00
97730,-0.82,24.51,0.00
97740,-0.81,24.49,0.00
97750,-0.81,24.57,0.00
97760,-0.81,24.59,0.00
97770,-0.82,24.65,0.00
97780,-0.82,24.63,0.00
97790,-0.82,24.56,0.00
97800,-0.82,24.56,0.00
97810,-0.82,24.59,0.00
97820,-0.82,24.63,0.00
97830,-0.82,24.63,0.00
97840,-0.82,24.67,0.00
97850,-0.82,24.63,0.00
97860,-0.82,24.66,0.00
97870,-0.83,24.69,0.00
97880,-0.83,24.69,0.00
97890,-0.83,24.65,0.00
97900,-0.83,24.68,0.00
97910,-0.83,24.68,0.00
97920,-0.83,24.73,0.00
97930,-0.83,24.68,0.00
97940,-0.84,24.71,0.00
97950,-0.84,24.70,0.00
97960,-0.84,24.68,0.00
97970,-0.84,24.71,0.00
97980,-0.84,24.69,0.00
97990,-0.84,24.74,0.00
98000,-0.84,24.69,0.00
98010,-0.84,24.73,0.00
98020,-0.84,24.70,0.00
98030,-0.84,24.73,0.00
98040,-0.83,24.71,0.00
98050,-0.83,24.69,0.00
98060,-0.83,24.75,0.00
98070,-0.83,24.71,0.00
98080,-0.83,24.76,0.00
98090,-0.83,24.77,0.00
98100,-0.83,24.79,0.00
98110,-0.83,24.76,0.00
98120,-0.83,24.83,0.00
98130,-0.83,24.79,0.00
98140,-0.83,24.79,0.00
98150,-0.83,24.74,0.00
98160,-0.83,24.84,0.00
98170,-0.84,24.85,0.00
98180,-0.84,24.83,0.00
98190,-0.84,24.84,0.00
98200,-0.84,24.90,0.00
98210,-0.84,24.86,0.00
98220,-0.84,24.88,0.00
98230,-0.84,24.81,0.00
98240,-0.84,24.86,0.00
98250,-0.84,24.81,0.00
98260,-0.84,24.85,0.00
98270,-0.84,24.87,0.00
98280,-0.84,24.87,0.00
98290,-0.84,24.88,0.00
98300,-0.84,24.89,0.00
98310,-0.84,24.92,0.00
98320,-0.84,24.92,0.00
98330,-0.84,24.86,0.00
98340,-0.84,24.92,0.00
98350,-0.84,24.91,0.00
98360,-0.84,24.90,0.00
98370,-0.84,24.92,0.00
98380,-0.84,24.86,0.00
98390,-0.84,24.94,0.00
98400,-0.84,24.92,0.00
98410,-0.84,24.89,0.00
98420,-0.84,24.95,0.00
98430,-0.84,24.97,0.00
98440,-0.84,24.96,0.00
98450,-0.83,24.92,0.00
98460,-0.83,24.95,0.00
98470,-0.83,24.94,0.00
98480,-0.83,24.97,0.00
98490,-0.83,25.02,0.00
98500,-0.84,25.04,0.00
98510,-0.84,25.03,0.00
98520,-0.84,25.02,0.00
98530,-0.84,25.01,0.00
98540,-0.84,25.08,0.00
98550,-0.84,25.03,0.00
98560,-0.84,25.03,0.00
98570,-0.84,25.04,0.00
98580,-0.84,25.05,0.00
98590,-0.84,25.04,0.00
98600,-0.84,25.08,0.00
98610,-0.84,25.08,0.00
98620,-0.84,24.94,0.00
98630,-0.83,24.98,0.00
98640,-0.83,25.07,0.00
98650,-0.83,25.06,0.00
98660,-0.83,25.06,0.00
98670,-0.83,25.07,0.00
98680,-0.83,25.06,0.00
98690,-0.83,25.05,0.00
98700,-0.83,25.08,0.00
98710,-0.83,25.06,0.00
98720,-0.83,25.11,0.00
98730,-0.82,25.09,0.00
98740,-0.82,25.08,0.00
98750,-0.82,25.12,0.00
98760,-0.82,25.17,0.00
98770,-0.82,25.15,0.00
98780,-0.83,25.19,0.00
98790,-0.83,25.13,0.00
98800,-0.82,25.13,0.00
98810,-0.82,25.14,0.00
98820,-0.83,25.21,0.00
98830,-0.82,25.13,0.00
98840,-0.82,25.18,0.00
98850,-0.82,25.17,0.00
98860,-0.82,25.11,0.00
98870,-0.82,25.14,0.00
98880,-0.82,25.13,0.00
98890,-0.82,25.23,0.00
98900,-0.82,25.20,0.00
98910,-0.82,25.17,0.00
98920,-0.82,25.22,0.00
98930,-0.82,25.23,0.00
98940,-0.81,25.18,0.00
98950,-0.81,25.21,0.00
98960,-0.81,25.18,0.00
98970,-0.81,25.14,0.00
98980,-0.81,25.23,0.00
98990,-0.80,25.19,0.00
99000,-0.80,25.22,0.00
99010,-0.80,25.26,0.00
99020,-0.80,25.31,0.00
99030,-0.81,25.28,0.00
99040,-0.81,25.28,0.00
99050,-0.80,25.26,0.00
99060,-0.81,25.31,0.00
99070,-0.81,25.28,0.00
99080,-0.81,25.34,0.00
99090,-0.81,25.34,0.00
99100,-0.81,25.35,0.00
99110,-0.81,25.36,0.00
99120,-0.82,25.37,0.00
99130,-0.82,25.32,0.00
99140,-0.82,25.32,0.00
99150,-0.82,25.35,0.00
99160,-0.82,25.37,0.00
99170,-0.82,25.38,0.00
99180,-0.82,25.41,0.00
99190,-0.82,25.37,0.00
99200,-0.83,25.45,0.00
99210,-0.83,25.44,0.00
99220,-0.83,25.42,0.00
99230,-0.83,25.39,0.00
99240,-0.83,25.39,0.00
99250,-0.83,25.40,0.00
99260,-0.83,25.45,0.00
99270,-0.84,25.45,0.00
99280,-0.84,25.43,0.00
99290,-0.84,25.39,0.00
99300,-0.83,25.42,0.00
99310,-0.83,25.44,0.00
99320,-0.83,25.39,0.00
99330,-0.83,25.48,0.00
99340,-0.84,25.48,0.00
99350,-0.84,25.45,0.00
99360,-0.84,25.46,0.00
99370,-0.83,25.42,0.00
99380,-0.83,25.46,0.00
99390,-0.83,25.47,0.00
99400,-0.83,25.53,0.00
99410,-0.84,25.52,0.00
99420,-0.84,25.49,0.00
99430,-0.83,25.46,0.00
99440,-0.83,25.49,0.00
99450,-0.83,25.50,0.00
99460,-0.83,25.48,0.00
99470,-0.83,25.50,0.00
99480,-0.83,25.55,0.00
99490,-0.83,25.52,0.00
99500,-0.83,25.56,0.00
99510,-0.83,25.55,0.00
99520,-0.83,25.55,0.00
99530,-0.83,25.58,0.00
99540,-0.83,25.52,0.00
99550,-0.83,25.59,0.00
99560,-0.83,25.58,0.00
99570,-0.83,25.62,0.00
99580,-0.83,25.57,0.00
99590,-0.83,25.59,0.00
99600,-0.83,25.61,0.00
99610,-0.83,25.60,0.00
99620,-0.83,25.61,0.00
99630,-0.84,25.64,0.00
99640,-0.84,25.62,0.00
99650,-0.84,25.63,0.00
99660,-0.84,25.65,0.00
99670,-0.84,25.62,0.00
99680,-0.83,25.61,0.00
99690,-0.84,25.69,0.00
99700,-0.83,25.62,0.00
99710,-0.84,25.70,0.00
99720,-0.84,25.66,0.00
99730,-0.84,25.67,0.00
99740,-0.84,25.69,0.00
99750,-0.84,25.70,0.00
99760,-0.84,25.70,0.00
99770,-0.84,25.70,0.00
99780,-0.84,25.67,0.00
99790,-0.84,25.71,0.00
99800,-0.84,25.74,0.00
99810,-0.84,25.76,0.00
99820,-0.84,25.76,0.00
99830,-0.85,25.76,0.00
99840,-0.85,25.76,0.00
99850,-0.84,25.69,0.00
99860,-0.84,25.72,0.00
99870,-0.84,25.72,0.00
99880,-0.84,25.76,0.00
99890,-0.84,25.78,0.00
99900,-0.84,25.71,0.00
99910,-0.84,25.76,0.00
99920,-0.84,25.82,0.00
99930,-0.84,25.77,0.00
99940,-0.84,25.80,0.00
99950,-0.85,25.85,0.00
99960,-0.84,25.78,0.00
99970,-0.84,25.77,0.00
99980,-0.84,25.76,0.00
99990,-0.84,25.83,0.00
100000,-0.84,25.81,0.00
100010,-0.84,25.78,0.00
100020,-0.84,25.84,0.00
100030,-0.84,25.80,0.00
100040,-0.84,25.87,0.00
100050,-0.84,25.87,0.00
100060,-0.84,25.80,0.00
100070,-0.83,25.81,0.00
100080,-0.83,25.86,0.00
100090,-0.83,25.89,0.00
100100,-0.84,25.89,0.00
100110,-0.84,25.91,0.00
100120,-0.84,25.95,0.00
100130,-0.84,25.88,0.00
100140,-0.84,25.91,0.00
100150,-0.84,25.84,0.00
100160,-0.84,25.88,0.00
100170,-0.83,25.86,0.00
100180,-0.83,25.88,0.00
100190,-0.83,25.87,0.00
100200,-0.83,25.92,0.00
100210,-0.82,25.87,0.00
100220,-0.83,25.96,0.00
100230,-0.83,26.00,0.00
100240,-0.83,25.95,0.00
100250,-0.83,25.94,0.00
100260,-0.83,25.94,0.00
100270,-0.83,25.94,0.00
100280,-0.82,25.93,0.00
100290,-0.82,25.92,0.00
100300,-0.82,25.96,0.00
100310,-0.82,25.99,0.00
100320,-0.82,25.99,0.00
100330,-0.82,26.00,0.00
100340,-0.82,26.00,0.00
100350,-0.82,25.96,0.00
100360,-0.82,26.03,0.00
100370,-0.82,26.07,0.00
100380,-0.82,26.03,0.00
100390,-0.82,26.01,0.00
100400,-0.82,26.04,0.00
100410,-0.83,26.07,0.00
100420,-0.82,25.99,0.00
100430,-0.82,26.04,0.00
100440,-0.82,26.09,0.00
100450,-0.82,26.04,0.00
100460,-0.82,26.05,0.00
100470,-0.82,26.07,0.00
100480,-0.82,26.05,0.00
100490,-0.82,26.04,0.00
100500,-0.82,26.07,0.00
100510,-0.82,26.05,0.00
100520,-0.82,26.07,0.00
100530,-0.82,26.10,0.00
100540,-0.82,26.15,0.00
100550,-0.82,26.13,0.00
100560,-0.82,26.11,0.00
100570,-0.82,26.15,0.00
100580,-0.82,26.13,0.00
100590,-0.82,26.13,0.00
100600,-0.82,26.09,0.00
100610,-0.82,26.11,0.00
100620,-0.82,26.18,0.00
100630,-0.82,26.16,0.00
100640,-0.82,26.17,0.00
100650,-0.82,26.18,0.00
100660,-0.82,26.17,0.00
100670,-0.82,26.16,0.00
100680,-0.82,26.19,0.00
100690,-0.82,26.21,0.00
100700,-0.82,26.21,0.00
100710,-0.82,26.19,0.00
100720,-0.82,26.23,0.00
100730,-0.82,26.17,0.00
100740,-0.82,26.26,0.00
100750,-0.82,26.23,0.00
100760,-0.82,26.23,0.00
100770,-0.82,26.20,0.00
100780,-0.82,26.25,0.00
100790,-0.82,26.26,0.00
100800,-0.82,26.25,0.00
100810,-0.82,26.27,0.00
100820,-0.82,26.26,0.00
100830,-0.82,26.26,0.00
100840,-0.82,26.23,0.00
100850,-0.82,26.25,0.00
100860,-0.82,26.27,0.00
100870,-0.82,26.24,0.00
100880,-0.82,26.34,0.00
100890,-0.82,26.37,0.00
100900,-0.82,26.33,0.00
100910,-0.82,26.35,0.00
100920,-0.83,26.41,0.00
100930,-0.83,26.31,0.00
100940,-0.83,26.34,0.00
100950,-0.83,26.33,0.00
100960,-0.83,26.38,0.00
100970,-0.83,26.34,0.00
100980,-0.83,26.37,0.00
100990,-0.83,26.32,0.00
101000,-0.83,26.32,0.00
101010,-0.83,26.38,0.00
101020,-0.83,26.35,0.00
101030,-0.83,26.39,0.00
101040,-0.83,26.38,0.00
101050,-0.83,26.38,0.00
101060,-0.82,26.33,0.00
101070,-0.82,26.40,0.00
101080,-0.82,26.41,0.00
101090,-0.83,26.44,0.00
101100,-0.82,26.41,0.00
101110,-0.82,26.41,0.00
101120,-0.82,26.38,0.00
101130,-0.82,26.46,0.00
101140,-0.82,26.44,0.00
101150,-0.82,26.47,0.00
101160,-0.82,26.42,0.00
101170,-0.82,26.42,0.00
101180,-0.82,26.49,0.00
101190,-0.82,26.42,0.00
101200,-0.82,26.48,0.00
101210,-0.82,26.42,0.00
101220,-0.82,26.47,0.00
101230,-0.82,26.50,0.00
101240,-0.82,26.48,0.00
101250,-0.82,26.49,0.00
101260,-0.82,26.49,0.00
101270,-0.82,26.50,0.00
101280,-0.82,26.52,0.00
101290,-0.82,26.53,0.00
101300,-0.82,26.54,0.00
101310,-0.82,26.49,0.00
101320,-0.82,26.50,0.00
101330,-0.82,26.55,0.00
101340,-0.82,26.55,0.00
101350,-0.82,26.61,0.00
101360,-0.82,26.57,0.00
101370,-0.82,26.55,0.00
101380,-0.82,26.58,0.00
101390,-0.82,26.54,0.00
101400,-0.82,26.59,0.00
101410,-0.82,26.61,0.00
101420,-0.82,26.54,0.00
101430,-0.82,26.62,0.00
101440,-0.82,26.59,0.00
101450,-0.82,26.61,0.00
101460,-0.82,26.60,0.00
101470,-0.82,26.62,0.00
101480,-0.82,26.60,0.00
101490,-0.82,26.66,0.00
101500,-0.82,26.61,0.00
101510,-0.82,26.66,0.00
101520,-0.82,26.62,0.00
101530,-0.82,26.67,0.00
101540,-0.82,26.64,0.00
101550,-0.82,26.61,0.00
101560,-0.82,26.62,0.00
101570,-0.82,26.70,0.00
101580,-0.82,26.66,0.00
101590,-0.82,26.66,0.00
101600,-0.82,26.75,0.00
101610,-0.82,26.70,0.00
101620,-0.82,26.71,0.00
101630,-0.82,26.68,0.00
101640,-0.82,26.72,0.00
101650,-0.82,26.69,0.00
101660,-0.82,26.73,0.00
101670,-0.82,26.71,0.00
101680,-0.82,26.76,0.00
101690,-0.82,26.73,0.00
101700,-0.82,26.74,0.00
101710,-0.82,26.74,0.00
101720,-0.82,26.72,0.00
101730,-0.82,26.70,0.00
101740,-0.82,26.81,0.00
101750,-0.82,26.82,0.00
101760,-0.82,26.81,0.00
101770,-0.82,26.78,0.00
101780,-0.82,26.78,0.00
101790,-0.82,26.76,0.00
101800,-0.82,26.79,0.00
101810,-0.82,26.80,0.00
101820,-0.82,26.74,0.00
101830,-0.82,26.83,0.00
101840,-0.82,26.82,0.00
101850,-0.82,26.83,0.00
101860,-0.82,26.85,0.00
101870,-0.82,26.83,0.00
101880,-0.82,26.80,0.00
101890,-0.82,26.81,0.00
101900,-0.82,26.83,0.00
101910,-0.81,26.82,0.00
101920,-0.82,26.89,0.00
101930,-0.82,26.87,0.00
101940,-0.81,26.84,0.00
101950,-0.81,26.83,0.00
101960,-0.81,26.85,0.00
101970,-0.81,26.84,0.00
101980,-0.81,26.86,0.00
101990,-0.80,26.80,0.00
102000,-0.80,26.85,0.00
102010,-0.80,26.88,0.00
102020,-0.80,26.86,0.00
102030,-0.80,26.90,0.00
102040,-0.80,26.88,0.00
102050,-0.80,26.92,0.00
102060,-0.80,26.93,0.00
102070,-0.80,26.89,0.00
102080,-0.79,26.92,0.00
102090,-0.80,26.98,0.00
102100,-0.79,26.89,0.00
102110,-0.79,26.93,0.00
102120,-0.79,26.95,0.00
102130,-0.79,26.98,0.00
102140,-0.79,26.93,0.00
102150,-0.79,26.98,0.00
102160,-0.79,27.00,0.00
102170,-0.79,26.98,0.00
102180,-0.79,26.98,0.00
102190,-0.79,26.95,0.00
102200,-0.79,26.93,0.00
102210,-0.79,26.97,0.00
102220,-0.79,26.96,0.00
102230,-0.78,26.93,0.00
102240,-0.78,27.02,0.00
102250,-0.79,27.09,0.00
102260,-0.79,27.08,0.00
102270,-0.79,26.99,0.00
102280,-0.79,27.07,0.00
102290,-0.79,27.02,0.00
102300,-0.79,27.00,0.00
102310,-0.79,27.04,0.00
102320,-0.79,27.07,0.00
102330,-0.79,27.12,0.00
102340,-0.79,27.07,0.00
102350,-0.79,27.12,0.00
102360,-0.79,27.10,0.00
102370,-0.80,27.13,0.00
102380,-0.80,27.10,0.00
102390,-0.80,27.08,0.00
102400,-0.80,27.14,0.00
102410,-0.80,27.11,0.00
102420,-0.80,27.11,0.00
102430,-0.80,27.11,0.00
102440,-0.80,27.10,0.00
102450,-0.80,27.15,0.00
102460,-0.80,27.15,0.00
102470,-0.80,27.11,0.00
102480,-0.80,27.15,0.00
102490,-0.80,27.17,0.00
102500,-0.80,27.13,0.00
102510,-0.80,27.16,0.00
102520,-0.80,27.17,0.00
102530,-0.80,27.20,0.00
102540,-0.80,27.21,0.00
102550,-0.80,27.23,0.00
102560,-0.80,27.21,0.00
102570,-0.81,27.25,0.00
102580,-0.81,27.23,0.00
102590,-0.81,27.24,0.00
102600,-0.81,27.18,0.00
102610,-0.80,27.15,0.00
102620,-0.80,27.21,0.00
102630,-0.81,27.28,0.00
102640,-0.81,27.26,0.00
102650,-0.81,27.27,0.00
102660,-0.81,27.26,0.00
102670,-0.81,27.28,0.00
102680,-0.81,27.21,0.00
102690,-0.81,27.28,0.00
102700,-0.81,27.30,0.00
102710,-0.81,27.32,0.00
102720,-0.81,27.25,0.00
102730,-0.81,27.32,0.00
102740,-0.81,27.29,0.00
102750,-0.81,27.27,0.00
102760,-0.81,27.31,0.00
102770,-0.81,27.32,0.00
102780,-0.81,27.27,0.00
102790,-0.81,27.34,0.00
102800,-0.81,27.28,0.00
102810,-0.81,27.26,0.00
102820,-0.81,27.34,0.00
102830,-0.81,27.38,0.00
102840,-0.81,27.40,0.00
102850,-0.81,27.37,0.00
102860,-0.81,27.38,0.00
102870,-0.82,27.38,0.00
102880,-0.82,27.39,0.00
102890,-0.82,27.38,0.00
102900,-0.82,27.38,0.00
102910,-0.82,27.41,0.00
102920,-0.82,27.47,0.00
102930,-0.82,27.44,0.00
102940,-0.82,27.43,0.00
102950,-0.82,27.39,0.00
102960,-0.82,27.43,0.00
102970,-0.82,27.44,0.00
102980,-0.82,27.44,0.00
102990,-0.83,27.45,0.00
103000,-0.83,27.43,0.00
103010,-0.82,27.42,0.00
103020,-0.82,27.45,0.00
103030,-0.82,27.43,0.00
103040,-0.82,27.43,0.00
103050,-0.82,27.53,0.00
103060,-0.83,27.52,0.00
103070,-0.83,27.46,0.00
103080,-0.83,27.51,0.00
103090,-0.82,27.44,0.00
103100,-0.82,27.46,0.00
103110,-0.82,27.42,0.00
103120,-0.81,27.42,0.00
103130,-0.81,27.41,0.00
103140,-0.81,27.46,0.00
103150,-0.81,27.53,0.00
103160,-0.81,27.49,0.00
103170,-0.81,27.56,0.00
103180,-0.81,27.54,0.00
103190,-0.81,27.51,0.00
103200,-0.81,27.52,0.00
103210,-0.81,27.54,0.00
103220,-0.80,27.47,0.00
103230,-0.80,27.51,0.00
103240,-0.80,27.52,0.00
103250,-0.80,27.56,0.00
103260,-0.80,27.59,0.00
103270,-0.80,27.57,0.00
103280,-0.80,27.60,0.00
103290,-0.80,27.56,0.00
103300,-0.80,27.62,0.00
103310,-0.81,27.64,0.00
103320,-0.81,27.59,0.00
103330,-0.80,27.56,0.00
103340,-0.81,27.67,0.00
103350,-0.81,27.62,0.00
103360,-0.80,27.61,0.00
103370,-0.80,27.62,0.00
103380,-0.81,27.65,0.00
103390,-0.81,27.69,0.00
103400,-0.81,27.60,0.00
103410,-0.81,27.64,0.00
103420,-0.80,27.56,0.00
103430,-0.80,27.66,0.00
103440,-0.80,27.66,0.00
103450,-0.80,27.71,0.00
103460,-0.80,27.65,0.00
103470,-0.80,27.68,0.00
103480,-0.80,27.65,0.00
103490,-0.80,27.71,0.00
103500,-0.80,27.70,0.00
103510,-0.80,27.66,0.00
103520,-0.80,27.66,0.00
103530,-0.80,27.72,0.00
103540,-0.79,27.65,0.00
103550,-0.79,27.72,0.00
103560,-0.79,27.70,0.00
103570,-0.79,27.74,0.00
103580,-0.80,27.76,0.00
103590,-0.80,27.73,0.00
103600,-0.79,27.72,0.00
103610,-0.79,27.72,0.00
103620,-0.79,27.74,0.00
103630,-0.79,27.76,0.00
103640,-0.79,27.75,0.00
103650,-0.79,27.78,0.00
103660,-0.79,27.78,0.00
103670,-0.79,27.80,0.00
103680,-0.79,27.76,0.00
103690,-0.79,27.76,0.00
103700,-0.79,27.75,0.00
103710,-0.79,27.79,0.00
103720,-0.79,27.83,0.00
103730,-0.79,27.75,0.00
103740,-0.79,27.82,0.00
103750,-0.79,27.81,0.00
103760,-0.79,27.85,0.00
103770,-0.79,27.79,0.00
103780,-0.79,27.86,0.00
103790,-0.79,27.83,0.00
103800,-0.79,27.85,0.00
103810,-0.79,27.85,0.00
103820,-0.79,27.86,0.00
103830,-0.79,27.89,0.00
103840,-0.79,27.86,0.00
103850,-0.79,27.96,0.00
103860,-0.79,27.91,0.00
103870,-0.80,27.92,0.00
103880,-0.79,27.83,0.00
103890,-0.79,27.88,0.00
103900,-0.79,27.84,0.00
103910,-0.79,27.88,0.00
103920,-0.79,27.93,0.00
103930,-0.79,27.91,0.00
103940,-0.79,27.85,0.00
103950,-0.78,27.90,0.00
103960,-0.78,27.88,0.00
103970,-0.78,27.96,0.00
103980,-0.79,27.99,0.00
103990,-0.79,27.97,0.00
104000,-0.79,27.94,0.00
104010,-0.79,27.93,0.00
104020,-0.78,27.88,0.00
104030,-0.78,27.91,0.00
104040,-0.78,27.89,0.00
104050,-0.78,27.96,0.00
104060,-0.78,27.96,0.00
104070,-0.78,28.03,0.00
104080,-0.78,28.01,0.00
104090,-0.78,28.02,0.00
104100,-0.78,27.99,0.00
104110,-0.78,27.99,0.00
104120,-0.78,28.02,0.00
104130,-0.78,28.00,0.00
104140,-0.78,28.00,0.00
104150,-0.78,28.04,0.00
104160,-0.78,28.04,0.00
104170,-0.78,28.07,0.00
104180,-0.79,28.13,0.00
104190,-0.79,28.11,0.00
104200,-0.79,28.07,0.00
104210,-0.79,28.05,0.00
104220,-0.79,28.05,0.00
104230,-0.79,28.08,0.00
104240,-0.79,28.07,0.00
104250,-0.79,28.10,0.00
104260,-0.79,28.06,0.00
104270,-0.79,28.08,0.00
104280,-0.79,28.14,0.00
104290,-0.79,28.16,0.00
104300,-0.80,28.16,0.00
104310,-0.80,28.12,0.00
104320,-0.80,28.10,0.00
104330,-0.79,28.10,0.00
104340,-0.79,28.09,0.00
104350,-0.79,28.10,0.00
104360,-0.79,28.07,0.00
104370,-0.79,28.15,0.00
104380,-0.79,28.19,0.00
104390,-0.79,28.18,0.00
104400,-0.79,28.15,0.00
104410,-0.79,28.17,0.00
104420,-0.79,28.17,0.00
104430,-0.79,28.09,0.00
104440,-0.78,28.09,0.00
104450,-0.78,28.13,0.00
104460,-0.78,28.15,0.00
104470,-0.78,28.23,0.00
104480,-0.78,28.29,0.00
104490,-0.79,28.25,0.00
104500,-0.79,28.22,0.00
104510,-0.79,28.24,0.00
104520,-0.79,28.26,0.00
104530,-0.79,28.21,0.00
104540,-0.79,28.23,0.00
104550,-0.79,28.23,0.00
104560,-0.79,28.20,0.00
104570,-0.79,28.27,0.00
104580,-0.79,28.29,0.00
104590,-0.79,28.30,0.00
104600,-0.79,28.31,0.00
104610,-0.79,28.30,0.00
104620,-0.80,28.33,0.00
104630,-0.80,28.30,0.00
104640,-0.80,28.26,0.00
104650,-0.79,28.18,0.00
104660,-0.79,28.26,0.00
104670,-0.79,28.29,0.00
104680,-0.79,28.34,0.00
104690,-0.79,28.32,0.00
104700,-0.79,28.36,0.00
104710,-0.79,28.36,0.00
104720,-0.80,28.38,0.00
104730,-0.80,28.33,0.00
104740,-0.80,28.32,0.00
104750,-0.79,28.33,0.00
104760,-0.79,28.31,0.00
104770,-0.79,28.32,0.00
104780,-0.79,28.33,0.00
104790,-0.79,28.36,0.00
104800,-0.79,28.38,0.00
104810,-0.79,28.40,0.00
104820,-0.79,28.40,0.00
104830,-0.79,28.40,0.00
104840,-0.79,28.37,0.00
104850,-0.79,28.36,0.00
104860,-0.79,28.35,0.00
104870,-0.78,28.36,0.00
104880,-0.78,28.38,0.00
104890,-0.78,28.45,0.00
104900,-0.79,28.46,0.00
104910,-0.79,28.46,0.00
104920,-0.79,28.45,0.00
104930,-0.79,28.44,0.00
104940,-0.79,28.39,0.00
104950,-0.79,28.41,0.00
