tempo_ms,angulo_deg,u_pct,referencia
11,-3.31,68.18,0.00
21,-3.31,1.93,0.00
31,-3.31,1.92,0.00
41,-3.31,1.95,0.00
51,-3.30,1.93,0.00
61,-3.30,1.98,0.00
71,-3.30,1.99,0.00
81,-3.29,2.02,0.00
91,-3.29,1.98,0.00
101,-3.29,2.04,0.00
111,-3.28,2.09,0.00
121,-3.28,2.09,0.00
131,-3.28,2.10,0.00
141,-3.28,2.18,0.00
151,-3.27,2.16,0.00
161,-3.27,2.13,0.00
171,-3.27,2.21,0.00
181,-3.26,2.21,0.00
191,-3.26,2.20,0.00
201,-3.26,2.27,0.00
211,-3.25,2.31,0.00
221,-3.25,2.27,0.00
231,-3.25,2.35,0.00
241,-3.25,2.35,0.00
251,-3.24,2.36,0.00
261,-3.24,2.37,0.00
271,-3.24,2.42,0.00
281,-3.24,2.45,0.00
291,-3.24,2.44,0.00
301,-3.23,2.45,0.00
311,-3.23,2.51,0.00
321,-3.23,2.48,0.00
331,-3.23,2.53,0.00
341,-3.22,2.55,0.00
351,-3.22,2.60,0.00
361,-3.22,2.61,0.00
371,-3.22,2.64,0.00
381,-3.22,2.63,0.00
391,-3.22,2.65,0.00
401,-3.21,2.67,0.00
411,-3.21,2.73,0.00
421,-3.21,2.74,0.00
431,-3.21,2.74,0.00
441,-3.21,2.82,0.00
451,-3.21,2.79,0.00
461,-3.21,2.82,0.00
471,-3.21,2.83,0.00
481,-3.21,2.87,0.00
491,-3.20,2.86,0.00
501,-3.20,2.88,0.00
511,-3.20,2.94,0.00
521,-3.20,2.92,0.00
531,-3.20,2.95,0.00
541,-3.20,2.96,0.00
551,-3.19,2.98,0.00
561,-3.19,3.04,0.00
571,-3.19,3.08,0.00
581,-3.20,3.13,0.00
591,-3.19,3.06,0.00
601,-3.19,3.13,0.00
611,-3.19,3.16,0.00
621,-3.19,3.14,0.00
631,-3.19,3.22,0.00
641,-3.19,3.15,0.00
651,-3.19,3.21,0.00
661,-3.19,3.21,0.00
671,-3.19,3.29,0.00
681,-3.18,3.25,0.00
691,-3.18,3.28,0.00
701,-3.18,3.37,0.00
711,-3.18,3.29,0.00
721,-3.18,3.38,0.00
731,-3.18,3.39,0.00
741,-3.18,3.45,0.00
751,-3.18,3.47,0.00
761,-3.18,3.43,0.00
771,-3.18,3.49,0.00
781,-3.18,3.48,0.00
791,-3.18,3.53,0.00
801,-3.18,3.50,0.00
811,-3.18,3.59,0.00
821,-3.18,3.56,0.00
831,-3.18,3.58,0.00
841,-3.18,3.67,0.00
851,-3.18,3.61,0.00
861,-3.18,3.73,0.00
871,-3.18,3.63,0.00
881,-3.18,3.75,0.00
891,-3.17,3.66,0.00
901,-3.17,3.76,0.00
911,-3.17,3.73,0.00
921,-3.17,3.74,0.00
931,-3.17,3.80,0.00
941,-3.17,3.78,0.00
951,-3.17,3.91,0.00
961,-3.17,3.84,0.00
971,-3.17,3.89,0.00
981,-3.16,3.85,0.00
991,-3.16,3.92,0.00
1001,-3.16,3.93,0.00
1011,-3.16,3.93,0.00
1021,-3.16,4.05,0.00
1031,-3.16,3.97,0.00
1041,-3.16,4.07,0.00
1051,-3.16,4.03,0.00
1061,-3.16,4.08,0.00
1071,-3.16,4.12,0.00
1081,-3.16,4.09,0.00
1091,-3.16,4.21,0.00
1101,-3.16,4.13,0.00
1111,-3.16,4.23,0.00
1121,-3.16,4.19,0.00
1131,-3.16,4.22,0.00
1141,-3.16,4.24,0.00
1151,-3.16,4.27,0.00
1161,-3.16,4.28,0.00
1171,-3.16,4.33,0.00
1181,-3.16,4.35,0.00
1191,-3.16,4.29,0.00
1201,-3.15,4.33,0.00
1211,-3.15,4.35,0.00
1221,-3.15,4.38,0.00
1231,-3.15,4.37,0.00
1241,-3.15,4.44,0.00
1251,-3.15,4.50,0.00
1261,-3.15,4.50,0.00
1271,-3.15,4.46,0.00
1281,-3.14,4.46,0.00
1291,-3.14,4.52,0.00
1301,-3.14,4.59,0.00
1311,-3.14,4.58,0.00
1321,-3.14,4.61,0.00
1331,-3.14,4.61,0.00
1341,-3.14,4.65,0.00
1351,-3.14,4.72,0.00
1361,-3.14,4.67,0.00
1371,-3.14,4.70,0.00
1381,-3.14,4.72,0.00
1391,-3.13,4.72,0.00
1401,-3.13,4.71,0.00
1411,-3.13,4.79,0.00
1421,-3.13,4.85,0.00
1431,-3.13,4.85,0.00
1441,-3.13,4.88,0.00
1451,-3.13,4.90,0.00
1461,-3.13,4.89,0.00
1471,-3.13,4.93,0.00
1481,-3.13,4.92,0.00
1491,-3.13,4.95,0.00
1501,-3.13,5.01,0.00
1511,-3.13,5.02,0.00
1521,-3.13,5.04,0.00
1531,-3.13,5.04,0.00
1541,-3.13,5.07,0.00
1551,-3.13,5.08,0.00
1561,-3.13,5.09,0.00
1571,-3.13,5.17,0.00
1581,-3.13,5.15,0.00
1591,-3.13,5.18,0.00
1601,-3.13,5.20,0.00
1611,-3.13,5.19,0.00
1621,-3.13,5.29,0.00
1631,-3.14,5.27,0.00
1641,-3.14,5.33,0.00
1651,-3.14,5.34,0.00
1661,-3.14,5.39,0.00
1671,-3.14,5.36,0.00
1681,-3.14,5.36,0.00
1691,-3.15,5.45,0.00
1701,-3.14,5.38,0.00
1711,-3.14,5.44,0.00
1721,-3.14,5.44,0.00
1731,-3.15,5.50,0.00
1741,-3.14,5.45,0.00
1751,-3.14,5.49,0.00
1761,-3.14,5.55,0.00
1771,-3.14,5.55,0.00
1781,-3.14,5.58,0.00
1791,-3.14,5.56,0.00
1801,-3.14,5.62,0.00
1811,-3.14,5.61,0.00
1821,-3.14,5.63,0.00
1831,-3.14,5.72,0.00
1841,-3.14,5.65,0.00
1851,-3.14,5.71,0.00
1861,-3.14,5.73,0.00
1871,-3.14,5.79,0.00
1881,-3.14,5.76,0.00
1891,-3.14,5.78,0.00
1901,-3.13,5.79,0.00
1911,-3.13,5.86,0.00
1921,-3.13,5.87,0.00
1931,-3.14,5.90,0.00
1941,-3.13,5.82,0.00
1951,-3.13,5.89,0.00
1961,-3.13,5.93,0.00
1971,-3.13,5.99,0.00
1981,-3.13,5.96,0.00
1991,-3.13,6.01,0.00
2001,-3.13,6.03,0.00
2011,-3.13,6.07,0.00
2021,-3.13,6.06,0.00
2031,-3.13,6.07,0.00
2041,-3.13,6.10,0.00
2051,-3.13,6.11,0.00
2061,-3.13,6.13,0.00
2071,-3.13,6.19,0.00
2081,-3.13,6.19,0.00
2091,-3.13,6.23,0.00
2101,-3.13,6.25,0.00
2111,-3.13,6.31,0.00
2121,-3.13,6.32,0.00
2131,-3.13,6.30,0.00
2141,-3.13,6.32,0.00
2151,-3.14,6.40,0.00
2161,-3.14,6.42,0.00
2171,-3.14,6.33,0.00
2181,-3.14,6.43,0.00
2191,-3.13,6.38,0.00
2201,-3.13,6.41,0.00
2211,-3.13,6.47,0.00
2221,-3.13,6.51,0.00
2231,-3.13,6.46,0.00
2241,-3.13,6.49,0.00
2251,-3.13,6.59,0.00
2261,-3.13,6.53,0.00
2271,-3.13,6.51,0.00
2281,-3.12,6.56,0.00
2291,-3.12,6.62,0.00
2301,-3.12,6.65,0.00
2311,-3.12,6.66,0.00
2321,-3.12,6.66,0.00
2331,-3.12,6.72,0.00
2341,-3.12,6.79,0.00
2351,-3.12,6.74,0.00
2361,-3.12,6.78,0.00
2371,-3.13,6.82,0.00
2381,-3.13,6.84,0.00
2391,-3.13,6.84,0.00
2401,-3.13,6.86,0.00
2411,-3.13,6.89,0.00
2421,-3.13,6.91,0.00
2431,-3.13,6.89,0.00
2441,-3.13,6.91,0.00
2451,-3.12,6.92,0.00
2461,-3.12,7.00,0.00
2471,-3.12,7.00,0.00
2481,-3.13,7.09,0.00
2491,-3.13,7.14,0.00
2501,-3.13,7.05,0.00
2511,-3.13,7.09,0.00
2521,-3.13,7.06,0.00
2531,-3.13,7.10,0.00
2541,-3.13,7.14,0.00
2551,-3.13,7.23,0.00
2561,-3.13,7.19,0.00
2571,-3.13,7.23,0.00
2581,-3.13,7.21,0.00
2591,-3.13,7.27,0.00
2601,-3.13,7.28,0.00
2611,-3.13,7.30,0.00
2621,-3.13,7.34,0.00
2631,-3.13,7.36,0.00
2641,-3.13,7.37,0.00
2651,-3.13,7.42,0.00
2661,-3.13,7.39,0.00
2671,-3.13,7.45,0.00
2681,-3.13,7.43,0.00
2691,-3.13,7.46,0.00
2701,-3.13,7.50,0.00
2711,-3.14,7.54,0.00
2721,-3.14,7.58,0.00
2731,-3.14,7.56,0.00
2741,-3.14,7.57,0.00
2751,-3.14,7.58,0.00
2761,-3.14,7.63,0.00
2771,-3.14,7.70,0.00
2781,-3.14,7.66,0.00
2791,-3.14,7.68,0.00
2801,-3.14,7.76,0.00
2811,-3.15,7.73,0.00
2821,-3.15,7.78,0.00
2831,-3.15,7.75,0.00
2841,-3.15,7.79,0.00
2851,-3.15,7.80,0.00
2861,-3.15,7.87,0.00
2871,-3.15,7.84,0.00
2881,-3.15,7.85,0.00
2891,-3.15,7.87,0.00
2901,-3.14,7.88,0.00
2911,-3.14,7.93,0.00
2921,-3.14,7.93,0.00
2931,-3.14,8.00,0.00
2941,-3.14,7.99,0.00
2951,-3.15,8.09,0.00
2961,-3.15,8.02,0.00
2971,-3.15,8.11,0.00
2981,-3.15,8.04,0.00
2991,-3.15,8.14,0.00
3001,-3.15,8.10,0.00
3011,-3.15,8.17,0.00
3021,-3.15,8.20,0.00
3031,-3.15,8.20,0.00
3041,-3.15,8.22,0.00
3051,-3.15,8.27,0.00
3061,-3.15,8.26,0.00
3071,-3.15,8.26,0.00
3081,-3.15,8.29,0.00
3091,-3.16,8.38,0.00
3101,-3.16,8.32,0.00
3111,-3.16,8.32,0.00
3121,-3.16,8.39,0.00
3131,-3.16,8.40,0.00
3141,-3.16,8.45,0.00
3151,-3.16,8.49,0.00
3161,-3.16,8.47,0.00
3171,-3.16,8.50,0.00
3181,-3.16,8.51,0.00
3191,-3.16,8.50,0.00
3201,-3.16,8.55,0.00
3211,-3.16,8.58,0.00
3221,-3.16,8.58,0.00
3231,-3.16,8.56,0.00
3241,-3.16,8.63,0.00
3251,-3.16,8.69,0.00
3261,-3.16,8.66,0.00
3271,-3.15,8.63,0.00
3281,-3.15,8.71,0.00
3291,-3.15,8.71,0.00
3301,-3.15,8.77,0.00
3311,-3.16,8.81,0.00
3321,-3.15,8.77,0.00
3331,-3.15,8.79,0.00
3341,-3.15,8.80,0.00
3351,-3.15,8.85,0.00
3361,-3.15,8.86,0.00
3371,-3.15,8.87,0.00
3381,-3.15,8.92,0.00
3391,-3.15,8.95,0.00
3401,-3.15,8.91,0.00
3411,-3.15,9.03,0.00
3421,-3.15,9.00,0.00
3431,-3.15,9.02,0.00
3441,-3.15,8.97,0.00
3451,-3.14,9.05,0.00
3461,-3.14,9.03,0.00
3471,-3.14,9.09,0.00
3481,-3.14,9.14,0.00
3491,-3.14,9.14,0.00
3501,-3.14,9.18,0.00
3511,-3.14,9.18,0.00
3521,-3.14,9.24,0.00
3531,-3.14,9.16,0.00
3541,-3.14,9.25,0.00
3551,-3.14,9.32,0.00
3561,-3.14,9.29,0.00
3571,-3.14,9.33,0.00
3581,-3.14,9.36,0.00
3591,-3.14,9.36,0.00
3601,-3.15,9.38,0.00
3611,-3.14,9.36,0.00
3621,-3.14,9.37,0.00
3631,-3.14,9.39,0.00
3641,-3.14,9.42,0.00
3651,-3.13,9.42,0.00
3661,-3.13,9.50,0.00
3671,-3.14,9.55,0.00
3681,-3.14,9.54,0.00
3691,-3.14,9.58,0.00
3701,-3.14,9.56,0.00
3711,-3.13,9.53,0.00
3721,-3.13,9.59,0.00
3731,-3.13,9.67,0.00
3741,-3.13,9.67,0.00
3751,-3.13,9.66,0.00
3761,-3.13,9.70,0.00
3771,-3.13,9.74,0.00
3781,-3.13,9.72,0.00
3791,-3.13,9.73,0.00
3801,-3.13,9.78,0.00
3811,-3.13,9.84,0.00
3821,-3.13,9.87,0.00
3831,-3.13,9.86,0.00
3841,-3.13,9.86,0.00
3851,-3.13,9.87,0.00
3861,-3.13,9.92,0.00
3871,-3.13,9.92,0.00
3881,-3.13,9.98,0.00
3891,-3.13,9.98,0.00
3901,-3.13,9.97,0.00
3911,-3.13,10.06,0.00
3921,-3.13,10.02,0.00
3931,-3.13,10.07,0.00
3941,-3.14,10.09,0.00
3951,-3.14,10.17,0.00
3961,-3.14,10.20,0.00
3971,-3.14,10.16,0.00
3981,-3.14,10.16,0.00
3991,-3.14,10.22,0.00
4001,-3.14,10.21,0.00
4011,-3.14,10.23,0.00
4021,-3.14,10.25,0.00
4031,-3.14,10.26,0.00
4041,-3.14,10.29,0.00
4051,-3.15,10.36,0.00
4061,-3.15,10.37,0.00
4071,-3.15,10.33,0.00
4081,-3.15,10.40,0.00
4091,-3.15,10.40,0.00
4101,-3.15,10.49,0.00
4111,-3.15,10.46,0.00
4121,-3.15,10.46,0.00
4131,-3.15,10.53,0.00
4141,-3.15,10.50,0.00
4151,-3.15,10.56,0.00
4161,-3.16,10.58,0.00
4171,-3.15,10.55,0.00
4181,-3.15,10.61,0.00
4191,-3.16,10.62,0.00
4201,-3.16,10.64,0.00
4211,-3.16,10.67,0.00
4221,-3.16,10.68,0.00
4231,-3.16,10.70,0.00
4241,-3.16,10.72,0.00
4251,-3.16,10.74,0.00
4261,-3.16,10.77,0.00
4271,-3.16,10.79,0.00
4281,-3.16,10.80,0.00
4291,-3.16,10.83,0.00
4301,-3.16,10.90,0.00
4311,-3.16,10.92,0.00
4321,-3.16,10.89,0.00
4331,-3.16,10.91,0.00
4341,-3.16,10.97,0.00
4351,-3.16,10.97,0.00
4361,-3.17,11.01,0.00
4371,-3.17,11.01,0.00
4381,-3.16,10.98,0.00
4391,-3.16,11.04,0.00
4401,-3.16,11.04,0.00
4411,-3.16,11.07,0.00
4421,-3.17,11.16,0.00
4431,-3.17,11.17,0.00
4441,-3.17,11.17,0.00
4451,-3.17,11.20,0.00
4461,-3.17,11.19,0.00
4471,-3.17,11.21,0.00
4481,-3.17,11.28,0.00
4491,-3.17,11.23,0.00
4501,-3.17,11.30,0.00
4511,-3.17,11.31,0.00
4521,-3.17,11.34,0.00
4531,-3.18,11.37,0.00
4541,-3.18,11.39,0.00
4551,-3.18,11.40,0.00
4561,-3.18,11.41,0.00
4571,-3.18,11.43,0.00
4581,-3.18,11.44,0.00
4591,-3.18,11.46,0.00
4601,-3.18,11.47,0.00
4611,-3.18,11.50,0.00
4621,-3.17,11.51,0.00
4631,-3.18,11.58,0.00
4641,-3.18,11.58,0.00
4651,-3.17,11.56,0.00
4661,-3.17,11.57,0.00
4671,-3.17,11.57,0.00
4681,-3.17,11.63,0.00
4691,-3.17,11.62,0.00
4701,-3.16,11.67,0.00
4711,-3.16,11.70,0.00
4721,-3.16,11.75,0.00
4731,-3.17,11.77,0.00
4741,-3.17,11.79,0.00
4751,-3.17,11.80,0.00
4761,-3.16,11.77,0.00
4771,-3.16,11.79,0.00
4781,-3.16,11.87,0.00
4791,-3.16,11.93,0.00
4801,-3.16,11.91,0.00
4811,-3.16,11.86,0.00
4821,-3.16,11.92,0.00
4831,-3.16,11.98,0.00
4841,-3.16,11.99,0.00
4851,-3.16,12.06,0.00
4861,-3.16,12.02,0.00
4871,-3.16,12.03,0.00
4881,-3.16,12.12,0.00
4891,-3.16,12.06,0.00
4901,-3.16,12.12,0.00
4911,-3.16,12.14,0.00
4921,-3.16,12.17,0.00
4931,-3.16,12.19,0.00
4941,-3.16,12.15,0.00
4951,-3.16,12.25,0.00
4961,-3.16,12.23,0.00
4971,-3.16,12.26,0.00
4981,-3.16,12.28,0.00
4991,-3.16,12.33,0.00
5001,-3.16,12.32,0.00
5011,-3.16,12.31,0.00
5021,-3.16,12.34,0.00
5031,-3.16,12.40,0.00
5041,-3.16,12.42,0.00
5051,-3.16,12.43,0.00
5061,-3.16,12.42,0.00
5071,-3.16,12.51,0.00
5081,-3.17,12.57,0.00
5091,-3.17,12.55,0.00
5101,-3.17,12.56,0.00
5111,-3.17,12.52,0.00
5121,-3.17,12.57,0.00
5131,-3.17,12.60,0.00
5141,-3.17,12.59,0.00
5151,-3.17,12.64,0.00
5161,-3.16,12.64,0.00
5171,-3.16,12.68,0.00
5181,-3.16,12.70,0.00
5191,-3.16,12.72,0.00
5201,-3.16,12.74,0.00
5211,-3.16,12.71,0.00
5221,-3.16,12.81,0.00
5231,-3.16,12.82,0.00
5241,-3.16,12.84,0.00
5251,-3.16,12.83,0.00
5261,-3.16,12.88,0.00
5271,-3.16,12.85,0.00
5281,-3.16,12.92,0.00
5291,-3.16,12.92,0.00
5301,-3.16,12.95,0.00
5311,-3.16,12.96,0.00
5321,-3.16,12.97,0.00
5331,-3.16,13.07,0.00
5341,-3.16,13.04,0.00
5351,-3.16,13.09,0.00
5361,-3.16,13.08,0.00
5371,-3.16,13.11,0.00
5381,-3.16,13.12,0.00
5391,-3.16,13.13,0.00
5401,-3.16,13.12,0.00
5411,-3.16,13.17,0.00
5421,-3.16,13.22,0.00
5431,-3.16,13.21,0.00
5441,-3.16,13.25,0.00
5451,-3.16,13.27,0.00
5461,-3.16,13.28,0.00
5471,-3.16,13.31,0.00
5481,-3.16,13.35,0.00
5491,-3.16,13.36,0.00
5501,-3.16,13.42,0.00
5511,-3.16,13.40,0.00
5521,-3.16,13.36,0.00
5531,-3.16,13.40,0.00
5541,-3.16,13.50,0.00
5551,-3.16,13.48,0.00
5561,-3.16,13.50,0.00
5571,-3.16,13.53,0.00
5581,-3.16,13.59,0.00
5591,-3.17,13.60,0.00
5601,-3.17,13.57,0.00
5611,-3.16,13.58,0.00
5621,-3.17,13.65,0.00
5631,-3.17,13.71,0.00
5641,-3.17,13.70,0.00
5651,-3.17,13.67,0.00
5661,-3.17,13.70,0.00
5671,-3.17,13.73,0.00
5681,-3.17,13.73,0.00
5691,-3.17,13.76,0.00
5701,-3.16,13.78,0.00
5711,-3.17,13.85,0.00
5721,-3.17,13.85,0.00
5731,-3.17,13.90,0.00
5741,-3.17,13.86,0.00
5751,-3.17,13.91,0.00
5761,-3.17,13.91,0.00
5771,-3.16,13.90,0.00
5781,-3.16,13.92,0.00
5791,-3.16,13.99,0.00
5801,-3.16,14.02,0.00
5811,-3.16,14.03,0.00
5821,-3.17,14.09,0.00
5831,-3.16,14.04,0.00
5841,-3.16,14.08,0.00
5851,-3.17,14.31,0.00
5861,-3.16,13.86,0.00
5871,-3.18,14.58,0.00
5881,-3.18,14.09,0.00
5891,-3.17,14.15,0.00
5901,-3.17,14.06,0.00
5911,-3.17,14.34,0.00
5921,-3.15,13.80,0.00
5931,-3.16,14.54,0.00
5941,-3.16,14.23,0.00
5951,-3.16,14.28,0.00
5961,-3.14,13.96,0.00
5971,-3.14,14.37,0.00
5981,-3.15,14.67,0.00
5991,-3.16,14.58,0.00
6001,-3.18,14.84,0.00
6011,-3.16,14.10,0.00
6021,-3.17,14.65,0.00
6031,-3.18,14.66,0.00
6041,-3.19,14.65,0.00
6051,-3.14,13.59,0.00
6061,-3.14,14.47,0.00
6071,-3.14,14.55,0.00
6081,-3.12,14.13,0.00
6091,-3.10,14.35,0.00
6101,-3.11,14.73,0.00
6111,-3.08,14.02,0.00
6121,-3.09,14.86,0.00
6131,-3.07,14.22,0.00
6141,-3.05,14.32,0.00
6151,-3.03,14.23,0.00
6161,-3.03,14.58,0.00
6171,-3.05,15.17,0.00
6181,-3.03,14.33,0.00
6191,-3.03,14.72,0.00
6201,-3.04,15.00,0.00
6211,-3.05,14.90,0.00
6221,-3.05,14.94,0.00
6231,-3.06,15.00,0.00
6241,-3.06,14.73,0.00
6251,-3.08,15.41,0.00
6261,-3.07,14.74,0.00
6271,-3.07,14.86,0.00
6281,-3.10,15.59,0.00
6291,-3.10,14.89,0.00
6301,-3.09,14.80,0.00
6311,-3.11,15.52,0.00
6321,-3.10,14.75,0.00
6331,-3.07,14.60,0.00
6341,-3.11,15.73,0.00
6351,-3.11,15.15,0.00
6361,-3.09,14.74,0.00
6371,-3.09,15.25,0.00
6381,-3.11,15.45,0.00
6391,-3.10,15.04,0.00
6401,-3.10,15.23,0.00
6411,-3.12,15.60,0.00
6421,-3.12,15.36,0.00
6431,-3.10,14.71,0.00
6441,-3.08,15.02,0.00
6451,-3.09,15.42,0.00
6461,-3.10,15.61,0.00
6471,-3.09,15.17,0.00
6481,-3.08,15.07,0.00
6491,-3.09,15.63,0.00
6501,-3.09,15.40,0.00
6511,-3.07,14.97,0.00
6521,-3.06,15.27,0.00
6531,-3.08,15.99,0.00
6541,-3.09,15.67,0.00
6551,-3.07,15.07,0.00
6561,-3.07,15.45,0.00
6571,-3.10,16.17,0.00
6581,-3.09,15.46,0.00
6591,-3.06,14.95,0.00
6601,-3.07,15.83,0.00
6611,-3.11,16.34,0.00
6621,-3.11,15.73,0.00
6631,-3.08,15.10,0.00
6641,-3.08,15.60,0.00
6651,-3.09,15.98,0.00
6661,-3.09,15.78,0.00
6671,-3.08,15.59,0.00
6681,-3.09,15.90,0.00
6691,-3.11,16.17,0.00
6701,-3.11,15.80,0.00
6711,-3.09,15.51,0.00
6721,-3.08,15.65,0.00
6731,-3.09,16.06,0.00
6741,-3.08,15.81,0.00
6751,-3.06,15.37,0.00
6761,-3.06,16.01,0.00
6771,-3.07,16.15,0.00
6781,-3.06,15.69,0.00
6791,-3.02,15.33,0.00
6801,-3.02,15.89,0.00
6811,-3.05,16.69,0.00
6821,-3.05,16.01,0.00
6831,-3.04,15.83,0.00
6841,-3.04,16.18,0.00
6851,-3.06,16.37,0.00
6861,-3.04,15.83,0.00
6871,-3.03,15.95,0.00
6881,-3.05,16.52,0.00
6891,-3.08,16.69,0.00
6901,-3.07,16.07,0.00
6911,-3.05,15.94,0.00
6921,-3.07,16.51,0.00
6931,-3.09,16.68,0.00
6941,-3.08,16.13,0.00
6951,-3.06,15.86,0.00
6961,-3.07,16.57,0.00
6971,-3.09,16.85,0.00
6981,-3.08,16.08,0.00
6991,-3.04,15.72,0.00
7001,-3.04,16.40,0.00
7011,-3.07,16.95,0.00
7021,-3.07,16.52,0.00
7031,-3.05,16.01,0.00
7041,-3.04,16.27,0.00
7051,-3.06,16.96,0.00
7061,-3.06,16.48,0.00
7071,-3.04,16.11,0.00
7081,-3.05,16.80,0.00
7091,-3.06,16.95,0.00
7101,-3.07,16.83,0.00
7111,-3.06,16.26,0.00
7121,-3.06,16.73,0.00
7131,-3.08,17.07,0.00
7141,-3.08,16.68,0.00
7151,-3.07,16.54,0.00
7161,-3.06,16.62,0.00
7171,-3.09,17.31,0.00
7181,-3.08,16.67,0.00
7191,-3.06,16.33,0.00
7201,-3.05,16.61,0.00
7211,-3.07,17.32,0.00
7221,-3.08,17.11,0.00
7231,-3.06,16.49,0.00
7241,-3.05,16.58,0.00
7251,-3.04,16.70,0.00
7261,-3.02,16.52,0.00
7271,-3.02,17.07,0.00
7281,-3.03,17.19,0.00
7291,-3.03,16.90,0.00
7301,-3.01,16.54,0.00
7311,-2.98,16.46,0.00
7321,-2.99,17.29,0.00
7331,-3.02,17.59,0.00
7341,-3.02,17.04,0.00
7351,-3.00,16.69,0.00
7361,-3.01,17.44,0.00
7371,-3.03,17.45,0.00
7381,-3.02,16.94,0.00
7391,-3.00,16.75,0.00
7401,-3.01,17.53,0.00
7411,-3.04,17.84,0.00
7421,-3.03,16.97,0.00
7431,-3.01,16.76,0.00
7441,-3.01,17.45,0.00
7451,-3.04,17.84,0.00
7461,-3.03,17.17,0.00
7471,-3.02,17.04,0.00
7481,-3.02,17.46,0.00
7491,-3.04,17.82,0.00
7501,-3.04,17.38,0.00
7511,-3.02,17.04,0.00
7521,-3.01,17.23,0.00
7531,-3.02,17.60,0.00
7541,-3.03,17.72,0.00
7551,-3.01,17.15,0.00
7561,-2.99,16.99,0.00
7571,-2.99,17.59,0.00
7581,-3.01,17.95,0.00
7591,-3.01,17.50,0.00
7601,-2.99,17.26,0.00
7611,-2.99,17.70,0.00
7621,-3.02,18.06,0.00
7631,-3.01,17.58,0.00
7641,-2.98,17.08,0.00
7651,-2.99,17.81,0.00
7661,-3.01,18.10,0.00
7671,-3.02,17.92,0.00
7681,-2.98,16.98,0.00
7691,-2.97,17.49,0.00
7701,-2.98,18.09,0.00
7711,-3.00,18.20,0.00
7721,-2.99,17.59,0.00
7731,-2.98,17.56,0.00
7741,-2.98,17.98,0.00
7751,-2.99,18.08,0.00
7761,-2.98,17.61,0.00
7771,-2.96,17.58,0.00
7781,-2.97,18.06,0.00
7791,-2.98,18.30,0.00
7801,-2.99,18.09,0.00
7811,-2.97,17.58,0.00
7821,-2.96,17.83,0.00
7831,-2.97,18.30,0.00
7841,-3.00,18.51,0.00
7851,-2.99,17.98,0.00
7861,-2.97,17.66,0.00
7871,-2.97,18.15,0.00
7881,-2.99,18.61,0.00
7891,-3.00,18.28,0.00
7901,-2.98,17.80,0.00
7911,-2.97,18.02,0.00
7921,-2.99,18.52,0.00
7931,-3.00,18.39,0.00
7941,-2.97,17.79,0.00
7951,-2.96,18.09,0.00
7961,-2.98,18.72,0.00
7971,-3.00,18.62,0.00
7981,-2.99,18.10,0.00
7991,-2.98,18.12,0.00
8001,-2.98,18.51,0.00
8011,-3.01,18.86,0.00
8021,-3.01,18.47,0.00
8031,-3.00,18.26,0.00
8041,-3.00,18.58,0.00
8051,-3.02,18.83,0.00
8061,-3.03,18.79,0.00
8071,-3.03,18.51,0.00
8081,-3.02,18.28,0.00
8091,-3.03,18.72,0.00
8101,-3.04,18.87,0.00
8111,-3.05,18.78,0.00
8121,-3.04,18.62,0.00
8131,-3.04,18.53,0.00
8141,-3.05,18.97,0.00
8151,-3.08,19.23,0.00
8161,-3.08,18.77,0.00
8171,-3.06,18.35,0.00
8181,-3.06,18.82,0.00
8191,-3.07,19.04,0.00
8201,-3.10,19.34,0.00
8211,-3.09,18.71,0.00
8221,-3.07,18.50,0.00
8231,-3.07,18.92,0.00
8241,-3.09,19.33,0.00
8251,-3.11,19.27,0.00
8261,-3.10,18.92,0.00
8271,-3.08,18.42,0.00
8281,-3.08,19.12,0.00
8291,-3.11,19.63,0.00
8301,-3.13,19.35,0.00
8311,-3.11,18.75,0.00
8321,-3.08,18.59,0.00
8331,-3.07,18.89,0.00
8341,-3.10,19.67,0.00
8351,-3.11,19.31,0.00
8361,-3.09,18.73,0.00
8371,-3.07,18.77,0.00
8381,-3.06,19.08,0.00
8391,-3.07,19.31,0.00
8401,-3.09,19.64,0.00
8411,-3.09,19.27,0.00
8421,-3.08,19.14,0.00
8431,-3.07,19.20,0.00
8441,-3.07,19.36,0.00
8451,-3.08,19.50,0.00
8461,-3.07,19.06,0.00
8471,-3.06,19.28,0.00
8481,-3.08,19.74,0.00
8491,-3.09,19.60,0.00
8501,-3.07,19.10,0.00
8511,-3.07,19.37,0.00
8521,-3.05,19.14,0.00
8531,-3.05,19.48,0.00
8541,-3.06,19.81,0.00
8551,-3.07,19.79,0.00
8561,-3.07,19.52,0.00
8571,-3.05,19.16,0.00
8581,-3.05,19.64,0.00
8591,-3.07,19.96,0.00
8601,-3.10,20.16,0.00
8611,-3.09,19.64,0.00
8621,-3.08,19.44,0.00
8631,-3.06,19.36,0.00
8641,-3.05,19.53,0.00
8651,-3.06,19.86,0.00
8661,-3.08,20.21,0.00
8671,-3.08,19.84,0.00
8681,-3.08,19.73,0.00
8691,-3.08,19.90,0.00
8701,-3.06,19.35,0.00
8711,-3.04,19.45,0.00
8721,-3.06,20.31,0.00
8731,-3.07,20.12,0.00
8741,-3.09,20.40,0.00
8751,-3.10,20.05,0.00
8761,-3.09,19.86,0.00
8771,-3.08,19.78,0.00
8781,-3.07,19.75,0.00
8791,-3.06,19.94,0.00
8801,-3.05,19.78,0.00
8811,-3.04,19.91,0.00
8821,-3.03,19.83,0.00
8831,-3.03,20.08,0.00
8841,-3.03,20.09,0.00
8851,-3.03,20.16,0.00
8861,-3.04,20.35,0.00
8871,-3.04,20.31,0.00
8881,-3.05,20.26,0.00
8891,-3.04,20.09,0.00
8901,-3.05,20.55,0.00
8911,-3.05,20.11,0.00
8921,-3.06,20.48,0.00
8931,-3.05,20.18,0.00
8941,-3.05,20.38,0.00
8951,-3.06,20.48,0.00
8961,-3.05,20.25,0.00
8971,-3.06,20.51,0.00
8981,-3.07,20.65,0.00
8991,-3.06,20.30,0.00
9001,-3.07,20.63,0.00
9011,-3.07,20.47,0.00
9021,-3.06,20.31,0.00
9031,-3.05,20.25,0.00
9041,-3.06,20.74,0.00
9051,-3.07,20.73,0.00
9061,-3.06,20.48,0.00
9071,-3.06,20.60,0.00
9081,-3.05,20.43,0.00
9091,-3.03,20.22,0.00
9101,-3.03,20.53,0.00
9111,-3.02,20.58,0.00
9121,-3.03,20.81,0.00
9131,-3.04,20.87,0.00
9141,-3.04,20.78,0.00
9151,-3.04,20.73,0.00
9161,-3.06,21.12,0.00
9171,-3.07,21.03,0.00
9181,-3.06,20.71,0.00
9191,-3.06,20.77,0.00
9201,-3.05,20.66,0.00
9211,-3.06,21.02,0.00
9221,-3.06,20.94,0.00
9231,-3.05,20.68,0.00
9241,-3.05,20.90,0.00
9251,-3.04,20.75,0.00
9261,-3.05,21.18,0.00
9271,-3.05,21.07,0.00
9281,-3.04,20.88,0.00
9291,-3.04,20.99,0.00
9301,-3.05,21.19,0.00
9311,-3.04,20.99,0.00
9321,-3.03,20.87,0.00
9331,-3.04,21.23,0.00
9341,-3.03,20.93,0.00
9351,-3.01,20.78,0.00
9361,-3.00,21.00,0.00
9371,-3.00,21.13,0.00
9381,-3.01,21.26,0.00
9391,-3.01,21.24,0.00
9401,-3.00,21.02,0.00
9411,-2.99,21.13,0.00
9421,-2.99,21.22,0.00
9431,-3.00,21.46,0.00
9441,-3.00,21.31,0.00
9451,-3.00,21.39,0.00
9461,-3.00,21.44,0.00
9471,-3.00,21.27,0.00
9481,-2.99,21.26,0.00
9491,-2.99,21.35,0.00
9501,-2.99,21.32,0.00
9511,-2.97,21.20,0.00
9521,-2.97,21.33,0.00
9531,-2.96,21.34,0.00
9541,-2.97,21.61,0.00
9551,-2.96,21.35,0.00
9561,-2.96,21.51,0.00
9571,-2.95,21.45,0.00
9581,-2.94,21.34,0.00
9591,-2.94,21.43,0.00
9601,-2.95,21.90,0.00
9611,-2.94,21.42,0.00
9621,-2.95,21.74,0.00
9631,-2.93,21.27,0.00
9641,-2.92,21.40,0.00
9651,-2.92,21.71,0.00
9661,-2.91,21.57,0.00
9671,-2.90,21.36,0.00
9681,-2.89,21.55,0.00
9691,-2.88,21.59,0.00
9701,-2.86,21.42,0.00
9711,-2.86,21.64,0.00
9721,-2.85,21.64,0.00
9731,-2.85,21.70,0.00
9741,-2.86,21.99,0.00
9751,-2.86,21.91,0.00
9761,-2.84,21.52,0.00
9771,-2.86,22.13,0.00
9781,-2.86,21.94,0.00
9791,-2.85,21.63,0.00
9801,-2.83,21.50,0.00
9811,-2.82,21.77,0.00
9821,-2.82,22.00,0.00
9831,-2.81,21.66,0.00
9841,-2.81,21.99,0.00
9851,-2.79,21.63,0.00
9861,-2.78,21.72,0.00
9871,-2.76,21.62,0.00
9881,-2.75,21.79,0.00
9891,-2.74,21.85,0.00
9901,-2.73,21.86,0.00
9911,-2.73,22.11,0.00
9921,-2.71,21.63,0.00
9931,-2.70,21.82,0.00
9941,-2.68,21.81,0.00
9951,-2.67,21.82,0.00
9961,-2.67,22.11,0.00
9971,-2.66,21.88,0.00
9981,-2.66,22.09,0.00
9991,-2.65,22.09,0.00
10001,-2.65,22.12,0.00
10011,-2.65,57.11,60.00
10021,-2.64,57.44,60.00
10031,-2.62,57.59,60.00
10041,-2.58,57.57,60.00
10051,-2.57,58.44,60.00
10061,-2.53,58.41,60.00
10071,-2.52,59.29,60.00
10081,-2.48,59.14,60.00
10091,-2.38,58.33,60.00
10101,-2.27,58.61,60.00
10111,-2.13,58.16,60.00
10121,-1.98,58.30,60.00
10131,-1.76,57.23,60.00
10141,-1.49,56.33,60.00
10151,-1.17,55.75,60.00
10161,-0.84,55.64,60.00
10171,-0.46,54.95,60.00
10181,-0.03,53.97,60.00
10191,0.46,52.93,60.00
10201,1.02,51.74,60.00
10211,1.61,51.09,60.00
10221,2.23,50.44,60.00
10231,2.87,50.04,60.00
10241,3.57,48.98,60.00
10251,4.31,47.84,60.00
10261,5.12,46.62,60.00
10271,5.95,45.89,60.00
10281,6.81,45.43,60.00
10291,7.71,44.23,60.00
10301,8.65,43.26,60.00
10311,9.60,42.95,60.00
10321,10.59,41.71,60.00
10331,11.60,41.25,60.00
10341,12.64,40.20,60.00
10351,13.69,39.76,60.00
10361,14.78,38.71,60.00
10371,15.86,38.48,60.00
10381,16.96,37.77,60.00
10391,18.09,36.95,60.00
10401,19.22,36.45,60.00
10411,20.35,35.90,60.00
10421,21.48,35.72,60.00
10431,22.61,35.28,60.00
10441,23.73,35.00,60.00
10451,24.85,34.60,60.00
10461,25.97,34.32,60.00
10471,27.09,33.71,60.00
10481,28.23,33.01,60.00
10491,29.38,32.28,60.00
10501,30.51,32.13,60.00
10511,31.61,32.43,60.00
10521,32.68,32.52,60.00
10531,33.74,32.28,60.00
10541,34.78,32.31,60.00
10551,35.81,32.14,60.00
10561,36.83,31.76,60.00
10571,37.82,32.03,60.00
10581,38.80,31.70,60.00
10591,39.75,31.94,60.00
10601,40.68,31.93,60.00
10611,41.59,32.04,60.00
10621,42.47,32.15,60.00
10631,43.31,32.51,60.00
10641,44.13,32.57,60.00
10651,44.93,32.69,60.00
10661,45.71,32.75,60.00
10671,46.46,32.92,60.00
10681,47.18,33.32,60.00
10691,47.86,33.76,60.00
10701,48.50,34.11,60.00
10711,49.14,34.05,60.00
10721,49.73,34.53,60.00
10731,50.30,34.81,60.00
10741,50.81,35.74,60.00
10751,51.30,36.10,60.00
10761,51.74,36.62,60.00
10771,52.17,36.86,60.00
10781,52.55,37.56,60.00
10791,52.92,37.55,60.00
10801,53.24,38.37,60.00
10811,53.55,38.70,60.00
10821,53.83,38.96,60.00
10831,54.07,39.70,60.00
10841,54.29,40.07,60.00
10851,54.48,40.54,60.00
10861,54.65,40.96,60.00
10871,54.80,41.11,60.00
10881,54.94,41.44,60.00
10891,55.04,42.25,60.00
10901,55.09,43.08,60.00
10911,55.12,43.68,60.00
10921,55.12,44.04,60.00
10931,55.13,44.16,60.00
10941,55.11,44.63,60.00
10951,55.08,44.94,60.00
10961,55.04,45.24,60.00
10971,54.97,45.93,60.00
10981,54.88,46.35,60.00
10991,54.77,46.73,60.00
11001,54.65,47.18,60.00
11011,54.52,47.52,60.00
11021,54.38,47.80,60.00
11031,54.23,48.16,60.00
11041,54.05,48.73,60.00
11051,53.89,48.70,60.00
11061,53.71,49.08,60.00
11071,53.52,49.48,60.00
11081,53.34,49.43,60.00
11091,53.14,49.99,60.00
11101,52.94,50.14,60.00
11111,52.74,50.37,60.00
11121,52.53,50.65,60.00
11131,52.33,50.76,60.00
11141,52.12,50.94,60.00
11151,51.91,51.15,60.00
11161,51.71,51.23,60.00
11171,51.51,51.44,60.00
11181,51.31,51.42,60.00
11191,51.11,51.74,60.00
11201,50.92,51.61,60.00
11211,50.73,51.89,60.00
11221,50.55,51.85,60.00
11231,50.37,51.88,60.00
11241,50.20,52.00,60.00
11251,50.02,52.18,60.00
11261,49.87,51.97,60.00
11271,49.70,52.32,60.00
11281,49.55,52.35,60.00
11291,49.41,52.00,60.00
11301,49.27,52.31,60.00
11311,49.14,52.31,60.00
11321,49.03,51.82,60.00
11331,48.91,52.31,60.00
11341,48.80,52.26,60.00
11351,48.72,51.90,60.00
11361,48.63,52.04,60.00
11371,48.54,52.20,60.00
11381,48.47,51.87,60.00
11391,48.42,51.66,60.00
11401,48.36,52.09,60.00
11411,48.31,51.83,60.00
11421,48.28,51.44,60.00
11431,48.25,51.74,60.00
11441,48.23,51.63,60.00
11451,48.22,51.38,60.00
11461,48.22,51.21,60.00
11471,48.22,51.44,60.00
11481,48.24,51.03,60.00
11491,48.27,50.93,60.00
11501,48.28,51.35,60.00
11511,48.31,50.99,60.00
11521,48.36,50.74,60.00
11531,48.40,51.00,60.00
11541,48.45,50.78,60.00
11551,48.52,50.47,60.00
11561,48.56,50.97,60.00
11571,48.64,50.43,60.00
11581,48.71,50.50,60.00
11591,48.78,50.66,60.00
11601,48.86,50.40,60.00
11611,48.93,50.49,60.00
11621,49.01,50.48,60.00
11631,49.11,50.26,60.00
11641,49.20,50.21,60.00
11651,49.28,50.46,60.00
11661,49.39,50.02,60.00
11671,49.48,50.36,60.00
11681,49.57,50.29,60.00
11691,49.69,49.87,60.00
11701,49.78,50.28,60.00
11711,49.90,49.88,60.00
11721,50.01,49.95,60.00
11731,50.12,50.08,60.00
11741,50.24,49.76,60.00
11751,50.35,49.89,60.00
11761,50.46,49.96,60.00
11771,50.58,49.83,60.00
11781,50.69,49.99,60.00
11791,50.81,49.70,60.00
11801,50.93,49.79,60.00
11811,51.04,50.05,60.00
11821,51.17,49.57,60.00
11831,51.28,49.93,60.00
11841,51.40,49.65,60.00
11851,51.52,49.69,60.00
11861,51.64,49.85,60.00
11871,51.76,49.64,60.00
11881,51.87,49.78,60.00
11891,52.00,49.60,60.00
11901,52.11,49.86,60.00
11911,52.22,49.74,60.00
11921,52.34,49.68,60.00
11931,52.44,49.96,60.00
11941,52.56,49.66,60.00
11951,52.66,49.82,60.00
11961,52.78,49.68,60.00
11971,52.89,49.61,60.00
11981,52.99,49.97,60.00
11991,53.09,50.02,60.00
12001,53.19,49.84,60.00
12011,53.28,50.17,60.00
12021,53.36,50.13,60.00
12031,53.47,49.74,60.00
12041,53.56,50.18,60.00
12051,53.65,49.89,60.00
12061,53.75,49.99,60.00
12071,53.82,50.34,60.00
12081,53.92,49.87,60.00
12091,53.99,50.40,60.00
12101,54.07,50.16,60.00
12111,54.15,50.29,60.00
12121,54.22,50.50,60.00
12131,54.30,50.14,60.00
12141,54.35,50.79,60.00
12151,54.43,50.32,60.00
12161,54.48,50.66,60.00
12171,54.53,50.76,60.00
12181,54.61,50.40,60.00
12191,54.65,50.99,60.00
12201,54.71,50.49,60.00
12211,54.76,50.94,60.00
12221,54.81,50.87,60.00
12231,54.85,50.89,60.00
12241,54.89,51.08,60.00
12251,54.94,50.90,60.00
12261,54.98,51.06,60.00
12271,55.02,51.18,60.00
12281,55.06,51.04,60.00
12291,55.09,51.32,60.00
12301,55.12,51.26,60.00
12311,55.16,51.21,60.00
12321,55.19,51.38,60.00
12331,55.21,51.37,60.00
12341,55.25,51.21,60.00
12351,55.27,51.73,60.00
12361,55.30,51.28,60.00
12371,55.33,51.45,60.00
12381,55.35,51.67,60.00
12391,55.38,51.39,60.00
12401,55.40,51.81,60.00
12411,55.42,51.62,60.00
12421,55.44,51.59,60.00
12431,55.47,51.59,60.00
12441,55.49,51.76,60.00
12451,55.51,51.68,60.00
12461,55.54,51.65,60.00
12471,55.56,51.79,60.00
12481,55.58,51.77,60.00
12491,55.62,51.55,60.00
12501,55.63,51.87,60.00
12511,55.66,51.80,60.00
12521,55.69,51.51,60.00
12531,55.71,51.94,60.00
12541,55.72,52.00,60.00
12551,55.76,51.61,60.00
12561,55.78,51.90,60.00
12571,55.79,52.09,60.00
12581,55.83,51.54,60.00
12591,55.85,51.93,60.00
12601,55.87,52.13,60.00
12611,55.90,51.68,60.00
12621,55.93,51.90,60.00
12631,55.94,52.19,60.00
12641,55.97,51.87,60.00
12651,56.00,51.84,60.00
12661,56.00,52.34,60.00
12671,56.03,51.90,60.00
12681,56.06,51.87,60.00
12691,56.08,52.19,60.00
12701,56.10,52.16,60.00
12711,56.13,51.77,60.00
12721,56.15,52.12,60.00
12731,56.16,52.39,60.00
12741,56.20,51.80,60.00
12751,56.23,52.00,60.00
12761,56.24,52.38,60.00
12771,56.27,51.91,60.00
12781,56.31,51.93,60.00
12791,56.32,52.30,60.00
12801,56.34,52.17,60.00
12811,56.38,51.89,60.00
12821,56.40,52.19,60.00
12831,56.42,52.26,60.00
12841,56.46,51.84,60.00
12851,56.50,51.98,60.00
12861,56.51,52.31,60.00
12871,56.55,52.02,60.00
12881,56.58,51.92,60.00
12891,56.60,52.31,60.00
12901,56.63,52.20,60.00
12911,56.66,51.96,60.00
12921,56.69,52.12,60.00
12931,56.71,52.29,60.00
12941,56.75,51.94,60.00
12951,56.78,52.09,60.00
12961,56.80,52.31,60.00
12971,56.83,52.15,60.00
12981,56.86,52.13,60.00
12991,56.88,52.32,60.00
13001,56.90,52.38,60.00
13011,56.94,52.04,60.00
13021,56.96,52.33,60.00
13031,56.98,52.40,60.00
13041,57.01,52.15,60.00
13051,57.03,52.26,60.00
13061,57.05,52.37,60.00
13071,57.08,52.31,60.00
13081,57.11,52.13,60.00
13091,57.13,52.41,60.00
13101,57.15,52.32,60.00
13111,57.18,52.19,60.00
13121,57.20,52.47,60.00
13131,57.23,52.29,60.00
13141,57.25,52.34,60.00
13151,57.28,52.30,60.00
13161,57.30,52.39,60.00
13171,57.33,52.24,60.00
13181,57.36,52.26,60.00
13191,57.37,52.51,60.00
13201,57.39,52.49,60.00
13211,57.42,52.31,60.00
13221,57.44,52.33,60.00
13231,57.46,52.61,60.00
13241,57.48,52.45,60.00
13251,57.50,52.44,60.00
13261,57.53,52.24,60.00
13271,57.56,52.19,60.00
13281,57.58,52.59,60.00
13291,57.59,52.60,60.00
13301,57.63,52.06,60.00
13311,57.66,52.31,60.00
13321,57.67,52.67,60.00
13331,57.70,52.27,60.00
13341,57.73,52.15,60.00
13351,57.76,52.39,60.00
13361,57.78,52.47,60.00
13371,57.81,52.25,60.00
13381,57.84,52.24,60.00
13391,57.86,52.44,60.00
13401,57.88,52.46,60.00
13411,57.92,52.18,60.00
13421,57.94,52.34,60.00
13431,57.96,52.51,60.00
13441,58.00,52.09,60.00
13451,58.03,52.25,60.00
13461,58.04,52.59,60.00
13471,58.07,52.24,60.00
13481,58.11,52.04,60.00
13491,58.14,52.41,60.00
13501,58.15,52.52,60.00
13511,58.19,52.04,60.00
13521,58.23,52.04,60.00
13531,58.25,52.49,60.00
13541,58.27,52.48,60.00
13551,58.31,51.92,60.00
13561,58.34,52.20,60.00
13571,58.36,52.50,60.00
13581,58.39,52.18,60.00
13591,58.42,52.22,60.00
13601,58.43,52.45,60.00
13611,58.45,52.38,60.00
13621,58.48,52.30,60.00
13631,58.50,52.28,60.00
13641,58.52,52.44,60.00
13651,58.54,52.35,60.00
13661,58.57,52.19,60.00
13671,58.58,52.56,60.00
13681,58.60,52.37,60.00
13691,58.63,52.24,60.00
13701,58.65,52.48,60.00
13711,58.67,52.31,60.00
13721,58.68,52.44,60.00
13731,58.70,52.49,60.00
13741,58.71,52.63,60.00
13751,58.72,52.49,60.00
13761,58.74,52.39,60.00
13771,58.74,52.71,60.00
13781,58.76,52.45,60.00
13791,58.77,52.44,60.00
13801,58.78,52.70,60.00
13811,58.79,52.54,60.00
13821,58.81,52.47,60.00
13831,58.81,52.69,60.00
13841,58.81,52.83,60.00
13851,58.82,52.52,60.00
13861,58.84,52.47,60.00
13871,58.83,52.92,60.00
13881,58.83,52.76,60.00
13891,58.85,52.39,60.00
13901,58.86,52.72,60.00
13911,58.85,52.95,60.00
13921,58.85,52.83,60.00
13931,58.86,52.60,60.00
13941,58.87,52.81,60.00
13951,58.86,52.95,60.00
13961,58.87,52.75,60.00
13971,58.87,52.73,60.00
13981,58.87,52.89,60.00
13991,58.88,52.78,60.00
14001,58.89,52.60,60.00
14011,58.89,52.93,60.00
14021,58.89,52.90,60.00
14031,58.90,52.54,60.00
14041,58.91,52.69,60.00
14051,58.90,53.10,60.00
14061,58.91,52.78,60.00
14071,58.93,52.47,60.00
14081,58.93,52.83,60.00
14091,58.93,53.00,60.00
14101,58.93,52.86,60.00
14111,58.95,52.61,60.00
14121,58.95,52.80,60.00
14131,58.95,53.01,60.00
14141,58.96,52.76,60.00
14151,58.97,52.62,60.00
14161,58.98,52.85,60.00
14171,58.97,53.09,60.00
14181,58.98,52.76,60.00
14191,59.00,52.60,60.00
14201,59.00,52.97,60.00
14211,59.00,52.89,60.00
14221,59.02,52.51,60.00
14231,59.04,52.65,60.00
14241,59.03,53.02,60.00
14251,59.04,52.82,60.00
14261,59.06,52.52,60.00
14271,59.07,52.75,60.00
14281,59.07,52.95,60.00
14291,59.08,52.67,60.00
14301,59.11,52.48,60.00
14311,59.12,52.77,60.00
14321,59.12,52.87,60.00
14331,59.13,52.73,60.00
14341,59.15,52.61,60.00
14351,59.16,52.81,60.00
14361,59.16,52.84,60.00
14371,59.17,52.69,60.00
14381,59.19,52.62,60.00
14391,59.19,52.93,60.00
14401,59.20,52.84,60.00
14411,59.22,52.45,60.00
14421,59.23,52.79,60.00
14431,59.23,52.96,60.00
14441,59.25,52.60,60.00
14451,59.26,52.58,60.00
14461,59.27,52.83,60.00
14471,59.28,52.71,60.00
14481,59.30,52.49,60.00
14491,59.32,52.56,60.00
14501,59.33,52.63,60.00
14511,59.34,52.91,60.00
14521,59.35,52.61,60.00
14531,59.37,52.61,60.00
14541,59.37,52.82,60.00
14551,59.39,52.49,60.00
14561,59.40,52.70,60.00
14571,59.40,52.94,60.00
14581,59.41,52.73,60.00
14591,59.42,52.61,60.00
14601,59.43,52.83,60.00
14611,59.43,52.80,60.00
14621,59.46,52.28,60.00
14631,59.49,52.40,60.00
14641,59.49,52.86,60.00
14651,59.49,52.83,60.00
14661,59.51,52.48,60.00
14671,59.53,52.55,60.00
14681,59.53,52.82,60.00
14691,59.54,52.70,60.00
14701,59.56,52.46,60.00
14711,59.57,52.60,60.00
14721,59.58,52.78,60.00
14731,59.59,52.52,60.00
14741,59.62,52.38,60.00
14751,59.63,52.55,60.00
14761,59.63,52.81,60.00
14771,59.64,52.73,60.00
14781,59.66,52.38,60.00
14791,59.68,52.48,60.00
14801,59.69,52.55,60.00
14811,59.71,52.41,60.00
14821,59.73,52.39,60.00
14831,59.74,52.70,60.00
14841,59.73,52.91,60.00
14851,59.75,52.32,60.00
14861,59.78,52.29,60.00
14871,59.78,52.63,60.00
14881,59.79,52.64,60.00
14891,59.81,52.32,60.00
14901,59.82,52.52,60.00
14911,59.82,52.76,60.00
14921,59.84,52.49,60.00
14931,59.86,52.30,60.00
14941,59.87,52.49,60.00
14951,59.87,52.69,60.00
14961,59.89,52.44,60.00
14971,59.90,52.37,60.00
14981,59.91,52.58,60.00
14991,59.91,52.78,60.00
15001,59.92,52.51,60.00
15011,59.93,52.33,60.00
15021,59.95,52.48,60.00
15031,59.95,52.54,60.00
15041,59.96,52.49,60.00
15051,59.98,52.29,60.00
15061,59.99,52.56,60.00
15071,59.99,52.61,60.00
15081,60.00,52.37,60.00
15091,60.02,52.31,60.00
15101,60.02,52.66,60.00
15111,60.02,52.64,60.00
15121,60.05,52.13,60.00
15131,60.07,52.22,60.00
15141,60.07,52.62,60.00
15151,60.08,52.43,60.00
15161,60.10,52.21,60.00
15171,60.11,52.38,60.00
15181,60.10,52.63,60.00
15191,60.11,52.38,60.00
15201,60.13,52.17,60.00
15211,60.15,52.31,60.00
15221,60.15,52.55,60.00
15231,60.17,52.12,60.00
15241,60.20,52.01,60.00
15251,60.20,52.47,60.00
15261,60.20,52.56,60.00
15271,60.20,52.40,60.00
15281,60.22,52.23,60.00
15291,60.22,52.44,60.00
15301,60.23,52.45,60.00
15311,60.24,52.28,60.00
15321,60.24,52.42,60.00
15331,60.24,52.52,60.00
15341,60.24,52.44,60.00
15351,60.27,52.00,60.00
15361,60.27,52.36,60.00
15371,60.26,52.70,60.00
15381,60.27,52.31,60.00
15391,60.29,52.07,60.00
15401,60.30,52.31,60.00
15411,60.29,52.56,60.00
15421,60.30,52.29,60.00
15431,60.31,52.26,60.00
15441,60.30,52.62,60.00
15451,60.30,52.44,60.00
15461,60.30,52.32,60.00
15471,60.31,52.40,60.00
15481,60.30,52.61,60.00
15491,60.30,52.42,60.00
15501,60.31,52.24,60.00
15511,60.31,52.42,60.00
15521,60.30,52.59,60.00
15531,60.30,52.51,60.00
15541,60.31,52.21,60.00
15551,60.31,52.37,60.00
15561,60.30,52.51,60.00
15571,60.31,52.32,60.00
15581,60.32,52.22,60.00
15591,60.31,52.55,60.00
15601,60.30,52.70,60.00
15611,60.31,52.20,60.00
15621,60.32,52.18,60.00
15631,60.31,52.59,60.00
15641,60.31,52.43,60.00
15651,60.31,52.37,60.00
15661,60.32,52.22,60.00
15671,60.32,52.32,60.00
15681,60.33,52.19,60.00
15691,60.33,52.31,60.00
15701,60.33,52.49,60.00
15711,60.33,52.32,60.00
15721,60.34,52.20,60.00
15731,60.34,52.32,60.00
15741,60.33,52.50,60.00
15751,60.33,52.35,60.00
15761,60.34,52.24,60.00
15771,60.33,52.59,60.00
15781,60.32,52.51,60.00
15791,60.34,52.05,60.00
15801,60.34,52.21,60.00
15811,60.33,52.59,60.00
15821,60.33,52.40,60.00
15831,60.34,52.15,60.00
15841,60.34,52.33,60.00
15851,60.33,52.45,60.00
15861,60.33,52.30,60.00
15871,60.34,52.26,60.00
15881,60.33,52.46,60.00
15891,60.33,52.40,60.00
15901,60.34,52.10,60.00
15911,60.34,52.25,60.00
15921,60.33,52.50,60.00
15931,60.33,52.45,60.00
15941,60.33,52.16,60.00
15951,60.33,52.32,60.00
15961,60.32,52.61,60.00
15971,60.32,52.34,60.00
15981,60.33,52.13,60.00
15991,60.32,52.37,60.00
16001,60.32,52.45,60.00
16011,60.33,52.00,60.00
16021,60.34,52.15,60.00
16031,60.33,52.50,60.00
16041,60.33,52.32,60.00
16051,60.34,52.06,60.00
16061,60.34,52.26,60.00
16071,60.33,52.52,60.00
16081,60.33,52.35,60.00
16091,60.34,52.11,60.00
16101,60.34,52.29,60.00
16111,60.33,52.37,60.00
16121,60.33,52.23,60.00
16131,60.34,52.17,60.00
16141,60.33,52.50,60.00
16151,60.32,52.48,60.00
16161,60.33,52.04,60.00
16171,60.33,52.23,60.00
16181,60.32,52.40,60.00
16191,60.33,52.17,60.00
16201,60.34,52.09,60.00
16211,60.33,52.38,60.00
16221,60.33,52.32,60.00
16231,60.34,52.04,60.00
16241,60.34,52.15,60.00
16251,60.34,52.43,60.00
16261,60.33,52.39,60.00
16271,60.33,52.13,60.00
16281,60.34,52.18,60.00
16291,60.33,52.46,60.00
16301,60.33,52.24,60.00
16311,60.34,51.98,60.00
16321,60.34,52.30,60.00
16331,60.33,52.30,60.00
16341,60.34,52.09,60.00
16351,60.34,52.23,60.00
16361,60.33,52.42,60.00
16371,60.33,52.21,60.00
16381,60.33,52.18,60.00
16391,60.33,52.31,60.00
16401,60.32,52.32,60.00
16411,60.33,52.01,60.00
16421,60.34,52.13,60.00
16431,60.33,52.41,60.00
16441,60.34,52.04,60.00
16451,60.35,51.98,60.00
16461,60.33,52.48,60.00
16471,60.33,52.26,60.00
16481,60.34,52.03,60.00
16491,60.33,52.37,60.00
16501,60.32,52.39,60.00
16511,60.32,52.11,60.00
16521,60.33,52.03,60.00
16531,60.33,52.31,60.00
16541,60.33,52.23,60.00
16551,60.34,51.97,60.00
16561,60.33,52.26,60.00
16571,60.32,52.36,60.00
16581,60.33,52.14,60.00
16591,60.33,52.13,60.00
16601,60.32,52.37,60.00
16611,60.31,52.27,60.00
16621,60.32,51.97,60.00
16631,60.32,52.28,60.00
16641,60.31,52.26,60.00
16651,60.33,51.93,60.00
16661,60.33,52.19,60.00
16671,60.31,52.41,60.00
16681,60.32,52.01,60.00
16691,60.33,52.01,60.00
16701,60.33,52.22,60.00
16711,60.33,52.11,60.00
16721,60.33,51.99,60.00
16731,60.33,52.16,60.00
16741,60.33,52.22,60.00
16751,60.34,51.93,60.00
16761,60.35,51.97,60.00
16771,60.34,52.37,60.00
16781,60.33,52.24,60.00
16791,60.34,51.96,60.00
16801,60.35,51.99,60.00
16811,60.34,52.31,60.00
16821,60.33,52.18,60.00
16831,60.34,51.97,60.00
16841,60.34,52.22,60.00
16851,60.34,52.00,60.00
16861,60.33,52.30,60.00
16871,60.32,52.30,60.00
16881,60.33,51.94,60.00
16891,60.33,52.18,60.00
16901,60.32,52.26,60.00
16911,60.33,51.98,60.00
16921,60.33,52.00,60.00
16931,60.33,52.22,60.00
16941,60.33,52.14,60.00
16951,60.33,51.96,60.00
16961,60.33,52.24,60.00
16971,60.32,52.28,60.00
16981,60.33,51.88,60.00
16991,60.32,52.15,60.00
17001,60.31,52.31,60.00
17011,60.32,52.05,60.00
17021,60.32,51.97,60.00
17031,60.31,52.24,60.00
17041,60.31,52.17,60.00
17051,60.32,51.87,60.00
17061,60.32,52.09,60.00
17071,60.31,52.20,60.00
17081,60.33,51.83,60.00
17091,60.33,52.01,60.00
17101,60.32,52.20,60.00
17111,60.32,52.08,60.00
17121,60.33,51.97,60.00
17131,60.32,52.22,60.00
17141,60.32,52.09,60.00
17151,60.33,51.81,60.00
17161,60.33,52.11,60.00
17171,60.32,52.20,60.00
17181,60.33,51.89,60.00
17191,60.33,52.07,60.00
17201,60.32,52.24,60.00
17211,60.32,52.03,60.00
17221,60.33,51.91,60.00
17231,60.32,52.18,60.00
17241,60.32,52.12,60.00
17251,60.33,51.75,60.00
17261,60.33,52.11,60.00
17271,60.32,52.21,60.00
17281,60.33,51.84,60.00
17291,60.32,52.12,60.00
17301,60.32,52.17,60.00
17311,60.32,51.88,60.00
17321,60.33,51.88,60.00
17331,60.32,52.27,60.00
17341,60.32,52.00,60.00
17351,60.33,51.79,60.00
17361,60.32,52.22,60.00
17371,60.32,52.06,60.00
17381,60.32,51.87,60.00
17391,60.32,52.01,60.00
17401,60.31,52.29,60.00
17411,60.32,51.75,60.00
17421,60.32,52.00,60.00
17431,60.31,52.26,60.00
17441,60.31,51.98,60.00
17451,60.32,51.92,60.00
17461,60.31,52.14,60.00
17471,60.30,52.07,60.00
17481,60.31,51.90,60.00
17491,60.30,52.12,60.00
17501,60.30,52.15,60.00
17511,60.31,51.82,60.00
17521,60.30,52.14,60.00
17531,60.29,52.10,60.00
17541,60.30,51.86,60.00
17551,60.30,51.91,60.00
17561,60.29,52.17,60.00
17571,60.30,51.95,60.00
17581,60.31,51.77,60.00
17591,60.29,52.26,60.00
17601,60.30,51.89,60.00
17611,60.31,51.75,60.00
17621,60.31,51.97,60.00
17631,60.31,52.00,60.00
17641,60.32,51.76,60.00
17651,60.32,51.84,60.00
17661,60.31,52.22,60.00
17671,60.32,51.70,60.00
17681,60.33,51.77,60.00
17691,60.32,52.16,60.00
17701,60.32,51.90,60.00
17711,60.33,51.81,60.00
17721,60.33,51.99,60.00
17731,60.32,52.12,60.00
17741,60.33,51.68,60.00
17751,60.34,51.78,60.00
17761,60.32,52.18,60.00
17771,60.34,51.62,60.00
17781,60.34,51.83,60.00
17791,60.34,52.05,60.00
17801,60.34,51.94,60.00
17811,60.35,51.68,60.00
17821,60.34,52.05,60.00
17831,60.33,52.03,60.00
17841,60.34,51.72,60.00
17851,60.34,51.99,60.00
17861,60.33,52.05,60.00
17871,60.34,51.74,60.00
17881,60.34,51.95,60.00
17891,60.33,52.07,60.00
17901,60.33,51.93,60.00
17911,60.33,51.77,60.00
17921,60.32,52.13,60.00
17931,60.33,51.76,60.00
17941,60.33,51.76,60.00
17951,60.32,52.15,60.00
17961,60.32,51.85,60.00
17971,60.33,51.74,60.00
17981,60.32,51.99,60.00
17991,60.32,51.99,60.00
18001,60.33,51.67,60.00
18011,60.32,52.13,60.00
18021,60.31,51.96,60.00
18031,60.30,52.08,60.00
18041,60.31,51.74,60.00
18051,60.31,51.88,60.00
18061,60.30,52.04,60.00
18071,60.29,52.02,60.00
18081,60.29,51.89,60.00
18091,60.30,51.75,60.00
18101,60.29,52.05,60.00
18111,60.29,51.80,60.00
18121,60.30,51.76,60.00
18131,60.30,51.87,60.00
18141,60.29,52.04,60.00
18151,60.30,51.62,60.00
18161,60.30,51.85,60.00
18171,60.29,52.07,60.00
18181,60.30,51.74,60.00
18191,60.30,51.83,60.00
18201,60.29,51.99,60.00
18211,60.29,51.86,60.00
18221,60.30,51.68,60.00
18231,60.30,51.94,60.00
18241,60.30,51.86,60.00
18251,60.30,51.70,60.00
18261,60.30,51.92,60.00
18271,60.29,51.96,60.00
18281,60.30,51.65,60.00
18291,60.31,51.78,60.00
18301,60.30,51.95,60.00
18311,60.30,51.83,60.00
18321,60.30,51.76,60.00
18331,60.29,52.06,60.00
18341,60.30,51.71,60.00
18351,60.30,51.83,60.00
18361,60.29,51.97,60.00
18371,60.28,52.00,60.00
18381,60.29,51.69,60.00
18391,60.28,51.92,60.00
18401,60.27,52.01,60.00
18411,60.28,51.70,60.00
18421,60.28,51.81,60.00
18431,60.27,52.00,60.00
18441,60.27,51.75,60.00
18451,60.28,51.75,60.00
18461,60.27,51.97,60.00
18471,60.27,51.89,60.00
18481,60.28,51.56,60.00
18491,60.26,52.10,60.00
18501,60.27,51.78,60.00
18511,60.27,51.75,60.00
18521,60.26,51.98,60.00
18531,60.25,51.94,60.00
18541,60.26,51.74,60.00
18551,60.26,51.70,60.00
18561,60.25,52.05,60.00
18571,60.26,51.67,60.00
18581,60.26,51.83,60.00
18591,60.25,51.90,60.00
18601,60.25,51.76,60.00
18611,60.26,51.62,60.00
18621,60.26,51.92,60.00
18631,60.25,51.87,60.00
18641,60.26,51.62,60.00
18651,60.26,51.90,60.00
18661,60.25,51.89,60.00
18671,60.26,51.71,60.00
18681,60.25,51.82,60.00
18691,60.25,51.83,60.00
18701,60.25,51.78,60.00
18711,60.26,51.72,60.00
18721,60.24,52.01,60.00
18731,60.25,51.74,60.00
18741,60.25,51.73,60.00
18751,60.25,51.84,60.00
18761,60.24,51.91,60.00
18771,60.25,51.64,60.00
18781,60.24,51.92,60.00
18791,60.23,51.93,60.00
18801,60.24,51.56,60.00
18811,60.24,51.90,60.00
18821,60.24,51.83,60.00
18831,60.25,51.53,60.00
18841,60.24,51.84,60.00
18851,60.24,51.91,60.00
18861,60.25,51.56,60.00
18871,60.25,51.72,60.00
18881,60.24,51.93,60.00
18891,60.25,51.65,60.00
18901,60.25,51.61,60.00
18911,60.24,52.11,60.00
18921,60.25,51.52,60.00
18931,60.25,51.73,60.00
18941,60.23,52.05,60.00
18951,60.25,51.54,60.00
18961,60.24,51.76,60.00
18971,60.24,51.92,60.00
18981,60.24,51.72,60.00
18991,60.25,51.60,60.00
19001,60.23,52.03,60.00
19011,60.23,51.71,60.00
19021,60.23,51.73,60.00
19031,60.23,51.88,60.00
19041,60.22,51.84,60.00
19051,60.23,51.65,60.00
19061,60.22,51.91,60.00
19071,60.22,51.79,60.00
19081,60.22,51.66,60.00
19091,60.21,51.91,60.00
19101,60.21,51.87,60.00
19111,60.21,51.74,60.00
19121,60.21,51.80,60.00
19131,60.20,51.91,60.00
19141,60.20,51.63,60.00
19151,60.20,51.81,60.00
19161,60.19,51.88,60.00
19171,60.20,51.63,60.00
19181,60.20,51.73,60.00
19191,60.19,52.01,60.00
19201,60.20,51.47,60.00
19211,60.20,51.77,60.00
19221,60.19,51.97,60.00
19231,60.19,51.75,60.00
19241,60.19,51.63,60.00
19251,60.19,51.77,60.00
19261,60.19,51.75,60.00
19271,60.19,51.73,60.00
19281,60.20,51.62,60.00
19291,60.20,51.59,60.00
19301,60.19,51.91,60.00
19311,60.19,51.78,60.00
19321,60.20,51.51,60.00
19331,60.20,51.84,60.00
19341,60.20,51.74,60.00
19351,60.21,51.51,60.00
19361,60.20,51.81,60.00
19371,60.19,51.90,60.00
19381,60.20,51.55,60.00
19391,60.20,51.84,60.00
19401,60.19,51.79,60.00
19411,60.20,51.63,60.00
19421,60.19,51.84,60.00
19431,60.19,51.83,60.00
19441,60.18,51.75,60.00
19451,60.19,51.62,60.00
19461,60.18,51.87,60.00
19471,60.19,51.51,60.00
19481,60.19,51.65,60.00
19491,60.19,51.73,60.00
19501,60.19,51.76,60.00
19511,60.20,51.53,60.00
19521,60.20,51.69,60.00
19531,60.20,51.71,60.00
19541,60.21,51.47,60.00
19551,60.21,51.76,60.00
19561,60.20,51.82,60.00
19571,60.20,51.69,60.00
19581,60.20,51.65,60.00
19591,60.19,51.99,60.00
19601,60.20,51.48,60.00
19611,60.20,51.60,60.00
19621,60.19,51.92,60.00
19631,60.19,51.65,60.00
19641,60.20,51.60,60.00
19651,60.19,51.87,60.00
19661,60.19,51.59,60.00
19671,60.21,51.42,60.00
19681,60.19,51.98,60.00
19691,60.20,51.51,60.00
19701,60.21,51.50,60.00
19711,60.20,51.77,60.00
19721,60.20,51.67,60.00
19731,60.21,51.47,60.00
19741,60.20,51.85,60.00
19751,60.20,51.67,60.00
19761,60.22,51.29,60.00
19771,60.21,51.85,60.00
19781,60.21,51.65,60.00
19791,60.22,51.51,60.00
19801,60.21,51.88,60.00
19811,60.20,51.75,60.00
19821,60.21,51.46,60.00
19831,60.21,51.77,60.00
19841,60.21,51.54,60.00
19851,60.22,51.50,60.00
19861,60.22,51.66,60.00
19871,60.21,51.87,60.00
19881,60.22,51.53,60.00
19891,60.21,51.65,60.00
19901,60.21,51.81,60.00
19911,60.21,51.54,60.00
19921,60.21,51.57,60.00
19931,60.21,51.70,60.00
19941,60.21,51.57,60.00
19951,60.22,51.46,60.00
19961,60.21,51.81,60.00
19971,60.21,51.66,60.00
19981,60.22,51.53,60.00
19991,60.21,51.78,60.00
20001,60.20,51.72,60.00
20011,60.22,64.82,83.10
20021,60.21,65.61,83.38
20031,60.21,65.70,83.66
20041,60.22,65.77,83.93
20051,60.24,66.05,84.19
20061,60.25,66.25,84.45
20071,60.28,66.48,84.70
20081,60.28,67.06,84.93
20091,60.31,67.02,85.16
20101,60.39,66.05,85.39
20111,60.54,64.98,85.60
20121,60.59,67.18,85.80
20131,60.69,66.38,86.00
20141,60.94,63.68,86.19
20151,61.04,66.66,86.36
20161,61.27,64.38,86.53
20171,61.56,63.15,86.69
20181,61.73,65.72,86.84
20191,62.11,61.58,86.98
20201,62.34,64.81,87.11
20211,62.74,61.25,87.24
20221,63.10,62.12,87.35
20231,63.44,62.41,87.45
20241,63.95,59.10,87.54
20251,64.32,61.84,87.62
20261,64.76,60.28,87.69
20271,65.33,57.78,87.76
20281,65.73,60.87,87.81
20291,66.26,58.20,87.85
20301,66.89,56.09,87.88
20311,67.40,58.27,87.90
20321,67.93,57.82,87.91
20331,68.57,55.15,87.91
20341,69.24,54.57,87.90
20351,69.87,54.95,87.87
20361,70.49,54.85,87.84
20371,71.12,54.33,87.80
20381,71.76,53.90,87.74
20391,72.42,53.22,87.68
20401,73.10,52.57,87.60
20411,73.78,52.08,87.52
20421,74.47,51.51,87.42
20431,75.16,51.20,87.31
20441,75.85,50.71,87.19
20451,76.54,50.37,87.06
20461,77.23,50.04,86.92
20471,77.93,49.36,86.77
20481,78.63,48.85,86.61
20491,79.33,48.49,86.44
20501,80.00,48.52,86.25
20511,80.67,48.21,86.06
20521,81.34,47.60,85.85
20531,82.01,47.09,85.64
20541,82.65,47.26,85.41
20551,83.31,46.54,85.17
20561,83.93,46.51,84.92
20571,84.54,46.41,84.66
20581,85.15,45.84,84.40
20591,85.74,45.81,84.12
20601,86.32,45.54,83.82
20611,86.87,45.47,83.52
20621,87.40,45.39,83.21
20631,87.94,44.65,82.89
20641,88.45,44.74,82.56
20651,88.94,44.64,82.22
20661,89.43,44.17,81.87
20671,89.88,44.46,81.51
20681,90.33,43.86,81.13
20691,90.74,44.10,80.75
20701,91.13,43.86,80.36
20711,91.52,43.59,79.96
20721,91.86,43.81,79.55
20731,92.22,43.21,79.13
20741,92.54,43.23,78.70
20751,92.83,43.36,78.27
20761,93.11,43.14,77.82
20771,93.36,43.12,77.36
20781,93.58,43.24,76.90
20791,93.78,43.14,76.43
20801,93.97,42.86,75.95
20811,94.13,42.94,75.45
20821,94.26,43.05,74.96
20831,94.38,42.77,74.45
20841,94.48,42.58,73.94
20851,94.55,42.86,73.41
20861,94.58,42.96,72.88
20871,94.61,42.71,72.35
20881,94.61,42.73,71.80
20891,94.59,42.70,71.25
20901,94.54,42.91,70.69
20911,94.47,42.94,70.12
20921,94.38,42.71,69.55
20931,94.27,42.74,68.97
20941,94.14,42.70,68.39
20951,93.99,42.70,67.79
20961,93.81,42.82,67.20
20971,93.61,42.78,66.59
20981,93.40,42.69,65.98
20991,93.16,42.85,65.37
21001,92.89,42.92,64.75
21011,92.61,42.97,64.12
21021,92.31,42.89,63.49
21031,91.99,42.73,62.86
21041,91.67,42.68,62.22
21051,91.31,42.82,61.57
21061,90.93,43.03,60.92
21071,90.52,43.16,60.27
21081,90.11,42.92,59.61
21091,89.68,42.97,58.95
21101,89.23,43.15,58.29
21111,88.75,43.39,57.63
21121,88.25,43.42,56.96
21131,87.73,43.43,56.28
21141,87.21,43.29,55.61
21151,86.66,43.44,54.93
21161,86.10,43.54,54.25
21171,85.51,43.80,53.57
21181,84.90,43.92,52.89
21191,84.28,43.94,52.21
21201,83.65,43.83,51.52
21211,83.00,43.97,50.84
21221,82.34,44.05,50.15
21231,81.65,44.29,49.46
21241,80.95,44.41,48.77
21251,80.24,44.33,48.08
21261,79.53,44.32,47.39
21271,78.78,44.74,46.71
21281,78.01,44.92,46.02
21291,77.24,45.02,45.33
21301,76.45,45.11,44.65
21311,75.64,45.21,43.96
21321,74.82,45.54,43.28
21331,73.98,45.69,42.59
21341,73.13,45.75,41.91
21351,72.28,45.85,41.24
21361,71.41,45.95,40.56
21371,70.52,46.28,39.89
21381,69.63,46.27,39.21
21391,68.73,46.34,38.55
21401,67.81,46.77,37.88
21411,66.88,46.90,37.22
21421,65.96,46.72,36.56
21431,65.01,47.14,35.90
21441,64.06,47.16,35.25
21451,63.11,47.31,34.61
21461,62.15,47.29,33.96
21471,61.18,47.68,33.32
21481,60.21,47.42,32.69
21491,59.24,47.74,32.06
21501,58.26,47.81,31.44
21511,57.28,47.81,30.82
21521,56.29,48.10,30.21
21531,55.31,48.09,29.60
21541,54.32,48.11,29.00
21551,53.33,48.25,28.40
21561,52.36,48.06,27.81
21571,51.38,48.22,27.23
21581,50.40,48.27,26.65
21591,49.43,48.14,26.08
21601,48.46,48.24,25.52
21611,47.49,48.25,24.96
21621,46.52,48.35,24.41
21631,45.57,48.24,23.87
21641,44.61,48.45,23.34
21651,43.64,48.61,22.81
21661,42.68,48.70,22.30
21671,41.73,48.59,21.79
21681,40.79,48.53,21.28
21691,39.87,48.14,20.79
21701,38.96,48.23,20.31
21711,38.05,48.10,19.83
21721,37.15,48.27,19.36
21731,36.27,47.93,18.91
21741,35.39,48.04,18.46
21751,34.55,47.48,18.02
21761,33.70,47.69,17.59
21771,32.88,47.13,17.17
21781,32.06,47.37,16.75
21791,31.27,47.01,16.35
21801,30.47,47.07,15.96
21811,29.71,46.66,15.58
21821,28.95,46.59,15.21
21831,28.21,46.48,14.85
21841,27.50,46.01,14.49
21851,26.80,45.88,14.15
21861,26.12,45.55,13.82
21871,25.45,45.45,13.50
21881,24.81,45.03,13.19
21891,24.17,45.18,12.90
21901,23.57,44.52,12.61
21911,22.97,44.39,12.33
21921,22.39,44.36,12.06
21931,21.84,43.70,11.81
21941,21.30,43.68,11.57
21951,20.79,43.27,11.33
21961,20.30,42.95,11.11
21971,19.81,42.89,10.90
21981,19.35,42.54,10.70
21991,18.92,41.92,10.52
22001,18.48,42.26,10.34
22011,18.07,41.61,10.17
22021,17.70,41.16,10.02
22031,17.32,41.24,9.88
22041,16.96,40.95,9.75
22051,16.64,40.33,9.63
22061,16.33,40.07,9.52
22071,16.03,39.93,9.43
22081,15.74,39.95,9.34
22091,15.46,39.74,9.27
22101,15.20,39.44,9.21
22111,14.97,38.80,9.16
22121,14.77,38.51,9.12
22131,14.58,38.15,9.09
22141,14.39,38.18,9.08
22151,14.23,37.78,9.08
22161,14.08,37.70,9.08
22171,13.95,37.24,9.10
22181,13.81,37.32,9.13
22191,13.70,37.00,9.18
22201,13.60,36.84,9.23
22211,13.53,36.28,9.29
22221,13.46,36.28,9.37
22231,13.40,36.18,9.46
22241,13.34,36.39,9.56
22251,13.26,36.63,9.66
22261,13.18,36.93,9.79
22271,13.09,37.18,9.92
22281,13.03,36.52,10.06
22291,13.03,35.57,10.21
22301,13.04,35.27,10.38
22311,13.05,35.49,10.55
22321,13.03,36.30,10.73
22331,12.99,36.53,10.93
22341,12.99,36.09,11.13
22351,13.04,35.08,11.35
22361,13.07,35.47,11.58
22371,13.08,36.07,11.81
22381,13.10,36.04,12.06
22391,13.16,35.36,12.31
22401,13.21,35.71,12.58
22411,13.24,36.12,12.86
22421,13.30,35.78,13.14
22431,13.37,35.68,13.43
22441,13.44,35.75,13.74
22451,13.49,36.26,14.05
22461,13.56,36.19,14.37
22471,13.65,35.74,14.70
22481,13.73,36.23,15.04
22491,13.79,36.83,15.39
22501,13.88,36.23,15.74
22511,13.98,36.23,16.11
22521,14.07,36.68,16.48
22531,14.15,37.08,16.86
22541,14.24,37.01,17.25
22551,14.36,36.65,17.65
22561,14.46,37.34,18.05
22571,14.54,37.86,18.46
22581,14.65,37.32,18.88
22591,14.78,37.28,19.30
22601,14.88,38.05,19.74
22611,14.98,38.46,20.18
22621,15.09,38.20,20.62
22631,15.23,37.96,21.07
22641,15.36,38.46,21.53
22651,15.46,39.20,22.00
22661,15.56,39.47,22.47
22671,15.71,38.75,22.94
22681,15.88,38.71,23.42
22691,16.03,39.20,23.91
22701,16.15,39.97,24.40
22711,16.27,40.36,24.90
22721,16.42,40.07,25.40
22731,16.59,39.78,25.91
22741,16.76,40.20,26.42
22751,16.94,40.17,26.93
22761,17.11,40.62,27.45
22771,17.27,41.26,27.97
22781,17.43,41.45,28.50
22791,17.62,41.10,29.03
22801,17.83,40.93,29.56
22811,18.05,41.06,30.10
22821,18.26,41.37,30.64
22831,18.47,41.93,31.18
22841,18.67,42.27,31.73
22851,18.85,42.90,32.27
22861,19.04,43.05,32.82
22871,19.23,43.35,33.37
22881,19.43,43.45,33.93
22891,19.62,43.98,34.48
22901,19.85,43.44,35.04
22911,20.08,43.81,35.59
22921,20.31,43.97,36.15
22931,20.55,44.16,36.71
22941,20.80,44.27,37.27
22951,21.04,44.60,37.83
22961,21.27,45.24,38.39
22971,21.52,45.20,38.95
22981,21.77,45.40,39.51
22991,22.04,45.19,40.07
23001,22.32,45.40,40.63
23011,22.59,45.87,41.19
23021,22.88,45.93,41.75
23031,23.17,45.84,42.31
23041,23.49,45.80,42.86
23051,23.80,46.26,43.42
23061,24.09,46.73,43.97
23071,24.42,46.29,44.52
23081,24.76,46.42,45.07
23091,25.09,46.74,45.62
23101,25.43,46.97,46.16
23111,25.79,46.71,46.70
23121,26.16,46.88,47.24
23131,26.52,47.23,47.78
23141,26.90,46.87,48.31
23151,27.28,47.41,48.84
23161,27.66,47.38,49.37
23171,28.07,47.17,49.90
23181,28.47,47.46,50.42
23191,28.88,47.55,50.93
23201,29.30,47.65,51.45
23211,29.71,47.87,51.95
23221,30.14,47.74,52.46
23231,30.57,47.89,52.96
23241,31.01,47.93,53.46
23251,31.47,47.75,53.95
23261,31.92,48.03,54.43
23271,32.38,47.96,54.91
23281,32.84,48.11,55.39
23291,33.32,48.06,55.86
23301,33.80,47.93,56.33
23311,34.28,48.27,56.79
23321,34.78,47.94,57.24
23331,35.26,48.39,57.69
23341,35.76,48.16,58.14
23351,36.25,48.37,58.57
23361,36.76,48.24,59.01
23371,37.27,48.37,59.43
23381,37.78,48.35,59.85
23391,38.30,48.32,60.26
23401,38.82,48.35,60.67
23411,39.34,48.29,61.07
23421,39.86,48.49,61.46
23431,40.40,48.25,61.85
23441,40.92,48.61,62.23
23451,41.45,48.31,62.60
23461,41.98,48.54,62.97
23471,42.52,48.38,63.33
23481,43.05,48.57,63.68
23491,43.59,48.41,64.02
23501,44.11,48.65,64.36
23511,44.65,48.45,64.69
23521,45.17,48.89,65.01
23531,45.71,48.52,65.33
23541,46.23,48.83,65.64
23551,46.76,48.52,65.94
23561,47.29,48.70,66.23
23571,47.83,48.42,66.51
23581,48.35,48.79,66.79
23591,48.88,48.56,67.06
23601,49.39,48.96,67.32
23611,49.92,48.58,67.57
23621,50.43,48.82,67.82
23631,50.95,48.62,68.06
23641,51.45,48.97,68.29
23651,51.96,48.76,68.51
23661,52.46,48.90,68.72
23671,52.96,48.78,68.93
23681,53.44,49.05,69.13
23691,53.94,48.79,69.32
23701,54.41,49.10,69.50
23711,54.89,48.95,69.67
23721,55.35,49.17,69.84
23731,55.83,48.88,70.00
23741,56.28,49.13,70.15
23751,56.74,49.10,70.29
23761,57.18,49.17,70.42
23771,57.62,49.19,70.55
23781,58.06,49.26,70.67
23791,58.49,49.09,70.78
23801,58.91,49.39,70.88
23811,59.31,49.45,70.98
23821,59.71,49.55,71.06
23831,60.10,49.53,71.14
23841,60.49,49.50,71.22
23851,60.87,49.55,71.28
23861,61.25,49.39,71.34
23871,61.62,49.57,71.38
23881,61.99,49.46,71.42
23891,62.35,49.49,71.46
23901,62.69,49.75,71.48
23911,63.03,49.45,71.50
23921,63.37,49.57,71.51
23931,63.69,49.64,71.52
23941,64.03,49.30,71.52
23951,64.34,49.60,71.51
23961,64.66,49.40,71.49
23971,64.95,49.68,71.46
23981,65.25,49.55,71.43
23991,65.53,49.58,71.40
24001,65.81,49.61,71.35
24011,66.08,49.54,71.30
24021,66.34,49.74,71.24
24031,66.60,49.46,71.18
24041,66.84,49.74,71.11
24051,67.08,49.53,71.03
24061,67.30,49.76,70.95
24071,67.53,49.57,70.86
24081,67.74,49.57,70.76
24091,67.94,49.88,70.66
24101,68.14,49.56,70.55
24111,68.31,49.89,70.44
24121,68.50,49.50,70.32
24131,68.67,49.72,70.20
24141,68.84,49.64,70.07
24151,68.99,49.65,69.93
24161,69.14,49.75,69.79
24171,69.28,49.53,69.65
24181,69.41,49.81,69.50
24191,69.55,49.42,69.34
24201,69.65,49.85,69.18
24211,69.76,49.71,69.02
24221,69.86,49.56,68.85
24231,69.95,49.79,68.67
24241,70.04,49.51,68.50
24251,70.10,49.86,68.31
24261,70.18,49.50,68.13
24271,70.23,49.78,67.94
24281,70.29,49.59,67.75
24291,70.32,49.83,67.55
24301,70.35,49.84,67.35
24311,70.39,49.51,67.14
24321,70.39,49.97,66.93
24331,70.41,49.59,66.72
24341,70.41,49.86,66.51
24351,70.41,49.66,66.29
24361,70.40,49.64,66.07
24371,70.38,49.75,65.85
24381,70.35,49.62,65.63
24391,70.32,49.82,65.40
24401,70.29,49.48,65.17
24411,70.24,49.79,64.94
24421,70.19,49.45,64.70
24431,70.14,49.61,64.47
24441,70.07,49.61,64.23
24451,70.01,49.43,63.99
24461,69.94,49.49,63.75
24471,69.87,49.27,63.51
24481,69.77,49.72,63.26
24491,69.70,49.15,63.02
24501,69.61,49.34,62.77
24511,69.51,49.35,62.53
24521,69.41,49.25,62.28
24531,69.30,49.22,62.03
24541,69.19,49.23,61.78
24551,69.07,49.27,61.53
24561,68.96,48.98,61.28
24571,68.83,49.15,61.03
24581,68.70,48.97,60.78
24591,68.56,49.22,60.53
24601,68.43,48.88,60.28
24611,68.28,49.05,60.03
24621,68.14,48.93,59.78
24631,67.98,49.02,59.53
24641,67.82,48.91,59.29
24651,67.67,48.76,59.04
24661,67.50,48.90,58.79
24671,67.34,48.79,58.55
24681,67.16,48.92,58.30
24691,66.99,48.70,58.06
24701,66.81,48.79,57.81
24711,66.62,48.78,57.57
24721,66.43,48.97,57.33
24731,66.24,48.58,57.09
24741,66.04,48.95,56.86
24751,65.84,48.58,56.62
24761,65.64,48.74,56.39
24771,65.43,48.73,56.16
24781,65.21,49.09,55.93
24791,65.00,48.66,55.70
24801,64.77,48.83,55.47
24811,64.56,48.61,55.25
24821,64.32,48.98,55.03
24831,64.10,48.75,54.81
24841,63.85,49.02,54.59
24851,63.63,48.64,54.38
24861,63.38,48.99,54.17
24871,63.14,48.87,53.96
24881,62.89,49.05,53.75
24891,62.64,48.82,53.55
24901,62.39,49.04,53.35
24911,62.14,48.83,53.15
24921,61.87,49.21,52.96
24931,61.62,49.02,52.77
24941,61.35,49.10,52.58
24951,61.10,48.94,52.39
24961,60.83,49.25,52.21
24971,60.56,49.15,52.03
24981,60.29,49.23,51.85
24991,60.02,49.10,51.68
25001,59.75,49.39,51.51
25011,59.48,49.21,51.35
25021,59.21,49.15,51.19
25031,58.93,49.46,51.03
25041,58.66,49.21,50.87
25051,58.38,49.53,50.72
25061,58.11,49.29,50.57
25071,57.84,49.43,50.43
25081,57.55,49.60,50.29
25091,57.29,49.33,50.15
25101,57.00,49.75,50.01
25111,56.73,49.52,49.88
25121,56.45,49.76,49.76
25131,56.18,49.47,49.63
25141,55.90,49.83,49.52
25151,55.63,49.60,49.40
25161,55.36,49.78,49.29
25171,55.09,49.67,49.18
25181,54.83,49.64,49.08
25191,54.56,49.80,48.98
25201,54.31,49.55,48.88
25211,54.06,49.71,48.79
25221,53.81,49.57,48.70
25231,53.55,49.91,48.61
25241,53.30,49.67,48.53
25251,53.06,49.60,48.45
25261,52.83,49.61,48.37
25271,52.60,49.53,48.30
25281,52.36,49.83,48.24
25291,52.14,49.49,48.17
25301,51.92,49.61,48.11
25311,51.71,49.45,48.05
25321,51.49,49.63,48.00
25331,51.28,49.56,47.95
25341,51.08,49.41,47.90
25351,50.87,49.64,47.86
25361,50.68,49.33,47.82
25371,50.48,49.69,47.78
25381,50.30,49.32,47.75
25391,50.12,49.46,47.72
25401,49.94,49.32,47.69
25411,49.77,49.45,47.67
25421,49.60,49.37,47.65
25431,49.45,49.11,47.63
25441,49.28,49.47,47.61
25451,49.13,49.13,47.60
25461,48.98,49.32,47.59
25471,48.84,49.13,47.59
25481,48.70,49.22,47.58
25491,48.57,49.17,47.58
25501,48.44,49.07,47.59
25511,48.32,49.03,47.59
25521,48.21,48.93,47.60
25531,48.09,49.18,47.61
25541,47.99,48.77,47.62
25551,47.89,48.98,47.64
25561,47.80,48.75,47.65
25571,47.71,48.81,47.67
25581,47.63,48.75,47.69
25591,47.54,48.75,47.72
25601,47.47,48.70,47.74
25611,47.41,48.49,47.77
25621,47.34,48.62,47.80
25631,47.29,48.42,47.83
25641,47.23,48.58,47.86
25651,47.18,48.42,47.90
25661,47.13,48.51,47.93
25671,47.10,48.26,47.97
25681,47.06,48.38,48.01
25691,47.03,48.19,48.05
25701,47.00,48.35,48.09
25711,46.99,48.09,48.14
25721,46.97,48.22,48.18
25731,46.96,48.06,48.23
25741,46.94,48.11,48.27
25751,46.94,48.09,48.32
25761,46.93,48.06,48.37
25771,46.93,47.98,48.42
25781,46.94,47.87,48.47
25791,46.95,47.92,48.52
25801,46.96,47.91,48.57
25811,46.97,47.94,48.62
25821,46.98,47.98,48.67
25831,46.99,47.91,48.72
25841,47.01,47.83,48.77
25851,47.03,47.88,48.83
25861,47.06,47.76,48.88
25871,47.09,47.76,48.93
25881,47.12,47.79,48.98
25891,47.15,47.68,49.04
25901,47.19,47.70,49.09
25911,47.22,47.71,49.14
25921,47.25,47.87,49.19
25931,47.29,47.72,49.24
25941,47.32,47.83,49.29
25951,47.36,47.71,49.34
25961,47.39,47.96,49.39
25971,47.43,47.77,49.44
25981,47.46,47.93,49.49
25991,47.50,47.72,49.54
26001,47.53,48.04,49.58
26011,47.58,47.74,49.63
26021,47.61,47.97,49.67
26031,47.66,47.77,49.72
26041,47.70,47.87,49.76
26051,47.74,47.85,49.80
26061,47.77,48.00,49.84
26071,47.80,48.11,49.88
26081,47.85,47.89,49.92
26091,47.88,48.01,49.95
26101,47.92,47.94,49.99
26111,47.96,48.15,50.02
26121,47.99,48.05,50.05
26131,48.02,48.22,50.08
26141,48.05,48.16,50.11
26151,48.08,48.27,50.13
26161,48.12,48.12,50.16
26171,48.14,48.32,50.18
26181,48.18,48.14,50.20
26191,48.21,48.19,50.22
26201,48.24,48.31,50.23
26211,48.27,48.24,50.25
26221,48.30,48.26,50.26
26231,48.33,48.31,50.27
26241,48.35,48.32,50.28
26251,48.38,48.38,50.28
26261,48.40,48.39,50.29
26271,48.43,48.37,50.29
26281,48.46,48.23,50.29
26291,48.49,48.33,50.29
26301,48.52,48.18,50.28
26311,48.54,48.36,50.27
26321,48.57,48.23,50.26
26331,48.59,48.38,50.25
26341,48.62,48.22,50.24
26351,48.65,48.36,50.22
26361,48.68,48.11,50.20
26371,48.70,48.36,50.18
26381,48.73,48.13,50.16
26391,48.75,48.31,50.13
26401,48.78,48.14,50.10
26411,48.79,48.37,50.07
26421,48.82,48.10,50.04
26431,48.84,48.29,50.00
26441,48.87,48.00,49.96
26451,48.89,48.14,49.92
26461,48.92,47.94,49.88
26471,48.94,48.13,49.84
26481,48.97,47.89,49.79
26491,48.98,48.20,49.74
26501,49.00,47.89,49.69
26511,49.02,48.05,49.63
26521,49.05,47.75,49.57
26531,49.06,47.92,49.51
26541,49.09,47.67,49.45
26551,49.11,47.87,49.39
26561,49.13,47.63,49.32
26571,49.14,47.92,49.26
26581,49.16,47.71,49.18
26591,49.16,47.89,49.11
26601,49.18,47.64,49.04
26611,49.18,47.80,48.96
26621,49.19,47.53,48.88
26631,49.20,47.56,48.80
26641,49.22,47.35,48.72
26651,49.23,47.51,48.63
26661,49.24,47.31,48.55
26671,49.25,47.41,48.46
26681,49.26,47.35,48.37
26691,49.26,47.43,48.28
26701,49.25,47.43,48.18
26711,49.26,47.17,48.09
26721,49.26,47.27,47.99
26731,49.26,47.17,47.89
26741,49.25,47.33,47.79
26751,49.25,46.99,47.69
26761,49.23,47.29,47.59
26771,49.22,47.08,47.48
26781,49.21,47.09,47.38
26791,49.20,47.02,47.27
26801,49.19,46.86,47.16
26811,49.17,46.91,47.05
26821,49.17,46.64,46.94
26831,49.15,46.87,46.83
26841,49.14,46.57,46.72
26851,49.12,46.71,46.61
26861,49.11,46.58,46.49
26871,49.10,46.44,46.38
26881,49.07,46.65,46.26
26891,49.05,46.34,46.15
26901,49.03,46.53,46.03
26911,49.01,46.18,45.91
26921,48.99,46.21,45.80
26931,48.97,46.23,45.68
26941,48.95,45.99,45.56
26951,48.92,46.11,45.45
26961,48.90,45.93,45.33
26971,48.87,46.02,45.21
26981,48.84,46.03,45.09
26991,48.82,45.75,44.98
27001,48.78,45.97,44.86
27011,48.75,45.70,44.74
27021,48.71,45.73,44.63
27031,48.68,45.70,44.51
27041,48.65,45.48,44.39
27051,48.62,45.50,44.28
27061,48.58,45.46,44.17
27071,48.55,45.37,44.05
27081,48.50,45.50,43.94
27091,48.46,45.31,43.83
27101,48.42,45.30,43.72
27111,48.38,45.25,43.61
27121,48.33,45.23,43.50
27131,48.29,45.18,43.39
27141,48.24,45.20,43.29
27151,48.19,45.01,43.18
27161,48.14,45.10,43.08
27171,48.08,45.18,42.98
27181,48.03,44.97,42.88
27191,47.96,45.21,42.78
27201,47.90,45.04,42.69
27211,47.85,44.90,42.59
27221,47.78,45.05,42.50
27231,47.72,44.95,42.41
27241,47.65,44.93,42.32
27251,47.58,45.03,42.24
27261,47.51,44.97,42.16
27271,47.43,45.00,42.07
27281,47.36,45.00,42.00
27291,47.28,44.92,41.92
27301,47.20,45.09,41.85
27311,47.11,45.05,41.77
27321,47.03,44.97,41.71
27331,46.96,44.86,41.64
27341,46.86,45.16,41.58
27351,46.78,44.99,41.52
27361,46.69,45.04,41.46
27371,46.59,45.18,41.41
27381,46.50,45.02,41.35
27391,46.41,45.07,41.31
27401,46.31,45.30,41.26
27411,46.21,45.27,41.22
27421,46.11,45.10,41.18
27431,46.01,45.24,41.15
27441,45.90,45.47,41.11
27451,45.80,45.18,41.09
27461,45.70,45.38,41.06
27471,45.59,45.43,41.04
27481,45.49,45.29,41.02
27491,45.39,45.40,41.01
27501,45.28,45.64,41.00
27511,45.17,45.57,40.99
27521,45.06,45.52,40.99
27531,44.95,45.77,40.99
27541,44.84,45.66,40.99
27551,44.73,45.72,41.00
27561,44.62,45.87,41.01
27571,44.50,45.99,41.03
27581,44.40,45.72,41.05
27591,44.28,46.15,41.07
27601,44.17,46.01,41.10
27611,44.06,46.09,41.13
27621,43.94,46.34,41.17
27631,43.82,46.39,41.21
27641,43.72,46.18,41.26
27651,43.60,46.48,41.30
27661,43.49,46.52,41.36
27671,43.38,46.40,41.41
27681,43.27,46.64,41.47
27691,43.16,46.78,41.54
27701,43.06,46.56,41.61
27711,42.95,46.95,41.68
27721,42.84,46.96,41.76
27731,42.75,46.73,41.84
27741,42.64,47.15,41.93
27751,42.55,46.91,42.02
27761,42.46,47.07,42.11
27771,42.35,47.43,42.21
27781,42.27,47.06,42.31
27791,42.18,47.35,42.42
27801,42.10,47.31,42.53
27811,42.02,47.35,42.64
27821,41.94,47.52,42.76
27831,41.87,47.29,42.88
27841,41.80,47.55,43.01
27851,41.74,47.56,43.14
27861,41.68,47.47,43.27
27871,41.62,47.72,43.41
27881,41.57,47.65,43.56
27891,41.52,47.75,43.70
27901,41.48,47.72,43.85
27911,41.44,47.70,44.01
27921,41.40,48.00,44.16
27931,41.38,47.72,44.33
27941,41.35,47.99,44.49
27951,41.34,47.77,44.66
27961,41.32,47.92,44.83
27971,41.32,47.88,45.01
27981,41.31,48.03,45.19
27991,41.31,48.12,45.37
28001,41.32,47.97,45.56
28011,41.32,48.26,45.75
28021,41.34,48.11,45.94
28031,41.35,48.29,46.14
28041,41.38,48.20,46.34
28051,41.40,48.35,46.54
28061,41.43,48.50,46.75
28071,41.46,48.39,46.95
28081,41.50,48.63,47.16
28091,41.54,48.62,47.38
28101,41.57,48.85,47.60
28111,41.63,48.60,47.82
28121,41.67,48.88,48.04
28131,41.74,48.60,48.26
28141,41.80,48.91,48.49
28151,41.88,48.71,48.72
28161,41.94,49.12,48.95
28171,42.02,48.92,49.19
28181,42.09,49.33,49.42
28191,42.17,49.10,49.66
28201,42.25,49.49,49.90
28211,42.34,49.22,50.14
28221,42.43,49.51,50.39
28231,42.53,49.35,50.63
28241,42.62,49.71,50.88
28251,42.73,49.45,51.13
28261,42.84,49.61,51.38
28271,42.96,49.53,51.63
28281,43.07,49.76,51.88
28291,43.19,49.82,52.14
28301,43.32,49.79,52.39
28311,43.46,49.67,52.65
28321,43.59,49.83,52.91
28331,43.74,49.87,53.16
28341,43.88,49.89,53.42
28351,44.03,50.01,53.68
28361,44.19,49.93,53.94
28371,44.35,50.01,54.20
28381,44.52,50.07,54.46
28391,44.69,49.93,54.72
28401,44.85,50.31,54.98
28411,45.04,50.08,55.24
28421,45.23,49.88,55.50
28431,45.41,50.29,55.76
28441,45.61,50.15,56.02
28451,45.80,50.23,56.28
28461,45.99,50.38,56.53
28471,46.20,50.11,56.79
28481,46.40,50.47,57.05
28491,46.62,50.25,57.30
28501,46.83,50.30,57.56
28511,47.04,50.51,57.81
28521,47.27,50.17,58.07
28531,47.49,50.59,58.32
28541,47.72,50.30,58.57
28551,47.95,50.46,58.81
28561,48.19,50.52,59.06
28571,48.43,50.33,59.31
28581,48.66,50.69,59.55
28591,48.91,50.44,59.79
28601,49.15,50.59,60.03
28611,49.40,50.55,60.27
28621,49.65,50.43,60.50
28631,49.90,50.59,60.74
28641,50.15,50.67,60.97
28651,50.42,50.42,61.19
28661,50.66,50.92,61.42
28671,50.94,50.41,61.64
28681,51.19,50.70,61.86
28691,51.45,50.76,62.08
28701,51.73,50.53,62.29
28711,51.98,50.85,62.50
28721,52.25,50.61,62.71
28731,52.53,50.60,62.91
28741,52.79,50.87,63.12
28751,53.07,50.48,63.31
28761,53.34,50.85,63.51
28771,53.61,50.77,63.70
28781,53.89,50.61,63.89
28791,54.15,50.87,64.07
28801,54.42,50.79,64.25
28811,54.70,50.68,64.42
28821,54.96,51.08,64.60
28831,55.24,50.56,64.76
28841,55.51,51.00,64.93
28851,55.77,50.89,65.09
28861,56.05,50.77,65.24
28871,56.31,50.95,65.39
28881,56.58,50.87,65.54
28891,56.85,50.71,65.68
28901,57.11,51.02,65.82
28911,57.39,50.61,65.95
28921,57.65,50.95,66.08
28931,57.91,50.79,66.20
28941,58.18,50.76,66.32
28951,58.44,50.93,66.43
28961,58.69,50.96,66.54
28971,58.95,50.80,66.65
28981,59.20,50.94,66.75
28991,59.45,50.89,66.84
29001,59.71,50.66,66.93
29011,59.95,51.07,67.01
29021,60.20,50.66,67.09
29031,60.44,50.93,67.17
29041,60.67,51.08,67.24
29051,60.91,50.80,67.30
29061,61.14,50.94,67.36
29071,61.37,50.82,67.41
29081,61.62,50.56,67.46
29091,61.84,50.93,67.50
29101,62.06,50.83,67.54
29111,62.28,50.72,67.57
29121,62.49,51.02,67.60
29131,62.70,50.74,67.62
29141,62.92,50.65,67.64
29151,63.12,50.90,67.65
29161,63.33,50.63,67.65
29171,63.53,50.73,67.65
29181,63.71,50.88,67.65
29191,63.92,50.50,67.64
29201,64.10,50.84,67.62
29211,64.28,50.65,67.60
29221,64.47,50.50,67.57
29231,64.64,50.80,67.54
29241,64.81,50.50,67.50
29251,64.98,50.58,67.46
29261,65.14,50.70,67.41
29271,65.30,50.51,67.36
29281,65.45,50.54,67.30
29291,65.59,50.68,67.23
29301,65.74,50.38,67.17
29311,65.88,50.55,67.09
29321,66.01,50.47,67.01
29331,66.15,50.24,66.93
29341,66.27,50.56,66.84
29351,66.40,50.29,66.74
29361,66.52,50.25,66.64
29371,66.62,50.56,66.54
29381,66.73,50.20,66.43
29391,66.82,50.42,66.32
29401,66.91,50.43,66.20
29411,67.00,50.13,66.08
29421,67.07,50.68,65.95
29431,67.15,50.19,65.82
29441,67.21,50.37,65.68
29451,67.26,50.57,65.54
29461,67.32,50.20,65.39
29471,67.36,50.48,65.24
29481,67.40,50.46,65.09
29491,67.44,50.18,64.93
29501,67.47,50.26,64.77
29511,67.49,50.37,64.60
29521,67.52,50.14,64.43
29531,67.54,50.14,64.26
29541,67.54,50.35,64.08
29551,67.53,50.37,63.90
29561,67.54,50.04,63.71
29571,67.52,50.34,63.52
29581,67.51,50.00,63.33
29591,67.49,50.15,63.13
29601,67.47,50.15,62.93
29611,67.44,49.95,62.73
29621,67.40,50.18,62.53
29631,67.37,49.93,62.32
29641,67.32,49.93,62.11
29651,67.27,49.95,61.89
29661,67.23,49.58,61.68
29671,67.18,49.84,61.46
29681,67.13,49.55,61.24
29691,67.07,49.51,61.01
29701,67.00,49.62,60.79
29711,66.95,49.23,60.56
29721,66.87,49.49,60.33
29731,66.80,49.25,60.10
29741,66.73,49.18,59.86
29751,66.65,49.27,59.63
29761,66.57,48.96,59.39
29771,66.48,49.17,59.15
29781,66.40,48.75,58.91
29791,66.30,48.97,58.67
29801,66.22,48.65,58.43
29811,66.11,48.88,58.19
29821,66.00,48.79,57.94
29831,65.90,48.45,57.70
29841,65.79,48.68,57.45
29851,65.68,48.49,57.21
29861,65.55,48.61,56.96
29871,65.44,48.28,56.71
29881,65.30,48.54,56.47
29891,65.17,48.35,56.22
29901,65.03,48.45,55.97
29911,64.90,48.10,55.72
29921,64.75,48.36,55.48
29931,64.60,48.14,55.23
29941,64.44,48.27,54.99
29951,64.28,48.22,54.74
29961,64.11,48.26,54.50
29971,63.95,48.10,54.26
29981,63.77,48.21,54.01
29991,63.60,47.94,53.77
30001,63.42,48.07,53.53
30011,63.24,48.00,53.30
30021,63.06,48.07,53.06
30031,62.86,48.05,52.83
30041,62.66,48.10,52.59
30051,62.47,47.88,52.36
30061,62.26,48.07,52.13
30071,62.07,47.83,51.91
30081,61.85,48.02,51.68
30091,61.65,47.82,51.46
30101,61.43,48.05,51.24
30111,61.21,47.89,51.02
30121,60.97,48.28,50.81
30131,60.75,47.98,50.59
30141,60.51,48.15,50.38
30151,60.27,48.08,50.18
30161,60.03,48.23,49.98
30171,59.78,48.26,49.78
30181,59.53,48.25,49.58
30191,59.28,48.29,49.39
30201,59.02,48.22,49.20
30211,58.76,48.48,49.01
30221,58.51,48.17,48.83
30231,58.24,48.47,48.65
30241,57.98,48.28,48.48
30251,57.71,48.60,48.31
30261,57.44,48.36,48.14
30271,57.16,48.70,47.98
30281,56.89,48.54,47.82
30291,56.61,48.70,47.66
30301,56.34,48.60,47.52
30311,56.07,48.60,47.37
30321,55.79,48.68,47.23
30331,55.51,48.77,47.09
30341,55.23,48.82,46.96
30351,54.96,48.84,46.84
30361,54.67,48.96,46.72
30371,54.39,48.95,46.60
30381,54.11,49.01,46.49
30391,53.83,49.03,46.38
30401,53.55,49.13,46.28
30411,53.28,49.06,46.19
30421,52.99,49.33,46.10
30431,52.72,49.19,46.01
30441,52.44,49.30,45.93
30451,52.17,49.26,45.86
30461,51.89,49.40,45.79
30471,51.63,49.22,45.72
30481,51.37,49.32,45.67
30491,51.10,49.50,45.61
30501,50.84,49.43,45.57
30511,50.59,49.41,45.52
30521,50.34,49.42,45.49
30531,50.09,49.50,45.46
30541,49.85,49.47,45.44
30551,49.60,49.64,45.42
30561,49.37,49.42,45.40
30571,49.13,49.66,45.40
30581,48.91,49.42,45.40
30591,48.68,49.67,45.40
30601,48.47,49.52,45.41
30611,48.26,49.51,45.43
30621,48.06,49.56,45.45
30631,47.86,49.65,45.48
30641,47.66,49.59,45.51
30651,47.48,49.52,45.55
30661,47.29,49.69,45.60
30671,47.11,49.60,45.65
30681,46.94,49.54,45.71
30691,46.78,49.60,45.77
30701,46.62,49.65,45.84
30711,46.46,49.69,45.92
30721,46.31,49.70,46.00
30731,46.17,49.77,46.08
30741,46.02,49.80,46.18
30751,45.89,49.74,46.27
30761,45.76,49.93,46.38
30771,45.65,49.62,46.49
30781,45.53,49.91,46.60
30791,45.43,49.66,46.72
30801,45.32,49.91,46.84
30811,45.23,49.71,46.98
30821,45.15,49.75,47.11
30831,45.07,49.83,47.25
30841,45.00,49.62,47.40
30851,44.93,49.88,47.55
30861,44.89,49.55,47.71
30871,44.83,49.94,47.87
30881,44.80,49.61,48.04
30891,44.76,49.80,48.21
30901,44.74,49.64,48.39
30911,44.72,49.71,48.57
30921,44.71,49.77,48.75
30931,44.71,49.45,48.94
30941,44.71,49.77,49.14
30951,44.72,49.66,49.34
30961,44.74,49.81,49.54
30971,44.77,49.53,49.75
30981,44.80,49.78,49.96
30991,44.83,49.83,50.18
31001,44.87,49.76,50.40
31011,44.91,49.96,50.62
31021,44.96,49.76,50.85
31031,45.01,50.13,51.08
31041,45.08,49.82,51.32
31051,45.14,50.09,51.56
31061,45.22,49.89,51.80
31071,45.29,50.07,52.04
31081,45.37,50.20,52.29
31091,45.46,50.09,52.54
31101,45.54,50.47,52.80
31111,45.64,50.13,53.06
31121,45.74,50.35,53.32
31131,45.83,50.52,53.58
31141,45.94,50.35,53.84
31151,46.05,50.58,54.11
31161,46.17,50.47,54.38
31171,46.29,50.65,54.65
31181,46.42,50.69,54.92
31191,46.55,50.70,55.20
31201,46.67,50.89,55.48
31211,46.82,50.76,55.75
31221,46.95,50.96,56.03
31231,47.10,50.91,56.31
31241,47.25,51.03,56.60
31251,47.40,51.19,56.88
31261,47.56,51.03,57.16
31271,47.72,51.36,57.45
31281,47.88,51.26,57.73
31291,48.05,51.27,58.02
31301,48.21,51.66,58.30
31311,48.40,51.11,58.59
31321,48.57,51.77,58.87
31331,48.76,51.44,59.16
31341,48.94,51.63,59.44
31351,49.13,51.76,59.73
31361,49.32,51.72,60.01
31371,49.52,51.71,60.30
31381,49.71,51.97,60.58
31391,49.93,51.67,60.86
31401,50.14,51.84,61.14
31411,50.34,52.19,61.42
31421,50.57,51.70,61.70
31431,50.78,52.04,61.98
31441,51.00,52.16,62.25
31451,51.24,51.74,62.52
31461,51.46,52.29,62.79
31471,51.70,52.15,63.06
31481,51.95,51.82,63.33
31491,52.19,52.22,63.59
31501,52.43,52.22,63.85
31511,52.69,51.95,64.11
31521,52.94,52.09,64.36
31531,53.19,52.33,64.62
31541,53.46,51.88,64.87
31551,53.73,52.16,65.11
31561,53.98,52.30,65.35
31571,54.26,52.07,65.59
31581,54.54,51.97,65.83
31591,54.81,52.19,66.06
31601,55.08,52.33,66.29
31611,55.38,51.77,66.51
31621,55.66,52.11,66.73
31631,55.92,52.46,66.94
31641,56.22,51.82,67.15
31651,56.52,51.87,67.36
31661,56.80,52.25,67.56
31671,57.09,52.15,67.75
31681,57.39,51.77,67.94
31691,57.69,51.96,68.13
31701,57.96,52.45,68.31
31711,58.27,51.71,68.48
31721,58.57,51.86,68.65
31731,58.85,52.35,68.82
31741,59.15,51.92,68.98
31751,59.45,51.73,69.13
31761,59.74,52.02,69.27
31771,60.03,52.10,69.41
31781,60.34,51.57,69.55
31791,60.63,51.90,69.68
31801,60.91,52.08,69.80
31811,61.21,51.61,69.91
31821,61.51,51.73,70.02
31831,61.78,52.09,70.12
31841,62.07,51.74,70.22
31851,62.36,51.58,70.31
31861,62.63,52.01,70.39
31871,62.91,51.76,70.46
31881,63.20,51.42,70.53
31891,63.46,51.93,70.59
31901,63.73,51.65,70.65
31911,64.01,51.42,70.69
31921,64.28,51.55,70.73
31931,64.53,51.70,70.76
31941,64.80,51.44,70.79
31951,65.05,51.53,70.80
31961,65.31,51.45,70.81
31971,65.55,51.51,70.81
31981,65.80,51.33,70.81
31991,66.05,51.09,70.79
32001,66.29,51.30,70.77
32011,66.52,51.36,70.74
32021,66.76,50.96,70.70
32031,66.98,51.22,70.66
32041,67.21,51.09,70.60
32051,67.43,50.90,70.54
32061,67.64,51.01,70.47
32071,67.84,51.10,70.40
32081,68.05,50.76,70.31
32091,68.25,50.89,70.22
32101,68.44,50.86,70.12
32111,68.63,50.59,70.01
32121,68.81,50.82,69.89
32131,68.97,50.81,69.76
32141,69.15,50.33,69.63
32151,69.30,50.79,69.49
32161,69.46,50.45,69.34
32171,69.62,50.34,69.18
32181,69.75,50.68,69.01
32191,69.88,50.38,68.84
32201,70.01,50.35,68.66
32211,70.12,50.50,68.47
32221,70.24,50.05,68.27
32231,70.34,50.38,68.07
32241,70.44,50.14,67.85
32251,70.53,50.04,67.63
32261,70.61,50.26,67.40
32271,70.69,49.86,67.16
32281,70.76,49.98,66.92
32291,70.82,49.94,66.67
32301,70.88,49.64,66.41
32311,70.92,49.92,66.14
32321,70.95,49.71,65.86
32331,70.98,49.74,65.58
32341,71.00,49.61,65.29
32351,71.03,49.33,64.99
32361,71.02,49.71,64.69
32371,71.03,49.13,64.37
32381,71.02,49.35,64.05
32391,71.00,49.35,63.73
32401,70.98,49.12,63.39
32411,70.94,49.29,63.05
32421,70.90,48.88,62.71
32431,70.85,49.03,62.35
32441,70.81,48.64,61.99
32451,70.75,48.70,61.63
32461,70.69,48.53,61.25
32471,70.62,48.45,60.87
32481,70.54,48.29,60.49
32491,70.47,48.06,60.09
32501,70.37,48.24,59.70
32511,70.28,47.77,59.29
32521,70.17,48.00,58.88
32531,70.06,47.67,58.47
32541,69.94,47.71,58.05
32551,69.82,47.40,57.62
32561,69.69,47.52,57.19
32571,69.56,47.07,56.75
32581,69.41,47.19,56.31
32591,69.27,46.74,55.86
32601,69.11,46.96,55.41
32611,68.96,46.53,54.95
32621,68.78,46.69,54.49
32631,68.61,46.34,54.03
32641,68.42,46.49,53.56
32651,68.24,46.18,53.09
32661,68.04,46.14,52.61
32671,67.83,45.97,52.13
32681,67.62,45.78,51.64
32691,67.40,45.80,51.15
32701,67.18,45.51,50.66
32711,66.94,45.68,50.17
32721,66.70,45.30,49.67
32731,66.45,45.41,49.17
32741,66.19,45.12,48.67
32751,65.93,44.99,48.16
32761,65.66,45.08,47.65
32771,65.38,44.75,47.14
32781,65.10,44.77,46.63
32791,64.80,44.73,46.11
32801,64.50,44.41,45.60
32811,64.19,44.53,45.08
32821,63.88,44.36,44.56
32831,63.56,44.18,44.04
32841,63.22,44.29,43.52
32851,62.89,43.95,42.99
32861,62.54,44.06,42.47
32871,62.18,43.99,41.95
32881,61.82,43.80,41.42
32891,61.46,43.72,40.90
32901,61.07,43.83,40.37
32911,60.69,43.66,39.85
32921,60.30,43.55,39.32
32931,59.89,43.68,38.80
32941,59.48,43.47,38.28
32951,59.07,43.34,37.76
32961,58.65,43.38,37.24
32971,58.22,43.17,36.72
32981,57.79,43.28,36.20
32991,57.34,43.21,35.68
33001,56.89,43.28,35.16
33011,56.42,43.37,34.65
33021,55.95,43.20,34.14
33031,55.47,43.33,33.63
33041,54.97,43.35,33.12
33051,54.48,43.20,32.62
33061,53.99,43.10,32.12
33071,53.49,43.08,31.62
33081,52.97,43.21,31.12
33091,52.44,43.35,30.63
33101,51.92,43.10,30.14
33111,51.41,42.92,29.66
33121,50.87,43.20,29.18
33131,50.31,43.57,28.70
33141,49.75,43.27,28.22
33151,49.20,43.16,27.75
33161,48.64,43.36,27.29
33171,48.06,43.50,26.83
33181,47.49,43.34,26.37
33191,46.92,43.24,25.92
33201,46.35,43.17,25.48
33211,45.77,43.32,25.04
33221,45.19,43.42,24.60
33231,44.59,43.48,24.17
33241,44.01,43.34,23.75
33251,43.43,43.10,23.33
33261,42.83,43.43,22.92
33271,42.24,43.42,22.51
33281,41.65,43.25,22.11
33291,41.06,43.19,21.71
33301,40.48,43.11,21.33
33311,39.88,43.39,20.95
33321,39.29,43.37,20.57
33331,38.70,43.25,20.20
33341,38.11,43.14,19.84
33351,37.54,42.92,19.49
33361,36.96,42.97,19.14
33371,36.38,43.16,18.80
33381,35.79,43.32,18.47
33391,35.22,43.04,18.15
33401,34.65,42.85,17.83
33411,34.09,42.83,17.53
33421,33.53,42.99,17.23
33431,32.96,43.08,16.93
33441,32.41,42.88,16.65
33451,31.87,42.58,16.37
33461,31.33,42.69,16.11
33471,30.79,42.70,15.85
33481,30.25,42.74,15.60
33491,29.72,42.74,15.35
33501,29.20,42.52,15.12
33511,28.69,42.48,14.90
33521,28.19,42.38,14.68
33531,27.68,42.46,14.47
33541,27.18,42.58,14.27
33551,26.69,42.40,14.09
33561,26.21,42.22,13.91
33571,25.75,41.84,13.74
33581,25.30,41.81,13.57
33591,24.84,42.10,13.42
33601,24.38,42.25,13.28
33611,23.95,41.92,13.15
33621,23.51,41.88,13.02
33631,23.11,41.47,12.91
33641,22.71,41.37,12.80
33651,22.31,41.62,12.71
33661,21.91,41.62,12.62
33671,21.52,41.75,12.55
33681,21.14,41.40,12.48
33691,20.79,41.10,12.42
33701,20.45,40.98,12.38
33711,20.12,40.82,12.34
33721,19.80,40.84,12.31
33731,19.48,41.00,12.30
33741,19.15,41.15,12.29
33751,18.84,40.94,12.29
33761,18.55,40.71,12.30
33771,18.29,40.44,12.32
33781,18.04,40.17,12.36
33791,17.80,39.94,12.40
33801,17.58,39.87,12.45
33811,17.37,39.88,12.51
33821,17.15,39.95,12.58
33831,16.96,39.74,12.66
33841,16.76,39.88,12.75
33851,16.57,39.97,12.85
33861,16.39,39.73,12.96
33871,16.22,39.80,13.08
33881,16.06,39.79,13.21
33891,15.92,39.51,13.34
33901,15.78,39.54,13.49
33911,15.67,39.19,13.65
33921,15.58,38.94,13.81
33931,15.50,38.88,13.99
33941,15.42,38.85,14.17
33951,15.37,38.62,14.37
33961,15.33,38.39,14.57
33971,15.30,38.43,14.78
33981,15.28,38.21,15.00
33991,15.28,38.13,15.23
34001,15.29,37.97,15.47
34011,15.31,38.02,15.72
34021,15.33,38.01,15.98
34031,15.35,38.16,16.24
34041,15.38,38.26,16.52
34051,15.40,38.46,16.80
34061,15.42,38.61,17.09
34071,15.43,39.02,17.39
34081,15.46,38.90,17.70
34091,15.50,38.91,18.01
34101,15.54,38.92,18.33
34111,15.62,38.43,18.66
34121,15.71,38.25,19.00
34131,15.83,37.97,19.35
34141,15.98,37.44,19.70
34151,16.13,37.52,20.07
34161,16.28,37.63,20.43
34171,16.44,37.84,20.81
34181,16.58,38.23,21.19
34191,16.69,38.96,21.58
34201,16.80,39.21,21.98
34211,16.92,39.23,22.39
34221,17.04,39.47,22.80
34231,17.16,39.74,23.21
34241,17.28,39.89,23.64
34251,17.41,39.79,24.07
34261,17.61,38.66,24.50
34271,17.80,39.09,24.94
34281,17.97,39.63,25.39
34291,18.13,40.25,25.84
34301,18.26,40.80,26.30
34311,18.41,40.93,26.77
34321,18.56,40.95,27.24
34331,18.72,41.04,27.71
34341,18.91,40.68,28.19
34351,19.11,40.63,28.67
34361,19.35,40.24,29.16
34371,19.57,40.80,29.66
34381,19.81,40.55,30.15
34391,20.04,40.89,30.66
34401,20.28,40.98,31.16
34411,20.52,41.31,31.67
34421,20.76,41.58,32.19
34431,20.99,41.85,32.71
34441,21.23,41.92,33.23
34451,21.47,42.17,33.75
34461,21.71,42.46,34.28
34471,21.96,42.66,34.81
34481,22.21,42.74,35.34
34491,22.45,43.24,35.88
34501,22.69,43.47,36.42
34511,22.93,43.74,36.96
34521,23.18,43.84,37.50
34531,23.42,44.25,38.05
34541,23.65,44.68,38.60
34551,23.88,45.10,39.14
34561,24.12,45.26,39.70
34571,24.36,45.32,40.25
34581,24.62,45.27,40.80
34591,24.89,45.33,41.36
34601,25.16,45.72,41.91
34611,25.42,46.23,42.47
34621,25.68,46.40,43.03
34631,25.96,46.23,43.58
34641,26.25,46.37,44.14
34651,26.54,46.69,44.70
34661,26.82,47.06,45.26
34671,27.13,46.79,45.82
34681,27.44,47.12,46.37
34691,27.74,47.53,46.93
34701,28.06,47.44,47.49
34711,28.38,47.67,48.05
34721,28.69,48.01,48.60
34731,29.03,47.95,49.16
34741,29.37,47.92,49.71
34751,29.71,48.43,50.26
34761,30.06,48.33,50.81
34771,30.41,48.58,51.36
34781,30.78,48.57,51.91
34791,31.16,48.51,52.46
34801,31.53,49.00,53.00
34811,31.93,48.50,53.54
34821,32.32,48.97,54.08
34831,32.72,48.99,54.62
34841,33.13,49.07,55.15
34851,33.55,49.20,55.69
34861,33.96,49.38,56.22
34871,34.38,49.53,56.74
34881,34.81,49.43,57.27
34891,35.24,49.72,57.79
34901,35.69,49.57,58.30
34911,36.13,49.83,58.82
34921,36.60,49.50,59.33
34931,37.06,49.83,59.84
34941,37.52,49.89,60.34
34951,38.00,49.81,60.84
34961,38.48,49.92,61.33
34971,38.97,49.87,61.83
34981,39.46,50.13,62.31
34991,39.96,50.02,62.80
35001,40.46,50.08,63.28
35011,40.97,50.00,63.75
35021,41.47,50.38,64.22
35031,41.99,50.15,64.69
35041,42.50,50.35,65.15
35051,43.02,50.33,65.60
35061,43.54,50.42,66.06
35071,44.07,50.34,66.50
35081,44.60,50.44,66.94
35091,45.13,50.72,67.38
35101,45.67,50.33,67.81
35111,46.20,50.76,68.24
35121,46.74,50.56,68.66
35131,47.28,50.57,69.07
35141,47.82,50.79,69.48
35151,48.37,50.63,69.89
35161,48.90,50.94,70.29
35171,49.45,50.69,70.68
35181,50.00,50.86,71.07
35191,50.54,50.98,71.45
35201,51.10,50.71,71.83
35211,51.63,51.13,72.20
35221,52.18,50.92,72.56
35231,52.73,51.07,72.92
35241,53.27,51.11,73.27
35251,53.82,51.02,73.62
35261,54.35,51.24,73.96
35271,54.89,51.18,74.30
35281,55.44,51.20,74.63
35291,55.96,51.49,74.95
35301,56.51,51.14,75.27
35311,57.04,51.31,75.58
35321,57.57,51.37,75.88
35331,58.10,51.42,76.18
35341,58.62,51.58,76.47
35351,59.14,51.49,76.76
35361,59.67,51.40,77.04
35371,60.18,51.71,77.32
35381,60.69,51.72,77.58
35391,61.21,51.37,77.85
35401,61.72,51.66,78.10
35411,62.21,51.83,78.35
35421,62.71,51.74,78.60
35431,63.21,51.74,78.83
35441,63.70,51.86,79.06
35451,64.18,51.91,79.29
35461,64.68,51.64,79.51
35471,65.17,51.61,79.72
35481,65.64,51.89,79.93
35491,66.12,51.87,80.13
35501,66.60,51.67,80.33
35511,67.06,51.91,80.52
35521,67.52,51.98,80.70
35531,67.98,51.78,80.88
35541,68.43,52.04,81.05
35551,68.87,52.02,81.22
35561,69.32,51.99,81.38
35571,69.76,51.95,81.54
35581,70.18,52.23,81.69
35591,70.61,51.95,81.83
35601,71.02,52.19,81.97
35611,71.43,52.30,82.10
35621,71.82,52.41,82.23
35631,72.23,52.07,82.35
35641,72.61,52.44,82.47
35651,72.99,52.46,82.58
35661,73.37,52.34,82.69
35671,73.73,52.61,82.79
35681,74.09,52.66,82.89
35691,74.44,52.56,82.98
35701,74.80,52.43,83.07
35711,75.14,52.70,83.15
35721,75.47,52.76,83.23
35731,75.81,52.51,83.30
35741,76.12,52.85,83.37
35751,76.43,53.02,83.44
35761,76.74,52.61,83.50
35771,77.05,52.74,83.55
35781,77.33,53.17,83.60
35791,77.62,52.97,83.65
35801,77.92,52.61,83.70
35811,78.20,52.91,83.74
35821,78.46,53.20,83.77
35831,78.72,53.05,83.80
35841,78.99,52.77,83.83
35851,79.24,53.05,83.86
35861,79.48,53.32,83.88
35871,79.72,53.04,83.89
35881,79.96,52.93,83.91
35891,80.18,53.29,83.92
35901,80.40,53.21,83.93
35911,80.62,53.03,83.93
35921,80.85,52.81,83.94
35931,81.05,53.26,83.94
35941,81.23,53.54,83.93
35951,81.43,53.13,83.93
35961,81.63,53.02,83.92
35971,81.81,53.31,83.91
35981,81.98,53.49,83.89
35991,82.15,53.24,83.88
36001,82.33,52.99,83.86
36011,82.50,53.07,83.84
36021,82.65,53.43,83.82
36031,82.80,53.39,83.80
36041,82.95,53.06,83.77
36051,83.10,53.13,83.75
36061,83.23,53.51,83.72
36071,83.35,53.63,83.69
36081,83.47,53.30,83.66
36091,83.61,53.14,83.63
36101,83.73,53.28,83.59
36111,83.83,53.56,83.56
36121,83.93,53.44,83.52
36131,84.05,53.03,83.49
36141,84.16,53.23,83.45
36151,84.24,53.63,83.42
36161,84.32,53.58,83.38
36171,84.41,53.19,83.34
36181,84.50,53.26,83.30
36191,84.57,53.57,83.26
36201,84.62,53.88,83.23
36211,84.68,53.67,83.19
36221,84.76,53.25,83.15
36231,84.82,53.36,83.11
36241,84.87,53.74,83.07
36251,84.90,53.86,83.03
36261,84.94,53.67,83.00
36271,85.00,53.38,82.96
36281,85.04,53.57,82.92
36291,85.06,53.94,82.89
36301,85.07,53.99,82.85
36311,85.09,53.85,82.82
36321,85.13,53.51,82.79
36331,85.14,53.86,82.76
36341,85.14,54.14,82.73
36351,85.14,54.08,82.70
36361,85.15,53.86,82.67
36371,85.17,53.65,82.64
36381,85.18,53.79,82.62
36391,85.17,54.19,82.59
36401,85.15,54.23,82.57
36411,85.14,54.21,82.55
36421,85.14,53.81,82.53
36431,85.13,53.93,82.51
36441,85.12,54.17,82.50
36451,85.09,54.31,82.49
36461,85.08,54.10,82.47
36471,85.07,53.94,82.47
36481,85.07,53.84,82.46
36491,85.05,54.13,82.45
36501,85.02,54.30,82.45
36511,84.99,54.45,82.45
36521,84.97,54.03,82.45
36531,84.97,53.81,82.46
36541,84.97,53.80,82.46
36551,84.94,54.13,82.47
36561,84.92,54.32,82.48
36571,84.89,54.32,82.50
36581,84.88,53.89,82.51
36591,84.87,53.99,82.53
36601,84.87,53.64,82.55
36611,84.86,53.91,82.58
36621,84.85,54.10,82.60
36631,84.82,54.39,82.63
36641,84.81,53.84,82.67
36651,84.80,54.03,82.70
36661,84.77,54.33,82.74
36671,84.75,54.39,82.78
36681,84.74,54.02,82.82
36691,84.74,53.82,82.87
36701,84.74,53.99,82.92
36711,84.71,54.42,82.97
36721,84.69,54.48,83.03
36731,84.67,54.32,83.09
36741,84.68,53.90,83.15
36751,84.67,54.10,83.21
36761,84.66,54.32,83.28
36771,84.64,54.61,83.35
36781,84.62,54.49,83.42
36791,84.61,54.36,83.50
36801,84.62,54.22,83.57
36811,84.61,54.41,83.65
36821,84.60,54.60,83.74
36831,84.57,54.90,83.83
36841,84.56,54.72,83.92
36851,84.56,54.46,84.01
36861,84.57,54.38,84.10
36871,84.57,54.48,84.20
36881,84.56,54.90,84.30
36891,84.55,55.02,84.41
36901,84.54,54.96,84.51
36911,84.55,54.71,84.62
36921,84.56,54.65,84.73
36931,84.57,54.72,84.85
36941,84.57,55.09,84.97
36951,84.56,55.34,85.09
36961,84.56,55.29,85.21
36971,84.56,55.14,85.33
36981,84.58,54.99,85.46
36991,84.60,55.03,85.59
37001,84.61,55.18,85.72
37011,84.62,55.44,85.85
37021,84.62,55.77,85.99
37031,84.61,55.80,86.13
37041,84.62,55.80,86.27
37051,84.63,55.57,86.41
37061,84.66,55.44,86.56
37071,84.69,55.49,86.70
37081,84.72,55.58,86.85
37091,84.74,55.88,87.00
37101,84.75,56.12,87.15
37111,84.76,56.28,87.31
37121,84.76,56.48,87.46
37131,84.78,56.43,87.62
37141,84.79,56.46,87.78
37151,84.82,56.35,87.94
37161,84.85,56.22,88.10
37171,84.90,56.18,88.26
37181,84.94,56.25,88.42
37191,84.99,56.30,88.59
37201,85.04,56.36,88.75
37211,85.08,56.57,88.92
37221,85.13,56.53,89.09
37231,85.17,56.70,89.25
37241,85.22,56.86,89.42
37251,85.26,57.00,89.59
37261,85.30,57.13,89.76
37271,85.34,57.18,89.93
37281,85.38,57.25,90.11
37291,85.43,57.30,90.28
37301,85.48,57.38,90.45
37311,85.53,57.41,90.62
37321,85.58,57.51,90.79
37331,85.64,57.50,90.96
37341,85.70,57.60,91.14
37351,85.76,57.56,91.31
37361,85.83,57.56,91.48
37371,85.90,57.52,91.65
37381,85.98,57.59,91.82
37391,86.07,57.50,91.99
37401,86.15,57.59,92.16
37411,86.24,57.60,92.33
37421,86.33,57.67,92.50
37431,86.43,57.55,92.66
37441,86.54,57.55,92.83
37451,86.65,57.55,92.99
37461,86.76,57.56,93.16
37471,86.87,57.58,93.32
37481,86.99,57.50,93.48
37491,87.12,57.49,93.64
37501,87.25,57.39,93.79
37511,87.38,57.36,93.95
37521,87.53,57.33,94.10
37531,87.68,57.13,94.26
37541,87.83,57.14,94.41
37551,88.00,56.99,94.55
37561,88.16,57.01,94.70
37571,88.33,56.97,94.84
37581,88.50,56.91,94.98
37591,88.68,56.81,95.12
37601,88.86,56.76,95.26
37611,89.04,56.73,95.39
37621,89.23,56.69,95.53
37631,89.42,56.65,95.65
37641,89.61,56.54,95.78
37651,89.81,56.53,95.90
37661,90.00,56.51,96.02
37671,90.20,56.42,96.14
37681,90.40,56.43,96.25
37691,90.60,56.38,96.36
37701,90.80,56.27,96.47
37711,91.01,56.29,96.57
37721,91.21,56.18,96.67
37731,91.42,56.14,96.77
37741,91.63,56.06,96.86
37751,91.84,55.94,96.95
37761,92.07,55.70,97.03
37771,92.30,55.56,97.11
37781,92.54,55.26,97.19
37791,92.76,55.61,97.27
37801,92.98,55.48,97.33
37811,93.21,55.19,97.40
37821,93.45,55.02,97.46
37831,93.70,54.84,97.52
37841,93.94,54.72,97.57
37851,94.15,55.30,97.62
37861,94.37,55.21,97.66
37871,94.58,55.07,97.70
37881,94.81,54.83,97.73
37891,95.04,54.56,97.76
37901,95.28,54.25,97.78
37911,95.52,54.20,97.80
37921,95.75,54.37,97.82
37931,95.96,54.49,97.83
37941,96.16,54.65,97.83
37951,96.36,54.61,97.83
37961,96.57,54.36,97.83
37971,96.78,54.00,97.82
37981,97.01,53.71,97.80
37991,97.22,53.73,97.78
38001,97.42,54.03,97.76
38011,97.60,54.19,97.73
38021,97.78,54.04,97.69
38031,97.97,53.78,97.65
38041,98.17,53.45,97.60
38051,98.37,53.28,97.55
38061,98.55,53.57,97.49
38071,98.71,53.78,97.43
38081,98.87,53.67,97.36
38091,99.04,53.29,97.29
38101,99.22,52.95,97.21
38111,99.38,53.10,97.12
38121,99.53,53.22,97.03
38131,99.66,53.38,96.94
38141,99.81,52.89,96.84
38151,99.98,52.50,96.73
38161,100.12,52.63,96.62
38171,100.24,53.09,96.50
38181,100.35,52.92,96.38
38191,100.49,52.32,96.25
38201,100.62,52.19,96.12
38211,100.73,52.48,95.98
38221,100.82,52.76,95.83
38231,100.92,52.37,95.68
38241,101.03,51.99,95.52
38251,101.11,52.26,95.36
38261,101.18,52.48,95.19
38271,101.26,52.06,95.02
38281,101.35,51.64,94.84
38291,101.41,51.88,94.66
38301,101.46,52.07,94.47
38311,101.52,51.66,94.27
38321,101.59,51.34,94.07
38331,101.62,51.86,93.87
38341,101.64,51.82,93.66
38351,101.68,51.23,93.44
38361,101.71,51.23,93.22
38371,101.71,51.67,92.99
38381,101.73,51.19,92.76
38391,101.75,50.91,92.52
38401,101.74,51.29,92.28
38411,101.72,51.14,92.03
38421,101.72,50.79,91.78
38431,101.69,50.95,91.52
38441,101.65,51.08,91.26
38451,101.63,50.41,90.99
38461,101.60,50.58,90.72
38471,101.54,50.74,90.44
38481,101.51,50.13,90.16
38491,101.45,50.29,89.88
38501,101.38,50.42,89.59
38511,101.33,49.75,89.29
38521,101.26,50.12,88.99
38531,101.17,49.98,88.69
38541,101.11,49.52,88.38
38551,101.01,49.93,88.06
38561,100.92,49.42,87.75
38571,100.83,49.37,87.42
38581,100.71,49.65,87.10
38591,100.61,48.93,86.77
38601,100.48,49.42,86.44
38611,100.36,49.03,86.10
38621,100.25,48.78,85.76
38631,100.10,49.05,85.41
38641,99.97,48.58,85.06
38651,99.81,48.89,84.71
38661,99.67,48.42,84.35
38671,99.50,48.57,83.99
38681,99.34,48.47,83.63
38691,99.17,48.16,83.26
38701,98.98,48.48,82.89
38711,98.80,47.97,82.52
38721,98.60,48.36,82.15
38731,98.40,47.94,81.77
38741,98.18,48.18,81.39
38751,97.97,47.86,81.00
38761,97.74,47.97,80.61
38771,97.51,47.71,80.23
38781,97.27,47.90,79.83
38791,97.02,47.74,79.44
38801,96.76,47.83,79.04
38811,96.50,47.58,78.64
38821,96.22,47.75,78.24
38831,95.94,47.59,77.84
38841,95.65,47.72,77.43
38851,95.35,47.67,77.03
38861,95.02,47.98,76.62
38871,94.71,47.55,76.21
38881,94.36,48.11,75.80
38891,94.02,47.75,75.38
38901,93.65,48.15,74.97
38911,93.30,47.77,74.55
38921,92.92,48.14,74.14
38931,92.54,47.90,73.72
38941,92.14,48.26,73.30
38951,91.75,47.86,72.88
38961,91.33,48.31,72.46
38971,90.91,48.16,72.04
38981,90.47,48.65,71.61
38991,90.03,48.30,71.19
39001,89.57,48.77,70.77
39011,89.11,48.60,70.35
39021,88.63,48.88,69.92
39031,88.14,48.88,69.50
39041,87.65,48.96,69.08
39051,87.15,49.05,68.65
39061,86.65,49.02,68.23
39071,86.13,49.35,67.81
39081,85.61,49.12,67.38
39091,85.07,49.57,66.96
39101,84.55,49.24,66.54
39111,84.00,49.57,66.12
39121,83.46,49.49,65.70
39131,82.90,49.84,65.28
39141,82.34,49.71,64.86
39151,81.77,49.94,64.45
39161,81.21,49.76,64.03
39171,80.63,50.12,63.62
39181,80.04,50.13,63.20
39191,79.46,50.09,62.79
39201,78.87,50.33,62.38
39211,78.29,50.03,61.97
39221,77.68,50.62,61.57
39231,77.10,50.14,61.16
39241,76.49,50.60,60.76
39251,75.89,50.48,60.36
39261,75.28,50.63,59.96
39271,74.67,50.81,59.56
39281,74.06,50.74,59.16
39291,73.44,50.98,58.77
39301,72.83,50.69,58.38
39311,72.21,51.07,57.99
39321,71.59,51.09,57.61
39331,70.99,50.75,57.23
39341,70.37,51.15,56.84
39351,69.76,51.07,56.47
39361,69.15,51.01,56.09
39371,68.54,51.24,55.72
39381,67.94,50.91,55.35
39391,67.32,51.35,54.99
39401,66.72,51.05,54.62
39411,66.13,51.09,54.26
39421,65.52,51.28,53.91
39431,64.93,51.08,53.56
39441,64.34,51.19,53.21
39451,63.74,51.42,52.86
39461,63.16,51.02,52.52
39471,62.57,51.32,52.18
39481,61.99,51.21,51.84
39491,61.42,51.10,51.51
39501,60.84,51.33,51.18
39511,60.28,51.21,50.86
39521,59.72,51.04,50.54
39531,59.15,51.40,50.22
39541,58.61,50.94,49.91
39551,58.06,51.07,49.60
39561,57.52,51.17,49.29
39571,56.99,50.79,48.99
39581,56.47,50.97,48.69
39591,55.94,50.94,48.40
39601,55.43,50.76,48.11
39611,54.92,50.87,47.83
39621,54.42,50.85,47.55
39631,53.93,50.63,47.27
39641,53.43,50.80,47.00
39651,52.96,50.45,46.73
39661,52.49,50.39,46.47
39671,52.03,50.36,46.21
39681,51.58,50.19,45.96
39691,51.13,50.18,45.71
39701,50.69,50.18,45.46
39711,50.27,49.93,45.22
39721,49.84,50.12,44.99
39731,49.43,49.77,44.75
39741,49.02,49.78,44.53
39751,48.62,49.71,44.30
39761,48.24,49.49,44.08
39771,47.85,49.61,43.87
39781,47.49,49.19,43.66
39791,47.12,49.35,43.46
39801,46.77,49.10,43.26
39811,46.43,48.97,43.06
39821,46.09,48.92,42.87
39831,45.77,48.62,42.68
39841,45.45,48.70,42.50
39851,45.15,48.41,42.33
39861,44.85,48.50,42.15
39871,44.56,48.25,41.99
39881,44.28,48.16,41.82
39891,44.01,47.97,41.66
39901,43.74,47.93,41.51
39911,43.48,47.82,41.36
39921,43.23,47.67,41.21
39931,43.00,47.55,41.07
39941,42.76,47.44,40.94
39951,42.54,47.32,40.81
39961,42.32,47.29,40.68
39971,42.11,47.08,40.56
39981,41.91,46.92,40.44
39991,41.73,46.77,40.32
40001,41.54,46.67,40.21
40011,41.37,46.54,40.11
40021,41.20,46.40,40.01
40031,41.06,45.98,39.91
40041,40.91,46.07,39.82
40051,40.78,45.86,39.73
40061,40.64,45.91,39.65
40071,40.51,45.84,39.57
40081,40.40,45.45,39.49
40091,40.29,45.43,39.42
40101,40.18,45.31,39.35
40111,40.08,45.39,39.29
40121,39.99,45.01,39.23
40131,39.89,45.24,39.18
40141,39.82,44.77,39.13
40151,39.74,44.84,39.08
40161,39.66,45.05,39.04
40171,39.60,44.45,39.00
40181,39.54,44.70,38.96
40191,39.48,44.51,38.93
40201,39.43,44.44,38.90
40211,39.38,44.38,38.87
40221,39.32,44.52,38.85
40231,39.29,43.98,38.83
40241,39.25,44.21,38.82
40251,39.22,44.14,38.81
40261,39.19,43.99,38.80
40271,39.16,44.01,38.80
40281,39.14,43.88,38.80
40291,39.12,43.87,38.80
40301,39.12,43.48,38.80
40311,39.11,43.69,38.81
40321,39.10,43.81,38.83
40331,39.10,43.35,38.84
40341,39.09,43.71,38.86
40351,39.08,43.81,38.88
40361,39.08,43.58,38.90
40371,39.09,43.29,38.93
40381,39.10,43.47,38.96
40391,39.09,43.72,38.99
40401,39.10,43.39,39.02
40411,39.12,43.28,39.06
40421,39.13,43.40,39.10
40431,39.12,43.82,39.14
40441,39.12,43.59,39.19
40451,39.15,43.24,39.23
40461,39.15,43.54,39.28
40471,39.16,43.56,39.33
40481,39.17,43.73,39.38
40491,39.17,43.71,39.44
40501,39.19,43.47,39.50
40511,39.20,43.71,39.56
40521,39.20,43.88,39.62
40531,39.20,43.89,39.68
40541,39.20,43.90,39.75
40551,39.20,44.01,39.81
40561,39.20,44.13,39.88
40571,39.20,44.18,39.95
40581,39.20,44.10,40.02
40591,39.21,43.99,40.10
40601,39.21,44.20,40.17
40611,39.20,44.61,40.25
40621,39.19,44.58,40.33
40631,39.18,44.53,40.40
40641,39.18,44.46,40.48
40651,39.18,44.51,40.57
40661,39.16,44.97,40.65
40671,39.15,44.85,40.73
40681,39.15,44.81,40.82
40691,39.15,44.86,40.90
40701,39.13,45.10,40.99
40711,39.13,45.00,41.07
40721,39.13,44.99,41.16
40731,39.12,45.18,41.25
40741,39.12,45.29,41.34
40751,39.12,45.17,41.43
40761,39.12,45.20,41.52
40771,39.13,45.15,41.61
40781,39.12,45.58,41.71
40791,39.12,45.41,41.80
40801,39.13,45.35,41.89
40811,39.14,45.38,41.98
40821,39.14,45.69,42.08
40831,39.16,45.38,42.17
40841,39.17,45.69,42.27
40851,39.17,45.76,42.36
40861,39.18,45.85,42.45
40871,39.20,45.67,42.55
40881,39.20,45.96,42.64
40891,39.21,45.92,42.74
40901,39.23,45.86,42.83
40911,39.24,46.12,42.93
40921,39.25,46.13,43.02
40931,39.27,46.14,43.12
40941,39.30,45.98,43.21
40951,39.30,46.53,43.31
40961,39.32,46.24,43.40
40971,39.34,46.34,43.49
40981,39.36,46.54,43.59
40991,39.38,46.43,43.68
41001,39.41,46.32,43.77
41011,39.43,46.67,43.86
41021,39.46,46.37,43.96
41031,39.49,46.49,44.05
41041,39.52,46.78,44.14
41051,39.55,46.60,44.23
41061,39.58,46.73,44.32
41071,39.60,46.96,44.41
41081,39.64,46.69,44.50
41091,39.68,46.79,44.59
41101,39.72,46.86,44.68
41111,39.77,46.66,44.76
41121,39.81,46.92,44.85
41131,39.85,46.89,44.94
41141,39.91,46.71,45.02
41151,39.96,46.78,45.11
41161,40.02,46.65,45.19
41171,40.08,46.82,45.27
41181,40.14,46.81,45.36
41191,40.20,46.86,45.44
41201,40.26,46.90,45.52
41211,40.33,46.82,45.60
41221,40.39,46.97,45.68
41231,40.46,46.88,45.76
41241,40.53,46.91,45.84
41251,40.59,47.01,45.91
41261,40.67,46.75,45.99
41271,40.74,47.14,46.07
41281,40.82,46.77,46.14
41291,40.90,46.87,46.22
41301,40.98,46.96,46.29
41311,41.06,46.82,46.36
41321,41.14,46.94,46.43
41331,41.23,46.86,46.50
41341,41.31,46.92,46.58
41351,41.39,47.03,46.64
41361,41.49,46.75,46.71
41371,41.57,47.10,46.78
41381,41.66,46.88,46.85
41391,41.75,46.91,46.92
41401,41.83,47.07,46.98
41411,41.93,46.84,47.05
41421,42.02,46.96,47.11
41431,42.12,46.81,47.18
41441,42.21,46.94,47.24
41451,42.30,47.05,47.30
41461,42.40,46.85,47.36
41471,42.49,47.08,47.42
41481,42.59,46.82,47.48
41491,42.70,46.79,47.54
41501,42.79,47.14,47.60
41511,42.89,46.89,47.66
41521,42.98,47.01,47.72
41531,43.08,46.86,47.78
41541,43.19,46.81,47.84
41551,43.28,47.09,47.89
41561,43.38,46.94,47.95
41571,43.47,47.14,48.00
41581,43.57,47.02,48.06
41591,43.67,46.98,48.11
41601,43.75,47.18,48.17
41611,43.85,47.05,48.22
41621,43.95,47.05,48.28
41631,44.04,47.02,48.33
41641,44.14,47.12,48.38
41651,44.23,47.24,48.44
41661,44.32,47.04,48.49
41671,44.40,47.39,48.54
41681,44.50,46.99,48.59
41691,44.60,47.17,48.64
41701,44.68,47.32,48.70
41711,44.78,47.05,48.75
41721,44.86,47.41,48.80
41731,44.95,47.24,48.85
41741,45.03,47.33,48.90
41751,45.11,47.48,48.95
41761,45.20,47.27,49.01
41771,45.28,47.46,49.06
41781,45.37,47.27,49.11
41791,45.45,47.54,49.16
41801,45.52,47.53,49.21
41811,45.61,47.41,49.26
41821,45.67,47.77,49.32
41831,45.75,47.58,49.37
41841,45.81,47.90,49.42
41851,45.89,47.56,49.48
41861,45.96,47.79,49.53
41871,46.03,47.82,49.58
41881,46.10,47.65,49.64
41891,46.17,47.88,49.69
41901,46.24,47.74,49.75
41911,46.31,47.92,49.80
41921,46.38,47.84,49.86
41931,46.44,47.94,49.91
41941,46.50,48.07,49.97
41951,46.57,48.03,50.03
41961,46.62,48.20,50.09
41971,46.69,48.06,50.14
41981,46.74,48.24,50.20
41991,46.81,48.04,50.26
42001,46.86,48.48,50.33
42011,46.92,48.28,50.39
42021,46.97,48.35,50.45
42031,47.03,48.44,50.51
42041,47.07,48.57,50.58
42051,47.13,48.45,50.64
42061,47.19,48.47,50.71
42071,47.24,48.56,50.77
42081,47.29,48.57,50.84
42091,47.33,48.90,50.91
42101,47.38,48.80,50.98
42111,47.42,48.98,51.05
42121,47.47,48.79,51.12
42131,47.51,49.05,51.20
42141,47.56,48.85,51.27
42151,47.60,49.19,51.34
42161,47.64,49.06,51.42
42171,47.68,49.31,51.50
42181,47.73,49.06,51.58
42191,47.77,49.33,51.66
42201,47.83,49.06,51.74
42211,47.86,49.54,51.82
42221,47.90,49.35,51.90
42231,47.95,49.41,51.99
42241,48.00,49.32,52.07
42251,48.05,49.51,52.16
42261,48.10,49.43,52.25
42271,48.14,49.66,52.34
42281,48.19,49.57,52.43
42291,48.24,49.63,52.52
42301,48.29,49.74,52.62
42311,48.34,49.68,52.71
42321,48.39,49.83,52.81
42331,48.45,49.63,52.91
42341,48.50,49.91,53.00
42351,48.55,49.82,53.11
42361,48.61,49.90,53.21
42371,48.67,49.75,53.31
42381,48.73,50.07,53.42
42391,48.79,49.88,53.52
42401,48.86,49.84,53.63
42411,48.92,50.06,53.74
42421,48.99,50.09,53.85
42431,49.05,50.17,53.97
42441,49.12,50.01,54.08
42451,49.20,49.95,54.20
42461,49.27,50.26,54.32
42471,49.33,50.33,54.43
42481,49.41,50.10,54.55
42491,49.48,50.43,54.68
42501,49.57,50.06,54.80
42511,49.65,50.38,54.92
42521,49.73,50.34,55.05
42531,49.82,50.15,55.18
42541,49.90,50.48,55.31
42551,49.99,50.25,55.44
42561,50.08,50.54,55.57
42571,50.17,50.43,55.71
42581,50.26,50.49,55.84
42591,50.34,50.77,55.98
42601,50.44,50.39,56.12
42611,50.53,50.76,56.26
42621,50.63,50.55,56.40
42631,50.74,50.50,56.54
42641,50.83,50.87,56.69
42651,50.94,50.54,56.83
42661,51.03,51.02,56.98
42671,51.15,50.63,57.13
42681,51.25,50.84,57.28
42691,51.36,50.98,57.43
42701,51.47,50.76,57.58
42711,51.58,51.11,57.74
42721,51.69,50.93,57.89
42731,51.81,51.02,58.05
42741,51.91,51.18,58.21
42751,52.03,51.04,58.37
42761,52.16,51.07,58.53
42771,52.27,51.27,58.69
42781,52.40,51.02,58.85
42791,52.52,51.22,59.02
42801,52.64,51.42,59.18
42811,52.78,51.07,59.35
42821,52.90,51.50,59.52
42831,53.04,51.18,59.69
42841,53.17,51.39,59.86
42851,53.30,51.61,60.03
42861,53.44,51.32,60.20
42871,53.58,51.44,60.37
42881,53.72,51.44,60.55
42891,53.85,51.68,60.72
42901,54.00,51.43,60.90
42911,54.14,51.81,61.08
42921,54.28,51.60,61.26
42931,54.44,51.61,61.44
42941,54.57,52.00,61.62
42951,54.72,51.67,61.80
42961,54.88,51.68,61.98
42971,55.02,52.06,62.16
42981,55.18,51.69,62.34
42991,55.35,51.76,62.53
43001,55.49,52.16,62.71
43011,55.66,51.84,62.90
43021,55.82,51.89,63.08
43031,55.97,52.28,63.27
43041,56.14,51.91,63.46
43051,56.31,52.07,63.65
43061,56.47,52.27,63.83
43071,56.63,52.21,64.02
43081,56.81,51.98,64.21
43091,56.98,52.31,64.40
43101,57.15,52.34,64.59
43111,57.33,52.05,64.78
43121,57.50,52.51,64.97
43131,57.66,52.54,65.16
43141,57.84,52.40,65.35
43151,58.02,52.45,65.55
43161,58.18,52.69,65.74
43171,58.36,52.58,65.93
43181,58.55,52.32,66.12
43191,58.73,52.72,66.31
43201,58.90,52.93,66.50
43211,59.09,52.41,66.70
43221,59.28,52.58,66.89
43231,59.45,53.06,67.08
43241,59.63,53.01,67.27
43251,59.82,52.67,67.46
43261,60.01,52.91,67.66
43271,60.18,53.27,67.85
43281,60.36,53.15,68.04
43291,60.56,52.84,68.23
43301,60.75,53.01,68.42
43311,60.93,53.27,68.61
43321,61.11,53.21,68.80
43331,61.31,53.07,68.99
43341,61.50,53.33,69.18
43351,61.67,53.56,69.37
43361,61.87,53.25,69.56
43371,62.07,53.08,69.75
43381,62.26,53.46,69.94
43391,62.44,53.71,70.12
43401,62.64,53.44,70.31
43411,62.85,53.22,70.50
43421,63.05,53.42,70.68
43431,63.23,53.71,70.87
43441,63.43,53.62,71.05
43451,63.64,53.41,71.23
43461,63.84,53.44,71.42
43471,64.04,53.68,71.60
43481,64.24,53.69,71.78
43491,64.44,53.66,71.96
43501,64.65,53.62,72.14
43511,64.85,53.72,72.32
43521,65.05,53.88,72.49
43531,65.25,53.77,72.67
43541,65.47,53.60,72.84
43551,65.68,53.63,73.02
43561,65.88,53.86,73.19
43571,66.08,54.07,73.36
43581,66.29,53.73,73.54
43591,66.51,53.75,73.71
43601,66.73,53.64,73.87
43611,66.94,53.68,74.04
43621,67.16,53.79,74.21
43631,67.36,54.06,74.37
43641,67.59,53.60,74.54
43651,67.80,53.87,74.70
43661,68.01,54.00,74.86
43671,68.22,53.93,75.02
43681,68.45,53.58,75.18
43691,68.68,53.56,75.34
43701,68.90,53.79,75.50
43711,69.11,53.99,75.65
43721,69.32,53.97,75.81
43731,69.54,53.71,75.96
43741,69.77,53.57,76.11
43751,69.99,53.85,76.26
43761,70.20,54.03,76.41
43771,70.41,54.00,76.55
43781,70.63,53.77,76.70
43791,70.86,53.61,76.84
43801,71.08,53.81,76.98
43811,71.29,54.04,77.12
43821,71.49,54.22,77.26
43831,71.70,53.88,77.40
43841,71.92,53.74,77.53
43851,72.14,53.82,77.67
43861,72.34,54.09,77.80
43871,72.54,54.27,77.93
43881,72.74,54.00,78.06
43891,72.96,53.91,78.19
43901,73.17,53.86,78.31
43911,73.37,54.06,78.44
43921,73.57,54.16,78.56
43931,73.76,54.29,78.68
43941,73.96,53.97,78.80
43951,74.18,53.77,78.91
43961,74.38,53.86,79.03
43971,74.57,54.20,79.14
43981,74.76,54.31,79.26
43991,74.95,54.14,79.37
44001,75.15,53.91,79.47
44011,75.36,53.80,79.58
44021,75.55,54.09,79.69
44031,75.74,54.16,79.79
44041,75.91,54.40,79.89
44051,76.09,54.21,79.99
44061,76.30,53.72,80.09
44071,76.49,53.88,80.18
44081,76.68,53.91,80.28
44091,76.86,54.24,80.37
44101,77.02,54.42,80.46
44111,77.20,54.14,80.55
44121,77.38,54.04,80.63
44131,77.57,53.80,80.72
44141,77.74,54.05,80.80
44151,77.90,54.33,80.88
44161,78.07,54.24,80.96
44171,78.22,54.31,81.04
44181,78.40,53.86,81.12
44191,78.59,53.78,81.19
44201,78.75,54.05,81.26
44211,78.90,54.32,81.33
44221,79.05,54.42,81.40
44231,79.20,54.26,81.47
44241,79.36,53.98,81.53
44251,79.52,53.86,81.60
44261,79.68,53.97,81.66
44271,79.82,54.30,81.72
44281,79.95,54.45,81.78
44291,80.10,54.21,81.83
44301,80.24,54.05,81.89
44311,80.40,53.77,81.94
44321,80.55,54.00,81.99
44331,80.67,54.37,82.04
44341,80.80,54.36,82.08
44351,80.92,54.34,82.13
44361,81.06,53.94,82.17
44371,81.20,53.90,82.21
44381,81.33,54.10,82.25
44391,81.44,54.35,82.29
44401,81.54,54.58,82.32
44411,81.65,54.21,82.36
44421,81.77,54.13,82.39
44431,81.90,53.94,82.42
44441,82.00,54.27,82.45
44451,82.09,54.62,82.48
44461,82.18,54.58,82.50
44471,82.27,54.57,82.52
44481,82.37,54.16,82.55
44491,82.48,54.02,82.57
44501,82.57,54.39,82.58
44511,82.65,54.52,82.60
44521,82.72,54.62,82.61
44531,82.79,54.66,82.63
44541,82.87,54.36,82.64
44551,82.96,54.13,82.65
44561,83.05,54.26,82.65
44571,83.12,54.41,82.66
44581,83.18,54.70,82.66
44591,83.23,54.75,82.67
44601,83.29,54.52,82.67
44611,83.37,54.26,82.66
44621,83.44,54.08,82.66
44631,83.51,54.24,82.66
44641,83.57,54.52,82.65
44651,83.61,54.61,82.64
44661,83.66,54.51,82.63
44671,83.72,54.37,82.62
44681,83.77,54.26,82.61
44691,83.83,54.15,82.59
44701,83.88,54.49,82.57
44711,83.90,54.85,82.55
44721,83.92,54.76,82.53
44731,83.96,54.52,82.51
44741,84.00,54.33,82.49
44751,84.03,54.40,82.46
44761,84.07,54.22,82.43
44771,84.11,54.20,82.40
44781,84.14,54.46,82.37
44791,84.15,54.74,82.34
44801,84.18,54.23,82.30
44811,84.20,54.34,82.27
44821,84.23,54.35,82.23
44831,84.23,54.63,82.19
44841,84.22,54.88,82.15
44851,84.22,54.74,82.11
44861,84.23,54.39,82.06
44871,84.25,54.21,82.01
44881,84.27,54.12,81.96
44891,84.27,54.40,81.91
44901,84.26,54.65,81.86
44911,84.25,54.65,81.81
44921,84.24,54.49,81.75
44931,84.24,54.35,81.69
44941,84.24,54.13,81.64
44951,84.25,54.03,81.57
44961,84.24,54.23,81.51
44971,84.23,54.46,81.45
44981,84.20,54.51,81.38
44991,84.19,54.30,81.31
45001,84.19,53.92,81.24
45011,84.19,53.82,81.17
45021,84.19,53.80,81.10
45031,84.18,53.91,81.02
45041,84.16,54.14,80.94
45051,84.14,54.15,80.86
45061,84.13,53.68,80.78
45071,84.13,53.46,80.70
45081,84.14,53.34,80.61
45091,84.14,53.36,80.53
45101,84.12,53.64,80.44
45111,84.10,53.56,80.35
45121,84.10,53.28,80.25
45131,84.11,52.87,80.16
45141,84.10,53.00,80.06
45151,84.09,53.16,79.96
45161,84.06,53.36,79.86
45171,84.05,53.08,79.76
45181,84.05,52.60,79.66
45191,84.05,52.57,79.55
45201,84.03,52.88,79.44
45211,84.01,52.91,79.33
45221,84.00,52.48,79.22
45231,83.99,52.31,79.10
45241,83.98,52.48,78.99
45251,83.94,52.69,78.87
45261,83.92,52.35,78.75
45271,83.91,52.07,78.63
45281,83.89,52.18,78.50
45291,83.86,52.40,78.37
45301,83.83,52.03,78.25
45311,83.81,51.87,78.12
45321,83.78,52.08,77.98
45331,83.73,52.26,77.85
45341,83.69,51.96,77.71
45351,83.66,51.66,77.57
45361,83.61,52.00,77.43
45371,83.55,52.05,77.29
45381,83.51,51.63,77.14
45391,83.47,51.61,76.99
45401,83.40,51.93,76.84
45411,83.35,51.62,76.69
45421,83.30,51.33,76.53
45431,83.23,51.71,76.38
45441,83.16,51.68,76.22
45451,83.09,51.33,76.06
45461,83.02,51.57,75.89
45471,82.93,51.61,75.73
45481,82.86,51.28,75.56
45491,82.78,51.21,75.39
45501,82.68,51.66,75.22
45511,82.60,51.10,75.04
45521,82.52,51.10,74.87
45531,82.41,51.37,74.69
45541,82.31,51.19,74.51
45551,82.22,50.99,74.32
45561,82.10,51.35,74.14
45571,81.99,51.09,73.95
45581,81.89,50.82,73.76
45591,81.77,51.24,73.56
45601,81.65,50.99,73.37
45611,81.53,50.80,73.17
45621,81.40,51.13,72.97
45631,81.27,50.86,72.77
45641,81.14,50.81,72.56
45651,81.00,51.01,72.36
45661,80.87,50.70,72.15
45671,80.72,50.75,71.94
45681,80.57,51.01,71.72
45691,80.42,50.70,71.51
45701,80.27,50.65,71.29
45711,80.11,50.77,71.07
45721,79.95,50.48,70.85
45731,79.79,50.61,70.62
45741,79.61,50.84,70.39
45751,79.46,50.27,70.16
45761,79.28,50.61,69.93
45771,79.10,50.60,69.70
45781,78.93,50.23,69.46
45791,78.73,50.69,69.22
45801,78.55,50.35,68.98
45811,78.36,50.26,68.73
45821,78.15,50.74,68.49
45831,77.97,50.14,68.24
45841,77.75,50.53,67.99
45851,77.54,50.58,67.74
45861,77.34,50.09,67.48
45871,77.11,50.61,67.23
45881,76.90,50.24,66.97
45891,76.68,50.15,66.71
45901,76.44,50.65,66.44
45911,76.22,50.14,66.18
45921,75.99,50.02,65.91
45931,75.75,50.40,65.64
45941,75.52,50.00,65.37
45951,75.28,50.19,65.09
45961,75.04,50.11,64.82
45971,74.78,50.28,64.54
45981,74.54,49.99,64.26
45991,74.27,50.28,63.98
46001,74.02,50.01,63.69
46011,73.76,49.95,63.41
46021,73.49,50.18,63.12
46031,73.23,49.83,62.83
46041,72.95,50.25,62.54
46051,72.68,49.86,62.25
46061,72.41,49.79,61.95
46071,72.12,50.17,61.65
46081,71.85,49.64,61.35
46091,71.56,50.00,61.05
46101,71.28,49.64,60.75
46111,70.99,49.85,60.45
46121,70.70,49.81,60.14
46131,70.42,49.41,59.84
46141,70.12,49.78,59.53
46151,69.83,49.54,59.22
46161,69.53,49.61,58.91
46171,69.23,49.50,58.60
46181,68.94,49.44,58.28
46191,68.63,49.53,57.97
46201,68.33,49.34,57.65
46211,68.01,49.48,57.33
46221,67.72,49.08,57.01
46231,67.40,49.52,56.69
46241,67.09,49.18,56.37
46251,66.78,48.98,56.05
46261,66.47,49.14,55.72
46271,66.15,49.10,55.40
46281,65.83,49.11,55.08
46291,65.52,48.80,54.75
46301,65.19,49.22,54.42
46311,64.88,48.72,54.09
46321,64.55,48.92,53.77
46331,64.23,48.79,53.44
46341,63.89,48.90,53.11
46351,63.57,48.72,52.78
46361,63.24,48.64,52.44
46371,62.91,48.70,52.11
46381,62.57,48.69,51.78
46391,62.23,48.69,51.45
46401,61.90,48.43,51.12
46411,61.56,48.56,50.78
46421,61.23,48.22,50.45
46431,60.88,48.68,50.12
46441,60.54,48.32,49.79
46451,60.19,48.48,49.45
46461,59.86,48.10,49.12
46471,59.51,48.31,48.79
46481,59.17,48.10,48.46
46491,58.81,48.39,48.12
46501,58.47,48.01,47.79
46511,58.12,48.13,47.46
46521,57.78,47.76,47.13
46531,57.43,47.98,46.80
46541,57.09,47.68,46.47
46551,56.74,47.96,46.14
46561,56.40,47.60,45.81
46571,56.04,47.92,45.48
46581,55.70,47.56,45.16
46591,55.34,47.72,44.83
46601,55.00,47.46,44.51
46611,54.65,47.53,44.18
46621,54.30,47.43,43.86
46631,53.95,47.34,43.54
46641,53.61,47.18,43.22
46651,53.27,47.16,42.90
46661,52.92,47.09,42.58
46671,52.59,46.88,42.27
46681,52.25,46.88,41.95
46691,51.92,46.74,41.64
46701,51.58,46.90,41.33
46711,51.25,46.56,41.02
46721,50.90,46.82,40.72
46731,50.57,46.56,40.41
46741,50.23,46.53,40.11
46751,49.90,46.50,39.81
46761,49.57,46.29,39.51
46771,49.23,46.49,39.21
46781,48.90,46.20,38.92
46791,48.57,46.19,38.63
46801,48.24,46.06,38.34
46811,47.92,45.96,38.05
46821,47.59,46.08,37.77
46831,47.27,45.88,37.49
46841,46.95,45.84,37.21
46851,46.62,45.79,36.93
46861,46.32,45.46,36.66
46871,46.00,45.64,36.39
46881,45.68,45.53,36.12
46891,45.37,45.53,35.86
46901,45.05,45.43,35.60
46911,44.75,45.26,35.34
46921,44.44,45.33,35.09
46931,44.13,45.21,34.84
46941,43.83,45.03,34.59
46951,43.53,45.05,34.35
46961,43.23,45.05,34.11
46971,42.94,44.72,33.87
46981,42.64,44.86,33.64
46991,42.35,44.72,33.41
47001,42.07,44.54,33.19
47011,41.78,44.65,32.97
47021,41.50,44.51,32.75
47031,41.22,44.36,32.54
47041,40.94,44.46,32.33
47051,40.66,44.32,32.13
47061,40.40,44.10,31.93
47071,40.12,44.26,31.73
47081,39.87,43.90,31.54
47091,39.61,43.87,31.36
47101,39.35,43.97,31.17
47111,39.09,43.89,31.00
47121,38.84,43.80,30.82
47131,38.57,43.99,30.66
47141,38.32,43.86,30.49
47151,38.07,43.63,30.33
47161,37.83,43.51,30.18
47171,37.58,43.70,30.03
47181,37.34,43.57,29.89
47191,37.11,43.44,29.75
47201,36.87,43.54,29.62
47211,36.64,43.37,29.49
47221,36.41,43.33,29.36
47231,36.19,43.18,29.25
47241,35.97,43.18,29.13
47251,35.74,43.46,29.02
47261,35.52,43.13,28.92
47271,35.32,43.06,28.82
47281,35.12,42.84,28.73
47291,34.91,43.05,28.65
47301,34.70,43.25,28.57
47311,34.49,43.05,28.49
47321,34.31,42.72,28.42
47331,34.13,42.67,28.36
47341,33.95,42.69,28.30
47351,33.76,42.78,28.24
47361,33.59,42.60,28.20
47371,33.42,42.55,28.16
47381,33.25,42.63,28.12
47391,33.09,42.64,28.09
47401,32.91,42.92,28.06
47411,32.75,42.59,28.05
47421,32.60,42.38,28.03
47431,32.45,42.39,28.02
47441,32.30,42.52,28.02
47451,32.15,42.61,28.03
47461,32.01,42.63,28.04
47471,31.88,42.29,28.05
47481,31.75,42.37,28.08
47491,31.62,42.50,28.10
47501,31.48,42.64,28.14
47511,31.35,42.62,28.18
47521,31.23,42.56,28.22
47531,31.12,42.39,28.27
47541,31.01,42.28,28.33
47551,30.91,42.35,28.39
47561,30.80,42.53,28.46
47571,30.70,42.66,28.53
47581,30.60,42.49,28.61
47591,30.51,42.38,28.70
47601,30.43,42.40,28.79
47611,30.36,42.24,28.89
47621,30.28,42.53,28.99
47631,30.20,42.72,29.10
47641,30.13,42.44,29.21
47651,30.07,42.41,29.33
47661,30.03,42.25,29.46
47671,29.99,42.21,29.59
47681,29.95,42.37,29.73
47691,29.90,42.53,29.87
47701,29.85,42.77,30.02
47711,29.81,42.72,30.17
47721,29.77,42.64,30.33
47731,29.75,42.54,30.50
47741,29.73,42.56,30.67
47751,29.73,42.38,30.84
47761,29.72,42.64,31.02
47771,29.71,42.81,31.21
47781,29.70,42.90,31.40
47791,29.70,42.84,31.59
47801,29.70,42.78,31.80
47811,29.72,42.73,32.00
47821,29.73,43.03,32.21
47831,29.74,43.20,32.43
47841,29.73,43.55,32.65
47851,29.75,43.20,32.88
47861,29.78,43.24,33.11
47871,29.82,43.19,33.34
47881,29.87,43.00,33.58
47891,29.89,43.71,33.83
47901,29.92,43.80,34.08
47911,29.95,43.95,34.33
47921,29.98,43.95,34.59
47931,30.03,43.77,34.85
47941,30.08,43.96,35.12
47951,30.13,44.20,35.39
47961,30.18,44.36,35.66
47971,30.23,44.51,35.94
47981,30.28,44.48,36.22
47991,30.35,44.44,36.51
48001,30.42,44.74,36.80
48011,30.47,45.00,37.09
48021,30.53,45.18,37.39
48031,30.60,45.06,37.69
48041,30.68,45.21,37.99
48051,30.76,45.37,38.30
48061,30.83,45.53,38.61
48071,30.91,45.73,38.93
48081,31.00,45.64,39.24
48091,31.09,45.89,39.56
48101,31.17,46.18,39.89
48111,31.26,46.21,40.21
48121,31.36,46.20,40.54
48131,31.46,46.54,40.87
48141,31.56,46.43,41.20
48151,31.68,46.43,41.54
48161,31.81,46.54,41.88
48171,31.92,46.95,42.22
48181,32.05,46.76,42.56
48191,32.19,46.83,42.90
48201,32.32,47.16,43.25
48211,32.46,47.16,43.60
48221,32.61,47.17,43.95
48231,32.75,47.49,44.30
48241,32.92,47.21,44.65
48251,33.07,47.73,45.00
48261,33.23,47.60,45.36
48271,33.41,47.66,45.71
48281,33.57,47.98,46.07
48291,33.77,47.60,46.43
48301,33.95,47.91,46.78
48311,34.15,47.99,47.14
48321,34.34,48.17,47.50
48331,34.54,48.14,47.86
48341,34.76,48.02,48.22
48351,34.97,48.33,48.58
48361,35.20,48.11,48.94
48371,35.43,48.34,49.30
48381,35.67,48.32,49.66
48391,35.91,48.44,50.02
48401,36.14,48.66,50.38
48411,36.39,48.48,50.74
48421,36.65,48.63,51.10
48431,36.91,48.67,51.46
48441,37.16,48.89,51.82
48451,37.44,48.59,52.17
48461,37.71,48.90,52.53
48471,37.99,48.84,52.88
48481,38.27,49.04,53.23
48491,38.55,49.07,53.58
48501,38.84,49.08,53.93
48511,39.13,49.18,54.28
48521,39.43,49.19,54.63
48531,39.72,49.27,54.97
48541,40.03,49.24,55.31
48551,40.34,49.27,55.65
48561,40.66,49.23,55.99
48571,40.98,49.40,56.33
48581,41.30,49.34,56.66
48591,41.62,49.49,56.99
48601,41.95,49.54,57.32
48611,42.28,49.45,57.65
48621,42.62,49.49,57.97
48631,42.96,49.39,58.29
48641,43.30,49.59,58.61
48651,43.66,49.39,58.92
48661,44.00,49.66,59.23
48671,44.36,49.41,59.54
48681,44.71,49.79,59.84
48691,45.07,49.62,60.14
48701,45.42,49.71,60.44
48711,45.79,49.67,60.73
48721,46.15,49.74,61.02
48731,46.51,49.70,61.31
48741,46.88,49.76,61.59
48751,47.23,49.98,61.87
48761,47.61,49.54,62.14
48771,47.98,49.90,62.41
48781,48.35,49.69,62.67
48791,48.72,49.95,62.93
48801,49.09,49.82,63.19
48811,49.47,49.70,63.44
48821,49.85,49.85,63.69
48831,50.23,49.70,63.93
48841,50.60,49.94,64.17
48851,50.98,49.76,64.40
48861,51.35,49.93,64.62
48871,51.73,49.74,64.85
48881,52.10,49.86,65.06
48891,52.47,49.92,65.27
48901,52.85,49.81,65.48
48911,53.21,50.13,65.68
48921,53.58,49.87,65.88
48931,53.94,50.08,66.07
48941,54.31,49.87,66.25
48951,54.67,49.95,66.43
48961,55.03,50.02,66.60
48971,55.40,49.72,66.77
48981,55.75,50.20,66.93
48991,56.10,49.90,67.09
49001,56.45,50.12,67.24
49011,56.80,50.09,67.38
49021,57.15,49.92,67.52
49031,57.48,50.28,67.65
49041,57.82,49.97,67.78
49051,58.15,50.20,67.90
49061,58.47,50.24,68.01
49071,58.80,50.03,68.12
49081,59.12,50.27,68.22
49091,59.45,49.94,68.32
49101,59.76,50.23,68.41
49111,60.07,50.10,68.49
49121,60.38,50.10,68.57
49131,60.67,50.38,68.64
49141,60.98,50.02,68.70
49151,61.27,50.25,68.76
49161,61.56,50.06,68.81
49171,61.85,50.02,68.86
49181,62.13,50.22,68.90
49191,62.41,49.99,68.93
49201,62.68,50.16,68.96
49211,62.96,49.97,68.98
49221,63.22,50.07,68.99
49231,63.47,50.28,69.00
49241,63.73,49.96,69.00
49251,63.97,50.20,68.99
49261,64.21,50.05,68.98
49271,64.45,50.02,68.96
49281,64.68,50.14,68.94
49291,64.90,50.08,68.91
49301,65.11,50.28,68.87
49311,65.32,50.16,68.83
49321,65.51,50.39,68.78
49331,65.70,50.26,68.72
49341,65.88,50.34,68.66
49351,66.05,50.44,68.59
49361,66.23,50.18,68.51
49371,66.38,50.61,68.43
49381,66.54,50.25,68.35
49391,66.68,50.47,68.25
49401,66.81,50.50,68.16
49411,66.96,50.18,68.05
49421,67.10,50.17,67.94
49431,67.21,50.46,67.82
49441,67.34,50.15,67.70
49451,67.44,50.51,67.57
49461,67.54,50.43,67.44
49471,67.64,50.22,67.30
49481,67.74,50.16,67.15
49491,67.82,50.27,67.00
49501,67.91,50.07,66.85
49511,67.98,50.23,66.68
49521,68.04,50.31,66.52
49531,68.11,50.02,66.35
49541,68.16,50.39,66.17
49551,68.21,50.11,65.99
49561,68.24,50.16,65.80
49571,68.28,50.13,65.60
49581,68.32,49.91,65.41
49591,68.33,50.23,65.20
49601,68.36,49.82,65.00
49611,68.36,50.01,64.78
49621,68.37,49.99,64.57
49631,68.37,49.83,64.35
49641,68.36,50.03,64.12
49651,68.35,49.72,63.89
49661,68.32,49.91,63.65
49671,68.31,49.64,63.42
49681,68.28,49.60,63.17
49691,68.24,49.78,62.93
49701,68.20,49.54,62.67
49711,68.15,49.60,62.42
49721,68.11,49.41,62.16
49731,68.04,49.60,61.90
49741,67.99,49.23,61.63
49751,67.92,49.39,61.36
49761,67.85,49.30,61.09
49771,67.78,49.03,60.82
49781,67.69,49.29,60.54
49791,67.62,48.75,60.26
49801,67.53,49.07,59.97
49811,67.44,48.79,59.68
49821,67.34,48.90,59.39
49831,67.23,48.70,59.10
49841,67.13,48.63,58.81
49851,67.01,48.79,58.51
49861,66.90,48.43,58.21
49871,66.78,48.48,57.91
49881,66.66,48.24,57.60
49891,66.51,48.59,57.30
49901,66.39,48.10,56.99
49911,66.23,48.45,56.68
49921,66.10,47.95,56.37
49931,65.94,48.25,56.05
49941,65.78,48.04,55.74
49951,65.62,48.02,55.43
49961,65.47,47.59,55.11
49971,65.29,47.95,54.79
49981,65.13,47.67,54.47
49991,64.94,47.87,54.16
50001,64.76,47.57,53.84
50011,64.57,47.74,53.52
50021,64.38,47.31,53.20
50031,64.19,47.50,52.87
50041,64.00,47.21,52.55
50051,63.79,47.42,52.23
50061,63.58,47.19,51.91
50071,63.36,47.41,51.59
50081,63.15,47.10,51.27
50091,62.92,47.26,50.95
50101,62.70,47.04,50.63
50111,62.46,47.20,50.31
50121,62.22,47.09,49.99
50131,61.98,46.95,49.68
50141,61.72,47.21,49.36
50151,61.48,46.77,49.05
50161,61.22,47.13,48.73
50171,60.97,46.73,48.42
50181,60.69,47.07,48.11
50191,60.43,46.81,47.80
50201,60.15,46.94,47.49
50211,59.86,46.99,47.18
50221,59.58,46.84,46.88
50231,59.28,47.11,46.58
50241,58.99,46.95,46.28
50251,58.69,46.86,45.98
50261,58.38,46.99,45.69
50271,58.09,46.76,45.39
50281,57.77,47.02,45.10
50291,57.46,46.91,44.81
50301,57.14,46.96,44.53
50311,56.81,47.04,44.25
50321,56.49,46.88,43.97
50331,56.16,47.11,43.69
50341,55.82,47.06,43.42
50351,55.49,47.06,43.15
50361,55.15,47.05,42.88
50371,54.81,46.99,42.62
50381,54.46,47.17,42.36
50391,54.12,46.99,42.11
50401,53.78,47.06,41.85
50411,53.42,47.37,41.61
50421,53.06,47.14,41.36
50431,52.71,47.24,41.12
50441,52.35,47.18,40.89
50451,52.00,47.27,40.65
50461,51.63,47.51,40.43
50471,51.27,47.27,40.20
50481,50.91,47.41,39.98
50491,50.55,47.31,39.77
50501,50.19,47.23,39.56
50511,49.83,47.51,39.35
50521,49.47,47.32,39.15
50531,49.10,47.60,38.96
50541,48.74,47.51,38.76
50551,48.38,47.40,38.58
50561,48.02,47.54,38.40
50571,47.67,47.38,38.22
50581,47.33,47.36,38.05
50591,46.97,47.53,37.88
50601,46.63,47.38,37.72
50611,46.28,47.54,37.56
50621,45.94,47.42,37.41
50631,45.59,47.66,37.27
50641,45.26,47.31,37.13
50651,44.92,47.58,36.99
50661,44.59,47.37,36.86
50671,44.27,47.43,36.74
50681,43.95,47.39,36.62
50691,43.62,47.66,36.51
50701,43.30,47.50,36.40
50711,42.99,47.49,36.30
50721,42.67,47.60,36.21
50731,42.37,47.33,36.12
50741,42.07,47.58,36.03
50751,41.79,47.20,35.95
50761,41.49,47.54,35.88
50771,41.21,47.32,35.81
50781,40.93,47.38,35.75
50791,40.66,47.33,35.70
50801,40.40,47.12,35.65
50811,40.15,47.24,35.60
50821,39.90,47.03,35.56
50831,39.66,47.15,35.53
50841,39.43,46.96,35.51
50851,39.20,46.98,35.49
50861,38.98,47.04,35.47
50871,38.77,46.79,35.46
50881,38.55,47.13,35.46
50891,38.36,46.62,35.46
50901,38.17,46.72,35.47
50911,37.99,46.69,35.48
50921,37.82,46.56,35.50
50931,37.64,46.77,35.53
50941,37.49,46.35,35.56
50951,37.33,46.58,35.60
50961,37.19,46.41,35.64
50971,37.05,46.37,35.69
50981,36.92,46.35,35.75
50991,36.81,46.08,35.81
51001,36.69,46.32,35.87
51011,36.58,46.21,35.94
51021,36.47,46.18,36.02
51031,36.37,46.35,36.10
51041,36.28,45.99,36.19
51051,36.20,46.12,36.28
51061,36.12,46.00,36.38
51071,36.06,45.84,36.49
51081,35.99,46.11,36.59
51091,35.94,45.82,36.71
51101,35.90,45.91,36.83
51111,35.85,45.95,36.95
51121,35.83,45.62,37.08
51131,35.79,45.89,37.22
51141,35.78,45.61,37.36
51151,35.77,45.55,37.50
51161,35.76,45.90,37.65
51171,35.76,45.62,37.80
51181,35.77,45.52,37.96
51191,35.77,45.82,38.13
51201,35.79,45.55,38.29
51211,35.82,45.49,38.47
51221,35.84,45.65,38.64
51231,35.88,45.45,38.82
51241,35.92,45.69,39.01
51251,35.95,45.91,39.20
51261,36.00,45.64,39.39
51271,36.04,45.82,39.59
51281,36.08,45.91,39.79
51291,36.14,45.81,40.00
51301,36.20,45.84,40.21
51311,36.25,46.15,40.42
51321,36.32,45.83,40.64
51331,36.39,46.07,40.86
51341,36.45,46.22,41.08
51351,36.53,46.13,41.31
51361,36.60,46.30,41.54
51371,36.68,46.43,41.77
51381,36.76,46.28,42.01
51391,36.85,46.43,42.25
51401,36.93,46.54,42.49
51411,37.03,46.43,42.73
51421,37.12,46.72,42.98
51431,37.21,46.87,43.23
51441,37.31,46.71,43.48
51451,37.40,47.11,43.74
51461,37.50,47.17,44.00
51471,37.61,46.95,44.26
51481,37.70,47.39,44.52
51491,37.81,47.29,44.78
51501,37.92,47.39,45.05
51511,38.02,47.73,45.32
51521,38.14,47.51,45.59
51531,38.26,47.69,45.86
51541,38.37,47.82,46.13
51551,38.50,47.79,46.40
51561,38.62,48.07,46.68
51571,38.75,47.93,46.96
51581,38.87,48.23,47.23
51591,39.00,48.27,47.51
51601,39.14,48.16,47.79
51611,39.27,48.52,48.07
51621,39.43,48.25,48.35
51631,39.55,48.83,48.63
51641,39.71,48.53,48.91
51651,39.86,48.67,49.20
51661,40.01,48.87,49.48
51671,40.16,48.90,49.76
51681,40.32,48.97,50.04
51691,40.48,48.90,50.33
51701,40.65,49.07,50.61
51711,40.83,48.96,50.89
51721,41.00,49.13,51.17
51731,41.18,49.08,51.45
51741,41.36,49.28,51.73
51751,41.56,49.17,52.01
51761,41.74,49.47,52.29
51771,41.94,49.29,52.57
51781,42.13,49.46,52.85
51791,42.34,49.37,53.13
51801,42.54,49.51,53.40
51811,42.75,49.63,53.68
51821,42.96,49.51,53.95
51831,43.17,49.75,54.22
51841,43.38,49.73,54.49
51851,43.60,49.81,54.76
51861,43.82,49.73,55.02
51871,44.06,49.68,55.29
51881,44.29,49.80,55.55
51891,44.52,49.77,55.81
51901,44.76,49.93,56.07
51911,45.00,49.78,56.32
51921,45.24,49.98,56.58
51931,45.49,49.82,56.83
51941,45.74,49.97,57.08
51951,46.00,49.83,57.32
51961,46.25,49.96,57.57
51971,46.51,50.00,57.81
51981,46.77,49.86,58.05
51991,47.04,49.91,58.28
52001,47.31,49.91,58.52
52011,47.57,50.14,58.75
52021,47.84,49.91,58.97
52031,48.10,50.17,59.20
52041,48.38,49.94,59.42
52051,48.66,50.01,59.63
52061,48.93,50.09,59.85
52071,49.21,50.00,60.06
52081,49.48,50.22,60.26
52091,49.76,50.02,60.47
52101,50.03,50.25,60.67
52111,50.31,50.09,60.86
52121,50.59,50.11,61.05
52131,50.87,50.20,61.24
52141,51.15,50.09,61.43
52151,51.43,50.32,61.61
52161,51.71,50.11,61.78
52171,51.98,50.27,61.96
52181,52.26,50.21,62.12
52191,52.55,50.08,62.29
52201,52.82,50.29,62.45
52211,53.11,50.05,62.60
52221,53.38,50.27,62.76
52231,53.66,50.10,62.90
52241,53.94,50.21,63.05
52251,54.21,50.31,63.19
52261,54.49,49.99,63.32
52271,54.76,50.34,63.45
52281,55.03,50.20,63.58
52291,55.30,50.30,63.70
52301,55.56,50.20,63.81
52311,55.83,50.15,63.93
52321,56.09,50.43,64.03
52331,56.36,49.99,64.14
52341,56.62,50.28,64.23
52351,56.87,50.22,64.33
52361,57.14,49.98,64.42
52371,57.39,50.32,64.50
52381,57.65,49.96,64.58
52391,57.89,50.36,64.66
52401,58.14,50.12,64.73
52411,58.39,50.05,64.79
52421,58.62,50.32,64.86
52431,58.87,49.98,64.91
52441,59.10,50.28,64.96
52451,59.33,50.04,65.01
52461,59.56,50.17,65.05
52471,59.78,50.28,65.09
52481,60.01,49.89,65.12
52491,60.23,50.21,65.15
52501,60.44,50.08,65.18
52511,60.65,50.14,65.20
52521,60.86,50.08,65.21
52531,61.06,50.07,65.22
52541,61.26,50.21,65.23
52551,61.46,49.96,65.23
52561,61.65,50.10,65.22
52571,61.83,50.12,65.22
52581,62.01,50.19,65.20
52591,62.19,50.11,65.19
52601,62.36,50.06,65.16
52611,62.51,50.39,65.14
52621,62.68,50.04,65.11
52631,62.83,50.19,65.07
52641,62.98,50.20,65.04
52651,63.13,50.13,64.99
52661,63.26,50.27,64.94
52671,63.41,49.98,64.89
52681,63.53,50.37,64.84
52691,63.66,50.12,64.78
52701,63.77,50.26,64.71
52711,63.88,50.25,64.64
52721,64.01,49.97,64.57
52731,64.10,50.33,64.50
52741,64.21,50.00,64.42
52751,64.31,50.13,64.33
52761,64.40,50.16,64.25
52771,64.49,50.06,64.15
52781,64.56,50.28,64.06
52791,64.64,50.05,63.96
52801,64.70,50.50,63.86
52811,64.76,50.15,63.75
52821,64.81,50.34,63.64
52831,64.85,50.39,63.53
52841,64.89,50.35,63.42
52851,64.92,50.54,63.30
52861,64.96,50.25,63.18
52871,64.97,50.56,63.05
52881,64.99,50.39,62.92
52891,65.00,50.45,62.79
52901,65.00,50.54,62.66
52911,65.01,50.41,62.52
52921,64.99,50.62,62.38
52931,64.99,50.36,62.24
52941,64.97,50.58,62.09
52951,64.95,50.52,61.94
52961,64.93,50.31,61.79
52971,64.91,50.47,61.64
52981,64.89,50.17,61.49
52991,64.85,50.37,61.33
53001,64.82,50.30,61.17
53011,64.79,50.17,61.01
53021,64.74,50.28,60.84
53031,64.71,50.03,60.68
53041,64.68,49.84,60.51
53051,64.63,50.11,60.34
53061,64.59,49.77,60.17
53071,64.54,49.89,60.00
53081,64.49,49.80,59.82
53091,64.44,49.81,59.65
53101,64.39,49.58,59.47
53111,64.33,49.74,59.29
53121,64.28,49.36,59.11
53131,64.21,49.56,58.93
53141,64.15,49.39,58.75
53151,64.09,49.30,58.57
53161,64.02,49.46,58.38
53171,63.95,49.19,58.20
53181,63.87,49.36,58.01
53191,63.80,49.04,57.83
53201,63.72,49.20,57.64
53211,63.64,49.05,57.46
53221,63.56,49.00,57.27
53231,63.47,48.96,57.08
53241,63.39,48.91,56.89
53251,63.29,49.06,56.70
53261,63.20,48.76,56.52
53271,63.09,48.98,56.33
53281,63.00,48.57,56.14
53291,62.88,49.03,55.95
53301,62.78,48.56,55.76
53311,62.66,48.86,55.58
53321,62.56,48.50,55.39
53331,62.44,48.69,55.20
53341,62.33,48.46,55.01
53351,62.20,48.62,54.83
53361,62.08,48.55,54.64
53371,61.95,48.52,54.46
53381,61.81,48.66,54.28
53391,61.69,48.30,54.09
53401,61.55,48.51,53.91
53411,61.42,48.30,53.73
53421,61.27,48.41,53.55
53431,61.14,48.20,53.38
53441,60.99,48.50,53.20
53451,60.84,48.26,53.02
53461,60.69,48.38,52.85
53471,60.55,47.97,52.68
53481,60.39,48.28,52.51
53491,60.24,48.12,52.34
53501,60.07,48.45,52.17
53511,59.92,48.14,52.01
53521,59.74,48.44,51.84
53531,59.58,48.13,51.68
53541,59.41,48.38,51.52
53551,59.24,48.19,51.36
53561,59.06,48.32,51.21
53571,58.88,48.27,51.05
53581,58.70,48.30,50.90
53591,58.53,48.19,50.75
53601,58.34,48.34,50.60
53611,58.15,48.35,50.46
53621,57.97,48.31,50.32
53631,57.77,48.40,50.18
53641,57.59,48.28,50.04
53651,57.39,48.40,49.91
53661,57.21,48.26,49.77
53671,57.01,48.38,49.64
53681,56.82,48.35,49.52
53691,56.62,48.49,49.39
53701,56.43,48.29,49.27
53711,56.22,48.68,49.15
53721,56.02,48.44,49.04
53731,55.81,48.76,48.93
53741,55.61,48.43,48.82
53751,55.40,48.72,48.71
53761,55.20,48.52,48.61
53771,54.98,48.83,48.51
53781,54.78,48.58,48.41
53791,54.57,48.83,48.31
53801,54.37,48.66,48.22
53811,54.16,48.83,48.14
53821,53.96,48.58,48.05
53831,53.75,48.93,47.97
53841,53.55,48.79,47.89
53851,53.33,49.11,47.82
53861,53.14,48.69,47.75
53871,52.94,48.93,47.68
53881,52.74,48.82,47.61
53891,52.54,48.94,47.55
53901,52.36,48.62,47.49
53911,52.16,49.03,47.44
53921,51.97,48.94,47.39
53931,51.78,48.94,47.34
53941,51.59,48.89,47.30
53951,51.40,49.12,47.26
53961,51.22,48.90,47.22
53971,51.03,49.15,47.18
53981,50.86,48.94,47.15
53991,50.69,48.82,47.13
54001,50.52,49.03,47.10
54011,50.36,48.75,47.08
54021,50.19,49.14,47.07
54031,50.03,48.79,47.05
54041,49.87,49.16,47.04
54051,49.72,48.85,47.04
54061,49.56,49.13,47.03
54071,49.42,48.85,47.04
54081,49.28,48.87,47.04
54091,49.14,48.89,47.05
54101,49.01,48.89,47.06
54111,48.88,48.81,47.07
54121,48.75,48.92,47.09
54131,48.64,48.73,47.11
54141,48.52,48.95,47.14
54151,48.40,48.84,47.17
54161,48.29,49.00,47.20
54171,48.19,48.71,47.23
54181,48.09,48.80,47.27
54191,47.99,48.81,47.31
54201,47.90,48.75,47.35
54211,47.81,48.85,47.40
54221,47.73,48.74,47.45
54231,47.65,48.68,47.51
54241,47.57,48.99,47.56
54251,47.50,48.64,47.62
54261,47.43,48.82,47.69
54271,47.37,48.67,47.75
54281,47.32,48.70,47.82
54291,47.27,48.62,47.90
54301,47.22,48.70,47.97
54311,47.17,48.67,48.05
54321,47.13,48.79,48.13
54331,47.09,48.72,48.21
54341,47.05,48.76,48.30
54351,47.02,48.71,48.39
54361,47.00,48.67,48.48
54371,46.98,48.63,48.58
54381,46.97,48.61,48.67
54391,46.96,48.57,48.77
54401,46.96,48.47,48.88
54411,46.95,48.73,48.98
54421,46.95,48.57,49.09
54431,46.95,48.69,49.20
54441,46.96,48.59,49.31
54451,46.97,48.81,49.43
54461,46.99,48.51,49.54
54471,47.00,48.80,49.66
54481,47.02,48.62,49.78
54491,47.03,48.96,49.91
54501,47.07,48.56,50.03
54511,47.08,49.04,50.16
54521,47.12,48.69,50.29
54531,47.14,49.07,50.42
54541,47.17,48.98,50.55
54551,47.20,49.06,50.69
54561,47.23,49.08,50.82
54571,47.26,49.18,50.96
54581,47.30,49.11,51.10
54591,47.35,49.13,51.25
54601,47.39,49.27,51.39
54611,47.44,49.09,51.53
54621,47.48,49.44,51.68
54631,47.54,49.14,51.83
54641,47.58,49.58,51.98
54651,47.64,49.30,52.13
54661,47.69,49.64,52.28
54671,47.75,49.40,52.43
54681,47.82,49.52,52.58
54691,47.88,49.63,52.74
54701,47.94,49.67,52.89
54711,48.01,49.58,53.05
54721,48.08,49.65,53.21
54731,48.15,49.95,53.36
54741,48.23,49.65,53.52
54751,48.30,49.98,53.68
54761,48.38,49.82,53.84
54771,48.45,50.12,54.00
54781,48.53,49.99,54.16
54791,48.61,50.07,54.32
54801,48.69,50.21,54.49
54811,48.78,49.90,54.65
54821,48.87,50.23,54.81
54831,48.97,50.02,54.97
54841,49.06,50.35,55.14
54851,49.15,50.36,55.30
54861,49.25,50.20,55.46
54871,49.34,50.57,55.63
54881,49.45,50.22,55.79
54891,49.55,50.42,55.95
54901,49.66,50.38,56.12
54911,49.78,50.36,56.28
54921,49.88,50.70,56.44
54931,49.99,50.50,56.60
54941,50.10,50.75,56.76
54951,50.21,50.66,56.93
54961,50.33,50.68,57.09
54971,50.43,51.03,57.25
54981,50.56,50.63,57.41
54991,50.67,50.88,57.56
55001,50.80,50.83,57.72
55011,50.93,50.55,57.88
55021,51.06,50.94,58.04
55031,51.19,50.81,58.19
55041,51.33,50.78,58.35
55051,51.45,51.12,58.50
55061,51.59,50.85,58.65
55071,51.72,51.11,58.81
55081,51.85,51.13,58.96
55091,52.00,50.82,59.11
55101,52.14,51.15,59.26
55111,52.29,50.90,59.40
55121,52.44,50.89,59.55
55131,52.59,51.02,59.69
55141,52.74,51.05,59.84
55151,52.90,50.98,59.98
55161,53.04,51.21,60.12
55171,53.20,50.97,60.26
55181,53.36,51.00,60.40
55191,53.51,51.19,60.53
55201,53.69,50.76,60.67
55211,53.85,51.11,60.80
55221,54.01,51.06,60.93
55231,54.18,51.00,61.06
55241,54.34,51.13,61.19
55251,54.51,50.91,61.32
55261,54.68,51.05,61.44
55271,54.84,51.12,61.56
55281,55.01,51.12,61.68
55291,55.18,51.04,61.80
55301,55.34,51.23,61.92
55311,55.52,50.90,62.04
55321,55.69,51.03,62.15
55331,55.86,51.15,62.26
55341,56.03,51.21,62.37
55351,56.21,50.94,62.47
55361,56.37,51.30,62.58
55371,56.54,51.12,62.68
55381,56.70,51.17,62.78
55391,56.88,51.01,62.88
55401,57.05,51.18,62.98
55411,57.22,51.12,63.07
55421,57.39,50.93,63.16
55431,57.55,51.28,63.25
55441,57.73,50.92,63.34
55451,57.90,51.15,63.43
55461,58.06,51.33,63.51
55471,58.22,51.11,63.59
55481,58.38,51.18,63.67
55491,58.54,51.24,63.74
55501,58.71,50.99,63.82
55511,58.88,51.12,63.89
55521,59.03,51.22,63.96
55531,59.20,50.98,64.02
55541,59.35,51.38,64.09
55551,59.50,51.29,64.15
55561,59.66,51.12,64.21
55571,59.80,51.41,64.26
55581,59.95,51.17,64.32
55591,60.10,51.22,64.37
55601,60.24,51.39,64.42
55611,60.38,51.29,64.47
55621,60.53,51.12,64.51
55631,60.66,51.57,64.55
55641,60.80,51.22,64.59
55651,60.94,51.25,64.63
55661,61.06,51.53,64.66
55671,61.19,51.33,64.69
55681,61.33,51.31,64.72
55691,61.44,51.59,64.75
55701,61.57,51.24,64.78
55711,61.69,51.46,64.80
55721,61.80,51.56,64.82
55731,61.92,51.31,64.84
55741,62.04,51.45,64.85
55751,62.14,51.54,64.86
55761,62.26,51.37,64.87
55771,62.37,51.40,64.88
55781,62.47,51.55,64.89
55791,62.57,51.49,64.89
55801,62.67,51.33,64.89
55811,62.76,51.65,64.89
55821,62.86,51.38,64.88
55831,62.96,51.38,64.88
55841,63.04,51.62,64.87
55851,63.13,51.42,64.86
55861,63.23,51.25,64.84
55871,63.31,51.62,64.83
55881,63.39,51.45,64.81
55891,63.48,51.31,64.79
55901,63.55,51.62,64.76
55911,63.62,51.56,64.74
55921,63.70,51.26,64.71
55931,63.76,51.59,64.68
55941,63.82,51.52,64.65
55951,63.90,51.17,64.61
55961,63.95,51.68,64.58
55971,64.01,51.48,64.54
55981,64.08,51.30,64.50
55991,64.13,51.55,64.45
56001,64.17,51.54,64.41
56011,64.23,51.33,64.36
56021,64.26,51.61,64.31
56031,64.31,51.42,64.26
56041,64.36,51.25,64.21
56051,64.40,51.42,64.15
56061,64.43,51.56,64.09
56071,64.47,51.34,64.03
56081,64.49,51.59,63.97
56091,64.51,51.58,63.91
56101,64.54,51.23,63.84
56111,64.57,51.37,63.77
56121,64.57,51.70,63.70
56131,64.60,51.24,63.63
56141,64.61,51.45,63.56
56151,64.61,51.60,63.48
56161,64.63,51.19,63.41
56171,64.64,51.38,63.33
56181,64.63,51.64,63.25
56191,64.64,51.24,63.17
56201,64.64,51.40,63.08
56211,64.62,51.60,63.00
56221,64.62,51.24,62.91
56231,64.62,51.30,62.82
56241,64.60,51.41,62.73
56251,64.60,51.15,62.64
56261,64.60,50.99,62.55
56271,64.58,51.36,62.45
56281,64.57,51.02,62.35
56291,64.56,51.07,62.26
56301,64.53,51.17,62.16
56311,64.52,51.01,62.05
56321,64.51,50.78,61.95
56331,64.49,50.96,61.85
56341,64.47,50.77,61.74
56351,64.46,50.71,61.64
56361,64.44,50.62,61.53
56371,64.42,50.71,61.42
56381,64.41,50.41,61.31
56391,64.38,50.77,61.20
56401,64.37,50.24,61.08
56411,64.35,50.24,60.97
56421,64.32,50.50,60.85
56431,64.30,50.13,60.74
56441,64.28,50.24,60.62
56451,64.25,50.20,60.50
56461,64.22,50.16,60.38
56471,64.20,49.86,60.26
56481,64.17,50.11,60.14
56491,64.15,49.76,60.01
56501,64.12,49.78,59.89
56511,64.09,49.81,59.77
56521,64.05,49.89,59.64
56531,64.01,49.61,59.51
56541,63.97,49.76,59.39
56551,63.94,49.51,59.26
56561,63.90,49.59,59.13
56571,63.85,49.66,59.00
56581,63.81,49.31,58.87
56591,63.75,49.61,58.73
56601,63.71,49.37,58.60
56611,63.65,49.53,58.47
56621,63.59,49.36,58.33
56631,63.54,49.25,58.20
56641,63.47,49.50,58.07
56651,63.41,49.13,57.93
56661,63.35,49.30,57.79
56671,63.28,49.14,57.66
56681,63.20,49.34,57.52
56691,63.13,49.18,57.38
56701,63.06,49.12,57.24
56711,62.97,49.32,57.10
56721,62.90,48.99,56.96
56731,62.81,49.21,56.82
56741,62.72,49.12,56.68
56751,62.62,49.20,56.54
56761,62.53,49.02,56.40
56771,62.43,49.15,56.26
56781,62.34,49.03,56.12
56791,62.23,49.12,55.98
56801,62.13,49.06,55.83
56811,62.01,49.15,55.69
56821,61.90,49.05,55.55
56831,61.79,48.98,55.41
56841,61.68,49.02,55.26
56851,61.56,48.94,55.12
56861,61.45,48.90,54.98
56871,61.33,48.90,54.83
56881,61.21,48.98,54.69
56891,61.08,49.07,54.55
56901,60.94,49.02,54.40
56911,60.81,48.96,54.26
56921,60.68,48.89,54.11
56931,60.55,48.94,53.97
56941,60.42,48.79,53.83
56951,60.28,48.96,53.68
56961,60.14,48.76,53.54
56971,59.99,49.07,53.39
56981,59.86,48.69,53.25
56991,59.70,49.12,53.11
57001,59.56,48.77,52.96
57011,59.40,49.07,52.82
57021,59.25,48.77,52.68
57031,59.09,49.01,52.54
57041,58.95,48.69,52.39
57051,58.78,49.01,52.25
57061,58.63,48.74,52.11
57071,58.47,48.96,51.97
57081,58.31,48.75,51.83
57091,58.15,48.83,51.69
57101,57.99,48.81,51.54
57111,57.83,48.73,51.40
57121,57.66,48.85,51.26
57131,57.50,48.65,51.13
57141,57.33,48.85,50.99
57151,57.18,48.49,50.85
57161,57.01,48.85,50.71
57171,56.85,48.46,50.57
57181,56.68,48.82,50.44
57191,56.52,48.47,50.30
57201,56.35,48.68,50.16
57211,56.19,48.58,50.03
57221,56.02,48.70,49.89
57231,55.85,48.53,49.76
57241,55.68,48.71,49.63
57251,55.51,48.52,49.49
57261,55.34,48.56,49.36
57271,55.18,48.41,49.23
57281,55.01,48.59,49.10
57291,54.84,48.53,48.97
57301,54.67,48.51,48.84
57311,54.50,48.33,48.71
57321,54.34,48.40,48.59
57331,54.17,48.40,48.46
57341,54.00,48.47,48.33
57351,53.84,48.31,48.21
57361,53.67,48.28,48.09
57371,53.51,48.25,47.96
57381,53.35,48.32,47.84
57391,53.18,48.28,47.72
57401,53.01,48.36,47.60
57411,52.85,48.21,47.48
57421,52.69,48.24,47.36
57431,52.53,48.10,47.25
57441,52.37,48.15,47.13
57451,52.21,48.10,47.02
57461,52.05,48.11,46.90
57471,51.89,48.02,46.79
57481,51.74,48.00,46.68
57491,51.58,48.02,46.57
57501,51.43,47.91,46.46
57511,51.28,47.92,46.35
57521,51.13,47.90,46.25
57531,50.98,47.75,46.14
57541,50.84,47.83,46.04
57551,50.69,47.73,45.94
57561,50.54,47.81,45.84
57571,50.40,47.66,45.74
57581,50.26,47.63,45.64
57591,50.12,47.68,45.54
57601,49.99,47.52,45.45
57611,49.85,47.57,45.36
57621,49.72,47.39,45.26
57631,49.59,47.41,45.17
57641,49.46,47.32,45.08
57651,49.33,47.55,45.00
57661,49.21,47.18,44.91
57671,49.08,47.29,44.83
57681,48.96,47.23,44.75
57691,48.83,47.27,44.67
57701,48.71,47.26,44.59
57711,48.59,47.10,44.51
57721,48.47,47.33,44.43
57731,48.35,47.06,44.36
57741,48.23,47.17,44.29
57751,48.12,46.91,44.22
57761,48.00,47.16,44.15
57771,47.90,46.91,44.09
57781,47.78,47.13,44.02
57791,47.67,46.93,43.96
57801,47.56,46.96,43.90
57811,47.45,47.10,43.84
57821,47.35,46.72,43.78
57831,47.24,47.12,43.73
57841,47.14,46.76,43.68
57851,47.03,47.02,43.63
57861,46.93,46.76,43.58
57871,46.83,46.86,43.54
57881,46.73,46.87,43.49
57891,46.63,46.75,43.45
57901,46.53,46.93,43.41
57911,46.45,46.56,43.37
57921,46.34,46.95,43.34
57931,46.26,46.65,43.31
57941,46.17,46.76,43.28
57951,46.08,46.73,43.25
57961,45.99,46.68,43.22
57971,45.90,46.79,43.20
57981,45.82,46.55,43.18
57991,45.73,46.86,43.16
58001,45.65,46.54,43.15
58011,45.57,46.67,43.13
58021,45.49,46.66,43.12
58031,45.42,46.59,43.12
58041,45.34,46.75,43.11
58051,45.28,46.42,43.11
58061,45.20,46.82,43.11
58071,45.13,46.51,43.11
58081,45.06,46.66,43.11
58091,44.99,46.63,43.12
58101,44.93,46.58,43.13
58111,44.86,46.77,43.14
58121,44.80,46.47,43.16
58131,44.74,46.74,43.18
58141,44.67,46.68,43.20
58151,44.62,46.55,43.22
58161,44.56,46.76,43.25
58171,44.51,46.53,43.28
58181,44.46,46.73,43.31
58191,44.40,46.65,43.34
58201,44.36,46.68,43.38
58211,44.30,46.79,43.42
58221,44.26,46.53,43.46
58231,44.21,46.88,43.51
58241,44.18,46.55,43.56
58251,44.13,46.81,43.61
58261,44.09,46.83,43.67
58271,44.06,46.66,43.73
58281,44.02,46.91,43.79
58291,43.99,46.73,43.85
58301,43.95,46.92,43.92
58311,43.93,46.77,43.99
58321,43.90,46.81,44.06
58331,43.87,47.08,44.13
58341,43.85,46.75,44.21
58351,43.82,47.06,44.30
58361,43.80,46.98,44.38
58371,43.79,46.92,44.47
58381,43.77,47.13,44.56
58391,43.76,46.94,44.65
58401,43.74,47.19,44.75
58411,43.73,47.08,44.85
58421,43.72,47.22,44.95
58431,43.71,47.19,45.06
58441,43.72,47.08,45.17
58451,43.71,47.30,45.28
58461,43.72,47.14,45.39
58471,43.71,47.49,45.51
58481,43.72,47.18,45.63
58491,43.73,47.50,45.76
58501,43.73,47.49,45.89
58511,43.75,47.40,46.02
58521,43.75,47.69,46.15
58531,43.76,47.62,46.29
58541,43.77,47.75,46.43
58551,43.79,47.74,46.57
58561,43.81,47.78,46.71
58571,43.83,47.83,46.86
58581,43.85,47.86,47.01
58591,43.86,48.15,47.17
58601,43.88,48.14,47.32
58611,43.90,48.37,47.48
58621,43.92,48.24,47.65
58631,43.94,48.51,47.81
58641,43.97,48.38,47.98
58651,44.00,48.45,48.15
58661,44.03,48.54,48.33
58671,44.07,48.63,48.51
58681,44.10,48.68,48.69
58691,44.13,48.89,48.87
58701,44.18,48.70,49.06
58711,44.22,48.94,49.24
58721,44.27,48.93,49.44
58731,44.32,49.00,49.63
58741,44.37,49.12,49.83
58751,44.42,49.17,50.03
58761,44.48,49.27,50.23
58771,44.54,49.28,50.43
58781,44.59,49.49,50.64
58791,44.66,49.37,50.85
58801,44.72,49.72,51.06
58811,44.79,49.55,51.28
58821,44.85,49.92,51.49
58831,44.93,49.63,51.71
58841,45.00,50.06,51.94
58851,45.08,49.84,52.16
58861,45.16,50.10,52.39
58871,45.25,50.04,52.62
58881,45.34,50.09,52.85
58891,45.43,50.29,53.08
58901,45.52,50.21,53.32
58911,45.61,50.68,53.55
58921,45.71,50.33,53.79
58931,45.81,50.58,54.03
58941,45.92,50.61,54.28
58951,46.03,50.54,54.52
58961,46.14,50.81,54.77
58971,46.27,50.56,55.02
58981,46.38,50.98,55.27
58991,46.50,50.94,55.52
59001,46.64,50.87,55.78
59011,46.76,51.17,56.03
59021,46.90,50.96,56.29
59031,47.04,51.13,56.55
59041,47.18,51.21,56.81
59051,47.34,51.00,57.07
59061,47.49,51.35,57.34
59071,47.65,51.25,57.60
59081,47.82,51.28,57.87
59091,47.98,51.49,58.14
59101,48.14,51.58,58.41
59111,48.32,51.30,58.68
59121,48.48,51.80,58.95
59131,48.66,51.66,59.22
59141,48.85,51.50,59.49
59151,49.03,51.86,59.76
59161,49.23,51.61,60.04
59171,49.42,51.71,60.31
59181,49.62,51.86,60.59
59191,49.83,51.71,60.87
59201,50.04,51.74,61.14
59211,50.25,51.93,61.42
59221,50.47,51.85,61.70
59231,50.70,51.83,61.98
59241,50.91,52.12,62.25
59251,51.15,51.87,62.53
59261,51.39,51.91,62.81
59271,51.62,52.10,63.09
59281,51.86,52.00,63.37
59291,52.11,51.99,63.65
59301,52.36,52.08,63.93
59311,52.60,52.35,64.20
59321,52.85,52.13,64.48
59331,53.11,52.13,64.76
59341,53.36,52.48,65.04
59351,53.62,52.29,65.31
59361,53.90,52.05,65.59
59371,54.16,52.38,65.87
59381,54.42,52.53,66.14
59391,54.70,52.29,66.42
59401,54.98,52.18,66.69
59411,55.25,52.66,66.96
59421,55.52,52.71,67.23
59431,55.81,52.27,67.50
59441,56.10,52.43,67.77
59451,56.37,52.78,68.04
59461,56.66,52.64,68.31
59471,56.96,52.40,68.57
59481,57.25,52.50,68.84
59491,57.55,52.58,69.10
59501,57.85,52.46,69.36
59511,58.15,52.63,69.62
59521,58.44,52.95,69.88
59531,58.73,52.92,70.14
59541,59.04,52.62,70.39
59551,59.35,52.59,70.64
59561,59.65,52.85,70.89
59571,59.95,52.87,71.14
59581,60.26,52.74,71.39
59591,60.58,52.64,71.63
59601,60.88,52.88,71.87
59611,61.19,52.90,72.11
59621,61.50,52.78,72.35
59631,61.82,52.81,72.58
59641,62.12,53.04,72.82
59651,62.43,53.07,73.05
59661,62.74,52.95,73.27
59671,63.05,52.88,73.50
59681,63.36,53.14,73.72
59691,63.66,53.11,73.94
59701,63.97,53.02,74.15
59711,64.29,52.91,74.36
59721,64.60,53.03,74.57
59731,64.90,53.22,74.78
59741,65.22,52.99,74.98
59751,65.54,52.81,75.18
59761,65.85,53.03,75.38
59771,66.15,53.29,75.57
59781,66.45,53.22,75.76
59791,66.77,52.87,75.95
59801,67.08,52.99,76.13
59811,67.40,52.77,76.31
59821,67.71,53.13,76.48
59831,68.00,53.29,76.66
59841,68.31,52.87,76.82
59851,68.62,53.07,76.99
59861,68.91,53.25,77.15
59871,69.22,52.94,77.30
59881,69.53,52.78,77.46
59891,69.83,52.92,77.60
59901,70.12,53.30,77.75
59911,70.40,53.21,77.89
59921,70.70,52.86,78.03
59931,71.00,52.81,78.16
59941,71.29,53.09,78.29
59951,71.56,53.33,78.41
59961,71.84,53.03,78.53
59971,72.13,52.82,78.64
59981,72.41,52.98,78.75
59991,72.68,53.18,78.86
60001,72.94,53.25,78.96
60011,73.21,53.00,79.06
60021,73.49,52.89,79.15
60031,73.75,52.96,79.24
60041,74.00,53.21,79.32
60051,74.25,53.26,79.40
60061,74.51,52.85,79.48
60071,74.78,52.71,79.55
60081,75.03,52.90,79.61
60091,75.26,53.22,79.67
60101,75.50,53.09,79.73
60111,75.74,52.72,79.78
60121,75.99,52.68,79.82
60131,76.21,53.07,79.86
60141,76.43,53.10,79.90
60151,76.66,52.85,79.93
60161,76.88,52.72,79.96
60171,77.10,52.79,79.98
60181,77.30,53.19,80.00
60191,77.49,53.15,80.01
60201,77.70,52.74,80.02
60211,77.90,52.74,80.02
60221,78.08,53.02,80.02
60231,78.26,52.99,80.02
60241,78.45,52.83,80.00
60251,78.64,52.64,79.99
60261,78.81,52.85,79.97
60271,78.96,53.17,79.94
60281,79.12,52.82,79.91
60291,79.30,52.37,79.88
60301,79.46,52.70,79.84
60311,79.60,52.99,79.79
60321,79.73,53.07,79.74
60331,79.87,52.76,79.69
60341,80.01,52.57,79.63
60351,80.13,52.87,79.57
60361,80.24,52.99,79.50
60371,80.37,52.59,79.43
60381,80.50,52.31,79.35
60391,80.61,52.57,79.27
60401,80.71,52.80,79.18
60411,80.81,52.65,79.09
60421,80.91,52.36,78.99
60431,81.00,52.52,78.89
60441,81.07,52.90,78.79
60451,81.14,52.79,78.68
60461,81.22,52.34,78.57
60471,81.30,52.27,78.45
60481,81.35,52.73,78.33
60491,81.40,52.69,78.21
60501,81.45,52.33,78.08
60511,81.50,52.39,77.94
60521,81.52,52.83,77.81
60531,81.54,52.70,77.66
60541,81.58,52.24,77.52
60551,81.61,52.20,77.37
60561,81.62,52.65,77.22
60571,81.62,52.57,77.06
60581,81.64,52.16,76.90
60591,81.64,52.20,76.73
60601,81.64,52.41,76.57
60611,81.62,52.33,76.40
60621,81.63,51.80,76.22
60631,81.62,52.00,76.04
60641,81.59,52.42,75.86
60651,81.55,52.21,75.68
60661,81.54,51.72,75.49
60671,81.51,51.81,75.30
60681,81.47,52.07,75.10
60691,81.44,51.59,74.91
60701,81.41,51.44,74.71
60711,81.36,51.75,74.50
60721,81.31,51.67,74.30
60731,81.27,51.30,74.09
60741,81.22,51.27,73.88
60751,81.16,51.48,73.67
60761,81.10,51.25,73.45
60771,81.05,50.80,73.23
60781,80.97,51.34,73.01
60791,80.89,51.36,72.79
60801,80.84,50.55,72.57
60811,80.76,50.90,72.34
60821,80.66,51.16,72.11
60831,80.59,50.52,71.88
60841,80.51,50.49,71.65
60851,80.42,50.59,71.42
60861,80.31,50.68,71.18
60871,80.22,50.45,70.94
60881,80.12,50.23,70.71
60891,80.01,50.36,70.47
60901,79.89,50.63,70.23
60911,79.77,50.23,69.99
60921,79.65,50.26,69.74
60931,79.52,50.33,69.50
60941,79.39,50.18,69.26
60951,79.25,50.03,69.01
60961,79.10,50.31,68.76
60971,78.97,49.76,68.52
60981,78.82,50.12,68.27
60991,78.67,49.97,68.03
61001,78.51,49.83,67.78
61011,78.34,50.08,67.53
61021,78.18,49.83,67.28
61031,78.01,49.74,67.04
61041,77.82,50.15,66.79
61051,77.65,49.55,66.54
61061,77.46,50.01,66.30
61071,77.27,49.69,66.05
61081,77.08,49.65,65.81
61091,76.88,49.82,65.56
61101,76.68,49.63,65.32
61111,76.47,49.81,65.07
61121,76.27,49.56,64.83
61131,76.05,49.67,64.59
61141,75.83,49.81,64.35
61151,75.61,49.48,64.11
61161,75.38,49.83,63.87
61171,75.15,49.71,63.64
61181,74.92,49.54,63.40
61191,74.67,49.83,63.17
61201,74.43,49.67,62.94
61211,74.18,49.78,62.71
61221,73.93,49.68,62.48
61231,73.68,49.79,62.25
61241,73.41,49.94,62.03
61251,73.15,49.77,61.81
61261,72.88,49.90,61.59
61271,72.61,49.84,61.37
61281,72.34,49.82,61.16
61291,72.06,49.99,60.95
61301,71.78,49.87,60.74
61311,71.50,50.02,60.53
61321,71.21,49.93,60.33
61331,70.92,50.06,60.12
61341,70.62,50.28,59.93
61351,70.33,50.07,59.73
61361,70.03,50.30,59.54
61371,69.73,50.26,59.35
61381,69.43,50.21,59.16
61391,69.11,50.52,58.98
61401,68.82,50.13,58.80
61411,68.50,50.55,58.63
61421,68.20,50.37,58.45
61431,67.90,50.30,58.29
61441,67.58,50.61,58.12
61451,67.28,50.32,57.96
61461,66.96,50.78,57.80
61471,66.66,50.49,57.65
61481,66.34,50.66,57.50
61491,66.02,50.88,57.35
61501,65.71,50.67,57.21
61511,65.40,50.77,57.07
61521,65.08,50.97,56.94
61531,64.78,50.68,56.81
61541,64.46,51.19,56.69
61551,64.15,50.98,56.57
61561,63.84,50.95,56.45
61571,63.52,51.27,56.34
61581,63.22,50.99,56.23
61591,62.91,51.24,56.13
61601,62.59,51.41,56.03
61611,62.30,51.02,55.94
61621,62.00,51.39,55.85
61631,61.71,51.18,55.77
61641,61.42,51.17,55.69
61651,61.13,51.38,55.61
61661,60.84,51.39,55.54
61671,60.57,51.11,55.48
61681,60.28,51.49,55.42
61691,60.00,51.47,55.36
61701,59.74,51.26,55.31
61711,59.46,51.67,55.27
61721,59.20,51.49,55.23
61731,58.94,51.41,55.19
61741,58.68,51.61,55.16
61751,58.44,51.43,55.13
61761,58.19,51.48,55.11
61771,57.94,51.69,55.10
61781,57.71,51.54,55.09
61791,57.49,51.34,55.08
61801,57.26,51.67,55.08
61811,57.05,51.49,55.09
61821,56.83,51.51,55.10
61831,56.63,51.52,55.11
61841,56.44,51.34,55.13
61851,56.26,51.26,55.15
61861,56.07,51.46,55.18
61871,55.89,51.45,55.22
61881,55.73,51.17,55.26
61891,55.57,51.45,55.30
61901,55.41,51.37,55.35
61911,55.27,51.22,55.41
61921,55.13,51.25,55.47
61931,54.99,51.23,55.53
61941,54.86,51.42,55.60
61951,54.74,51.27,55.67
61961,54.61,51.36,55.75
61971,54.51,51.11,55.84
61981,54.41,51.25,55.92
61991,54.30,51.37,56.02
62001,54.23,51.00,56.11
62011,54.14,51.23,56.22
62021,54.06,51.20,56.32
62031,54.00,50.98,56.43
62041,53.94,51.06,56.55
62051,53.88,51.30,56.67
62061,53.84,50.94,56.79
62071,53.80,51.08,56.92
62081,53.76,51.13,57.06
62091,53.74,50.94,57.19
62101,53.72,50.97,57.34
62111,53.69,51.24,57.48
62121,53.69,50.83,57.63
62131,53.69,51.08,57.78
62141,53.69,50.98,57.94
62151,53.71,50.84,58.10
62161,53.73,50.94,58.27
62171,53.74,51.18,58.44
62181,53.77,50.88,58.61
62191,53.80,51.18,58.79
62201,53.82,51.24,58.97
62211,53.87,51.02,59.15
62221,53.91,51.20,59.34
62231,53.95,51.37,59.52
62241,54.00,51.14,59.72
62251,54.05,51.37,59.91
62261,54.10,51.51,60.11
62271,54.17,51.20,60.31
62281,54.23,51.64,60.52
62291,54.29,51.54,60.73
62301,54.37,51.49,60.94
62311,54.43,51.90,61.15
62321,54.50,51.79,61.36
62331,54.59,51.70,61.58
62341,54.66,52.14,61.80
62351,54.75,51.85,62.02
62361,54.84,51.91,62.25
62371,54.92,52.20,62.47
62381,55.01,52.22,62.70
62391,55.12,52.04,62.93
62401,55.21,52.40,63.16
62411,55.31,52.46,63.40
62421,55.42,52.32,63.63
62431,55.53,52.48,63.87
62441,55.64,52.57,64.11
62451,55.76,52.55,64.34
62461,55.89,52.45,64.58
62471,56.01,52.73,64.82
62481,56.14,52.80,65.07
62491,56.27,52.73,65.31
62501,56.41,52.63,65.55
62511,56.55,52.87,65.79
62521,56.69,53.02,66.04
62531,56.85,52.63,66.28
62541,57.01,52.83,66.53
62551,57.16,53.17,66.77
62561,57.32,52.97,67.02
62571,57.50,52.86,67.26
62581,57.66,53.19,67.51
62591,57.82,53.47,67.75
62601,57.98,53.30,67.99
62611,58.17,52.98,68.24
62621,58.36,53.21,68.48
62631,58.53,53.46,68.72
62641,58.72,53.38,68.96
62651,58.92,53.10,69.20
62661,59.12,53.22,69.44
62671,59.31,53.56,69.68
62681,59.50,53.76,69.92
62691,59.70,53.43,70.15
62701,59.92,53.38,70.38
62711,60.13,53.47,70.62
62721,60.33,53.67,70.85
62731,60.54,53.69,71.07
62741,60.77,53.33,71.30
62751,61.01,53.34,71.53
62761,61.24,53.52,71.75
62771,61.45,53.78,71.97
62781,61.69,53.51,72.19
62791,61.93,53.34,72.40
62801,62.18,53.45,72.61
62811,62.42,53.58,72.82
62821,62.65,53.61,73.03
62831,62.91,53.43,73.24
62841,63.17,53.28,73.44
62851,63.43,53.29,73.64
62861,63.68,53.54,73.83
62871,63.93,53.65,74.02
62881,64.19,53.33,74.21
62891,64.46,53.16,74.40
62901,64.73,53.35,74.58
62911,64.99,53.36,74.76
62921,65.26,53.31,74.93
62931,65.53,53.18,75.10
62941,65.82,52.91,75.27
62951,66.10,53.17,75.44
62961,66.36,53.39,75.59
62971,66.64,53.09,75.75
62981,66.93,52.78,75.90
62991,67.21,52.99,76.05
63001,67.49,52.99,76.19
63011,67.77,53.04,76.33
63021,68.04,53.18,76.46
63031,68.33,52.67,76.59
63041,68.61,52.81,76.72
63051,68.89,53.01,76.84
63061,69.16,52.83,76.95
63071,69.45,52.64,77.06
63081,69.73,52.74,77.17
63091,70.00,52.84,77.27
63101,70.27,52.68,77.37
63111,70.56,52.45,77.46
63121,70.84,52.45,77.54
63131,71.10,52.68,77.63
63141,71.37,52.67,77.70
63151,71.64,52.37,77.77
63161,71.91,52.32,77.84
63171,72.17,52.53,77.90
63181,72.42,52.64,77.95
63191,72.68,52.31,78.00
63201,72.94,52.24,78.05
63211,73.19,52.46,78.09
63221,73.43,52.56,78.12
63231,73.68,52.16,78.15
63241,73.92,52.10,78.17
63251,74.16,52.37,78.19
63261,74.38,52.41,78.20
63271,74.61,52.11,78.20
63281,74.84,52.15,78.20
63291,75.05,52.42,78.20
63301,75.25,52.28,78.19
63311,75.48,51.87,78.17
63321,75.68,52.23,78.15
63331,75.86,52.53,78.12
63341,76.05,52.09,78.09
63351,76.25,51.86,78.05
63361,76.43,52.25,78.00
63371,76.60,52.23,77.95
63381,76.78,51.88,77.90
63391,76.95,52.04,77.83
63401,77.10,52.23,77.77
63411,77.25,52.13,77.70
63421,77.40,51.95,77.62
63431,77.54,52.20,77.53
63441,77.67,52.17,77.44
63451,77.80,51.87,77.35
63461,77.93,51.86,77.25
63471,78.04,52.22,77.14
63481,78.15,52.11,77.03
63491,78.27,51.63,76.92
63501,78.37,51.97,76.79
63511,78.45,52.20,76.67
63521,78.55,51.68,76.53
63531,78.64,51.60,76.40
63541,78.71,51.99,76.25
63551,78.77,51.97,76.11
63561,78.85,51.55,75.95
63571,78.92,51.62,75.79
63581,78.96,51.86,75.63
63591,79.01,51.69,75.46
63601,79.07,51.31,75.29
63611,79.10,51.69,75.11
63621,79.12,51.83,74.93
63631,79.16,51.24,74.74
63641,79.18,51.49,74.55
63651,79.17,51.78,74.35
63661,79.19,51.27,74.15
63671,79.20,51.20,73.95
63681,79.18,51.60,73.74
63691,79.17,51.42,73.52
63701,79.16,51.06,73.31
63711,79.14,51.28,73.08
63721,79.10,51.42,72.86
63731,79.08,50.82,72.63
63741,79.05,51.06,72.39
63751,79.00,51.17,72.16
63761,78.96,50.72,71.91
63771,78.92,50.75,71.67
63781,78.85,50.96,71.42
63791,78.80,50.59,71.17
63801,78.74,50.49,70.91
63811,78.66,50.78,70.65
63821,78.60,50.37,70.39
63831,78.52,50.36,70.13
63841,78.44,50.44,69.86
63851,78.36,50.09,69.59
63861,78.27,50.08,69.31
63871,78.17,50.22,69.04
63881,78.09,49.79,68.76
63891,77.99,49.86,68.48
63901,77.87,50.02,68.19
63911,77.78,49.38,67.91
63921,77.65,49.88,67.62
63931,77.53,49.57,67.33
63941,77.42,49.40,67.04
63951,77.28,49.54,66.74
63961,77.15,49.24,66.45
63971,77.02,49.24,66.15
63981,76.88,49.15,65.85
63991,76.74,49.09,65.55
64001,76.58,49.18,65.25
64011,76.42,49.01,64.95
64021,76.25,49.13,64.64
64031,76.08,48.98,64.34
64041,75.91,48.95,64.03
64051,75.73,48.93,63.73
64061,75.55,48.71,63.42
64071,75.34,49.06,63.12
64081,75.14,48.87,62.81
64091,74.94,48.61,62.50
64101,74.73,48.81,62.19
64111,74.52,48.60,61.89
64121,74.30,48.72,61.58
64131,74.07,48.79,61.27
64141,73.84,48.60,60.97
64151,73.58,49.00,60.66
64161,73.34,48.57,60.36
64171,73.08,48.89,60.05
64181,72.84,48.52,59.75
64191,72.57,48.80,59.45
64201,72.30,48.71,59.14
64211,72.02,48.74,58.84
64221,71.74,48.75,58.54
64231,71.46,48.69,58.25
64241,71.16,48.89,57.95
64251,70.88,48.54,57.66
64261,70.58,48.82,57.36
64271,70.28,48.57,57.07
64281,69.97,48.89,56.79
64291,69.67,48.65,56.50
64301,69.35,48.85,56.21
64311,69.03,48.66,55.93
64321,68.69,49.16,55.65
64331,68.37,48.80,55.38
64341,68.03,49.10,55.10
64351,67.69,48.86,54.83
64361,67.35,49.08,54.56
64371,67.01,48.92,54.30
64381,66.65,49.20,54.03
64391,66.30,48.98,53.77
64401,65.95,49.13,53.52
64411,65.59,49.13,53.26
64421,65.23,49.20,53.02
64431,64.86,49.39,52.77
64441,64.49,49.41,52.53
64451,64.12,49.42,52.29
64461,63.75,49.39,52.05
64471,63.36,49.62,51.82
64481,62.99,49.47,51.60
64491,62.61,49.67,51.37
64501,62.23,49.51,51.16
64511,61.84,49.82,50.94
64521,61.47,49.60,50.73
64531,61.08,49.81,50.53
64541,60.70,49.83,50.33
64551,60.33,49.65,50.13
64561,59.94,49.90,49.94
64571,59.57,49.69,49.75
64581,59.19,50.01,49.57
64591,58.82,49.76,49.39
64601,58.44,49.96,49.22
64611,58.07,49.93,49.05
64621,57.70,49.95,48.89
64631,57.32,50.16,48.73
64641,56.96,49.85,48.58
64651,56.59,50.21,48.43
64661,56.23,49.95,48.29
64671,55.87,50.11,48.16
64681,55.51,50.17,48.03
64691,55.16,50.08,47.90
64701,54.80,50.33,47.78
64711,54.47,49.96,47.66
64721,54.12,50.30,47.56
64731,53.78,50.13,47.45
64741,53.45,50.15,47.35
64751,53.11,50.35,47.26
64761,52.80,50.04,47.18
64771,52.47,50.39,47.09
64781,52.16,50.11,47.02
64791,51.85,50.26,46.95
64801,51.54,50.25,46.89
64811,51.25,50.19,46.83
64821,50.94,50.50,46.78
64831,50.66,50.16,46.73
64841,50.37,50.36,46.69
64851,50.08,50.38,46.66
64861,49.82,50.22,46.63
64871,49.55,50.30,46.60
64881,49.29,50.15,46.59
64891,49.03,50.44,46.57
64901,48.79,50.18,46.57
64911,48.55,50.31,46.57
64921,48.31,50.25,46.58
64931,48.09,50.10,46.59
64941,47.87,50.35,46.60
64951,47.66,50.20,46.63
64961,47.45,50.25,46.66
64971,47.25,50.27,46.69
64981,47.06,50.15,46.73
64991,46.86,50.35,46.78
65001,46.69,50.10,46.83
65011,46.52,50.07,46.89
65021,46.36,50.13,46.95
65031,46.22,49.92,47.02
65041,46.07,50.12,47.09
65051,45.93,50.04,47.17
65061,45.80,50.06,47.26
65071,45.67,50.02,47.35
65081,45.56,49.94,47.45
65091,45.45,50.13,47.55
65101,45.35,49.80,47.65
65111,45.26,49.86,47.76
65121,45.18,49.94,47.88
65131,45.11,49.82,48.00
65141,45.04,49.86,48.13
65151,44.99,49.62,48.26
65161,44.94,49.58,48.40
65171,44.91,49.47,48.54
65181,44.89,49.45,48.68
65191,44.87,49.53,48.84
65201,44.86,49.39,48.99
65211,44.85,49.53,49.15
65221,44.86,49.32,49.32
65231,44.88,49.29,49.48
65241,44.88,49.63,49.66
65251,44.91,49.34,49.83
65261,44.93,49.49,50.02
65271,44.96,49.49,50.20
65281,45.00,49.48,50.39
65291,45.04,49.41,50.58
65301,45.10,49.38,50.78
65311,45.15,49.52,50.98
65321,45.20,49.61,51.19
65331,45.28,49.41,51.39
65341,45.34,49.77,51.61
65351,45.42,49.43,51.82
65361,45.49,49.76,52.04
65371,45.57,49.75,52.26
65381,45.65,49.85,52.48
65391,45.74,49.75,52.71
65401,45.83,49.82,52.94
65411,45.92,50.03,53.17
65421,46.03,49.81,53.41
65431,46.13,50.16,53.65
65441,46.24,49.96,53.89
65451,46.35,50.09,54.13
65461,46.47,50.15,54.37
65471,46.58,50.31,54.62
65481,46.71,50.25,54.87
65491,46.84,50.23,55.12
65501,46.96,50.55,55.37
65511,47.10,50.23,55.63
65521,47.23,50.62,55.88
65531,47.38,50.50,56.14
65541,47.52,50.56,56.40
65551,47.66,50.81,56.66
65561,47.83,50.41,56.92
65571,47.98,50.87,57.18
65581,48.14,50.80,57.44
65591,48.30,50.87,57.71
65601,48.46,51.07,57.97
65611,48.63,50.86,58.24
65621,48.80,51.10,58.50
65631,48.97,51.19,58.77
65641,49.15,51.06,59.03
65651,49.32,51.27,59.30
65661,49.51,51.22,59.56
65671,49.70,51.16,59.83
65681,49.88,51.52,60.09
65691,50.08,51.29,60.36
65701,50.29,51.28,60.62
65711,50.47,51.69,60.88
65721,50.69,51.24,61.15
65731,50.89,51.58,61.41
65741,51.10,51.58,61.67
65751,51.33,51.33,61.93
65761,51.55,51.64,62.19
65771,51.77,51.58,62.44
65781,52.00,51.44,62.70
65791,52.23,51.75,62.95
65801,52.46,51.58,63.21
65811,52.70,51.63,63.46
65821,52.94,51.71,63.71
65831,53.17,51.78,63.95
65841,53.42,51.58,64.20
65851,53.67,51.76,64.44
65861,53.91,51.91,64.68
65871,54.16,51.76,64.92
65881,54.42,51.70,65.16
65891,54.66,52.08,65.39
65901,54.93,51.62,65.62
65911,55.19,51.79,65.85
65921,55.44,52.12,66.07
65931,55.71,51.67,66.30
65941,55.99,51.75,66.52
65951,56.25,52.00,66.73
65961,56.52,51.81,66.94
65971,56.80,51.64,67.15
65981,57.06,52.01,67.36
65991,57.34,51.84,67.56
66001,57.63,51.59,67.76
66011,57.90,52.00,67.96
66021,58.17,51.86,68.15
66031,58.46,51.61,68.34
66041,58.75,51.74,68.53
66051,59.01,52.05,68.71
66061,59.30,51.71,68.88
66071,59.59,51.61,69.06
66081,59.85,52.13,69.22
66091,60.14,51.82,69.39
66101,60.43,51.45,69.55
66111,60.71,51.84,69.71
66121,60.99,51.80,69.86
66131,61.28,51.52,70.00
66141,61.57,51.59,70.15
66151,61.84,51.82,70.29
66161,62.12,51.74,70.42
66171,62.41,51.39,70.55
66181,62.69,51.69,70.67
66191,62.96,51.78,70.79
66201,63.24,51.38,70.91
66211,63.52,51.66,71.02
66221,63.79,51.59,71.12
66231,64.06,51.46,71.23
66241,64.34,51.40,71.32
66251,64.60,51.65,71.41
66261,64.87,51.48,71.50
66271,65.14,51.34,71.58
66281,65.39,51.65,71.66
66291,65.65,51.44,71.73
66301,65.90,51.48,71.79
66311,66.14,51.67,71.85
66321,66.38,51.58,71.91
66331,66.63,51.37,71.96
66341,66.86,51.62,72.01
66351,67.09,51.59,72.05
66361,67.33,51.33,72.08
66371,67.56,51.40,72.11
66381,67.78,51.56,72.14
66391,68.01,51.37,72.16
66401,68.21,51.65,72.18
66411,68.44,51.07,72.19
66421,68.65,51.32,72.19
66431,68.85,51.54,72.19
66441,69.06,51.09,72.19
66451,69.27,51.22,72.18
66461,69.45,51.51,72.16
66471,69.65,51.08,72.14
66481,69.83,51.19,72.12
66491,70.00,51.54,72.09
66501,70.19,51.01,72.05
66511,70.36,51.09,72.02
66521,70.52,51.41,71.97
66531,70.69,51.10,71.92
66541,70.85,51.05,71.87
66551,70.98,51.42,71.81
66561,71.14,51.02,71.75
66571,71.28,51.03,71.68
66581,71.41,51.27,71.61
66591,71.53,51.21,71.53
66601,71.66,51.01,71.45
66611,71.77,51.28,71.36
66621,71.89,51.06,71.27
66631,72.00,50.99,71.18
66641,72.09,51.26,71.08
66651,72.18,51.13,70.98
66661,72.28,50.90,70.87
66671,72.35,51.41,70.76
66681,72.44,50.90,70.65
66691,72.52,50.86,70.53
66701,72.57,51.33,70.40
66711,72.63,50.95,70.28
66721,72.69,50.95,70.15
66731,72.73,51.26,70.01
66741,72.78,50.93,69.88
66751,72.82,51.01,69.73
66761,72.84,51.12,69.59
66771,72.87,50.89,69.44
66781,72.89,51.00,69.29
66791,72.90,51.11,69.14
66801,72.91,51.00,68.98
66811,72.91,51.00,68.82
66821,72.90,51.20,68.65
66831,72.90,50.67,68.49
66841,72.89,50.98,68.32
66851,72.86,51.11,68.15
66861,72.85,50.64,67.97
66871,72.81,50.98,67.80
66881,72.78,50.92,67.62
66891,72.76,50.49,67.44
66901,72.71,50.95,67.25
66911,72.67,50.66,67.07
66921,72.63,50.53,66.88
66931,72.57,50.62,66.69
66941,72.52,50.53,66.50
66951,72.48,50.25,66.31
66961,72.41,50.52,66.11
66971,72.35,50.33,65.91
66981,72.29,50.12,65.72
66991,72.21,50.54,65.52
67001,72.15,49.99,65.32
67011,72.07,50.24,65.12
67021,71.99,50.09,64.91
67031,71.91,49.92,64.71
67041,71.82,50.06,64.51
67051,71.73,50.03,64.30
67061,71.65,49.64,64.10
67071,71.54,50.08,63.89
67081,71.45,49.60,63.69
67091,71.35,49.76,63.48
67101,71.24,49.75,63.27
67111,71.14,49.49,63.07
67121,71.03,49.70,62.86
67131,70.91,49.59,62.66
67141,70.81,49.21,62.45
67151,70.68,49.56,62.24
67161,70.57,49.19,62.04
67171,70.44,49.42,61.83
67181,70.31,49.32,61.63
67191,70.17,49.38,61.43
67201,70.02,49.65,61.22
67211,69.89,49.14,61.02
67221,69.73,49.42,60.82
67231,69.59,49.21,60.62
67241,69.44,49.17,60.43
67251,69.29,49.09,60.23
67261,69.14,49.00,60.03
67271,68.98,49.24,59.84
67281,68.82,49.02,59.65
67291,68.64,49.38,59.46
67301,68.47,49.06,59.27
67311,68.29,49.21,59.08
67321,68.12,49.14,58.90
67331,67.94,49.04,58.72
67341,67.75,49.31,58.54
67351,67.57,49.07,58.36
67361,67.38,49.14,58.18
67371,67.19,49.06,58.01
67381,66.98,49.48,57.84
67391,66.78,49.20,57.67
67401,66.57,49.29,57.51
67411,66.36,49.47,57.35
67421,66.15,49.41,57.19
67431,65.93,49.33,57.03
67441,65.72,49.30,56.88
67451,65.51,49.38,56.73
67461,65.28,49.53,56.58
67471,65.06,49.41,56.43
67481,64.84,49.45,56.29
67491,64.60,49.87,56.15
67501,64.37,49.58,56.02
67511,64.13,49.86,55.89
67521,63.90,49.69,55.76
67531,63.65,49.90,55.64
67541,63.42,49.83,55.52
67551,63.18,49.82,55.40
67561,62.94,49.99,55.29
67571,62.70,49.78,55.18
67581,62.45,50.26,55.08
67591,62.21,49.92,54.97
67601,61.97,50.10,54.88
67611,61.72,50.27,54.78
67621,61.49,49.98,54.70
67631,61.24,50.33,54.61
67641,61.01,50.04,54.53
67651,60.77,50.29,54.45
67661,60.53,50.24,54.38
67671,60.30,50.17,54.31
67681,60.06,50.50,54.25
67691,59.83,50.20,54.19
67701,59.60,50.36,54.13
67711,59.37,50.47,54.08
67721,59.14,50.38,54.03
67731,58.92,50.43,53.99
67741,58.69,50.59,53.95
67751,58.49,50.27,53.91
67761,58.26,50.77,53.88
67771,58.04,50.51,53.86
67781,57.83,50.67,53.83
67791,57.62,50.66,53.82
67801,57.42,50.53,53.80
67811,57.21,50.74,53.80
67821,57.01,50.71,53.79
67831,56.82,50.72,53.79
67841,56.62,50.85,53.80
67851,56.43,50.78,53.80
67861,56.24,50.81,53.82
67871,56.06,50.89,53.83
67881,55.89,50.66,53.86
67891,55.72,50.85,53.88
67901,55.54,50.99,53.91
67911,55.39,50.68,53.94
67921,55.22,51.18,53.98
67931,55.07,50.81,54.02
67941,54.91,51.00,54.07
67951,54.76,51.02,54.12
67961,54.63,50.90,54.18
67971,54.49,50.89,54.23
67981,54.36,51.02,54.30
67991,54.24,50.84,54.36
68001,54.13,50.86,54.43
68011,54.01,51.16,54.51
68021,53.92,50.54,54.58
68031,53.81,51.11,54.66
68041,53.71,51.03,54.75
68051,53.62,50.83,54.84
68061,53.53,51.09,54.93
68071,53.45,50.92,55.02
68081,53.38,50.85,55.12
68091,53.32,50.92,55.22
68101,53.25,51.08,55.33
68111,53.20,50.65,55.44
68121,53.15,51.06,55.55
68131,53.10,50.94,55.66
68141,53.07,50.65,55.78
68151,53.04,50.95,55.90
68161,53.02,50.72,56.02
68171,53.00,50.81,56.15
68181,52.98,50.99,56.28
68191,52.97,50.69,56.41
68201,52.97,50.79,56.54
68211,52.97,50.94,56.68
68221,52.98,50.69,56.82
68231,52.99,50.77,56.96
68241,53.01,50.82,57.10
68251,53.04,50.69,57.25
68261,53.07,50.73,57.39
68271,53.09,51.07,57.54
68281,53.13,50.54,57.69
68291,53.16,51.03,57.85
68301,53.20,50.96,58.00
68311,53.25,50.92,58.16
68321,53.28,51.23,58.31
68331,53.35,50.78,58.47
68341,53.40,51.05,58.63
68351,53.46,51.07,58.79
68361,53.51,51.17,58.95
68371,53.59,50.96,59.12
68381,53.65,51.29,59.28
68391,53.72,51.10,59.45
68401,53.80,51.11,59.61
68411,53.86,51.47,59.78
68421,53.95,51.03,59.94
68431,54.03,51.39,60.11
68441,54.11,51.51,60.27
68451,54.21,51.10,60.44
68461,54.29,51.48,60.61
68471,54.39,51.41,60.77
68481,54.50,51.24,60.94
68491,54.59,51.55,61.11
68501,54.69,51.50,61.27
68511,54.80,51.55,61.44
68521,54.91,51.32,61.60
68531,55.02,51.67,61.77
68541,55.14,51.44,61.93
68551,55.25,51.71,62.09
68561,55.37,51.50,62.25
68571,55.50,51.40,62.41
68581,55.63,51.61,62.57
68591,55.75,51.76,62.73
68601,55.88,51.50,62.88
68611,56.02,51.59,63.04
68621,56.15,51.81,63.19
68631,56.29,51.56,63.34
68641,56.43,51.72,63.49
68651,56.56,51.78,63.64
68661,56.70,51.71,63.78
68671,56.86,51.52,63.93
68681,56.99,51.95,64.07
68691,57.14,51.72,64.21
68701,57.30,51.53,64.34
68711,57.45,51.89,64.48
68721,57.60,51.72,64.61
68731,57.76,51.66,64.74
68741,57.92,51.68,64.86
68751,58.07,51.79,64.98
68761,58.24,51.58,65.10
68771,58.41,51.48,65.22
68781,58.56,51.87,65.33
68791,58.73,51.55,65.44
68801,58.91,51.45,65.55
68811,59.06,51.85,65.65
68821,59.23,51.63,65.75
68831,59.40,51.56,65.85
68841,59.56,51.64,65.94
68851,59.73,51.70,66.03
68861,59.90,51.48,66.12
68871,60.07,51.49,66.20
68881,60.24,51.63,66.28
68891,60.42,51.36,66.35
68901,60.59,51.39,66.42
68911,60.75,51.71,66.49
68921,60.92,51.46,66.55
68931,61.09,51.35,66.61
68941,61.26,51.51,66.66
68951,61.42,51.52,66.71
68961,61.60,51.10,66.75
68971,61.76,51.42,66.79
68981,61.92,51.50,66.83
68991,62.09,51.23,66.86
69001,62.26,51.26,66.89
69011,62.41,51.38,66.91
69021,62.58,51.14,66.92
69031,62.74,51.06,66.94
69041,62.89,51.35,66.95
69051,63.06,50.93,66.95
69061,63.22,51.05,66.95
69071,63.36,51.22,66.94
69081,63.52,50.94,66.93
69091,63.67,50.88,66.91
69101,63.81,51.25,66.89
69111,63.96,50.80,66.87
69121,64.10,50.90,66.83
69131,64.23,51.10,66.80
69141,64.37,50.78,66.76
69151,64.51,50.76,66.71
69161,64.63,51.01,66.66
69171,64.76,50.59,66.61
69181,64.89,50.71,66.54
69191,65.00,50.77,66.48
69201,65.12,50.61,66.41
69211,65.24,50.68,66.33
69221,65.34,50.78,66.25
69231,65.45,50.41,66.17
69241,65.55,50.64,66.08
69251,65.65,50.51,65.98
69261,65.76,50.25,65.88
69271,65.84,50.64,65.78
69281,65.93,50.39,65.67
69291,66.01,50.31,65.55
69301,66.07,50.68,65.43
69311,66.16,50.13,65.31
69321,66.22,50.44,65.18
69331,66.28,50.37,65.05
69341,66.34,50.13,64.91
69351,66.39,50.43,64.77
69361,66.45,49.98,64.62
69371,66.50,50.07,64.47
69381,66.52,50.42,64.31
69391,66.57,49.92,64.15
69401,66.60,50.14,63.99
69411,66.62,49.97,63.82
69421,66.65,49.82,63.64
69431,66.66,50.06,63.47
69441,66.68,49.86,63.29
69451,66.69,49.86,63.10
69461,66.69,49.82,62.91
69471,66.69,49.75,62.72
69481,66.68,49.75,62.52
69491,66.68,49.53,62.32
69501,66.65,49.76,62.11
69511,66.63,49.70,61.91
69521,66.60,49.57,61.69
69531,66.56,49.72,61.48
69541,66.53,49.39,61.26
69551,66.49,49.46,61.04
69561,66.45,49.24,60.81
69571,66.40,49.32,60.58
69581,66.34,49.30,60.35
69591,66.30,48.99,60.12
69601,66.25,48.89,59.88
69611,66.18,49.03,59.64
69621,66.13,48.74,59.40
69631,66.06,48.70,59.16
69641,65.98,48.96,58.91
69651,65.92,48.48,58.66
69661,65.83,48.68,58.41
69671,65.76,48.33,58.15
69681,65.67,48.43,57.90
69691,65.59,48.15,57.64
69701,65.50,48.25,57.38
69711,65.41,48.06,57.12
69721,65.31,48.09,56.86
69731,65.20,48.05,56.59
69741,65.10,47.82,56.33
69751,64.99,47.93,56.06
69761,64.87,47.80,55.80
69771,64.75,47.81,55.53
69781,64.64,47.51,55.26
69791,64.50,47.70,54.99
69801,64.38,47.48,54.72
69811,64.23,47.60,54.45
69821,64.10,47.35,54.18
69831,63.95,47.47,53.91
69841,63.80,47.28,53.63
69851,63.65,47.33,53.36
69861,63.49,47.19,53.09
69871,63.33,47.26,52.82
69881,63.16,47.21,52.55
69891,62.99,47.15,52.28
69901,62.80,47.19,52.01
69911,62.63,46.91,51.74
69921,62.45,47.02,51.48
69931,62.27,46.82,51.21
69941,62.07,47.08,50.95
69951,61.87,46.86,50.68
69961,61.66,47.07,50.42
69971,61.46,46.79,50.16
69981,61.25,46.94,49.90
69991,61.04,46.77,49.64
70001,60.82,46.79,49.39
70011,60.60,46.89,49.13
70021,60.37,46.73,48.88
70031,60.13,46.97,48.64
70041,59.90,46.77,48.39
70051,59.66,46.96,48.15
70061,59.41,46.85,47.91
70071,59.16,46.92,47.67
70081,58.90,47.03,47.43
70091,58.64,46.89,47.20
70101,58.38,46.97,46.97
70111,58.12,46.86,46.75
70121,57.85,47.01,46.53
70131,57.58,46.99,46.31
70141,57.31,47.03,46.09
70151,57.02,47.16,45.88
70161,56.74,47.05,45.68
70171,56.45,47.35,45.47
70181,56.16,47.18,45.27
70191,55.86,47.34,45.08
70201,55.57,47.33,44.89
70211,55.28,47.18,44.71
70221,54.97,47.52,44.52
70231,54.68,47.14,44.35
70241,54.37,47.61,44.18
70251,54.08,47.35,44.01
70261,53.77,47.60,43.85
70271,53.46,47.57,43.69
70281,53.16,47.58,43.54
70291,52.84,47.76,43.40
70301,52.54,47.67,43.26
70311,52.23,47.79,43.12
70321,51.92,47.76,42.99
70331,51.61,47.92,42.87
70341,51.29,48.02,42.75
70351,50.99,47.91,42.64
70361,50.68,48.06,42.53
70371,50.37,48.05,42.43
70381,50.06,48.27,42.34
70391,49.76,48.03,42.25
70401,49.45,48.29,42.17
70411,49.15,48.20,42.09
70421,48.85,48.40,42.02
70431,48.56,48.13,41.96
70441,48.27,48.41,41.90
70451,47.98,48.30,41.85
70461,47.69,48.44,41.81
70471,47.41,48.45,41.77
70481,47.13,48.56,41.74
70491,46.84,48.72,41.72
70501,46.57,48.69,41.70
70511,46.29,48.79,41.69
70521,46.02,48.76,41.69
70531,45.75,48.89,41.69
70541,45.50,48.71,41.70
70551,45.25,48.75,41.72
70561,45.01,48.71,41.74
70571,44.77,48.84,41.77
70581,44.54,48.73,41.81
70591,44.32,48.82,41.86
70601,44.10,48.75,41.91
70611,43.89,48.77,41.97
70621,43.69,48.77,42.04
70631,43.50,48.76,42.11
70641,43.32,48.67,42.19
70651,43.14,48.68,42.28
70661,42.97,48.82,42.37
70671,42.80,48.77,42.48
70681,42.64,48.90,42.59
70691,42.49,48.79,42.70
70701,42.35,48.79,42.82
70711,42.20,48.97,42.96
70721,42.08,48.74,43.09
70731,41.95,49.07,43.24
70741,41.84,48.71,43.39
70751,41.72,49.15,43.55
70761,41.63,48.80,43.71
70771,41.53,49.13,43.88
70781,41.45,48.78,44.06
70791,41.37,49.00,44.25
70801,41.31,48.90,44.44
70811,41.25,48.88,44.64
70821,41.21,48.86,44.85
70831,41.17,48.85,45.06
70841,41.14,48.93,45.28
70851,41.12,48.80,45.50
70861,41.10,48.99,45.74
70871,41.10,48.75,45.97
70881,41.10,49.01,46.22
70891,41.12,48.83,46.47
70901,41.13,49.10,46.73
70911,41.16,48.96,46.99
70921,41.18,49.15,47.26
70931,41.22,49.03,47.54
70941,41.27,49.09,47.82
70951,41.32,49.20,48.10
70961,41.38,49.17,48.40
70971,41.44,49.41,48.70
70981,41.52,49.23,49.00
70991,41.58,49.65,49.31
71001,41.67,49.38,49.62
71011,41.75,49.69,49.94
71021,41.85,49.48,50.27
71031,41.95,49.69,50.60
71041,42.07,49.58,50.93
71051,42.18,49.79,51.27
71061,42.30,50.01,51.62
71071,42.43,49.84,51.97
71081,42.56,50.12,52.32
71091,42.70,49.95,52.68
71101,42.83,50.40,53.04
71111,42.99,50.19,53.41
71121,43.13,50.51,53.78
71131,43.29,50.54,54.15
71141,43.45,50.49,54.53
71151,43.61,50.84,54.92
71161,43.80,50.47,55.30
71171,43.98,50.90,55.69
71181,44.16,50.94,56.08
71191,44.36,50.90,56.48
71201,44.55,51.28,56.88
71211,44.76,50.88,57.28
71221,44.97,51.32,57.68
71231,45.18,51.36,58.09
71241,45.40,51.36,58.49
71251,45.62,51.59,58.91
71261,45.86,51.54,59.32
71271,46.10,51.53,59.73
71281,46.33,52.04,60.15
71291,46.58,51.73,60.57
71301,46.83,51.91,60.99
71311,47.08,52.17,61.41
71321,47.36,51.82,61.83
71331,47.62,52.31,62.26
71341,47.89,52.22,62.68
71351,48.18,52.13,63.11
71361,48.47,52.37,63.54
71371,48.75,52.62,63.96
71381,49.05,52.35,64.39
71391,49.35,52.59,64.82
71401,49.65,52.97,65.24
71411,49.96,52.59,65.67
71421,50.29,52.63,66.10
71431,50.61,52.95,66.53
71441,50.93,52.89,66.95
71451,51.28,52.75,67.38
71461,51.62,52.87,67.80
71471,51.96,53.12,68.23
71481,52.31,53.15,68.65
71491,52.66,53.12,69.07
71501,53.03,53.14,69.49
71511,53.38,53.50,69.91
71521,53.74,53.47,70.32
71531,54.11,53.25,70.73
71541,54.49,53.41,71.15
71551,54.86,53.60,71.56
71561,55.24,53.53,71.96
71571,55.64,53.28,72.37
71581,56.05,53.33,72.77
71591,56.44,53.63,73.17
71601,56.84,53.71,73.57
71611,57.24,53.64,73.96
71621,57.66,53.46,74.35
71631,58.08,53.56,74.73
71641,58.49,53.74,75.12
71651,58.91,53.72,75.50
71661,59.34,53.54,75.87
71671,59.78,53.40,76.24
71681,60.21,53.82,76.61
71691,60.63,53.84,76.97
71701,61.07,53.79,77.33
71711,61.52,53.48,77.68
71721,61.98,53.41,78.03
71731,62.42,53.65,78.38
71741,62.88,53.50,78.72
71751,63.33,53.74,79.05
71761,63.78,53.68,79.38
71771,64.24,53.39,79.70
71781,64.70,53.66,80.02
71791,65.16,53.62,80.34
71801,65.63,53.39,80.64
71811,66.11,53.07,80.94
71821,66.58,53.32,81.24
71831,67.04,53.57,81.53
71841,67.50,53.51,81.81
71851,67.98,53.24,82.09
71861,68.46,53.17,82.36
71871,68.92,53.35,82.63
71881,69.38,53.58,82.89
71891,69.83,53.59,83.14
71901,70.30,53.22,83.38
71911,70.76,53.25,83.62
71921,71.21,53.56,83.86
71931,71.65,53.68,84.08
71941,72.10,53.42,84.30
71951,72.56,53.11,84.51
71961,73.02,53.18,84.71
71971,73.46,53.43,84.91
71981,73.88,53.63,85.10
71991,74.31,53.43,85.28
72001,74.76,53.17,85.46
72011,75.19,53.22,85.63
72021,75.61,53.48,85.79
72031,76.02,53.47,85.94
72041,76.45,53.21,86.08
72051,76.87,53.02,86.22
72061,77.29,53.07,86.35
72071,77.69,53.37,86.47
72081,78.08,53.44,86.59
72091,78.49,53.02,86.69
72101,78.90,52.76,86.79
72111,79.29,52.96,86.88
72121,79.67,53.22,86.96
72131,80.05,53.11,87.04
72141,80.43,52.83,87.10
72151,80.81,52.75,87.16
72161,81.18,52.84,87.21
72171,81.53,52.96,87.26
72181,81.89,52.83,87.29
72191,82.25,52.56,87.32
72201,82.60,52.56,87.34
72211,82.93,52.77,87.35
72221,83.26,52.79,87.35
72231,83.59,52.41,87.35
72241,83.92,52.33,87.34
72251,84.23,52.64,87.32
72261,84.52,52.74,87.29
72271,84.82,52.44,87.25
72281,85.12,52.19,87.21
72291,85.41,52.31,87.16
72301,85.67,52.61,87.10
72311,85.94,52.27,87.03
72321,86.22,51.97,86.95
72331,86.48,52.13,86.87
72341,86.71,52.38,86.78
72351,86.96,52.06,86.68
72361,87.21,51.65,86.58
72371,87.44,51.86,86.46
72381,87.65,52.08,86.34
72391,87.87,51.82,86.22
72401,88.08,51.63,86.08
72411,88.27,51.79,85.94
72421,88.46,51.67,85.79
72431,88.65,51.42,85.64
72441,88.82,51.59,85.47
72451,88.98,51.69,85.30
72461,89.14,51.34,85.13
72471,89.30,51.25,84.94
72481,89.43,51.51,84.75
72491,89.56,51.32,84.55
72501,89.70,50.91,84.35
72511,89.81,51.22,84.14
72521,89.90,51.42,83.93
72531,90.01,50.90,83.70
72541,90.10,50.98,83.48
72551,90.17,51.22,83.24
72561,90.24,50.80,83.00
72571,90.32,50.63,82.76
72581,90.35,51.24,82.51
72591,90.40,50.74,82.25
72601,90.44,50.62,81.99
72611,90.46,50.86,81.72
72621,90.47,50.72,81.45
72631,90.49,50.38,81.17
72641,90.48,50.78,80.89
72651,90.47,50.50,80.60
72661,90.45,50.35,80.31
72671,90.42,50.50,80.01
72681,90.39,50.28,79.71
72691,90.36,50.07,79.41
72701,90.29,50.45,79.10
72711,90.23,50.13,78.78
72721,90.18,49.89,78.47
72731,90.09,50.26,78.15
72741,90.02,49.63,77.82
72751,89.92,50.14,77.49
72761,89.83,49.75,77.16
72771,89.73,49.55,76.83
72781,89.60,49.99,76.49
72791,89.49,49.46,76.15
72801,89.37,49.38,75.81
72811,89.23,49.63,75.47
72821,89.09,49.35,75.12
72831,88.95,49.19,74.77
72841,88.79,49.33,74.42
72851,88.65,48.82,74.06
72861,88.49,48.86,73.71
72871,88.30,49.36,73.35
72881,88.12,48.95,72.99
72891,87.93,48.91,72.64
72901,87.73,48.84,72.27
72911,87.54,48.62,71.91
72921,87.32,48.80,71.55
72931,87.11,48.61,71.19
72941,86.87,48.96,70.83
72951,86.66,48.22,70.46
72961,86.40,48.90,70.10
72971,86.16,48.49,69.73
72981,85.90,48.59,69.37
72991,85.64,48.51,69.01
73001,85.37,48.49,68.64
73011,85.09,48.73,68.28
73021,84.80,48.61,67.92
73031,84.50,48.65,67.56
73041,84.20,48.52,67.20
73051,83.88,48.77,66.84
73061,83.56,48.60,66.49
73071,83.22,48.86,66.13
73081,82.91,48.29,65.78
73091,82.56,48.86,65.43
73101,82.21,48.66,65.08
73111,81.85,48.93,64.73
73121,81.49,48.70,64.38
73131,81.10,49.19,64.04
73141,80.73,48.74,63.70
73151,80.34,49.22,63.37
73161,79.94,49.10,63.03
73171,79.53,49.42,62.70
73181,79.13,48.98,62.37
73191,78.71,49.46,62.05
73201,78.29,49.29,61.73
73211,77.86,49.50,61.41
73221,77.43,49.59,61.10
73231,76.99,49.53,60.79
73241,76.54,49.86,60.48
73251,76.10,49.72,60.18
73261,75.63,50.03,59.88
73271,75.18,49.79,59.59
73281,74.71,50.22,59.30
73291,74.24,50.10,59.02
73301,73.76,50.37,58.74
73311,73.29,50.36,58.46
73321,72.79,50.70,58.19
73331,72.31,50.66,57.93
73341,71.83,50.52,57.67
73351,71.32,50.98,57.42
73361,70.84,50.77,57.17
73371,70.33,51.19,56.93
73381,69.83,51.07,56.69
73391,69.33,51.30,56.46
73401,68.81,51.72,56.23
73411,68.31,51.24,56.01
73421,67.80,51.71,55.80
73431,67.30,51.61,55.59
73441,66.80,51.61,55.39
73451,66.29,51.97,55.20
73461,65.79,51.89,55.01
73471,65.30,51.76,54.83
73481,64.79,52.22,54.65
73491,64.31,51.95,54.48
73501,63.81,52.21,54.32
73511,63.31,52.46,54.17
73521,62.83,52.20,54.02
73531,62.35,52.43,53.88
73541,61.87,52.53,53.74
73551,61.40,52.45,53.61
73561,60.94,52.43,53.49
73571,60.47,52.70,53.38
73581,60.01,52.64,53.27
73591,59.57,52.47,53.17
73601,59.12,52.76,53.08
73611,58.68,52.91,52.99
73621,58.25,52.77,52.91
73631,57.84,52.46,52.84
73641,57.43,52.77,52.78
73651,57.01,52.98,52.72
73661,56.62,52.69,52.67
73671,56.24,52.56,52.63
73681,55.85,52.89,52.60
73691,55.48,52.96,52.57
73701,55.12,52.64,52.55
73711,54.78,52.61,52.54
73721,54.43,52.90,52.53
73731,54.09,52.86,52.53
73741,53.77,52.56,52.54
73751,53.47,52.61,52.56
73761,53.15,52.94,52.58
73771,52.85,52.93,52.62
73781,52.57,52.60,52.65
73791,52.30,52.56,52.70
73801,52.03,52.71,52.75
73811,51.79,52.54,52.81
73821,51.56,52.30,52.88
73831,51.34,52.35,52.95
73841,51.12,52.55,53.04
73851,50.92,52.25,53.12
73861,50.75,51.88,53.22
73871,50.58,52.13,53.32
73881,50.40,52.24,53.43
73891,50.25,52.15,53.55
73901,50.11,51.91,53.67
73911,49.99,51.86,53.80
73921,49.88,51.72,53.93
73931,49.77,51.92,54.08
73941,49.67,51.80,54.22
73951,49.59,51.54,54.38
73961,49.52,51.70,54.54
73971,49.47,51.42,54.71
73981,49.41,51.61,54.88
73991,49.36,51.73,55.06
74001,49.34,51.28,55.25
74011,49.32,51.43,55.44
74021,49.30,51.63,55.64
74031,49.30,51.39,55.84
74041,49.30,51.35,56.05
74051,49.31,51.50,56.26
74061,49.33,51.56,56.48
74071,49.37,51.24,56.71
74081,49.40,51.50,56.93
74091,49.43,51.60,57.17
74101,49.49,51.30,57.41
74111,49.55,51.47,57.65
74121,49.62,51.52,57.90
74131,49.69,51.43,58.16
74141,49.78,51.37,58.41
74151,49.86,51.75,58.68
74161,49.96,51.40,58.94
74171,50.06,51.63,59.21
74181,50.16,51.83,59.49
74191,50.27,51.66,59.76
74201,50.39,51.63,60.05
74211,50.50,52.01,60.33
74221,50.63,51.80,60.62
74231,50.78,51.68,60.91
74241,50.91,52.14,61.21
74251,51.05,52.00,61.50
74261,51.21,51.75,61.80
74271,51.36,52.16,62.11
74281,51.52,52.20,62.41
74291,51.70,52.01,62.72
74301,51.87,52.09,63.03
74311,52.03,52.57,63.34
74321,52.22,52.30,63.66
74331,52.42,52.14,63.97
74341,52.60,52.65,64.29
74351,52.79,52.44,64.61
74361,53.01,52.28,64.93
74371,53.21,52.61,65.25
74381,53.41,52.84,65.57
74391,53.62,52.74,65.90
74401,53.85,52.59,66.22
74411,54.07,52.95,66.54
74421,54.28,53.08,66.87
74431,54.52,52.74,67.19
74441,54.77,52.86,67.52
74451,55.00,53.15,67.84
74461,55.24,53.06,68.17
74471,55.51,52.83,68.49
74481,55.76,53.24,68.81
74491,56.00,53.45,69.14
74501,56.26,53.26,69.46
74511,56.54,53.01,69.78
74521,56.81,53.23,70.10
74531,57.07,53.57,70.41
74541,57.35,53.34,70.73
74551,57.65,53.05,71.04
74561,57.95,53.14,71.36
74571,58.23,53.58,71.67
74581,58.51,53.66,71.98
74591,58.81,53.46,72.28
74601,59.12,53.41,72.58
74611,59.42,53.59,72.88
74621,59.71,53.80,73.18
74631,60.01,53.76,73.48
74641,60.33,53.47,73.77
74651,60.66,53.44,74.06
74661,60.97,53.62,74.34
74671,61.29,53.77,74.62
74681,61.61,53.61,74.90
74691,61.95,53.35,75.18
74701,62.29,53.48,75.45
74711,62.62,53.77,75.71
74721,62.94,53.72,75.97
74731,63.29,53.51,76.23
74741,63.64,53.34,76.48
74751,63.99,53.43,76.73
74761,64.33,53.68,76.98
74771,64.66,53.73,77.21
74781,65.02,53.40,77.45
74791,65.38,53.26,77.68
74801,65.73,53.42,77.90
74811,66.08,53.57,78.12
74821,66.43,53.47,78.33
74831,66.79,53.30,78.54
74841,67.15,53.22,78.74
74851,67.51,53.32,78.93
74861,67.85,53.54,79.12
74871,68.20,53.44,79.30
74881,68.56,53.14,79.48
74891,68.92,53.15,79.65
74901,69.27,53.43,79.82
74911,69.60,53.52,79.97
74921,69.95,53.19,80.12
74931,70.32,52.87,80.27
74941,70.67,53.07,80.41
74951,71.01,53.24,80.54
74961,71.36,53.12,80.66
74971,71.71,52.91,80.78
74981,72.06,52.83,80.89
74991,72.39,53.01,80.99
75001,72.72,53.14,81.09
75011,73.05,52.90,81.18
75021,73.40,52.64,81.26
75031,73.73,52.76,81.33
75041,74.07,52.53,81.40
75051,74.38,52.89,81.46
75061,74.69,52.82,81.51
75071,75.02,52.42,81.55
75081,75.33,52.65,81.59
75091,75.65,52.31,81.62
75101,75.97,52.13,81.64
75111,76.28,52.31,81.65
75121,76.57,52.47,81.66
75131,76.88,52.06,81.65
75141,77.18,51.88,81.64
75151,77.47,52.20,81.62
75161,77.74,52.29,81.60
75171,78.02,52.06,81.56
75181,78.29,51.82,81.52
75191,78.56,51.99,81.47
75201,78.81,51.98,81.41
75211,79.08,51.59,81.35
75221,79.33,51.73,81.27
75231,79.55,52.09,81.19
75241,79.79,51.62,81.10
75251,80.04,51.26,81.01
75261,80.25,51.77,80.90
75271,80.46,51.72,80.79
75281,80.68,51.22,80.67
75291,80.88,51.48,80.54
75301,81.06,51.58,80.40
75311,81.25,51.34,80.25
75321,81.43,51.13,80.10
75331,81.60,51.30,79.94
75341,81.75,51.40,79.77
75351,81.92,50.80,79.60
75361,82.07,51.16,79.42
75371,82.20,51.22,79.22
75381,82.34,50.80,79.03
75391,82.46,51.04,78.82
75401,82.56,51.05,78.61
75411,82.68,50.77,78.39
75421,82.77,50.82,78.16
75431,82.85,50.98,77.92
75441,82.94,50.53,77.68
75451,83.01,50.68,77.43
75461,83.07,50.76,77.18
75471,83.13,50.40,76.91
75481,83.17,50.66,76.65
75491,83.19,50.71,76.37
75501,83.23,50.28,76.09
75511,83.24,50.55,75.80
75521,83.24,50.53,75.50
75531,83.25,50.10,75.20
75541,83.23,50.53,74.89
75551,83.21,50.15,74.57
75561,83.18,50.18,74.25
75571,83.14,50.35,73.93
75581,83.11,49.74,73.59
75591,83.05,50.00,73.25
75601,82.99,49.92,72.91
75611,82.94,49.49,72.56
75621,82.85,49.95,72.20
75631,82.78,49.37,71.84
75641,82.70,49.41,71.48
75651,82.61,49.39,71.11
75661,82.52,48.98,70.73
75671,82.41,49.27,70.35
75681,82.31,48.77,69.97
75691,82.19,49.00,69.58
75701,82.07,48.78,69.18
75711,81.94,48.54,68.78
75721,81.79,48.84,68.38
75731,81.65,48.38,67.97
75741,81.49,48.66,67.56
75751,81.34,48.06,67.15
75761,81.17,48.23,66.73
75771,81.00,48.15,66.31
75781,80.82,47.99,65.89
75791,80.62,48.14,65.46
75801,80.43,47.72,65.03
75811,80.21,47.98,64.59
75821,80.00,47.61,64.16
75831,79.77,47.81,63.72
75841,79.55,47.51,63.28
75851,79.30,47.74,62.83
75861,79.06,47.26,62.39
75871,78.79,47.69,61.94
75881,78.54,47.26,61.49
75891,78.25,47.59,61.04
75901,77.97,47.21,60.58
75911,77.68,47.37,60.13
75921,77.39,47.05,59.68
75931,77.07,47.34,59.22
75941,76.76,47.08,58.76
75951,76.43,47.22,58.30
75961,76.10,47.03,57.84
75971,75.76,47.05,57.39
75981,75.42,46.88,56.93
75991,75.07,47.00,56.47
76001,74.70,47.07,56.01
76011,74.34,46.78,55.55
76021,73.95,47.15,55.09
76031,73.57,46.75,54.63
76041,73.17,47.17,54.17
76051,72.76,46.97,53.72
76061,72.35,47.03,53.26
76071,71.92,47.04,52.81
76081,71.50,46.92,52.35
76091,71.05,47.28,51.90
76101,70.60,47.14,51.45
76111,70.14,47.39,51.00
76121,69.67,47.23,50.55
76131,69.20,47.36,50.11
76141,68.71,47.51,49.66
76151,68.22,47.48,49.22
76161,67.72,47.47,48.79
76171,67.22,47.39,48.35
76181,66.71,47.66,47.92
76191,66.20,47.54,47.49
76201,65.66,47.98,47.06
76211,65.13,47.68,46.64
76221,64.59,48.07,46.22
76231,64.05,47.85,45.80
76241,63.49,48.26,45.39
76251,62.94,48.03,44.98
76261,62.37,48.26,44.57
76271,61.80,48.35,44.17
76281,61.24,48.18,43.77
76291,60.66,48.46,43.38
76301,60.10,48.21,42.99
76311,59.52,48.48,42.60
76321,58.95,48.42,42.22
76331,58.36,48.72,41.84
76341,57.78,48.48,41.47
76351,57.19,48.70,41.11
76361,56.61,48.52,40.74
76371,56.03,48.71,40.39
76381,55.46,48.49,40.04
76391,54.87,48.77,39.69
76401,54.29,48.64,39.35
76411,53.71,48.84,39.02
76421,53.14,48.66,38.69
76431,52.55,48.87,38.36
76441,51.99,48.64,38.04
76451,51.41,48.78,37.73
76461,50.86,48.49,37.43
76471,50.30,48.59,37.13
76481,49.75,48.66,36.83
76491,49.18,48.88,36.54
76501,48.64,48.58,36.26
76511,48.09,48.73,35.99
76521,47.56,48.39,35.72
76531,47.02,48.71,35.45
76541,46.50,48.41,35.20
76551,45.97,48.62,34.95
76561,45.47,48.29,34.70
76571,44.95,48.64,34.47
76581,44.46,48.17,34.24
76591,43.96,48.30,34.01
76601,43.48,48.03,33.80
76611,43.00,48.33,33.59
76621,42.54,47.94,33.39
76631,42.07,48.06,33.19
76641,41.63,47.74,33.00
76651,41.18,47.98,32.82
76661,40.75,47.68,32.64
76671,40.31,47.85,32.48
76681,39.90,47.58,32.31
76691,39.48,47.71,32.16
76701,39.09,47.28,32.01
76711,38.69,47.48,31.87
76721,38.32,47.14,31.74
76731,37.94,47.33,31.61
76741,37.59,46.93,31.50
76751,37.23,47.13,31.38
76761,36.89,46.78,31.28
76771,36.56,46.88,31.18
76781,36.24,46.60,31.09
76791,35.92,46.75,31.01
76801,35.62,46.45,30.93
76811,35.32,46.49,30.86
76821,35.04,46.34,30.80
76831,34.77,46.10,30.74
76841,34.50,46.21,30.69
76851,34.25,45.93,30.65
76861,34.00,46.04,30.61
76871,33.77,45.68,30.58
76881,33.56,45.58,30.56
76891,33.35,45.46,30.55
76901,33.16,45.19,30.54
76911,32.97,45.39,30.54
76921,32.80,44.94,30.54
76931,32.62,45.24,30.55
76941,32.46,44.98,30.57
76951,32.32,44.75,30.59
76961,32.17,44.78,30.62
76971,32.05,44.56,30.66
76981,31.92,44.67,30.70
76991,31.81,44.49,30.75
77001,31.71,44.11,30.80
77011,31.62,44.28,30.86
77021,31.53,44.29,30.92
77031,31.46,43.86,31.00
77041,31.39,43.97,31.07
77051,31.33,43.99,31.15
77061,31.29,43.57,31.24
77071,31.24,43.75,31.34
77081,31.20,43.86,31.43
77091,31.18,43.25,31.54
77101,31.16,43.49,31.65
77111,31.15,43.41,31.76
77121,31.16,43.14,31.88
77131,31.16,43.16,32.00
77141,31.17,43.19,32.13
77151,31.18,43.25,32.26
77161,31.22,42.85,32.40
77171,31.25,42.88,32.54
77181,31.28,43.11,32.69
77191,31.32,42.98,32.83
77201,31.37,42.80,32.99
77211,31.42,42.85,33.14
77221,31.47,43.02,33.31
77231,31.52,42.92,33.47
77241,31.59,42.78,33.64
77251,31.66,42.83,33.81
77261,31.73,42.83,33.98
77271,31.80,42.80,34.16
77281,31.89,42.70,34.34
77291,31.97,42.90,34.53
77301,32.04,43.18,34.71
77311,32.12,43.02,34.90
77321,32.21,42.86,35.09
77331,32.31,42.85,35.28
77341,32.40,43.08,35.48
77351,32.49,43.22,35.68
77361,32.57,43.35,35.88
77371,32.66,43.27,36.08
77381,32.76,43.26,36.28
77391,32.85,43.61,36.48
77401,32.93,43.83,36.69
77411,33.02,43.63,36.90
77421,33.13,43.41,37.10
77431,33.23,43.65,37.31
77441,33.32,43.88,37.52
77451,33.42,43.98,37.73
77461,33.51,44.08,37.94
77471,33.61,44.08,38.15
77481,33.71,44.16,38.37
77491,33.80,44.50,38.58
77501,33.89,44.53,38.79
77511,33.99,44.39,39.00
77521,34.10,44.43,39.21
77531,34.20,44.61,39.42
77541,34.29,44.84,39.63
77551,34.39,44.96,39.84
77561,34.50,44.75,40.05
77571,34.61,44.79,40.25
77581,34.70,45.29,40.46
77591,34.80,45.34,40.66
77601,34.90,45.16,40.87
77611,35.02,45.17,41.07
77621,35.11,45.68,41.27
77631,35.20,45.75,41.47
77641,35.32,45.42,41.66
77651,35.42,45.69,41.86
77661,35.52,45.93,42.05
77671,35.63,45.90,42.24
77681,35.74,45.80,42.42
77691,35.84,46.16,42.61
77701,35.95,46.19,42.79
77711,36.06,46.05,42.97
77721,36.17,46.24,43.15
77731,36.28,46.31,43.32
77741,36.40,46.23,43.49
77751,36.53,46.11,43.65
77761,36.64,46.54,43.82
77771,36.76,46.31,43.98
77781,36.88,46.43,44.13
77791,37.00,46.63,44.29
77801,37.12,46.72,44.44
77811,37.25,46.39,44.58
77821,37.37,46.77,44.72
77831,37.50,46.55,44.86
77841,37.63,46.59,44.99
77851,37.75,46.84,45.12
77861,37.88,46.72,45.24
77871,38.02,46.67,45.36
77881,38.15,46.75,45.48
77891,38.29,46.63,45.59
77901,38.43,46.74,45.69
77911,38.56,46.89,45.79
77921,38.71,46.59,45.89
77931,38.84,46.88,45.98
77941,38.97,46.89,46.07
77951,39.13,46.54,46.15
77961,39.26,46.84,46.22
77971,39.40,46.74,46.29
77981,39.55,46.68,46.36
77991,39.69,46.82,46.42
78001,39.84,46.52,46.47
78011,39.99,46.63,46.52
78021,40.13,46.64,46.56
78031,40.28,46.47,46.60
78041,40.43,46.56,46.64
78051,40.58,46.42,46.66
78061,40.73,46.41,46.68
78071,40.88,46.51,46.70
78081,41.03,46.25,46.71
78091,41.18,46.36,46.71
78101,41.33,46.28,46.71
78111,41.48,46.19,46.70
78121,41.62,46.23,46.69
78131,41.77,46.04,46.67
78141,41.93,45.96,46.65
78151,42.07,46.12,46.62
78161,42.21,45.90,46.58
78171,42.36,45.89,46.54
78181,42.50,45.84,46.49
78191,42.65,45.61,46.44
78201,42.79,45.82,46.38
78211,42.92,45.72,46.31
78221,43.06,45.48,46.24
78231,43.19,45.58,46.16
78241,43.32,45.64,46.08
78251,43.45,45.32,45.99
78261,43.57,45.45,45.89
78271,43.70,45.29,45.79
78281,43.83,45.12,45.69
78291,43.94,45.19,45.58
78301,44.06,45.05,45.46
78311,44.18,44.96,45.33
78321,44.28,45.05,45.21
78331,44.39,44.88,45.07
78341,44.50,44.66,44.93
78351,44.59,44.97,44.79
78361,44.68,44.68,44.64
78371,44.78,44.63,44.48
78381,44.86,44.63,44.32
78391,44.94,44.66,44.15
78401,45.02,44.36,43.98
78411,45.09,44.50,43.81
78421,45.16,44.32,43.62
78431,45.22,44.22,43.44
78441,45.27,44.35,43.25
78451,45.32,44.29,43.05
78461,45.37,44.02,42.85
78471,45.41,44.13,42.65
78481,45.45,44.07,42.44
78491,45.48,43.89,42.22
78501,45.52,43.80,42.00
78511,45.53,43.87,41.78
78521,45.55,43.72,41.55
78531,45.58,43.43,41.32
78541,45.58,43.77,41.09
78551,45.57,43.74,40.85
78561,45.57,43.41,40.61
78571,45.57,43.33,40.36
78581,45.55,43.42,40.11
78591,45.52,43.45,39.86
78601,45.50,43.15,39.60
78611,45.47,43.05,39.34
78621,45.43,43.33,39.08
78631,45.38,43.08,38.81
78641,45.35,42.81,38.54
78651,45.30,42.72,38.27
78661,45.25,42.75,38.00
78671,45.19,42.76,37.72
78681,45.13,42.51,37.44
78691,45.07,42.33,37.16
78701,45.00,42.41,36.88
78711,44.92,42.28,36.59
78721,44.84,42.24,36.31
78731,44.76,42.19,36.02
78741,44.67,41.95,35.73
78751,44.57,42.05,35.44
78761,44.47,42.00,35.14
78771,44.36,41.94,34.85
78781,44.26,41.68,34.55
78791,44.15,41.48,34.26
78801,44.04,41.60,33.96
78811,43.90,41.73,33.66
78821,43.76,41.79,33.37
78831,43.63,41.42,33.07
78841,43.49,41.25,32.77
78851,43.35,41.29,32.47
78861,43.20,41.16,32.17
78871,43.04,41.33,31.88
78881,42.88,41.12,31.58
78891,42.72,41.15,31.28
78901,42.56,40.84,30.99
78911,42.40,40.66,30.69
78921,42.22,40.84,30.40
78931,42.05,40.68,30.10
78941,41.86,40.77,29.81
78951,41.67,40.74,29.52
78961,41.48,40.73,29.23
78971,41.26,40.89,28.95
78981,41.05,40.79,28.66
78991,40.84,40.60,28.38
79001,40.64,40.35,28.10
79011,40.43,40.35,27.82
79021,40.21,40.42,27.55
79031,39.99,40.33,27.27
79041,39.77,40.26,27.00
79051,39.53,40.52,26.74
79061,39.28,40.57,26.47
79071,39.03,40.59,26.21
79081,38.76,40.85,25.95
79091,38.49,40.63,25.70
79101,38.23,40.65,25.45
79111,37.96,40.55,25.20
79121,37.69,40.53,24.96
79131,37.42,40.63,24.72
79141,37.15,40.39,24.49
79151,36.88,40.34,24.26
79161,36.60,40.39,24.03
79171,36.35,39.97,23.81
79181,36.07,40.30,23.60
79191,35.80,40.26,23.39
79201,35.52,40.22,23.18
79211,35.25,40.17,22.98
79221,34.97,40.25,22.79
79231,34.68,40.43,22.60
79241,34.39,40.28,22.41
79251,34.11,40.35,22.23
79261,33.81,40.55,22.06
79271,33.50,40.78,21.89
79281,33.20,40.56,21.73
79291,32.89,40.75,21.58
79301,32.58,40.82,21.43
79311,32.27,40.96,21.29
79321,31.96,40.86,21.15
79331,31.63,41.23,21.02
79341,31.31,41.18,20.90
79351,31.00,41.09,20.79
79361,30.69,40.99,20.68
79371,30.37,41.31,20.58
79381,30.06,41.21,20.48
79391,29.76,40.93,20.39
79401,29.46,41.08,20.31
79411,29.16,41.21,20.24
79421,28.87,41.05,20.17
79431,28.59,40.95,20.12
79441,28.31,40.98,20.07
79451,28.04,40.79,20.02
79461,27.78,40.82,19.99
79471,27.52,40.83,19.96
79481,27.27,40.70,19.94
79491,27.03,40.71,19.93
79501,26.79,40.67,19.93
79511,26.54,40.86,19.93
79521,26.29,41.08,19.94
79531,26.06,40.93,19.97
79541,25.82,41.17,19.99
79551,25.58,41.13,20.03
79561,25.33,41.60,20.08
79571,25.10,41.35,20.13
79581,24.88,41.33,20.20
79591,24.65,41.46,20.27
79601,24.45,41.23,20.35
79611,24.23,41.59,20.43
79621,24.03,41.38,20.53
79631,23.83,41.62,20.64
79641,23.66,41.12,20.75
79651,23.49,41.29,20.87
79661,23.33,41.13,21.00
79671,23.18,41.15,21.14
79681,23.04,41.13,21.29
79691,22.92,41.07,21.45
79701,22.78,41.25,21.61
79711,22.65,41.43,21.79
79721,22.52,41.61,21.97
79731,22.40,41.61,22.16
79741,22.27,42.03,22.36
79751,22.16,41.70,22.57
79761,22.06,41.81,22.79
79771,21.96,41.95,23.01
79781,21.88,41.64,23.25
79791,21.80,41.88,23.49
79801,21.74,41.78,23.74
79811,21.69,41.62,24.00
79821,21.66,41.53,24.27
79831,21.63,41.72,24.55
79841,21.61,41.69,24.84
79851,21.59,41.81,25.13
79861,21.59,41.86,25.43
79871,21.58,41.94,25.74
79881,21.58,42.26,26.06
79891,21.57,42.39,26.39
79901,21.58,42.49,26.72
79911,21.60,42.35,27.07
79921,21.64,42.31,27.42
79931,21.69,42.16,27.77
79941,21.75,42.13,28.14
79951,21.83,42.13,28.52
79961,21.90,42.56,28.90
79971,21.97,42.68,29.29
79981,22.03,43.10,29.68
79991,22.10,43.20,30.09
80001,22.18,43.32,30.50
80011,22.27,43.32,30.92
80021,22.39,43.01,31.35
80031,22.51,43.15,31.78
80041,22.63,43.35,32.22
80051,22.76,43.53,32.67
80061,22.88,43.94,33.12
80071,23.00,44.21,33.58
80081,23.13,44.23,34.05
80091,23.28,44.05,34.53
80101,23.45,44.15,35.01
80111,23.61,44.35,35.49
80121,23.78,44.61,35.99
80131,23.94,44.90,36.49
80141,24.12,44.94,36.99
80151,24.32,44.83,37.50
80161,24.52,44.98,38.02
80171,24.71,45.41,38.54
80181,24.90,45.73,39.07
80191,25.11,45.70,39.60
80201,25.33,45.70,40.14
80211,25.57,45.69,40.68
80221,25.79,46.31,41.23
80231,26.02,46.37,41.78
80241,26.27,46.35,42.34
80251,26.53,46.45,42.90
80261,26.78,46.88,43.47
80271,27.04,46.86,44.04
80281,27.32,46.82,44.61
80291,27.59,47.33,45.19
80301,27.87,47.42,45.77
80311,28.18,47.23,46.36
80321,28.47,47.69,46.95
80331,28.78,47.81,47.54
80341,29.09,47.84,48.14
80351,29.41,48.15,48.74
80361,29.74,48.15,49.34
80371,30.08,48.33,49.94
80381,30.41,48.72,50.55
80391,30.77,48.39,51.16
80401,31.12,48.92,51.77
80411,31.49,48.84,52.39
80421,31.85,49.12,53.00
80431,32.24,49.12,53.62
80441,32.63,49.20,54.24
80451,33.01,49.63,54.86
80461,33.42,49.41,55.48
80471,33.82,49.88,56.11
80481,34.24,49.64,56.73
80491,34.66,50.09,57.36
80501,35.10,49.85,57.99
80511,35.53,50.28,58.61
80521,35.98,50.19,59.24
80531,36.43,50.46,59.87
80541,36.89,50.51,60.50
80551,37.35,50.60,61.12
80561,37.82,50.82,61.75
80571,38.31,50.70,62.38
80581,38.79,50.98,63.00
80591,39.29,50.89,63.63
80601,39.80,50.98,64.25
80611,40.32,51.01,64.88
80621,40.85,51.04,65.50
80631,41.37,51.36,66.12
80641,41.91,51.20,66.74
80651,42.45,51.43,67.36
80661,43.00,51.49,67.98
80671,43.55,51.61,68.59
80681,44.11,51.55,69.20
80691,44.67,51.82,69.81
80701,45.24,51.81,70.42
80711,45.82,51.75,71.03
80721,46.42,51.63,71.63
80731,47.01,51.98,72.23
80741,47.59,52.13,72.82
80751,48.21,51.82,73.42
80761,48.81,52.23,74.01
80771,49.42,52.19,74.59
80781,50.04,52.15,75.18
80791,50.65,52.41,75.76
80801,51.26,52.67,76.33
80811,51.89,52.39,76.90
80821,52.51,52.65,77.47
80831,53.12,52.89,78.03
80841,53.75,52.78,78.59
80851,54.39,52.78,79.14
80861,55.02,53.03,79.69
80871,55.64,53.12,80.24
80881,56.29,52.98,80.78
80891,56.92,53.12,81.31
80901,57.55,53.43,81.84
80911,58.18,53.55,82.37
80921,58.83,53.33,82.89
80931,59.46,53.64,83.40
80941,60.08,53.88,83.91
80951,60.72,53.80,84.41
80961,61.36,53.63,84.91
80971,61.99,53.98,85.40
80981,62.62,54.23,85.88
80991,63.24,54.27,86.36
81001,63.88,54.04,86.83
81011,64.51,54.25,87.29
81021,65.13,54.55,87.75
81031,65.75,54.56,88.21
81041,66.37,54.58,88.65
81051,67.01,54.32,89.09
81061,67.63,54.56,89.52
81071,68.25,54.87,89.95
81081,68.86,54.94,90.37
81091,69.47,54.92,90.78
81101,70.10,54.72,91.18
81111,70.72,54.77,91.58
81121,71.32,55.07,91.97
81131,71.93,55.20,92.35
81141,72.52,55.29,92.72
81151,73.12,55.22,93.09
81161,73.73,55.13,93.45
81171,74.34,54.86,93.80
81181,74.96,54.90,94.15
81191,75.56,55.13,94.48
81201,76.15,55.24,94.81
81211,76.74,55.36,95.13
81221,77.32,55.48,95.45
81231,77.90,55.29,95.75
81241,78.50,55.01,96.05
81251,79.10,54.88,96.34
81261,79.70,54.91,96.62
81271,80.28,55.06,96.89
81281,80.86,55.16,97.15
81291,81.42,55.32,97.41
81301,81.98,55.31,97.66
81311,82.55,55.15,97.90
81321,83.12,54.83,98.13
81331,83.71,54.58,98.36
81341,84.28,54.62,98.57
81351,84.85,54.62,98.78
81361,85.41,54.73,98.98
81371,85.95,54.91,99.17
81381,86.49,54.89,99.35
81391,87.03,54.77,99.52
81401,87.58,54.44,99.69
81411,88.13,54.18,99.85
81421,88.68,54.03,100.00
81431,89.22,54.22,100.14
81441,89.74,54.32,100.27
81451,90.25,54.51,100.39
81461,90.75,54.40,100.51
81471,91.26,54.12,100.62
81481,91.78,53.67,100.72
81491,92.30,53.48,100.81
81501,92.81,53.60,100.89
81511,93.30,53.76,100.97
81521,93.77,53.90,101.03
81531,94.25,53.68,101.09
81541,94.74,53.14,101.14
81551,95.23,52.95,101.19
81561,95.70,52.97,101.22
81571,96.16,53.28,101.25
81581,96.60,53.15,101.27
81591,97.06,52.78,101.28
81601,97.52,52.39,101.28
81611,97.97,52.30,101.28
81621,98.40,52.71,101.27
81631,98.81,52.72,101.25
81641,99.23,52.20,101.22
81651,99.65,51.91,101.18
81661,100.05,52.22,101.14
81671,100.43,52.30,101.09
81681,100.83,51.83,101.04
81691,101.22,51.43,100.97
81701,101.60,51.73,100.90
81711,101.95,51.85,100.82
81721,102.31,51.40,100.73
81731,102.66,51.29,100.64
81741,102.99,51.56,100.54
81751,103.31,51.32,100.44
81761,103.65,50.82,100.32
81771,103.97,50.91,100.20
81781,104.24,51.48,100.07
81791,104.54,50.77,99.94
81801,104.84,50.53,99.80
81811,105.09,51.05,99.66
81821,105.35,50.66,99.50
81831,105.62,50.25,99.34
81841,105.84,50.88,99.18
81851,106.06,50.66,99.01
81861,106.30,50.08,98.83
81871,106.52,50.15,98.65
81881,106.70,50.47,98.46
81891,106.89,50.32,98.27
81901,107.09,49.65,98.07
81911,107.27,49.76,97.86
81921,107.42,49.98,97.65
81931,107.60,49.33,97.44
81941,107.73,49.91,97.22
81951,107.86,49.60,96.99
81961,107.99,49.44,96.76
81971,108.09,49.60,96.53
81981,108.21,49.13,96.28
81991,108.29,49.45,96.04
82001,108.37,49.32,95.79
82011,108.44,49.16,95.54
82021,108.49,49.44,95.28
82031,108.54,49.03,95.02
82041,108.56,49.43,94.75
82051,108.59,48.89,94.48
82061,108.59,49.32,94.20
82071,108.59,49.15,93.93
82081,108.58,48.96,93.64
82091,108.54,49.31,93.36
82101,108.52,48.73,93.07
82111,108.47,49.01,92.78
82121,108.42,48.76,92.48
82131,108.35,48.96,92.18
82141,108.29,48.43,91.88
82151,108.20,49.01,91.58
82161,108.12,48.33,91.27
82171,108.02,48.56,90.96
82181,107.91,48.50,90.64
82191,107.81,48.19,90.33
82201,107.67,48.76,90.01
82211,107.55,48.00,89.69
82221,107.40,48.39,89.37
82231,107.27,47.92,89.04
82241,107.10,48.29,88.72
82251,106.95,47.85,88.39
82261,106.76,48.35,88.06
82271,106.59,47.66,87.73
82281,106.39,48.21,87.40
82291,106.20,47.73,87.06
82301,105.98,48.19,86.73
82311,105.77,47.69,86.39
82321,105.53,48.17,86.05
82331,105.31,47.51,85.71
82341,105.06,47.97,85.37
82351,104.82,47.58,85.03
82361,104.56,47.86,84.69
82371,104.29,47.83,84.35
82381,104.00,48.04,84.00
82391,103.72,47.73,83.66
82401,103.40,48.25,83.32
82411,103.11,47.74,82.97
82421,102.79,48.04,82.63
82431,102.45,48.22,82.29
82441,102.13,47.84,81.94
82451,101.77,48.39,81.60
82461,101.42,48.08,81.26
82471,101.04,48.56,80.92
82481,100.67,48.25,80.57
82491,100.27,48.83,80.23
82501,99.88,48.45,79.89
82511,99.46,48.90,79.55
82521,99.06,48.60,79.21
82531,98.63,48.91,78.87
82541,98.21,48.71,78.53
82551,97.78,48.97,78.20
82561,97.34,48.93,77.86
82571,96.88,49.29,77.53
82581,96.42,49.24,77.20
82591,95.94,49.60,76.86
82601,95.46,49.72,76.53
82611,94.96,49.90,76.20
82621,94.46,49.81,75.88
82631,93.96,50.04,75.55
82641,93.45,50.04,75.23
82651,92.92,50.50,74.91
82661,92.40,50.33,74.59
82671,91.85,50.82,74.27
82681,91.32,50.54,73.95
82691,90.76,51.14,73.64
82701,90.21,50.99,73.33
82711,89.65,51.29,73.02
82721,89.07,51.56,72.71
82731,88.51,51.28,72.40
82741,87.92,51.94,72.10
82751,87.35,51.57,71.80
82761,86.78,51.85,71.50
82771,86.18,52.21,71.21
82781,85.60,51.94,70.92
82791,85.01,52.46,70.63
82801,84.40,52.70,70.34
82811,83.82,52.32,70.05
82821,83.20,53.00,69.77
82831,82.60,52.95,69.49
82841,82.02,52.61,69.22
82851,81.42,53.05,68.94
82861,80.81,53.23,68.67
82871,80.22,53.07,68.40
82881,79.63,53.28,68.14
82891,79.02,53.76,67.88
82901,78.41,53.76,67.62
82911,77.84,53.22,67.37
82921,77.25,53.54,67.11
82931,76.66,53.93,66.86
82941,76.06,54.02,66.62
82951,75.50,53.50,66.38
82961,74.93,53.86,66.14
82971,74.34,54.32,65.90
82981,73.77,54.17,65.67
82991,73.19,54.35,65.44
83001,72.64,54.01,65.21
83011,72.10,54.04,64.99
83021,71.54,54.36,64.77
83031,70.98,54.67,64.55
83041,70.44,54.35,64.34
83051,69.91,54.34,64.13
83061,69.37,54.56,63.93
83071,68.83,54.87,63.72
83081,68.30,54.91,63.53
83091,67.78,54.66,63.33
83101,67.28,54.45,63.14
83111,66.80,54.33,62.95
83121,66.32,54.39,62.76
83131,65.84,54.55,62.58
83141,65.36,54.67,62.40
83151,64.89,54.61,62.23
83161,64.45,54.29,62.06
83171,64.03,53.91,61.89
83181,63.61,53.93,61.73
83191,63.20,54.02,61.57
83201,62.79,54.25,61.41
83211,62.38,54.25,61.25
83221,61.98,54.09,61.10
83231,61.61,53.82,60.96
83241,61.26,53.47,60.81
83251,60.91,53.42,60.67
83261,60.57,53.61,60.54
83271,60.22,53.70,60.40
83281,59.89,53.61,60.27
83291,59.57,53.28,60.15
83301,59.28,52.97,60.02
83311,58.99,53.00,59.90
83321,58.71,52.95,59.79
83331,58.43,53.01,59.67
83341,58.17,52.83,59.56
83351,57.93,52.43,59.46
83361,57.70,52.25,59.35
83371,57.48,52.31,59.25
83381,57.25,52.41,59.16
83391,57.04,52.25,59.06
83401,56.84,51.91,58.97
83411,56.66,51.79,58.89
83421,56.47,51.93,58.80
83431,56.29,51.92,58.72
83441,56.13,51.43,58.64
83451,55.99,51.26,58.57
83461,55.84,51.41,58.50
83471,55.70,51.31,58.43
83481,55.59,50.75,58.36
83491,55.47,50.89,58.30
83501,55.35,51.13,58.24
83511,55.26,50.59,58.18
83521,55.16,50.69,58.13
83531,55.06,50.78,58.08
83541,54.97,50.52,58.03
83551,54.90,50.25,57.98
83561,54.83,50.40,57.94
83571,54.76,50.20,57.90
83581,54.72,49.91,57.86
83591,54.66,50.18,57.83
83601,54.61,49.96,57.79
83611,54.57,49.85,57.76
83621,54.53,49.93,57.74
83631,54.50,49.70,57.71
83641,54.47,49.65,57.69
83651,54.44,49.68,57.67
83661,54.43,49.46,57.66
83671,54.41,49.52,57.64
83681,54.41,49.26,57.63
83691,54.41,49.22,57.62
83701,54.40,49.41,57.61
83711,54.41,49.14,57.61
83721,54.42,49.20,57.61
83731,54.42,49.21,57.60
83741,54.43,49.06,57.61
83751,54.44,49.13,57.61
83761,54.46,48.94,57.62
83771,54.48,49.10,57.63
83781,54.51,48.78,57.64
83791,54.52,49.05,57.65
83801,54.54,49.05,57.66
83811,54.57,48.93,57.68
83821,54.58,49.25,57.70
83831,54.60,49.07,57.72
83841,54.61,49.17,57.74
83851,54.64,49.01,57.77
83861,54.65,49.21,57.79
83871,54.68,49.04,57.82
83881,54.70,49.32,57.85
83891,54.72,49.04,57.88
83901,54.73,49.49,57.91
83911,54.75,49.36,57.95
83921,54.76,49.43,57.99
83931,54.77,49.61,58.03
83941,54.79,49.42,58.07
83951,54.79,49.87,58.11
83961,54.81,49.42,58.15
83971,54.82,49.83,58.20
83981,54.83,49.68,58.24
83991,54.84,49.83,58.29
84001,54.86,49.65,58.34
84011,54.87,49.91,58.39
84021,54.88,49.92,58.44
84031,54.89,49.91,58.50
84041,54.90,50.17,58.55
84051,54.91,49.94,58.61
84061,54.92,50.22,58.67
84071,54.94,50.02,58.72
84081,54.95,50.18,58.78
84091,54.97,50.24,58.85
84101,54.98,50.20,58.91
84111,55.00,50.30,58.97
84121,55.01,50.45,59.04
84131,55.03,50.34,59.10
84141,55.04,50.57,59.17
84151,55.06,50.42,59.24
84161,55.07,50.56,59.31
84171,55.09,50.65,59.38
84181,55.11,50.67,59.45
84191,55.13,50.61,59.53
84201,55.14,50.91,59.60
84211,55.17,50.67,59.67
84221,55.18,50.99,59.75
84231,55.20,50.86,59.83
84241,55.23,50.81,59.90
84251,55.25,51.20,59.98
84261,55.28,50.83,60.06
84271,55.30,51.07,60.14
84281,55.33,51.09,60.22
84291,55.37,50.91,60.31
84301,55.40,51.27,60.39
84311,55.43,51.11,60.47
84321,55.47,51.04,60.56
84331,55.51,51.22,60.64
84341,55.54,51.31,60.73
84351,55.59,51.11,60.81
84361,55.62,51.49,60.90
84371,55.68,51.09,60.99
84381,55.73,51.19,61.08
84391,55.77,51.50,61.17
84401,55.83,51.25,61.26
84411,55.88,51.35,61.35
84421,55.93,51.43,61.44
84431,55.99,51.45,61.53
84441,56.05,51.33,61.62
84451,56.10,51.69,61.72
84461,56.17,51.30,61.81
84471,56.23,51.57,61.90
84481,56.28,51.69,62.00
84491,56.36,51.27,62.09
84501,56.43,51.53,62.19
84511,56.49,51.76,62.28
84521,56.57,51.45,62.38
84531,56.64,51.68,62.48
84541,56.72,51.68,62.57
84551,56.80,51.55,62.67
84561,56.88,51.54,62.77
84571,56.95,51.85,62.87
84581,57.05,51.43,62.97
84591,57.13,51.66,63.06
84601,57.22,51.69,63.16
84611,57.31,51.62,63.26
84621,57.41,51.52,63.36
84631,57.51,51.64,63.46
84641,57.59,51.90,63.56
84651,57.70,51.51,63.66
84661,57.79,51.91,63.76
84671,57.89,51.69,63.86
84681,57.99,51.67,63.97
84691,58.10,51.66,64.07
84701,58.20,51.89,64.17
84711,58.31,51.62,64.27
84721,58.42,51.74,64.37
84731,58.52,51.99,64.47
84741,58.63,51.67,64.57
84751,58.74,51.80,64.67
84761,58.84,52.07,64.78
84771,58.96,51.74,64.88
84781,59.08,51.71,64.98
84791,59.18,52.12,65.08
84801,59.30,51.80,65.18
84811,59.42,51.79,65.28
84821,59.52,52.16,65.38
84831,59.64,52.01,65.48
84841,59.76,51.88,65.58
84851,59.86,52.33,65.68
84861,59.97,52.10,65.78
84871,60.10,51.82,65.88
84881,60.20,52.34,65.98
84891,60.32,52.11,66.08
84901,60.45,51.94,66.18
84911,60.57,52.13,66.28
84921,60.68,52.35,66.38
84931,60.80,52.01,66.48
84941,60.93,52.06,66.57
84951,61.04,52.44,66.67
84961,61.16,52.14,66.77
84971,61.29,52.03,66.86
84981,61.40,52.41,66.96
84991,61.52,52.31,67.05
85001,61.66,52.00,67.14
85011,61.79,52.12,67.24
85021,61.91,52.39,67.33
85031,62.03,52.24,67.42
85041,62.17,52.06,67.51
85051,62.29,52.28,67.60
85061,62.42,52.36,67.69
85071,62.55,52.10,67.78
85081,62.68,52.28,67.87
85091,62.80,52.31,67.96
85101,62.94,52.15,68.04
85111,63.07,52.19,68.13
85121,63.20,52.36,68.21
85131,63.33,52.24,68.29
85141,63.46,52.17,68.37
85151,63.59,52.27,68.45
85161,63.71,52.42,68.53
85171,63.85,52.14,68.61
85181,63.99,52.14,68.69
85191,64.09,52.70,68.76
85201,64.22,52.30,68.84
85211,64.37,51.94,68.91
85221,64.49,52.37,68.98
85231,64.61,52.55,69.05
85241,64.74,52.26,69.12
85251,64.87,52.16,69.19
85261,64.99,52.54,69.25
85271,65.11,52.48,69.31
85281,65.24,52.21,69.38
85291,65.36,52.38,69.44
85301,65.49,52.29,69.49
85311,65.61,52.29,69.55
85321,65.73,52.46,69.61
85331,65.85,52.31,69.66
85341,65.98,52.30,69.71
85351,66.09,52.43,69.76
85361,66.20,52.50,69.80
85371,66.33,52.26,69.85
85381,66.44,52.37,69.89
85391,66.54,52.65,69.93
85401,66.65,52.47,69.97
85411,66.78,52.06,70.01
85421,66.89,52.48,70.04
85431,66.98,52.82,70.07
85441,67.09,52.33,70.10
85451,67.20,52.23,70.13
85461,67.31,52.47,70.15
85471,67.40,52.60,70.17
85481,67.50,52.41,70.19
85491,67.61,52.26,70.20
85501,67.71,52.45,70.22
85511,67.81,52.34,70.23
85521,67.91,52.22,70.24
85531,68.01,52.34,70.24
85541,68.09,52.51,70.24
85551,68.19,52.27,70.24
85561,68.30,52.03,70.24
85571,68.38,52.47,70.23
85581,68.45,52.65,70.22
85591,68.54,52.13,70.21
85601,68.64,52.01,70.19
85611,68.72,52.34,70.17
85621,68.79,52.41,70.15
85631,68.88,52.09,70.12
85641,68.96,52.12,70.09
85651,69.03,52.24,70.06
85661,69.11,52.04,70.02
85671,69.19,52.03,69.98
85681,69.25,52.26,69.94
85691,69.32,52.24,69.89
85701,69.39,51.85,69.84
85711,69.47,51.74,69.79
85721,69.53,52.09,69.73
85731,69.58,52.21,69.67
85741,69.65,51.78,69.60
85751,69.71,51.66,69.53
85761,69.76,52.00,69.46
85771,69.81,51.89,69.38
85781,69.88,51.50,69.30
85791,69.93,51.70,69.22
85801,69.97,51.76,69.13
85811,70.02,51.59,69.04
85821,70.06,51.57,68.94
85831,70.10,51.66,68.84
85841,70.13,51.60,68.73
85851,70.17,51.44,68.62
85861,70.20,51.51,68.51
85871,70.21,51.72,68.39
85881,70.25,51.25,68.27
85891,70.27,51.31,68.14
85901,70.28,51.61,68.01
85911,70.31,50.98,67.88
85921,70.33,51.09,67.74
85931,70.33,51.39,67.60
85941,70.34,51.09,67.45
85951,70.35,50.94,67.29
85961,70.34,51.24,67.14
85971,70.33,51.00,66.98
85981,70.34,50.77,66.81
85991,70.32,51.13,66.64
86001,70.30,50.81,66.46
86011,70.30,50.63,66.28
86021,70.28,50.75,66.10
86031,70.25,50.75,65.91
86041,70.23,50.43,65.72
86051,70.21,50.42,65.52
86061,70.18,50.40,65.32
86071,70.15,50.27,65.11
86081,70.12,50.13,64.90
86091,70.08,50.22,64.68
86101,70.06,49.80,64.46
86111,70.01,50.05,64.23
86121,69.96,49.88,64.00
86131,69.93,49.48,63.77
86141,69.87,49.84,63.53
86151,69.83,49.26,63.29
86161,69.78,49.49,63.04
86171,69.72,49.34,62.78
86181,69.67,49.09,62.53
86191,69.60,49.25,62.26
86201,69.53,49.00,62.00
86211,69.47,48.82,61.73
86221,69.39,48.97,61.45
86231,69.32,48.49,61.17
86241,69.25,48.54,60.88
86251,69.16,48.50,60.60
86261,69.08,48.28,60.30
86271,68.99,48.29,60.00
86281,68.90,48.20,59.70
86291,68.79,48.30,59.39
86301,68.69,47.87,59.08
86311,68.57,48.11,58.77
86321,68.47,47.67,58.45
86331,68.35,47.80,58.13
86341,68.23,47.62,57.80
86351,68.10,47.42,57.47
86361,67.96,47.69,57.13
86371,67.82,47.36,56.79
86381,67.67,47.49,56.45
86391,67.51,47.47,56.10
86401,67.35,47.19,55.75
86411,67.19,47.15,55.39
86421,67.03,46.90,55.03
86431,66.86,46.95,54.67
86441,66.68,46.77,54.30
86451,66.50,46.74,53.93
86461,66.31,46.68,53.56
86471,66.12,46.63,53.18
86481,65.91,46.68,52.80
86491,65.71,46.42,52.42
86501,65.49,46.52,52.03
86511,65.27,46.29,51.64
86521,65.04,46.41,51.24
86531,64.82,46.08,50.85
86541,64.58,46.20,50.45
86551,64.33,46.12,50.05
86561,64.09,45.93,49.64
86571,63.83,46.01,49.23
86581,63.58,45.74,48.82
86591,63.30,45.97,48.41
86601,63.03,45.79,48.00
86611,62.75,45.77,47.58
86621,62.46,45.69,47.16
86631,62.17,45.53,46.74
86641,61.87,45.65,46.31
86651,61.57,45.43,45.89
86661,61.26,45.48,45.46
86671,60.93,45.50,45.03
86681,60.62,45.23,44.60
86691,60.29,45.34,44.16
86701,59.95,45.28,43.73
86711,59.61,45.20,43.29
86721,59.26,45.24,42.85
86731,58.91,45.06,42.42
86741,58.56,45.02,41.98
86751,58.19,45.08,41.54
86761,57.83,44.90,41.10
86771,57.46,44.84,40.65
86781,57.07,45.04,40.21
86791,56.69,44.78,39.77
86801,56.30,44.86,39.32
86811,55.90,44.92,38.88
86821,55.50,44.74,38.44
86831,55.10,44.69,37.99
86841,54.68,44.83,37.55
86851,54.27,44.53,37.11
86861,53.85,44.57,36.66
86871,53.42,44.72,36.22
86881,53.00,44.46,35.78
86891,52.56,44.55,35.34
86901,52.12,44.55,34.90
86911,51.68,44.41,34.46
86921,51.25,44.23,34.02
86931,50.80,44.45,33.59
86941,50.34,44.37,33.15
86951,49.90,44.05,32.72
86961,49.44,44.22,32.29
86971,48.98,44.25,31.86
86981,48.52,44.11,31.43
86991,48.06,44.02,31.00
87001,47.59,44.17,30.58
87011,47.12,44.05,30.16
87021,46.66,43.81,29.74
87031,46.19,43.78,29.32
87041,45.72,43.87,28.91
87051,45.25,43.77,28.50
87061,44.78,43.50,28.09
87071,44.30,43.83,27.69
87081,43.82,43.68,27.29
87091,43.35,43.40,26.89
87101,42.88,43.48,26.50
87111,42.39,43.60,26.11
87121,41.91,43.48,25.72
87131,41.45,43.12,25.34
87141,40.98,43.21,24.96
87151,40.50,43.32,24.59
87161,40.01,43.33,24.22
87171,39.55,42.85,23.85
87181,39.09,42.94,23.50
87191,38.61,43.15,23.14
87201,38.13,42.96,22.79
87211,37.67,42.82,22.45
87221,37.21,42.52,22.11
87231,36.76,42.55,21.77
87241,36.29,42.86,21.45
87251,35.83,42.61,21.12
87261,35.39,42.18,20.81
87271,34.94,42.33,20.50
87281,34.49,42.36,20.19
87291,34.04,42.21,19.89
87301,33.60,42.15,19.60
87311,33.17,41.83,19.31
87321,32.75,41.79,19.04
87331,32.32,41.82,18.76
87341,31.89,41.97,18.50
87351,31.47,41.79,18.24
87361,31.07,41.31,17.99
87371,30.68,41.08,17.74
87381,30.28,41.42,17.51
87391,29.87,41.44,17.28
87401,29.47,41.37,17.06
87411,29.07,41.32,16.84
87421,28.70,40.84,16.64
87431,28.34,40.74,16.44
87441,27.99,40.42,16.25
87451,27.63,40.63,16.07
87461,27.27,40.74,15.89
87471,26.91,40.66,15.73
87481,26.57,40.42,15.57
87491,26.23,40.31,15.42
87501,25.91,40.08,15.28
87511,25.59,40.10,15.15
87521,25.27,39.98,15.03
87531,24.96,39.99,14.92
87541,24.65,40.00,14.81
87551,24.34,40.12,14.72
87561,24.04,39.90,14.63
87571,23.73,40.23,14.55
87581,23.43,40.06,14.49
87591,23.13,40.25,14.43
87601,22.84,40.00,14.38
87611,22.56,40.04,14.34
87621,22.30,39.62,14.31
87631,22.05,39.45,14.29
87641,21.81,39.44,14.29
87651,21.58,39.23,14.29
87661,21.37,38.96,14.30
87671,21.16,38.93,14.32
87681,20.96,38.97,14.35
87691,20.76,38.96,14.39
87701,20.59,38.68,14.44
87711,20.41,38.68,14.50
87721,20.24,38.65,14.57
87731,20.09,38.44,14.65
87741,19.94,38.49,14.74
87751,19.81,38.34,14.84
87761,19.67,38.40,14.96
87771,19.54,38.46,15.08
87781,19.42,38.46,15.21
87791,19.29,38.61,15.36
87801,19.16,38.88,15.51
87811,19.03,38.84,15.67
87821,18.89,39.31,15.85
87831,18.76,39.35,16.04
87841,18.63,39.43,16.23
87851,18.51,39.50,16.44
87861,18.39,39.54,16.66
87871,18.29,39.50,16.88
87881,18.22,39.04,17.12
87891,18.15,39.13,17.37
87901,18.10,38.85,17.63
87911,18.07,38.76,17.90
87921,18.05,38.57,18.18
87931,18.05,38.54,18.47
87941,18.05,38.52,18.77
87951,18.08,38.29,19.08
87961,18.10,38.60,19.40
87971,18.12,38.65,19.74
87981,18.15,38.93,20.08
87991,18.16,39.31,20.43
88001,18.17,39.49,20.79
88011,18.18,39.94,21.17
88021,18.18,40.23,21.55
88031,18.19,40.37,21.94
88041,18.19,40.64,22.34
88051,18.21,40.65,22.76
88061,18.23,40.82,23.18
88071,18.28,40.54,23.61
88081,18.34,40.65,24.05
88091,18.41,40.65,24.51
88101,18.49,40.70,24.97
88111,18.58,40.86,25.44
88121,18.67,40.97,25.92
88131,18.78,41.00,26.41
88141,18.89,41.14,26.91
88151,19.01,41.41,27.41
88161,19.13,41.59,27.93
88171,19.26,41.70,28.46
88181,19.37,42.21,28.99
88191,19.50,42.27,29.53
88201,19.64,42.52,30.09
88211,19.77,42.83,30.65
88221,19.90,43.15,31.21
88231,20.04,43.43,31.79
88241,20.18,43.64,32.37
88251,20.32,44.07,32.97
88261,20.47,44.27,33.57
88271,20.62,44.43,34.18
88281,20.79,44.48,34.79
88291,20.99,44.29,35.41
88301,21.19,44.59,36.05
88311,21.39,45.02,36.68
88321,21.59,45.30,37.33
88331,21.78,45.67,37.98
88341,22.00,45.72,38.64
88351,22.22,45.92,39.30
88361,22.46,46.13,39.97
88371,22.69,46.41,40.65
88381,22.93,46.78,41.33
88391,23.19,46.62,42.02
88401,23.45,47.05,42.72
88411,23.72,47.28,43.42
88421,24.00,47.51,44.12
88431,24.30,47.46,44.84
88441,24.59,47.88,45.55
88451,24.89,48.16,46.27
88461,25.22,47.93,47.00
88471,25.54,48.52,47.73
88481,25.87,48.66,48.46
88491,26.23,48.59,49.20
88501,26.58,49.07,49.95
88511,26.96,48.85,50.69
88521,27.33,49.29,51.44
88531,27.73,49.22,52.20
88541,28.13,49.55,52.95
88551,28.55,49.57,53.71
88561,28.97,49.94,54.47
88571,29.40,49.86,55.24
88581,29.84,50.25,56.01
88591,30.30,50.27,56.78
88601,30.76,50.36,57.55
88611,31.25,50.42,58.32
88621,31.74,50.50,59.10
88631,32.24,50.86,59.87
88641,32.75,50.86,60.65
88651,33.26,51.15,61.43
88661,33.80,50.93,62.21
88671,34.34,51.40,62.99
88681,34.89,51.40,63.77
88691,35.45,51.45,64.55
88701,36.01,51.83,65.33
88711,36.60,51.63,66.11
88721,37.19,51.95,66.89
88731,37.78,52.13,67.67
88741,38.39,52.00,68.44
88751,39.01,52.19,69.22
88761,39.62,52.58,70.00
88771,40.27,52.18,70.77
88781,40.92,52.50,71.54
88791,41.56,52.89,72.31
88801,42.23,52.55,73.08
88811,42.90,52.73,73.85
88821,43.56,53.26,74.61
88831,44.24,53.08,75.37
88841,44.94,52.99,76.13
88851,45.64,53.17,76.88
88861,46.35,53.39,77.63
88871,47.06,53.44,78.38
88881,47.78,53.44,79.12
88891,48.50,53.70,79.86
88901,49.23,53.75,80.59
88911,49.97,53.64,81.32
88921,50.72,53.73,82.05
88931,51.46,54.01,82.77
88941,52.20,54.32,83.48
88951,52.95,54.31,84.19
88961,53.72,54.18,84.90
88971,54.48,54.28,85.60
88981,55.25,54.48,86.29
88991,56.02,54.52,86.98
89001,56.81,54.32,87.66
89011,57.61,54.30,88.33
89021,58.39,54.67,89.00
89031,59.17,54.97,89.66
89041,59.94,55.09,90.31
89051,60.74,54.80,90.96
89061,61.54,54.82,91.60
89071,62.35,54.76,92.23
89081,63.16,54.88,92.85
89091,63.96,55.19,93.47
89101,64.75,55.38,94.08
89111,65.55,55.33,94.68
89121,66.35,55.19,95.27
89131,67.16,55.22,95.85
89141,67.99,54.99,96.42
89151,68.81,55.12,96.99
89161,69.62,55.37,97.54
89171,70.42,55.53,98.09
89181,71.22,55.62,98.63
89191,72.02,55.65,99.16
89201,72.82,55.55,99.67
89211,73.64,55.39,100.18
89221,74.46,55.25,100.68
89231,75.27,55.29,101.17
89241,76.09,55.28,101.65
89251,76.91,55.20,102.11
89261,77.72,55.28,102.57
89271,78.52,55.38,103.02
89281,79.32,55.50,103.45
89291,80.11,55.52,103.88
89301,80.91,55.43,104.29
89311,81.70,55.45,104.70
89321,82.50,55.14,105.09
89331,83.30,55.05,105.47
89341,84.10,54.85,105.84
89351,84.92,54.59,106.20
89361,85.72,54.60,106.55
89371,86.52,54.65,106.88
89381,87.31,54.74,107.20
89391,88.08,54.77,107.52
89401,88.85,54.83,107.82
89411,89.61,54.72,108.10
89421,90.39,54.40,108.38
89431,91.17,54.08,108.64
89441,91.94,53.96,108.90
89451,92.71,53.89,109.14
89461,93.47,53.84,109.36
89471,94.21,54.09,109.58
89481,94.94,54.08,109.78
89491,95.68,53.75,109.97
89501,96.42,53.31,110.15
89511,97.17,53.09,110.32
89521,97.90,53.02,110.47
89531,98.62,53.18,110.61
89541,99.32,53.26,110.74
89551,100.02,52.83,110.85
89561,100.74,52.42,110.96
89571,101.45,52.13,111.05
89581,102.14,52.24,111.13
89591,102.81,52.42,111.19
89601,103.47,52.19,111.25
89611,104.16,51.49,111.29
89621,104.83,51.40,111.32
89631,105.47,51.75,111.33
89641,106.09,51.81,111.34
89651,106.73,51.11,111.33
89661,107.36,50.76,111.31
89671,108.00,50.51,111.27
89681,108.60,50.75,111.23
89691,109.20,50.47,111.17
89701,109.78,50.35,111.10
89711,110.37,49.84,111.02
89721,110.97,49.29,110.92
89731,111.53,49.71,110.81
89741,112.09,49.25,110.70
89751,112.66,48.62,110.57
89761,113.20,48.94,110.42
89771,113.74,48.44,110.27
89781,114.28,47.95,110.10
89791,114.79,48.17,109.93
89801,115.31,47.58,109.74
89811,115.81,47.46,109.54
89821,116.28,47.58,109.33
89831,116.77,46.77,109.10
89841,117.22,47.25,108.87
89851,117.68,46.35,108.63
89861,118.12,46.48,108.37
89871,118.55,46.08,108.10
89881,118.97,45.84,107.83
89891,119.38,45.57,107.54
89901,119.79,45.16,107.24
89911,120.18,45.08,106.93
89921,120.55,44.89,106.61
89931,120.91,44.58,106.29
89941,121.25,44.40,105.95
89951,121.59,44.01,105.60
89961,121.91,44.04,105.24
89971,122.23,43.44,104.88
89981,122.51,43.52,104.50
89991,122.80,42.99,104.12
90001,123.08,42.70,103.72
90011,123.33,42.89,103.32
90021,123.57,42.46,102.91
90031,123.80,42.13,102.49
90041,123.99,42.33,102.06
90051,124.18,41.91,101.62
90061,124.37,41.42,101.18
90071,124.53,41.46,100.73
90081,124.67,41.42,100.27
90091,124.80,41.05,99.80
90101,124.93,40.66,99.33
90111,125.03,40.74,98.85
90121,125.09,40.79,98.36
90131,125.15,40.57,97.86
90141,125.19,40.25,97.36
90151,125.22,40.06,96.86
90161,125.24,39.76,96.34
90171,125.23,39.94,95.82
90181,125.20,39.84,95.30
90191,125.14,39.83,94.77
90201,125.07,39.77,94.23
90211,124.98,39.49,93.69
90221,124.89,39.22,93.15
90231,124.78,38.88,92.60
90241,124.67,38.69,92.05
90251,124.53,38.74,91.49
90261,124.38,38.45,90.93
90271,124.21,38.39,90.36
90281,124.02,38.27,89.79
90291,123.81,38.28,89.22
90301,123.58,38.26,88.65
90311,123.34,38.09,88.07
90321,123.07,38.18,87.49
90331,122.79,38.03,86.91
90341,122.49,38.00,86.32
90351,122.18,37.87,85.73
90361,121.85,37.87,85.15
90371,121.50,37.79,84.56
90381,121.14,37.77,83.97
90391,120.75,37.77,83.37
90401,120.35,37.82,82.78
90411,119.92,37.86,82.19
90421,119.48,38.04,81.59
90431,119.00,38.21,81.00
90441,118.50,38.51,80.41
90451,117.97,38.74,79.81
90461,117.42,38.82,79.22
90471,116.84,39.09,78.63
90481,116.25,39.25,78.04
90491,115.64,39.24,77.45
90501,115.02,39.30,76.86
90511,114.39,39.25,76.27
90521,113.75,39.20,75.69
90531,113.09,39.41,75.11
90541,112.40,39.72,74.53
90551,111.70,39.98,73.95
90561,110.96,40.40,73.38
90571,110.20,40.77,72.81
90581,109.42,41.12,72.24
90591,108.61,41.44,71.67
90601,107.77,41.92,71.11
90611,106.92,42.31,70.56
90621,106.03,42.77,70.00
90631,105.14,43.01,69.46
90641,104.22,43.46,68.91
90651,103.26,44.31,68.37
90661,102.27,44.73,67.84
90671,101.29,44.92,67.31
90681,100.28,45.35,66.79
90691,99.25,45.79,66.27
90701,98.21,46.10,65.76
90711,97.17,46.35,65.25
90721,96.09,47.11,64.75
90731,95.00,47.49,64.25
90741,93.91,47.83,63.77
90751,92.80,48.24,63.29
90761,91.63,49.49,62.81
90771,90.47,49.65,62.34
90781,89.30,50.15,61.88
90791,88.10,50.83,61.43
90801,86.92,50.82,60.99
90811,85.71,51.61,60.55
90821,84.51,51.88,60.12
90831,83.29,52.40,59.70
90841,82.08,52.55,59.28
90851,80.85,53.32,58.88
90861,79.63,53.39,58.48
90871,78.40,53.95,58.09
90881,77.16,54.46,57.71
90891,75.94,54.43,57.34
90901,74.73,54.84,56.98
90911,73.50,55.41,56.63
90921,72.29,55.51,56.29
90931,71.09,55.50,55.95
90941,69.90,55.92,55.63
90951,68.70,56.47,55.31
90961,67.50,56.85,55.01
90971,66.33,56.82,54.71
90981,65.17,56.94,54.43
90991,64.03,57.01,54.15
91001,62.90,57.15,53.89
91011,61.78,57.45,53.63
91021,60.68,57.63,53.39
91031,59.59,57.73,53.15
91041,58.52,57.85,52.93
91051,57.47,57.93,52.72
91061,56.44,57.87,52.51
91071,55.43,58.02,52.32
91081,54.44,58.02,52.14
91091,53.47,57.94,51.97
91101,52.54,57.89,51.81
91111,51.62,57.89,51.66
91121,50.73,57.79,51.52
91131,49.87,57.71,51.40
91141,49.03,57.58,51.28
91151,48.21,57.63,51.18
91161,47.42,57.55,51.09
91171,46.64,57.76,51.00
91181,45.89,57.67,50.93
91191,45.15,57.78,50.87
91201,44.44,57.61,50.82
91211,43.75,57.67,50.79
91221,43.08,57.62,50.76
91231,42.45,57.33,50.74
91241,41.85,57.09,50.74
91251,41.28,56.94,50.75
91261,40.74,56.62,50.76
91271,40.24,56.27,50.79
91281,39.77,55.89,50.83
91291,39.34,55.60,50.89
91301,38.94,55.34,50.95
91311,38.57,54.97,51.02
91321,38.23,54.79,51.11
91331,37.93,54.41,51.20
91341,37.64,54.46,51.31
91351,37.37,54.16,51.42
91361,37.13,54.07,51.55
91371,36.92,53.85,51.69
91381,36.72,53.70,51.84
91391,36.55,53.53,52.00
91401,36.41,53.36,52.17
91411,36.29,53.06,52.35
91421,36.20,52.79,52.54
91431,36.14,52.34,52.74
91441,36.11,52.07,52.95
91451,36.11,51.74,53.17
91461,36.12,51.72,53.40
91471,36.15,51.60,53.64
91481,36.20,51.39,53.89
91491,36.28,51.13,54.15
91501,36.39,50.69,54.42
91511,36.51,50.55,54.70
91521,36.64,50.67,54.99
91531,36.78,50.69,55.29
91541,36.96,50.15,55.59
91551,37.16,49.89,55.91
91561,37.37,49.94,56.23
91571,37.57,50.17,56.56
91581,37.81,49.83,56.90
91591,38.06,49.56,57.25
91601,38.31,49.75,57.61
91611,38.58,49.75,57.97
91621,38.87,49.44,58.35
91631,39.15,49.67,58.73
91641,39.46,49.39,59.11
91651,39.78,49.34,59.51
91661,40.11,49.42,59.91
91671,40.44,49.50,60.32
91681,40.78,49.32,60.74
91691,41.14,49.38,61.16
91701,41.49,49.55,61.59
91711,41.87,49.18,62.02
91721,42.24,49.50,62.46
91731,42.63,49.27,62.91
91741,43.02,49.51,63.36
91751,43.43,49.38,63.82
91761,43.83,49.50,64.28
91771,44.24,49.71,64.75
91781,44.65,49.74,65.23
91791,45.07,49.80,65.70
91801,45.48,50.08,66.19
91811,45.91,49.93,66.67
91821,46.33,50.21,67.16
91831,46.76,50.31,67.66
91841,47.20,50.22,68.16
91851,47.64,50.41,68.66
91861,48.08,50.55,69.16
91871,48.53,50.44,69.67
91881,48.97,51.04,70.18
91891,49.42,50.80,70.69
91901,49.87,51.09,71.21
91911,50.32,51.32,71.73
91921,50.78,51.24,72.25
91931,51.23,51.70,72.77
91941,51.68,51.72,73.29
91951,52.14,51.82,73.81
91961,52.58,52.31,74.34
91971,53.04,52.19,74.86
91981,53.50,52.52,75.39
91991,53.95,52.66,75.92
92001,54.40,52.85,76.44
92011,54.87,52.75,76.97
92021,55.33,53.23,77.50
92031,55.79,53.20,78.02
92041,56.26,53.22,78.55
92051,56.72,53.60,79.07
92061,57.19,53.75,79.59
92071,57.66,53.76,80.12
92081,58.13,53.95,80.63
92091,58.60,54.20,81.15
92101,59.07,54.30,81.67
92111,59.55,54.34,82.18
92121,60.04,54.33,82.69
92131,60.51,54.73,83.20
92141,60.99,54.92,83.70
92151,61.47,55.05,84.20
92161,61.96,54.85,84.70
92171,62.46,54.83,85.20
92181,62.96,55.05,85.69
92191,63.45,55.42,86.17
92201,63.93,55.67,86.66
92211,64.43,55.56,87.13
92221,64.94,55.37,87.61
92231,65.46,55.30,88.07
92241,65.98,55.37,88.54
92251,66.50,55.49,88.99
92261,67.02,55.64,89.44
92271,67.54,55.84,89.89
92281,68.05,56.06,90.33
92291,68.57,55.99,90.76
92301,69.10,55.91,91.19
92311,69.63,55.88,91.61
92321,70.17,55.68,92.03
92331,70.72,55.68,92.43
92341,71.28,55.60,92.83
92351,71.84,55.60,93.23
92361,72.40,55.63,93.61
92371,72.95,55.71,93.99
92381,73.51,55.72,94.36
92391,74.06,55.90,94.72
92401,74.62,55.80,95.08
92411,75.17,55.99,95.42
92421,75.72,55.89,95.76
92431,76.28,55.73,96.09
92441,76.84,55.68,96.41
92451,77.41,55.53,96.72
92461,77.99,55.40,97.02
92471,78.57,55.20,97.31
92481,79.15,55.14,97.59
92491,79.74,54.91,97.87
92501,80.34,54.78,98.13
92511,80.93,54.77,98.39
92521,81.51,54.87,98.63
92531,82.09,54.82,98.87
92541,82.66,54.95,99.09
92551,83.22,54.92,99.30
92561,83.79,54.80,99.51
92571,84.36,54.65,99.70
92581,84.93,54.39,99.88
92591,85.52,54.01,100.06
92601,86.11,53.79,100.22
92611,86.70,53.71,100.37
92621,87.27,53.69,100.51
92631,87.84,53.86,100.63
92641,88.39,53.90,100.75
92651,88.94,53.79,100.86
92661,89.49,53.40,100.95
92671,90.06,53.00,101.04
92681,90.63,52.73,101.11
92691,91.19,52.79,101.17
92701,91.73,52.89,101.22
92711,92.26,52.97,101.26
92721,92.79,52.63,101.28
92731,93.33,52.16,101.30
92741,93.87,51.90,101.30
92751,94.39,52.15,101.29
92761,94.88,52.32,101.27
92771,95.39,51.87,101.24
92781,95.90,51.40,101.19
92791,96.41,51.26,101.14
92801,96.87,51.81,101.07
92811,97.33,51.63,100.99
92821,97.81,50.93,100.90
92831,98.27,50.86,100.80
92841,98.71,51.21,100.68
92851,99.15,50.79,100.55
92861,99.60,50.16,100.42
92871,100.04,50.09,100.27
92881,100.45,50.32,100.10
92891,100.85,50.36,99.93
92901,101.26,49.58,99.75
92911,101.66,49.67,99.55
92921,102.05,49.30,99.34
92931,102.42,49.44,99.12
92941,102.78,49.22,98.89
92951,103.14,48.78,98.65
92961,103.47,48.99,98.39
92971,103.81,48.52,98.13
92981,104.15,48.25,97.85
92991,104.44,48.68,97.56
93001,104.75,47.78,97.26
93011,105.04,48.06,96.95
93021,105.31,47.93,96.63
93031,105.58,47.46,96.30
93041,105.81,47.86,95.96
93051,106.07,47.06,95.61
93061,106.28,47.45,95.25
93071,106.50,46.90,94.87
93081,106.70,46.86,94.49
93091,106.88,46.85,94.09
93101,107.05,46.46,93.69
93111,107.21,46.52,93.28
93121,107.36,46.12,92.85
93131,107.49,46.18,92.42
93141,107.61,45.82,91.98
93151,107.71,45.95,91.53
93161,107.80,45.64,91.06
93171,107.87,45.64,90.59
93181,107.93,45.50,90.11
93191,107.97,45.36,89.63
93201,107.99,45.45,89.13
93211,108.00,44.98,88.62
93221,107.98,45.33,88.11
93231,107.97,44.67,87.59
93241,107.93,44.85,87.06
93251,107.88,44.64,86.52
93261,107.82,44.43,85.98
93271,107.73,44.60,85.42
93281,107.65,44.03,84.86
93291,107.54,44.23,84.30
93301,107.41,44.08,83.72
93311,107.28,43.66,83.14
93321,107.13,43.87,82.55
93331,106.97,43.48,81.96
93341,106.80,43.26,81.36
93351,106.59,43.56,80.76
93361,106.39,43.09,80.14
93371,106.18,42.89,79.53
93381,105.94,43.15,78.91
93391,105.69,42.90,78.28
93401,105.43,42.58,77.65
93411,105.15,42.74,77.01
93421,104.84,42.87,76.37
93431,104.53,42.42,75.72
93441,104.21,42.32,75.07
93451,103.87,42.43,74.42
93461,103.50,42.55,73.76
93471,103.13,42.17,73.10
93481,102.75,42.02,72.44
93491,102.34,42.40,71.77
93501,101.91,42.25,71.10
93511,101.48,42.14,70.43
93521,101.03,41.98,69.76
93531,100.56,42.14,69.08
93541,100.06,42.51,68.41
93551,99.55,42.32,67.73
93561,99.03,42.19,67.05
93571,98.50,42.14,66.36
93581,97.94,42.45,65.68
93591,97.35,42.64,65.00
93601,96.76,42.65,64.32
93611,96.15,42.59,63.63
93621,95.53,42.60,62.95
93631,94.88,42.84,62.27
93641,94.21,43.10,61.58
93651,93.52,43.37,60.90
93661,92.81,43.54,60.22
93671,92.09,43.45,59.54
93681,91.36,43.57,58.86
93691,90.60,43.91,58.19
93701,89.82,44.20,57.51
93711,89.03,44.43,56.84
93721,88.22,44.42,56.17
93731,87.40,44.68,55.51
93741,86.56,44.93,54.84
93751,85.70,45.17,54.18
93761,84.82,45.44,53.52
93771,83.94,45.55,52.87
93781,83.04,45.73,52.22
93791,82.12,46.21,51.58
93801,81.18,46.44,50.93
93811,80.24,46.45,50.30
93821,79.29,46.76,49.66
93831,78.31,47.30,49.04
93841,77.32,47.40,48.42
93851,76.33,47.53,47.80
93861,75.32,48.16,47.19
93871,74.29,48.32,46.58
93881,73.26,48.46,45.98
93891,72.22,48.91,45.39
93901,71.17,48.97,44.81
93911,70.12,49.24,44.23
93921,69.06,49.41,43.65
93931,68.00,49.74,43.09
93941,66.93,49.85,42.53
93951,65.86,50.08,41.98
93961,64.77,50.56,41.44
93971,63.67,51.03,40.90
93981,62.59,50.93,40.37
93991,61.49,51.32,39.85
94001,60.40,51.30,39.34
94011,59.32,51.40,38.84
94021,58.24,51.61,38.35
94031,57.17,51.56,37.87
94041,56.10,51.82,37.39
94051,55.04,51.87,36.93
94061,53.99,51.77,36.47
94071,52.93,52.18,36.02
94081,51.90,51.98,35.59
94091,50.88,51.90,35.16
94101,49.86,52.32,34.74
94111,48.87,51.91,34.34
94121,47.88,51.92,33.94
94131,46.90,52.17,33.56
94141,45.94,52.08,33.18
94151,45.00,51.82,32.82
94161,44.07,51.96,32.47
94171,43.15,52.01,32.13
94181,42.25,51.65,31.80
94191,41.37,51.74,31.48
94201,40.50,51.79,31.17
94211,39.65,51.54,30.87
94221,38.83,51.38,30.59
94231,38.01,51.37,30.32
94241,37.21,51.45,30.06
94251,36.45,50.95,29.81
94261,35.70,50.72,29.57
94271,34.95,51.26,29.35
94281,34.24,50.63,29.14
94291,33.56,50.29,28.94
94301,32.87,50.60,28.75
94311,32.22,50.24,28.58
94321,31.60,49.73,28.42
94331,30.99,49.93,28.27
94341,30.40,49.67,28.13
94351,29.84,49.31,28.01
94361,29.29,49.40,27.90
94371,28.77,49.16,27.80
94381,28.27,48.76,27.72
94391,27.80,48.63,27.64
94401,27.34,48.52,27.58
94411,26.91,48.04,27.54
94421,26.49,48.29,27.51
94431,26.10,47.66,27.49
94441,25.73,47.66,27.48
94451,25.39,47.25,27.49
94461,25.08,46.92,27.51
94471,24.77,47.08,27.54
94481,24.50,46.47,27.59
94491,24.23,46.66,27.65
94501,23.99,46.12,27.72
94511,23.76,46.38,27.80
94521,23.57,45.71,27.90
94531,23.38,45.82,28.01
94541,23.23,45.27,28.14
94551,23.09,45.34,28.28
94561,22.98,44.88,28.43
94571,22.87,45.09,28.59
94581,22.79,44.65,28.77
94591,22.71,44.70,28.96
94601,22.67,44.35,29.16
94611,22.64,44.17,29.38
94621,22.62,44.15,29.60
94631,22.63,43.86,29.84
94641,22.63,44.06,30.10
94651,22.67,43.60,30.36
94661,22.72,43.46,30.64
94671,22.77,43.74,30.93
94681,22.86,43.14,31.23
94691,22.95,43.36,31.55
94701,23.04,43.46,31.87
94711,23.15,43.21,32.21
94721,23.28,43.06,32.56
94731,23.41,43.37,32.93
94741,23.56,43.01,33.30
94751,23.73,42.81,33.69
94761,23.89,43.34,34.08
94771,24.07,43.08,34.49
94781,24.26,43.11,34.91
94791,24.45,43.23,35.34
94801,24.65,43.32,35.78
94811,24.86,43.30,36.24
94821,25.08,43.17,36.70
94831,25.31,43.36,37.17
94841,25.53,43.76,37.66
94851,25.77,43.71,38.15
94861,26.02,43.61,38.66
94871,26.27,43.78,39.17
94881,26.53,44.05,39.69
94891,26.80,43.94,40.23
94901,27.07,44.17,40.77
94911,27.34,44.40,41.32
94921,27.62,44.58,41.89
94931,27.90,44.65,42.46
94941,28.20,44.65,43.04
94951,28.50,44.95,43.62
94961,28.79,45.27,44.22
94971,29.10,45.37,44.83
94981,29.42,45.25,45.44
94991,29.73,45.93,46.06
95001,30.03,46.23,46.69
95011,30.36,46.11,47.32
95021,30.68,46.39,47.97
95031,31.00,46.94,48.62
95041,31.32,47.12,49.27
95051,31.65,47.12,49.94
95061,31.98,47.65,50.61
95071,32.32,47.62,51.29
95081,32.67,47.86,51.97
95091,33.01,48.24,52.66
95101,33.37,48.35,53.35
95111,33.73,48.64,54.05
95121,34.08,48.96,54.76
95131,34.46,49.01,55.47
95141,34.82,49.57,56.18
95151,35.20,49.58,56.90
95161,35.57,49.93,57.63
95171,35.96,50.05,58.36
95181,36.35,50.41,59.09
95191,36.75,50.57,59.82
95201,37.14,51.16,60.56
95211,37.54,51.16,61.31
95221,37.94,51.58,62.05
95231,38.37,51.43,62.80
95241,38.79,51.98,63.55
95251,39.23,51.80,64.31
95261,39.66,52.40,65.06
95271,40.10,52.64,65.82
95281,40.55,52.58,66.58
95291,41.00,53.13,67.34
95301,41.47,53.12,68.11
95311,41.95,53.12,68.87
95321,42.42,53.73,69.63
95331,42.91,53.64,70.40
95341,43.42,53.55,71.16
95351,43.93,53.91,71.93
95361,44.44,54.33,72.69
95371,44.96,54.43,73.46
95381,45.49,54.34,74.22
95391,46.04,54.44,74.99
95401,46.59,54.81,75.75
95411,47.14,55.05,76.51
95421,47.72,54.83,77.27
95431,48.31,54.85,78.03
95441,48.91,54.94,78.79
95451,49.51,55.16,79.54
95461,50.11,55.52,80.29
95471,50.72,55.67,81.04
95481,51.34,55.64,81.79
95491,51.98,55.52,82.53
95501,52.63,55.57,83.27
95511,53.30,55.54,84.01
95521,53.97,55.61,84.74
95531,54.64,55.88,85.47
95541,55.33,55.88,86.20
95551,56.02,55.97,86.92
95561,56.71,56.09,87.64
95571,57.41,56.24,88.35
95581,58.12,56.21,89.05
95591,58.83,56.28,89.76
95601,59.56,56.26,90.45
95611,60.29,56.29,91.15
95621,61.04,56.31,91.83
95631,61.79,56.18,92.51
95641,62.56,56.13,93.18
95651,63.34,55.97,93.85
95661,64.13,56.03,94.51
95671,64.92,55.98,95.17
95681,65.72,55.98,95.82
95691,66.52,55.92,96.46
95701,67.33,56.11,97.09
95711,68.14,55.91,97.72
95721,68.96,56.10,98.34
95731,69.77,56.07,98.95
95741,70.59,56.08,99.55
95751,71.42,55.95,100.15
95761,72.25,56.08,100.73
95771,73.07,56.25,101.31
95781,73.89,56.18,101.88
95791,74.71,56.30,102.44
95801,75.53,56.26,103.00
95811,76.36,56.31,103.54
95821,77.18,56.23,104.08
95831,78.01,56.21,104.60
95841,78.85,56.03,105.12
95851,79.69,55.95,105.63
95861,80.53,55.92,106.13
95871,81.37,55.83,106.61
95881,82.22,55.59,107.09
95891,83.07,55.58,107.56
95901,83.92,55.47,108.02
95911,84.78,55.28,108.47
95921,85.63,55.27,108.91
95931,86.49,55.13,109.33
95941,87.35,54.90,109.75
95951,88.21,54.89,110.16
95961,89.06,54.96,110.55
95971,89.89,55.05,110.94
95981,90.73,54.95,111.31
95991,91.56,54.95,111.68
96001,92.37,55.08,112.03
96011,93.19,55.00,112.37
96021,93.99,54.99,112.70
96031,94.81,54.65,113.02
96041,95.63,54.23,113.33
96051,96.46,53.91,113.62
96061,97.27,54.15,113.91
96071,98.10,53.75,114.18
96081,98.93,53.32,114.44
96091,99.75,53.28,114.69
96101,100.55,53.44,114.93
96111,101.35,53.26,115.16
96121,102.15,52.84,115.37
96131,102.97,52.39,115.58
96141,103.77,52.39,115.77
96151,104.55,52.65,115.95
96161,105.31,52.65,116.12
96171,106.07,52.42,116.27
96181,106.85,51.79,116.42
96191,107.63,51.44,116.55
96201,108.37,51.79,116.67
96211,109.10,51.91,116.78
96221,109.84,51.32,116.88
96231,110.59,50.68,116.96
96241,111.32,50.81,117.04
96251,112.02,51.03,117.10
96261,112.72,50.63,117.15
96271,113.44,50.01,117.19
96281,114.13,50.15,117.21
96291,114.80,50.26,117.23
96301,115.49,49.57,117.23
96311,116.16,49.37,117.22
96321,116.80,49.59,117.20
96331,117.46,48.92,117.17
96341,118.12,48.57,117.13
96351,118.74,48.73,117.07
96361,119.38,48.16,117.01
96371,120.01,47.83,116.93
96381,120.60,48.07,116.84
96391,121.22,47.28,116.74
96401,121.81,47.34,116.63
96411,122.39,47.03,116.51
96421,122.98,46.48,116.37
96431,123.53,46.71,116.23
96441,124.11,45.75,116.07
96451,124.64,46.17,115.90
96461,125.19,45.30,115.73
96471,125.71,45.49,115.54
96481,126.24,44.79,115.34
96491,126.74,44.89,115.13
96501,127.25,44.29,114.91
96511,127.73,44.30,114.68
96521,128.22,43.52,114.44
96531,128.68,43.76,114.19
96541,129.15,42.93,113.93
96551,129.60,42.89,113.66
96561,130.03,42.57,113.38
96571,130.48,41.91,113.09
96581,130.88,42.20,112.79
96591,131.27,41.88,112.48
96601,131.67,41.19,112.17
96611,132.05,41.15,111.84
96621,132.41,40.73,111.50
96631,132.78,40.31,111.16
96641,133.13,39.94,110.80
96651,133.45,40.04,110.44
96661,133.75,39.92,110.07
96671,134.05,39.31,109.69
96681,134.35,38.87,109.30
96691,134.63,38.55,108.91
96701,134.90,38.24,108.50
96711,135.14,38.30,108.09
96721,135.35,38.29,107.67
96731,135.55,38.08,107.24
96741,135.73,37.92,106.81
96751,135.89,37.72,106.37
96761,136.03,37.64,105.92
96771,136.15,37.34,105.46
96781,136.26,37.19,105.00
96791,136.35,36.90,104.53
96801,136.44,36.50,104.06
96811,136.51,36.19,103.57
96821,136.58,35.75,103.09
96831,136.65,35.35,102.59
96841,136.68,35.35,102.09
96851,136.68,35.57,101.59
96861,136.63,36.03,101.08
96871,136.56,36.04,100.56
96881,136.48,35.53,100.04
96891,136.42,34.88,99.51
96901,136.33,34.75,98.98
96911,136.20,35.23,98.44
96921,136.04,35.28,97.90
96931,135.89,34.58,97.36
96941,135.72,34.48,96.81
96951,135.51,34.77,96.26
96961,135.29,34.71,95.70
96971,135.05,34.40,95.14
96981,134.80,34.36,94.57
96991,134.52,34.46,94.01
97001,134.23,34.28,93.44
97011,133.92,34.16,92.86
97021,133.58,34.52,92.29
97031,133.23,34.20,91.71
97041,132.85,34.24,91.13
97051,132.45,34.51,90.54
97061,132.04,34.17,89.96
97071,131.60,34.42,89.37
97081,131.14,34.61,88.78
97091,130.66,34.50,88.19
97101,130.15,34.82,87.60
97111,129.61,35.19,87.01
97121,129.05,35.12,86.41
97131,128.46,35.66,85.82
97141,127.85,35.52,85.22
97151,127.24,35.51,84.62
97161,126.58,36.16,84.03
97171,125.91,35.97,83.43
97181,125.22,36.24,82.83
97191,124.51,36.54,82.24
97201,123.76,37.06,81.64
97211,123.01,36.96,81.04
97221,122.22,37.37,80.45
97231,121.41,37.85,79.85
97241,120.56,38.44,79.26
97251,119.69,38.60,78.67
97261,118.81,38.78,78.07
97271,117.90,39.46,77.48
97281,116.96,39.85,76.89
97291,116.00,40.08,76.31
97301,115.03,40.42,75.72
97311,114.02,41.06,75.14
97321,112.99,41.66,74.56
97331,111.94,42.04,73.98
97341,110.88,42.18,73.40
97351,109.81,42.50,72.83
97361,108.71,43.06,72.26
97371,107.58,43.76,71.69
97381,106.43,44.25,71.12
97391,105.25,45.02,70.56
97401,104.06,45.47,70.00
97411,102.85,45.86,69.45
97421,101.62,46.39,68.89
97431,100.39,46.76,68.35
97441,99.13,47.40,67.80
97451,97.85,48.18,67.26
97461,96.54,48.80,66.72
97471,95.23,49.19,66.19
97481,93.92,49.56,65.66
97491,92.58,50.30,65.14
97501,91.23,50.94,64.62
97511,89.88,51.16,64.11
97521,88.50,52.00,63.60
97531,87.14,52.10,63.09
97541,85.75,52.98,62.59
97551,84.37,53.13,62.09
97561,82.96,54.02,61.60
97571,81.58,54.07,61.12
97581,80.18,54.62,60.64
97591,78.78,55.13,60.17
97601,77.39,55.23,59.70
97611,75.99,56.03,59.24
97621,74.59,56.41,58.78
97631,73.22,56.26,58.33
97641,71.84,56.78,57.88
97651,70.47,57.30,57.44
97661,69.09,57.68,57.01
97671,67.73,57.79,56.58
97681,66.39,57.90,56.16
97691,65.08,57.92,55.74
97701,63.77,58.17,55.34
97711,62.48,58.31,54.93
97721,61.21,58.38,54.54
97731,59.95,58.64,54.15
97741,58.71,58.60,53.77
97751,57.49,58.66,53.39
97761,56.30,58.75,53.02
97771,55.13,58.53,52.66
97781,53.98,58.75,52.30
97791,52.85,58.73,51.95
97801,51.74,58.63,51.61
97811,50.66,58.73,51.27
97821,49.58,58.90,50.94
97831,48.53,58.87,50.62
97841,47.51,58.68,50.31
97851,46.51,58.74,50.00
97861,45.55,58.37,49.70
97871,44.63,58.01,49.41
97881,43.74,57.59,49.12
97891,42.91,56.97,48.84
97901,42.10,56.80,48.57
97911,41.33,56.22,48.30
97921,40.60,55.98,48.04
97931,39.88,55.85,47.79
97941,39.21,55.48,47.55
97951,38.54,55.42,47.31
97961,37.92,54.92,47.08
97971,37.32,54.71,46.86
97981,36.76,54.29,46.65
97991,36.23,53.95,46.44
98001,35.72,53.72,46.24
98011,35.25,53.25,46.05
98021,34.79,53.01,45.86
98031,34.37,52.75,45.68
98041,33.97,52.44,45.51
98051,33.58,52.40,45.34
98061,33.22,52.01,45.19
98071,32.90,51.40,45.04
98081,32.62,50.82,44.89
98091,32.36,50.39,44.75
98101,32.13,50.16,44.63
98111,31.90,50.09,44.50
98121,31.70,49.73,44.39
98131,31.54,49.05,44.28
98141,31.42,48.46,44.18
98151,31.31,48.13,44.08
98161,31.22,47.95,43.99
98171,31.15,47.69,43.91
98181,31.09,47.33,43.83
98191,31.06,46.99,43.77
98201,31.06,46.45,43.70
98211,31.07,46.23,43.65
98221,31.09,45.95,43.60
98231,31.14,45.56,43.56
98241,31.20,45.36,43.52
98251,31.28,44.85,43.49
98261,31.37,44.87,43.47
98271,31.47,44.53,43.45
98281,31.60,44.01,43.44
98291,31.74,43.80,43.43
98301,31.88,43.64,43.44
98311,32.04,43.45,43.44
98321,32.21,43.22,43.46
98331,32.38,43.05,43.47
98341,32.54,43.28,43.50
98351,32.72,42.82,43.53
98361,32.90,42.95,43.56
98371,33.08,42.82,43.61
98381,33.28,42.56,43.65
98391,33.47,42.69,43.70
98401,33.67,42.45,43.76
98411,33.88,42.22,43.82
98421,34.09,42.22,43.89
98431,34.28,42.49,43.97
98441,34.49,42.21,44.04
98451,34.70,42.12,44.13
98461,34.91,42.13,44.21
98471,35.12,42.31,44.31
98481,35.32,42.26,44.40
98491,35.54,42.07,44.51
98501,35.75,42.10,44.61
98511,35.95,42.28,44.72
98521,36.14,42.56,44.84
98531,36.34,42.54,44.96
98541,36.53,42.51,45.08
98551,36.73,42.41,45.21
98561,36.93,42.50,45.34
98571,37.11,42.85,45.48
98581,37.29,42.85,45.61
98591,37.48,42.78,45.76
98601,37.67,42.69,45.90
98611,37.85,42.96,46.06
98621,38.02,43.23,46.21
98631,38.18,43.47,46.37
98641,38.35,43.44,46.53
98651,38.51,43.49,46.69
98661,38.68,43.50,46.86
98671,38.84,43.78,47.03
98681,38.97,44.29,47.20
98691,39.10,44.46,47.38
98701,39.23,44.53,47.55
98711,39.37,44.50,47.74
98721,39.49,44.96,47.92
98731,39.60,45.17,48.11
98741,39.72,45.23,48.29
98751,39.83,45.26,48.48
98761,39.95,45.36,48.68
98771,40.05,45.80,48.87
98781,40.14,46.27,49.07
98791,40.24,46.08,49.27
98801,40.34,46.11,49.47
98811,40.42,46.81,49.67
98821,40.50,46.84,49.88
98831,40.58,46.91,50.09
98841,40.66,47.17,50.29
98851,40.73,47.53,50.50
98861,40.80,47.53,50.71
98871,40.88,47.61,50.93
98881,40.95,47.98,51.14
98891,41.03,47.94,51.36
98901,41.10,48.15,51.57
98911,41.17,48.37,51.79
98921,41.25,48.38,52.01
98931,41.31,48.79,52.22
98941,41.39,48.70,52.44
98951,41.45,49.09,52.66
98961,41.53,49.07,52.88
98971,41.60,49.30,53.10
98981,41.67,49.45,53.33
98991,41.75,49.41,53.55
99001,41.83,49.75,53.77
99011,41.92,49.54,53.99
99021,42.00,49.98,54.22
99031,42.10,49.67,54.44
99041,42.19,50.00,54.66
99051,42.29,49.99,54.89
99061,42.40,49.97,55.11
99071,42.51,50.22,55.33
99081,42.62,50.18,55.55
99091,42.73,50.34,55.78
99101,42.86,50.24,56.00
99111,42.98,50.54,56.22
99121,43.11,50.30,56.44
99131,43.24,50.55,56.66
99141,43.38,50.55,56.88
99151,43.53,50.42,57.10
99161,43.68,50.60,57.32
99171,43.84,50.50,57.54
99181,43.99,50.76,57.76
99191,44.16,50.61,57.98
99201,44.33,50.60,58.20
99211,44.50,50.84,58.41
99221,44.69,50.52,58.63
99231,44.87,50.86,58.84
99241,45.05,50.78,59.05
99251,45.25,50.68,59.26
99261,45.44,50.91,59.48
99271,45.65,50.74,59.69
99281,45.86,50.71,59.89
99291,46.06,50.87,60.10
99301,46.29,50.47,60.31
99311,46.52,50.72,60.51
99321,46.75,50.65,60.72
99331,46.98,50.60,60.92
99341,47.22,50.63,61.12
99351,47.46,50.72,61.32
99361,47.71,50.45,61.52
99371,47.96,50.69,61.72
99381,48.21,50.50,61.92
99391,48.48,50.35,62.11
99401,48.74,50.61,62.30
99411,49.01,50.26,62.50
99421,49.28,50.42,62.69
99431,49.56,50.35,62.88
99441,49.84,50.25,63.07
99451,50.12,50.33,63.25
99461,50.40,50.42,63.44
99471,50.69,50.26,63.62
99481,50.97,50.31,63.80
99491,51.26,50.34,63.98
99501,51.54,50.39,64.16
99511,51.84,50.06,64.34
99521,52.14,50.18,64.52
99531,52.43,50.22,64.69
99541,52.74,49.99,64.87
99551,53.04,50.12,65.04
99561,53.34,50.14,65.21
99571,53.65,49.92,65.38
99581,53.93,50.47,65.54
99591,54.23,50.06,65.71
99601,54.53,50.21,65.88
99611,54.83,50.20,66.04
99621,55.13,50.10,66.20
99631,55.42,50.22,66.36
99641,55.71,50.27,66.52
99651,56.01,50.07,66.68
99661,56.29,50.50,66.84
99671,56.59,50.25,66.99
99681,56.88,50.30,67.15
99691,57.16,50.42,67.30
99701,57.45,50.27,67.45
99711,57.72,50.61,67.60
99721,58.01,50.34,67.75
99731,58.28,50.55,67.90
99741,58.55,50.69,68.04
99751,58.82,50.55,68.19
99761,59.08,50.74,68.34
99771,59.35,50.70,68.48
99781,59.62,50.60,68.62
99791,59.86,51.04,68.76
99801,60.13,50.73,68.90
99811,60.38,50.94,69.04
99821,60.62,51.04,69.18
99831,60.87,50.92,69.32
99841,61.12,51.13,69.46
99851,61.35,51.19,69.59
99861,61.60,50.99,69.73
99871,61.83,51.34,69.86
99881,62.07,51.20,70.00
99891,62.30,51.31,70.13
99901,62.51,51.69,70.26
99911,62.74,51.27,70.40
99921,62.96,51.56,70.53
99931,63.17,51.66,70.66
99941,63.39,51.47,70.79
99951,63.61,51.67,70.92
99961,63.81,51.89,71.05
99971,64.03,51.59,71.18
99981,64.23,51.88,71.31
99991,64.42,52.07,71.44
100001,64.63,51.82,71.57
100011,64.82,52.03,71.70
100021,65.01,52.26,71.82
100031,65.21,52.01,71.95
100041,65.40,52.10,72.08
100051,65.58,52.49,72.21
100061,65.77,52.18,72.34
100071,65.96,52.21,72.47
100081,66.13,52.63,72.59
100091,66.31,52.43,72.72
100101,66.50,52.26,72.85
100111,66.66,52.88,72.98
100121,66.82,52.81,73.11
100131,67.00,52.55,73.24
100141,67.16,52.82,73.37
100151,67.32,53.11,73.50
100161,67.47,53.07,73.63
100171,67.64,52.81,73.76
100181,67.80,53.12,73.89
100191,67.93,53.53,74.03
100201,68.09,53.14,74.16
100211,68.25,53.22,74.29
100221,68.39,53.56,74.43
100231,68.53,53.58,74.56
100241,68.68,53.38,74.70
100251,68.83,53.41,74.84
100261,68.97,53.76,74.97
100271,69.09,53.99,75.11
100281,69.24,53.70,75.25
100291,69.39,53.54,75.39
100301,69.54,53.78,75.53
100311,69.66,54.17,75.68
100321,69.79,54.23,75.82
100331,69.93,53.87,75.96
100341,70.08,53.82,76.11
100351,70.22,54.18,76.26
100361,70.35,54.34,76.40
100371,70.48,54.27,76.55
100381,70.62,54.24,76.70
100391,70.78,54.00,76.86
100401,70.91,54.51,77.01
100411,71.03,54.67,77.16
100421,71.15,54.88,77.32
100431,71.28,54.63,77.48
100441,71.43,54.44,77.64
100451,71.57,54.46,77.80
100461,71.71,54.65,77.96
100471,71.84,54.89,78.12
100481,71.98,54.85,78.29
100491,72.12,54.78,78.45
100501,72.27,54.67,78.62
100511,72.42,54.78,78.79
100521,72.57,54.77,78.96
100531,72.71,55.03,79.13
100541,72.84,55.29,79.31
100551,72.98,55.24,79.48
100561,73.12,55.13,79.66
100571,73.28,54.85,79.84
100581,73.45,54.90,80.02
100591,73.61,54.87,80.20
100601,73.78,54.87,80.39
100611,73.95,55.03,80.57
100621,74.10,55.25,80.76
100631,74.26,55.18,80.95
100641,74.43,55.07,81.14
100651,74.61,54.97,81.33
100661,74.79,54.97,81.53
100671,74.97,55.20,81.73
100681,75.13,55.39,81.92
100691,75.30,55.43,82.12
100701,75.46,55.60,82.33
100711,75.63,55.59,82.53
100721,75.80,55.51,82.73
100731,75.99,55.34,82.94
100741,76.18,55.21,83.15
100751,76.38,55.16,83.36
100761,76.58,55.17,83.57
100771,76.77,55.45,83.79
100781,76.96,55.50,84.00
100791,77.15,55.56,84.22
100801,77.34,55.78,84.44
100811,77.52,55.81,84.66
100821,77.71,55.79,84.88
100831,77.91,55.78,85.10
100841,78.11,55.63,85.33
100851,78.32,55.49,85.55
100861,78.54,55.40,85.78
100871,78.77,55.38,86.01
100881,78.99,55.45,86.24
100891,79.22,55.43,86.48
100901,79.45,55.46,86.71
100911,79.67,55.52,86.95
100921,79.89,55.74,87.18
100931,80.11,55.86,87.42
100941,80.32,55.99,87.66
100951,80.55,55.89,87.90
100961,80.76,56.07,88.14
100971,80.98,56.01,88.39
100981,81.21,55.94,88.63
100991,81.44,55.93,88.88
101001,81.68,55.85,89.12
101011,81.93,55.66,89.37
101021,82.18,55.64,89.62
101031,82.44,55.64,89.87
101041,82.71,55.50,90.12
101051,82.97,55.56,90.37
101061,83.23,55.59,90.63
101071,83.49,55.70,90.88
101081,83.76,55.67,91.13
101091,84.01,55.92,91.39
101101,84.26,56.13,91.65
101111,84.51,56.16,91.90
101121,84.76,56.25,92.16
101131,85.01,56.21,92.42
101141,85.25,56.39,92.67
101151,85.51,56.23,92.93
101161,85.77,56.19,93.19
101171,86.03,56.20,93.45
101181,86.30,56.07,93.71
101191,86.58,56.03,93.97
101201,86.85,55.98,94.23
101211,87.14,55.98,94.49
101221,87.42,55.86,94.75
101231,87.71,55.87,95.00
101241,88.01,55.70,95.26
101251,88.30,55.87,95.52
101261,88.60,55.83,95.78
101271,88.90,55.85,96.04
101281,89.19,55.91,96.30
101291,89.48,56.07,96.56
101301,89.76,56.25,96.81
101311,90.04,56.27,97.07
101321,90.32,56.34,97.33
101331,90.59,56.55,97.58
101341,90.86,56.52,97.83
101351,91.14,56.52,98.09
101361,91.42,56.41,98.34
101371,91.70,56.55,98.59
101381,91.98,56.41,98.84
101391,92.27,56.37,99.09
101401,92.56,56.36,99.34
101411,92.86,56.21,99.59
101421,93.16,56.18,99.83
101431,93.47,56.03,100.08
101441,93.78,55.93,100.32
101451,94.09,55.97,100.56
101461,94.41,55.82,100.80
101471,94.73,55.82,101.04
101481,95.05,55.76,101.28
101491,95.37,55.65,101.51
101501,95.69,55.80,101.74
101511,96.02,55.69,101.97
101521,96.33,55.84,102.20
101531,96.65,55.74,102.43
101541,96.96,55.90,102.65
101551,97.26,56.08,102.88
101561,97.56,56.16,103.10
101571,97.86,56.08,103.31
101581,98.15,56.19,103.53
101591,98.45,56.18,103.74
101601,98.74,56.17,103.95
101611,99.04,56.10,104.16
101621,99.34,55.99,104.36
101631,99.64,55.88,104.56
101641,99.95,55.70,104.76
101651,100.25,55.92,104.96
101661,100.56,55.79,105.15
101671,100.86,55.77,105.34
101681,101.17,55.73,105.52
101691,101.51,54.85,105.71
101701,101.86,54.64,105.88
101711,102.21,54.66,106.06
101721,102.56,54.54,106.23
101731,102.90,54.57,106.40
101741,103.24,54.54,106.57
101751,103.58,54.63,106.73
101761,103.90,54.78,106.89
101771,104.22,54.79,107.04
101781,104.53,54.78,107.19
101791,104.85,54.62,107.34
101801,105.17,54.41,107.48
101811,105.50,54.15,107.62
101821,105.85,53.80,107.75
101831,106.19,53.68,107.88
101841,106.54,53.58,108.01
101851,106.87,53.69,108.13
101861,107.19,53.87,108.25
101871,107.49,54.06,108.36
101881,107.80,53.93,108.47
101891,108.11,53.55,108.57
101901,108.45,53.11,108.67
101911,108.76,53.29,108.77
101921,109.09,53.01,108.86
101931,109.39,53.34,108.94
101941,109.68,53.38,109.02
101951,109.98,53.19,109.10
101961,110.30,52.64,109.17
101971,110.62,52.43,109.23
101981,110.92,52.48,109.30
101991,111.20,52.92,109.35
102001,111.48,52.93,109.40
102011,111.77,52.43,109.45
102021,112.07,51.98,109.49
102031,112.36,52.11,109.52
102041,112.62,52.46,109.55
102051,112.88,52.37,109.58
102061,113.17,51.68,109.60
102071,113.45,51.61,109.61
102081,113.70,52.07,109.62
102091,113.94,52.06,109.63
102101,114.20,51.45,109.63
102111,114.46,51.31,109.62
102121,114.70,51.69,109.61
102131,114.92,51.62,109.59
102141,115.17,51.03,109.56
102151,115.40,51.15,109.54
102161,115.61,51.50,109.50
102171,115.83,51.03,109.46
102181,116.05,50.79,109.42
102191,116.24,51.20,109.36
102201,116.43,51.00,109.31
102211,116.65,50.33,109.24
102221,116.83,50.80,109.18
102231,117.00,50.78,109.10
102241,117.19,50.17,109.02
102251,117.36,50.44,108.94
102261,117.51,50.61,108.85
102271,117.68,50.05,108.75
102281,117.83,50.17,108.65
102291,117.97,50.30,108.54
102301,118.12,49.78,108.43
102311,118.25,50.01,108.31
102321,118.36,50.10,108.18
102331,118.50,49.35,108.05
102341,118.60,50.03,107.91
102351,118.71,49.48,107.77
102361,118.82,49.40,107.62
102371,118.89,49.81,107.47
102381,118.99,49.11,107.31
102391,119.06,49.39,107.15
102401,119.13,49.27,106.98
102411,119.20,48.95,106.80
102421,119.24,49.37,106.62
102431,119.30,48.78,106.43
102441,119.33,49.19,106.24
102451,119.36,48.93,106.04
102461,119.39,48.73,105.84
102471,119.40,48.87,105.63
102481,119.43,48.34,105.41
102491,119.43,48.71,105.19
102501,119.43,48.29,104.97
102511,119.40,48.80,104.74
102521,119.39,48.22,104.50
102531,119.37,48.20,104.26
102541,119.33,48.36,104.01
102551,119.30,47.89,103.76
102561,119.25,48.05,103.50
102571,119.21,47.69,103.24
102581,119.14,47.88,102.98
102591,119.10,47.31,102.70
102601,119.03,47.50,102.43
102611,118.97,47.06,102.14
102621,118.88,47.48,101.86
102631,118.82,46.71,101.57
102641,118.72,47.13,101.27
102651,118.63,46.66,100.97
102661,118.52,46.98,100.66
102671,118.42,46.54,100.35
102681,118.29,46.92,100.04
102691,118.17,46.28,99.72
102701,118.03,46.73,99.39
102711,117.90,46.06,99.07
102721,117.75,46.44,98.73
102731,117.61,45.85,98.40
102741,117.43,46.33,98.06
102751,117.27,45.83,97.71
102761,117.09,46.09,97.36
102771,116.91,45.72,97.01
102781,116.70,46.11,96.65
102791,116.51,45.56,96.29
102801,116.29,45.80,95.92
102811,116.08,45.64,95.56
102821,115.85,45.54,95.18
102831,115.60,45.76,94.81
102841,115.37,45.28,94.43
102851,115.10,45.73,94.05
102861,114.84,45.53,93.66
102871,114.57,45.37,93.27
102881,114.28,45.65,92.88
102891,113.99,45.21,92.49
102901,113.69,45.46,92.09
102911,113.37,45.59,91.69
102921,113.06,45.19,91.28
102931,112.72,45.55,90.88
102941,112.37,45.59,90.47
102951,112.03,45.40,90.05
102961,111.65,45.72,89.64
102971,111.28,45.53,89.22
102981,110.90,45.48,88.80
102991,110.50,45.86,88.38
103001,110.10,45.58,87.96
103011,109.69,45.63,87.53
103021,109.25,46.09,87.11
103031,108.82,45.82,86.68
103041,108.37,45.98,86.25
103051,107.90,46.33,85.82
103061,107.44,46.05,85.38
103071,106.95,46.38,84.95
103081,106.44,46.70,84.51
103091,105.95,46.42,84.07
103101,105.43,46.75,83.63
103111,104.89,46.92,83.19
103121,104.36,46.83,82.75
103131,103.80,47.26,82.31
103141,103.24,47.28,81.86
103151,102.67,47.34,81.42
103161,102.07,47.88,80.98
103171,101.48,47.60,80.53
103181,100.87,47.98,80.09
103191,100.25,48.12,79.64
103201,99.63,48.10,79.19
103211,98.98,48.75,78.75
103221,98.34,48.51,78.30
103231,97.67,48.97,77.86
103241,97.01,49.06,77.41
103251,96.32,49.36,76.96
103261,95.63,49.59,76.52
103271,94.94,49.41,76.07
103281,94.23,49.93,75.63
103291,93.53,49.79,75.19
103301,92.80,50.40,74.74
103311,92.08,50.27,74.30
103321,91.35,50.52,73.86
103331,90.61,50.72,73.42
103341,89.87,50.95,72.98
103351,89.11,51.16,72.55
103361,88.36,51.18,72.11
103371,87.60,51.56,71.67
103381,86.85,51.23,71.24
103391,86.08,51.89,70.81
103401,85.31,51.89,70.38
103411,84.55,51.90,69.95
103421,83.76,52.53,69.52
103431,82.99,52.22,69.10
103441,82.21,52.56,68.68
103451,81.42,52.91,68.26
103461,80.65,52.50,67.84
103471,79.87,52.94,67.42
103481,79.09,53.20,67.01
103491,78.32,52.98,66.60
103501,77.54,53.26,66.19
103511,76.75,53.61,65.79
103521,75.98,53.41,65.38
103531,75.23,53.18,64.98
103541,74.46,53.72,64.59
103551,73.68,54.05,64.19
103561,72.92,53.74,63.80
103571,72.18,53.58,63.42
103581,71.43,53.97,63.03
103591,70.67,54.23,62.65
103601,69.94,53.97,62.27
103611,69.22,53.72,61.90
103621,68.50,53.85,61.53
103631,67.78,54.20,61.16
103641,67.05,54.32,60.80
103651,66.36,53.95,60.44
103661,65.68,53.72,60.08
103671,65.00,53.83,59.73
103681,64.32,54.08,59.38
103691,63.65,53.99,59.04
103701,63.00,53.88,58.70
103711,62.37,53.50,58.36
103721,61.74,53.65,58.03
103731,61.12,53.74,57.70
103741,60.50,53.66,57.38
103751,59.90,53.55,57.06
103761,59.32,53.18,56.75
103771,58.77,52.90,56.44
103781,58.21,53.07,56.13
103791,57.66,52.94,55.83
103801,57.13,52.78,55.54
103811,56.62,52.44,55.25
103821,56.13,52.26,54.96
103831,55.64,52.38,54.68
103841,55.15,52.28,54.40
103851,54.68,52.12,54.13
103861,54.23,51.84,53.87
103871,53.79,51.77,53.60
103881,53.35,51.77,53.35
103891,52.93,51.60,53.10
103901,52.51,51.59,52.85
103911,52.10,51.57,52.61
103921,51.71,51.21,52.37
103931,51.34,50.95,52.14
103941,50.96,51.34,51.92
103951,50.60,50.91,51.70
103961,50.26,50.51,51.48
103971,49.91,50.85,51.27
103981,49.59,50.44,51.07
103991,49.28,50.11,50.87
104001,48.97,50.23,50.67
104011,48.68,50.03,50.49
104021,48.41,49.69,50.30
104031,48.13,49.85,50.13
104041,47.87,49.57,49.95
104051,47.63,49.32,49.79
104061,47.38,49.44,49.63
104071,47.16,49.03,49.47
104081,46.94,49.02,49.32
104091,46.72,48.97,49.18
104101,46.53,48.58,49.04
104111,46.34,48.55,48.91
104121,46.16,48.32,48.78
104131,46.00,48.10,48.66
104141,45.84,48.05,48.54
104151,45.69,47.93,48.43
104161,45.54,47.98,48.32
104171,45.42,47.43,48.22
104181,45.29,47.70,48.13
104191,45.19,47.12,48.04
104201,45.07,47.44,47.95
104211,44.97,47.08,47.87
104221,44.87,47.17,47.80
104231,44.79,46.83,47.73
104241,44.71,46.91,47.67
104251,44.64,46.60,47.61
104261,44.56,46.78,47.56
104271,44.51,46.40,47.52
104281,44.44,46.71,47.48
104291,44.40,46.25,47.44
104301,44.35,46.30,47.41
104311,44.32,46.18,47.39
104321,44.29,46.07,47.37
104331,44.25,46.26,47.35
104341,44.23,45.90,47.34
104351,44.20,46.05,47.34
104361,44.20,45.77,47.34
104371,44.18,45.96,47.35
104381,44.17,45.89,47.36
104391,44.17,45.58,47.37
104401,44.17,45.71,47.39
104411,44.18,45.57,47.42
104421,44.18,45.72,47.45
104431,44.19,45.73,47.48
104441,44.20,45.64,47.53
104451,44.20,45.77,47.57
104461,44.22,45.65,47.62
104471,44.23,45.81,47.67
104481,44.24,45.85,47.73
104491,44.25,45.85,47.80
104501,44.26,45.86,47.86
104511,44.27,46.14,47.94
104521,44.29,45.93,48.01
104531,44.31,45.93,48.09
104541,44.31,46.30,48.18
104551,44.33,46.04,48.27
104561,44.34,46.35,48.36
104571,44.35,46.50,48.46
104581,44.36,46.42,48.56
104591,44.37,46.61,48.67
104601,44.38,46.65,48.78
104611,44.40,46.68,48.89
104621,44.40,46.94,49.01
104631,44.42,46.90,49.13
104641,44.43,46.92,49.25
104651,44.44,47.28,49.38
104661,44.44,47.32,49.51
104671,44.46,47.19,49.65
104681,44.47,47.53,49.78
104691,44.48,47.49,49.92
104701,44.50,47.58,50.07
104711,44.51,47.85,50.22
104721,44.53,47.74,50.37
104731,44.54,47.86,50.52
104741,44.56,48.00,50.68
104751,44.57,48.27,50.84
104761,44.59,48.27,51.00
104771,44.62,48.17,51.17
104781,44.63,48.58,51.34
104791,44.66,48.47,51.51
104801,44.68,48.74,51.68
104811,44.71,48.61,51.85
104821,44.75,48.68,52.03
104831,44.78,48.98,52.21
104841,44.81,49.06,52.40
104851,44.83,49.32,52.58
104861,44.87,49.12,52.77
104871,44.90,49.48,52.95
104881,44.95,49.35,53.15
104891,44.99,49.55,53.34
104901,45.03,49.59,53.53
104911,45.08,49.72,53.73
104921,45.13,49.76,53.92
104931,45.19,49.82,54.12
104941,45.25,49.88,54.32
104951,45.31,50.10,54.53
104961,45.38,49.99,54.73
104971,45.44,50.12,54.93
104981,45.53,50.04,55.14
104991,45.60,50.31,55.34
105001,45.69,50.06,55.55
105011,45.78,50.25,55.76
105021,45.87,50.42,55.97
105031,45.97,50.23,56.18
105041,46.07,50.49,56.39
105051,46.18,50.38,56.60
105061,46.30,50.26,56.81
105071,46.41,50.72,57.02
105081,46.53,50.48,57.24
105091,46.65,50.65,57.45
105101,46.77,50.84,57.66
105111,46.91,50.65,57.87
105121,47.03,50.94,58.09
105131,47.17,50.72,58.30
105141,47.31,50.90,58.51
105151,47.45,50.97,58.73
105161,47.61,50.76,58.94
105171,47.75,51.19,59.15
105181,47.92,50.71,59.37
105191,48.08,51.14,59.58
105201,48.25,50.95,59.79
105211,48.43,50.84,60.00
105221,48.60,51.11,60.21
105231,48.78,50.97,60.42
105241,48.97,50.91,60.63
105251,49.15,51.17,60.84
105261,49.35,50.85,61.05
105271,49.55,51.07,61.25
105281,49.74,51.14,61.46
105291,49.95,50.95,61.66
105301,50.15,51.32,61.87
105311,50.36,51.04,62.07
105321,50.57,51.02,62.27
105331,50.78,51.34,62.47
105341,51.01,50.95,62.67
105351,51.23,51.13,62.87
105361,51.46,51.00,63.06
105371,51.69,50.99,63.26
105381,51.92,51.07,63.45
105391,52.16,51.11,63.64
105401,52.40,50.95,63.83
105411,52.64,51.13,64.02
105421,52.88,51.09,64.21
105431,53.14,50.74,64.39
105441,53.37,51.23,64.58
105451,53.63,50.95,64.76
105461,53.88,51.05,64.94
105471,54.12,51.15,65.11
105481,54.39,50.86,65.29
105491,54.64,51.06,65.46
105501,54.89,51.07,65.63
105511,55.16,50.86,65.80
105521,55.42,51.00,65.97
105531,55.67,51.15,66.14
105541,55.94,50.78,66.30
105551,56.20,51.06,66.46
105561,56.46,50.95,66.62
105571,56.73,50.85,66.78
105581,56.98,51.25,66.93
105591,57.25,50.88,67.08
105601,57.52,50.88,67.23
105611,57.78,51.12,67.38
105621,58.05,50.82,67.53
105631,58.31,50.94,67.67
105641,58.56,51.14,67.81
105651,58.84,50.78,67.95
105661,59.10,50.96,68.08
105671,59.35,51.19,68.22
105681,59.61,50.82,68.35
105691,59.86,51.16,68.48
105701,60.12,51.01,68.60
105711,60.38,50.83,68.73
105721,60.63,51.06,68.85
105731,60.89,50.95,68.96
105741,61.14,50.95,69.08
105751,61.39,51.10,69.19
105761,61.64,50.99,69.31
105771,61.90,50.78,69.41
105781,62.13,51.25,69.52
105791,62.38,50.94,69.62
105801,62.61,51.10,69.72
105811,62.85,51.21,69.82
105821,63.09,50.90,69.92
105831,63.32,51.18,70.01
105841,63.55,51.06,70.10
105851,63.78,51.02,70.19
105861,64.00,51.29,70.28
105871,64.22,51.26,70.36
105881,64.45,50.99,70.45
105891,64.66,51.29,70.52
105901,64.87,51.29,70.60
105911,65.08,51.22,70.68
105921,65.27,51.66,70.75
105931,65.48,51.14,70.82
105941,65.68,51.32,70.88
105951,65.87,51.48,70.95
105961,66.06,51.34,71.01
105971,66.25,51.47,71.07
105981,66.43,51.57,71.13
105991,66.62,51.36,71.19
106001,66.79,51.66,71.24
106011,66.95,51.77,71.29
106021,67.13,51.38,71.34
106031,67.30,51.69,71.39
106041,67.45,51.76,71.44
106051,67.62,51.48,71.48
106061,67.78,51.78,71.52
106071,67.92,51.94,71.56
106081,68.08,51.57,71.60
106091,68.22,51.95,71.63
106101,68.35,51.98,71.67
106111,68.50,51.67,71.70
106121,68.61,52.29,71.73
106131,68.74,52.06,71.76
106141,68.87,51.88,71.79
106151,68.99,52.06,71.81
106161,69.10,52.29,71.84
106171,69.23,51.86,71.86
106181,69.35,52.01,71.88
106191,69.46,52.12,71.90
106201,69.55,52.43,71.92
106211,69.66,52.06,71.93
106221,69.76,52.36,71.95
106231,69.87,52.08,71.96
106241,69.95,52.47,71.98
106251,70.03,52.47,71.99
106261,70.13,52.27,72.00
106271,70.22,52.26,72.01
106281,70.29,52.52,72.01
106291,70.37,52.49,72.02
106301,70.46,52.29,72.03
106311,70.52,52.58,72.03
106321,70.58,52.92,72.04
106331,70.64,52.60,72.04
106341,70.71,52.42,72.04
106351,70.77,52.78,72.05
106361,70.82,52.76,72.05
106371,70.88,52.58,72.05
106381,70.93,52.83,72.05
106391,70.98,52.90,72.05
106401,71.03,52.63,72.05
106411,71.09,52.51,72.05
106421,71.13,52.88,72.05
106431,71.17,53.05,72.05
106441,71.21,52.83,72.05
106451,71.25,52.77,72.04
106461,71.28,53.01,72.04
106471,71.30,53.22,72.04
106481,71.34,52.95,72.04
106491,71.38,52.81,72.04
106501,71.40,53.12,72.04
106511,71.42,53.14,72.03
106521,71.45,52.97,72.03
106531,71.48,52.91,72.03
106541,71.50,53.17,72.03
106551,71.51,53.44,72.03
106561,71.52,53.30,72.03
106571,71.54,53.00,72.03
106581,71.56,53.13,72.03
106591,71.57,53.41,72.03
106601,71.58,53.24,72.04
106611,71.61,53.03,72.04
106621,71.63,53.09,72.04
106631,71.63,53.46,72.05
106641,71.63,53.43,72.05
106651,71.64,53.27,72.06
106661,71.66,53.16,72.07
106671,71.67,53.36,72.07
106681,71.66,53.65,72.08
106691,71.66,53.52,72.09
106701,71.68,53.18,72.10
106711,71.69,53.28,72.12
106721,71.69,53.50,72.13
106731,71.68,53.68,72.14
106741,71.68,53.66,72.16
106751,71.69,53.40,72.18
106761,71.71,53.23,72.20
106771,71.71,53.60,72.22
106781,71.70,53.75,72.24
106791,71.70,53.63,72.26
106801,71.70,53.59,72.29
106811,71.71,53.42,72.31
106821,71.71,53.67,72.34
106831,71.70,53.93,72.37
106841,71.70,53.87,72.40
106851,71.70,53.65,72.43
106861,71.72,53.43,72.47
106871,71.72,53.70,72.51
106881,71.72,53.85,72.54
106891,71.71,54.14,72.58
106901,71.72,53.70,72.62
106911,71.73,53.66,72.67
106921,71.74,53.63,72.71
106931,71.75,53.89,72.76
106941,71.75,54.01,72.81
106951,71.74,54.18,72.86
106961,71.75,53.98,72.92
106971,71.76,53.75,72.97
106981,71.78,53.77,73.03
106991,71.79,54.11,73.09
107001,71.78,54.37,73.15
107011,71.78,54.16,73.21
107021,71.80,53.92,73.28
107031,71.83,53.70,73.35
107041,71.86,53.92,73.42
107051,71.87,54.26,73.49
107061,71.87,54.43,73.56
107071,71.87,54.41,73.64
107081,71.90,54.07,73.72
107091,71.93,54.08,73.80
107101,71.95,54.16,73.88
107111,71.97,54.42,73.97
107121,71.97,54.71,74.05
107131,71.98,54.62,74.14
107141,72.01,54.36,74.23
107151,72.04,54.29,74.33
107161,72.07,54.41,74.42
107171,72.09,54.57,74.52
107181,72.11,54.72,74.62
107191,72.13,54.80,74.72
107201,72.15,54.78,74.83
107211,72.19,54.65,74.94
107221,72.23,54.43,75.04
107231,72.28,54.50,75.15
107241,72.32,54.68,75.27
107251,72.34,55.03,75.38
107261,72.36,55.19,75.50
107271,72.39,55.25,75.62
107281,72.42,55.05,75.74
107291,72.46,55.20,75.86
107301,72.51,54.92,75.99
107311,72.56,54.84,76.11
107321,72.62,54.81,76.24
107331,72.66,55.35,76.37
107341,72.71,55.27,76.51
107351,72.75,55.35,76.64
107361,72.81,55.20,76.78
107371,72.88,55.08,76.91
107381,72.96,54.92,77.05
107391,73.03,55.01,77.19
107401,73.10,55.16,77.34
107411,73.17,55.26,77.48
107421,73.24,55.49,77.63
107431,73.29,55.70,77.77
107441,73.36,55.57,77.92
107451,73.43,55.53,78.07
107461,73.52,55.44,78.22
107471,73.61,55.25,78.38
107481,73.71,55.23,78.53
107491,73.81,55.20,78.69
107501,73.92,55.09,78.84
107511,74.03,55.25,79.00
107521,74.13,55.38,79.16
107531,74.23,55.47,79.32
107541,74.33,55.58,79.48
107551,74.43,55.66,79.65
107561,74.53,55.72,79.81
107571,74.64,55.61,79.97
107581,74.75,55.72,80.14
107591,74.87,55.53,80.30
107601,74.99,55.56,80.47
107611,75.12,55.30,80.63
107621,75.26,55.33,80.80
107631,75.41,55.28,80.97
107641,75.55,55.30,81.14
107651,75.69,55.39,81.30
107661,75.83,55.46,81.47
107671,75.98,55.49,81.64
107681,76.11,55.69,81.81
107691,76.25,55.67,81.98
107701,76.38,55.87,82.15
107711,76.53,55.74,82.32
107721,76.68,55.62,82.48
107731,76.83,55.55,82.65
107741,76.99,55.54,82.82
107751,77.17,55.22,82.99
107761,77.34,55.37,83.16
107771,77.52,55.18,83.32
107781,77.70,55.28,83.49
107791,77.87,55.40,83.65
107801,78.05,55.29,83.82
107811,78.23,55.47,83.98
107821,78.39,55.67,84.15
107831,78.56,55.65,84.31
107841,78.72,55.74,84.47
107851,78.90,55.62,84.63
107861,79.08,55.50,84.79
107871,79.26,55.43,84.95
107881,79.46,55.15,85.10
107891,79.66,55.20,85.26
107901,79.86,55.13,85.41
107911,80.07,54.97,85.56
107921,80.28,55.04,85.71
107931,80.47,55.25,85.86
107941,80.68,55.09,86.00
107951,80.87,55.34,86.15
107961,81.06,55.47,86.29
107971,81.25,55.37,86.43
107981,81.44,55.26,86.57
107991,81.65,55.07,86.71
108001,81.86,54.87,86.84
108011,82.09,54.74,86.97
108021,82.30,54.76,87.10
108031,82.53,54.69,87.23
108041,82.75,54.66,87.35
108051,82.96,54.82,87.47
108061,83.17,54.94,87.59
108071,83.37,55.02,87.70
108081,83.57,54.97,87.82
108091,83.78,54.75,87.92
108101,84.00,54.55,88.03
108111,84.23,54.31,88.13
108121,84.46,54.09,88.23
108131,84.70,54.12,88.33
108141,84.92,54.26,88.42
108151,85.14,54.35,88.51
108161,85.35,54.40,88.60
108171,85.55,54.47,88.68
108181,85.77,54.25,88.76
108191,85.99,53.95,88.83
108201,86.23,53.68,88.91
108211,86.46,53.64,88.97
108221,86.68,53.82,89.04
108231,86.88,54.13,89.10
108241,87.08,54.06,89.15
108251,87.29,53.85,89.20
108261,87.51,53.58,89.25
108271,87.73,53.41,89.29
108281,87.94,53.43,89.33
108291,88.14,53.67,89.36
108301,88.33,53.76,89.39
108311,88.52,53.72,89.42
108321,88.72,53.38,89.44
108331,88.93,53.02,89.45
108341,89.13,53.11,89.46
108351,89.31,53.40,89.47
108361,89.48,53.69,89.47
108371,89.65,53.46,89.46
108381,89.82,53.38,89.45
108391,90.00,52.93,89.44
108401,90.19,52.82,89.42
108411,90.35,53.10,89.40
108421,90.53,52.78,89.37
108431,90.70,52.63,89.33
108441,90.86,52.90,89.29
108451,91.00,53.16,89.25
108461,91.14,52.97,89.20
108471,91.29,52.50,89.14
108481,91.45,52.45,89.08
108491,91.57,52.81,89.01
108501,91.69,52.92,88.94
108511,91.82,52.52,88.87
108521,91.94,52.51,88.78
108531,92.05,52.75,88.69
108541,92.14,52.85,88.60
108551,92.24,52.52,88.50
108561,92.35,52.24,88.39
108571,92.44,52.54,88.28
108581,92.51,52.77,88.17
108591,92.58,52.44,88.04
108601,92.67,52.15,87.91
108611,92.73,52.45,87.78
108621,92.78,52.60,87.64
108631,92.83,52.28,87.50
108641,92.90,51.92,87.34
108651,92.94,52.19,87.19
108661,92.97,52.45,87.02
108671,93.01,51.97,86.85
108681,93.05,51.68,86.68
108691,93.07,52.11,86.50
108701,93.07,52.25,86.31
108711,93.09,51.72,86.12
108721,93.10,51.74,85.92
108731,93.09,52.06,85.72
108741,93.08,51.90,85.51
108751,93.08,51.48,85.29
108761,93.05,51.75,85.07
108771,93.02,51.84,84.84
108781,93.00,51.31,84.61
108791,92.97,51.29,84.37
108801,92.92,51.56,84.13
108811,92.88,51.36,83.88
108821,92.84,51.01,83.62
108831,92.78,51.11,83.36
108841,92.71,51.33,83.09
108851,92.67,50.58,82.82
108861,92.61,50.62,82.54
108871,92.53,50.92,82.26
108881,92.46,50.46,81.97
108891,92.39,50.28,81.67
108901,92.29,50.66,81.37
108911,92.21,50.24,81.06
108921,92.13,49.91,80.75
108931,92.01,50.42,80.44
108941,91.91,49.82,80.11
108951,91.82,49.67,79.79
108961,91.69,50.05,79.45
108971,91.57,49.58,79.12
108981,91.45,49.51,78.77
108991,91.31,49.74,78.42
109001,91.18,49.15,78.07
109011,91.03,49.37,77.71
109021,90.87,49.40,77.35
109031,90.73,48.92,76.98
109041,90.55,49.30,76.61
109051,90.39,48.82,76.23
109061,90.21,48.97,75.85
109071,90.02,48.92,75.46
109081,89.85,48.50,75.07
109091,89.64,48.95,74.68
109101,89.44,48.46,74.28
109111,89.22,48.65,73.87
109121,89.00,48.48,73.47
109131,88.78,48.26,73.05
109141,88.54,48.42,72.64
109151,88.32,48.02,72.22
109161,88.06,48.44,71.79
109171,87.82,47.84,71.36
109181,87.54,48.26,70.93
109191,87.28,47.81,70.50
109201,87.00,48.04,70.06
109211,86.73,47.75,69.61
109221,86.43,47.94,69.17
109231,86.13,47.84,68.72
109241,85.82,47.83,68.27
109251,85.49,47.84,67.81
109261,85.17,47.73,67.35
109271,84.83,47.72,66.89
109281,84.49,47.67,66.43
109291,84.13,47.85,65.96
109301,83.77,47.68,65.49
109311,83.40,47.74,65.02
109321,83.02,47.56,64.54
109331,82.64,47.62,64.07
109341,82.25,47.57,63.59
109351,81.85,47.52,63.10
109361,81.44,47.56,62.62
109371,81.03,47.57,62.14
109381,80.59,47.77,61.65
109391,80.16,47.60,61.16
109401,79.71,47.88,60.67
109411,79.26,47.50,60.18
109421,78.79,47.85,59.69
109431,78.33,47.53,59.19
109441,77.85,47.90,58.70
109451,77.37,47.75,58.20
109461,76.87,47.86,57.70
109471,76.38,47.72,57.21
109481,75.86,47.98,56.71
109491,75.33,48.15,56.21
109501,74.81,48.02,55.71
109511,74.27,48.07,55.21
109521,73.73,48.16,54.71
109531,73.18,48.15,54.21
109541,72.61,48.33,53.71
109551,72.06,48.13,53.21
109561,71.48,48.36,52.71
109571,70.92,48.11,52.21
109581,70.34,48.45,51.71
109591,69.76,48.18,51.22
109601,69.17,48.41,50.72
109611,68.59,48.15,50.22
109621,67.99,48.40,49.73
109631,67.40,48.22,49.23
109641,66.79,48.48,48.74
109651,66.20,48.25,48.25
109661,65.59,48.44,47.76
109671,64.98,48.22,47.27
109681,64.37,48.38,46.79
109691,63.76,48.35,46.30
109701,63.14,48.46,45.82
109711,62.52,48.37,45.34
109721,61.90,48.44,44.86
109731,61.28,48.41,44.39
109741,60.65,48.42,43.91
109751,60.03,48.46,43.44
109761,59.40,48.38,42.98
109771,58.77,48.47,42.51
109781,58.15,48.34,42.05
109791,57.53,48.39,41.59
109801,56.90,48.34,41.14
109811,56.28,48.27,40.68
109821,55.67,48.13,40.23
109831,55.04,48.31,39.79
109841,54.43,48.01,39.35
109851,53.82,48.06,38.91
109861,53.22,47.88,38.48
109871,52.62,47.95,38.05
109881,52.02,47.83,37.62
109891,51.42,47.88,37.20
109901,50.83,47.58,36.78
109911,50.24,47.80,36.37
109921,49.65,47.60,35.96
109931,49.05,47.80,35.55
109941,48.48,47.51,35.15
109951,47.89,47.71,34.76
109961,47.32,47.35,34.37
109971,46.74,47.52,33.99
109981,46.19,47.11,33.61
109991,45.63,47.13,33.23
110001,45.09,46.81,32.86
110011,44.55,47.01,32.50
110021,44.01,46.76,32.14
110031,43.48,46.72,31.79
110041,42.96,46.55,31.44
110051,42.45,46.42,31.10
110061,41.94,46.42,30.77
110071,41.44,46.08,30.44
110081,40.94,46.26,30.12
110091,40.47,45.71,29.80
110101,39.99,45.92,29.49
110111,39.53,45.59,29.19
110121,39.06,45.60,28.89
110131,38.61,45.45,28.60
110141,38.16,45.35,28.31
110151,37.72,45.31,28.03
110161,37.30,44.75,27.76
110171,36.87,45.05,27.50
110181,36.46,44.79,27.24
110191,36.07,44.40,26.99
110201,35.66,44.71,26.74
110211,35.28,44.28,26.51
110221,34.90,44.19,26.28
110231,34.53,44.07,26.05
110241,34.18,43.69,25.84
110251,33.82,43.89,25.63
110261,33.47,43.74,25.43
110271,33.14,43.25,25.23
110281,32.81,43.37,25.04
110291,32.49,43.19,24.87
110301,32.19,42.88,24.69
110311,31.88,43.05,24.53
110321,31.59,42.84,24.37
110331,31.31,42.42,24.22
110341,31.04,42.50,24.08
110351,30.75,42.63,23.95
110361,30.50,42.19,23.82
110371,30.26,41.83,23.70
110381,30.01,41.99,23.59
110391,29.77,41.97,23.49
110401,29.55,41.63,23.39
110411,29.34,41.35,23.30
110421,29.13,41.35,23.22
110431,28.92,41.61,23.15
110441,28.72,41.31,23.09
110451,28.54,40.85,23.03
110461,28.37,40.74,22.98
110471,28.20,40.83,22.94
110481,28.03,41.02,22.91
110491,27.86,40.78,22.89
110501,27.72,40.33,22.87
110511,27.59,40.30,22.86
110521,27.45,40.44,22.86
110531,27.31,40.43,22.87
110541,27.18,40.39,22.88
110551,27.06,40.28,22.90
110561,26.94,40.24,22.93
110571,26.84,39.96,22.97
110581,26.75,39.69,23.02
110591,26.67,39.64,23.07
110601,26.58,39.84,23.13
110611,26.50,39.84,23.20
110621,26.43,39.68,23.28
110631,26.34,40.07,23.37
110641,26.27,39.68,23.46
110651,26.20,39.90,23.56
110661,26.12,40.12,23.67
110671,26.05,40.16,23.78
110681,25.98,40.16,23.90
110691,25.91,40.09,24.03
110701,25.84,40.37,24.17
110711,25.78,40.25,24.32
110721,25.73,40.25,24.47
110731,25.69,40.07,24.63
110741,25.64,40.35,24.80
110751,25.60,40.28,24.97
110761,25.57,40.32,25.15
110771,25.55,40.14,25.34
110781,25.54,40.15,25.54
110791,25.53,40.06,25.74
110801,25.54,40.03,25.95
110811,25.54,40.15,26.17
110821,25.55,40.22,26.39
110831,25.57,40.09,26.62
110841,25.58,40.40,26.86
110851,25.60,40.38,27.10
110861,25.63,40.35,27.35
110871,25.66,40.48,27.60
110881,25.68,40.72,27.87
110891,25.73,40.43,28.13
110901,25.77,40.73,28.41
110911,25.81,40.76,28.69
110921,25.86,40.80,28.98
110931,25.92,40.86,29.27
110941,25.97,41.15,29.57
110951,26.03,41.17,29.87
110961,26.08,41.42,30.18
110971,26.13,41.58,30.50
110981,26.19,41.80,30.82
110991,26.25,41.82,31.15
111001,26.31,42.03,31.48
111011,26.36,42.46,31.81
111021,26.41,42.54,32.16
111031,26.45,42.99,32.50
111041,26.50,43.05,32.86
111051,26.54,43.48,33.21
111061,26.59,43.61,33.57
111071,26.64,43.66,33.94
111081,26.70,43.89,34.31
111091,26.76,44.05,34.68
111101,26.83,44.04,35.06
111111,26.92,43.87,35.45
111121,27.00,44.24,35.83
111131,27.09,44.34,36.22
111141,27.16,44.93,36.62
111151,27.24,45.09,37.02
111161,27.33,45.18,37.42
111171,27.43,45.06,37.83
111181,27.53,45.34,38.23
111191,27.64,45.54,38.65
111201,27.74,45.83,39.06
111211,27.85,45.92,39.48
111221,27.97,45.95,39.90
111231,28.09,46.21,40.32
111241,28.21,46.64,40.75
111251,28.33,46.63,41.18
111261,28.48,46.59,41.61
111271,28.62,46.86,42.05
111281,28.75,47.23,42.48
111291,28.91,47.06,42.92
111301,29.07,47.23,43.36
111311,29.23,47.51,43.80
111321,29.41,47.38,44.24
111331,29.59,47.63,44.69
111341,29.77,47.89,45.13
111351,29.97,47.76,45.58
111361,30.16,48.04,46.03
111371,30.37,48.16,46.48
111381,30.59,48.04,46.93
111391,30.80,48.54,47.38
111401,31.04,48.12,47.83
111411,31.26,48.64,48.29
111421,31.52,48.34,48.74
111431,31.77,48.68,49.19
111441,32.03,48.65,49.64
111451,32.30,48.65,50.10
111461,32.57,48.88,50.55
111471,32.87,48.66,51.00
111481,33.16,48.98,51.46
111491,33.46,48.87,51.91
111501,33.77,49.05,52.36
111511,34.09,48.89,52.81
111521,34.41,49.19,53.26
111531,34.75,49.00,53.71
111541,35.08,49.28,54.16
111551,35.43,49.07,54.61
111561,35.78,49.29,55.05
111571,36.15,49.14,55.50
111581,36.52,49.19,55.94
111591,36.91,49.12,56.38
111601,37.29,49.33,56.82
111611,37.69,49.20,57.26
111621,38.09,49.27,57.69
111631,38.50,49.21,58.13
111641,38.92,49.19,58.56
111651,39.33,49.51,58.99
111661,39.76,49.20,59.41
111671,40.18,49.48,59.84
111681,40.62,49.42,60.26
111691,41.07,49.12,60.68
111701,41.52,49.43,61.09
111711,41.98,49.16,61.50
111721,42.43,49.40,61.91
111731,42.90,49.36,62.32
111741,43.36,49.52,62.72
111751,43.83,49.40,63.12
111761,44.30,49.45,63.52
111771,44.76,49.62,63.91
111781,45.25,49.28,64.30
111791,45.73,49.58,64.68
111801,46.21,49.47,65.06
111811,46.69,49.66,65.44
111821,47.18,49.57,65.82
111831,47.66,49.67,66.18
111841,48.15,49.73,66.55
111851,48.64,49.63,66.91
111861,49.12,49.93,67.27
111871,49.61,49.69,67.62
111881,50.09,49.93,67.96
111891,50.59,49.77,68.31
111901,51.08,49.84,68.64
111911,51.56,49.93,68.98
111921,52.05,49.92,69.30
111931,52.53,50.18,69.63
111941,53.02,49.94,69.95
111951,53.49,50.26,70.26
111961,53.97,50.14,70.57
111971,54.45,50.19,70.87
111981,54.92,50.34,71.17
111991,55.40,50.15,71.46
112001,55.88,50.34,71.74
112011,56.35,50.21,72.02
112021,56.82,50.46,72.30
112031,57.28,50.43,72.57
112041,57.75,50.35,72.83
112051,58.20,50.69,73.09
112061,58.67,50.46,73.34
112071,59.12,50.62,73.59
112081,59.57,50.63,73.83
112091,60.02,50.60,74.07
112101,60.46,50.85,74.30
112111,60.89,50.82,74.52
112121,61.33,50.74,74.74
112131,61.75,51.05,74.95
112141,62.19,50.77,75.15
112151,62.60,51.02,75.35
112161,63.02,50.97,75.54
112171,63.45,50.85,75.73
112181,63.85,51.08,75.91
112191,64.26,51.07,76.09
112201,64.66,51.05,76.25
112211,65.05,51.43,76.41
112221,65.44,51.02,76.57
112231,65.83,51.21,76.72
112241,66.21,51.34,76.86
112251,66.59,51.12,77.00
112261,66.96,51.35,77.13
112271,67.33,51.35,77.25
112281,67.70,51.12,77.37
112291,68.06,51.30,77.48
112301,68.41,51.53,77.58
112311,68.76,51.18,77.68
112321,69.10,51.44,77.77
112331,69.43,51.54,77.86
112341,69.77,51.37,77.93
112351,70.08,51.71,78.01
112361,70.40,51.63,78.07
112371,70.72,51.30,78.13
112381,71.01,51.85,78.18
112391,71.32,51.50,78.23
112401,71.62,51.42,78.27
112411,71.90,51.70,78.31
112421,72.19,51.66,78.33
112431,72.47,51.47,78.35
112441,72.73,51.83,78.37
112451,72.99,51.82,78.38
112461,73.25,51.53,78.38
112471,73.50,51.74,78.38
112481,73.74,51.88,78.37
112491,73.99,51.44,78.35
112501,74.22,51.77,78.33
112511,74.44,51.95,78.30
112521,74.67,51.56,78.27
112531,74.88,51.63,78.23
112541,75.08,51.88,78.18
112551,75.29,51.57,78.13
112561,75.49,51.61,78.07
112571,75.67,51.89,78.01
112581,75.86,51.74,77.94
112591,76.04,51.48,77.86
112601,76.21,51.83,77.78
112611,76.37,51.58,77.69
112621,76.54,51.43,77.60
112631,76.69,51.63,77.50
112641,76.83,51.80,77.40
112651,76.98,51.37,77.29
112661,77.11,51.63,77.18
112671,77.23,51.82,77.06
112681,77.35,51.44,76.93
112691,77.47,51.54,76.80
112701,77.56,51.80,76.67
112711,77.66,51.50,76.53
112721,77.76,51.41,76.38
112731,77.84,51.73,76.23
112741,77.90,51.78,76.07
112751,77.99,51.32,75.91
112761,78.06,51.41,75.75
112771,78.11,51.64,75.58
112781,78.16,51.41,75.40
112791,78.20,51.61,75.23
112801,78.25,51.11,75.04
112811,78.28,51.41,74.85
112821,78.30,51.51,74.66
112831,78.33,51.18,74.47
112841,78.35,51.32,74.27
112851,78.35,51.42,74.06
112861,78.35,51.24,73.85
112871,78.35,51.08,73.64
112881,78.33,51.47,73.42
112891,78.32,51.05,73.20
112901,78.31,50.93,72.98
112911,78.27,51.30,72.75
112921,78.25,50.87,72.52
112931,78.22,50.78,72.28
112941,78.16,51.18,72.04
112951,78.13,50.61,71.80
112961,78.09,50.52,71.56
112971,78.03,50.89,71.31
112981,77.97,50.55,71.06
112991,77.92,50.33,70.80
113001,77.84,50.72,70.55
113011,77.78,50.15,70.29
113021,77.71,50.26,70.03
113031,77.63,50.29,69.76
113041,77.56,49.87,69.49
113051,77.47,50.05,69.22
113061,77.38,50.04,68.95
113071,77.29,49.67,68.67
113081,77.19,49.95,68.40
113091,77.09,49.69,68.12
113101,76.99,49.53,67.84
113111,76.86,49.78,67.55
113121,76.75,49.39,67.27
113131,76.63,49.46,66.98
113141,76.50,49.50,66.69
113151,76.38,49.14,66.40
113161,76.23,49.63,66.11
113171,76.09,49.07,65.82
113181,75.94,49.26,65.53
113191,75.79,49.19,65.23
113201,75.64,48.83,64.93
113211,75.47,49.28,64.64
113221,75.31,48.79,64.34
113231,75.13,49.12,64.04
113241,74.96,48.76,63.74
113251,74.77,48.96,63.44
113261,74.59,48.85,63.13
113271,74.40,48.71,62.83
113281,74.19,48.99,62.53
113291,74.00,48.50,62.23
113301,73.77,49.01,61.92
113311,73.56,48.58,61.62
113321,73.34,48.76,61.31
113331,73.11,48.62,61.01
113341,72.87,48.81,60.71
113351,72.64,48.64,60.40
113361,72.40,48.56,60.10
113371,72.15,48.66,59.80
113381,71.90,48.57,59.49
113391,71.63,48.81,59.19
113401,71.37,48.59,58.89
113411,71.09,48.89,58.59
113421,70.82,48.60,58.29
113431,70.52,48.95,57.99
113441,70.24,48.58,57.69
113451,69.94,48.92,57.39
113461,69.65,48.60,57.09
113471,69.34,48.92,56.80
113481,69.04,48.67,56.50
113491,68.73,48.92,56.21
113501,68.42,48.71,55.91
113511,68.09,48.95,55.62
113521,67.77,48.77,55.33
113531,67.43,49.08,55.05
113541,67.10,48.87,54.76
113551,66.77,48.94,54.47
113561,66.43,48.96,54.19
113571,66.09,48.95,53.91
113581,65.74,49.08,53.63
113591,65.40,48.79,53.35
113601,65.04,49.16,53.07
113611,64.70,48.85,52.80
113621,64.33,49.33,52.52
113631,63.98,48.77,52.25
113641,63.61,49.29,51.99
113651,63.26,48.86,51.72
113661,62.89,49.26,51.46
113671,62.53,49.02,51.19
113681,62.17,49.08,50.94
113691,61.81,48.98,50.68
113701,61.44,49.21,50.42
113711,61.06,49.28,50.17
113721,60.70,49.00,49.92
113731,60.33,49.21,49.68
113741,59.97,48.94,49.43
113751,59.60,49.30,49.19
113761,59.24,48.93,48.95
113771,58.87,49.18,48.72
113781,58.51,48.92,48.48
113791,58.14,49.33,48.25
113801,57.78,48.91,48.02
113811,57.42,49.20,47.80
113821,57.06,48.91,47.58
113831,56.70,49.19,47.36
113841,56.33,49.20,47.14
113851,55.98,48.96,46.93
113861,55.62,49.06,46.72
113871,55.29,48.75,46.52
113881,54.94,48.84,46.31
113891,54.59,49.12,46.11
113901,54.25,48.87,45.91
113911,53.90,49.11,45.72
113921,53.56,48.82,45.53
113931,53.22,48.97,45.34
113941,52.88,48.89,45.16
113951,52.55,48.95,44.98
113961,52.22,48.82,44.80
113971,51.90,48.72,44.63
113981,51.58,48.76,44.46
113991,51.26,48.69,44.29
114001,50.95,48.79,44.13
114011,50.64,48.47,43.97
114021,50.33,48.78,43.81
114031,50.04,48.39,43.65
114041,49.74,48.66,43.50
114051,49.45,48.32,43.36
114061,49.16,48.47,43.21
114071,48.89,48.21,43.07
114081,48.60,48.52,42.94
114091,48.33,48.11,42.80
114101,48.06,48.32,42.67
114111,47.80,47.96,42.55
114121,47.54,48.19,42.43
114131,47.29,47.99,42.31
114141,47.04,48.09,42.19
114151,46.80,47.82,42.08
114161,46.55,48.08,41.97
114171,46.32,47.76,41.86
114181,46.08,47.97,41.76
114191,45.87,47.52,41.66
114201,45.65,47.74,41.57
114211,45.44,47.44,41.48
114221,45.23,47.66,41.39
114231,45.03,47.36,41.30
114241,44.83,47.44,41.22
114251,44.64,47.26,41.14
114261,44.46,47.31,41.07
114271,44.27,47.32,41.00
114281,44.09,47.15,40.93
114291,43.92,47.13,40.87
114301,43.76,46.90,40.80
114311,43.60,47.02,40.75
114321,43.45,46.75,40.69
114331,43.29,47.04,40.64
114341,43.14,46.76,40.59
114351,43.00,46.85,40.55
114361,42.86,46.65,40.50
114371,42.73,46.51,40.46
114381,42.60,46.66,40.43
114391,42.49,46.26,40.40
114401,42.37,46.63,40.37
114411,42.26,46.28,40.34
114421,42.14,46.48,40.32
114431,42.04,46.35,40.30
114441,41.94,46.15,40.28
114451,41.84,46.31,40.26
114461,41.76,45.98,40.25
114471,41.66,46.25,40.24
114481,41.59,45.91,40.24
114491,41.52,45.82,40.23
114501,41.44,46.03,40.23
114511,41.38,45.71,40.24
114521,41.31,45.93,40.24
114531,41.24,45.78,40.25
114541,41.19,45.74,40.26
114551,41.13,45.78,40.27
114561,41.09,45.45,40.29
114571,41.04,45.67,40.31
114581,40.99,45.65,40.33
114591,40.96,45.41,40.35
114601,40.91,45.70,40.38
114611,40.89,45.33,40.41
114621,40.85,45.52,40.44
114631,40.82,45.48,40.47
114641,40.81,45.13,40.50
114651,40.79,45.32,40.54
114661,40.78,45.31,40.58
114671,40.77,45.21,40.62
114681,40.75,45.35,40.67
114691,40.75,45.15,40.72
114701,40.74,45.17,40.76
114711,40.74,45.23,40.82
114721,40.74,45.15,40.87
114731,40.74,45.01,40.92
114741,40.75,45.17,40.98
114751,40.76,44.95,41.04
114761,40.78,44.98,41.10
114771,40.78,45.22,41.16
114781,40.80,45.00,41.23
114791,40.81,45.07,41.29
114801,40.82,45.29,41.36
114811,40.84,45.09,41.43
114821,40.85,45.15,41.50
114831,40.86,45.27,41.57
114841,40.89,45.14,41.65
114851,40.91,45.14,41.72
114861,40.92,45.48,41.80
114871,40.93,45.30,41.88
114881,40.95,45.48,41.96
114891,40.96,45.44,42.04
114901,40.98,45.51,42.13
114911,41.00,45.39,42.21
114921,41.01,45.72,42.30
114931,41.03,45.65,42.38
114941,41.04,45.69,42.47
114951,41.05,45.92,42.56
114961,41.07,45.68,42.65
114971,41.09,45.91,42.75
114981,41.10,46.00,42.84
114991,41.12,45.95,42.93
115001,41.13,46.09,43.03
115011,41.13,46.30,43.12
115021,41.16,46.02,43.22
115031,41.17,46.27,43.32
115041,41.18,46.44,43.42
115051,41.20,46.29,43.52
115061,41.21,46.43,43.62
115071,41.22,46.66,43.72
115081,41.25,46.36,43.82
115091,41.25,46.77,43.92
115101,41.26,46.80,44.03
115111,41.28,46.73,44.13
115121,41.30,46.85,44.23
115131,41.31,46.86,44.34
115141,41.33,46.87,44.45
115151,41.35,47.00,44.55
115161,41.38,46.95,44.66
115171,41.40,47.00,44.77
115181,41.42,47.08,44.87
115191,41.46,46.90,44.98
115201,41.48,47.30,45.09
115211,41.51,47.23,45.20
115221,41.54,47.26,45.31
115231,41.56,47.42,45.42
115241,41.60,47.31,45.53
115251,41.63,47.34,45.64
115261,41.66,47.60,45.75
115271,41.70,47.38,45.86
115281,41.73,47.73,45.97
115291,41.77,47.61,46.08
115301,41.80,47.71,46.20
115311,41.84,47.82,46.31
115321,41.88,47.65,46.42
115331,41.92,47.86,46.53
115341,41.98,47.63,46.64
115351,42.02,47.97,46.75
115361,42.07,47.81,46.87
115371,42.12,47.93,46.98
115381,42.17,47.92,47.09
115391,42.23,47.86,47.20
115401,42.28,48.09,47.31
115411,42.35,47.91,47.43
115421,42.40,48.11,47.54
115431,42.47,47.99,47.65
115441,42.53,48.22,47.76
115451,42.59,48.12,47.87
115461,42.65,48.21,47.98
115471,42.72,48.18,48.10
115481,42.80,48.12,48.21
115491,42.87,48.25,48.32
115501,42.95,48.09,48.43
115511,43.02,48.31,48.54
115521,43.11,48.09,48.65
115531,43.18,48.46,48.76
115541,43.27,48.13,48.87
115551,43.35,48.39,48.98
115561,43.45,48.17,49.09
115571,43.53,48.38,49.20
115581,43.63,48.25,49.31
115591,43.72,48.41,49.42
115601,43.81,48.40,49.53
115611,43.90,48.35,49.63
115621,44.00,48.46,49.74
115631,44.10,48.35,49.85
115641,44.20,48.41,49.96
115651,44.30,48.33,50.06
115661,44.40,48.49,50.17
115671,44.51,48.37,50.28
115681,44.62,48.50,50.38
115691,44.73,48.35,50.49
115701,44.83,48.53,50.59
115711,44.95,48.30,50.70
115721,45.06,48.59,50.80
115731,45.18,48.33,50.91
115741,45.29,48.54,51.01
115751,45.41,48.39,51.12
115761,45.52,48.59,51.22
115771,45.65,48.39,51.32
115781,45.76,48.62,51.43
115791,45.88,48.40,51.53
115801,46.00,48.58,51.63
115811,46.13,48.38,51.73
115821,46.25,48.64,51.84
115831,46.38,48.47,51.94
115841,46.50,48.66,52.04
115851,46.62,48.59,52.14
115861,46.74,48.70,52.24
115871,46.86,48.62,52.34
115881,46.98,48.80,52.44
115891,47.11,48.53,52.54
115901,47.24,48.73,52.63
115911,47.36,48.65,52.73
115921,47.48,48.81,52.83
115931,47.61,48.69,52.93
115941,47.73,48.85,53.03
115951,47.86,48.65,53.12
115961,47.99,48.82,53.22
115971,48.12,48.65,53.32
115981,48.24,48.88,53.41
115991,48.37,48.78,53.51
116001,48.49,48.93,53.60
116011,48.62,48.79,53.70
116021,48.74,48.91,53.79
116031,48.88,48.79,53.89
116041,49.00,48.91,53.98
116051,49.12,49.01,54.08
116061,49.24,49.07,54.17
116071,49.37,48.98,54.27
116081,49.48,49.14,54.36
116091,49.61,49.00,54.45
116101,49.73,49.05,54.54
116111,49.85,49.18,54.64
116121,49.98,48.93,54.73
116131,50.10,49.14,54.82
116141,50.23,49.05,54.91
116151,50.35,49.21,55.00
116161,50.47,49.03,55.09
116171,50.60,49.17,55.18
116181,50.72,49.24,55.28
116191,50.84,49.20,55.37
116201,50.95,49.31,55.46
116211,51.08,49.17,55.54
116221,51.19,49.38,55.63
116231,51.31,49.29,55.72
116241,51.42,49.45,55.81
116251,51.55,49.29,55.90
116261,51.66,49.53,55.99
116271,51.77,49.36,56.08
116281,51.88,49.58,56.17
116291,52.00,49.52,56.25
116301,52.11,49.45,56.34
116311,52.21,49.75,56.43
116321,52.33,49.45,56.52
116331,52.44,49.76,56.60
116341,52.55,49.53,56.69
116351,52.65,49.85,56.78
116361,52.75,49.80,56.86
116371,52.86,49.70,56.95
116381,52.97,49.82,57.03
116391,53.08,49.65,57.12
116401,53.18,49.97,57.20
116411,53.29,49.71,57.29
116421,53.39,49.89,57.37
116431,53.50,49.94,57.46
116441,53.60,49.94,57.54
116451,53.70,50.07,57.63
116461,53.80,49.89,57.71
116471,53.90,50.20,57.79
116481,54.00,49.97,57.88
116491,54.10,50.12,57.96
116501,54.19,50.18,58.04
116511,54.30,50.01,58.13
116521,54.40,50.20,58.21
116531,54.50,50.05,58.29
116541,54.59,50.31,58.37
116551,54.69,50.22,58.45
116561,54.79,50.19,58.54
116571,54.87,50.56,58.62
116581,54.97,50.21,58.70
116591,55.07,50.35,58.78
116601,55.16,50.41,58.86
116611,55.26,50.27,58.94
116621,55.35,50.55,59.02
116631,55.44,50.50,59.09
116641,55.53,50.47,59.17
116651,55.61,50.66,59.25
116661,55.71,50.42,59.33
116671,55.80,50.66,59.41
116681,55.89,50.56,59.48
116691,55.98,50.56,59.56
116701,56.06,50.76,59.64
116711,56.16,50.60,59.71
116721,56.24,50.75,59.79
116731,56.33,50.79,59.86
116741,56.42,50.57,59.94
116751,56.50,50.91,60.01
116761,56.59,50.83,60.08
116771,56.67,50.81,60.16
116781,56.75,51.00,60.23
116791,56.84,50.79,60.30
116801,56.92,50.94,60.37
116811,56.99,51.15,60.44
116821,57.08,50.84,60.51
116831,57.16,51.10,60.58
116841,57.23,51.19,60.65
116851,57.32,51.00,60.72
116861,57.39,51.21,60.79
116871,57.47,51.07,60.86
116881,57.56,51.03,60.92
116891,57.63,51.20,60.99
116901,57.71,51.20,61.06
116911,57.80,50.94,61.12
116921,57.88,51.28,61.18
116931,57.96,51.18,61.25
116941,58.05,51.05,61.31
116951,58.11,51.43,61.37
116961,58.20,51.06,61.43
116971,58.28,51.24,61.49
116981,58.35,51.41,61.55
116991,58.44,51.09,61.61
117001,58.52,51.25,61.67
117011,58.60,51.39,61.72
117021,58.68,51.12,61.78
117031,58.77,51.19,61.84
117041,58.84,51.39,61.89
117051,58.92,51.28,61.94
117061,59.01,51.15,61.99
117071,59.07,51.56,62.05
117081,59.16,51.23,62.10
117091,59.24,51.30,62.14
117101,59.31,51.54,62.19
117111,59.39,51.14,62.24
117121,59.48,51.27,62.29
117131,59.54,51.70,62.33
117141,59.62,51.14,62.37
117151,59.69,51.48,62.42
117161,59.76,51.62,62.46
117171,59.82,51.66,62.50
117181,59.90,51.37,62.54
117191,59.98,51.34,62.57
117201,60.04,51.57,62.61
117211,60.11,51.52,62.64
117221,60.19,51.27,62.68
117231,60.27,51.36,62.71
117241,60.34,51.42,62.74
117251,60.41,51.60,62.77
117261,60.48,51.27,62.80
117271,60.55,51.44,62.83
117281,60.62,51.46,62.85
117291,60.70,51.31,62.88
117301,60.77,51.34,62.90
117311,60.84,51.43,62.92
117321,60.91,51.35,62.94
117331,60.98,51.29,62.96
117341,61.04,51.57,62.97
117351,61.11,51.43,62.99
117361,61.18,51.27,63.00
117371,61.24,51.57,63.02
117381,61.30,51.45,63.03
117391,61.37,51.19,63.03
117401,61.42,51.69,63.04
117411,61.48,51.38,63.05
117421,61.55,51.20,63.05
117431,61.60,51.58,63.05
117441,61.65,51.42,63.05
117451,61.72,51.15,63.05
117461,61.76,51.67,63.05
117471,61.81,51.45,63.04
117481,61.87,51.25,63.03
117491,61.91,51.68,63.03
117501,61.96,51.41,63.01
117511,62.02,51.19,63.00
117521,62.06,51.58,62.99
117531,62.11,51.31,62.97
117541,62.16,51.26,62.95
117551,62.19,51.62,62.93
117561,62.23,51.29,62.91
117571,62.27,51.47,62.89
117581,62.31,51.39,62.86
117591,62.34,51.48,62.83
117601,62.38,51.26,62.80
117611,62.41,51.36,62.77
117621,62.44,51.48,62.74
117631,62.48,51.24,62.70
117641,62.51,51.31,62.67
117651,62.53,51.55,62.63
117661,62.56,51.21,62.58
117671,62.59,51.25,62.54
117681,62.60,51.55,62.49
117691,62.62,51.29,62.45
117701,62.65,51.18,62.40
117711,62.66,51.42,62.34
117721,62.67,51.29,62.29
117731,62.70,50.99,62.23
117741,62.70,51.53,62.17
117751,62.72,51.16,62.11
117761,62.74,51.02,62.05
117771,62.74,51.27,61.99
117781,62.75,51.27,61.92
117791,62.77,50.81,61.85
117801,62.77,51.21,61.78
117811,62.77,51.18,61.71
117821,62.79,50.71,61.63
117831,62.78,51.23,61.55
117841,62.79,50.89,61.47
117851,62.80,50.71,61.39
117861,62.79,50.98,61.31
117871,62.79,50.97,61.22
117881,62.79,50.66,61.13
117891,62.78,50.91,61.04
117901,62.78,50.61,60.95
117911,62.79,50.55,60.86
117921,62.78,50.54,60.76
117931,62.77,50.69,60.66
117941,62.77,50.42,60.56
117951,62.76,50.47,60.46
117961,62.75,50.45,60.35
117971,62.75,50.06,60.24
117981,62.74,50.29,60.13
117991,62.73,50.28,60.02
118001,62.73,49.82,59.91
118011,62.71,50.26,59.79
118021,62.71,49.82,59.67
118031,62.70,49.81,59.56
118041,62.69,49.78,59.43
118051,62.69,49.63,59.31
118061,62.67,49.62,59.18
118071,62.65,49.80,59.06
118081,62.65,49.21,58.93
118091,62.63,49.61,58.80
118101,62.62,49.17,58.66
118111,62.60,49.31,58.53
118121,62.58,49.26,58.39
118131,62.57,48.92,58.25
118141,62.55,49.15,58.11
118151,62.54,48.70,57.97
118161,62.51,49.07,57.82
118171,62.49,48.76,57.67
118181,62.47,48.63,57.53
118191,62.43,48.87,57.38
118201,62.41,48.47,57.22
118211,62.36,48.84,57.07
118221,62.33,48.52,56.92
118231,62.29,48.46,56.76
118241,62.25,48.31,56.60
118251,62.21,48.47,56.44
118261,62.15,48.43,56.28
118271,62.10,48.28,56.11
118281,62.05,48.33,55.95
118291,61.99,48.15,55.78
118301,61.94,47.97,55.62
118311,61.88,48.21,55.45
118321,61.82,47.95,55.28
118331,61.75,48.04,55.10
118341,61.68,47.86,54.93
118351,61.61,47.88,54.75
118361,61.54,47.87,54.58
118371,61.46,47.80,54.40
118381,61.37,47.81,54.22
118391,61.29,47.61,54.04
118401,61.21,47.68,53.86
118411,61.12,47.55,53.68
118421,61.03,47.64,53.50
118431,60.93,47.43,53.31
118441,60.83,47.55,53.13
118451,60.73,47.40,52.94
118461,60.63,47.45,52.75
118471,60.52,47.42,52.57
118481,60.40,47.41,52.38
118491,60.29,47.37,52.19
118501,60.17,47.25,52.00
118511,60.05,47.21,51.81
118521,59.94,47.05,51.61
118531,59.81,47.18,51.42
118541,59.69,47.02,51.23
118551,59.55,47.18,51.03
118561,59.42,46.96,50.84
118571,59.27,47.21,50.64
118581,59.14,46.89,50.45
118591,58.98,47.18,50.25
118601,58.84,46.91,50.06
118611,58.68,47.09,49.86
118621,58.53,46.94,49.66
118631,58.37,46.92,49.47
118641,58.21,46.86,49.27
118651,58.05,46.80,49.07
118661,57.88,47.02,48.87
118671,57.71,46.87,48.68
118681,57.52,47.10,48.48
118691,57.35,46.83,48.28
118701,57.16,46.97,48.08
118711,56.98,46.83,47.89
118721,56.79,46.82,47.69
118731,56.59,47.02,47.49
118741,56.41,46.73,47.30
118751,56.20,47.04,47.10
118761,56.01,46.69,46.91
118771,55.80,46.94,46.71
118781,55.60,46.83,46.51
118791,55.39,46.88,46.32
118801,55.18,46.97,46.13
118811,54.97,46.67,45.93
118821,54.75,46.98,45.74
118831,54.54,46.75,45.55
118841,54.32,46.84,45.36
118851,54.10,46.94,45.17
118861,53.88,46.79,44.98
118871,53.64,47.07,44.79
118881,53.41,46.86,44.60
118891,53.18,46.97,44.42
118901,52.95,46.86,44.23
118911,52.72,46.82,44.05
118921,52.48,46.97,43.86
118931,52.25,46.83,43.68
118941,52.01,46.96,43.50
118951,51.77,46.87,43.32
118961,51.53,46.97,43.14
118971,51.29,46.89,42.97
118981,51.05,46.89,42.79
118991,50.80,47.03,42.62
119001,50.56,46.79,42.44
119011,50.31,47.01,42.27
119021,50.08,46.80,42.11
119031,49.83,46.89,41.94
119041,49.59,46.90,41.77
119051,49.35,46.66,41.61
119061,49.10,47.09,41.45
119071,48.86,46.72,41.29
119081,48.62,46.96,41.13
119091,48.37,46.85,40.97
119101,48.13,46.76,40.82
119111,47.89,46.97,40.67
119121,47.65,46.72,40.52
119131,47.41,46.81,40.37
119141,47.18,46.67,40.22
119151,46.94,46.88,40.08
119161,46.70,46.75,39.94
119171,46.47,46.65,39.80
119181,46.23,46.93,39.66
119191,46.00,46.58,39.53
119201,45.77,46.69,39.40
119211,45.54,46.68,39.27
119221,45.33,46.42,39.14
119231,45.10,46.58,39.02
119241,44.89,46.43,38.90
119251,44.67,46.62,38.78
119261,44.46,46.31,38.67
119271,44.25,46.36,38.55
119281,44.04,46.41,38.44
119291,43.84,46.36,38.34
119301,43.63,46.39,38.23
119311,43.44,46.20,38.13
119321,43.24,46.11,38.03
119331,43.05,46.15,37.94
119341,42.87,45.98,37.84
119351,42.68,46.17,37.75
119361,42.50,45.98,37.67
119371,42.32,46.06,37.59
119381,42.14,45.97,37.51
119391,41.97,45.86,37.43
119401,41.80,45.95,37.36
119411,41.63,45.80,37.28
119421,41.46,46.05,37.22
119431,41.30,45.79,37.15
119441,41.14,45.84,37.09
119451,40.98,45.85,37.04
119461,40.83,45.58,36.98
119471,40.68,45.75,36.93
119481,40.53,45.73,36.89
119491,40.39,45.49,36.84
119501,40.25,45.70,36.80
119511,40.12,45.46,36.77
119521,39.99,45.40,36.74
119531,39.86,45.53,36.71
119541,39.74,45.23,36.68
119551,39.63,45.25,36.66
119561,39.51,45.32,36.64
119571,39.41,45.15,36.63
119581,39.30,45.24,36.62
119591,39.20,45.22,36.61
119601,39.10,45.04,36.61
119611,39.01,45.14,36.61
119621,38.91,45.08,36.61
119631,38.83,44.95,36.62
119641,38.74,45.19,36.63
119651,38.66,44.94,36.65
119661,38.59,44.77,36.67
119671,38.51,45.08,36.69
119681,38.44,44.82,36.72
119691,38.38,44.81,36.75
119701,38.31,44.92,36.79
119711,38.26,44.76,36.83
119721,38.21,44.66,36.87
119731,38.14,44.96,36.92
119741,38.10,44.76,36.97
119751,38.06,44.61,37.02
119761,38.02,44.70,37.08
119771,37.98,44.70,37.14
119781,37.95,44.57,37.21
119791,37.92,44.68,37.28
119801,37.88,44.81,37.35
119811,37.86,44.51,37.43
119821,37.85,44.53,37.51
119831,37.82,44.79,37.60
119841,37.81,44.45,37.69
119851,37.80,44.56,37.78
119861,37.79,44.61,37.88
119871,37.79,44.69,37.98
119881,37.79,44.45,38.09
119891,37.79,44.61,38.20
119901,37.79,44.70,38.31
119911,37.80,44.61,38.43
119921,37.81,44.74,38.55
119931,37.81,44.80,38.68
119941,37.82,44.82,38.81
119951,37.85,44.51,38.94
119961,37.86,44.97,39.08
119971,37.87,44.92,39.22
119981,37.89,44.91,39.36
119991,37.91,44.99,39.51
120001,37.92,45.25,39.66
120011,37.94,45.22,39.82
120021,37.97,45.14,39.98
120031,37.98,45.44,40.14
120041,38.00,45.54,40.31
120051,38.03,45.39,40.48
120061,38.05,45.61,40.65
120071,38.07,45.80,40.83
120081,38.09,45.76,41.01
120091,38.13,45.73,41.20
120101,38.15,46.00,41.39
120111,38.18,46.20,41.58
120121,38.21,46.02,41.78
120131,38.24,46.26,41.98
120141,38.27,46.51,42.18
120151,38.31,46.34,42.39
120161,38.34,46.57,42.60
120171,38.37,46.79,42.81
120181,38.41,46.67,43.03
120191,38.45,46.94,43.25
120201,38.48,47.20,43.47
120211,38.52,47.06,43.70
120221,38.56,47.29,43.93
120231,38.60,47.52,44.16
120241,38.65,47.26,44.40
120251,38.71,47.50,44.64
120261,38.76,47.60,44.88
120271,38.82,47.53,45.12
120281,38.88,47.86,45.37
120291,38.95,47.74,45.62
120301,39.01,48.12,45.88
120311,39.07,48.19,46.14
120321,39.14,48.11,46.40
120331,39.21,48.54,46.66
120341,39.28,48.38,46.93
120351,39.36,48.63,47.19
120361,39.44,48.61,47.47
120371,39.52,48.71,47.74
120381,39.61,48.91,48.02
120391,39.70,48.96,48.30
120401,39.78,49.16,48.58
120411,39.89,48.92,48.86
120421,39.99,49.25,49.15
120431,40.11,49.00,49.44
120441,40.23,49.30,49.73
120451,40.35,49.15,50.02
120461,40.48,49.48,50.32
120471,40.61,49.40,50.62
120481,40.74,49.57,50.92
120491,40.88,49.61,51.22
120501,41.03,49.65,51.52
120511,41.17,49.84,51.83
120521,41.33,49.57,52.14
120531,41.49,49.99,52.45
120541,41.66,49.76,52.76
120551,41.82,50.03,53.07
120561,42.00,49.99,53.39
120571,42.18,50.05,53.70
120581,42.36,50.21,54.02
120591,42.56,49.99,54.34
120601,42.74,50.38,54.67
120611,42.95,50.06,54.99
120621,43.16,50.36,55.31
120631,43.37,50.36,55.64
120641,43.58,50.36,55.97
120651,43.81,50.41,56.29
120661,44.04,50.36,56.62
120671,44.26,50.64,56.95
120681,44.50,50.57,57.29
120691,44.73,50.80,57.62
120701,44.98,50.63,57.95
120711,45.23,50.65,58.29
120721,45.47,50.91,58.62
120731,45.74,50.71,58.96
120741,46.00,50.84,59.30
120751,46.26,50.94,59.63
120761,46.54,50.74,59.97
120771,46.81,51.23,60.31
120781,47.09,50.97,60.65
120791,47.37,51.04,60.99
120801,47.65,51.23,61.33
120811,47.95,51.05,61.67
120821,48.25,51.09,62.01
120831,48.54,51.39,62.35
120841,48.86,50.93,62.69
120851,49.16,51.51,63.03
120861,49.47,51.18,63.37
120871,49.80,51.18,63.71
120881,50.11,51.46,64.05
120891,50.43,51.37,64.39
120901,50.76,51.38,64.73
120911,51.08,51.62,65.07
120921,51.41,51.54,65.41
120931,51.76,51.31,65.75
120941,52.10,51.54,66.08
120951,52.43,51.83,66.42
120961,52.78,51.39,66.76
120971,53.12,51.81,67.09
120981,53.47,51.77,67.43
120991,53.83,51.50,67.76
121001,54.18,51.96,68.10
121011,54.52,51.97,68.43
121021,54.89,51.60,68.76
121031,55.24,52.06,69.09
121041,55.60,52.07,69.42
121051,55.98,51.65,69.75
121061,56.33,52.16,70.08
121071,56.69,52.29,70.40
121081,57.06,51.97,70.73
121091,57.43,52.14,71.05
121101,57.77,52.69,71.37
121111,58.15,52.05,71.69
121121,58.52,52.21,72.01
121131,58.87,52.79,72.33
121141,59.24,52.44,72.64
121151,59.62,52.38,72.96
121161,59.98,52.63,73.27
121171,60.33,52.96,73.58
121181,60.71,52.62,73.89
121191,61.08,52.58,74.19
121201,61.44,52.92,74.50
121211,61.80,53.01,74.80
121221,62.17,52.79,75.10
121231,62.54,52.97,75.40
121241,62.90,53.22,75.69
121251,63.26,53.03,75.99
121261,63.64,52.97,76.28
121271,63.99,53.37,76.57
121281,64.34,53.43,76.85
121291,64.72,53.10,77.13
121301,65.09,53.06,77.42
121311,65.45,53.48,77.69
121321,65.80,53.66,77.97
121331,66.16,53.41,78.24
121341,66.52,53.51,78.51
121351,66.87,53.75,78.78
121361,67.21,53.99,79.05
121371,67.56,53.79,79.31
121381,67.92,53.55,79.57
121391,68.28,53.64,79.82
121401,68.62,53.99,80.08
121411,68.97,54.02,80.33
121421,69.32,53.77,80.57
121431,69.69,53.54,80.82
121441,70.04,53.85,81.06
121451,70.38,54.15,81.29
121461,70.72,54.08,81.53
121471,71.06,54.07,81.76
121481,71.42,53.84,81.99
121491,71.77,53.96,82.21
121501,72.10,54.35,82.43
121511,72.43,54.19,82.65
121521,72.77,54.20,82.86
121531,73.11,54.00,83.07
121541,73.46,54.08,83.28
121551,73.78,54.50,83.48
121561,74.10,54.47,83.68
121571,74.42,54.45,83.88
121581,74.76,54.07,84.07
121591,75.09,54.24,84.26
121601,75.41,54.48,84.44
121611,75.70,54.88,84.62
121621,76.01,54.60,84.80
121631,76.32,54.65,84.97
121641,76.64,54.36,85.14
121651,76.96,54.19,85.31
121661,77.28,54.30,85.47
121671,77.59,54.56,85.63
121681,77.90,54.36,85.78
121691,78.22,54.09,85.93
121701,78.54,54.06,86.08
121711,78.85,54.25,86.22
121721,79.15,54.53,86.36
121731,79.44,54.51,86.49
121741,79.74,54.44,86.62
121751,80.04,54.18,86.75
121761,80.35,54.08,86.87
121771,80.65,54.06,86.99
121781,80.93,54.46,87.10
121791,81.21,54.52,87.21
121801,81.48,54.44,87.31
121811,81.77,54.17,87.41
121821,82.06,53.92,87.51
121831,82.35,53.95,87.60
121841,82.62,54.28,87.69
121851,82.88,54.46,87.77
121861,83.13,54.39,87.85
121871,83.40,54.08,87.93
121881,83.68,53.88,88.00
121891,83.94,53.95,88.07
121901,84.20,54.12,88.13
121911,84.43,54.39,88.19
121921,84.67,54.27,88.24
121931,84.92,54.03,88.29
121941,85.17,53.77,88.34
121951,85.42,53.74,88.38
121961,85.65,54.10,88.42
121971,85.87,54.17,88.45
121981,86.08,54.15,88.48
121991,86.32,53.72,88.50
122001,86.55,53.61,88.52
122011,86.77,53.75,88.54
122021,86.97,53.97,88.55
122031,87.16,54.20,88.55
122041,87.36,53.78,88.56
122051,87.57,53.49,88.56
122061,87.78,53.54,88.55
122071,87.97,53.68,88.54
122081,88.14,53.94,88.53
122091,88.32,53.79,88.51
122101,88.50,53.56,88.49
122111,88.68,53.30,88.46
122121,88.86,53.49,88.43
122131,89.01,53.68,88.39
122141,89.16,53.73,88.35
122151,89.32,53.32,88.31
122161,89.50,52.96,88.26
122171,89.65,53.14,88.21
122181,89.79,53.45,88.16
122191,89.92,53.44,88.10
122201,90.06,53.18,88.03
122211,90.21,52.82,87.97
122221,90.34,53.03,87.90
122231,90.45,53.30,87.82
122241,90.56,53.29,87.74
122251,90.68,52.87,87.66
122261,90.80,52.67,87.57
122271,90.90,53.00,87.48
122281,90.98,53.27,87.39
122291,91.07,52.98,87.29
122301,91.18,52.46,87.18
122311,91.27,52.53,87.08
122321,91.33,53.09,86.97
122331,91.39,53.14,86.85
122341,91.45,52.70,86.74
122351,91.53,52.49,86.62
122361,91.57,52.80,86.49
122371,91.60,53.06,86.36
122381,91.65,52.56,86.23
122391,91.70,52.33,86.10
122401,91.74,52.59,85.96
122411,91.75,52.83,85.82
122421,91.77,52.60,85.67
122431,91.81,52.07,85.52
122441,91.82,52.47,85.37
122451,91.80,52.81,85.22
122461,91.80,52.52,85.06
122471,91.80,52.15,84.90
122481,91.79,52.43,84.73
122491,91.75,52.84,84.56
122501,91.72,52.40,84.39
122511,91.71,51.99,84.22
122521,91.67,52.38,84.04
122531,91.62,52.51,83.86
122541,91.60,51.86,83.68
122551,91.57,51.76,83.49
122561,91.51,52.28,83.30
122571,91.45,52.20,83.11
122581,91.41,51.60,82.92
122591,91.36,51.67,82.72
122601,91.29,51.94,82.52
122611,91.22,51.68,82.32
122621,91.17,51.22,82.11
122631,91.10,51.62,81.90
122641,91.01,51.70,81.69
122651,90.95,51.10,81.48
122661,90.87,51.26,81.26
122671,90.77,51.45,81.05
122681,90.69,50.95,80.83
122691,90.61,51.02,80.61
122701,90.50,51.34,80.38
122711,90.39,51.19,80.15
122721,90.29,50.69,79.93
122731,90.17,51.15,79.70
122741,90.05,51.00,79.46
122751,89.95,50.49,79.23
122761,89.82,50.85,78.99
122771,89.68,50.90,78.75
122781,89.55,50.62,78.51
122791,89.43,50.26,78.27
122801,89.29,50.67,78.03
122811,89.14,50.54,77.78
122821,88.98,50.63,77.53
122831,88.84,50.18,77.29
122841,88.67,50.60,77.03
122851,88.50,50.47,76.78
122861,88.34,50.16,76.53
122871,88.16,50.56,76.27
122881,87.98,50.16,76.02
122891,87.81,50.10,75.76
122901,87.61,50.43,75.50
122911,87.43,49.95,75.24
122921,87.23,50.16,74.98
122931,87.03,50.29,74.72
122941,86.83,49.98,74.46
122951,86.60,50.36,74.19
122961,86.39,50.01,73.93
122971,86.17,50.15,73.66
122981,85.93,50.30,73.39
122991,85.71,49.90,73.13
123001,85.46,50.26,72.86
123011,85.23,49.95,72.59
123021,84.98,50.07,72.32
123031,84.72,50.40,72.05
123041,84.47,49.95,71.78
123051,84.19,50.41,71.51
123061,83.92,50.21,71.23
123071,83.66,50.07,70.96
123081,83.36,50.48,70.69
123091,83.09,50.08,70.42
123101,82.79,50.38,70.14
123111,82.50,50.30,69.87
123121,82.21,50.15,69.60
123131,81.90,50.52,69.32
123141,81.60,50.11,69.05
123151,81.29,50.45,68.77
123161,80.98,50.35,68.50
123171,80.67,50.20,68.22
123181,80.34,50.62,67.95
123191,80.02,50.28,67.68
123201,79.69,50.47,67.40
123211,79.35,50.65,67.13
123221,79.02,50.37,66.85
123231,78.66,50.87,66.58
123241,78.32,50.47,66.31
123251,77.98,50.62,66.04
123261,77.61,50.89,65.76
123271,77.27,50.51,65.49
123281,76.90,50.87,65.22
123291,76.53,50.96,64.95
123301,76.19,50.51,64.68
123311,75.81,51.13,64.41
123321,75.44,50.79,64.14
123331,75.08,50.76,63.87
123341,74.70,51.09,63.60
123351,74.33,50.75,63.34
123361,73.96,50.89,63.07
123371,73.58,51.09,62.81
123381,73.21,50.74,62.54
123391,72.82,51.17,62.28
123401,72.44,51.11,62.01
123411,72.06,50.96,61.75
123421,71.67,51.25,61.49
123431,71.28,51.21,61.23
123441,70.91,50.93,60.97
123451,70.52,51.31,60.71
123461,70.14,51.09,60.46
123471,69.75,51.14,60.20
123481,69.35,51.47,59.95
123491,68.98,51.01,59.69
123501,68.60,51.14,59.44
123511,68.20,51.41,59.19
123521,67.83,51.11,58.94
123531,67.45,51.14,58.69
123541,67.06,51.34,58.44
123551,66.69,51.06,58.20
123561,66.30,51.27,57.95
123571,65.92,51.31,57.71
123581,65.55,51.05,57.47
123591,65.18,51.24,57.23
123601,64.80,51.30,56.99
123611,64.44,50.85,56.75
123621,64.08,51.12,56.51
123631,63.70,51.21,56.28
123641,63.36,50.77,56.04
123651,63.00,51.04,55.81
123661,62.64,51.06,55.58
123671,62.29,50.76,55.35
123681,61.95,50.78,55.12
123691,61.60,50.93,54.90
123701,61.27,50.64,54.67
123711,60.92,50.82,54.45
123721,60.59,50.64,54.23
123731,60.27,50.54,54.01
123741,59.93,50.72,53.79
123751,59.61,50.60,53.57
123761,59.29,50.36,53.36
123771,58.97,50.57,53.14
123781,58.66,50.39,52.93
123791,58.35,50.31,52.72
123801,58.04,50.39,52.51
123811,57.75,49.94,52.31
123821,57.46,50.04,52.10
123831,57.17,50.01,51.90
123841,56.89,49.82,51.69
123851,56.60,49.92,51.49
123861,56.33,49.68,51.29
123871,56.06,49.67,51.10
123881,55.79,49.62,50.90
123891,55.53,49.57,50.71
123901,55.27,49.46,50.51
123911,55.01,49.45,50.32
123921,54.75,49.49,50.13
123931,54.50,49.29,49.95
123941,54.26,49.12,49.76
123951,54.01,49.29,49.57
123961,53.78,48.85,49.39
123971,53.54,49.10,49.21
123981,53.32,48.88,49.03
123991,53.10,48.72,48.85
124001,52.87,48.86,48.67
124011,52.66,48.52,48.50
124021,52.44,48.72,48.33
124031,52.23,48.37,48.15
124041,52.02,48.52,47.98
124051,51.82,48.31,47.81
124061,51.62,48.20,47.65
124071,51.42,48.20,47.48
124081,51.23,48.06,47.31
124091,51.04,48.11,47.15
124101,50.86,47.85,46.99
124111,50.67,48.04,46.83
124121,50.49,47.68,46.67
124131,50.31,47.82,46.51
124141,50.15,47.50,46.35
124151,49.97,47.71,46.20
124161,49.81,47.32,46.05
124171,49.64,47.50,45.89
124181,49.49,47.18,45.74
124191,49.32,47.35,45.59
124201,49.18,46.99,45.44
124211,49.02,47.16,45.30
124221,48.88,46.82,45.15
124231,48.73,47.06,45.00
124241,48.59,46.75,44.86
124251,48.44,46.86,44.72
124261,48.30,46.65,44.58
124271,48.17,46.60,44.44
124281,48.04,46.43,44.30
124291,47.91,46.37,44.16
124301,47.78,46.43,44.02
124311,47.65,46.26,43.89
124321,47.53,46.31,43.75
124331,47.41,46.02,43.62
124341,47.28,46.27,43.48
124351,47.17,45.90,43.35
124361,47.05,46.02,43.22
124371,46.93,45.82,43.09
124381,46.82,45.77,42.96
124391,46.71,45.80,42.83
124401,46.61,45.45,42.70
124411,46.49,45.70,42.57
124421,46.39,45.51,42.45
124431,46.28,45.48,42.32
124441,46.17,45.57,42.20
124451,46.07,45.28,42.07
124461,45.96,45.33,41.95
124471,45.86,45.27,41.83
124481,45.77,44.99,41.70
124491,45.66,45.25,41.58
124501,45.57,44.94,41.46
124511,45.47,44.93,41.34
124521,45.37,45.00,41.22
124531,45.28,44.81,41.10
124541,45.18,44.83,40.98
124551,45.08,44.97,40.86
124561,44.98,44.68,40.75
124571,44.89,44.69,40.63
124581,44.79,44.78,40.51
124591,44.70,44.41,40.39
124601,44.61,44.59,40.28
124611,44.50,44.69,40.16
124621,44.41,44.43,40.04
124631,44.32,44.42,39.93
124641,44.21,44.54,39.81
124651,44.12,44.29,39.70
124661,44.03,44.23,39.58
124671,43.93,44.53,39.47
124681,43.83,44.21,39.35
124691,43.73,44.27,39.24
124701,43.64,44.20,39.13
124711,43.53,44.28,39.01
124721,43.45,43.94,38.90
124731,43.35,44.09,38.78
124741,43.25,44.08,38.67
124751,43.16,43.88,38.56
124761,43.07,43.80,38.44
124771,42.96,44.08,38.33
124781,42.87,43.88,38.21
124791,42.78,43.65,38.10
124801,42.68,43.86,37.99
124811,42.58,43.84,37.87
124821,42.48,43.66,37.76
124831,42.38,43.74,37.64
124841,42.28,43.69,37.53
124851,42.18,43.78,37.42
124861,42.08,43.49,37.30
124871,41.99,43.38,37.19
124881,41.88,43.70,37.07
124891,41.78,43.61,36.96
124901,41.69,43.24,36.84
124911,41.59,43.32,36.73
124921,41.48,43.64,36.61
124931,41.38,43.32,36.50
124941,41.29,43.17,36.38
124951,41.19,43.13,36.26
124961,41.08,43.32,36.15
124971,40.98,43.32,36.03
124981,40.88,43.15,35.91
124991,40.78,42.88,35.80
125001,40.69,42.87,35.68
125011,40.58,43.20,35.56
125021,40.48,42.90,35.45
125031,40.39,42.80,35.33
125041,40.28,43.03,35.21
125051,40.16,43.16,35.09
125061,40.05,43.03,34.97
125071,39.94,42.85,34.85
125081,39.84,42.70,34.73
125091,39.74,42.67,34.62
125101,39.63,42.92,34.50
125111,39.51,43.04,34.38
125121,39.40,42.72,34.26
125131,39.29,42.61,34.14
125141,39.18,42.75,34.02
125151,39.07,42.65,33.89
125161,38.95,42.66,33.77
125171,38.85,42.43,33.65
125181,38.75,42.29,33.53
125191,38.65,42.28,33.41
125201,38.53,42.48,33.29
125211,38.42,42.50,33.17
125221,38.30,42.46,33.04
125231,38.19,42.22,32.92
125241,38.09,42.09,32.80
125251,37.99,42.08,32.68
125261,37.87,42.26,32.56
125271,37.74,42.48,32.43
125281,37.63,42.24,32.31
125291,37.51,42.15,32.19
125301,37.40,42.01,32.07
125311,37.29,41.86,31.94
125321,37.18,42.00,31.82
125331,37.06,42.16,31.70
125341,36.94,42.02,31.57
125351,36.82,41.97,31.45
125361,36.72,41.63,31.33
125371,36.61,41.55,31.21
125381,36.51,41.46,31.08
125391,36.40,41.72,30.96
125401,36.28,41.83,30.84
125411,36.16,41.78,30.72
125421,36.04,41.72,30.60
125431,35.93,41.46,30.48
125441,35.83,41.07,30.35
125451,35.73,41.23,30.23
125461,35.62,41.28,30.11
125471,35.51,41.40,29.99
125481,35.39,41.46,29.87
125491,35.26,41.51,29.75
125501,35.15,41.27,29.63
125511,35.04,41.14,29.52
125521,34.94,40.91,29.40
125531,34.84,40.81,29.28
125541,34.74,40.78,29.16
125551,34.63,40.86,29.05
125561,34.52,40.95,28.93
125571,34.40,41.06,28.82
125581,34.29,40.97,28.70
125591,34.17,40.90,28.59
125601,34.06,40.85,28.47
125611,33.95,40.70,28.36
125621,33.84,40.59,28.25
125631,33.75,40.33,28.14
125641,33.66,40.13,28.03
125651,33.57,40.12,27.92
125661,33.47,40.30,27.81
125671,33.38,40.19,27.71
125681,33.26,40.49,27.60
125691,33.15,40.51,27.49
125701,33.03,40.51,27.39
125711,32.91,40.51,27.29
125721,32.79,40.43,27.19
125731,32.69,40.23,27.09
125741,32.57,40.32,26.99
125751,32.47,40.12,26.89
125761,32.35,40.22,26.79
125771,32.26,39.79,26.70
125781,32.17,39.74,26.60
125791,32.08,39.76,26.51
125801,31.99,39.65,26.42
125811,31.90,39.41,26.33
125821,31.82,39.39,26.24
125831,31.73,39.46,26.15
125841,31.64,39.47,26.07
125851,31.56,39.43,25.99
125861,31.47,39.33,25.90
125871,31.38,39.38,25.82
125881,31.30,39.15,25.74
125891,31.21,39.20,25.67
125901,31.12,39.40,25.59
125911,31.03,39.20,25.52
125921,30.94,39.27,25.45
125931,30.85,39.19,25.38
125941,30.77,39.05,25.31
125951,30.67,39.20,25.25
125961,30.59,39.07,25.18
125971,30.50,39.07,25.12
125981,30.42,38.98,25.06
125991,30.33,39.01,25.01
126001,30.24,38.95,24.95
126011,30.16,39.00,24.90
126021,30.07,39.03,24.85
126031,29.98,39.04,24.80
126041,29.88,39.10,24.75
126051,29.79,39.13,24.71
126061,29.69,39.20,24.67
126071,29.58,39.26,24.63
126081,29.47,39.45,24.59
126091,29.37,39.40,24.56
126101,29.24,39.73,24.53
126111,29.13,39.60,24.50
126121,29.00,39.75,24.47
126131,28.88,39.82,24.44
126141,28.75,39.98,24.42
126151,28.63,39.76,24.40
126161,28.52,39.65,24.39
126171,28.40,39.89,24.37
126181,28.28,39.84,24.36
126191,28.15,40.03,24.35
126201,28.04,39.74,24.34
126211,27.93,39.92,24.34
126221,27.82,39.73,24.34
126231,27.72,39.77,24.34
126241,27.62,39.65,24.35
126251,27.53,39.58,24.35
126261,27.44,39.71,24.36
126271,27.36,39.39,24.37
126281,27.28,39.47,24.39
126291,27.20,39.37,24.41
126301,27.13,39.32,24.43
126311,27.07,39.26,24.45
126321,27.01,39.09,24.48
126331,26.96,39.03,24.51
126341,26.91,39.09,24.54
126351,26.87,38.87,24.58
126361,26.83,38.89,24.61
126371,26.79,38.92,24.65
126381,26.75,39.09,24.70
126391,26.71,38.90,24.74
126401,26.67,39.17,24.79
126411,26.61,39.41,24.85
126421,26.56,39.46,24.90
126431,26.50,39.70,24.96
126441,26.42,40.04,25.02
126451,26.33,40.27,25.08
126461,26.26,40.00,25.15
126471,26.19,40.28,25.22
126481,26.11,40.25,25.29
126491,26.05,40.14,25.36
126501,26.00,40.01,25.44
126511,25.95,39.90,25.52
126521,25.92,39.76,25.60
126531,25.89,39.61,25.69
126541,25.88,39.44,25.78
126551,25.87,39.42,25.87
126561,25.87,39.38,25.96
126571,25.87,39.26,26.06
126581,25.88,39.33,26.16
126591,25.89,39.17,26.26
126601,25.90,39.33,26.36
126611,25.92,39.29,26.47
126621,25.93,39.38,26.58
126631,25.95,39.37,26.69
126641,25.94,39.86,26.80
126651,25.96,39.61,26.92
126661,25.95,39.97,27.04
126671,25.94,40.20,27.16
126681,25.93,40.33,27.28
126691,25.91,40.53,27.41
126701,25.90,40.65,27.54
126711,25.87,40.82,27.67
126721,25.86,40.84,27.80
126731,25.84,40.90,27.93
126741,25.83,40.81,28.07
126751,25.83,40.78,28.21
126761,25.83,40.87,28.35
126771,25.85,40.68,28.49
126781,25.85,40.90,28.64
126791,25.87,40.91,28.78
126801,25.89,40.87,28.93
126811,25.90,41.00,29.08
126821,25.93,40.85,29.23
126831,25.95,41.21,29.39
126841,25.98,41.06,29.54
126851,26.00,41.29,29.70
126861,26.02,41.42,29.86
126871,26.05,41.46,30.02
126881,26.07,41.57,30.18
126891,26.10,41.63,30.34
126901,26.13,41.64,30.50
126911,26.16,41.72,30.67
126921,26.19,41.97,30.83
126931,26.21,42.09,31.00
126941,26.24,42.06,31.17
126951,26.28,42.13,31.34
126961,26.32,42.15,31.51
126971,26.35,42.41,31.68
126981,26.40,42.06,31.85
126991,26.45,42.24,32.02
127001,26.52,42.10,32.19
127011,26.58,42.10,32.36
127021,26.65,42.14,32.54
127031,26.73,42.15,32.71
127041,26.81,42.14,32.89
127051,26.89,42.23,33.06
127061,26.97,42.41,33.23
127071,27.04,42.48,33.41
127081,27.11,42.74,33.58
127091,27.18,42.95,33.76
127101,27.24,43.12,33.93
127111,27.29,43.42,34.10
127121,27.35,43.45,34.28
127131,27.42,43.28,34.45
127141,27.51,42.99,34.62
127151,27.60,43.01,34.80
127161,27.69,43.15,34.97
127171,27.78,43.34,35.14
127181,27.86,43.58,35.31
127191,27.95,43.49,35.48
127201,28.03,43.71,35.65
127211,28.13,43.50,35.81
127221,28.23,43.55,35.98
127231,28.34,43.47,36.14
127241,28.44,43.66,36.31
127251,28.54,43.88,36.47
127261,28.62,44.15,36.63
127271,28.72,43.97,36.79
127281,28.83,43.86,36.95
127291,28.95,43.76,37.10
127301,29.08,43.68,37.26
127311,29.21,43.79,37.41
127321,29.32,44.13,37.56
127331,29.45,43.71,37.71
127341,29.59,43.73,37.85
127351,29.73,43.83,38.00
127361,29.84,44.25,38.14
127371,29.96,44.31,38.28
127381,30.09,44.31,38.41
127391,30.22,44.04,38.55
127401,30.36,44.08,38.68
127411,30.50,44.18,38.81
127421,30.63,44.32,38.93
127431,30.77,44.12,39.06
127441,30.93,43.97,39.18
127451,31.07,44.11,39.30
127461,31.22,44.12,39.41
127471,31.36,44.32,39.52
127481,31.51,44.21,39.63
127491,31.67,44.06,39.73
127501,31.83,44.03,39.83
127511,31.98,44.19,39.93
127521,32.13,44.35,40.02
127531,32.28,44.13,40.11
127541,32.45,43.97,40.20
127551,32.61,44.03,40.28
127561,32.77,44.16,40.36
127571,32.92,44.24,40.44
127581,33.09,43.93,40.51
127591,33.26,43.92,40.58
127601,33.42,44.05,40.64
127611,33.57,44.13,40.70
127621,33.73,44.05,40.75
127631,33.90,43.80,40.80
127641,34.07,43.88,40.85
127651,34.22,44.10,40.89
127661,34.39,43.87,40.93
127671,34.56,43.59,40.96
127681,34.73,43.70,40.99
127691,34.89,43.81,41.01
127701,35.05,43.89,41.03
127711,35.21,43.76,41.04
127721,35.38,43.34,41.05
127731,35.55,43.53,41.05
127741,35.70,43.87,41.05
127751,35.86,43.48,41.05
127761,36.02,43.45,41.04
127771,36.18,43.40,41.02
127781,36.33,43.47,41.00
127791,36.47,43.64,40.97
127801,36.62,43.36,40.94
127811,36.78,43.07,40.91
127821,36.94,43.12,40.86
127831,37.07,43.36,40.82
127841,37.21,43.38,40.76
127851,37.35,43.08,40.71
127861,37.50,42.87,40.64
127871,37.63,43.21,40.58
127881,37.75,43.21,40.50
127891,37.87,43.20,40.42
127901,37.99,43.04,40.34
127911,38.11,42.78,40.25
127921,38.24,42.72,40.15
127931,38.35,42.88,40.05
127941,38.45,43.00,39.94
127951,38.57,42.59,39.83
127961,38.67,42.60,39.71
127971,38.77,42.63,39.59
127981,38.86,42.79,39.46
127991,38.94,42.85,39.33
128001,39.02,42.70,39.19
128011,39.10,42.48,39.04
128021,39.19,42.27,38.89
128031,39.27,42.26,38.74
128041,39.34,42.33,38.58
128051,39.40,42.38,38.41
128061,39.45,42.34,38.24
128071,39.51,42.24,38.06
128081,39.56,42.07,37.87
128091,39.60,42.16,37.68
128101,39.63,42.26,37.49
128111,39.66,42.32,37.29
128121,39.68,42.03,37.09
128131,39.71,41.79,36.88
128141,39.74,41.78,36.66
128151,39.76,41.68,36.44
128161,39.76,41.91,36.21
128171,39.75,42.00,35.98
128181,39.74,41.86,35.75
128191,39.72,41.75,35.51
128201,39.71,41.63,35.26
128211,39.70,41.40,35.01
128221,39.67,41.57,34.75
128231,39.63,41.45,34.49
128241,39.59,41.61,34.23
128251,39.54,41.47,33.96
128261,39.50,41.18,33.68
128271,39.45,41.07,33.40
128281,39.40,40.91,33.12
128291,39.36,40.64,32.83
128301,39.31,40.52,32.53
128311,39.25,40.63,32.24
128321,39.18,40.72,31.94
128331,39.09,40.81,31.63
128341,39.00,40.61,31.32
128351,38.92,40.38,31.01
128361,38.84,40.14,30.69
128371,38.75,40.01,30.37
128381,38.67,39.71,30.04
128391,38.59,39.56,29.71
128401,38.49,39.78,29.38
128411,38.38,39.60,29.04
128421,38.27,39.58,28.70
128431,38.14,39.71,28.36
128441,38.00,39.69,28.01
128451,37.87,39.42,27.67
128461,37.73,39.34,27.31
128471,37.58,39.40,26.96
128481,37.44,38.93,26.60
128491,37.30,38.93,26.24
128501,37.15,38.75,25.88
128511,36.98,38.93,25.51
128521,36.82,38.71,25.14
128531,36.64,38.68,24.77
128541,36.46,38.67,24.40
128551,36.27,38.55,24.03
128561,36.08,38.48,23.65
128571,35.88,38.40,23.27
128581,35.68,38.30,22.90
128591,35.47,38.26,22.52
128601,35.26,38.19,22.13
128611,35.05,37.93,21.75
128621,34.83,37.84,21.37
128631,34.61,37.73,20.98
128641,34.41,37.27,20.60
128651,34.20,37.00,20.21
128661,34.00,36.86,19.82
128671,33.81,36.39,19.43
128681,33.61,36.15,19.05
128691,33.41,36.24,18.66
128701,33.18,36.44,18.27
128711,32.94,36.59,17.88
128721,32.67,37.02,17.50
128731,32.39,37.10,17.11
128741,32.12,36.52,16.72
128751,31.89,35.73,16.34
128761,31.66,35.49,15.95
128771,31.40,35.77,15.57
128781,31.11,36.46,15.19
128791,30.80,36.49,14.81
128801,30.51,35.92,14.43
128811,30.25,35.28,14.05
128821,29.99,35.23,13.67
128831,29.68,35.84,13.30
128841,29.36,36.05,12.93
128851,29.05,35.53,12.56
128861,28.77,34.85,12.19
128871,28.47,35.19,11.83
128881,28.14,35.56,11.46
128891,27.83,35.19,11.10
128901,27.53,34.59,10.75
128911,27.22,34.76,10.40
128921,26.88,35.43,10.05
128931,26.55,34.90,9.70
128941,26.24,34.43,9.36
128951,25.91,34.70,9.02
128961,25.56,34.99,8.68
128971,25.23,34.47,8.35
128981,24.90,34.29,8.03
128991,24.55,34.75,7.70
129001,24.21,34.42,7.39
129011,23.87,34.14,7.07
129021,23.52,34.46,6.77
129031,23.17,34.35,6.46
129041,22.82,34.15,6.17
129051,22.47,34.22,5.87
129061,22.11,34.22,5.59
129071,21.76,33.98,5.30
129081,21.41,34.01,5.03
129091,21.05,34.01,4.76
129101,20.70,33.94,4.49
129111,20.34,33.93,4.24
129121,19.99,33.82,3.98
129131,19.63,33.85,3.74
129141,19.27,33.83,3.50
129151,18.92,33.64,3.27
129161,18.58,33.31,3.04
129171,18.21,33.97,2.83
129181,17.87,33.46,2.62
129191,17.53,33.37,2.41
129201,17.18,33.53,2.22
129211,16.83,33.33,2.03
129221,16.48,33.65,1.85
129231,16.13,33.39,1.67
129241,15.80,33.28,1.51
129251,15.45,33.35,1.35
129261,15.12,33.19,1.20
129271,14.78,33.36,1.06
129281,14.46,33.14,0.93
129291,14.13,33.11,0.80
129301,13.79,33.37,0.69
129311,13.48,32.99,0.58
129321,13.14,33.44,0.48
129331,12.82,33.26,0.39
129341,12.50,33.31,0.31
129351,12.17,33.43,0.24
129361,11.87,33.05,0.18
129371,11.55,33.38,0.12
129381,11.26,32.99,0.08
129391,10.95,33.36,0.05
129401,10.65,33.21,0.02
129411,10.36,33.19,0.01
129421,10.07,33.33,0.00
129431,9.80,32.99,0.00
129441,9.52,33.30,0.02
129451,9.27,32.84,0.04
129461,9.01,33.13,0.08
129471,8.75,33.01,0.12
129481,8.50,33.18,0.18
129491,8.27,32.94,0.24
129501,8.04,32.83,0.32
129511,7.80,33.36,0.40
129521,7.60,32.66,0.50
129531,7.38,33.23,0.60
129541,7.18,32.79,0.72
129551,6.97,33.26,0.84
129561,6.79,32.85,0.98
129571,6.61,33.05,1.13
129581,6.42,33.21,1.29
129591,6.25,33.20,1.46
129601,6.07,33.48,1.64
129611,5.90,33.28,1.83
129621,5.76,33.17,2.03
129631,5.61,33.40,2.24
129641,5.48,33.03,2.46
129651,5.36,33.32,2.70
129661,5.24,33.22,2.94
129671,5.13,33.46,3.20
129681,5.03,33.27,3.46
129691,4.95,33.33,3.74
129701,4.86,33.58,4.02
129711,4.78,33.55,4.32
129721,4.70,33.72,4.63
129731,4.65,33.45,4.95
129741,4.60,33.78,5.28
129751,4.55,33.79,5.62
129761,4.50,34.13,5.97
129771,4.48,33.80,6.33
129781,4.45,34.14,6.70
129791,4.45,33.90,7.09
129801,4.43,34.34,7.48
129811,4.42,34.57,7.88
129821,4.43,34.58,8.30
129831,4.44,34.65,8.72
129841,4.48,34.38,9.16
129851,4.51,34.70,9.60
129861,4.56,34.65,10.05
129871,4.61,34.97,10.52
129881,4.67,35.09,10.99
129891,4.73,35.27,11.48
129901,4.79,35.74,11.97
129911,4.87,35.45,12.48
129921,4.95,35.91,12.99
129931,5.05,35.65,13.51
129941,5.16,35.88,14.05
129951,5.25,36.51,14.59
129961,5.38,36.02,15.14
129971,5.50,36.66,15.70
129981,5.62,36.86,16.27
129991,5.78,36.57,16.85
130001,5.91,37.20,17.44
130011,6.06,37.40,18.03
130021,6.22,37.42,18.64
130031,6.37,37.98,19.25
130041,6.53,38.08,19.87
130051,6.73,37.83,20.50
130061,6.91,38.44,21.14
130071,7.10,38.53,21.79
130081,7.32,38.45,22.44
130091,7.53,38.94,23.10
130101,7.72,39.56,23.77
130111,7.96,39.21,24.45
130121,8.21,39.15,25.13
130131,8.44,39.95,25.82
130141,8.67,40.54,26.52
130151,8.90,40.62,27.23
130161,9.19,40.08,27.94
130171,9.49,40.03,28.66
130181,9.79,40.53,29.38
130191,10.06,41.57,30.11
130201,10.32,42.10,30.85
130211,10.59,42.26,31.59
130221,10.90,42.01,32.34
130231,11.25,41.54,33.09
130241,11.61,41.56,33.85
130251,12.00,41.42,34.61
130261,12.39,41.94,35.38
130271,12.77,42.34,36.15
130281,13.16,42.59,36.93
130291,13.55,42.84,37.71
130301,13.95,43.25,38.50
130311,14.35,43.47,39.29
130321,14.76,43.64,40.08
130331,15.19,43.73,40.88
130341,15.63,43.93,41.68
130351,16.06,44.46,42.48
130361,16.50,44.74,43.29
130371,16.94,45.00,44.10
130381,17.38,45.54,44.91
130391,17.82,45.78,45.72
130401,18.28,45.96,46.54
130411,18.75,45.94,47.35
130421,19.24,45.95,48.17
130431,19.74,46.24,49.00
130441,20.24,46.61,49.82
130451,20.75,46.78,50.64
130461,21.28,46.82,51.47
130471,21.81,46.93,52.29
130481,22.35,47.27,53.12
130491,22.92,47.15,53.94
130501,23.48,47.49,54.77
130511,24.04,47.93,55.59
130521,24.63,47.73,56.42
130531,25.22,48.07,57.24
130541,25.81,48.44,58.06
130551,26.42,48.22,58.88
130561,27.03,48.75,59.70
130571,27.65,48.85,60.52
130581,28.29,48.68,61.34
130591,28.92,49.21,62.16
130601,29.58,49.00,62.97
130611,30.22,49.64,63.78
130621,30.89,49.33,64.59
130631,31.56,49.73,65.39
130641,32.26,49.46,66.19
130651,32.95,49.82,66.99
130661,33.66,49.74,67.78
130671,34.37,49.99,68.57
130681,35.08,50.18,69.36
130691,35.81,50.19,70.14
130701,36.54,50.44,70.92
130711,37.28,50.39,71.70
130721,38.02,50.63,72.46
130731,38.78,50.69,73.23
130741,39.52,51.02,73.99
130751,40.30,50.72,74.74
130761,41.08,50.67,75.49
130771,41.85,51.15,76.23
130781,42.65,50.90,76.96
130791,43.43,51.39,77.69
130801,44.22,51.34,78.41
130811,45.02,51.37,79.13
130821,45.81,51.72,79.84
130831,46.61,51.75,80.54
130841,47.42,51.67,81.23
130851,48.21,52.16,81.92
130861,49.02,51.87,82.60
130871,49.83,52.13,83.27
130881,50.63,52.46,83.93
130891,51.45,52.15,84.59
130901,52.26,52.56,85.23
130911,53.07,52.64,85.87
130921,53.89,52.54,86.50
130931,54.70,52.86,87.12
130941,55.51,52.97,87.73
130951,56.32,52.96,88.33
130961,57.14,52.95,88.92
130971,57.94,53.28,89.50
130981,58.75,53.26,90.08
130991,59.57,53.14,90.64
131001,60.38,53.46,91.19
131011,61.17,53.72,91.73
131021,61.98,53.52,92.26
131031,62.79,53.46,92.79
131041,63.59,53.71,93.30
131051,64.38,54.05,93.80
131061,65.17,53.92,94.28
131071,65.97,53.80,94.76
131081,66.76,54.03,95.23
131091,67.54,54.25,95.68
131101,68.32,54.22,96.13
131111,69.11,53.98,96.56
131121,69.90,53.93,96.98
131131,70.67,54.16,97.39
131141,71.43,54.51,97.78
131151,72.19,54.44,98.17
131161,72.96,54.15,98.54
131171,73.73,54.07,98.90
131181,74.49,54.17,99.25
131191,75.23,54.56,99.58
131201,75.97,54.50,99.91
131211,76.72,54.26,100.22
131221,77.47,54.06,100.52
131231,78.21,54.04,100.80
131241,78.95,54.18,101.07
131251,79.66,54.42,101.33
131261,80.37,54.31,101.58
131271,81.10,54.03,101.81
131281,81.82,53.84,102.03
131291,82.54,53.74,102.24
131301,83.24,53.91,102.43
131311,83.92,54.18,102.62
131321,84.60,53.93,102.78
131331,85.29,53.63,102.94
131341,85.99,53.29,103.08
131351,86.67,53.44,103.21
131361,87.34,53.43,103.32
131371,87.99,53.63,103.43
131381,88.64,53.23,103.51
131391,89.30,52.93,103.59
131401,89.96,52.70,103.65
131411,90.59,52.97,103.70
131421,91.21,53.11,103.74
131431,91.83,52.64,103.76
131441,92.46,52.20,103.77
131451,93.07,52.28,103.76
131461,93.66,52.49,103.75
131471,94.24,52.34,103.72
131481,94.84,51.66,103.67
131491,95.44,51.47,103.62
131501,96.00,51.72,103.55
131511,96.55,51.72,103.46
131521,97.11,51.18,103.37
131531,97.67,50.89,103.26
131541,98.19,51.18,103.14
131551,98.70,51.14,103.00
131561,99.23,50.41,102.86
131571,99.75,50.28,102.70
131581,100.22,50.69,102.53
131591,100.71,50.03,102.34
131601,101.21,49.67,102.15
131611,101.66,50.07,101.94
131621,102.12,49.54,101.72
131631,102.57,49.16,101.48
131641,102.99,49.47,101.24
131651,103.42,48.92,100.98
131661,103.84,48.66,100.71
131671,104.23,48.95,100.43
131681,104.63,48.25,100.14
131691,105.00,48.34,99.84
131701,105.36,48.23,99.52
131711,105.72,47.71,99.20
131721,106.05,47.98,98.86
131731,106.39,47.27,98.52
131741,106.69,47.58,98.16
131751,107.00,47.03,97.79
131761,107.28,47.05,97.41
131771,107.55,46.85,97.02
131781,107.82,46.56,96.62
131791,108.05,46.82,96.21
131801,108.26,46.56,95.80
131811,108.47,46.45,95.37
131821,108.66,46.24,94.93
131831,108.83,46.10,94.48
131841,108.99,45.94,94.03
131851,109.14,45.69,93.56
131861,109.28,45.38,93.09
131871,109.39,45.55,92.61
131881,109.50,45.19,92.12
131891,109.58,45.16,91.62
131901,109.64,45.19,91.11
131911,109.69,44.95,90.60
131921,109.72,44.85,90.07
131931,109.75,44.46,89.54
131941,109.74,44.75,89.01
131951,109.74,44.28,88.46
131961,109.71,44.29,87.91
131971,109.65,44.29,87.36
131981,109.60,43.87,86.79
131991,109.52,43.90,86.23
132001,109.43,43.86,85.65
132011,109.33,43.38,85.07
132021,109.22,43.45,84.48
132031,109.08,43.39,83.89
132041,108.94,42.99,83.30
132051,108.78,42.92,82.69
132061,108.59,43.18,82.09
132071,108.40,42.79,81.48
132081,108.19,42.59,80.87
132091,107.97,42.64,80.25
132101,107.71,42.76,79.63
132111,107.46,42.41,79.00
132121,107.20,42.17,78.37
132131,106.91,42.28,77.74
132141,106.60,42.39,77.11
132151,106.27,42.23,76.47
132161,105.94,41.98,75.83
132171,105.59,42.02,75.19
132181,105.21,42.27,74.55
132191,104.80,42.43,73.91
132201,104.39,42.20,73.27
132211,103.98,41.97,72.62
132221,103.54,42.03,71.97
132231,103.08,42.24,71.33
132241,102.59,42.46,70.68
132251,102.08,42.54,70.03
132261,101.56,42.46,69.39
132271,101.04,42.33,68.74
132281,100.49,42.40,68.09
132291,99.92,42.72,67.45
132301,99.32,43.10,66.81
132311,98.71,42.99,66.16
132321,98.09,43.04,65.52
132331,97.45,43.12,64.89
132341,96.80,43.23,64.25
132351,96.12,43.47,63.62
132361,95.42,43.88,62.98
132371,94.69,44.17,62.36
132381,93.96,44.13,61.73
132391,93.21,44.28,61.11
132401,92.44,44.63,60.49
132411,91.65,44.88,59.88
132421,90.84,45.23,59.27
132431,90.01,45.57,58.66
132441,89.17,45.57,58.06
132451,88.32,45.80,57.46
132461,87.45,46.20,56.87
132471,86.56,46.53,56.28
132481,85.66,46.78,55.70
132491,84.74,47.01,55.12
132501,83.81,47.40,54.55
132511,82.86,47.85,53.99
132521,81.90,47.99,53.43
132531,80.93,48.20,52.88
132541,79.93,48.86,52.33
132551,78.94,48.87,51.80
132561,77.93,49.29,51.26
132571,76.91,49.67,50.74
132581,75.89,49.72,50.22
132591,74.85,50.31,49.71
132601,73.81,50.36,49.21
132611,72.76,50.86,48.72
132621,71.71,50.98,48.23
132631,70.65,51.37,47.76
132641,69.59,51.49,47.29
132651,68.52,52.00,46.83
132661,67.46,51.98,46.38
132671,66.39,52.42,45.94
132681,65.33,52.38,45.51
132691,64.26,52.89,45.08
132701,63.19,53.06,44.67
132711,62.14,53.01,44.26
132721,61.07,53.49,43.87
132731,60.01,53.81,43.49
132741,58.97,53.57,43.11
132751,57.93,53.91,42.75
132761,56.90,54.06,42.40
132771,55.88,54.12,42.05
132781,54.88,53.91,41.72
132791,53.89,54.12,41.40
132801,52.89,54.55,41.09
132811,51.91,54.50,40.79
132821,50.96,54.21,40.50
132831,50.02,54.45,40.22
132841,49.07,54.69,39.96
132851,48.15,54.71,39.70
132861,47.24,54.74,39.46
132871,46.36,54.50,39.23
132881,45.49,54.54,39.01
132891,44.63,54.65,38.80
132901,43.79,54.79,38.60
132911,42.97,54.48,38.42
132921,42.18,54.39,38.25
132931,41.42,54.16,38.09
132941,40.68,53.85,37.94
132951,39.96,54.01,37.80
132961,39.26,53.77,37.68
132971,38.59,53.60,37.57
132981,37.95,53.25,37.47
132991,37.34,52.93,37.38
133001,36.75,52.87,37.31
133011,36.17,52.94,37.25
133021,35.61,52.75,37.20
133031,35.08,52.69,37.16
133041,34.55,52.72,37.14
133051,34.07,52.24,37.13
133061,33.61,51.99,37.13
133071,33.18,51.75,37.14
133081,32.77,51.64,37.17
133091,32.38,51.48,37.21
133101,31.99,51.76,37.26
133111,31.63,51.54,37.32
133121,31.31,50.94,37.40
133131,31.01,50.67,37.48
133141,30.72,50.89,37.58
133151,30.46,50.61,37.70
133161,30.23,50.19,37.82
133171,30.01,50.15,37.96
133181,29.81,50.01,38.11
133191,29.65,49.68,38.27
133201,29.50,49.49,38.45
133211,29.37,49.50,38.63
133221,29.27,49.13,38.83
133231,29.18,49.01,39.04
133241,29.11,48.98,39.27
133251,29.08,48.42,39.50
133261,29.04,48.68,39.75
133271,29.04,48.29,40.00
133281,29.06,48.03,40.27
133291,29.09,48.11,40.55
133301,29.14,47.72,40.85
133311,29.21,47.85,41.15
133321,29.29,47.53,41.47
133331,29.40,47.45,41.79
133341,29.51,47.49,42.13
133351,29.64,47.23,42.48
133361,29.78,47.41,42.83
133371,29.95,47.03,43.20
133381,30.11,47.26,43.58
133391,30.31,46.75,43.97
133401,30.50,47.18,44.37
133411,30.72,46.78,44.78
133421,30.94,47.12,45.20
133431,31.18,46.73,45.63
133441,31.42,47.05,46.07
133451,31.68,46.81,46.52
133461,31.93,47.14,46.98
133471,32.21,46.91,47.45
133481,32.49,47.04,47.93
133491,32.79,46.98,48.41
133501,33.08,47.15,48.91
133511,33.39,47.23,49.41
133521,33.71,47.06,49.92
133531,34.02,47.56,50.44
133541,34.36,47.18,50.97
133551,34.69,47.62,51.50
133561,35.04,47.58,52.05
133571,35.39,47.66,52.60
133581,35.74,47.93,53.16
133591,36.09,47.98,53.72
133601,36.45,48.21,54.30
133611,36.83,48.15,54.87
133621,37.19,48.57,55.46
133631,37.57,48.49,56.05
133641,37.94,49.01,56.65
133651,38.33,48.78,57.25
133661,38.72,49.08,57.86
133671,39.11,49.27,58.48
133681,39.51,49.44,59.10
133691,39.91,49.62,59.73
133701,40.32,49.87,60.36
133711,40.73,49.95,60.99
133721,41.13,50.32,61.63
133731,41.55,50.45,62.28
133741,41.96,50.69,62.92
133751,42.39,50.75,63.58
133761,42.82,51.01,64.23
133771,43.25,51.07,64.89
133781,43.68,51.65,65.55
133791,44.12,51.54,66.22
133801,44.55,51.92,66.89
133811,45.00,52.00,67.56
133821,45.45,52.21,68.23
133831,45.90,52.50,68.91
133841,46.36,52.53,69.59
133851,46.83,52.66,70.27
133861,47.29,53.17,70.95
133871,47.77,52.94,71.63
133881,48.25,53.34,72.31
133891,48.72,53.78,72.99
133901,49.22,53.44,73.68
133911,49.72,53.64,74.36
133921,50.21,54.22,75.05
133931,50.71,54.23,75.73
133941,51.24,54.11,76.42
133951,51.76,54.38,77.10
133961,52.27,54.72,77.78
133971,52.80,54.83,78.47
133981,53.33,54.92,79.15
133991,53.87,55.09,79.83
134001,54.40,55.38,80.51
134011,54.93,55.71,81.18
134021,55.48,55.58,81.86
134031,56.05,55.50,82.53
134041,56.63,55.46,83.20
134051,57.21,55.69,83.87
134061,57.79,55.77,84.53
134071,58.37,56.16,85.19
134081,58.95,56.33,85.85
134091,59.54,56.36,86.51
134101,60.15,56.14,87.16
134111,60.77,56.28,87.80
134121,61.40,56.10,88.45
134131,62.04,56.20,89.09
134141,62.68,56.30,89.72
134151,63.33,56.26,90.35
134161,63.98,56.36,90.98
134171,64.65,56.34,91.60
134181,65.31,56.41,92.21
134191,65.98,56.53,92.82
134201,66.65,56.59,93.42
134211,67.33,56.64,94.02
134221,68.01,56.75,94.62
134231,68.69,56.75,95.20
134241,69.38,56.77,95.78
134251,70.07,56.72,96.36
134261,70.77,56.74,96.92
134271,71.47,56.77,97.49
134281,72.18,56.74,98.04
134291,72.90,56.70,98.59
134301,73.61,56.71,99.13
134311,74.34,56.58,99.66
134321,75.07,56.53,100.18
134331,75.80,56.56,100.70
134341,76.54,56.42,101.21
134351,77.28,56.40,101.71
134361,78.03,56.41,102.21
134371,78.78,56.29,102.69
134381,79.53,56.19,103.17
134391,80.29,56.11,103.64
134401,81.05,56.03,104.10
134411,81.81,55.97,104.56
134421,82.57,55.92,105.00
134431,83.34,55.84,105.43
134441,84.10,55.76,105.86
134451,84.87,55.77,106.28
134461,85.62,55.81,106.68
134471,86.39,55.68,107.08
134481,87.14,55.77,107.47
134491,87.88,55.80,107.85
134501,88.63,55.78,108.22
134511,89.36,55.90,108.59
134521,90.09,55.84,108.94
134531,90.83,55.74,109.28
134541,91.56,55.67,109.61
134551,92.28,55.59,109.93
134561,93.02,55.26,110.25
134571,93.77,54.99,110.55
134581,94.51,54.81,110.84
134591,95.26,54.55,111.12
134601,96.01,54.33,111.40
134611,96.76,54.33,111.66
134621,97.49,54.31,111.91
134631,98.21,54.43,112.15
134641,98.92,54.48,112.39
134651,99.62,54.45,112.61
134661,100.32,54.29,112.82
134671,101.03,53.97,113.02
134681,101.75,53.45,113.21
134691,102.47,53.12,113.39
134701,103.18,53.11,113.56
134711,103.88,53.21,113.73
134721,104.56,53.26,113.88
134731,105.22,53.29,114.02
134741,105.91,52.68,114.14
134751,106.60,52.22,114.26
134761,107.28,52.16,114.37
134771,107.95,52.04,114.47
134781,108.60,52.28,114.56
134791,109.25,51.99,114.64
134801,109.92,51.15,114.71
134811,110.59,50.89,114.77
134821,111.23,51.23,114.82
134831,111.84,51.41,114.86
134841,112.47,50.76,114.88
134851,113.11,50.26,114.90
134861,113.73,50.32,114.91
134871,114.32,50.37,114.91
134881,114.93,49.82,114.90
134891,115.54,49.26,114.88
134901,116.12,49.66,114.85
134911,116.70,49.22,114.81
134921,117.30,48.50,114.76
134931,117.87,48.83,114.70
134941,118.42,48.63,114.64
134951,118.99,47.89,114.56
134961,119.53,48.17,114.48
134971,120.07,47.73,114.38
134981,120.61,47.20,114.28
134991,121.12,47.55,114.16
135001,121.64,46.73,114.04
135011,122.15,46.79,113.91
135021,122.64,46.57,113.78
135031,123.13,46.16,113.63
135041,123.59,46.33,113.47
135051,124.07,45.48,113.31
135061,124.52,45.74,113.14
135071,124.99,44.94,112.96
135081,125.41,45.33,112.77
135091,125.85,44.51,112.58
135101,126.26,44.74,112.38
135111,126.68,44.14,112.17
135121,127.07,44.19,111.95
135131,127.46,43.73,111.72
135141,127.84,43.48,111.49
135151,128.19,43.64,111.25
135161,128.55,42.94,111.01
135171,128.89,42.96,110.76
135181,129.21,42.84,110.50
135191,129.54,42.22,110.23
135201,129.83,42.42,109.96
135211,130.12,42.14,109.69
135221,130.39,41.90,109.40
135231,130.65,41.81,109.11
135241,130.88,41.84,108.82
135251,131.11,41.41,108.52
135261,131.34,40.90,108.21
135271,131.55,40.93,107.90
135281,131.73,41.17,107.59
135291,131.92,40.33,107.26
135301,132.09,40.31,106.94
135311,132.24,40.44,106.61
135321,132.36,40.43,106.27
135331,132.46,40.36,105.93
135341,132.57,39.98,105.59
135351,132.67,39.53,105.24
135361,132.75,39.45,104.89
135371,132.82,39.34,104.54
135381,132.86,39.48,104.18
135391,132.87,39.61,103.82
135401,132.88,39.32,103.46
135411,132.85,39.60,103.09
135421,132.82,39.41,102.72
135431,132.76,39.47,102.34
135441,132.68,39.42,101.97
135451,132.60,39.15,101.59
135461,132.50,39.16,101.21
135471,132.39,39.09,100.83
135481,132.26,38.90,100.44
135491,132.13,38.72,100.06
135501,131.98,38.72,99.67
135511,131.83,38.52,99.28
135521,131.65,38.57,98.89
135531,131.46,38.43,98.50
135541,131.26,38.39,98.11
135551,131.04,38.59,97.72
135561,130.80,38.43,97.32
135571,130.54,38.57,96.93
135581,130.28,38.53,96.53
135591,129.99,38.61,96.14
135601,129.69,38.56,95.75
135611,129.37,38.65,95.35
135621,129.05,38.57,94.96
135631,128.71,38.53,94.56
135641,128.36,38.44,94.17
135651,128.01,38.24,93.78
135661,127.65,38.21,93.39
135671,127.29,38.15,93.00
135681,126.90,38.21,92.61
135691,126.50,38.41,92.22
135701,126.07,38.73,91.83
135711,125.61,39.06,91.45
135721,125.13,39.49,91.06
135731,124.61,40.01,90.68
135741,124.08,40.11,90.30
135751,123.53,40.37,89.93
135761,122.97,40.35,89.55
135771,122.41,40.35,89.18
135781,121.85,40.38,88.81
135791,121.26,40.62,88.44
135801,120.66,40.85,88.07
135811,120.04,41.17,87.71
135821,119.40,41.72,87.35
135831,118.73,42.05,86.99
135841,118.03,42.72,86.64
135851,117.30,43.19,86.29
135861,116.56,43.62,85.94
135871,115.80,43.95,85.60
135881,115.02,44.35,85.26
135891,114.23,44.69,84.92
135901,113.42,45.21,84.59
135911,112.60,45.54,84.26
135921,111.76,45.90,83.93
135931,110.92,46.19,83.61
135941,110.07,46.46,83.29
135951,109.19,47.20,82.98
135961,108.28,47.81,82.67
135971,107.37,48.29,82.36
135981,106.45,48.50,82.06
135991,105.52,48.91,81.77
136001,104.56,49.75,81.48
136011,103.59,50.24,81.19
136021,102.62,50.38,80.90
136031,101.63,51.24,80.63
136041,100.64,51.36,80.35
136051,99.64,51.94,80.08
136061,98.63,52.43,79.82
136071,97.61,52.85,79.56
136081,96.59,53.36,79.30
136091,95.56,53.83,79.05
136101,94.54,53.93,78.81
136111,93.49,54.92,78.57
136121,92.45,54.97,78.33
136131,91.42,55.30,78.10
136141,90.36,56.13,77.88
136151,89.32,56.27,77.66
136161,88.30,56.21,77.44
136171,87.27,56.88,77.23
136181,86.22,57.70,77.03
136191,85.18,57.85,76.83
136201,84.16,58.00,76.63
136211,83.15,58.09,76.44
136221,82.16,58.20,76.26
136231,81.17,58.61,76.08
136241,80.18,58.94,75.90
136251,79.21,59.21,75.73
136261,78.23,59.55,75.57
136271,77.28,59.73,75.41
136281,76.33,59.92,75.25
136291,75.41,59.87,75.10
136301,74.50,60.09,74.96
136311,73.61,60.13,74.82
136321,72.74,60.32,74.68
136331,71.86,60.66,74.55
136341,71.00,60.95,74.42
136351,70.14,61.27,74.30
136361,69.33,60.93,74.19
136371,68.55,60.53,74.07
136381,67.80,60.39,73.97
136391,67.06,60.62,73.86
136401,66.34,60.61,73.77
136411,65.62,60.99,73.67
136421,64.96,60.27,73.58
136431,64.36,59.35,73.50
136441,63.78,59.20,73.42
136451,63.19,60.01,73.34
136461,62.58,60.58,73.27
136471,62.07,58.99,73.20
136481,61.59,58.87,73.14
136491,61.09,59.33,73.08
136501,60.60,59.61,73.02
136511,60.12,59.65,72.97
136521,59.68,59.18,72.92
136531,59.30,58.34,72.87
136541,58.96,57.91,72.83
136551,58.62,58.05,72.79
136561,58.28,58.29,72.76
136571,57.95,58.25,72.73
136581,57.65,58.04,72.70
136591,57.39,57.64,72.68
136601,57.15,57.11,72.65
136611,56.96,56.56,72.63
136621,56.79,56.34,72.62
136631,56.64,56.10,72.60
136641,56.50,55.97,72.59
136651,56.39,55.70,72.58
136661,56.30,55.49,72.58
136671,56.22,55.33,72.58
136681,56.15,55.14,72.57
136691,56.11,54.89,72.57
136701,56.09,54.65,72.58
136711,56.08,54.37,72.58
136721,56.10,54.04,72.59
136731,56.12,53.91,72.60
136741,56.18,53.48,72.61
136751,56.25,53.18,72.62
136761,56.33,53.07,72.63
136771,56.43,52.84,72.64
136781,56.53,52.81,72.66
136791,56.64,52.68,72.68
136801,56.75,52.55,72.69
136811,56.88,52.38,72.71
136821,57.04,51.87,72.73
136831,57.21,51.60,72.75
136841,57.39,51.45,72.77
136851,57.56,51.53,72.79
136861,57.73,51.59,72.81
136871,57.92,51.30,72.83
136881,58.13,50.89,72.85
136891,58.33,50.86,72.87
136901,58.54,50.99,72.89
136911,58.75,50.77,72.91
136921,58.97,50.47,72.93
136931,59.20,50.31,72.95
136941,59.42,50.47,72.97
136951,59.65,50.38,72.99
136961,59.89,50.12,73.01
136971,60.12,50.00,73.02
136981,60.35,50.28,73.04
136991,60.59,49.83,73.05
137001,60.83,49.95,73.07
137011,61.05,50.11,73.08
137021,61.29,49.78,73.09
137031,61.53,49.82,73.10
137041,61.75,50.06,73.11
137051,61.99,49.55,73.11
137061,62.22,49.71,73.11
137071,62.46,49.60,73.12
137081,62.70,49.36,73.12
137091,62.92,49.70,73.11
137101,63.16,49.41,73.11
137111,63.38,49.60,73.10
137121,63.59,49.78,73.09
137131,63.81,49.40,73.08
137141,64.02,49.64,73.07
137151,64.23,49.40,73.05
137161,64.45,49.39,73.03
137171,64.65,49.52,73.01
137181,64.86,49.28,72.98
137191,65.06,49.48,72.96
137201,65.26,49.26,72.93
137211,65.45,49.60,72.89
137221,65.63,49.60,72.85
137231,65.81,49.40,72.81
137241,65.97,49.77,72.77
137251,66.15,49.44,72.72
137261,66.31,49.62,72.67
137271,66.48,49.39,72.62
137281,66.65,49.38,72.56
137291,66.79,49.61,72.50
137301,66.95,49.39,72.44
137311,67.08,49.79,72.37
137321,67.22,49.59,72.30
137331,67.34,49.91,72.22
137341,67.47,49.67,72.14
137351,67.59,49.61,72.06
137361,67.70,49.75,71.97
137371,67.82,49.49,71.88
137381,67.92,49.90,71.78
137391,68.03,49.57,71.68
137401,68.11,49.88,71.58
137411,68.20,49.86,71.47
137421,68.28,49.78,71.36
137431,68.35,50.08,71.25
137441,68.42,49.79,71.13
137451,68.48,50.14,71.00
137461,68.53,49.95,70.88
137471,68.58,50.07,70.74
137481,68.63,49.98,70.61
137491,68.68,49.89,70.47
137501,68.70,50.33,70.32
137511,68.73,50.03,70.18
137521,68.74,50.36,70.02
137531,68.75,50.17,69.87
137541,68.75,50.36,69.71
137551,68.75,50.38,69.54
137561,68.75,50.17,69.37
137571,68.74,50.28,69.20
137581,68.73,50.25,69.02
137591,68.72,50.11,68.84
137601,68.70,50.26,68.66
137611,68.67,50.33,68.47
137621,68.65,50.12,68.28
137631,68.61,50.23,68.08
137641,68.57,50.25,67.88
137651,68.54,50.03,67.68
137661,68.49,50.15,67.47
137671,68.46,49.89,67.26
137681,68.41,49.98,67.04
137691,68.36,49.93,66.82
137701,68.31,49.84,66.60
137711,68.24,50.05,66.37
137721,68.18,49.72,66.15
137731,68.11,49.99,65.91
137741,68.04,49.76,65.68
137751,67.97,49.64,65.44
137761,67.89,49.70,65.20
137771,67.82,49.45,64.95
137781,67.74,49.57,64.70
137791,67.66,49.24,64.45
137801,67.58,49.31,64.20
137811,67.49,49.34,63.94
137821,67.41,49.07,63.68
137831,67.31,49.36,63.42
137841,67.22,48.97,63.15
137851,67.11,49.20,62.89
137861,67.01,48.87,62.62
137871,66.91,48.81,62.35
137881,66.80,48.91,62.07
137891,66.70,48.56,61.80
137901,66.58,48.80,61.52
137911,66.48,48.34,61.24
137921,66.35,48.66,60.96
137931,66.24,48.27,60.68
137941,66.11,48.50,60.39
137951,65.98,48.34,60.11
137961,65.85,48.24,59.82
137971,65.71,48.25,59.53
137981,65.58,48.00,59.24
137991,65.44,48.16,58.95
138001,65.30,47.81,58.66
138011,65.15,47.96,58.37
138021,65.00,47.84,58.07
138031,64.84,48.02,57.78
138041,64.68,47.78,57.49
138051,64.51,47.93,57.19
138061,64.35,47.61,56.90
138071,64.17,47.82,56.61
138081,64.00,47.50,56.31
138091,63.82,47.65,56.02
138101,63.64,47.36,55.73
138111,63.45,47.54,55.43
138121,63.27,47.39,55.14
138131,63.07,47.52,54.85
138141,62.88,47.22,54.56
138151,62.68,47.41,54.27
138161,62.47,47.24,53.98
138171,62.27,47.24,53.69
138181,62.06,47.13,53.41
138191,61.86,47.07,53.13
138201,61.64,47.14,52.84
138211,61.43,46.95,52.56
138221,61.21,47.07,52.28
138231,60.99,46.89,52.01
138241,60.75,47.15,51.73
138251,60.53,46.89,51.46
138261,60.29,47.08,51.19
138271,60.05,46.86,50.93
138281,59.81,47.11,50.66
138291,59.57,46.83,50.40
138301,59.32,46.98,50.14
138311,59.06,47.05,49.89
138321,58.82,46.76,49.64
138331,58.56,47.07,49.39
138341,58.30,46.92,49.14
138351,58.03,47.10,48.90
138361,57.76,47.00,48.66
138371,57.50,46.91,48.43
138381,57.23,47.01,48.20
138391,56.96,46.95,47.98
138401,56.68,47.08,47.76
138411,56.41,46.98,47.54
138421,56.13,47.14,47.33
138431,55.85,47.02,47.12
138441,55.57,47.13,46.92
138451,55.28,47.28,46.72
138461,54.99,47.16,46.52
138471,54.70,47.26,46.34
138481,54.42,47.13,46.15
138491,54.13,47.25,45.98
138501,53.84,47.31,45.80
138511,53.55,47.27,45.64
138521,53.26,47.35,45.48
138531,52.97,47.24,45.32
138541,52.68,47.52,45.17
138551,52.39,47.43,45.03
138561,52.09,47.59,44.89
138571,51.80,47.56,44.76
138581,51.51,47.60,44.63
138591,51.21,47.69,44.51
138601,50.93,47.52,44.40
138611,50.63,47.85,44.29
138621,50.35,47.64,44.19
138631,50.07,47.79,44.10
138641,49.78,47.85,44.01
138651,49.50,47.76,43.93
138661,49.22,47.91,43.86
138671,48.95,47.91,43.80
138681,48.67,48.02,43.74
138691,48.40,47.94,43.68
138701,48.13,48.07,43.64
138711,47.87,48.07,43.60
138721,47.60,48.23,43.57
138731,47.34,48.19,43.55
138741,47.08,48.43,43.53
138751,46.82,48.40,43.52
138761,46.56,48.55,43.52
138771,46.31,48.50,43.53
138781,46.05,48.82,43.54
138791,45.81,48.55,43.56
138801,45.57,48.77,43.59
138811,45.35,48.46,43.62
138821,45.12,48.85,43.67
138831,44.90,48.78,43.72
138841,44.68,48.95,43.78
138851,44.47,48.87,43.84
138861,44.25,49.04,43.92
138871,44.06,48.96,44.00
138881,43.86,49.11,44.09
138891,43.68,48.93,44.19
138901,43.49,49.21,44.29
138911,43.32,49.07,44.40
138921,43.14,49.38,44.52
138931,42.99,49.10,44.65
138941,42.83,49.39,44.78
138951,42.69,49.25,44.93
138961,42.54,49.55,45.08
138971,42.41,49.35,45.23
138981,42.27,49.74,45.40
138991,42.16,49.21,45.57
139001,42.05,49.64,45.75
139011,41.95,49.38,45.94
139021,41.85,49.74,46.14
139031,41.77,49.50,46.34
139041,41.69,49.67,46.55
139051,41.63,49.60,46.76
139061,41.56,49.80,46.99
139071,41.51,49.78,47.22
139081,41.47,49.70,47.46
139091,41.43,49.80,47.70
139101,41.41,49.74,47.95
139111,41.39,49.99,48.21
139121,41.39,49.59,48.48
139131,41.39,50.07,48.75
139141,41.40,49.85,49.03
139151,41.42,50.00,49.31
139161,41.44,50.01,49.61
139171,41.48,50.02,49.90
139181,41.52,50.23,50.21
139191,41.58,49.96,50.52
139201,41.62,50.48,50.84
139211,41.70,50.09,51.16
139221,41.77,50.33,51.49
139231,41.85,50.40,51.82
139241,41.95,50.29,52.16
139251,42.03,50.72,52.51
139261,42.15,50.33,52.86
139271,42.25,50.84,53.21
139281,42.37,50.75,53.57
139291,42.49,50.80,53.94
139301,42.62,50.99,54.31
139311,42.77,50.74,54.69
139321,42.91,51.08,55.07
139331,43.06,51.03,55.45
139341,43.23,51.09,55.84
139351,43.39,51.43,56.23
139361,43.56,51.22,56.63
139371,43.74,51.44,57.03
139381,43.93,51.47,57.44
139391,44.13,51.38,57.85
139401,44.33,51.68,58.26
139411,44.55,51.62,58.67
139421,44.77,51.58,59.09
139431,44.99,51.84,59.51
139441,45.22,51.88,59.94
139451,45.47,51.85,60.37
139461,45.70,52.32,60.80
139471,45.94,52.17,61.23
139481,46.21,52.03,61.66
139491,46.46,52.43,62.10
139501,46.73,52.38,62.54
139511,47.02,52.16,62.98
139521,47.29,52.65,63.42
139531,47.59,52.44,63.86
139541,47.90,52.31,64.30
139551,48.20,52.74,64.75
139561,48.51,52.71,65.19
139571,48.83,52.66,65.64
139581,49.15,52.78,66.09
139591,49.47,53.16,66.53
139601,49.80,53.01,66.98
139611,50.15,52.78,67.43
139621,50.49,53.13,67.87
139631,50.84,53.21,68.32
139641,51.21,52.92,68.77
139651,51.58,53.09,69.21
139661,51.94,53.40,69.65
139671,52.31,53.37,70.10
139681,52.70,53.18,70.54
139691,53.08,53.38,70.98
139701,53.46,53.66,71.41
139711,53.86,53.50,71.85
139721,54.27,53.33,72.28
139731,54.68,53.45,72.71
139741,55.08,53.78,73.14
139751,55.49,53.79,73.57
139761,55.91,53.62,73.99
139771,56.33,53.72,74.41
139781,56.75,53.95,74.83
139791,57.17,53.97,75.24
139801,57.60,53.77,75.65
139811,58.06,53.58,76.06
139821,58.49,53.96,76.46
139831,58.92,54.16,76.85
139841,59.37,53.88,77.25
139851,59.84,53.63,77.64
139861,60.30,53.78,78.02
139871,60.75,54.10,78.40
139881,61.21,54.04,78.77
139891,61.66,54.20,79.14
139901,62.13,54.02,79.50
139911,62.60,53.76,79.86
139921,63.08,53.92,80.21
139931,63.57,53.66,80.56
139941,64.06,53.60,80.90
139951,64.55,53.55,81.23
139961,65.03,53.98,81.56
139971,65.50,54.09,81.88
139981,65.98,53.85,82.20
139991,66.48,53.66,82.50
140001,66.98,53.49,82.80
140011,67.47,40.27,60.00
140021,67.93,40.35,60.00
140031,68.43,39.50,60.00
140041,68.92,39.20,60.00
140051,69.39,39.19,60.00
140061,69.88,38.59,60.00
140071,70.34,38.83,60.00
140081,70.80,38.48,60.00
140091,71.24,38.65,60.00
140101,71.66,38.68,60.00
140111,72.07,38.36,60.00
140121,72.46,38.58,60.00
140131,72.83,38.83,60.00
140141,73.18,38.89,60.00
140151,73.51,38.85,60.00
140161,73.82,39.14,60.00
140171,74.11,39.25,60.00
140181,74.36,39.60,60.00
140191,74.60,39.91,60.00
140201,74.80,40.24,60.00
140211,74.97,40.65,60.00
140221,75.12,40.96,60.00
140231,75.25,41.27,60.00
140241,75.34,41.65,60.00
140251,75.42,42.01,60.00
140261,75.47,42.37,60.00
140271,75.49,42.81,60.00
140281,75.48,43.26,60.00
140291,75.45,43.51,60.00
140301,75.40,44.10,60.00
140311,75.32,44.38,60.00
140321,75.23,44.62,60.00
140331,75.13,44.96,60.00
140341,75.00,45.36,60.00
140351,74.84,45.88,60.00
140361,74.67,46.18,60.00
140371,74.48,46.58,60.00
140381,74.27,47.06,60.00
140391,74.04,47.41,60.00
140401,73.80,47.75,60.00
140411,73.54,48.14,60.00
140421,73.26,48.71,60.00
140431,72.97,48.97,60.00
140441,72.67,49.23,60.00
140451,72.34,49.82,60.00
140461,72.01,50.00,60.00
140471,71.67,50.36,60.00
140481,71.32,50.74,60.00
140491,70.96,50.99,60.00
140501,70.58,51.56,60.00
140511,70.21,51.47,60.00
140521,69.82,52.04,60.00
140531,69.44,51.96,60.00
140541,69.06,52.34,60.00
140551,68.67,52.55,60.00
140561,68.28,52.72,60.00
140571,67.86,53.31,60.00
140581,67.47,53.10,60.00
140591,67.07,53.49,60.00
140601,66.67,53.72,60.00
140611,66.28,53.67,60.00
140621,65.89,53.74,60.00
140631,65.49,54.16,60.00
140641,65.11,54.05,60.00
140651,64.74,54.04,60.00
140661,64.36,54.26,60.00
140671,63.98,54.53,60.00
140681,63.62,54.46,60.00
140691,63.27,54.27,60.00
140701,62.93,54.35,60.00
140711,62.57,54.78,60.00
140721,62.22,54.93,60.00
140731,61.89,54.68,60.00
140741,61.58,54.39,60.00
140751,61.28,54.39,60.00
140761,60.97,54.68,60.00
140771,60.67,54.76,60.00
140781,60.38,54.65,60.00
140791,60.11,54.46,60.00
140801,59.86,54.16,60.00
140811,59.62,54.25,60.00
140821,59.38,54.27,60.00
140831,59.14,54.44,60.00
140841,58.90,54.39,60.00
140851,58.70,54.02,60.00
140861,58.51,53.70,60.00
140871,58.33,53.70,60.00
140881,58.16,53.68,60.00
140891,57.99,53.76,60.00
140901,57.82,53.86,60.00
140911,57.67,53.54,60.00
140921,57.54,53.28,60.00
140931,57.42,53.02,60.00
140941,57.31,53.04,60.00
140951,57.21,53.03,60.00
140961,57.11,52.91,60.00
140971,57.03,52.63,60.00
140981,56.96,52.42,60.00
140991,56.91,52.09,60.00
141001,56.86,52.20,60.00
141011,56.83,52.00,60.00
141021,56.81,51.59,60.00
141031,56.80,51.40,60.00
141041,56.79,51.49,60.00
141051,56.79,51.41,60.00
141061,56.79,51.38,60.00
141071,56.81,51.05,60.00
141081,56.83,50.81,60.00
141091,56.86,50.87,60.00
141101,56.89,50.85,60.00
141111,56.91,50.90,60.00
141121,56.95,50.58,60.00
141131,57.01,50.28,60.00
141141,57.05,50.53,60.00
141151,57.09,50.44,60.00
141161,57.16,49.96,60.00
141171,57.21,50.35,60.00
141181,57.27,50.17,60.00
141191,57.34,49.82,60.00
141201,57.40,50.09,60.00
141211,57.47,49.83,60.00
141221,57.54,49.88,60.00
141231,57.60,49.98,60.00
141241,57.67,49.76,60.00
141251,57.75,49.74,60.00
141261,57.81,49.87,60.00
141271,57.89,49.46,60.00
141281,57.96,49.81,60.00
141291,58.03,49.62,60.00
141301,58.09,49.71,60.00
141311,58.15,49.84,60.00
141321,58.22,49.61,60.00
141331,58.28,49.82,60.00
141341,58.34,49.64,60.00
141351,58.40,49.73,60.00
141361,58.46,49.77,60.00
141371,58.52,49.57,60.00
141381,58.56,50.02,60.00
141391,58.62,49.58,60.00
141401,58.67,49.88,60.00
141411,58.71,49.92,60.00
141421,58.77,49.67,60.00
141431,58.81,50.00,60.00
141441,58.86,49.73,60.00
141451,58.90,49.91,60.00
141461,58.94,49.85,60.00
141471,58.98,49.88,60.00
141481,59.01,49.95,60.00
141491,59.05,49.96,60.00
141501,59.07,50.14,60.00
141511,59.10,50.00,60.00
141521,59.12,50.26,60.00
141531,59.15,50.07,60.00
141541,59.17,50.13,60.00
141551,59.19,50.25,60.00
141561,59.21,50.13,60.00
141571,59.22,50.47,60.00
141581,59.24,50.25,60.00
141591,59.24,50.47,60.00
141601,59.25,50.51,60.00
141611,59.26,50.37,60.00
141621,59.25,50.70,60.00
141631,59.26,50.44,60.00
141641,59.26,50.66,60.00
141651,59.26,50.66,60.00
141661,59.26,50.51,60.00
141671,59.26,50.69,60.00
141681,59.26,50.56,60.00
141691,59.26,50.65,60.00
141701,59.25,50.90,60.00
141711,59.25,50.67,60.00
141721,59.24,50.76,60.00
141731,59.24,50.79,60.00
141741,59.24,50.56,60.00
141751,59.22,51.04,60.00
141761,59.23,50.59,60.00
141771,59.22,50.80,60.00
141781,59.22,50.78,60.00
141791,59.23,50.58,60.00
141801,59.23,50.69,60.00
141811,59.22,50.77,60.00
141821,59.24,50.45,60.00
141831,59.23,50.86,60.00
141841,59.24,50.53,60.00
141851,59.24,50.69,60.00
141861,59.24,50.74,60.00
141871,59.25,50.64,60.00
141881,59.25,50.65,60.00
141891,59.25,50.82,60.00
141901,59.25,50.59,60.00
141911,59.25,50.75,60.00
141921,59.25,50.82,60.00
141931,59.27,50.44,60.00
141941,59.26,50.84,60.00
141951,59.27,50.51,60.00
141961,59.28,50.64,60.00
141971,59.28,50.81,60.00
141981,59.29,50.60,60.00
141991,59.29,50.71,60.00
142001,59.28,50.90,60.00
142011,59.30,50.50,60.00
142021,59.29,50.94,60.00
142031,59.29,50.68,60.00
142041,59.29,50.80,60.00
142051,59.29,50.91,60.00
142061,59.29,50.74,60.00
142071,59.29,50.83,60.00
142081,59.28,50.98,60.00
142091,59.29,50.63,60.00
142101,59.27,51.12,60.00
142111,59.27,50.84,60.00
142121,59.26,51.03,60.00
142131,59.26,51.00,60.00
142141,59.26,50.87,60.00
142151,59.25,51.06,60.00
142161,59.24,51.10,60.00
142171,59.24,50.72,60.00
142181,59.23,51.21,60.00
142191,59.22,51.11,60.00
142201,59.22,50.78,60.00
142211,59.22,51.04,60.00
142221,59.21,51.00,60.00
142231,59.22,50.76,60.00
142241,59.23,50.72,60.00
142251,59.23,51.06,60.00
142261,59.23,50.86,60.00
142271,59.24,50.80,60.00
142281,59.23,51.03,60.00
142291,59.24,50.84,60.00
142301,59.24,50.91,60.00
142311,59.24,50.97,60.00
142321,59.25,50.78,60.00
142331,59.26,50.78,60.00
142341,59.25,51.02,60.00
142351,59.27,50.69,60.00
142361,59.26,51.10,60.00
142371,59.27,50.85,60.00
142381,59.28,50.72,60.00
142391,59.27,51.11,60.00
142401,59.28,50.81,60.00
142411,59.28,50.95,60.00
142421,59.27,51.23,60.00
142431,59.28,50.72,60.00
142441,59.27,51.16,60.00
142451,59.27,50.98,60.00
142461,59.28,50.92,60.00
142471,59.27,51.10,60.00
142481,59.28,50.93,60.00
142491,59.28,50.89,60.00
142501,59.27,51.24,60.00
142511,59.29,50.77,60.00
142521,59.28,51.08,60.00
142531,59.28,51.15,60.00
142541,59.28,50.94,60.00
142551,59.28,51.08,60.00
142561,59.28,51.15,60.00
142571,59.28,50.93,60.00
142581,59.28,51.12,60.00
142591,59.28,51.11,60.00
142601,59.29,50.82,60.00
142611,59.28,51.36,60.00
142621,59.28,50.90,60.00
142631,59.28,51.08,60.00
142641,59.28,51.19,60.00
142651,59.29,50.94,60.00
142661,59.29,51.12,60.00
142671,59.29,51.09,60.00
142681,59.29,50.93,60.00
142691,59.30,50.98,60.00
142701,59.29,51.26,60.00
142711,59.31,50.80,60.00
142721,59.31,51.02,60.00
142731,59.31,51.10,60.00
142741,59.33,50.80,60.00
142751,59.33,51.16,60.00
142761,59.33,51.02,60.00
142771,59.35,50.80,60.00
142781,59.35,51.09,60.00
142791,59.36,50.83,60.00
142801,59.38,50.78,60.00
142811,59.37,51.24,60.00
142821,59.39,50.79,60.00
142831,59.39,50.95,60.00
142841,59.40,51.09,60.00
142851,59.41,50.79,60.00
142861,59.42,51.02,60.00
142871,59.42,50.99,60.00
142881,59.43,50.88,60.00
142891,59.44,50.98,60.00
142901,59.44,51.09,60.00
142911,59.46,50.79,60.00
142921,59.46,51.09,60.00
142931,59.46,51.04,60.00
142941,59.47,50.83,60.00
142951,59.47,51.20,60.00
142961,59.48,50.81,60.00
142971,59.49,51.02,60.00
142981,59.49,51.00,60.00
142991,59.50,50.89,60.00
143001,59.51,50.93,60.00
143011,59.51,51.11,60.00
143021,59.53,50.83,60.00
143031,59.53,50.94,60.00
143041,59.53,51.18,60.00
143051,59.54,50.81,60.00
143061,59.54,51.11,60.00
143071,59.55,51.06,60.00
143081,59.56,50.87,60.00
143091,59.56,51.04,60.00
143101,59.57,51.01,60.00
143111,59.58,50.80,60.00
143121,59.58,51.12,60.00
143131,59.59,50.96,60.00
143141,59.60,50.88,60.00
143151,59.59,51.17,60.00
143161,59.61,50.76,60.00
143171,59.62,50.88,60.00
143181,59.62,51.12,60.00
143191,59.63,50.82,60.00
143201,59.64,50.84,60.00
143211,59.65,51.02,60.00
143221,59.66,50.85,60.00
143231,59.66,50.99,60.00
143241,59.67,50.95,60.00
143251,59.69,50.68,60.00
143261,59.69,50.99,60.00
143271,59.69,51.07,60.00
143281,59.71,50.78,60.00
143291,59.71,51.04,60.00
143301,59.72,50.87,60.00
143311,59.73,50.80,60.00
143321,59.74,50.87,60.00
143331,59.73,51.17,60.00
143341,59.75,50.71,60.00
143351,59.75,51.00,60.00
143361,59.76,50.81,60.00
143371,59.76,51.07,60.00
143381,59.77,50.89,60.00
143391,59.78,50.75,60.00
143401,59.78,51.20,60.00
143411,59.79,50.82,60.00
143421,59.79,51.03,60.00
143431,59.79,51.08,60.00
143441,59.80,50.70,60.00
143451,59.80,50.99,60.00
143461,59.80,51.05,60.00
143471,59.81,50.83,60.00
143481,59.81,51.07,60.00
143491,59.81,51.12,60.00
143501,59.82,50.86,60.00
143511,59.81,51.25,60.00
143521,59.81,51.02,60.00
143531,59.82,50.89,60.00
143541,59.81,51.22,60.00
143551,59.81,51.05,60.00
143561,59.81,51.03,60.00
143571,59.80,51.12,60.00
143581,59.80,51.11,60.00
143591,59.80,51.00,60.00
143601,59.80,51.18,60.00
143611,59.80,50.99,60.00
143621,59.81,50.90,60.00
143631,59.80,51.27,60.00
143641,59.80,50.95,60.00
143651,59.81,50.89,60.00
143661,59.80,51.36,60.00
143671,59.81,50.75,60.00
143681,59.81,51.07,60.00
143691,59.81,51.15,60.00
143701,59.81,50.92,60.00
143711,59.81,51.08,60.00
143721,59.81,51.15,60.00
143731,59.81,51.05,60.00
143741,59.81,51.10,60.00
143751,59.81,50.98,60.00
143761,59.81,51.03,60.00
143771,59.82,50.98,60.00
143781,59.81,51.28,60.00
143791,59.82,50.86,60.00
143801,59.82,51.11,60.00
143811,59.81,51.29,60.00
143821,59.82,50.74,60.00
143831,59.82,51.13,60.00
143841,59.82,51.13,60.00
143851,59.83,50.78,60.00
143861,59.83,51.16,60.00
143871,59.83,51.05,60.00
143881,59.85,50.72,60.00
143891,59.84,51.15,60.00
143901,59.84,50.99,60.00
143911,59.85,50.90,60.00
143921,59.85,51.03,60.00
143931,59.85,51.08,60.00
143941,59.86,50.92,60.00
143951,59.87,50.95,60.00
143961,59.87,51.05,60.00
143971,59.88,50.78,60.00
143981,59.89,50.85,60.00
143991,59.88,51.25,60.00
144001,59.90,50.62,60.00
144011,59.91,50.88,60.00
144021,59.90,51.16,60.00
144031,59.92,50.63,60.00
144041,59.92,51.09,60.00
144051,59.92,51.03,60.00
144061,59.94,50.57,60.00
144071,59.94,51.12,60.00
144081,59.94,50.97,60.00
144091,59.95,50.78,60.00
144101,59.96,50.96,60.00
144111,59.96,50.90,60.00
144121,59.97,50.86,60.00
144131,59.98,50.75,60.00
144141,59.98,51.08,60.00
144151,59.99,50.77,60.00
144161,60.00,50.75,60.00
144171,60.00,51.08,60.00
144181,60.02,50.58,60.00
144191,60.02,50.99,60.00
144201,60.02,50.85,60.00
144211,60.03,50.74,60.00
144221,60.03,51.07,60.00
144231,60.04,50.82,60.00
144241,60.05,50.75,60.00
144251,60.05,50.94,60.00
144261,60.05,50.83,60.00
144271,60.06,50.82,60.00
144281,60.06,50.91,60.00
144291,60.07,50.84,60.00
144301,60.08,50.72,60.00
144311,60.07,51.08,60.00
144321,60.08,50.75,60.00
144331,60.09,50.82,60.00
144341,60.08,51.12,60.00
144351,60.10,50.59,60.00
144361,60.10,50.90,60.00
144371,60.10,50.85,60.00
144381,60.10,50.97,60.00
144391,60.11,50.70,60.00
144401,60.11,50.95,60.00
144411,60.11,50.82,60.00
144421,60.11,51.05,60.00
144431,60.12,50.62,60.00
144441,60.12,50.96,60.00
144451,60.11,50.98,60.00
144461,60.12,50.75,60.00
144471,60.12,50.99,60.00
144481,60.12,50.82,60.00
144491,60.13,50.69,60.00
144501,60.12,51.06,60.00
144511,60.13,50.89,60.00
144521,60.13,50.87,60.00
144531,60.12,51.05,60.00
144541,60.12,50.91,60.00
144551,60.12,50.87,60.00
144561,60.11,51.11,60.00
144571,60.11,50.83,60.00
144581,60.12,50.84,60.00
144591,60.11,51.12,60.00
144601,60.12,50.62,60.00
144611,60.12,50.83,60.00
144621,60.12,51.02,60.00
144631,60.13,50.69,60.00
144641,60.13,50.81,60.00
144651,60.12,51.03,60.00
144661,60.13,50.75,60.00
144671,60.14,50.75,60.00
144681,60.14,50.87,60.00
144691,60.14,50.91,60.00
144701,60.14,50.71,60.00
144711,60.14,51.04,60.00
144721,60.15,50.65,60.00
144731,60.15,50.84,60.00
144741,60.14,50.99,60.00
144751,60.16,50.54,60.00
144761,60.15,50.94,60.00
144771,60.16,50.79,60.00
144781,60.16,50.74,60.00
144791,60.16,50.95,60.00
144801,60.16,50.86,60.00
144811,60.17,50.69,60.00
144821,60.16,50.96,60.00
144831,60.16,50.86,60.00
144841,60.16,50.81,60.00
144851,60.14,51.24,60.00
144861,60.15,50.71,60.00
144871,60.15,50.91,60.00
144881,60.14,50.94,60.00
144891,60.15,50.78,60.00
144901,60.14,50.92,60.00
144911,60.14,50.95,60.00
144921,60.15,50.72,60.00
144931,60.14,50.90,60.00
144941,60.13,51.07,60.00
144951,60.14,50.67,60.00
144961,60.13,51.06,60.00
144971,60.13,50.84,60.00
144981,60.14,50.76,60.00
144991,60.13,51.06,60.00
145001,60.13,50.83,60.00
145011,60.13,50.79,60.00
145021,60.13,50.92,60.00
145031,60.13,50.82,60.00
145041,60.14,50.70,60.00
145051,60.13,50.99,60.00
145061,60.14,50.71,60.00
145071,60.14,50.81,60.00
145081,60.13,50.91,60.00
145091,60.15,50.58,60.00
145101,60.14,50.99,60.00
145111,60.14,50.86,60.00
145121,60.14,50.79,60.00
145131,60.13,50.94,60.00
145141,60.13,50.88,60.00
145151,60.14,50.68,60.00
145161,60.14,50.91,60.00
145171,60.13,50.88,60.00
145181,60.14,50.77,60.00
145191,60.12,51.08,60.00
145201,60.13,50.72,60.00
145211,60.13,50.94,60.00
145221,60.12,50.93,60.00
145231,60.13,50.70,60.00
145241,60.12,51.01,60.00
145251,60.12,50.89,60.00
145261,60.13,50.63,60.00
145271,60.13,50.83,60.00
145281,60.12,50.93,60.00
145291,60.13,50.67,60.00
145301,60.13,50.87,60.00
145311,60.12,50.90,60.00
145321,60.14,50.57,60.00
145331,60.13,50.95,60.00
145341,60.13,50.75,60.00
145351,60.14,50.59,60.00
145361,60.14,50.97,60.00
145371,60.15,50.62,60.00
145381,60.14,50.84,60.00
145391,60.15,50.77,60.00
145401,60.15,50.67,60.00
145411,60.16,50.75,60.00
145421,60.15,50.95,60.00
145431,60.16,50.67,60.00
145441,60.15,50.84,60.00
145451,60.15,50.88,60.00
145461,60.15,50.81,60.00
145471,60.15,50.85,60.00
145481,60.13,51.06,60.00
145491,60.12,51.00,60.00
145501,60.12,50.81,60.00
145511,60.12,50.86,60.00
145521,60.12,50.89,60.00
145531,60.11,50.90,60.00
145541,60.12,50.63,60.00
145551,60.11,51.08,60.00
145561,60.11,50.83,60.00
145571,60.12,50.60,60.00
145581,60.11,50.97,60.00
145591,60.12,50.65,60.00
145601,60.12,50.72,60.00
145611,60.12,50.90,60.00
145621,60.13,50.63,60.00
145631,60.13,50.77,60.00
145641,60.12,50.93,60.00
145651,60.13,50.72,60.00
145661,60.12,50.83,60.00
145671,60.12,50.88,60.00
145681,60.13,50.55,60.00
145691,60.13,50.89,60.00
145701,60.13,50.77,60.00
145711,60.14,50.59,60.00
145721,60.13,50.95,60.00
145731,60.13,50.76,60.00
145741,60.14,50.72,60.00
145751,60.12,51.01,60.00
145761,60.12,50.83,60.00
145771,60.12,50.83,60.00
145781,60.11,51.03,60.00
145791,60.12,50.62,60.00
145801,60.12,50.70,60.00
145811,60.12,50.79,60.00
145821,60.12,50.82,60.00
145831,60.12,50.68,60.00
145841,60.13,50.73,60.00
145851,60.13,50.81,60.00
145861,60.12,50.84,60.00
145871,60.12,50.79,60.00
145881,60.12,50.74,60.00
145891,60.13,50.63,60.00
145901,60.13,50.81,60.00
145911,60.13,50.73,60.00
145921,60.14,50.61,60.00
145931,60.13,50.85,60.00
145941,60.15,50.52,60.00
145951,60.14,50.99,60.00
145961,60.14,50.71,60.00
145971,60.13,50.90,60.00
145981,60.13,50.80,60.00
145991,60.13,50.78,60.00
146001,60.13,50.83,60.00
146011,60.13,50.74,60.00
146021,60.12,50.96,60.00
146031,60.13,50.49,60.00
146041,60.11,51.14,60.00
146051,60.13,50.50,60.00
146061,60.12,50.85,60.00
146071,60.12,50.90,60.00
146081,60.13,50.44,60.00
146091,60.12,51.05,60.00
146101,60.13,50.47,60.00
146111,60.13,50.78,60.00
146121,60.13,50.79,60.00
146131,60.13,50.64,60.00
146141,60.14,50.71,60.00
146151,60.12,50.98,60.00
146161,60.14,50.53,60.00
146171,60.12,50.98,60.00
146181,60.12,50.78,60.00
146191,60.13,50.61,60.00
146201,60.13,50.70,60.00
146211,60.14,50.67,60.00
146221,60.14,50.62,60.00
146231,60.14,50.88,60.00
146241,60.13,50.80,60.00
146251,60.14,50.68,60.00
146261,60.12,51.01,60.00
146271,60.13,50.51,60.00
146281,60.13,50.91,60.00
146291,60.15,50.33,60.00
146301,60.11,51.38,60.00
146311,60.17,49.68,60.00
146321,60.10,52.11,60.00
146331,60.15,49.71,60.00
146341,60.12,51.39,60.00
146351,60.11,50.93,60.00
146361,60.12,50.43,60.00
146371,60.10,51.13,60.00
146381,60.10,50.78,60.00
146391,60.10,50.79,60.00
146401,60.10,50.75,60.00
146411,60.09,50.94,60.00
146421,60.11,50.43,60.00
146431,60.08,51.31,60.00
146441,60.09,50.57,60.00
146451,60.07,51.10,60.00
146461,60.07,50.85,60.00
146471,60.07,50.80,60.00
146481,60.06,50.87,60.00
146491,60.07,50.51,60.00
146501,60.08,50.66,60.00
146511,60.09,50.59,60.00
146521,60.09,50.58,60.00
146531,60.09,50.75,60.00
146541,60.10,50.60,60.00
146551,60.12,50.46,60.00
146561,60.10,50.97,60.00
146571,60.11,50.68,60.00
146581,60.11,50.58,60.00
146591,60.13,50.46,60.00
146601,60.13,50.69,60.00
146611,60.14,50.46,60.00
146621,60.15,50.56,60.00
146631,60.15,50.78,60.00
146641,60.14,50.78,60.00
146651,60.13,50.91,60.00
146661,60.12,50.89,60.00
146671,60.12,50.78,60.00
146681,60.11,50.88,60.00
146691,60.11,50.69,60.00
146701,60.12,50.61,60.00
146711,60.12,50.80,60.00
146721,60.12,50.71,60.00
146731,60.12,50.71,60.00
146741,60.10,51.04,60.00
146751,60.11,50.62,60.00
146761,60.09,50.99,60.00
146771,60.09,50.81,60.00
146781,60.09,50.63,60.00
146791,60.09,50.87,60.00
146801,60.09,50.56,60.00
146811,60.10,50.57,60.00
146821,60.10,50.81,60.00
146831,60.11,50.52,60.00
146841,60.10,50.87,60.00
146851,60.09,50.84,60.00
146861,60.10,50.70,60.00
146871,60.09,50.85,60.00
146881,60.09,50.71,60.00
146891,60.10,50.45,60.00
146901,60.10,50.76,60.00
146911,60.12,50.37,60.00
146921,60.13,50.53,60.00
146931,60.13,50.66,60.00
146941,60.13,50.57,60.00
146951,60.13,50.75,60.00
146961,60.13,50.79,60.00
146971,60.12,50.74,60.00
146981,60.12,50.74,60.00
146991,60.12,50.81,60.00
147001,60.12,50.56,60.00
147011,60.11,50.87,60.00
147021,60.13,50.39,60.00
147031,60.13,50.72,60.00
147041,60.13,50.74,60.00
147051,60.12,50.71,60.00
147061,60.12,50.80,60.00
147071,60.11,50.89,60.00
147081,60.12,50.53,60.00
147091,60.10,51.04,60.00
147101,60.12,50.37,60.00
147111,60.12,50.71,60.00
147121,60.11,50.70,60.00
147131,60.12,50.59,60.00
147141,60.11,50.78,60.00
147151,60.11,50.80,60.00
147161,60.12,50.56,60.00
147171,60.10,51.03,60.00
147181,60.10,50.68,60.00
147191,60.10,50.78,60.00
147201,60.09,50.73,60.00
147211,60.11,50.42,60.00
147221,60.11,50.70,60.00
147231,60.11,50.64,60.00
147241,60.12,50.53,60.00
147251,60.11,50.76,60.00
147261,60.11,50.77,60.00
147271,60.11,50.67,60.00
147281,60.10,50.89,60.00
147291,60.10,50.59,60.00
147301,60.10,50.74,60.00
147311,60.11,50.51,60.00
147321,60.12,50.47,60.00
147331,60.12,50.62,60.00
147341,60.12,50.61,60.00
147351,60.13,50.47,60.00
147361,60.12,50.89,60.00
147371,60.12,50.66,60.00
147381,60.12,50.80,60.00
147391,60.11,50.76,60.00
147401,60.11,50.72,60.00
147411,60.11,50.67,60.00
147421,60.11,50.59,60.00
147431,60.12,50.44,60.00
147441,60.12,50.81,60.00
147451,60.12,50.54,60.00
147461,60.12,50.80,60.00
147471,60.11,50.74,60.00
147481,60.11,50.69,60.00
147491,60.10,50.83,60.00
147501,60.11,50.60,60.00
147511,60.11,50.62,60.00
147521,60.10,50.88,60.00
147531,60.11,50.48,60.00
147541,60.11,50.66,60.00
147551,60.10,50.78,60.00
147561,60.11,50.45,60.00
147571,60.10,50.88,60.00
147581,60.10,50.77,60.00
147591,60.10,50.61,60.00
147601,60.09,50.82,60.00
147611,60.09,50.63,60.00
147621,60.10,50.60,60.00
147631,60.10,50.60,60.00
147641,60.11,50.37,60.00
147651,60.11,50.75,60.00
147661,60.11,50.55,60.00
147671,60.12,50.60,60.00
147681,60.10,50.89,60.00
147691,60.10,50.84,60.00
147701,60.10,50.57,60.00
147711,60.09,50.83,60.00
147721,60.10,50.37,60.00
147731,60.10,50.67,60.00
147741,60.11,50.58,60.00
147751,60.10,50.76,60.00
147761,60.10,50.70,60.00
147771,60.10,50.72,60.00
147781,60.08,51.04,60.00
147791,60.08,50.59,60.00
147801,60.07,50.84,60.00
147811,60.08,50.55,60.00
147821,60.08,50.62,60.00
147831,60.08,50.62,60.00
147841,60.08,50.59,60.00
147851,60.09,50.61,60.00
147861,60.08,50.79,60.00
147871,60.09,50.48,60.00
147881,60.07,50.95,60.00
147891,60.08,50.47,60.00
147901,60.08,50.75,60.00
147911,60.07,50.73,60.00
147921,60.08,50.57,60.00
147931,60.09,50.53,60.00
147941,60.09,50.63,60.00
147951,60.10,50.42,60.00
147961,60.09,50.75,60.00
147971,60.10,50.50,60.00
147981,60.10,50.69,60.00
147991,60.10,50.62,60.00
148001,60.11,50.48,60.00
148011,60.10,50.78,60.00
148021,60.11,50.43,60.00
148031,60.11,50.52,60.00
148041,60.11,50.66,60.00
148051,60.12,50.53,60.00
148061,60.12,50.64,60.00
148071,60.11,50.78,60.00
148081,60.11,50.50,60.00
148091,60.10,50.93,60.00
148101,60.11,50.49,60.00
148111,60.10,50.69,60.00
148121,60.10,50.67,60.00
148131,60.11,50.49,60.00
148141,60.11,50.62,60.00
148151,60.11,50.58,60.00
148161,60.12,50.47,60.00
148171,60.11,50.79,60.00
148181,60.12,50.48,60.00
148191,60.10,50.86,60.00
148201,60.10,50.74,60.00
148211,60.10,50.56,60.00
148221,60.09,50.77,60.00
148231,60.10,50.59,60.00
148241,60.11,50.38,60.00
148251,60.10,50.84,60.00
148261,60.11,50.36,60.00
148271,60.10,50.70,60.00
148281,60.10,50.77,60.00
148291,60.10,50.65,60.00
148301,60.09,50.83,60.00
148311,60.08,50.73,60.00
148321,60.09,50.51,60.00
148331,60.08,50.79,60.00
148341,60.09,50.39,60.00
148351,60.09,50.61,60.00
148361,60.09,50.64,60.00
148371,60.10,50.48,60.00
148381,60.09,50.77,60.00
148391,60.09,50.66,60.00
148401,60.09,50.51,60.00
148411,60.08,50.82,60.00
148421,60.09,50.46,60.00
148431,60.09,50.61,60.00
148441,60.09,50.63,60.00
148451,60.10,50.33,60.00
148461,60.10,50.57,60.00
148471,60.11,50.58,60.00
148481,60.11,50.42,60.00
148491,60.11,50.78,60.00
148501,60.11,50.47,60.00
148511,60.11,50.70,60.00
148521,60.10,50.68,60.00
148531,60.11,50.47,60.00
148541,60.11,50.50,60.00
148551,60.12,50.45,60.00
148561,60.13,50.39,60.00
148571,60.12,50.76,60.00
148581,60.13,50.43,60.00
148591,60.12,50.74,60.00
148601,60.11,50.77,60.00
148611,60.12,50.53,60.00
148621,60.11,50.76,60.00
148631,60.10,50.67,60.00
148641,60.11,50.44,60.00
148651,60.11,50.69,60.00
148661,60.12,50.38,60.00
148671,60.11,50.68,60.00
148681,60.11,50.64,60.00
148691,60.12,50.40,60.00
148701,60.11,50.77,60.00
148711,60.10,50.66,60.00
148721,60.11,50.49,60.00
148731,60.10,50.68,60.00
148741,60.11,50.42,60.00
148751,60.11,50.57,60.00
148761,60.12,50.44,60.00
148771,60.13,50.46,60.00
148781,60.12,50.64,60.00
148791,60.13,50.48,60.00
148801,60.13,50.45,60.00
148811,60.12,50.77,60.00
148821,60.14,50.30,60.00
148831,60.13,50.68,60.00
148841,60.13,50.57,60.00
148851,60.13,50.53,60.00
148861,60.13,50.52,60.00
148871,60.14,50.48,60.00
148881,60.14,50.42,60.00
148891,60.15,50.49,60.00
148901,60.14,50.73,60.00
148911,60.13,50.65,60.00
148921,60.13,50.61,60.00
148931,60.13,50.64,60.00
148941,60.13,50.48,60.00
148951,60.13,50.60,60.00
148961,60.12,50.78,60.00
148971,60.13,50.36,60.00
148981,60.11,50.79,60.00
148991,60.11,50.62,60.00
149001,60.11,50.58,60.00
149011,60.10,50.85,60.00
149021,60.10,50.56,60.00
149031,60.09,50.72,60.00
149041,60.09,50.59,60.00
149051,60.10,50.32,60.00
149061,60.09,50.66,60.00
149071,60.09,50.55,60.00
149081,60.10,50.49,60.00
149091,60.08,50.84,60.00
149101,60.09,50.43,60.00
149111,60.08,50.69,60.00
149121,60.08,50.59,60.00
149131,60.09,50.51,60.00
149141,60.08,50.65,60.00
149151,60.10,50.27,60.00
149161,60.10,50.56,60.00
149171,60.09,50.67,60.00
149181,60.10,50.28,60.00
149191,60.10,50.58,60.00
149201,60.10,50.58,60.00
149211,60.10,50.56,60.00
149221,60.09,50.70,60.00
149231,60.10,50.35,60.00
149241,60.10,50.65,60.00
149251,60.10,50.45,60.00
149261,60.11,50.40,60.00
149271,60.11,50.53,60.00
149281,60.12,50.37,60.00
149291,60.11,50.76,60.00
149301,60.10,50.65,60.00
149311,60.10,50.58,60.00
149321,60.09,50.79,60.00
149331,60.10,50.40,60.00
149341,60.09,50.65,60.00
149351,60.09,50.61,60.00
149361,60.09,50.54,60.00
149371,60.08,50.75,60.00
149381,60.09,50.39,60.00
149391,60.08,50.62,60.00
149401,60.07,50.74,60.00
149411,60.08,50.43,60.00
149421,60.07,50.71,60.00
149431,60.08,50.43,60.00
149441,60.07,50.62,60.00
149451,60.07,50.61,60.00
149461,60.08,50.33,60.00
149471,60.07,50.74,60.00
149481,60.07,50.54,60.00
149491,60.08,50.40,60.00
149501,60.07,50.74,60.00
149511,60.08,50.45,60.00
149521,60.08,50.57,60.00
149531,60.08,50.51,60.00
149541,60.08,50.40,60.00
149551,60.08,50.59,60.00
149561,60.09,50.41,60.00
149571,60.09,50.42,60.00
149581,60.09,50.67,60.00
149591,60.10,50.26,60.00
149601,60.10,50.55,60.00
149611,60.09,50.67,60.00
149621,60.10,50.39,60.00
149631,60.09,50.68,60.00
149641,60.10,50.42,60.00
149651,60.09,50.59,60.00
149661,60.09,50.56,60.00
149671,60.10,50.37,60.00
149681,60.09,50.69,60.00
149691,60.09,50.54,60.00
149701,60.09,50.48,60.00
149711,60.08,50.78,60.00
149721,60.09,50.48,60.00
149731,60.08,50.74,60.00
149741,60.07,50.64,60.00
149751,60.07,50.58,60.00
149761,60.06,50.76,60.00
149771,60.06,50.40,60.00
149781,60.06,50.55,60.00
149791,60.06,50.60,60.00
149801,60.07,50.36,60.00
149811,60.06,50.68,60.00
149821,60.06,50.50,60.00
149831,60.07,50.51,60.00
149841,60.06,50.69,60.00
149851,60.06,50.42,60.00
149861,60.06,50.57,60.00
149871,60.07,50.43,60.00
149881,60.07,50.37,60.00
149891,60.07,50.65,60.00
149901,60.08,50.38,60.00
149911,60.07,50.55,60.00
149921,60.06,50.75,60.00
149931,60.07,50.35,60.00
149941,60.07,50.65,60.00
149951,60.07,50.48,60.00
149961,60.07,50.51,60.00
149971,60.07,50.60,60.00
149981,60.08,50.35,60.00
149991,60.07,50.63,60.00
150001,60.07,50.52,60.00
150011,60.07,15.50,0.00
150021,60.07,15.23,0.00
150031,60.09,14.32,0.00
150041,60.10,14.26,0.00
150051,60.06,14.68,0.00
150061,60.01,14.69,0.00
150071,59.93,14.86,0.00
150081,59.80,15.41,0.00
150091,59.66,15.44,0.00
150101,59.48,16.05,0.00
150111,59.25,16.57,0.00
150121,59.01,16.62,0.00
150131,58.75,16.71,0.00
150141,58.46,17.16,0.00
150151,58.13,17.85,0.00
150161,57.77,18.17,0.00
150171,57.34,19.30,0.00
150181,56.90,19.66,0.00
150191,56.44,19.85,0.00
150201,55.94,20.35,0.00
150211,55.42,20.90,0.00
150221,54.86,21.66,0.00
150231,54.25,22.49,0.00
150241,53.64,22.74,0.00
150251,52.99,23.30,0.00
150261,52.31,24.14,0.00
150271,51.60,24.78,0.00
150281,50.86,25.39,0.00
150291,50.08,26.33,0.00
150301,49.27,27.06,0.00
150311,48.43,27.82,0.00
150321,47.57,28.39,0.00
150331,46.67,29.39,0.00
150341,45.73,30.57,0.00
150351,44.78,30.87,0.00
150361,43.80,31.77,0.00
150371,42.77,33.01,0.00
150381,41.77,32.83,0.00
150391,40.74,33.78,0.00
150401,39.67,34.76,0.00
150411,38.58,35.61,0.00
150421,37.46,36.69,0.00
150431,36.33,37.33,0.00
150441,35.16,38.29,0.00
150451,34.01,38.66,0.00
150461,32.84,39.25,0.00
150471,31.68,39.65,0.00
150481,30.50,40.47,0.00
150491,29.31,41.27,0.00
150501,28.11,41.89,0.00
150511,26.90,42.73,0.00
150521,25.69,43.16,0.00
150531,24.50,43.22,0.00
150541,23.32,43.62,0.00
150551,22.13,44.17,0.00
150561,20.92,45.45,0.00
150571,19.70,46.00,0.00
150581,18.48,46.58,0.00
150591,17.28,46.88,0.00
150601,16.11,46.86,0.00
150611,14.97,46.72,0.00
150621,13.86,46.67,0.00
150631,12.76,46.97,0.00
150641,11.67,47.40,0.00
150651,10.60,47.63,0.00
150661,9.57,47.22,0.00
150671,8.56,47.32,0.00
150681,7.56,47.71,0.00
150691,6.60,47.38,0.00
150701,5.67,47.32,0.00
150711,4.76,47.50,0.00
150721,3.89,47.09,0.00
150731,3.05,46.96,0.00
150741,2.23,47.00,0.00
150751,1.46,46.37,0.00
150761,0.71,46.61,0.00
150771,-0.01,46.22,0.00
150781,-0.67,45.54,0.00
150791,-1.32,45.67,0.00
150801,-1.91,44.68,0.00
150811,-2.47,44.49,0.00
150821,-3.01,44.49,0.00
150831,-3.50,43.78,0.00
150841,-3.97,43.66,0.00
150851,-4.40,43.32,0.00
150861,-4.78,42.39,0.00
150871,-5.14,42.21,0.00
150881,-5.46,41.63,0.00
150891,-5.71,40.53,0.00
150901,-5.95,40.46,0.00
150911,-6.18,40.37,0.00
150921,-6.36,39.45,0.00
150931,-6.48,38.53,0.00
150941,-6.58,38.10,0.00
150951,-6.66,37.87,0.00
150961,-6.72,37.60,0.00
150971,-6.77,37.25,0.00
150981,-6.79,36.84,0.00
150991,-6.76,36.01,0.00
151001,-6.72,35.64,0.00
151011,-6.65,35.15,0.00
151021,-6.57,34.83,0.00
151031,-6.45,34.15,0.00
151041,-6.29,33.32,0.00
151051,-6.10,32.52,0.00
151061,-5.88,31.76,0.00
151071,-5.65,31.63,0.00
151081,-5.41,31.41,0.00
151091,-5.15,30.69,0.00
151101,-4.89,30.60,0.00
151111,-4.62,30.37,0.00
151121,-4.32,29.62,0.00
151131,-4.02,29.32,0.00
151141,-3.69,28.73,0.00
151151,-3.37,28.62,0.00
151161,-3.02,27.96,0.00
151171,-2.66,27.66,0.00
151181,-2.30,27.24,0.00
151191,-1.92,26.82,0.00
151201,-1.54,26.48,0.00
151211,-1.14,26.00,0.00
151221,-0.76,25.91,0.00
151231,-0.36,25.60,0.00
151241,0.05,25.07,0.00
151251,0.43,25.21,0.00
151261,0.84,24.64,0.00
151271,1.25,24.44,0.00
151281,1.64,24.31,0.00
151291,2.06,23.68,0.00
151301,2.46,23.71,0.00
151311,2.86,23.52,0.00
151321,3.28,22.97,0.00
151331,3.69,22.89,0.00
151341,4.08,22.83,0.00
151351,4.48,22.43,0.00
151361,4.90,21.96,0.00
151371,5.29,22.08,0.00
151381,5.70,21.52,0.00
151391,6.09,21.58,0.00
151401,6.47,21.64,0.00
151411,6.85,21.32,0.00
151421,7.19,21.74,0.00
151431,7.55,21.29,0.00
151441,7.88,21.47,0.00
151451,8.24,20.72,0.00
151461,8.56,21.31,0.00
151471,8.88,21.00,0.00
151481,9.20,20.68,0.00
151491,9.50,20.89,0.00
151501,9.81,20.53,0.00
151511,10.10,20.62,0.00
151521,10.39,20.47,0.00
151531,10.66,20.48,0.00
151541,10.92,20.59,0.00
151551,11.15,21.04,0.00
151561,11.37,20.89,0.00
151571,11.60,20.62,0.00
151581,11.82,20.50,0.00
151591,12.03,20.43,0.00
151601,12.24,20.41,0.00
151611,12.42,20.79,0.00
151621,12.59,20.73,0.00
151631,12.73,21.15,0.00
151641,12.85,21.46,0.00
151651,12.98,21.20,0.00
151661,13.10,21.10,0.00
151671,13.20,21.32,0.00
151681,13.28,21.68,0.00
151691,13.35,21.60,0.00
151701,13.43,21.52,0.00
151711,13.47,22.02,0.00
151721,13.52,21.81,0.00
151731,13.53,22.51,0.00
151741,13.53,22.46,0.00
151751,13.53,22.40,0.00
151761,13.50,23.12,0.00
151771,13.48,22.79,0.00
151781,13.44,23.08,0.00
151791,13.38,23.26,0.00
151801,13.32,23.38,0.00
151811,13.24,23.72,0.00
151821,13.16,23.72,0.00
151831,13.05,24.16,0.00
151841,12.94,24.35,0.00
151851,12.82,24.39,0.00
151861,12.68,24.75,0.00
151871,12.54,24.70,0.00
151881,12.39,25.04,0.00
151891,12.24,25.02,0.00
151901,12.07,25.53,0.00
151911,11.89,25.61,0.00
151921,11.72,25.40,0.00
151931,11.54,25.80,0.00
151941,11.33,26.19,0.00
151951,11.13,26.38,0.00
151961,10.91,26.51,0.00
151971,10.68,26.92,0.00
151981,10.45,26.99,0.00
151991,10.21,27.14,0.00
152001,9.97,27.37,0.00
152011,9.74,27.29,0.00
152021,9.50,27.42,0.00
152031,9.25,27.63,0.00
152041,8.98,28.26,0.00
152051,8.70,28.62,0.00
152061,8.41,28.85,0.00
152071,8.13,28.67,0.00
152081,7.85,28.93,0.00
152091,7.58,28.79,0.00
152101,7.30,29.03,0.00
152111,7.02,29.24,0.00
152121,6.76,28.83,0.00
152131,6.48,29.46,0.00
152141,6.18,29.88,0.00
152151,5.90,29.67,0.00
152161,5.63,29.54,0.00
152171,5.34,30.09,0.00
152181,5.06,30.11,0.00
152191,4.79,29.98,0.00
152201,4.49,30.61,0.00
152211,4.22,30.33,0.00
152221,3.96,30.22,0.00
152231,3.68,30.63,0.00
152241,3.40,30.91,0.00
152251,3.12,31.03,0.00
152261,2.84,31.07,0.00
152271,2.58,30.71,0.00
152281,2.33,30.97,0.00
152291,2.07,31.07,0.00
152301,1.82,30.98,0.00
152311,1.58,30.97,0.00
152321,1.33,31.29,0.00
152331,1.10,31.11,0.00
152341,0.87,31.22,0.00
152351,0.65,31.11,0.00
152361,0.44,30.90,0.00
152371,0.23,31.19,0.00
152381,0.03,30.99,0.00
152391,-0.15,30.67,0.00
152401,-0.32,30.81,0.00
152411,-0.49,30.76,0.00
152421,-0.66,30.71,0.00
152431,-0.81,30.61,0.00
152441,-0.95,30.39,0.00
152451,-1.09,30.54,0.00
152461,-1.23,30.52,0.00
152471,-1.35,30.40,0.00
152481,-1.47,30.32,0.00
152491,-1.58,30.33,0.00
152501,-1.66,29.58,0.00
152511,-1.74,29.70,0.00
152521,-1.82,29.78,0.00
152531,-1.88,29.63,0.00
152541,-1.94,29.36,0.00
152551,-2.01,29.78,0.00
152561,-2.04,29.13,0.00
152571,-2.07,28.89,0.00
152581,-2.08,28.67,0.00
152591,-2.11,28.98,0.00
152601,-2.11,28.58,0.00
152611,-2.11,28.45,0.00
152621,-2.09,28.10,0.00
152631,-2.07,28.05,0.00
152641,-2.02,27.60,0.00
152651,-1.99,27.92,0.00
152661,-1.96,27.74,0.00
152671,-1.92,27.66,0.00
152681,-1.86,27.33,0.00
152691,-1.80,27.30,0.00
152701,-1.75,27.27,0.00
152711,-1.67,26.86,0.00
152721,-1.60,26.94,0.00
152731,-1.52,26.70,0.00
152741,-1.43,26.42,0.00
152751,-1.33,26.14,0.00
152761,-1.22,26.13,0.00
152771,-1.14,26.43,0.00
152781,-1.02,25.60,0.00
152791,-0.93,26.19,0.00
152801,-0.79,25.24,0.00
152811,-0.68,25.62,0.00
152821,-0.55,25.23,0.00
152831,-0.42,25.24,0.00
152841,-0.30,25.25,0.00
152851,-0.19,25.30,0.00
152861,-0.06,25.05,0.00
152871,0.08,24.63,0.00
152881,0.23,24.29,0.00
152891,0.37,24.48,0.00
152901,0.52,24.28,0.00
152911,0.64,24.65,0.00
152921,0.78,24.31,0.00
152931,0.92,23.97,0.00
152941,1.07,23.89,0.00
152951,1.23,23.69,0.00
152961,1.37,23.78,0.00
152971,1.51,23.67,0.00
152981,1.66,23.64,0.00
152991,1.80,23.57,0.00
153001,1.95,23.17,0.00
153011,2.11,23.06,0.00
153021,2.25,23.12,0.00
153031,2.40,23.01,0.00
153041,2.53,23.41,0.00
153051,2.66,23.13,0.00
153061,2.80,22.97,0.00
153071,2.93,22.86,0.00
153081,3.06,22.98,0.00
153091,3.16,23.40,0.00
153101,3.28,23.01,0.00
153111,3.39,23.01,0.00
153121,3.50,22.84,0.00
153131,3.63,22.61,0.00
153141,3.76,22.37,0.00
153151,3.84,23.17,0.00
153161,3.95,22.72,0.00
153171,4.03,23.05,0.00
153181,4.13,22.61,0.00
153191,4.21,23.01,0.00
153201,4.31,22.40,0.00
153211,4.40,22.68,0.00
153221,4.49,22.40,0.00
153231,4.57,22.72,0.00
153241,4.66,22.39,0.00
153251,4.74,22.46,0.00
153261,4.80,22.84,0.00
153271,4.85,23.03,0.00
153281,4.89,22.91,0.00
153291,4.94,22.99,0.00
153301,4.98,22.97,0.00
153311,5.02,22.81,0.00
153321,5.06,22.97,0.00
153331,5.12,22.47,0.00
153341,5.16,22.61,0.00
153351,5.19,23.01,0.00
153361,5.21,22.86,0.00
153371,5.23,23.16,0.00
153381,5.24,23.19,0.00
153391,5.24,23.31,0.00
153401,5.23,23.40,0.00
153411,5.21,23.66,0.00
153421,5.19,23.63,0.00
153431,5.17,23.60,0.00
153441,5.16,23.39,0.00
153451,5.13,23.78,0.00
153461,5.12,23.48,0.00
153471,5.09,23.70,0.00
153481,5.05,23.81,0.00
153491,5.00,24.29,0.00
153501,4.94,24.23,0.00
153511,4.88,24.32,0.00
153521,4.81,24.62,0.00
153531,4.75,24.30,0.00
153541,4.68,24.41,0.00
153551,4.63,24.29,0.00
153561,4.58,24.05,0.00
153571,4.51,24.52,0.00
153581,4.42,25.07,0.00
153591,4.35,24.46,0.00
153601,4.28,24.59,0.00
153611,4.21,24.70,0.00
153621,4.11,25.24,0.00
153631,4.02,25.14,0.00
153641,3.91,25.34,0.00
153651,3.82,25.28,0.00
153661,3.73,25.09,0.00
153671,3.64,25.21,0.00
153681,3.54,25.31,0.00
153691,3.45,25.26,0.00
153701,3.36,25.33,0.00
153711,3.26,25.51,0.00
153721,3.14,25.88,0.00
153731,3.05,25.53,0.00
153741,2.94,25.69,0.00
153751,2.84,25.70,0.00
153761,2.73,26.01,0.00
153771,2.64,25.59,0.00
153781,2.54,25.63,0.00
153791,2.43,26.14,0.00
153801,2.32,26.02,0.00
153811,2.21,26.14,0.00
153821,2.11,26.07,0.00
153831,2.01,26.02,0.00
153841,1.92,25.84,0.00
153851,1.81,26.23,0.00
153861,1.72,26.03,0.00
153871,1.62,26.25,0.00
153881,1.49,26.72,0.00
153891,1.39,26.38,0.00
153901,1.30,26.10,0.00
153911,1.23,25.92,0.00
153921,1.14,26.24,0.00
153931,1.02,26.86,0.00
153941,0.91,26.79,0.00
153951,0.80,26.86,0.00
153961,0.70,26.54,0.00
153971,0.62,26.42,0.00
153981,0.55,26.14,0.00
153991,0.47,26.35,0.00
154001,0.39,26.50,0.00
154011,0.30,26.60,0.00
154021,0.22,26.57,0.00
154031,0.14,26.54,0.00
154041,0.07,26.42,0.00
154051,0.02,26.11,0.00
154061,-0.06,26.50,0.00
154071,-0.13,26.64,0.00
154081,-0.20,26.47,0.00
154091,-0.26,26.40,0.00
154101,-0.31,26.39,0.00
154111,-0.38,26.50,0.00
154121,-0.42,26.29,0.00
154131,-0.47,26.25,0.00
154141,-0.53,26.54,0.00
154151,-0.56,26.11,0.00
154161,-0.59,25.98,0.00
154171,-0.62,26.05,0.00
154181,-0.65,26.01,0.00
154191,-0.69,26.21,0.00
154201,-0.71,25.96,0.00
154211,-0.71,25.52,0.00
154221,-0.71,25.59,0.00
154231,-0.71,25.41,0.00
154241,-0.73,25.88,0.00
154251,-0.72,25.51,0.00
154261,-0.72,25.44,0.00
154271,-0.71,25.33,0.00
154281,-0.68,24.98,0.00
154291,-0.67,25.28,0.00
154301,-0.65,25.19,0.00
154311,-0.64,25.23,0.00
154321,-0.60,24.71,0.00
154331,-0.59,25.25,0.00
154341,-0.55,24.67,0.00
154351,-0.53,25.13,0.00
154361,-0.50,24.92,0.00
154371,-0.48,25.01,0.00
154381,-0.46,24.97,0.00
154391,-0.42,24.72,0.00
154401,-0.40,24.94,0.00
154411,-0.37,24.84,0.00
154421,-0.33,24.61,0.00
154431,-0.29,24.45,0.00
154441,-0.23,24.21,0.00
154451,-0.16,23.89,0.00
154461,-0.11,24.11,0.00
154471,-0.06,24.31,0.00
154481,-0.02,24.27,0.00
154491,0.02,24.48,0.00
154501,0.05,24.46,0.00
154511,0.10,24.19,0.00
154521,0.16,23.97,0.00
154531,0.21,24.06,0.00
154541,0.26,23.95,0.00
154551,0.34,23.46,0.00
154561,0.40,23.73,0.00
154571,0.45,23.93,0.00
154581,0.51,23.72,0.00
154591,0.53,24.29,0.00
154601,0.58,24.00,0.00
154611,0.62,23.93,0.00
154621,0.69,23.35,0.00
154631,0.76,23.33,0.00
154641,0.84,23.03,0.00
154651,0.90,23.48,0.00
154661,0.94,23.71,0.00
154671,0.98,23.72,0.00
154681,1.03,23.52,0.00
154691,1.08,23.54,0.00
154701,1.14,23.16,0.00
154711,1.20,23.29,0.00
154721,1.24,23.65,0.00
154731,1.26,23.77,0.00
154741,1.32,23.21,0.00
154751,1.38,23.14,0.00
154761,1.44,23.02,0.00
154771,1.50,22.99,0.00
154781,1.52,23.66,0.00
154791,1.54,23.64,0.00
154801,1.57,23.53,0.00
154811,1.60,23.56,0.00
154821,1.64,23.22,0.00
154831,1.69,22.93,0.00
154841,1.74,22.99,0.00
154851,1.78,23.21,0.00
154861,1.80,23.44,0.00
154871,1.83,23.30,0.00
154881,1.87,23.00,0.00
154891,1.90,23.35,0.00
154901,1.93,23.13,0.00
154911,1.96,23.19,0.00
154921,1.98,23.31,0.00
154931,2.00,23.23,0.00
154941,2.03,23.19,0.00
154951,2.05,23.23,0.00
154961,2.06,23.36,0.00
154971,2.06,23.57,0.00
154981,2.05,23.87,0.00
154991,2.04,23.81,0.00
155001,2.03,23.77,0.00
155011,2.03,23.54,0.00
155021,2.05,23.25,0.00
155031,2.05,23.52,0.00
155041,2.05,23.48,0.00
155051,2.05,23.50,0.00
155061,2.05,23.57,0.00
155071,2.05,23.35,0.00
155081,2.06,23.38,0.00
155091,2.05,23.57,0.00
155101,2.03,23.89,0.00
155111,2.00,23.95,0.00
155121,1.99,23.76,0.00
155131,1.98,23.66,0.00
155141,1.98,23.45,0.00
155151,1.97,23.57,0.00
155161,1.95,23.88,0.00
155171,1.92,24.02,0.00
155181,1.89,23.89,0.00
155191,1.88,23.78,0.00
155201,1.86,23.69,0.00
155211,1.85,23.69,0.00
155221,1.84,23.52,0.00
155231,1.83,23.60,0.00
155241,1.82,23.72,0.00
155251,1.79,23.85,0.00
155261,1.78,23.59,0.00
155271,1.78,23.54,0.00
155281,1.76,23.78,0.00
155291,1.75,23.48,0.00
155301,1.73,23.74,0.00
155311,1.71,23.85,0.00
155321,1.67,24.23,0.00
155331,1.63,24.06,0.00
155341,1.61,23.86,0.00
155351,1.58,24.09,0.00
155361,1.57,23.60,0.00
155371,1.55,23.86,0.00
155381,1.51,24.11,0.00
155391,1.48,24.02,0.00
155401,1.44,24.27,0.00
155411,1.39,24.45,0.00
155421,1.35,24.32,0.00
155431,1.30,24.36,0.00
155441,1.27,24.11,0.00
155451,1.25,24.05,0.00
155461,1.22,23.99,0.00
155471,1.20,23.97,0.00
155481,1.18,23.95,0.00
155491,1.15,24.07,0.00
155501,1.10,24.68,0.00
155511,1.05,24.48,0.00
155521,1.02,24.15,0.00
155531,1.00,23.94,0.00
155541,0.97,24.21,0.00
155551,0.96,23.86,0.00
155561,0.95,23.89,0.00
155571,0.94,23.74,0.00
155581,0.92,23.96,0.00
155591,0.91,23.78,0.00
155601,0.90,23.88,0.00
155611,0.87,24.28,0.00
155621,0.84,24.11,0.00
155631,0.83,23.85,0.00
155641,0.81,24.06,0.00
155651,0.80,23.82,0.00
155661,0.78,23.94,0.00
155671,0.77,23.86,0.00
155681,0.76,23.95,0.00
155691,0.74,24.10,0.00
155701,0.70,24.39,0.00
155711,0.68,23.98,0.00
155721,0.66,24.14,0.00
155731,0.62,24.58,0.00
155741,0.59,24.31,0.00
155751,0.55,24.48,0.00
155761,0.52,24.31,0.00
155771,0.49,24.29,0.00
155781,0.46,24.49,0.00
155791,0.42,24.47,0.00
155801,0.38,24.79,0.00
155811,0.34,24.51,0.00
155821,0.31,24.44,0.00
155831,0.30,24.08,0.00
155841,0.28,24.27,0.00
155851,0.21,25.29,0.00
155861,0.20,24.15,0.00
155871,0.17,24.53,0.00
155881,0.13,24.65,0.00
155891,0.09,24.92,0.00
155901,0.04,24.83,0.00
155911,-0.01,25.11,0.00
155921,-0.07,25.27,0.00
155931,-0.12,25.01,0.00
155941,-0.17,25.29,0.00
155951,-0.22,24.98,0.00
155961,-0.26,25.01,0.00
155971,-0.31,25.27,0.00
155981,-0.36,25.13,0.00
155991,-0.41,25.29,0.00
156001,-0.46,25.44,0.00
156011,-0.52,25.39,0.00
156021,-0.57,25.52,0.00
156031,-0.62,25.41,0.00
156041,-0.69,25.83,0.00
156051,-0.75,25.71,0.00
156061,-0.81,25.70,0.00
156071,-0.86,25.60,0.00
156081,-0.92,25.65,0.00
156091,-0.98,25.81,0.00
156101,-1.04,26.06,0.00
156111,-1.11,26.05,0.00
156121,-1.17,26.04,0.00
156131,-1.23,26.01,0.00
156141,-1.30,26.16,0.00
156151,-1.36,26.16,0.00
156161,-1.42,26.23,0.00
156171,-1.48,26.25,0.00
156181,-1.55,26.31,0.00
156191,-1.61,26.36,0.00
156201,-1.68,26.52,0.00
156211,-1.75,26.60,0.00
156221,-1.82,26.64,0.00
156231,-1.89,26.67,0.00
156241,-1.95,26.61,0.00
156251,-2.01,26.58,0.00
156261,-2.07,26.65,0.00
156271,-2.13,26.75,0.00
156281,-2.19,26.80,0.00
156291,-2.26,26.84,0.00
156301,-2.32,26.91,0.00
156311,-2.38,26.99,0.00
156321,-2.45,27.01,0.00
156331,-2.51,27.03,0.00
156341,-2.57,27.09,0.00
156351,-2.63,27.05,0.00
156361,-2.68,27.09,0.00
156371,-2.73,27.04,0.00
156381,-2.79,27.12,0.00
156391,-2.84,27.20,0.00
156401,-2.90,27.32,0.00
156411,-2.95,27.26,0.00
156421,-3.01,27.38,0.00
156431,-3.06,27.37,0.00
156441,-3.11,27.47,0.00
156451,-3.16,27.39,0.00
156461,-3.21,27.40,0.00
156471,-3.25,27.36,0.00
156481,-3.29,27.40,0.00
156491,-3.34,27.48,0.00
156501,-3.38,27.50,0.00
156511,-3.43,27.61,0.00
156521,-3.47,27.65,0.00
156531,-3.52,27.71,0.00
156541,-3.56,27.70,0.00
156551,-3.60,27.66,0.00
156561,-3.63,27.67,0.00
156571,-3.67,27.59,0.00
156581,-3.70,27.65,0.00
156591,-3.72,27.63,0.00
156601,-3.76,27.75,0.00
156611,-3.79,27.73,0.00
156621,-3.81,27.77,0.00
156631,-3.84,27.77,0.00
156641,-3.86,27.72,0.00
156651,-3.89,27.75,0.00
156661,-3.91,27.79,0.00
156671,-3.92,27.69,0.00
156681,-3.94,27.67,0.00
156691,-3.95,27.76,0.00
156701,-3.96,27.74,0.00
156711,-3.98,27.81,0.00
156721,-3.99,27.82,0.00
156731,-4.00,27.79,0.00
156741,-4.01,27.74,0.00
156751,-4.02,27.79,0.00
156761,-4.02,27.78,0.00
156771,-4.02,27.75,0.00
156781,-4.02,27.71,0.00
156791,-4.02,27.72,0.00
156801,-4.02,27.72,0.00
156811,-4.01,27.73,0.00
156821,-4.01,27.77,0.00
156831,-4.00,27.74,0.00
156841,-4.00,27.81,0.00
156851,-3.99,27.71,0.00
156861,-3.98,27.74,0.00
156871,-3.97,27.66,0.00
156881,-3.96,27.69,0.00
156891,-3.94,27.68,0.00
156901,-3.93,27.68,0.00
156911,-3.91,27.69,0.00
156921,-3.89,27.69,0.00
156931,-3.88,27.78,0.00
156941,-3.86,27.72,0.00
156951,-3.84,27.71,0.00
156961,-3.82,27.65,0.00
156971,-3.80,27.67,0.00
156981,-3.78,27.71,0.00
156991,-3.76,27.69,0.00
157001,-3.74,27.71,0.00
157011,-3.72,27.74,0.00
157021,-3.70,27.73,0.00
157031,-3.68,27.82,0.00
157041,-3.66,27.78,0.00
157051,-3.64,27.83,0.00
157061,-3.62,27.83,0.00
157071,-3.60,27.81,0.00
157081,-3.58,27.83,0.00
157091,-3.56,27.80,0.00
157101,-3.53,27.85,0.00
157111,-3.52,27.91,0.00
157121,-3.50,27.97,0.00
157131,-3.49,28.01,0.00
157141,-3.47,28.01,0.00
157151,-3.45,28.00,0.00
157161,-3.44,28.01,0.00
157171,-3.42,27.99,0.00
157181,-3.40,27.99,0.00
157191,-3.38,27.97,0.00
157201,-3.36,28.05,0.00
157211,-3.35,28.08,0.00
157221,-3.33,28.12,0.00
157231,-3.32,28.21,0.00
157241,-3.31,28.29,0.00
157251,-3.30,28.19,0.00
157261,-3.28,28.22,0.00
157271,-3.27,28.24,0.00
157281,-3.26,28.24,0.00
157291,-3.25,28.29,0.00
157301,-3.23,28.29,0.00
157311,-3.22,28.34,0.00
157321,-3.21,28.32,0.00
157331,-3.20,28.39,0.00
157341,-3.19,28.46,0.00
157351,-3.18,28.38,0.00
157361,-3.18,28.48,0.00
157371,-3.17,28.47,0.00
157381,-3.16,28.46,0.00
157391,-3.15,28.49,0.00
157401,-3.14,28.56,0.00
157411,-3.13,28.60,0.00
157421,-3.13,28.63,0.00
157431,-3.12,28.61,0.00
157441,-3.12,28.73,0.00
157451,-3.12,28.76,0.00
157461,-3.12,28.78,0.00
157471,-3.12,28.77,0.00
157481,-3.11,28.78,0.00
157491,-3.11,28.78,0.00
157501,-3.10,28.82,0.00
157511,-3.10,28.87,0.00
157521,-3.10,28.91,0.00
157531,-3.10,28.95,0.00
157541,-3.10,29.00,0.00
157551,-3.11,29.02,0.00
157561,-3.11,29.02,0.00
157571,-3.11,29.04,0.00
157581,-3.11,29.03,0.00
157591,-3.11,29.08,0.00
157601,-3.11,29.15,0.00
157611,-3.12,29.22,0.00
157621,-3.12,29.24,0.00
157631,-3.13,29.29,0.00
157641,-3.13,29.23,0.00
157651,-3.13,29.31,0.00
157661,-3.14,29.31,0.00
157671,-3.14,29.32,0.00
157681,-3.14,29.30,0.00
157691,-3.15,29.36,0.00
157701,-3.15,29.36,0.00
157711,-3.15,29.43,0.00
157721,-3.15,29.43,0.00
157731,-3.16,29.50,0.00
157741,-3.17,29.57,0.00
157751,-3.17,29.56,0.00
157761,-3.18,29.55,0.00
157771,-3.18,29.54,0.00
157781,-3.18,29.53,0.00
157791,-3.18,29.52,0.00
157801,-3.18,29.50,0.00
157811,-3.18,29.62,0.00
157821,-3.19,29.69,0.00
157831,-3.19,29.68,0.00
157841,-3.19,29.67,0.00
157851,-3.19,29.73,0.00
157861,-3.20,29.75,0.00
157871,-3.19,29.67,0.00
157881,-3.19,29.71,0.00
157891,-3.19,29.68,0.00
157901,-3.19,29.67,0.00
157911,-3.18,29.71,0.00
157921,-3.18,29.77,0.00
157931,-3.18,29.84,0.00
157941,-3.18,29.88,0.00
157951,-3.18,29.87,0.00
157961,-3.18,29.89,0.00
157971,-3.18,29.89,0.00
157981,-3.18,29.88,0.00
157991,-3.17,29.88,0.00
158001,-3.17,29.90,0.00
158011,-3.17,29.93,0.00
158021,-3.17,29.99,0.00
158031,-3.17,30.07,0.00
158041,-3.17,30.04,0.00
158051,-3.17,30.06,0.00
158061,-3.17,30.11,0.00
158071,-3.17,30.16,0.00
158081,-3.17,30.13,0.00
158091,-3.17,30.09,0.00
158101,-3.17,30.12,0.00
158111,-3.17,30.20,0.00
158121,-3.16,30.19,0.00
158131,-3.16,30.21,0.00
158141,-3.16,30.25,0.00
158151,-3.16,30.30,0.00
158161,-3.17,30.38,0.00
158171,-3.17,30.33,0.00
158181,-3.17,30.33,0.00
158191,-3.17,30.35,0.00
158201,-3.16,30.36,0.00
158211,-3.16,30.39,0.00
158221,-3.17,30.46,0.00
158231,-3.17,30.48,0.00
158241,-3.17,30.55,0.00
158251,-3.17,30.55,0.00
158261,-3.18,30.57,0.00
158271,-3.18,30.58,0.00
158281,-3.18,30.60,0.00
158291,-3.18,30.59,0.00
158301,-3.18,30.58,0.00
158311,-3.18,30.58,0.00
158321,-3.18,30.68,0.00
158331,-3.18,30.68,0.00
158341,-3.18,30.69,0.00
158351,-3.18,30.75,0.00
158361,-3.18,30.81,0.00
158371,-3.19,30.82,0.00
158381,-3.19,30.74,0.00
158391,-3.19,30.80,0.00
158401,-3.18,30.71,0.00
158411,-3.18,30.81,0.00
158421,-3.17,30.76,0.00
158431,-3.17,30.81,0.00
158441,-3.17,30.86,0.00
158451,-3.17,30.92,0.00
158461,-3.17,31.00,0.00
158471,-3.17,30.97,0.00
158481,-3.17,30.98,0.00
158491,-3.18,31.04,0.00
158501,-3.17,30.96,0.00
158511,-3.17,31.02,0.00
158521,-3.17,31.08,0.00
158531,-3.17,31.08,0.00
158541,-3.17,31.12,0.00
158551,-3.17,31.14,0.00
158561,-3.17,31.13,0.00
158571,-3.17,31.19,0.00
158581,-3.17,31.19,0.00
158591,-3.17,31.19,0.00
158601,-3.17,31.20,0.00
158611,-3.17,31.16,0.00
158621,-3.16,31.25,0.00
158631,-3.17,31.33,0.00
158641,-3.17,31.33,0.00
158651,-3.17,31.37,0.00
158661,-3.17,31.37,0.00
158671,-3.17,31.38,0.00
158681,-3.17,31.40,0.00
158691,-3.17,31.40,0.00
158701,-3.16,31.34,0.00
158711,-3.16,31.40,0.00
158721,-3.16,31.44,0.00
158731,-3.16,31.51,0.00
158741,-3.16,31.52,0.00
158751,-3.16,31.54,0.00
158761,-3.16,31.61,0.00
158771,-3.16,31.63,0.00
158781,-3.16,31.58,0.00
158791,-3.16,31.59,0.00
158801,-3.16,31.56,0.00
158811,-3.15,31.64,0.00
158821,-3.15,31.63,0.00
158831,-3.15,31.68,0.00
158841,-3.15,31.78,0.00
158851,-3.16,31.80,0.00
158861,-3.16,31.85,0.00
158871,-3.16,31.79,0.00
158881,-3.16,31.85,0.00
158891,-3.16,31.81,0.00
158901,-3.16,31.83,0.00
158911,-3.16,31.85,0.00
158921,-3.16,31.90,0.00
158931,-3.16,31.91,0.00
158941,-3.16,32.00,0.00
158951,-3.16,32.00,0.00
158961,-3.16,32.00,0.00
158971,-3.16,32.00,0.00
158981,-3.16,32.01,0.00
158991,-3.16,32.03,0.00
159001,-3.16,32.03,0.00
159011,-3.16,32.12,0.00
159021,-3.16,32.10,0.00
159031,-3.16,32.19,0.00
159041,-3.16,32.15,0.00
159051,-3.16,32.22,0.00
159061,-3.17,32.28,0.00
159071,-3.17,32.30,0.00
159081,-3.17,32.22,0.00
159091,-3.17,32.27,0.00
159101,-3.17,32.27,0.00
159111,-3.17,32.28,0.00
159121,-3.17,32.31,0.00
159131,-3.17,32.32,0.00
159141,-3.17,32.34,0.00
159151,-3.17,32.40,0.00
159161,-3.17,32.45,0.00
159171,-3.17,32.44,0.00
159181,-3.17,32.49,0.00
159191,-3.17,32.46,0.00
159201,-3.17,32.49,0.00
159211,-3.17,32.51,0.00
159221,-3.17,32.51,0.00
159231,-3.17,32.59,0.00
159241,-3.17,32.58,0.00
159251,-3.17,32.62,0.00
159261,-3.17,32.62,0.00
159271,-3.17,32.68,0.00
159281,-3.18,32.76,0.00
159291,-3.18,32.70,0.00
159301,-3.18,32.74,0.00
159311,-3.18,32.70,0.00
159321,-3.18,32.73,0.00
159331,-3.17,32.69,0.00
159341,-3.17,32.81,0.00
159351,-3.18,32.86,0.00
159361,-3.18,32.83,0.00
159371,-3.18,32.88,0.00
159381,-3.18,32.88,0.00
159391,-3.18,32.92,0.00
159401,-3.18,32.93,0.00
159411,-3.18,32.96,0.00
159421,-3.18,32.93,0.00
159431,-3.18,32.97,0.00
159441,-3.18,32.98,0.00
159451,-3.18,33.01,0.00
159461,-3.18,33.08,0.00
159471,-3.18,33.10,0.00
159481,-3.18,33.11,0.00
159491,-3.18,33.14,0.00
159501,-3.18,33.12,0.00
159511,-3.18,33.07,0.00
159521,-3.17,33.10,0.00
159531,-3.17,33.12,0.00
159541,-3.17,33.15,0.00
159551,-3.17,33.22,0.00
159561,-3.17,33.25,0.00
159571,-3.17,33.32,0.00
159581,-3.17,33.35,0.00
159591,-3.17,33.37,0.00
159601,-3.17,33.37,0.00
159611,-3.17,33.32,0.00
159621,-3.17,33.35,0.00
159631,-3.17,33.43,0.00
159641,-3.17,33.47,0.00
159651,-3.18,33.49,0.00
159661,-3.18,33.48,0.00
159671,-3.18,33.50,0.00
159681,-3.18,33.49,0.00
159691,-3.18,33.54,0.00
159701,-3.18,33.58,0.00
159711,-3.18,33.59,0.00
159721,-3.18,33.59,0.00
159731,-3.18,33.59,0.00
159741,-3.18,33.62,0.00
159751,-3.18,33.69,0.00
159761,-3.18,33.74,0.00
159771,-3.19,33.82,0.00
159781,-3.19,33.73,0.00
159791,-3.19,33.74,0.00
159801,-3.19,33.75,0.00
159811,-3.18,33.77,0.00
159821,-3.18,33.80,0.00
159831,-3.18,33.82,0.00
159841,-3.18,33.79,0.00
159851,-3.18,33.86,0.00
159861,-3.18,33.88,0.00
159871,-3.18,33.92,0.00
159881,-3.18,33.92,0.00
159891,-3.18,33.90,0.00
159901,-3.17,33.95,0.00
159911,-3.17,33.98,0.00
159921,-3.17,34.01,0.00
159931,-3.17,34.03,0.00
159941,-3.17,34.03,0.00
159951,-3.17,34.06,0.00
159961,-3.17,34.12,0.00
159971,-3.17,34.16,0.00
159981,-3.17,34.14,0.00
159991,-3.18,34.21,0.00
160001,-3.18,34.18,0.00
160011,-3.18,34.20,0.00
160021,-3.18,34.24,0.00
160031,-3.18,34.30,0.00
160041,-3.18,34.27,0.00
160051,-3.18,34.33,0.00
160061,-3.18,34.32,0.00
160071,-3.18,34.33,0.00
160081,-3.18,34.38,0.00
160091,-3.18,34.40,0.00
160101,-3.18,34.40,0.00
160111,-3.18,34.33,0.00
160121,-3.18,34.42,0.00
160131,-3.18,34.46,0.00
160141,-3.18,34.51,0.00
160151,-3.18,34.49,0.00
160161,-3.18,34.53,0.00
160171,-3.18,34.52,0.00
160181,-3.18,34.57,0.00
160191,-3.18,34.58,0.00
160201,-3.18,34.61,0.00
160211,-3.18,34.62,0.00
160221,-3.18,34.67,0.00
160231,-3.18,34.71,0.00
160241,-3.18,34.67,0.00
160251,-3.17,34.66,0.00
160261,-3.17,34.73,0.00
160271,-3.18,34.80,0.00
160281,-3.18,34.80,0.00
160291,-3.18,34.82,0.00
160301,-3.18,34.80,0.00
160311,-3.18,34.82,0.00
160321,-3.18,34.86,0.00
160331,-3.18,34.87,0.00
160341,-3.17,34.88,0.00
160351,-3.18,34.95,0.00
160361,-3.18,34.96,0.00
160371,-3.18,34.97,0.00
160381,-3.18,34.99,0.00
160391,-3.18,35.04,0.00
160401,-3.18,35.04,0.00
160411,-3.18,35.01,0.00
160421,-3.17,35.03,0.00
160431,-3.17,35.09,0.00
160441,-3.17,35.11,0.00
160451,-3.17,35.13,0.00
160461,-3.17,35.15,0.00
160471,-3.17,35.14,0.00
160481,-3.17,35.21,0.00
160491,-3.17,35.23,0.00
160501,-3.17,35.22,0.00
160511,-3.17,35.26,0.00
160521,-3.17,35.25,0.00
160531,-3.17,35.27,0.00
160541,-3.17,35.30,0.00
160551,-3.17,35.35,0.00
160561,-3.17,35.36,0.00
160571,-3.17,35.40,0.00
160581,-3.17,35.42,0.00
160591,-3.17,35.45,0.00
160601,-3.17,35.40,0.00
160611,-3.17,35.49,0.00
160621,-3.17,35.51,0.00
160631,-3.17,35.52,0.00
160641,-3.17,35.52,0.00
160651,-3.17,35.54,0.00
160661,-3.17,35.57,0.00
160671,-3.17,35.58,0.00
160681,-3.17,35.63,0.00
160691,-3.17,35.65,0.00
160701,-3.17,35.64,0.00
160711,-3.17,35.70,0.00
160721,-3.17,35.67,0.00
160731,-3.17,35.71,0.00
160741,-3.17,35.81,0.00
160751,-3.17,35.83,0.00
160761,-3.18,35.83,0.00
160771,-3.17,35.78,0.00
160781,-3.17,35.84,0.00
160791,-3.17,35.80,0.00
160801,-3.17,35.86,0.00
160811,-3.17,35.85,0.00
160821,-3.17,35.90,0.00
160831,-3.17,35.92,0.00
160841,-3.17,35.93,0.00
160851,-3.17,36.00,0.00
160861,-3.17,36.00,0.00
160871,-3.17,36.04,0.00
160881,-3.17,36.04,0.00
160891,-3.17,36.03,0.00
160901,-3.17,36.10,0.00
160911,-3.17,36.05,0.00
160921,-3.17,36.13,0.00
160931,-3.17,36.15,0.00
160941,-3.17,36.15,0.00
160951,-3.17,36.16,0.00
160961,-3.17,36.20,0.00
160971,-3.17,36.25,0.00
160981,-3.17,36.27,0.00
160991,-3.17,36.26,0.00
161001,-3.16,36.22,0.00
161011,-3.16,36.25,0.00
161021,-3.16,36.26,0.00
161031,-3.16,36.31,0.00
161041,-3.15,36.29,0.00
161051,-3.16,36.45,0.00
161061,-3.16,36.42,0.00
161071,-3.15,36.40,0.00
161081,-3.16,36.46,0.00
161091,-3.16,36.47,0.00
161101,-3.16,36.53,0.00
161111,-3.16,36.51,0.00
161121,-3.16,36.57,0.00
161131,-3.16,36.61,0.00
161141,-3.16,36.58,0.00
161151,-3.16,36.56,0.00
161161,-3.16,36.60,0.00
161171,-3.16,36.68,0.00
161181,-3.16,36.67,0.00
161191,-3.16,36.71,0.00
161201,-3.16,36.72,0.00
161211,-3.16,36.67,0.00
161221,-3.16,36.69,0.00
161231,-3.15,36.72,0.00
161241,-3.15,36.80,0.00
161251,-3.15,36.80,0.00
161261,-3.15,36.84,0.00
161271,-3.16,36.87,0.00
161281,-3.15,36.86,0.00
161291,-3.15,36.89,0.00
161301,-3.15,36.87,0.00
161311,-3.15,36.87,0.00
161321,-3.15,36.88,0.00
161331,-3.14,36.93,0.00
161341,-3.15,37.05,0.00
161351,-3.15,37.04,0.00
161361,-3.15,37.03,0.00
161371,-3.15,37.10,0.00
161381,-3.15,37.09,0.00
161391,-3.15,37.09,0.00
161401,-3.15,37.15,0.00
161411,-3.15,37.14,0.00
161421,-3.15,37.15,0.00
161431,-3.15,37.15,0.00
161441,-3.15,37.22,0.00
161451,-3.15,37.25,0.00
161461,-3.15,37.29,0.00
161471,-3.16,37.29,0.00
161481,-3.15,37.25,0.00
161491,-3.15,37.32,0.00
161501,-3.15,37.32,0.00
161511,-3.15,37.35,0.00
161521,-3.15,37.39,0.00
161531,-3.16,37.40,0.00
161541,-3.16,37.43,0.00
161551,-3.16,37.42,0.00
161561,-3.15,37.42,0.00
161571,-3.15,37.46,0.00
161581,-3.16,37.56,0.00
161591,-3.16,37.55,0.00
161601,-3.15,37.48,0.00
161611,-3.15,37.50,0.00
161621,-3.15,37.60,0.00
161631,-3.15,37.57,0.00
161641,-3.15,37.63,0.00
161651,-3.15,37.63,0.00
161661,-3.15,37.71,0.00
161671,-3.15,37.69,0.00
161681,-3.15,37.72,0.00
161691,-3.15,37.70,0.00
161701,-3.15,37.76,0.00
161711,-3.15,37.72,0.00
161721,-3.15,37.78,0.00
161731,-3.15,37.76,0.00
161741,-3.15,37.86,0.00
161751,-3.15,37.84,0.00
161761,-3.15,37.91,0.00
161771,-3.15,37.91,0.00
161781,-3.15,37.90,0.00
161791,-3.15,37.98,0.00
161801,-3.15,37.91,0.00
161811,-3.15,37.91,0.00
161821,-3.15,37.99,0.00
161831,-3.14,38.00,0.00
161841,-3.14,38.02,0.00
161851,-3.14,38.05,0.00
161861,-3.14,38.04,0.00
161871,-3.14,38.09,0.00
161881,-3.14,38.17,0.00
161891,-3.15,38.24,0.00
161901,-3.15,38.17,0.00
161911,-3.15,38.19,0.00
161921,-3.15,38.22,0.00
161931,-3.15,38.24,0.00
161941,-3.15,38.24,0.00
161951,-3.15,38.22,0.00
161961,-3.15,38.28,0.00
161971,-3.15,38.32,0.00
161981,-3.15,38.32,0.00
161991,-3.15,38.39,0.00
162001,-3.15,38.41,0.00
162011,-3.15,38.38,0.00
162021,-3.15,38.36,0.00
162031,-3.15,38.42,0.00
162041,-3.15,38.51,0.00
162051,-3.15,38.44,0.00
162061,-3.15,38.50,0.00
162071,-3.14,38.46,0.00
162081,-3.14,38.52,0.00
162091,-3.14,38.60,0.00
162101,-3.15,38.64,0.00
162111,-3.15,38.63,0.00
162121,-3.15,38.63,0.00
162131,-3.15,38.65,0.00
162141,-3.15,38.64,0.00
162151,-3.15,38.67,0.00
162161,-3.14,38.67,0.00
162171,-3.14,38.71,0.00
162181,-3.14,38.73,0.00
162191,-3.14,38.74,0.00
162201,-3.14,38.76,0.00
162211,-3.14,38.79,0.00
162221,-3.14,38.82,0.00
162231,-3.14,38.80,0.00
162241,-3.14,38.88,0.00
162251,-3.13,38.83,0.00
162261,-3.13,38.91,0.00
162271,-3.13,38.89,0.00
162281,-3.13,38.95,0.00
162291,-3.13,38.99,0.00
162301,-3.13,39.03,0.00
162311,-3.14,39.06,0.00
162321,-3.14,39.07,0.00
162331,-3.13,38.99,0.00
162341,-3.14,39.09,0.00
162351,-3.14,39.14,0.00
162361,-3.14,39.15,0.00
162371,-3.14,39.17,0.00
162381,-3.14,39.17,0.00
162391,-3.14,39.21,0.00
162401,-3.14,39.21,0.00
162411,-3.14,39.20,0.00
162421,-3.14,39.25,0.00
162431,-3.14,39.23,0.00
162441,-3.14,39.28,0.00
162451,-3.14,39.27,0.00
162461,-3.14,39.32,0.00
162471,-3.14,39.37,0.00
162481,-3.14,39.38,0.00
162491,-3.14,39.45,0.00
162501,-3.14,39.45,0.00
162511,-3.14,39.45,0.00
162521,-3.14,39.42,0.00
162531,-3.14,39.45,0.00
162541,-3.14,39.51,0.00
162551,-3.14,39.52,0.00
162561,-3.14,39.57,0.00
162571,-3.14,39.58,0.00
162581,-3.14,39.63,0.00
162591,-3.14,39.60,0.00
162601,-3.14,39.62,0.00
162611,-3.14,39.60,0.00
162621,-3.14,39.68,0.00
162631,-3.14,39.68,0.00
162641,-3.14,39.74,0.00
162651,-3.15,39.74,0.00
162661,-3.15,39.76,0.00
162671,-3.15,39.78,0.00
162681,-3.15,39.78,0.00
162691,-3.15,39.82,0.00
162701,-3.14,39.78,0.00
162711,-3.14,39.84,0.00
162721,-3.14,39.84,0.00
162731,-3.14,39.90,0.00
162741,-3.14,39.89,0.00
162751,-3.14,39.93,0.00
162761,-3.14,39.94,0.00
162771,-3.14,39.97,0.00
162781,-3.14,39.99,0.00
162791,-3.14,40.05,0.00
162801,-3.14,40.05,0.00
162811,-3.14,40.05,0.00
162821,-3.14,40.18,0.00
162831,-3.15,40.14,0.00
162841,-3.14,40.09,0.00
162851,-3.14,40.15,0.00
162861,-3.15,40.22,0.00
162871,-3.15,40.22,0.00
162881,-3.15,40.24,0.00
162891,-3.15,40.25,0.00
162901,-3.15,40.26,0.00
162911,-3.15,40.31,0.00
162921,-3.15,40.29,0.00
162931,-3.15,40.30,0.00
162941,-3.15,40.34,0.00
162951,-3.15,40.39,0.00
162961,-3.15,40.44,0.00
162971,-3.15,40.40,0.00
162981,-3.15,40.38,0.00
162991,-3.15,40.46,0.00
163001,-3.15,40.47,0.00
163011,-3.15,40.46,0.00
163021,-3.15,40.46,0.00
163031,-3.15,40.57,0.00
163041,-3.15,40.56,0.00
163051,-3.15,40.54,0.00
163061,-3.15,40.62,0.00
163071,-3.15,40.61,0.00
163081,-3.15,40.59,0.00
163091,-3.15,40.66,0.00
163101,-3.15,40.70,0.00
163111,-3.15,40.71,0.00
163121,-3.15,40.73,0.00
163131,-3.15,40.75,0.00
163141,-3.15,40.74,0.00
163151,-3.15,40.84,0.00
163161,-3.16,40.81,0.00
163171,-3.16,40.92,0.00
163181,-3.16,40.92,0.00
163191,-3.16,40.87,0.00
163201,-3.16,40.92,0.00
163211,-3.17,40.93,0.00
163221,-3.17,40.95,0.00
163231,-3.17,40.96,0.00
163241,-3.17,41.01,0.00
163251,-3.17,41.02,0.00
163261,-3.17,41.04,0.00
163271,-3.17,41.04,0.00
163281,-3.17,41.01,0.00
163291,-3.17,41.05,0.00
163301,-3.17,41.11,0.00
163311,-3.17,41.14,0.00
163321,-3.17,41.14,0.00
163331,-3.17,41.22,0.00
163341,-3.17,41.21,0.00
163351,-3.17,41.22,0.00
163361,-3.17,41.20,0.00
163371,-3.17,41.24,0.00
163381,-3.17,41.29,0.00
163391,-3.17,41.35,0.00
163401,-3.17,41.31,0.00
163411,-3.17,41.32,0.00
163421,-3.17,41.36,0.00
163431,-3.17,41.43,0.00
163441,-3.17,41.44,0.00
163451,-3.17,41.43,0.00
163461,-3.18,41.47,0.00
163471,-3.17,41.45,0.00
163481,-3.18,41.52,0.00
163491,-3.18,41.50,0.00
163501,-3.18,41.55,0.00
163511,-3.18,41.58,0.00
163521,-3.18,41.57,0.00
163531,-3.18,41.55,0.00
163541,-3.18,41.64,0.00
163551,-3.17,41.59,0.00
163561,-3.17,41.62,0.00
163571,-3.17,41.71,0.00
163581,-3.18,41.72,0.00
163591,-3.18,41.77,0.00
163601,-3.18,41.73,0.00
163611,-3.18,41.78,0.00
163621,-3.18,41.79,0.00
163631,-3.18,41.79,0.00
163641,-3.18,41.80,0.00
163651,-3.18,41.88,0.00
163661,-3.18,41.91,0.00
163671,-3.18,41.88,0.00
163681,-3.18,41.88,0.00
163691,-3.17,41.83,0.00
163701,-3.17,41.93,0.00
163711,-3.17,41.96,0.00
163721,-3.17,41.97,0.00
163731,-3.17,42.02,0.00
163741,-3.17,42.02,0.00
163751,-3.16,41.97,0.00
163761,-3.16,42.02,0.00
163771,-3.16,42.07,0.00
163781,-3.16,42.15,0.00
163791,-3.16,42.15,0.00
163801,-3.16,42.17,0.00
163811,-3.17,42.21,0.00
163821,-3.16,42.16,0.00
163831,-3.17,42.27,0.00
163841,-3.17,42.25,0.00
163851,-3.17,42.24,0.00
163861,-3.17,42.29,0.00
163871,-3.17,42.35,0.00
163881,-3.17,42.29,0.00
163891,-3.17,42.41,0.00
163901,-3.17,42.44,0.00
163911,-3.18,42.48,0.00
163921,-3.18,42.44,0.00
163931,-3.18,42.44,0.00
163941,-3.18,42.50,0.00
163951,-3.18,42.45,0.00
163961,-3.18,42.54,0.00
163971,-3.18,42.54,0.00
163981,-3.18,42.57,0.00
163991,-3.18,42.55,0.00
164001,-3.18,42.54,0.00
164011,-3.18,42.62,0.00
164021,-3.18,42.64,0.00
164031,-3.18,42.63,0.00
164041,-3.18,42.63,0.00
164051,-3.18,42.68,0.00
164061,-3.18,42.74,0.00
164071,-3.18,42.72,0.00
164081,-3.17,42.71,0.00
164091,-3.17,42.78,0.00
164101,-3.17,42.80,0.00
164111,-3.18,42.86,0.00
164121,-3.18,42.90,0.00
164131,-3.18,42.92,0.00
164141,-3.18,42.87,0.00
164151,-3.18,42.97,0.00
164161,-3.18,42.92,0.00
164171,-3.18,42.90,0.00
164181,-3.18,43.00,0.00
164191,-3.19,43.02,0.00
164201,-3.19,43.08,0.00
164211,-3.19,43.02,0.00
164221,-3.19,43.05,0.00
164231,-3.19,43.11,0.00
164241,-3.19,43.07,0.00
164251,-3.18,43.05,0.00
164261,-3.18,43.06,0.00
164271,-3.18,43.08,0.00
164281,-3.17,43.15,0.00
164291,-3.17,43.19,0.00
164301,-3.17,43.21,0.00
164311,-3.17,43.25,0.00
164321,-3.18,43.28,0.00
164331,-3.18,43.31,0.00
164341,-3.18,43.27,0.00
164351,-3.17,43.30,0.00
164361,-3.17,43.31,0.00
164371,-3.17,43.33,0.00
164381,-3.17,43.43,0.00
164391,-3.17,43.45,0.00
164401,-3.18,43.45,0.00
164411,-3.17,43.43,0.00
164421,-3.17,43.47,0.00
164431,-3.17,43.49,0.00
164441,-3.18,43.54,0.00
164451,-3.17,43.52,0.00
164461,-3.17,43.55,0.00
164471,-3.17,43.56,0.00
164481,-3.17,43.58,0.00
164491,-3.17,43.66,0.00
164501,-3.18,43.66,0.00
164511,-3.17,43.65,0.00
164521,-3.17,43.65,0.00
164531,-3.17,43.66,0.00
164541,-3.17,43.71,0.00
164551,-3.17,43.67,0.00
164561,-3.17,43.82,0.00
164571,-3.17,43.81,0.00
164581,-3.17,43.81,0.00
164591,-3.17,43.82,0.00
164601,-3.17,43.85,0.00
164611,-3.17,43.87,0.00
164621,-3.17,43.88,0.00
164631,-3.17,43.88,0.00
164641,-3.17,43.92,0.00
164651,-3.17,43.95,0.00
164661,-3.17,44.01,0.00
164671,-3.17,44.00,0.00
164681,-3.17,44.03,0.00
164691,-3.17,44.04,0.00
164701,-3.17,44.01,0.00
164711,-3.17,44.05,0.00
164721,-3.17,44.07,0.00
164731,-3.17,44.15,0.00
164741,-3.17,44.13,0.00
164751,-3.17,44.20,0.00
164761,-3.17,44.20,0.00
164771,-3.17,44.17,0.00
164781,-3.17,44.20,0.00
164791,-3.17,44.26,0.00
164801,-3.17,44.28,0.00
164811,-3.17,44.28,0.00
164821,-3.16,44.27,0.00
164831,-3.16,44.32,0.00
164841,-3.16,44.33,0.00
164851,-3.16,44.38,0.00
164861,-3.16,44.37,0.00
164871,-3.16,44.43,0.00
164881,-3.17,44.51,0.00
164891,-3.17,44.52,0.00
164901,-3.17,44.52,0.00
164911,-3.17,44.47,0.00
164921,-3.17,44.49,0.00
164931,-3.16,44.46,0.00
164941,-3.16,44.49,0.00
164951,-3.16,44.56,0.00
164961,-3.16,44.58,0.00
164971,-3.16,44.64,0.00
164981,-3.16,44.68,0.00
164991,-3.16,44.70,0.00
165001,-3.16,44.70,0.00
165011,-3.16,44.67,0.00
165021,-3.16,44.70,0.00
165031,-3.16,44.77,0.00
165041,-3.16,44.80,0.00
165051,-3.16,44.75,0.00
165061,-3.16,44.84,0.00
165071,-3.17,44.90,0.00
165081,-3.17,44.94,0.00
165091,-3.17,44.96,0.00
165101,-3.17,44.91,0.00
165111,-3.17,44.90,0.00
165121,-3.17,44.95,0.00
165131,-3.17,44.98,0.00
165141,-3.17,44.98,0.00
165151,-3.17,45.04,0.00
165161,-3.18,45.04,0.00
165171,-3.18,45.09,0.00
165181,-3.18,45.08,0.00
165191,-3.18,45.14,0.00
165201,-3.18,45.18,0.00
165211,-3.19,45.21,0.00
165221,-3.19,45.19,0.00
165231,-3.19,45.21,0.00
165241,-3.19,45.16,0.00
165251,-3.18,45.17,0.00
165261,-3.18,45.20,0.00
165271,-3.18,45.25,0.00
165281,-3.18,45.31,0.00
165291,-3.18,45.32,0.00
165301,-3.18,45.34,0.00
165311,-3.18,45.38,0.00
165321,-3.18,45.35,0.00
165331,-3.18,45.41,0.00
165341,-3.18,45.40,0.00
165351,-3.18,45.39,0.00
165361,-3.18,45.46,0.00
165371,-3.18,45.44,0.00
165381,-3.18,45.47,0.00
165391,-3.17,45.46,0.00
165401,-3.17,45.50,0.00
165411,-3.17,45.52,0.00
165421,-3.17,45.63,0.00
165431,-3.17,45.63,0.00
165441,-3.17,45.63,0.00
165451,-3.17,45.60,0.00
165461,-3.17,45.60,0.00
165471,-3.17,45.64,0.00
165481,-3.16,45.67,0.00
165491,-3.16,45.70,0.00
165501,-3.16,45.75,0.00
165511,-3.16,45.74,0.00
165521,-3.17,45.83,0.00
165531,-3.17,45.83,0.00
165541,-3.17,45.87,0.00
165551,-3.17,45.89,0.00
165561,-3.17,45.85,0.00
165571,-3.17,45.85,0.00
165581,-3.16,45.84,0.00
165591,-3.16,45.94,0.00
165601,-3.16,45.95,0.00
165611,-3.17,46.00,0.00
165621,-3.17,46.01,0.00
165631,-3.17,46.05,0.00
165641,-3.17,46.06,0.00
165651,-3.17,46.04,0.00
165661,-3.17,46.07,0.00
165671,-3.17,46.11,0.00
165681,-3.17,46.14,0.00
165691,-3.17,46.17,0.00
165701,-3.17,46.17,0.00
165711,-3.17,46.25,0.00
165721,-3.18,46.26,0.00
165731,-3.17,46.22,0.00
165741,-3.18,46.30,0.00
165751,-3.18,46.29,0.00
165761,-3.18,46.31,0.00
165771,-3.18,46.31,0.00
165781,-3.18,46.36,0.00
165791,-3.18,46.38,0.00
165801,-3.18,46.40,0.00
165811,-3.18,46.41,0.00
165821,-3.18,46.42,0.00
165831,-3.18,46.41,0.00
165841,-3.17,46.39,0.00
165851,-3.17,46.45,0.00
165861,-3.17,46.48,0.00
165871,-3.17,46.51,0.00
165881,-3.17,46.58,0.00
165891,-3.17,46.56,0.00
165901,-3.17,46.64,0.00
165911,-3.17,46.63,0.00
165921,-3.18,46.70,0.00
165931,-3.18,46.66,0.00
165941,-3.18,46.65,0.00
165951,-3.18,46.68,0.00
165961,-3.17,46.69,0.00
165971,-3.17,46.69,0.00
165981,-3.17,46.78,0.00
165991,-3.17,46.75,0.00
166001,-3.17,46.77,0.00
166011,-3.17,46.80,0.00
166021,-3.17,46.89,0.00
166031,-3.17,46.93,0.00
166041,-3.17,46.89,0.00
166051,-3.17,46.83,0.00
166061,-3.17,46.87,0.00
166071,-3.16,46.89,0.00
166081,-3.16,46.92,0.00
166091,-3.16,46.92,0.00
166101,-3.16,46.97,0.00
166111,-3.16,47.07,0.00
166121,-3.16,47.09,0.00
166131,-3.16,47.10,0.00
166141,-3.16,47.12,0.00
166151,-3.16,47.11,0.00
166161,-3.16,47.12,0.00
166171,-3.16,47.15,0.00
166181,-3.16,47.14,0.00
166191,-3.16,47.19,0.00
166201,-3.16,47.18,0.00
166211,-3.16,47.25,0.00
166221,-3.16,47.30,0.00
166231,-3.16,47.29,0.00
166241,-3.16,47.31,0.00
166251,-3.17,47.37,0.00
166261,-3.16,47.31,0.00
166271,-3.16,47.27,0.00
166281,-3.16,47.38,0.00
166291,-3.16,47.37,0.00
166301,-3.16,47.41,0.00
166311,-3.16,47.44,0.00
166321,-3.16,47.48,0.00
166331,-3.16,47.48,0.00
166341,-3.16,47.52,0.00
166351,-3.16,47.55,0.00
166361,-3.16,47.62,0.00
166371,-3.16,47.62,0.00
166381,-3.17,47.64,0.00
166391,-3.17,47.62,0.00
166401,-3.17,47.66,0.00
166411,-3.17,47.68,0.00
166421,-3.17,47.68,0.00
166431,-3.17,47.69,0.00
166441,-3.17,47.70,0.00
166451,-3.17,47.72,0.00
166461,-3.16,47.72,0.00
166471,-3.16,47.79,0.00
166481,-3.16,47.80,0.00
166491,-3.16,47.83,0.00
166501,-3.16,47.86,0.00
166511,-3.17,47.94,0.00
166521,-3.17,47.93,0.00
166531,-3.17,48.01,0.00
166541,-3.17,47.95,0.00
166551,-3.17,47.93,0.00
166561,-3.17,47.99,0.00
166571,-3.17,48.00,0.00
166581,-3.17,48.04,0.00
166591,-3.17,48.01,0.00
166601,-3.17,48.08,0.00
166611,-3.18,48.14,0.00
166621,-3.18,48.17,0.00
166631,-3.18,48.18,0.00
166641,-3.18,48.22,0.00
166651,-3.19,48.18,0.00
166661,-3.19,48.22,0.00
166671,-3.19,48.26,0.00
166681,-3.19,48.20,0.00
166691,-3.19,48.25,0.00
166701,-3.19,48.27,0.00
166711,-3.18,48.28,0.00
166721,-3.18,48.28,0.00
166731,-3.18,48.33,0.00
166741,-3.18,48.43,0.00
166751,-3.18,48.39,0.00
