tempo_ms,angulo_deg,u_pct,referencia
10,0.89,-18.34,0.00
20,0.88,-0.39,0.00
30,0.91,-1.06,0.00
40,0.91,-0.54,0.00
50,0.92,-0.71,0.00
60,0.91,-0.33,0.00
70,0.90,-0.38,0.00
80,0.89,-0.36,0.00
90,0.88,-0.36,0.00
100,0.87,-0.36,0.00
110,0.84,-0.07,0.00
120,0.82,0.02,0.00
130,0.81,-0.50,0.00
140,0.80,-0.27,0.00
150,0.81,-0.78,0.00
160,0.79,-0.20,0.00
170,0.80,-0.72,0.00
180,0.81,-0.79,0.00
190,0.80,-0.40,0.00
200,0.80,-0.52,0.00
210,0.81,-0.68,0.00
220,0.81,-0.61,0.00
230,0.78,-0.12,0.00
240,0.80,-0.86,0.00
250,0.79,-0.43,0.00
260,0.79,-0.59,0.00
270,0.78,-0.43,0.00
280,0.77,-0.48,0.00
290,0.79,-0.88,0.00
300,0.77,-0.25,0.00
310,0.75,-0.18,0.00
320,0.75,-0.71,0.00
330,0.77,-0.90,0.00
340,0.76,-0.39,0.00
350,0.75,-0.49,0.00
360,0.75,-0.61,0.00
370,0.74,-0.44,0.00
380,0.76,-1.00,0.00
390,0.76,-0.70,0.00
400,0.75,-0.42,0.00
410,0.74,-0.54,0.00
420,0.74,-0.51,0.00
430,0.74,-0.78,0.00
440,0.73,-0.33,0.00
450,0.72,-0.59,0.00
460,0.71,-0.47,0.00
470,0.70,-0.46,0.00
480,0.69,-0.35,0.00
490,0.69,-0.75,0.00
500,0.68,-0.48,0.00
510,0.68,-0.65,0.00
520,0.67,-0.35,0.00
530,0.66,-0.45,0.00
540,0.64,-0.39,0.00
550,0.67,-1.15,0.00
560,0.66,-0.59,0.00
570,0.67,-0.89,0.00
580,0.68,-0.76,0.00
590,0.69,-0.92,0.00
600,0.69,-0.69,0.00
610,0.68,-0.44,0.00
620,0.67,-0.51,0.00
630,0.64,-0.14,0.00
640,0.63,-0.61,0.00
650,0.62,-0.47,0.00
660,0.63,-0.86,0.00
670,0.65,-1.15,0.00
680,0.67,-1.13,0.00
690,0.69,-1.08,0.00
700,0.69,-0.78,0.00
710,0.68,-0.53,0.00
720,0.64,0.05,0.00
730,0.63,-0.56,0.00
740,0.64,-0.91,0.00
750,0.68,-1.45,0.00
760,0.66,-0.44,0.00
770,0.64,-0.22,0.00
780,0.62,-0.38,0.00
790,0.65,-1.39,0.00
800,0.65,-0.87,0.00
810,0.64,-0.59,0.00
820,0.63,-0.44,0.00
830,0.63,-0.82,0.00
840,0.64,-0.91,0.00
850,0.64,-0.85,0.00
860,0.64,-0.72,0.00
870,0.65,-0.99,0.00
880,0.65,-0.92,0.00
890,0.63,-0.37,0.00
900,0.64,-0.91,0.00
910,0.65,-1.12,0.00
920,0.65,-0.87,0.00
930,0.65,-0.71,0.00
940,0.66,-1.11,0.00
950,0.68,-1.28,0.00
960,0.66,-0.37,0.00
970,0.65,-0.57,0.00
980,0.65,-0.94,0.00
990,0.67,-1.22,0.00
1000,0.67,-0.82,0.00
1010,0.65,-0.61,0.00
1020,0.68,-1.44,0.00
1030,0.69,-1.14,0.00
1040,0.67,-0.41,0.00
1050,0.65,-0.57,0.00
1060,0.66,-0.94,0.00
1070,0.65,-0.69,0.00
1080,0.63,-0.52,0.00
1090,0.65,-1.34,0.00
1100,0.65,-0.93,0.00
1110,0.62,-0.18,0.00
1120,0.62,-0.98,0.00
1130,0.64,-1.17,0.00
1140,0.62,-0.57,0.00
1150,0.59,-0.39,0.00
1160,0.60,-1.05,0.00
1170,0.62,-1.29,0.00
1180,0.61,-0.67,0.00
1190,0.60,-0.65,0.00
1200,0.61,-1.24,0.00
1210,0.60,-0.74,0.00
1220,0.58,-0.47,0.00
1230,0.55,-0.32,0.00
1240,0.57,-1.31,0.00
1250,0.57,-0.92,0.00
1260,0.57,-0.79,0.00
1270,0.59,-1.27,0.00
1280,0.60,-1.30,0.00
1290,0.58,-0.46,0.00
1300,0.56,-0.62,0.00
1310,0.58,-1.21,0.00
1320,0.58,-1.09,0.00
1330,0.55,-0.26,0.00
1340,0.56,-1.08,0.00
1350,0.58,-1.47,0.00
1360,0.58,-1.01,0.00
1370,0.55,-0.33,0.00
1380,0.55,-0.89,0.00
1390,0.56,-1.22,0.00
1400,0.56,-0.91,0.00
1410,0.55,-0.71,0.00
1420,0.57,-1.31,0.00
1430,0.59,-1.42,0.00
1440,0.58,-0.84,0.00
1450,0.55,-0.37,0.00
1460,0.56,-1.19,0.00
1470,0.57,-1.27,0.00
1480,0.58,-1.13,0.00
1490,0.55,-0.44,0.00
1500,0.56,-1.11,0.00
1510,0.57,-1.35,0.00
1520,0.56,-0.65,0.00
1530,0.53,-0.43,0.00
1540,0.54,-1.20,0.00
1550,0.57,-1.76,0.00
1560,0.56,-0.86,0.00
1570,0.54,-0.47,0.00
1580,0.54,-1.12,0.00
1590,0.56,-1.38,0.00
1600,0.54,-0.73,0.00
1610,0.52,-0.53,0.00
1620,0.54,-1.39,0.00
1630,0.55,-1.33,0.00
1640,0.55,-0.92,0.00
1650,0.52,-0.46,0.00
1660,0.52,-0.99,0.00
1670,0.53,-1.41,0.00
1680,0.52,-0.82,0.00
1690,0.55,-1.66,0.00
1700,0.56,-1.13,0.00
1710,0.55,-0.93,0.00
1720,0.52,-0.52,0.00
1730,0.51,-0.86,0.00
1740,0.54,-1.58,0.00
1750,0.55,-1.35,0.00
1760,0.53,-0.77,0.00
1770,0.52,-0.71,0.00
1780,0.53,-1.32,0.00
1790,0.55,-1.51,0.00
1800,0.54,-0.88,0.00
1810,0.53,-0.88,0.00
1820,0.55,-1.48,0.00
1830,0.57,-1.62,0.00
1840,0.56,-0.84,0.00
1850,0.55,-0.96,0.00
1860,0.56,-1.44,0.00
1870,0.60,-1.88,0.00
1880,0.59,-0.90,0.00
1890,0.56,-0.68,0.00
1900,0.58,-1.57,0.00
1910,0.61,-1.66,0.00
1920,0.61,-1.29,0.00
1930,0.60,-0.90,0.00
1940,0.59,-0.97,0.00
1950,0.59,-1.23,0.00
1960,0.60,-1.42,0.00
1970,0.59,-1.01,0.00
1980,0.58,-1.02,0.00
1990,0.59,-1.22,0.00
2000,0.60,-1.42,0.00
2010,0.59,-1.09,0.00
2020,0.57,-0.70,0.00
2030,0.55,-0.96,0.00
2040,0.57,-1.54,0.00
2050,0.59,-1.70,0.00
2060,0.58,-0.83,0.00
2070,0.55,-0.78,0.00
2080,0.54,-0.93,0.00
2090,0.57,-1.87,0.00
2100,0.58,-1.38,0.00
2110,0.56,-0.92,0.00
2120,0.55,-0.88,0.00
2130,0.57,-1.71,0.00
2140,0.58,-1.51,0.00
2150,0.57,-1.08,0.00
2160,0.56,-1.05,0.00
2170,0.59,-1.71,0.00
2180,0.60,-1.45,0.00
2190,0.59,-1.26,0.00
2200,0.56,-0.68,0.00
2210,0.58,-1.53,0.00
2220,0.61,-1.91,0.00
2230,0.61,-1.25,0.00
2240,0.57,-0.59,0.00
2250,0.57,-1.19,0.00
2260,0.58,-1.53,0.00
2270,0.59,-1.52,0.00
2280,0.58,-1.11,0.00
2290,0.56,-0.92,0.00
2300,0.56,-1.26,0.00
2310,0.56,-1.35,0.00
2320,0.57,-1.59,0.00
2330,0.55,-0.91,0.00
2340,0.54,-1.08,0.00
2350,0.54,-1.35,0.00
2360,0.57,-1.77,0.00
2370,0.56,-1.23,0.00
2380,0.55,-1.06,0.00
2390,0.54,-1.16,0.00
2400,0.56,-1.73,0.00
2410,0.56,-1.47,0.00
2420,0.54,-0.88,0.00
2430,0.52,-0.92,0.00
2440,0.54,-1.70,0.00
2450,0.57,-1.91,0.00
2460,0.55,-1.06,0.00
2470,0.52,-0.77,0.00
2480,0.51,-1.16,0.00
2490,0.53,-1.65,0.00
2500,0.55,-1.73,0.00
2510,0.54,-1.14,0.00
2520,0.50,-0.57,0.00
2530,0.50,-1.46,0.00
2540,0.52,-1.78,0.00
2550,0.54,-1.79,0.00
2560,0.52,-0.85,0.00
2570,0.51,-1.19,0.00
2580,0.51,-1.46,0.00
2590,0.54,-1.89,0.00
2600,0.55,-1.63,0.00
2610,0.54,-1.24,0.00
2620,0.53,-1.22,0.00
2630,0.55,-1.72,0.00
2640,0.56,-1.69,0.00
2650,0.56,-1.40,0.00
2660,0.55,-1.23,0.00
2670,0.57,-1.74,0.00
2680,0.58,-1.65,0.00
2690,0.58,-1.44,0.00
2700,0.57,-1.25,0.00
2710,0.56,-1.34,0.00
2720,0.58,-1.80,0.00
2730,0.59,-1.67,0.00
2740,0.57,-1.06,0.00
2750,0.55,-1.14,0.00
2760,0.57,-1.82,0.00
2770,0.58,-1.75,0.00
2780,0.58,-1.45,0.00
2790,0.59,-1.77,0.00
2800,0.62,-2.04,0.00
2810,0.61,-1.24,0.00
2820,0.57,-0.84,0.00
2830,0.56,-1.31,0.00
2840,0.57,-1.66,0.00
2850,0.58,-1.80,0.00
2860,0.57,-1.29,0.00
2870,0.54,-0.78,0.00
2880,0.57,-2.14,0.00
2890,0.60,-2.10,0.00
2900,0.58,-1.28,0.00
2910,0.55,-0.77,0.00
2920,0.56,-1.70,0.00
2930,0.58,-1.96,0.00
2940,0.58,-1.56,0.00
2950,0.57,-1.41,0.00
2960,0.59,-1.86,0.00
2970,0.60,-1.87,0.00
2980,0.60,-1.56,0.00
2990,0.58,-1.15,0.00
3000,0.58,-1.55,0.00
3010,0.60,-2.11,0.00
3020,0.62,-1.84,0.00
3030,0.60,-1.23,0.00
3040,0.59,-1.43,0.00
3050,0.61,-2.02,0.00
3060,0.63,-1.98,0.00
3070,0.61,-1.20,0.00
3080,0.61,-1.63,0.00
3090,0.63,-2.06,0.00
3100,0.64,-1.87,0.00
3110,0.60,-0.91,0.00
3120,0.59,-1.33,0.00
3130,0.61,-2.13,0.00
3140,0.62,-1.70,0.00
3150,0.60,-1.27,0.00
3160,0.60,-1.73,0.00
3170,0.63,-2.22,0.00
3180,0.60,-1.19,0.00
3190,0.58,-1.15,0.00
3200,0.60,-2.09,0.00
3210,0.62,-2.06,0.00
3220,0.61,-1.56,0.00
3230,0.60,-1.49,0.00
3240,0.63,-2.20,0.00
3250,0.64,-1.84,0.00
3260,0.62,-1.40,0.00
3270,0.61,-1.55,0.00
3280,0.61,-1.71,0.00
3290,0.63,-2.02,0.00
3300,0.62,-1.54,0.00
3310,0.62,-1.69,0.00
3320,0.62,-1.69,0.00
3330,0.61,-1.53,0.00
3340,0.58,-1.16,0.00
3350,0.58,-1.63,0.00
3360,0.61,-2.37,0.00
3370,0.61,-1.78,0.00
3380,0.59,-1.43,0.00
3390,0.61,-1.99,0.00
3400,0.62,-2.02,0.00
3410,0.61,-1.47,0.00
3420,0.57,-1.09,0.00
3430,0.60,-2.21,0.00
3440,0.61,-2.00,0.00
3450,0.59,-1.40,0.00
3460,0.60,-1.96,0.00
3470,0.62,-2.17,0.00
3480,0.63,-1.98,0.00
3490,0.60,-1.16,0.00
3500,0.60,-1.81,0.00
3510,0.61,-1.94,0.00
3520,0.62,-2.12,0.00
3530,0.62,-1.82,0.00
3540,0.63,-1.98,0.00
3550,0.65,-2.18,0.00
3560,0.63,-1.58,0.00
3570,0.63,-1.68,0.00
3580,0.64,-2.12,0.00
3590,0.65,-1.94,0.00
3600,0.63,-1.60,0.00
3610,0.63,-1.73,0.00
3620,0.65,-2.42,0.00
3630,0.64,-1.67,0.00
3640,0.63,-1.55,0.00
3650,0.65,-2.24,0.00
3660,0.66,-2.21,0.00
3670,0.64,-1.48,0.00
3680,0.63,-1.61,0.00
3690,0.66,-2.57,0.00
3700,0.67,-2.13,0.00
3710,0.65,-1.39,0.00
3720,0.64,-1.76,0.00
3730,0.65,-2.19,0.00
3740,0.66,-1.93,0.00
3750,0.65,-1.76,0.00
3760,0.65,-1.90,0.00
3770,0.68,-2.58,0.00
3780,0.67,-1.79,0.00
3790,0.65,-1.62,0.00
3800,0.65,-1.85,0.00
3810,0.66,-2.23,0.00
3820,0.65,-1.64,0.00
3830,0.63,-1.60,0.00
3840,0.65,-2.33,0.00
3850,0.66,-2.18,0.00
3860,0.66,-1.89,0.00
3870,0.69,-2.60,0.00
3880,0.68,-1.88,0.00
3890,0.66,-1.58,0.00
3900,0.69,-2.53,0.00
3910,0.72,-2.70,0.00
3920,0.71,-1.88,0.00
3930,0.68,-1.41,0.00
3940,0.68,-2.11,0.00
3950,0.70,-2.28,0.00
3960,0.68,-1.60,0.00
3970,0.66,-1.75,0.00
3980,0.67,-2.24,0.00
3990,0.68,-2.28,0.00
4000,0.68,-1.97,0.00
4010,0.66,-1.62,0.00
4020,0.66,-2.05,0.00
4030,0.67,-2.38,0.00
4040,0.67,-1.94,0.00
4050,0.65,-1.74,0.00
4060,0.66,-2.20,0.00
4070,0.68,-2.47,0.00
4080,0.67,-1.88,0.00
4090,0.64,-1.56,0.00
4100,0.64,-2.05,0.00
4110,0.69,-2.98,0.00
4120,0.68,-1.88,0.00
4130,0.66,-1.84,0.00
4140,0.66,-1.96,0.00
4150,0.70,-2.92,0.00
4160,0.72,-2.54,0.00
4170,0.73,-2.41,0.00
4180,0.71,-1.85,0.00
4190,0.71,-1.99,0.00
4200,0.69,-1.75,0.00
4210,0.65,-1.39,0.00
4220,0.62,-1.61,0.00
4230,0.60,-1.69,0.00
4240,0.59,-1.90,0.00
4250,0.61,-2.38,0.00
4260,0.65,-3.02,0.00
4270,0.66,-2.44,0.00
4280,0.66,-2.00,0.00
4290,0.62,-1.47,0.00
4300,0.61,-1.96,0.00
4310,0.62,-2.25,0.00
4320,0.64,-2.70,0.00
4330,0.62,-1.70,0.00
4340,0.60,-1.80,0.00
4350,0.59,-1.83,0.00
4360,0.61,-2.66,0.00
4370,0.62,-2.39,0.00
4380,0.61,-1.94,0.00
4390,0.57,-1.42,0.00
4400,0.61,-2.83,0.00
4410,0.63,-2.70,0.00
4420,0.63,-2.21,0.00
4430,0.61,-1.73,0.00
4440,0.62,-2.50,0.00
4450,0.63,-2.36,0.00
4460,0.64,-2.34,0.00
4470,0.63,-2.02,0.00
4480,0.63,-2.24,0.00
4490,0.63,-2.19,0.00
4500,0.63,-2.30,0.00
4510,0.63,-2.31,0.00
4520,0.61,-1.80,0.00
4530,0.61,-2.13,0.00
4540,0.62,-2.50,0.00
4550,0.63,-2.48,0.00
4560,0.60,-1.59,0.00
4570,0.58,-1.98,0.00
4580,0.60,-2.49,0.00
4590,0.62,-2.68,0.00
4600,0.60,-1.83,0.00
4610,0.57,-1.68,0.00
4620,0.57,-2.39,0.00
4630,0.58,-2.47,0.00
4640,0.57,-1.98,0.00
4650,0.54,-1.71,0.00
4660,0.57,-2.84,0.00
4670,0.59,-2.71,0.00
4680,0.57,-1.85,0.00
4690,0.54,-1.54,0.00
4700,0.56,-2.67,0.00
4710,0.59,-2.93,0.00
4720,0.59,-2.40,0.00
4730,0.57,-1.89,0.00
4740,0.57,-2.17,0.00
4750,0.56,-2.18,0.00
4760,0.56,-2.31,0.00
4770,0.56,-2.24,0.00
4780,0.58,-2.67,0.00
4790,0.60,-2.77,0.00
4800,0.61,-2.58,0.00
4810,0.61,-2.34,0.00
4820,0.60,-2.17,0.00
4830,0.58,-1.97,0.00
4840,0.58,-2.30,0.00
4850,0.58,-2.34,0.00
4860,0.59,-2.51,0.00
4870,0.59,-2.35,0.00
4880,0.58,-2.19,0.00
4890,0.56,-1.84,0.00
4900,0.57,-2.72,0.00
4910,0.60,-2.91,0.00
4920,0.61,-2.54,0.00
4930,0.59,-2.00,0.00
4940,0.60,-2.55,0.00
4950,0.61,-2.64,0.00
4960,0.62,-2.70,0.00
4970,0.64,-2.68,0.00
4980,0.62,-2.05,0.00
4990,0.60,-2.02,0.00
5000,0.62,-2.88,0.00
5010,0.64,-2.81,0.00
5020,0.65,-2.69,0.00
5030,0.67,-2.76,0.00
5040,0.67,-2.48,0.00
5050,0.67,-2.61,0.00
5060,0.67,-2.34,0.00
5070,0.64,-1.95,0.00
5080,0.63,-2.20,0.00
5090,0.61,-2.01,0.00
5100,0.60,-2.28,0.00
5110,0.61,-2.72,0.00
5120,0.63,-2.80,0.00
5130,0.63,-2.67,0.00
5140,0.62,-2.10,0.00
5150,0.61,-2.30,0.00
5160,0.60,-2.34,0.00
5170,0.62,-2.89,0.00
5180,0.63,-2.71,0.00
5190,0.61,-2.07,0.00
5200,0.58,-1.99,0.00
5210,0.57,-2.30,0.00
5220,0.56,-2.13,0.00
5230,0.57,-2.69,0.00
5240,0.58,-2.72,0.00
5250,0.59,-2.86,0.00
5260,0.61,-2.81,0.00
5270,0.57,-1.82,0.00
5280,0.55,-2.03,0.00
5290,0.54,-2.31,0.00
5300,0.52,-2.13,0.00
5310,0.52,-2.47,0.00
5320,0.52,-2.52,0.00
5330,0.53,-2.66,0.00
5340,0.55,-2.93,0.00
5350,0.57,-2.98,0.00
5360,0.57,-2.45,0.00
5370,0.57,-2.55,0.00
5380,0.55,-2.09,0.00
5390,0.54,-2.49,0.00
5400,0.53,-2.33,0.00
5410,0.54,-2.62,0.00
5420,0.57,-3.20,0.00
5430,0.56,-2.41,0.00
5440,0.55,-2.37,0.00
5450,0.53,-2.14,0.00
5460,0.55,-2.82,0.00
5470,0.58,-3.27,0.00
5480,0.59,-2.78,0.00
5490,0.55,-1.86,0.00
5500,0.54,-2.21,0.00
5510,0.51,-2.07,0.00
5520,0.50,-2.25,0.00
5530,0.48,-2.29,0.00
5540,0.46,-2.00,0.00
5550,0.45,-2.46,0.00
5560,0.44,-2.25,0.00
5570,0.41,-2.02,0.00
5580,0.40,-2.22,0.00
5590,0.39,-2.30,0.00
5600,0.39,-2.62,0.00
5610,0.41,-2.86,0.00
5620,0.43,-2.97,0.00
5630,0.45,-2.91,0.00
5640,0.44,-2.40,0.00
5650,0.44,-2.53,0.00
5660,0.43,-2.44,0.00
5670,0.42,-2.25,0.00
5680,0.40,-2.21,0.00
5690,0.38,-2.13,0.00
5700,0.37,-2.43,0.00
5710,0.36,-2.30,0.00
5720,0.38,-2.82,0.00
5730,0.38,-2.66,0.00
5740,0.39,-2.83,0.00
5750,0.41,-2.94,0.00
5760,0.43,-2.94,0.00
5770,0.44,-2.84,0.00
5780,0.43,-2.42,0.00
5790,0.43,-2.41,0.00
5800,0.40,-2.13,0.00
5810,0.40,-2.57,0.00
5820,0.41,-2.66,0.00
5830,0.39,-2.30,0.00
5840,0.39,-2.59,0.00
5850,0.39,-2.48,0.00
5860,0.37,-2.28,0.00
5870,0.35,-2.04,0.00
5880,0.33,-2.24,0.00
5890,0.31,-2.23,0.00
5900,0.32,-2.68,0.00
5910,0.36,-3.46,0.00
5920,0.39,-3.02,0.00
5930,0.41,-3.08,0.00
5940,0.41,-2.65,0.00
5950,0.42,-2.73,0.00
5960,0.43,-2.97,0.00
5970,0.43,-2.60,0.00
5980,0.42,-2.43,0.00
5990,0.44,-3.07,0.00
6000,0.46,-3.05,0.00
6010,0.45,32.41,60.00
6020,0.44,33.01,60.00
6030,0.44,33.15,60.00
6040,0.39,34.35,60.00
6050,0.33,35.24,60.00
6060,0.29,35.12,60.00
6070,0.25,35.67,60.00
6080,0.29,34.30,60.00
6090,0.37,33.98,60.00
6100,0.36,36.11,60.00
6110,0.31,37.22,60.00
6120,0.33,36.49,60.00
6130,0.34,36.94,60.00
6140,0.36,37.00,60.00
6150,0.37,37.77,60.00
6160,0.39,37.70,60.00
6170,0.39,38.73,60.00
6180,0.41,38.69,60.00
6190,0.44,38.75,60.00
6200,0.48,39.13,60.00
6210,0.52,39.29,60.00
6220,0.59,39.19,60.00
6230,0.66,39.46,60.00
6240,0.75,39.37,60.00
6250,0.87,39.34,60.00
6260,0.96,39.91,60.00
6270,1.11,39.24,60.00
6280,1.28,39.19,60.00
6290,1.46,39.20,60.00
6300,1.62,39.78,60.00
6310,1.79,39.93,60.00
6320,2.00,39.41,60.00
6330,2.25,38.91,60.00
6340,2.52,38.76,60.00
6350,2.78,39.04,60.00
6360,3.04,39.43,60.00
6370,3.31,39.38,60.00
6380,3.60,39.07,60.00
6390,3.95,38.31,60.00
6400,4.33,37.69,60.00
6410,4.73,37.49,60.00
6420,5.12,37.70,60.00
6430,5.50,38.14,60.00
6440,5.87,38.41,60.00
6450,6.27,38.08,60.00
6460,6.69,37.72,60.00
6470,7.15,37.05,60.00
6480,7.64,36.45,60.00
6490,8.14,36.26,60.00
6500,8.64,36.40,60.00
6510,9.12,36.73,60.00
6520,9.60,36.89,60.00
6530,10.09,36.76,60.00
6540,10.61,36.18,60.00
6550,11.16,35.56,60.00
6560,11.72,35.42,60.00
6570,12.27,35.64,60.00
6580,12.81,35.81,60.00
6590,13.37,35.39,60.00
6600,13.96,34.77,60.00
6610,14.55,34.65,60.00
6620,15.13,34.86,60.00
6630,15.70,35.07,60.00
6640,16.30,34.29,60.00
6650,16.91,34.09,60.00
6660,17.50,34.53,60.00
6670,18.09,34.35,60.00
6680,18.69,34.20,60.00
6690,19.29,33.89,60.00
6700,19.88,34.27,60.00
6710,20.48,33.89,60.00
6720,21.08,33.77,60.00
6730,21.66,34.08,60.00
6740,22.25,33.85,60.00
6750,22.84,33.86,60.00
6760,23.40,34.08,60.00
6770,23.98,33.76,60.00
6780,24.55,33.98,60.00
6790,25.10,34.15,60.00
6800,25.65,34.08,60.00
6810,26.20,34.07,60.00
6820,26.73,34.28,60.00
6830,27.26,34.19,60.00
6840,27.78,34.48,60.00
6850,28.28,34.59,60.00
6860,28.78,34.53,60.00
6870,29.27,34.77,60.00
6880,29.76,34.69,60.00
6890,30.23,35.04,60.00
6900,30.67,35.33,60.00
6910,31.12,35.30,60.00
6920,31.55,35.64,60.00
6930,31.98,35.45,60.00
6940,32.39,35.80,60.00
6950,32.79,36.13,60.00
6960,33.18,36.22,60.00
6970,33.54,36.56,60.00
6980,33.90,36.79,60.00
6990,34.25,36.91,60.00
7000,34.57,37.38,60.00
7010,34.89,37.48,60.00
7020,35.19,37.76,60.00
7030,35.49,37.90,60.00
7040,35.75,38.66,60.00
7050,36.02,38.45,60.00
7060,36.27,38.81,60.00
7070,36.49,39.41,60.00
7080,36.72,39.47,60.00
7090,36.95,39.33,60.00
7100,37.14,40.15,60.00
7110,37.29,40.93,60.00
7120,37.44,41.04,60.00
7130,37.61,40.79,60.00
7140,37.78,40.92,60.00
7150,37.92,41.37,60.00
7160,38.03,42.16,60.00
7170,38.10,42.96,60.00
7180,38.18,42.95,60.00
7190,38.27,43.00,60.00
7200,38.35,43.00,60.00
7210,38.45,42.98,60.00
7220,38.53,43.24,60.00
7230,38.58,44.00,60.00
7240,38.63,44.11,60.00
7250,38.68,44.26,60.00
7260,38.73,44.49,60.00
7270,38.75,45.13,60.00
7280,38.76,45.35,60.00
7290,38.76,45.73,60.00
7300,38.76,45.92,60.00
7310,38.77,45.97,60.00
7320,38.78,45.95,60.00
7330,38.79,46.08,60.00
7340,38.79,46.41,60.00
7350,38.78,46.93,60.00
7360,38.77,46.85,60.00
7370,38.79,46.66,60.00
7380,38.77,47.28,60.00
7390,38.77,47.24,60.00
7400,38.77,47.40,60.00
7410,38.76,47.53,60.00
7420,38.76,47.70,60.00
7430,38.76,47.72,60.00
7440,38.77,47.80,60.00
7450,38.77,47.90,60.00
7460,38.79,47.83,60.00
7470,38.79,48.21,60.00
7480,38.81,48.16,60.00
7490,38.83,48.11,60.00
7500,38.85,48.33,60.00
7510,38.88,48.15,60.00
7520,38.91,48.41,60.00
7530,38.95,48.26,60.00
7540,38.99,48.37,60.00
7550,39.03,48.39,60.00
7560,39.09,48.33,60.00
7570,39.14,48.44,60.00
7580,39.20,48.33,60.00
7590,39.26,48.55,60.00
7600,39.33,48.42,60.00
7610,39.39,48.59,60.00
7620,39.47,48.41,60.00
7630,39.55,48.62,60.00
7640,39.63,48.48,60.00
7650,39.71,48.64,60.00
7660,39.81,48.47,60.00
7670,39.90,48.47,60.00
7680,40.01,48.32,60.00
7690,40.12,48.37,60.00
7700,40.25,48.16,60.00
7710,40.36,48.34,60.00
7720,40.49,48.20,60.00
7730,40.61,48.30,60.00
7740,40.75,48.15,60.00
7750,40.88,48.21,60.00
7760,41.03,48.03,60.00
7770,41.18,48.02,60.00
7780,41.34,47.82,60.00
7790,41.50,47.80,60.00
7800,41.67,47.71,60.00
7810,41.83,47.77,60.00
7820,42.00,47.71,60.00
7830,42.17,47.78,60.00
7840,42.34,47.66,60.00
7850,42.52,47.55,60.00
7860,42.70,47.66,60.00
7870,42.89,47.39,60.00
7880,43.08,47.43,60.00
7890,43.28,47.18,60.00
7900,43.47,47.31,60.00
7910,43.68,47.10,60.00
7920,43.87,47.19,60.00
7930,44.08,47.09,60.00
7940,44.28,47.08,60.00
7950,44.49,46.99,60.00
7960,44.69,46.95,60.00
7970,44.90,46.94,60.00
7980,45.11,46.87,60.00
7990,45.31,47.02,60.00
8000,45.52,46.81,60.00
8010,45.73,46.97,60.00
8020,45.93,46.84,60.00
8030,46.13,46.91,60.00
8040,46.33,46.92,60.00
8050,46.53,46.92,60.00
8060,46.73,46.98,60.00
8070,46.93,46.74,60.00
8080,47.13,46.96,60.00
8090,47.32,46.82,60.00
8100,47.53,46.73,60.00
8110,47.72,46.94,60.00
8120,47.91,46.71,60.00
8130,48.10,47.01,60.00
8140,48.28,46.97,60.00
8150,48.46,46.94,60.00
8160,48.64,46.98,60.00
8170,48.82,46.95,60.00
8180,49.00,47.12,60.00
8190,49.18,46.90,60.00
8200,49.34,47.10,60.00
8210,49.51,47.17,60.00
8220,49.67,47.26,60.00
8230,49.82,47.37,60.00
8240,49.98,47.21,60.00
8250,50.12,47.40,60.00
8260,50.27,47.41,60.00
8270,50.42,47.42,60.00
8280,50.56,47.50,60.00
8290,50.69,47.64,60.00
8300,50.81,47.81,60.00
8310,50.93,47.91,60.00
8320,51.05,47.88,60.00
8330,51.16,48.00,60.00
8340,51.27,48.06,60.00
8350,51.38,48.01,60.00
8360,51.49,48.11,60.00
8370,51.59,48.21,60.00
8380,51.69,48.23,60.00
8390,51.79,48.33,60.00
8400,51.88,48.33,60.00
8410,51.97,48.55,60.00
8420,52.05,48.49,60.00
8430,52.13,48.69,60.00
8440,52.22,48.57,60.00
8450,52.29,48.86,60.00
8460,52.36,48.76,60.00
8470,52.43,48.96,60.00
8480,52.50,48.88,60.00
8490,52.56,49.03,60.00
8500,52.63,49.00,60.00
8510,52.69,49.16,60.00
8520,52.75,49.10,60.00
8530,52.80,49.29,60.00
8540,52.86,49.11,60.00
8550,52.92,49.33,60.00
8560,52.97,49.31,60.00
8570,53.02,49.46,60.00
8580,53.07,49.44,60.00
8590,53.11,49.58,60.00
8600,53.16,49.55,60.00
8610,53.21,49.59,60.00
8620,53.25,49.71,60.00
8630,53.29,49.65,60.00
8640,53.33,49.78,60.00
8650,53.37,49.73,60.00
8660,53.40,49.94,60.00
8670,53.45,49.71,60.00
8680,53.48,49.99,60.00
8690,53.52,49.86,60.00
8700,53.56,49.93,60.00
8710,53.59,50.06,60.00
8720,53.63,49.93,60.00
8730,53.67,50.12,60.00
8740,53.70,50.01,60.00
8750,53.73,50.21,60.00
8760,53.77,50.11,60.00
8770,53.81,50.07,60.00
8780,53.84,50.25,60.00
8790,53.88,50.06,60.00
8800,53.91,50.21,60.00
8810,53.95,50.14,60.00
8820,53.99,50.26,60.00
8830,54.02,50.28,60.00
8840,54.06,50.17,60.00
8850,54.09,50.34,60.00
8860,54.13,50.25,60.00
8870,54.17,50.24,60.00
8880,54.20,50.35,60.00
8890,54.24,50.31,60.00
8900,54.28,50.36,60.00
8910,54.31,50.36,60.00
8920,54.35,50.36,60.00
8930,54.39,50.48,60.00
8940,54.43,50.32,60.00
8950,54.45,50.59,60.00
8960,54.50,50.33,60.00
8970,54.53,50.46,60.00
8980,54.57,50.57,60.00
8990,54.61,50.31,60.00
9000,54.64,50.59,60.00
9010,54.67,50.63,60.00
9020,54.72,50.29,60.00
9030,54.75,50.66,60.00
9040,54.80,50.45,60.00
9050,54.83,50.54,60.00
9060,54.87,50.63,60.00
9070,54.92,50.35,60.00
9080,54.96,50.54,60.00
9090,55.00,50.50,60.00
9100,55.05,50.30,60.00
9110,55.09,50.58,60.00
9120,55.14,50.29,60.00
9130,55.18,50.53,60.00
9140,55.23,50.45,60.00
9150,55.28,50.42,60.00
9160,55.32,50.46,60.00
9170,55.37,50.45,60.00
9180,55.42,50.31,60.00
9190,55.46,50.57,60.00
9200,55.52,50.30,60.00
9210,55.56,50.50,60.00
9220,55.61,50.46,60.00
9230,55.66,50.35,60.00
9240,55.71,50.48,60.00
9250,55.76,50.43,60.00
9260,55.81,50.35,60.00
9270,55.85,50.58,60.00
9280,55.90,50.32,60.00
9290,55.95,50.50,60.00
9300,55.99,50.59,60.00
9310,56.04,50.42,60.00
9320,56.07,50.64,60.00
9330,56.12,50.51,60.00
9340,56.17,50.45,60.00
9350,56.20,50.68,60.00
9360,56.25,50.49,60.00
9370,56.29,50.66,60.00
9380,56.32,50.63,60.00
9390,56.37,50.48,60.00
9400,56.41,50.68,60.00
9410,56.45,50.47,60.00
9420,56.50,50.52,60.00
9430,56.53,50.68,60.00
9440,56.58,50.45,60.00
9450,56.63,50.43,60.00
9460,56.67,50.65,60.00
9470,56.71,50.43,60.00
9480,56.75,50.63,60.00
9490,56.80,50.48,60.00
9500,56.83,50.64,60.00
9510,56.89,50.30,60.00
9520,56.92,50.64,60.00
9530,56.97,50.54,60.00
9540,57.01,50.45,60.00
9550,57.05,50.64,60.00
9560,57.08,50.61,60.00
9570,57.12,50.71,60.00
9580,57.15,50.75,60.00
9590,57.18,50.63,60.00
9600,57.21,50.80,60.00
9610,57.24,50.80,60.00
9620,57.28,50.65,60.00
9630,57.29,50.99,60.00
9640,57.33,50.66,60.00
9650,57.36,50.86,60.00
9660,57.38,50.84,60.00
9670,57.41,50.81,60.00
9680,57.44,50.83,60.00
9690,57.46,50.92,60.00
9700,57.49,50.75,60.00
9710,57.52,50.87,60.00
9720,57.54,50.83,60.00
9730,57.57,50.84,60.00
9740,57.59,50.95,60.00
9750,57.62,50.78,60.00
9760,57.64,50.96,60.00
9770,57.66,50.99,60.00
9780,57.68,50.99,60.00
9790,57.71,50.93,60.00
9800,57.72,51.12,60.00
9810,57.75,50.90,60.00
9820,57.76,51.20,60.00
9830,57.78,50.97,60.00
9840,57.80,51.03,60.00
9850,57.81,51.16,60.00
9860,57.83,51.12,60.00
9870,57.85,51.02,60.00
9880,57.85,51.37,60.00
9890,57.87,50.97,60.00
9900,57.87,51.45,60.00
9910,57.89,51.12,60.00
9920,57.90,51.23,60.00
9930,57.91,51.36,60.00
9940,57.92,51.29,60.00
9950,57.93,51.32,60.00
9960,57.93,51.39,60.00
9970,57.94,51.41,60.00
9980,57.96,51.18,60.00
9990,57.96,51.56,60.00
10000,57.97,51.23,60.00
10010,57.98,51.42,60.00
10020,57.98,51.46,60.00
10030,58.00,51.19,60.00
10040,58.00,51.50,60.00
10050,58.02,51.30,60.00
10060,58.03,51.44,60.00
10070,58.04,51.38,60.00
10080,58.04,51.46,60.00
10090,58.06,51.30,60.00
10100,58.07,51.34,60.00
10110,58.08,51.43,60.00
10120,58.10,51.23,60.00
10130,58.11,51.37,60.00
10140,58.12,51.53,60.00
10150,58.15,51.10,60.00
10160,58.15,51.59,60.00
10170,58.17,51.27,60.00
10180,58.19,51.23,60.00
10190,58.20,51.49,60.00
10200,58.22,51.21,60.00
10210,58.23,51.32,60.00
10220,58.25,51.36,60.00
10230,58.27,51.32,60.00
10240,58.28,51.34,60.00
10250,58.30,51.31,60.00
10260,58.32,51.31,60.00
10270,58.34,51.14,60.00
10280,58.36,51.32,60.00
10290,58.37,51.37,60.00
10300,58.40,51.07,60.00
10310,58.42,51.42,60.00
10320,58.44,51.21,60.00
10330,58.46,51.20,60.00
10340,58.47,51.44,60.00
10350,58.50,51.14,60.00
10360,58.52,51.14,60.00
10370,58.54,51.41,60.00
10380,58.56,51.07,60.00
10390,58.58,51.39,60.00
10400,58.59,51.33,60.00
10410,58.61,51.21,60.00
10420,58.64,51.19,60.00
10430,58.65,51.34,60.00
10440,58.67,51.23,60.00
10450,58.69,51.20,60.00
10460,58.71,51.28,60.00
10470,58.73,51.25,60.00
10480,58.75,51.18,60.00
10490,58.76,51.53,60.00
10500,58.78,51.17,60.00
10510,58.80,51.22,60.00
10520,58.81,51.36,60.00
10530,58.83,51.22,60.00
10540,58.85,51.22,60.00
10550,58.87,51.38,60.00
10560,58.89,51.05,60.00
10570,58.91,51.31,60.00
10580,58.93,51.13,60.00
10590,58.95,51.23,60.00
10600,58.97,51.21,60.00
10610,58.99,51.13,60.00
10620,59.01,51.21,60.00
10630,59.04,51.03,60.00
10640,59.05,51.31,60.00
10650,59.08,51.00,60.00
10660,59.10,51.14,60.00
10670,59.13,51.01,60.00
10680,59.14,51.17,60.00
10690,59.16,51.29,60.00
10700,59.18,50.99,60.00
10710,59.20,51.25,60.00
10720,59.21,51.18,60.00
10730,59.23,51.13,60.00
10740,59.25,51.12,60.00
10750,59.27,51.19,60.00
10760,59.29,51.01,60.00
10770,59.31,51.19,60.00
10780,59.32,51.22,60.00
10790,59.34,51.17,60.00
10800,59.35,51.14,60.00
10810,59.36,51.35,60.00
10820,59.38,51.04,60.00
10830,59.39,51.32,60.00
10840,59.40,51.27,60.00
10850,59.42,51.13,60.00
10860,59.42,51.30,60.00
10870,59.43,51.26,60.00
10880,59.45,51.16,60.00
10890,59.45,51.42,60.00
10900,59.46,51.27,60.00
10910,59.47,51.16,60.00
10920,59.48,51.32,60.00
10930,59.49,51.35,60.00
10940,59.50,51.07,60.00
10950,59.51,51.36,60.00
10960,59.52,51.27,60.00
10970,59.53,51.12,60.00
10980,59.54,51.29,60.00
10990,59.55,51.33,60.00
11000,59.56,51.05,60.00
11010,59.57,51.36,60.00
11020,59.58,51.14,60.00
11030,59.60,51.10,60.00
11040,59.60,51.29,60.00
11050,59.61,51.21,60.00
11060,59.63,51.03,60.00
11070,59.64,51.27,60.00
11080,59.65,51.20,60.00
11090,59.66,51.18,60.00
11100,59.67,51.16,60.00
11110,59.67,51.40,60.00
11120,59.69,51.06,60.00
11130,59.69,51.30,60.00
11140,59.70,51.26,60.00
11150,59.71,51.12,60.00
11160,59.72,51.22,60.00
11170,59.72,51.31,60.00
11180,59.74,51.05,60.00
11190,59.74,51.42,60.00
11200,59.74,51.25,60.00
11210,59.76,51.10,60.00
11220,59.76,51.29,60.00
11230,59.76,51.39,60.00
11240,59.77,51.16,60.00
11250,59.77,51.31,60.00
11260,59.78,51.20,60.00
11270,59.79,51.17,60.00
11280,59.80,51.21,60.00
11290,59.79,51.38,60.00
11300,59.80,51.16,60.00
11310,59.81,51.27,60.00
11320,59.82,51.18,60.00
11330,59.82,51.19,60.00
11340,59.83,51.22,60.00
11350,59.83,51.42,60.00
11360,59.83,51.19,60.00
11370,59.84,51.13,60.00
11380,59.84,51.31,60.00
11390,59.86,51.09,60.00
11400,59.86,51.18,60.00
11410,59.86,51.40,60.00
11420,59.87,51.23,60.00
11430,59.87,51.13,60.00
11440,59.87,51.39,60.00
11450,59.88,51.08,60.00
11460,59.89,51.20,60.00
11470,59.89,51.33,60.00
11480,59.90,51.19,60.00
11490,59.90,51.20,60.00
11500,59.90,51.36,60.00
11510,59.91,51.01,60.00
11520,59.91,51.34,60.00
11530,59.91,51.28,60.00
11540,59.91,51.29,60.00
11550,59.92,51.14,60.00
11560,59.92,51.38,60.00
11570,59.92,51.23,60.00
11580,59.93,51.13,60.00
11590,59.93,51.28,60.00
11600,59.94,51.18,60.00
11610,59.95,51.13,60.00
11620,59.94,51.35,60.00
11630,59.95,51.09,60.00
11640,59.96,51.22,60.00
11650,59.96,51.24,60.00
11660,59.97,51.10,60.00
11670,59.98,51.12,60.00
11680,59.97,51.34,60.00
11690,59.97,51.25,60.00
11700,59.98,51.04,60.00
11710,59.99,51.09,60.00
11720,59.99,51.31,60.00
11730,60.00,51.08,60.00
11740,60.00,51.20,60.00
11750,60.01,51.22,60.00
11760,60.00,51.29,60.00
11770,60.01,51.22,60.00
11780,60.01,51.10,60.00
11790,60.02,51.20,60.00
11800,60.02,51.26,60.00
11810,60.03,51.07,60.00
11820,60.02,51.34,60.00
11830,60.02,51.29,60.00
11840,60.03,51.10,60.00
11850,60.03,51.21,60.00
11860,60.03,51.27,60.00
11870,60.04,50.98,60.00
11880,60.04,51.31,60.00
11890,60.04,51.19,60.00
11900,60.04,51.13,60.00
11910,60.05,51.21,60.00
11920,60.05,51.18,60.00
11930,60.05,51.12,60.00
11940,60.05,51.24,60.00
11950,60.06,51.15,60.00
11960,60.06,51.07,60.00
11970,60.06,51.26,60.00
11980,60.07,51.11,60.00
11990,60.08,51.02,60.00
12000,60.08,51.18,60.00
12010,60.08,51.16,60.00
12020,60.09,51.02,60.06
12030,60.08,51.48,60.11
12040,60.09,51.04,60.17
12050,60.10,51.28,60.23
12060,60.09,51.42,60.28
12070,60.10,51.26,60.34
12080,60.11,51.29,60.40
12090,60.11,51.53,60.46
12100,60.11,51.36,60.51
12110,60.11,51.47,60.57
12120,60.12,51.49,60.63
12130,60.12,51.61,60.69
12140,60.13,51.46,60.75
12150,60.12,51.90,60.81
12160,60.12,51.60,60.87
12170,60.13,51.57,60.93
12180,60.13,51.82,60.99
12190,60.13,51.87,61.05
12200,60.14,51.59,61.11
12210,60.14,52.07,61.17
12220,60.14,51.91,61.23
12230,60.15,51.84,61.29
12240,60.14,52.12,61.35
12250,60.14,52.08,61.42
12260,60.16,51.82,61.48
12270,60.15,52.23,61.54
12280,60.15,52.29,61.60
12290,60.17,51.86,61.67
12300,60.17,52.22,61.73
12310,60.17,52.45,61.79
12320,60.18,52.07,61.86
12330,60.20,52.14,61.92
12340,60.20,52.49,61.99
12350,60.20,52.49,62.05
12360,60.22,52.13,62.12
12370,60.24,52.26,62.18
12380,60.24,52.70,62.25
12390,60.25,52.41,62.31
12400,60.28,52.24,62.38
12410,60.29,52.48,62.45
12420,60.31,52.50,62.51
12430,60.32,52.52,62.58
12440,60.35,52.43,62.65
12450,60.37,52.46,62.71
12460,60.40,52.42,62.78
12470,60.43,52.46,62.85
12480,60.45,52.61,62.92
12490,60.48,52.59,62.99
12500,60.51,52.43,63.05
12510,60.55,52.44,63.12
12520,60.57,52.75,63.19
12530,60.60,52.76,63.26
12540,60.65,52.33,63.33
12550,60.69,52.54,63.40
12560,60.71,52.92,63.47
12570,60.75,52.71,63.54
12580,60.79,52.57,63.61
12590,60.83,52.69,63.68
12600,60.87,52.70,63.75
12610,60.91,52.80,63.83
12620,60.95,52.78,63.90
12630,60.99,52.73,63.97
12640,61.04,52.79,64.04
12650,61.09,52.66,64.11
12660,61.14,52.83,64.19
12670,61.18,52.99,64.26
12680,61.23,52.66,64.33
12690,61.30,52.59,64.41
12700,61.34,52.96,64.48
12710,61.38,53.15,64.55
12720,61.44,52.78,64.63
12730,61.50,52.66,64.70
12740,61.55,52.99,64.78
12750,61.60,53.02,64.85
12760,61.66,52.90,64.93
12770,61.72,52.91,65.00
12780,61.79,52.89,65.08
12790,61.85,52.78,65.15
12800,61.92,52.87,65.23
12810,61.98,53.10,65.31
12820,62.04,53.04,65.38
12830,62.11,52.85,65.46
12840,62.18,52.88,65.54
12850,62.25,52.99,65.61
12860,62.31,53.00,65.69
12870,62.37,53.26,65.77
12880,62.45,52.93,65.85
12890,62.52,52.91,65.93
12900,62.60,52.98,66.00
12910,62.67,53.08,66.08
12920,62.75,52.85,66.16
12930,62.82,53.09,66.24
12940,62.89,53.15,66.32
12950,62.97,53.00,66.40
12960,63.05,53.10,66.48
12970,63.13,53.09,66.56
12980,63.21,53.02,66.64
12990,63.30,52.93,66.72
13000,63.39,52.90,66.80
13010,63.46,53.18,66.88
13020,63.54,53.22,66.97
13030,63.63,53.00,67.05
13040,63.71,53.08,67.13
13050,63.80,53.15,67.21
13060,63.88,53.14,67.29
13070,63.97,53.06,67.38
13080,64.07,52.87,67.46
13090,64.16,53.11,67.54
13100,64.24,53.25,67.63
13110,64.33,53.19,67.71
13120,64.42,53.13,67.79
13130,64.51,53.20,67.88
13140,64.60,53.20,67.96
13150,64.69,53.12,68.05
13160,64.79,53.05,68.13
13170,64.88,53.23,68.22
13180,64.97,53.37,68.30
13190,65.06,53.30,68.39
13200,65.14,53.31,68.47
13210,65.23,53.37,68.56
13220,65.32,53.42,68.64
13230,65.41,53.42,68.73
13240,65.50,53.23,68.82
13250,65.60,53.26,68.90
13260,65.69,53.42,68.99
13270,65.77,53.54,69.08
13280,65.87,53.40,69.16
13290,65.96,53.41,69.25
13300,66.05,53.50,69.34
13310,66.13,53.67,69.43
13320,66.22,53.57,69.51
13330,66.32,53.41,69.60
13340,66.41,53.51,69.69
13350,66.50,53.67,69.78
13360,66.58,53.74,69.87
13370,66.67,53.63,69.96
13380,66.78,53.43,70.05
13390,66.88,53.43,70.14
13400,66.97,53.59,70.23
13410,67.06,53.69,70.32
13420,67.16,53.56,70.41
13430,67.27,53.46,70.50
13440,67.37,53.45,70.59
13450,67.47,53.60,70.68
13460,67.57,53.60,70.77
13470,67.68,53.46,70.86
13480,67.79,53.37,70.95
13490,67.90,53.46,71.04
13500,68.00,53.58,71.13
13510,68.10,53.69,71.23
13520,68.20,53.59,71.32
13530,68.32,53.39,71.41
13540,68.43,53.37,71.50
13550,68.54,53.52,71.60
13560,68.65,53.59,71.69
13570,68.75,53.59,71.78
13580,68.87,53.36,71.88
13590,68.99,53.29,71.97
13600,69.11,53.38,72.06
13610,69.22,53.55,72.16
13620,69.32,53.73,72.25
13630,69.44,53.53,72.34
13640,69.55,53.42,72.44
13650,69.67,53.40,72.53
13660,69.78,53.57,72.63
13670,69.89,53.63,72.72
13680,70.01,53.50,72.82
13690,70.12,53.47,72.91
13700,70.24,53.57,73.01
13710,70.34,53.72,73.10
13720,70.45,53.77,73.20
13730,70.56,53.61,73.30
13740,70.68,53.49,73.39
13750,70.79,53.62,73.49
13760,70.90,53.76,73.58
13770,71.00,53.82,73.68
13780,71.11,53.73,73.78
13790,71.22,53.66,73.87
13800,71.33,53.71,73.97
13810,71.44,53.86,74.07
13820,71.53,53.99,74.17
13830,71.63,53.96,74.26
13840,71.75,53.76,74.36
13850,71.86,53.63,74.46
13860,71.97,53.79,74.56
13870,72.08,53.90,74.65
13880,72.18,53.97,74.75
13890,72.29,53.88,74.85
13900,72.40,53.80,74.95
13910,72.52,53.76,75.05
13920,72.62,54.01,75.15
13930,72.72,54.15,75.25
13940,72.81,54.14,75.35
13950,72.91,54.10,75.44
13960,73.03,53.89,75.54
13970,73.13,54.02,75.64
13980,73.23,54.12,75.74
13990,73.34,54.12,75.84
14000,73.43,54.21,75.94
14010,73.53,54.29,76.04
14020,73.63,54.25,76.14
14030,73.74,54.10,76.24
14040,73.83,54.38,76.34
14050,73.92,54.39,76.44
14060,74.02,54.36,76.54
14070,74.13,54.18,76.64
14080,74.24,54.11,76.75
14090,74.34,54.37,76.85
14100,74.43,54.49,76.95
14110,74.52,54.61,77.05
14120,74.61,54.55,77.15
14130,74.71,54.41,77.25
14140,74.81,54.38,77.35
14150,74.91,54.47,77.45
14160,75.00,54.66,77.56
14170,75.09,54.82,77.66
14180,75.18,54.76,77.76
14190,75.27,54.62,77.86
14200,75.37,54.57,77.96
14210,75.47,54.62,78.07
14220,75.57,54.70,78.17
14230,75.66,54.88,78.27
14240,75.74,54.98,78.37
14250,75.83,55.02,78.48
14260,75.91,55.05,78.58
14270,76.00,54.90,78.68
14280,76.10,54.69,78.78
14290,76.21,54.73,78.89
14300,76.31,54.75,78.99
14310,76.40,54.96,79.09
14320,76.48,55.26,79.20
14330,76.57,55.15,79.30
14340,76.66,55.13,79.40
14350,76.75,55.11,79.50
14360,76.85,54.91,79.61
14370,76.96,54.82,79.71
14380,77.07,54.82,79.82
14390,77.18,54.80,79.92
14400,77.27,55.10,80.02
14410,77.37,55.08,80.13
14420,77.47,55.19,80.23
14430,77.56,55.27,80.33
14440,77.66,55.09,80.44
14450,77.76,55.00,80.54
14460,77.88,54.92,80.64
14470,77.99,54.82,80.75
14480,78.11,54.81,80.85
14490,78.23,54.83,80.96
14500,78.34,54.88,81.06
14510,78.45,55.06,81.16
14520,78.55,55.18,81.27
14530,78.65,55.22,81.37
14540,78.76,55.19,81.48
14550,78.87,55.08,81.58
14560,78.98,55.08,81.68
14570,79.10,54.90,81.79
14580,79.22,54.83,81.89
14590,79.34,54.87,82.00
14600,79.47,54.87,82.10
14610,79.58,55.08,82.20
14620,79.69,55.08,82.31
14630,79.80,55.21,82.41
14640,79.90,55.34,82.52
14650,80.01,55.16,82.62
14660,80.13,55.07,82.73
14670,80.24,55.08,82.83
14680,80.37,54.83,82.93
14690,80.50,54.96,83.04
14700,80.62,55.02,83.14
14710,80.74,54.92,83.25
14720,80.86,55.18,83.35
14730,80.96,55.29,83.45
14740,81.08,55.24,83.56
14750,81.19,55.27,83.66
14760,81.30,55.18,83.77
14770,81.43,55.03,83.87
14780,81.55,54.97,83.97
14790,81.68,54.88,84.08
14800,81.81,54.99,84.18
14810,81.93,54.99,84.29
14820,82.05,55.14,84.39
14830,82.17,55.25,84.49
14840,82.28,55.23,84.60
14850,82.40,55.28,84.70
14860,82.50,55.39,84.80
14870,82.62,55.23,84.91
14880,82.74,55.15,85.01
14890,82.87,55.07,85.11
14900,83.00,54.87,85.22
14910,83.13,54.99,85.32
14920,83.26,55.03,85.42
14930,83.39,54.98,85.53
14940,83.51,55.16,85.63
14950,83.62,55.27,85.73
14960,83.74,55.15,85.84
14970,83.86,55.32,85.94
14980,83.98,55.20,86.04
14990,84.09,55.23,86.14
15000,84.21,55.26,86.25
15010,84.34,55.01,86.35
15020,84.47,55.03,86.45
15030,84.60,55.02,86.55
15040,84.73,55.00,86.65
15050,84.85,55.10,86.76
15060,84.98,55.11,86.86
15070,85.10,55.04,86.96
15080,85.22,55.29,87.06
15090,85.33,55.37,87.16
15100,85.44,55.43,87.26
15110,85.56,55.24,87.36
15120,85.67,55.26,87.47
15130,85.80,55.14,87.57
15140,85.92,55.13,87.67
15150,86.04,55.18,87.77
15160,86.16,55.28,87.87
15170,86.27,55.35,87.97
15180,86.38,55.51,88.07
15190,86.48,55.67,88.17
15200,86.58,55.67,88.27
15210,86.67,55.75,88.37
15220,86.77,55.68,88.47
15230,86.87,55.59,88.57
15240,86.98,55.54,88.67
15250,87.09,55.44,88.76
15260,87.21,55.40,88.86
15270,87.33,55.36,88.96
15280,87.44,55.38,89.06
15290,87.55,55.46,89.16
15300,87.67,55.44,89.26
15310,87.77,55.59,89.35
15320,87.87,55.74,89.45
15330,87.97,55.80,89.55
15340,88.06,55.89,89.65
15350,88.15,55.85,89.74
15360,88.25,55.88,89.84
15370,88.34,55.89,89.94
15380,88.44,55.79,90.03
15390,88.54,55.78,90.13
15400,88.64,55.74,90.23
15410,88.75,55.66,90.32
15420,88.86,55.61,90.42
15430,88.98,55.43,90.51
15440,89.09,55.57,90.61
15450,89.21,55.43,90.70
15460,89.33,55.43,90.80
15470,89.44,55.54,90.89
15480,89.56,55.46,90.99
15490,89.66,55.64,91.08
15500,89.77,55.58,91.17
15510,89.88,55.72,91.27
15520,89.98,55.78,91.36
15530,90.08,55.76,91.45
15540,90.18,55.92,91.54
15550,90.28,55.82,91.64
15560,90.37,55.87,91.73
15570,90.48,55.69,91.82
15580,90.59,55.69,91.91
15590,90.69,55.66,92.00
15600,90.80,55.64,92.09
15610,90.92,55.47,92.18
15620,91.04,55.48,92.27
15630,91.15,55.44,92.36
15640,91.27,55.39,92.45
15650,91.40,55.28,92.54
15660,91.51,55.46,92.63
15670,91.63,55.44,92.72
15680,91.74,55.48,92.81
15690,91.85,55.65,92.89
15700,91.95,55.62,92.98
15710,92.05,55.81,93.07
15720,92.15,55.75,93.16
15730,92.25,55.80,93.24
15740,92.34,55.81,93.33
15750,92.44,55.80,93.41
15760,92.54,55.74,93.50
15770,92.65,55.60,93.58
15780,92.75,55.60,93.67
15790,92.87,55.34,93.75
15800,92.99,55.41,93.84
15810,93.11,55.34,93.92
15820,93.22,55.30,94.00
15830,93.34,55.37,94.09
15840,93.45,55.35,94.17
15850,93.56,55.51,94.25
15860,93.66,55.64,94.33
15870,93.76,55.64,94.41
15880,93.85,55.74,94.49
15890,93.94,55.85,94.57
15900,94.03,55.88,94.65
15910,94.12,55.84,94.73
15920,94.21,55.78,94.81
15930,94.30,55.72,94.89
15940,94.40,55.64,94.97
15950,94.50,55.59,95.05
15960,94.60,55.54,95.13
15970,94.71,55.50,95.20
15980,94.81,55.58,95.28
15990,94.91,55.47,95.35
16000,95.00,55.65,95.43
16010,95.09,55.73,95.51
16020,95.18,55.76,95.58
16030,95.26,55.89,95.65
16040,95.34,55.96,95.73
16050,95.42,55.98,95.80
16060,95.50,55.97,95.87
16070,95.57,56.04,95.95
16080,95.65,56.05,96.02
16090,95.72,55.97,96.09
16100,95.80,55.95,96.16
16110,95.88,55.88,96.23
16120,95.97,55.83,96.30
16130,96.04,56.14,96.37
16140,96.11,56.05,96.44
16150,96.19,55.96,96.51
16160,96.27,55.93,96.57
16170,96.36,55.69,96.64
16180,96.45,55.71,96.71
16190,96.53,55.74,96.77
16200,96.61,55.87,96.84
16210,96.69,55.90,96.90
16220,96.77,55.92,96.97
16230,96.84,56.07,97.03
16240,96.91,56.11,97.10
16250,96.97,56.14,97.16
16260,97.03,56.20,97.22
16270,97.09,56.23,97.28
16280,97.16,56.19,97.34
16290,97.22,56.22,97.41
16300,97.28,56.17,97.46
16310,97.35,56.12,97.52
16320,97.41,56.17,97.58
16330,97.48,56.12,97.64
16340,97.55,56.09,97.70
16350,97.62,56.02,97.76
16360,97.69,55.99,97.81
16370,97.76,55.99,97.87
16380,97.84,55.91,97.92
16390,97.91,55.86,97.98
16400,97.99,55.87,98.03
16410,98.07,55.73,98.08
16420,98.15,55.73,98.14
16430,98.23,55.81,98.19
16440,98.31,55.70,98.24
16450,98.39,55.79,98.29
16460,98.46,55.76,98.34
16470,98.54,55.71,98.39
16480,98.62,55.73,98.44
16490,98.69,55.77,98.49
16500,98.76,55.85,98.54
16510,98.82,55.97,98.58
16520,98.88,55.99,98.63
16530,98.94,56.07,98.67
16540,98.98,56.27,98.72
16550,99.04,56.16,98.76
16560,99.08,56.34,98.81
16570,99.12,56.29,98.85
16580,99.16,56.35,98.89
16590,99.20,56.41,98.93
16600,99.25,56.30,98.97
16610,99.29,56.30,99.01
16620,99.34,56.22,99.05
16630,99.39,56.11,99.09
16640,99.44,56.19,99.13
16650,99.49,56.12,99.16
16660,99.54,56.03,99.20
16670,99.60,56.05,99.24
16680,99.65,55.93,99.27
16690,99.71,55.91,99.30
16700,99.77,55.92,99.34
16710,99.83,55.91,99.37
16720,99.88,55.91,99.40
16730,99.94,55.90,99.43
16740,100.00,55.84,99.46
16750,100.04,56.02,99.49
16760,100.09,56.05,99.52
16770,100.13,56.12,99.55
16780,100.17,56.21,99.58
16790,100.20,56.28,99.60
16800,100.23,56.39,99.63
16810,100.25,56.43,99.65
16820,100.28,56.42,99.68
16830,100.30,56.48,99.70
16840,100.32,56.51,99.72
16850,100.35,56.36,99.74
16860,100.37,56.37,99.76
16870,100.40,56.36,99.78
16880,100.43,56.28,99.80
16890,100.46,56.19,99.82
16900,100.50,56.12,99.84
16910,100.54,56.07,99.85
16920,100.57,56.17,99.87
16930,100.61,56.03,99.88
16940,100.65,55.96,99.90
16950,100.69,56.00,99.91
16960,100.73,55.88,99.92
16970,100.78,55.78,99.93
16980,100.82,55.87,99.94
16990,100.87,55.73,99.95
17000,100.91,55.83,99.96
17010,100.95,55.80,99.97
17020,100.99,55.78,99.98
17030,101.02,55.92,99.98
17040,101.05,55.85,99.99
17050,101.08,55.96,99.99
17060,101.10,56.09,100.00
17070,101.13,55.99,100.00
17080,101.14,56.11,100.00
17090,101.16,56.13,100.00
17100,101.17,56.17,100.00
17110,101.18,56.24,100.00
17120,101.19,56.20,100.00
17130,101.21,56.12,99.99
17140,101.22,56.05,99.99
17150,101.24,55.95,99.98
17160,101.26,55.90,99.98
17170,101.28,55.89,99.97
17180,101.31,55.80,99.96
17190,101.33,55.71,99.95
17200,101.36,55.75,99.95
17210,101.38,55.62,99.93
17220,101.41,55.55,99.92
17230,101.44,55.59,99.91
17240,101.46,55.77,99.90
17250,101.47,55.69,99.88
17260,101.50,55.55,99.87
17270,101.53,55.42,99.85
17280,101.55,55.43,99.83
17290,101.57,55.45,99.81
17300,101.59,55.52,99.80
17310,101.60,55.60,99.77
17320,101.61,55.63,99.75
17330,101.62,55.67,99.73
17340,101.62,55.82,99.71
17350,101.62,55.66,99.68
17360,101.62,55.64,99.66
17370,101.63,55.51,99.63
17380,101.64,55.39,99.60
17390,101.66,55.22,99.58
17400,101.68,55.25,99.55
17410,101.70,55.13,99.52
17420,101.71,55.24,99.48
17430,101.72,55.15,99.45
17440,101.73,55.32,99.42
17450,101.72,55.43,99.38
17460,101.72,55.46,99.35
17470,101.71,55.55,99.31
17480,101.69,55.57,99.27
17490,101.68,55.38,99.23
17500,101.68,55.30,99.19
17510,101.68,55.13,99.15
17520,101.68,55.06,99.11
17530,101.68,55.04,99.07
17540,101.69,54.95,99.02
17550,101.68,55.07,98.98
17560,101.67,55.24,98.93
17570,101.65,55.26,98.89
17580,101.63,55.38,98.84
17590,101.60,55.32,98.79
17600,101.59,55.11,98.74
17610,101.58,54.92,98.68
17620,101.58,54.74,98.63
17630,101.58,54.65,98.58
17640,101.58,54.59,98.52
17650,101.58,54.63,98.47
17660,101.57,54.68,98.41
17670,101.55,54.82,98.35
17680,101.53,54.81,98.29
17690,101.51,54.83,98.23
17700,101.49,54.61,98.17
17710,101.49,54.25,98.11
17720,101.50,54.17,98.04
17730,101.50,54.08,97.98
17740,101.50,54.09,97.91
17750,101.49,54.24,97.85
17760,101.47,54.25,97.78
17770,101.46,54.25,97.71
17780,101.44,54.18,97.64
17790,101.43,53.96,97.57
17800,101.44,53.70,97.49
17810,101.44,53.57,97.42
17820,101.44,53.60,97.35
17830,101.42,53.83,97.27
17840,101.40,53.87,97.19
17850,101.39,53.73,97.11
17860,101.38,53.57,97.03
17870,101.38,53.22,96.95
17880,101.37,53.29,96.87
17890,101.35,53.51,96.79
17900,101.33,53.57,96.70
17910,101.30,53.55,96.62
17920,101.28,53.22,96.53
17930,101.27,53.15,96.45
17940,101.25,53.11,96.36
17950,101.21,53.42,96.27
17960,101.17,53.44,96.18
17970,101.14,53.19,96.08
17980,101.13,52.85,95.99
17990,101.10,52.92,95.90
18000,101.06,53.15,95.80
18010,101.01,53.21,95.70
18020,100.98,52.99,95.61
18030,100.94,52.80,95.51
18040,100.91,52.79,95.41
18050,100.86,53.00,95.30
18060,100.80,53.11,95.20
18070,100.75,52.95,95.10
18080,100.70,52.64,94.99
18090,100.65,52.75,94.89
18100,100.59,53.00,94.78
18110,100.52,52.95,94.67
18120,100.46,52.63,94.56
18130,100.41,52.58,94.45
18140,100.34,52.81,94.34
18150,100.26,52.91,94.23
18160,100.19,52.60,94.11
18170,100.13,52.51,94.00
18180,100.04,52.78,93.88
18190,99.96,52.88,93.76
18200,99.88,52.61,93.64
18210,99.80,52.43,93.52
18220,99.71,52.72,93.40
18230,99.61,52.85,93.28
18240,99.52,52.61,93.16
18250,99.43,52.46,93.03
18260,99.33,52.69,92.90
18270,99.22,52.84,92.78
18280,99.12,52.58,92.65
18290,99.01,52.51,92.52
18300,98.90,52.76,92.39
18310,98.77,52.87,92.26
18320,98.66,52.61,92.12
18330,98.54,52.63,91.99
18340,98.41,52.90,91.85
18350,98.27,52.99,91.72
18360,98.14,52.67,91.58
18370,98.02,52.63,91.44
18380,97.87,52.97,91.30
18390,97.72,53.06,91.16
18400,97.58,52.73,91.02
18410,97.44,52.69,90.87
18420,97.30,52.66,90.73
18430,97.14,53.02,90.58
18440,96.98,53.03,90.44
18450,96.82,52.96,90.29
18460,96.65,53.14,90.14
18470,96.49,52.95,89.99
18480,96.33,52.84,89.84
18490,96.16,52.95,89.68
18500,95.98,53.17,89.53
18510,95.81,53.02,89.38
18520,95.65,52.79,89.22
18530,95.48,52.93,89.06
18540,95.29,53.20,88.90
18550,95.10,53.17,88.74
18560,94.93,52.85,88.58
18570,94.75,52.97,88.42
18580,94.56,53.17,88.26
18590,94.37,53.13,88.09
18600,94.19,52.95,87.93
18610,94.00,52.91,87.76
18620,93.81,53.11,87.59
18630,93.61,53.14,87.43
18640,93.42,53.00,87.26
18650,93.24,52.83,87.09
18660,93.04,53.15,86.91
18670,92.83,53.19,86.74
18680,92.64,52.91,86.57
18690,92.45,52.84,86.39
18700,92.25,52.93,86.21
18710,92.05,53.12,86.04
18720,91.84,53.10,85.86
18730,91.65,52.79,85.68
18740,91.44,53.06,85.50
18750,91.22,53.21,85.32
18760,91.01,53.13,85.13
18770,90.80,52.95,84.95
18780,90.60,52.87,84.76
18790,90.39,53.04,84.58
18800,90.17,53.05,84.39
18810,89.97,52.82,84.20
18820,89.77,52.71,84.01
18830,89.55,52.98,83.82
18840,89.33,53.08,83.63
18850,89.12,52.80,83.44
18860,88.91,52.78,83.24
18870,88.69,52.94,83.05
18880,88.47,53.00,82.85
18890,88.25,52.90,82.66
18900,88.04,52.70,82.46
18910,87.82,52.87,82.26
18920,87.60,52.93,82.06
18930,87.37,52.99,81.86
18940,87.15,52.79,81.66
18950,86.93,52.83,81.45
18960,86.70,52.89,81.25
18970,86.49,52.64,81.04
18980,86.27,52.63,80.84
18990,86.05,52.59,80.63
19000,85.83,52.73,80.42
19010,85.60,52.76,80.21
19020,85.38,52.60,80.00
19030,85.16,52.60,79.79
19040,84.93,52.77,79.58
19050,84.70,52.66,79.37
19060,84.48,52.48,79.16
19070,84.25,52.53,78.94
19080,84.02,52.65,78.73
19090,83.78,52.77,78.51
19100,83.55,52.58,78.29
19110,83.32,52.49,78.07
19120,83.09,52.63,77.85
19130,82.86,52.53,77.63
19140,82.63,52.38,77.41
19150,82.40,52.44,77.19
19160,82.16,52.62,76.97
19170,81.92,52.56,76.74
19180,81.69,52.32,76.52
19190,81.46,52.29,76.29
19200,81.21,52.66,76.07
19210,80.97,52.51,75.84
19220,80.73,52.32,75.61
19230,80.49,52.41,75.38
19240,80.26,52.31,75.15
19250,80.03,52.16,74.92
19260,79.79,52.33,74.69
19270,79.55,52.27,74.46
19280,79.31,52.24,74.23
19290,79.07,52.12,73.99
19300,78.84,52.11,73.76
19310,78.59,52.31,73.52
19320,78.35,52.03,73.28
19330,78.13,51.84,73.05
19340,77.88,52.16,72.81
19350,77.63,52.22,72.57
19360,77.40,51.79,72.33
19370,77.16,51.87,72.09
19380,76.92,52.05,71.85
19390,76.68,51.92,71.61
19400,76.44,51.71,71.37
19410,76.21,51.76,71.12
19420,75.96,51.85,70.88
19430,75.72,51.70,70.64
19440,75.49,51.57,70.39
19450,75.25,51.77,70.15
19460,75.01,51.64,69.90
19470,74.77,51.47,69.65
19480,74.53,51.60,69.40
19490,74.29,51.43,69.16
19500,74.05,51.51,68.91
19510,73.81,51.49,68.66
19520,73.56,51.52,68.41
19530,73.32,51.36,68.16
19540,73.08,51.41,67.91
19550,72.83,51.44,67.65
19560,72.59,51.19,67.40
19570,72.35,51.32,67.15
19580,72.10,51.34,66.89
19590,71.85,51.25,66.64
19600,71.61,51.05,66.38
19610,71.36,51.24,66.13
19620,71.12,51.07,65.87
19630,70.87,51.22,65.62
19640,70.61,51.18,65.36
19650,70.37,50.98,65.10
19660,70.12,50.94,64.84
19670,69.87,51.04,64.59
19680,69.63,50.70,64.33
19690,69.38,50.92,64.07
19700,69.14,50.82,63.81
19710,68.90,50.59,63.55
19720,68.65,50.66,63.29
19730,68.41,50.66,63.03
19740,68.17,50.34,62.77
19750,67.93,50.51,62.50
19760,67.69,50.38,62.24
19770,67.46,50.21,61.98
19780,67.22,50.32,61.72
19790,66.98,50.20,61.45
19800,66.74,50.07,61.19
19810,66.50,50.15,60.93
19820,66.27,49.96,60.66
19830,66.03,49.92,60.40
19840,65.79,49.91,60.13
19850,65.56,49.74,59.87
19860,65.33,49.62,59.60
19870,65.10,49.77,59.34
19880,64.87,49.47,59.07
19890,64.64,49.53,58.81
19900,64.41,49.44,58.54
19910,64.18,49.36,58.27
19920,63.94,49.38,58.01
19930,63.71,49.19,57.74
19940,63.48,49.30,57.47
19950,63.24,49.26,57.21
19960,63.01,49.04,56.94
19970,62.78,49.13,56.67
19980,62.55,48.95,56.41
19990,62.32,48.85,56.14
20000,62.08,48.93,55.87
20010,61.85,48.81,55.60
20020,61.61,48.84,55.34
20030,61.38,48.72,55.07
20040,61.14,48.69,54.80
20050,60.91,48.53,54.53
20060,60.68,48.40,54.26
20070,60.45,48.47,54.00
20080,60.22,48.25,53.73
20090,59.99,48.40,53.46
20100,59.76,48.20,53.19
20110,59.52,48.30,52.92
20120,59.29,47.96,52.66
20130,59.06,48.10,52.39
20140,58.83,47.92,52.12
20150,58.60,47.85,51.85
20160,58.37,47.71,51.59
20170,58.14,47.74,51.32
20180,57.91,47.68,51.05
20190,57.68,47.59,50.79
20200,57.45,47.52,50.52
20210,57.23,47.38,50.25
20220,57.00,47.40,49.99
20230,56.77,47.19,49.72
20240,56.54,47.24,49.46
20250,56.32,47.11,49.19
20260,56.09,47.08,48.92
20270,55.86,46.93,48.66
20280,55.64,46.90,48.39
20290,55.41,46.86,48.13
20300,55.18,46.77,47.87
20310,54.95,46.74,47.60
20320,54.73,46.63,47.34
20330,54.50,46.57,47.08
20340,54.28,46.40,46.81
20350,54.05,46.42,46.55
20360,53.83,46.20,46.29
20370,53.60,46.26,46.03
20380,53.38,46.07,45.77
20390,53.16,46.07,45.50
20400,52.93,46.10,45.24
20410,52.71,45.91,44.98
20420,52.48,45.90,44.73
20430,52.26,45.67,44.47
20440,52.03,45.90,44.21
20450,51.80,45.78,43.95
20460,51.57,45.64,43.69
20470,51.34,45.55,43.44
20480,51.12,45.34,43.18
20490,50.90,45.46,42.93
20500,50.68,45.14,42.67
20510,50.46,45.18,42.42
20520,50.23,45.21,42.16
20530,50.02,44.83,41.91
20540,49.80,44.82,41.66
20550,49.58,44.86,41.41
20560,49.37,44.67,41.16
20570,49.15,44.68,40.91
20580,48.94,44.49,40.66
20590,48.72,44.53,40.41
20600,48.50,44.45,40.16
20610,48.29,44.22,39.91
20620,48.07,44.24,39.67
20630,47.85,44.19,39.42
20640,47.64,43.98,39.18
20650,47.44,43.82,38.93
20660,47.22,44.03,38.69
20670,47.02,43.57,38.45
20680,46.81,43.73,38.21
20690,46.60,43.57,37.96
20700,46.39,43.46,37.73
20710,46.18,43.39,37.49
20720,45.96,43.54,37.25
20730,45.77,43.02,37.01
20740,45.56,43.12,36.78
20750,45.36,42.96,36.54
20760,45.15,43.07,36.31
20770,44.94,42.99,36.08
20780,44.74,42.72,35.84
20790,44.53,42.89,35.61
20800,44.32,42.76,35.38
20810,44.11,42.69,35.16
20820,43.92,42.36,34.93
20830,43.71,42.56,34.70
20840,43.49,42.61,34.48
20850,43.29,42.30,34.25
20860,43.08,42.27,34.03
20870,42.87,42.41,33.81
20880,42.65,42.27,33.59
20890,42.44,42.22,33.37
20900,42.24,41.90,33.15
20910,42.04,41.74,32.94
20920,41.84,41.80,32.72
20930,41.63,41.90,32.51
20940,41.42,41.80,32.29
20950,41.23,41.46,32.08
20960,41.03,41.39,31.87
20970,40.83,41.41,31.66
20980,40.62,41.62,31.46
20990,40.41,41.45,31.25
21000,40.21,41.37,31.04
21010,40.01,41.16,30.84
21020,39.81,41.09,30.64
21030,39.60,41.23,30.44
21040,39.39,41.26,30.24
21050,39.17,41.31,30.04
21060,38.94,41.43,29.85
21070,38.73,41.12,29.65
21080,38.53,40.91,29.46
21090,38.33,40.74,29.27
21100,38.13,40.61,29.08
21110,37.93,40.63,28.89
21120,37.72,40.74,28.70
21130,37.52,40.70,28.52
21140,37.31,40.68,28.33
21150,37.09,40.73,28.15
21160,36.88,40.69,27.97
21170,36.68,40.46,27.79
21180,36.48,40.29,27.61
21190,36.28,40.28,27.44
21200,36.09,40.07,27.26
21210,35.90,39.88,27.09
21220,35.71,40.00,26.92
21230,35.51,40.03,26.75
21240,35.32,39.82,26.59
21250,35.12,40.10,26.42
21260,34.91,40.11,26.26
21270,34.71,40.04,26.10
21280,34.50,40.05,25.94
21290,34.30,39.93,25.78
21300,34.10,39.88,25.62
21310,33.90,39.84,25.47
21320,33.70,39.77,25.31
21330,33.51,39.58,25.16
21340,33.33,39.27,25.02
21350,33.15,39.37,24.87
21360,32.98,39.09,24.72
21370,32.81,39.09,24.58
21380,32.64,38.85,24.44
21390,32.47,38.95,24.30
21400,32.31,38.66,24.16
21410,32.15,38.69,24.03
21420,31.99,38.58,23.90
21430,31.83,38.58,23.76
21440,31.68,38.44,23.63
21450,31.52,38.41,23.51
21460,31.37,38.40,23.38
21470,31.22,38.21,23.26
21480,31.06,38.32,23.14
21490,30.90,38.39,23.02
21500,30.74,38.35,22.90
21510,30.58,38.46,22.79
21520,30.40,38.70,22.68
21530,30.21,38.75,22.57
21540,30.03,38.76,22.46
21550,29.84,38.85,22.35
21560,29.66,38.70,22.25
21570,29.49,38.58,22.15
21580,29.33,38.30,22.05
21590,29.19,37.86,21.95
21600,29.05,37.75,21.86
21610,28.93,37.33,21.76
21620,28.82,37.12,21.67
21630,28.71,37.25,21.58
21640,28.60,37.04,21.50
21650,28.47,37.42,21.41
21660,28.33,37.70,21.33
21670,28.16,38.22,21.25
21680,28.00,38.11,21.18
21690,27.84,38.04,21.10
21700,27.70,37.58,21.03
21710,27.58,37.26,20.96
21720,27.47,37.01,20.89
21730,27.37,36.86,20.83
21740,27.26,36.97,20.77
21750,27.14,37.18,20.71
21760,27.01,37.43,20.65
21770,26.86,37.79,20.59
21780,26.72,37.47,20.54
21790,26.62,36.89,20.49
21800,26.52,36.76,20.44
21810,26.42,36.86,20.39
21820,26.30,37.14,20.35
21830,26.17,37.36,20.31
21840,26.04,37.37,20.27
21850,25.93,37.08,20.24
21860,25.82,36.83,20.20
21870,25.73,36.60,20.17
21880,25.66,36.27,20.14
21890,25.58,36.50,20.12
21900,25.46,37.08,20.10
21910,25.37,36.70,20.07
21920,25.29,36.45,20.06
21930,25.20,36.50,20.04
21940,25.10,36.81,20.03
21950,25.02,36.55,20.02
21960,24.95,36.23,20.01
21970,24.88,36.23,20.00
21980,24.79,36.73,20.00
21990,24.68,37.02,20.00
22000,24.59,36.71,20.00
22010,24.53,36.13,20.01
22020,24.47,36.22,20.02
22030,24.38,36.72,20.03
22040,24.29,36.85,20.04
22050,24.22,36.37,20.05
22060,24.18,35.84,20.07
22070,24.13,36.08,20.09
22080,24.06,36.48,20.12
22090,23.99,36.52,20.14
22100,23.94,36.03,20.17
22110,23.89,36.19,20.20
22120,23.81,36.89,20.24
22130,23.72,37.00,20.27
22140,23.66,36.37,20.31
22150,23.62,36.16,20.35
22160,23.56,36.47,20.40
22170,23.50,36.64,20.45
22180,23.47,36.04,20.50
22190,23.44,35.99,20.55
22200,23.40,36.30,20.60
22210,23.34,36.78,20.66
22220,23.29,36.54,20.72
22230,23.25,36.43,20.79
22240,23.20,36.57,20.85
22250,23.15,36.71,20.92
22260,23.12,36.42,20.99
22270,23.10,36.14,21.07
22280,23.09,36.07,21.14
22290,23.07,36.19,21.22
22300,23.05,36.48,21.31
22310,23.02,36.55,21.39
22320,23.00,36.48,21.48
22330,22.98,36.51,21.57
22340,22.95,36.76,21.66
22350,22.93,36.44,21.76
22360,22.94,36.08,21.86
22370,22.96,36.05,21.96
22380,22.94,36.72,22.06
22390,22.91,37.01,22.17
22400,22.91,36.38,22.28
22410,22.91,36.56,22.39
22420,22.90,36.81,22.50
22430,22.90,36.71,22.62
22440,22.93,36.13,22.74
22450,22.96,36.24,22.87
22460,22.96,36.86,22.99
22470,22.95,37.12,23.12
22480,22.97,36.76,23.25
22490,22.98,36.76,23.38
22500,22.98,37.21,23.52
22510,22.97,37.39,23.66
22520,22.98,37.12,23.80
22530,23.01,36.82,23.95
22540,23.04,37.03,24.09
22550,23.05,37.32,24.24
22560,23.07,37.31,24.40
22570,23.10,37.08,24.55
22580,23.14,37.08,24.71
22590,23.16,37.47,24.87
22600,23.17,37.93,25.03
22610,23.19,37.65,25.20
22620,23.23,37.34,25.37
22630,23.28,37.31,25.54
22640,23.30,37.90,25.71
22650,23.31,38.31,25.89
22660,23.33,38.37,26.06
22670,23.36,38.05,26.25
22680,23.40,37.95,26.43
22690,23.43,38.32,26.62
22700,23.44,38.84,26.81
22710,23.45,38.98,27.00
22720,23.49,38.63,27.19
22730,23.54,38.46,27.39
22740,23.59,38.55,27.59
22750,23.61,39.17,27.79
22760,23.62,39.50,27.99
22770,23.64,39.59,28.20
22780,23.69,39.10,28.41
22790,23.75,38.97,28.62
22800,23.80,39.20,28.83
22810,23.85,39.48,29.05
22820,23.88,39.94,29.27
22830,23.89,40.54,29.49
22840,23.92,40.47,29.72
22850,23.96,40.18,29.94
22860,24.02,40.01,30.17
22870,24.10,39.65,30.40
22880,24.17,40.08,30.64
22890,24.23,40.23,30.87
22900,24.29,40.72,31.11
22910,24.32,41.11,31.35
22920,24.35,41.59,31.60
22930,24.38,41.68,31.84
22940,24.41,41.70,32.09
22950,24.46,41.71,32.34
22960,24.53,41.23,32.59
22970,24.62,41.26,32.85
22980,24.72,40.96,33.10
22990,24.82,41.19,33.36
23000,24.93,41.13,33.62
23010,25.04,41.27,33.89
23020,25.13,41.79,34.15
23030,25.23,41.95,34.42
23040,25.33,41.97,34.69
23050,25.43,42.02,34.96
23060,25.54,42.11,35.24
23070,25.65,42.24,35.51
23080,25.76,42.34,35.79
23090,25.88,42.37,36.07
23100,25.99,42.79,36.36
23110,26.10,42.98,36.64
23120,26.21,43.08,36.93
23130,26.31,43.36,37.22
23140,26.42,43.52,37.51
23150,26.53,43.61,37.80
23160,26.65,43.67,38.09
23170,26.77,43.69,38.39
23180,26.92,43.47,38.69
23190,27.06,43.56,38.99
23200,27.23,43.43,39.29
23210,27.38,43.77,39.60
23220,27.53,44.04,39.90
23230,27.67,44.29,40.21
23240,27.83,44.29,40.52
23250,27.99,44.30,40.83
23260,28.17,44.12,41.14
23270,28.35,44.13,41.46
23280,28.54,44.39,41.78
23290,28.71,44.70,42.09
23300,28.89,44.77,42.41
23310,29.09,44.63,42.74
23320,29.30,44.40,43.06
23330,29.51,44.62,43.38
23340,29.71,45.03,43.71
23350,29.91,45.09,44.04
23360,30.14,44.75,44.37
23370,30.38,44.69,44.70
23380,30.61,45.05,45.03
23390,30.83,45.43,45.36
23400,31.07,45.15,45.70
23410,31.33,44.94,46.04
23420,31.58,45.24,46.37
23430,31.82,45.56,46.71
23440,32.08,45.36,47.05
23450,32.35,45.33,47.40
23460,32.62,45.39,47.74
23470,32.87,45.93,48.08
23480,33.14,45.70,48.43
23490,33.42,45.69,48.78
23500,33.69,45.94,49.13
23510,33.98,45.87,49.48
23520,34.27,45.84,49.83
23530,34.55,46.16,50.18
23540,34.84,46.29,50.53
23550,35.13,46.22,50.88
23560,35.43,46.26,51.24
23570,35.73,46.49,51.59
23580,36.03,46.49,51.95
23590,36.34,46.53,52.31
23600,36.64,46.79,52.67
23610,36.95,46.76,53.03
23620,37.27,46.60,53.39
23630,37.58,46.94,53.75
23640,37.90,47.00,54.11
23650,38.22,47.03,54.47
23660,38.55,47.08,54.83
23670,38.88,47.09,55.20
23680,39.21,47.19,55.56
23690,39.54,47.46,55.93
23700,39.88,47.35,56.29
23710,40.21,47.48,56.66
23720,40.55,47.56,57.03
23730,40.89,47.78,57.40
23740,41.22,48.04,57.76
23750,41.57,47.69,58.13
23760,41.92,47.94,58.50
23770,42.27,47.96,58.87
23780,42.62,48.09,59.24
23790,42.96,48.33,59.61
23800,43.32,48.25,59.98
23810,43.67,48.51,60.35
23820,44.03,48.41,60.72
23830,44.38,48.58,61.09
23840,44.74,48.75,61.46
23850,45.09,48.89,61.84
23860,45.45,48.93,62.21
23870,45.81,48.98,62.58
23880,46.17,49.15,62.95
23890,46.53,49.16,63.32
23900,46.89,49.38,63.69
23910,47.26,49.19,64.06
23920,47.62,49.53,64.44
23930,48.00,49.44,64.81
23940,48.35,49.88,65.18
23950,48.72,49.86,65.55
23960,49.07,50.07,65.92
23970,49.44,49.96,66.29
23980,49.81,50.13,66.66
23990,50.18,50.23,67.03
24000,50.54,50.48,67.40
24010,50.91,50.41,67.77
24020,51.28,50.52,68.14
24030,51.64,50.76,68.51
24040,52.02,50.64,68.87
24050,52.39,50.81,69.24
24060,52.76,50.98,69.61
24070,53.13,51.04,69.97
24080,53.50,51.26,70.34
24090,53.87,51.28,70.70
24100,54.24,51.29,71.07
24110,54.61,51.56,71.43
24120,54.98,51.55,71.79
24130,55.35,51.75,72.16
24140,55.72,51.83,72.52
24150,56.09,52.02,72.88
24160,56.45,52.13,73.24
24170,56.83,52.04,73.59
24180,57.19,52.34,73.95
24190,57.57,52.27,74.31
24200,57.94,52.45,74.66
24210,58.32,52.27,75.02
24220,58.70,52.54,75.37
24230,59.07,52.63,75.72
24240,59.45,52.64,76.07
24250,59.84,52.62,76.42
24260,60.21,53.04,76.77
24270,60.59,52.85,77.12
24280,60.98,52.76,77.46
24290,61.35,53.24,77.81
24300,61.73,53.22,78.15
24310,62.12,53.10,78.49
24320,62.50,53.26,78.83
24330,62.89,53.40,79.17
24340,63.27,53.41,79.50
24350,63.66,53.48,79.84
24360,64.03,53.68,80.17
24370,64.42,53.68,80.51
24380,64.81,53.56,80.84
24390,65.20,53.62,81.16
24400,65.59,53.91,81.49
24410,65.96,54.12,81.82
24420,66.34,54.14,82.14
24430,66.73,54.03,82.46
24440,67.11,54.20,82.78
24450,67.49,54.34,83.10
24460,67.87,54.33,83.41
24470,68.26,54.20,83.73
24480,68.65,54.29,84.04
24490,69.03,54.54,84.35
24500,69.41,54.70,84.66
24510,69.79,54.74,84.96
24520,70.17,54.68,85.26
24530,70.55,54.67,85.57
24540,70.93,54.87,85.86
24550,71.30,55.03,86.16
24560,71.67,55.16,86.45
24570,72.04,55.21,86.75
24580,72.43,54.97,87.04
24590,72.81,54.94,87.32
24600,73.20,54.99,87.61
24610,73.58,55.22,87.89
24620,73.95,55.39,88.17
24630,74.31,55.48,88.45
24640,74.68,55.46,88.72
24650,75.06,55.33,88.99
24660,75.45,55.24,89.26
24670,75.83,55.24,89.53
24680,76.21,55.37,89.80
24690,76.59,55.49,90.06
24700,76.96,55.63,90.32
24710,77.33,55.70,90.57
24720,77.70,55.68,90.82
24730,78.07,55.62,91.07
24740,78.45,55.54,91.32
24750,78.83,55.58,91.57
24760,79.20,55.54,91.81
24770,79.59,55.41,92.05
24780,79.96,55.65,92.28
24790,80.33,55.80,92.52
24800,80.69,55.78,92.75
24810,81.06,55.90,92.97
24820,81.42,55.88,93.19
24830,81.78,55.77,93.42
24840,82.16,55.53,93.63
24850,82.54,55.51,93.85
24860,82.92,55.45,94.06
24870,83.30,55.45,94.26
24880,83.67,55.59,94.47
24890,84.04,55.65,94.67
24900,84.40,55.77,94.87
24910,84.75,55.88,95.06
24920,85.10,55.82,95.25
24930,85.46,55.73,95.44
24940,85.82,55.68,95.62
24950,86.18,55.54,95.80
24960,86.55,55.41,95.98
24970,86.91,55.41,96.16
24980,87.27,55.42,96.33
24990,87.64,55.32,96.49
25000,87.99,55.41,96.65
25010,88.34,55.55,96.81
25020,88.68,55.61,96.97
25030,89.02,55.61,97.12
25040,89.36,55.51,97.27
25050,89.70,55.40,97.41
25060,90.05,55.30,97.56
25070,90.40,55.10,97.69
25080,90.75,55.14,97.83
25090,91.09,55.04,97.96
25100,91.44,55.01,98.08
25110,91.77,55.08,98.20
25120,92.10,55.23,98.32
25130,92.42,55.29,98.44
25140,92.73,55.38,98.55
25150,93.04,55.17,98.65
25160,93.36,54.94,98.76
25170,93.68,54.91,98.85
25180,94.01,54.70,98.95
25190,94.33,54.65,99.04
25200,94.65,54.72,99.13
25210,94.95,54.76,99.21
25220,95.26,54.77,99.29
25230,95.55,54.86,99.36
25240,95.83,54.85,99.43
25250,96.12,54.78,99.50
25260,96.41,54.59,99.56
25270,96.71,54.34,99.62
25280,97.00,54.36,99.68
25290,97.27,54.48,99.73
25300,97.55,54.45,99.77
25310,97.81,54.63,99.81
25320,98.06,54.65,99.85
25330,98.31,54.55,99.88
25340,98.57,54.35,99.91
25350,98.83,54.07,99.94
25360,99.09,54.04,99.96
25370,99.34,54.03,99.98
25380,99.58,54.07,99.99
25390,99.81,54.24,100.00
25400,100.03,54.39,100.00
25410,100.24,54.24,100.00
25420,100.47,53.82,99.99
25430,100.69,53.89,99.99
25440,100.89,54.14,99.97
25450,101.09,54.01,99.95
25460,101.30,53.83,99.93
25470,101.50,53.59,99.91
25480,101.71,53.56,99.88
25490,101.90,53.59,99.84
25500,102.07,53.87,99.80
25510,102.24,53.75,99.76
25520,102.42,53.49,99.71
25530,102.60,53.25,99.66
25540,102.77,53.25,99.60
25550,102.93,53.36,99.54
25560,103.08,53.54,99.48
25570,103.22,53.35,99.41
25580,103.37,53.14,99.33
25590,103.52,52.97,99.25
25600,103.65,53.21,99.17
25610,103.76,53.43,99.08
25620,103.88,53.29,98.99
25630,104.00,52.93,98.90
25640,104.12,52.78,98.80
25650,104.22,52.97,98.69
25660,104.31,53.21,98.59
25670,104.39,53.03,98.47
25680,104.48,52.72,98.36
25690,104.57,52.70,98.23
25700,104.63,52.97,98.11
25710,104.69,52.99,97.98
25720,104.76,52.60,97.84
25730,104.82,52.54,97.70
25740,104.86,52.74,97.56
25750,104.90,52.77,97.41
25760,104.93,52.58,97.26
25770,104.97,52.39,97.11
25780,104.99,52.61,96.95
25790,104.99,52.75,96.78
25800,105.00,52.57,96.61
25810,105.01,52.31,96.44
25820,105.00,52.49,96.26
25830,104.98,52.64,96.08
25840,104.96,52.46,95.90
25850,104.95,52.18,95.71
25860,104.92,52.20,95.51
25870,104.88,52.47,95.32
25880,104.84,52.15,95.11
25890,104.81,51.84,94.91
25900,104.77,51.97,94.70
25910,104.71,52.12,94.48
25920,104.66,51.78,94.27
25930,104.61,51.52,94.04
25940,104.55,51.75,93.82
25950,104.48,51.67,93.59
25960,104.42,51.19,93.35
25970,104.35,51.30,93.11
25980,104.27,51.49,92.87
25990,104.19,51.11,92.63
26000,104.11,50.98,92.38
26010,104.01,51.26,92.12
26020,103.91,51.07,91.86
26030,103.82,50.64,91.60
26040,103.72,50.82,91.34
26050,103.59,51.02,91.07
26060,103.49,50.47,90.79
26070,103.37,50.60,90.52
26080,103.23,50.76,90.24
26090,103.10,50.34,89.95
26100,102.97,50.34,89.67
26110,102.82,50.60,89.37
26120,102.67,50.18,89.08
26130,102.51,50.36,88.78
26140,102.34,50.43,88.48
26150,102.18,50.09,88.17
26160,102.00,50.23,87.86
26170,101.80,50.34,87.55
26180,101.62,49.99,87.23
26190,101.42,50.16,86.91
26200,101.20,50.27,86.59
26210,101.00,49.83,86.27
26220,100.77,50.33,85.94
26230,100.55,49.84,85.60
26240,100.32,49.99,85.27
26250,100.07,50.15,84.93
26260,99.83,49.84,84.59
26270,99.57,49.99,84.24
26280,99.30,50.14,83.89
26290,99.04,49.78,83.54
26300,98.75,50.21,83.18
26310,98.47,49.79,82.83
26320,98.18,50.04,82.47
26330,97.87,50.18,82.10
26340,97.57,49.76,81.74
26350,97.24,50.25,81.37
26360,96.93,49.86,80.99
26370,96.60,50.12,80.62
26380,96.25,50.22,80.24
26390,95.91,50.07,79.86
26400,95.54,50.31,79.48
26410,95.19,50.09,79.09
26420,94.81,50.33,78.71
26430,94.43,50.37,78.32
26440,94.05,50.20,77.92
26450,93.65,50.46,77.53
26460,93.25,50.39,77.13
26470,92.84,50.53,76.73
26480,92.41,50.75,76.33
26490,92.00,50.45,75.92
26500,91.56,50.83,75.52
26510,91.12,50.74,75.11
26520,90.68,50.58,74.70
26530,90.22,50.93,74.28
26540,89.76,50.90,73.87
26550,89.30,50.78,73.45
26560,88.82,51.15,73.03
26570,88.35,50.92,72.61
26580,87.85,51.28,72.19
26590,87.36,51.08,71.76
26600,86.85,51.52,71.34
26610,86.35,51.19,70.91
26620,85.84,51.39,70.48
26630,85.31,51.75,70.05
26640,84.80,51.35,69.62
26650,84.26,51.63,69.18
26660,83.73,51.68,68.75
26670,83.19,51.63,68.31
26680,82.66,51.64,67.87
26690,82.11,51.85,67.43
26700,81.56,51.64,66.99
26710,81.02,51.75,66.55
26720,80.45,51.98,66.11
26730,79.90,51.74,65.67
26740,79.35,51.69,65.22
26750,78.78,52.09,64.78
26760,78.23,51.69,64.33
26770,77.68,51.65,63.88
26780,77.11,51.95,63.43
26790,76.54,51.92,62.99
26800,75.99,51.63,62.54
26810,75.43,51.58,62.09
26820,74.86,51.97,61.64
26830,74.30,51.63,61.19
26840,73.75,51.46,60.73
26850,73.17,51.97,60.28
26860,72.61,51.54,59.83
26870,72.06,51.42,59.38
26880,71.50,51.55,58.93
26890,70.94,51.63,58.47
26900,70.39,51.30,58.02
26910,69.84,51.20,57.57
26920,69.28,51.36,57.12
26930,68.74,51.12,56.66
26940,68.20,50.95,56.21
26950,67.65,51.15,55.76
26960,67.11,50.97,55.31
26970,66.57,50.91,54.86
26980,66.04,50.80,54.40
26990,65.50,50.79,53.95
27000,64.98,50.44,53.50
27010,64.46,50.38,53.05
27020,63.94,50.41,52.61
27030,63.43,50.08,52.16
27040,62.93,49.92,51.71
27050,62.42,49.99,51.26
27060,61.93,49.61,50.82
27070,61.44,49.59,50.37
27080,60.94,49.68,49.93
27090,60.46,49.18,49.49
27100,59.98,49.31,49.04
27110,59.50,49.08,48.60
27120,59.03,48.89,48.17
27130,58.56,48.88,47.73
27140,58.09,48.67,47.29
27150,57.64,48.41,46.86
27160,57.18,48.56,46.42
27170,56.73,48.19,45.99
27180,56.28,48.15,45.56
27190,55.83,47.94,45.13
27200,55.40,47.67,44.70
27210,54.96,47.71,44.28
27220,54.54,47.31,43.86
27230,54.12,47.26,43.43
27240,53.71,46.96,43.01
27250,53.28,47.16,42.60
27260,52.88,46.72,42.18
27270,52.47,46.63,41.77
27280,52.07,46.39,41.36
27290,51.68,46.27,40.95
27300,51.29,46.05,40.54
27310,50.91,45.82,40.14
27320,50.54,45.55,39.74
27330,50.17,45.36,39.34
27340,49.81,45.12,38.94
27350,49.45,45.11,38.55
27360,49.09,44.78,38.16
27370,48.74,44.74,37.77
27380,48.40,44.37,37.38
27390,48.05,44.47,37.00
27400,47.71,44.13,36.62
27410,47.38,43.90,36.24
27420,47.05,43.75,35.87
27430,46.72,43.55,35.50
27440,46.39,43.61,35.13
27450,46.07,43.22,34.76
27460,45.75,43.13,34.40
27470,45.43,43.09,34.04
27480,45.13,42.63,33.69
27490,44.81,42.74,33.34
27500,44.51,42.37,32.99
27510,44.21,42.39,32.65
27520,43.91,42.10,32.31
27530,43.61,41.96,31.97
27540,43.31,41.98,31.64
27550,43.03,41.60,31.31
27560,42.73,41.61,30.98
27570,42.44,41.47,30.66
27580,42.17,41.04,30.34
27590,41.89,41.10,30.03
27600,41.61,40.96,29.71
27610,41.32,41.07,29.41
27620,41.03,40.92,29.11
27630,40.76,40.56,28.81
27640,40.48,40.61,28.51
27650,40.19,40.65,28.23
27660,39.90,40.61,27.94
27670,39.63,40.15,27.66
27680,39.35,40.27,27.38
27690,39.08,40.09,27.11
27700,38.79,40.28,26.84
27710,38.50,40.33,26.58
27720,38.20,40.37,26.32
27730,37.90,40.36,26.07
27740,37.61,40.17,25.82
27750,37.32,40.09,25.57
27760,37.03,39.95,25.33
27770,36.75,39.71,25.10
27780,36.48,39.56,24.87
27790,36.20,39.58,24.64
27800,35.92,39.61,24.42
27810,35.65,39.38,24.21
27820,35.37,39.58,24.00
27830,35.09,39.43,23.79
27840,34.81,39.62,23.59
27850,34.51,39.74,23.39
27860,34.23,39.53,23.20
27870,33.94,39.67,23.02
27880,33.65,39.60,22.84
27890,33.35,39.66,22.66
27900,33.07,39.50,22.49
27910,32.79,39.48,22.33
27920,32.50,39.49,22.17
27930,32.22,39.43,22.02
27940,31.95,39.29,21.87
27950,31.67,39.38,21.73
27960,31.40,39.24,21.59
27970,31.13,39.26,21.46
27980,30.87,39.20,21.33
27990,30.60,39.18,21.21
28000,30.35,38.97,21.10
28010,30.09,39.10,20.99
28020,29.84,38.92,20.88
28030,29.60,38.96,20.79
28040,29.35,39.04,20.69
28050,29.10,38.91,20.61
28060,28.85,39.11,20.52
28070,28.61,38.92,20.45
28080,28.37,38.99,20.38
28090,28.13,39.05,20.32
28100,27.89,39.06,20.26
28110,27.66,39.07,20.21
28120,27.42,39.17,20.16
28130,27.20,38.85,20.12
28140,26.97,39.05,20.08
28150,26.76,38.95,20.06
28160,26.55,38.74,20.03
28170,26.36,38.53,20.02
28180,26.17,38.69,20.01
28190,25.99,38.35,20.00
28200,25.83,38.19,20.00
28210,25.68,37.91,20.01
28220,25.53,37.89,20.02
28230,25.40,37.72,20.04
28240,25.28,37.50,20.06
28250,25.15,37.66,20.10
28260,25.03,37.63,20.13
28270,24.91,37.77,20.17
28280,24.77,38.21,20.22
28290,24.61,38.65,20.28
28300,24.45,38.67,20.34
28310,24.29,38.92,20.41
28320,24.13,38.88,20.48
28330,24.00,38.51,20.56
28340,23.90,37.99,20.64
28350,23.82,37.66,20.73
28360,23.74,37.66,20.83
28370,23.66,37.77,20.93
28380,23.58,37.85,21.04
28390,23.48,38.37,21.15
28400,23.37,38.81,21.28
28410,23.25,39.11,21.40
28420,23.14,38.91,21.53
28430,23.05,38.69,21.67
28440,22.98,38.30,21.82
28450,22.94,38.02,21.97
28460,22.92,37.63,22.12
28470,22.89,37.84,22.29
28480,22.86,38.07,22.45
28490,22.80,38.79,22.63
28500,22.74,38.89,22.81
28510,22.67,39.23,22.99
28520,22.60,39.32,23.18
28530,22.55,39.22,23.38
28540,22.53,38.64,23.58
28550,22.54,38.36,23.79
28560,22.55,38.25,24.00
28570,22.58,38.07,24.22
28580,22.60,38.27,24.45
28590,22.61,38.76,24.68
28600,22.61,39.17,24.92
28610,22.60,39.48,25.16
28620,22.57,39.86,25.41
28630,22.56,39.97,25.66
28640,22.56,39.66,25.92
28650,22.58,39.47,26.18
28660,22.63,39.22,26.45
28670,22.69,38.97,26.73
28680,22.77,38.83,27.01
28690,22.85,38.87,27.30
28700,22.94,38.91,27.59
28710,23.01,39.35,27.88
28720,23.08,39.58,28.18
28730,23.14,40.05,28.49
28740,23.18,40.52,28.80
28750,23.23,40.67,29.12
28760,23.30,40.29,29.44
28770,23.36,40.78,29.77
28780,23.42,40.91,30.10
28790,23.47,41.38,30.44
28800,23.53,41.44,30.78
28810,23.61,41.10,31.13
28820,23.71,40.88,31.48
28830,23.82,41.04,31.83
28840,23.94,40.90,32.19
28850,24.06,41.17,32.56
28860,24.18,41.34,32.93
28870,24.31,41.35,33.30
28880,24.44,41.64,33.68
28890,24.56,41.99,34.07
28900,24.69,42.01,34.45
28910,24.82,42.17,34.84
28920,24.95,42.37,35.24
28930,25.09,42.62,35.64
28940,25.22,42.73,36.05
28950,25.36,43.02,36.45
28960,25.49,43.32,36.87
28970,25.63,43.35,37.28
28980,25.78,43.38,37.70
28990,25.94,43.43,38.13
29000,26.12,43.38,38.56
29010,26.30,43.52,38.99
29020,26.49,43.51,39.42
29030,26.68,43.66,39.86
29040,26.88,43.85,40.30
29050,27.07,44.31,40.75
29060,27.26,44.37,41.20
29070,27.45,44.67,41.65
29080,27.66,44.55,42.11
29090,27.89,44.50,42.57
29100,28.12,44.65,43.03
29110,28.34,45.01,43.49
29120,28.56,45.22,43.96
29130,28.80,45.31,44.43
29140,29.05,45.15,44.91
29150,29.31,45.20,45.38
29160,29.56,45.52,45.86
29170,29.82,45.75,46.34
29180,30.09,45.84,46.83
29190,30.37,45.69,47.31
29200,30.65,46.05,47.80
29210,30.92,46.30,48.29
29220,31.21,46.38,48.79
29230,31.50,46.36,49.28
29240,31.80,46.56,49.78
29250,32.08,47.12,50.28
29260,32.39,46.87,50.78
29270,32.71,46.97,51.28
29280,33.01,47.32,51.79
29290,33.34,47.26,52.30
29300,33.66,47.47,52.80
29310,33.99,47.60,53.31
29320,34.33,47.60,53.82
29330,34.68,47.68,54.34
29340,35.02,48.01,54.85
29350,35.38,47.85,55.36
29360,35.74,48.21,55.88
29370,36.09,48.41,56.40
29380,36.47,48.31,56.91
29390,36.84,48.49,57.43
29400,37.23,48.45,57.95
29410,37.61,48.73,58.47
29420,38.00,48.78,58.99
29430,38.41,48.76,59.51
29440,38.80,49.16,60.03
29450,39.21,48.99,60.55
29460,39.62,49.36,61.07
29470,40.04,49.31,61.60
29480,40.45,49.55,62.12
29490,40.88,49.49,62.64
29500,41.31,49.71,63.16
29510,41.75,49.70,63.68
29520,42.19,49.78,64.20
29530,42.63,50.02,64.72
29540,43.08,50.12,65.24
29550,43.53,50.16,65.76
29560,43.98,50.29,66.28
29570,44.45,50.34,66.79
29580,44.90,50.59,67.31
29590,45.37,50.54,67.82
29600,45.84,50.84,68.34
29610,46.32,50.61,68.85
29620,46.80,50.98,69.36
29630,47.28,50.86,69.87
29640,47.77,50.99,70.38
29650,48.26,51.21,70.89
29660,48.76,51.06,71.40
29670,49.25,51.50,71.90
29680,49.75,51.31,72.40
29690,50.26,51.49,72.90
29700,50.76,51.72,73.40
29710,51.27,51.58,73.90
29720,51.77,52.00,74.39
29730,52.29,51.71,74.88
29740,52.81,51.92,75.37
29750,53.32,52.14,75.86
29760,53.85,51.90,76.35
29770,54.37,52.27,76.83
29780,54.90,52.20,77.31
29790,55.42,52.37,77.78
29800,55.96,52.24,78.26
29810,56.48,52.63,78.73
29820,57.01,52.62,79.19
29830,57.55,52.58,79.66
29840,58.08,52.84,80.12
29850,58.62,52.83,80.58
29860,59.15,52.90,81.03
29870,59.69,53.00,81.48
29880,60.23,53.10,81.93
29890,60.77,53.07,82.37
29900,61.31,53.18,82.81
29910,61.85,53.34,83.25
29920,62.39,53.35,83.68
29930,62.93,53.35,84.11
29940,63.48,53.30,84.53
29950,64.03,53.39,84.95
29960,64.59,53.15,85.37
29970,65.15,53.41,85.78
29980,65.69,53.59,86.19
29990,66.25,53.41,86.59
30000,66.81,53.49,86.99
30010,67.36,53.62,87.38
30020,67.90,53.92,87.77
30030,68.45,53.80,88.15
30040,69.01,53.59,88.53
30050,69.56,53.74,88.91
30060,70.10,53.96,89.28
30070,70.64,54.04,89.64
30080,71.19,53.97,90.00
30090,71.73,53.91,90.35
30100,72.28,54.06,90.70
30110,72.81,54.22,91.04
30120,73.34,54.30,91.38
30130,73.87,54.26,91.71
30140,74.41,54.15,92.04
30150,74.94,54.36,92.36
30160,75.45,54.56,92.67
30170,75.96,54.70,92.98
30180,76.47,54.72,93.28
30190,76.98,54.65,93.58
30200,77.49,54.63,93.87
30210,78.00,54.80,94.16
30220,78.48,55.10,94.43
30230,78.96,55.21,94.71
30240,79.45,55.01,94.97
30250,79.95,54.86,95.23
30260,80.44,54.85,95.49
30270,80.93,54.87,95.73
30280,81.41,55.07,95.97
30290,81.88,55.23,96.21
30300,82.34,55.24,96.44
30310,82.81,55.17,96.66
30320,83.28,55.04,96.87
30330,83.75,54.93,97.08
30340,84.23,54.71,97.28
30350,84.70,54.80,97.47
30360,85.16,54.97,97.66
30370,85.61,55.07,97.84
30380,86.06,55.08,98.02
30390,86.50,55.09,98.18
30400,86.95,54.92,98.34
30410,87.39,54.75,98.49
30420,87.85,54.59,98.64
30430,88.30,54.57,98.78
30440,88.74,54.60,98.91
30450,89.16,54.76,99.03
30460,89.58,54.81,99.15
30470,90.00,54.80,99.26
30480,90.42,54.55,99.36
30490,90.84,54.40,99.45
30500,91.26,54.26,99.54
30510,91.68,54.11,99.62
30520,92.09,54.17,99.69
30530,92.49,54.19,99.75
30540,92.89,54.24,99.81
30550,93.27,54.28,99.86
30560,93.66,53.93,99.90
30570,94.06,53.70,99.94
30580,94.45,53.59,99.96
30590,94.84,53.57,99.98
30600,95.21,53.70,100.00
30610,95.57,53.78,100.00
30620,95.93,53.53,100.00
30630,96.29,53.33,99.99
30640,96.65,53.04,99.97
30650,97.01,53.01,99.94
30660,97.35,53.08,99.91
30670,97.68,53.18,99.86
30680,98.01,53.02,99.81
30690,98.34,52.73,99.76
30700,98.67,52.42,99.69
30710,99.00,52.43,99.62
30720,99.30,52.62,99.54
30730,99.60,52.50,99.45
30740,99.90,52.09,99.36
30750,100.20,51.97,99.25
30760,100.49,52.05,99.14
30770,100.75,52.15,99.03
30780,101.02,51.88,98.90
30790,101.30,51.50,98.77
30800,101.56,51.53,98.63
30810,101.80,51.68,98.48
30820,102.04,51.46,98.32
30830,102.28,51.18,98.16
30840,102.51,51.17,97.99
30850,102.72,51.21,97.81
30860,102.94,51.00,97.62
30870,103.15,50.68,97.43
30880,103.33,50.97,97.23
30890,103.51,50.94,97.02
30900,103.70,50.39,96.80
30910,103.87,50.39,96.58
30920,104.01,50.74,96.35
30930,104.17,50.19,96.11
30940,104.31,50.23,95.87
30950,104.42,50.49,95.61
30960,104.54,50.06,95.36
30970,104.65,50.13,95.09
30980,104.72,50.48,94.82
30990,104.81,49.92,94.54
31000,104.87,50.10,94.25
31010,104.92,50.20,93.95
31020,104.97,49.80,93.65
31030,105.02,49.64,93.35
31040,105.03,50.05,93.03
31050,105.04,49.81,92.71
31060,105.03,49.92,92.38
31070,105.04,49.38,92.05
31080,105.00,49.89,91.71
31090,104.98,49.42,91.36
31100,104.94,49.37,91.01
31110,104.88,49.57,90.65
31120,104.83,49.11,90.28
31130,104.77,49.12,89.91
31140,104.69,49.14,89.53
31150,104.62,48.68,89.14
31160,104.52,49.00,88.75
31170,104.43,48.58,88.35
31180,104.32,48.60,87.95
31190,104.20,48.62,87.54
31200,104.07,48.31,87.13
31210,103.93,48.43,86.71
31220,103.80,47.94,86.28
31230,103.64,48.23,85.85
31240,103.49,47.83,85.41
31250,103.31,48.09,84.97
31260,103.13,47.80,84.52
31270,102.95,47.57,84.07
31280,102.75,47.71,83.61
31290,102.54,47.44,83.15
31300,102.32,47.62,82.68
31310,102.10,47.16,82.21
31320,101.85,47.64,81.73
31330,101.61,47.06,81.25
31340,101.34,47.34,80.77
31350,101.09,46.90,80.28
31360,100.80,47.13,79.78
31370,100.53,46.73,79.28
31380,100.22,47.19,78.78
31390,99.92,46.69,78.27
31400,99.59,47.08,77.76
31410,99.27,46.62,77.24
31420,98.91,46.99,76.72
31430,98.57,46.62,76.20
31440,98.20,46.87,75.67
31450,97.82,46.71,75.14
31460,97.44,46.74,74.61
31470,97.03,46.85,74.07
31480,96.63,46.60,73.53
31490,96.20,46.89,72.99
31500,95.77,46.62,72.44
31510,95.31,47.00,71.89
31520,94.86,46.68,71.34
31530,94.39,47.01,70.79
31540,93.90,46.95,70.23
31550,93.41,46.82,69.67
31560,92.90,47.11,69.11
31570,92.39,46.87,68.55
31580,91.85,47.31,67.98
31590,91.32,47.06,67.42
31600,90.76,47.31,66.85
31610,90.20,47.28,66.28
31620,89.63,47.23,65.70
31630,89.03,47.56,65.13
31640,88.44,47.39,64.55
31650,87.82,47.77,63.98
31660,87.21,47.56,63.40
31670,86.58,47.78,62.82
31680,85.94,47.88,62.24
31690,85.29,47.87,61.66
31700,84.62,48.20,61.08
31710,83.95,48.01,60.50
31720,83.26,48.39,59.92
31730,82.58,48.23,59.34
31740,81.87,48.53,58.75
31750,81.16,48.54,58.17
31760,80.44,48.67,57.59
31770,79.71,48.74,57.01
31780,78.98,48.84,56.43
31790,78.23,49.08,55.85
31800,77.48,49.01,55.27
31810,76.72,49.26,54.69
31820,75.96,49.22,54.11
31830,75.18,49.51,53.53
31840,74.40,49.43,52.96
31850,73.61,49.73,52.38
31860,72.83,49.48,51.81
31870,72.03,49.93,51.23
31880,71.23,49.73,50.66
31890,70.43,49.86,50.09
31900,69.62,50.02,49.53
31910,68.82,49.88,48.96
31920,68.01,50.06,48.40
31930,67.21,50.01,47.84
31940,66.39,50.25,47.28
31950,65.59,50.02,46.72
31960,64.78,50.15,46.17
31970,63.97,50.11,45.62
31980,63.16,50.14,45.07
31990,62.35,50.28,44.53
32000,61.55,50.11,43.99
32010,60.75,50.14,43.45
32020,59.95,50.12,42.91
32030,59.16,50.04,42.38
32040,58.37,50.06,41.85
32050,57.58,49.92,41.33
32060,56.80,49.90,40.81
32070,56.04,49.74,40.29
32080,55.27,49.70,39.78
32090,54.51,49.74,39.27
32100,53.75,49.57,38.77
32110,53.00,49.57,38.27
32120,52.26,49.47,37.77
32130,51.52,49.42,37.28
32140,50.79,49.24,36.80
32150,50.07,49.17,36.32
32160,49.35,49.10,35.84
32170,48.63,49.12,35.37
32180,47.93,48.90,34.91
32190,47.24,48.80,34.45
32200,46.55,48.82,33.99
32210,45.88,48.30,33.54
32220,45.22,48.37,33.10
32230,44.58,47.97,32.66
32240,43.94,47.93,32.23
32250,43.31,47.66,31.80
32260,42.69,47.64,31.38
32270,42.09,47.35,30.97
32280,41.50,47.05,30.56
32290,40.93,46.82,30.16
32300,40.37,46.55,29.77
32310,39.81,46.48,29.38
32320,39.27,46.22,29.00
32330,38.74,45.99,28.63
32340,38.23,45.77,28.26
32350,37.72,45.48,27.90
32360,37.23,45.34,27.54
32370,36.76,44.99,27.20
32380,36.29,44.84,26.86
32390,35.84,44.49,26.53
32400,35.39,44.51,26.20
32410,34.97,43.88,25.88
32420,34.56,43.78,25.57
32430,34.15,43.57,25.27
32440,33.77,43.11,24.98
32450,33.40,42.99,24.69
32460,33.03,42.77,24.41
32470,32.69,42.28,24.14
32480,32.35,42.25,23.88
32490,32.03,42.00,23.63
32500,31.72,41.54,23.38
32510,31.41,41.58,23.14
32520,31.12,41.19,22.91
32530,30.84,41.01,22.69
32540,30.58,40.60,22.48
32550,30.31,40.72,22.27
32560,30.05,40.34,22.07
32570,29.81,40.18,21.89
32580,29.58,39.94,21.71
32590,29.35,39.79,21.54
32600,29.14,39.51,21.38
32610,28.91,39.71,21.22
32620,28.70,39.49,21.08
32630,28.49,39.39,20.94
32640,28.29,39.21,20.82
32650,28.11,38.75,20.70
32660,27.94,38.59,20.59
32670,27.77,38.37,20.49
32680,27.62,38.16,20.40
32690,27.47,38.20,20.32
32700,27.34,37.80,20.25
32710,27.20,37.83,20.18
32720,27.07,37.64,20.13
32730,26.95,37.51,20.09
32740,26.83,37.51,20.05
32750,26.72,37.34,20.02
32760,26.62,37.23,20.01
32770,26.51,37.33,20.00
32780,26.40,37.29,20.00
32790,26.28,37.63,20.01
32800,26.14,37.99,20.03
32810,26.00,38.17,20.06
32820,25.86,38.15,20.10
32830,25.73,38.01,20.15
32840,25.62,37.66,20.21
32850,25.54,37.28,20.28
32860,25.47,36.92,20.35
32870,25.41,36.87,20.44
32880,25.35,36.89,20.53
32890,25.27,37.42,20.64
32900,25.16,38.06,20.75
32910,25.05,38.21,20.87
32920,24.95,38.03,21.01
32930,24.88,37.67,21.15
32940,24.82,37.34,21.30
32950,24.78,37.24,21.46
32960,24.72,37.66,21.63
32970,24.65,37.96,21.80
32980,24.59,38.11,21.99
32990,24.52,38.17,22.19
33000,24.48,37.84,22.39
33010,24.46,37.62,22.61
33020,24.43,37.81,22.83
33030,24.39,38.18,23.06
33040,24.34,38.64,23.30
33050,24.28,38.93,23.55
33060,24.23,38.79,23.81
33070,24.21,38.45,24.08
33080,24.22,38.19,24.36
33090,24.23,38.21,24.64
33100,24.23,38.54,24.93
33110,24.21,39.22,25.24
33120,24.17,39.70,25.55
33130,24.14,39.82,25.87
33140,24.13,39.56,26.19
33150,24.15,39.18,26.53
33160,24.19,38.99,26.87
33170,24.22,39.32,27.22
33180,24.25,39.80,27.58
33190,24.25,40.41,27.95
33200,24.25,40.65,28.33
33210,24.24,41.02,28.71
33220,24.24,41.26,29.10
33230,24.26,41.12,29.50
33240,24.31,40.74,29.90
33250,24.36,40.95,30.32
33260,24.43,40.80,30.74
33270,24.49,41.20,31.17
33280,24.55,41.45,31.60
33290,24.63,41.41,32.05
33300,24.71,41.68,32.50
33310,24.79,41.76,32.95
33320,24.84,42.90,33.41
33330,24.89,43.10,33.88
33340,24.94,43.43,34.36
33350,24.99,43.61,34.84
33360,25.06,43.70,35.33
33370,25.13,43.94,35.83
33380,25.20,44.15,36.33
33390,25.29,44.26,36.84
33400,25.38,44.49,37.35
33410,25.48,44.65,37.87
33420,25.58,44.98,38.40
33430,25.69,45.16,38.93
33440,25.78,45.68,39.46
33450,25.90,45.73,40.00
33460,26.02,45.82,40.55
33470,26.16,45.82,41.10
33480,26.31,46.07,41.66
33490,26.45,46.44,42.22
33500,26.61,46.65,42.79
33510,26.76,46.88,43.36
33520,26.94,46.77,43.93
33530,27.12,47.17,44.51
33540,27.30,47.43,45.09
33550,27.50,47.40,45.68
33560,27.71,47.68,46.27
33570,27.91,48.04,46.86
33580,28.14,47.85,47.46
33590,28.37,48.24,48.06
33600,28.60,48.48,48.67
33610,28.85,48.43,49.28
33620,29.11,48.79,49.89
33630,29.38,48.74,50.50
33640,29.66,48.84,51.12
33650,29.95,49.02,51.73
33660,30.26,48.97,52.35
33670,30.57,49.35,52.98
33680,30.90,49.23,53.60
33690,31.23,49.55,54.23
33700,31.58,49.40,54.86
33710,31.93,49.76,55.49
33720,32.30,49.63,56.12
33730,32.67,50.08,56.75
33740,33.07,49.69,57.39
33750,33.46,50.07,58.02
33760,33.88,49.93,58.66
33770,34.29,50.27,59.29
33780,34.73,50.09,59.93
33790,35.18,50.18,60.57
33800,35.63,50.35,61.20
33810,36.10,50.37,61.84
33820,36.57,50.47,62.48
33830,37.06,50.32,63.11
33840,37.56,50.52,63.75
33850,38.08,50.35,64.38
33860,38.59,50.63,65.02
33870,39.12,50.59,65.65
33880,39.66,50.61,66.28
33890,40.20,50.86,66.91
33900,40.76,50.61,67.54
33910,41.33,50.76,68.17
33920,41.90,50.81,68.80
33930,42.48,50.91,69.42
33940,43.07,50.91,70.04
33950,43.66,51.16,70.66
33960,44.27,50.86,71.28
33970,44.86,51.27,71.89
33980,45.48,51.06,72.50
33990,46.10,51.15,73.11
34000,46.72,51.38,73.72
34010,47.36,51.13,74.32
34020,48.00,51.46,74.92
34030,48.64,51.41,75.51
34040,49.29,51.36,76.10
34050,49.94,51.40,76.69
34060,50.59,51.68,77.28
34070,51.26,51.38,77.85
34080,51.92,51.68,78.43
34090,52.59,51.67,79.00
34100,53.27,51.52,79.56
34110,53.95,51.62,80.12
34120,54.63,51.89,80.68
34130,55.32,51.63,81.23
34140,56.00,51.84,81.77
34150,56.68,52.01,82.31
34160,57.37,51.95,82.85
34170,58.06,52.02,83.38
34180,58.73,52.28,83.90
34190,59.42,52.19,84.41
34200,60.12,52.09,84.92
34210,60.80,52.36,85.43
34220,61.48,52.40,85.93
34230,62.18,52.32,86.42
34240,62.86,52.52,86.90
34250,63.54,52.69,87.38
34260,64.22,52.62,87.85
34270,64.90,52.73,88.31
34280,65.57,52.85,88.76
34290,66.25,52.78,89.21
34300,66.92,52.90,89.65
34310,67.59,53.08,90.09
34320,68.25,53.19,90.51
34330,68.91,53.07,90.93
34340,69.58,53.09,91.34
34350,70.23,53.32,91.74
34360,70.88,53.47,92.13
34370,71.53,53.39,92.51
34380,72.18,53.29,92.89
34390,72.83,53.30,93.26
34400,73.47,53.45,93.62
34410,74.10,53.60,93.97
34420,74.75,53.27,94.31
34430,75.38,53.55,94.64
34440,76.01,53.66,94.96
34450,76.63,53.52,95.27
34460,77.26,53.40,95.58
34470,77.88,53.54,95.87
34480,78.48,53.83,96.16
34490,79.07,53.96,96.43
34500,79.67,53.74,96.70
34510,80.28,53.58,96.96
34520,80.86,53.78,97.20
34530,81.45,53.82,97.44
34540,82.01,53.98,97.66
34550,82.59,53.69,97.88
34560,83.18,53.46,98.09
34570,83.74,53.69,98.28
34580,84.30,53.77,98.47
34590,84.84,53.91,98.64
34600,85.38,54.00,98.81
34610,85.92,53.64,98.96
34620,86.46,53.49,99.11
34630,86.99,53.59,99.24
34640,87.51,53.73,99.36
34650,88.02,53.81,99.47
34660,88.52,53.65,99.58
34670,89.04,53.33,99.67
34680,89.55,53.17,99.75
34690,90.04,53.32,99.81
34700,90.53,53.36,99.87
34710,91.00,53.44,99.92
34720,91.48,53.08,99.96
34730,91.96,52.89,99.98
34740,92.42,52.92,100.00
34750,92.87,52.97,100.00
34760,93.32,53.01,99.99
34770,93.75,52.89,99.97
34780,94.19,52.49,99.94
34790,94.63,52.42,99.90
34800,95.05,52.49,99.85
34810,95.46,52.50,99.79
34820,95.86,52.34,99.72
34830,96.27,51.87,99.63
34840,96.68,51.77,99.54
34850,97.06,51.96,99.43
34860,97.43,51.83,99.31
34870,97.81,51.57,99.18
34880,98.18,51.24,99.05
34890,98.54,51.31,98.90
34900,98.87,51.49,98.73
34910,99.21,51.09,98.56
34920,99.56,50.68,98.38
34930,99.88,50.79,98.19
34940,100.19,50.89,97.98
34950,100.50,50.38,97.77
34960,100.81,50.06,97.54
34970,101.09,50.35,97.31
34980,101.36,50.23,97.06
34990,101.64,49.72,96.80
35000,101.90,49.71,96.54
35010,102.15,49.75,96.26
35020,102.39,49.40,95.97
35030,102.63,49.24,95.67
35040,102.83,49.51,95.36
35050,103.04,49.08,95.05
35060,103.23,48.95,94.72
35070,103.41,49.07,94.38
35080,103.58,48.70,94.03
35090,103.73,48.77,93.67
35100,103.87,48.70,93.31
35110,104.01,48.27,92.93
35120,104.12,48.48,92.54
35130,104.23,48.12,92.15
35140,104.33,47.97,91.74
35150,104.40,48.03,91.33
35160,104.49,47.54,90.91
35170,104.53,47.90,90.47
35180,104.58,47.43,90.03
35190,104.62,47.37,89.58
35200,104.63,47.39,89.13
35210,104.64,47.11,88.66
35220,104.63,47.19,88.18
35230,104.62,46.81,87.70
35240,104.57,47.10,87.21
35250,104.53,46.59,86.71
35260,104.47,46.73,86.20
35270,104.41,46.18,85.69
35280,104.32,46.59,85.17
35290,104.23,46.02,84.64
35300,104.11,46.29,84.10
35310,104.00,45.71,83.55
35320,103.86,45.96,83.00
35330,103.72,45.45,82.45
35340,103.57,45.54,81.88
35350,103.40,45.23,81.31
35360,103.22,45.27,80.73
35370,103.01,45.45,80.15
35380,102.80,45.15,79.56
35390,102.55,45.40,78.96
35400,102.32,44.88,78.36
35410,102.05,45.16,77.76
35420,101.78,44.89,77.14
35430,101.48,45.04,76.53
35440,101.19,44.57,75.90
35450,100.87,44.72,75.28
35460,100.54,44.72,74.64
35470,100.19,44.72,74.01
35480,99.82,44.74,73.37
35490,99.45,44.42,72.72
35500,99.05,44.72,72.07
35510,98.64,44.54,71.42
35520,98.22,44.46,70.76
35530,97.77,44.76,70.10
35540,97.32,44.32,69.44
35550,96.86,44.41,68.78
35560,96.37,44.71,68.11
35570,95.88,44.35,67.44
35580,95.37,44.46,66.76
35590,94.83,44.73,66.09
35600,94.30,44.44,65.41
35610,93.75,44.51,64.73
35620,93.16,44.87,64.05
35630,92.59,44.52,63.36
35640,91.99,44.74,62.68
35650,91.36,44.99,61.99
35660,90.74,44.68,61.31
35670,90.10,44.81,60.62
35680,89.43,45.21,59.93
35690,88.76,44.95,59.25
35700,88.08,45.10,58.56
35710,87.37,45.42,57.87
35720,86.66,45.26,57.18
35730,85.93,45.45,56.50
35740,85.19,45.65,55.81
35750,84.43,45.67,55.13
35760,83.67,45.67,54.44
35770,82.88,46.04,53.76
35780,82.09,46.04,53.08
35790,81.29,46.05,52.40
35800,80.46,46.47,51.72
35810,79.63,46.47,51.05
35820,78.79,46.53,50.38
35830,77.93,46.79,49.71
35840,77.06,46.90,49.04
35850,76.19,47.01,48.38
35860,75.30,47.24,47.72
35870,74.41,47.25,47.06
35880,73.51,47.50,46.41
35890,72.59,47.66,45.76
35900,71.67,47.70,45.11
35910,70.74,47.99,44.47
35920,69.81,47.94,43.83
35930,68.87,48.24,43.20
35940,67.91,48.38,42.57
35950,66.96,48.40,41.95
35960,66.00,48.74,41.33
35970,65.04,48.62,40.72
35980,64.07,48.93,40.12
35990,63.10,48.90,39.51
36000,62.13,49.06,38.92
36010,61.16,49.05,38.33
36020,60.19,49.17,37.75
36030,59.23,49.14,37.17
36040,58.25,49.39,36.61
36050,57.29,49.25,36.04
36060,56.32,49.59,35.49
36070,55.36,49.42,34.94
36080,54.40,49.60,34.40
36090,53.45,49.40,33.87
36100,52.50,49.48,33.34
36110,51.56,49.49,32.83
36120,50.62,49.68,32.32
36130,49.69,49.42,31.82
36140,48.78,49.44,31.32
36150,47.86,49.51,30.84
36160,46.96,49.34,30.37
36170,46.07,49.35,29.90
36180,45.19,49.09,29.44
36190,44.30,49.52,29.00
36200,43.45,48.95,28.56
36210,42.60,49.06,28.13
36220,41.76,48.98,27.71
36230,40.94,48.73,27.30
36240,40.13,48.72,26.90
36250,39.34,48.46,26.51
36260,38.56,48.41,26.13
36270,37.80,48.08,25.76
36280,37.04,48.33,25.41
36290,36.31,47.92,25.06
36300,35.59,47.67,24.72
36310,34.88,47.79,24.39
36320,34.19,47.34,24.08
36330,33.52,47.40,23.77
36340,32.87,46.97,23.48
36350,32.22,46.97,23.20
36360,31.61,46.56,22.93
36370,31.00,46.48,22.67
36380,30.43,46.05,22.42
36390,29.86,46.12,22.19
36400,29.32,45.58,21.96
36410,28.81,45.19,21.75
36420,28.32,44.83,21.55
36430,27.84,44.75,21.36
36440,27.39,44.30,21.18
36450,26.94,44.37,21.02
36460,26.53,43.83,20.86
36470,26.12,43.74,20.72
36480,25.75,43.28,20.60
36490,25.37,43.35,20.48
36500,25.03,42.86,20.38
36510,24.70,42.68,20.29
36520,24.38,42.67,20.21
36530,24.08,42.15,20.14
36540,23.80,42.15,20.09
36550,23.53,41.83,20.05
36560,23.29,41.50,20.02
36570,23.06,41.35,20.00
36580,22.84,41.28,20.00
36590,22.64,40.77,20.01
36600,22.48,40.41,20.03
36610,22.31,40.54,20.07
36620,22.14,40.47,20.12
36630,22.00,40.16,20.18
36640,21.89,39.71,20.25
36650,21.80,39.39,20.33
36660,21.70,39.57,20.43
36670,21.61,39.61,20.54
36680,21.52,39.63,20.67
36690,21.44,39.57,20.80
36700,21.38,39.19,20.95
36710,21.35,38.92,21.11
36720,21.33,38.66,21.29
36730,21.33,38.55,21.47
36740,21.35,38.11,21.67
36750,21.38,38.07,21.88
36760,21.41,38.06,22.11
36770,21.45,38.08,22.34
36780,21.51,37.74,22.59
36790,21.57,37.88,22.85
36800,21.65,37.72,23.12
36810,21.72,37.88,23.40
36820,21.81,37.70,23.70
36830,21.91,37.76,24.01
36840,22.01,37.79,24.33
36850,22.10,38.00,24.66
36860,22.21,37.92,25.00
36870,22.31,38.36,25.35
36880,22.39,38.74,25.72
36890,22.48,38.88,26.09
36900,22.55,39.44,26.48
36910,22.62,39.71,26.88
36920,22.69,39.68,27.29
36930,22.78,39.81,27.71
36940,22.88,39.64,28.14
36950,23.02,39.28,28.58
36960,23.16,39.23,29.03
36970,23.33,39.09,29.50
36980,23.50,39.18,29.97
36990,23.66,39.54,30.45
37000,23.83,39.69,30.94
37010,23.98,40.21,31.44
37020,24.12,40.72,31.95
37030,24.26,41.16,32.47
37040,24.37,41.82,33.00
37050,24.50,41.94,33.54
37060,24.61,42.53,34.09
37070,24.73,42.53,34.65
37080,24.85,43.01,35.21
37090,24.99,43.07,35.78
37100,25.12,43.26,36.36
37110,25.27,43.52,36.95
37120,25.43,43.52,37.55
37130,25.58,43.94,38.16
37140,25.75,44.00,38.77
37150,25.94,44.05,39.39
37160,26.13,44.27,40.01
37170,26.33,44.39,40.65
37180,26.54,44.61,41.29
37190,26.75,44.81,41.93
37200,26.95,45.43,42.58
37210,27.15,45.83,43.24
37220,27.36,46.11,43.91
37230,27.58,46.17,44.58
37240,27.82,46.19,45.25
37250,28.05,46.66,45.93
37260,28.29,47.00,46.62
37270,28.55,46.94,47.31
37280,28.81,47.18,48.00
37290,29.07,47.63,48.70
37300,29.33,47.98,49.40
37310,29.61,48.01,50.11
37320,29.90,48.38,50.82
37330,30.18,48.74,51.53
37340,30.49,48.65,52.25
37350,30.79,49.04,52.97
37360,31.11,49.19,53.69
37370,31.44,49.26,54.41
37380,31.77,49.67,55.14
37390,32.13,49.63,55.87
37400,32.48,50.06,56.60
37410,32.84,50.03,57.33
37420,33.22,50.36,58.06
37430,33.61,50.36,58.80
37440,33.99,50.79,59.53
37450,34.40,50.75,60.26
37460,34.81,51.07,61.00
37470,35.24,50.97,61.73
37480,35.68,51.16,62.47
37490,36.14,51.24,63.20
37500,36.62,51.02,63.93
37510,37.09,51.41,64.67
37520,37.59,51.36,65.40
37530,38.09,51.61,66.13
37540,38.60,51.75,66.85
37550,39.13,51.61,67.58
37560,39.66,51.79,68.30
37570,40.21,51.85,69.02
37580,40.77,51.94,69.74
37590,41.35,51.60,70.45
37600,41.94,51.85,71.16
37610,42.53,52.18,71.87
37620,43.14,51.86,72.58
37630,43.76,51.99,73.28
37640,44.37,52.49,73.97
37650,45.00,52.11,74.66
37660,45.65,52.19,75.35
37670,46.28,52.58,76.03
37680,46.94,52.39,76.70
37690,47.61,52.33,77.38
37700,48.27,52.54,78.04
37710,48.94,52.83,78.70
37720,49.61,52.72,79.35
37730,50.31,52.46,80.00
37740,51.01,52.69,80.64
37750,51.70,53.07,81.27
37760,52.40,52.74,81.89
37770,53.12,52.68,82.51
37780,53.84,52.91,83.12
37790,54.56,52.85,83.73
37800,55.29,52.77,84.32
37810,56.03,52.91,84.91
37820,56.75,53.16,85.49
37830,57.48,53.20,86.05
37840,58.22,52.89,86.62
37850,58.98,52.73,87.17
37860,59.73,53.00,87.71
37870,60.48,53.08,88.24
37880,61.23,52.93,88.77
37890,62.00,52.88,89.28
37900,62.75,53.08,89.78
37910,63.50,53.25,90.28
37920,64.24,53.27,90.76
37930,65.00,53.04,91.23
37940,65.75,53.20,91.69
37950,66.50,53.24,92.14
37960,67.25,53.29,92.58
37970,68.00,53.20,93.01
37980,68.75,53.13,93.43
37990,69.49,53.21,93.83
38000,70.23,53.32,94.23
38010,70.97,53.24,94.61
38020,71.72,53.02,94.98
38030,72.46,53.02,95.34
38040,73.20,53.17,95.68
38050,73.92,53.26,96.02
38060,74.65,53.10,96.34
38070,75.38,52.93,96.64
38080,76.11,52.82,96.94
38090,76.83,52.99,97.22
38100,77.54,53.10,97.49
38110,78.24,52.92,97.74
38120,78.95,52.71,97.99
38130,79.66,52.67,98.22
38140,80.35,52.77,98.43
38150,81.04,52.79,98.63
38160,81.73,52.54,98.82
38170,82.41,52.36,99.00
38180,83.09,52.47,99.16
38190,83.74,52.66,99.30
38200,84.39,52.43,99.44
38210,85.05,52.20,99.56
38220,85.69,52.24,99.66
38230,86.32,52.45,99.75
38240,86.93,52.35,99.83
38250,87.56,51.90,99.89
38260,88.17,51.82,99.94
38270,88.77,51.95,99.97
38280,89.36,51.89,99.99
38290,89.95,51.53,100.00
38300,90.55,51.29,99.99
38310,91.11,51.54,99.97
38320,91.66,51.61,99.93
38330,92.22,51.07,99.88
38340,92.77,50.88,99.81
38350,93.29,51.16,99.73
38360,93.81,51.01,99.64
38370,94.33,50.61,99.53
38380,94.83,50.57,99.40
38390,95.32,50.55,99.27
38400,95.80,50.33,99.11
38410,96.28,50.13,98.95
38420,96.73,50.23,98.77
38430,97.18,49.92,98.57
38440,97.63,49.63,98.37
38450,98.04,49.83,98.14
38460,98.46,49.53,97.91
38470,98.87,49.21,97.66
38480,99.25,49.44,97.39
38490,99.63,49.07,97.12
38500,100.00,48.75,96.82
38510,100.34,48.99,96.52
38520,100.70,48.29,96.20
38530,101.01,48.79,95.87
38540,101.31,48.57,95.53
38550,101.61,48.17,95.17
38560,101.88,48.40,94.80
38570,102.15,47.87,94.41
38580,102.41,47.75,94.02
38590,102.64,47.93,93.61
38600,102.87,47.41,93.19
38610,103.07,47.50,92.76
38620,103.27,47.10,92.31
38630,103.47,46.85,91.85
38640,103.64,46.87,91.38
38650,103.79,46.70,90.90
38660,103.93,46.58,90.41
38670,104.06,46.36,89.91
38680,104.17,46.13,89.39
38690,104.27,46.08,88.86
38700,104.35,45.75,88.33
38710,104.42,45.80,87.78
38720,104.46,45.61,87.22
38730,104.50,45.46,86.65
38740,104.51,45.37,86.08
38750,104.52,45.04,85.49
38760,104.49,45.29,84.89
38770,104.47,44.68,84.28
38780,104.41,44.90,83.67
38790,104.35,44.46,83.04
38800,104.27,44.49,82.41
38810,104.18,44.28,81.76
38820,104.08,43.90,81.11
38830,103.95,44.05,80.45
38840,103.82,43.54,79.79
38850,103.67,43.57,79.11
38860,103.50,43.53,78.43
38870,103.33,43.00,77.74
38880,103.12,43.17,77.05
38890,102.91,43.04,76.34
38900,102.68,42.68,75.63
38910,102.43,42.80,74.92
38920,102.16,42.73,74.20
38930,101.89,42.27,73.47
38940,101.59,42.54,72.74
38950,101.26,42.48,72.01
38960,100.94,42.11,71.26
38970,100.60,41.97,70.52
38980,100.22,42.20,69.77
38990,99.83,42.19,69.01
39000,99.43,41.80,68.26
39010,99.02,41.79,67.50
39020,98.57,41.97,66.73
39030,98.11,41.90,65.96
39040,97.64,41.74,65.19
39050,97.15,41.69,64.42
39060,96.64,41.83,63.65
39070,96.11,41.79,62.87
39080,95.55,41.93,62.10
39090,94.99,41.78,61.32
39100,94.41,41.70,60.54
39110,93.81,41.92,59.76
39120,93.18,42.04,58.98
39130,92.53,42.25,58.21
39140,91.87,42.12,57.43
39150,91.19,42.30,56.65
39160,90.49,42.31,55.87
39170,89.77,42.58,55.10
39180,89.02,42.73,54.32
39190,88.26,42.88,53.55
39200,87.48,42.95,52.78
39210,86.69,43.06,52.01
39220,85.87,43.30,51.25
39230,85.03,43.50,50.49
39240,84.18,43.69,49.73
39250,83.31,43.81,48.98
39260,82.43,43.95,48.23
39270,81.53,44.08,47.48
39280,80.62,44.36,46.74
39290,79.68,44.59,46.00
39300,78.74,44.73,45.27
39310,77.78,44.95,44.54
39320,76.81,44.99,43.82
39330,75.82,45.45,43.11
39340,74.81,45.78,42.40
39350,73.79,45.89,41.70
39360,72.77,46.02,41.00
39370,71.72,46.38,40.32
39380,70.67,46.64,39.63
39390,69.60,46.95,38.96
39400,68.53,46.84,38.30
39410,67.45,47.32,37.64
39420,66.34,47.74,36.99
39430,65.25,47.71,36.35
39440,64.13,48.19,35.72
39450,63.02,48.21,35.10
39460,61.90,48.48,34.49
39470,60.77,48.78,33.89
39480,59.64,48.86,33.29
39490,58.51,49.01,32.71
39500,57.37,49.34,32.14
39510,56.24,49.41,31.58
39520,55.11,49.61,31.03
39530,53.99,49.60,30.49
39540,52.85,49.99,29.96
39550,51.74,49.84,29.45
39560,50.62,50.15,28.94
39570,49.51,50.14,28.45
39580,48.41,50.07,27.97
39590,47.33,50.12,27.50
39600,46.25,50.23,27.05
39610,45.18,50.22,26.60
39620,44.12,50.34,26.17
39630,43.08,50.16,25.76
39640,42.05,50.14,25.35
39650,41.03,50.23,24.96
39660,40.03,50.18,24.59
39670,39.04,50.09,24.23
39680,38.05,50.48,23.88
39690,37.07,50.51,23.54
39700,36.13,50.19,23.22
39710,35.19,50.25,22.92
39720,34.28,50.03,22.63
39730,33.37,50.09,22.35
39740,32.50,49.89,22.09
39750,31.65,49.57,21.84
39760,30.81,49.78,21.61
39770,30.01,49.16,21.40
39780,29.22,49.30,21.20
39790,28.46,48.96,21.01
39800,27.73,48.68,20.84
39810,27.01,48.72,20.68
39820,26.33,48.16,20.55
39830,25.66,48.36,20.42
39840,25.03,47.72,20.31
39850,24.41,47.74,20.22
39860,23.82,47.42,20.15
39870,23.26,47.16,20.09
39880,22.72,47.05,20.04
39890,22.22,46.53,20.01
39900,21.73,46.51,20.00
39910,21.29,45.92,20.00
39920,20.85,46.08,20.02
39930,20.44,45.60,20.06
39940,20.05,45.65,20.11
39950,19.70,45.02,20.18
39960,19.36,44.99,20.26
39970,19.07,44.36,20.36
39980,18.79,44.31,20.48
39990,18.53,44.06,20.61
40000,18.32,43.56,20.76
40010,18.12,43.43,20.92
40020,17.94,43.07,21.10
40030,17.79,43.02,21.29
40040,17.66,42.63,21.50
40050,17.56,42.21,21.73
40060,17.48,42.23,21.97
40070,17.42,41.96,22.23
40080,17.39,41.50,22.50
40090,17.36,41.73,22.79
40100,17.37,41.15,23.09
40110,17.41,40.77,23.41
40120,17.46,40.84,23.74
40130,17.51,40.92,24.09
40140,17.59,40.60,24.45
40150,17.70,40.33,24.83
40160,17.82,40.19,25.22
40170,17.95,40.16,25.63
40180,18.08,40.49,26.05
40190,18.22,40.33,26.48
40200,18.39,40.07,26.93
40210,18.59,39.73,27.39
40220,18.81,39.56,27.87
40230,19.03,39.59,28.35
40240,19.26,39.81,28.86
40250,19.48,40.10,29.37
40260,19.72,40.08,29.90
40270,19.96,40.19,30.44
40280,20.21,40.31,30.99
40290,20.48,40.23,31.55
40300,20.76,40.04,32.13
40310,21.06,40.16,32.71
40320,21.36,40.18,33.31
40330,21.68,40.14,33.92
40340,22.01,40.15,34.54
40350,22.34,40.36,35.18
40360,22.68,40.53,35.82
40370,23.02,40.86,36.47
40380,23.36,41.05,37.13
40390,23.70,41.27,37.80
40400,24.04,41.51,38.48
40410,24.38,41.95,39.17
40420,24.72,42.28,39.87
40430,25.06,42.47,40.58
40440,25.40,42.83,41.30
40450,25.76,42.87,42.02
40460,26.12,43.13,42.75
40470,26.48,43.29,43.49
40480,26.86,43.40,44.24
40490,27.24,43.65,44.99
40500,27.63,43.78,45.75
40510,28.03,44.14,46.52
40520,28.43,44.26,47.29
40530,28.83,44.60,48.06
40540,29.21,45.33,48.85
40550,29.60,45.63,49.63
40560,30.00,45.81,50.43
40570,30.40,45.91,51.22
40580,30.83,46.01,52.02
40590,31.24,46.50,52.83
40600,31.65,47.05,53.63
40610,32.07,47.17,54.44
40620,32.50,47.31,55.25
40630,32.93,47.77,56.07
40640,33.35,48.18,56.89
40650,33.79,48.38,57.70
40660,34.23,48.60,58.52
40670,34.67,49.05,59.34
40680,35.12,49.17,60.16
40690,35.57,49.59,60.98
40700,36.03,49.84,61.80
40710,36.50,50.03,62.63
40720,36.96,50.46,63.44
40730,37.43,50.65,64.26
40740,37.91,51.03,65.08
40750,38.39,51.16,65.89
40760,38.88,51.40,66.71
40770,39.39,51.52,67.52
40780,39.91,51.51,68.32
40790,40.42,52.01,69.13
40800,40.96,51.92,69.93
40810,41.49,52.32,70.72
40820,42.03,52.61,71.52
40830,42.59,52.39,72.30
40840,43.15,52.95,73.09
40850,43.71,53.03,73.86
40860,44.30,52.92,74.63
40870,44.87,53.41,75.40
40880,45.46,53.41,76.16
40890,46.07,53.40,76.91
40900,46.68,53.60,77.66
40910,47.29,53.98,78.40
40920,47.91,53.99,79.13
40930,48.55,53.78,79.85
40940,49.19,53.95,80.56
40950,49.85,54.08,81.27
40960,50.50,54.27,81.96
40970,51.17,54.24,82.65
40980,51.84,54.23,83.33
40990,52.52,54.43,84.00
41000,53.21,54.50,84.66
41010,53.89,54.63,85.31
41020,54.60,54.44,85.94
41030,55.31,54.50,86.57
41040,56.02,54.62,87.18
41050,56.72,54.84,87.79
41060,57.44,54.81,88.38
41070,58.17,54.65,88.96
41080,58.91,54.63,89.53
41090,59.64,54.76,90.08
41100,60.38,54.80,90.62
41110,61.11,54.90,91.15
41120,61.85,54.91,91.67
41130,62.60,54.72,92.17
41140,63.36,54.61,92.66
41150,64.13,54.47,93.13
41160,64.89,54.52,93.59
41170,65.65,54.63,94.04
41180,66.41,54.62,94.47
41190,67.18,54.51,94.88
41200,67.95,54.38,95.28
41210,68.73,54.09,95.67
41220,69.51,54.00,96.04
41230,70.29,54.11,96.39
41240,71.06,54.06,96.73
41250,71.83,54.00,97.06
41260,72.61,53.82,97.36
41270,73.39,53.56,97.65
41280,74.17,53.46,97.93
41290,74.95,53.36,98.18
41300,75.71,53.43,98.43
41310,76.48,53.30,98.65
41320,77.24,53.19,98.86
41330,78.01,52.83,99.05
41340,78.78,52.63,99.22
41350,79.54,52.63,99.38
41360,80.28,52.73,99.52
41370,81.02,52.55,99.64
41380,81.77,52.25,99.74
41390,82.51,51.93,99.83
41400,83.24,51.91,99.90
41410,83.96,51.98,99.95
41420,84.67,51.71,99.98
41430,85.39,51.33,100.00
41440,86.10,51.25,100.00
41450,86.79,51.31,99.98
41460,87.47,51.11,99.94
41470,88.15,50.73,99.89
41480,88.82,50.57,99.81
41490,89.48,50.54,99.72
41500,90.14,50.18,99.62
41510,90.79,49.88,99.49
41520,91.41,50.00,99.35
41530,92.03,49.86,99.19
41540,92.64,49.36,99.01
41550,93.24,49.26,98.82
41560,93.82,49.34,98.60
41570,94.40,48.80,98.37
41580,94.96,48.82,98.13
41590,95.50,48.62,97.86
41600,96.05,48.20,97.58
41610,96.57,48.16,97.28
41620,97.07,48.03,96.97
41630,97.58,47.51,96.64
41640,98.05,47.61,96.29
41650,98.53,47.13,95.92
41660,98.98,47.04,95.54
41670,99.42,46.90,95.15
41680,99.85,46.44,94.74
41690,100.25,46.60,94.31
41700,100.66,45.95,93.86
41710,101.03,46.06,93.40
41720,101.41,45.51,92.93
41730,101.75,45.63,92.44
41740,102.08,45.15,91.94
41750,102.39,45.17,91.42
41760,102.69,44.75,90.89
41770,102.95,45.12,90.34
41780,103.21,44.54,89.78
41790,103.43,44.69,89.20
41800,103.66,43.96,88.62
41810,103.85,44.21,88.01
41820,104.04,43.66,87.40
41830,104.19,43.75,86.77
41840,104.34,43.22,86.14
41850,104.46,43.36,85.48
41860,104.58,42.85,84.82
41870,104.66,42.92,84.15
41880,104.73,42.58,83.46
41890,104.78,42.24,82.77
41900,104.81,42.41,82.06
41910,104.81,42.12,81.34
41920,104.81,41.66,80.62
41930,104.78,41.78,79.88
41940,104.72,41.75,79.13
41950,104.65,41.31,78.38
41960,104.57,41.09,77.62
41970,104.45,41.27,76.84
41980,104.30,41.15,76.06
41990,104.16,40.66,75.28
42000,104.00,40.35,74.48
42010,103.82,40.27,73.68
42020,103.59,40.48,72.87
42030,103.35,40.34,72.06
42040,103.09,40.30,71.24
42050,102.81,40.03,70.41
42060,102.51,39.85,69.58
42070,102.19,39.90,68.75
42080,101.84,39.84,67.91
42090,101.47,39.88,67.07
42100,101.07,39.91,66.22
42110,100.65,39.95,65.37
42120,100.20,39.95,64.52
42130,99.73,39.88,63.66
42140,99.24,39.80,62.80
42150,98.73,39.83,61.95
42160,98.20,39.79,61.09
42170,97.65,39.74,60.23
42180,97.08,39.86,59.37
42190,96.48,39.78,58.51
42200,95.86,39.94,57.64
42210,95.22,40.10,56.79
42220,94.55,40.10,55.93
42230,93.86,40.22,55.07
42240,93.15,40.32,54.22
42250,92.41,40.57,53.36
42260,91.65,40.70,52.51
42270,90.87,40.81,51.67
42280,90.06,41.00,50.83
42290,89.23,41.28,49.99
42300,88.37,41.45,49.15
42310,87.50,41.64,48.32
42320,86.60,41.92,47.50
42330,85.68,42.09,46.68
42340,84.74,42.36,45.87
42350,83.78,42.50,45.06
42360,82.80,42.82,44.26
42370,81.80,42.98,43.47
42380,80.79,43.21,42.69
42390,79.76,43.44,41.91
42400,78.71,43.80,41.14
42410,77.64,44.06,40.38
42420,76.55,44.36,39.63
42430,75.45,44.71,38.89
42440,74.32,45.25,38.16
42450,73.17,45.55,37.43
42460,72.02,45.55,36.72
42470,70.86,45.83,36.02
42480,69.70,46.04,35.33
42490,68.51,46.55,34.65
42500,67.29,47.17,33.99
42510,66.08,47.24,33.33
42520,64.86,47.41,32.69
42530,63.64,47.71,32.06
42540,62.39,48.38,31.45
42550,61.15,48.34,30.84
42560,59.89,48.84,30.25
42570,58.63,49.15,29.68
42580,57.37,49.26,29.12
42590,56.11,49.59,28.57
42600,54.84,50.00,28.04
42610,53.58,50.13,27.52
42620,52.31,50.51,27.02
42630,51.06,50.48,26.53
42640,49.80,50.88,26.06
42650,48.55,50.95,25.61
42660,47.31,51.28,25.17
42670,46.08,51.21,24.75
42680,44.85,51.52,24.35
42690,43.65,51.52,23.96
42700,42.45,51.62,23.59
42710,41.26,51.87,23.23
42720,40.09,51.77,22.90
42730,38.94,51.88,22.58
42740,37.80,51.92,22.28
42750,36.69,51.68,22.00
42760,35.58,52.20,21.73
42770,34.52,51.61,21.49
42780,33.46,51.92,21.26
42790,32.41,52.09,21.05
42800,31.40,51.74,20.86
42810,30.41,51.72,20.69
42820,29.44,51.77,20.54
42830,28.51,51.41,20.40
42840,27.60,51.34,20.29
42850,26.71,51.45,20.19
42860,25.85,51.16,20.12
42870,25.05,50.47,20.06
42880,24.27,50.41,20.02
42890,23.52,50.18,20.00
42900,22.79,50.02,20.00
42910,22.10,49.85,20.02
42920,21.43,49.80,20.06
42930,20.80,49.32,20.12
42940,20.20,49.22,20.20
42950,19.62,49.14,20.30
42960,19.08,48.83,20.41
42970,18.56,48.69,20.55
42980,18.06,48.71,20.71
42990,17.59,48.51,20.88
43000,17.17,47.96,21.07
43010,16.77,47.95,21.29
43020,16.41,47.46,21.52
43030,16.07,47.39,21.77
43040,15.77,47.14,22.04
43050,15.50,46.71,22.33
43060,15.25,46.82,22.63
43070,15.05,45.97,22.96
43080,14.86,46.34,23.30
43090,14.71,45.76,23.66
43100,14.58,45.79,24.04
43110,14.50,45.10,24.44
43120,14.43,45.26,24.85
43130,14.41,44.66,25.28
43140,14.40,44.80,25.73
43150,14.43,44.13,26.20
43160,14.47,44.48,26.68
43170,14.55,43.91,27.18
43180,14.66,43.77,27.70
43190,14.77,43.85,28.23
43200,14.93,43.38,28.77
43210,15.09,43.61,29.34
43220,15.28,43.26,29.91
43230,15.51,42.95,30.51
43240,15.74,43.19,31.12
43250,15.99,43.00,31.74
43260,16.28,42.66,32.37
43270,16.57,42.99,33.02
43280,16.88,42.83,33.69
43290,17.22,42.58,34.37
43300,17.55,42.92,35.06
43310,17.91,42.85,35.76
43320,18.30,42.59,36.47
43330,18.69,42.67,37.20
43340,19.09,43.05,37.94
43350,19.51,42.75,38.69
43360,19.96,42.63,39.45
43370,20.41,42.86,40.22
43380,20.86,43.08,41.00
43390,21.32,43.38,41.79
43400,21.82,42.87,42.59
43410,22.32,43.07,43.40
43420,22.83,43.36,44.22
43430,23.33,43.76,45.04
43440,23.85,43.66,45.87
43450,24.40,43.46,46.72
43460,24.96,43.62,47.56
43470,25.49,44.50,48.42
43480,26.03,44.56,49.28
43490,26.61,44.22,50.14
43500,27.19,44.55,51.01
43510,27.76,44.95,51.89
43520,28.33,45.37,52.77
43530,28.92,45.35,53.65
43540,29.52,45.35,54.54
43550,30.11,45.91,55.43
43560,30.71,46.11,56.32
43570,31.32,46.37,57.22
43580,31.93,46.56,58.11
43590,32.55,46.71,59.01
43600,33.15,47.43,59.91
43610,33.77,47.33,60.81
43620,34.40,47.60,61.71
43630,35.02,48.11,62.61
43640,35.65,48.14,63.50
43650,36.29,48.40,64.40
43660,36.92,49.05,65.29
43670,37.56,48.97,66.18
43680,38.20,49.39,67.07
43690,38.85,49.51,67.96
43700,39.49,49.93,68.84
43710,40.14,50.20,69.72
43720,40.80,50.37,70.59
43730,41.45,50.74,71.45
43740,42.11,50.88,72.32
43750,42.77,51.22,73.17
43760,43.44,51.33,74.02
43770,44.12,51.57,74.86
43780,44.80,51.74,75.70
43790,45.49,51.80,76.53
43800,46.17,52.18,77.34
43810,46.87,52.26,78.15
43820,47.57,52.39,78.96
43830,48.27,52.81,79.75
43840,48.99,52.57,80.53
43850,49.69,53.05,81.30
43860,50.41,53.15,82.06
43870,51.14,52.99,82.81
43880,51.87,53.32,83.55
43890,52.60,53.53,84.28
43900,53.33,53.55,84.99
43910,54.08,53.49,85.69
43920,54.84,53.58,86.38
43930,55.58,53.84,87.06
43940,56.34,53.91,87.72
43950,57.10,53.79,88.37
43960,57.87,53.98,89.00
43970,58.63,54.04,89.62
43980,59.40,54.03,90.22
43990,60.19,53.83,90.81
44000,60.97,54.07,91.38
44010,61.75,54.00,91.94
44020,62.53,54.15,92.48
44030,63.31,54.21,93.00
44040,64.10,54.14,93.50
44050,64.89,54.14,93.99
44060,65.68,54.07,94.46
44070,66.47,54.09,94.92
44080,67.27,53.78,95.35
44090,68.08,53.67,95.77
44100,68.88,53.69,96.17
44110,69.68,53.75,96.55
44120,70.47,53.82,96.91
44130,71.26,53.67,97.25
44140,72.06,53.44,97.58
44150,72.86,53.23,97.88
44160,73.66,53.25,98.16
44170,74.44,53.39,98.43
44180,75.22,53.26,98.67
44190,76.01,52.98,98.89
44200,76.80,52.74,99.10
44210,77.59,52.57,99.28
44220,78.36,52.57,99.44
44230,79.13,52.54,99.58
44240,79.90,52.27,99.71
44250,80.67,52.01,99.81
44260,81.43,51.91,99.89
44270,82.17,52.02,99.94
44280,82.90,51.90,99.98
44290,83.64,51.43,100.00
44300,84.38,51.22,99.99
44310,85.09,51.30,99.97
44320,85.80,51.10,99.92
44330,86.51,50.68,99.86
44340,87.22,50.41,99.77
44350,87.90,50.54,99.66
44360,88.56,50.39,99.53
44370,89.24,49.85,99.38
44380,89.91,49.60,99.20
44390,90.54,49.72,99.01
44400,91.18,49.43,98.80
44410,91.81,49.00,98.56
44420,92.41,49.03,98.31
44430,93.01,48.76,98.03
44440,93.61,48.25,97.74
44450,94.17,48.41,97.42
44460,94.73,48.04,97.09
44470,95.29,47.53,96.73
44480,95.81,47.76,96.36
44490,96.34,46.99,95.96
44500,96.85,47.03,95.55
44510,97.34,46.68,95.12
44520,97.83,46.22,94.66
44530,98.29,46.34,94.19
44540,98.74,45.72,93.71
44550,99.17,45.81,93.20
44560,99.59,45.19,92.67
44570,99.99,45.18,92.13
44580,100.39,44.54,91.57
44590,100.75,44.70,91.00
44600,101.11,44.07,90.40
44610,101.43,44.16,89.79
44620,101.76,43.47,89.17
44630,102.05,43.55,88.53
44640,102.34,43.01,87.87
44650,102.60,42.91,87.20
44660,102.84,42.58,86.51
44670,103.08,42.05,85.81
44680,103.28,42.27,85.09
44690,103.46,41.74,84.37
44700,103.64,41.38,83.62
44710,103.77,41.46,82.87
44720,103.90,41.12,82.10
44730,104.01,40.67,81.32
44740,104.08,40.69,80.53
44750,104.13,40.63,79.72
44760,104.16,40.31,78.91
44770,104.17,40.02,78.09
44780,104.16,39.78,77.25
44790,104.13,39.65,76.41
44800,104.06,39.67,75.55
44810,103.97,39.47,74.69
44820,103.86,39.33,73.82
44830,103.73,39.00,72.94
44840,103.58,38.73,72.06
44850,103.41,38.58,71.17
44860,103.21,38.53,70.27
44870,102.98,38.36,69.37
44880,102.73,38.29,68.46
44890,102.46,38.19,67.54
44900,102.15,38.18,66.62
44910,101.83,38.10,65.70
44920,101.48,37.94,64.78
44930,101.10,37.90,63.85
44940,100.70,37.87,62.92
44950,100.27,37.77,61.98
44960,99.82,37.72,61.05
44970,99.35,37.79,60.11
44980,98.85,37.70,59.18
44990,98.32,37.73,58.24
45000,97.76,37.95,57.31
45010,97.17,38.00,56.37
45020,96.56,38.08,55.44
45030,95.91,38.29,54.51
45040,95.24,38.37,53.59
45050,94.52,38.97,52.66
45060,93.77,39.05,51.74
45070,93.00,39.15,50.83
45080,92.22,39.18,49.92
45090,91.40,39.38,49.01
45100,90.56,39.59,48.11
45110,89.70,39.76,47.22
45120,88.81,39.98,46.33
45130,87.88,40.48,45.45
45140,86.94,40.57,44.58
45150,85.96,41.08,43.72
45160,84.96,41.32,42.87
45170,83.93,41.73,42.02
45180,82.88,41.93,41.19
45190,81.80,42.42,40.36
45200,80.70,42.75,39.55
45210,79.58,43.14,38.74
45220,78.43,43.52,37.95
45230,77.27,43.70,37.17
45240,76.09,44.19,36.40
45250,74.89,44.53,35.65
45260,73.67,44.93,34.91
45270,72.44,45.20,34.18
45280,71.19,45.54,33.47
45290,69.95,45.56,32.77
45300,68.68,46.20,32.08
45310,67.39,46.62,31.42
45320,66.09,47.11,30.76
45330,64.79,47.17,30.13
45340,63.50,47.20,29.51
45350,62.17,48.03,28.90
45360,60.84,48.45,28.32
45370,59.50,48.77,27.75
45380,58.16,49.03,27.20
45390,56.81,49.49,26.67
45400,55.46,49.73,26.15
45410,54.11,50.12,25.66
45420,52.77,50.30,25.18
45430,51.43,50.53,24.72
45440,50.10,50.79,24.29
45450,48.77,51.04,23.87
45460,47.44,51.27,23.47
45470,46.13,51.55,23.10
45480,44.83,51.59,22.74
45490,43.53,51.98,22.41
45500,42.27,51.75,22.09
45510,41.00,52.14,21.80
45520,39.75,52.29,21.53
45530,38.54,52.10,21.28
45540,37.31,52.67,21.05
45550,36.13,52.32,20.85
45560,34.97,52.47,20.66
45570,33.80,52.88,20.50
45580,32.69,52.47,20.36
45590,31.58,52.63,20.25
45600,30.50,52.88,20.15
45610,29.44,52.70,20.08
45620,28.43,52.36,20.03
45630,27.43,52.68,20.00
45640,26.44,52.89,20.00
45650,25.50,52.50,20.02
45660,24.60,52.07,20.06
45670,23.74,52.01,20.13
45680,22.89,52.25,20.21
45690,22.08,51.97,20.32
45700,21.31,51.61,20.46
45710,20.57,51.51,20.61
45720,19.85,51.71,20.79
45730,19.18,51.27,20.99
45740,18.55,50.85,21.21
45750,17.95,50.77,21.46
45760,17.36,51.11,21.72
45770,16.83,50.52,22.01
45780,16.35,49.90,22.32
45790,15.88,50.21,22.65
45800,15.45,50.04,23.01
45810,15.07,49.44,23.38
45820,14.71,49.52,23.78
45830,14.38,49.36,24.19
45840,14.10,48.86,24.63
45850,13.86,48.61,25.09
45860,13.64,48.69,25.57
45870,13.47,48.13,26.07
45880,13.33,48.06,26.58
45890,13.21,48.05,27.12
45900,13.15,47.39,27.68
45910,13.10,47.62,28.25
45920,13.09,47.10,28.85
45930,13.12,46.92,29.46
45940,13.17,46.94,30.09
45950,13.27,46.34,30.73
45960,13.38,46.56,31.40
45970,13.55,45.98,32.08
45980,13.72,46.11,32.77
45990,13.93,45.91,33.49
46000,14.18,45.60,34.22
46010,14.44,45.56,34.96
46020,14.73,45.50,35.72
46030,15.05,45.37,36.49
46040,15.39,45.24,37.28
46050,15.76,45.13,38.08
46060,16.15,45.10,38.89
46070,16.58,44.77,39.72
46080,17.00,45.25,40.55
46090,17.46,44.82,41.40
46100,17.94,44.78,42.26
46110,18.46,44.50,43.13
46120,19.00,44.41,44.01
46130,19.53,44.80,44.90
46140,20.10,44.54,45.80
46150,20.68,44.73,46.71
46160,21.28,44.63,47.63
46170,21.88,44.88,48.55
46180,22.49,45.16,49.48
46190,23.14,44.82,50.42
46200,23.78,45.12,51.36
46210,24.46,44.91,52.31
46220,25.14,45.13,53.26
46230,25.83,45.29,54.22
46240,26.54,45.30,55.18
46250,27.25,45.44,56.14
46260,27.96,45.89,57.11
46270,28.70,45.71,58.08
46280,29.43,46.09,59.04
46290,30.17,46.28,60.02
46300,30.92,46.45,60.99
46310,31.68,46.57,61.96
46320,32.43,47.05,62.93
46330,33.19,47.12,63.89
46340,33.96,47.36,64.86
46350,34.72,47.85,65.82
46360,35.50,47.63,66.78
46370,36.27,48.29,67.74
46380,37.05,48.50,68.69
46390,37.84,48.46,69.64
46400,38.62,49.03,70.58
46410,39.40,49.18,71.52
46420,40.19,49.41,72.45
46430,40.98,49.74,73.37
46440,41.77,49.85,74.28
46450,42.56,50.28,75.19
46460,43.36,50.33,76.09
46470,44.15,50.74,76.97
46480,44.95,50.84,77.85
46490,45.74,51.31,78.72
46500,46.54,51.48,79.58
46510,47.33,51.68,80.42
46520,48.13,51.86,81.26
46530,48.93,52.18,82.08
46540,49.73,52.27,82.88
46550,50.53,52.55,83.68
46560,51.33,52.79,84.46
46570,52.13,52.85,85.23
46580,52.94,52.94,85.98
46590,53.74,53.36,86.71
46600,54.55,53.24,87.43
46610,55.36,53.38,88.14
46620,56.17,53.76,88.83
46630,56.97,53.79,89.50
46640,57.80,53.46,90.15
46650,58.62,53.82,90.78
46660,59.42,54.18,91.40
46670,60.24,53.93,92.00
46680,61.07,53.92,92.58
46690,61.89,53.98,93.14
46700,62.71,54.19,93.68
46710,63.53,54.03,94.20
46720,64.36,53.92,94.70
46730,65.19,53.91,95.17
46740,66.01,54.14,95.63
46750,66.83,54.18,96.07
46760,67.65,54.10,96.48
46770,68.47,53.91,96.87
46780,69.30,53.84,97.24
46790,70.11,54.01,97.59
46800,70.91,54.02,97.92
46810,71.72,53.81,98.22
46820,72.54,53.60,98.50
46830,73.35,53.44,98.75
46840,74.16,53.49,98.98
46850,74.95,53.51,99.19
46860,75.74,53.33,99.38
46870,76.54,53.14,99.54
46880,77.33,52.83,99.68
46890,78.13,52.65,99.79
46900,78.90,52.72,99.88
46910,79.67,52.61,99.94
46920,80.45,52.23,99.98
46930,81.23,51.79,100.00
46940,82.00,51.62,99.99
46950,82.76,51.54,99.96
46960,83.50,51.50,99.90
46970,84.24,51.11,99.82
46980,84.99,50.70,99.71
46990,85.71,50.63,99.58
47000,86.43,50.51,99.43
47010,87.14,50.05,99.25
47020,87.85,49.65,99.05
47030,88.55,49.60,98.82
47040,89.22,49.42,98.57
47050,89.90,48.94,98.30
47060,90.57,48.61,98.00
47070,91.21,48.59,97.68
47080,91.86,47.97,97.33
47090,92.48,47.78,96.96
47100,93.09,47.74,96.57
47110,93.70,47.02,96.16
47120,94.29,46.88,95.73
47130,94.86,46.56,95.27
47140,95.43,46.14,94.79
47150,95.97,46.09,94.29
47160,96.51,45.43,93.77
47170,97.02,45.40,93.22
47180,97.52,44.85,92.66
47190,98.01,44.63,92.07
47200,98.47,44.35,91.47
47210,98.91,44.10,90.85
47220,99.34,43.78,90.20
47230,99.73,43.76,89.54
47240,100.12,43.17,88.86
47250,100.47,43.27,88.16
47260,100.82,42.59,87.45
47270,101.13,42.52,86.71
47280,101.44,41.89,85.96
47290,101.72,41.81,85.20
47300,101.97,41.64,84.41
47310,102.23,40.95,83.61
47320,102.44,40.94,82.80
47330,102.64,40.62,81.98
47340,102.82,40.12,81.13
47350,102.98,39.89,80.28
47360,103.10,39.76,79.41
47370,103.20,39.66,78.53
47380,103.28,39.26,77.64
47390,103.33,39.08,76.74
47400,103.37,38.69,75.82
47410,103.38,38.52,74.90
47420,103.35,38.42,73.97
47430,103.30,38.28,73.03
47440,103.22,38.15,72.08
47450,103.11,38.06,71.12
47460,102.98,37.87,70.15
47470,102.81,37.68,69.18
47480,102.62,37.59,68.20
47490,102.41,37.45,67.22
47500,102.17,37.17,66.23
47510,101.90,37.06,65.24
47520,101.62,36.86,64.24
47530,101.30,36.70,63.24
47540,100.97,36.54,62.24
47550,100.60,36.50,61.24
47560,100.21,36.44,60.23
47570,99.79,36.37,59.23
47580,99.33,36.50,58.22
47590,98.84,36.59,57.22
47600,98.32,36.64,56.22
47610,97.78,36.58,55.22
47620,97.22,36.40,54.22
47630,96.63,36.39,53.23
47640,96.01,36.52,52.24
47650,95.36,36.71,51.25
47660,94.67,36.92,50.27
47670,93.96,37.00,49.30
47680,93.22,36.99,48.33
47690,92.46,37.19,47.37
47700,91.66,37.42,46.42
47710,90.83,37.64,45.48
47720,89.99,37.71,44.54
47730,89.12,37.87,43.61
47740,88.22,38.05,42.70
47750,87.29,38.53,41.79
47760,86.32,38.89,40.90
47770,85.33,39.18,40.02
47780,84.32,39.38,39.15
47790,83.29,39.45,38.30
47800,82.24,39.87,37.45
47810,81.15,40.40,36.63
47820,80.03,40.88,35.81
47830,78.88,41.30,35.02
47840,77.72,41.61,34.23
47850,76.54,41.77,33.47
47860,75.35,42.22,32.72
47870,74.13,42.49,31.99
47880,72.90,43.04,31.27
47890,71.62,43.85,30.58
47900,70.33,44.30,29.90
47910,69.01,44.94,29.24
47920,67.67,45.49,28.60
47930,66.31,46.00,27.99
47940,64.95,46.27,27.39
47950,63.57,46.80,26.81
47960,62.19,47.24,26.26
47970,60.79,47.72,25.72
47980,59.39,48.05,25.21
47990,57.97,48.70,24.72
48000,56.56,49.00,24.25
48010,55.14,49.31,23.81
48020,53.71,50.06,23.39
48030,52.28,50.38,22.99
48040,50.86,50.67,22.61
48050,49.43,51.28,22.26
48060,48.01,51.56,21.94
48070,46.59,52.00,21.64
48080,45.19,52.26,21.36
48090,43.78,52.77,21.11
48100,42.39,52.83,20.89
48110,41.00,53.56,20.69
48120,39.64,53.38,20.51
48130,38.29,53.88,20.36
48140,36.96,54.15,20.24
48150,35.66,53.97,20.14
48160,34.37,54.33,20.07
48170,33.10,54.70,20.02
48180,31.85,54.73,20.00
48190,30.65,54.48,20.01
48200,29.47,54.86,20.04
48210,28.30,55.14,20.10
48220,27.16,55.15,20.18
48230,26.07,54.89,20.29
48240,25.02,54.74,20.43
48250,24.00,54.83,20.59
48260,23.01,54.95,20.78
48270,22.04,55.14,20.99
48280,21.10,55.16,21.23
48290,20.21,54.74,21.50
48300,19.38,54.45,21.79
48310,18.59,54.18,22.10
48320,17.87,53.43,22.44
48330,17.18,53.57,22.81
48340,16.51,53.67,23.20
48350,15.88,53.57,23.61
48360,15.31,53.10,24.05
48370,14.78,52.80,24.51
48380,14.29,52.77,24.99
48390,13.85,52.32,25.50
48400,13.46,51.98,26.03
48410,13.10,51.92,26.59
48420,12.78,51.74,27.16
48430,12.52,51.29,27.76
48440,12.27,51.45,28.38
48450,12.05,51.68,29.02
48460,11.87,51.27,29.68
48470,11.76,50.63,30.36
48480,11.68,50.58,31.06
48490,11.62,50.78,31.78
48500,11.60,50.45,32.52
48510,11.64,49.82,33.28
48520,11.71,49.88,34.05
48530,11.79,50.07,34.84
48540,11.94,49.37,35.65
48550,12.12,49.24,36.48
48560,12.32,49.49,37.32
48570,12.57,48.89,38.18
48580,12.85,48.76,39.05
48590,13.15,49.00,39.93
48600,13.50,48.42,40.83
48610,13.87,48.36,41.75
48620,14.27,48.54,42.67
48630,14.71,48.08,43.61
48640,15.17,48.23,44.56
48650,15.66,48.05,45.51
48660,16.18,47.80,46.48
48670,16.72,48.05,47.46
48680,17.30,47.60,48.45
48690,17.89,47.91,49.44
48700,18.51,47.58,50.44
48710,19.14,47.87,51.45
48720,19.81,47.48,52.46
48730,20.50,47.61,53.48
48740,21.20,47.66,54.51
48750,21.93,47.55,55.53
48760,22.68,47.58,56.57
48770,23.45,47.48,57.60
48780,24.23,47.71,58.64
48790,25.03,47.53,59.67
48800,25.84,47.80,60.71
48810,26.68,47.55,61.75
48820,27.52,47.91,62.78
48830,28.39,47.72,63.82
48840,29.26,47.97,64.85
48850,30.15,47.81,65.88
48860,31.05,48.14,66.91
48870,31.96,47.99,67.93
48880,32.88,48.24,68.94
48890,33.81,48.29,69.95
48900,34.75,48.38,70.96
48910,35.69,48.56,71.95
48920,36.64,48.65,72.94
48930,37.60,48.84,73.92
48940,38.56,48.84,74.89
48950,39.53,49.03,75.86
48960,40.51,49.04,76.81
48970,41.49,49.42,77.75
48980,42.47,49.36,78.67
48990,43.45,49.64,79.59
49000,44.45,49.58,80.49
49010,45.44,49.91,81.38
49020,46.43,50.00,82.26
49030,47.42,50.18,83.11
49040,48.41,50.29,83.96
49050,49.40,50.38,84.79
49060,50.39,50.75,85.60
49070,51.38,50.60,86.39
49080,52.37,50.80,87.17
49090,53.36,50.93,87.93
49100,54.35,51.01,88.66
49110,55.34,51.16,89.38
49120,56.32,51.25,90.08
49130,57.30,51.45,90.76
49140,58.27,51.58,91.42
49150,59.25,51.51,92.06
49160,60.22,51.73,92.67
49170,61.19,51.56,93.27
49180,62.15,52.00,93.84
49190,63.11,51.83,94.38
49200,64.06,51.82,94.91
49210,65.00,52.14,95.41
49220,65.96,51.79,95.88
49230,66.89,51.99,96.33
49240,67.82,52.23,96.76
49250,68.75,51.86,97.16
49260,69.67,51.97,97.54
49270,70.58,52.09,97.89
49280,71.50,51.82,98.21
49290,72.41,51.78,98.51
49300,73.30,51.99,98.78
49310,74.19,51.74,99.02
49320,75.08,51.50,99.24
49330,75.95,51.67,99.43
49340,76.81,51.65,99.59
49350,77.67,51.23,99.73
49360,78.53,51.18,99.84
49370,79.36,51.32,99.92
49380,80.19,51.01,99.97
49390,81.03,50.64,100.00
49400,81.82,51.17,100.00
49410,82.62,50.64,99.97
49420,83.42,50.25,99.91
49430,84.18,50.61,99.82
49440,84.94,50.22,99.71
49450,85.70,49.74,99.57
49460,86.45,49.61,99.40
49470,87.17,49.70,99.20
49480,87.89,49.28,98.98
49490,88.60,48.92,98.73
49500,89.32,48.37,98.45
49510,90.00,48.43,98.15
49520,90.68,48.10,97.82
49530,91.35,47.60,97.46
49540,91.99,47.67,97.08
49550,92.64,47.02,96.67
49560,93.26,46.96,96.23
49570,93.87,46.45,95.77
49580,94.47,46.08,95.28
49590,95.04,46.12,94.77
49600,95.61,45.45,94.24
49610,96.15,45.43,93.68
49620,96.69,44.74,93.10
49630,97.19,44.89,92.49
49640,97.69,44.00,91.86
49650,98.16,44.09,91.21
49660,98.63,43.39,90.53
49670,99.07,43.29,89.84
49680,99.50,42.67,89.12
49690,99.91,42.44,88.38
49700,100.29,42.25,87.62
49710,100.66,41.63,86.85
49720,100.99,41.62,86.05
49730,101.31,41.18,85.23
49740,101.62,40.66,84.40
49750,101.90,40.53,83.55
49760,102.14,40.38,82.68
49770,102.38,39.70,81.80
49780,102.59,39.52,80.90
49790,102.77,39.21,79.99
49800,102.92,39.10,79.06
49810,103.05,38.85,78.11
49820,103.15,38.45,77.16
49830,103.23,38.17,76.19
49840,103.29,37.84,75.21
49850,103.32,37.69,74.22
49860,103.32,37.42,73.22
49870,103.29,37.26,72.21
49880,103.24,36.97,71.19
49890,103.15,36.78,70.16
49900,103.05,36.48,69.13
49910,102.91,36.27,68.08
49920,102.75,36.11,67.04
49930,102.56,35.89,65.98
49940,102.34,35.86,64.93
49950,102.09,35.78,63.86
49960,101.79,35.86,62.80
49970,101.47,35.67,61.73
49980,101.13,35.50,60.66
49990,100.76,35.37,59.59
50000,100.35,35.31,58.53
50010,99.92,35.29,57.46
50020,99.45,35.37,56.39
50030,98.95,35.34,55.33
50040,98.43,35.22,54.26
50050,97.87,35.33,53.21
50060,97.28,35.51,52.15
50070,96.65,35.51,51.11
50080,96.01,35.35,50.07
50090,95.35,35.31,49.03
50100,94.65,35.52,48.00
50110,93.90,35.89,46.99
50120,93.14,35.92,45.98
50130,92.34,36.14,44.98
50140,91.51,36.35,43.99
50150,90.66,36.35,43.01
50160,89.79,36.43,42.04
50170,88.88,36.77,41.09
50180,87.93,37.33,40.15
50190,86.95,37.66,39.22
50200,85.95,37.71,38.31
50210,84.94,37.82,37.42
50220,83.89,38.28,36.54
50230,82.81,38.66,35.68
50240,81.71,39.12,34.83
50250,80.58,39.31,34.00
50260,79.43,39.84,33.20
50270,78.24,40.40,32.41
50280,77.03,40.72,31.64
50290,75.81,41.05,30.89
50300,74.56,41.53,30.16
50310,73.28,42.13,29.45
50320,71.98,42.84,28.77
50330,70.64,43.55,28.11
50340,69.28,44.14,27.47
50350,67.90,44.53,26.85
50360,66.52,44.98,26.26
50370,65.13,45.20,25.69
50380,63.72,46.00,25.15
50390,62.30,46.48,24.63
50400,60.86,47.00,24.14
50410,59.40,47.81,23.67
50420,57.93,48.46,23.24
50430,56.46,48.88,22.82
50440,54.98,49.33,22.44
50450,53.50,49.88,22.08
50460,52.01,50.55,21.75
50470,50.52,50.96,21.45
50480,49.02,51.59,21.17
50490,47.54,51.86,20.93
50500,46.07,52.27,20.71
50510,44.60,52.82,20.52
50520,43.13,53.25,20.36
50530,41.69,53.52,20.23
50540,40.25,53.98,20.13
50550,38.84,54.09,20.06
50560,37.42,54.92,20.01
50570,36.03,55.20,20.00
50580,34.63,55.85,20.02
50590,33.27,55.89,20.06
50600,31.95,55.79,20.14
50610,30.65,56.19,20.24
50620,29.36,56.74,20.37
50630,28.09,56.99,20.54
50640,26.87,56.94,20.73
50650,25.70,56.67,20.95
50660,24.56,56.67,21.20
50670,23.47,56.55,21.48
50680,22.43,56.52,21.78
50690,21.41,56.61,22.12
50700,20.43,56.65,22.48
50710,19.50,56.66,22.87
50720,18.60,56.71,23.29
50730,17.73,56.88,23.74
50740,16.91,56.73,24.21
50750,16.13,56.69,24.71
50760,15.39,56.68,25.24
50770,14.69,56.53,25.79
50780,14.05,56.30,26.37
50790,13.45,56.15,26.97
50800,12.91,55.95,27.60
50810,12.41,55.75,28.25
50820,11.95,55.67,28.93
50830,11.55,55.42,29.62
50840,11.18,55.29,30.35
50850,10.87,55.10,31.09
50860,10.60,54.81,31.86
50870,10.39,54.56,32.64
50880,10.22,54.44,33.45
50890,10.11,53.89,34.28
50900,10.03,53.79,35.12
50910,10.02,53.25,35.99
50920,10.06,52.91,36.87
50930,10.15,52.58,37.78
50940,10.31,51.84,38.69
50950,10.51,51.57,39.63
50960,10.76,51.36,40.58
50970,11.03,51.27,41.54
50980,11.32,51.61,42.52
50990,11.65,51.47,43.51
51000,12.03,50.97,44.52
51010,12.47,50.27,45.54
51020,12.96,49.93,46.56
51030,13.46,50.11,47.60
51040,13.99,50.27,48.65
51050,14.55,49.93,49.71
51060,15.18,49.24,50.77
51070,15.82,49.46,51.84
51080,16.48,49.54,52.92
51090,17.18,49.10,54.00
51100,17.93,48.73,55.09
51110,18.68,48.96,56.18
51120,19.46,48.86,57.28
51130,20.29,48.34,58.38
51140,21.13,48.47,59.48
51150,22.00,48.40,60.58
51160,22.90,48.05,61.68
51170,23.81,48.28,62.78
51180,24.74,48.19,63.87
51190,25.70,47.91,64.97
51200,26.67,48.12,66.06
51210,27.66,47.87,67.15
51220,28.67,48.04,68.23
51230,29.68,48.06,69.30
51240,30.72,47.90,70.37
51250,31.76,48.10,71.43
51260,32.83,47.83,72.48
51270,33.90,48.04,73.53
51280,34.99,47.94,74.56
51290,36.08,48.10,75.58
51300,37.18,47.99,76.59
51310,38.29,48.18,77.59
51320,39.41,48.10,78.58
51330,40.54,48.14,79.55
51340,41.67,48.26,80.51
51350,42.80,48.24,81.45
51360,43.93,48.49,82.37
51370,45.07,48.43,83.28
51380,46.21,48.59,84.17
51390,47.35,48.62,85.04
51400,48.48,48.91,85.90
51410,49.62,48.80,86.73
51420,50.76,48.87,87.54
51430,51.90,48.88,88.34
51440,53.03,49.20,89.11
51450,54.15,49.24,89.86
51460,55.27,49.38,90.58
51470,56.39,49.39,91.28
51480,57.50,49.47,91.96
51490,58.61,49.54,92.62
51500,59.70,49.79,93.25
51510,60.79,49.71,93.85
51520,61.87,50.00,94.43
51530,62.94,49.96,94.98
51540,64.01,49.94,95.51
51550,65.07,50.12,96.00
51560,66.12,50.04,96.47
51570,67.16,50.09,96.92
51580,68.19,50.13,97.33
51590,69.21,50.22,97.72
51600,70.24,49.82,98.07
51610,71.25,49.86,98.40
51620,72.27,49.63,98.69
51630,73.26,49.85,98.96
51640,74.25,49.68,99.20
51650,75.23,49.59,99.41
51660,76.18,49.80,99.58
51670,77.13,49.49,99.73
51680,78.06,49.53,99.84
51690,78.99,49.40,99.92
51700,79.90,49.30,99.98
51710,80.79,49.23,100.00
51720,81.68,49.02,99.99
51730,82.54,49.12,99.95
51740,83.39,48.80,99.88
51750,84.23,48.68,99.78
51760,85.06,48.51,99.64
51770,85.87,48.34,99.48
51780,86.65,48.26,99.28
51790,87.44,47.75,99.06
51800,88.20,47.93,98.80
51810,88.95,47.49,98.51
51820,89.68,47.40,98.20
51830,90.39,47.11,97.85
51840,91.09,46.80,97.47
51850,91.77,46.62,97.07
51860,92.44,46.26,96.63
51870,93.09,46.11,96.17
51880,93.72,45.62,95.67
51890,94.33,45.57,95.15
51900,94.93,44.98,94.60
51910,95.51,44.87,94.03
51920,96.08,44.33,93.43
51930,96.62,44.19,92.80
51940,97.14,43.74,92.14
51950,97.65,43.36,91.46
51960,98.14,43.15,90.76
51970,98.61,42.51,90.03
51980,99.06,42.47,89.28
51990,99.49,41.82,88.50
52000,99.90,41.51,87.70
52010,100.28,41.45,86.88
52020,100.65,40.74,86.04
52030,101.00,40.39,85.17
52040,101.32,40.33,84.29
52050,101.61,39.83,83.39
52060,101.90,39.28,82.47
52070,102.15,39.10,81.53
52080,102.37,38.86,80.57
52090,102.56,38.69,79.60
52100,102.73,38.30,78.61
52110,102.87,37.96,77.61
52120,102.99,37.57,76.59
52130,103.09,37.24,75.56
52140,103.15,37.02,74.51
52150,103.19,36.79,73.46
52160,103.20,36.49,72.39
52170,103.18,36.18,71.31
52180,103.13,35.95,70.23
52190,103.06,35.78,69.13
52200,102.94,35.65,68.03
52210,102.81,35.40,66.92
52220,102.63,35.38,65.81
52230,102.42,35.25,64.69
52240,102.19,34.91,63.57
52250,101.93,34.78,62.44
52260,101.64,34.50,61.31
52270,101.32,34.51,60.18
52280,100.95,34.59,59.05
52290,100.57,34.37,57.92
52300,100.15,34.16,56.79
52310,99.71,34.15,55.67
52320,99.23,34.20,54.55
52330,98.71,34.20,53.43
52340,98.17,34.08,52.31
52350,97.59,34.25,51.21
52360,96.99,34.16,50.10
52370,96.35,34.17,49.01
52380,95.68,34.42,47.93
52390,94.98,34.40,46.85
52400,94.25,34.41,45.79
52410,93.48,34.85,44.73
52420,92.69,34.73,43.69
52430,91.86,35.04,42.66
52440,91.00,35.37,41.65
52450,90.11,35.42,40.64
52460,89.19,35.75,39.66
52470,88.23,36.11,38.69
52480,87.25,36.32,37.74
52490,86.24,36.51,36.80
52500,85.18,37.23,35.89
52510,84.12,37.18,34.99
52520,83.01,37.94,34.11
52530,81.88,38.10,33.26
52540,80.71,38.77,32.42
52550,79.54,38.83,31.61
52560,78.29,40.15,30.82
52570,77.01,40.79,30.05
52580,75.73,40.85,29.31
52590,74.43,41.35,28.59
52600,73.09,42.18,27.90
52610,71.72,42.68,27.23
52620,70.33,43.38,26.59
52630,68.94,43.69,25.98
52640,67.53,44.17,25.40
52650,66.10,44.68,24.84
52660,64.60,46.50,24.31
52670,63.08,47.16,23.81
52680,61.56,47.63,23.34
52690,60.03,48.11,22.90
52700,58.49,48.61,22.48
52710,56.97,48.86,22.10
52720,55.43,49.53,21.75
52730,53.89,50.10,21.43
52740,52.34,50.90,21.15
52750,50.80,51.10,20.89
52760,49.25,51.90,20.67
52770,47.72,52.13,20.48
52780,46.18,52.96,20.32
52790,44.67,53.10,20.19
52800,43.15,53.87,20.09
52810,41.65,54.09,20.03
52820,40.17,54.51,20.00
52830,38.68,55.35,20.01
52840,37.23,55.15,20.04
52850,35.81,55.52,20.11
52860,34.39,56.30,20.21
52870,33.00,56.40,20.35
52880,31.65,56.43,20.51
52890,30.34,56.41,20.71
52900,29.05,56.92,20.95
52910,27.79,57.20,21.21
52920,26.54,57.68,21.51
52930,25.34,57.62,21.83
52940,24.17,57.92,22.19
52950,23.03,58.10,22.58
52960,21.95,57.96,23.00
52970,20.90,57.98,23.46
52980,19.90,58.09,23.94
52990,18.94,58.03,24.45
53000,18.02,58.14,24.99
53010,17.16,58.03,25.56
53020,16.32,58.21,26.16
53030,15.54,58.17,26.79
53040,14.80,58.06,27.44
53050,14.12,57.85,28.13
53060,13.48,57.81,28.83
53070,12.91,57.32,29.57
53080,12.40,56.93,30.33
53090,11.96,56.55,31.11
53100,11.58,56.07,31.92
53110,11.26,55.67,32.75
53120,10.99,55.39,33.61
53130,10.77,55.17,34.49
53140,10.60,54.97,35.39
53150,10.48,54.82,36.31
53160,10.41,54.63,37.24
53170,10.38,54.40,38.20
53180,10.41,54.17,39.18
53190,10.48,53.98,40.17
53200,10.60,53.56,41.19
53210,10.76,53.58,42.21
53220,10.96,53.53,43.25
53230,11.20,53.42,44.31
53240,11.47,53.42,45.38
53250,11.78,53.48,46.46
53260,12.11,53.50,47.56
53270,12.49,53.36,48.66
53280,12.92,52.93,49.77
53290,13.41,52.30,50.90
53300,13.95,51.97,52.03
53310,14.52,51.82,53.17
53320,15.12,51.96,54.31
53330,15.74,52.00,55.46
53340,16.39,51.96,56.61
53350,17.09,51.55,57.77
53360,17.83,51.26,58.93
53370,18.59,51.36,60.08
53380,19.37,51.52,61.24
53390,20.19,51.19,62.40
53400,21.05,50.73,63.56
53410,21.94,50.55,64.71
53420,22.85,50.78,65.86
53430,23.78,50.57,67.01
53440,24.75,50.22,68.15
53450,25.73,50.46,69.28
53460,26.72,50.62,70.41
53470,27.75,50.18,71.53
53480,28.80,49.96,72.64
53490,29.86,50.17,73.73
53500,30.94,50.08,74.82
53510,32.06,49.62,75.89
53520,33.16,50.08,76.95
53530,34.29,49.94,78.00
53540,35.44,49.53,79.03
53550,36.59,49.89,80.05
53560,37.76,49.62,81.05
53570,38.95,49.46,82.03
53580,40.14,49.65,82.99
53590,41.34,49.55,83.93
53600,42.55,49.49,84.86
53610,43.76,49.52,85.76
53620,44.98,49.28,86.64
53630,46.20,49.57,87.50
53640,47.44,49.20,88.34
53650,48.66,49.43,89.15
53660,49.89,49.33,89.93
53670,51.13,49.32,90.70
53680,52.36,49.29,91.43
53690,53.59,49.29,92.14
53700,54.82,49.27,92.82
53710,56.06,48.79,93.48
53720,57.30,48.90,94.10
53730,58.54,48.69,94.70
53740,59.76,48.92,95.26
53750,60.99,48.63,95.80
53760,62.20,48.72,96.31
53770,63.41,48.60,96.78
53780,64.61,48.64,97.23
53790,65.80,48.60,97.64
53800,66.98,48.50,98.02
53810,68.14,48.67,98.37
53820,69.30,48.29,98.68
53830,70.44,48.50,98.96
53840,71.58,48.10,99.21
53850,72.69,48.27,99.43
53860,73.80,48.09,99.61
53870,74.88,48.08,99.75
53880,75.96,48.01,99.87
53890,77.02,47.74,99.95
53900,78.07,47.67,99.99
53910,79.10,47.38,100.00
53920,80.12,47.44,99.97
53930,81.12,47.15,99.92
53940,82.10,47.10,99.82
53950,83.08,46.56,99.69
53960,84.02,46.70,99.53
53970,84.96,46.31,99.34
53980,85.87,46.40,99.10
53990,86.76,46.01,98.84
54000,87.63,45.91,98.54
54010,88.49,45.50,98.21
54020,89.33,45.24,97.85
54030,90.15,44.96,97.45
54040,90.96,44.63,97.02
54050,91.73,44.55,96.56
54060,92.50,43.95,96.06
54070,93.23,43.99,95.54
54080,93.96,43.48,94.98
54090,94.65,43.18,94.40
54100,95.33,42.94,93.78
54110,95.99,42.45,93.13
54120,96.62,42.31,92.46
54130,97.23,41.86,91.75
54140,97.82,41.35,91.02
54150,98.38,41.28,90.27
54160,98.91,40.96,89.48
54170,99.44,40.22,88.67
54180,99.94,39.96,87.83
54190,100.40,39.90,86.97
54200,100.84,39.33,86.09
54210,101.27,38.77,85.18
54220,101.68,38.35,84.25
54230,102.05,38.07,83.30
54240,102.38,38.03,82.33
54250,102.68,37.83,81.34
54260,102.95,37.52,80.33
54270,103.20,37.15,79.30
54280,103.41,36.89,78.26
54290,103.59,36.62,77.20
54300,103.74,36.28,76.12
54310,103.87,36.02,75.03
54320,103.95,35.80,73.92
54330,104.01,35.55,72.81
54340,104.04,35.14,71.68
54350,104.05,34.81,70.54
54360,104.03,34.38,69.39
54370,103.98,34.17,68.23
54380,103.90,33.96,67.07
54390,103.78,33.90,65.90
54400,103.62,33.74,64.72
54410,103.44,33.42,63.54
54420,103.22,33.22,62.36
54430,102.97,33.25,61.17
54440,102.68,33.04,59.98
54450,102.37,32.72,58.80
54460,102.01,32.82,57.61
54470,101.63,32.66,56.42
54480,101.22,32.52,55.24
54490,100.76,32.70,54.06
54500,100.28,32.40,52.89
54510,99.75,32.51,51.72
54520,99.20,32.42,50.56
54530,98.62,32.41,49.41
54540,98.00,32.70,48.27
54550,97.34,32.62,47.13
54560,96.65,32.76,46.01
54570,95.93,32.71,44.90
54580,95.18,32.88,43.80
54590,94.39,33.11,42.72
54600,93.57,33.30,41.65
54610,92.71,33.57,40.60
54620,91.82,33.72,39.57
54630,90.89,34.14,38.55
54640,89.93,34.37,37.55
54650,88.94,34.78,36.58
54660,87.92,34.96,35.62
54670,86.86,35.34,34.68
54680,85.74,36.38,33.77
54690,84.60,36.72,32.88
54700,83.42,37.32,32.01
54710,82.21,37.65,31.17
54720,80.97,38.30,30.36
54730,79.70,38.76,29.57
54740,78.40,39.37,28.81
54750,77.07,40.12,28.07
54760,75.72,40.44,27.36
54770,74.34,41.08,26.69
54780,72.91,42.19,26.04
54790,71.47,42.64,25.42
54800,70.01,43.35,24.84
54810,68.50,44.37,24.28
54820,66.97,45.23,23.76
54830,65.43,45.70,23.27
54840,63.88,46.39,22.81
54850,62.32,46.85,22.38
54860,60.75,47.45,21.99
54870,59.17,48.08,21.64
54880,57.58,48.95,21.31
54890,55.98,49.42,21.03
54900,54.39,49.92,20.77
54910,52.78,50.97,20.56
54920,51.17,51.40,20.38
54930,49.56,52.22,20.23
54940,47.95,52.86,20.12
54950,46.35,53.31,20.04
54960,44.76,53.90,20.01
54970,43.18,54.38,20.00
54980,41.60,55.23,20.04
54990,40.06,55.26,20.11
55000,38.52,56.03,20.21
55010,37.00,56.41,20.36
55020,35.50,56.89,20.53
55030,34.05,56.89,20.75
55040,32.62,57.23,21.00
55050,31.19,58.17,21.28
55060,29.79,58.60,21.60
55070,28.42,58.85,21.96
55080,27.10,58.93,22.35
55090,25.81,59.19,22.77
55100,24.57,59.29,23.23
55110,23.37,59.31,23.72
55120,22.22,59.41,24.24
55130,21.10,59.68,24.80
55140,20.01,60.11,25.39
55150,18.96,60.31,26.01
55160,17.95,60.71,26.66
55170,16.98,60.69,27.34
55180,16.08,60.49,28.05
55190,15.26,59.70,28.80
55200,14.53,58.95,29.57
55210,13.87,58.60,30.36
55220,13.23,59.00,31.19
55230,12.60,59.76,32.04
55240,12.01,60.03,32.92
55250,11.49,59.63,33.82
55260,11.06,58.83,34.75
55270,10.71,57.94,35.70
55280,10.43,57.49,36.67
55290,10.19,57.82,37.66
55300,9.95,58.38,38.68
55310,9.75,58.76,39.71
55320,9.60,58.49,40.77
55330,9.54,57.61,41.84
55340,9.55,57.05,42.92
55350,9.64,56.40,44.03
55360,9.79,55.88,45.15
55370,9.98,55.78,46.28
55380,10.22,55.72,47.43
55390,10.48,55.96,48.58
55400,10.79,55.69,49.75
55410,11.15,55.61,50.93
55420,11.55,55.39,52.12
55430,11.99,55.32,53.31
55440,12.47,55.20,54.51
55450,13.00,54.92,55.72
55460,13.58,54.62,56.93
55470,14.20,54.33,58.14
55480,14.87,53.97,59.35
55490,15.58,53.64,60.57
55500,16.35,53.30,61.78
55510,17.15,52.90,63.00
55520,18.00,52.60,64.21
55530,18.89,52.33,65.42
55540,19.81,52.15,66.62
55550,20.75,52.26,67.82
55560,21.70,52.41,69.01
55570,22.69,52.23,70.19
55580,23.72,51.69,71.37
55590,24.79,51.15,72.53
55600,25.89,50.99,73.68
55610,27.00,51.20,74.82
55620,28.13,51.16,75.95
55630,29.28,50.96,77.06
55640,30.47,50.42,78.15
55650,31.68,50.12,79.23
55660,32.90,50.29,80.29
55670,34.14,50.11,81.33
55680,35.40,49.83,82.36
55690,36.67,49.83,83.36
55700,37.94,50.02,84.34
55710,39.24,49.46,85.30
55720,40.56,49.16,86.23
55730,41.88,49.29,87.14
55740,43.21,48.99,88.03
55750,44.55,48.80,88.89
55760,45.90,48.84,89.72
55770,47.26,48.44,90.52
55780,48.60,48.62,91.30
55790,49.96,48.33,92.05
55800,51.32,48.35,92.77
55810,52.67,48.19,93.45
55820,54.03,48.14,94.11
55830,55.38,47.95,94.73
55840,56.73,47.92,95.32
55850,58.06,47.88,95.88
55860,59.43,47.15,96.41
55870,60.78,47.18,96.90
55880,62.12,47.00,97.35
55890,63.45,46.96,97.77
55900,64.77,46.79,98.16
55910,66.09,46.67,98.51
55920,67.39,46.58,98.82
55930,68.67,46.39,99.10
55940,69.95,46.29,99.34
55950,71.20,46.26,99.54
55960,72.44,46.20,99.71
55970,73.67,45.94,99.84
55980,74.88,45.71,99.93
55990,76.07,45.68,99.98
56000,77.26,45.27,100.00
56010,78.41,45.31,99.98
56020,79.56,44.97,99.92
56030,80.68,44.94,99.82
56040,81.79,44.51,99.68
56050,82.87,44.49,99.51
56060,83.94,44.08,99.30
56070,84.99,43.85,99.05
56080,86.00,43.82,98.77
56090,87.01,43.23,98.45
56100,87.99,43.30,98.09
56110,88.94,42.93,97.69
56120,89.88,42.42,97.26
56130,90.79,42.41,96.80
56140,91.69,41.86,96.30
56150,92.56,41.48,95.76
56160,93.39,41.52,95.19
56170,94.21,41.06,94.59
56180,95.01,40.57,93.95
56190,95.78,40.32,93.28
56200,96.51,40.13,92.58
56210,97.23,39.64,91.85
56220,97.93,38.95,91.09
56230,98.60,38.83,90.30
56240,99.24,38.58,89.48
56250,99.84,38.27,88.63
56260,100.41,37.99,87.75
56270,100.96,37.64,86.84
56280,101.47,37.24,85.91
56290,101.96,36.92,84.96
56300,102.42,36.42,83.98
56310,102.85,36.10,82.98
56320,103.25,35.78,81.96
56330,103.62,35.46,80.91
56340,103.95,35.20,79.84
56350,104.24,35.11,78.76
56360,104.49,34.84,77.66
56370,104.72,34.49,76.54
56380,104.91,34.08,75.40
56390,105.08,33.66,74.25
56400,105.22,33.37,73.08
56410,105.31,33.27,71.90
56420,105.36,33.03,70.71
56430,105.39,32.78,69.51
56440,105.38,32.48,68.30
56450,105.32,32.48,67.08
56460,105.24,32.03,65.86
56470,105.11,32.06,64.63
56480,104.95,31.82,63.39
56490,104.77,31.34,62.15
56500,104.55,31.40,60.91
56510,104.29,31.18,59.67
56520,104.00,30.96,58.42
56530,103.67,30.92,57.18
56540,103.30,30.89,55.94
56550,102.89,30.91,54.71
56560,102.45,30.66,53.48
56570,101.97,30.70,52.25
56580,101.46,30.61,51.03
56590,100.92,30.64,49.82
56600,100.34,30.54,48.63
56610,99.72,30.71,47.44
56620,99.06,30.79,46.26
56630,98.37,30.88,45.10
56640,97.64,31.15,43.95
56650,96.88,31.04,42.81
56660,96.07,31.41,41.69
56670,95.24,31.49,40.59
56680,94.36,31.85,39.51
56690,93.45,32.09,38.45
56700,92.51,32.26,37.41
56710,91.53,32.77,36.39
56720,90.52,32.88,35.40
56730,89.47,33.42,34.42
56740,88.38,33.80,33.47
56750,87.26,34.22,32.55
56760,86.11,34.73,31.66
56770,84.92,35.30,30.79
56780,83.70,35.74,29.95
56790,82.44,36.38,29.14
56800,81.15,37.00,28.36
56810,79.80,38.17,27.61
56820,78.42,38.89,26.89
56830,77.00,39.52,26.20
56840,75.56,40.30,25.55
56850,74.10,40.78,24.93
56860,72.61,41.63,24.35
56870,71.09,42.44,23.80
56880,69.55,42.99,23.28
56890,67.99,43.92,22.80
56900,66.37,45.40,22.36
56910,64.74,45.89,21.95
56920,63.11,46.65,21.59
56930,61.46,47.25,21.25
56940,59.81,47.97,20.96
56950,58.14,48.85,20.71
56960,56.46,49.62,20.49
56970,54.78,50.30,20.32
56980,53.08,51.45,20.18
56990,51.38,52.02,20.08
57000,49.67,53.10,20.02
57010,47.97,53.60,20.00
57020,46.27,77.72,60.00
57030,44.58,78.67,60.00
57040,42.90,79.47,60.00
57050,41.25,80.09,60.00
57060,39.60,80.89,60.00
57070,37.99,81.49,60.00
57080,36.42,81.59,60.00
57090,34.91,81.38,60.00
57100,33.33,84.02,60.00
57110,31.93,81.13,60.00
57120,30.48,83.44,60.00
57130,29.19,81.14,60.00
57140,27.97,80.64,60.00
57150,26.76,81.33,60.00
57160,25.60,81.07,60.00
57170,24.52,80.56,60.00
57180,23.53,79.47,60.00
57190,22.64,78.27,60.00
57200,21.83,77.28,60.00
57210,21.12,76.17,60.00
57220,20.48,75.22,60.00
57230,19.93,74.02,60.00
57240,19.49,72.51,60.00
57250,19.14,70.89,60.00
57260,18.91,69.09,60.00
57270,18.78,67.40,60.00
57280,18.75,65.83,60.00
57290,18.79,64.40,60.00
57300,18.91,63.27,60.00
57310,19.09,62.00,60.00
57320,19.38,60.16,60.00
57330,19.80,57.40,60.00
57340,20.31,55.57,60.00
57350,20.80,55.99,60.00
57360,21.41,53.59,60.00
57370,22.10,51.66,60.00
57380,22.80,51.39,60.00
57390,23.60,49.28,60.00
57400,24.49,46.99,60.00
57410,25.29,48.71,60.00
57420,26.21,46.00,60.00
57430,27.22,43.87,60.00
57440,28.25,43.05,60.00
57450,29.30,42.17,60.00
57460,30.38,41.23,60.00
57470,31.47,40.52,60.00
57480,32.59,39.51,60.00
57490,33.74,38.48,60.00
57500,34.88,38.00,60.00
57510,36.05,37.13,60.00
57520,37.22,36.43,60.00
57530,38.40,35.70,60.00
57540,39.58,35.14,60.00
57550,40.78,34.37,60.00
57560,41.96,33.96,60.00
57570,43.15,33.40,60.00
57580,44.34,32.65,60.00
57590,45.53,32.27,60.00
57600,46.70,31.85,60.00
57610,47.85,31.72,60.00
57620,48.99,31.50,60.00
57630,50.10,31.38,60.00
57640,51.20,31.10,60.00
57650,52.29,30.57,60.00
57660,53.38,30.11,60.00
57670,54.44,30.04,60.00
57680,55.46,30.30,60.00
57690,56.45,30.57,60.00
57700,57.40,30.64,60.00
57710,58.34,30.32,60.00
57720,59.23,30.88,60.00
57730,60.10,30.67,60.00
57740,60.93,30.95,60.00
57750,61.74,31.03,60.00
57760,62.51,31.25,60.00
57770,63.26,31.24,60.00
57780,63.97,31.74,60.00
57790,64.65,31.85,60.00
57800,65.28,32.38,60.00
57810,65.89,32.42,60.00
57820,66.45,33.04,60.00
57830,66.97,33.33,60.00
57840,67.47,33.74,60.00
57850,67.91,34.27,60.00
57860,68.30,35.27,60.00
57870,68.65,35.75,60.00
57880,68.96,36.17,60.00
57890,69.25,36.59,60.00
57900,69.48,37.28,60.00
57910,69.70,37.47,60.00
57920,69.87,38.27,60.00
57930,70.02,38.58,60.00
57940,70.13,39.18,60.00
57950,70.21,39.83,60.00
57960,70.25,40.29,60.00
57970,70.26,40.94,60.00
57980,70.26,41.18,60.00
57990,70.22,41.81,60.00
58000,70.14,42.58,60.00
58010,70.04,42.93,60.00
58020,69.92,43.43,60.00
58030,69.78,43.75,60.00
58040,69.61,44.40,60.00
58050,69.41,45.12,60.00
58060,69.18,45.81,60.00
58070,68.93,46.33,60.00
58080,68.66,46.78,60.00
58090,68.37,47.12,60.00
58100,68.07,47.69,60.00
58110,67.75,47.97,60.00
58120,67.42,48.48,60.00
58130,67.09,48.72,60.00
58140,66.72,49.45,60.00
58150,66.37,49.41,60.00
58160,65.98,50.22,60.00
58170,65.59,50.53,60.00
58180,65.20,50.79,60.00
58190,64.79,51.31,60.00
58200,64.38,51.44,60.00
58210,63.96,51.94,60.00
58220,63.54,52.11,60.00
58230,63.11,52.51,60.00
58240,62.69,52.58,60.00
58250,62.27,52.89,60.00
58260,61.84,53.12,60.00
58270,61.42,53.31,60.00
58280,61.01,53.27,60.00
58290,60.59,53.81,60.00
58300,60.19,53.54,60.00
58310,59.79,53.80,60.00
58320,59.38,54.29,60.00
58330,58.98,54.27,60.00
58340,58.60,54.07,60.00
58350,58.24,54.05,60.00
58360,57.87,54.26,60.00
58370,57.51,54.32,60.00
58380,57.17,54.20,60.00
58390,56.85,54.16,60.00
58400,56.53,54.23,60.00
58410,56.21,54.34,60.00
58420,55.90,54.41,60.00
58430,55.61,54.24,60.00
58440,55.33,54.10,60.00
58450,55.08,53.89,60.00
58460,54.83,53.95,60.00
58470,54.58,54.21,60.00
58480,54.34,54.12,60.00
58490,54.12,53.84,60.00
58500,53.92,53.54,60.00
58510,53.74,53.40,60.00
58520,53.57,53.35,60.00
58530,53.41,53.34,60.00
58540,53.25,53.39,60.00
58550,53.11,53.07,60.00
58560,53.00,52.80,60.00
58570,52.90,52.52,60.00
58580,52.80,52.53,60.00
58590,52.71,52.55,60.00
58600,52.64,52.36,60.00
58610,52.57,52.18,60.00
58620,52.53,51.84,60.00
58630,52.50,51.71,60.00
58640,52.47,51.73,60.00
58650,52.46,51.43,60.00
58660,52.46,51.14,60.00
58670,52.48,50.97,60.00
58680,52.50,50.98,60.00
58690,52.52,50.86,60.00
58700,52.56,50.65,60.00
58710,52.60,50.50,60.00
58720,52.65,50.46,60.00
58730,52.72,50.15,60.00
58740,52.78,50.12,60.00
58750,52.84,50.29,60.00
58760,52.93,49.69,60.00
58770,53.02,49.75,60.00
58780,53.11,49.66,60.00
58790,53.20,49.49,60.00
58800,53.30,49.47,60.00
58810,53.40,49.39,60.00
58820,53.51,49.29,60.00
58830,53.62,49.05,60.00
58840,53.73,49.20,60.00
58850,53.86,48.74,60.00
58860,53.97,49.04,60.00
58870,54.10,48.64,60.00
58880,54.23,48.70,60.00
58890,54.36,48.67,60.00
58900,54.49,48.51,60.00
58910,54.62,48.54,60.00
58920,54.75,48.41,60.00
58930,54.88,48.50,60.00
58940,55.00,48.42,60.00
58950,55.14,48.24,60.00
58960,55.27,48.33,60.00
58970,55.40,48.27,60.00
58980,55.52,48.33,60.00
58990,55.65,48.19,60.00
59000,55.77,48.39,60.00
59010,55.89,48.16,60.00
59020,56.01,48.27,60.00
59030,56.13,48.19,60.00
59040,56.26,48.04,60.00
59050,56.37,48.27,60.00
59060,56.49,48.17,60.00
59070,56.60,48.13,60.00
59080,56.71,48.12,60.00
59090,56.81,48.33,60.00
59100,56.91,48.32,60.00
59110,57.01,48.30,60.00
59120,57.11,48.19,60.00
59130,57.21,48.34,60.00
59140,57.30,48.31,60.00
59150,57.38,48.47,60.00
59160,57.46,48.47,60.00
59170,57.54,48.66,60.00
59180,57.61,48.51,60.00
59190,57.68,48.75,60.00
59200,57.75,48.55,60.00
59210,57.81,48.76,60.00
59220,57.88,48.58,60.00
59230,57.93,48.89,60.00
59240,57.98,48.93,60.00
59250,58.02,49.07,60.00
59260,58.07,49.04,60.00
59270,58.10,49.15,60.00
59280,58.15,48.98,60.00
59290,58.18,49.26,60.00
59300,58.22,49.11,60.00
59310,58.24,49.45,60.00
59320,58.26,49.43,60.00
59330,58.28,49.47,60.00
59340,58.30,49.44,60.00
59350,58.31,49.63,60.00
59360,58.32,49.69,60.00
59370,58.32,49.77,60.00
59380,58.33,49.71,60.00
59390,58.34,49.73,60.00
59400,58.33,50.09,60.00
59410,58.34,49.82,60.00
59420,58.33,50.05,60.00
59430,58.33,49.96,60.00
59440,58.32,50.20,60.00
59450,58.31,50.04,60.00
59460,58.31,50.16,60.00
59470,58.29,50.33,60.00
59480,58.29,50.03,60.00
59490,58.28,50.23,60.00
59500,58.27,50.22,60.00
59510,58.26,50.21,60.00
59520,58.25,50.33,60.00
59530,58.25,50.19,60.00
59540,58.24,50.19,60.00
59550,58.24,50.17,60.00
59560,58.24,50.13,60.00
59570,58.24,50.17,60.00
59580,58.24,50.22,60.00
59590,58.24,50.13,60.00
59600,58.25,49.97,60.00
59610,58.26,50.10,60.00
59620,58.27,50.03,60.00
59630,58.28,49.98,60.00
59640,58.28,50.17,60.00
59650,58.29,50.02,60.00
59660,58.29,50.15,60.00
59670,58.30,50.17,60.00
59680,58.31,49.99,60.00
59690,58.31,50.30,60.00
59700,58.32,49.93,60.00
59710,58.32,50.26,60.00
59720,58.32,50.31,60.00
59730,58.34,49.94,60.00
59740,58.33,50.39,60.00
59750,58.35,49.92,60.00
59760,58.35,50.26,60.00
59770,58.36,50.20,60.00
59780,58.37,50.17,60.00
59790,58.37,50.27,60.00
59800,58.38,50.16,60.00
59810,58.38,50.35,60.00
59820,58.39,50.16,60.00
59830,58.39,50.27,60.00
59840,58.39,50.40,60.00
59850,58.40,50.23,60.00
59860,58.39,50.45,60.00
59870,58.40,50.38,60.00
59880,58.40,50.36,60.00
59890,58.41,50.23,60.00
59900,58.41,50.30,60.00
59910,58.42,50.36,60.00
59920,58.42,50.43,60.00
59930,58.42,50.35,60.00
59940,58.42,50.44,60.00
59950,58.43,50.25,60.00
59960,58.44,50.38,60.00
59970,58.45,50.30,60.00
59980,58.46,50.17,60.00
59990,58.46,50.56,60.00
60000,58.47,50.20,60.00
60010,58.48,50.38,60.00
60020,58.48,50.41,60.00
60030,58.49,50.33,60.00
60040,58.49,50.46,60.00
60050,58.49,50.54,60.00
60060,58.50,50.33,60.00
60070,58.49,50.76,60.00
60080,58.51,50.29,60.00
60090,58.51,50.54,60.00
60100,58.51,50.45,60.00
60110,58.53,50.31,60.00
60120,58.53,50.54,60.00
60130,58.53,50.51,60.00
60140,58.54,50.36,60.00
60150,58.55,50.45,60.00
60160,58.56,50.46,60.00
60170,58.57,50.28,60.00
60180,58.57,50.62,60.00
60190,58.57,50.62,60.00
60200,58.58,50.43,60.00
60210,58.59,50.37,60.00
60220,58.60,50.59,60.00
60230,58.62,50.17,60.00
60240,58.63,50.48,60.00
60250,58.63,50.55,60.00
60260,58.65,50.29,60.00
60270,58.65,50.60,60.00
60280,58.67,50.35,60.00
60290,58.68,50.34,60.00
60300,58.69,50.49,60.00
60310,58.71,50.27,60.00
60320,58.72,50.46,60.00
60330,58.73,50.52,60.00
60340,58.74,50.28,60.00
60350,58.75,50.63,60.00
60360,58.77,50.26,60.00
60370,58.78,50.36,60.00
60380,58.79,50.46,60.00
60390,58.81,50.26,60.00
60400,58.82,50.54,60.00
60410,58.84,50.28,60.00
60420,58.86,50.24,60.00
60430,58.87,50.38,60.00
60440,58.89,50.24,60.00
60450,58.90,50.36,60.00
60460,58.92,50.43,60.00
60470,58.94,50.16,60.00
60480,58.95,50.41,60.00
60490,58.97,50.29,60.00
60500,58.99,50.23,60.00
60510,59.00,50.46,60.00
60520,59.02,50.20,60.00
60530,59.03,50.37,60.00
60540,59.05,50.36,60.00
60550,59.05,50.46,60.00
60560,59.06,50.43,60.00
60570,59.08,50.31,60.00
60580,59.08,50.54,60.00
60590,59.09,50.45,60.00
60600,59.10,50.46,60.00
60610,59.10,50.63,60.00
60620,59.11,50.44,60.00
60630,59.12,50.55,60.00
60640,59.12,50.61,60.00
60650,59.13,50.43,60.00
60660,59.12,50.77,60.00
60670,59.13,50.53,60.00
60680,59.13,50.58,60.00
60690,59.13,50.70,60.00
60700,59.14,50.45,60.00
60710,59.14,50.68,60.00
60720,59.14,50.61,60.00
60730,59.15,50.50,60.00
60740,59.15,50.74,60.00
60750,59.15,50.70,60.00
60760,59.16,50.57,60.00
60770,59.15,50.75,60.00
60780,59.17,50.37,60.00
60790,59.17,50.64,60.00
60800,59.17,50.68,60.00
60810,59.19,50.47,60.00
60820,59.18,50.77,60.00
60830,59.19,50.58,60.00
60840,59.19,50.67,60.00
60850,59.19,50.74,60.00
60860,59.19,50.63,60.00
60870,59.20,50.71,60.00
60880,59.19,50.80,60.00
60890,59.20,50.58,60.00
60900,59.19,50.91,60.00
60910,59.20,50.57,60.00
60920,59.20,50.68,60.00
60930,59.21,50.70,60.00
60940,59.21,50.70,60.00
60950,59.22,50.65,60.00
60960,59.22,50.67,60.00
60970,59.23,50.65,60.00
60980,59.24,50.48,60.00
60990,59.24,50.82,60.00
61000,59.25,50.53,60.00
61010,59.25,50.71,60.00
61020,59.26,50.70,60.00
61030,59.27,50.39,60.00
61040,59.28,50.69,60.00
61050,59.29,50.60,60.00
61060,59.30,50.45,60.00
61070,59.31,50.61,60.00
61080,59.32,50.60,60.00
61090,59.33,50.49,60.00
61100,59.34,50.58,60.00
61110,59.35,50.55,60.00
61120,59.37,50.41,60.00
61130,59.38,50.57,60.00
61140,59.39,50.51,60.00
61150,59.40,50.54,60.00
61160,59.41,50.55,60.00
61170,59.42,50.49,60.00
61180,59.43,50.55,60.00
61190,59.44,50.57,60.00
61200,59.46,50.42,60.00
61210,59.46,50.64,60.00
61220,59.47,50.50,60.00
61230,59.48,50.50,60.00
61240,59.50,50.43,60.00
61250,59.50,50.69,60.00
61260,59.52,50.35,60.00
61270,59.52,50.73,60.00
61280,59.52,50.64,60.00
61290,59.52,50.68,60.00
61300,59.54,50.48,60.00
61310,59.54,50.71,60.00
61320,59.55,50.48,60.00
61330,59.55,50.69,60.00
61340,59.55,50.73,60.00
61350,59.55,50.66,60.00
61360,59.56,50.62,60.00
61370,59.56,50.71,60.00
61380,59.57,50.43,60.00
61390,59.58,50.64,60.00
61400,59.58,50.66,60.00
61410,59.59,50.54,60.00
61420,59.59,50.69,60.00
61430,59.60,50.57,60.00
61440,59.61,50.49,60.00
61450,59.62,50.62,60.00
61460,59.63,50.54,60.00
61470,59.63,50.66,60.00
61480,59.63,50.69,60.00
61490,59.64,50.57,60.00
61500,59.64,50.69,60.00
61510,59.65,50.57,60.00
61520,59.65,50.54,60.00
61530,59.66,50.67,60.00
61540,59.66,50.59,60.00
61550,59.67,50.61,60.00
61560,59.66,50.76,60.00
61570,59.68,50.36,60.00
61580,59.68,50.71,60.00
61590,59.69,50.52,60.00
61600,59.70,50.63,60.00
61610,59.70,50.71,60.00
61620,59.70,50.57,60.00
61630,59.71,50.62,60.00
61640,59.71,50.74,60.00
61650,59.72,50.41,60.00
61660,59.71,50.86,60.00
61670,59.72,50.48,60.00
61680,59.72,50.70,60.00
61690,59.72,50.73,60.00
61700,59.72,50.66,60.00
61710,59.73,50.68,60.00
61720,59.72,50.80,60.00
61730,59.73,50.50,60.00
61740,59.72,50.94,60.00
61750,59.73,50.59,60.00
61760,59.72,50.79,60.00
61770,59.72,50.81,60.00
61780,59.72,50.71,60.00
61790,59.72,50.71,60.00
61800,59.71,50.87,60.00
61810,59.72,50.58,60.00
61820,59.71,51.05,60.00
61830,59.71,50.61,60.00
61840,59.71,50.80,60.00
61850,59.71,50.64,60.00
61860,59.71,50.73,60.00
61870,59.72,50.69,60.00
61880,59.71,50.85,60.00
61890,59.72,50.53,60.00
61900,59.72,50.86,60.00
61910,59.73,50.56,60.00
61920,59.73,50.65,60.00
61930,59.73,50.67,60.00
61940,59.74,50.65,60.00
61950,59.75,50.58,60.00
61960,59.74,50.85,60.00
61970,59.76,50.46,60.00
61980,59.76,50.67,60.00
61990,59.77,50.61,60.00
62000,59.78,50.47,60.00
62010,59.78,50.68,60.00
62020,59.78,50.73,60.00
62030,59.79,50.65,60.00
62040,59.78,50.85,60.00
62050,59.78,50.65,60.00
62060,59.79,50.69,60.00
62070,59.78,50.92,60.00
62080,59.79,50.58,60.00
62090,59.77,50.99,60.00
62100,59.77,50.71,60.00
62110,59.77,50.80,60.00
62120,59.77,50.82,60.00
62130,59.77,50.69,60.00
62140,59.78,50.69,60.00
62150,59.77,50.89,60.00
62160,59.77,50.73,60.00
62170,59.77,50.69,60.00
62180,59.77,50.84,60.00
62190,59.78,50.49,60.00
62200,59.78,50.77,60.00
62210,59.78,50.70,60.00
62220,59.79,50.73,60.00
62230,59.79,50.66,60.00
62240,59.79,50.70,60.00
62250,59.80,50.54,60.00
62260,59.81,50.65,60.00
62270,59.82,50.55,60.00
62280,59.83,50.54,60.00
62290,59.83,50.71,60.00
62300,59.85,50.41,60.00
62310,59.85,50.66,60.00
62320,59.86,50.47,60.00
62330,59.86,50.70,60.00
62340,59.87,50.60,60.00
62350,59.88,50.55,60.00
62360,59.88,50.63,60.00
62370,59.89,50.54,60.00
62380,59.89,50.67,60.00
62390,59.89,50.76,60.00
62400,59.90,50.57,60.00
62410,59.90,50.71,60.00
62420,59.90,50.77,60.00
62430,59.91,50.51,60.00
62440,59.90,50.91,60.00
62450,59.90,50.58,60.00
62460,59.90,50.75,60.00
62470,59.90,50.71,60.00
62480,59.91,50.59,60.00
62490,59.90,50.79,60.00
62500,59.90,50.72,60.00
62510,59.91,50.70,60.00
62520,59.90,50.78,60.00
62530,59.90,50.78,60.00
62540,59.90,50.76,60.00
62550,59.89,50.81,60.00
62560,59.89,50.75,60.00
62570,59.89,50.69,60.00
62580,59.89,50.74,60.00
62590,59.90,50.63,60.00
62600,59.90,50.64,60.00
62610,59.91,50.63,60.00
62620,59.91,50.61,60.00
62630,59.91,50.69,60.00
62640,59.92,50.65,60.00
62650,59.92,50.54,60.00
62660,59.92,50.75,60.00
62670,59.93,50.58,60.00
62680,59.94,50.55,60.00
62690,59.94,50.65,60.00
62700,59.95,50.49,60.00
62710,59.95,50.64,60.00
62720,59.96,50.63,60.00
62730,59.97,50.49,60.00
62740,59.97,50.73,60.00
62750,59.97,50.63,60.00
62760,59.97,50.72,60.00
62770,59.97,50.68,60.00
62780,59.97,50.66,60.00
62790,59.97,50.61,60.00
62800,59.97,50.79,60.00
62810,59.97,50.60,60.00
62820,59.97,50.85,60.00
62830,59.97,50.52,60.00
62840,59.97,50.84,60.00
62850,59.97,50.66,60.00
62860,59.96,50.80,60.00
62870,59.96,50.78,60.00
62880,59.96,50.73,60.00
62890,59.96,50.58,60.00
62900,59.95,50.88,60.00
62910,59.96,50.54,60.00
62920,59.95,50.85,60.00
62930,59.96,50.63,60.00
62940,59.96,50.68,60.00
62950,59.96,50.66,60.00
62960,59.96,50.80,60.00
62970,59.96,50.66,60.00
62980,59.95,50.91,60.00
62990,59.96,50.52,60.00
63000,59.95,50.91,60.00
63010,59.94,50.78,60.00
63020,59.95,15.67,0.00
63030,59.94,15.48,0.00
63040,59.94,15.05,0.00
63050,59.95,14.22,0.00
63060,59.95,14.22,0.00
63070,59.92,14.42,0.00
63080,59.89,14.00,0.00
63090,59.83,14.12,0.00
63100,59.76,14.26,0.00
63110,59.68,13.80,0.00
63120,59.56,14.41,0.00
63130,59.42,14.43,0.00
63140,59.25,14.81,0.00
63150,59.04,15.31,0.00
63160,58.84,14.95,0.00
63170,58.57,16.01,0.00
63180,58.26,16.55,0.00
63190,57.96,16.19,0.00
63200,57.62,16.87,0.00
63210,57.24,17.40,0.00
63220,56.83,17.93,0.00
63230,56.38,18.54,0.00
63240,55.89,19.15,0.00
63250,55.38,19.75,0.00
63260,54.82,20.58,0.00
63270,54.24,20.88,0.00
63280,53.63,21.53,0.00
63290,53.00,22.02,0.00
63300,52.34,22.51,0.00
63310,51.64,23.41,0.00
63320,50.91,24.16,0.00
63330,50.15,24.78,0.00
63340,49.36,25.69,0.00
63350,48.54,26.36,0.00
63360,47.69,27.00,0.00
63370,46.81,27.83,0.00
63380,45.91,28.47,0.00
63390,44.99,29.09,0.00
63400,44.05,29.78,0.00
63410,43.05,31.35,0.00
63420,42.05,31.63,0.00
63430,41.02,32.45,0.00
63440,39.96,33.44,0.00
63450,38.85,34.68,0.00
63460,37.74,35.29,0.00
63470,36.62,35.77,0.00
63480,35.48,36.51,0.00
63490,34.35,37.00,0.00
63500,33.19,37.76,0.00
63510,32.00,39.04,0.00
63520,30.80,39.66,0.00
63530,29.58,40.42,0.00
63540,28.38,40.79,0.00
63550,27.16,41.51,0.00
63560,25.95,41.98,0.00
63570,24.74,42.39,0.00
63580,23.53,42.94,0.00
63590,22.31,43.79,0.00
63600,21.09,44.31,0.00
63610,19.88,44.47,0.00
63620,18.70,44.77,0.00
63630,17.54,44.68,0.00
63640,16.40,44.97,0.00
63650,15.27,45.20,0.00
63660,14.15,45.68,0.00
63670,13.03,46.05,0.00
63680,11.95,46.06,0.00
63690,10.89,45.89,0.00
63700,9.87,45.74,0.00
63710,8.89,45.50,0.00
63720,7.91,46.06,0.00
63730,6.94,46.37,0.00
63740,6.00,46.06,0.00
63750,5.13,45.32,0.00
63760,4.26,45.65,0.00
63770,3.42,45.74,0.00
63780,2.62,45.10,0.00
63790,1.87,44.78,0.00
63800,1.12,44.97,0.00
63810,0.42,44.47,0.00
63820,-0.22,43.82,0.00
63830,-0.86,43.90,0.00
63840,-1.46,43.55,0.00
63850,-2.01,43.00,0.00
63860,-2.52,42.47,0.00
63870,-3.01,42.30,0.00
63880,-3.47,41.98,0.00
63890,-3.87,41.01,0.00
63900,-4.23,40.57,0.00
63910,-4.58,40.56,0.00
63920,-4.88,39.84,0.00
63930,-5.14,39.02,0.00
63940,-5.36,38.46,0.00
63950,-5.55,38.09,0.00
63960,-5.71,37.54,0.00
63970,-5.84,37.20,0.00
63980,-5.94,36.48,0.00
63990,-5.99,35.72,0.00
64000,-6.01,35.14,0.00
64010,-6.01,34.57,0.00
64020,-5.96,33.89,0.00
64030,-5.91,33.65,0.00
64040,-5.84,33.35,0.00
64050,-5.74,32.88,0.00
64060,-5.62,32.31,0.00
64070,-5.46,31.36,0.00
64080,-5.26,30.52,0.00
64090,-5.06,30.51,0.00
64100,-4.83,29.77,0.00
64110,-4.57,29.08,0.00
64120,-4.29,28.66,0.00
64130,-4.01,28.30,0.00
64140,-3.72,28.09,0.00
64150,-3.40,27.35,0.00
64160,-3.08,27.22,0.00
64170,-2.74,26.44,0.00
64180,-2.39,26.13,0.00
64190,-2.03,25.86,0.00
64200,-1.66,25.32,0.00
64210,-1.29,25.13,0.00
64220,-0.89,24.48,0.00
64230,-0.49,24.08,0.00
64240,-0.09,23.90,0.00
64250,0.32,23.39,0.00
64260,0.74,23.02,0.00
64270,1.16,22.71,0.00
64280,1.57,22.78,0.00
64290,2.00,22.14,0.00
64300,2.41,22.04,0.00
64310,2.84,21.61,0.00
64320,3.26,21.46,0.00
64330,3.68,21.32,0.00
64340,4.11,20.60,0.00
64350,4.54,20.57,0.00
64360,4.97,20.01,0.00
64370,5.40,19.89,0.00
64380,5.83,19.71,0.00
64390,6.24,19.65,0.00
64400,6.67,19.11,0.00
64410,7.10,18.67,0.00
64420,7.50,19.11,0.00
64430,7.89,18.96,0.00
64440,8.30,18.21,0.00
64450,8.70,18.21,0.00
64460,9.10,17.99,0.00
64470,9.49,17.73,0.00
64480,9.85,18.08,0.00
64490,10.21,18.00,0.00
64500,10.57,17.44,0.00
64510,10.92,17.57,0.00
64520,11.28,17.12,0.00
64530,11.60,17.50,0.00
64540,11.89,17.95,0.00
64550,12.20,17.33,0.00
64560,12.49,17.30,0.00
64570,12.77,17.47,0.00
64580,13.04,17.36,0.00
64590,13.32,16.89,0.00
64600,13.56,17.43,0.00
64610,13.81,16.96,0.00
64620,14.05,17.03,0.00
64630,14.27,17.23,0.00
64640,14.47,17.18,0.00
64650,14.69,16.89,0.00
64660,14.86,17.39,0.00
64670,15.03,17.32,0.00
64680,15.21,16.95,0.00
64690,15.34,17.71,0.00
64700,15.50,17.04,0.00
64710,15.63,17.43,0.00
64720,15.76,17.22,0.00
64730,15.86,17.56,0.00
64740,15.96,17.46,0.00
64750,16.02,18.06,0.00
64760,16.09,17.77,0.00
64770,16.14,18.07,0.00
64780,16.19,17.90,0.00
64790,16.21,18.38,0.00
64800,16.24,18.17,0.00
64810,16.23,18.63,0.00
64820,16.22,18.85,0.00
64830,16.19,18.92,0.00
64840,16.14,19.22,0.00
64850,16.10,18.95,0.00
64860,16.03,19.56,0.00
64870,15.97,19.36,0.00
64880,15.88,19.82,0.00
64890,15.79,19.65,0.00
64900,15.68,20.11,0.00
64910,15.57,20.07,0.00
64920,15.46,20.12,0.00
64930,15.30,20.97,0.00
64940,15.16,20.76,0.00
64950,14.99,21.15,0.00
64960,14.82,21.29,0.00
64970,14.63,21.61,0.00
64980,14.44,21.60,0.00
64990,14.25,21.70,0.00
65000,14.03,22.13,0.00
65010,13.83,21.98,0.00
65020,13.60,22.64,0.00
65030,13.36,22.70,0.00
65040,13.11,23.03,0.00
65050,12.86,23.09,0.00
65060,12.61,23.28,0.00
65070,12.36,23.21,0.00
65080,12.07,24.09,0.00
65090,11.80,23.88,0.00
65100,11.50,24.51,0.00
65110,11.20,24.49,0.00
65120,10.91,24.56,0.00
65130,10.62,24.55,0.00
65140,10.30,25.27,0.00
65150,10.01,24.93,0.00
65160,9.69,25.37,0.00
65170,9.37,25.61,0.00
65180,9.05,25.86,0.00
65190,8.73,25.84,0.00
65200,8.40,26.30,0.00
65210,8.08,26.17,0.00
65220,7.75,26.41,0.00
65230,7.42,26.74,0.00
65240,7.09,26.83,0.00
65250,6.75,26.96,0.00
65260,6.41,27.46,0.00
65270,6.08,27.18,0.00
65280,5.75,27.28,0.00
65290,5.43,27.49,0.00
65300,5.09,27.84,0.00
65310,4.74,28.25,0.00
65320,4.42,27.90,0.00
65330,4.10,27.83,0.00
65340,3.80,27.77,0.00
65350,3.48,28.31,0.00
65360,3.18,28.01,0.00
65370,2.89,28.10,0.00
65380,2.57,28.66,0.00
65390,2.27,28.45,0.00
65400,1.98,28.51,0.00
65410,1.70,28.55,0.00
65420,1.42,28.39,0.00
65430,1.16,28.51,0.00
65440,0.89,28.56,0.00
65450,0.64,28.48,0.00
65460,0.38,28.60,0.00
65470,0.15,28.36,0.00
65480,-0.10,28.82,0.00
65490,-0.31,28.19,0.00
65500,-0.52,28.27,0.00
65510,-0.74,28.53,0.00
65520,-0.92,27.83,0.00
65530,-1.09,27.87,0.00
65540,-1.28,28.37,0.00
65550,-1.44,27.93,0.00
65560,-1.61,27.96,0.00
65570,-1.77,28.23,0.00
65580,-1.92,27.91,0.00
65590,-2.05,27.54,0.00
65600,-2.15,27.11,0.00
65610,-2.26,27.43,0.00
65620,-2.38,27.64,0.00
65630,-2.46,26.99,0.00
65640,-2.52,26.66,0.00
65650,-2.59,26.67,0.00
65660,-2.63,26.39,0.00
65670,-2.66,26.19,0.00
65680,-2.70,26.24,0.00
65690,-2.71,25.89,0.00
65700,-2.74,26.20,0.00
65710,-2.74,25.51,0.00
65720,-2.73,25.47,0.00
65730,-2.71,25.35,0.00
65740,-2.68,25.03,0.00
65750,-2.63,24.57,0.00
65760,-2.59,24.94,0.00
65770,-2.55,24.80,0.00
65780,-2.49,24.40,0.00
65790,-2.43,24.36,0.00
65800,-2.35,23.99,0.00
65810,-2.27,24.00,0.00
65820,-2.18,23.69,0.00
65830,-2.09,23.57,0.00
65840,-1.99,23.46,0.00
65850,-1.88,23.16,0.00
65860,-1.76,22.93,0.00
65870,-1.63,22.69,0.00
65880,-1.50,22.59,0.00
65890,-1.38,22.75,0.00
65900,-1.24,22.17,0.00
65910,-1.10,22.21,0.00
65920,-0.96,22.02,0.00
65930,-0.82,22.15,0.00
65940,-0.68,21.90,0.00
65950,-0.52,21.48,0.00
65960,-0.34,21.01,0.00
65970,-0.19,21.45,0.00
65980,-0.05,21.50,0.00
65990,0.09,21.59,0.00
66000,0.26,20.79,0.00
66010,0.45,20.26,0.00
66020,0.64,20.22,0.00
66030,0.80,20.69,0.00
66040,0.98,20.18,0.00
66050,1.16,20.10,0.00
66060,1.33,20.13,0.00
66070,1.50,20.01,0.00
66080,1.67,20.01,0.00
66090,1.85,19.65,0.00
66100,2.03,19.44,0.00
66110,2.21,19.51,0.00
66120,2.36,19.74,0.00
66130,2.52,19.62,0.00
66140,2.69,19.30,0.00
66150,2.86,19.21,0.00
66160,3.02,19.15,0.00
66170,3.18,19.12,0.00
66180,3.35,18.83,0.00
66190,3.50,19.00,0.00
66200,3.67,18.67,0.00
66210,3.82,18.87,0.00
66220,3.98,18.42,0.00
66230,4.13,18.79,0.00
66240,4.27,18.73,0.00
66250,4.40,18.72,0.00
66260,4.54,18.48,0.00
66270,4.67,18.51,0.00
66280,4.81,18.42,0.00
66290,4.96,18.00,0.00
66300,5.07,18.65,0.00
66310,5.20,18.17,0.00
66320,5.31,18.44,0.00
66330,5.42,18.29,0.00
66340,5.53,18.18,0.00
66350,5.66,17.88,0.00
66360,5.76,18.28,0.00
66370,5.84,18.55,0.00
66380,5.93,18.27,0.00
66390,6.01,18.25,0.00
66400,6.11,18.02,0.00
66410,6.19,18.13,0.00
66420,6.28,17.91,0.00
66430,6.35,18.31,0.00
66440,6.43,17.93,0.00
66450,6.50,18.03,0.00
66460,6.58,17.79,0.00
66470,6.62,18.53,0.00
66480,6.65,18.56,0.00
66490,6.70,18.27,0.00
66500,6.74,18.31,0.00
66510,6.76,18.45,0.00
66520,6.80,18.28,0.00
66530,6.81,18.80,0.00
66540,6.81,18.71,0.00
66550,6.81,18.94,0.00
66560,6.82,18.60,0.00
66570,6.80,19.03,0.00
66580,6.81,18.61,0.00
66590,6.79,19.09,0.00
66600,6.77,18.90,0.00
66610,6.76,18.85,0.00
66620,6.73,19.10,0.00
66630,6.69,19.45,0.00
66640,6.66,19.13,0.00
66650,6.62,19.20,0.00
66660,6.57,19.50,0.00
66670,6.52,19.45,0.00
66680,6.49,19.10,0.00
66690,6.45,19.24,0.00
66700,6.38,19.65,0.00
66710,6.31,19.89,0.00
66720,6.26,19.44,0.00
66730,6.22,19.15,0.00
66740,6.15,19.67,0.00
66750,6.07,20.07,0.00
66760,5.96,20.56,0.00
66770,5.88,20.10,0.00
66780,5.79,20.10,0.00
66790,5.73,19.77,0.00
66800,5.64,20.28,0.00
66810,5.54,20.38,0.00
66820,5.44,20.44,0.00
66830,5.35,20.25,0.00
66840,5.25,20.57,0.00
66850,5.14,20.77,0.00
66860,5.03,20.79,0.00
66870,4.91,21.12,0.00
66880,4.78,21.15,0.00
66890,4.65,21.23,0.00
66900,4.55,20.82,0.00
66910,4.44,21.06,0.00
66920,4.32,21.15,0.00
66930,4.21,21.03,0.00
66940,4.10,21.06,0.00
66950,3.99,21.17,0.00
66960,3.86,21.41,0.00
66970,3.75,21.27,0.00
66980,3.62,21.66,0.00
66990,3.50,21.46,0.00
67000,3.37,21.85,0.00
67010,3.25,21.63,0.00
67020,3.14,21.45,0.00
67030,3.02,21.63,0.00
67040,2.90,21.76,0.00
67050,2.79,21.55,0.00
67060,2.67,21.79,0.00
67070,2.57,21.48,0.00
67080,2.45,21.97,0.00
67090,2.34,21.85,0.00
67100,2.22,21.88,0.00
67110,2.11,21.97,0.00
67120,1.98,22.32,0.00
67130,1.87,21.94,0.00
67140,1.75,22.32,0.00
67150,1.63,22.26,0.00
67160,1.51,22.33,0.00
67170,1.41,22.06,0.00
67180,1.31,22.12,0.00
67190,1.22,21.88,0.00
67200,1.12,22.26,0.00
67210,1.02,22.17,0.00
67220,0.94,21.81,0.00
67230,0.85,22.02,0.00
67240,0.78,21.84,0.00
67250,0.68,22.34,0.00
67260,0.61,21.86,0.00
67270,0.52,22.17,0.00
67280,0.43,22.40,0.00
67290,0.35,22.12,0.00
67300,0.26,22.40,0.00
67310,0.20,21.88,0.00
67320,0.11,22.40,0.00
67330,0.05,22.09,0.00
67340,-0.02,22.05,0.00
67350,-0.09,22.27,0.00
67360,-0.15,22.06,0.00
67370,-0.21,22.07,0.00
67380,-0.26,21.94,0.00
67390,-0.30,21.68,0.00
67400,-0.35,22.06,0.00
67410,-0.41,22.13,0.00
67420,-0.46,22.09,0.00
67430,-0.48,21.47,0.00
67440,-0.53,22.02,0.00
67450,-0.58,22.16,0.00
67460,-0.61,21.77,0.00
67470,-0.65,21.85,0.00
67480,-0.68,21.82,0.00
67490,-0.71,21.86,0.00
67500,-0.73,21.53,0.00
67510,-0.72,21.17,0.00
67520,-0.74,21.66,0.00
67530,-0.76,21.66,0.00
67540,-0.76,21.21,0.00
67550,-0.74,20.93,0.00
67560,-0.74,21.14,0.00
67570,-0.72,20.80,0.00
67580,-0.71,21.11,0.00
67590,-0.71,21.25,0.00
67600,-0.66,20.34,0.00
67610,-0.64,20.79,0.00
67620,-0.61,20.52,0.00
67630,-0.59,20.96,0.00
67640,-0.57,20.75,0.00
67650,-0.55,20.76,0.00
67660,-0.54,20.90,0.00
67670,-0.53,21.00,0.00
67680,-0.48,20.33,0.00
67690,-0.44,20.29,0.00
67700,-0.41,20.57,0.00
67710,-0.39,20.69,0.00
67720,-0.36,20.41,0.00
67730,-0.32,20.42,0.00
67740,-0.26,19.71,0.00
67750,-0.22,20.32,0.00
67760,-0.18,20.21,0.00
67770,-0.14,20.13,0.00
67780,-0.10,20.16,0.00
67790,-0.05,19.96,0.00
67800,-0.01,20.02,0.00
67810,0.05,19.73,0.00
67820,0.12,19.40,0.00
67830,0.18,19.64,0.00
67840,0.22,19.89,0.00
67850,0.29,19.51,0.00
67860,0.32,19.94,0.00
67870,0.38,19.47,0.00
67880,0.43,19.73,0.00
67890,0.50,19.26,0.00
67900,0.56,19.23,0.00
67910,0.61,19.62,0.00
67920,0.67,19.30,0.00
67930,0.74,19.10,0.00
67940,0.80,19.17,0.00
67950,0.85,19.40,0.00
67960,0.90,19.24,0.00
67970,0.96,19.12,0.00
67980,1.02,18.97,0.00
67990,1.06,19.47,0.00
68000,1.12,19.05,0.00
68010,1.16,19.38,0.00
68020,1.21,19.15,0.00
68030,1.25,19.15,0.00
68040,1.31,18.97,0.00
68050,1.36,18.97,0.00
68060,1.41,18.88,0.00
68070,1.47,18.73,0.00
68080,1.52,18.81,0.00
68090,1.57,18.94,0.00
68100,1.62,18.72,0.00
68110,1.66,18.97,0.00
68120,1.72,18.61,0.00
68130,1.75,19.09,0.00
68140,1.82,18.26,0.00
68150,1.86,18.86,0.00
68160,1.89,18.93,0.00
68170,1.92,18.92,0.00
68180,1.96,18.61,0.00
68190,1.99,18.92,0.00
68200,2.03,18.62,0.00
68210,2.08,18.40,0.00
68220,2.11,18.82,0.00
68230,2.13,18.89,0.00
68240,2.17,18.44,0.00
68250,2.19,18.90,0.00
68260,2.21,18.95,0.00
68270,2.22,18.97,0.00
68280,2.24,18.83,0.00
68290,2.27,18.69,0.00
68300,2.30,18.46,0.00
68310,2.33,18.44,0.00
68320,2.34,19.03,0.00
68330,2.35,18.81,0.00
68340,2.35,19.07,0.00
68350,2.34,19.17,0.00
68360,2.32,19.45,0.00
68370,2.31,19.22,0.00
68380,2.31,19.09,0.00
68390,2.30,19.06,0.00
68400,2.30,19.09,0.00
68410,2.30,18.99,0.00
68420,2.33,18.36,0.00
68430,2.34,18.72,0.00
68440,2.34,18.82,0.00
68450,2.36,18.54,0.00
68460,2.36,18.73,0.00
68470,2.35,19.20,0.00
68480,2.32,19.36,0.00
68490,2.30,19.31,0.00
68500,2.26,19.53,0.00
68510,2.25,19.22,0.00
68520,2.24,19.03,0.00
68530,2.26,18.38,0.00
68540,2.25,18.98,0.00
68550,2.24,18.99,0.00
68560,2.21,19.43,0.00
68570,2.17,19.58,0.00
68580,2.14,19.41,0.00
68590,2.11,19.35,0.00
68600,2.12,18.61,0.00
68610,2.13,18.64,0.00
68620,2.11,19.12,0.00
68630,2.07,19.54,0.00
68640,2.03,19.65,0.00
68650,2.00,19.30,0.00
68660,1.97,19.33,0.00
68670,1.98,18.69,0.00
68680,1.98,18.73,0.00
68690,1.96,19.14,0.00
68700,1.90,20.05,0.00
68710,1.87,19.34,0.00
68720,1.85,19.23,0.00
68730,1.86,18.58,0.00
68740,1.86,18.63,0.00
68750,1.82,19.60,0.00
68760,1.79,19.42,0.00
68770,1.75,19.59,0.00
68780,1.74,19.06,0.00
68790,1.75,18.50,0.00
68800,1.75,18.75,0.00
68810,1.73,19.13,0.00
68820,1.69,19.53,0.00
68830,1.65,19.65,0.00
68840,1.64,18.95,0.00
68850,1.64,18.75,0.00
68860,1.64,18.79,0.00
68870,1.63,18.92,0.00
68880,1.61,19.10,0.00
68890,1.58,19.31,0.00
68900,1.55,19.34,0.00
68910,1.53,19.23,0.00
68920,1.47,19.93,0.00
68930,1.45,19.24,0.00
68940,1.43,19.14,0.00
68950,1.42,19.07,0.00
68960,1.41,18.90,0.00
68970,1.42,18.47,0.00
68980,1.43,18.57,0.00
68990,1.42,19.01,0.00
69000,1.41,18.95,0.00
69010,1.38,19.25,0.00
69020,1.34,19.54,0.00
69030,1.32,19.34,0.00
69040,1.31,18.83,0.00
69050,1.32,18.53,0.00
69060,1.32,18.70,0.00
69070,1.31,18.94,0.00
69080,1.30,19.08,0.00
69090,1.27,19.34,0.00
69100,1.30,18.00,0.00
69110,1.32,18.41,0.00
69120,1.30,18.97,0.00
69130,1.28,19.08,0.00
69140,1.27,19.01,0.00
69150,1.24,19.34,0.00
69160,1.22,19.15,0.00
69170,1.21,18.77,0.00
69180,1.23,18.30,0.00
69190,1.26,18.14,0.00
69200,1.25,18.78,0.00
69210,1.24,18.86,0.00
69220,1.21,19.25,0.00
69230,1.20,18.94,0.00
69240,1.22,18.31,0.00
69250,1.23,18.30,0.00
69260,1.25,18.20,0.00
69270,1.25,18.67,0.00
69280,1.24,18.85,0.00
69290,1.21,19.09,0.00
69300,1.23,18.34,0.00
69310,1.28,17.49,0.00
69320,1.30,18.03,0.00
69330,1.31,18.35,0.00
69340,1.31,18.47,0.00
69350,1.30,18.79,0.00
69360,1.28,18.90,0.00
69370,1.30,18.06,0.00
69380,1.33,17.87,0.00
69390,1.35,18.01,0.00
69400,1.35,18.56,0.00
69410,1.34,18.63,0.00
69420,1.33,18.48,0.00
69430,1.35,18.15,0.00
69440,1.39,17.57,0.00
69450,1.38,18.45,0.00
69460,1.39,18.33,0.00
69470,1.37,18.60,0.00
69480,1.37,18.51,0.00
69490,1.37,18.18,0.00
69500,1.40,17.85,0.00
69510,1.42,17.81,0.00
69520,1.42,18.31,0.00
69530,1.39,18.86,0.00
69540,1.37,18.73,0.00
69550,1.38,18.02,0.00
69560,1.39,18.17,0.00
69570,1.41,17.79,0.00
69580,1.40,18.40,0.00
69590,1.39,18.52,0.00
69600,1.39,18.12,0.00
69610,1.39,18.27,0.00
69620,1.41,17.74,0.00
69630,1.43,17.91,0.00
69640,1.44,17.93,0.00
69650,1.42,18.44,0.00
69660,1.41,18.47,0.00
69670,1.40,18.26,0.00
69680,1.41,17.94,0.00
69690,1.43,17.70,0.00
69700,1.44,17.95,0.00
69710,1.44,18.16,0.00
69720,1.41,18.57,0.00
69730,1.41,18.17,0.00
69740,1.40,18.33,0.00
69750,1.43,17.33,0.00
69760,1.46,17.54,0.00
69770,1.45,18.22,0.00
69780,1.43,18.38,0.00
69790,1.42,18.33,0.00
69800,1.42,18.08,0.00
69810,1.43,17.69,0.00
69820,1.44,17.85,0.00
69830,1.42,18.30,0.00
69840,1.42,18.11,0.00
69850,1.40,18.32,0.00
69860,1.40,18.03,0.00
69870,1.40,17.92,0.00
69880,1.43,17.40,0.00
69890,1.43,17.86,0.00
69900,1.41,18.33,0.00
69910,1.40,18.22,0.00
69920,1.39,18.08,0.00
69930,1.41,17.51,0.00
69940,1.42,17.69,0.00
69950,1.41,17.99,0.00
69960,1.39,18.36,0.00
69970,1.38,18.17,0.00
69980,1.37,17.94,0.00
69990,1.39,17.59,0.00
70000,1.41,17.37,0.00
70010,1.41,17.76,0.00
70020,1.42,17.78,0.00
70030,1.37,18.65,0.00
70040,1.36,18.15,0.00
70050,1.38,17.31,0.00
70060,1.40,17.41,0.00
70070,1.42,17.46,0.00
70080,1.41,17.86,0.00
70090,1.39,18.17,0.00
70100,1.37,18.33,0.00
70110,1.37,17.63,0.00
70120,1.39,17.28,0.00
70130,1.42,17.30,0.00
70140,1.40,18.00,0.00
70150,1.39,18.01,0.00
70160,1.36,18.31,0.00
70170,1.38,17.33,0.00
70180,1.41,16.94,0.00
70190,1.43,17.37,0.00
70200,1.40,18.21,0.00
70210,1.41,17.50,0.00
70220,1.44,16.95,0.00
70230,1.45,17.33,0.00
70240,1.47,17.34,0.00
70250,1.47,17.48,0.00
70260,1.45,18.02,0.00
70270,1.43,17.84,0.00
70280,1.44,17.54,0.00
70290,1.45,17.31,0.00
70300,1.48,16.98,0.00
70310,1.46,17.88,0.00
70320,1.43,18.09,0.00
70330,1.42,17.77,0.00
70340,1.43,17.34,0.00
70350,1.43,17.32,0.00
70360,1.46,17.05,0.00
70370,1.47,17.21,0.00
70380,1.44,18.08,0.00
70390,1.41,17.94,0.00
70400,1.41,17.57,0.00
70410,1.43,17.09,0.00
70420,1.44,17.16,0.00
70430,1.45,17.21,0.00
70440,1.42,18.06,0.00
70450,1.40,17.82,0.00
70460,1.41,17.24,0.00
70470,1.42,17.04,0.00
70480,1.43,17.18,0.00
70490,1.43,17.40,0.00
70500,1.42,17.67,0.00
70510,1.40,17.71,0.00
70520,1.39,17.47,0.00
70530,1.39,17.34,0.00
70540,1.42,16.84,0.00
70550,1.42,17.27,0.00
70560,1.41,17.42,0.00
70570,1.40,17.65,0.00
70580,1.39,17.46,0.00
70590,1.40,17.12,0.00
70600,1.41,16.99,0.00
70610,1.41,17.30,0.00
70620,1.40,17.47,0.00
70630,1.40,17.23,0.00
70640,1.38,17.67,0.00
70650,1.38,17.18,0.00
70660,1.41,16.71,0.00
70670,1.42,16.93,0.00
70680,1.41,17.55,0.00
70690,1.38,17.65,0.00
70700,1.38,17.23,0.00
70710,1.39,17.13,0.00
70720,1.41,16.66,0.00
70730,1.42,17.02,0.00
70740,1.39,17.62,0.00
70750,1.37,17.69,0.00
70760,1.36,17.22,0.00
70770,1.36,17.22,0.00
70780,1.38,16.80,0.00
70790,1.39,16.77,0.00
70800,1.39,17.22,0.00
70810,1.37,17.52,0.00
70820,1.34,17.66,0.00
70830,1.35,16.86,0.00
70840,1.38,16.50,0.00
70850,1.39,16.92,0.00
70860,1.37,17.40,0.00
70870,1.36,17.27,0.00
70880,1.34,17.41,0.00
70890,1.37,16.48,0.00
70900,1.38,16.75,0.00
70910,1.37,17.17,0.00
70920,1.36,17.35,0.00
70930,1.33,17.63,0.00
70940,1.31,17.28,0.00
70950,1.32,16.80,0.00
70960,1.36,16.36,0.00
70970,1.37,16.69,0.00
70980,1.35,17.41,0.00
70990,1.32,17.40,0.00
71000,1.33,16.76,0.00
71010,1.34,16.86,0.00
71020,1.37,16.21,0.00
71030,1.36,17.29,0.00
71040,1.31,17.81,0.00
71050,1.30,17.21,0.00
71060,1.31,16.63,0.00
71070,1.33,16.61,0.00
71080,1.34,16.53,0.00
71090,1.34,16.91,0.00
71100,1.32,17.37,0.00
71110,1.31,17.00,0.00
71120,1.32,16.73,0.00
71130,1.34,16.41,0.00
71140,1.34,16.86,0.00
71150,1.32,17.09,0.00
71160,1.31,17.12,0.00
71170,1.30,16.93,0.00
71180,1.33,16.31,0.00
71190,1.36,16.02,0.00
71200,1.36,16.89,0.00
71210,1.34,17.15,0.00
71220,1.33,17.05,0.00
71230,1.33,16.63,0.00
71240,1.35,16.32,0.00
71250,1.36,16.60,0.00
71260,1.36,16.76,0.00
71270,1.35,16.88,0.00
71280,1.34,16.82,0.00
71290,1.33,16.92,0.00
71300,1.34,16.38,0.00
71310,1.35,16.47,0.00
71320,1.34,17.06,0.00
71330,1.35,16.32,0.00
71340,1.39,15.89,0.00
71350,1.39,16.60,0.00
71360,1.40,16.39,0.00
71370,1.40,16.60,0.00
71380,1.38,17.07,0.00
71390,1.36,16.84,0.00
71400,1.37,16.40,0.00
71410,1.38,16.43,0.00
71420,1.39,16.21,0.00
71430,1.39,16.70,0.00
71440,1.37,16.86,0.00
71450,1.37,16.63,0.00
71460,1.36,16.70,0.00
71470,1.38,16.08,0.00
71480,1.39,16.31,0.00
71490,1.37,16.76,0.00
71500,1.35,16.90,0.00
71510,1.36,16.46,0.00
71520,1.37,16.08,0.00
71530,1.41,15.74,0.00
71540,1.40,16.52,0.00
71550,1.38,16.88,0.00
71560,1.37,16.58,0.00
71570,1.38,16.33,0.00
71580,1.39,16.14,0.00
71590,1.41,16.10,0.00
71600,1.38,16.82,0.00
71610,1.35,17.00,0.00
71620,1.37,16.13,0.00
71630,1.38,16.08,0.00
71640,1.39,16.08,0.00
71650,1.39,16.40,0.00
71660,1.37,16.71,0.00
71670,1.35,16.76,0.00
71680,1.35,16.36,0.00
71690,1.37,15.96,0.00
71700,1.39,15.89,0.00
71710,1.36,16.79,0.00
71720,1.34,16.76,0.00
71730,1.33,16.42,0.00
71740,1.36,15.82,0.00
71750,1.38,15.68,0.00
71760,1.39,16.17,0.00
71770,1.36,16.82,0.00
71780,1.34,16.64,0.00
71790,1.34,16.15,0.00
71800,1.38,15.48,0.00
71810,1.39,15.94,0.00
71820,1.36,16.79,0.00
71830,1.34,16.68,0.00
71840,1.35,16.00,0.00
71850,1.37,15.71,0.00
71860,1.37,16.11,0.00
71870,1.38,16.08,0.00
71880,1.35,16.77,0.00
71890,1.34,16.18,0.00
71900,1.35,16.04,0.00
71910,1.36,15.83,0.00
71920,1.38,15.82,0.00
71930,1.37,16.15,0.00
71940,1.36,16.37,0.00
71950,1.35,16.22,0.00
71960,1.35,16.15,0.00
71970,1.38,15.49,0.00
71980,1.40,15.67,0.00
71990,1.37,16.48,0.00
72000,1.36,16.36,0.00
72010,1.36,15.88,0.00
72020,1.39,15.53,0.00
72030,1.40,15.66,0.00
72040,1.39,16.20,0.00
72050,1.36,16.72,0.00
72060,1.36,16.02,0.00
72070,1.36,15.96,0.00
72080,1.38,15.50,0.00
72090,1.36,16.23,0.00
72100,1.36,16.05,0.00
72110,1.35,16.22,0.00
72120,1.35,15.87,0.00
72130,1.35,15.87,0.00
72140,1.37,15.55,0.00
72150,1.38,15.77,0.00
72160,1.36,16.16,0.00
72170,1.35,16.12,0.00
72180,1.35,15.94,0.00
72190,1.37,15.41,0.00
72200,1.38,15.56,0.00
72210,1.38,15.94,0.00
72220,1.35,16.40,0.00
72230,1.35,15.91,0.00
72240,1.35,15.76,0.00
72250,1.39,15.01,0.00
72260,1.38,15.86,0.00
72270,1.35,16.54,0.00
72280,1.32,16.30,0.00
72290,1.34,15.49,0.00
72300,1.35,15.47,0.00
72310,1.36,15.58,0.00
72320,1.34,16.13,0.00
72330,1.32,16.25,0.00
72340,1.31,15.84,0.00
72350,1.33,15.31,0.00
72360,1.36,15.24,0.00
72370,1.35,15.78,0.00
72380,1.34,16.03,0.00
72390,1.33,15.81,0.00
72400,1.34,15.50,0.00
72410,1.35,15.47,0.00
72420,1.37,15.31,0.00
72430,1.37,15.71,0.00
72440,1.35,15.99,0.00
72450,1.35,15.69,0.00
72460,1.37,15.14,0.00
72470,1.33,16.43,0.00
72480,1.32,15.84,0.00
72490,1.35,14.97,0.00
72500,1.38,15.08,0.00
72510,1.36,15.82,0.00
72520,1.37,15.48,0.00
72530,1.36,15.73,0.00
72540,1.33,16.23,0.00
72550,1.33,15.43,0.00
72560,1.36,15.03,0.00
72570,1.36,15.44,0.00
72580,1.34,15.95,0.00
72590,1.32,15.92,0.00
72600,1.32,15.53,0.00
72610,1.34,15.01,0.00
72620,1.36,15.22,0.00
72630,1.36,15.51,0.00
72640,1.35,15.57,0.00
72650,1.33,15.89,0.00
72660,1.35,15.09,0.00
72670,1.36,15.23,0.00
72680,1.37,15.12,0.00
72690,1.35,15.81,0.00
72700,1.35,15.50,0.00
72710,1.34,15.52,0.00
72720,1.36,15.09,0.00
72730,1.38,14.91,0.00
72740,1.38,15.42,0.00
72750,1.37,15.51,0.00
72760,1.36,15.63,0.00
72770,1.36,15.26,0.00
72780,1.39,14.66,0.00
72790,1.39,15.31,0.00
72800,1.37,15.77,0.00
72810,1.36,15.57,0.00
72820,1.36,15.25,0.00
72830,1.38,14.92,0.00
72840,1.39,14.95,0.00
72850,1.38,15.56,0.00
72860,1.36,15.51,0.00
72870,1.35,15.43,0.00
72880,1.39,14.45,0.00
72890,1.41,14.83,0.00
72900,1.40,15.50,0.00
72910,1.37,15.78,0.00
72920,1.36,15.41,0.00
72930,1.39,14.51,0.00
72940,1.40,14.94,0.00
72950,1.41,15.08,0.00
72960,1.37,15.95,0.00
72970,1.35,15.43,0.00
72980,1.38,14.69,0.00
72990,1.40,14.56,0.00
73000,1.40,15.13,0.00
73010,1.39,15.38,0.00
73020,1.36,15.76,0.00
73030,1.37,14.88,0.00
73040,1.38,14.74,0.00
73050,1.38,15.10,0.00
73060,1.38,15.10,0.00
73070,1.36,15.50,0.00
73080,1.34,15.43,0.00
73090,1.35,14.93,0.00
73100,1.37,14.54,0.00
