tempo_ms,angulo_deg,u_pct,referencia
0,-0.005892272527567124,13.68135856679709,30.0
10,-0.014277059789093707,26.129469109604713,30.0
20,-0.024959679272420973,37.33609039592274,30.0
30,-0.0383837787728522,47.33445612329572,30.0
40,-0.054297752912144344,55.95130960233041,30.0
50,-0.0727827620483224,63.09806290222855,30.0
60,-0.09464234557130144,68.75562568405097,30.0
70,-0.12048457717124017,72.9597836756391,30.0
80,-0.1509624322995582,75.79058412984972,30.0
90,-0.1753448002407419,77.36142076172285,30.0
100,-0.18597000108235728,77.8085942923278,30.0
110,-0.1759264357320248,77.28224131514699,30.0
120,-0.13820563728089408,75.93818644342383,30.0
130,-0.0672664369834485,73.85803584612802,30.0
140,0.04106232894747138,71.14035808795688,30.0
150,0.1992687393204061,67.89303039380412,30.0
160,0.4120008733460251,64.22696299133236,30.0
170,0.6822691202319611,60.252081232039416,30.0
180,1.0129572754638616,56.07370994966783,30.0
190,1.4047748671568476,51.78959105276428,30.0
200,1.8571278781299032,47.48764401625504,30.0
210,2.3684924422702274,43.244484946524366,30.0
220,2.9363111938379953,39.12466532172006,30.0
230,3.5572845421404526,35.180550409558435,30.0
240,4.22804081529432,31.45273106693272,30.0
250,4.94444452162102,27.97085015096252,30.0
260,5.702071443653133,24.75466166431048,30.0
270,6.496416534212964,21.815217850368484,30.0
280,7.322757955609064,19.156127772392594,30.0
290,8.17626477329471,16.7748331239422,30.0
300,9.052405713078114,14.663854898348925,30.0
310,9.946824719767184,12.811972416087402,30.0
320,10.855364033066303,11.205304628368694,30.0
330,11.774152632125121,9.828272236715954,30.0
340,12.699534102618136,8.66442749877413,30.0
350,13.628075810187605,7.6971462313889205,30.0
360,14.556572843738241,6.9101831432897605,30.0
370,15.482021327864762,6.288097001733891,30.0
380,16.401620022191068,5.816556168226319,30.0
390,17.31279569840085,5.482537590560692,30.0
400,18.21317429806969,5.274433694668193,30.0
410,19.100569210264357,5.182082068957918,30.0
420,19.972975856496497,5.196732557511405,30.0
430,20.828547868479387,5.310965557494277,30.0
440,21.665578612004907,5.5185741162294395,30.0
450,22.4824954754394,5.8144209917615,30.0
460,23.277850029089777,6.194280301531211,30.0
470,24.050311229587688,6.654671837840315,30.0
480,24.79866301730937,7.192694652973628,30.0
490,25.521797201857513,7.805865164337986,30.0
500,26.21870779716792,8.491963833064117,30.0
510,26.888486265776926,9.248893442303531,30.0
520,27.5303153988973,10.07455114305223,30.0
530,28.14346473915906,10.96671573423248,30.0
540,28.727288757963084,11.922951081744161,30.0
550,29.281225229925703,12.940526136292998,30.0
560,29.804794611973374,14.01635165909882,30.0
570,30.29760054913826,15.146933486096806,30.0
580,30.75933021864515,16.328341935436537,30.0
590,31.18975482518801,17.556196773694808,30.0
600,31.588730536757666,18.825666990791596,30.0
610,31.95619957586267,20.13148448344935,30.0
620,32.292191690261404,21.467970607032388,30.0
630,32.5968261095101,22.82907442373728,30.0
640,32.870313577855505,24.208421351879526,30.0
650,33.11295838600541,25.599370808781394,30.0
660,33.32516025010576,26.995081342082916,30.0
670,33.507415727869024,28.38858166533546,30.0
680,33.66031906884818,29.772845957649338,30.0
690,33.784562456096566,31.140871757733223,30.0
700,33.88093550644702,32.48575878283064,30.0
710,33.950323965803726,33.80078703470909,30.0
720,33.993707545907895,35.07949261873078,30.0
730,34.012156794846796,36.315739797489265,30.0
740,34.00682893811355,37.50378792575859,30.0
750,33.97896265714481,38.63835206552921,30.0
760,33.929871786815994,39.71465625475463,30.0
770,33.86093796869802,40.728478596237466,30.0
780,33.77360233904934,41.67618753850632,30.0
790,33.66935634597162,42.554768932785635,30.0
800,33.54973182005489,43.361843663409914,30.0
810,33.41629044198564,44.09567585755883,30.0
820,33.27061275609613,44.755171878602845,30.0
830,33.11428689208284,45.33987049079785,30.0
840,32.948897167489584,45.84992474740229,30.0
850,32.776012745911665,46.286076296120534,30.0
860,32.597176527769854,46.64962291264238,30.0
870,32.41389444656536,46.942380163351935,30.0
880,32.22762533102651,47.1666381613739,30.0
890,32.03977147808483,47.32511441620801,30.0
900,31.851670062146425,47.42090378729492,30.0
910,31.664585483079904,47.457426537674095,30.0
920,31.479702732334182,47.43837544774862,30.0
930,31.29812183357928,47.367662893854224,30.0
940,31.12085339094118,47.24936872494472,30.0
950,30.948815255815763,47.087689686571665,30.0
960,30.782830302326236,46.88689104783489,30.0
970,30.623625281672574,46.651260987455906,30.0
980,30.471830707949298,46.3850681927343,30.0
990,30.32798171279053,46.092523022871596,30.0
1000,30.192519793585795,45.777742488549045,30.0
1010,30.065795370433126,45.444719205054916,30.0
1020,29.94807106037785,45.097294388473266,30.0
1030,29.839525573517548,44.739134884969985,30.0
1040,29.74025813408936,44.37371415305007,30.0
1050,29.65029333034984,44.00429705848196,30.0
1060,29.569586299535388,43.63392829166008,30.0
1070,29.498028158233613,43.265424177471616,30.0
1080,29.435451593830372,42.901367617906914,30.0
1090,29.381636539028086,42.5441058871452,30.0
1100,29.336315858520663,42.19575098691651,30.0
1110,29.299180984492985,41.858182265670976,30.0
1120,29.26988744541023,41.5330510075336,30.0
1130,29.248060240356935,41.22178670513143,30.0
1140,29.23329901878341,40.92560474313022,30.0
1150,29.225183032759368,40.64551523569867,30.0
1160,29.22327583562296,40.38233278016391,30.0
1170,29.227129707177895,40.136686909955706,30.0
1180,29.23628979128446,39.909033051761455,30.0
1190,29.25029793679171,39.699663813922776,30.0
1200,29.26869623725952,39.50872045491932,30.0
1210,29.291030268822492,39.336204401802966,30.0
1220,29.31685202887112,39.18198870830046,30.0
1230,29.345722580998206,39.04582936068773,30.0
1240,29.377214413919358,38.92737635627059,30.0
1250,29.41091352387228,38.826184494265924,30.0
1260,29.44642123138293,38.74172383201997,30.0
1270,29.483355744308366,38.67338977083746,30.0
1280,29.521353479776867,38.62051274528692,30.0
1290,29.560070158092813,38.58236749781982,30.0
1300,29.599181681899505,38.55818192698768,30.0
1310,29.63838481393754,38.54714550265196,30.0
1320,29.677397666635564,38.548417245495294,30.0
1330,29.715960016556654,38.56113327104297,30.0
1340,29.75383345642682,38.58441390045109,30.0
1350,29.790801397116596,38.617370341684705,30.0
1360,29.82666893155494,38.65911094552856,30.0
1370,29.86126257214159,38.70874704132377,30.0
1380,29.894429872805198,38.76539835748066,30.0
1390,29.926038946437895,38.828198031838944,30.0
1400,29.95597788802996,38.89629721689028,30.0
1410,29.98415411343543,38.968869284840345,30.0
1420,30.01049362332312,39.04511363752096,30.0
1430,30.03494020150825,39.12425912630551,30.0
1440,30.05745455651762,39.20556708747876,30.0
1450,30.078013414913254,39.288333998957896,30.0
1460,30.09660857458395,39.371893764888036,30.0
1470,30.113245925907595,39.455619635403366,30.0
1480,30.12794444838507,39.53892576977969,30.0
1490,30.14073519004624,39.621268452242056,30.0
1500,30.151660236625702,39.702146970842904,30.0
1510,30.160771677197367,39.781104171042976,30.0
1520,30.16813057263988,39.857726696876796,30.0
1530,30.173805932976737,39.931644933845845,30.0
1540,30.177873709294378,40.00253266891014,30.0
1550,30.18041580558661,40.07010648412525,30.0
1560,30.181519115505203,40.13412490155006,30.0
1570,30.181274588612997,40.194387298029504,30.0
1580,30.17977633033949,40.250732609289784,30.0
1590,30.177120739430276,40.30303784346914,30.0
1600,30.17340568626307,40.35121642472175,30.0
1610,30.168729734976637,40.3952163878722,30.0
1620,30.163191411927667,40.43501844525444,30.0
1630,30.156888522557615,40.470633946834575,30.0
1640,30.14991751832005,40.502102754509615,30.0
1650,30.142372914891755,40.529491051079006,30.0
1660,30.134346762473257,40.5528891038293,30.0
1670,30.12592816857676,40.57240900195834,30.0
1680,30.11720287330825,40.58818238619722,30.0
1690,30.108252876776117,40.60035818801622,30.0
1700,30.09915611790575,40.60910039469155,30.0
1710,30.08998620360934,40.614585855328656,30.0
1720,30.08081218695551,40.61700214167217,30.0
1730,30.071698392705688,40.61654547621874,30.0
1740,30.062704288335034,40.61341873879257,30.0
1750,30.053884398435788,40.60782956137379,30.0
1760,30.04528826021105,40.59998851959368,30.0
1770,30.03696041760712,40.59010742795123,30.0
1780,30.02894045150268,40.5783977444741,30.0
1790,30.021263043272327,40.56506908925404,30.0
1800,30.013958068969973,40.550327880046716,30.0
1810,30.007050721332817,40.534376086949486,30.0
1820,30.00056165678772,40.51741010706396,30.0
1830,29.994507164647334,40.49961975901296,30.0
1840,29.988899355711684,40.481187396238,30.0
1850,29.983746367539464,40.46228713712634,30.0
1860,29.979052583721394,40.4430842092455,30.0
1870,29.97481886457208,40.42373440426184,30.0
1880,29.971042786756154,40.404383639511586,30.0
1890,29.967718889476167,40.38516762167023,30.0
1900,29.964838924972327,40.3662116075241,30.0
1910,29.96239211121517,40.34763025648111,30.0
1920,29.9603653848106,40.32952756917059,30.0
1930,29.958743652279693,40.31199690626563,30.0
1940,29.957510038022402,40.295121081504234,30.0
1950,29.95664612742276,40.27897252280152,30.0
1960,29.956132203702296,40.263613495304504,30.0
1970,29.955947477276307,40.24909638025803,30.0
1980,29.956070306514185,40.23546400361729,30.0
1990,29.956478408947998,40.22275000844001,30.0
2000,29.95714906211278,40.21097926523459,30.0
2010,29.95805929333673,40.20016831461061,30.0
2020,29.95918605792893,40.19032583677947,30.0
2030,29.960506405335043,40.181453142669156,30.0
2040,29.96199763294904,40.17354468166766,30.0
2050,29.96363742737887,40.16658856125773,30.0
2060,29.96540399306745,40.16056707408159,30.0
2070,29.967276168266594,40.15545722825187,30.0
2080,29.9692335284501,40.15123127700993,30.0
2090,29.971256477334162,40.147857244121404,30.0
2100,29.973326325747145,40.145299441699485,30.0
2110,29.97542535865815,40.14351897742275,30.0
2120,29.977536890733532,40.14247424842066,30.0
2130,29.97964531084337,40.14212141937469,30.0
2140,29.9817361159865,40.142414882667595,30.0
2150,29.983795935141714,40.14330769868785,30.0
2160,29.985812543586587,40.14475201466576,30.0
2170,29.987774868252156,40.14669946066807,30.0
2180,29.989672984703414,40.1491015216394,30.0
2190,29.991498106351244,40.15190988460203,30.0
2200,29.993242566512308,40.15507676036682,30.0
2210,29.994899793939073,40.158555179314604,30.0
2220,29.996464282443576,40.162299261018646,30.0
2230,29.997931555235205,40.166264457662315,30.0
2240,29.99929812458619,40.17040777139309,30.0
2250,30.00056144742752,40.17468794591601,30.0
2260,30.00171987746426,40.17906563278105,30.0
2270,30.00277261438255,40.18350353296451,30.0
2280,30.003719650700543,40.18796651446223,30.0
2290,30.00456171679397,40.192421706738045,30.0
2300,30.005300224602976,40.196838572958264,30.0
2310,30.00593721050087,40.20118896104057,30.0
2320,30.006475277778343,40.205447134617124,30.0
2330,30.00691753916824,40.20958978507296,30.0
2340,30.007267559806337,40.21359602587633,30.0
2350,30.007529300993706,40.21744737045099,30.0
2360,30.00770706509552,40.22112769487472,30.0
2370,30.007805441880308,40.22462318670367,30.0
2380,30.007829256573157,40.227922281226505,30.0
2390,30.00778351986545,40.23101558646009,30.0
2400,30.00767338009378,40.23389579817354,30.0
2410,30.007504077770957,40.236557606225986,30.0
2420,30.007280902623403,40.23899759346228,30.0
2430,30.00700915326085,40.24121412838459,30.0
2440,30.00669409957774,40.24320725277919,30.0
2450,30.006340947959643,40.24497856542814,30.0
2460,30.00595480934363,40.24653110299154,30.0
2470,30.005540670158013,40.247869219083846,30.0
2480,30.0051033661455,40.2489984625207,30.0
2490,30.00464755905289,40.24992545563884,30.0
2500,30.004177716151947,40.25065777354457,30.0
2510,30.003698092538656,40.25120382506266,30.0
2520,30.0032127161422,40.251572736111,30.0
2530,30.00272537536083,40.25177423614597,30.0
2540,30.002239609229118,40.25181854826106,30.0
2550,30.001758700010104,40.25171628346177,30.0
2560,30.00128566809582,40.25147833956101,30.0
2570,30.000823269092127,40.251115805088844,30.0
2580,30.000373992956536,40.25063986854158,30.0
2590,29.99994006505274,40.250061733235036,30.0
2600,29.999523448981495,40.249392537969705,30.0
2610,29.999125851044607,40.24864328366066,30.0
2620,29.998748726197547,40.247824766032956,30.0
2630,29.99839328534551,40.24694751443081,30.0
2640,29.998060503838655,40.246021736745476,30.0
2650,29.997751131023666,40.24505727042205,30.0
2660,29.997465700711412,40.24406353946358,30.0
2670,29.99720454242372,40.24304951731943,30.0
2680,29.996967793286522,40.24202369550598,30.0
2690,29.99675541044101,40.24099405777938,30.0
2700,29.996567183850186,40.2399680596564,30.0
2710,29.99640274938344,40.23895261305389,30.0
2720,29.996261602068518,40.237954075796736,30.0
2730,29.996143109406443,40.23697824572769,30.0
2740,29.996046524651785,40.236030359143854,30.0
2750,29.995970999968023,40.235115093263516,30.0
2760,29.99591559937456,40.2342365724284,30.0
2770,29.9958793114094,40.23339837773992,30.0
2780,29.995861061438724,40.23260355981643,30.0
2790,29.995859723551987,40.231854654370295,30.0
2800,29.995874131988085,40.231153700298954,30.0
2810,29.995903092045552,40.230502259985606,30.0
2820,29.99594539043628,40.22990144151494,30.0
2830,29.99599980504926,40.229351922518305,30.0
2840,29.996065114097167,40.22885397536361,30.0
2850,29.99614010462475,40.22840749342338,30.0
2860,29.99622358036412,40.22801201816346,30.0
2870,29.996314368927397,40.22766676680202,30.0
2880,29.996411328332698,40.22737066031085,30.0
2890,29.99651335286414,40.22712235153639,30.0
2900,29.996619378271355,40.226920253237736,30.0
2910,29.996728386318107,40.22676256585126,30.0
2920,29.996839408693543,40.226647304807045,30.0
2930,29.996951530303072,40.22657232723716,30.0
2940,29.997063891959062,40.22653535793352,30.0
2950,29.997175692494245,40.22653401442481,30.0
2960,29.997286190323294,40.22656583105862,30.0
2970,29.997394704479955,40.22662828199205,30.0
2980,29.99750061515901,40.22671880300414,30.0
2990,29.997603363793612,40.22683481205957,30.0
3000,29.997702452699876,40.22697372857064,30.0
3010,29.99779744432117,40.22766379117892,30.0
3020,29.9978879601052,40.228762735712735,30.0
3030,29.99797367904733,40.230163221946505,30.0
3040,29.998054514863604,40.2317824107494,30.0
3050,29.998130463692,40.233553748573804,30.0
3060,29.998201587794735,40.235421013206825,30.0
3070,29.99826837901816,40.23733429065696,30.0
3080,29.998331439890844,40.2392474514758,30.0
3090,29.99839144984742,40.24111671920262,30.0
3100,29.998449556606673,40.242899996060146,30.0
3110,29.998507022766578,40.244556689997076,30.0
3120,29.998565187161052,40.246047856167294,30.0
3130,29.998625479881795,40.24733652061374,30.0
3140,29.998689366140823,40.24838809268203,30.0
3150,29.99875832783528,40.24917080897547,30.0
3160,29.99883405252852,40.249656165721035,30.0
3170,29.998918217602565,40.24981931366436,30.0
3180,29.999012445427276,40.24963939984649,30.0
3190,29.999118294248664,40.249099847686814,30.0
3200,29.999237179413626,40.24818857164071,30.0
3210,29.999370328058717,40.24689812601244,30.0
3220,29.999518755224692,40.24522578974144,30.0
3230,29.9996832267761,40.24317359047127,30.0
3240,29.99986422809395,40.24074827218063,30.0
3250,30.000061951700772,40.23796121125487,30.0
3260,30.000276258825537,40.234828286231036,30.0
3270,30.00050665240789,40.23136970659057,30.0
3280,30.00075225689986,40.22760980601437,30.0
3290,30.001011796139963,40.223576805423825,30.0
3300,30.001283579086024,40.21930255098838,30.0
3310,30.00156550014725,40.214822232065806,30.0
3320,30.00185503971588,40.210174083776074,30.0
3330,30.002149269982336,40.205399078609865,30.0
3340,30.00244486774678,40.200540611115,30.0
3350,30.00273812920123,40.19564417931002,30.0
3360,30.003024989688228,40.19075706603188,30.0
3370,30.003301048983037,40.185928022922766,30.0
3380,30.003561601075187,40.18120695921154,30.0
3390,30.00380166923456,40.1766446368305,30.0
3400,30.004016046821263,40.17229237274093,30.0
3410,30.004199341865657,40.168201748627574,30.0
3420,30.004346025496446,40.16442432737304,30.0
3430,30.004450483970786,40.16101137497895,30.0
3440,30.004507073372306,40.158013585894516,30.0
3450,30.004510176869903,40.15548080909086,30.0
3460,30.004454264552198,40.15346177175732,30.0
3470,30.004333955312045,40.152003797222,30.0
3480,30.004144080472106,40.15115251369816,30.0
3490,30.00387974883239,40.15095155072477,30.0
3500,30.003536412509114,40.15144222073217,30.0
3510,30.00310993311803,40.15266318398043,30.0
3520,30.002596647859477,40.15465009612713,30.0
3530,30.00199343499856,40.15743523881278,30.0
3540,30.001297778327245,40.161047134780034,30.0
3550,30.00050783022045,40.16551015011737,30.0
3560,29.999622472809165,40.17084408711164,30.0
3570,29.99864137680242,40.17706377189129,30.0
3580,29.997565057474123,40.18417864149242,30.0
3590,29.996394927278825,40.19219233521286,30.0
3600,29.995133344565602,40.2011022951338,30.0
3610,29.993783657865794,40.2108993805583,30.0
3620,29.99235024522035,40.22156750087504,30.0
3630,29.990838548021443,40.23308327106439,30.0
3640,29.989255098848023,40.24541569376794,30.0
3650,29.98760754276667,40.258525871586485,30.0
3660,29.985904651573087,40.272366753072106,30.0
3670,29.984156330456145,40.286882915763975,30.0
3680,29.982373616573145,40.302010389583316,30.0
3690,29.98056866904342,40.317676523950794,30.0
3700,29.978754749892328,40.333799902103586,30.0
3710,29.976946195504034,40.350290306258096,30.0
3720,29.97515837817435,40.36704873746249,30.0
3730,29.97340765739145,40.383967494187736,30.0
3740,29.971711320511183,40.40093031389628,30.0
3750,29.970087512538715,40.417812581974296,30.0
3760,29.96855515477833,40.43448161250514,30.0
3770,29.967133852169052,40.45079700536217,30.0
3780,29.96584378918641,40.4666110840168,30.0
3790,29.96470561425958,40.481769418250195,30.0
3800,29.963740312728135,40.49611143565122,30.0
3810,29.962969068443723,40.50947112534316,30.0
3820,29.962413114209244,40.5216778368222,30.0
3830,29.962093571341388,40.5325571761173,30.0
3840,29.962031278741748,40.54193200068754,30.0
3850,29.962246611967608,40.54962351357222,30.0
3860,29.962759292904895,40.55545245632524,30.0
3870,29.963588190763325,40.55924039918447,30.0
3880,29.964751115235824,40.56081112580228,30.0
3890,29.96626460279106,40.559992108678145,30.0
3900,29.968143697197473,40.556616070227115,30.0
3910,29.970401725509667,40.55052262319756,30.0
3920,29.973050070880923,40.54155998291806,30.0
3930,29.976097943699028,40.529586742647425,30.0
3940,29.979552152674025,40.514473702103686,30.0
3950,29.983416877634937,40.49610573809705,30.0
3960,29.98769344591596,40.474383705105645,30.0
3970,29.992380114329677,40.449226352604946,30.0
3980,29.997471858833,40.420572245051616,30.0
3990,30.002960174089274,40.38838166959898,30.0
4000,30.008832885215387,40.352638515911266,30.0
4010,30.015073974073413,40.31335211183684,30.0
4020,30.021663422521133,40.27055899818805,30.0
4030,30.028577075072167,40.2243246254544,30.0
4040,30.035786523433522,40.174744954974464,30.0
4050,30.0432590153839,40.12194794691417,30.0
4060,30.050957390429833,40.06609491738894,30.0
4070,30.058840044625995,40.00738174724773,30.0
4080,30.06686092687226,39.94603992537976,30.0
4090,30.07496956890056,39.882337409899904,30.0
4100,30.083111151040928,39.81657929115413,30.0
4110,30.091226605707497,39.74910824108531,30.0
4120,30.09925276037282,39.68030473408601,30.0
4130,30.107122521603173,39.610587025118306,30.0
4140,30.1147651015104,39.54041087159598,30.0
4150,30.12210628773864,39.470268986419654,30.0
4160,30.129068757848785,39.40069021078427,30.0
4170,30.135572438692872,39.332238396759074,30.0
4180,30.141534911086044,39.26551099104248,30.0
4190,30.146871859789208,39.20113731266834,30.0
4200,30.15149756851331,39.139776518323,30.0
4210,30.15532545934918,39.08211524924988,30.0
4220,30.15826867571857,39.02886495403579,30.0
4230,30.160240707635435,38.98075888175175,30.0
4240,30.161156057763332,38.93854874035251,30.0
4250,30.16093094645913,38.90300101713487,30.0
4260,30.159484053705626,38.87489296034052,30.0
4270,30.156737295558216,38.855008222732806,30.0
4280,30.15261663246469,38.84413217039835,30.0
4290,30.147052906562944,38.84304686038122,30.0
4300,30.13998270481825,38.85252568813496,30.0
4310,30.131349244630268,38.87332770460962,30.0
4320,30.12110327831831,38.90619160183153,30.0
4330,30.109204012678223,38.95182936442639,30.0
4340,30.095620039593566,39.010919592562,30.0
4350,30.080330273473734,39.084100511703525,30.0
4360,30.063324891073417,39.171962689188156,30.0
4370,30.044606269020086,39.27504149067555,30.0
4380,30.024189914132602,39.3938093146321,30.0
4390,30.0021053813431,39.52866762608176,30.0
4400,29.978397173738877,39.6799388100827,30.0
4410,29.953125618914413,39.847857872179034,30.0
4420,29.92636771544895,40.032563993919,30.0
4430,29.89821794291038,40.23409199334394,30.0
4440,29.868789028327164,40.45236379575463,30.0
4450,29.83821266153524,40.687180018790784,30.0
4460,29.80664015122149,40.93821183082219,30.0
4470,29.77424301285755,41.204993284918665,30.0
4480,29.741213479001786,41.48691418673085,30.0
4490,29.707764921705106,41.783213559075186,30.0
4500,29.674132176025093,42.09297384879244,30.0
4510,29.6405717528379,42.41511578194608,30.0
4520,29.607361928360238,42.748393967175275,30.0
4530,29.574802697129957,43.091393722003474,30.0
4540,29.54321557441532,43.442529382510834,30.0
4550,29.512943233371082,43.80004438558953,30.0
4560,29.48434896193064,44.16201401244211,30.0
4570,29.457815923961107,44.526350482886556,30.0
4580,29.433746209022406,44.89081014391725,30.0
4590,29.412559655689826,45.253003298916646,30.0
4600,29.394692433794702,45.610405351719145,30.0
4610,29.380595371795657,45.960368811784036,30.0
4620,29.3707320178279,46.30013875920446,30.0
4630,29.365576424476252,46.626871544935135,30.0
4640,29.365610649360796,46.93765552931842,30.0
4650,29.37132196834729,47.22953993509279,30.0
4660,29.383199800835477,47.49956786654557,30.0
4670,29.401732349497415,47.74480925794168,30.0
4680,29.42740296578338,47.96239676230471,30.0
4690,29.460686256673476,48.149561624692154,30.0
4700,29.50204395137722,48.303659338820715,30.0
4710,29.551920560678873,48.42220533463374,30.0
4720,29.61073886662419,48.50291293009806,30.0
4730,29.678895279369094,48.543716849757196,30.0
4740,29.756755118016446,48.542834248562095,30.0
4750,29.844647874081385,48.498829927825334,30.0
4760,29.94286250371126,48.41065052583645,30.0
4770,30.051642833921832,48.27766417116846,30.0
4780,30.171183162121817,48.099716492216594,30.0
4790,30.30162409462935,47.877079520959676,30.0
4800,30.443048737156833,47.610472174365974,30.0
4810,30.595479339336485,47.30108952018241,30.0
4820,30.75887440211042,46.950576689809026,30.0
4830,30.933126371320554,46.561078502987726,30.0
4840,31.118060020678843,46.13537203418513,30.0
4850,31.313431460389033,45.676736167717536,30.0
4860,31.518927890904052,45.18895434412122,30.0
4870,31.734168215822127,44.67677657302121,30.0
4880,31.95870432383722,44.14508875718259,30.0
4890,32.19202319264532,43.59887567777963,30.0
4900,32.433550114151764,43.043311853674226,30.0
4910,32.68265234877183,42.48360721398028,30.0
4920,32.938643490210055,41.92505526126939,30.0
4930,33.200789040449365,41.373948329617846,30.0
4940,33.46831194686986,40.836058232049,30.0
4950,33.74039857327905,40.3167542883068,30.0
4960,34.016205931057335,39.82192725699946,30.0
4970,34.294868173571565,39.35658043430195,30.0
4980,34.575503240344325,38.924950602683474,30.0
4990,34.85722082855273,38.53104015586722,30.0
5000,35.13912896013668,38.17792969717607,40.0
5010,35.4203404504615,37.867868463508074,40.0
5020,35.69998097663025,37.60235993130275,40.0
5030,35.977194834960144,37.38224246853528,40.0
5040,36.25115026565036,37.20776457914493,40.0
5050,36.521045531472005,37.078654711195185,40.0
5060,36.786113281378654,36.994185924266446,40.0
5070,37.045624465142524,36.95323530198617,40.0
5080,37.29889262104435,36.95433835900979,40.0
5090,37.545276860938,36.995738942276354,40.0
5100,37.78418441944668,37.07543463505085,40.0
5110,38.015073229687445,37.19121803074917,40.0
5120,38.23745355680036,37.34071434796123,40.0
5130,38.450889209180005,37.521415585773866,40.0
5140,38.65499862158852,37.73071158651415,40.0
5150,38.849455269445066,37.965918352063014,40.0
5160,39.03398770793539,38.22430392933132,40.0
5170,39.20837936823313,38.50311214367057,40.0
5180,39.372467965284315,38.79958441889271,40.0
5190,39.52614460105219,39.110979881647424,40.0
5200,39.66935263490716,39.434593907961286,40.0
5210,39.80208624809622,39.76777523234088,40.0
5220,39.924388748870825,40.10794170606408,40.0
5230,40.03635067188082,40.45259476185048,40.0
5240,40.13810763601594,40.79933261751552,40.0
5250,40.22983799587506,41.145862231686024,40.0
5260,40.31176032859726,41.490010010166,40.0
5270,40.38413075035917,41.82973125192092,40.0
5280,40.447240085657825,42.1631183185904,40.0
5290,40.50141092182154,42.48840751050102,40.0
5300,40.54699455583342,42.80398463482745,40.0
5310,40.58436785580628,43.10838925730404,40.0
5320,40.613930064286144,43.4003176370958,40.0
5330,40.636099561159064,43.678624354567575,40.0
5340,40.65131061074811,43.94232265310574,40.0
5350,40.660010119723886,44.19058352833001,40.0
5360,40.66265442684684,44.42273361046734,40.0
5370,40.65970614772164,44.63825189786426,40.0
5380,40.651631098486085,44.83676541118498,40.0
5390,40.638895318300484,45.01804384844005,40.0
5400,40.62196221064198,45.181993330302014,40.0
5410,40.60128982299832,45.328649332987446,40.0
5420,40.5773282816003,45.45816891215795,40.0
5430,40.550517396441116,45.57082232570475,40.0
5440,40.52128445026828,45.66698416590199,40.0
5450,40.49004218229122,45.74712411226843,40.0
5460,40.45718697517546,45.81179741558934,40.0
5470,40.4230972517276,45.86163522106852,40.0
5480,40.38813208495511,45.8973348346029,40.0
5490,40.352630022967745,45.9196500308765,40.0
5500,40.31690812809197,45.92938149554186,40.0
5510,40.28126122728274,45.92736748638397,40.0
5520,40.2459613689489,45.9144747902393,40.0
5530,40.2112574795388,45.89159004379758,40.0
5540,40.17737521147638,45.85961147740472,40.0
5550,40.14451697256781,45.81944113184029,40.0
5560,40.112862125777944,45.77197758890049,40.0
5570,40.08256734720585,45.71810924765474,40.0
5580,40.05376712928368,45.65870816959974,40.0
5590,40.02657441565392,45.59462450770983,40.0
5600,40.001081353780975,45.526681526698255,40.0
5610,39.97736015116397,45.45567121471123,40.0
5620,39.955464021017896,45.382350480257216,40.0
5630,39.93542820343541,45.307437922438154,40.0
5640,39.91727104834429,45.2316111575394,40.0
5650,39.90099514701769,45.155504680732015,40.0
5660,39.886588499442304,45.079708238051595,40.0
5670,39.874025705497246,45.004765680901514,40.0
5680,39.863269168624704,44.93117427306066,40.0
5690,39.854270301455834,44.859384418511425,40.0
5700,39.846970723681075,44.78979977729279,40.0
5710,39.84130344330684,44.72277773597396,40.0
5720,39.83719401330483,44.65863019918497,40.0
5730,39.834561656525224,44.59762466886975,40.0
5740,39.83332035260242,44.53998557850065,40.0
5750,39.83337988141875,44.48589585033901,40.0
5760,39.83464681850317,44.435498644927755,40.0
5770,39.83702547852,44.388899273249805,40.0
5780,39.84041880374296,44.346167243470596,40.0
5790,39.84472919510669,44.30733841561504,40.0
5800,39.84985928408071,44.27241723922417,40.0
5810,39.855712644216915,44.24137905062657,40.0
5820,39.86219444177953,44.21417240814385,40.0
5830,39.86921202537823,44.19072144519676,40.0
5840,39.8766754549895,44.170928222934066,40.0
5850,39.88449797116964,44.15467506560036,40.0
5860,39.8925964056376,44.14182686342615,40.0
5870,39.900891534737106,44.132233329333665,40.0
5880,39.909308377578455,44.12573119720604,40.0
5890,39.91777644091219,44.12214635085513,40.0
5900,39.926229913002736,44.121295874160694,40.0
5910,39.93460780895105,44.12299001410957,40.0
5920,39.94285407006501,44.12703404967838,40.0
5930,39.950917619995295,44.13323006063592,40.0
5940,39.9587523804465,44.14137859142881,40.0
5950,39.96631724933924,44.151280206330334,40.0
5960,39.97357604434095,44.162736933006755,40.0
5970,39.98049741470364,44.17555359255499,40.0
5980,39.98705472434643,44.18953901493061,40.0
5990,39.99322590910244,44.20450713948261,40.0
6000,39.99899331101385,44.22027800106646,40.0
6010,40.004343492507616,44.23667860290696,40.0
6020,40.009267033219416,44.253543678031356,40.0
6030,40.013758312154856,44.27071634170099,40.0
6040,40.01781527778774,44.28804863780875,40.0
6050,40.02143920859501,44.30540198272613,40.0
6060,40.02463446641906,44.32264751052393,40.0
6070,40.027408244931124,44.339666323899145,40.0
6080,40.02977031534561,44.35634965549375,40.0
6090,40.031732771405494,44.37259894459427,40.0
6100,40.033309775525034,44.388325834456175,40.0
6110,40.034517307837625,44.403452095706136,40.0
6120,40.0353729197566,44.41790948143279,40.0
6130,40.03589549351433,44.431639519691146,40.0
6140,40.036105009002284,44.44459324921394,40.0
6150,40.03602231909201,44.4567309041475,40.0
6160,40.035668934475744,44.468021553609766,40.0
6170,40.035066818925785,44.47844270181547,40.0
6180,40.03423819573523,44.48797985441476,40.0
6190,40.03320536596934,44.49662605656293,40.0
6200,40.03199053902836,44.5043814080786,40.0
6210,40.03061567589826,44.51125256085364,40.0
6220,40.02910234534747,44.51725220346176,40.0
6230,40.027471593215324,44.52239853767563,40.0
6240,40.0257438248317,44.52671475133334,40.0
6250,40.02393870050784,44.530228491728735,40.0
6260,40.022075043946586,44.532971343397335,40.0
6270,40.02017076333494,44.534978313879556,40.0
6280,40.018242784804784,44.53628733072597,40.0
6290,40.0163069978779,44.536938752700806,40.0
6300,40.01437821244895,44.53697489782511,40.0
6310,40.012470126806214,44.536439590584024,40.0
6320,40.01059530614227,44.53537773031903,40.0
6330,40.008765170967784,44.53383488251755,40.0
6340,40.006989994808954,44.53185689441823,40.0
6350,40.00527891054371,44.529489536065284,40.0
6360,40.00363992471315,44.52677816766989,40.0
6370,40.00207993913235,44.52376743387541,40.0
6380,40.00060477911804,44.52050098527781,40.0
6390,39.999219227650286,44.517021227316626,40.0
6400,39.99792706478956,44.51336909644658,40.0
6410,39.99673111167988,44.50958386328242,40.0
6420,39.99563327848275,44.505702962247675,40.0
6430,39.99463461560396,44.50176184707787,40.0
6440,39.99373536759697,44.49779387138667,40.0
6450,39.992935029150715,44.4938301933726,40.0
6460,39.992232402597004,44.489899703629725,40.0
6470,39.99162565640202,44.486028974925844,40.0
6480,39.99111238413791,44.48224223272986,40.0
6490,39.990689663463,44.47856134520944,40.0
6500,39.99035411467368,44.47500583135991,40.0
6510,39.990101958425186,44.47159288589381,40.0
6520,39.989929072254526,44.46833741949256,40.0
6530,39.98983104557373,44.46525211301216,40.0
6540,39.989803232837104,44.46234748423111,40.0
6550,39.98984080462134,44.45963196574111,40.0
6560,39.989938796391556,44.45711199260029,40.0
6570,39.99009215475992,44.454792098395814,40.0
6580,39.99029578107608,44.45267501839996,40.0
6590,39.99054457222005,44.4507617985493,40.0
6600,39.990833458498116,44.44905190902059,40.0
6610,39.991157438570944,44.44754336123982,40.0
6620,39.991511611370264,44.44623282721255,40.0
6630,39.991891204985514,44.445115760131934,40.0
6640,39.99229160252577,44.44418651528877,40.0
6650,39.99270836498422,44.4434384703681,40.0
6660,39.993137251152234,44.44286414429638,40.0
6670,39.99357423464869,44.442455313870944,40.0
6680,39.99401551814666,44.44220312747376,40.0
6690,39.99445754489393,44.44209821524504,40.0
6700,39.99489700763734,44.442130795160246,40.0
6710,39.99533085507147,44.44229077453162,40.0
6720,39.995756295942144,44.442567846512716,40.0
6730,39.99617080094281,44.44295158125733,40.0
6740,39.99657210254833,44.44343151144976,40.0
6750,39.99695819293525,44.443997211980964,40.0
6760,39.99732732014115,44.4446383736047,40.0
6770,39.99767798261749,44.44534487046621,40.0
6780,39.99800892233118,44.4461068214455,40.0
6790,39.99831911656966,44.44691464530821,40.0
6800,39.99860776860237,44.44775910970331,40.0
6810,39.99887429734952,44.44863137408728,40.0
6820,39.999118326204886,44.44952302669537,40.0
6830,39.99933967115549,44.450426115713206,40.0
6840,39.99953832833586,44.4513331748348,40.0
6850,39.99971446114872,44.452237243422026,40.0
6860,39.99986838707797,44.45313188150264,40.0
6870,40.000000564312735,44.45401117986463,40.0
6880,40.00011157829445,44.454869765525146,40.0
6890,40.000202128291384,44.45570280286376,40.0
6900,40.0002730140973,44.45650599072302,40.0
6910,40.00032512294322,44.457275555780335,40.0
6920,40.000359416703176,44.458008242516954,40.0
6930,40.00037691946721,44.45870130009103,40.0
6940,40.00037870554647,44.459352466437196,40.0
6950,40.00036588796789,44.45995994990823,40.0
6960,40.00033960750799,44.46052240876838,40.0
6970,40.00030102230787,44.46103892884407,40.0
6980,40.00025129810425,44.46150899962632,40.0
6990,40.000191599104255,44.46193248911454,40.0
7000,40.000123079525096,44.46230961767279,40.0
7010,40.000046875813275,44.462640931167456,40.0
7020,39.999964099551946,44.46292727362851,40.0
7030,39.99987583105932,44.46316975967621,40.0
7040,39.99978311367583,44.463369746928386,40.0
7050,39.99968694873275,44.463528808595804,40.0
7060,39.9995882911905,44.463648706453164,40.0
7070,39.99948804593085,44.46373136435712,40.0
7080,39.99938706468338,44.46377884246802,40.0
7090,39.999286143563545,44.46379331231459,40.0
7100,39.99918602119656,44.46377703282619,40.0
7110,39.99908737739896,44.46373232743679,40.0
7120,39.99899083238767,44.46366156235579,40.0
7130,39.99889694648457,44.46356712608063,40.0
7140,39.99880622028317,44.46345141021282,40.0
7150,39.998719095243224,44.46331679162797,40.0
7160,39.998635954678036,44.46316561602737,40.0
7170,39.998557125099225,44.46300018290467,40.0
7180,39.99848287788334,44.462822731923936,40.0
7190,39.99841343122502,44.46263543071891,40.0
7200,39.9983489523417,44.4624403640948,40.0
7210,39.99828955989575,44.462239524614944,40.0
7220,39.998235326600486,44.46203480454156,40.0
7230,39.99818628197778,44.461827989092775,40.0
7240,39.99814241523599,44.46162075097002,40.0
7250,39.998103678238515,44.461414646108445,40.0
7260,39.99806998853455,44.4612111105896,40.0
7270,39.99804123242524,44.46101145865813,40.0
7280,39.99801726804013,44.460816881780076,40.0
7290,39.99799792840067,44.460628448669304,40.0
7300,39.99798302444886,44.46044710621858,40.0
7310,39.9979723480214,44.46027368125955,40.0
7320,39.997965674751484,44.460108883079975,40.0
7330,39.997962766881734,44.45995330662773,40.0
7340,39.9979633759742,44.45980743632463,40.0
7350,39.997967245504775,44.45967165042227,40.0
7360,39.99797411333111,44.45954622582705,40.0
7370,39.997983714025096,44.459431343325214,40.0
7380,39.997995781062336,44.459327093139855,40.0
7390,39.99801004886278,44.45923348075882,40.0
7400,39.998026254678074,44.459150432965956,40.0
7410,39.99804414032292,44.45907780402126,40.0
7420,39.99806345374865,44.45901538193096,40.0
7430,39.99808395045893,44.45896289475751,40.0
7440,39.99810539476836,44.45892001691554,40.0
7450,39.998127560906006,44.458886375414494,40.0
7460,39.99815023396688,44.458861556001914,40.0
7470,39.99817321071526,44.45884510916891,40.0
7480,39.99819630024448,44.45883655598629,40.0
7490,39.99821932449869,44.45883539373863,40.0
7500,39.99824211866272,44.458841101329284,40.0
7510,39.99826453142641,44.45885314443336,40.0
7520,39.998286425130615,44.45887098037946,40.0
7530,39.99830767580232,44.45889406274169,40.0
7540,39.99832817308646,44.45892184563211,40.0
7550,39.99834782008233,44.45895378767973,40.0
7560,39.99836653309274,44.458989355692204,40.0
7570,39.99838424129395,44.4590280279947,40.0
7580,39.99840088633447,44.45906929744477,40.0
7590,39.99841642187083,44.45911267412429,40.0
7600,39.99843081304815,44.45915768771113,40.0
7610,39.9984440359335,44.459203889537314,40.0
7620,39.99845607690933,44.459250854339906,40.0
7630,39.99846693203451,44.45929818171415,40.0
7640,39.99847660637991,44.459345497280204,40.0
7650,39.99848511334528,44.459392453573386,40.0
7660,39.998492473963715,44.45943873067339,40.0
7670,39.9984987161998,44.45948403658613,40.0
7680,39.99850387424708,44.459528107391144,40.0
7690,39.9985079878299,44.459570707172574,40.0
7700,39.99851110151472,44.459611627750625,40.0
7710,39.99851326403496,44.4596506882241,40.0
7720,39.99851452763368,44.45968773434926,40.0
7730,39.99851494742751,44.45972263776414,40.0
7740,39.99851458079497,44.45975529507872,40.0
7750,39.99851348679198,44.45978562684636,40.0
7760,39.99851172559693,44.459813576433454,40.0
7770,39.998509357987274,44.45983910880197,40.0
7780,39.9985064448491,44.45986220921783,40.0
7790,39.99850304672122,44.459882881906736,40.0
7800,39.99849922337435,44.45990114866264,40.0
7810,39.998495033426195,44.45991704742897,40.0
7820,39.998490533992495,44.459930630862836,40.0
7830,39.99848578037427,44.45994196489105,40.0
7840,39.99848082578072,44.45995112727587,40.0
7850,39.99847572108746,44.45995820619356,40.0
7860,39.9984705146292,44.45996329883868,40.0
7870,39.99846525202602,44.459966510062834,40.0
7880,39.99845997604211,44.45996795105353,40.0
7890,39.99845472647555,44.45996773806208,40.0
7900,39.998449540077935,44.45996599118532,40.0
7910,39.99844445050214,44.45996283320459,40.0
7920,39.99843948827664,44.45995838849098,40.0
7930,39.99843468080469,44.45995278197478,40.0
7940,39.99843005238654,44.45994613818644,40.0
7950,39.9984256242629,44.45993858036813,40.0
7960,39.99842141467784,44.45993022965824,40.0
7970,39.99841743895928,44.45992120435186,40.0
7980,39.99841370961504,44.45991161923204,40.0
7990,39.99841023644295,44.45990158497796,40.0
8000,39.998407026652856,44.4598912076427,40.0
8010,39.99840408499905,44.460021234759346,40.0
8020,39.998401413921236,44.460271109985115,40.0
8029,39.99839901369241,44.46063762124495,40.0
8040,39.998396934972234,44.46112538513535,40.0
8050,39.99839524106478,44.46174015915079,40.0
8060,39.99839400957627,44.46248459153673,40.0
8070,39.9983934439135,44.46335586183719,40.0
8080,39.998393796104416,44.464344686554675,40.0
8090,39.99839537062842,44.46543525363362,40.0
8100,39.99839864854843,44.46660575168743,40.0
8109,39.99840420322543,44.46782925089545,40.0
8120,39.99841270334572,44.469074765250156,40.0
8130,39.9984249254475,44.47030838054196,40.0
8140,39.99844174101312,44.47149437162332,40.0
8150,39.99846410923373,44.47259626199751,40.0
8160,39.998493126025,44.473577796286804,40.0
8170,39.99852995809374,44.47440381101844,40.0
8180,39.99857582311902,44.47504099605949,40.0
8189,39.99863197600583,44.47545854686662,40.0
8200,39.99869967171705,44.4756287099145,40.0
8210,39.99878013378865,44.4755272273242,40.0
8220,39.998874525417705,44.47513368642207,40.0
8230,39.998983914271456,44.474431782309786,40.0
8240,39.99910923725665,44.47340950084665,40.0
8250,39.999251269871294,44.47205922982271,40.0
8260,39.99941058823071,44.4703778059344,40.0
8270,39.99958753481147,44.468366504950126,40.0
8280,39.99978218690525,44.46603098215725,40.0
8290,39.99999432568483,44.463381169869535,40.0
8300,40.0002234089647,44.46043113841936,40.0
8310,40.00046854997345,44.45719892670773,40.0
8320,40.00072849859267,44.453706348008424,40.0
8330,40.00100162695643,44.449978776330575,40.0
8340,40.00128592024448,44.446044918222185,40.0
8350,40.001578971522136,44.441936574445556,40.0
8360,40.0018779816437,44.43768839543772,40.0
8370,40.002179764463484,44.43333763389187,40.0
8380,40.002480757121845,44.42892389715323,40.0
8390,40.00277703565718,44.42448890137187,40.0
8400,40.00306433609271,44.42007622854489,40.0
8410,40.00333808044886,44.41573108668691,40.0
8420,40.00359340767954,44.411500072435075,40.0
8430,40.00382520939867,44.40743093447412,40.0
8440,40.00402817003231,44.40357233529163,40.0
8450,40.004196811226734,44.399973608052825,40.0
8460,40.004325540348326,44.39668450485875,40.0
8470,40.00440870274175,44.39375493240329,40.0
8480,40.004440637460995,44.391234671128274,40.0
8490,40.00441573617386,44.38917307437365,40.0
8500,40.00432850483984,44.3876187447623,40.0
8510,40.0041736277964,44.38661918602535,40.0
8520,40.00394603386962,44.386220429639664,40.0
8530,40.00364096408543,44.386466636853214,40.0
8540,40.00325404056135,44.38739967785566,40.0
8550,40.002781336144345,44.389058690887694,40.0
8560,40.002219444314775,44.39147962492233,40.0
8570,40.00156554885939,44.39469477015106,40.0
8580,40.00081749279153,44.39873228086892,40.0
8590,39.99997384596259,44.40361569548691,40.0
8600,39.99903397078925,44.40936345835101,40.0
8610,39.99799808550363,44.41598844787883,40.0
8620,39.9968673243116,44.42349751526963,40.0
8630,39.99564379383056,44.431891037771116,40.0
8640,39.994330625165624,44.44116249023062,40.0
8650,39.99293202096943,44.45129803846324,40.0
8660,39.991453296823956,44.46227615783267,40.0
8670,39.98990091627956,44.47406728041411,40.0
8680,39.988282518885846,44.48663347414824,40.0
8690,39.98660694055552,44.49992815753534,40.0
8700,39.98488422561306,44.51389585361546,40.0
8710,39.98312562989575,44.52847198723913,40.0
8720,39.98134361429463,44.54358272991798,40.0
8730,39.97955182814918,44.55914489684451,40.0
8740,39.97776508193964,44.575065900950115,40.0
8750,39.97599930875736,44.5912437691246,40.0
8760,39.97427151407576,44.60756722590907,40.0
8770,39.972599713392874,44.623915850096154,40.0
8780,39.97100285737159,44.64016030969993,40.0
8790,39.96950074416564,44.65616268068429,40.0
8800,39.968113918688665,44.671776854659406,40.0
8810,39.966863558659554,44.68684904045405,40.0
8820,39.965771347342134,44.70121836405301,40.0
8830,39.96485933298832,44.71471757085259,40.0
8840,39.96414977509412,44.727173833525015,40.0
8850,39.96366497768567,44.73840966801591,40.0
8860,39.963427109968244,44.748243959321236,40.0
8870,39.96345801479518,44.75649309771449,40.0
8880,39.96377900554459,44.76297222504349,40.0
8890,39.96441065213032,44.76749658958963,40.0
8900,39.96537255701832,44.76988300679152,40.0
8910,39.966683122269735,44.769951421909745,40.0
8920,39.96835930878733,44.76752656943387,40.0
8930,39.97041638909992,44.76243972273118,40.0
8940,39.97286769518069,44.754530526119936,40.0
8950,39.97572436295607,44.74364890022316,40.0
8960,39.97899507532257,44.72965701015461,40.0
8970,39.98268580564635,44.71243128481171,40.0
8980,39.98679956387285,44.691864474332306,40.0
8990,39.99133614752,44.66786773161958,40.0
9000,39.99629189996466,44.64037270275524,40.0
9010,40.001659478557855,44.60933361010779,40.0
9020,40.007427635215684,44.57472931099713,40.0
9030,40.0135810122285,44.53656531389673,40.0
9040,40.02009995610881,44.49487573337818,40.0
9050,40.02696035235499,44.449725164341146,40.0
9060,40.03413348404312,44.401210455584014,40.0
9070,40.04158591716894,44.34946236248566,40.0
9080,40.04927941564679,44.29464705846979,40.0
9090,40.05717088882863,44.23696748500226,40.0
9100,40.06521237433469,44.176664520074006,40.0
9110,40.073351058885486,44.11401794536666,40.0
9120,40.08152933969402,44.0493471923865,40.0
9130,40.089684928815416,43.98301184956753,40.0
9140,40.09775100266044,43.91541190877378,40.0
9150,40.105656398659846,43.84698773738382,40.0
9160,40.11332586081958,43.77821975619592,40.0
9170,40.12068033563295,43.70962780924403,40.0
9180,40.12763731952004,43.64177021164659,40.0
9190,40.13411125864618,43.57524246341957,40.0
9200,40.14001400163228,43.51067561829155,40.0
9210,40.145255305319566,43.44873429711098,40.0
9220,40.149743393384895,43.3901143360437,40.0
9230,40.15338556722737,43.33554006029239,40.0
9240,40.15608886816948,43.28576117491204,40.0
9250,40.15776078963273,43.2415492668284,40.0
9260,40.15831003756639,43.2036939151201,40.0
9270,40.1576473370306,43.17299840901073,40.0
9280,40.15568628246302,43.150275076117595,40.0
9290,40.1523442287931,43.1363402242995,40.0
9300,40.14754322021422,43.132008697909605,40.0
9310,40.141210953078215,43.13808804830887,40.0
9320,40.13328176904336,43.155372317706664,40.0
9330,40.12369767428169,43.184635434056595,40.0
9340,40.112409380235235,43.22662422368469,40.0
9350,40.09937736109882,43.28205105920408,40.0
9360,40.084572922894566,43.35158616508874,40.0
9370,40.067979278686764,43.43584961722332,40.0
9380,40.04959262416239,43.53540307775632,40.0
9390,40.02942320745905,43.650741287321445,40.0
9400,40.00749638676379,43.78228333520464,40.0
9410,39.98385366882649,43.93036373474975,40.0
9420,39.95855372111068,44.09522330957332,40.0
9430,39.931673349853604,44.27699994108996,40.0
9440,39.90330843582009,44.47571928728232,40.0
9450,39.873574818974,44.69128557971758,40.0
9460,39.842609122685275,44.92347266449157,40.0
9470,39.81056950744879,45.17191549852913,40.0
9480,39.777636343355525,45.43610215474024,40.0
9490,39.74401278979946,45.71536639444935,40.0
9500,39.709925270165144,46.00888095566431,40.0
9510,39.67562382840253,46.315651445830504,40.0
9520,39.641382353598416,46.634510939561466,40.0
9530,39.60749865798163,46.96411578558499,40.0
9540,39.574294392970636,47.302942902579346,40.0
9550,39.54211478717098,47.6492888612522,40.0
9560,39.51132818988168,48.00127171568328,40.0
9570,39.482325403123156,48.3568352404057,40.0
9580,39.45551878493201,48.71375529784951,40.0
9590,39.431341107304824,49.069648933852726,40.0
9600,39.410244152479976,49.421984774886575,40.0
9610,39.39269703202816,49.76809425419567,40.0
9620,39.379184215684305,50.10518648395867,40.0
9630,39.37020325824289,50.43036654966806,40.0
9640,39.36626221479634,50.740655954024156,40.0
9650,39.36787673965416,51.03302179753613,40.0
9660,39.375566866806345,51.304410465309026,40.0
9670,39.38985347260794,51.55178128718333,40.0
9680,39.41125443121495,51.772143463330984,40.0
9690,39.440280477485935,51.96259309747907,40.0
9700,39.47743079515195,52.12033935834518,40.0
9710,39.52318836377832,52.24274165814235,40.0
9720,39.57801510324047,52.327349488174626,40.0
9730,39.64234685285546,52.37192689921285,40.0
9740,39.71658824527576,52.3745178495071,40.0
9750,39.801107537024194,52.333516450752875,40.0
9760,39.89623144277478,52.247704064993535,40.0
9770,40.00224006626391,52.116292692396236,40.0
9780,40.11936201382555,51.93898654536375,40.0
9790,40.24776973773685,51.715927922182864,40.0
9800,40.387575235683386,51.44772073744015,40.0
9810,40.53882622076155,51.135463962068094,40.0
9820,40.70150276847354,50.78072559535835,40.0
9830,40.87551458211789,50.38559880716782,40.0
9840,41.06069899593287,49.95284863138742,40.0
9850,41.256819641766434,49.485773502508096,40.0
9860,41.463565920243184,48.98821158922272,40.0
9870,41.680553412970305,48.46504871529407,40.0
9880,41.90732501790331,47.92131493954355,40.0
9890,42.14335299223069,47.36214733021909,40.0
9900,42.38804226208385,46.79289152496084,40.0
9910,42.640734193894396,46.21893709041879,40.0
9920,42.900711166940695,45.64577289246642,40.0
9930,43.16720254685725,45.07998807758586,40.0
9940,43.43939059891463,44.52761828015551,40.0
9950,43.71641690604623,43.99427502943107,40.0
9960,43.9973902777681,43.4861521475841,40.0
9970,44.28139380145917,43.008494577207,40.0
9980,44.567492088120346,42.565729452980506,40.0
9990,44.85474011261893,42.16204269277616,40.0
10000,45.14219042874709,41.800634915871704,50.0
10010,45.42890030210165,41.483819021905774,50.0
10020,45.71394078010409,41.21311258450971,50.0
10030,45.99640306632812,40.989324924457655,50.0
10040,46.275404418553904,40.81263840181017,50.0
10050,46.55009497940199,40.68268390525537,50.0
10060,46.81966261017636,40.598610851504134,50.0
10070,47.08333722332581,40.559151580768095,50.0
10080,47.340395590027235,40.562680409465514,50.0
10090,47.59016462706832,40.607267856036,50.0
10100,47.83202418892552,40.690730051185376,50.0
10110,48.065409913897255,40.810673707023376,50.0
10120,48.28981496768446,40.96453712946739,50.0
10130,48.50479130037447,41.14962747631643,50.0
10140,48.70995076488221,41.363154635200345,50.0
10150,48.90496545337966,41.602262072885324,50.0
10160,49.089567599549156,41.86405497540873,50.0
10170,49.26354920368454,42.14562596051234,50.0
10180,49.42676120824154,42.44407860301037,50.0
10190,49.57911232423237,42.756548972516924,50.0
10200,49.72056759480082,43.08022534326915,50.0
10210,49.851146610684076,43.41236619910794,50.0
10220,49.97092143469522,43.750316624107,50.0
10230,50.080014300983066,44.09152314150059,50.0
10240,50.17859504863158,44.43354704088303,50.0
10250,50.26687833348629,44.774076216272725,50.0
10260,50.34512066993467,45.110935525394176,50.0
10270,50.413617297783006,45.442095673214524,50.0
10280,50.472698903362414,45.76568061994419,50.0
10290,50.52272823479025,46.07997351483959,50.0
10300,50.56409662082343,46.383421161674676,50.0
10310,50.59722042043285,46.67463702904716,50.0
10320,50.62253743551602,46.95240282810199,50.0
10330,50.64050330750301,47.2156686911836,50.0
10340,50.651587926191254,47.463551996758916,50.0
10350,50.656271881053634,47.69533489812158,50.0
10360,50.65504297809848,47.91046062538972,50.0
10370,50.64839284744854,48.10852864169125,50.0
10380,50.636813667252845,48.28928874481612,50.0
10390,50.62079502433549,48.45263421468138,50.0
10400,50.60082093181635,48.598594114473705,50.0
10410,50.577367023188536,48.727324859121914,50.0
10420,50.55089793863312,48.839101168706236,50.0
10430,50.521864917578505,48.93430652650096,50.0
10440,50.49070360961263,49.013423261579085,50.0
10450,50.45783211239233,49.077022374345844,50.0
10460,50.42364924271729,49.12575322013895,50.0
10470,50.38853304453494,49.160333161276704,50.0
10480,50.35283953464412,49.18153729181359,50.0
10490,50.316901684519216,49.19018833200246,50.0
10500,50.281028634519856,49.18714678124928,50.0
10510,50.245505134403594,49.173301409398,50.0
10520,50.2105912021158,49.14956015672805,50.0
10530,50.17652199114147,49.11684150327691,50.0
10540,50.14350785503704,49.07606635822434,50.0
10550,50.111734596433415,49.02815051027224,50.0
10560,50.081363886760386,48.97399767037707,50.0
10570,50.05253384206661,48.914493129004974,50.0
10580,50.02535973972336,48.85049804137972,50.0
10590,49.99993486046852,48.78284434609776,50.0
10600,49.97633144008459,48.712330315058544,50.0
10610,49.9546017150581,48.639716725954386,50.0
10620,49.93477904680804,48.56572364262667,50.0
10630,49.91687910944709,48.49102778340694,50.0
10640,49.900901126564904,48.41626045319985,50.0
10650,49.88682914317713,48.34200601137575,50.0
10660,49.87463331972879,48.268800844643856,50.0
10670,49.864271235870916,48.19713281182742,50.0
10680,49.85568919262524,48.127441125859455,50.0
10690,49.84882350248307,48.06011663728627,50.0
10700,49.84360175794344,47.995502483076535,50.0
10710,49.83994406996467,47.93389506448823,50.0
10720,49.83776426876763,47.87554531812586,50.0
10730,49.836971060378985,47.82066024502969,50.0
10740,49.8374691332306,47.769404663652494,50.0
10750,49.839160210025824,47.721903153832564,50.0
10760,49.84194404094009,47.67824216030559,50.0
10770,49.84571933503662,47.638472225886886,50.0
10780,49.850384627542006,47.60261032614554,50.0
10790,49.85583908134029,47.57064227916097,50.0
10800,49.86198322170454,47.54252520574926,50.0
10810,49.86871960389246,47.51819001737538,50.0
10820,49.87595341378659,47.49754391077549,50.0
10830,49.88359300226116,47.480472850107276,50.0
10840,49.891550354408494,47.46684401920037,50.0
10850,49.89974149515877,47.456508228181164,50.0
10860,49.90808683318049,47.44930226039706,50.0
10870,49.916511445256745,47.44505114715596,50.0
10880,49.92494530359727,47.44357035931063,50.0
10890,49.93332344877005,47.44466790618169,50.0
10900,49.941586111121524,47.44814633368762,50.0
10910,49.94967878370464,47.453804614880525,50.0
10920,49.95755224984974,47.461439927314984,50.0
10930,49.965162568598885,47.47084931288345,50.0
10940,49.9724710212806,47.48183121684112,50.0
10950,49.9794440225317,47.49418690381505,50.0
10960,49.986052999078325,47.507721749561405,50.0
10970,49.992274239570804,47.52224640816708,50.0
10980,49.99808871872925,47.53757785525281,50.0
10990,50.00348189899966,47.553540308532035,50.0
11000,50.008443512846426,47.569966027817166,50.0
11010,50.012967328717856,47.586695997255376,50.0
11020,50.01705090361798,47.603580493180175,50.0
11030,50.020695325102245,47.62047954153825,50.0
11040,50.02390494538847,47.637263269343165,50.0
11050,50.02668711013859,47.65381215505771,50.0
11060,50.02905188432274,47.67001718318025,50.0
11070,50.03101177742735,47.68577990864527,50.0
11080,50.032581470112405,47.70101243691271,50.0
11090,50.03377754426403,47.71563732583323,50.0
11100,50.03461821822551,47.72958741553551,50.0
11110,50.03512308882609,47.742805592687425,50.0
11120,50.035312881661966,47.75524449553428,50.0
11130,50.035209210920705,47.76686616612289,50.0
11140,50.03483434987746,47.777641656077606,50.0
11150,50.0342110130326,47.787550592209186,50.0
11160,50.033362150704534,47.796580708107705,50.0
11170,50.03231075674013,47.80472734770455,50.0
11180,50.031079689859915,47.81199294659175,50.0
11190,50.029691509014974,47.81838649665325,50.0
11200,50.02816832299986,47.82392299930536,50.0
11210,50.02653165444002,47.82862291235465,50.0
11220,50.024802318154066,47.83251159519195,50.0
11230,50.023000313781715,47.83561875670469,50.0
11240,50.02114473246673,47.83797790997309,50.0
11250,50.01925367729126,47.83962583746414,50.0
11260,50.01734419707447,47.840602070092885,50.0
11270,50.01543223307315,47.84094838317463,50.0
11280,50.01353257805581,47.84070831193202,50.0
11290,50.011658847164604,47.839926688889314,50.0
11300,50.009823459930615,47.838649205130906,50.0
11310,50.008037632767845,47.836921997081845,50.0
11320,50.00631138123908,47.8347912601413,50.0
11330,50.00465353136264,47.83230289019186,50.0
11340,50.003071739212174,47.829502153715566,50.0
11350,50.001572518051994,47.82643338697122,50.0
11360,50.0001612722475,47.82313972442022,50.0
11370,49.998842337193274,47.81966285635049,50.0
11380,49.997619024510335,47.816042815423316,50.0
11390,49.9964936717782,47.8123177916568,50.0
11400,49.99546769608622,47.80852397518049,50.0
11410,49.994541650711696,47.804695425921864,50.0
11420,49.99371528425895,47.80086396924306,50.0
11430,49.99298760162387,47.79705911641316,50.0
11440,49.992356926180854,47.79330800869477,50.0
11450,49.991820962624345,47.78963538372754,50.0
11460,49.991376859933986,47.78606356281935,50.0
11470,49.99102127397074,47.78261245769477,50.0
11480,49.990750429250426,47.77929959521458,50.0
11490,49.9905601794813,47.776140158539675,50.0
11500,49.990446066492154,47.77314704321566,50.0
11510,49.99040337721743,47.77033092663694,50.0
11520,49.99042719844584,47.76770034937485,50.0
11530,49.99051246907724,47.7652618068659,50.0
11540,49.9906540296712,47.76301984999467,50.0
11550,49.99084666910718,47.760977193143475,50.0
11560,49.99108516821159,47.75913482833297,50.0
11570,49.991364340241425,47.75749214412934,50.0
11580,49.99167906814586,47.75604704805971,50.0
11590,49.99202433855804,47.754796091340005,50.0
11600,49.99239527249786,47.75373459479513,50.0
11610,49.992787152792765,47.75285677491978,50.0
11620,49.99319544824861,47.75215586911166,50.0
11630,49.99361583462486,47.75162425917797,50.0
11640,49.99404421248863,47.75125359230221,50.0
11650,49.994476722041,47.751034898739825,50.0
11660,49.99490975502453,47.75095870557883,50.0
11670,49.99533996383568,47.75101514599303,50.0
11680,49.99576426797791,47.75119406348409,50.0
11690,49.99617985800134,47.75148511068708,50.0
11700,49.99658419708357,47.75187784238369,50.0
11710,49.9969750204127,47.75236180244221,50.0
11720,49.99735033253848,47.7529266044644,50.0
11730,49.997708402861036,47.75356200598898,50.0
11740,49.99804775942805,47.75425797615636,50.0
11750,49.99836718121191,47.755004756798755,50.0
11760,49.9986656890372,47.75579291697329,50.0
11770,49.9989425353266,47.756613401000244,50.0
11780,49.99919719283023,47.757457570117566,50.0
11790,49.99942934249884,47.75831723790211,50.0
11800,49.99963886065613,47.75918469964166,50.0
11810,49.999825805619444,47.76005275587884,50.0
11820,49.99999040391151,47.760914730373095,50.0
11830,50.00013303619807,47.76176448275048,50.0
11840,50.00025422307925,47.762596416137576,50.0
11850,50.00035461085343,47.76340548008485,50.0
11860,50.00043495736453,47.76418716910301,50.0
11870,50.00049611803465,47.76493751714424,50.0
11880,50.00053903217493,47.76565308836877,50.0
11890,50.000564709658946,47.76633096453676,50.0
11900,50.00057421803378,47.76696872937082,50.0
11910,50.00056867013513,47.767564450227646,50.0
11920,50.00054921226406,47.7681166574204,50.0
11930,50.00051701297469,47.76862432151535,50.0
11940,50.00047325251354,47.76908682893088,50.0
11950,50.000419112943646,47.76950395614443,50.0
11960,50.00035576897855,47.7698758428106,50.0
11970,50.0002843795443,47.770202964071224,50.0
11980,50.00020608008056,47.77048610233326,50.0
11990,50.00012197558547,47.77072631876434,50.0
12000,50.00003313440302,47.770924924748115,50.0
12010,49.99994058274586,47.771083453518,50.0
12020,49.99984529994153,47.771203632176125,50.0
12030,49.999748214385676,47.771287354278684,50.0
12040,49.99965020018092,47.77133665316126,50.0
12050,49.99955207443729,47.771353676149616,50.0
12060,49.99945459520601,47.771340659788756,50.0
12070,49.999358460016204,47.771299906208604,50.0
12080,49.99926430498142,47.7712337607197,50.0
12090,49.9991727044412,47.77114459071973,50.0
12100,49.99908417110085,47.77103476598123,50.0
12110,49.99899915663223,47.770906640364295,50.0
12120,49.99891805269697,47.770762534993,50.0
12130,49.99884119235326,47.770604722913994,50.0
12140,49.998768851807476,47.770435415249516,50.0
12150,49.99870125247191,47.77025674883892,50.0
12160,49.99863856329039,47.770070775353744,50.0
12170,49.998580903294396,47.76987945186149,50.0
12180,49.99852834435332,47.769684632807,50.0
12190,49.99848091408337,47.769488063362736,50.0
12200,49.998438598881584,47.76929137410601,50.0
12210,49.99840134705224,47.769096076959386,50.0
12220,49.9983690719952,47.76890356233749,50.0
12230,49.998341655427296,47.76871509743033,50.0
12240,49.99831895060955,47.76853182555601,50.0
12250,49.99830078555521,47.76835476650686,50.0
12260,49.99828696619554,47.76818481781485,50.0
12270,49.99827727948227,47.76802275685663,50.0
12280,49.9982714964074,47.76786924372516,50.0
12290,49.998269374923765,47.76772482478595,50.0
12300,49.99827066275087,47.7675899368412,50.0
12310,49.998275100053306,47.76746491182699,50.0
12320,49.99828242198044,47.767349981964784,50.0
12330,49.99829236105816,47.767245285301875,50.0
12340,49.99830464942534,47.7671508715598,50.0
12350,49.9983190209092,47.76706670823331,50.0
12360,49.998335212935594,47.76699268686761,50.0
12370,49.99835296827172,47.76692862945572,50.0
12380,49.99837203660018,47.76687429490168,50.0
12390,49.99839217592482,47.76682938548632,50.0
12400,49.99841315380986,47.766793553296004,50.0
12410,49.99843474845507,47.766766406562134,50.0
12420,49.99845674961088,47.76674751586988,50.0
12430,49.9984789593381,47.76673642020068,50.0
12440,49.998501192617844,47.7667326327725,50.0
12450,49.99852327781797,47.76673564664936,50.0
12460,49.99854505702309,47.76674494009145,50.0
12470,49.99856638623554,47.76675998163001,50.0
12480,49.998587135455175,47.76678023483953,50.0
12490,49.99860718864647,47.76680516280194,50.0
12500,49.99862644360128,47.766834232245365,50.0
12510,49.998644811705915,47.76686691735067,50.0
12520,49.998662217621586,47.76690270322551,50.0
12530,49.99867859888665,47.76694108903559,50.0
12540,49.998693905449734,47.76698159080216,50.0
12550,49.99870809914224,47.767023743864485,50.0
12560,49.998721153098714,47.767067105013574,50.0
12570,49.99873305113333,47.767111254306215,50.0
12580,49.9987437870805,47.7671557965695,50.0
12590,49.99875336410727,47.767200362602125,50.0
12600,49.9987617940048,47.767244610093016,50.0
12610,49.99876909646586,47.76728822426559,50.0
12620,49.99877529835501,47.76733091826283,50.0
12630,49.99878043297744,47.76737243329401,50.0
12640,49.998784539352165,47.767412538552676,50.0
12650,49.99878766149488,47.76745103093015,50.0
12660,49.99878984771528,47.76748773453551,50.0
12670,49.998791149932934,47.76752250004511,50.0
12680,49.99879162301594,47.767555203894375,50.0
12690,49.99879132414532,47.767585747334735,50.0
12700,49.998790312208556,47.767614055367055,50.0
12710,49.9987886472244,47.767640075575216,50.0
12720,49.99878638980125,47.76766377686948,50.0
12730,49.99878360063079,47.767685148160986,50.0
12740,49.99878034001806,47.76770419697935,50.0
12750,49.998776667448965,47.76772094805005,50.0
12760,49.99877264119577,47.767735441845126,50.0
12770,49.99876831796074,47.767747733119414,50.0
12780,49.99876375255797,47.76775788944377,50.0
12790,49.998758997632955,47.76776598974985,50.0
12800,49.99875410341926,47.76777212289346,50.0
12810,49.998749117531524,47.767776386248556,50.0
12820,49.99874408479358,47.767778884337304,50.0
12830,49.9987390471006,47.7677797275081,50.0
12840,49.99873404331365,47.76777903066511,50.0
12850,49.99872910918518,47.76777691205552,50.0
12860,49.99872427731377,47.76777349212138,50.0
12870,49.998719577126266,47.767768892417344,50.0
12880,49.998715034885436,47.767763234601794,50.0
12890,49.99871067372134,47.767756639498124,50.0
12900,49.99870651368421,47.76774922623194,50.0
12910,49.99870257181711,47.767741111448245,50.0
12920,49.998698862246165,47.76773240859821,50.0
12930,49.99869539628648,47.76772322730899,50.0
12940,49.99869218256183,47.767713672825494,50.0
12950,49.99868922713608,47.76770384552706,50.0
12960,49.998686533654556,47.767693840517865,50.0
12970,49.998684103493524,47.76768374728645,50.0
12980,49.998681935916046,47.767673649433725,50.0
12990,49.99868002823258,47.76766362446548,50.0
13000,49.99867837596468,47.76765374364809,50.0
13010,49.99867697301044,47.76756866986262,50.0
13020,49.99867581181012,47.76745502989447,50.0
13030,49.99867488351083,47.767364470933806,50.0
13040,49.99867414794677,47.76734605154176,50.0
13050,49.9986735698328,47.76744133702021,50.0
13060,49.99867312980919,47.7676816754329,50.0
13070,49.99867276909465,47.768087087484645,50.0
13080,49.998672468965104,47.76866627237471,50.0
13090,49.998672275316146,47.769417336519034,50.0
13100,49.99867224483433,47.77032895393752,50.0
13110,49.998672534582155,47.77138175201011,50.0
13120,49.998673427830376,47.772549781584,50.0
13130,49.99867534113522,47.773801979027574,50.0
13140,49.99867883664145,47.77510356126086,50.0
13150,49.99868461950699,47.776417318794145,50.0
13160,49.998693493569135,47.77770478821992,50.0
13170,49.99870639237732,47.77892729634054,50.0
13180,49.998724373626004,47.78004687512815,50.0
13190,49.99874860080007,47.78102705115311,50.0
13200,49.998780332186556,47.78183351581435,50.0
13210,49.998820897648876,47.78243468422717,50.0
13220,49.998871666164895,47.78280215136915,50.0
13230,49.99893401211361,47.78291105434826,50.0
13240,49.9990092780449,47.78274034960326,50.0
13250,49.99909873293673,47.782273013615026,50.0
13260,49.99920353559662,47.78149617537214,50.0
13270,49.999324696752346,47.780401188453745,50.0
13280,49.99946304124368,47.7789836501818,50.0
13290,49.99961917252262,47.77724337489367,50.0
13300,49.99979343810672,47.77518432798089,50.0
13310,49.99998589541658,47.77281452693382,50.0
13320,50.000196281533086,47.77014591524308,50.0
13330,50.000423986594,47.767194214576314,50.0
13340,50.00066803105049,47.763978760216034,50.0
13350,50.0009270481405,47.76052232423658,50.0
13360,50.00119927125361,47.75685093045253,50.0
13370,50.00148252622349,47.75299366424342,50.0
13380,50.001774228827315,47.74898248015581,50.0
13390,50.00207138738807,47.74485200886072,50.0
13400,50.00237061042739,47.74063936447849,50.0
13410,50.002668119752734,47.73638395221908,50.0
13420,50.002959768920554,47.73212727533705,50.0
13430,50.0032410670188,47.72791273946118,50.0
13440,50.00350720778309,47.72378545152278,50.0
13450,50.00375310384561,47.71979200984727,50.0
13460,50.003973425850795,47.71598028155992,50.0
13470,50.004162646248695,47.71239916334164,50.0
13480,50.004315087515685,47.70909832177405,50.0
13490,50.00442497453595,47.70612791003884,50.0
13500,50.004486490915184,47.703538258537925,50.0
13510,50.00449383893524,47.70137953798875,50.0
13520,50.004441302825235,47.69970139466569,50.0
13530,50.00432331500186,47.698552558559896,50.0
13540,50.004134524877976,47.69798042626529,50.0
13550,50.00386986979969,47.69803062126481,50.0
13560,50.00352464765683,47.69874653496588,50.0
13570,50.00309459067784,47.70016885228195,50.0
13580,50.002575939891436,47.70233506579697,50.0
13590,50.00196551971469,47.705278982609215,50.0
13600,50.001260812093314,47.70903022787183,50.0
13610,50.000460029586776,47.71361374887317,50.0
13620,49.9995621867626,47.71904932329629,50.0
13630,49.998567169235585,47.72535107507166,50.0
13640,49.99747579966396,47.73252700107779,50.0
13650,49.99628989999742,47.7405785118233,50.0
13660,49.99501234925738,47.7494999892123,50.0
13670,49.993647136118895,47.759278364551086,50.0
13680,49.99219940555758,47.76989272009359,50.0
13690,49.99067549882093,47.781313917637,50.0
13700,49.98908298598359,47.793504257963086,50.0
13710,49.9874306903515,47.806417175255845,50.0
13720,49.985728703989295,47.81999697098428,50.0
13730,49.983988393661114,47.83417859210969,50.0
13740,49.982222396496056,47.84888745884229,50.0
13750,49.98044460471625,47.864039347492366,50.0
13760,49.97867013879853,47.879540334241575,50.0
13770,49.97691530847978,47.89528680586663,50.0
13780,49.975197561061336,47.91116554357088,50.0
13790,49.97353541652063,47.92705388610922,50.0
13800,49.971948388998264,47.942819978313544,50.0
13810,49.970456894296795,47.95832311094864,50.0
13820,49.96908214310434,47.97341415751195,50.0
13830,49.967846019741316,47.98793611324486,50.0
13840,49.966770946323436,48.00172474064239,50.0
13850,49.96587973233754,48.01460932642777,50.0
13860,49.96519540974044,48.02641355191734,50.0
13870,49.96474105381272,48.0369564801595,50.0
13880,49.96453959013219,48.046053660831845,50.0
13890,49.96461358817155,48.053518353318736,50.0
13900,49.96498504217484,48.05916286718989,50.0
13910,49.965675140124695,48.062800018104234,50.0
13920,49.9667040217771,48.06424469589515,50.0
13930,49.96809052691135,48.06331554028507,50.0
13940,49.96985193511964,48.059836718299096,50.0
13950,49.972003698640336,48.05363979605667,50.0
13960,49.97455916992116,48.04456569618915,50.0
13970,49.977529325781724,48.03246673072903,50.0
13980,49.98092249022585,48.017208697909155,50.0
13990,49.98474405813179,47.998673029959875,50.0
14000,49.988996222220855,47.976758977668695,50.0
14010,49.99367770586842,47.95138581618495,50.0
14020,49.99878350447444,47.92249505531403,50.0
14030,50.00430463825065,47.89005263634015,50.0
14040,50.01022791940568,47.854051096298925,50.0
14050,50.01653573681455,47.81451167960268,50.0
14060,50.02320586134392,47.77148637606097,50.0
14070,50.030211275065454,47.725059863691534,50.0
14080,50.03752002762461,47.67535133425284,50.0
14090,50.04509512303967,47.622516179153266,50.0
14100,50.052894440182776,47.56674751324833,50.0
14110,50.06087069014053,47.5082775139494,50.0
14120,50.068971413564526,47.447378553025295,50.0
14130,50.077139021000946,47.38436409856565,50.0
14140,50.08531087903359,47.31958936484721,50.0
14150,50.09341944488476,47.253451688412575,50.0
14160,50.10139245189544,47.18639060974157,50.0
14170,50.109153148049906,47.11888764128966,50.0
14180,50.116620589421686,47.051465704179385,50.0
14190,50.12370999010062,46.984688217457226,50.0
14200,50.13033312981524,46.919157824979635,50.0
14210,50.13639882009492,46.85551474560861,50.0
14220,50.14181342942494,46.79443473311332,50.0
14230,50.14648146743823,46.73662663286962,50.0
14240,50.150306227763124,46.682829523529506,50.0
14250,50.153190488712085,46.63380943476317,50.0
14260,50.15503727055384,46.590355635601114,50.0
14270,50.15575064766481,46.55327649073256,50.0
14280,50.15523661340873,46.523394885727804,50.0
14290,50.153403995147926,46.501543223278944,50.0
14300,50.150165416348855,46.488557990101306,50.0
14310,50.14543830231089,46.48527389338842,50.0
14320,50.139145925622095,46.49251756511677,50.0
14330,50.13121848702836,46.51110083127419,50.0
14340,50.12159422699376,46.54181355286388,50.0
14350,50.110220562828246,46.585416057261135,50.0
14360,50.09705524585703,46.64263118360587,50.0
14370,50.08206753270578,46.71413598069324,50.0
14380,50.065239364371486,46.80055310089062,50.0
14390,50.046566546330055,46.902441912644846,50.0
14400,50.02605992250432,47.020289352216125,50.0
14410,50.003746535473944,47.15450054207941,50.0
14420,49.97967076483172,47.30538917977273,50.0
14430,49.95389543508995,47.47316774849964,50.0
14440,49.92650288401201,47.657937663476886,50.0
14450,49.897595981642986,47.85967946384975,50.0
14460,49.86729908967388,48.07824322163461,50.0
14470,49.83575895010425,48.313339386887776,50.0
14480,49.8031454914013,48.564530119271716,50.0
14490,49.769652539571474,48.8312211614468,50.0
14500,49.73549842080532,49.112654405662845,50.0
14510,49.70092644149031,49.40790102876015,50.0
14520,49.666205230565765,49.71585529617042,50.0
14530,49.63162892851155,50.035229567117526,50.0
14540,49.59751720638996,50.36455078423141,50.0
14550,49.56421509761774,50.70215876712831,50.0
14560,49.53209262478543,51.04620731902998,50.0
14570,49.50154420322371,51.39466778119529,50.0
14580,49.47298780269102,51.74533474343642,50.0
14590,49.44686384921603,52.095834547868144,50.0
14600,49.4236338493615,52.443635082553214,50.0
14610,49.40377871990878,52.78605636876864,50.0
14620,49.38779680853601,53.12028494165892,50.0
14630,49.37620159235694,53.443391791651,50.0
14640,49.36951904308276,53.752352536745974,50.0
14650,49.368284652904556,54.044076814199904,50.0
14660,49.373040117617506,54.31544243710339,50.0
14670,49.38432967621525,54.56332954986938,50.0
14680,49.40269611679889,54.784658297142244,50.0
14690,49.428676462816895,54.97642668904018,50.0
14700,49.46279735659894,55.13573707253431,50.0
14710,49.505570174296494,55.25983439168671,50.0
14720,49.55748591166297,55.34614740888831,50.0
14730,49.61900987788542,55.3923138421813,50.0
14740,49.69057626009891,55.396249008659055,50.0
14750,49.77258262289729,55.356219916103015,50.0
14760,49.86538439041993,55.270884536125486,50.0
14770,49.96928940994399,55.1393380243928,50.0
14780,50.0845526882037,54.961178566233556,50.0
14790,50.21137134839732,54.736450791714056,50.0
14800,50.34987994492657,54.46567163577884,50.0
14810,50.500146260162275,54.14986700493474,50.0
14820,50.66216758716751,53.79054574528944,50.0
14830,50.83586765449254,53.38976087356134,50.0
14840,51.02109432553633,52.95026731982173,50.0
14850,51.21761798898806,52.47537717597582,50.0
14860,51.42513079904142,51.968968855926214,50.0
14870,51.643246920593405,51.43603090705753,50.0
14880,51.87150353795607,50.881701825483155,50.0
14890,52.10936283779385,50.311232772927575,50.0
14900,52.35621537601821,49.73009763475811,50.0
14910,52.61138392852309,49.14382041583781,50.0
14920,52.87412821447129,48.55803637078905,50.0
14930,53.143651176357274,47.97956010525645,50.0
14940,53.419105176844724,47.414626797521535,50.0
14950,53.699598756200494,46.86903070990087,50.0
14960,53.98420507154279,46.34919629934308,50.0
14970,54.27196937410099,45.86055147504837,50.0
14980,54.561916716488135,45.40766680825821,50.0
14990,54.853061477716196,44.99486717219917,50.0
15000,55.14441507638778,44.62544331346958,60.0
15010,55.43499361497264,44.30175519275141,60.0
15020,55.72382774539487,44.02532982093726,60.0
15030,56.00996951557077,43.79695345790417,60.0
15040,56.29249870393418,43.616757709706,60.0
15050,56.57053023800535,43.484299509165346,60.0
15060,56.84321938057709,43.398635307252746,60.0
15070,57.109766372127744,43.35838936280809,60.0
15080,57.36942163617141,43.36181640180476,60.0
15090,57.621489282607826,43.40685917707789,60.0
15100,57.86533006911502,43.49120093937065,60.0
15110,58.10036444236952,43.61231320673907,60.0
15120,58.32607434472923,43.76749932391477,60.0
15130,58.54200448337492,43.95393401989764,60.0
15140,58.747763455441536,44.168699344919624,60.0
15150,58.943023999618994,44.40881734434846,60.0
15160,59.127522767833796,44.67127979418079,60.0
15170,59.30105979506137,44.953075284069996,60.0
15180,59.46349747250058,45.25121389263362,60.0
15190,59.61475913855037,45.56274965853375,60.0
15200,59.75482738639158,45.8848010114474,60.0
15210,59.88374199269279,46.214569291046566,60.0
15220,60.00159753349267,46.54935545047244,60.0
15230,60.10854076321997,46.88657501417735,60.0
15240,60.20476771245734,47.22377133870339,60.0
15250,60.2905205555099,47.558627209081976,60.0
15260,60.366084307693214,47.88897479284694,60.0
15270,60.43178334790306,48.212803967829444,60.0
15280,60.48797780030135,48.52826903847576,60.0
15290,60.53505982091623,48.83369385781585,60.0
15300,60.5734498000941,49.127575377754766,60.0
15310,60.603592511432446,49.40858565845451,60.0
15320,60.62595324344579,49.67557237749101,60.0
15330,60.64101393662537,49.927557890605215,60.0
15340,60.649269356757806,50.16373690760447,60.0
15350,60.651223337163856,50.383472858736,60.0
15360,60.647385114043935,50.58629303817491,60.0
15370,60.63826578116332,50.77188262168881,60.0
15380,60.62437489033611,50.94007766474616,60.0
15390,60.606217218030146,51.09085719499972,60.0
15400,60.584289718037354,51.22433451903847,60.0
15410,60.55907867917708,51.34074786740255,60.0
15420,60.531057102731715,51.44045050405508,60.0
15430,60.50068231229007,51.52390042678429,60.0
15440,60.46839380656552,51.59164978343496,60.0
15450,60.434611361928035,51.644334125560235,60.0
15460,60.399733388731114,51.682661616150774,60.0
15470,60.364135542987015,51.70740230176436,60.0
15480,60.328169591779684,51.71937755180134,60.0
15490,60.29216252841213,51.7194497590953,60.0
15500,60.256415931133006,51.70851238663437,60.0
15510,60.22120555693752,51.687480435299804,60.0
15520,60.18678116005595,51.65728139725238,60.0
15530,60.15336652315447,51.61884674920622,60.0
15540,60.12115968770659,51.57310402949234,60.0
15550,60.09033336880334,51.52096953271986,60.0
15560,60.06103553879117,51.46334164610701,60.0
15570,60.03339016341436,51.401094842393746,60.0
15580,60.00749807373441,51.33507433561814,60.0
15590,59.98343795695569,51.2660913981875,60.0
15600,59.961267449310014,51.19491933054308,60.0
15610,59.94102431438943,51.1222900683918,60.0
15620,59.92272769073934,51.0488914069624,60.0
15630,59.906379393069145,50.97536481704447,60.0
15640,59.89196525212506,50.90230382366306,60.0
15650,59.87945647907653,50.830252915095365,60.0
15660,59.868811041151396,50.75970694750075,60.0
15670,59.85997503621292,50.6911110087324,60.0
15680,59.852884054982226,50.624860703714575,60.0
15690,59.84746452064309,50.56130282323609,60.0
15700,59.84363499661311,50.500736357922634,60.0
15710,59.8413074543113,50.44341381950672,60.0
15720,59.84038849378062,50.389542832249674,60.0
15730,59.84078051102762,50.33928795841638,60.0
15740,59.84238280691257,50.2927727229983,60.0
15750,59.84509263335287,50.25008180440378,60.0
15760,59.84880617348446,50.21126335949389,60.0
15770,59.85341945325773,50.17633145313434,60.0
15780,59.858829182720385,50.14526856431415,60.0
15790,59.86493352595794,50.118028142778634,60.0
15800,59.87163279932408,50.09453719207877,60.0
15810,59.878830098194925,50.07469885687753,60.0
15820,59.88643185302708,50.05839499425432,60.0
15830,59.89434831598851,50.04548871064598,60.0
15840,59.90249397986676,50.035826847877935,60.0
15850,59.91078793134169,50.029242403523305,60.0
15860,59.91915414104341,50.02555687252758,60.0
15870,59.92752169310177,50.024582498690634,60.0
15880,59.93582495713377,50.0261244261474,60.0
15890,59.944003705814325,50.0299827425024,60.0
15900,59.952003181333616,50.035954406680965,60.0
15910,59.959774114166436,50.04383505591598,60.0
15920,59.9672726976663,50.053420687557484,60.0
15930,59.974460522051714,50.06450921258932,60.0
15940,59.9813044713792,50.07690187887728,60.0
15950,59.987776587095524,50.09040456321492,60.0
15960,59.993853901736024,50.10482893222578,60.0
15970,59.999518246287145,50.119993473102895,60.0
15980,60.00475603466183,50.13572439600097,60.0
15990,60.00955802864769,50.1518564106851,60.0
16000,60.01391908658383,50.1682333807435,60.0
16010,60.017837898901426,50.18470885932107,60.0
16020,60.021316713530126,50.20114651089937,60.0
16030,60.024361054028404,50.21742042416023,60.0
16040,60.02697943314071,50.233415321416054,60.0
16050,60.029183064322204,50.24902667046283,60.0
16059,60.03098557360237,50.264160705026555,60.0
16070,60.032402713984474,50.27873436023283,60.0
16080,60.033452084399805,50.29267512970385,60.0
16090,60.034152855055055,50.30592085103185,60.0
16100,60.03452550083022,50.31841942644991,60.0
16110,60.03459154420328,50.330128485528036,60.0
16120,60.03437330899872,50.3410149967062,60.0
16129,60.03389368608029,50.351054834378,60.0
16140,60.03317591193594,50.3602323081238,60.0
16149,60.03224336093459,50.36853966051414,60.0
16160,60.03111935187243,50.37597653969927,60.0
16170,60.0298269692713,50.38254945275672,60.0
16180,60.02838889974234,50.38827120549683,60.0
16190,60.02682728358935,50.39316033412364,60.0
16200,60.02516358169319,50.39724053382884,60.0
16210,60.02341845759648,50.40054008905298,60.0
16219,60.021611674594425,50.40309130979676,60.0
16230,60.01976200753331,50.40492997799515,60.0
16240,60.01788716892451,50.4060948075975,60.0
16250,60.01600374889763,50.406626921619264,60.0
16260,60.01412716844149,50.406569349061044,60.0
16270,60.01227164531779,50.40596654420791,60.0
16280,60.01045017197661,50.404863930468224,60.0
16290,60.00867450475753,50.403307470549905,60.0
16300,60.00695516362352,50.4013432644237,60.0
16309,60.00530144164679,50.39901717619837,60.0
16320,60.00372142344628,50.396374490710016,60.0
16330,60.00222201176476,50.393459600338076,60.0
16340,60.00080896136919,50.39031572226556,60.0
16350,59.99948691946068,50.38698464615515,60.0
16360,59.998259471789076,50.38350651196127,60.0
16370,59.99712919368223,50.379919617382,60.0
16379,59.996097705219924,50.37626025425009,60.0
16390,59.99516572980689,50.37256257299138,60.0
16400,59.994333155428585,50.36885847411192,60.0
16410,59.9935990979054,50.36517752554233,60.0
16420,59.99296196549678,50.36154690455425,60.0
16430,59.99241952424431,50.35799136285197,60.0
16440,59.991968963483345,50.354533213380584,60.0
16450,59.99160696099382,50.35119233731618,60.0
16460,59.99132974730387,50.34798620966894,60.0
16470,59.99113316870284,50.344929941893746,60.0
16480,59.991012748564216,50.34203633989764,60.0
16490,59.990963746622,50.339315975826274,60.0
16500,59.99098121588731,50.33677727202913,60.0
16510,59.99106005693409,50.334426595630376,60.0
16520,59.99119506932395,50.33226836216098,60.0
16530,59.99138099997998,50.330305146760416,60.0
16540,59.99161258835777,50.328537801502044,60.0
16550,59.991884608298555,50.3269655774675,60.0
16560,59.992191906483846,50.32558625024789,60.0
16570,59.99252943744425,50.324396247638084,60.0
16580,59.992892295105186,50.32339077835218,60.0
16590,59.993275740881295,50.3225639606762,60.0
16600,59.993675228357084,50.32190895005767,60.0
16610,59.99408642461558,50.321418064706,60.0
16620,59.99450522829832,50.32108290837362,60.0
16630,59.99492778449972,50.32089448956618,60.0
16640,59.99535049661527,50.32084333651179,60.0
16650,59.99577003527863,50.32091960731159,60.0
16660,59.99618334453503,50.321113194764536,60.0
16670,59.99658764540912,50.3214138254468,60.0
16680,59.996980437033905,50.321811152699375,60.0
16690,59.997359495514026,50.32229484324538,60.0
16700,59.9977228707017,50.322854657246076,60.0
16710,59.99806888106625,50.323480521642985,60.0
16720,59.99839610683973,50.32416259672663,60.0
16730,59.99870338162124,50.324891335908504,60.0
16740,59.99898978262055,50.32565753873631,60.0
16750,59.999254619719146,50.326452397242896,60.0
16760,59.99949742352266,50.327267535760754,60.0
16770,59.999717932573475,50.32809504437807,60.0
16780,59.999916079886546,50.32892750624815,60.0
16790,60.00009197896425,50.32975801899734,60.0
16800,60.000245909438924,50.33058021050087,60.0
16810,60.0003783024833,50.33138824932472,60.0
16820,60.00048972612058,50.33217685014893,60.0
16830,60.00058087055671,50.33294127450232,60.0
16840,60.00065253364835,50.333677327153964,60.0
16850,60.00070560661024,50.33438134850966,60.0
16860,60.00074106005629,50.33505020337777,60.0
16870,60.00075993045892,50.33568126645406,60.0
16880,60.00076330710169,50.3362724048916,60.0
16890,60.000752319590774,50.336821958301975,60.0
16900,60.00072812598155,50.33732871654654,60.0
16910,60.0006919015677,50.33779189564479,60.0
16920,60.00064482837121,50.338211112136065,60.0
16930,60.00058808536361,50.33858635621276,60.0
16940,60.00052283944054,50.338917963921865,60.0
16950,60.00045023716445,50.3392065887249,60.0
16960,60.00037139728276,50.339453172689204,60.0
16970,60.0002874040225,50.33965891756116,60.0
16980,60.000199301156115,50.3398252559604,60.0
16990,60.00010808682753,50.339953822907205,60.0
17000,60.0000147091223,50.34004642788945,60.0
17010,59.99992006236115,50.34010502763903,60.0
17020,59.999824984092164,50.34013169978784,60.0
17030,59.99973025275293,50.340128617535726,60.0
17040,59.99963658597114,50.3400980254616,60.0
17050,59.99954463946923,50.340042216578624,60.0
17060,59.99945500653688,50.33996351071837,60.0
17070,59.99936821803282,50.33986423432216,60.0
17080,59.999284742876526,50.33974670168198,60.0
17090,59.99920498898961,50.33961319768417,60.0
17100,59.99912930464568,50.33946596206606,60.0
17110,59.99905798018768,50.33930717520456,60.0
17120,59.99899125007187,50.339138945430484,60.0
17130,59.99892929519806,50.33896329785585,60.0
17140,59.998872245486176,50.33878216468824,60.0
17150,59.998820182660914,50.338597376995544,60.0
17160,59.99877314320683,50.338410657884545,60.0
17170,59.998731121458,50.33822361702928,60.0
17180,59.99869407278806,50.33803774650299,60.0
17190,59.99866191686789,50.337854417842856,60.0
17200,59.99863454096054,50.33767488028024,60.0
17210,59.99861180322455,50.33750026006307,60.0
17220,59.998593535999305,50.337331560793565,60.0
17230,59.998579549047804,50.33716966470493,60.0
17240,59.99856963273458,50.33701533479354,60.0
17250,59.99856356111879,50.3368692177301,60.0
17260,59.9985610949445,50.33673184746443,60.0
17270,59.99856198451218,50.33660364944741,60.0
17280,59.998565972417936,50.33648494538975,60.0
17290,59.99857279614881,50.33637595847713,60.0
17300,59.99858219052445,50.33627681897369,60.0
17310,59.99859388997749,50.33618757013216,60.0
17320,59.99860763066683,50.3361081743495,60.0
17330,59.99862315241961,50.336038519496114,60.0
17340,59.998640200499494,50.33597842535585,60.0
17350,59.99865852720025,50.33592765012414,60.0
17360,59.99867789326534,50.33588589690036,60.0
17370,59.998698069135116,50.335852820130356,60.0
17380,59.998718836025006,50.335828031948814,60.0
17390,59.99873998683847,50.33581110838131,60.0
17400,59.998761326920196,50.335801595366696,60.0
17410,59.99878267465551,50.33579901456624,60.0
17420,59.998803861922525,50.335802868928425,60.0
17430,59.99882473440483,50.33581264798641,60.0
17440,59.99884515177237,50.33582783286784,60.0
17450,59.99886498773911,50.3358479009915,60.0
17460,59.99888413000619,50.335872330447536,60.0
17470,59.998902480099524,50.33590060404156,60.0
17480,59.99891995311097,50.33593221300479,60.0
17490,59.998936477352416,50.335966660355794,60.0
17500,59.99895199393191,50.336003463921614,60.0
17510,59.99896645626096,50.33604215901881,60.0
17520,59.99897982950203,50.33608230079351,60.0
17530,59.9989920899651,50.33612346623391,60.0
17540,59.99900322446176,50.336165255860166,60.0
17550,59.999013229625,50.336207295103655,60.0
17560,59.999022111202734,50.33624923538881,60.0
17570,59.99902988333256,50.336290754927695,60.0
17580,59.99903656780467,50.33633155924699,60.0
17590,59.999042193319795,50.336371381462136,60.0
17600,59.99904679474828,50.336409982311366,60.0
17610,59.99905041239599,50.33644714997379,60.0
17620,59.99905309128236,50.33648269968403,60.0
17630,59.99905488043531,50.33651647316273,60.0
17640,59.9990558322073,50.336548337882135,60.0
17650,59.99905600161641,50.33657818618614,60.0
17660,59.99905544571552,50.33660593427724,60.0
17670,59.999054222992775,50.33663152109664,60.0
17680,59.99905239280539,50.33665490710334,60.0
17690,59.9990500148489,50.33667607298111,60.0
17700,59.99904714866341,50.33669501828007,60.0
17710,59.9990438531779,50.33671176001252,60.0
17720,59.99904018629329,50.33672633121674,60.0
17730,59.99903620450474,50.33673877949954,60.0
17740,59.99903196256309,50.33674916557871,60.0
17750,59.99902751317537,50.33675756182702,60.0
17760,59.99902290674361,50.33676405083333,60.0
17770,59.99901819114125,50.33676872399194,60.0
17780,59.9990134115261,50.33677168013121,60.0
17790,59.99900861018852,50.33677302417866,60.0
17800,59.99900382643357,50.33677286588616,60.0
17810,59.99899909649518,50.33677131860521,60.0
17820,59.99899445348102,50.33676849813197,60.0
17830,59.99898992734587,50.33676452161343,60.0
17840,59.9989855448919,50.33675950652843,60.0
17850,59.99898132979345,50.33675356974005,60.0
17860,59.998977302644704,50.336746826625905,60.0
17870,59.99897348102787,50.33673939028073,60.0
17880,59.99896987959995,50.3367313708017,60.0
17890,59.998966510196034,50.33672287464638,60.0
17900,59.9989633819469,50.336714004069904,60.0
17910,59.99896050140925,50.336704856635,60.0
17920,59.99895787270631,50.33669552479734,60.0
17930,59.99895549767704,50.336686095560054,60.0
17940,59.99895337603213,50.33667665019829,60.0
17950,59.998951505515166,50.33666726404852,60.0
17960,59.99894988206711,50.336658006360196,60.0
17970,59.99894849999265,50.33664894020911,60.0
17980,59.998947352127004,50.33664012245868,60.0
17990,59.99894643000188,50.33663160377949,60.0
18000,59.99894572400908,50.336623428713786,60.0
18010,59.998945223561115,50.33642633985384,60.0
18020,59.998944917247314,50.336122448728815,60.0
18030,59.99894479298483,50.33579125104459,60.0
18040,59.998944758316384,50.33550369017232,60.0
18050,59.998944721174986,50.335318638492225,60.0
18060,59.99894460617028,50.335281251819886,60.0
18070,59.99894419855228,50.335422666432784,60.0
18080,59.998943317916506,50.33576059371672,60.0
18090,59.998941854283096,50.336300471369626,60.0
18100,59.998939606497494,50.337036923931684,60.0
18110,59.99893647618759,50.33795536086154,60.0
18120,59.99893250620835,50.33903359730381,60.0
18130,59.99892788367819,50.340243423753876,60.0
18140,59.9989229670799,50.34155208033089,60.0
18150,59.9989182863531,50.34292360924149,60.0
18160,59.99891444260118,50.34432007439056,60.0
18170,59.99891219799496,50.34570264510407,60.0
18180,59.99891247891496,50.347032546502014,60.0
18190,59.9989163552027,50.34827188243148,60.0
18200,59.99892504555214,50.34938433879799,60.0
18210,59.998939900005766,50.350335776124375,60.0
18220,59.99896236633005,50.35109472052401,60.0
18230,59.998993958362554,50.35163276225285,60.0
18240,59.99903621885909,50.35192487077718,60.0
18250,59.99909067243227,50.35194963491865,60.0
18260,59.999158791173784,50.35168943621774,60.0
18270,59.99924195588776,50.35113056322877,60.0
18280,59.99934141581427,50.35026327400139,60.0
18290,59.99945825162265,50.3490818136009,60.0
18300,59.99959333762224,50.34758439309631,60.0
18310,59.999747300880735,50.34577313605284,60.0
18320,59.99992048503076,50.343653998162395,60.0
18330,60.000112917135816,50.34123666522955,60.0
18340,60.00032427744789,50.3385344342929,60.0
18350,60.00055387490512,50.33556408215695,60.0
18360,60.00080062721964,50.33234572506641,60.0
18370,60.00106304546397,50.32890267260284,60.0
18380,60.00133922374268,50.32526127816303,60.0
18390,60.00162683363217,50.32145078757022,60.0
18400,60.00192312321869,50.317503186468436,60.0
18410,60.002224921683926,50.31345304622883,60.0
18420,60.00252864934775,50.30933736715659,60.0
18430,60.00283033316404,50.305195416916334,60.0
18440,60.00312562792067,50.301068561332954,60.0
18450,60.00340984293334,50.297000084173504,60.0
18460,60.00367797391954,50.29303499219961,60.0
18470,60.003924739965,50.28921980176687,60.0
18480,60.00414462536867,50.285602303506344,60.0
18490,60.00433192613534,50.28223130219682,60.0
18500,60.004480801007325,50.2791563297021,60.0
18510,60.00458532680431,50.276427329779374,60.0
18520,60.004639557801205,50.274094314558646,60.0
18530,60.004637588860845,50.27220699346424,60.0
18540,60.00457362195198,50.27081437621911,60.0
18550,60.004442035630426,50.26996435229877,60.0
18560,60.00423745706446,50.26970324972607,60.0
18570,60.00395483614326,50.270075376457015,60.0
18580,60.00358952117526,50.27112254777218,60.0
18590,60.00313733566933,50.27288360311431,60.0
18600,60.00259465564856,50.27539391574264,60.0
18610,60.00195848690416,50.27868489841738,60.0
18620,60.001226541564954,50.28278350819113,60.0
18630,60.000397313320626,50.28771175321074,60.0
18640,59.99947015060497,50.29348620435501,60.0
18650,59.99844532702687,50.30011751448212,60.0
18660,59.99732410831502,50.30760994811629,60.0
18670,59.99610881502691,50.31596092450738,60.0
18680,59.994802880260345,50.32516057723171,60.0
18690,59.99341090159466,50.335191333745165,60.0
18700,59.99193868648,50.346027518669935,60.0
18710,59.99039329028985,50.35763498495874,60.0
18720,59.98878304625321,50.369970777501706,60.0
18730,59.9871175864887,50.38298283416689,60.0
18740,59.98540785337606,50.39660972966098,60.0
18750,59.98366610051858,50.410780467994215,60.0
18760,59.98190588257357,50.42541432966125,60.0
18770,59.98014203325841,50.4404207799132,60.0
18780,59.97839063087588,50.45569944470232,60.0
18790,59.976668950745655,50.47114016097123,60.0
18800,59.974995403980095,50.486623107974935,60.0
18810,59.973389462101835,50.50201902621146,60.0
18820,59.97187156706915,50.5171895303386,60.0
18830,59.97046302635283,50.53198752211615,60.0
18840,59.96918589279619,50.54625770897265,60.0
18850,59.968062829087046,50.559837233242845,60.0
18860,59.96711695677858,50.57255641642983,60.0
18870,59.96637168991426,50.584239622087225,60.0
18880,59.96585055344047,50.59470624001009,60.0
18890,59.96557698672968,50.603771793450676,60.0
18900,59.9655741326863,50.61124917002011,60.0
18910,59.965864613066394,50.61694997576605,60.0
18920,59.96647029081059,50.620686010700794,60.0
18930,59.96741202036636,50.622270862747555,60.0
18940,59.96870938715965,50.621521615695094,60.0
18950,59.97038043756599,50.618260665328776,60.0
18960,59.97244140092595,50.61231763642824,60.0
18970,59.97490640534766,50.603531391839354,60.0
18980,59.97778718923852,50.59175212333605,60.0
18990,59.981092810706215,50.576843512501696,60.0
19000,59.98482935716449,50.55868494840165,60.0
19010,59.98899965766946,50.53717378736556,60.0
19020,59.99360300069351,50.51222763876281,60.0
19030,59.99863486021564,50.48378665924328,60.0
19040,60.00408663316427,50.451815836545464,60.0
19050,60.009945391390126,50.416307242725225,60.0
19060,60.01619365146931,50.37728223551125,60.0
19070,60.022809165736064,50.33479358559553,60.0
19080,60.02976473802096,50.28892750691618,60.0
19090,60.037028067617356,50.23980556644295,60.0
19100,60.04456162501745,50.187586449558786,60.0
19110,60.052322562944774,50.132467556768205,60.0
19120,60.06026266616187,50.074686407139914,60.0
19130,60.0683283434479,50.01452182373854,60.0
19140,60.07646066502022,49.95229487631742,60.0
19150,60.08459544851607,49.888369556914135,60.0
19160,60.092663396454455,49.82315316491023,60.0
19170,60.10059028786469,49.75709637937336,60.0
19180,60.108297226498074,49.690692997955146,60.0
19190,60.11570094773315,49.6244793231756,60.0
19200,60.12271418594549,49.55903317805881,60.0
19210,60.129246103741735,49.49497253365029,60.0
19220,60.13520278405841,49.43295373169872,60.0
19230,60.14048778570094,49.373669286507656,60.0
19240,60.145002762451746,49.31784525117609,60.0
19250,60.148648145411485,49.266238136609424,60.0
19260,60.1513238877587,49.219631375423624,60.0
19270,60.15293027062235,49.17883132599268,60.0
19280,60.15336876826497,49.14466281584722,60.0
19290,60.1525429702729,49.11796422500449,60.0
19300,60.150359557948335,49.09958210740146,60.0
19310,60.146729331598635,49.090365348003864,60.0
19320,60.14156828492548,49.091158852728775,60.0
19330,60.1347987222269,49.102796767210755,60.0
19340,60.12635041364498,49.12609523089051,60.0
19350,60.11616178321663,49.16184468533381,60.0
19360,60.10418112401031,49.210801761081754,60.0
19370,60.0903678341587,49.2736807828032,60.0
19380,60.07469366712416,49.351144937725515,60.0
19390,60.05714398904642,49.443797130061824,60.0
19400,60.03771903553116,49.552170542004006,60.0
19410,60.01643515973723,49.67671892874134,60.0
19420,59.99332606308668,49.81780664990214,60.0
19430,59.96844399937163,49.97569848942972,60.0
19440,59.94186094245793,50.15054938146613,60.0
19450,59.91366970714191,50.34239415258956,60.0
19460,59.883985012037314,50.55113746136156,60.0
19470,59.85294447266829,50.776544154101174,60.0
19480,59.820709512140816,51.01823008972787,60.0
19490,59.787466175955004,51.27565348489058,60.0
19500,59.753425836742665,51.548106933499945,60.0
19510,59.71882577381778,51.83470996553754,60.0
19520,59.68392961158618,52.134402246277425,60.0
19530,59.64902760016145,52.4459379680731,60.0
19540,59.61443672062416,52.76788172570255,60.0
19550,59.58050059658781,53.098606205024296,60.0
19560,59.54758919335984,53.43629273506855,60.0
19570,59.516098285317234,53.778934318671354,60.0
19580,59.486448671742245,54.12434083709344,60.0
19590,59.459085122046034,54.47014709638946,60.0
19600,59.43447503148653,54.8138221503279,60.0
19610,59.413106769181326,55.152679388427785,60.0
19620,59.39548770288566,55.48389052626655,60.0
19630,59.38214188622831,55.804503261306714,60.0
19640,59.373607395939416,56.11146121760311,60.0
19650,59.37043331217067,56.401633479753436,60.0
19660,59.37317633734274,56.67184908563219,60.0
19670,59.382397051572234,56.91893153044945,60.0
19680,59.39865581396145,57.139736970501,60.0
19690,59.42250832318513,57.331192685455804,60.0
19700,59.45450085362054,57.49032373547422,60.0
19710,59.4951652015681,57.6142920035977,60.0
19720,59.54501338150246,57.70043842988444,60.0
19730,59.60453210951535,57.74630859268358,60.0
19740,59.67417713851327,57.74972383461576,60.0
19750,59.754367511301965,57.708858256063145,60.0
19760,59.84547977931299,57.622279592900995,60.0
19770,59.947842290608726,57.48899755149609,60.0
19780,60.06172964238118,57.308532878364566,60.0
19790,60.18735734622088,57.080858808497304,60.0
19800,60.324876851637846,56.80642868000389,60.0
19810,60.47437105982498,56.4862150448397,60.0
19820,60.63585032914675,56.12168358483301,60.0
19830,60.809249140104654,55.71485824034365,60.0
19840,60.99442356260374,55.26848743100378,60.0
19850,61.19114943412449,54.78589443010753,60.0
19860,61.39912142163895,54.270988685855784,60.0
19870,61.61795313738711,53.72883711923933,60.0
19880,61.847178047579426,53.16466047202593,60.0
19890,62.08625140603208,52.58379604465901,60.0
19900,62.33455366330278,51.99181436946888,60.0
19910,62.59139437395901,51.394340533509904,60.0
19920,62.856017030721674,50.79711979875564,60.0
19930,63.127605578295146,50.20713724083005,60.0
19940,63.40529082193002,49.63077846864071,60.0
19950,63.68815743878507,49.073975292711594,60.0
19960,63.97525282308709,48.54332671556825,60.0
19970,64.26559488204,48.04439876790671,60.0
19980,64.55818008837988,47.581870163389944,60.0
19990,64.85199352985201,47.16017113440282,60.0
20000,65.14601699387667,46.782660820664894,70.0
20010,65.43923699293617,46.45173517661103,70.0
20020,65.73065524070185,46.16892909661174,70.0
20030,66.01929584651228,45.935012630439296,70.0
20040,66.3042119688672,45.75008082350174,70.0
20050,66.58449367589631,45.61363717438763,70.0
20060,66.85927338307539,45.52467105001971,70.0
20070,67.12773071374754,45.481728949193965,70.0
20080,67.38909799468614,45.48297989479209,70.0
20090,67.64266390436106,45.52627549929963,70.0
20100,67.88777654285985,45.609204715990934,70.0
20110,68.12384660436828,45.72914367298052,70.0
20120,68.35034921069003,45.88330109038629,70.0
20130,68.56682516860312,46.06875949438499,70.0
20140,68.77288208151903,46.28251261656246,70.0
20150,68.96819451668316,46.52149934268795,70.0
20160,69.15250365874144,46.78263454150685,70.0
20170,69.32561664490707,47.06283706500148,70.0
20180,69.48740536901123,47.35905517011837,70.0
20190,69.63780488034614,47.66828957073337,70.0
20200,69.77681148625739,47.98761428950147,70.0
20210,69.90448045478894,48.3141954437068,70.0
20220,70.02092339061622,48.6453080682717,70.0
20230,70.12630536839796,48.978351053269726,70.0
20240,70.22084177582582,49.310860252911105,70.0
20250,70.30479492304575,49.64051980802451,70.0
20260,70.37847048474289,49.96517171433081,70.0
20270,70.44221377050403,50.28282366386925,70.0
20280,70.49640586075951,50.59165518630936,70.0
20290,70.54145965847312,50.89002211994806,70.0
20300,70.57781586832327,51.176459448010434,70.0
20310,70.60593893639827,51.4496825449619,70.0
20320,70.62631298930506,51.70858688632464,70.0
20330,70.63943779642716,51.952246287772965,70.0
20340,70.64582478777766,52.179909749881496,70.0
20350,70.64599316160214,52.39099699642069,70.0
20360,70.6404661063736,52.585092804617034,70.0
20370,70.62976716385556,52.761940235342024,70.0
20380,70.61441675999136,52.92143287934419,70.0
20390,70.59492892352878,53.0636062421484,70.0
20400,70.57180821178834,53.18862839496146,70.0
20410,70.54554686187076,53.296790021739774,70.0
20420,70.51662218092659,53.38849399342368,70.0
20430,70.48549418693821,53.46424459933127,70.0
20440,70.45260350923948,53.524636562823574,70.0
20450,70.418369553929,53.57034396381754,70.0
20460,70.3831889365793,53.60210918464411,70.0
20470,70.34743418206153,53.62073198834195,70.0
20480,70.31145268805098,53.6270588299671,70.0
20490,70.27556594638799,53.621972492088325,70.0
20500,70.24006901435418,53.606382125583266,70.0
20510,70.20523022560036,53.58121376635023,70.0
20520,70.17129112865445,53.54740138785129,70.0
20530,70.13846663944615,53.50587853869417,70.0
20540,70.10694539281224,53.457570603918775,70.0
20550,70.0768902768728,53.403387718463705,70.0
20560,70.04843913342185,53.344218351583834,70.0
20570,70.02170560689304,53.280923571876286,70.0
20580,69.9967801241966,53.21433199416898,70.0
20590,69.97373098772395,53.14523540186793,70.0
20600,69.95260556397493,53.074385031529026,70.0
20610,69.93343155063518,53.00248850040708,70.0
20620,69.91621830548273,52.930207352576076,70.0
20630,69.90095822116739,52.85815519487979,70.0
20640,69.88762813070723,52.78689639042305,70.0
20650,69.8761907294566,52.716945274563194,70.0
20660,69.86659600027926,52.648765856286346,70.0
20670,69.8587826297019,52.58277196646265,70.0
20680,69.8526794039106,52.51932781368382,70.0
20690,69.84820657455107,52.45874890811427,70.0
20700,69.84527718539842,52.40130331400768,70.0
20710,69.84379835205443,52.34721319216198,70.0
20720,69.84367248789995,52.296656594550115,70.0
20730,69.84479847056362,52.24976947463188,70.0
20740,69.84707274416594,52.20664787832926,70.0
20750,69.85039035354413,52.16735028235627,70.0
20760,69.85464590755838,52.131900048375094,70.0
20770,69.85973446942022,52.100287963397264,70.0
20780,69.86555237276107,52.0724748388228,70.0
20790,69.87199796287793,52.04839414250871,70.0
20800,69.8789722632487,52.02795464031368,70.0
20810,69.88637956800433,52.0110430255391,70.0
20820,69.89412796158,51.99752651669527,70.0
20830,69.90212976724376,51.98725540594037,70.0
20840,69.91030192662177,51.9800655424159,70.0
20850,69.91856631270497,51.975780736532805,70.0
20860,69.92684997913739,51.974215072988876,70.0
20870,69.93508534885247,51.97517512197786,70.0
20880,69.94321034534276,51.9784620396555,70.0
20890,69.9511684700258,51.983873550423425,70.0
20900,69.95890882930469,51.991205805046434,70.0
20910,69.96638611501983,52.000255109976266,70.0
20920,69.97356054205297,52.01081952452551,70.0
20930,69.98039774687467,52.02270032375818,70.0
20940,69.98686865082885,52.03570332606586,70.0
20950,69.99294929192205,52.049640085466784,70.0
20960,69.9986206288343,52.06432894962735,70.0
20970,70.00386832079596,52.079595985512405,70.0
20980,70.00868248688032,52.09527577538051,70.0
20990,70.01305744815079,52.11121208660755,70.0
21000,70.01699145597252,52.12725841947947,70.0
21010,70.02048640965651,52.14327843771747,70.0
21020,70.023547566449,52.15914628700897,70.0
21030,70.02618324671373,52.174746807293,70.0
21040,70.02840453698104,52.18997564493511,70.0
21050,70.03022499335586,52.204739271245934,70.0
21060,70.03166034759074,52.218954914049874,70.0
21070,70.0327282179403,52.23255040920882,70.0
21080,70.03344782671971,52.24546397912677,70.0
21090,70.03383972629801,52.25764394531909,70.0
21100,70.03392553506389,52.269048382162154,70.0
21110,70.03372768471073,52.27964471886134,70.0
21120,70.0332691800011,52.28940929661384,70.0
21130,70.03257337198731,52.298326887767594,70.0
21140,70.03166374548714,52.30639018360954,70.0
21150,70.03056372144292,52.31359925718315,70.0
21160,70.02929647462818,52.31996100727301,70.0
21170,70.02788476701012,52.3254885893983,70.0
21180,70.02635079692875,52.330200839343625,70.0
21190,70.02471606411657,52.334121694405546,70.0
21200,70.02300125045338,52.33727961718172,70.0
21210,70.02122611623338,52.339707026340896,70.0
21220,70.01940941161419,52.341439738446574,70.0
21230,70.01756880281918,52.34251642450281,70.0
21240,70.01572081257903,52.342978084501546,70.0
21250,70.01388077422125,52.34286754286702,70.0
21260,70.0120627987509,52.34222896729591,70.0
21270,70.01027975421039,52.34110741312451,70.0
21280,70.0085432565596,52.33954839497659,70.0
21290,70.00686367128249,52.33759748709806,70.0
21300,70.0052501248985,52.335299953440376,70.0
21310,70.00371052553915,52.33270040823252,70.0
21320,70.00225159173995,52.32984250747179,70.0
21330,70.00087888859564,52.32676867149021,70.0
21340,69.99959687043128,52.323519838472734,70.0
21350,69.99840892915324,52.32013524857138,70.0
21360,69.99731744746151,52.316652258030956,70.0
21370,69.99632385612696,52.313106182548175,70.0
21380,69.99542869456573,52.30953016890028,70.0
21390,69.99463167397326,52.305955093727285,70.0
21400,69.99393174231696,52.302409488218046,70.0
21410,69.99332715052392,52.29891948733146,70.0
21420,69.9928155192416,52.29550880209564,70.0
21430,69.99239390559144,52.29219871344803,70.0
21440,69.9920588693802,52.28900808602273,70.0
21450,69.99180653827851,52.285953400260745,70.0
21460,69.99163267152196,52.28304880118267,70.0
21470,69.99153272173596,52.280306162169694,70.0
21480,69.99150189453086,52.277735162089456,70.0
21490,69.9915352055586,52.275343374141684,70.0
21500,69.99162753476674,52.273136364814604,70.0
21510,69.99177367762725,52.27111780138874,70.0
21520,69.99196839316005,52.26928956648097,70.0
21530,69.9922064486093,52.26765187817453,70.0
21540,69.99248266066917,52.266203414346954,70.0
21550,69.99279193319101,52.26494143988855,70.0
21560,69.9931292913368,52.263861935570915,70.0
21570,69.99348991217555,52.26295972740996,70.0
21580,69.99386915174767,52.26222861545543,70.0
21590,69.99426256864854,52.261661501020406,70.0
21600,69.99466594420686,52.26125051145156,70.0
21610,69.99507529935455,52.26098712163552,70.0
21620,69.99548690830395,52.26086227151541,70.0
21630,69.99589730916523,52.260866478979544,70.0
21640,69.99630331165089,52.26098994758245,70.0
21650,69.99670200202624,52.26122266861643,70.0
21660,69.99709074547512,52.261554517158004,70.0
21670,69.99746718605778,52.26197534177666,70.0
21680,69.997829244443,52.26247504766387,70.0
21690,69.99817511360177,52.26304367302532,70.0
21700,69.99850325265062,52.26367145863151,70.0
21710,69.99881237903404,52.264348910490526,70.0
21720,69.99910145923397,52.265066855664195,70.0
21730,69.99936969819218,52.265816491297144,70.0
21740,69.99961652762715,52.266589426984204,70.0
21750,69.99984159342237,52.26737772063948,70.0
21760,70.00004474225717,52.26817390807347,70.0
21770,70.00022600764399,52.26897102651391,70.0
21780,70.00038559552848,52.269762632345135,70.0
21790,70.00052386960073,52.27054281335473,70.0
21800,70.00064133645635,52.27130619581431,70.0
21810,70.00073863073781,52.2720479467148,70.0
21820,70.00081650037575,52.272763771516885,70.0
21830,70.00087579204099,52.27344990776492,70.0
21840,70.00091743690733,52.27410311493297,70.0
21850,70.00094243681558,52.274720660864226,70.0
21860,70.00095185091867,52.27530030517511,70.0
21870,70.00094678287886,52.27584027997745,70.0
21880,70.00092836867687,52.27633926828483,70.0
21890,70.00089776508476,52.276796380446996,70.0
21900,70.00085613884423,52.27721112894351,70.0
21910,70.00080465658331,52.27758340187308,70.0
21920,70.00074447549679,52.27791343544268,70.0
21930,70.00067673480669,52.278201785750845,70.0
21940,70.00060254801214,52.27844930014761,70.0
21950,70.00052299593118,52.2786570884335,70.0
21960,70.00043912053005,52.278826494131266,70.0
21970,70.00035191952979,52.278959066067735,70.0
21980,70.00026234177463,52.2790565304583,70.0
21990,70.00017128334139,52.279120763684006,70.0
22000,70.0000795843653,52.279153765928285,70.0
22010,69.99998802655307,52.279157635818365,70.0
22020,69.99989733135146,52.27913454619337,70.0
22030,69.99980815873612,52.27908672111381,70.0
22040,69.99972110658383,52.27901641420297,70.0
22050,69.99963671058872,52.278925888384705,70.0
22060,69.99955544468212,52.27881739708479,70.0
22070,69.99947772191467,52.27869316692682,70.0
22080,69.99940389575855,52.27855538195287,70.0
22090,69.99933426178765,52.27840616937953,70.0
22100,69.99926905969377,52.27824758688325,70.0
22110,69.9992084755971,52.27808161140668,70.0
22120,69.99915264461042,52.27791012945572,70.0
22130,69.99910165361726,52.27773492885493,70.0
22140,69.99905554422557,52.2775576919156,70.0
22150,69.99901431586002,52.27737998996532,70.0
22160,69.99897792895774,52.27720327917727,70.0
22170,69.99894630823405,52.27702889763739,70.0
22180,69.99891934598689,52.27685806357832,70.0
22190,69.9988969054104,52.2766918747046,70.0
22200,69.99887882389066,52.27653130853221,70.0
22210,69.99886491625838,52.276377223666074,70.0
22220,69.99885497797602,52.27623036192763,70.0
22230,69.99884878823859,52.276091351260426,70.0
22240,69.9988461129699,52.27596070932241,70.0
22250,69.99884670769838,52.27583884769238,70.0
22260,69.9988503202984,52.27572607659945,70.0
22270,69.99885669358541,52.27562261011518,70.0
22280,69.9988655677552,52.27552857171163,70.0
22290,69.9988766826596,52.27544400013182,70.0
22300,69.99888977991272,52.27536885548685,70.0
22310,69.99890460482376,52.27530302552635,70.0
22320,69.99892090815412,52.275246332007875,70.0
22330,69.99893844769785,52.27519853711531,70.0
22340,69.99895698968649,52.275159349868574,70.0
22350,69.99897631001988,52.27512843247026,70.0
22360,69.99899619532695,52.275105406549855,70.0
22370,69.99901644386001,52.27508985925775,70.0
22380,69.99903686622883,52.27508134917463,70.0
22390,69.99905728598016,52.275079412003656,70.0
22400,69.99907754003,52.275083566011446,70.0
22410,69.99909747895633,52.275093317201545,70.0
22420,69.99911696716035,52.27510816419123,70.0
22430,69.99913588290511,52.275127602778014,70.0
22440,69.9991541182403,52.275151130186046,70.0
22450,69.99917157882248,52.27517824897871,70.0
22460,69.99918818364014,52.27520847063031,70.0
22470,69.99920386465301,52.275241318760685,70.0
22480,69.99921856635484,52.2752763320242,70.0
22490,69.99923224526907,52.2753130666613,70.0
22500,69.99924486938646,52.27535109871735,70.0
22510,69.99925641755361,52.27539002593374,70.0
22520,69.99926687882082,52.27542946932332,70.0
22530,69.99927625175782,52.27546907444163,70.0
22540,69.9992845437451,52.27550851236157,70.0
22550,69.9992917702484,52.27554748037658,70.0
22560,69.99929795408333,52.27558570243585,70.0
22570,69.99930312467703,52.275622929334986,70.0
22580,69.99930731733275,52.275658938679605,70.0
22590,69.99931057250294,52.27569353463401,70.0
22600,69.99931293507632,52.275726547478364,70.0
22610,69.9993144536834,52.27575783299103,70.0
22620,69.99931518002447,52.275787271671774,70.0
22630,69.99931516822404,52.27581476782874,70.0
22640,69.99931447421467,52.2758402485403,70.0
22650,69.99931315515289,52.2758636625192,70.0
22660,69.99931126886963,52.275884978882104,70.0
22670,69.99930887335675,52.275904185855865,70.0
22680,69.99930602629117,52.27592128942507,70.0
22690,69.99930278459739,52.2759363119408,70.0
22700,69.9992992040494,52.27594929070505,70.0
22710,69.99929533891157,52.27596027653911,70.0
22720,69.99929124161905,52.2759693323575,70.0
22730,69.99928696249675,52.27597653174661,70.0
22740,69.99928254951668,52.2759819575718,70.0
22750,69.99927804809221,52.275985700611436,70.0
22760,69.99927350090856,52.275987858233584,70.0
22770,69.99926894778791,52.275988533117705,70.0
22780,69.99926442558743,52.275987832031646,70.0
22790,69.9992599681289,52.275985864670304,70.0
22800,69.99925560615792,52.275982742555385,70.0
22810,69.99925136733066,52.275978578006146,70.0
22820,69.99924727622655,52.27597348318119,70.0
22830,69.99924335438446,52.275967569193085,70.0
22840,69.99923962036029,52.275960945298735,70.0
22850,69.99923608980448,52.27595371816819,70.0
22860,69.9992327755566,52.27594599122441,70.0
22870,69.99922968775523,52.2759378640639,70.0
22880,69.99922683396125,52.27592943194997,70.0
22890,69.9992242192924,52.27592078537634,70.0
22900,69.9992218465672,52.275912009707085,70.0
22910,69.99921971645625,52.27590318488068,70.0
22920,69.99921782763943,52.27589438518215,70.0
22930,69.99921617696701,52.275885679075486,70.0
22940,69.99921475962327,52.2758771290965,70.0
22950,69.99921356929103,52.27586879180415,70.0
22960,69.9992125983157,52.27586071777542,70.0
22970,69.99921183786775,52.27585295165863,70.0
22980,69.9992112781021,52.27584553226051,70.0
22990,69.99921090831373,52.27583849268025,70.0
23000,69.9992107170883,52.27583186047619,70.0
23010,69.99921069244711,52.275825657865035,70.0
23020,69.99921082198553,52.275819901946,70.0
23030,69.99921109300449,52.27581460495556,70.0
23040,69.99921149263419,52.27580977453217,70.0
23050,69.99921200795004,52.27580541400671,70.0
23060,69.99921262608007,52.275801522701016,70.0
23070,69.99921333430395,52.27579809623553,70.0
23080,69.99921412014314,52.27579512684587,70.0
23090,69.99921497144244,52.275792603699024,70.0
23100,69.99921587644276,52.275790513214545,70.0
23110,69.99921682384512,52.275788839378855,70.0
23120,69.99921780286621,52.27578756405615,70.0
23130,69.99921880328566,52.27578666729957,70.0
23140,69.99921981548508,52.27578612764224,70.0
23150,69.99922083047952,52.27578592238593,70.0
23160,69.99922183994133,52.27578602787505,70.0
23170,69.99922283621714,52.275786419758816,70.0
23180,69.99922381233793,52.275787073239506,70.0
23190,69.99922476202298,52.275787963301845,70.0
23200,69.99922567967815,52.27578906493204,70.0
23210,69.99922656038856,52.27579035331678,70.0
23220,69.9992273999066,52.275791804026255,70.0
23230,69.99922819463532,52.275793393180436,70.0
23240,69.99922894160805,52.2757950975993,70.0
23250,69.9992296384644,52.27579689493468,70.0
23260,69.99923028342324,52.27579876378574,70.0
23270,69.99923087525322,52.2758006837982,70.0
23280,69.99923141324095,52.2758026357491,70.0
23290,69.99923189715751,52.275804601614226,70.0
23300,69.99923232722372,52.27580656462086,70.0
23310,69.9992327040743,52.27580850928857,70.0
23320,69.99923302872145,52.27581042145499,70.0
23330,69.99923330251823,52.27581228828813,70.0
23340,69.99923352712199,52.27581409828971,70.0
23350,69.99923370445802,52.275815841285585,70.0
23360,69.999233836684,52.275817508407336,70.0
23370,69.99923392615506,52.275819092063344,70.0
23380,69.99923397539003,52.27582058590449,70.0
23390,69.99923398703896,52.275821984779334,70.0
23400,69.99923396385199,52.27582328468672,70.0
23410,69.9992339086498,52.27582448271862,70.0
23420,69.99923382429564,52.27582557700176,70.0
23430,69.99923371366931,52.27582656663413,70.0
23440,69.9992335796428,52.27582745161932,70.0
23450,69.99923342505802,52.27582823279646,70.0
23460,69.99923325270622,52.27582891177216,70.0
23470,69.99923306530961,52.27582949084833,70.0
23480,69.99923286550478,52.27582997295137,70.0
23490,69.99923265582804,52.275830361562306,70.0
23500,69.99923243870285,52.275830660646676,70.0
23510,69.99923221642882,52.27583087458443,70.0
23520,69.99923199117283,52.27583100810596,70.0
23530,69.99923176496169,52.275831066227134,70.0
23540,69.99923153967647,52.2758310541872,70.0
23550,69.9992313170486,52.2758309773895,70.0
23560,69.99923109865723,52.27583084134755,70.0
23570,69.99923088592823,52.27583065163029,70.0
23580,69.99923068013429,52.27583041381538,70.0
23590,69.99923048239636,52.27583013344303,70.0
23600,69.9992302936862,52.27582981597409,70.0
23610,69.99923011482987,52.275829466753876,70.0
23620,69.99922994651216,52.27582909097634,70.0
23630,69.99922978928173,52.27582869365597,70.0
23640,69.99922964355711,52.27582827959871,70.0
23650,69.99922950963322,52.27582785338178,70.0
23660,69.99922938768823,52.27582741933345,70.0
23670,69.99922927779109,52.27582698151691,70.0
23680,69.99922917990918,52.27582654371773,70.0
23690,69.99922909391626,52.27582610943575,70.0
23700,69.99922901960059,52.27582568187766,70.0
23710,69.99922895667308,52.27582526395275,70.0
23720,69.99922890477539,52.27582485827499,70.0
23730,69.99922886348817,52.27582446716121,70.0
23740,69.99922883233893,52.27582409263793,70.0
23750,69.99922881080983,52.27582373644451,70.0
23760,69.99922879834524,52.275823400042725,70.0
23770,69.99922879435917,52.27582308462542,70.0
23780,69.9992287982421,52.27582279112705,70.0
23790,69.99922880936771,52.27582252023664,70.0
23800,69.99922882709916,52.27582227241013,70.0
23810,69.99922885079496,52.275822047883956,70.0
23820,69.99922887981442,52.27582184669153,70.0
23830,69.9992289135228,52.2758216686763,70.0
23840,69.99922895129583,52.27582151350828,70.0
23850,69.99922899252398,52.27582138069962,70.0
23860,69.99922903661623,52.27582126962175,70.0
23870,69.99922908300334,52.275821179518445,70.0
23880,69.99922913114078,52.27582110952397,70.0
23890,69.99922918051124,52.27582105867604,70.0
23900,69.99922923062663,52.2758210259334,70.0
23910,69.99922928102988,52.27582101018825,70.0
23920,69.99922933129619,52.27582101028033,70.0
23930,69.99922938103397,52.27582102501147,70.0
23940,69.99922942988546,52.27582105315574,70.0
23950,69.9992294775271,52.27582109347367,70.0
23960,69.99922952366944,52.27582114472289,70.0
23970,69.99922956805696,52.27582120566545,70.0
23980,69.99922961046744,52.275821275081576,70.0
23990,69.99922965071133,52.27582135177429,70.0
24000,69.9992296886307,52.27582143458066,70.0
24010,69.99922972409819,52.27582152237592,70.0
24020,69.99922975701567,52.27582161408084,70.0
24030,69.99922978731286,52.27582170866637,70.0
24040,69.99922981494562,52.275821805157804,70.0
24050,69.99922983989462,52.27582190263933,70.0
24060,69.99922986216338,52.27582200025621,70.0
24070,69.99922988177657,52.27582209721873,70.0
24080,69.99922989877824,52.27582219280099,70.0
24090,69.99922991323,52.27582228634233,70.0
24100,69.99922992520918,52.27582237724909,70.0
24110,69.99922993480702,52.275822464994185,70.0
24120,69.99922994212695,52.275822549115446,70.0
24130,69.99922994728271,52.27582262921349,70.0
24140,69.99922995039682,52.2758227049528,70.0
24150,69.99922995159882,52.275822776057275,70.0
24160,69.99922995102374,52.27582284230854,70.0
24170,69.9992299488106,52.27582290354462,70.0
24180,69.999229945101,52.27582295965532,70.0
24190,69.99922994003785,52.27582301057874,70.0
24200,69.999229933764,52.27582305630091,70.0
24210,69.99922992642121,52.27582309684924,70.0
24220,69.99922991814903,52.275823132291364,70.0
24230,69.99922990908394,52.27582316272993,70.0
24240,69.99922989935841,52.275823188299675,70.0
24250,69.99922988910018,52.2758232091651,70.0
24260,69.99922987843154,52.27582322551472,70.0
24270,69.99922986746887,52.275823237559564,70.0
24280,69.99922985632206,52.275823245529125,70.0
24290,69.9992298450942,52.2758232496674,70.0
24300,69.99922983388117,52.275823250232115,70.0
24310,69.99922982277153,52.2758232474884,70.0
24320,69.99922981184629,52.27582324170877,70.0
24330,69.99922980117886,52.275823233168666,70.0
24340,69.99922979083503,52.275823222145505,70.0
24350,69.99922978087304,52.275823208914844,70.0
24360,69.99922977134365,52.27582319375046,70.0
24370,69.99922976229037,52.27582317691874,70.0
24380,69.99922975374955,52.27582315868102,70.0
24390,69.99922974575072,52.275823139289535,70.0
24400,69.99922973831686,52.27582311898653,70.0
24410,69.99922973146465,52.27582309800317,70.0
24420,69.9992297252049,52.27582307655853,70.0
24430,69.99922971954283,52.2758230548595,70.0
24440,69.99922971447853,52.27582303309807,70.0
24450,69.99922971000726,52.27582301145378,70.0
24460,69.9992297061199,52.27582299009015,70.0
24470,69.9992297028034,52.275822969157446,70.0
24480,69.99922970004107,52.27582294879022,70.0
24490,69.99922969781306,52.27582292910861,70.0
24500,69.99922969609682,52.275822910218075,70.0
24510,69.99922969486731,52.27582289221006,70.0
24520,69.99922969409756,52.27582287516105,70.0
24530,69.99922969375893,52.27582285913554,70.0
24540,69.99922969382152,52.27582284418407,70.0
24550,69.99922969425451,52.27582283034493,70.0
24560,69.99922969502639,52.275822817644084,70.0
24570,69.99922969610536,52.2758228060983,70.0
24580,69.99922969745954,52.27582279571118,70.0
24590,69.99922969905731,52.2758227864791,70.0
24600,69.99922970086747,52.27582277838813,70.0
24610,69.99922970285945,52.27582277141685,70.0
24620,69.99922970500357,52.275822765536056,70.0
24630,69.99922970727118,52.275822760710035,70.0
24640,69.99922970963482,52.27582275689771,70.0
24650,69.99922971206831,52.27582275405361,70.0
24660,69.99922971454693,52.27582275212617,70.0
24670,69.99922971704743,52.27582275106203,70.0
24680,69.99922971954815,52.27582275080402,70.0
24690,69.99922972202909,52.27582275129399,70.0
24700,69.9992297244719,52.275822752470646,70.0
24710,69.99922972685995,52.27582275427294,70.0
24720,69.99922972917828,52.27582275663866,70.0
24730,69.99922973141362,52.27582275950781,70.0
24740,69.99922973355437,52.275822762817526,70.0
24750,69.99922973559057,52.275822766508675,70.0
24760,69.99922973751384,52.27582277052348,70.0
24770,69.99922973931736,52.275822774804766,70.0
24780,69.99922974099574,52.275822779298124,70.0
24790,69.99922974254503,52.27582278395224,70.0
24800,69.99922974396264,52.27582278871715,70.0
24810,69.99922974524718,52.27582279354629,70.0
24820,69.99922974639844,52.27582279839586,70.0
24830,69.99922974741729,52.27582280322681,70.0
24840,69.99922974830558,52.27582280800067,70.0
24850,69.99922974906613,52.27582281268404,70.0
24860,69.9992297497025,52.275822817246315,70.0
24870,69.99922975021897,52.275822821660476,70.0
24880,69.99922975062053,52.27582282590179,70.0
24890,69.99922975091263,52.275822829950016,70.0
24900,69.99922975110121,52.27582283378693,70.0
24910,69.99922975119262,52.27582283739795,70.0
24920,69.99922975119344,52.27582284077074,70.0
24930,69.99922975111055,52.275822843897124,70.0
24940,69.99922975095095,52.27582284677057,70.0
24950,69.9992297507217,52.27582284938723,70.0
24960,69.9992297504299,52.27582285174602,70.0
24970,69.99922975008263,52.275822853847174,70.0
24980,69.99922974968686,52.27582285569314,70.0
24990,69.99922974924942,52.27582285728904,70.0
