0,0
0.01,0
0.02,0
0.03,0
0.04,0
0.05,0
0.06,0
0.07,0
0.08,0
0.09,0
0.1,0
0.11,0
0.12,0
0.13,0
0.14,0
0.15,0
0.16,0
0.17,0
0.18,0
0.19,0
0.2,0
0.21,0
0.22,0
0.23,0
0.24,0
0.25,0
0.26,0
0.27,0
0.28,0
0.29,0
0.3,0
0.31,0
0.32,0
0.33,0
0.34,0
0.35,0
0.36,0
0.37,0
0.38,0
0.39,0
0.4,0
0.41,0
0.42,0
0.43,0
0.44,0
0.45,0
0.46,0
0.47,0
0.48,0
0.49,0
0.5,0
0.51,0
0.52,0
0.53,0
0.54,0
0.55,0
0.56,0
0.57,0
0.58,0
0.59,0
0.6,0
0.61,0
0.62,0
0.63,0
0.64,0
0.65,0
0.66,0
0.67,0
0.68,0
0.69,0
0.7,0
0.71,0
0.72,0
0.73,0
0.74,0
0.75,0
0.76,0
0.77,0
0.78,0
0.79,0
0.8,0
0.81,0
0.82,0
0.83,0
0.84,0
0.85,0
0.86,0
0.87,0
0.88,0
0.89,0
0.9,0
0.91,0
0.92,0
0.93,0
0.94,0
0.95,0
0.96,0
0.97,0
0.98,0
0.99,0
1,0
1.01,0
1.02,0
1.03,0
1.04,0
1.05,0
1.06,0
1.07,0
1.08,0
1.09,0
1.1,0
1.11,0
1.12,0
1.13,0
1.14,0
1.15,0
1.16,0
1.17,0
1.18,0
1.19,0
1.2,0
1.21,0
1.22,0
1.23,0
1.24,0
1.25,0
1.26,0
1.27,0
1.28,0
1.29,0
1.3,0
1.31,0
1.32,0
1.33,0
1.34,0
1.35,0
1.36,0
1.37,0
1.38,0
1.39,0
1.4,0
1.41,0
1.42,0
1.43,0
1.44,0
1.45,0
1.46,0
1.47,0
1.48,0
1.49,0
1.5,0
1.51,0
1.52,0
1.53,0
1.54,0
1.55,0
1.56,0
1.57,0
1.58,0
1.59,0
1.6,0
1.61,0
1.62,0
1.63,0
1.64,0
1.65,0
1.66,0
1.67,0
1.68,0
1.69,0
1.7,0
1.71,0
1.72,0
1.73,0
1.74,0
1.75,0
1.76,0
1.77,0
1.78,0
1.79,0
1.8,0
1.81,0
1.82,0
1.83,0
1.84,0
1.85,0
1.86,0
1.87,0
1.88,0
1.89,0
1.9,0
1.91,0
1.92,0
1.93,0
1.94,0
1.95,0
1.96,0
1.97,0
1.98,0
1.99,0
2,0
2.01,0
2.02,0
2.03,0
2.04,0
2.05,0
2.06,0
2.07,0
2.08,0
2.09,0
2.1,0
2.11,0
2.12,0
2.13,0
2.14,0
2.15,0
2.16,0
2.17,0
2.18,0
2.19,0
2.2,0
2.21,0
2.22,0
2.23,0
2.24,0
2.25,0
2.26,0
2.27,0
2.28,0
2.29,0
2.3,0
2.31,0
2.32,0
2.33,0
2.34,0
2.35,0
2.36,0
2.37,0
2.38,0
2.39,0
2.4,0
2.41,0
2.42,0
2.43,0
2.44,0
2.45,0
2.46,0
2.47,0
2.48,0
2.49,0
2.5,0
2.51,0
2.52,0
2.53,0
2.54,0
2.55,0
2.56,0
2.57,0
2.58,0
2.59,0
2.6,0
2.61,0
2.62,0
2.63,0
2.64,0
2.65,0
2.66,0
2.67,0
2.68,0
2.69,0
2.7,0
2.71,0
2.72,0
2.73,0
2.74,0
2.75,0
2.76,0
2.77,0
2.78,0
2.79,0
2.8,0
2.81,0
2.82,0
2.83,0
2.84,0
2.85,0
2.86,0
2.87,0
2.88,0
2.89,0
2.9,0
2.91,0
2.92,0
2.93,0
2.94,0
2.95,0
2.96,0
2.97,0
2.98,0
2.99,0
3,0
3.01,0
3.02,0
3.03,0
3.04,0
3.05,0
3.06,0
3.07,0
3.08,0
3.09,0
3.1,0
3.11,0
3.12,0
3.13,0
3.14,0
3.15,0
3.16,0
3.17,0
3.18,0
3.19,0
3.2,0
3.21,0
3.22,0
3.23,0
3.24,0
3.25,0
3.26,0
3.27,0
3.28,0
3.29,0
3.3,0
3.31,0
3.32,0
3.33,0
3.34,0
3.35,0
3.36,0
3.37,0
3.38,0
3.39,0
3.4,0
3.41,0
3.42,0
3.43,0
3.44,0
3.45,0
3.46,0
3.47,0
3.48,0
3.49,0
3.5,0
3.51,0
3.52,0
3.53,0
3.54,0
3.55,0
3.56,0
3.57,0
3.58,0
3.59,0
3.6,0
3.61,0
3.62,0
3.63,0
3.64,0
3.65,0
3.66,0
3.67,0
3.68,0
3.69,0
3.7,0
3.71,0
3.72,0
3.73,0
3.74,0
3.75,0
3.76,0
3.77,0
3.78,0
3.79,0
3.8,0
3.81,0
3.82,0
3.83,0
3.84,0
3.85,0
3.86,0
3.87,0
3.88,0
3.89,0
3.9,0
3.91,0
3.92,0
3.93,0
3.94,0
3.95,0
3.96,0
3.97,0
3.98,0
3.99,0
4,0
4.01,0
4.02,0
4.03,0
4.04,0
4.05,0
4.06,0
4.07,0
4.08,0
4.09,0
4.1,0
4.11,0
4.12,0
4.13,0
4.14,0
4.15,0
4.16,0
4.17,0
4.18,0
4.19,0
4.2,0
4.21,0
4.22,0
4.23,0
4.24,0
4.25,0
4.26,0
4.27,0
4.28,0
4.29,0
4.3,0
4.31,0
4.32,0
4.33,0
4.34,0
4.35,0
4.36,0
4.37,0
4.38,0
4.39,0
4.4,0
4.41,0
4.42,0
4.43,0
4.44,0
4.45,0
4.46,0
4.47,0
4.48,0
4.49,0
4.5,0
4.51,0
4.52,0
4.53,0
4.54,0
4.55,0
4.56,0
4.57,0
4.58,0
4.59,0
4.6,0
4.61,0
4.62,0
4.63,0
4.64,0
4.65,0
4.66,0
4.67,0
4.68,0
4.69,0
4.7,0
4.71,0
4.72,0
4.73,0
4.74,0
4.75,0
4.76,0
4.77,0
4.78,0
4.79,0
4.8,0
4.81,0
4.82,0
4.83,0
4.84,0
4.85,0
4.86,0
4.87,0
4.88,0
4.89,0
4.9,0
4.91,0
4.92,0
4.93,0
4.94,0
4.95,0
4.96,0
4.97,0
4.98,0
4.99,0
5,0
5.01,0
5.02,0
5.03,0
5.04,0
5.05,0
5.06,0
5.07,0
5.08,0
5.09,0
5.1,0
5.11,0
5.12,0
5.13,0
5.14,0
5.15,0
5.16,0
5.17,0
5.18,0
5.19,0
5.2,0
5.21,0
5.22,0
5.23,0
5.24,0
5.25,0
5.26,0
5.27,0
5.28,0
5.29,0
5.3,0
5.31,0
5.32,0
5.33,0
5.34,0
5.35,0
5.36,0
5.37,0
5.38,0
5.39,0
5.4,0
5.41,0
5.42,0
5.43,0
5.44,0
5.45,0
5.46,0
5.47,0
5.48,0
5.49,0
5.5,0
5.51,0
5.52,0
5.53,0
5.54,0
5.55,0
5.56,0
5.57,0
5.58,0
5.59,0
5.6,0
5.61,0
5.62,0
5.63,0
5.64,0
5.65,0
5.66,0
5.67,0
5.68,0
5.69,0
5.7,0
5.71,0
5.72,0
5.73,0
5.74,0
5.75,0
5.76,0
5.77,0
5.78,0
5.79,0
5.8,0
5.81,0
5.82,0
5.83,0
5.84,0
5.85,0
5.86,0
5.87,0
5.88,0
5.89,0
5.9,0
5.91,0
5.92,0
5.93,0
5.94,0
5.95,0
5.96,0
5.97,0
5.98,0
5.99,0
6,45
6.01,45
6.02,45
6.03,45
6.04,45
6.05,45
6.06,45
6.07,45
6.08,45
6.09,45
6.1,45
6.11,45
6.12,45
6.13,45
6.14,45
6.15,45
6.16,45
6.17,45
6.18,45
6.19,45
6.2,45
6.21,45
6.22,45
6.23,45
6.24,45
6.25,45
6.26,45
6.27,45
6.28,45
6.29,45
6.3,45
6.31,45
6.32,45
6.33,45
6.34,45
6.35,45
6.36,45
6.37,45
6.38,45
6.39,45
6.4,45
6.41,45
6.42,45
6.43,45
6.44,45
6.45,45
6.46,45
6.47,45
6.48,45
6.49,45
6.5,45
6.51,45
6.52,45
6.53,45
6.54,45
6.55,45
6.56,45
6.57,45
6.58,45
6.59,45
6.6,45
6.61,45
6.62,45
6.63,45
6.64,45
6.65,45
6.66,45
6.67,45
6.68,45
6.69,45
6.7,45
6.71,45
6.72,45
6.73,45
6.74,45
6.75,45
6.76,45
6.77,45
6.78,45
6.79,45
6.8,45
6.81,45
6.82,45
6.83,45
6.84,45
6.85,45
6.86,45
6.87,45
6.88,45
6.89,45
6.9,45
6.91,45
6.92,45
6.93,45
6.94,45
6.95,45
6.96,45
6.97,45
6.98,45
6.99,45
7,45
7.01,45
7.02,45
7.03,45
7.04,45
7.05,45
7.06,45
7.07,45
7.08,45
7.09,45
7.1,45
7.11,45
7.12,45
7.13,45
7.14,45
7.15,45
7.16,45
7.17,45
7.18,45
7.19,45
7.2,45
7.21,45
7.22,45
7.23,45
7.24,45
7.25,45
7.26,45
7.27,45
7.28,45
7.29,45
7.3,45
7.31,45
7.32,45
7.33,45
7.34,45
7.35,45
7.36,45
7.37,45
7.38,45
7.39,45
7.4,45
7.41,45
7.42,45
7.43,45
7.44,45
7.45,45
7.46,45
7.47,45
7.48,45
7.49,45
7.5,45
7.51,45
7.52,45
7.53,45
7.54,45
7.55,45
7.56,45
7.57,45
7.58,45
7.59,45
7.6,45
7.61,45
7.62,45
7.63,45
7.64,45
7.65,45
7.66,45
7.67,45
7.68,45
7.69,45
7.7,45
7.71,45
7.72,45
7.73,45
7.74,45
7.75,45
7.76,45
7.77,45
7.78,45
7.79,45
7.8,45
7.81,45
7.82,45
7.83,45
7.84,45
7.85,45
7.86,45
7.87,45
7.88,45
7.89,45
7.9,45
7.91,45
7.92,45
7.93,45
7.94,45
7.95,45
7.96,45
7.97,45
7.98,45
7.99,45
8,45
8.01,45
8.02,45
8.03,45
8.04,45
8.05,45
8.06,45
8.07,45
8.08,45
8.09,45
8.1,45
8.11,45
8.12,45
8.13,45
8.14,45
8.15,45
8.16,45
8.17,45
8.18,45
8.19,45
8.2,45
8.21,45
8.22,45
8.23,45
8.24,45
8.25,45
8.26,45
8.27,45
8.28,45
8.29,45
8.3,45
8.31,45
8.32,45
8.33,45
8.34,45
8.35,45
8.36,45
8.37,45
8.38,45
8.39,45
8.4,45
8.41,45
8.42,45
8.43,45
8.44,45
8.45,45
8.46,45
8.47,45
8.48,45
8.49,45
8.5,45
8.51,45
8.52,45
8.53,45
8.54,45
8.55,45
8.56,45
8.57,45
8.58,45
8.59,45
8.6,45
8.61,45
8.62,45
8.63,45
8.64,45
8.65,45
8.66,45
8.67,45
8.68,45
8.69,45
8.7,45
8.71,45
8.72,45
8.73,45
8.74,45
8.75,45
8.76,45
8.77,45
8.78,45
8.79,45
8.8,45
8.81,45
8.82,45
8.83,45
8.84,45
8.85,45
8.86,45
8.87,45
8.88,45
8.89,45
8.9,45
8.91,45
8.92,45
8.93,45
8.94,45
8.95,45
8.96,45
8.97,45
8.98,45
8.99,45
9,45
9.01,45
9.02,45
9.03,45
9.04,45
9.05,45
9.06,45
9.07,45
9.08,45
9.09,45
9.1,45
9.11,45
9.12,45
9.13,45
9.14,45
9.15,45
9.16,45
9.17,45
9.18,45
9.19,45
9.2,45
9.21,45
9.22,45
9.23,45
9.24,45
9.25,45
9.26,45
9.27,45
9.28,45
9.29,45
9.3,45
9.31,45
9.32,45
9.33,45
9.34,45
9.35,45
9.36,45
9.37,45
9.38,45
9.39,45
9.4,45
9.41,45
9.42,45
9.43,45
9.44,45
9.45,45
9.46,45
9.47,45
9.48,45
9.49,45
9.5,45
9.51,45
9.52,45
9.53,45
9.54,45
9.55,45
9.56,45
9.57,45
9.58,45
9.59,45
9.6,45
9.61,45
9.62,45
9.63,45
9.64,45
9.65,45
9.66,45
9.67,45
9.68,45
9.69,45
9.7,45
9.71,45
9.72,45
9.73,45
9.74,45
9.75,45
9.76,45
9.77,45
9.78,45
9.79,45
9.8,45
9.81,45
9.82,45
9.83,45
9.84,45
9.85,45
9.86,45
9.87,45
9.88,45
9.89,45
9.9,45
9.91,45
9.92,45
9.93,45
9.94,45
9.95,45
9.96,45
9.97,45
9.98,45
9.99,45
10,45
10.01,45
10.02,45
10.03,45
10.04,45
10.05,45
10.06,45
10.07,45
10.08,45
10.09,45
10.1,45
10.11,45
10.12,45
10.13,45
10.14,45
10.15,45
10.16,45
10.17,45
10.18,45
10.19,45
10.2,45
10.21,45
10.22,45
10.23,45
10.24,45
10.25,45
10.26,45
10.27,45
10.28,45
10.29,45
10.3,45
10.31,45
10.32,45
10.33,45
10.34,45
10.35,45
10.36,45
10.37,45
10.38,45
10.39,45
10.4,45
10.41,45
10.42,45
10.43,45
10.44,45
10.45,45
10.46,45
10.47,45
10.48,45
10.49,45
10.5,45
10.51,45
10.52,45
10.53,45
10.54,45
10.55,45
10.56,45
10.57,45
10.58,45
10.59,45
10.6,45
10.61,45
10.62,45
10.63,45
10.64,45
10.65,45
10.66,45
10.67,45
10.68,45
10.69,45
10.7,45
10.71,45
10.72,45
10.73,45
10.74,45
10.75,45
10.76,45
10.77,45
10.78,45
10.79,45
10.8,45
10.81,45
10.82,45
10.83,45
10.84,45
10.85,45
10.86,45
10.87,45
10.88,45
10.89,45
10.9,45
10.91,45
10.92,45
10.93,45
10.94,45
10.95,45
10.96,45
10.97,45
10.98,45
10.99,45
11,45
11.01,45
11.02,45
11.03,45
11.04,45
11.05,45
11.06,45
11.07,45
11.08,45
11.09,45
11.1,45
11.11,45
11.12,45
11.13,45
11.14,45
11.15,45
11.16,45
11.17,45
11.18,45
11.19,45
11.2,45
11.21,45
11.22,45
11.23,45
11.24,45
11.25,45
11.26,45
11.27,45
11.28,45
11.29,45
11.3,45
11.31,45
11.32,45
11.33,45
11.34,45
11.35,45
11.36,45
11.37,45
11.38,45
11.39,45
11.4,45
11.41,45
11.42,45
11.43,45
11.44,45
11.45,45
11.46,45
11.47,45
11.48,45
11.49,45
11.5,45
11.51,45
11.52,45
11.53,45
11.54,45
11.55,45
11.56,45
11.57,45
11.58,45
11.59,45
11.6,45
11.61,45
11.62,45
11.63,45
11.64,45
11.65,45
11.66,45
11.67,45
11.68,45
11.69,45
11.7,45
11.71,45
11.72,45
11.73,45
11.74,45
11.75,45
11.76,45
11.77,45
11.78,45
11.79,45
11.8,45
11.81,45
11.82,45
11.83,45
11.84,45
11.85,45
11.86,45
11.87,45
11.88,45
11.89,45
11.9,45
11.91,45
11.92,45
11.93,45
11.94,45
11.95,45
11.96,45
11.97,45
11.98,45
11.99,45
12,70.6580173943605
12.01,70.6580173943605
12.02,70.6580173943605
12.03,70.6580173943605
12.04,70.6580173943605
12.05,70.6580173943605
12.06,70.6580173943605
12.07,70.6580173943605
12.08,70.6580173943605
12.09,70.6580173943605
12.1,70.6580173943605
12.11,70.6580173943605
12.12,70.6580173943605
12.13,70.6580173943605
12.14,70.6580173943605
12.15,70.6580173943605
12.16,70.6580173943605
12.17,70.6580173943605
12.18,70.6580173943605
12.19,70.6580173943605
12.2,70.6580173943605
12.21,70.6580173943605
12.22,70.6580173943605
12.23,70.6580173943605
12.24,70.6580173943605
12.25,70.6580173943605
12.26,70.6580173943605
12.27,70.6580173943605
12.28,70.6580173943605
12.29,70.6580173943605
12.3,70.6580173943605
12.31,70.6580173943605
12.32,70.6580173943605
12.33,70.6580173943605
12.34,70.6580173943605
12.35,70.6580173943605
12.36,70.6580173943605
12.37,70.6580173943605
12.38,70.6580173943605
12.39,70.6580173943605
12.4,70.6580173943605
12.41,70.6580173943605
12.42,70.6580173943605
12.43,70.6580173943605
12.44,70.6580173943605
12.45,70.6580173943605
12.46,70.6580173943605
12.47,70.6580173943605
12.48,70.6580173943605
12.49,70.6580173943605
12.5,70.6580173943605
12.51,70.6580173943605
12.52,70.6580173943605
12.53,70.6580173943605
12.54,70.6580173943605
12.55,70.6580173943605
12.56,70.6580173943605
12.57,70.6580173943605
12.58,70.6580173943605
12.59,70.6580173943605
12.6,70.6580173943605
12.61,70.6580173943605
12.62,70.6580173943605
12.63,70.6580173943605
12.64,70.6580173943605
12.65,70.6580173943605
12.66,70.6580173943605
12.67,70.6580173943605
12.68,70.6580173943605
12.69,70.6580173943605
12.7,70.6580173943605
12.71,70.6580173943605
12.72,70.6580173943605
12.73,70.6580173943605
12.74,70.6580173943605
12.75,70.6580173943605
12.76,70.6580173943605
12.77,70.6580173943605
12.78,70.6580173943605
12.79,70.6580173943605
12.8,70.6580173943605
12.81,70.6580173943605
12.82,70.6580173943605
12.83,70.6580173943605
12.84,70.6580173943605
12.85,70.6580173943605
12.86,70.6580173943605
12.87,70.6580173943605
12.88,70.6580173943605
12.89,70.6580173943605
12.9,70.6580173943605
12.91,70.6580173943605
12.92,70.6580173943605
12.93,70.6580173943605
12.94,70.6580173943605
12.95,70.6580173943605
12.96,70.6580173943605
12.97,70.6580173943605
12.98,70.6580173943605
12.99,70.6580173943605
13,70.6580173943605
13.01,70.6580173943605
13.02,70.6580173943605
13.03,70.6580173943605
13.04,70.6580173943605
13.05,70.6580173943605
13.06,70.6580173943605
13.07,70.6580173943605
13.08,70.6580173943605
13.09,70.6580173943605
13.1,70.6580173943605
13.11,70.6580173943605
13.12,70.6580173943605
13.13,70.6580173943605
13.14,70.6580173943605
13.15,70.6580173943605
13.16,70.6580173943605
13.17,70.6580173943605
13.18,70.6580173943605
13.19,70.6580173943605
13.2,70.6580173943605
13.21,70.6580173943605
13.22,70.6580173943605
13.23,70.6580173943605
13.24,70.6580173943605
13.25,70.6580173943605
13.26,70.6580173943605
13.27,70.6580173943605
13.28,70.6580173943605
13.29,70.6580173943605
13.3,70.6580173943605
13.31,70.6580173943605
13.32,70.6580173943605
13.33,70.6580173943605
13.34,70.6580173943605
13.35,70.6580173943605
13.36,70.6580173943605
13.37,70.6580173943605
13.38,70.6580173943605
13.39,70.6580173943605
13.4,70.6580173943605
13.41,70.6580173943605
13.42,70.6580173943605
13.43,70.6580173943605
13.44,70.6580173943605
13.45,70.6580173943605
13.46,70.6580173943605
13.47,70.6580173943605
13.48,70.6580173943605
13.49,70.6580173943605
13.5,70.6580173943605
13.51,70.6580173943605
13.52,70.6580173943605
13.53,70.6580173943605
13.54,70.6580173943605
13.55,70.6580173943605
13.56,70.6580173943605
13.57,70.6580173943605
13.58,70.6580173943605
13.59,70.6580173943605
13.6,70.6580173943605
13.61,70.6580173943605
13.62,70.6580173943605
13.63,70.6580173943605
13.64,70.6580173943605
13.65,70.6580173943605
13.66,70.6580173943605
13.67,70.6580173943605
13.68,70.6580173943605
13.69,70.6580173943605
13.7,70.6580173943605
13.71,70.6580173943605
13.72,70.6580173943605
13.73,70.6580173943605
13.74,70.6580173943605
13.75,70.6580173943605
13.76,70.6580173943605
13.77,70.6580173943605
13.78,70.6580173943605
13.79,70.6580173943605
13.8,70.6580173943605
13.81,70.6580173943605
13.82,70.6580173943605
13.83,70.6580173943605
13.84,70.6580173943605
13.85,70.6580173943605
13.86,70.6580173943605
13.87,70.6580173943605
13.88,70.6580173943605
13.89,70.6580173943605
13.9,70.6580173943605
13.91,70.6580173943605
13.92,70.6580173943605
13.93,70.6580173943605
13.94,70.6580173943605
13.95,70.6580173943605
13.96,70.6580173943605
13.97,70.6580173943605
13.98,70.6580173943605
13.99,70.6580173943605
14,70.6580173943605
14.01,70.6580173943605
14.02,70.6580173943605
14.03,70.6580173943605
14.04,70.6580173943605
14.05,70.6580173943605
14.06,70.6580173943605
14.07,70.6580173943605
14.08,70.6580173943605
14.09,70.6580173943605
14.1,55.5046042091315
14.11,55.5046042091315
14.12,55.5046042091315
14.13,55.5046042091315
14.14,55.5046042091315
14.15,55.5046042091315
14.16,55.5046042091315
14.17,55.5046042091315
14.18,55.5046042091315
14.19,55.5046042091315
14.2,55.5046042091315
14.21,55.5046042091315
14.22,55.5046042091315
14.23,55.5046042091315
14.24,55.5046042091315
14.25,55.5046042091315
14.26,55.5046042091315
14.27,55.5046042091315
14.28,55.5046042091315
14.29,55.5046042091315
14.3,55.5046042091315
14.31,55.5046042091315
14.32,55.5046042091315
14.33,55.5046042091315
14.34,55.5046042091315
14.35,55.5046042091315
14.36,55.5046042091315
14.37,55.5046042091315
14.38,55.5046042091315
14.39,55.5046042091315
14.4,55.5046042091315
14.41,55.5046042091315
14.42,55.5046042091315
14.43,55.5046042091315
14.44,55.5046042091315
14.45,55.5046042091315
14.46,55.5046042091315
14.47,55.5046042091315
14.48,55.5046042091315
14.49,55.5046042091315
14.5,55.5046042091315
14.51,55.5046042091315
14.52,55.5046042091315
14.53,55.5046042091315
14.54,55.5046042091315
14.55,55.5046042091315
14.56,55.5046042091315
14.57,55.5046042091315
14.58,55.5046042091315
14.59,55.5046042091315
14.6,55.5046042091315
14.61,55.5046042091315
14.62,55.5046042091315
14.63,55.5046042091315
14.64,55.5046042091315
14.65,55.5046042091315
14.66,55.5046042091315
14.67,55.5046042091315
14.68,55.5046042091315
14.69,55.5046042091315
14.7,55.5046042091315
14.71,55.5046042091315
14.72,55.5046042091315
14.73,55.5046042091315
14.74,55.5046042091315
14.75,55.5046042091315
14.76,55.5046042091315
14.77,55.5046042091315
14.78,55.5046042091315
14.79,55.5046042091315
14.8,55.5046042091315
14.81,55.5046042091315
14.82,55.5046042091315
14.83,55.5046042091315
14.84,55.5046042091315
14.85,55.5046042091315
14.86,55.5046042091315
14.87,55.5046042091315
14.88,55.5046042091315
14.89,55.5046042091315
14.9,55.5046042091315
14.91,55.5046042091315
14.92,55.5046042091315
14.93,55.5046042091315
14.94,55.5046042091315
14.95,55.5046042091315
14.96,55.5046042091315
14.97,55.5046042091315
14.98,55.5046042091315
14.99,55.5046042091315
15,55.5046042091315
15.01,55.5046042091315
15.02,55.5046042091315
15.03,55.5046042091315
15.04,55.5046042091315
15.05,55.5046042091315
15.06,55.5046042091315
15.07,55.5046042091315
15.08,55.5046042091315
15.09,55.5046042091315
15.1,55.5046042091315
15.11,55.5046042091315
15.12,55.5046042091315
15.13,55.5046042091315
15.14,55.5046042091315
15.15,55.5046042091315
15.16,55.5046042091315
15.17,55.5046042091315
15.18,55.5046042091315
15.19,55.5046042091315
15.2,55.5046042091315
15.21,55.5046042091315
15.22,55.5046042091315
15.23,55.5046042091315
15.24,55.5046042091315
15.25,55.5046042091315
15.26,55.5046042091315
15.27,55.5046042091315
15.28,55.5046042091315
15.29,55.5046042091315
15.3,55.5046042091315
15.31,55.5046042091315
15.32,55.5046042091315
15.33,55.5046042091315
15.34,55.5046042091315
15.35,55.5046042091315
15.36,55.5046042091315
15.37,55.5046042091315
15.38,55.5046042091315
15.39,55.5046042091315
15.4,55.5046042091315
15.41,55.5046042091315
15.42,55.5046042091315
15.43,55.5046042091315
15.44,55.5046042091315
15.45,55.5046042091315
15.46,55.5046042091315
15.47,55.5046042091315
15.48,55.5046042091315
15.49,55.5046042091315
15.5,55.5046042091315
15.51,55.5046042091315
15.52,55.5046042091315
15.53,55.5046042091315
15.54,55.5046042091315
15.55,55.5046042091315
15.56,55.5046042091315
15.57,55.5046042091315
15.58,55.5046042091315
15.59,55.5046042091315
15.6,55.5046042091315
15.61,55.5046042091315
15.62,55.5046042091315
15.63,55.5046042091315
15.64,55.5046042091315
15.65,55.5046042091315
15.66,55.5046042091315
15.67,55.5046042091315
15.68,55.5046042091315
15.69,55.5046042091315
15.7,55.5046042091315
15.71,55.5046042091315
15.72,55.5046042091315
15.73,55.5046042091315
15.74,55.5046042091315
15.75,55.5046042091315
15.76,55.5046042091315
15.77,55.5046042091315
15.78,55.5046042091315
15.79,55.5046042091315
15.8,55.5046042091315
15.81,55.5046042091315
15.82,55.5046042091315
15.83,55.5046042091315
15.84,55.5046042091315
15.85,55.5046042091315
15.86,55.5046042091315
15.87,55.5046042091315
15.88,55.5046042091315
15.89,55.5046042091315
15.9,55.5046042091315
15.91,55.5046042091315
15.92,55.5046042091315
15.93,55.5046042091315
15.94,55.5046042091315
15.95,55.5046042091315
15.96,55.5046042091315
15.97,55.5046042091315
15.98,55.5046042091315
15.99,55.5046042091315
16,55.5046042091315
16.01,55.5046042091315
16.02,55.5046042091315
16.03,55.5046042091315
16.04,55.5046042091315
16.05,55.5046042091315
16.06,55.5046042091315
16.07,55.5046042091315
16.08,55.5046042091315
16.09,55.5046042091315
16.1,55.5046042091315
16.11,55.5046042091315
16.12,55.5046042091315
16.13,55.5046042091315
16.14,55.5046042091315
16.15,55.5046042091315
16.16,55.5046042091315
16.17,55.5046042091315
16.18,55.5046042091315
16.19,55.5046042091315
16.2,55.5046042091315
16.21,55.5046042091315
16.22,55.5046042091315
16.23,55.5046042091315
16.24,55.5046042091315
16.25,55.5046042091315
16.26,55.5046042091315
16.27,55.5046042091315
16.28,55.5046042091315
16.29,55.5046042091315
16.3,55.5046042091315
16.31,55.5046042091315
16.32,55.5046042091315
16.33,55.5046042091315
16.34,55.5046042091315
16.35,55.5046042091315
16.36,55.5046042091315
16.37,55.5046042091315
16.38,55.5046042091315
16.39,55.5046042091315
16.4,55.5046042091315
16.41,55.5046042091315
16.42,55.5046042091315
16.43,55.5046042091315
16.44,55.5046042091315
16.45,55.5046042091315
16.46,55.5046042091315
16.47,55.5046042091315
16.48,55.5046042091315
16.49,55.5046042091315
16.5,55.5046042091315
16.51,55.5046042091315
16.52,55.5046042091315
16.53,55.5046042091315
16.54,55.5046042091315
16.55,55.5046042091315
16.56,55.5046042091315
16.57,55.5046042091315
16.58,55.5046042091315
16.59,55.5046042091315
16.6,55.5046042091315
16.61,55.5046042091315
16.62,55.5046042091315
16.63,55.5046042091315
16.64,55.5046042091315
16.65,55.5046042091315
16.66,55.5046042091315
16.67,55.5046042091315
16.68,55.5046042091315
16.69,55.5046042091315
16.7,55.5046042091315
16.71,55.5046042091315
16.72,55.5046042091315
16.73,55.5046042091315
16.74,55.5046042091315
16.75,55.5046042091315
16.76,55.5046042091315
16.77,55.5046042091315
16.78,55.5046042091315
16.79,55.5046042091315
16.8,55.5046042091315
16.81,55.5046042091315
16.82,55.5046042091315
16.83,55.5046042091315
16.84,55.5046042091315
16.85,55.5046042091315
16.86,55.5046042091315
16.87,55.5046042091315
16.88,55.5046042091315
16.89,55.5046042091315
16.9,55.5046042091315
16.91,55.5046042091315
16.92,55.5046042091315
16.93,55.5046042091315
16.94,55.5046042091315
16.95,55.5046042091315
16.96,55.5046042091315
16.97,55.5046042091315
16.98,55.5046042091315
16.99,55.5046042091315
17,55.5046042091315
17.01,55.5046042091315
17.02,55.5046042091315
17.03,55.5046042091315
17.04,55.5046042091315
17.05,55.5046042091315
17.06,55.5046042091315
17.07,55.5046042091315
17.08,55.5046042091315
17.09,55.5046042091315
17.1,55.5046042091315
17.11,55.5046042091315
17.12,55.5046042091315
17.13,55.5046042091315
17.14,55.5046042091315
17.15,55.5046042091315
17.16,55.5046042091315
17.17,55.5046042091315
17.18,55.5046042091315
17.19,55.5046042091315
17.2,55.5046042091315
17.21,55.5046042091315
17.22,55.5046042091315
17.23,55.5046042091315
17.24,55.5046042091315
17.25,55.5046042091315
17.26,55.5046042091315
17.27,55.5046042091315
17.28,55.5046042091315
17.29,55.5046042091315
17.3,55.5046042091315
17.31,55.5046042091315
17.32,55.5046042091315
17.33,55.5046042091315
17.34,55.5046042091315
17.35,55.5046042091315
17.36,55.5046042091315
17.37,55.5046042091315
17.38,55.5046042091315
17.39,55.5046042091315
17.4,55.5046042091315
17.41,55.5046042091315
17.42,55.5046042091315
17.43,55.5046042091315
17.44,55.5046042091315
17.45,55.5046042091315
17.46,55.5046042091315
17.47,55.5046042091315
17.48,55.5046042091315
17.49,55.5046042091315
17.5,55.5046042091315
17.51,55.5046042091315
17.52,55.5046042091315
17.53,55.5046042091315
17.54,55.5046042091315
17.55,55.5046042091315
17.56,55.5046042091315
17.57,55.5046042091315
17.58,55.5046042091315
17.59,55.5046042091315
17.6,55.5046042091315
17.61,55.5046042091315
17.62,55.5046042091315
17.63,55.5046042091315
17.64,55.5046042091315
17.65,55.5046042091315
17.66,55.5046042091315
17.67,55.5046042091315
17.68,55.5046042091315
17.69,55.5046042091315
17.7,55.5046042091315
17.71,55.5046042091315
17.72,55.5046042091315
17.73,55.5046042091315
17.74,55.5046042091315
17.75,55.5046042091315
17.76,55.5046042091315
17.77,55.5046042091315
17.78,55.5046042091315
17.79,55.5046042091315
17.8,55.5046042091315
17.81,55.5046042091315
17.82,55.5046042091315
17.83,55.5046042091315
17.84,55.5046042091315
17.85,55.5046042091315
17.86,55.5046042091315
17.87,55.5046042091315
17.88,55.5046042091315
17.89,55.5046042091315
17.9,55.5046042091315
17.91,55.5046042091315
17.92,55.5046042091315
17.93,55.5046042091315
17.94,55.5046042091315
17.95,55.5046042091315
17.96,55.5046042091315
17.97,55.5046042091315
17.98,55.5046042091315
17.99,55.5046042091315
18,8.52588350028999
18.01,8.52588350028999
18.02,8.52588350028999
18.03,8.52588350028999
18.04,8.52588350028999
18.05,8.52588350028999
18.06,8.52588350028999
18.07,8.52588350028999
18.08,8.52588350028999
18.09,8.52588350028999
18.1,8.52588350028999
18.11,8.52588350028999
18.12,8.52588350028999
18.13,8.52588350028999
18.14,8.52588350028999
18.15,8.52588350028999
18.16,8.52588350028999
18.17,8.52588350028999
18.18,8.52588350028999
18.19,8.52588350028999
18.2,8.52588350028999
18.21,8.52588350028999
18.22,8.52588350028999
18.23,8.52588350028999
18.24,8.52588350028999
18.25,8.52588350028999
18.26,8.52588350028999
18.27,8.52588350028999
18.28,8.52588350028999
18.29,8.52588350028999
18.3,8.52588350028999
18.31,8.52588350028999
18.32,8.52588350028999
18.33,8.52588350028999
18.34,8.52588350028999
18.35,8.52588350028999
18.36,8.52588350028999
18.37,8.52588350028999
18.38,8.52588350028999
18.39,8.52588350028999
18.4,8.52588350028999
18.41,8.52588350028999
18.42,8.52588350028999
18.43,8.52588350028999
18.44,8.52588350028999
18.45,8.52588350028999
18.46,8.52588350028999
18.47,8.52588350028999
18.48,8.52588350028999
18.49,8.52588350028999
18.5,8.52588350028999
18.51,8.52588350028999
18.52,8.52588350028999
18.53,8.52588350028999
18.54,8.52588350028999
18.55,8.52588350028999
18.56,8.52588350028999
18.57,8.52588350028999
18.58,8.52588350028999
18.59,8.52588350028999
18.6,8.52588350028999
18.61,8.52588350028999
18.62,8.52588350028999
18.63,8.52588350028999
18.64,8.52588350028999
18.65,8.52588350028999
18.66,8.52588350028999
18.67,8.52588350028999
18.68,8.52588350028999
18.69,8.52588350028999
18.7,8.52588350028999
18.71,8.52588350028999
18.72,8.52588350028999
18.73,8.52588350028999
18.74,8.52588350028999
18.75,8.52588350028999
18.76,8.52588350028999
18.77,8.52588350028999
18.78,8.52588350028999
18.79,8.52588350028999
18.8,8.52588350028999
18.81,8.52588350028999
18.82,8.52588350028999
18.83,8.52588350028999
18.84,8.52588350028999
18.85,8.52588350028999
18.86,8.52588350028999
18.87,8.52588350028999
18.88,8.52588350028999
18.89,8.52588350028999
18.9,8.52588350028999
18.91,8.52588350028999
18.92,8.52588350028999
18.93,8.52588350028999
18.94,8.52588350028999
18.95,8.52588350028999
18.96,8.52588350028999
18.97,8.52588350028999
18.98,8.52588350028999
18.99,8.52588350028999
19,8.52588350028999
19.01,8.52588350028999
19.02,8.52588350028999
19.03,8.52588350028999
19.04,8.52588350028999
19.05,8.52588350028999
19.06,8.52588350028999
19.07,8.52588350028999
19.08,8.52588350028999
19.09,8.52588350028999
19.1,8.52588350028999
19.11,8.52588350028999
19.12,8.52588350028999
19.13,8.52588350028999
19.14,8.52588350028999
19.15,8.52588350028999
19.16,8.52588350028999
19.17,8.52588350028999
19.18,8.52588350028999
19.19,8.52588350028999
19.2,8.52588350028999
19.21,8.52588350028999
19.22,8.52588350028999
19.23,8.52588350028999
19.24,8.52588350028999
19.25,8.52588350028999
19.26,8.52588350028999
19.27,8.52588350028999
19.28,8.52588350028999
19.29,8.52588350028999
19.3,8.52588350028999
19.31,8.52588350028999
19.32,8.52588350028999
19.33,8.52588350028999
19.34,8.52588350028999
19.35,8.52588350028999
19.36,8.52588350028999
19.37,8.52588350028999
19.38,8.52588350028999
19.39,8.52588350028999
19.4,8.52588350028999
19.41,8.52588350028999
19.42,8.52588350028999
19.43,8.52588350028999
19.44,8.52588350028999
19.45,8.52588350028999
19.46,8.52588350028999
19.47,8.52588350028999
19.48,8.52588350028999
19.49,8.52588350028999
19.5,8.52588350028999
19.51,8.52588350028999
19.52,8.52588350028999
19.53,8.52588350028999
19.54,8.52588350028999
19.55,8.52588350028999
19.56,8.52588350028999
19.57,8.52588350028999
19.58,8.52588350028999
19.59,8.52588350028999
19.6,8.52588350028999
19.61,8.52588350028999
19.62,8.52588350028999
19.63,8.52588350028999
19.64,8.52588350028999
19.65,8.52588350028999
19.66,8.52588350028999
19.67,8.52588350028999
19.68,8.52588350028999
19.69,8.52588350028999
19.7,8.52588350028999
19.71,8.52588350028999
19.72,8.52588350028999
19.73,8.52588350028999
19.74,8.52588350028999
19.75,8.52588350028999
19.76,8.52588350028999
19.77,8.52588350028999
19.78,8.52588350028999
19.79,8.52588350028999
19.8,8.52588350028999
19.81,8.52588350028999
19.82,8.52588350028999
19.83,8.52588350028999
19.84,8.52588350028999
19.85,8.52588350028999
19.86,8.52588350028999
19.87,8.52588350028999
19.88,8.52588350028999
19.89,8.52588350028999
19.9,8.52588350028999
19.91,8.52588350028999
19.92,8.52588350028999
19.93,8.52588350028999
19.94,8.52588350028999
19.95,8.52588350028999
19.96,8.52588350028999
19.97,8.52588350028999
19.98,8.52588350028999
19.99,8.52588350028999
20,8.52588350028999
20.01,8.52588350028999
20.02,8.52588350028999
20.03,8.52588350028999
20.04,8.52588350028999
20.05,8.52588350028999
20.06,8.52588350028999
20.07,8.52588350028999
20.08,8.52588350028999
20.09,8.52588350028999
20.1,8.52588350028999
20.11,8.52588350028999
20.12,8.52588350028999
20.13,8.52588350028999
20.14,8.52588350028999
20.15,8.52588350028999
20.16,8.52588350028999
20.17,8.52588350028999
20.18,8.52588350028999
20.19,8.52588350028999
20.2,8.52588350028999
20.21,8.52588350028999
20.22,8.52588350028999
20.23,8.52588350028999
20.24,8.52588350028999
20.25,8.52588350028999
20.26,8.52588350028999
20.27,8.52588350028999
20.28,8.52588350028999
20.29,8.52588350028999
20.3,8.52588350028999
20.31,8.52588350028999
20.32,8.52588350028999
20.33,8.52588350028999
20.34,8.52588350028999
20.35,8.52588350028999
20.36,8.52588350028999
20.37,8.52588350028999
20.38,8.52588350028999
20.39,8.52588350028999
20.4,8.52588350028999
20.41,8.52588350028999
20.42,8.52588350028999
20.43,8.52588350028999
20.44,8.52588350028999
20.45,8.52588350028999
20.46,8.52588350028999
20.47,8.52588350028999
20.48,8.52588350028999
20.49,8.52588350028999
20.5,8.52588350028999
20.51,8.52588350028999
20.52,8.52588350028999
20.53,8.52588350028999
20.54,8.52588350028999
20.55,8.52588350028999
20.56,8.52588350028999
20.57,8.52588350028999
20.58,8.52588350028999
20.59,8.52588350028999
20.6,8.52588350028999
20.61,8.52588350028999
20.62,8.52588350028999
20.63,8.52588350028999
20.64,8.52588350028999
20.65,8.52588350028999
20.66,8.52588350028999
20.67,8.52588350028999
20.68,8.52588350028999
20.69,8.52588350028999
20.7,8.52588350028999
20.71,8.52588350028999
20.72,8.52588350028999
20.73,8.52588350028999
20.74,8.52588350028999
20.75,8.52588350028999
20.76,8.52588350028999
20.77,8.52588350028999
20.78,8.52588350028999
20.79,8.52588350028999
20.8,8.52588350028999
20.81,8.52588350028999
20.82,8.52588350028999
20.83,8.52588350028999
20.84,8.52588350028999
20.85,37.6982823812285
20.86,37.6982823812285
20.87,37.6982823812285
20.88,37.6982823812285
20.89,37.6982823812285
20.9,37.6982823812285
20.91,37.6982823812285
20.92,37.6982823812285
20.93,37.6982823812285
20.94,37.6982823812285
20.95,37.6982823812285
20.96,37.6982823812285
20.97,37.6982823812285
20.98,37.6982823812285
20.99,37.6982823812285
21,37.6982823812285
21.01,37.6982823812285
21.02,37.6982823812285
21.03,37.6982823812285
21.04,37.6982823812285
21.05,37.6982823812285
21.06,37.6982823812285
21.07,37.6982823812285
21.08,37.6982823812285
21.09,37.6982823812285
21.1,37.6982823812285
21.11,37.6982823812285
21.12,37.6982823812285
21.13,37.6982823812285
21.14,37.6982823812285
21.15,37.6982823812285
21.16,37.6982823812285
21.17,37.6982823812285
21.18,37.6982823812285
21.19,37.6982823812285
21.2,37.6982823812285
21.21,37.6982823812285
21.22,37.6982823812285
21.23,37.6982823812285
21.24,37.6982823812285
21.25,37.6982823812285
21.26,37.6982823812285
21.27,37.6982823812285
21.28,37.6982823812285
21.29,37.6982823812285
21.3,37.6982823812285
21.31,37.6982823812285
21.32,37.6982823812285
21.33,37.6982823812285
21.34,37.6982823812285
21.35,37.6982823812285
21.36,37.6982823812285
21.37,37.6982823812285
21.38,37.6982823812285
21.39,37.6982823812285
21.4,37.6982823812285
21.41,37.6982823812285
21.42,37.6982823812285
21.43,37.6982823812285
21.44,37.6982823812285
21.45,37.6982823812285
21.46,37.6982823812285
21.47,37.6982823812285
21.48,37.6982823812285
21.49,37.6982823812285
21.5,37.6982823812285
21.51,37.6982823812285
21.52,37.6982823812285
21.53,37.6982823812285
21.54,37.6982823812285
21.55,37.6982823812285
21.56,37.6982823812285
21.57,37.6982823812285
21.58,37.6982823812285
21.59,37.6982823812285
21.6,37.6982823812285
21.61,37.6982823812285
21.62,37.6982823812285
21.63,37.6982823812285
21.64,37.6982823812285
21.65,37.6982823812285
21.66,37.6982823812285
21.67,37.6982823812285
21.68,37.6982823812285
21.69,37.6982823812285
21.7,37.6982823812285
21.71,37.6982823812285
21.72,37.6982823812285
21.73,37.6982823812285
21.74,37.6982823812285
21.75,37.6982823812285
21.76,37.6982823812285
21.77,37.6982823812285
21.78,37.6982823812285
21.79,37.6982823812285
21.8,37.6982823812285
21.81,37.6982823812285
21.82,37.6982823812285
21.83,37.6982823812285
21.84,37.6982823812285
21.85,37.6982823812285
21.86,37.6982823812285
21.87,37.6982823812285
21.88,37.6982823812285
21.89,37.6982823812285
21.9,37.6982823812285
21.91,37.6982823812285
21.92,37.6982823812285
21.93,37.6982823812285
21.94,37.6982823812285
21.95,37.6982823812285
21.96,37.6982823812285
21.97,37.6982823812285
21.98,37.6982823812285
21.99,37.6982823812285
22,37.6982823812285
22.01,37.6982823812285
22.02,37.6982823812285
22.03,37.6982823812285
22.04,37.6982823812285
22.05,37.6982823812285
22.06,37.6982823812285
22.07,37.6982823812285
22.08,37.6982823812285
22.09,37.6982823812285
22.1,37.6982823812285
22.11,37.6982823812285
22.12,37.6982823812285
22.13,37.6982823812285
22.14,37.6982823812285
22.15,37.6982823812285
22.16,37.6982823812285
22.17,37.6982823812285
22.18,37.6982823812285
22.19,37.6982823812285
22.2,37.6982823812285
22.21,37.6982823812285
22.22,37.6982823812285
22.23,37.6982823812285
22.24,37.6982823812285
22.25,37.6982823812285
22.26,37.6982823812285
22.27,37.6982823812285
22.28,37.6982823812285
22.29,37.6982823812285
22.3,37.6982823812285
22.31,37.6982823812285
22.32,37.6982823812285
22.33,37.6982823812285
22.34,37.6982823812285
22.35,37.6982823812285
22.36,37.6982823812285
22.37,37.6982823812285
22.38,37.6982823812285
22.39,37.6982823812285
22.4,37.6982823812285
22.41,37.6982823812285
22.42,37.6982823812285
22.43,37.6982823812285
22.44,37.6982823812285
22.45,37.6982823812285
22.46,37.6982823812285
22.47,37.6982823812285
22.48,37.6982823812285
22.49,37.6982823812285
22.5,37.6982823812285
22.51,37.6982823812285
22.52,37.6982823812285
22.53,37.6982823812285
22.54,37.6982823812285
22.55,37.6982823812285
22.56,37.6982823812285
22.57,37.6982823812285
22.58,37.6982823812285
22.59,37.6982823812285
22.6,37.6982823812285
22.61,37.6982823812285
22.62,37.6982823812285
22.63,37.6982823812285
22.64,37.6982823812285
22.65,37.6982823812285
22.66,37.6982823812285
22.67,37.6982823812285
22.68,37.6982823812285
22.69,37.6982823812285
22.7,37.6982823812285
22.71,37.6982823812285
22.72,37.6982823812285
22.73,37.6982823812285
22.74,37.6982823812285
22.75,37.6982823812285
22.76,37.6982823812285
22.77,37.6982823812285
22.78,37.6982823812285
22.79,37.6982823812285
22.8,37.6982823812285
22.81,37.6982823812285
22.82,37.6982823812285
22.83,37.6982823812285
22.84,37.6982823812285
22.85,37.6982823812285
22.86,37.6982823812285
22.87,37.6982823812285
22.88,37.6982823812285
22.89,37.6982823812285
22.9,37.6982823812285
22.91,37.6982823812285
22.92,37.6982823812285
22.93,37.6982823812285
22.94,37.6982823812285
22.95,37.458275798213
22.96,37.458275798213
22.97,37.458275798213
22.98,37.458275798213
22.99,37.458275798213
23,37.458275798213
23.01,37.458275798213
23.02,37.458275798213
23.03,37.458275798213
23.04,37.458275798213
23.05,37.458275798213
23.06,37.458275798213
23.07,37.458275798213
23.08,37.458275798213
23.09,37.458275798213
23.1,37.458275798213
23.11,37.458275798213
23.12,37.458275798213
23.13,37.458275798213
23.14,37.458275798213
23.15,37.458275798213
23.16,37.458275798213
23.17,37.458275798213
23.18,37.458275798213
23.19,37.458275798213
23.2,37.458275798213
23.21,37.458275798213
23.22,37.458275798213
23.23,37.458275798213
23.24,37.458275798213
23.25,37.458275798213
23.26,37.458275798213
23.27,37.458275798213
23.28,37.458275798213
23.29,37.458275798213
23.3,37.458275798213
23.31,37.458275798213
23.32,37.458275798213
23.33,37.458275798213
23.34,37.458275798213
23.35,37.458275798213
23.36,37.458275798213
23.37,37.458275798213
23.38,37.458275798213
23.39,37.458275798213
23.4,37.458275798213
23.41,37.458275798213
23.42,37.458275798213
23.43,37.458275798213
23.44,37.458275798213
23.45,37.458275798213
23.46,37.458275798213
23.47,37.458275798213
23.48,37.458275798213
23.49,37.458275798213
23.5,37.458275798213
23.51,37.458275798213
23.52,37.458275798213
23.53,37.458275798213
23.54,37.458275798213
23.55,37.458275798213
23.56,37.458275798213
23.57,37.458275798213
23.58,37.458275798213
23.59,37.458275798213
23.6,37.458275798213
23.61,37.458275798213
23.62,37.458275798213
23.63,37.458275798213
23.64,37.458275798213
23.65,37.458275798213
23.66,37.458275798213
23.67,37.458275798213
23.68,37.458275798213
23.69,37.458275798213
23.7,37.458275798213
23.71,37.458275798213
23.72,37.458275798213
23.73,37.458275798213
23.74,37.458275798213
23.75,37.458275798213
23.76,37.458275798213
23.77,37.458275798213
23.78,37.458275798213
23.79,37.458275798213
23.8,37.458275798213
23.81,37.458275798213
23.82,37.458275798213
23.83,37.458275798213
23.84,37.458275798213
23.85,37.458275798213
23.86,37.458275798213
23.87,37.458275798213
23.88,37.458275798213
23.89,37.458275798213
23.9,37.458275798213
23.91,37.458275798213
23.92,37.458275798213
23.93,37.458275798213
23.94,37.458275798213
23.95,37.458275798213
23.96,37.458275798213
23.97,37.458275798213
23.98,37.458275798213
23.99,37.458275798213
24,37.458275798213
24.01,37.458275798213
24.02,37.458275798213
24.03,37.458275798213
24.04,37.458275798213
24.05,37.458275798213
24.06,37.458275798213
24.07,37.458275798213
24.08,37.458275798213
24.09,37.458275798213
24.1,37.458275798213
24.11,37.458275798213
24.12,37.458275798213
24.13,37.458275798213
24.14,37.458275798213
24.15,37.458275798213
24.16,37.458275798213
24.17,37.458275798213
24.18,37.458275798213
24.19,37.458275798213
24.2,37.458275798213
24.21,37.458275798213
24.22,37.458275798213
24.23,37.458275798213
24.24,37.458275798213
24.25,37.458275798213
24.26,37.458275798213
24.27,37.458275798213
24.28,37.458275798213
24.29,37.458275798213
24.3,37.458275798213
24.31,37.458275798213
24.32,37.458275798213
24.33,37.458275798213
24.34,37.458275798213
24.35,37.458275798213
24.36,37.458275798213
24.37,37.458275798213
24.38,37.458275798213
24.39,37.458275798213
24.4,37.458275798213
24.41,37.458275798213
24.42,37.458275798213
24.43,37.458275798213
24.44,37.458275798213
24.45,37.458275798213
24.46,37.458275798213
24.47,37.458275798213
24.48,37.458275798213
24.49,37.458275798213
24.5,37.458275798213
24.51,37.458275798213
24.52,37.458275798213
24.53,37.458275798213
24.54,37.458275798213
24.55,37.458275798213
24.56,37.458275798213
24.57,37.458275798213
24.58,37.458275798213
24.59,37.458275798213
24.6,37.458275798213
24.61,37.458275798213
24.62,37.458275798213
24.63,37.458275798213
24.64,37.458275798213
24.65,37.458275798213
24.66,37.458275798213
24.67,37.458275798213
24.68,37.458275798213
24.69,37.458275798213
24.7,37.458275798213
24.71,37.458275798213
24.72,37.458275798213
24.73,37.458275798213
24.74,37.458275798213
24.75,37.458275798213
24.76,37.458275798213
24.77,37.458275798213
24.78,37.458275798213
24.79,37.458275798213
24.8,37.458275798213
24.81,37.458275798213
24.82,37.458275798213
24.83,37.458275798213
24.84,37.458275798213
24.85,37.458275798213
24.86,37.458275798213
24.87,37.458275798213
24.88,37.458275798213
24.89,37.458275798213
24.9,37.458275798213
24.91,37.458275798213
24.92,37.458275798213
24.93,37.458275798213
24.94,37.458275798213
24.95,37.458275798213
24.96,37.458275798213
24.97,37.458275798213
24.98,37.458275798213
24.99,37.458275798213
25,37.458275798213
25.01,37.458275798213
25.02,37.458275798213
25.03,37.458275798213
25.04,37.458275798213
25.05,37.458275798213
25.06,37.458275798213
25.07,37.458275798213
25.08,37.458275798213
25.09,37.458275798213
25.1,37.458275798213
25.11,37.458275798213
25.12,37.458275798213
25.13,37.458275798213
25.14,37.458275798213
25.15,37.458275798213
25.16,37.458275798213
25.17,37.458275798213
25.18,37.458275798213
25.19,37.458275798213
25.2,37.458275798213
25.21,37.458275798213
25.22,37.458275798213
25.23,37.458275798213
25.24,37.458275798213
25.25,37.458275798213
25.26,37.458275798213
25.27,37.458275798213
25.28,37.458275798213
25.29,37.458275798213
25.3,37.458275798213
25.31,37.458275798213
25.32,37.458275798213
25.33,37.458275798213
25.34,37.458275798213
25.35,37.458275798213
25.36,37.458275798213
25.37,37.458275798213
25.38,37.458275798213
25.39,37.458275798213
25.4,37.458275798213
25.41,37.458275798213
25.42,37.458275798213
25.43,37.458275798213
25.44,37.458275798213
25.45,37.458275798213
25.46,37.458275798213
25.47,37.458275798213
25.48,37.458275798213
25.49,37.458275798213
25.5,37.458275798213
25.51,37.458275798213
25.52,37.458275798213
25.53,37.458275798213
25.54,37.458275798213
25.55,37.458275798213
25.56,37.458275798213
25.57,37.458275798213
25.58,37.458275798213
25.59,37.458275798213
25.6,37.458275798213
25.61,37.458275798213
25.62,37.458275798213
25.63,37.458275798213
25.64,37.458275798213
25.65,37.458275798213
25.66,9.42146600594638
25.67,9.42146600594638
25.68,9.42146600594638
25.69,9.42146600594638
25.7,9.42146600594638
25.71,9.42146600594638
25.72,9.42146600594638
25.73,9.42146600594638
25.74,9.42146600594638
25.75,9.42146600594638
25.76,9.42146600594638
25.77,9.42146600594638
25.78,9.42146600594638
25.79,9.42146600594638
25.8,9.42146600594638
25.81,9.42146600594638
25.82,9.42146600594638
25.83,9.42146600594638
25.84,9.42146600594638
25.85,9.42146600594638
25.86,9.42146600594638
25.87,9.42146600594638
25.88,9.42146600594638
25.89,9.42146600594638
25.9,9.42146600594638
25.91,9.42146600594638
25.92,9.42146600594638
25.93,9.42146600594638
25.94,9.42146600594638
25.95,9.42146600594638
25.96,9.42146600594638
25.97,9.42146600594638
25.98,9.42146600594638
25.99,9.42146600594638
26,9.42146600594638
26.01,9.42146600594638
26.02,9.42146600594638
26.03,9.42146600594638
26.04,9.42146600594638
26.05,9.42146600594638
26.06,9.42146600594638
26.07,9.42146600594638
26.08,9.42146600594638
26.09,9.42146600594638
26.1,9.42146600594638
26.11,9.42146600594638
26.12,9.42146600594638
26.13,9.42146600594638
26.14,9.42146600594638
26.15,9.42146600594638
26.16,9.42146600594638
26.17,9.42146600594638
26.18,9.42146600594638
26.19,9.42146600594638
26.2,9.42146600594638
26.21,9.42146600594638
26.22,9.42146600594638
26.23,9.42146600594638
26.24,9.42146600594638
26.25,9.42146600594638
26.26,9.42146600594638
26.27,9.42146600594638
26.28,9.42146600594638
26.29,9.42146600594638
26.3,9.42146600594638
26.31,9.42146600594638
26.32,9.42146600594638
26.33,9.42146600594638
26.34,9.42146600594638
26.35,9.42146600594638
26.36,9.42146600594638
26.37,9.42146600594638
26.38,9.42146600594638
26.39,9.42146600594638
26.4,9.42146600594638
26.41,9.42146600594638
26.42,9.42146600594638
26.43,9.42146600594638
26.44,9.42146600594638
26.45,9.42146600594638
26.46,9.42146600594638
26.47,9.42146600594638
26.48,9.42146600594638
26.49,9.42146600594638
26.5,9.42146600594638
26.51,9.42146600594638
26.52,9.42146600594638
26.53,9.42146600594638
26.54,9.42146600594638
26.55,9.42146600594638
26.56,9.42146600594638
26.57,9.42146600594638
26.58,9.42146600594638
26.59,9.42146600594638
26.6,9.42146600594638
26.61,9.42146600594638
26.62,9.42146600594638
26.63,9.42146600594638
26.64,9.42146600594638
26.65,9.42146600594638
26.66,9.42146600594638
26.67,9.42146600594638
26.68,9.42146600594638
26.69,9.42146600594638
26.7,9.42146600594638
26.71,9.42146600594638
26.72,9.42146600594638
26.73,9.42146600594638
26.74,9.42146600594638
26.75,9.42146600594638
26.76,9.42146600594638
26.77,9.42146600594638
26.78,9.42146600594638
26.79,9.42146600594638
26.8,9.42146600594638
26.81,9.42146600594638
26.82,9.42146600594638
26.83,9.42146600594638
26.84,9.42146600594638
26.85,9.42146600594638
26.86,9.42146600594638
26.87,9.42146600594638
26.88,9.42146600594638
26.89,9.42146600594638
26.9,9.42146600594638
26.91,9.42146600594638
26.92,9.42146600594638
26.93,9.42146600594638
26.94,9.42146600594638
26.95,9.42146600594638
26.96,9.42146600594638
26.97,9.42146600594638
26.98,9.42146600594638
26.99,9.42146600594638
27,9.42146600594638
27.01,9.42146600594638
27.02,9.42146600594638
27.03,9.42146600594638
27.04,9.42146600594638
27.05,9.42146600594638
27.06,9.42146600594638
27.07,9.42146600594638
27.08,9.42146600594638
27.09,9.42146600594638
27.1,9.42146600594638
27.11,9.42146600594638
27.12,9.42146600594638
27.13,9.42146600594638
27.14,9.42146600594638
27.15,9.42146600594638
27.16,9.42146600594638
27.17,9.42146600594638
27.18,9.42146600594638
27.19,9.42146600594638
27.2,9.42146600594638
27.21,9.42146600594638
27.22,9.42146600594638
27.23,9.42146600594638
27.24,9.42146600594638
27.25,9.42146600594638
27.26,9.42146600594638
27.27,9.42146600594638
27.28,9.42146600594638
27.29,9.42146600594638
27.3,9.42146600594638
27.31,9.42146600594638
27.32,9.42146600594638
27.33,9.42146600594638
27.34,9.42146600594638
27.35,9.42146600594638
27.36,9.42146600594638
27.37,9.42146600594638
27.38,9.42146600594638
27.39,9.42146600594638
27.4,9.42146600594638
27.41,9.42146600594638
27.42,9.42146600594638
27.43,9.42146600594638
27.44,9.42146600594638
27.45,9.42146600594638
27.46,9.42146600594638
27.47,9.42146600594638
27.48,9.42146600594638
27.49,9.42146600594638
27.5,9.42146600594638
27.51,9.42146600594638
27.52,9.42146600594638
27.53,9.42146600594638
27.54,9.42146600594638
27.55,9.42146600594638
27.56,9.42146600594638
27.57,9.42146600594638
27.58,9.42146600594638
27.59,9.42146600594638
27.6,9.42146600594638
27.61,9.42146600594638
27.62,9.42146600594638
27.63,9.42146600594638
27.64,9.42146600594638
27.65,9.42146600594638
27.66,9.42146600594638
27.67,9.42146600594638
27.68,9.42146600594638
27.69,9.42146600594638
27.7,9.42146600594638
27.71,9.42146600594638
27.72,9.42146600594638
27.73,9.42146600594638
27.74,9.42146600594638
27.75,9.42146600594638
27.76,9.42146600594638
27.77,9.42146600594638
27.78,9.42146600594638
27.79,9.42146600594638
27.8,9.42146600594638
27.81,9.42146600594638
27.82,9.42146600594638
27.83,9.42146600594638
27.84,9.42146600594638
27.85,9.42146600594638
27.86,9.42146600594638
27.87,9.42146600594638
27.88,9.42146600594638
27.89,9.42146600594638
27.9,9.42146600594638
27.91,9.42146600594638
27.92,9.42146600594638
27.93,9.42146600594638
27.94,9.42146600594638
27.95,9.42146600594638
27.96,9.42146600594638
27.97,9.42146600594638
27.98,9.42146600594638
27.99,9.42146600594638
28,9.42146600594638
28.01,9.42146600594638
28.02,9.42146600594638
28.03,9.42146600594638
28.04,9.42146600594638
28.05,9.42146600594638
28.06,9.42146600594638
28.07,9.42146600594638
28.08,9.42146600594638
28.09,80.8055898882588
28.1,80.8055898882588
28.11,80.8055898882588
28.12,80.8055898882588
28.13,80.8055898882588
28.14,80.8055898882588
28.15,80.8055898882588
28.16,80.8055898882588
28.17,80.8055898882588
28.18,80.8055898882588
28.19,80.8055898882588
28.2,80.8055898882588
28.21,80.8055898882588
28.22,80.8055898882588
28.23,80.8055898882588
28.24,80.8055898882588
28.25,80.8055898882588
28.26,80.8055898882588
28.27,80.8055898882588
28.28,80.8055898882588
28.29,80.8055898882588
28.3,80.8055898882588
28.31,80.8055898882588
28.32,80.8055898882588
28.33,80.8055898882588
28.34,80.8055898882588
28.35,80.8055898882588
28.36,80.8055898882588
28.37,80.8055898882588
28.38,80.8055898882588
28.39,80.8055898882588
28.4,80.8055898882588
28.41,80.8055898882588
28.42,80.8055898882588
28.43,80.8055898882588
28.44,80.8055898882588
28.45,80.8055898882588
28.46,80.8055898882588
28.47,80.8055898882588
28.48,80.8055898882588
28.49,80.8055898882588
28.5,80.8055898882588
28.51,80.8055898882588
28.52,80.8055898882588
28.53,80.8055898882588
28.54,80.8055898882588
28.55,80.8055898882588
28.56,80.8055898882588
28.57,80.8055898882588
28.58,80.8055898882588
28.59,80.8055898882588
28.6,80.8055898882588
28.61,80.8055898882588
28.62,80.8055898882588
28.63,80.8055898882588
28.64,80.8055898882588
28.65,80.8055898882588
28.66,80.8055898882588
28.67,80.8055898882588
28.68,80.8055898882588
28.69,80.8055898882588
28.7,80.8055898882588
28.71,80.8055898882588
28.72,80.8055898882588
28.73,80.8055898882588
28.74,80.8055898882588
28.75,80.8055898882588
28.76,80.8055898882588
28.77,80.8055898882588
28.78,80.8055898882588
28.79,80.8055898882588
28.8,80.8055898882588
28.81,80.8055898882588
28.82,80.8055898882588
28.83,80.8055898882588
28.84,80.8055898882588
28.85,80.8055898882588
28.86,80.8055898882588
28.87,80.8055898882588
28.88,80.8055898882588
28.89,80.8055898882588
28.9,80.8055898882588
28.91,80.8055898882588
28.92,80.8055898882588
28.93,80.8055898882588
28.94,80.8055898882588
28.95,80.8055898882588
28.96,80.8055898882588
28.97,80.8055898882588
28.98,80.8055898882588
28.99,80.8055898882588
29,80.8055898882588
29.01,80.8055898882588
29.02,80.8055898882588
29.03,80.8055898882588
29.04,80.8055898882588
29.05,80.8055898882588
29.06,80.8055898882588
29.07,80.8055898882588
29.08,80.8055898882588
29.09,80.8055898882588
29.1,80.8055898882588
29.11,80.8055898882588
29.12,80.8055898882588
29.13,80.8055898882588
29.14,80.8055898882588
29.15,80.8055898882588
29.16,80.8055898882588
29.17,80.8055898882588
29.18,80.8055898882588
29.19,80.8055898882588
29.2,80.8055898882588
29.21,80.8055898882588
29.22,80.8055898882588
29.23,80.8055898882588
29.24,80.8055898882588
29.25,80.8055898882588
29.26,80.8055898882588
29.27,80.8055898882588
29.28,80.8055898882588
29.29,80.8055898882588
29.3,80.8055898882588
29.31,80.8055898882588
29.32,80.8055898882588
29.33,80.8055898882588
29.34,80.8055898882588
29.35,80.8055898882588
29.36,80.8055898882588
29.37,80.8055898882588
29.38,80.8055898882588
29.39,80.8055898882588
29.4,80.8055898882588
29.41,80.8055898882588
29.42,80.8055898882588
29.43,80.8055898882588
29.44,80.8055898882588
29.45,80.8055898882588
29.46,80.8055898882588
29.47,80.8055898882588
29.48,80.8055898882588
29.49,80.8055898882588
29.5,80.8055898882588
29.51,80.8055898882588
29.52,80.8055898882588
29.53,80.8055898882588
29.54,80.8055898882588
29.55,80.8055898882588
29.56,80.8055898882588
29.57,80.8055898882588
29.58,80.8055898882588
29.59,80.8055898882588
29.6,80.8055898882588
29.61,80.8055898882588
29.62,80.8055898882588
29.63,80.8055898882588
29.64,80.8055898882588
29.65,80.8055898882588
29.66,80.8055898882588
29.67,80.8055898882588
29.68,80.8055898882588
29.69,80.8055898882588
29.7,80.8055898882588
29.71,80.8055898882588
29.72,80.8055898882588
29.73,80.8055898882588
29.74,80.8055898882588
29.75,80.8055898882588
29.76,80.8055898882588
29.77,80.8055898882588
29.78,80.8055898882588
29.79,80.8055898882588
29.8,80.8055898882588
29.81,80.8055898882588
29.82,80.8055898882588
29.83,80.8055898882588
29.84,80.8055898882588
29.85,80.8055898882588
29.86,80.8055898882588
29.87,80.8055898882588
29.88,80.8055898882588
29.89,80.8055898882588
29.9,80.8055898882588
29.91,80.8055898882588
29.92,80.8055898882588
29.93,80.8055898882588
29.94,80.8055898882588
29.95,80.8055898882588
29.96,80.8055898882588
29.97,80.8055898882588
29.98,80.8055898882588
29.99,80.8055898882588
30,80.8055898882588
30.01,80.8055898882588
30.02,80.8055898882588
30.03,80.8055898882588
30.04,80.8055898882588
30.05,80.8055898882588
30.06,80.8055898882588
30.07,80.8055898882588
30.08,80.8055898882588
30.09,80.8055898882588
30.1,80.8055898882588
30.11,80.8055898882588
30.12,80.8055898882588
30.13,80.8055898882588
30.14,80.8055898882588
30.15,80.8055898882588
30.16,80.8055898882588
30.17,80.8055898882588
30.18,80.8055898882588
30.19,80.8055898882588
30.2,80.8055898882588
30.21,80.8055898882588
30.22,80.8055898882588
30.23,80.8055898882588
30.24,80.8055898882588
30.25,80.8055898882588
30.26,80.8055898882588
30.27,80.8055898882588
30.28,80.8055898882588
30.29,80.8055898882588
30.3,80.8055898882588
30.31,80.8055898882588
30.32,80.8055898882588
30.33,80.8055898882588
30.34,80.8055898882588
30.35,80.8055898882588
30.36,80.8055898882588
30.37,80.8055898882588
30.38,80.8055898882588
30.39,80.8055898882588
30.4,80.8055898882588
30.41,80.8055898882588
30.42,80.8055898882588
30.43,80.8055898882588
30.44,80.8055898882588
30.45,80.8055898882588
30.46,80.8055898882588
30.47,80.8055898882588
30.48,80.8055898882588
30.49,80.8055898882588
30.5,80.8055898882588
30.51,80.8055898882588
30.52,80.8055898882588
30.53,80.8055898882588
30.54,80.8055898882588
30.55,80.8055898882588
30.56,80.8055898882588
30.57,80.8055898882588
30.58,80.8055898882588
30.59,80.8055898882588
30.6,80.8055898882588
30.61,80.8055898882588
30.62,80.8055898882588
30.63,80.8055898882588
30.64,80.8055898882588
30.65,80.8055898882588
30.66,80.8055898882588
30.67,80.8055898882588
30.68,80.8055898882588
30.69,80.8055898882588
30.7,80.8055898882588
30.71,80.8055898882588
30.72,80.8055898882588
30.73,80.8055898882588
30.74,80.8055898882588
30.75,80.8055898882588
30.76,80.8055898882588
30.77,80.8055898882588
30.78,80.8055898882588
30.79,80.8055898882588
30.8,80.8055898882588
30.81,80.8055898882588
30.82,80.8055898882588
30.83,80.8055898882588
30.84,80.8055898882588
30.85,43.012091971212
30.86,43.012091971212
30.87,43.012091971212
30.88,43.012091971212
30.89,43.012091971212
30.9,43.012091971212
30.91,43.012091971212
30.92,43.012091971212
30.93,43.012091971212
30.94,43.012091971212
30.95,43.012091971212
30.96,43.012091971212
30.97,43.012091971212
30.98,43.012091971212
30.99,43.012091971212
31,43.012091971212
31.01,43.012091971212
31.02,43.012091971212
31.03,43.012091971212
31.04,43.012091971212
31.05,43.012091971212
31.06,43.012091971212
31.07,43.012091971212
31.08,43.012091971212
31.09,43.012091971212
31.1,43.012091971212
31.11,43.012091971212
31.12,43.012091971212
31.13,43.012091971212
31.14,43.012091971212
31.15,43.012091971212
31.16,43.012091971212
31.17,43.012091971212
31.18,43.012091971212
31.19,43.012091971212
31.2,43.012091971212
31.21,43.012091971212
31.22,43.012091971212
31.23,43.012091971212
31.24,43.012091971212
31.25,43.012091971212
31.26,43.012091971212
31.27,43.012091971212
31.28,43.012091971212
31.29,43.012091971212
31.3,43.012091971212
31.31,43.012091971212
31.32,43.012091971212
31.33,43.012091971212
31.34,43.012091971212
31.35,43.012091971212
31.36,43.012091971212
31.37,43.012091971212
31.38,43.012091971212
31.39,43.012091971212
31.4,43.012091971212
31.41,43.012091971212
31.42,43.012091971212
31.43,43.012091971212
31.44,43.012091971212
31.45,43.012091971212
31.46,43.012091971212
31.47,43.012091971212
31.48,43.012091971212
31.49,43.012091971212
31.5,43.012091971212
31.51,43.012091971212
31.52,43.012091971212
31.53,43.012091971212
31.54,43.012091971212
31.55,43.012091971212
31.56,43.012091971212
31.57,43.012091971212
31.58,43.012091971212
31.59,43.012091971212
31.6,43.012091971212
31.61,43.012091971212
31.62,43.012091971212
31.63,43.012091971212
31.64,43.012091971212
31.65,43.012091971212
31.66,43.012091971212
31.67,43.012091971212
31.68,43.012091971212
31.69,43.012091971212
31.7,43.012091971212
31.71,43.012091971212
31.72,43.012091971212
31.73,43.012091971212
31.74,43.012091971212
31.75,43.012091971212
31.76,43.012091971212
31.77,43.012091971212
31.78,43.012091971212
31.79,43.012091971212
31.8,43.012091971212
31.81,43.012091971212
31.82,43.012091971212
31.83,43.012091971212
31.84,43.012091971212
31.85,43.012091971212
31.86,43.012091971212
31.87,43.012091971212
31.88,43.012091971212
31.89,43.012091971212
31.9,43.012091971212
31.91,43.012091971212
31.92,43.012091971212
31.93,43.012091971212
31.94,43.012091971212
31.95,43.012091971212
31.96,43.012091971212
31.97,43.012091971212
31.98,43.012091971212
31.99,43.012091971212
32,43.012091971212
32.01,43.012091971212
32.02,43.012091971212
32.03,43.012091971212
32.04,43.012091971212
32.05,43.012091971212
32.06,43.012091971212
32.07,43.012091971212
32.08,43.012091971212
32.09,43.012091971212
32.1,43.012091971212
32.11,43.012091971212
32.12,43.012091971212
32.13,43.012091971212
32.14,43.012091971212
32.15,43.012091971212
32.16,43.012091971212
32.17,43.012091971212
32.18,43.012091971212
32.19,43.012091971212
32.2,43.012091971212
32.21,43.012091971212
32.22,43.012091971212
32.23,43.012091971212
32.24,43.012091971212
32.25,43.012091971212
32.26,43.012091971212
32.27,43.012091971212
32.28,43.012091971212
32.29,43.012091971212
32.3,43.012091971212
32.31,43.012091971212
32.32,43.012091971212
32.33,43.012091971212
32.34,43.012091971212
32.35,43.012091971212
32.36,43.012091971212
32.37,43.012091971212
32.38,43.012091971212
32.39,43.012091971212
32.4,43.012091971212
32.41,43.012091971212
32.42,43.012091971212
32.43,43.012091971212
32.44,43.012091971212
32.45,43.012091971212
32.46,43.012091971212
32.47,43.012091971212
32.48,43.012091971212
32.49,43.012091971212
32.5,43.012091971212
32.51,43.012091971212
32.52,43.012091971212
32.53,43.012091971212
32.54,43.012091971212
32.55,43.012091971212
32.56,43.012091971212
32.57,43.012091971212
32.58,43.012091971212
32.59,43.012091971212
32.6,43.012091971212
32.61,43.012091971212
32.62,43.012091971212
32.63,43.012091971212
32.64,43.012091971212
32.65,43.012091971212
32.66,43.012091971212
32.67,43.012091971212
32.68,43.012091971212
32.69,43.012091971212
32.7,43.012091971212
32.71,43.012091971212
32.72,43.012091971212
32.73,43.012091971212
32.74,43.012091971212
32.75,43.012091971212
32.76,43.012091971212
32.77,43.012091971212
32.78,43.012091971212
32.79,43.012091971212
32.8,43.012091971212
32.81,43.012091971212
32.82,43.012091971212
32.83,43.012091971212
32.84,43.012091971212
32.85,43.012091971212
32.86,43.012091971212
32.87,43.012091971212
32.88,43.012091971212
32.89,43.012091971212
32.9,43.012091971212
32.91,43.012091971212
32.92,43.012091971212
32.93,43.012091971212
32.94,43.012091971212
32.95,43.012091971212
32.96,43.012091971212
32.97,43.012091971212
32.98,43.012091971212
32.99,43.012091971212
33,43.012091971212
33.01,43.012091971212
33.02,43.012091971212
33.03,43.012091971212
33.04,43.012091971212
33.05,43.012091971212
33.06,43.012091971212
33.07,43.012091971212
33.08,43.012091971212
33.09,43.012091971212
33.1,43.012091971212
33.11,43.012091971212
33.12,43.012091971212
33.13,43.012091971212
33.14,43.012091971212
33.15,43.012091971212
33.16,43.012091971212
33.17,43.012091971212
33.18,43.012091971212
33.19,43.012091971212
33.2,43.012091971212
33.21,43.012091971212
33.22,43.012091971212
33.23,43.012091971212
33.24,43.012091971212
33.25,43.012091971212
33.26,43.012091971212
33.27,43.012091971212
33.28,43.012091971212
33.29,43.012091971212
33.3,43.012091971212
33.31,43.012091971212
33.32,43.012091971212
33.33,43.012091971212
33.34,43.012091971212
33.35,43.012091971212
33.36,43.012091971212
33.37,43.012091971212
33.38,43.012091971212
33.39,43.012091971212
33.4,43.012091971212
33.41,43.012091971212
33.42,43.012091971212
33.43,43.012091971212
33.44,43.012091971212
33.45,43.012091971212
33.46,43.012091971212
33.47,43.012091971212
33.48,43.012091971212
33.49,43.012091971212
33.5,43.012091971212
33.51,43.012091971212
33.52,43.012091971212
33.53,43.012091971212
33.54,43.012091971212
33.55,43.012091971212
33.56,43.012091971212
33.57,43.012091971212
33.58,43.012091971212
33.59,43.012091971212
33.6,43.012091971212
33.61,43.012091971212
33.62,43.012091971212
33.63,43.012091971212
33.64,43.012091971212
33.65,43.012091971212
33.66,43.012091971212
33.67,43.012091971212
33.68,43.012091971212
33.69,43.012091971212
33.7,43.012091971212
33.71,43.012091971212
33.72,43.012091971212
33.73,43.012091971212
33.74,43.012091971212
33.75,43.012091971212
33.76,43.012091971212
33.77,43.012091971212
33.78,43.012091971212
33.79,43.012091971212
33.8,43.012091971212
33.81,43.012091971212
33.82,43.012091971212
33.83,43.012091971212
33.84,43.012091971212
33.85,43.012091971212
33.86,43.012091971212
33.87,43.012091971212
33.88,43.012091971212
33.89,43.012091971212
33.9,43.012091971212
33.91,43.012091971212
33.92,43.012091971212
33.93,43.012091971212
33.94,43.012091971212
33.95,43.012091971212
33.96,43.012091971212
33.97,43.012091971212
33.98,43.012091971212
33.99,43.012091971212
34,43.012091971212
34.01,43.012091971212
34.02,43.012091971212
34.03,43.012091971212
34.04,43.012091971212
34.05,43.012091971212
34.06,43.012091971212
34.07,43.012091971212
34.08,43.012091971212
34.09,43.012091971212
34.1,43.012091971212
34.11,43.012091971212
34.12,43.012091971212
34.13,43.012091971212
34.14,43.012091971212
34.15,43.012091971212
34.16,43.012091971212
34.17,43.012091971212
34.18,43.012091971212
34.19,43.012091971212
34.2,43.012091971212
34.21,43.012091971212
34.22,43.012091971212
34.23,43.012091971212
34.24,43.012091971212
34.25,43.012091971212
34.26,43.012091971212
34.27,43.012091971212
34.28,43.012091971212
34.29,43.012091971212
34.3,43.012091971212
34.31,43.012091971212
34.32,43.012091971212
34.33,43.012091971212
34.34,43.012091971212
34.35,43.012091971212
34.36,43.012091971212
34.37,43.012091971212
34.38,43.012091971212
34.39,43.012091971212
34.4,43.012091971212
34.41,72.7662974729169
34.42,72.7662974729169
34.43,72.7662974729169
34.44,72.7662974729169
34.45,72.7662974729169
34.46,72.7662974729169
34.47,72.7662974729169
34.48,72.7662974729169
34.49,72.7662974729169
34.5,72.7662974729169
34.51,72.7662974729169
34.52,72.7662974729169
34.53,72.7662974729169
34.54,72.7662974729169
34.55,72.7662974729169
34.56,72.7662974729169
34.57,72.7662974729169
34.58,72.7662974729169
34.59,72.7662974729169
34.6,72.7662974729169
34.61,72.7662974729169
34.62,72.7662974729169
34.63,72.7662974729169
34.64,72.7662974729169
34.65,72.7662974729169
34.66,72.7662974729169
34.67,72.7662974729169
34.68,72.7662974729169
34.69,72.7662974729169
34.7,72.7662974729169
34.71,72.7662974729169
34.72,72.7662974729169
34.73,72.7662974729169
34.74,72.7662974729169
34.75,72.7662974729169
34.76,72.7662974729169
34.77,72.7662974729169
34.78,72.7662974729169
34.79,72.7662974729169
34.8,72.7662974729169
34.81,72.7662974729169
34.82,72.7662974729169
34.83,72.7662974729169
34.84,72.7662974729169
34.85,72.7662974729169
34.86,72.7662974729169
34.87,72.7662974729169
34.88,72.7662974729169
34.89,72.7662974729169
34.9,72.7662974729169
34.91,72.7662974729169
34.92,72.7662974729169
34.93,72.7662974729169
34.94,72.7662974729169
34.95,72.7662974729169
34.96,72.7662974729169
34.97,72.7662974729169
34.98,72.7662974729169
34.99,72.7662974729169
35,72.7662974729169
35.01,72.7662974729169
35.02,72.7662974729169
35.03,72.7662974729169
35.04,72.7662974729169
35.05,72.7662974729169
35.06,72.7662974729169
35.07,72.7662974729169
35.08,72.7662974729169
35.09,72.7662974729169
35.1,72.7662974729169
35.11,72.7662974729169
35.12,72.7662974729169
35.13,72.7662974729169
35.14,72.7662974729169
35.15,72.7662974729169
35.16,72.7662974729169
35.17,72.7662974729169
35.18,72.7662974729169
35.19,72.7662974729169
35.2,72.7662974729169
35.21,72.7662974729169
35.22,72.7662974729169
35.23,72.7662974729169
35.24,72.7662974729169
35.25,72.7662974729169
35.26,72.7662974729169
35.27,72.7662974729169
35.28,72.7662974729169
35.29,72.7662974729169
35.3,72.7662974729169
35.31,72.7662974729169
35.32,72.7662974729169
35.33,72.7662974729169
35.34,72.7662974729169
35.35,72.7662974729169
35.36,72.7662974729169
35.37,72.7662974729169
35.38,72.7662974729169
35.39,72.7662974729169
35.4,72.7662974729169
35.41,72.7662974729169
35.42,72.7662974729169
35.43,72.7662974729169
35.44,72.7662974729169
35.45,72.7662974729169
35.46,72.7662974729169
35.47,72.7662974729169
35.48,72.7662974729169
35.49,72.7662974729169
35.5,72.7662974729169
35.51,72.7662974729169
35.52,72.7662974729169
35.53,72.7662974729169
35.54,72.7662974729169
35.55,72.7662974729169
35.56,72.7662974729169
35.57,72.7662974729169
35.58,72.7662974729169
35.59,72.7662974729169
35.6,72.7662974729169
35.61,72.7662974729169
35.62,72.7662974729169
35.63,72.7662974729169
35.64,72.7662974729169
35.65,72.7662974729169
35.66,72.7662974729169
35.67,72.7662974729169
35.68,72.7662974729169
35.69,72.7662974729169
35.7,72.7662974729169
35.71,72.7662974729169
35.72,72.7662974729169
35.73,72.7662974729169
35.74,72.7662974729169
35.75,72.7662974729169
35.76,72.7662974729169
35.77,72.7662974729169
35.78,72.7662974729169
35.79,72.7662974729169
35.8,72.7662974729169
35.81,72.7662974729169
35.82,72.7662974729169
35.83,72.7662974729169
35.84,72.7662974729169
35.85,72.7662974729169
35.86,72.7662974729169
35.87,72.7662974729169
35.88,72.7662974729169
35.89,72.7662974729169
35.9,72.7662974729169
35.91,72.7662974729169
35.92,72.7662974729169
35.93,72.7662974729169
35.94,72.7662974729169
35.95,72.7662974729169
35.96,72.7662974729169
35.97,72.7662974729169
35.98,72.7662974729169
35.99,72.7662974729169
36,72.7662974729169
36.01,72.7662974729169
36.02,72.7662974729169
36.03,72.7662974729169
36.04,72.7662974729169
36.05,72.7662974729169
36.06,72.7662974729169
36.07,72.7662974729169
36.08,72.7662974729169
36.09,72.7662974729169
36.1,72.7662974729169
36.11,72.7662974729169
36.12,72.7662974729169
36.13,72.7662974729169
36.14,72.7662974729169
36.15,72.7662974729169
36.16,72.7662974729169
36.17,72.7662974729169
36.18,72.7662974729169
36.19,72.7662974729169
36.2,72.7662974729169
36.21,72.7662974729169
36.22,72.7662974729169
36.23,72.7662974729169
36.24,72.7662974729169
36.25,72.7662974729169
36.26,72.7662974729169
36.27,72.7662974729169
36.28,72.7662974729169
36.29,72.7662974729169
36.3,72.7662974729169
36.31,72.7662974729169
36.32,72.7662974729169
36.33,72.7662974729169
36.34,72.7662974729169
36.35,72.7662974729169
36.36,72.7662974729169
36.37,72.7662974729169
36.38,72.7662974729169
36.39,72.7662974729169
36.4,72.7662974729169
36.41,72.7662974729169
36.42,72.7662974729169
36.43,72.7662974729169
36.44,72.7662974729169
36.45,72.7662974729169
36.46,72.7662974729169
36.47,72.7662974729169
36.48,72.7662974729169
36.49,72.7662974729169
36.5,72.7662974729169
36.51,72.7662974729169
36.52,72.7662974729169
36.53,72.7662974729169
36.54,72.7662974729169
36.55,72.7662974729169
36.56,72.7662974729169
36.57,72.7662974729169
36.58,72.7662974729169
36.59,72.7662974729169
36.6,72.7662974729169
36.61,72.7662974729169
36.62,72.7662974729169
36.63,72.7662974729169
36.64,72.7662974729169
36.65,72.7662974729169
36.66,72.7662974729169
36.67,72.7662974729169
36.68,72.7662974729169
36.69,72.7662974729169
36.7,72.7662974729169
36.71,72.7662974729169
36.72,72.7662974729169
36.73,72.7662974729169
36.74,72.7662974729169
36.75,72.7662974729169
36.76,72.7662974729169
36.77,72.7662974729169
36.78,72.7662974729169
36.79,72.7662974729169
36.8,72.7662974729169
36.81,72.7662974729169
36.82,72.7662974729169
36.83,72.7662974729169
36.84,72.7662974729169
36.85,72.7662974729169
36.86,72.7662974729169
36.87,72.7662974729169
36.88,72.7662974729169
36.89,72.7662974729169
36.9,72.7662974729169
36.91,72.7662974729169
36.92,72.7662974729169
36.93,72.7662974729169
36.94,72.7662974729169
36.95,72.7662974729169
36.96,72.7662974729169
36.97,72.7662974729169
36.98,72.7662974729169
36.99,72.7662974729169
37,72.7662974729169
37.01,72.7662974729169
37.02,72.7662974729169
37.03,72.7662974729169
37.04,72.7662974729169
37.05,72.7662974729169
37.06,72.7662974729169
37.07,72.7662974729169
37.08,72.7662974729169
37.09,72.7662974729169
37.1,72.7662974729169
37.11,72.7662974729169
37.12,72.7662974729169
37.13,72.7662974729169
37.14,72.7662974729169
37.15,72.7662974729169
37.16,72.7662974729169
37.17,72.7662974729169
37.18,72.7662974729169
37.19,72.7662974729169
37.2,72.7662974729169
37.21,72.7662974729169
37.22,72.7662974729169
37.23,72.7662974729169
37.24,72.7662974729169
37.25,72.7662974729169
37.26,38.9624215639252
37.27,38.9624215639252
37.28,38.9624215639252
37.29,38.9624215639252
37.3,38.9624215639252
37.31,38.9624215639252
37.32,38.9624215639252
37.33,38.9624215639252
37.34,38.9624215639252
37.35,38.9624215639252
37.36,38.9624215639252
37.37,38.9624215639252
37.38,38.9624215639252
37.39,38.9624215639252
37.4,38.9624215639252
37.41,38.9624215639252
37.42,38.9624215639252
37.43,38.9624215639252
37.44,38.9624215639252
37.45,38.9624215639252
37.46,38.9624215639252
37.47,38.9624215639252
37.48,38.9624215639252
37.49,38.9624215639252
37.5,38.9624215639252
37.51,38.9624215639252
37.52,38.9624215639252
37.53,38.9624215639252
37.54,38.9624215639252
37.55,38.9624215639252
37.56,38.9624215639252
37.57,38.9624215639252
37.58,38.9624215639252
37.59,38.9624215639252
37.6,38.9624215639252
37.61,38.9624215639252
37.62,38.9624215639252
37.63,38.9624215639252
37.64,38.9624215639252
37.65,38.9624215639252
37.66,38.9624215639252
37.67,38.9624215639252
37.68,38.9624215639252
37.69,38.9624215639252
37.7,38.9624215639252
37.71,38.9624215639252
37.72,38.9624215639252
37.73,38.9624215639252
37.74,38.9624215639252
37.75,38.9624215639252
37.76,38.9624215639252
37.77,38.9624215639252
37.78,38.9624215639252
37.79,38.9624215639252
37.8,38.9624215639252
37.81,38.9624215639252
37.82,38.9624215639252
37.83,38.9624215639252
37.84,38.9624215639252
37.85,38.9624215639252
37.86,38.9624215639252
37.87,38.9624215639252
37.88,38.9624215639252
37.89,38.9624215639252
37.9,38.9624215639252
37.91,38.9624215639252
37.92,38.9624215639252
37.93,38.9624215639252
37.94,38.9624215639252
37.95,38.9624215639252
37.96,38.9624215639252
37.97,38.9624215639252
37.98,38.9624215639252
37.99,38.9624215639252
38,38.9624215639252
38.01,38.9624215639252
38.02,38.9624215639252
38.03,38.9624215639252
38.04,38.9624215639252
38.05,38.9624215639252
38.06,38.9624215639252
38.07,38.9624215639252
38.08,38.9624215639252
38.09,38.9624215639252
38.1,38.9624215639252
38.11,38.9624215639252
38.12,38.9624215639252
38.13,38.9624215639252
38.14,38.9624215639252
38.15,38.9624215639252
38.16,38.9624215639252
38.17,38.9624215639252
38.18,38.9624215639252
38.19,38.9624215639252
38.2,38.9624215639252
38.21,38.9624215639252
38.22,38.9624215639252
38.23,38.9624215639252
38.24,38.9624215639252
38.25,38.9624215639252
38.26,38.9624215639252
38.27,38.9624215639252
38.28,38.9624215639252
38.29,38.9624215639252
38.3,38.9624215639252
38.31,38.9624215639252
38.32,38.9624215639252
38.33,38.9624215639252
38.34,38.9624215639252
38.35,38.9624215639252
38.36,38.9624215639252
38.37,38.9624215639252
38.38,38.9624215639252
38.39,38.9624215639252
38.4,38.9624215639252
38.41,38.9624215639252
38.42,38.9624215639252
38.43,38.9624215639252
38.44,38.9624215639252
38.45,38.9624215639252
38.46,38.9624215639252
38.47,38.9624215639252
38.48,38.9624215639252
38.49,38.9624215639252
38.5,38.9624215639252
38.51,38.9624215639252
38.52,38.9624215639252
38.53,38.9624215639252
38.54,38.9624215639252
38.55,38.9624215639252
38.56,38.9624215639252
38.57,38.9624215639252
38.58,38.9624215639252
38.59,38.9624215639252
38.6,38.9624215639252
38.61,38.9624215639252
38.62,38.9624215639252
38.63,38.9624215639252
38.64,38.9624215639252
38.65,38.9624215639252
38.66,38.9624215639252
38.67,38.9624215639252
38.68,38.9624215639252
38.69,38.9624215639252
38.7,38.9624215639252
38.71,38.9624215639252
38.72,38.9624215639252
38.73,38.9624215639252
38.74,38.9624215639252
38.75,38.9624215639252
38.76,38.9624215639252
38.77,38.9624215639252
38.78,38.9624215639252
38.79,38.9624215639252
38.8,38.9624215639252
38.81,38.9624215639252
38.82,38.9624215639252
38.83,38.9624215639252
38.84,38.9624215639252
38.85,38.9624215639252
38.86,38.9624215639252
38.87,38.9624215639252
38.88,38.9624215639252
38.89,38.9624215639252
38.9,38.9624215639252
38.91,38.9624215639252
38.92,38.9624215639252
38.93,38.9624215639252
38.94,38.9624215639252
38.95,38.9624215639252
38.96,38.9624215639252
38.97,38.9624215639252
38.98,38.9624215639252
38.99,38.9624215639252
39,38.9624215639252
39.01,38.9624215639252
39.02,38.9624215639252
39.03,38.9624215639252
39.04,38.9624215639252
39.05,38.9624215639252
39.06,38.9624215639252
39.07,38.9624215639252
39.08,38.9624215639252
39.09,38.9624215639252
39.1,38.9624215639252
39.11,38.9624215639252
39.12,38.9624215639252
39.13,38.9624215639252
39.14,38.9624215639252
39.15,38.9624215639252
39.16,38.9624215639252
39.17,38.9624215639252
39.18,38.9624215639252
39.19,38.9624215639252
39.2,38.9624215639252
39.21,38.9624215639252
39.22,38.9624215639252
39.23,38.9624215639252
39.24,38.9624215639252
39.25,38.9624215639252
39.26,38.9624215639252
39.27,38.9624215639252
39.28,38.9624215639252
39.29,38.9624215639252
39.3,38.9624215639252
39.31,38.9624215639252
39.32,38.9624215639252
39.33,38.9624215639252
39.34,38.9624215639252
39.35,38.9624215639252
39.36,38.9624215639252
39.37,38.9624215639252
39.38,38.9624215639252
39.39,38.9624215639252
39.4,38.9624215639252
39.41,38.9624215639252
39.42,38.9624215639252
39.43,38.9624215639252
39.44,38.9624215639252
39.45,38.9624215639252
39.46,38.9624215639252
39.47,38.9624215639252
39.48,38.9624215639252
39.49,38.9624215639252
39.5,38.9624215639252
39.51,38.9624215639252
39.52,38.9624215639252
39.53,38.9624215639252
39.54,38.9624215639252
39.55,38.9624215639252
39.56,38.9624215639252
39.57,38.9624215639252
39.58,38.9624215639252
39.59,38.9624215639252
39.6,38.9624215639252
39.61,38.9624215639252
39.62,38.9624215639252
39.63,38.9624215639252
39.64,38.9624215639252
39.65,38.9624215639252
39.66,38.9624215639252
39.67,38.9624215639252
39.68,38.9624215639252
39.69,38.9624215639252
39.7,38.9624215639252
39.71,38.9624215639252
39.72,38.9624215639252
39.73,38.9624215639252
39.74,38.9624215639252
39.75,38.9624215639252
39.76,38.9624215639252
39.77,38.9624215639252
39.78,38.9624215639252
39.79,38.9624215639252
39.8,38.9624215639252
39.81,38.9624215639252
39.82,38.9624215639252
39.83,38.9624215639252
39.84,38.9624215639252
39.85,38.9624215639252
39.86,38.9624215639252
39.87,38.9624215639252
39.88,38.9624215639252
39.89,38.9624215639252
39.9,38.9624215639252
39.91,38.9624215639252
39.92,38.9624215639252
39.93,38.9624215639252
39.94,38.9624215639252
39.95,38.9624215639252
39.96,38.9624215639252
39.97,38.9624215639252
39.98,38.9624215639252
39.99,38.9624215639252
40,38.9624215639252
40.01,38.9624215639252
40.02,38.9624215639252
40.03,38.9624215639252
40.04,38.9624215639252
40.05,38.9624215639252
40.06,38.9624215639252
40.07,38.9624215639252
40.08,38.9624215639252
40.09,38.9624215639252
40.1,38.9624215639252
40.11,38.9624215639252
40.12,38.9624215639252
40.13,38.9624215639252
40.14,38.9624215639252
40.15,38.9624215639252
40.16,38.9624215639252
40.17,38.9624215639252
40.18,38.9624215639252
40.19,38.9624215639252
40.2,38.9624215639252
40.21,38.9624215639252
40.22,38.9624215639252
40.23,38.9624215639252
40.24,38.9624215639252
40.25,38.9624215639252
40.26,38.9624215639252
40.27,38.9624215639252
40.28,38.9624215639252
40.29,38.9624215639252
40.3,38.9624215639252
40.31,38.9624215639252
40.32,38.9624215639252
40.33,38.9624215639252
40.34,38.9624215639252
40.35,38.9624215639252
40.36,38.9624215639252
40.37,38.9624215639252
40.38,38.9624215639252
40.39,38.9624215639252
40.4,38.9624215639252
40.41,38.9624215639252
40.42,38.9624215639252
40.43,38.9624215639252
40.44,38.9624215639252
40.45,38.9624215639252
40.46,38.9624215639252
40.47,82.4380184426802
40.48,82.4380184426802
40.49,82.4380184426802
40.5,82.4380184426802
40.51,82.4380184426802
40.52,82.4380184426802
40.53,82.4380184426802
40.54,82.4380184426802
40.55,82.4380184426802
40.56,82.4380184426802
40.57,82.4380184426802
40.58,82.4380184426802
40.59,82.4380184426802
40.6,82.4380184426802
40.61,82.4380184426802
40.62,82.4380184426802
40.63,82.4380184426802
40.64,82.4380184426802
40.65,82.4380184426802
40.66,82.4380184426802
40.67,82.4380184426802
40.68,82.4380184426802
40.69,82.4380184426802
40.7,82.4380184426802
40.71,82.4380184426802
40.72,82.4380184426802
40.73,82.4380184426802
40.74,82.4380184426802
40.75,82.4380184426802
40.76,82.4380184426802
40.77,82.4380184426802
40.78,82.4380184426802
40.79,82.4380184426802
40.8,82.4380184426802
40.81,82.4380184426802
40.82,82.4380184426802
40.83,82.4380184426802
40.84,82.4380184426802
40.85,82.4380184426802
40.86,82.4380184426802
40.87,82.4380184426802
40.88,82.4380184426802
40.89,82.4380184426802
40.9,82.4380184426802
40.91,82.4380184426802
40.92,82.4380184426802
40.93,82.4380184426802
40.94,82.4380184426802
40.95,82.4380184426802
40.96,82.4380184426802
40.97,82.4380184426802
40.98,82.4380184426802
40.99,82.4380184426802
41,82.4380184426802
41.01,82.4380184426802
41.02,82.4380184426802
41.03,82.4380184426802
41.04,82.4380184426802
41.05,82.4380184426802
41.06,82.4380184426802
41.07,82.4380184426802
41.08,82.4380184426802
41.09,82.4380184426802
41.1,82.4380184426802
41.11,82.4380184426802
41.12,82.4380184426802
41.13,82.4380184426802
41.14,82.4380184426802
41.15,82.4380184426802
41.16,82.4380184426802
41.17,82.4380184426802
41.18,82.4380184426802
41.19,82.4380184426802
41.2,82.4380184426802
41.21,82.4380184426802
41.22,82.4380184426802
41.23,82.4380184426802
41.24,82.4380184426802
41.25,82.4380184426802
41.26,82.4380184426802
41.27,82.4380184426802
41.28,82.4380184426802
41.29,82.4380184426802
41.3,82.4380184426802
41.31,82.4380184426802
41.32,82.4380184426802
41.33,82.4380184426802
41.34,82.4380184426802
41.35,82.4380184426802
41.36,82.4380184426802
41.37,82.4380184426802
41.38,82.4380184426802
41.39,82.4380184426802
41.4,82.4380184426802
41.41,82.4380184426802
41.42,82.4380184426802
41.43,82.4380184426802
41.44,82.4380184426802
41.45,82.4380184426802
41.46,82.4380184426802
41.47,82.4380184426802
41.48,82.4380184426802
41.49,82.4380184426802
41.5,82.4380184426802
41.51,82.4380184426802
41.52,82.4380184426802
41.53,82.4380184426802
41.54,82.4380184426802
41.55,82.4380184426802
41.56,82.4380184426802
41.57,82.4380184426802
41.58,82.4380184426802
41.59,82.4380184426802
41.6,82.4380184426802
41.61,82.4380184426802
41.62,82.4380184426802
41.63,82.4380184426802
41.64,82.4380184426802
41.65,82.4380184426802
41.66,82.4380184426802
41.67,82.4380184426802
41.68,82.4380184426802
41.69,82.4380184426802
41.7,82.4380184426802
41.71,82.4380184426802
41.72,82.4380184426802
41.73,82.4380184426802
41.74,82.4380184426802
41.75,82.4380184426802
41.76,82.4380184426802
41.77,82.4380184426802
41.78,82.4380184426802
41.79,82.4380184426802
41.8,82.4380184426802
41.81,82.4380184426802
41.82,82.4380184426802
41.83,82.4380184426802
41.84,82.4380184426802
41.85,82.4380184426802
41.86,82.4380184426802
41.87,82.4380184426802
41.88,82.4380184426802
41.89,82.4380184426802
41.9,82.4380184426802
41.91,82.4380184426802
41.92,82.4380184426802
41.93,82.4380184426802
41.94,82.4380184426802
41.95,82.4380184426802
41.96,82.4380184426802
41.97,82.4380184426802
41.98,82.4380184426802
41.99,82.4380184426802
42,82.4380184426802
42.01,82.4380184426802
42.02,82.4380184426802
42.03,82.4380184426802
42.04,82.4380184426802
42.05,82.4380184426802
42.06,82.4380184426802
42.07,82.4380184426802
42.08,82.4380184426802
42.09,82.4380184426802
42.1,82.4380184426802
42.11,82.4380184426802
42.12,82.4380184426802
42.13,82.4380184426802
42.14,82.4380184426802
42.15,82.4380184426802
42.16,82.4380184426802
42.17,82.4380184426802
42.18,82.4380184426802
42.19,82.4380184426802
42.2,82.4380184426802
42.21,82.4380184426802
42.22,82.4380184426802
42.23,82.4380184426802
42.24,82.4380184426802
42.25,82.4380184426802
42.26,82.4380184426802
42.27,82.4380184426802
42.28,82.4380184426802
42.29,82.4380184426802
42.3,82.4380184426802
42.31,82.4380184426802
42.32,82.4380184426802
42.33,82.4380184426802
42.34,82.4380184426802
42.35,82.4380184426802
42.36,82.4380184426802
42.37,82.4380184426802
42.38,82.4380184426802
42.39,82.4380184426802
42.4,82.4380184426802
42.41,82.4380184426802
42.42,82.4380184426802
42.43,82.4380184426802
42.44,82.4380184426802
42.45,82.4380184426802
42.46,82.4380184426802
42.47,82.4380184426802
42.48,82.4380184426802
42.49,82.4380184426802
42.5,82.4380184426802
42.51,82.4380184426802
42.52,82.4380184426802
42.53,82.4380184426802
42.54,82.4380184426802
42.55,82.4380184426802
42.56,82.4380184426802
42.57,82.4380184426802
42.58,82.4380184426802
42.59,82.4380184426802
42.6,82.4380184426802
42.61,82.4380184426802
42.62,82.4380184426802
42.63,82.4380184426802
42.64,82.4380184426802
42.65,82.4380184426802
42.66,82.4380184426802
42.67,82.4380184426802
42.68,82.4380184426802
42.69,82.4380184426802
42.7,82.4380184426802
42.71,82.4380184426802
42.72,82.4380184426802
42.73,82.4380184426802
42.74,82.4380184426802
42.75,82.4380184426802
42.76,82.4380184426802
42.77,82.4380184426802
42.78,82.4380184426802
42.79,82.4380184426802
42.8,43.7538171162259
42.81,43.7538171162259
42.82,43.7538171162259
42.83,43.7538171162259
42.84,43.7538171162259
42.85,43.7538171162259
42.86,43.7538171162259
42.87,43.7538171162259
42.88,43.7538171162259
42.89,43.7538171162259
42.9,43.7538171162259
42.91,43.7538171162259
42.92,43.7538171162259
42.93,43.7538171162259
42.94,43.7538171162259
42.95,43.7538171162259
42.96,43.7538171162259
42.97,43.7538171162259
42.98,43.7538171162259
42.99,43.7538171162259
43,43.7538171162259
43.01,43.7538171162259
43.02,43.7538171162259
43.03,43.7538171162259
43.04,43.7538171162259
43.05,43.7538171162259
43.06,43.7538171162259
43.07,43.7538171162259
43.08,43.7538171162259
43.09,43.7538171162259
43.1,43.7538171162259
43.11,43.7538171162259
43.12,43.7538171162259
43.13,43.7538171162259
43.14,43.7538171162259
43.15,43.7538171162259
43.16,43.7538171162259
43.17,43.7538171162259
43.18,43.7538171162259
43.19,43.7538171162259
43.2,43.7538171162259
43.21,43.7538171162259
43.22,43.7538171162259
43.23,43.7538171162259
43.24,43.7538171162259
43.25,43.7538171162259
43.26,43.7538171162259
43.27,43.7538171162259
43.28,43.7538171162259
43.29,43.7538171162259
43.3,43.7538171162259
43.31,43.7538171162259
43.32,43.7538171162259
43.33,43.7538171162259
43.34,43.7538171162259
43.35,43.7538171162259
43.36,43.7538171162259
43.37,43.7538171162259
43.38,43.7538171162259
43.39,43.7538171162259
43.4,43.7538171162259
43.41,43.7538171162259
43.42,43.7538171162259
43.43,43.7538171162259
43.44,43.7538171162259
43.45,43.7538171162259
43.46,43.7538171162259
43.47,43.7538171162259
43.48,43.7538171162259
43.49,43.7538171162259
43.5,43.7538171162259
43.51,43.7538171162259
43.52,43.7538171162259
43.53,43.7538171162259
43.54,43.7538171162259
43.55,43.7538171162259
43.56,43.7538171162259
43.57,43.7538171162259
43.58,43.7538171162259
43.59,43.7538171162259
43.6,43.7538171162259
43.61,43.7538171162259
43.62,43.7538171162259
43.63,43.7538171162259
43.64,43.7538171162259
43.65,43.7538171162259
43.66,43.7538171162259
43.67,43.7538171162259
43.68,43.7538171162259
43.69,43.7538171162259
43.7,43.7538171162259
43.71,43.7538171162259
43.72,43.7538171162259
43.73,43.7538171162259
43.74,43.7538171162259
43.75,43.7538171162259
43.76,43.7538171162259
43.77,43.7538171162259
43.78,43.7538171162259
43.79,43.7538171162259
43.8,43.7538171162259
43.81,43.7538171162259
43.82,43.7538171162259
43.83,43.7538171162259
43.84,43.7538171162259
43.85,43.7538171162259
43.86,43.7538171162259
43.87,43.7538171162259
43.88,43.7538171162259
43.89,43.7538171162259
43.9,43.7538171162259
43.91,43.7538171162259
43.92,43.7538171162259
43.93,43.7538171162259
43.94,43.7538171162259
43.95,43.7538171162259
43.96,43.7538171162259
43.97,43.7538171162259
43.98,43.7538171162259
43.99,43.7538171162259
44,43.7538171162259
44.01,43.7538171162259
44.02,43.7538171162259
44.03,43.7538171162259
44.04,43.7538171162259
44.05,43.7538171162259
44.06,43.7538171162259
44.07,43.7538171162259
44.08,43.7538171162259
44.09,43.7538171162259
44.1,43.7538171162259
44.11,43.7538171162259
44.12,43.7538171162259
44.13,43.7538171162259
44.14,43.7538171162259
44.15,43.7538171162259
44.16,43.7538171162259
44.17,43.7538171162259
44.18,43.7538171162259
44.19,43.7538171162259
44.2,43.7538171162259
44.21,43.7538171162259
44.22,43.7538171162259
44.23,43.7538171162259
44.24,43.7538171162259
44.25,43.7538171162259
44.26,43.7538171162259
44.27,43.7538171162259
44.28,43.7538171162259
44.29,43.7538171162259
44.3,43.7538171162259
44.31,43.7538171162259
44.32,43.7538171162259
44.33,43.7538171162259
44.34,43.7538171162259
44.35,43.7538171162259
44.36,43.7538171162259
44.37,43.7538171162259
44.38,43.7538171162259
44.39,43.7538171162259
44.4,43.7538171162259
44.41,43.7538171162259
44.42,43.7538171162259
44.43,43.7538171162259
44.44,43.7538171162259
44.45,43.7538171162259
44.46,43.7538171162259
44.47,43.7538171162259
44.48,43.7538171162259
44.49,43.7538171162259
44.5,43.7538171162259
44.51,43.7538171162259
44.52,43.7538171162259
44.53,43.7538171162259
44.54,43.7538171162259
44.55,43.7538171162259
44.56,43.7538171162259
44.57,43.7538171162259
44.58,43.7538171162259
44.59,43.7538171162259
44.6,43.7538171162259
44.61,43.7538171162259
44.62,43.7538171162259
44.63,43.7538171162259
44.64,43.7538171162259
44.65,43.7538171162259
44.66,43.7538171162259
44.67,43.7538171162259
44.68,43.7538171162259
44.69,43.7538171162259
44.7,43.7538171162259
44.71,43.7538171162259
44.72,43.7538171162259
44.73,43.7538171162259
44.74,43.7538171162259
44.75,43.7538171162259
44.76,43.7538171162259
44.77,43.7538171162259
44.78,43.7538171162259
44.79,43.7538171162259
44.8,43.7538171162259
44.81,43.7538171162259
44.82,43.7538171162259
44.83,43.7538171162259
44.84,43.7538171162259
44.85,43.7538171162259
44.86,43.7538171162259
44.87,43.7538171162259
44.88,43.7538171162259
44.89,43.7538171162259
44.9,43.7538171162259
44.91,43.7538171162259
44.92,43.7538171162259
44.93,43.7538171162259
44.94,43.7538171162259
44.95,43.7538171162259
44.96,43.7538171162259
44.97,43.7538171162259
44.98,43.7538171162259
44.99,43.7538171162259
45,43.7538171162259
45.01,43.7538171162259
45.02,43.7538171162259
45.03,43.7538171162259
45.04,43.7538171162259
45.05,43.7538171162259
45.06,43.7538171162259
45.07,43.7538171162259
45.08,43.7538171162259
45.09,43.7538171162259
45.1,43.7538171162259
45.11,43.7538171162259
45.12,43.7538171162259
45.13,43.7538171162259
45.14,43.7538171162259
45.15,43.7538171162259
45.16,43.7538171162259
45.17,43.7538171162259
45.18,43.7538171162259
45.19,43.7538171162259
45.2,43.7538171162259
45.21,43.7538171162259
45.22,43.7538171162259
45.23,43.7538171162259
45.24,43.7538171162259
45.25,43.7538171162259
45.26,43.7538171162259
45.27,43.7538171162259
45.28,43.7538171162259
45.29,43.7538171162259
45.3,43.7538171162259
45.31,43.7538171162259
45.32,43.7538171162259
45.33,43.7538171162259
45.34,43.7538171162259
45.35,43.7538171162259
45.36,43.7538171162259
45.37,43.7538171162259
45.38,43.7538171162259
45.39,43.7538171162259
45.4,43.7538171162259
45.41,43.7538171162259
45.42,43.7538171162259
45.43,43.7538171162259
45.44,43.7538171162259
45.45,43.7538171162259
45.46,43.7538171162259
45.47,43.7538171162259
45.48,43.7538171162259
45.49,43.7538171162259
45.5,43.7538171162259
45.51,43.7538171162259
45.52,43.7538171162259
45.53,43.7538171162259
45.54,43.7538171162259
45.55,43.7538171162259
45.56,43.7538171162259
45.57,43.7538171162259
45.58,43.7538171162259
45.59,43.7538171162259
45.6,43.7538171162259
45.61,43.7538171162259
45.62,43.7538171162259
45.63,43.7538171162259
45.64,43.7538171162259
45.65,43.7538171162259
45.66,43.7538171162259
45.67,43.7538171162259
45.68,43.7538171162259
45.69,43.7538171162259
45.7,43.7538171162259
45.71,43.7538171162259
45.72,43.7538171162259
45.73,43.7538171162259
45.74,43.7538171162259
45.75,43.7538171162259
45.76,43.7538171162259
45.77,43.7538171162259
45.78,43.7538171162259
45.79,43.7538171162259
45.8,43.7538171162259
45.81,43.7538171162259
45.82,32.3604343994333
45.83,32.3604343994333
45.84,32.3604343994333
45.85,32.3604343994333
45.86,32.3604343994333
45.87,32.3604343994333
45.88,32.3604343994333
45.89,32.3604343994333
45.9,32.3604343994333
45.91,32.3604343994333
45.92,32.3604343994333
45.93,32.3604343994333
45.94,32.3604343994333
45.95,32.3604343994333
45.96,32.3604343994333
45.97,32.3604343994333
45.98,32.3604343994333
45.99,32.3604343994333
46,32.3604343994333
46.01,32.3604343994333
46.02,32.3604343994333
46.03,32.3604343994333
46.04,32.3604343994333
46.05,32.3604343994333
46.06,32.3604343994333
46.07,32.3604343994333
46.08,32.3604343994333
46.09,32.3604343994333
46.1,32.3604343994333
46.11,32.3604343994333
46.12,32.3604343994333
46.13,32.3604343994333
46.14,32.3604343994333
46.15,32.3604343994333
46.16,32.3604343994333
46.17,32.3604343994333
46.18,32.3604343994333
46.19,32.3604343994333
46.2,32.3604343994333
46.21,32.3604343994333
46.22,32.3604343994333
46.23,32.3604343994333
46.24,32.3604343994333
46.25,32.3604343994333
46.26,32.3604343994333
46.27,32.3604343994333
46.28,32.3604343994333
46.29,32.3604343994333
46.3,32.3604343994333
46.31,32.3604343994333
46.32,32.3604343994333
46.33,32.3604343994333
46.34,32.3604343994333
46.35,32.3604343994333
46.36,32.3604343994333
46.37,32.3604343994333
46.38,32.3604343994333
46.39,32.3604343994333
46.4,32.3604343994333
46.41,32.3604343994333
46.42,32.3604343994333
46.43,32.3604343994333
46.44,32.3604343994333
46.45,32.3604343994333
46.46,32.3604343994333
46.47,32.3604343994333
46.48,32.3604343994333
46.49,32.3604343994333
46.5,32.3604343994333
46.51,32.3604343994333
46.52,32.3604343994333
46.53,32.3604343994333
46.54,32.3604343994333
46.55,32.3604343994333
46.56,32.3604343994333
46.57,32.3604343994333
46.58,32.3604343994333
46.59,32.3604343994333
46.6,32.3604343994333
46.61,32.3604343994333
46.62,32.3604343994333
46.63,32.3604343994333
46.64,32.3604343994333
46.65,32.3604343994333
46.66,32.3604343994333
46.67,32.3604343994333
46.68,32.3604343994333
46.69,32.3604343994333
46.7,32.3604343994333
46.71,32.3604343994333
46.72,32.3604343994333
46.73,32.3604343994333
46.74,32.3604343994333
46.75,32.3604343994333
46.76,32.3604343994333
46.77,32.3604343994333
46.78,32.3604343994333
46.79,32.3604343994333
46.8,32.3604343994333
46.81,32.3604343994333
46.82,32.3604343994333
46.83,32.3604343994333
46.84,32.3604343994333
46.85,32.3604343994333
46.86,32.3604343994333
46.87,32.3604343994333
46.88,32.3604343994333
46.89,32.3604343994333
46.9,32.3604343994333
46.91,32.3604343994333
46.92,32.3604343994333
46.93,32.3604343994333
46.94,32.3604343994333
46.95,32.3604343994333
46.96,32.3604343994333
46.97,32.3604343994333
46.98,32.3604343994333
46.99,32.3604343994333
47,32.3604343994333
47.01,32.3604343994333
47.02,32.3604343994333
47.03,32.3604343994333
47.04,32.3604343994333
47.05,32.3604343994333
47.06,32.3604343994333
47.07,32.3604343994333
47.08,32.3604343994333
47.09,32.3604343994333
47.1,32.3604343994333
47.11,32.3604343994333
47.12,32.3604343994333
47.13,32.3604343994333
47.14,32.3604343994333
47.15,32.3604343994333
47.16,32.3604343994333
47.17,32.3604343994333
47.18,32.3604343994333
47.19,32.3604343994333
47.2,32.3604343994333
47.21,32.3604343994333
47.22,32.3604343994333
47.23,32.3604343994333
47.24,32.3604343994333
47.25,32.3604343994333
47.26,32.3604343994333
47.27,32.3604343994333
47.28,32.3604343994333
47.29,32.3604343994333
47.3,32.3604343994333
47.31,32.3604343994333
47.32,32.3604343994333
47.33,32.3604343994333
47.34,32.3604343994333
47.35,32.3604343994333
47.36,32.3604343994333
47.37,32.3604343994333
47.38,32.3604343994333
47.39,32.3604343994333
47.4,32.3604343994333
47.41,32.3604343994333
47.42,32.3604343994333
47.43,32.3604343994333
47.44,32.3604343994333
47.45,32.3604343994333
47.46,32.3604343994333
47.47,32.3604343994333
47.48,32.3604343994333
47.49,32.3604343994333
47.5,32.3604343994333
47.51,32.3604343994333
47.52,32.3604343994333
47.53,32.3604343994333
47.54,32.3604343994333
47.55,32.3604343994333
47.56,32.3604343994333
47.57,32.3604343994333
47.58,32.3604343994333
47.59,32.3604343994333
47.6,32.3604343994333
47.61,32.3604343994333
47.62,32.3604343994333
47.63,32.3604343994333
47.64,32.3604343994333
47.65,32.3604343994333
47.66,32.3604343994333
47.67,32.3604343994333
47.68,32.3604343994333
47.69,32.3604343994333
47.7,32.3604343994333
47.71,32.3604343994333
47.72,32.3604343994333
47.73,32.3604343994333
47.74,32.3604343994333
47.75,32.3604343994333
47.76,32.3604343994333
47.77,32.3604343994333
47.78,32.3604343994333
47.79,32.3604343994333
47.8,32.3604343994333
47.81,32.3604343994333
47.82,32.3604343994333
47.83,32.3604343994333
47.84,32.3604343994333
47.85,32.3604343994333
47.86,32.3604343994333
47.87,32.3604343994333
47.88,32.3604343994333
47.89,32.3604343994333
47.9,32.3604343994333
47.91,32.3604343994333
47.92,32.3604343994333
47.93,32.3604343994333
47.94,32.3604343994333
47.95,32.3604343994333
47.96,32.3604343994333
47.97,32.3604343994333
47.98,32.3604343994333
47.99,32.3604343994333
48,32.3604343994333
48.01,32.3604343994333
48.02,32.3604343994333
48.03,32.3604343994333
48.04,32.3604343994333
48.05,32.3604343994333
48.06,32.3604343994333
48.07,32.3604343994333
48.08,32.3604343994333
48.09,32.3604343994333
48.1,32.3604343994333
48.11,32.3604343994333
48.12,32.3604343994333
48.13,32.3604343994333
48.14,32.3604343994333
48.15,32.3604343994333
48.16,32.3604343994333
48.17,32.3604343994333
48.18,32.3604343994333
48.19,32.3604343994333
48.2,32.3604343994333
48.21,32.3604343994333
48.22,32.3604343994333
48.23,32.3604343994333
48.24,32.3604343994333
48.25,32.3604343994333
48.26,32.3604343994333
48.27,32.3604343994333
48.28,32.3604343994333
48.29,32.3604343994333
48.3,32.3604343994333
48.31,32.3604343994333
48.32,32.3604343994333
48.33,32.3604343994333
48.34,32.3604343994333
48.35,32.3604343994333
48.36,32.3604343994333
48.37,32.3604343994333
48.38,32.3604343994333
48.39,32.3604343994333
48.4,32.3604343994333
48.41,32.3604343994333
48.42,32.3604343994333
48.43,32.3604343994333
48.44,32.3604343994333
48.45,32.3604343994333
48.46,32.3604343994333
48.47,32.3604343994333
48.48,32.3604343994333
48.49,32.3604343994333
48.5,32.3604343994333
48.51,32.3604343994333
48.52,32.3604343994333
48.53,32.3604343994333
48.54,32.3604343994333
48.55,32.3604343994333
48.56,32.3604343994333
48.57,32.3604343994333
48.58,32.3604343994333
48.59,32.3604343994333
48.6,32.3604343994333
48.61,32.3604343994333
48.62,32.3604343994333
48.63,32.3604343994333
48.64,32.3604343994333
48.65,32.3604343994333
48.66,32.3604343994333
48.67,32.3604343994333
48.68,32.3604343994333
48.69,32.3604343994333
48.7,32.3604343994333
48.71,32.3604343994333
48.72,32.3604343994333
48.73,32.3604343994333
48.74,32.3604343994333
48.75,32.3604343994333
48.76,32.3604343994333
48.77,32.3604343994333
48.78,32.3604343994333
48.79,32.3604343994333
48.8,32.3604343994333
48.81,32.3604343994333
48.82,32.3604343994333
48.83,32.3604343994333
48.84,32.3604343994333
48.85,32.3604343994333
48.86,32.3604343994333
48.87,32.3604343994333
48.88,32.3604343994333
48.89,32.3604343994333
48.9,32.3604343994333
48.91,32.3604343994333
48.92,32.3604343994333
48.93,32.3604343994333
48.94,32.3604343994333
48.95,32.3604343994333
48.96,32.3604343994333
48.97,32.3604343994333
48.98,32.3604343994333
48.99,32.3604343994333
49,32.3604343994333
49.01,32.3604343994333
49.02,32.3604343994333
49.03,32.3604343994333
49.04,32.3604343994333
49.05,32.3604343994333
49.06,32.3604343994333
49.07,32.3604343994333
49.08,32.3604343994333
49.09,32.3604343994333
49.1,32.3604343994333
49.11,32.3604343994333
49.12,32.3604343994333
49.13,32.3604343994333
49.14,32.3604343994333
49.15,32.3604343994333
49.16,32.3604343994333
49.17,32.3604343994333
49.18,32.3604343994333
49.19,32.3604343994333
49.2,32.3604343994333
49.21,32.3604343994333
49.22,32.3604343994333
49.23,32.3604343994333
49.24,32.3604343994333
49.25,32.3604343994333
49.26,32.3604343994333
49.27,32.3604343994333
49.28,32.3604343994333
49.29,32.3604343994333
49.3,32.3604343994333
49.31,32.3604343994333
49.32,32.3604343994333
49.33,32.3604343994333
49.34,32.3604343994333
49.35,32.3604343994333
49.36,32.3604343994333
49.37,32.3604343994333
49.38,32.3604343994333
49.39,32.3604343994333
49.4,32.3604343994333
49.41,32.3604343994333
49.42,32.3604343994333
49.43,32.3604343994333
49.44,32.3604343994333
49.45,32.3604343994333
49.46,32.3604343994333
49.47,32.3604343994333
49.48,32.3604343994333
49.49,32.3604343994333
49.5,32.3604343994333
49.51,32.3604343994333
49.52,32.3604343994333
49.53,32.3604343994333
49.54,32.3604343994333
49.55,32.3604343994333
49.56,32.3604343994333
49.57,32.3604343994333
49.58,32.3604343994333
49.59,32.3604343994333
49.6,32.3604343994333
49.61,32.3604343994333
49.62,32.3604343994333
49.63,32.3604343994333
49.64,32.3604343994333
49.65,32.3604343994333
49.66,32.3604343994333
49.67,32.3604343994333
49.68,32.3604343994333
49.69,32.3604343994333
49.7,32.3604343994333
49.71,32.3604343994333
49.72,32.3604343994333
49.73,32.3604343994333
49.74,32.3604343994333
49.75,32.3604343994333
49.76,55.7184324546174
49.77,55.7184324546174
49.78,55.7184324546174
49.79,55.7184324546174
49.8,55.7184324546174
49.81,55.7184324546174
49.82,55.7184324546174
49.83,55.7184324546174
49.84,55.7184324546174
49.85,55.7184324546174
49.86,55.7184324546174
49.87,55.7184324546174
49.88,55.7184324546174
49.89,55.7184324546174
49.9,55.7184324546174
49.91,55.7184324546174
49.92,55.7184324546174
49.93,55.7184324546174
49.94,55.7184324546174
49.95,55.7184324546174
49.96,55.7184324546174
49.97,55.7184324546174
49.98,55.7184324546174
49.99,55.7184324546174
50,55.7184324546174
50.01,55.7184324546174
50.02,55.7184324546174
50.03,55.7184324546174
50.04,55.7184324546174
50.05,55.7184324546174
50.06,55.7184324546174
50.07,55.7184324546174
50.08,55.7184324546174
50.09,55.7184324546174
50.1,55.7184324546174
50.11,55.7184324546174
50.12,55.7184324546174
50.13,55.7184324546174
50.14,55.7184324546174
50.15,55.7184324546174
50.16,55.7184324546174
50.17,55.7184324546174
50.18,55.7184324546174
50.19,55.7184324546174
50.2,55.7184324546174
50.21,55.7184324546174
50.22,55.7184324546174
50.23,55.7184324546174
50.24,55.7184324546174
50.25,55.7184324546174
50.26,55.7184324546174
50.27,55.7184324546174
50.28,55.7184324546174
50.29,55.7184324546174
50.3,55.7184324546174
50.31,55.7184324546174
50.32,55.7184324546174
50.33,55.7184324546174
50.34,55.7184324546174
50.35,55.7184324546174
50.36,55.7184324546174
50.37,55.7184324546174
50.38,55.7184324546174
50.39,55.7184324546174
50.4,55.7184324546174
50.41,55.7184324546174
50.42,55.7184324546174
50.43,55.7184324546174
50.44,55.7184324546174
50.45,55.7184324546174
50.46,55.7184324546174
50.47,55.7184324546174
50.48,55.7184324546174
50.49,55.7184324546174
50.5,55.7184324546174
50.51,55.7184324546174
50.52,55.7184324546174
50.53,55.7184324546174
50.54,55.7184324546174
50.55,55.7184324546174
50.56,55.7184324546174
50.57,55.7184324546174
50.58,55.7184324546174
50.59,55.7184324546174
50.6,55.7184324546174
50.61,55.7184324546174
50.62,55.7184324546174
50.63,55.7184324546174
50.64,55.7184324546174
50.65,55.7184324546174
50.66,55.7184324546174
50.67,55.7184324546174
50.68,55.7184324546174
50.69,55.7184324546174
50.7,55.7184324546174
50.71,55.7184324546174
50.72,55.7184324546174
50.73,55.7184324546174
50.74,55.7184324546174
50.75,55.7184324546174
50.76,55.7184324546174
50.77,55.7184324546174
50.78,55.7184324546174
50.79,55.7184324546174
50.8,55.7184324546174
50.81,55.7184324546174
50.82,55.7184324546174
50.83,55.7184324546174
50.84,55.7184324546174
50.85,55.7184324546174
50.86,55.7184324546174
50.87,55.7184324546174
50.88,55.7184324546174
50.89,55.7184324546174
50.9,55.7184324546174
50.91,55.7184324546174
50.92,55.7184324546174
50.93,55.7184324546174
50.94,55.7184324546174
50.95,55.7184324546174
50.96,55.7184324546174
50.97,55.7184324546174
50.98,55.7184324546174
50.99,55.7184324546174
51,55.7184324546174
51.01,55.7184324546174
51.02,55.7184324546174
51.03,55.7184324546174
51.04,55.7184324546174
51.05,55.7184324546174
51.06,55.7184324546174
51.07,55.7184324546174
51.08,55.7184324546174
51.09,55.7184324546174
51.1,55.7184324546174
51.11,55.7184324546174
51.12,55.7184324546174
51.13,55.7184324546174
51.14,55.7184324546174
51.15,55.7184324546174
51.16,55.7184324546174
51.17,55.7184324546174
51.18,55.7184324546174
51.19,55.7184324546174
51.2,55.7184324546174
51.21,55.7184324546174
51.22,55.7184324546174
51.23,55.7184324546174
51.24,55.7184324546174
51.25,55.7184324546174
51.26,55.7184324546174
51.27,55.7184324546174
51.28,55.7184324546174
51.29,55.7184324546174
51.3,55.7184324546174
51.31,55.7184324546174
51.32,55.7184324546174
51.33,55.7184324546174
51.34,55.7184324546174
51.35,55.7184324546174
51.36,55.7184324546174
51.37,55.7184324546174
51.38,55.7184324546174
51.39,55.7184324546174
51.4,55.7184324546174
51.41,55.7184324546174
51.42,55.7184324546174
51.43,55.7184324546174
51.44,55.7184324546174
51.45,55.7184324546174
51.46,55.7184324546174
51.47,55.7184324546174
51.48,55.7184324546174
51.49,55.7184324546174
51.5,55.7184324546174
51.51,55.7184324546174
51.52,55.7184324546174
51.53,55.7184324546174
51.54,55.7184324546174
51.55,55.7184324546174
51.56,55.7184324546174
51.57,55.7184324546174
51.58,55.7184324546174
51.59,55.7184324546174
51.6,55.7184324546174
51.61,55.7184324546174
51.62,55.7184324546174
51.63,55.7184324546174
51.64,55.7184324546174
51.65,55.7184324546174
51.66,55.7184324546174
51.67,55.7184324546174
51.68,55.7184324546174
51.69,55.7184324546174
51.7,55.7184324546174
51.71,55.7184324546174
51.72,55.7184324546174
51.73,55.7184324546174
51.74,55.7184324546174
51.75,55.7184324546174
51.76,55.7184324546174
51.77,55.7184324546174
51.78,55.7184324546174
51.79,55.7184324546174
51.8,55.7184324546174
51.81,55.7184324546174
51.82,55.7184324546174
51.83,55.7184324546174
51.84,55.7184324546174
51.85,55.7184324546174
51.86,55.7184324546174
51.87,55.7184324546174
51.88,55.7184324546174
51.89,55.7184324546174
51.9,55.7184324546174
51.91,55.7184324546174
51.92,55.7184324546174
51.93,55.7184324546174
51.94,55.7184324546174
51.95,55.7184324546174
51.96,55.7184324546174
51.97,55.7184324546174
51.98,55.7184324546174
51.99,55.7184324546174
52,55.7184324546174
52.01,55.7184324546174
52.02,55.7184324546174
52.03,55.7184324546174
52.04,55.7184324546174
52.05,55.7184324546174
52.06,55.7184324546174
52.07,55.7184324546174
52.08,55.7184324546174
52.09,55.7184324546174
52.1,55.7184324546174
52.11,55.7184324546174
52.12,55.7184324546174
52.13,55.7184324546174
52.14,55.7184324546174
52.15,55.7184324546174
52.16,55.7184324546174
52.17,55.7184324546174
52.18,55.7184324546174
52.19,55.7184324546174
52.2,55.7184324546174
52.21,55.7184324546174
52.22,55.7184324546174
52.23,55.7184324546174
52.24,55.7184324546174
52.25,55.7184324546174
52.26,55.7184324546174
52.27,55.7184324546174
52.28,55.7184324546174
52.29,55.7184324546174
52.3,55.7184324546174
52.31,55.7184324546174
52.32,55.7184324546174
52.33,55.7184324546174
52.34,55.7184324546174
52.35,55.7184324546174
52.36,55.7184324546174
52.37,55.7184324546174
52.38,55.7184324546174
52.39,55.7184324546174
52.4,55.7184324546174
52.41,55.7184324546174
52.42,55.7184324546174
52.43,55.7184324546174
52.44,55.7184324546174
52.45,55.7184324546174
52.46,55.7184324546174
52.47,55.7184324546174
52.48,55.7184324546174
52.49,55.7184324546174
52.5,55.7184324546174
52.51,55.7184324546174
52.52,55.7184324546174
52.53,55.7184324546174
52.54,55.7184324546174
52.55,55.7184324546174
52.56,55.7184324546174
52.57,55.7184324546174
52.58,55.7184324546174
52.59,55.7184324546174
52.6,55.7184324546174
52.61,55.7184324546174
52.62,55.7184324546174
52.63,55.7184324546174
52.64,55.7184324546174
52.65,55.7184324546174
52.66,55.7184324546174
52.67,55.7184324546174
52.68,55.7184324546174
52.69,55.7184324546174
52.7,55.7184324546174
52.71,55.7184324546174
52.72,58.0764805460391
52.73,58.0764805460391
52.74,58.0764805460391
52.75,58.0764805460391
52.76,58.0764805460391
52.77,58.0764805460391
52.78,58.0764805460391
52.79,58.0764805460391
52.8,58.0764805460391
52.81,58.0764805460391
52.82,58.0764805460391
52.83,58.0764805460391
52.84,58.0764805460391
52.85,58.0764805460391
52.86,58.0764805460391
52.87,58.0764805460391
52.88,58.0764805460391
52.89,58.0764805460391
52.9,58.0764805460391
52.91,58.0764805460391
52.92,58.0764805460391
52.93,58.0764805460391
52.94,58.0764805460391
52.95,58.0764805460391
52.96,58.0764805460391
52.97,58.0764805460391
52.98,58.0764805460391
52.99,58.0764805460391
53,58.0764805460391
53.01,58.0764805460391
53.02,58.0764805460391
53.03,58.0764805460391
53.04,58.0764805460391
53.05,58.0764805460391
53.06,58.0764805460391
53.07,58.0764805460391
53.08,58.0764805460391
53.09,58.0764805460391
53.1,58.0764805460391
53.11,58.0764805460391
53.12,58.0764805460391
53.13,58.0764805460391
53.14,58.0764805460391
53.15,58.0764805460391
53.16,58.0764805460391
53.17,58.0764805460391
53.18,58.0764805460391
53.19,58.0764805460391
53.2,58.0764805460391
53.21,58.0764805460391
53.22,58.0764805460391
53.23,58.0764805460391
53.24,58.0764805460391
53.25,58.0764805460391
53.26,58.0764805460391
53.27,58.0764805460391
53.28,58.0764805460391
53.29,58.0764805460391
53.3,58.0764805460391
53.31,58.0764805460391
53.32,58.0764805460391
53.33,58.0764805460391
53.34,58.0764805460391
53.35,58.0764805460391
53.36,58.0764805460391
53.37,58.0764805460391
53.38,58.0764805460391
53.39,58.0764805460391
53.4,58.0764805460391
53.41,58.0764805460391
53.42,58.0764805460391
53.43,58.0764805460391
53.44,58.0764805460391
53.45,58.0764805460391
53.46,58.0764805460391
53.47,58.0764805460391
53.48,58.0764805460391
53.49,58.0764805460391
53.5,58.0764805460391
53.51,58.0764805460391
53.52,58.0764805460391
53.53,58.0764805460391
53.54,58.0764805460391
53.55,58.0764805460391
53.56,58.0764805460391
53.57,58.0764805460391
53.58,58.0764805460391
53.59,58.0764805460391
53.6,58.0764805460391
53.61,58.0764805460391
53.62,58.0764805460391
53.63,58.0764805460391
53.64,58.0764805460391
53.65,58.0764805460391
53.66,58.0764805460391
53.67,58.0764805460391
53.68,58.0764805460391
53.69,58.0764805460391
53.7,58.0764805460391
53.71,58.0764805460391
53.72,58.0764805460391
53.73,58.0764805460391
53.74,58.0764805460391
53.75,58.0764805460391
53.76,58.0764805460391
53.77,58.0764805460391
53.78,58.0764805460391
53.79,58.0764805460391
53.8,58.0764805460391
53.81,58.0764805460391
53.82,58.0764805460391
53.83,58.0764805460391
53.84,58.0764805460391
53.85,58.0764805460391
53.86,58.0764805460391
53.87,58.0764805460391
53.88,58.0764805460391
53.89,58.0764805460391
53.9,58.0764805460391
53.91,58.0764805460391
53.92,58.0764805460391
53.93,58.0764805460391
53.94,58.0764805460391
53.95,58.0764805460391
53.96,58.0764805460391
53.97,58.0764805460391
53.98,58.0764805460391
53.99,58.0764805460391
54,58.0764805460391
54.01,58.0764805460391
54.02,58.0764805460391
54.03,58.0764805460391
54.04,58.0764805460391
54.05,58.0764805460391
54.06,58.0764805460391
54.07,58.0764805460391
54.08,58.0764805460391
54.09,58.0764805460391
54.1,58.0764805460391
54.11,58.0764805460391
54.12,58.0764805460391
54.13,58.0764805460391
54.14,58.0764805460391
54.15,58.0764805460391
54.16,58.0764805460391
54.17,58.0764805460391
54.18,58.0764805460391
54.19,58.0764805460391
54.2,58.0764805460391
54.21,58.0764805460391
54.22,58.0764805460391
54.23,58.0764805460391
54.24,58.0764805460391
54.25,58.0764805460391
54.26,58.0764805460391
54.27,58.0764805460391
54.28,58.0764805460391
54.29,58.0764805460391
54.3,58.0764805460391
54.31,58.0764805460391
54.32,58.0764805460391
54.33,58.0764805460391
54.34,58.0764805460391
54.35,58.0764805460391
54.36,58.0764805460391
54.37,58.0764805460391
54.38,58.0764805460391
54.39,58.0764805460391
54.4,58.0764805460391
54.41,58.0764805460391
54.42,58.0764805460391
54.43,58.0764805460391
54.44,58.0764805460391
54.45,58.0764805460391
54.46,58.0764805460391
54.47,58.0764805460391
54.48,58.0764805460391
54.49,58.0764805460391
54.5,58.0764805460391
54.51,58.0764805460391
54.52,58.0764805460391
54.53,58.0764805460391
54.54,58.0764805460391
54.55,58.0764805460391
54.56,58.0764805460391
54.57,58.0764805460391
54.58,58.0764805460391
54.59,58.0764805460391
54.6,58.0764805460391
54.61,58.0764805460391
54.62,58.0764805460391
54.63,58.0764805460391
54.64,58.0764805460391
54.65,58.0764805460391
54.66,58.0764805460391
54.67,58.0764805460391
54.68,58.0764805460391
54.69,58.0764805460391
54.7,58.0764805460391
54.71,58.0764805460391
54.72,58.0764805460391
54.73,58.0764805460391
54.74,58.0764805460391
54.75,58.0764805460391
54.76,58.0764805460391
54.77,58.0764805460391
54.78,58.0764805460391
54.79,58.0764805460391
54.8,58.0764805460391
54.81,58.0764805460391
54.82,58.0764805460391
54.83,58.0764805460391
54.84,58.0764805460391
54.85,58.0764805460391
54.86,58.0764805460391
54.87,58.0764805460391
54.88,58.0764805460391
54.89,58.0764805460391
54.9,58.0764805460391
54.91,58.0764805460391
54.92,58.0764805460391
54.93,58.0764805460391
54.94,58.0764805460391
54.95,58.0764805460391
54.96,58.0764805460391
54.97,58.0764805460391
54.98,58.0764805460391
54.99,58.0764805460391
55,58.0764805460391
55.01,58.0764805460391
55.02,58.0764805460391
55.03,58.0764805460391
55.04,58.0764805460391
55.05,58.0764805460391
55.06,58.0764805460391
55.07,58.0764805460391
55.08,58.0764805460391
55.09,58.0764805460391
55.1,58.0764805460391
55.11,58.0764805460391
55.12,58.0764805460391
55.13,58.0764805460391
55.14,58.0764805460391
55.15,58.0764805460391
55.16,58.0764805460391
55.17,58.0764805460391
55.18,58.0764805460391
55.19,58.0764805460391
55.2,58.0764805460391
55.21,58.0764805460391
55.22,58.0764805460391
55.23,58.0764805460391
55.24,58.0764805460391
55.25,58.0764805460391
55.26,58.0764805460391
55.27,58.0764805460391
55.28,58.0764805460391
55.29,58.0764805460391
55.3,58.0764805460391
55.31,58.0764805460391
55.32,58.0764805460391
55.33,58.0764805460391
55.34,58.0764805460391
55.35,58.0764805460391
55.36,58.0764805460391
55.37,58.0764805460391
55.38,58.0764805460391
55.39,58.0764805460391
55.4,58.0764805460391
55.41,58.0764805460391
55.42,58.0764805460391
55.43,58.0764805460391
55.44,58.0764805460391
55.45,58.0764805460391
55.46,58.0764805460391
55.47,58.0764805460391
55.48,58.0764805460391
55.49,58.0764805460391
55.5,58.0764805460391
55.51,58.0764805460391
55.52,58.0764805460391
55.53,58.0764805460391
55.54,58.0764805460391
55.55,58.0764805460391
55.56,58.0764805460391
55.57,58.0764805460391
55.58,58.0764805460391
55.59,58.0764805460391
55.6,58.0764805460391
55.61,58.0764805460391
55.62,58.0764805460391
55.63,31.968101705626
55.64,31.968101705626
55.65,31.968101705626
55.66,31.968101705626
55.67,31.968101705626
55.68,31.968101705626
55.69,31.968101705626
55.7,31.968101705626
55.71,31.968101705626
55.72,31.968101705626
55.73,31.968101705626
55.74,31.968101705626
55.75,31.968101705626
55.76,31.968101705626
55.77,31.968101705626
55.78,31.968101705626
55.79,31.968101705626
55.8,31.968101705626
55.81,31.968101705626
55.82,31.968101705626
55.83,31.968101705626
55.84,31.968101705626
55.85,31.968101705626
55.86,31.968101705626
55.87,31.968101705626
55.88,31.968101705626
55.89,31.968101705626
55.9,31.968101705626
55.91,31.968101705626
55.92,31.968101705626
55.93,31.968101705626
55.94,31.968101705626
55.95,31.968101705626
55.96,31.968101705626
55.97,31.968101705626
55.98,31.968101705626
55.99,31.968101705626
56,31.968101705626
56.01,31.968101705626
56.02,31.968101705626
56.03,31.968101705626
56.04,31.968101705626
56.05,31.968101705626
56.06,31.968101705626
56.07,31.968101705626
56.08,31.968101705626
56.09,31.968101705626
56.1,31.968101705626
56.11,31.968101705626
56.12,31.968101705626
56.13,31.968101705626
56.14,31.968101705626
56.15,31.968101705626
56.16,31.968101705626
56.17,31.968101705626
56.18,31.968101705626
56.19,31.968101705626
56.2,31.968101705626
56.21,31.968101705626
56.22,31.968101705626
56.23,31.968101705626
56.24,31.968101705626
56.25,31.968101705626
56.26,31.968101705626
56.27,31.968101705626
56.28,31.968101705626
56.29,31.968101705626
56.3,31.968101705626
56.31,31.968101705626
56.32,31.968101705626
56.33,31.968101705626
56.34,31.968101705626
56.35,31.968101705626
56.36,31.968101705626
56.37,31.968101705626
56.38,31.968101705626
56.39,31.968101705626
56.4,31.968101705626
56.41,31.968101705626
56.42,31.968101705626
56.43,31.968101705626
56.44,31.968101705626
56.45,31.968101705626
56.46,31.968101705626
56.47,31.968101705626
56.48,31.968101705626
56.49,31.968101705626
56.5,31.968101705626
56.51,31.968101705626
56.52,31.968101705626
56.53,31.968101705626
56.54,31.968101705626
56.55,31.968101705626
56.56,31.968101705626
56.57,31.968101705626
56.58,31.968101705626
56.59,31.968101705626
56.6,31.968101705626
56.61,31.968101705626
56.62,31.968101705626
56.63,31.968101705626
56.64,31.968101705626
56.65,31.968101705626
56.66,31.968101705626
56.67,31.968101705626
56.68,31.968101705626
56.69,31.968101705626
56.7,31.968101705626
56.71,31.968101705626
56.72,31.968101705626
56.73,31.968101705626
56.74,31.968101705626
56.75,31.968101705626
56.76,31.968101705626
56.77,31.968101705626
56.78,31.968101705626
56.79,31.968101705626
56.8,31.968101705626
56.81,31.968101705626
56.82,31.968101705626
56.83,31.968101705626
56.84,31.968101705626
56.85,31.968101705626
56.86,31.968101705626
56.87,31.968101705626
56.88,31.968101705626
56.89,31.968101705626
56.9,31.968101705626
56.91,31.968101705626
56.92,31.968101705626
56.93,31.968101705626
56.94,31.968101705626
56.95,31.968101705626
56.96,31.968101705626
56.97,31.968101705626
56.98,31.968101705626
56.99,31.968101705626
57,31.968101705626
57.01,31.968101705626
57.02,31.968101705626
57.03,31.968101705626
57.04,31.968101705626
57.05,31.968101705626
57.06,31.968101705626
57.07,31.968101705626
57.08,31.968101705626
57.09,31.968101705626
57.1,31.968101705626
57.11,31.968101705626
57.12,31.968101705626
57.13,31.968101705626
57.14,31.968101705626
57.15,31.968101705626
57.16,31.968101705626
57.17,31.968101705626
57.18,31.968101705626
57.19,31.968101705626
57.2,31.968101705626
57.21,31.968101705626
57.22,31.968101705626
57.23,31.968101705626
57.24,31.968101705626
57.25,31.968101705626
57.26,31.968101705626
57.27,31.968101705626
57.28,31.968101705626
57.29,31.968101705626
57.3,31.968101705626
57.31,31.968101705626
57.32,31.968101705626
57.33,31.968101705626
57.34,31.968101705626
57.35,31.968101705626
57.36,31.968101705626
57.37,31.968101705626
57.38,31.968101705626
57.39,31.968101705626
57.4,31.968101705626
57.41,31.968101705626
57.42,31.968101705626
57.43,31.968101705626
57.44,31.968101705626
57.45,31.968101705626
57.46,31.968101705626
57.47,31.968101705626
57.48,31.968101705626
57.49,31.968101705626
57.5,31.968101705626
57.51,31.968101705626
57.52,31.968101705626
57.53,31.968101705626
57.54,31.968101705626
57.55,31.968101705626
57.56,31.968101705626
57.57,31.968101705626
57.58,31.968101705626
57.59,31.968101705626
57.6,31.968101705626
57.61,31.968101705626
57.62,31.968101705626
57.63,31.968101705626
57.64,31.968101705626
57.65,31.968101705626
57.66,31.968101705626
57.67,31.968101705626
57.68,31.968101705626
57.69,31.968101705626
57.7,31.968101705626
57.71,31.968101705626
57.72,31.968101705626
57.73,31.968101705626
57.74,31.968101705626
57.75,31.968101705626
57.76,31.968101705626
57.77,31.968101705626
57.78,31.968101705626
57.79,31.968101705626
57.8,31.968101705626
57.81,31.968101705626
57.82,31.968101705626
57.83,31.968101705626
57.84,31.968101705626
57.85,31.968101705626
57.86,31.968101705626
57.87,31.968101705626
57.88,31.968101705626
57.89,31.968101705626
57.9,31.968101705626
57.91,31.968101705626
57.92,31.968101705626
57.93,31.968101705626
57.94,31.968101705626
57.95,31.968101705626
57.96,31.968101705626
57.97,31.968101705626
57.98,31.968101705626
57.99,31.968101705626
58,31.968101705626
58.01,31.968101705626
58.02,31.968101705626
58.03,31.968101705626
58.04,31.968101705626
58.05,31.968101705626
58.06,31.968101705626
58.07,31.968101705626
58.08,31.968101705626
58.09,31.968101705626
58.1,31.968101705626
58.11,31.968101705626
58.12,31.968101705626
58.13,31.968101705626
58.14,31.968101705626
58.15,31.968101705626
58.16,31.968101705626
58.17,31.968101705626
58.18,31.968101705626
58.19,31.968101705626
58.2,31.968101705626
58.21,31.968101705626
58.22,31.968101705626
58.23,31.968101705626
58.24,31.968101705626
58.25,31.968101705626
58.26,31.968101705626
58.27,31.968101705626
58.28,31.968101705626
58.29,31.968101705626
58.3,31.968101705626
58.31,31.968101705626
58.32,31.968101705626
58.33,82.269923944454
58.34,82.269923944454
58.35,82.269923944454
58.36,82.269923944454
58.37,82.269923944454
58.38,82.269923944454
58.39,82.269923944454
58.4,82.269923944454
58.41,82.269923944454
58.42,82.269923944454
58.43,82.269923944454
58.44,82.269923944454
58.45,82.269923944454
58.46,82.269923944454
58.47,82.269923944454
58.48,82.269923944454
58.49,82.269923944454
58.5,82.269923944454
58.51,82.269923944454
58.52,82.269923944454
58.53,82.269923944454
58.54,82.269923944454
58.55,82.269923944454
58.56,82.269923944454
58.57,82.269923944454
58.58,82.269923944454
58.59,82.269923944454
58.6,82.269923944454
58.61,82.269923944454
58.62,82.269923944454
58.63,82.269923944454
58.64,82.269923944454
58.65,82.269923944454
58.66,82.269923944454
58.67,82.269923944454
58.68,82.269923944454
58.69,82.269923944454
58.7,82.269923944454
58.71,82.269923944454
58.72,82.269923944454
58.73,82.269923944454
58.74,82.269923944454
58.75,82.269923944454
58.76,82.269923944454
58.77,82.269923944454
58.78,82.269923944454
58.79,82.269923944454
58.8,82.269923944454
58.81,82.269923944454
58.82,82.269923944454
58.83,82.269923944454
58.84,82.269923944454
58.85,82.269923944454
58.86,82.269923944454
58.87,82.269923944454
58.88,82.269923944454
58.89,82.269923944454
58.9,82.269923944454
58.91,82.269923944454
58.92,82.269923944454
58.93,82.269923944454
58.94,82.269923944454
58.95,82.269923944454
58.96,82.269923944454
58.97,82.269923944454
58.98,82.269923944454
58.99,82.269923944454
59,82.269923944454
59.01,82.269923944454
59.02,82.269923944454
59.03,82.269923944454
59.04,82.269923944454
59.05,82.269923944454
59.06,82.269923944454
59.07,82.269923944454
59.08,82.269923944454
59.09,82.269923944454
59.1,82.269923944454
59.11,82.269923944454
59.12,82.269923944454
59.13,82.269923944454
59.14,82.269923944454
59.15,82.269923944454
59.16,82.269923944454
59.17,82.269923944454
59.18,82.269923944454
59.19,82.269923944454
59.2,82.269923944454
59.21,82.269923944454
59.22,82.269923944454
59.23,82.269923944454
59.24,82.269923944454
59.25,82.269923944454
59.26,82.269923944454
59.27,82.269923944454
59.28,82.269923944454
59.29,82.269923944454
59.3,82.269923944454
59.31,82.269923944454
59.32,82.269923944454
59.33,82.269923944454
59.34,82.269923944454
59.35,82.269923944454
59.36,82.269923944454
59.37,82.269923944454
59.38,82.269923944454
59.39,82.269923944454
59.4,82.269923944454
59.41,82.269923944454
59.42,82.269923944454
59.43,82.269923944454
59.44,82.269923944454
59.45,82.269923944454
59.46,82.269923944454
59.47,82.269923944454
59.48,82.269923944454
59.49,82.269923944454
59.5,82.269923944454
59.51,82.269923944454
59.52,82.269923944454
59.53,82.269923944454
59.54,82.269923944454
59.55,82.269923944454
59.56,82.269923944454
59.57,82.269923944454
59.58,82.269923944454
59.59,82.269923944454
59.6,82.269923944454
59.61,82.269923944454
59.62,82.269923944454
59.63,82.269923944454
59.64,82.269923944454
59.65,82.269923944454
59.66,82.269923944454
59.67,82.269923944454
59.68,82.269923944454
59.69,82.269923944454
59.7,82.269923944454
59.71,82.269923944454
59.72,82.269923944454
59.73,82.269923944454
59.74,82.269923944454
59.75,82.269923944454
59.76,82.269923944454
59.77,82.269923944454
59.78,82.269923944454
59.79,82.269923944454
59.8,82.269923944454
59.81,82.269923944454
59.82,82.269923944454
59.83,82.269923944454
59.84,82.269923944454
59.85,82.269923944454
59.86,82.269923944454
59.87,82.269923944454
59.88,82.269923944454
59.89,82.269923944454
59.9,82.269923944454
59.91,82.269923944454
59.92,82.269923944454
59.93,82.269923944454
59.94,82.269923944454
59.95,82.269923944454
59.96,82.269923944454
59.97,82.269923944454
59.98,82.269923944454
59.99,82.269923944454
60,82.269923944454
60.01,82.269923944454
60.02,82.269923944454
60.03,82.269923944454
60.04,82.269923944454
60.05,82.269923944454
60.06,82.269923944454
60.07,82.269923944454
60.08,82.269923944454
60.09,82.269923944454
60.1,82.269923944454
60.11,82.269923944454
60.12,82.269923944454
60.13,82.269923944454
60.14,82.269923944454
60.15,82.269923944454
60.16,82.269923944454
60.17,82.269923944454
60.18,82.269923944454
60.19,82.269923944454
60.2,82.269923944454
60.21,82.269923944454
60.22,82.269923944454
60.23,82.269923944454
60.24,82.269923944454
60.25,82.269923944454
60.26,82.269923944454
60.27,82.269923944454
60.28,82.269923944454
60.29,82.269923944454
60.3,82.269923944454
60.31,82.269923944454
60.32,82.269923944454
60.33,82.269923944454
60.34,82.269923944454
60.35,82.269923944454
60.36,82.269923944454
60.37,82.269923944454
60.38,82.269923944454
60.39,82.269923944454
60.4,82.269923944454
60.41,82.269923944454
60.42,82.269923944454
60.43,82.269923944454
60.44,82.269923944454
60.45,82.269923944454
60.46,82.269923944454
60.47,82.269923944454
60.48,82.269923944454
60.49,82.269923944454
60.5,82.269923944454
60.51,82.269923944454
60.52,82.269923944454
60.53,82.269923944454
60.54,82.269923944454
60.55,82.269923944454
60.56,82.269923944454
60.57,82.269923944454
60.58,82.269923944454
60.59,82.269923944454
60.6,82.269923944454
60.61,82.269923944454
60.62,82.269923944454
60.63,82.269923944454
60.64,82.269923944454
60.65,82.269923944454
60.66,82.269923944454
60.67,82.269923944454
60.68,82.269923944454
60.69,82.269923944454
60.7,82.269923944454
60.71,82.269923944454
60.72,82.269923944454
60.73,82.269923944454
60.74,82.269923944454
60.75,82.269923944454
60.76,82.269923944454
60.77,82.269923944454
60.78,82.269923944454
60.79,82.269923944454
60.8,82.269923944454
60.81,82.269923944454
60.82,82.269923944454
60.83,82.269923944454
60.84,82.269923944454
60.85,82.269923944454
60.86,82.269923944454
60.87,82.269923944454
60.88,82.269923944454
60.89,82.269923944454
60.9,82.269923944454
60.91,82.269923944454
60.92,82.269923944454
60.93,82.269923944454
60.94,82.269923944454
60.95,82.269923944454
60.96,82.269923944454
60.97,82.269923944454
60.98,82.269923944454
60.99,82.269923944454
61,82.269923944454
61.01,82.269923944454
61.02,82.269923944454
61.03,82.269923944454
61.04,82.269923944454
61.05,82.269923944454
61.06,82.269923944454
61.07,82.269923944454
61.08,82.269923944454
61.09,82.269923944454
61.1,82.269923944454
61.11,82.269923944454
61.12,82.269923944454
61.13,82.269923944454
61.14,82.269923944454
61.15,82.269923944454
61.16,82.269923944454
61.17,82.269923944454
61.18,82.269923944454
61.19,82.269923944454
61.2,82.269923944454
61.21,82.269923944454
61.22,82.269923944454
61.23,25.1654951039202
61.24,25.1654951039202
61.25,25.1654951039202
61.26,25.1654951039202
61.27,25.1654951039202
61.28,25.1654951039202
61.29,25.1654951039202
61.3,25.1654951039202
61.31,25.1654951039202
61.32,25.1654951039202
61.33,25.1654951039202
61.34,25.1654951039202
61.35,25.1654951039202
61.36,25.1654951039202
61.37,25.1654951039202
61.38,25.1654951039202
61.39,25.1654951039202
61.4,25.1654951039202
61.41,25.1654951039202
61.42,25.1654951039202
61.43,25.1654951039202
61.44,25.1654951039202
61.45,25.1654951039202
61.46,25.1654951039202
61.47,25.1654951039202
61.48,25.1654951039202
61.49,25.1654951039202
61.5,25.1654951039202
61.51,25.1654951039202
61.52,25.1654951039202
61.53,25.1654951039202
61.54,25.1654951039202
61.55,25.1654951039202
61.56,25.1654951039202
61.57,25.1654951039202
61.58,25.1654951039202
61.59,25.1654951039202
61.6,25.1654951039202
61.61,25.1654951039202
61.62,25.1654951039202
61.63,25.1654951039202
61.64,25.1654951039202
61.65,25.1654951039202
61.66,25.1654951039202
61.67,25.1654951039202
61.68,25.1654951039202
61.69,25.1654951039202
61.7,25.1654951039202
61.71,25.1654951039202
61.72,25.1654951039202
61.73,25.1654951039202
61.74,25.1654951039202
61.75,25.1654951039202
61.76,25.1654951039202
61.77,25.1654951039202
61.78,25.1654951039202
61.79,25.1654951039202
61.8,25.1654951039202
61.81,25.1654951039202
61.82,25.1654951039202
61.83,25.1654951039202
61.84,25.1654951039202
61.85,25.1654951039202
61.86,25.1654951039202
61.87,25.1654951039202
61.88,25.1654951039202
61.89,25.1654951039202
61.9,25.1654951039202
61.91,25.1654951039202
61.92,25.1654951039202
61.93,25.1654951039202
61.94,25.1654951039202
61.95,25.1654951039202
61.96,25.1654951039202
61.97,25.1654951039202
61.98,25.1654951039202
61.99,25.1654951039202
62,25.1654951039202
62.01,25.1654951039202
62.02,25.1654951039202
62.03,25.1654951039202
62.04,25.1654951039202
62.05,25.1654951039202
62.06,25.1654951039202
62.07,25.1654951039202
62.08,25.1654951039202
62.09,25.1654951039202
62.1,25.1654951039202
62.11,25.1654951039202
62.12,25.1654951039202
62.13,25.1654951039202
62.14,25.1654951039202
62.15,25.1654951039202
62.16,25.1654951039202
62.17,25.1654951039202
62.18,25.1654951039202
62.19,25.1654951039202
62.2,25.1654951039202
62.21,25.1654951039202
62.22,25.1654951039202
62.23,25.1654951039202
62.24,25.1654951039202
62.25,25.1654951039202
62.26,25.1654951039202
62.27,25.1654951039202
62.28,25.1654951039202
62.29,25.1654951039202
62.3,25.1654951039202
62.31,25.1654951039202
62.32,25.1654951039202
62.33,25.1654951039202
62.34,25.1654951039202
62.35,25.1654951039202
62.36,25.1654951039202
62.37,25.1654951039202
62.38,25.1654951039202
62.39,25.1654951039202
62.4,25.1654951039202
62.41,25.1654951039202
62.42,25.1654951039202
62.43,25.1654951039202
62.44,25.1654951039202
62.45,25.1654951039202
62.46,25.1654951039202
62.47,25.1654951039202
62.48,25.1654951039202
62.49,25.1654951039202
62.5,25.1654951039202
62.51,25.1654951039202
62.52,25.1654951039202
62.53,25.1654951039202
62.54,25.1654951039202
62.55,25.1654951039202
62.56,25.1654951039202
62.57,25.1654951039202
62.58,25.1654951039202
62.59,25.1654951039202
62.6,25.1654951039202
62.61,25.1654951039202
62.62,25.1654951039202
62.63,25.1654951039202
62.64,25.1654951039202
62.65,25.1654951039202
62.66,25.1654951039202
62.67,25.1654951039202
62.68,25.1654951039202
62.69,25.1654951039202
62.7,25.1654951039202
62.71,25.1654951039202
62.72,25.1654951039202
62.73,25.1654951039202
62.74,25.1654951039202
62.75,25.1654951039202
62.76,25.1654951039202
62.77,25.1654951039202
62.78,25.1654951039202
62.79,25.1654951039202
62.8,25.1654951039202
62.81,25.1654951039202
62.82,25.1654951039202
62.83,25.1654951039202
62.84,25.1654951039202
62.85,25.1654951039202
62.86,25.1654951039202
62.87,25.1654951039202
62.88,25.1654951039202
62.89,25.1654951039202
62.9,25.1654951039202
62.91,25.1654951039202
62.92,25.1654951039202
62.93,25.1654951039202
62.94,25.1654951039202
62.95,25.1654951039202
62.96,25.1654951039202
62.97,25.1654951039202
62.98,25.1654951039202
62.99,25.1654951039202
63,25.1654951039202
63.01,25.1654951039202
63.02,25.1654951039202
63.03,25.1654951039202
63.04,25.1654951039202
63.05,25.1654951039202
63.06,25.1654951039202
63.07,25.1654951039202
63.08,25.1654951039202
63.09,25.1654951039202
63.1,25.1654951039202
63.11,25.1654951039202
63.12,25.1654951039202
63.13,25.1654951039202
63.14,25.1654951039202
63.15,25.1654951039202
63.16,25.1654951039202
63.17,25.1654951039202
63.18,25.1654951039202
63.19,25.1654951039202
63.2,25.1654951039202
63.21,25.1654951039202
63.22,25.1654951039202
63.23,25.1654951039202
63.24,25.1654951039202
63.25,25.1654951039202
63.26,25.1654951039202
63.27,25.1654951039202
63.28,25.1654951039202
63.29,25.1654951039202
63.3,25.1654951039202
63.31,25.1654951039202
63.32,25.1654951039202
63.33,25.1654951039202
63.34,25.1654951039202
63.35,25.1654951039202
63.36,25.1654951039202
63.37,25.1654951039202
63.38,25.1654951039202
63.39,25.1654951039202
63.4,25.1654951039202
63.41,25.1654951039202
63.42,25.1654951039202
63.43,25.1654951039202
63.44,25.1654951039202
63.45,25.1654951039202
63.46,25.1654951039202
63.47,25.1654951039202
63.48,25.1654951039202
63.49,25.1654951039202
63.5,25.1654951039202
63.51,25.1654951039202
63.52,25.1654951039202
63.53,25.1654951039202
63.54,25.1654951039202
63.55,25.1654951039202
63.56,25.1654951039202
63.57,25.1654951039202
63.58,25.1654951039202
63.59,25.1654951039202
63.6,25.1654951039202
63.61,25.1654951039202
63.62,12.0071295752613
63.63,12.0071295752613
63.64,12.0071295752613
63.65,12.0071295752613
63.66,12.0071295752613
63.67,12.0071295752613
63.68,12.0071295752613
63.69,12.0071295752613
63.7,12.0071295752613
63.71,12.0071295752613
63.72,12.0071295752613
63.73,12.0071295752613
63.74,12.0071295752613
63.75,12.0071295752613
63.76,12.0071295752613
63.77,12.0071295752613
63.78,12.0071295752613
63.79,12.0071295752613
63.8,12.0071295752613
63.81,12.0071295752613
63.82,12.0071295752613
63.83,12.0071295752613
63.84,12.0071295752613
63.85,12.0071295752613
63.86,12.0071295752613
63.87,12.0071295752613
63.88,12.0071295752613
63.89,12.0071295752613
63.9,12.0071295752613
63.91,12.0071295752613
63.92,12.0071295752613
63.93,12.0071295752613
63.94,12.0071295752613
63.95,12.0071295752613
63.96,12.0071295752613
63.97,12.0071295752613
63.98,12.0071295752613
63.99,12.0071295752613
64,12.0071295752613
64.01,12.0071295752613
64.02,12.0071295752613
64.03,12.0071295752613
64.04,12.0071295752613
64.05,12.0071295752613
64.06,12.0071295752613
64.07,12.0071295752613
64.08,12.0071295752613
64.09,12.0071295752613
64.1,12.0071295752613
64.11,12.0071295752613
64.12,12.0071295752613
64.13,12.0071295752613
64.14,12.0071295752613
64.15,12.0071295752613
64.16,12.0071295752613
64.17,12.0071295752613
64.18,12.0071295752613
64.19,12.0071295752613
64.2,12.0071295752613
64.21,12.0071295752613
64.22,12.0071295752613
64.23,12.0071295752613
64.24,12.0071295752613
64.25,12.0071295752613
64.26,12.0071295752613
64.27,12.0071295752613
64.28,12.0071295752613
64.29,12.0071295752613
64.3,12.0071295752613
64.31,12.0071295752613
64.32,12.0071295752613
64.33,12.0071295752613
64.34,12.0071295752613
64.35,12.0071295752613
64.36,12.0071295752613
64.37,12.0071295752613
64.38,12.0071295752613
64.39,12.0071295752613
64.4,12.0071295752613
64.41,12.0071295752613
64.42,12.0071295752613
64.43,12.0071295752613
64.44,12.0071295752613
64.45,12.0071295752613
64.46,12.0071295752613
64.47,12.0071295752613
64.48,12.0071295752613
64.49,12.0071295752613
64.5,12.0071295752613
64.51,12.0071295752613
64.52,12.0071295752613
64.53,12.0071295752613
64.54,12.0071295752613
64.55,12.0071295752613
64.56,12.0071295752613
64.57,12.0071295752613
64.58,12.0071295752613
64.59,12.0071295752613
64.6,12.0071295752613
64.61,12.0071295752613
64.62,12.0071295752613
64.63,12.0071295752613
64.64,12.0071295752613
64.65,12.0071295752613
64.66,12.0071295752613
64.67,12.0071295752613
64.68,12.0071295752613
64.69,12.0071295752613
64.7,12.0071295752613
64.71,12.0071295752613
64.72,12.0071295752613
64.73,12.0071295752613
64.74,12.0071295752613
64.75,12.0071295752613
64.76,12.0071295752613
64.77,12.0071295752613
64.78,12.0071295752613
64.79,12.0071295752613
64.8,12.0071295752613
64.81,12.0071295752613
64.82,12.0071295752613
64.83,12.0071295752613
64.84,12.0071295752613
64.85,12.0071295752613
64.86,12.0071295752613
64.87,12.0071295752613
64.88,12.0071295752613
64.89,12.0071295752613
64.9,12.0071295752613
64.91,12.0071295752613
64.92,12.0071295752613
64.93,12.0071295752613
64.94,12.0071295752613
64.95,12.0071295752613
64.96,12.0071295752613
64.97,12.0071295752613
64.98,12.0071295752613
64.99,12.0071295752613
65,12.0071295752613
65.01,12.0071295752613
65.02,12.0071295752613
65.03,12.0071295752613
65.04,12.0071295752613
65.05,12.0071295752613
65.06,12.0071295752613
65.07,12.0071295752613
65.08,12.0071295752613
65.09,12.0071295752613
65.1,12.0071295752613
65.11,12.0071295752613
65.12,12.0071295752613
65.13,12.0071295752613
65.14,12.0071295752613
65.15,12.0071295752613
65.16,12.0071295752613
65.17,12.0071295752613
65.18,12.0071295752613
65.19,12.0071295752613
65.2,12.0071295752613
65.21,12.0071295752613
65.22,12.0071295752613
65.23,12.0071295752613
65.24,12.0071295752613
65.25,12.0071295752613
65.26,12.0071295752613
65.27,12.0071295752613
65.28,12.0071295752613
65.29,12.0071295752613
65.3,12.0071295752613
65.31,12.0071295752613
65.32,12.0071295752613
65.33,12.0071295752613
65.34,12.0071295752613
65.35,12.0071295752613
65.36,12.0071295752613
65.37,12.0071295752613
65.38,12.0071295752613
65.39,12.0071295752613
65.4,12.0071295752613
65.41,12.0071295752613
65.42,12.0071295752613
65.43,12.0071295752613
65.44,12.0071295752613
65.45,12.0071295752613
65.46,12.0071295752613
65.47,12.0071295752613
65.48,12.0071295752613
65.49,12.0071295752613
65.5,12.0071295752613
65.51,12.0071295752613
65.52,12.0071295752613
65.53,12.0071295752613
65.54,12.0071295752613
65.55,12.0071295752613
65.56,12.0071295752613
65.57,12.0071295752613
65.58,12.0071295752613
65.59,12.0071295752613
65.6,12.0071295752613
65.61,12.0071295752613
65.62,12.0071295752613
65.63,12.0071295752613
65.64,12.0071295752613
65.65,12.0071295752613
65.66,12.0071295752613
65.67,12.0071295752613
65.68,12.0071295752613
65.69,12.0071295752613
65.7,12.0071295752613
65.71,12.0071295752613
65.72,12.0071295752613
65.73,12.0071295752613
65.74,12.0071295752613
65.75,12.0071295752613
65.76,12.0071295752613
65.77,12.0071295752613
65.78,12.0071295752613
65.79,12.0071295752613
65.8,12.0071295752613
65.81,12.0071295752613
65.82,12.0071295752613
65.83,12.0071295752613
65.84,12.0071295752613
65.85,12.0071295752613
65.86,12.0071295752613
65.87,12.0071295752613
65.88,12.0071295752613
65.89,12.0071295752613
65.9,12.0071295752613
65.91,12.0071295752613
65.92,12.0071295752613
65.93,12.0071295752613
65.94,12.0071295752613
65.95,12.0071295752613
65.96,12.0071295752613
65.97,12.0071295752613
65.98,12.0071295752613
65.99,12.0071295752613
66,12.0071295752613
66.01,12.0071295752613
66.02,12.0071295752613
66.03,12.0071295752613
66.04,12.0071295752613
66.05,12.0071295752613
66.06,12.0071295752613
66.07,12.0071295752613
66.08,12.0071295752613
66.09,12.0071295752613
66.1,12.0071295752613
66.11,12.0071295752613
66.12,12.0071295752613
66.13,12.0071295752613
66.14,12.0071295752613
66.15,12.0071295752613
66.16,12.0071295752613
66.17,12.0071295752613
66.18,12.0071295752613
66.19,12.0071295752613
66.2,12.0071295752613
66.21,12.0071295752613
66.22,12.0071295752613
66.23,12.0071295752613
66.24,12.0071295752613
66.25,12.0071295752613
66.26,12.0071295752613
66.27,12.0071295752613
66.28,12.0071295752613
66.29,12.0071295752613
66.3,12.0071295752613
66.31,12.0071295752613
66.32,12.0071295752613
66.33,12.0071295752613
66.34,12.0071295752613
66.35,12.0071295752613
66.36,12.0071295752613
66.37,12.0071295752613
66.38,12.0071295752613
66.39,12.0071295752613
66.4,12.0071295752613
66.41,12.0071295752613
66.42,12.0071295752613
66.43,12.0071295752613
66.44,12.0071295752613
66.45,12.0071295752613
66.46,12.0071295752613
66.47,12.0071295752613
66.48,12.0071295752613
66.49,12.0071295752613
66.5,12.0071295752613
66.51,12.0071295752613
66.52,12.0071295752613
66.53,12.0071295752613
66.54,12.0071295752613
66.55,12.0071295752613
66.56,12.0071295752613
66.57,12.0071295752613
66.58,12.0071295752613
66.59,12.0071295752613
66.6,12.0071295752613
66.61,12.0071295752613
66.62,12.0071295752613
66.63,12.0071295752613
66.64,12.0071295752613
66.65,12.0071295752613
66.66,12.0071295752613
66.67,12.0071295752613
66.68,12.0071295752613
66.69,12.0071295752613
66.7,12.0071295752613
66.71,12.0071295752613
66.72,12.0071295752613
66.73,12.0071295752613
66.74,12.0071295752613
66.75,12.0071295752613
66.76,12.0071295752613
66.77,12.0071295752613
66.78,12.0071295752613
66.79,12.0071295752613
66.8,12.0071295752613
66.81,12.0071295752613
66.82,12.0071295752613
66.83,12.0071295752613
66.84,12.0071295752613
66.85,12.0071295752613
66.86,12.0071295752613
66.87,12.0071295752613
66.88,12.0071295752613
66.89,12.0071295752613
66.9,12.0071295752613
66.91,12.0071295752613
66.92,12.0071295752613
66.93,12.0071295752613
66.94,12.0071295752613
66.95,12.0071295752613
66.96,12.0071295752613
66.97,12.0071295752613
66.98,12.0071295752613
66.99,12.0071295752613
67,12.0071295752613
67.01,12.0071295752613
67.02,12.0071295752613
67.03,12.0071295752613
67.04,12.0071295752613
67.05,12.0071295752613
67.06,12.0071295752613
67.07,12.0071295752613
67.08,12.0071295752613
67.09,12.0071295752613
67.1,12.0071295752613
67.11,12.0071295752613
67.12,12.0071295752613
67.13,12.0071295752613
67.14,12.0071295752613
67.15,12.0071295752613
67.16,12.0071295752613
67.17,12.0071295752613
67.18,12.0071295752613
67.19,12.0071295752613
67.2,12.0071295752613
67.21,12.0071295752613
67.22,12.0071295752613
67.23,12.0071295752613
67.24,12.0071295752613
67.25,12.0071295752613
67.26,12.0071295752613
67.27,12.0071295752613
67.28,12.0071295752613
67.29,12.0071295752613
67.3,12.0071295752613
67.31,12.0071295752613
67.32,12.0071295752613
67.33,12.0071295752613
67.34,12.0071295752613
67.35,12.0071295752613
67.36,12.0071295752613
67.37,12.0071295752613
67.38,12.0071295752613
67.39,12.0071295752613
67.4,12.0071295752613
67.41,12.0071295752613
67.42,14.2655538608215
67.43,14.2655538608215
67.44,14.2655538608215
67.45,14.2655538608215
67.46,14.2655538608215
67.47,14.2655538608215
67.48,14.2655538608215
67.49,14.2655538608215
67.5,14.2655538608215
67.51,14.2655538608215
67.52,14.2655538608215
67.53,14.2655538608215
67.54,14.2655538608215
67.55,14.2655538608215
67.56,14.2655538608215
67.57,14.2655538608215
67.58,14.2655538608215
67.59,14.2655538608215
67.6,14.2655538608215
67.61,14.2655538608215
67.62,14.2655538608215
67.63,14.2655538608215
67.64,14.2655538608215
67.65,14.2655538608215
67.66,14.2655538608215
67.67,14.2655538608215
67.68,14.2655538608215
67.69,14.2655538608215
67.7,14.2655538608215
67.71,14.2655538608215
67.72,14.2655538608215
67.73,14.2655538608215
67.74,14.2655538608215
67.75,14.2655538608215
67.76,14.2655538608215
67.77,14.2655538608215
67.78,14.2655538608215
67.79,14.2655538608215
67.8,14.2655538608215
67.81,14.2655538608215
67.82,14.2655538608215
67.83,14.2655538608215
67.84,14.2655538608215
67.85,14.2655538608215
67.86,14.2655538608215
67.87,14.2655538608215
67.88,14.2655538608215
67.89,14.2655538608215
67.9,14.2655538608215
67.91,14.2655538608215
67.92,14.2655538608215
67.93,14.2655538608215
67.94,14.2655538608215
67.95,14.2655538608215
67.96,14.2655538608215
67.97,14.2655538608215
67.98,14.2655538608215
67.99,14.2655538608215
68,14.2655538608215
68.01,14.2655538608215
68.02,14.2655538608215
68.03,14.2655538608215
68.04,14.2655538608215
68.05,14.2655538608215
68.06,14.2655538608215
68.07,14.2655538608215
68.08,14.2655538608215
68.09,14.2655538608215
68.1,14.2655538608215
68.11,14.2655538608215
68.12,14.2655538608215
68.13,14.2655538608215
68.14,14.2655538608215
68.15,14.2655538608215
68.16,14.2655538608215
68.17,14.2655538608215
68.18,14.2655538608215
68.19,14.2655538608215
68.2,14.2655538608215
68.21,14.2655538608215
68.22,14.2655538608215
68.23,14.2655538608215
68.24,14.2655538608215
68.25,14.2655538608215
68.26,14.2655538608215
68.27,14.2655538608215
68.28,14.2655538608215
68.29,14.2655538608215
68.3,14.2655538608215
68.31,14.2655538608215
68.32,14.2655538608215
68.33,14.2655538608215
68.34,14.2655538608215
68.35,14.2655538608215
68.36,14.2655538608215
68.37,14.2655538608215
68.38,14.2655538608215
68.39,14.2655538608215
68.4,14.2655538608215
68.41,14.2655538608215
68.42,14.2655538608215
68.43,14.2655538608215
68.44,14.2655538608215
68.45,14.2655538608215
68.46,14.2655538608215
68.47,14.2655538608215
68.48,14.2655538608215
68.49,14.2655538608215
68.5,14.2655538608215
68.51,14.2655538608215
68.52,14.2655538608215
68.53,14.2655538608215
68.54,14.2655538608215
68.55,14.2655538608215
68.56,14.2655538608215
68.57,14.2655538608215
68.58,14.2655538608215
68.59,14.2655538608215
68.6,14.2655538608215
68.61,14.2655538608215
68.62,14.2655538608215
68.63,14.2655538608215
68.64,14.2655538608215
68.65,14.2655538608215
68.66,14.2655538608215
68.67,14.2655538608215
68.68,14.2655538608215
68.69,14.2655538608215
68.7,14.2655538608215
68.71,14.2655538608215
68.72,14.2655538608215
68.73,14.2655538608215
68.74,14.2655538608215
68.75,14.2655538608215
68.76,14.2655538608215
68.77,14.2655538608215
68.78,14.2655538608215
68.79,14.2655538608215
68.8,14.2655538608215
68.81,14.2655538608215
68.82,14.2655538608215
68.83,14.2655538608215
68.84,14.2655538608215
68.85,14.2655538608215
68.86,14.2655538608215
68.87,14.2655538608215
68.88,14.2655538608215
68.89,14.2655538608215
68.9,14.2655538608215
68.91,14.2655538608215
68.92,14.2655538608215
68.93,14.2655538608215
68.94,14.2655538608215
68.95,14.2655538608215
68.96,14.2655538608215
68.97,14.2655538608215
68.98,14.2655538608215
68.99,14.2655538608215
69,14.2655538608215
69.01,14.2655538608215
69.02,14.2655538608215
69.03,14.2655538608215
69.04,14.2655538608215
69.05,14.2655538608215
69.06,14.2655538608215
69.07,14.2655538608215
69.08,14.2655538608215
69.09,14.2655538608215
69.1,14.2655538608215
69.11,14.2655538608215
69.12,14.2655538608215
69.13,14.2655538608215
69.14,14.2655538608215
69.15,14.2655538608215
69.16,14.2655538608215
69.17,14.2655538608215
69.18,14.2655538608215
69.19,14.2655538608215
69.2,14.2655538608215
69.21,14.2655538608215
69.22,14.2655538608215
69.23,14.2655538608215
69.24,14.2655538608215
69.25,14.2655538608215
69.26,14.2655538608215
69.27,14.2655538608215
69.28,14.2655538608215
69.29,14.2655538608215
69.3,14.2655538608215
69.31,14.2655538608215
69.32,14.2655538608215
69.33,14.2655538608215
69.34,14.2655538608215
69.35,14.2655538608215
69.36,14.2655538608215
69.37,14.2655538608215
69.38,14.2655538608215
69.39,14.2655538608215
69.4,14.2655538608215
69.41,14.2655538608215
69.42,14.2655538608215
69.43,14.2655538608215
69.44,14.2655538608215
69.45,14.2655538608215
69.46,14.2655538608215
69.47,14.2655538608215
69.48,14.2655538608215
69.49,14.2655538608215
69.5,14.2655538608215
69.51,14.2655538608215
69.52,14.2655538608215
69.53,14.2655538608215
69.54,14.2655538608215
69.55,14.2655538608215
69.56,14.2655538608215
69.57,14.2655538608215
69.58,14.2655538608215
69.59,14.2655538608215
69.6,14.2655538608215
69.61,14.2655538608215
69.62,14.2655538608215
69.63,14.2655538608215
69.64,14.2655538608215
69.65,14.2655538608215
69.66,14.2655538608215
69.67,14.2655538608215
69.68,14.2655538608215
69.69,14.2655538608215
69.7,14.2655538608215
69.71,14.2655538608215
69.72,14.2655538608215
69.73,14.2655538608215
69.74,14.2655538608215
69.75,14.2655538608215
69.76,14.2655538608215
69.77,14.2655538608215
69.78,14.2655538608215
69.79,14.2655538608215
69.8,14.2655538608215
69.81,14.2655538608215
69.82,14.2655538608215
69.83,14.2655538608215
69.84,14.2655538608215
69.85,14.2655538608215
69.86,14.2655538608215
69.87,14.2655538608215
69.88,14.2655538608215
69.89,14.2655538608215
69.9,14.2655538608215
69.91,14.2655538608215
69.92,38.8154157257612
69.93,38.8154157257612
69.94,38.8154157257612
69.95,38.8154157257612
69.96,38.8154157257612
69.97,38.8154157257612
69.98,38.8154157257612
69.99,38.8154157257612
70,38.8154157257612
70.01,38.8154157257612
70.02,38.8154157257612
70.03,38.8154157257612
70.04,38.8154157257612
70.05,38.8154157257612
70.06,38.8154157257612
70.07,38.8154157257612
70.08,38.8154157257612
70.09,38.8154157257612
70.1,38.8154157257612
70.11,38.8154157257612
70.12,38.8154157257612
70.13,38.8154157257612
70.14,38.8154157257612
70.15,38.8154157257612
70.16,38.8154157257612
70.17,38.8154157257612
70.18,38.8154157257612
70.19,38.8154157257612
70.2,38.8154157257612
70.21,38.8154157257612
70.22,38.8154157257612
70.23,38.8154157257612
70.24,38.8154157257612
70.25,38.8154157257612
70.26,38.8154157257612
70.27,38.8154157257612
70.28,38.8154157257612
70.29,38.8154157257612
70.3,38.8154157257612
70.31,38.8154157257612
70.32,38.8154157257612
70.33,38.8154157257612
70.34,38.8154157257612
70.35,38.8154157257612
70.36,38.8154157257612
70.37,38.8154157257612
70.38,38.8154157257612
70.39,38.8154157257612
70.4,38.8154157257612
70.41,38.8154157257612
70.42,38.8154157257612
70.43,38.8154157257612
70.44,38.8154157257612
70.45,38.8154157257612
70.46,38.8154157257612
70.47,38.8154157257612
70.48,38.8154157257612
70.49,38.8154157257612
70.5,38.8154157257612
70.51,38.8154157257612
70.52,38.8154157257612
70.53,38.8154157257612
70.54,38.8154157257612
70.55,38.8154157257612
70.56,38.8154157257612
70.57,38.8154157257612
70.58,38.8154157257612
70.59,38.8154157257612
70.6,38.8154157257612
70.61,38.8154157257612
70.62,38.8154157257612
70.63,38.8154157257612
70.64,38.8154157257612
70.65,38.8154157257612
70.66,38.8154157257612
70.67,38.8154157257612
70.68,38.8154157257612
70.69,38.8154157257612
70.7,38.8154157257612
70.71,38.8154157257612
70.72,38.8154157257612
70.73,38.8154157257612
70.74,38.8154157257612
70.75,38.8154157257612
70.76,38.8154157257612
70.77,38.8154157257612
70.78,38.8154157257612
70.79,38.8154157257612
70.8,38.8154157257612
70.81,38.8154157257612
70.82,38.8154157257612
70.83,38.8154157257612
70.84,38.8154157257612
70.85,38.8154157257612
70.86,38.8154157257612
70.87,38.8154157257612
70.88,38.8154157257612
70.89,38.8154157257612
70.9,38.8154157257612
70.91,38.8154157257612
70.92,38.8154157257612
70.93,38.8154157257612
70.94,38.8154157257612
70.95,38.8154157257612
70.96,38.8154157257612
70.97,38.8154157257612
70.98,38.8154157257612
70.99,38.8154157257612
71,38.8154157257612
71.01,38.8154157257612
71.02,38.8154157257612
71.03,38.8154157257612
71.04,38.8154157257612
71.05,38.8154157257612
71.06,38.8154157257612
71.07,38.8154157257612
71.08,38.8154157257612
71.09,38.8154157257612
71.1,38.8154157257612
71.11,38.8154157257612
71.12,38.8154157257612
71.13,38.8154157257612
71.14,38.8154157257612
71.15,38.8154157257612
71.16,38.8154157257612
71.17,38.8154157257612
71.18,38.8154157257612
71.19,38.8154157257612
71.2,38.8154157257612
71.21,38.8154157257612
71.22,38.8154157257612
71.23,38.8154157257612
71.24,38.8154157257612
71.25,38.8154157257612
71.26,38.8154157257612
71.27,38.8154157257612
71.28,38.8154157257612
71.29,38.8154157257612
71.3,38.8154157257612
71.31,38.8154157257612
71.32,38.8154157257612
71.33,38.8154157257612
71.34,38.8154157257612
71.35,38.8154157257612
71.36,38.8154157257612
71.37,38.8154157257612
71.38,38.8154157257612
71.39,38.8154157257612
71.4,38.8154157257612
71.41,38.8154157257612
71.42,38.8154157257612
71.43,38.8154157257612
71.44,38.8154157257612
71.45,38.8154157257612
71.46,38.8154157257612
71.47,38.8154157257612
71.48,38.8154157257612
71.49,38.8154157257612
71.5,38.8154157257612
71.51,38.8154157257612
71.52,38.8154157257612
71.53,38.8154157257612
71.54,38.8154157257612
71.55,38.8154157257612
71.56,38.8154157257612
71.57,38.8154157257612
71.58,38.8154157257612
71.59,38.8154157257612
71.6,38.8154157257612
71.61,38.8154157257612
71.62,38.8154157257612
71.63,38.8154157257612
71.64,38.8154157257612
71.65,38.8154157257612
71.66,38.8154157257612
71.67,38.8154157257612
71.68,38.8154157257612
71.69,38.8154157257612
71.7,38.8154157257612
71.71,38.8154157257612
71.72,38.8154157257612
71.73,38.8154157257612
71.74,38.8154157257612
71.75,38.8154157257612
71.76,38.8154157257612
71.77,38.8154157257612
71.78,38.8154157257612
71.79,38.8154157257612
71.8,38.8154157257612
71.81,38.8154157257612
71.82,38.8154157257612
71.83,38.8154157257612
71.84,38.8154157257612
71.85,38.8154157257612
71.86,38.8154157257612
71.87,38.8154157257612
71.88,38.8154157257612
71.89,38.8154157257612
71.9,38.8154157257612
71.91,38.8154157257612
71.92,38.8154157257612
71.93,38.8154157257612
71.94,38.8154157257612
71.95,38.8154157257612
71.96,38.8154157257612
71.97,38.8154157257612
71.98,38.8154157257612
71.99,38.8154157257612
72,38.8154157257612
72.01,38.8154157257612
72.02,38.8154157257612
72.03,38.8154157257612
72.04,38.8154157257612
72.05,38.8154157257612
72.06,38.8154157257612
72.07,38.8154157257612
72.08,38.8154157257612
72.09,38.8154157257612
72.1,38.8154157257612
72.11,38.8154157257612
72.12,38.8154157257612
72.13,38.8154157257612
72.14,38.8154157257612
72.15,38.8154157257612
72.16,38.8154157257612
72.17,38.8154157257612
72.18,38.8154157257612
72.19,38.8154157257612
72.2,38.8154157257612
72.21,38.8154157257612
72.22,38.8154157257612
72.23,38.8154157257612
72.24,38.8154157257612
72.25,38.8154157257612
72.26,38.8154157257612
72.27,38.8154157257612
72.28,38.8154157257612
72.29,38.8154157257612
72.3,38.8154157257612
72.31,38.8154157257612
72.32,38.8154157257612
72.33,38.8154157257612
72.34,38.8154157257612
72.35,38.8154157257612
72.36,38.8154157257612
72.37,38.8154157257612
72.38,38.8154157257612
72.39,38.8154157257612
72.4,38.8154157257612
72.41,38.8154157257612
72.42,38.8154157257612
72.43,38.8154157257612
72.44,38.8154157257612
72.45,38.8154157257612
72.46,38.8154157257612
72.47,38.8154157257612
72.48,38.8154157257612
72.49,38.8154157257612
72.5,38.8154157257612
72.51,38.8154157257612
72.52,38.8154157257612
72.53,38.8154157257612
72.54,38.8154157257612
72.55,38.8154157257612
72.56,38.8154157257612
72.57,38.8154157257612
72.58,38.8154157257612
72.59,38.8154157257612
72.6,38.8154157257612
72.61,38.8154157257612
72.62,38.8154157257612
72.63,38.8154157257612
72.64,38.8154157257612
72.65,38.8154157257612
72.66,38.8154157257612
72.67,66.7546855112848
72.68,66.7546855112848
72.69,66.7546855112848
72.7,66.7546855112848
72.71,66.7546855112848
72.72,66.7546855112848
72.73,66.7546855112848
72.74,66.7546855112848
72.75,66.7546855112848
72.76,66.7546855112848
72.77,66.7546855112848
72.78,66.7546855112848
72.79,66.7546855112848
72.8,66.7546855112848
72.81,66.7546855112848
72.82,66.7546855112848
72.83,66.7546855112848
72.84,66.7546855112848
72.85,66.7546855112848
72.86,66.7546855112848
72.87,66.7546855112848
72.88,66.7546855112848
72.89,66.7546855112848
72.9,66.7546855112848
72.91,66.7546855112848
72.92,66.7546855112848
72.93,66.7546855112848
72.94,66.7546855112848
72.95,66.7546855112848
72.96,66.7546855112848
72.97,66.7546855112848
72.98,66.7546855112848
72.99,66.7546855112848
73,66.7546855112848
73.01,66.7546855112848
73.02,66.7546855112848
73.03,66.7546855112848
73.04,66.7546855112848
73.05,66.7546855112848
73.06,66.7546855112848
73.07,66.7546855112848
73.08,66.7546855112848
73.09,66.7546855112848
73.1,66.7546855112848
73.11,66.7546855112848
73.12,66.7546855112848
73.13,66.7546855112848
73.14,66.7546855112848
73.15,66.7546855112848
73.16,66.7546855112848
73.17,66.7546855112848
73.18,66.7546855112848
73.19,66.7546855112848
73.2,66.7546855112848
73.21,66.7546855112848
73.22,66.7546855112848
73.23,66.7546855112848
73.24,66.7546855112848
73.25,66.7546855112848
73.26,66.7546855112848
73.27,66.7546855112848
73.28,66.7546855112848
73.29,66.7546855112848
73.3,66.7546855112848
73.31,66.7546855112848
73.32,66.7546855112848
73.33,66.7546855112848
73.34,66.7546855112848
73.35,66.7546855112848
73.36,66.7546855112848
73.37,66.7546855112848
73.38,66.7546855112848
73.39,66.7546855112848
73.4,66.7546855112848
73.41,66.7546855112848
73.42,66.7546855112848
73.43,66.7546855112848
73.44,66.7546855112848
73.45,66.7546855112848
73.46,66.7546855112848
73.47,66.7546855112848
73.48,66.7546855112848
73.49,66.7546855112848
73.5,66.7546855112848
73.51,66.7546855112848
73.52,66.7546855112848
73.53,66.7546855112848
73.54,66.7546855112848
73.55,66.7546855112848
73.56,66.7546855112848
73.57,66.7546855112848
73.58,66.7546855112848
73.59,66.7546855112848
73.6,66.7546855112848
73.61,66.7546855112848
73.62,66.7546855112848
73.63,66.7546855112848
73.64,66.7546855112848
73.65,66.7546855112848
73.66,66.7546855112848
73.67,66.7546855112848
73.68,66.7546855112848
73.69,66.7546855112848
73.7,66.7546855112848
73.71,66.7546855112848
73.72,66.7546855112848
73.73,66.7546855112848
73.74,66.7546855112848
73.75,66.7546855112848
73.76,66.7546855112848
73.77,66.7546855112848
73.78,66.7546855112848
73.79,66.7546855112848
73.8,66.7546855112848
73.81,66.7546855112848
73.82,66.7546855112848
73.83,66.7546855112848
73.84,66.7546855112848
73.85,66.7546855112848
73.86,66.7546855112848
73.87,66.7546855112848
73.88,66.7546855112848
73.89,66.7546855112848
73.9,66.7546855112848
73.91,66.7546855112848
73.92,66.7546855112848
73.93,66.7546855112848
73.94,66.7546855112848
73.95,66.7546855112848
73.96,66.7546855112848
73.97,66.7546855112848
73.98,66.7546855112848
73.99,66.7546855112848
74,66.7546855112848
74.01,66.7546855112848
74.02,66.7546855112848
74.03,66.7546855112848
74.04,66.7546855112848
74.05,66.7546855112848
74.06,66.7546855112848
74.07,66.7546855112848
74.08,66.7546855112848
74.09,66.7546855112848
74.1,66.7546855112848
74.11,66.7546855112848
74.12,66.7546855112848
74.13,66.7546855112848
74.14,66.7546855112848
74.15,66.7546855112848
74.16,66.7546855112848
74.17,66.7546855112848
74.18,66.7546855112848
74.19,66.7546855112848
74.2,66.7546855112848
74.21,66.7546855112848
74.22,66.7546855112848
74.23,66.7546855112848
74.24,66.7546855112848
74.25,66.7546855112848
74.26,66.7546855112848
74.27,66.7546855112848
74.28,66.7546855112848
74.29,66.7546855112848
74.3,66.7546855112848
74.31,66.7546855112848
74.32,66.7546855112848
74.33,66.7546855112848
74.34,66.7546855112848
74.35,66.7546855112848
74.36,66.7546855112848
74.37,66.7546855112848
74.38,66.7546855112848
74.39,66.7546855112848
74.4,66.7546855112848
74.41,66.7546855112848
74.42,66.7546855112848
74.43,66.7546855112848
74.44,66.7546855112848
74.45,66.7546855112848
74.46,66.7546855112848
74.47,66.7546855112848
74.48,66.7546855112848
74.49,66.7546855112848
74.5,66.7546855112848
74.51,66.7546855112848
74.52,66.7546855112848
74.53,66.7546855112848
74.54,66.7546855112848
74.55,66.7546855112848
74.56,66.7546855112848
74.57,66.7546855112848
74.58,66.7546855112848
74.59,66.7546855112848
74.6,66.7546855112848
74.61,66.7546855112848
74.62,66.7546855112848
74.63,66.7546855112848
74.64,66.7546855112848
74.65,66.7546855112848
74.66,66.7546855112848
74.67,66.7546855112848
74.68,66.7546855112848
74.69,66.7546855112848
74.7,66.7546855112848
74.71,66.7546855112848
74.72,66.7546855112848
74.73,66.7546855112848
74.74,66.7546855112848
74.75,66.7546855112848
74.76,66.7546855112848
74.77,66.7546855112848
74.78,66.7546855112848
74.79,66.7546855112848
74.8,66.7546855112848
74.81,66.7546855112848
74.82,66.7546855112848
74.83,66.7546855112848
74.84,66.7546855112848
74.85,66.7546855112848
74.86,66.7546855112848
74.87,66.7546855112848
74.88,66.7546855112848
74.89,66.7546855112848
74.9,66.7546855112848
74.91,66.7546855112848
74.92,66.7546855112848
74.93,66.7546855112848
74.94,66.7546855112848
74.95,66.7546855112848
74.96,66.7546855112848
74.97,66.7546855112848
74.98,66.7546855112848
74.99,66.7546855112848
75,66.7546855112848
75.01,66.7546855112848
75.02,66.7546855112848
75.03,66.7546855112848
75.04,66.7546855112848
75.05,66.7546855112848
75.06,66.7546855112848
75.07,66.7546855112848
75.08,66.7546855112848
75.09,66.7546855112848
75.1,66.7546855112848
75.11,66.7546855112848
75.12,66.7546855112848
75.13,66.7546855112848
75.14,66.7546855112848
75.15,66.7546855112848
75.16,66.7546855112848
75.17,66.7546855112848
75.18,66.7546855112848
75.19,66.7546855112848
75.2,66.7546855112848
75.21,66.7546855112848
75.22,66.7546855112848
75.23,66.7546855112848
75.24,66.7546855112848
75.25,66.7546855112848
75.26,66.7546855112848
75.27,66.7546855112848
75.28,66.7546855112848
75.29,66.7546855112848
75.3,66.7546855112848
75.31,66.7546855112848
75.32,66.7546855112848
75.33,66.7546855112848
75.34,66.7546855112848
75.35,66.7546855112848
75.36,66.7546855112848
75.37,66.7546855112848
75.38,66.7546855112848
75.39,66.7546855112848
75.4,66.7546855112848
75.41,66.7546855112848
75.42,66.7546855112848
75.43,66.7546855112848
75.44,66.7546855112848
75.45,66.7546855112848
75.46,66.7546855112848
75.47,66.7546855112848
75.48,66.7546855112848
75.49,66.7546855112848
75.5,66.7546855112848
75.51,66.7546855112848
75.52,66.7546855112848
75.53,66.7546855112848
75.54,66.7546855112848
75.55,66.7546855112848
75.56,66.7546855112848
75.57,66.7546855112848
75.58,66.7546855112848
75.59,66.7546855112848
75.6,66.7546855112848
75.61,66.7546855112848
75.62,66.7546855112848
75.63,66.7546855112848
75.64,66.7546855112848
75.65,66.7546855112848
75.66,66.7546855112848
75.67,66.7546855112848
75.68,66.7546855112848
75.69,66.7546855112848
75.7,66.7546855112848
75.71,66.7546855112848
75.72,66.7546855112848
75.73,66.7546855112848
75.74,66.7546855112848
75.75,66.7546855112848
75.76,66.7546855112848
75.77,66.7546855112848
75.78,66.7546855112848
75.79,66.7546855112848
75.8,66.7546855112848
75.81,66.7546855112848
75.82,66.7546855112848
75.83,66.7546855112848
75.84,66.7546855112848
75.85,66.7546855112848
75.86,66.7546855112848
75.87,66.7546855112848
75.88,66.7546855112848
75.89,66.7546855112848
75.9,66.7546855112848
75.91,66.7546855112848
75.92,66.7546855112848
75.93,66.7546855112848
75.94,66.7546855112848
75.95,66.7546855112848
75.96,66.7546855112848
75.97,66.7546855112848
75.98,66.7546855112848
75.99,66.7546855112848
76,66.7546855112848
76.01,66.7546855112848
76.02,66.7546855112848
76.03,66.7546855112848
76.04,66.7546855112848
76.05,66.7546855112848
76.06,66.7546855112848
76.07,66.7546855112848
76.08,66.7546855112848
76.09,66.7546855112848
76.1,66.7546855112848
76.11,66.7546855112848
76.12,66.7546855112848
76.13,66.7546855112848
76.14,66.7546855112848
76.15,66.7546855112848
76.16,66.7546855112848
76.17,66.7546855112848
76.18,66.7546855112848
76.19,66.7546855112848
76.2,66.7546855112848
76.21,66.7546855112848
76.22,66.7546855112848
76.23,66.7546855112848
76.24,66.7546855112848
76.25,66.7546855112848
76.26,66.7546855112848
76.27,66.7546855112848
76.28,66.7546855112848
76.29,66.7546855112848
76.3,66.7546855112848
76.31,66.7546855112848
76.32,73.2095727314857
76.33,73.2095727314857
76.34,73.2095727314857
76.35,73.2095727314857
76.36,73.2095727314857
76.37,73.2095727314857
76.38,73.2095727314857
76.39,73.2095727314857
76.4,73.2095727314857
76.41,73.2095727314857
76.42,73.2095727314857
76.43,73.2095727314857
76.44,73.2095727314857
76.45,73.2095727314857
76.46,73.2095727314857
76.47,73.2095727314857
76.48,73.2095727314857
76.49,73.2095727314857
76.5,73.2095727314857
76.51,73.2095727314857
76.52,73.2095727314857
76.53,73.2095727314857
76.54,73.2095727314857
76.55,73.2095727314857
76.56,73.2095727314857
76.57,73.2095727314857
76.58,73.2095727314857
76.59,73.2095727314857
76.6,73.2095727314857
76.61,73.2095727314857
76.62,73.2095727314857
76.63,73.2095727314857
76.64,73.2095727314857
76.65,73.2095727314857
76.66,73.2095727314857
76.67,73.2095727314857
76.68,73.2095727314857
76.69,73.2095727314857
76.7,73.2095727314857
76.71,73.2095727314857
76.72,73.2095727314857
76.73,73.2095727314857
76.74,73.2095727314857
76.75,73.2095727314857
76.76,73.2095727314857
76.77,73.2095727314857
76.78,73.2095727314857
76.79,73.2095727314857
76.8,73.2095727314857
76.81,73.2095727314857
76.82,73.2095727314857
76.83,73.2095727314857
76.84,73.2095727314857
76.85,73.2095727314857
76.86,73.2095727314857
76.87,73.2095727314857
76.88,73.2095727314857
76.89,73.2095727314857
76.9,73.2095727314857
76.91,73.2095727314857
76.92,73.2095727314857
76.93,73.2095727314857
76.94,73.2095727314857
76.95,73.2095727314857
76.96,73.2095727314857
76.97,73.2095727314857
76.98,73.2095727314857
76.99,73.2095727314857
77,73.2095727314857
77.01,73.2095727314857
77.02,73.2095727314857
77.03,73.2095727314857
77.04,73.2095727314857
77.05,73.2095727314857
77.06,73.2095727314857
77.07,73.2095727314857
77.08,73.2095727314857
77.09,73.2095727314857
77.1,73.2095727314857
77.11,73.2095727314857
77.12,73.2095727314857
77.13,73.2095727314857
77.14,73.2095727314857
77.15,73.2095727314857
77.16,73.2095727314857
77.17,73.2095727314857
77.18,73.2095727314857
77.19,73.2095727314857
77.2,73.2095727314857
77.21,73.2095727314857
77.22,73.2095727314857
77.23,73.2095727314857
77.24,73.2095727314857
77.25,73.2095727314857
77.26,73.2095727314857
77.27,73.2095727314857
77.28,73.2095727314857
77.29,73.2095727314857
77.3,73.2095727314857
77.31,73.2095727314857
77.32,73.2095727314857
77.33,73.2095727314857
77.34,73.2095727314857
77.35,73.2095727314857
77.36,73.2095727314857
77.37,73.2095727314857
77.38,73.2095727314857
77.39,73.2095727314857
77.4,73.2095727314857
77.41,73.2095727314857
77.42,73.2095727314857
77.43,73.2095727314857
77.44,73.2095727314857
77.45,73.2095727314857
77.46,73.2095727314857
77.47,73.2095727314857
77.48,73.2095727314857
77.49,73.2095727314857
77.5,73.2095727314857
77.51,73.2095727314857
77.52,73.2095727314857
77.53,73.2095727314857
77.54,73.2095727314857
77.55,73.2095727314857
77.56,73.2095727314857
77.57,73.2095727314857
77.58,73.2095727314857
77.59,73.2095727314857
77.6,73.2095727314857
77.61,73.2095727314857
77.62,73.2095727314857
77.63,73.2095727314857
77.64,73.2095727314857
77.65,73.2095727314857
77.66,73.2095727314857
77.67,73.2095727314857
77.68,73.2095727314857
77.69,73.2095727314857
77.7,73.2095727314857
77.71,73.2095727314857
77.72,73.2095727314857
77.73,73.2095727314857
77.74,73.2095727314857
77.75,73.2095727314857
77.76,73.2095727314857
77.77,73.2095727314857
77.78,73.2095727314857
77.79,73.2095727314857
77.8,73.2095727314857
77.81,73.2095727314857
77.82,73.2095727314857
77.83,73.2095727314857
77.84,73.2095727314857
77.85,73.2095727314857
77.86,73.2095727314857
77.87,73.2095727314857
77.88,73.2095727314857
77.89,73.2095727314857
77.9,73.2095727314857
77.91,73.2095727314857
77.92,73.2095727314857
77.93,73.2095727314857
77.94,73.2095727314857
77.95,73.2095727314857
77.96,73.2095727314857
77.97,73.2095727314857
77.98,73.2095727314857
77.99,73.2095727314857
78,73.2095727314857
78.01,73.2095727314857
78.02,73.2095727314857
78.03,73.2095727314857
78.04,73.2095727314857
78.05,73.2095727314857
78.06,73.2095727314857
78.07,73.2095727314857
78.08,73.2095727314857
78.09,73.2095727314857
78.1,73.2095727314857
78.11,73.2095727314857
78.12,73.2095727314857
78.13,73.2095727314857
78.14,73.2095727314857
78.15,73.2095727314857
78.16,73.2095727314857
78.17,73.2095727314857
78.18,73.2095727314857
78.19,73.2095727314857
78.2,73.2095727314857
78.21,73.2095727314857
78.22,73.2095727314857
78.23,73.2095727314857
78.24,73.2095727314857
78.25,73.2095727314857
78.26,73.2095727314857
78.27,73.2095727314857
78.28,73.2095727314857
78.29,73.2095727314857
78.3,73.2095727314857
78.31,73.2095727314857
78.32,73.2095727314857
78.33,73.2095727314857
78.34,73.2095727314857
78.35,73.2095727314857
78.36,73.2095727314857
78.37,73.2095727314857
78.38,73.2095727314857
78.39,73.2095727314857
78.4,73.2095727314857
78.41,73.2095727314857
78.42,73.2095727314857
78.43,73.2095727314857
78.44,73.2095727314857
78.45,73.2095727314857
78.46,73.2095727314857
78.47,73.2095727314857
78.48,73.2095727314857
78.49,73.2095727314857
78.5,73.2095727314857
78.51,73.2095727314857
78.52,73.2095727314857
78.53,73.2095727314857
78.54,73.2095727314857
78.55,73.2095727314857
78.56,73.2095727314857
78.57,73.2095727314857
78.58,73.2095727314857
78.59,73.2095727314857
78.6,73.2095727314857
78.61,73.2095727314857
78.62,73.2095727314857
78.63,73.2095727314857
78.64,73.2095727314857
78.65,73.2095727314857
78.66,73.2095727314857
78.67,73.2095727314857
78.68,73.2095727314857
78.69,73.2095727314857
78.7,73.2095727314857
78.71,73.2095727314857
78.72,73.2095727314857
78.73,73.2095727314857
78.74,73.2095727314857
78.75,73.2095727314857
78.76,73.2095727314857
78.77,73.2095727314857
78.78,73.2095727314857
78.79,73.2095727314857
78.8,73.2095727314857
78.81,73.2095727314857
78.82,73.2095727314857
78.83,73.2095727314857
78.84,73.2095727314857
78.85,73.2095727314857
78.86,73.2095727314857
78.87,73.2095727314857
78.88,73.2095727314857
78.89,73.2095727314857
78.9,73.2095727314857
78.91,73.2095727314857
78.92,73.2095727314857
78.93,73.2095727314857
78.94,73.2095727314857
78.95,73.2095727314857
78.96,73.2095727314857
78.97,73.2095727314857
78.98,73.2095727314857
78.99,73.2095727314857
79,73.2095727314857
79.01,73.2095727314857
79.02,73.2095727314857
79.03,73.2095727314857
79.04,73.2095727314857
79.05,73.2095727314857
79.06,73.2095727314857
79.07,73.2095727314857
79.08,73.2095727314857
79.09,73.2095727314857
79.1,73.2095727314857
79.11,73.2095727314857
79.12,73.2095727314857
79.13,73.2095727314857
79.14,73.2095727314857
79.15,73.2095727314857
79.16,73.2095727314857
79.17,73.2095727314857
79.18,73.2095727314857
79.19,73.2095727314857
79.2,73.2095727314857
79.21,73.2095727314857
79.22,73.2095727314857
79.23,73.2095727314857
79.24,73.2095727314857
79.25,73.2095727314857
79.26,73.2095727314857
79.27,73.2095727314857
79.28,73.2095727314857
79.29,73.2095727314857
79.3,73.2095727314857
79.31,73.2095727314857
79.32,73.2095727314857
79.33,73.2095727314857
79.34,73.2095727314857
79.35,73.2095727314857
79.36,73.2095727314857
79.37,73.2095727314857
79.38,73.2095727314857
79.39,73.2095727314857
79.4,73.2095727314857
79.41,73.2095727314857
79.42,73.2095727314857
79.43,73.2095727314857
79.44,73.2095727314857
79.45,73.2095727314857
79.46,73.2095727314857
79.47,73.2095727314857
79.48,73.2095727314857
79.49,73.2095727314857
79.5,73.2095727314857
79.51,73.2095727314857
79.52,73.2095727314857
79.53,73.2095727314857
79.54,73.2095727314857
79.55,73.2095727314857
79.56,73.2095727314857
79.57,73.2095727314857
79.58,73.2095727314857
79.59,73.2095727314857
79.6,73.2095727314857
79.61,73.2095727314857
79.62,73.2095727314857
79.63,73.2095727314857
79.64,73.2095727314857
79.65,73.2095727314857
79.66,73.2095727314857
79.67,73.2095727314857
79.68,73.2095727314857
79.69,73.2095727314857
79.7,73.2095727314857
79.71,73.2095727314857
79.72,73.2095727314857
79.73,73.2095727314857
79.74,73.2095727314857
79.75,69.9145891320152
79.76,69.9145891320152
79.77,69.9145891320152
79.78,69.9145891320152
79.79,69.9145891320152
79.8,69.9145891320152
79.81,69.9145891320152
79.82,69.9145891320152
79.83,69.9145891320152
79.84,69.9145891320152
79.85,69.9145891320152
79.86,69.9145891320152
79.87,69.9145891320152
79.88,69.9145891320152
79.89,69.9145891320152
79.9,69.9145891320152
79.91,69.9145891320152
79.92,69.9145891320152
79.93,69.9145891320152
79.94,69.9145891320152
79.95,69.9145891320152
79.96,69.9145891320152
79.97,69.9145891320152
79.98,69.9145891320152
79.99,69.9145891320152
80,69.9145891320152
80.01,69.9145891320152
80.02,69.9145891320152
80.03,69.9145891320152
80.04,69.9145891320152
80.05,69.9145891320152
80.06,69.9145891320152
80.07,69.9145891320152
80.08,69.9145891320152
80.09,69.9145891320152
80.1,69.9145891320152
80.11,69.9145891320152
80.12,69.9145891320152
80.13,69.9145891320152
80.14,69.9145891320152
80.15,69.9145891320152
80.16,69.9145891320152
80.17,69.9145891320152
80.18,69.9145891320152
80.19,69.9145891320152
80.2,69.9145891320152
80.21,69.9145891320152
80.22,69.9145891320152
80.23,69.9145891320152
80.24,69.9145891320152
80.25,69.9145891320152
80.26,69.9145891320152
80.27,69.9145891320152
80.28,69.9145891320152
80.29,69.9145891320152
80.3,69.9145891320152
80.31,69.9145891320152
80.32,69.9145891320152
80.33,69.9145891320152
80.34,69.9145891320152
80.35,69.9145891320152
80.36,69.9145891320152
80.37,69.9145891320152
80.38,69.9145891320152
80.39,69.9145891320152
80.4,69.9145891320152
80.41,69.9145891320152
80.42,69.9145891320152
80.43,69.9145891320152
80.44,69.9145891320152
80.45,69.9145891320152
80.46,69.9145891320152
80.47,69.9145891320152
80.48,69.9145891320152
80.49,69.9145891320152
80.5,69.9145891320152
80.51,69.9145891320152
80.52,69.9145891320152
80.53,69.9145891320152
80.54,69.9145891320152
80.55,69.9145891320152
80.56,69.9145891320152
80.57,69.9145891320152
80.58,69.9145891320152
80.59,69.9145891320152
80.6,69.9145891320152
80.61,69.9145891320152
80.62,69.9145891320152
80.63,69.9145891320152
80.64,69.9145891320152
80.65,69.9145891320152
80.66,69.9145891320152
80.67,69.9145891320152
80.68,69.9145891320152
80.69,69.9145891320152
80.7,69.9145891320152
80.71,69.9145891320152
80.72,69.9145891320152
80.73,69.9145891320152
80.74,69.9145891320152
80.75,69.9145891320152
80.76,69.9145891320152
80.77,69.9145891320152
80.78,69.9145891320152
80.79,69.9145891320152
80.8,69.9145891320152
80.81,69.9145891320152
80.82,69.9145891320152
80.83,69.9145891320152
80.84,69.9145891320152
80.85,69.9145891320152
80.86,69.9145891320152
80.87,69.9145891320152
80.88,69.9145891320152
80.89,69.9145891320152
80.9,69.9145891320152
80.91,69.9145891320152
80.92,69.9145891320152
80.93,69.9145891320152
80.94,69.9145891320152
80.95,69.9145891320152
80.96,69.9145891320152
80.97,69.9145891320152
80.98,69.9145891320152
80.99,69.9145891320152
81,69.9145891320152
81.01,69.9145891320152
81.02,69.9145891320152
81.03,69.9145891320152
81.04,69.9145891320152
81.05,69.9145891320152
81.06,69.9145891320152
81.07,69.9145891320152
81.08,69.9145891320152
81.09,69.9145891320152
81.1,69.9145891320152
81.11,69.9145891320152
81.12,69.9145891320152
81.13,69.9145891320152
81.14,69.9145891320152
81.15,69.9145891320152
81.16,69.9145891320152
81.17,69.9145891320152
81.18,69.9145891320152
81.19,69.9145891320152
81.2,69.9145891320152
81.21,69.9145891320152
81.22,69.9145891320152
81.23,69.9145891320152
81.24,69.9145891320152
81.25,69.9145891320152
81.26,69.9145891320152
81.27,69.9145891320152
81.28,69.9145891320152
81.29,69.9145891320152
81.3,69.9145891320152
81.31,69.9145891320152
81.32,69.9145891320152
81.33,69.9145891320152
81.34,69.9145891320152
81.35,69.9145891320152
81.36,69.9145891320152
81.37,69.9145891320152
81.38,69.9145891320152
81.39,69.9145891320152
81.4,69.9145891320152
81.41,69.9145891320152
81.42,69.9145891320152
81.43,69.9145891320152
81.44,69.9145891320152
81.45,69.9145891320152
81.46,69.9145891320152
81.47,69.9145891320152
81.48,69.9145891320152
81.49,69.9145891320152
81.5,69.9145891320152
81.51,69.9145891320152
81.52,69.9145891320152
81.53,69.9145891320152
81.54,69.9145891320152
81.55,69.9145891320152
81.56,69.9145891320152
81.57,69.9145891320152
81.58,69.9145891320152
81.59,69.9145891320152
81.6,69.9145891320152
81.61,69.9145891320152
81.62,69.9145891320152
81.63,69.9145891320152
81.64,69.9145891320152
81.65,69.9145891320152
81.66,69.9145891320152
81.67,69.9145891320152
81.68,69.9145891320152
81.69,69.9145891320152
81.7,69.9145891320152
81.71,69.9145891320152
81.72,69.9145891320152
81.73,69.9145891320152
81.74,69.9145891320152
81.75,69.9145891320152
81.76,69.9145891320152
81.77,69.9145891320152
81.78,69.9145891320152
81.79,69.9145891320152
81.8,69.9145891320152
81.81,69.9145891320152
81.82,69.9145891320152
81.83,69.9145891320152
81.84,69.9145891320152
81.85,69.9145891320152
81.86,69.9145891320152
81.87,69.9145891320152
81.88,69.9145891320152
81.89,69.9145891320152
81.9,69.9145891320152
81.91,69.9145891320152
81.92,69.9145891320152
81.93,69.9145891320152
81.94,69.9145891320152
81.95,69.9145891320152
81.96,69.9145891320152
81.97,69.9145891320152
81.98,69.9145891320152
81.99,69.9145891320152
82,69.9145891320152
82.01,69.9145891320152
82.02,69.9145891320152
82.03,69.9145891320152
82.04,69.9145891320152
82.05,69.9145891320152
82.06,69.9145891320152
82.07,69.9145891320152
82.08,69.9145891320152
82.09,69.9145891320152
82.1,69.9145891320152
82.11,69.9145891320152
82.12,69.9145891320152
82.13,69.9145891320152
82.14,69.9145891320152
82.15,69.9145891320152
82.16,69.9145891320152
82.17,69.9145891320152
82.18,69.9145891320152
82.19,69.9145891320152
82.2,69.9145891320152
82.21,69.9145891320152
82.22,69.9145891320152
82.23,69.9145891320152
82.24,69.9145891320152
82.25,69.9145891320152
82.26,69.9145891320152
82.27,80.7041299633448
82.28,80.7041299633448
82.29,80.7041299633448
82.3,80.7041299633448
82.31,80.7041299633448
82.32,80.7041299633448
82.33,80.7041299633448
82.34,80.7041299633448
82.35,80.7041299633448
82.36,80.7041299633448
82.37,80.7041299633448
82.38,80.7041299633448
82.39,80.7041299633448
82.4,80.7041299633448
82.41,80.7041299633448
82.42,80.7041299633448
82.43,80.7041299633448
82.44,80.7041299633448
82.45,80.7041299633448
82.46,80.7041299633448
82.47,80.7041299633448
82.48,80.7041299633448
82.49,80.7041299633448
82.5,80.7041299633448
82.51,80.7041299633448
82.52,80.7041299633448
82.53,80.7041299633448
82.54,80.7041299633448
82.55,80.7041299633448
82.56,80.7041299633448
82.57,80.7041299633448
82.58,80.7041299633448
82.59,80.7041299633448
82.6,80.7041299633448
82.61,80.7041299633448
82.62,80.7041299633448
82.63,80.7041299633448
82.64,80.7041299633448
82.65,80.7041299633448
82.66,80.7041299633448
82.67,80.7041299633448
82.68,80.7041299633448
82.69,80.7041299633448
82.7,80.7041299633448
82.71,80.7041299633448
82.72,80.7041299633448
82.73,80.7041299633448
82.74,80.7041299633448
82.75,80.7041299633448
82.76,80.7041299633448
82.77,80.7041299633448
82.78,80.7041299633448
82.79,80.7041299633448
82.8,80.7041299633448
82.81,80.7041299633448
82.82,80.7041299633448
82.83,80.7041299633448
82.84,80.7041299633448
82.85,80.7041299633448
82.86,80.7041299633448
82.87,80.7041299633448
82.88,80.7041299633448
82.89,80.7041299633448
82.9,80.7041299633448
82.91,80.7041299633448
82.92,80.7041299633448
82.93,80.7041299633448
82.94,80.7041299633448
82.95,80.7041299633448
82.96,80.7041299633448
82.97,80.7041299633448
82.98,80.7041299633448
82.99,80.7041299633448
83,80.7041299633448
83.01,80.7041299633448
83.02,80.7041299633448
83.03,80.7041299633448
83.04,80.7041299633448
83.05,80.7041299633448
83.06,80.7041299633448
83.07,80.7041299633448
83.08,80.7041299633448
83.09,80.7041299633448
83.1,80.7041299633448
83.11,80.7041299633448
83.12,80.7041299633448
83.13,80.7041299633448
83.14,80.7041299633448
83.15,80.7041299633448
83.16,80.7041299633448
83.17,80.7041299633448
83.18,80.7041299633448
83.19,80.7041299633448
83.2,80.7041299633448
83.21,80.7041299633448
83.22,80.7041299633448
83.23,80.7041299633448
83.24,80.7041299633448
83.25,80.7041299633448
83.26,80.7041299633448
83.27,80.7041299633448
83.28,80.7041299633448
83.29,80.7041299633448
83.3,80.7041299633448
83.31,80.7041299633448
83.32,80.7041299633448
83.33,80.7041299633448
83.34,80.7041299633448
83.35,80.7041299633448
83.36,80.7041299633448
83.37,80.7041299633448
83.38,80.7041299633448
83.39,80.7041299633448
83.4,80.7041299633448
83.41,80.7041299633448
83.42,80.7041299633448
83.43,80.7041299633448
83.44,80.7041299633448
83.45,80.7041299633448
83.46,80.7041299633448
83.47,80.7041299633448
83.48,80.7041299633448
83.49,80.7041299633448
83.5,80.7041299633448
83.51,80.7041299633448
83.52,80.7041299633448
83.53,80.7041299633448
83.54,80.7041299633448
83.55,80.7041299633448
83.56,80.7041299633448
83.57,80.7041299633448
83.58,80.7041299633448
83.59,80.7041299633448
83.6,80.7041299633448
83.61,80.7041299633448
83.62,80.7041299633448
83.63,80.7041299633448
83.64,80.7041299633448
83.65,80.7041299633448
83.66,80.7041299633448
83.67,80.7041299633448
83.68,80.7041299633448
83.69,80.7041299633448
83.7,80.7041299633448
83.71,80.7041299633448
83.72,80.7041299633448
83.73,80.7041299633448
83.74,80.7041299633448
83.75,80.7041299633448
83.76,80.7041299633448
83.77,80.7041299633448
83.78,80.7041299633448
83.79,80.7041299633448
83.8,80.7041299633448
83.81,80.7041299633448
83.82,80.7041299633448
83.83,80.7041299633448
83.84,80.7041299633448
83.85,80.7041299633448
83.86,80.7041299633448
83.87,80.7041299633448
83.88,80.7041299633448
83.89,80.7041299633448
83.9,80.7041299633448
83.91,80.7041299633448
83.92,80.7041299633448
83.93,80.7041299633448
83.94,80.7041299633448
83.95,80.7041299633448
83.96,80.7041299633448
83.97,80.7041299633448
83.98,80.7041299633448
83.99,80.7041299633448
84,80.7041299633448
84.01,80.7041299633448
84.02,80.7041299633448
84.03,80.7041299633448
84.04,80.7041299633448
84.05,80.7041299633448
84.06,80.7041299633448
84.07,80.7041299633448
84.08,80.7041299633448
84.09,80.7041299633448
84.1,80.7041299633448
84.11,80.7041299633448
84.12,80.7041299633448
84.13,80.7041299633448
84.14,80.7041299633448
84.15,80.7041299633448
84.16,80.7041299633448
84.17,80.7041299633448
84.18,80.7041299633448
84.19,80.7041299633448
84.2,80.7041299633448
84.21,80.7041299633448
84.22,80.7041299633448
84.23,80.7041299633448
84.24,80.7041299633448
84.25,80.7041299633448
84.26,80.7041299633448
84.27,80.7041299633448
84.28,80.7041299633448
84.29,80.7041299633448
84.3,80.7041299633448
84.31,80.7041299633448
84.32,80.7041299633448
84.33,80.7041299633448
84.34,80.7041299633448
84.35,80.7041299633448
84.36,80.7041299633448
84.37,80.7041299633448
84.38,80.7041299633448
84.39,80.7041299633448
84.4,80.7041299633448
84.41,80.7041299633448
84.42,80.7041299633448
84.43,80.7041299633448
84.44,80.7041299633448
84.45,80.7041299633448
84.46,80.7041299633448
84.47,80.7041299633448
84.48,80.7041299633448
84.49,80.7041299633448
84.5,80.7041299633448
84.51,80.7041299633448
84.52,80.7041299633448
84.53,80.7041299633448
84.54,80.7041299633448
84.55,80.7041299633448
84.56,80.7041299633448
84.57,80.7041299633448
84.58,80.7041299633448
84.59,80.7041299633448
84.6,80.7041299633448
84.61,80.7041299633448
84.62,80.7041299633448
84.63,80.7041299633448
84.64,80.7041299633448
84.65,80.7041299633448
84.66,80.7041299633448
84.67,80.7041299633448
84.68,80.7041299633448
84.69,80.7041299633448
84.7,80.7041299633448
84.71,80.7041299633448
84.72,80.7041299633448
84.73,80.7041299633448
84.74,80.7041299633448
84.75,80.7041299633448
84.76,80.7041299633448
84.77,80.7041299633448
84.78,80.7041299633448
84.79,80.7041299633448
84.8,80.7041299633448
84.81,80.7041299633448
84.82,80.7041299633448
84.83,80.7041299633448
84.84,80.7041299633448
84.85,80.7041299633448
84.86,80.7041299633448
84.87,80.7041299633448
84.88,80.7041299633448
84.89,80.7041299633448
84.9,80.7041299633448
84.91,80.7041299633448
84.92,80.7041299633448
84.93,80.7041299633448
84.94,80.7041299633448
84.95,80.7041299633448
84.96,80.7041299633448
84.97,80.7041299633448
84.98,80.7041299633448
84.99,80.7041299633448
85,80.7041299633448
85.01,80.7041299633448
85.02,80.7041299633448
85.03,80.7041299633448
85.04,80.7041299633448
85.05,80.7041299633448
85.06,80.7041299633448
85.07,80.7041299633448
85.08,80.7041299633448
85.09,80.7041299633448
85.1,80.7041299633448
85.11,80.7041299633448
85.12,80.7041299633448
85.13,80.7041299633448
85.14,80.7041299633448
85.15,80.7041299633448
85.16,80.7041299633448
85.17,80.7041299633448
85.18,80.7041299633448
85.19,80.7041299633448
85.2,80.7041299633448
85.21,80.7041299633448
85.22,80.7041299633448
85.23,80.7041299633448
85.24,80.7041299633448
85.25,80.7041299633448
85.26,80.7041299633448
85.27,80.7041299633448
85.28,80.7041299633448
85.29,80.7041299633448
85.3,80.7041299633448
85.31,80.7041299633448
85.32,80.7041299633448
85.33,80.7041299633448
85.34,80.7041299633448
85.35,80.7041299633448
85.36,80.7041299633448
85.37,80.7041299633448
85.38,80.7041299633448
85.39,80.7041299633448
85.4,80.7041299633448
85.41,80.7041299633448
85.42,80.7041299633448
85.43,80.7041299633448
85.44,80.7041299633448
85.45,80.7041299633448
85.46,80.7041299633448
85.47,80.7041299633448
85.48,80.7041299633448
85.49,80.7041299633448
85.5,80.7041299633448
85.51,80.7041299633448
85.52,80.7041299633448
85.53,80.7041299633448
85.54,80.7041299633448
85.55,80.7041299633448
85.56,80.7041299633448
85.57,80.7041299633448
85.58,80.7041299633448
85.59,80.7041299633448
85.6,80.7041299633448
85.61,80.7041299633448
85.62,80.7041299633448
85.63,80.7041299633448
85.64,80.7041299633448
85.65,80.7041299633448
85.66,80.7041299633448
85.67,80.7041299633448
85.68,80.7041299633448
85.69,80.7041299633448
85.7,80.7041299633448
85.71,80.7041299633448
85.72,80.7041299633448
85.73,80.7041299633448
85.74,80.7041299633448
85.75,80.7041299633448
85.76,80.7041299633448
85.77,80.7041299633448
85.78,80.7041299633448
85.79,80.7041299633448
85.8,80.7041299633448
85.81,80.7041299633448
85.82,80.7041299633448
85.83,80.7041299633448
85.84,80.7041299633448
85.85,80.7041299633448
85.86,80.7041299633448
85.87,80.7041299633448
85.88,80.7041299633448
85.89,34.5749138657123
85.9,34.5749138657123
85.91,34.5749138657123
85.92,34.5749138657123
85.93,34.5749138657123
85.94,34.5749138657123
85.95,34.5749138657123
85.96,34.5749138657123
85.97,34.5749138657123
85.98,34.5749138657123
85.99,34.5749138657123
86,34.5749138657123
86.01,34.5749138657123
86.02,34.5749138657123
86.03,34.5749138657123
86.04,34.5749138657123
86.05,34.5749138657123
86.06,34.5749138657123
86.07,34.5749138657123
86.08,34.5749138657123
86.09,34.5749138657123
86.1,34.5749138657123
86.11,34.5749138657123
86.12,34.5749138657123
86.13,34.5749138657123
86.14,34.5749138657123
86.15,34.5749138657123
86.16,34.5749138657123
86.17,34.5749138657123
86.18,34.5749138657123
86.19,34.5749138657123
86.2,34.5749138657123
86.21,34.5749138657123
86.22,34.5749138657123
86.23,34.5749138657123
86.24,34.5749138657123
86.25,34.5749138657123
86.26,34.5749138657123
86.27,34.5749138657123
86.28,34.5749138657123
86.29,34.5749138657123
86.3,34.5749138657123
86.31,34.5749138657123
86.32,34.5749138657123
86.33,34.5749138657123
86.34,34.5749138657123
86.35,34.5749138657123
86.36,34.5749138657123
86.37,34.5749138657123
86.38,34.5749138657123
86.39,34.5749138657123
86.4,34.5749138657123
86.41,34.5749138657123
86.42,34.5749138657123
86.43,34.5749138657123
86.44,34.5749138657123
86.45,34.5749138657123
86.46,34.5749138657123
86.47,34.5749138657123
86.48,34.5749138657123
86.49,34.5749138657123
86.5,34.5749138657123
86.51,34.5749138657123
86.52,34.5749138657123
86.53,34.5749138657123
86.54,34.5749138657123
86.55,34.5749138657123
86.56,34.5749138657123
86.57,34.5749138657123
86.58,34.5749138657123
86.59,34.5749138657123
86.6,34.5749138657123
86.61,34.5749138657123
86.62,34.5749138657123
86.63,34.5749138657123
86.64,34.5749138657123
86.65,34.5749138657123
86.66,34.5749138657123
86.67,34.5749138657123
86.68,34.5749138657123
86.69,34.5749138657123
86.7,34.5749138657123
86.71,34.5749138657123
86.72,34.5749138657123
86.73,34.5749138657123
86.74,34.5749138657123
86.75,34.5749138657123
86.76,34.5749138657123
86.77,34.5749138657123
86.78,34.5749138657123
86.79,34.5749138657123
86.8,34.5749138657123
86.81,34.5749138657123
86.82,34.5749138657123
86.83,34.5749138657123
86.84,34.5749138657123
86.85,34.5749138657123
86.86,34.5749138657123
86.87,34.5749138657123
86.88,34.5749138657123
86.89,34.5749138657123
86.9,34.5749138657123
86.91,34.5749138657123
86.92,34.5749138657123
86.93,34.5749138657123
86.94,34.5749138657123
86.95,34.5749138657123
86.96,34.5749138657123
86.97,34.5749138657123
86.98,34.5749138657123
86.99,34.5749138657123
87,34.5749138657123
87.01,34.5749138657123
87.02,34.5749138657123
87.03,34.5749138657123
87.04,34.5749138657123
87.05,34.5749138657123
87.06,34.5749138657123
87.07,34.5749138657123
87.08,34.5749138657123
87.09,34.5749138657123
87.1,34.5749138657123
87.11,34.5749138657123
87.12,34.5749138657123
87.13,34.5749138657123
87.14,34.5749138657123
87.15,34.5749138657123
87.16,34.5749138657123
87.17,34.5749138657123
87.18,34.5749138657123
87.19,34.5749138657123
87.2,34.5749138657123
87.21,34.5749138657123
87.22,34.5749138657123
87.23,34.5749138657123
87.24,34.5749138657123
87.25,34.5749138657123
87.26,34.5749138657123
87.27,34.5749138657123
87.28,34.5749138657123
87.29,34.5749138657123
87.3,34.5749138657123
87.31,34.5749138657123
87.32,34.5749138657123
87.33,34.5749138657123
87.34,34.5749138657123
87.35,34.5749138657123
87.36,34.5749138657123
87.37,34.5749138657123
87.38,34.5749138657123
87.39,34.5749138657123
87.4,34.5749138657123
87.41,34.5749138657123
87.42,34.5749138657123
87.43,34.5749138657123
87.44,34.5749138657123
87.45,34.5749138657123
87.46,34.5749138657123
87.47,34.5749138657123
87.48,34.5749138657123
87.49,34.5749138657123
87.5,34.5749138657123
87.51,34.5749138657123
87.52,34.5749138657123
87.53,34.5749138657123
87.54,34.5749138657123
87.55,34.5749138657123
87.56,34.5749138657123
87.57,34.5749138657123
87.58,34.5749138657123
87.59,34.5749138657123
87.6,34.5749138657123
87.61,34.5749138657123
87.62,34.5749138657123
87.63,34.5749138657123
87.64,34.5749138657123
87.65,34.5749138657123
87.66,34.5749138657123
87.67,34.5749138657123
87.68,34.5749138657123
87.69,34.5749138657123
87.7,34.5749138657123
87.71,34.5749138657123
87.72,34.5749138657123
87.73,34.5749138657123
87.74,34.5749138657123
87.75,34.5749138657123
87.76,34.5749138657123
87.77,34.5749138657123
87.78,34.5749138657123
87.79,34.5749138657123
87.8,34.5749138657123
87.81,34.5749138657123
87.82,34.5749138657123
87.83,34.5749138657123
87.84,34.5749138657123
87.85,34.5749138657123
87.86,34.5749138657123
87.87,34.5749138657123
87.88,34.5749138657123
87.89,34.5749138657123
87.9,34.5749138657123
87.91,34.5749138657123
87.92,34.5749138657123
87.93,34.5749138657123
87.94,34.5749138657123
87.95,34.5749138657123
87.96,34.5749138657123
87.97,34.5749138657123
87.98,34.5749138657123
87.99,34.5749138657123
88,34.5749138657123
88.01,34.5749138657123
88.02,34.5749138657123
88.03,34.5749138657123
88.04,34.5749138657123
88.05,34.5749138657123
88.06,34.5749138657123
88.07,34.5749138657123
88.08,34.5749138657123
88.09,34.5749138657123
88.1,34.5749138657123
88.11,34.5749138657123
88.12,34.5749138657123
88.13,34.5749138657123
88.14,34.5749138657123
88.15,34.5749138657123
88.16,34.5749138657123
88.17,34.5749138657123
88.18,34.5749138657123
88.19,34.5749138657123
88.2,34.5749138657123
88.21,34.5749138657123
88.22,34.5749138657123
88.23,34.5749138657123
88.24,34.5749138657123
88.25,34.5749138657123
88.26,34.5749138657123
88.27,34.5749138657123
88.28,34.5749138657123
88.29,34.5749138657123
88.3,34.5749138657123
88.31,34.5749138657123
88.32,34.5749138657123
88.33,34.5749138657123
88.34,34.5749138657123
88.35,34.5749138657123
88.36,34.5749138657123
88.37,34.5749138657123
88.38,34.5749138657123
88.39,34.5749138657123
88.4,34.5749138657123
88.41,34.5749138657123
88.42,34.5749138657123
88.43,34.5749138657123
88.44,34.5749138657123
88.45,34.5749138657123
88.46,34.5749138657123
88.47,34.5749138657123
88.48,34.5749138657123
88.49,34.5749138657123
88.5,34.5749138657123
88.51,34.5749138657123
88.52,34.5749138657123
88.53,34.5749138657123
88.54,34.5749138657123
88.55,34.5749138657123
88.56,34.5749138657123
88.57,34.5749138657123
88.58,34.5749138657123
88.59,34.5749138657123
88.6,34.5749138657123
88.61,34.5749138657123
88.62,34.5749138657123
88.63,34.5749138657123
88.64,34.5749138657123
88.65,34.5749138657123
88.66,34.5749138657123
88.67,34.5749138657123
88.68,34.5749138657123
88.69,34.5749138657123
88.7,34.5749138657123
88.71,34.5749138657123
88.72,34.5749138657123
88.73,34.5749138657123
88.74,34.5749138657123
88.75,34.5749138657123
88.76,34.5749138657123
88.77,34.5749138657123
88.78,34.5749138657123
88.79,34.5749138657123
88.8,34.5749138657123
88.81,34.5749138657123
88.82,34.5749138657123
88.83,34.5749138657123
88.84,34.5749138657123
88.85,34.5749138657123
88.86,34.5749138657123
88.87,34.5749138657123
88.88,34.5749138657123
88.89,34.5749138657123
88.9,34.5749138657123
88.91,34.5749138657123
88.92,34.5749138657123
88.93,34.5749138657123
88.94,34.5749138657123
88.95,34.5749138657123
88.96,34.5749138657123
88.97,34.5749138657123
88.98,34.5749138657123
88.99,34.5749138657123
89,34.5749138657123
89.01,34.5749138657123
89.02,34.5749138657123
89.03,34.5749138657123
89.04,34.5749138657123
89.05,34.5749138657123
89.06,34.5749138657123
89.07,34.5749138657123
89.08,34.5749138657123
89.09,26.7302673873158
89.1,26.7302673873158
89.11,26.7302673873158
89.12,26.7302673873158
89.13,26.7302673873158
89.14,26.7302673873158
89.15,26.7302673873158
89.16,26.7302673873158
89.17,26.7302673873158
89.18,26.7302673873158
89.19,26.7302673873158
89.2,26.7302673873158
89.21,26.7302673873158
89.22,26.7302673873158
89.23,26.7302673873158
89.24,26.7302673873158
89.25,26.7302673873158
89.26,26.7302673873158
89.27,26.7302673873158
89.28,26.7302673873158
89.29,26.7302673873158
89.3,26.7302673873158
89.31,26.7302673873158
89.32,26.7302673873158
89.33,26.7302673873158
89.34,26.7302673873158
89.35,26.7302673873158
89.36,26.7302673873158
89.37,26.7302673873158
89.38,26.7302673873158
89.39,26.7302673873158
89.4,26.7302673873158
89.41,26.7302673873158
89.42,26.7302673873158
89.43,26.7302673873158
89.44,26.7302673873158
89.45,26.7302673873158
89.46,26.7302673873158
89.47,26.7302673873158
89.48,26.7302673873158
89.49,26.7302673873158
89.5,26.7302673873158
89.51,26.7302673873158
89.52,26.7302673873158
89.53,26.7302673873158
89.54,26.7302673873158
89.55,26.7302673873158
89.56,26.7302673873158
89.57,26.7302673873158
89.58,26.7302673873158
89.59,26.7302673873158
89.6,26.7302673873158
89.61,26.7302673873158
89.62,26.7302673873158
89.63,26.7302673873158
89.64,26.7302673873158
89.65,26.7302673873158
89.66,26.7302673873158
89.67,26.7302673873158
89.68,26.7302673873158
89.69,26.7302673873158
89.7,26.7302673873158
89.71,26.7302673873158
89.72,26.7302673873158
89.73,26.7302673873158
89.74,26.7302673873158
89.75,26.7302673873158
89.76,26.7302673873158
89.77,26.7302673873158
89.78,26.7302673873158
89.79,26.7302673873158
89.8,26.7302673873158
89.81,26.7302673873158
89.82,26.7302673873158
89.83,26.7302673873158
89.84,26.7302673873158
89.85,26.7302673873158
89.86,26.7302673873158
89.87,26.7302673873158
89.88,26.7302673873158
89.89,26.7302673873158
89.9,26.7302673873158
89.91,26.7302673873158
89.92,26.7302673873158
89.93,26.7302673873158
89.94,26.7302673873158
89.95,26.7302673873158
89.96,26.7302673873158
89.97,26.7302673873158
89.98,26.7302673873158
89.99,26.7302673873158
90,26.7302673873158
90.01,26.7302673873158
90.02,26.7302673873158
90.03,26.7302673873158
90.04,26.7302673873158
90.05,26.7302673873158
90.06,26.7302673873158
90.07,26.7302673873158
90.08,26.7302673873158
90.09,26.7302673873158
90.1,26.7302673873158
90.11,26.7302673873158
90.12,26.7302673873158
90.13,26.7302673873158
90.14,26.7302673873158
90.15,26.7302673873158
90.16,26.7302673873158
90.17,26.7302673873158
90.18,26.7302673873158
90.19,26.7302673873158
90.2,26.7302673873158
90.21,26.7302673873158
90.22,26.7302673873158
90.23,26.7302673873158
90.24,26.7302673873158
90.25,26.7302673873158
90.26,26.7302673873158
90.27,26.7302673873158
90.28,26.7302673873158
90.29,26.7302673873158
90.3,26.7302673873158
90.31,26.7302673873158
90.32,26.7302673873158
90.33,26.7302673873158
90.34,26.7302673873158
90.35,26.7302673873158
90.36,26.7302673873158
90.37,26.7302673873158
90.38,26.7302673873158
90.39,26.7302673873158
90.4,26.7302673873158
90.41,26.7302673873158
90.42,26.7302673873158
90.43,26.7302673873158
90.44,26.7302673873158
90.45,26.7302673873158
90.46,26.7302673873158
90.47,26.7302673873158
90.48,26.7302673873158
90.49,26.7302673873158
90.5,26.7302673873158
90.51,26.7302673873158
90.52,26.7302673873158
90.53,26.7302673873158
90.54,26.7302673873158
90.55,26.7302673873158
90.56,26.7302673873158
90.57,26.7302673873158
90.58,26.7302673873158
90.59,26.7302673873158
90.6,26.7302673873158
90.61,26.7302673873158
90.62,26.7302673873158
90.63,26.7302673873158
90.64,26.7302673873158
90.65,26.7302673873158
90.66,26.7302673873158
90.67,26.7302673873158
90.68,26.7302673873158
90.69,26.7302673873158
90.7,26.7302673873158
90.71,26.7302673873158
90.72,26.7302673873158
90.73,26.7302673873158
90.74,26.7302673873158
90.75,26.7302673873158
90.76,26.7302673873158
90.77,26.7302673873158
90.78,26.7302673873158
90.79,26.7302673873158
90.8,26.7302673873158
90.81,26.7302673873158
90.82,26.7302673873158
90.83,26.7302673873158
90.84,26.7302673873158
90.85,26.7302673873158
90.86,26.7302673873158
90.87,26.7302673873158
90.88,26.7302673873158
90.89,26.7302673873158
90.9,26.7302673873158
90.91,26.7302673873158
90.92,26.7302673873158
90.93,26.7302673873158
90.94,26.7302673873158
90.95,26.7302673873158
90.96,26.7302673873158
90.97,26.7302673873158
90.98,26.7302673873158
90.99,26.7302673873158
91,26.7302673873158
91.01,26.7302673873158
91.02,26.7302673873158
91.03,26.7302673873158
91.04,26.7302673873158
91.05,26.7302673873158
91.06,26.7302673873158
91.07,26.7302673873158
91.08,26.7302673873158
91.09,73.5922029137806
91.1,73.5922029137806
91.11,73.5922029137806
91.12,73.5922029137806
91.13,73.5922029137806
91.14,73.5922029137806
91.15,73.5922029137806
91.16,73.5922029137806
91.17,73.5922029137806
91.18,73.5922029137806
91.19,73.5922029137806
91.2,73.5922029137806
91.21,73.5922029137806
91.22,73.5922029137806
91.23,73.5922029137806
91.24,73.5922029137806
91.25,73.5922029137806
91.26,73.5922029137806
91.27,73.5922029137806
91.28,73.5922029137806
91.29,73.5922029137806
91.3,73.5922029137806
91.31,73.5922029137806
91.32,73.5922029137806
91.33,73.5922029137806
91.34,73.5922029137806
91.35,73.5922029137806
91.36,73.5922029137806
91.37,73.5922029137806
91.38,73.5922029137806
91.39,73.5922029137806
91.4,73.5922029137806
91.41,73.5922029137806
91.42,73.5922029137806
91.43,73.5922029137806
91.44,73.5922029137806
91.45,73.5922029137806
91.46,73.5922029137806
91.47,73.5922029137806
91.48,73.5922029137806
91.49,73.5922029137806
91.5,73.5922029137806
91.51,73.5922029137806
91.52,73.5922029137806
91.53,73.5922029137806
91.54,73.5922029137806
91.55,73.5922029137806
91.56,73.5922029137806
91.57,73.5922029137806
91.58,73.5922029137806
91.59,73.5922029137806
91.6,73.5922029137806
91.61,73.5922029137806
91.62,73.5922029137806
91.63,73.5922029137806
91.64,73.5922029137806
91.65,73.5922029137806
91.66,73.5922029137806
91.67,73.5922029137806
91.68,73.5922029137806
91.69,73.5922029137806
91.7,73.5922029137806
91.71,73.5922029137806
91.72,73.5922029137806
91.73,73.5922029137806
91.74,73.5922029137806
91.75,73.5922029137806
91.76,73.5922029137806
91.77,73.5922029137806
91.78,73.5922029137806
91.79,73.5922029137806
91.8,73.5922029137806
91.81,73.5922029137806
91.82,73.5922029137806
91.83,73.5922029137806
91.84,73.5922029137806
91.85,73.5922029137806
91.86,73.5922029137806
91.87,73.5922029137806
91.88,73.5922029137806
91.89,73.5922029137806
91.9,73.5922029137806
91.91,73.5922029137806
91.92,73.5922029137806
91.93,73.5922029137806
91.94,73.5922029137806
91.95,73.5922029137806
91.96,73.5922029137806
91.97,73.5922029137806
91.98,73.5922029137806
91.99,73.5922029137806
92,73.5922029137806
92.01,73.5922029137806
92.02,73.5922029137806
92.03,73.5922029137806
92.04,73.5922029137806
92.05,73.5922029137806
92.06,73.5922029137806
92.07,73.5922029137806
92.08,73.5922029137806
92.09,73.5922029137806
92.1,73.5922029137806
92.11,73.5922029137806
92.12,73.5922029137806
92.13,73.5922029137806
92.14,73.5922029137806
92.15,73.5922029137806
92.16,73.5922029137806
92.17,73.5922029137806
92.18,73.5922029137806
92.19,73.5922029137806
92.2,73.5922029137806
92.21,73.5922029137806
92.22,73.5922029137806
92.23,73.5922029137806
92.24,73.5922029137806
92.25,73.5922029137806
92.26,73.5922029137806
92.27,73.5922029137806
92.28,73.5922029137806
92.29,73.5922029137806
92.3,73.5922029137806
92.31,73.5922029137806
92.32,73.5922029137806
92.33,73.5922029137806
92.34,73.5922029137806
92.35,73.5922029137806
92.36,73.5922029137806
92.37,73.5922029137806
92.38,73.5922029137806
92.39,73.5922029137806
92.4,73.5922029137806
92.41,73.5922029137806
92.42,73.5922029137806
92.43,73.5922029137806
92.44,73.5922029137806
92.45,73.5922029137806
92.46,73.5922029137806
92.47,73.5922029137806
92.48,73.5922029137806
92.49,73.5922029137806
92.5,73.5922029137806
92.51,73.5922029137806
92.52,73.5922029137806
92.53,73.5922029137806
92.54,73.5922029137806
92.55,73.5922029137806
92.56,73.5922029137806
92.57,73.5922029137806
92.58,73.5922029137806
92.59,73.5922029137806
92.6,73.5922029137806
92.61,73.5922029137806
92.62,73.5922029137806
92.63,73.5922029137806
92.64,73.5922029137806
92.65,73.5922029137806
92.66,73.5922029137806
92.67,73.5922029137806
92.68,73.5922029137806
92.69,73.5922029137806
92.7,73.5922029137806
92.71,73.5922029137806
92.72,73.5922029137806
92.73,73.5922029137806
92.74,73.5922029137806
92.75,73.5922029137806
92.76,73.5922029137806
92.77,73.5922029137806
92.78,73.5922029137806
92.79,73.5922029137806
92.8,73.5922029137806
92.81,73.5922029137806
92.82,73.5922029137806
92.83,73.5922029137806
92.84,73.5922029137806
92.85,73.5922029137806
92.86,73.5922029137806
92.87,73.5922029137806
92.88,73.5922029137806
92.89,73.5922029137806
92.9,73.5922029137806
92.91,73.5922029137806
92.92,73.5922029137806
92.93,73.5922029137806
92.94,73.5922029137806
92.95,73.5922029137806
92.96,73.5922029137806
92.97,73.5922029137806
92.98,73.5922029137806
92.99,73.5922029137806
93,73.5922029137806
93.01,73.5922029137806
93.02,73.5922029137806
93.03,73.5922029137806
93.04,73.5922029137806
93.05,73.5922029137806
93.06,73.5922029137806
93.07,73.5922029137806
93.08,73.5922029137806
93.09,73.5922029137806
93.1,73.5922029137806
93.11,73.5922029137806
93.12,73.5922029137806
93.13,73.5922029137806
93.14,73.5922029137806
93.15,73.5922029137806
93.16,73.5922029137806
93.17,73.5922029137806
93.18,17.7047919594666
93.19,17.7047919594666
93.2,17.7047919594666
93.21,17.7047919594666
93.22,17.7047919594666
93.23,17.7047919594666
93.24,17.7047919594666
93.25,17.7047919594666
93.26,17.7047919594666
93.27,17.7047919594666
93.28,17.7047919594666
93.29,17.7047919594666
93.3,17.7047919594666
93.31,17.7047919594666
93.32,17.7047919594666
93.33,17.7047919594666
93.34,17.7047919594666
93.35,17.7047919594666
93.36,17.7047919594666
93.37,17.7047919594666
93.38,17.7047919594666
93.39,17.7047919594666
93.4,17.7047919594666
93.41,17.7047919594666
93.42,17.7047919594666
93.43,17.7047919594666
93.44,17.7047919594666
93.45,17.7047919594666
93.46,17.7047919594666
93.47,17.7047919594666
93.48,17.7047919594666
93.49,17.7047919594666
93.5,17.7047919594666
93.51,17.7047919594666
93.52,17.7047919594666
93.53,17.7047919594666
93.54,17.7047919594666
93.55,17.7047919594666
93.56,17.7047919594666
93.57,17.7047919594666
93.58,17.7047919594666
93.59,17.7047919594666
93.6,17.7047919594666
93.61,17.7047919594666
93.62,17.7047919594666
93.63,17.7047919594666
93.64,17.7047919594666
93.65,17.7047919594666
93.66,17.7047919594666
93.67,17.7047919594666
93.68,17.7047919594666
93.69,17.7047919594666
93.7,17.7047919594666
93.71,17.7047919594666
93.72,17.7047919594666
93.73,17.7047919594666
93.74,17.7047919594666
93.75,17.7047919594666
93.76,17.7047919594666
93.77,17.7047919594666
93.78,17.7047919594666
93.79,17.7047919594666
93.8,17.7047919594666
93.81,17.7047919594666
93.82,17.7047919594666
93.83,17.7047919594666
93.84,17.7047919594666
93.85,17.7047919594666
93.86,17.7047919594666
93.87,17.7047919594666
93.88,17.7047919594666
93.89,17.7047919594666
93.9,17.7047919594666
93.91,17.7047919594666
93.92,17.7047919594666
93.93,17.7047919594666
93.94,17.7047919594666
93.95,17.7047919594666
93.96,17.7047919594666
93.97,17.7047919594666
93.98,17.7047919594666
93.99,17.7047919594666
94,17.7047919594666
94.01,17.7047919594666
94.02,17.7047919594666
94.03,17.7047919594666
94.04,17.7047919594666
94.05,17.7047919594666
94.06,17.7047919594666
94.07,17.7047919594666
94.08,17.7047919594666
94.09,17.7047919594666
94.1,17.7047919594666
94.11,17.7047919594666
94.12,17.7047919594666
94.13,17.7047919594666
94.14,17.7047919594666
94.15,17.7047919594666
94.16,17.7047919594666
94.17,17.7047919594666
94.18,17.7047919594666
94.19,17.7047919594666
94.2,17.7047919594666
94.21,17.7047919594666
94.22,17.7047919594666
94.23,17.7047919594666
94.24,17.7047919594666
94.25,17.7047919594666
94.26,17.7047919594666
94.27,17.7047919594666
94.28,17.7047919594666
94.29,17.7047919594666
94.3,17.7047919594666
94.31,17.7047919594666
94.32,17.7047919594666
94.33,17.7047919594666
94.34,17.7047919594666
94.35,17.7047919594666
94.36,17.7047919594666
94.37,17.7047919594666
94.38,17.7047919594666
94.39,17.7047919594666
94.4,17.7047919594666
94.41,17.7047919594666
94.42,17.7047919594666
94.43,17.7047919594666
94.44,17.7047919594666
94.45,17.7047919594666
94.46,17.7047919594666
94.47,17.7047919594666
94.48,17.7047919594666
94.49,17.7047919594666
94.5,17.7047919594666
94.51,17.7047919594666
94.52,17.7047919594666
94.53,17.7047919594666
94.54,17.7047919594666
94.55,17.7047919594666
94.56,17.7047919594666
94.57,17.7047919594666
94.58,17.7047919594666
94.59,17.7047919594666
94.6,17.7047919594666
94.61,17.7047919594666
94.62,17.7047919594666
94.63,17.7047919594666
94.64,17.7047919594666
94.65,17.7047919594666
94.66,17.7047919594666
94.67,17.7047919594666
94.68,17.7047919594666
94.69,17.7047919594666
94.7,17.7047919594666
94.71,17.7047919594666
94.72,17.7047919594666
94.73,17.7047919594666
94.74,17.7047919594666
94.75,17.7047919594666
94.76,17.7047919594666
94.77,17.7047919594666
94.78,17.7047919594666
94.79,17.7047919594666
94.8,17.7047919594666
94.81,17.7047919594666
94.82,17.7047919594666
94.83,17.7047919594666
94.84,17.7047919594666
94.85,17.7047919594666
94.86,17.7047919594666
94.87,17.7047919594666
94.88,17.7047919594666
94.89,17.7047919594666
94.9,17.7047919594666
94.91,17.7047919594666
94.92,17.7047919594666
94.93,17.7047919594666
94.94,17.7047919594666
94.95,17.7047919594666
94.96,17.7047919594666
94.97,17.7047919594666
94.98,17.7047919594666
94.99,17.7047919594666
95,17.7047919594666
95.01,17.7047919594666
95.02,17.7047919594666
95.03,17.7047919594666
95.04,17.7047919594666
95.05,17.7047919594666
95.06,17.7047919594666
95.07,17.7047919594666
95.08,17.7047919594666
95.09,17.7047919594666
95.1,17.7047919594666
95.11,17.7047919594666
95.12,17.7047919594666
95.13,17.7047919594666
95.14,17.7047919594666
95.15,17.7047919594666
95.16,17.7047919594666
95.17,17.7047919594666
95.18,17.7047919594666
95.19,17.7047919594666
95.2,17.7047919594666
95.21,17.7047919594666
95.22,17.7047919594666
95.23,17.7047919594666
95.24,17.7047919594666
95.25,17.7047919594666
95.26,17.7047919594666
95.27,17.7047919594666
95.28,17.7047919594666
95.29,17.7047919594666
95.3,17.7047919594666
95.31,17.7047919594666
95.32,17.7047919594666
95.33,17.7047919594666
95.34,17.7047919594666
95.35,17.7047919594666
95.36,17.7047919594666
95.37,17.7047919594666
95.38,17.7047919594666
95.39,17.7047919594666
95.4,17.7047919594666
95.41,17.7047919594666
95.42,17.7047919594666
95.43,17.7047919594666
95.44,17.7047919594666
95.45,17.7047919594666
95.46,17.7047919594666
95.47,17.7047919594666
95.48,17.7047919594666
95.49,17.7047919594666
95.5,17.7047919594666
95.51,17.7047919594666
95.52,17.7047919594666
95.53,17.7047919594666
95.54,17.7047919594666
95.55,17.7047919594666
95.56,17.7047919594666
95.57,17.7047919594666
95.58,17.7047919594666
95.59,17.7047919594666
95.6,17.7047919594666
95.61,17.7047919594666
95.62,17.7047919594666
95.63,17.7047919594666
95.64,17.7047919594666
95.65,17.7047919594666
95.66,17.7047919594666
95.67,17.7047919594666
95.68,17.7047919594666
95.69,17.7047919594666
95.7,17.7047919594666
95.71,17.7047919594666
95.72,17.7047919594666
95.73,17.7047919594666
95.74,17.7047919594666
95.75,17.7047919594666
95.76,17.7047919594666
95.77,17.7047919594666
95.78,17.7047919594666
95.79,17.7047919594666
95.8,17.7047919594666
95.81,17.7047919594666
95.82,17.7047919594666
95.83,17.7047919594666
95.84,17.7047919594666
95.85,17.7047919594666
95.86,17.7047919594666
95.87,17.7047919594666
95.88,17.7047919594666
95.89,17.7047919594666
95.9,17.7047919594666
95.91,17.7047919594666
95.92,17.7047919594666
95.93,17.7047919594666
95.94,17.7047919594666
95.95,17.7047919594666
95.96,17.7047919594666
95.97,17.7047919594666
95.98,17.7047919594666
95.99,17.7047919594666
96,17.7047919594666
96.01,17.7047919594666
96.02,17.7047919594666
96.03,17.7047919594666
96.04,17.7047919594666
96.05,17.7047919594666
96.06,17.7047919594666
96.07,17.7047919594666
96.08,17.7047919594666
96.09,17.7047919594666
96.1,17.7047919594666
96.11,17.7047919594666
96.12,17.7047919594666
96.13,17.7047919594666
96.14,17.7047919594666
96.15,17.7047919594666
96.16,17.7047919594666
96.17,17.7047919594666
96.18,17.7047919594666
96.19,17.7047919594666
96.2,17.7047919594666
96.21,17.7047919594666
96.22,17.7047919594666
96.23,17.7047919594666
96.24,17.7047919594666
96.25,17.7047919594666
96.26,17.7047919594666
96.27,17.7047919594666
96.28,17.7047919594666
96.29,17.7047919594666
96.3,17.7047919594666
96.31,17.7047919594666
96.32,17.7047919594666
96.33,17.7047919594666
96.34,17.7047919594666
96.35,17.7047919594666
96.36,17.7047919594666
96.37,17.7047919594666
96.38,17.7047919594666
96.39,17.7047919594666
96.4,17.7047919594666
96.41,17.7047919594666
96.42,17.7047919594666
96.43,17.7047919594666
96.44,17.7047919594666
96.45,17.7047919594666
96.46,17.7047919594666
96.47,17.7047919594666
96.48,17.7047919594666
96.49,17.7047919594666
96.5,17.7047919594666
96.51,17.7047919594666
96.52,17.7047919594666
96.53,17.7047919594666
96.54,17.7047919594666
96.55,17.7047919594666
96.56,86.0762836400926
96.57,86.0762836400926
96.58,86.0762836400926
96.59,86.0762836400926
96.6,86.0762836400926
96.61,86.0762836400926
96.62,86.0762836400926
96.63,86.0762836400926
96.64,86.0762836400926
96.65,86.0762836400926
96.66,86.0762836400926
96.67,86.0762836400926
96.68,86.0762836400926
96.69,86.0762836400926
96.7,86.0762836400926
96.71,86.0762836400926
96.72,86.0762836400926
96.73,86.0762836400926
96.74,86.0762836400926
96.75,86.0762836400926
96.76,86.0762836400926
96.77,86.0762836400926
96.78,86.0762836400926
96.79,86.0762836400926
96.8,86.0762836400926
96.81,86.0762836400926
96.82,86.0762836400926
96.83,86.0762836400926
96.84,86.0762836400926
96.85,86.0762836400926
96.86,86.0762836400926
96.87,86.0762836400926
96.88,86.0762836400926
96.89,86.0762836400926
96.9,86.0762836400926
96.91,86.0762836400926
96.92,86.0762836400926
96.93,86.0762836400926
96.94,86.0762836400926
96.95,86.0762836400926
96.96,86.0762836400926
96.97,86.0762836400926
96.98,86.0762836400926
96.99,86.0762836400926
97,86.0762836400926
97.01,86.0762836400926
97.02,86.0762836400926
97.03,86.0762836400926
97.04,86.0762836400926
97.05,86.0762836400926
97.06,86.0762836400926
97.07,86.0762836400926
97.08,86.0762836400926
97.09,86.0762836400926
97.1,86.0762836400926
97.11,86.0762836400926
97.12,86.0762836400926
97.13,86.0762836400926
97.14,86.0762836400926
97.15,86.0762836400926
97.16,86.0762836400926
97.17,86.0762836400926
97.18,86.0762836400926
97.19,86.0762836400926
97.2,86.0762836400926
97.21,86.0762836400926
97.22,86.0762836400926
97.23,86.0762836400926
97.24,86.0762836400926
97.25,86.0762836400926
97.26,86.0762836400926
97.27,86.0762836400926
97.28,86.0762836400926
97.29,86.0762836400926
97.3,86.0762836400926
97.31,86.0762836400926
97.32,86.0762836400926
97.33,86.0762836400926
97.34,86.0762836400926
97.35,86.0762836400926
97.36,86.0762836400926
97.37,86.0762836400926
97.38,86.0762836400926
97.39,86.0762836400926
97.4,86.0762836400926
97.41,86.0762836400926
97.42,86.0762836400926
97.43,86.0762836400926
97.44,86.0762836400926
97.45,86.0762836400926
97.46,86.0762836400926
97.47,86.0762836400926
97.48,86.0762836400926
97.49,86.0762836400926
97.5,86.0762836400926
97.51,86.0762836400926
97.52,86.0762836400926
97.53,86.0762836400926
97.54,86.0762836400926
97.55,86.0762836400926
97.56,86.0762836400926
97.57,86.0762836400926
97.58,86.0762836400926
97.59,86.0762836400926
97.6,86.0762836400926
97.61,86.0762836400926
97.62,86.0762836400926
97.63,86.0762836400926
97.64,86.0762836400926
97.65,86.0762836400926
97.66,86.0762836400926
97.67,86.0762836400926
97.68,86.0762836400926
97.69,86.0762836400926
97.7,86.0762836400926
97.71,86.0762836400926
97.72,86.0762836400926
97.73,86.0762836400926
97.74,86.0762836400926
97.75,86.0762836400926
97.76,86.0762836400926
97.77,86.0762836400926
97.78,86.0762836400926
97.79,86.0762836400926
97.8,86.0762836400926
97.81,86.0762836400926
97.82,86.0762836400926
97.83,86.0762836400926
97.84,86.0762836400926
97.85,86.0762836400926
97.86,86.0762836400926
97.87,86.0762836400926
97.88,86.0762836400926
97.89,86.0762836400926
97.9,86.0762836400926
97.91,86.0762836400926
97.92,86.0762836400926
97.93,86.0762836400926
97.94,86.0762836400926
97.95,86.0762836400926
97.96,86.0762836400926
97.97,86.0762836400926
97.98,86.0762836400926
97.99,86.0762836400926
98,86.0762836400926
98.01,86.0762836400926
98.02,86.0762836400926
98.03,86.0762836400926
98.04,86.0762836400926
98.05,86.0762836400926
98.06,86.0762836400926
98.07,86.0762836400926
98.08,86.0762836400926
98.09,86.0762836400926
98.1,86.0762836400926
98.11,86.0762836400926
98.12,86.0762836400926
98.13,86.0762836400926
98.14,86.0762836400926
98.15,86.0762836400926
98.16,86.0762836400926
98.17,86.0762836400926
98.18,86.0762836400926
98.19,86.0762836400926
98.2,86.0762836400926
98.21,86.0762836400926
98.22,86.0762836400926
98.23,86.0762836400926
98.24,86.0762836400926
98.25,86.0762836400926
98.26,86.0762836400926
98.27,86.0762836400926
98.28,86.0762836400926
98.29,86.0762836400926
98.3,86.0762836400926
98.31,86.0762836400926
98.32,86.0762836400926
98.33,86.0762836400926
98.34,86.0762836400926
98.35,86.0762836400926
98.36,86.0762836400926
98.37,86.0762836400926
98.38,86.0762836400926
98.39,86.0762836400926
98.4,86.0762836400926
98.41,86.0762836400926
98.42,86.0762836400926
98.43,86.0762836400926
98.44,86.0762836400926
98.45,86.0762836400926
98.46,86.0762836400926
98.47,86.0762836400926
98.48,86.0762836400926
98.49,86.0762836400926
98.5,86.0762836400926
98.51,86.0762836400926
98.52,86.0762836400926
98.53,86.0762836400926
98.54,86.0762836400926
98.55,86.0762836400926
98.56,86.0762836400926
98.57,86.0762836400926
98.58,86.0762836400926
98.59,86.0762836400926
98.6,86.0762836400926
98.61,86.0762836400926
98.62,86.0762836400926
98.63,86.0762836400926
98.64,86.0762836400926
98.65,86.0762836400926
98.66,86.0762836400926
98.67,86.0762836400926
98.68,86.0762836400926
98.69,86.0762836400926
98.7,86.0762836400926
98.71,86.0762836400926
98.72,86.0762836400926
98.73,86.0762836400926
98.74,86.0762836400926
98.75,86.0762836400926
98.76,86.0762836400926
98.77,86.0762836400926
98.78,86.0762836400926
98.79,86.0762836400926
98.8,86.0762836400926
98.81,86.0762836400926
98.82,86.0762836400926
98.83,86.0762836400926
98.84,86.0762836400926
98.85,86.0762836400926
98.86,86.0762836400926
98.87,86.0762836400926
98.88,86.0762836400926
98.89,86.0762836400926
98.9,86.0762836400926
98.91,86.0762836400926
98.92,86.0762836400926
98.93,86.0762836400926
98.94,86.0762836400926
98.95,86.0762836400926
98.96,86.0762836400926
98.97,86.0762836400926
98.98,86.0762836400926
98.99,42.7540681790319
99,42.7540681790319
99.01,42.7540681790319
99.02,42.7540681790319
99.03,42.7540681790319
99.04,42.7540681790319
99.05,42.7540681790319
99.06,42.7540681790319
99.07,42.7540681790319
99.08,42.7540681790319
99.09,42.7540681790319
99.1,42.7540681790319
99.11,42.7540681790319
99.12,42.7540681790319
99.13,42.7540681790319
99.14,42.7540681790319
99.15,42.7540681790319
99.16,42.7540681790319
99.17,42.7540681790319
99.18,42.7540681790319
99.19,42.7540681790319
99.2,42.7540681790319
99.21,42.7540681790319
99.22,42.7540681790319
99.23,42.7540681790319
99.24,42.7540681790319
99.25,42.7540681790319
99.26,42.7540681790319
99.27,42.7540681790319
99.28,42.7540681790319
99.29,42.7540681790319
99.3,42.7540681790319
99.31,42.7540681790319
99.32,42.7540681790319
99.33,42.7540681790319
99.34,42.7540681790319
99.35,42.7540681790319
99.36,42.7540681790319
99.37,42.7540681790319
99.38,42.7540681790319
99.39,42.7540681790319
99.4,42.7540681790319
99.41,42.7540681790319
99.42,42.7540681790319
99.43,42.7540681790319
99.44,42.7540681790319
99.45,42.7540681790319
99.46,42.7540681790319
99.47,42.7540681790319
99.48,42.7540681790319
99.49,42.7540681790319
99.5,42.7540681790319
99.51,42.7540681790319
99.52,42.7540681790319
99.53,42.7540681790319
99.54,42.7540681790319
99.55,42.7540681790319
99.56,42.7540681790319
99.57,42.7540681790319
99.58,42.7540681790319
99.59,42.7540681790319
99.6,42.7540681790319
99.61,42.7540681790319
99.62,42.7540681790319
99.63,42.7540681790319
99.64,42.7540681790319
99.65,42.7540681790319
99.66,42.7540681790319
99.67,42.7540681790319
99.68,42.7540681790319
99.69,42.7540681790319
99.7,42.7540681790319
99.71,42.7540681790319
99.72,42.7540681790319
99.73,42.7540681790319
99.74,42.7540681790319
99.75,42.7540681790319
99.76,42.7540681790319
99.77,42.7540681790319
99.78,42.7540681790319
99.79,42.7540681790319
99.8,42.7540681790319
99.81,42.7540681790319
99.82,42.7540681790319
99.83,42.7540681790319
99.84,42.7540681790319
99.85,42.7540681790319
99.86,42.7540681790319
99.87,42.7540681790319
99.88,42.7540681790319
99.89,42.7540681790319
99.9,42.7540681790319
99.91,42.7540681790319
99.92,42.7540681790319
99.93,42.7540681790319
99.94,42.7540681790319
99.95,42.7540681790319
99.96,42.7540681790319
99.97,42.7540681790319
99.98,42.7540681790319
99.99,42.7540681790319
100,42.7540681790319
100.01,42.7540681790319
100.02,42.7540681790319
100.03,42.7540681790319
100.04,42.7540681790319
100.05,42.7540681790319
100.06,42.7540681790319
100.07,42.7540681790319
100.08,42.7540681790319
100.09,42.7540681790319
100.1,42.7540681790319
100.11,42.7540681790319
100.12,42.7540681790319
100.13,42.7540681790319
100.14,42.7540681790319
100.15,42.7540681790319
100.16,42.7540681790319
100.17,42.7540681790319
100.18,42.7540681790319
100.19,42.7540681790319
100.2,42.7540681790319
100.21,42.7540681790319
100.22,42.7540681790319
100.23,42.7540681790319
100.24,42.7540681790319
100.25,42.7540681790319
100.26,42.7540681790319
100.27,42.7540681790319
100.28,42.7540681790319
100.29,42.7540681790319
100.3,42.7540681790319
100.31,42.7540681790319
100.32,42.7540681790319
100.33,42.7540681790319
100.34,42.7540681790319
100.35,42.7540681790319
100.36,42.7540681790319
100.37,42.7540681790319
100.38,42.7540681790319
100.39,42.7540681790319
100.4,42.7540681790319
100.41,42.7540681790319
100.42,42.7540681790319
100.43,42.7540681790319
100.44,42.7540681790319
100.45,42.7540681790319
100.46,42.7540681790319
100.47,42.7540681790319
100.48,42.7540681790319
100.49,42.7540681790319
100.5,42.7540681790319
100.51,42.7540681790319
100.52,42.7540681790319
100.53,42.7540681790319
100.54,42.7540681790319
100.55,42.7540681790319
100.56,42.7540681790319
100.57,42.7540681790319
100.58,42.7540681790319
100.59,42.7540681790319
100.6,42.7540681790319
100.61,42.7540681790319
100.62,42.7540681790319
100.63,42.7540681790319
100.64,42.7540681790319
100.65,42.7540681790319
100.66,42.7540681790319
100.67,42.7540681790319
100.68,42.7540681790319
100.69,42.7540681790319
100.7,42.7540681790319
100.71,42.7540681790319
100.72,42.7540681790319
100.73,42.7540681790319
100.74,42.7540681790319
100.75,42.7540681790319
100.76,42.7540681790319
100.77,42.7540681790319
100.78,42.7540681790319
100.79,42.7540681790319
100.8,42.7540681790319
100.81,42.7540681790319
100.82,42.7540681790319
100.83,42.7540681790319
100.84,42.7540681790319
100.85,42.7540681790319
100.86,42.7540681790319
100.87,42.7540681790319
100.88,42.7540681790319
100.89,42.7540681790319
100.9,42.7540681790319
100.91,42.7540681790319
100.92,42.7540681790319
100.93,42.7540681790319
100.94,42.7540681790319
100.95,42.7540681790319
100.96,42.7540681790319
100.97,42.7540681790319
100.98,42.7540681790319
100.99,42.7540681790319
101,42.7540681790319
101.01,42.7540681790319
101.02,42.7540681790319
101.03,42.7540681790319
101.04,42.7540681790319
101.05,42.7540681790319
101.06,42.7540681790319
101.07,42.7540681790319
101.08,42.7540681790319
101.09,42.7540681790319
101.1,42.7540681790319
101.11,42.7540681790319
101.12,42.7540681790319
101.13,42.7540681790319
101.14,42.7540681790319
101.15,42.7540681790319
101.16,42.7540681790319
101.17,42.7540681790319
101.18,42.7540681790319
101.19,42.7540681790319
101.2,42.7540681790319
101.21,42.7540681790319
101.22,42.7540681790319
101.23,42.7540681790319
101.24,42.7540681790319
101.25,42.7540681790319
101.26,42.7540681790319
101.27,42.7540681790319
101.28,42.7540681790319
101.29,42.7540681790319
101.3,42.7540681790319
101.31,58.0962181125364
101.32,58.0962181125364
101.33,58.0962181125364
101.34,58.0962181125364
101.35,58.0962181125364
101.36,58.0962181125364
101.37,58.0962181125364
101.38,58.0962181125364
101.39,58.0962181125364
101.4,58.0962181125364
101.41,58.0962181125364
101.42,58.0962181125364
101.43,58.0962181125364
101.44,58.0962181125364
101.45,58.0962181125364
101.46,58.0962181125364
101.47,58.0962181125364
101.48,58.0962181125364
101.49,58.0962181125364
101.5,58.0962181125364
101.51,58.0962181125364
101.52,58.0962181125364
101.53,58.0962181125364
101.54,58.0962181125364
101.55,58.0962181125364
101.56,58.0962181125364
101.57,58.0962181125364
101.58,58.0962181125364
101.59,58.0962181125364
101.6,58.0962181125364
101.61,58.0962181125364
101.62,58.0962181125364
101.63,58.0962181125364
101.64,58.0962181125364
101.65,58.0962181125364
101.66,58.0962181125364
101.67,58.0962181125364
101.68,58.0962181125364
101.69,58.0962181125364
101.7,58.0962181125364
101.71,58.0962181125364
101.72,58.0962181125364
101.73,58.0962181125364
101.74,58.0962181125364
101.75,58.0962181125364
101.76,58.0962181125364
101.77,58.0962181125364
101.78,58.0962181125364
101.79,58.0962181125364
101.8,58.0962181125364
101.81,58.0962181125364
101.82,58.0962181125364
101.83,58.0962181125364
101.84,58.0962181125364
101.85,58.0962181125364
101.86,58.0962181125364
101.87,58.0962181125364
101.88,58.0962181125364
101.89,58.0962181125364
101.9,58.0962181125364
101.91,58.0962181125364
101.92,58.0962181125364
101.93,58.0962181125364
101.94,58.0962181125364
101.95,58.0962181125364
101.96,58.0962181125364
101.97,58.0962181125364
101.98,58.0962181125364
101.99,58.0962181125364
102,58.0962181125364
102.01,58.0962181125364
102.02,58.0962181125364
102.03,58.0962181125364
102.04,58.0962181125364
102.05,58.0962181125364
102.06,58.0962181125364
102.07,58.0962181125364
102.08,58.0962181125364
102.09,58.0962181125364
102.1,58.0962181125364
102.11,58.0962181125364
102.12,58.0962181125364
102.13,58.0962181125364
102.14,58.0962181125364
102.15,58.0962181125364
102.16,58.0962181125364
102.17,58.0962181125364
102.18,58.0962181125364
102.19,58.0962181125364
102.2,58.0962181125364
102.21,58.0962181125364
102.22,58.0962181125364
102.23,58.0962181125364
102.24,58.0962181125364
102.25,58.0962181125364
102.26,58.0962181125364
102.27,58.0962181125364
102.28,58.0962181125364
102.29,58.0962181125364
102.3,58.0962181125364
102.31,58.0962181125364
102.32,58.0962181125364
102.33,58.0962181125364
102.34,58.0962181125364
102.35,58.0962181125364
102.36,58.0962181125364
102.37,58.0962181125364
102.38,58.0962181125364
102.39,58.0962181125364
102.4,58.0962181125364
102.41,58.0962181125364
102.42,58.0962181125364
102.43,58.0962181125364
102.44,58.0962181125364
102.45,58.0962181125364
102.46,58.0962181125364
102.47,58.0962181125364
102.48,58.0962181125364
102.49,58.0962181125364
102.5,58.0962181125364
102.51,58.0962181125364
102.52,58.0962181125364
102.53,58.0962181125364
102.54,58.0962181125364
102.55,58.0962181125364
102.56,58.0962181125364
102.57,58.0962181125364
102.58,58.0962181125364
102.59,58.0962181125364
102.6,58.0962181125364
102.61,58.0962181125364
102.62,58.0962181125364
102.63,58.0962181125364
102.64,58.0962181125364
102.65,58.0962181125364
102.66,58.0962181125364
102.67,58.0962181125364
102.68,58.0962181125364
102.69,58.0962181125364
102.7,58.0962181125364
102.71,58.0962181125364
102.72,58.0962181125364
102.73,58.0962181125364
102.74,58.0962181125364
102.75,58.0962181125364
102.76,58.0962181125364
102.77,58.0962181125364
102.78,58.0962181125364
102.79,58.0962181125364
102.8,58.0962181125364
102.81,58.0962181125364
102.82,58.0962181125364
102.83,58.0962181125364
102.84,58.0962181125364
102.85,58.0962181125364
102.86,58.0962181125364
102.87,58.0962181125364
102.88,58.0962181125364
102.89,58.0962181125364
102.9,58.0962181125364
102.91,58.0962181125364
102.92,58.0962181125364
102.93,58.0962181125364
102.94,58.0962181125364
102.95,58.0962181125364
102.96,58.0962181125364
102.97,58.0962181125364
102.98,58.0962181125364
102.99,58.0962181125364
103,58.0962181125364
103.01,58.0962181125364
103.02,58.0962181125364
103.03,58.0962181125364
103.04,58.0962181125364
103.05,58.0962181125364
103.06,58.0962181125364
103.07,58.0962181125364
103.08,58.0962181125364
103.09,58.0962181125364
103.1,58.0962181125364
103.11,58.0962181125364
103.12,58.0962181125364
103.13,58.0962181125364
103.14,58.0962181125364
103.15,58.0962181125364
103.16,58.0962181125364
103.17,58.0962181125364
103.18,58.0962181125364
103.19,58.0962181125364
103.2,58.0962181125364
103.21,58.0962181125364
103.22,58.0962181125364
103.23,58.0962181125364
103.24,58.0962181125364
103.25,58.0962181125364
103.26,58.0962181125364
103.27,58.0962181125364
103.28,58.0962181125364
103.29,58.0962181125364
103.3,58.0962181125364
103.31,58.0962181125364
103.32,58.0962181125364
103.33,58.0962181125364
103.34,58.0962181125364
103.35,58.0962181125364
103.36,58.0962181125364
103.37,58.0962181125364
103.38,58.0962181125364
103.39,58.0962181125364
103.4,58.0962181125364
103.41,58.0962181125364
103.42,58.0962181125364
103.43,58.0962181125364
103.44,58.0962181125364
103.45,58.0962181125364
103.46,58.0962181125364
103.47,58.0962181125364
103.48,58.0962181125364
103.49,58.0962181125364
103.5,58.0962181125364
103.51,58.0962181125364
103.52,58.0962181125364
103.53,58.0962181125364
103.54,58.0962181125364
103.55,58.0962181125364
103.56,58.0962181125364
103.57,58.0962181125364
103.58,58.0962181125364
103.59,58.0962181125364
103.6,58.0962181125364
103.61,58.0962181125364
103.62,58.0962181125364
103.63,58.0962181125364
103.64,58.0962181125364
103.65,58.0962181125364
103.66,58.0962181125364
103.67,58.0962181125364
103.68,58.0962181125364
103.69,58.0962181125364
103.7,58.0962181125364
103.71,58.0962181125364
103.72,58.0962181125364
103.73,58.0962181125364
103.74,58.0962181125364
103.75,58.0962181125364
103.76,58.0962181125364
103.77,58.0962181125364
103.78,58.0962181125364
103.79,58.0962181125364
103.8,58.0962181125364
103.81,58.0962181125364
103.82,58.0962181125364
103.83,58.0962181125364
103.84,58.0962181125364
103.85,58.0962181125364
103.86,58.0962181125364
103.87,58.0962181125364
103.88,58.0962181125364
103.89,58.0962181125364
103.9,58.0962181125364
103.91,58.0962181125364
103.92,58.0962181125364
103.93,58.0962181125364
103.94,58.0962181125364
103.95,58.0962181125364
103.96,58.0962181125364
103.97,58.0962181125364
103.98,58.0962181125364
103.99,58.0962181125364
104,58.0962181125364
104.01,58.0962181125364
104.02,58.0962181125364
104.03,58.0962181125364
104.04,58.0962181125364
104.05,58.0962181125364
104.06,58.0962181125364
104.07,58.0962181125364
104.08,58.0962181125364
104.09,58.0962181125364
104.1,58.0962181125364
104.11,58.0962181125364
104.12,58.0962181125364
104.13,58.0962181125364
104.14,58.0962181125364
104.15,58.0962181125364
104.16,58.0962181125364
104.17,58.0962181125364
104.18,58.0962181125364
104.19,58.0962181125364
104.2,58.0962181125364
104.21,58.0962181125364
104.22,58.0962181125364
104.23,58.0962181125364
104.24,58.0962181125364
104.25,72.3454890982831
104.26,72.3454890982831
104.27,72.3454890982831
104.28,72.3454890982831
104.29,72.3454890982831
104.3,72.3454890982831
104.31,72.3454890982831
104.32,72.3454890982831
104.33,72.3454890982831
104.34,72.3454890982831
104.35,72.3454890982831
104.36,72.3454890982831
104.37,72.3454890982831
104.38,72.3454890982831
104.39,72.3454890982831
104.4,72.3454890982831
104.41,72.3454890982831
104.42,72.3454890982831
104.43,72.3454890982831
104.44,72.3454890982831
104.45,72.3454890982831
104.46,72.3454890982831
104.47,72.3454890982831
104.48,72.3454890982831
104.49,72.3454890982831
104.5,72.3454890982831
104.51,72.3454890982831
104.52,72.3454890982831
104.53,72.3454890982831
104.54,72.3454890982831
104.55,72.3454890982831
104.56,72.3454890982831
104.57,72.3454890982831
104.58,72.3454890982831
104.59,72.3454890982831
104.6,72.3454890982831
104.61,72.3454890982831
104.62,72.3454890982831
104.63,72.3454890982831
104.64,72.3454890982831
104.65,72.3454890982831
104.66,72.3454890982831
104.67,72.3454890982831
104.68,72.3454890982831
104.69,72.3454890982831
104.7,72.3454890982831
104.71,72.3454890982831
104.72,72.3454890982831
104.73,72.3454890982831
104.74,72.3454890982831
104.75,72.3454890982831
104.76,72.3454890982831
104.77,72.3454890982831
104.78,72.3454890982831
104.79,72.3454890982831
104.8,72.3454890982831
104.81,72.3454890982831
104.82,72.3454890982831
104.83,72.3454890982831
104.84,72.3454890982831
104.85,72.3454890982831
104.86,72.3454890982831
104.87,72.3454890982831
104.88,72.3454890982831
104.89,72.3454890982831
104.9,72.3454890982831
104.91,72.3454890982831
104.92,72.3454890982831
104.93,72.3454890982831
104.94,72.3454890982831
104.95,72.3454890982831
104.96,72.3454890982831
104.97,72.3454890982831
104.98,72.3454890982831
104.99,72.3454890982831
105,72.3454890982831
105.01,72.3454890982831
105.02,72.3454890982831
105.03,72.3454890982831
105.04,72.3454890982831
105.05,72.3454890982831
105.06,72.3454890982831
105.07,72.3454890982831
105.08,72.3454890982831
105.09,72.3454890982831
105.1,72.3454890982831
105.11,72.3454890982831
105.12,72.3454890982831
105.13,72.3454890982831
105.14,72.3454890982831
105.15,72.3454890982831
105.16,72.3454890982831
105.17,72.3454890982831
105.18,72.3454890982831
105.19,72.3454890982831
105.2,72.3454890982831
105.21,72.3454890982831
105.22,72.3454890982831
105.23,72.3454890982831
105.24,72.3454890982831
105.25,72.3454890982831
105.26,72.3454890982831
105.27,72.3454890982831
105.28,72.3454890982831
105.29,72.3454890982831
105.3,72.3454890982831
105.31,72.3454890982831
105.32,72.3454890982831
105.33,72.3454890982831
105.34,72.3454890982831
105.35,72.3454890982831
105.36,72.3454890982831
105.37,72.3454890982831
105.38,72.3454890982831
105.39,72.3454890982831
105.4,72.3454890982831
105.41,72.3454890982831
105.42,72.3454890982831
105.43,72.3454890982831
105.44,72.3454890982831
105.45,72.3454890982831
105.46,72.3454890982831
105.47,72.3454890982831
105.48,72.3454890982831
105.49,72.3454890982831
105.5,72.3454890982831
105.51,72.3454890982831
105.52,72.3454890982831
105.53,72.3454890982831
105.54,72.3454890982831
105.55,72.3454890982831
105.56,72.3454890982831
105.57,72.3454890982831
105.58,72.3454890982831
105.59,72.3454890982831
105.6,72.3454890982831
105.61,72.3454890982831
105.62,72.3454890982831
105.63,72.3454890982831
105.64,72.3454890982831
105.65,72.3454890982831
105.66,72.3454890982831
105.67,72.3454890982831
105.68,72.3454890982831
105.69,72.3454890982831
105.7,72.3454890982831
105.71,72.3454890982831
105.72,72.3454890982831
105.73,72.3454890982831
105.74,72.3454890982831
105.75,72.3454890982831
105.76,72.3454890982831
105.77,72.3454890982831
105.78,72.3454890982831
105.79,72.3454890982831
105.8,72.3454890982831
105.81,72.3454890982831
105.82,72.3454890982831
105.83,72.3454890982831
105.84,72.3454890982831
105.85,72.3454890982831
105.86,72.3454890982831
105.87,72.3454890982831
105.88,72.3454890982831
105.89,72.3454890982831
105.9,72.3454890982831
105.91,72.3454890982831
105.92,72.3454890982831
105.93,72.3454890982831
105.94,72.3454890982831
105.95,72.3454890982831
105.96,72.3454890982831
105.97,72.3454890982831
105.98,72.3454890982831
105.99,72.3454890982831
106,72.3454890982831
106.01,72.3454890982831
106.02,72.3454890982831
106.03,72.3454890982831
106.04,72.3454890982831
106.05,72.3454890982831
106.06,72.3454890982831
106.07,72.3454890982831
106.08,72.3454890982831
106.09,72.3454890982831
106.1,72.3454890982831
106.11,72.3454890982831
106.12,72.3454890982831
106.13,72.3454890982831
106.14,72.3454890982831
106.15,72.3454890982831
106.16,72.3454890982831
106.17,72.3454890982831
106.18,72.3454890982831
106.19,72.3454890982831
106.2,72.3454890982831
106.21,72.3454890982831
106.22,72.3454890982831
106.23,72.3454890982831
106.24,72.3454890982831
106.25,72.3454890982831
106.26,72.3454890982831
106.27,72.3454890982831
106.28,72.3454890982831
106.29,72.3454890982831
106.3,72.3454890982831
106.31,72.3454890982831
106.32,72.3454890982831
106.33,72.3454890982831
106.34,72.3454890982831
106.35,72.3454890982831
106.36,72.3454890982831
106.37,72.3454890982831
106.38,72.3454890982831
106.39,72.3454890982831
106.4,72.3454890982831
106.41,72.3454890982831
106.42,72.3454890982831
106.43,72.3454890982831
106.44,72.3454890982831
106.45,72.3454890982831
106.46,72.3454890982831
106.47,72.3454890982831
106.48,72.3454890982831
106.49,72.3454890982831
106.5,72.3454890982831
106.51,72.3454890982831
106.52,72.3454890982831
106.53,72.3454890982831
106.54,72.3454890982831
106.55,72.3454890982831
106.56,72.3454890982831
106.57,72.3454890982831
106.58,76.5498566734202
106.59,76.5498566734202
106.6,76.5498566734202
106.61,76.5498566734202
106.62,76.5498566734202
106.63,76.5498566734202
106.64,76.5498566734202
106.65,76.5498566734202
106.66,76.5498566734202
106.67,76.5498566734202
106.68,76.5498566734202
106.69,76.5498566734202
106.7,76.5498566734202
106.71,76.5498566734202
106.72,76.5498566734202
106.73,76.5498566734202
106.74,76.5498566734202
106.75,76.5498566734202
106.76,76.5498566734202
106.77,76.5498566734202
106.78,76.5498566734202
106.79,76.5498566734202
106.8,76.5498566734202
106.81,76.5498566734202
106.82,76.5498566734202
106.83,76.5498566734202
106.84,76.5498566734202
106.85,76.5498566734202
106.86,76.5498566734202
106.87,76.5498566734202
106.88,76.5498566734202
106.89,76.5498566734202
106.9,76.5498566734202
106.91,76.5498566734202
106.92,76.5498566734202
106.93,76.5498566734202
106.94,76.5498566734202
106.95,76.5498566734202
106.96,76.5498566734202
106.97,76.5498566734202
106.98,76.5498566734202
106.99,76.5498566734202
107,76.5498566734202
107.01,76.5498566734202
107.02,76.5498566734202
107.03,76.5498566734202
107.04,76.5498566734202
107.05,76.5498566734202
107.06,76.5498566734202
107.07,76.5498566734202
107.08,76.5498566734202
107.09,76.5498566734202
107.1,76.5498566734202
107.11,76.5498566734202
107.12,76.5498566734202
107.13,76.5498566734202
107.14,76.5498566734202
107.15,76.5498566734202
107.16,76.5498566734202
107.17,76.5498566734202
107.18,76.5498566734202
107.19,76.5498566734202
107.2,76.5498566734202
107.21,76.5498566734202
107.22,76.5498566734202
107.23,76.5498566734202
107.24,76.5498566734202
107.25,76.5498566734202
107.26,76.5498566734202
107.27,76.5498566734202
107.28,76.5498566734202
107.29,76.5498566734202
107.3,76.5498566734202
107.31,76.5498566734202
107.32,76.5498566734202
107.33,76.5498566734202
107.34,76.5498566734202
107.35,76.5498566734202
107.36,76.5498566734202
107.37,76.5498566734202
107.38,76.5498566734202
107.39,76.5498566734202
107.4,76.5498566734202
107.41,76.5498566734202
107.42,76.5498566734202
107.43,76.5498566734202
107.44,76.5498566734202
107.45,76.5498566734202
107.46,76.5498566734202
107.47,76.5498566734202
107.48,76.5498566734202
107.49,76.5498566734202
107.5,76.5498566734202
107.51,76.5498566734202
107.52,76.5498566734202
107.53,76.5498566734202
107.54,76.5498566734202
107.55,76.5498566734202
107.56,76.5498566734202
107.57,76.5498566734202
107.58,76.5498566734202
107.59,76.5498566734202
107.6,76.5498566734202
107.61,76.5498566734202
107.62,76.5498566734202
107.63,76.5498566734202
107.64,76.5498566734202
107.65,76.5498566734202
107.66,76.5498566734202
107.67,76.5498566734202
107.68,76.5498566734202
107.69,76.5498566734202
107.7,76.5498566734202
107.71,76.5498566734202
107.72,76.5498566734202
107.73,76.5498566734202
107.74,76.5498566734202
107.75,76.5498566734202
107.76,76.5498566734202
107.77,76.5498566734202
107.78,76.5498566734202
107.79,76.5498566734202
107.8,76.5498566734202
107.81,76.5498566734202
107.82,76.5498566734202
107.83,76.5498566734202
107.84,76.5498566734202
107.85,76.5498566734202
107.86,76.5498566734202
107.87,76.5498566734202
107.88,76.5498566734202
107.89,76.5498566734202
107.9,76.5498566734202
107.91,76.5498566734202
107.92,76.5498566734202
107.93,76.5498566734202
107.94,76.5498566734202
107.95,76.5498566734202
107.96,76.5498566734202
107.97,76.5498566734202
107.98,76.5498566734202
107.99,76.5498566734202
108,76.5498566734202
108.01,76.5498566734202
108.02,76.5498566734202
108.03,76.5498566734202
108.04,76.5498566734202
108.05,76.5498566734202
108.06,76.5498566734202
108.07,76.5498566734202
108.08,76.5498566734202
108.09,76.5498566734202
108.1,76.5498566734202
108.11,76.5498566734202
108.12,76.5498566734202
108.13,76.5498566734202
108.14,76.5498566734202
108.15,76.5498566734202
108.16,76.5498566734202
108.17,76.5498566734202
108.18,76.5498566734202
108.19,76.5498566734202
108.2,76.5498566734202
108.21,76.5498566734202
108.22,76.5498566734202
108.23,76.5498566734202
108.24,76.5498566734202
108.25,76.5498566734202
108.26,76.5498566734202
108.27,76.5498566734202
108.28,76.5498566734202
108.29,76.5498566734202
108.3,76.5498566734202
108.31,76.5498566734202
108.32,76.5498566734202
108.33,76.5498566734202
108.34,76.5498566734202
108.35,76.5498566734202
108.36,76.5498566734202
108.37,76.5498566734202
108.38,76.5498566734202
108.39,76.5498566734202
108.4,76.5498566734202
108.41,76.5498566734202
108.42,76.5498566734202
108.43,76.5498566734202
108.44,76.5498566734202
108.45,76.5498566734202
108.46,76.5498566734202
108.47,76.5498566734202
108.48,76.5498566734202
108.49,76.5498566734202
108.5,76.5498566734202
108.51,76.5498566734202
108.52,76.5498566734202
108.53,76.5498566734202
108.54,76.5498566734202
108.55,76.5498566734202
108.56,76.5498566734202
108.57,76.5498566734202
108.58,76.5498566734202
108.59,76.5498566734202
108.6,76.5498566734202
108.61,76.5498566734202
108.62,76.5498566734202
108.63,76.5498566734202
108.64,76.5498566734202
108.65,76.5498566734202
108.66,76.5498566734202
108.67,76.5498566734202
108.68,76.5498566734202
108.69,76.5498566734202
108.7,76.5498566734202
108.71,76.5498566734202
108.72,76.5498566734202
108.73,76.5498566734202
108.74,76.5498566734202
108.75,76.5498566734202
108.76,76.5498566734202
108.77,76.5498566734202
108.78,76.5498566734202
108.79,76.5498566734202
108.8,76.5498566734202
108.81,76.5498566734202
108.82,76.5498566734202
108.83,76.5498566734202
108.84,76.5498566734202
108.85,76.5498566734202
108.86,76.5498566734202
108.87,76.5498566734202
108.88,76.5498566734202
108.89,76.5498566734202
108.9,76.5498566734202
108.91,76.5498566734202
108.92,76.5498566734202
108.93,76.5498566734202
108.94,76.5498566734202
108.95,76.5498566734202
108.96,76.5498566734202
108.97,76.5498566734202
108.98,76.5498566734202
108.99,76.5498566734202
109,76.5498566734202
109.01,76.5498566734202
109.02,76.5498566734202
109.03,76.5498566734202
109.04,76.5498566734202
109.05,76.5498566734202
109.06,76.5498566734202
109.07,76.5498566734202
109.08,76.5498566734202
109.09,76.5498566734202
109.1,76.5498566734202
109.11,76.5498566734202
109.12,76.5498566734202
109.13,76.5498566734202
109.14,76.5498566734202
109.15,76.5498566734202
109.16,76.5498566734202
109.17,76.5498566734202
109.18,76.5498566734202
109.19,76.5498566734202
109.2,76.5498566734202
109.21,76.5498566734202
109.22,76.5498566734202
109.23,76.5498566734202
109.24,76.5498566734202
109.25,76.5498566734202
109.26,76.5498566734202
109.27,76.5498566734202
109.28,76.5498566734202
109.29,76.5498566734202
109.3,76.5498566734202
109.31,76.5498566734202
109.32,76.5498566734202
109.33,76.5498566734202
109.34,76.5498566734202
109.35,76.5498566734202
109.36,76.5498566734202
109.37,76.5498566734202
109.38,76.5498566734202
109.39,76.5498566734202
109.4,76.5498566734202
109.41,76.5498566734202
109.42,76.5498566734202
109.43,76.5498566734202
109.44,76.5498566734202
109.45,76.5498566734202
109.46,76.5498566734202
109.47,76.5498566734202
109.48,76.5498566734202
109.49,76.5498566734202
109.5,76.5498566734202
109.51,76.5498566734202
109.52,76.5498566734202
109.53,76.5498566734202
109.54,76.5498566734202
109.55,76.5498566734202
109.56,76.5498566734202
109.57,76.5498566734202
109.58,76.5498566734202
109.59,76.5498566734202
109.6,76.5498566734202
109.61,76.5498566734202
109.62,76.5498566734202
109.63,76.5498566734202
109.64,76.5498566734202
109.65,76.5498566734202
109.66,76.5498566734202
109.67,76.5498566734202
109.68,76.5498566734202
109.69,76.5498566734202
109.7,76.5498566734202
109.71,76.5498566734202
109.72,76.5498566734202
109.73,76.5498566734202
109.74,76.5498566734202
109.75,76.5498566734202
109.76,76.5498566734202
109.77,76.5498566734202
109.78,76.5498566734202
109.79,76.5498566734202
109.8,76.5498566734202
109.81,76.5498566734202
109.82,76.5498566734202
109.83,76.5498566734202
109.84,76.5498566734202
109.85,76.5498566734202
109.86,76.5498566734202
109.87,76.5498566734202
109.88,76.5498566734202
109.89,76.5498566734202
109.9,76.5498566734202
109.91,76.5498566734202
109.92,76.5498566734202
109.93,76.5498566734202
109.94,76.5498566734202
109.95,76.5498566734202
109.96,76.5498566734202
109.97,76.5498566734202
109.98,76.5498566734202
109.99,76.5498566734202
110,76.5498566734202
110.01,89.2565009065644
110.02,89.2565009065644
110.03,89.2565009065644
110.04,89.2565009065644
110.05,89.2565009065644
110.06,89.2565009065644
110.07,89.2565009065644
110.08,89.2565009065644
110.09,89.2565009065644
110.1,89.2565009065644
110.11,89.2565009065644
110.12,89.2565009065644
110.13,89.2565009065644
110.14,89.2565009065644
110.15,89.2565009065644
110.16,89.2565009065644
110.17,89.2565009065644
110.18,89.2565009065644
110.19,89.2565009065644
110.2,89.2565009065644
110.21,89.2565009065644
110.22,89.2565009065644
110.23,89.2565009065644
110.24,89.2565009065644
110.25,89.2565009065644
110.26,89.2565009065644
110.27,89.2565009065644
110.28,89.2565009065644
110.29,89.2565009065644
110.3,89.2565009065644
110.31,89.2565009065644
110.32,89.2565009065644
110.33,89.2565009065644
110.34,89.2565009065644
110.35,89.2565009065644
110.36,89.2565009065644
110.37,89.2565009065644
110.38,89.2565009065644
110.39,89.2565009065644
110.4,89.2565009065644
110.41,89.2565009065644
110.42,89.2565009065644
110.43,89.2565009065644
110.44,89.2565009065644
110.45,89.2565009065644
110.46,89.2565009065644
110.47,89.2565009065644
110.48,89.2565009065644
110.49,89.2565009065644
110.5,89.2565009065644
110.51,89.2565009065644
110.52,89.2565009065644
110.53,89.2565009065644
110.54,89.2565009065644
110.55,89.2565009065644
110.56,89.2565009065644
110.57,89.2565009065644
110.58,89.2565009065644
110.59,89.2565009065644
110.6,89.2565009065644
110.61,89.2565009065644
110.62,89.2565009065644
110.63,89.2565009065644
110.64,89.2565009065644
110.65,89.2565009065644
110.66,89.2565009065644
110.67,89.2565009065644
110.68,89.2565009065644
110.69,89.2565009065644
110.7,89.2565009065644
110.71,89.2565009065644
110.72,89.2565009065644
110.73,89.2565009065644
110.74,89.2565009065644
110.75,89.2565009065644
110.76,89.2565009065644
110.77,89.2565009065644
110.78,89.2565009065644
110.79,89.2565009065644
110.8,89.2565009065644
110.81,89.2565009065644
110.82,89.2565009065644
110.83,89.2565009065644
110.84,89.2565009065644
110.85,89.2565009065644
110.86,89.2565009065644
110.87,89.2565009065644
110.88,89.2565009065644
110.89,89.2565009065644
110.9,89.2565009065644
110.91,89.2565009065644
110.92,89.2565009065644
110.93,89.2565009065644
110.94,89.2565009065644
110.95,89.2565009065644
110.96,89.2565009065644
110.97,89.2565009065644
110.98,89.2565009065644
110.99,89.2565009065644
111,89.2565009065644
111.01,89.2565009065644
111.02,89.2565009065644
111.03,89.2565009065644
111.04,89.2565009065644
111.05,89.2565009065644
111.06,89.2565009065644
111.07,89.2565009065644
111.08,89.2565009065644
111.09,89.2565009065644
111.1,89.2565009065644
111.11,89.2565009065644
111.12,89.2565009065644
111.13,89.2565009065644
111.14,89.2565009065644
111.15,89.2565009065644
111.16,89.2565009065644
111.17,89.2565009065644
111.18,89.2565009065644
111.19,89.2565009065644
111.2,89.2565009065644
111.21,89.2565009065644
111.22,89.2565009065644
111.23,89.2565009065644
111.24,89.2565009065644
111.25,89.2565009065644
111.26,89.2565009065644
111.27,89.2565009065644
111.28,89.2565009065644
111.29,89.2565009065644
111.3,89.2565009065644
111.31,89.2565009065644
111.32,89.2565009065644
111.33,89.2565009065644
111.34,89.2565009065644
111.35,89.2565009065644
111.36,89.2565009065644
111.37,89.2565009065644
111.38,89.2565009065644
111.39,89.2565009065644
111.4,89.2565009065644
111.41,89.2565009065644
111.42,89.2565009065644
111.43,89.2565009065644
111.44,89.2565009065644
111.45,89.2565009065644
111.46,89.2565009065644
111.47,89.2565009065644
111.48,89.2565009065644
111.49,89.2565009065644
111.5,89.2565009065644
111.51,89.2565009065644
111.52,89.2565009065644
111.53,89.2565009065644
111.54,89.2565009065644
111.55,89.2565009065644
111.56,89.2565009065644
111.57,89.2565009065644
111.58,89.2565009065644
111.59,89.2565009065644
111.6,89.2565009065644
111.61,89.2565009065644
111.62,89.2565009065644
111.63,89.2565009065644
111.64,89.2565009065644
111.65,89.2565009065644
111.66,89.2565009065644
111.67,89.2565009065644
111.68,89.2565009065644
111.69,89.2565009065644
111.7,89.2565009065644
111.71,89.2565009065644
111.72,89.2565009065644
111.73,89.2565009065644
111.74,89.2565009065644
111.75,89.2565009065644
111.76,89.2565009065644
111.77,89.2565009065644
111.78,89.2565009065644
111.79,89.2565009065644
111.8,89.2565009065644
111.81,89.2565009065644
111.82,89.2565009065644
111.83,89.2565009065644
111.84,89.2565009065644
111.85,89.2565009065644
111.86,89.2565009065644
111.87,89.2565009065644
111.88,89.2565009065644
111.89,89.2565009065644
111.9,89.2565009065644
111.91,89.2565009065644
111.92,89.2565009065644
111.93,89.2565009065644
111.94,89.2565009065644
111.95,89.2565009065644
111.96,89.2565009065644
111.97,89.2565009065644
111.98,89.2565009065644
111.99,89.2565009065644
112,89.2565009065644
112.01,89.2565009065644
112.02,89.2565009065644
112.03,89.2565009065644
112.04,89.2565009065644
112.05,89.2565009065644
112.06,89.2565009065644
112.07,89.2565009065644
112.08,89.2565009065644
112.09,89.2565009065644
112.1,89.2565009065644
112.11,89.2565009065644
112.12,89.2565009065644
112.13,89.2565009065644
112.14,89.2565009065644
112.15,89.2565009065644
112.16,89.2565009065644
112.17,89.2565009065644
112.18,89.2565009065644
112.19,89.2565009065644
112.2,89.2565009065644
112.21,89.2565009065644
112.22,89.2565009065644
112.23,89.2565009065644
112.24,89.2565009065644
112.25,89.2565009065644
112.26,89.2565009065644
112.27,89.2565009065644
112.28,89.2565009065644
112.29,89.2565009065644
112.3,89.2565009065644
112.31,89.2565009065644
112.32,89.2565009065644
112.33,89.2565009065644
112.34,89.2565009065644
112.35,89.2565009065644
112.36,89.2565009065644
112.37,89.2565009065644
112.38,89.2565009065644
112.39,89.2565009065644
112.4,89.2565009065644
112.41,89.2565009065644
112.42,89.2565009065644
112.43,89.2565009065644
112.44,89.2565009065644
112.45,89.2565009065644
112.46,89.2565009065644
112.47,89.2565009065644
112.48,89.2565009065644
112.49,89.2565009065644
112.5,89.2565009065644
112.51,89.2565009065644
112.52,89.2565009065644
112.53,89.2565009065644
112.54,89.2565009065644
112.55,89.2565009065644
112.56,89.2565009065644
112.57,89.2565009065644
112.58,89.2565009065644
112.59,89.2565009065644
112.6,89.2565009065644
112.61,89.2565009065644
112.62,89.2565009065644
112.63,89.2565009065644
112.64,89.2565009065644
112.65,89.2565009065644
112.66,89.2565009065644
112.67,89.2565009065644
112.68,89.2565009065644
112.69,89.2565009065644
112.7,89.2565009065644
112.71,89.2565009065644
112.72,89.2565009065644
112.73,89.2565009065644
112.74,89.2565009065644
112.75,89.2565009065644
112.76,89.2565009065644
112.77,89.2565009065644
112.78,89.2565009065644
112.79,89.2565009065644
112.8,89.2565009065644
112.81,34.2882519719441
112.82,34.2882519719441
112.83,34.2882519719441
112.84,34.2882519719441
112.85,34.2882519719441
112.86,34.2882519719441
112.87,34.2882519719441
112.88,34.2882519719441
112.89,34.2882519719441
112.9,34.2882519719441
112.91,34.2882519719441
112.92,34.2882519719441
112.93,34.2882519719441
112.94,34.2882519719441
112.95,34.2882519719441
112.96,34.2882519719441
112.97,34.2882519719441
112.98,34.2882519719441
112.99,34.2882519719441
113,34.2882519719441
113.01,34.2882519719441
113.02,34.2882519719441
113.03,34.2882519719441
113.04,34.2882519719441
113.05,34.2882519719441
113.06,34.2882519719441
113.07,34.2882519719441
113.08,34.2882519719441
113.09,34.2882519719441
113.1,34.2882519719441
113.11,34.2882519719441
113.12,34.2882519719441
113.13,34.2882519719441
113.14,34.2882519719441
113.15,34.2882519719441
113.16,34.2882519719441
113.17,34.2882519719441
113.18,34.2882519719441
113.19,34.2882519719441
113.2,34.2882519719441
113.21,34.2882519719441
113.22,34.2882519719441
113.23,34.2882519719441
113.24,34.2882519719441
113.25,34.2882519719441
113.26,34.2882519719441
113.27,34.2882519719441
113.28,34.2882519719441
113.29,34.2882519719441
113.3,34.2882519719441
113.31,34.2882519719441
113.32,34.2882519719441
113.33,34.2882519719441
113.34,34.2882519719441
113.35,34.2882519719441
113.36,34.2882519719441
113.37,34.2882519719441
113.38,34.2882519719441
113.39,34.2882519719441
113.4,34.2882519719441
113.41,34.2882519719441
113.42,34.2882519719441
113.43,34.2882519719441
113.44,34.2882519719441
113.45,34.2882519719441
113.46,34.2882519719441
113.47,34.2882519719441
113.48,34.2882519719441
113.49,34.2882519719441
113.5,34.2882519719441
113.51,34.2882519719441
113.52,34.2882519719441
113.53,34.2882519719441
113.54,34.2882519719441
113.55,34.2882519719441
113.56,34.2882519719441
113.57,34.2882519719441
113.58,34.2882519719441
113.59,34.2882519719441
113.6,34.2882519719441
113.61,34.2882519719441
113.62,34.2882519719441
113.63,34.2882519719441
113.64,34.2882519719441
113.65,34.2882519719441
113.66,34.2882519719441
113.67,34.2882519719441
113.68,34.2882519719441
113.69,34.2882519719441
113.7,34.2882519719441
113.71,34.2882519719441
113.72,34.2882519719441
113.73,34.2882519719441
113.74,34.2882519719441
113.75,34.2882519719441
113.76,34.2882519719441
113.77,34.2882519719441
113.78,34.2882519719441
113.79,34.2882519719441
113.8,34.2882519719441
113.81,34.2882519719441
113.82,34.2882519719441
113.83,34.2882519719441
113.84,34.2882519719441
113.85,34.2882519719441
113.86,34.2882519719441
113.87,34.2882519719441
113.88,34.2882519719441
113.89,34.2882519719441
113.9,34.2882519719441
113.91,34.2882519719441
113.92,34.2882519719441
113.93,34.2882519719441
113.94,34.2882519719441
113.95,34.2882519719441
113.96,34.2882519719441
113.97,34.2882519719441
113.98,34.2882519719441
113.99,34.2882519719441
114,34.2882519719441
114.01,34.2882519719441
114.02,34.2882519719441
114.03,34.2882519719441
114.04,34.2882519719441
114.05,34.2882519719441
114.06,34.2882519719441
114.07,34.2882519719441
114.08,34.2882519719441
114.09,34.2882519719441
114.1,34.2882519719441
114.11,34.2882519719441
114.12,34.2882519719441
114.13,34.2882519719441
114.14,34.2882519719441
114.15,34.2882519719441
114.16,34.2882519719441
114.17,34.2882519719441
114.18,34.2882519719441
114.19,34.2882519719441
114.2,34.2882519719441
114.21,34.2882519719441
114.22,34.2882519719441
114.23,34.2882519719441
114.24,34.2882519719441
114.25,34.2882519719441
114.26,34.2882519719441
114.27,34.2882519719441
114.28,34.2882519719441
114.29,34.2882519719441
114.3,34.2882519719441
114.31,34.2882519719441
114.32,34.2882519719441
114.33,34.2882519719441
114.34,34.2882519719441
114.35,34.2882519719441
114.36,34.2882519719441
114.37,34.2882519719441
114.38,34.2882519719441
114.39,34.2882519719441
114.4,34.2882519719441
114.41,34.2882519719441
114.42,34.2882519719441
114.43,34.2882519719441
114.44,34.2882519719441
114.45,34.2882519719441
114.46,34.2882519719441
114.47,34.2882519719441
114.48,34.2882519719441
114.49,34.2882519719441
114.5,34.2882519719441
114.51,34.2882519719441
114.52,34.2882519719441
114.53,34.2882519719441
114.54,34.2882519719441
114.55,34.2882519719441
114.56,34.2882519719441
114.57,34.2882519719441
114.58,34.2882519719441
114.59,34.2882519719441
114.6,34.2882519719441
114.61,34.2882519719441
114.62,34.2882519719441
114.63,34.2882519719441
114.64,34.2882519719441
114.65,34.2882519719441
114.66,34.2882519719441
114.67,34.2882519719441
114.68,34.2882519719441
114.69,34.2882519719441
114.7,34.2882519719441
114.71,34.2882519719441
114.72,34.2882519719441
114.73,34.2882519719441
114.74,34.2882519719441
114.75,34.2882519719441
114.76,34.2882519719441
114.77,34.2882519719441
114.78,34.2882519719441
114.79,34.2882519719441
114.8,34.2882519719441
114.81,34.2882519719441
114.82,34.2882519719441
114.83,34.2882519719441
114.84,34.2882519719441
114.85,34.2882519719441
114.86,34.2882519719441
114.87,34.2882519719441
114.88,34.2882519719441
114.89,34.2882519719441
114.9,34.2882519719441
114.91,34.2882519719441
114.92,34.2882519719441
114.93,34.2882519719441
114.94,34.2882519719441
114.95,34.2882519719441
114.96,34.2882519719441
114.97,34.2882519719441
114.98,34.2882519719441
114.99,34.2882519719441
115,34.2882519719441
115.01,34.2882519719441
115.02,34.2882519719441
115.03,34.2882519719441
115.04,34.2882519719441
115.05,34.2882519719441
115.06,34.2882519719441
115.07,34.2882519719441
115.08,34.2882519719441
115.09,34.2882519719441
115.1,34.2882519719441
115.11,34.2882519719441
115.12,34.2882519719441
115.13,34.2882519719441
115.14,34.2882519719441
115.15,34.2882519719441
115.16,34.2882519719441
115.17,34.2882519719441
115.18,34.2882519719441
115.19,34.2882519719441
115.2,34.2882519719441
115.21,34.2882519719441
115.22,34.2882519719441
115.23,34.2882519719441
115.24,34.2882519719441
115.25,34.2882519719441
115.26,34.2882519719441
115.27,34.2882519719441
115.28,34.2882519719441
115.29,34.2882519719441
115.3,34.2882519719441
115.31,34.2882519719441
115.32,34.2882519719441
115.33,34.2882519719441
115.34,34.2882519719441
115.35,34.2882519719441
115.36,34.2882519719441
115.37,34.2882519719441
115.38,34.2882519719441
115.39,34.2882519719441
115.4,34.2882519719441
115.41,34.2882519719441
115.42,34.2882519719441
115.43,34.2882519719441
115.44,34.2882519719441
115.45,34.2882519719441
115.46,34.2882519719441
115.47,34.2882519719441
115.48,34.2882519719441
115.49,34.2882519719441
115.5,34.2882519719441
115.51,34.2882519719441
115.52,34.2882519719441
115.53,34.2882519719441
115.54,34.2882519719441
115.55,34.2882519719441
115.56,34.2882519719441
115.57,34.2882519719441
115.58,34.2882519719441
115.59,34.2882519719441
115.6,34.2882519719441
115.61,34.2882519719441
115.62,34.2882519719441
115.63,34.2882519719441
115.64,34.2882519719441
115.65,34.2882519719441
115.66,34.2882519719441
115.67,34.2882519719441
115.68,34.2882519719441
115.69,34.2882519719441
115.7,34.2882519719441
115.71,34.2882519719441
115.72,34.2882519719441
115.73,34.2882519719441
115.74,34.2882519719441
115.75,34.2882519719441
115.76,34.2882519719441
115.77,34.2882519719441
115.78,34.2882519719441
115.79,34.2882519719441
115.8,34.2882519719441
115.81,34.2882519719441
115.82,34.2882519719441
115.83,34.2882519719441
115.84,34.2882519719441
115.85,34.2882519719441
115.86,34.2882519719441
115.87,34.2882519719441
115.88,34.2882519719441
115.89,34.2882519719441
115.9,34.2882519719441
115.91,34.2882519719441
115.92,34.2882519719441
115.93,34.2882519719441
115.94,34.2882519719441
115.95,34.2882519719441
115.96,34.2882519719441
115.97,34.2882519719441
115.98,34.2882519719441
115.99,34.2882519719441
116,34.2882519719441
116.01,34.2882519719441
116.02,34.2882519719441
116.03,34.2882519719441
116.04,34.2882519719441
116.05,34.2882519719441
116.06,34.2882519719441
116.07,34.2882519719441
116.08,34.2882519719441
116.09,34.2882519719441
116.1,34.2882519719441
116.11,34.2882519719441
116.12,34.2882519719441
116.13,34.2882519719441
116.14,34.2882519719441
116.15,34.2882519719441
116.16,34.2882519719441
116.17,34.2882519719441
116.18,34.2882519719441
116.19,34.2882519719441
116.2,34.2882519719441
116.21,34.2882519719441
116.22,34.2882519719441
116.23,34.2882519719441
116.24,34.2882519719441
116.25,34.2882519719441
116.26,34.2882519719441
116.27,34.2882519719441
116.28,34.2882519719441
116.29,34.2882519719441
116.3,34.2882519719441
116.31,34.2882519719441
116.32,34.2882519719441
116.33,34.2882519719441
116.34,34.2882519719441
116.35,34.2882519719441
116.36,34.2882519719441
116.37,34.2882519719441
116.38,34.2882519719441
116.39,34.2882519719441
116.4,34.2882519719441
116.41,34.2882519719441
116.42,34.2882519719441
116.43,34.2882519719441
116.44,34.2882519719441
116.45,34.2882519719441
116.46,34.2882519719441
116.47,34.2882519719441
116.48,34.2882519719441
116.49,34.2882519719441
116.5,34.2882519719441
116.51,34.2882519719441
116.52,54.1919407134487
116.53,54.1919407134487
116.54,54.1919407134487
116.55,54.1919407134487
116.56,54.1919407134487
116.57,54.1919407134487
116.58,54.1919407134487
116.59,54.1919407134487
116.6,54.1919407134487
116.61,54.1919407134487
116.62,54.1919407134487
116.63,54.1919407134487
116.64,54.1919407134487
116.65,54.1919407134487
116.66,54.1919407134487
116.67,54.1919407134487
116.68,54.1919407134487
116.69,54.1919407134487
116.7,54.1919407134487
116.71,54.1919407134487
116.72,54.1919407134487
116.73,54.1919407134487
116.74,54.1919407134487
116.75,54.1919407134487
116.76,54.1919407134487
116.77,54.1919407134487
116.78,54.1919407134487
116.79,54.1919407134487
116.8,54.1919407134487
116.81,54.1919407134487
116.82,54.1919407134487
116.83,54.1919407134487
116.84,54.1919407134487
116.85,54.1919407134487
116.86,54.1919407134487
116.87,54.1919407134487
116.88,54.1919407134487
116.89,54.1919407134487
116.9,54.1919407134487
116.91,54.1919407134487
116.92,54.1919407134487
116.93,54.1919407134487
116.94,54.1919407134487
116.95,54.1919407134487
116.96,54.1919407134487
116.97,54.1919407134487
116.98,54.1919407134487
116.99,54.1919407134487
117,54.1919407134487
117.01,54.1919407134487
117.02,54.1919407134487
117.03,54.1919407134487
117.04,54.1919407134487
117.05,54.1919407134487
117.06,54.1919407134487
117.07,54.1919407134487
117.08,54.1919407134487
117.09,54.1919407134487
117.1,54.1919407134487
117.11,54.1919407134487
117.12,54.1919407134487
117.13,54.1919407134487
117.14,54.1919407134487
117.15,54.1919407134487
117.16,54.1919407134487
117.17,54.1919407134487
117.18,54.1919407134487
117.19,54.1919407134487
117.2,54.1919407134487
117.21,54.1919407134487
117.22,54.1919407134487
117.23,54.1919407134487
117.24,54.1919407134487
117.25,54.1919407134487
117.26,54.1919407134487
117.27,54.1919407134487
117.28,54.1919407134487
117.29,54.1919407134487
117.3,54.1919407134487
117.31,54.1919407134487
117.32,54.1919407134487
117.33,54.1919407134487
117.34,54.1919407134487
117.35,54.1919407134487
117.36,54.1919407134487
117.37,54.1919407134487
117.38,54.1919407134487
117.39,54.1919407134487
117.4,54.1919407134487
117.41,54.1919407134487
117.42,54.1919407134487
117.43,54.1919407134487
117.44,54.1919407134487
117.45,54.1919407134487
117.46,54.1919407134487
117.47,54.1919407134487
117.48,54.1919407134487
117.49,54.1919407134487
117.5,54.1919407134487
117.51,54.1919407134487
117.52,54.1919407134487
117.53,54.1919407134487
117.54,54.1919407134487
117.55,54.1919407134487
117.56,54.1919407134487
117.57,54.1919407134487
117.58,54.1919407134487
117.59,54.1919407134487
117.6,54.1919407134487
117.61,54.1919407134487
117.62,54.1919407134487
117.63,54.1919407134487
117.64,54.1919407134487
117.65,54.1919407134487
117.66,54.1919407134487
117.67,54.1919407134487
117.68,54.1919407134487
117.69,54.1919407134487
117.7,54.1919407134487
117.71,54.1919407134487
117.72,54.1919407134487
117.73,54.1919407134487
117.74,54.1919407134487
117.75,54.1919407134487
117.76,54.1919407134487
117.77,54.1919407134487
117.78,54.1919407134487
117.79,54.1919407134487
117.8,54.1919407134487
117.81,54.1919407134487
117.82,54.1919407134487
117.83,54.1919407134487
117.84,54.1919407134487
117.85,54.1919407134487
117.86,54.1919407134487
117.87,54.1919407134487
117.88,54.1919407134487
117.89,54.1919407134487
117.9,54.1919407134487
117.91,54.1919407134487
117.92,54.1919407134487
117.93,54.1919407134487
117.94,54.1919407134487
117.95,54.1919407134487
117.96,54.1919407134487
117.97,54.1919407134487
117.98,54.1919407134487
117.99,54.1919407134487
118,54.1919407134487
118.01,54.1919407134487
118.02,54.1919407134487
118.03,54.1919407134487
118.04,54.1919407134487
118.05,54.1919407134487
118.06,54.1919407134487
118.07,54.1919407134487
118.08,54.1919407134487
118.09,54.1919407134487
118.1,54.1919407134487
118.11,54.1919407134487
118.12,54.1919407134487
118.13,54.1919407134487
118.14,54.1919407134487
118.15,54.1919407134487
118.16,54.1919407134487
118.17,54.1919407134487
118.18,54.1919407134487
118.19,54.1919407134487
118.2,54.1919407134487
118.21,54.1919407134487
118.22,54.1919407134487
118.23,54.1919407134487
118.24,54.1919407134487
118.25,54.1919407134487
118.26,54.1919407134487
118.27,54.1919407134487
118.28,54.1919407134487
118.29,54.1919407134487
118.3,54.1919407134487
118.31,54.1919407134487
118.32,54.1919407134487
118.33,54.1919407134487
118.34,54.1919407134487
118.35,54.1919407134487
118.36,54.1919407134487
118.37,54.1919407134487
118.38,54.1919407134487
118.39,54.1919407134487
118.4,54.1919407134487
118.41,54.1919407134487
118.42,54.1919407134487
118.43,54.1919407134487
118.44,54.1919407134487
118.45,54.1919407134487
118.46,54.1919407134487
118.47,54.1919407134487
118.48,54.1919407134487
118.49,54.1919407134487
118.5,54.1919407134487
118.51,54.1919407134487
118.52,54.1919407134487
118.53,54.1919407134487
118.54,54.1919407134487
118.55,54.1919407134487
118.56,54.1919407134487
118.57,54.1919407134487
118.58,54.1919407134487
118.59,54.1919407134487
118.6,54.1919407134487
118.61,54.1919407134487
118.62,54.1919407134487
118.63,54.1919407134487
118.64,54.1919407134487
118.65,54.1919407134487
118.66,54.1919407134487
118.67,54.1919407134487
118.68,54.1919407134487
118.69,54.1919407134487
118.7,54.1919407134487
118.71,54.1919407134487
118.72,54.1919407134487
118.73,54.1919407134487
118.74,54.1919407134487
118.75,54.1919407134487
118.76,54.1919407134487
118.77,54.1919407134487
118.78,54.1919407134487
118.79,54.1919407134487
118.8,54.1919407134487
118.81,54.1919407134487
118.82,54.1919407134487
118.83,54.1919407134487
118.84,54.1919407134487
118.85,54.1919407134487
118.86,54.1919407134487
118.87,54.1919407134487
118.88,54.1919407134487
118.89,54.1919407134487
118.9,54.1919407134487
118.91,54.1919407134487
118.92,54.1919407134487
118.93,54.1919407134487
118.94,54.1919407134487
118.95,54.1919407134487
118.96,54.1919407134487
118.97,54.1919407134487
118.98,54.1919407134487
118.99,54.1919407134487
119,54.1919407134487
119.01,54.1919407134487
119.02,54.1919407134487
119.03,54.1919407134487
119.04,54.1919407134487
119.05,54.1919407134487
119.06,54.1919407134487
119.07,54.1919407134487
119.08,54.1919407134487
119.09,54.1919407134487
119.1,54.1919407134487
119.11,54.1919407134487
119.12,54.1919407134487
119.13,54.1919407134487
119.14,54.1919407134487
119.15,54.1919407134487
119.16,54.1919407134487
119.17,54.1919407134487
119.18,54.1919407134487
119.19,54.1919407134487
119.2,54.1919407134487
119.21,54.1919407134487
119.22,77.0862641801799
119.23,77.0862641801799
119.24,77.0862641801799
119.25,77.0862641801799
119.26,77.0862641801799
119.27,77.0862641801799
119.28,77.0862641801799
119.29,77.0862641801799
119.3,77.0862641801799
119.31,77.0862641801799
119.32,77.0862641801799
119.33,77.0862641801799
119.34,77.0862641801799
119.35,77.0862641801799
119.36,77.0862641801799
119.37,77.0862641801799
119.38,77.0862641801799
119.39,77.0862641801799
119.4,77.0862641801799
119.41,77.0862641801799
119.42,77.0862641801799
119.43,77.0862641801799
119.44,77.0862641801799
119.45,77.0862641801799
119.46,77.0862641801799
119.47,77.0862641801799
119.48,77.0862641801799
119.49,77.0862641801799
119.5,77.0862641801799
119.51,77.0862641801799
119.52,77.0862641801799
119.53,77.0862641801799
119.54,77.0862641801799
119.55,77.0862641801799
119.56,77.0862641801799
119.57,77.0862641801799
119.58,77.0862641801799
119.59,77.0862641801799
119.6,77.0862641801799
119.61,77.0862641801799
119.62,77.0862641801799
119.63,77.0862641801799
119.64,77.0862641801799
119.65,77.0862641801799
119.66,77.0862641801799
119.67,77.0862641801799
119.68,77.0862641801799
119.69,77.0862641801799
119.7,77.0862641801799
119.71,77.0862641801799
119.72,77.0862641801799
119.73,77.0862641801799
119.74,77.0862641801799
119.75,77.0862641801799
119.76,77.0862641801799
119.77,77.0862641801799
119.78,77.0862641801799
119.79,77.0862641801799
119.8,77.0862641801799
119.81,77.0862641801799
119.82,77.0862641801799
119.83,77.0862641801799
119.84,77.0862641801799
119.85,77.0862641801799
119.86,77.0862641801799
119.87,77.0862641801799
119.88,77.0862641801799
119.89,77.0862641801799
119.9,77.0862641801799
119.91,77.0862641801799
119.92,77.0862641801799
119.93,77.0862641801799
119.94,77.0862641801799
119.95,77.0862641801799
119.96,77.0862641801799
119.97,77.0862641801799
119.98,77.0862641801799
119.99,77.0862641801799
120,77.0862641801799
120.01,77.0862641801799
120.02,77.0862641801799
120.03,77.0862641801799
120.04,77.0862641801799
120.05,77.0862641801799
120.06,77.0862641801799
120.07,77.0862641801799
120.08,77.0862641801799
120.09,77.0862641801799
120.1,77.0862641801799
120.11,77.0862641801799
120.12,77.0862641801799
120.13,77.0862641801799
120.14,77.0862641801799
120.15,77.0862641801799
120.16,77.0862641801799
120.17,77.0862641801799
120.18,77.0862641801799
120.19,77.0862641801799
120.2,77.0862641801799
120.21,77.0862641801799
120.22,77.0862641801799
120.23,77.0862641801799
120.24,77.0862641801799
120.25,77.0862641801799
120.26,77.0862641801799
120.27,77.0862641801799
120.28,77.0862641801799
120.29,77.0862641801799
120.3,77.0862641801799
120.31,77.0862641801799
120.32,77.0862641801799
120.33,77.0862641801799
120.34,77.0862641801799
120.35,77.0862641801799
120.36,77.0862641801799
120.37,77.0862641801799
120.38,77.0862641801799
120.39,77.0862641801799
120.4,77.0862641801799
120.41,77.0862641801799
120.42,77.0862641801799
120.43,77.0862641801799
120.44,77.0862641801799
120.45,77.0862641801799
120.46,77.0862641801799
120.47,77.0862641801799
120.48,77.0862641801799
120.49,77.0862641801799
120.5,77.0862641801799
120.51,77.0862641801799
120.52,77.0862641801799
120.53,77.0862641801799
120.54,77.0862641801799
120.55,77.0862641801799
120.56,77.0862641801799
120.57,77.0862641801799
120.58,77.0862641801799
120.59,77.0862641801799
120.6,77.0862641801799
120.61,77.0862641801799
120.62,77.0862641801799
120.63,77.0862641801799
120.64,77.0862641801799
120.65,77.0862641801799
120.66,77.0862641801799
120.67,77.0862641801799
120.68,77.0862641801799
120.69,77.0862641801799
120.7,77.0862641801799
120.71,77.0862641801799
120.72,77.0862641801799
120.73,77.0862641801799
120.74,77.0862641801799
120.75,77.0862641801799
120.76,77.0862641801799
120.77,77.0862641801799
120.78,77.0862641801799
120.79,77.0862641801799
120.8,77.0862641801799
120.81,77.0862641801799
120.82,77.0862641801799
120.83,77.0862641801799
120.84,77.0862641801799
120.85,77.0862641801799
120.86,77.0862641801799
120.87,77.0862641801799
120.88,77.0862641801799
120.89,77.0862641801799
120.9,77.0862641801799
120.91,77.0862641801799
120.92,77.0862641801799
120.93,77.0862641801799
120.94,77.0862641801799
120.95,77.0862641801799
120.96,77.0862641801799
120.97,77.0862641801799
120.98,77.0862641801799
120.99,77.0862641801799
121,77.0862641801799
121.01,77.0862641801799
121.02,77.0862641801799
121.03,77.0862641801799
121.04,77.0862641801799
121.05,77.0862641801799
121.06,77.0862641801799
121.07,77.0862641801799
121.08,77.0862641801799
121.09,77.0862641801799
121.1,77.0862641801799
121.11,77.0862641801799
121.12,77.0862641801799
121.13,77.0862641801799
121.14,77.0862641801799
121.15,77.0862641801799
121.16,77.0862641801799
121.17,77.0862641801799
121.18,77.0862641801799
121.19,77.0862641801799
121.2,77.0862641801799
121.21,77.0862641801799
121.22,77.0862641801799
121.23,77.0862641801799
121.24,77.0862641801799
121.25,77.0862641801799
121.26,77.0862641801799
121.27,77.0862641801799
121.28,77.0862641801799
121.29,77.0862641801799
121.3,77.0862641801799
121.31,77.0862641801799
121.32,77.0862641801799
121.33,77.0862641801799
121.34,77.0862641801799
121.35,77.0862641801799
121.36,77.0862641801799
121.37,77.0862641801799
121.38,77.0862641801799
121.39,77.0862641801799
121.4,77.0862641801799
121.41,77.0862641801799
121.42,77.0862641801799
121.43,77.0862641801799
121.44,77.0862641801799
121.45,77.0862641801799
121.46,77.0862641801799
121.47,77.0862641801799
121.48,77.0862641801799
121.49,77.0862641801799
121.5,77.0862641801799
121.51,77.0862641801799
121.52,77.0862641801799
121.53,77.0862641801799
121.54,77.0862641801799
121.55,77.0862641801799
121.56,77.0862641801799
121.57,77.0862641801799
121.58,77.0862641801799
121.59,77.0862641801799
121.6,77.0862641801799
121.61,77.0862641801799
121.62,77.0862641801799
121.63,77.0862641801799
121.64,77.0862641801799
121.65,77.0862641801799
121.66,77.0862641801799
121.67,77.0862641801799
121.68,77.0862641801799
121.69,77.0862641801799
121.7,77.0862641801799
121.71,77.0862641801799
121.72,77.0862641801799
121.73,77.0862641801799
121.74,77.0862641801799
121.75,77.0862641801799
121.76,77.0862641801799
121.77,77.0862641801799
121.78,77.0862641801799
121.79,77.0862641801799
121.8,77.0862641801799
121.81,77.0862641801799
121.82,77.0862641801799
121.83,77.0862641801799
121.84,77.0862641801799
121.85,77.0862641801799
121.86,77.0862641801799
121.87,77.0862641801799
121.88,77.0862641801799
121.89,77.0862641801799
121.9,77.0862641801799
121.91,77.0862641801799
121.92,77.0862641801799
121.93,77.0862641801799
121.94,77.0862641801799
121.95,77.0862641801799
121.96,77.0862641801799
121.97,77.0862641801799
121.98,77.0862641801799
121.99,77.0862641801799
122,77.0862641801799
122.01,77.0862641801799
122.02,77.0862641801799
122.03,77.0862641801799
122.04,51.344347191149
122.05,51.344347191149
122.06,51.344347191149
122.07,51.344347191149
122.08,51.344347191149
122.09,51.344347191149
122.1,51.344347191149
122.11,51.344347191149
122.12,51.344347191149
122.13,51.344347191149
122.14,51.344347191149
122.15,51.344347191149
122.16,51.344347191149
122.17,51.344347191149
122.18,51.344347191149
122.19,51.344347191149
122.2,51.344347191149
122.21,51.344347191149
122.22,51.344347191149
122.23,51.344347191149
122.24,51.344347191149
122.25,51.344347191149
122.26,51.344347191149
122.27,51.344347191149
122.28,51.344347191149
122.29,51.344347191149
122.3,51.344347191149
122.31,51.344347191149
122.32,51.344347191149
122.33,51.344347191149
122.34,51.344347191149
122.35,51.344347191149
122.36,51.344347191149
122.37,51.344347191149
122.38,51.344347191149
122.39,51.344347191149
122.4,51.344347191149
122.41,51.344347191149
122.42,51.344347191149
122.43,51.344347191149
122.44,51.344347191149
122.45,51.344347191149
122.46,51.344347191149
122.47,51.344347191149
122.48,51.344347191149
122.49,51.344347191149
122.5,51.344347191149
122.51,51.344347191149
122.52,51.344347191149
122.53,51.344347191149
122.54,51.344347191149
122.55,51.344347191149
122.56,51.344347191149
122.57,51.344347191149
122.58,51.344347191149
122.59,51.344347191149
122.6,51.344347191149
122.61,51.344347191149
122.62,51.344347191149
122.63,51.344347191149
122.64,51.344347191149
122.65,51.344347191149
122.66,51.344347191149
122.67,51.344347191149
122.68,51.344347191149
122.69,51.344347191149
122.7,51.344347191149
122.71,51.344347191149
122.72,51.344347191149
122.73,51.344347191149
122.74,51.344347191149
122.75,51.344347191149
122.76,51.344347191149
122.77,51.344347191149
122.78,51.344347191149
122.79,51.344347191149
122.8,51.344347191149
122.81,51.344347191149
122.82,51.344347191149
122.83,51.344347191149
122.84,51.344347191149
122.85,51.344347191149
122.86,51.344347191149
122.87,51.344347191149
122.88,51.344347191149
122.89,51.344347191149
122.9,51.344347191149
122.91,51.344347191149
122.92,51.344347191149
122.93,51.344347191149
122.94,51.344347191149
122.95,51.344347191149
122.96,51.344347191149
122.97,51.344347191149
122.98,51.344347191149
122.99,51.344347191149
123,51.344347191149
123.01,51.344347191149
123.02,51.344347191149
123.03,51.344347191149
123.04,51.344347191149
123.05,51.344347191149
123.06,51.344347191149
123.07,51.344347191149
123.08,51.344347191149
123.09,51.344347191149
123.1,51.344347191149
123.11,51.344347191149
123.12,51.344347191149
123.13,51.344347191149
123.14,51.344347191149
123.15,51.344347191149
123.16,51.344347191149
123.17,51.344347191149
123.18,51.344347191149
123.19,51.344347191149
123.2,51.344347191149
123.21,51.344347191149
123.22,51.344347191149
123.23,51.344347191149
123.24,51.344347191149
123.25,51.344347191149
123.26,51.344347191149
123.27,51.344347191149
123.28,51.344347191149
123.29,51.344347191149
123.3,51.344347191149
123.31,51.344347191149
123.32,51.344347191149
123.33,51.344347191149
123.34,51.344347191149
123.35,51.344347191149
123.36,51.344347191149
123.37,51.344347191149
123.38,51.344347191149
123.39,51.344347191149
123.4,51.344347191149
123.41,51.344347191149
123.42,51.344347191149
123.43,51.344347191149
123.44,51.344347191149
123.45,51.344347191149
123.46,51.344347191149
123.47,51.344347191149
123.48,51.344347191149
123.49,51.344347191149
123.5,51.344347191149
123.51,51.344347191149
123.52,51.344347191149
123.53,51.344347191149
123.54,51.344347191149
123.55,51.344347191149
123.56,51.344347191149
123.57,51.344347191149
123.58,51.344347191149
123.59,51.344347191149
123.6,51.344347191149
123.61,51.344347191149
123.62,51.344347191149
123.63,51.344347191149
123.64,51.344347191149
123.65,51.344347191149
123.66,51.344347191149
123.67,51.344347191149
123.68,51.344347191149
123.69,51.344347191149
123.7,51.344347191149
123.71,51.344347191149
123.72,51.344347191149
123.73,51.344347191149
123.74,51.344347191149
123.75,51.344347191149
123.76,51.344347191149
123.77,51.344347191149
123.78,51.344347191149
123.79,51.344347191149
123.8,51.344347191149
123.81,51.344347191149
123.82,51.344347191149
123.83,51.344347191149
123.84,51.344347191149
123.85,51.344347191149
123.86,51.344347191149
123.87,51.344347191149
123.88,51.344347191149
123.89,51.344347191149
123.9,51.344347191149
123.91,51.344347191149
123.92,51.344347191149
123.93,51.344347191149
123.94,51.344347191149
123.95,51.344347191149
123.96,51.344347191149
123.97,51.344347191149
123.98,51.344347191149
123.99,51.344347191149
124,51.344347191149
124.01,51.344347191149
124.02,51.344347191149
124.03,51.344347191149
124.04,51.344347191149
124.05,51.344347191149
124.06,51.344347191149
124.07,51.344347191149
124.08,51.344347191149
124.09,51.344347191149
124.1,51.344347191149
124.11,51.344347191149
124.12,51.344347191149
124.13,51.344347191149
124.14,51.344347191149
124.15,51.344347191149
124.16,51.344347191149
124.17,51.344347191149
124.18,51.344347191149
124.19,51.344347191149
124.2,51.344347191149
124.21,51.344347191149
124.22,51.344347191149
124.23,51.344347191149
124.24,51.344347191149
124.25,51.344347191149
124.26,51.344347191149
124.27,51.344347191149
124.28,51.344347191149
124.29,51.344347191149
124.3,51.344347191149
124.31,51.344347191149
124.32,51.344347191149
124.33,51.344347191149
124.34,51.344347191149
124.35,51.344347191149
124.36,51.344347191149
124.37,51.344347191149
124.38,51.344347191149
124.39,51.344347191149
124.4,51.344347191149
124.41,51.344347191149
124.42,51.344347191149
124.43,51.344347191149
124.44,51.344347191149
124.45,51.344347191149
124.46,51.344347191149
124.47,51.344347191149
124.48,51.344347191149
124.49,51.344347191149
124.5,51.344347191149
124.51,51.344347191149
124.52,51.344347191149
124.53,51.344347191149
124.54,61.9649650258871
124.55,61.9649650258871
124.56,61.9649650258871
124.57,61.9649650258871
124.58,61.9649650258871
124.59,61.9649650258871
124.6,61.9649650258871
124.61,61.9649650258871
124.62,61.9649650258871
124.63,61.9649650258871
124.64,61.9649650258871
124.65,61.9649650258871
124.66,61.9649650258871
124.67,61.9649650258871
124.68,61.9649650258871
124.69,61.9649650258871
124.7,61.9649650258871
124.71,61.9649650258871
124.72,61.9649650258871
124.73,61.9649650258871
124.74,61.9649650258871
124.75,61.9649650258871
124.76,61.9649650258871
124.77,61.9649650258871
124.78,61.9649650258871
124.79,61.9649650258871
124.8,61.9649650258871
124.81,61.9649650258871
124.82,61.9649650258871
124.83,61.9649650258871
124.84,61.9649650258871
124.85,61.9649650258871
124.86,61.9649650258871
124.87,61.9649650258871
124.88,61.9649650258871
124.89,61.9649650258871
124.9,61.9649650258871
124.91,61.9649650258871
124.92,61.9649650258871
124.93,61.9649650258871
124.94,61.9649650258871
124.95,61.9649650258871
124.96,61.9649650258871
124.97,61.9649650258871
124.98,61.9649650258871
124.99,61.9649650258871
125,61.9649650258871
125.01,61.9649650258871
125.02,61.9649650258871
125.03,61.9649650258871
125.04,61.9649650258871
125.05,61.9649650258871
125.06,61.9649650258871
125.07,61.9649650258871
125.08,61.9649650258871
125.09,61.9649650258871
125.1,61.9649650258871
125.11,61.9649650258871
125.12,61.9649650258871
125.13,61.9649650258871
125.14,61.9649650258871
125.15,61.9649650258871
125.16,61.9649650258871
125.17,61.9649650258871
125.18,61.9649650258871
125.19,61.9649650258871
125.2,61.9649650258871
125.21,61.9649650258871
125.22,61.9649650258871
125.23,61.9649650258871
125.24,61.9649650258871
125.25,61.9649650258871
125.26,61.9649650258871
125.27,61.9649650258871
125.28,61.9649650258871
125.29,61.9649650258871
125.3,61.9649650258871
125.31,61.9649650258871
125.32,61.9649650258871
125.33,61.9649650258871
125.34,61.9649650258871
125.35,61.9649650258871
125.36,61.9649650258871
125.37,61.9649650258871
125.38,61.9649650258871
125.39,61.9649650258871
125.4,61.9649650258871
125.41,61.9649650258871
125.42,61.9649650258871
125.43,61.9649650258871
125.44,61.9649650258871
125.45,61.9649650258871
125.46,61.9649650258871
125.47,61.9649650258871
125.48,61.9649650258871
125.49,61.9649650258871
125.5,61.9649650258871
125.51,61.9649650258871
125.52,61.9649650258871
125.53,61.9649650258871
125.54,61.9649650258871
125.55,61.9649650258871
125.56,61.9649650258871
125.57,61.9649650258871
125.58,61.9649650258871
125.59,61.9649650258871
125.6,61.9649650258871
125.61,61.9649650258871
125.62,61.9649650258871
125.63,61.9649650258871
125.64,61.9649650258871
125.65,61.9649650258871
125.66,61.9649650258871
125.67,61.9649650258871
125.68,61.9649650258871
125.69,61.9649650258871
125.7,61.9649650258871
125.71,61.9649650258871
125.72,61.9649650258871
125.73,61.9649650258871
125.74,61.9649650258871
125.75,61.9649650258871
125.76,61.9649650258871
125.77,61.9649650258871
125.78,61.9649650258871
125.79,61.9649650258871
125.8,61.9649650258871
125.81,61.9649650258871
125.82,61.9649650258871
125.83,61.9649650258871
125.84,61.9649650258871
125.85,61.9649650258871
125.86,61.9649650258871
125.87,61.9649650258871
125.88,61.9649650258871
125.89,61.9649650258871
125.9,61.9649650258871
125.91,61.9649650258871
125.92,61.9649650258871
125.93,61.9649650258871
125.94,61.9649650258871
125.95,61.9649650258871
125.96,61.9649650258871
125.97,61.9649650258871
125.98,61.9649650258871
125.99,61.9649650258871
126,61.9649650258871
126.01,61.9649650258871
126.02,61.9649650258871
126.03,61.9649650258871
126.04,61.9649650258871
126.05,61.9649650258871
126.06,61.9649650258871
126.07,61.9649650258871
126.08,61.9649650258871
126.09,61.9649650258871
126.1,61.9649650258871
126.11,61.9649650258871
126.12,61.9649650258871
126.13,61.9649650258871
126.14,61.9649650258871
126.15,61.9649650258871
126.16,61.9649650258871
126.17,61.9649650258871
126.18,61.9649650258871
126.19,61.9649650258871
126.2,61.9649650258871
126.21,61.9649650258871
126.22,61.9649650258871
126.23,61.9649650258871
126.24,61.9649650258871
126.25,61.9649650258871
126.26,61.9649650258871
126.27,61.9649650258871
126.28,61.9649650258871
126.29,61.9649650258871
126.3,61.9649650258871
126.31,61.9649650258871
126.32,61.9649650258871
126.33,61.9649650258871
126.34,61.9649650258871
126.35,61.9649650258871
126.36,61.9649650258871
126.37,61.9649650258871
126.38,61.9649650258871
126.39,61.9649650258871
126.4,61.9649650258871
126.41,61.9649650258871
126.42,61.9649650258871
126.43,61.9649650258871
126.44,61.9649650258871
126.45,61.9649650258871
126.46,61.9649650258871
126.47,61.9649650258871
126.48,61.9649650258871
126.49,61.9649650258871
126.5,61.9649650258871
126.51,61.9649650258871
126.52,61.9649650258871
126.53,61.9649650258871
126.54,61.9649650258871
126.55,61.9649650258871
126.56,61.9649650258871
126.57,61.9649650258871
126.58,61.9649650258871
126.59,61.9649650258871
126.6,61.9649650258871
126.61,61.9649650258871
126.62,32.9431166084453
126.63,32.9431166084453
126.64,32.9431166084453
126.65,32.9431166084453
126.66,32.9431166084453
126.67,32.9431166084453
126.68,32.9431166084453
126.69,32.9431166084453
126.7,32.9431166084453
126.71,32.9431166084453
126.72,32.9431166084453
126.73,32.9431166084453
126.74,32.9431166084453
126.75,32.9431166084453
126.76,32.9431166084453
126.77,32.9431166084453
126.78,32.9431166084453
126.79,32.9431166084453
126.8,32.9431166084453
126.81,32.9431166084453
126.82,32.9431166084453
126.83,32.9431166084453
126.84,32.9431166084453
126.85,32.9431166084453
126.86,32.9431166084453
126.87,32.9431166084453
126.88,32.9431166084453
126.89,32.9431166084453
126.9,32.9431166084453
126.91,32.9431166084453
126.92,32.9431166084453
126.93,32.9431166084453
126.94,32.9431166084453
126.95,32.9431166084453
126.96,32.9431166084453
126.97,32.9431166084453
126.98,32.9431166084453
126.99,32.9431166084453
127,32.9431166084453
127.01,32.9431166084453
127.02,32.9431166084453
127.03,32.9431166084453
127.04,32.9431166084453
127.05,32.9431166084453
127.06,32.9431166084453
127.07,32.9431166084453
127.08,32.9431166084453
127.09,32.9431166084453
127.1,32.9431166084453
127.11,32.9431166084453
127.12,32.9431166084453
127.13,32.9431166084453
127.14,32.9431166084453
127.15,32.9431166084453
127.16,32.9431166084453
127.17,32.9431166084453
127.18,32.9431166084453
127.19,32.9431166084453
127.2,32.9431166084453
127.21,32.9431166084453
127.22,32.9431166084453
127.23,32.9431166084453
127.24,32.9431166084453
127.25,32.9431166084453
127.26,32.9431166084453
127.27,32.9431166084453
127.28,32.9431166084453
127.29,32.9431166084453
127.3,32.9431166084453
127.31,32.9431166084453
127.32,32.9431166084453
127.33,32.9431166084453
127.34,32.9431166084453
127.35,32.9431166084453
127.36,32.9431166084453
127.37,32.9431166084453
127.38,32.9431166084453
127.39,32.9431166084453
127.4,32.9431166084453
127.41,32.9431166084453
127.42,32.9431166084453
127.43,32.9431166084453
127.44,32.9431166084453
127.45,32.9431166084453
127.46,32.9431166084453
127.47,32.9431166084453
127.48,32.9431166084453
127.49,32.9431166084453
127.5,32.9431166084453
127.51,32.9431166084453
127.52,32.9431166084453
127.53,32.9431166084453
127.54,32.9431166084453
127.55,32.9431166084453
127.56,32.9431166084453
127.57,32.9431166084453
127.58,32.9431166084453
127.59,32.9431166084453
127.6,32.9431166084453
127.61,32.9431166084453
127.62,32.9431166084453
127.63,32.9431166084453
127.64,32.9431166084453
127.65,32.9431166084453
127.66,32.9431166084453
127.67,32.9431166084453
127.68,32.9431166084453
127.69,32.9431166084453
127.7,32.9431166084453
127.71,32.9431166084453
127.72,32.9431166084453
127.73,32.9431166084453
127.74,32.9431166084453
127.75,32.9431166084453
127.76,32.9431166084453
127.77,32.9431166084453
127.78,32.9431166084453
127.79,32.9431166084453
127.8,32.9431166084453
127.81,32.9431166084453
127.82,32.9431166084453
127.83,32.9431166084453
127.84,32.9431166084453
127.85,32.9431166084453
127.86,32.9431166084453
127.87,32.9431166084453
127.88,32.9431166084453
127.89,32.9431166084453
127.9,32.9431166084453
127.91,32.9431166084453
127.92,32.9431166084453
127.93,32.9431166084453
127.94,32.9431166084453
127.95,32.9431166084453
127.96,32.9431166084453
127.97,32.9431166084453
127.98,32.9431166084453
127.99,32.9431166084453
128,32.9431166084453
128.01,32.9431166084453
128.02,32.9431166084453
128.03,32.9431166084453
128.04,32.9431166084453
128.05,32.9431166084453
128.06,32.9431166084453
128.07,32.9431166084453
128.08,32.9431166084453
128.09,32.9431166084453
128.1,32.9431166084453
128.11,32.9431166084453
128.12,32.9431166084453
128.13,32.9431166084453
128.14,32.9431166084453
128.15,32.9431166084453
128.16,32.9431166084453
128.17,32.9431166084453
128.18,32.9431166084453
128.19,32.9431166084453
128.2,32.9431166084453
128.21,32.9431166084453
128.22,32.9431166084453
128.23,32.9431166084453
128.24,32.9431166084453
128.25,32.9431166084453
128.26,32.9431166084453
128.27,32.9431166084453
128.28,32.9431166084453
128.29,32.9431166084453
128.3,32.9431166084453
128.31,32.9431166084453
128.32,32.9431166084453
128.33,32.9431166084453
128.34,32.9431166084453
128.35,32.9431166084453
128.36,32.9431166084453
128.37,32.9431166084453
128.38,32.9431166084453
128.39,32.9431166084453
128.4,32.9431166084453
128.41,32.9431166084453
128.42,32.9431166084453
128.43,32.9431166084453
128.44,32.9431166084453
128.45,32.9431166084453
128.46,32.9431166084453
128.47,32.9431166084453
128.48,32.9431166084453
128.49,32.9431166084453
128.5,32.9431166084453
128.51,32.9431166084453
128.52,32.9431166084453
128.53,32.9431166084453
128.54,32.9431166084453
128.55,32.9431166084453
128.56,32.9431166084453
128.57,32.9431166084453
128.58,32.9431166084453
128.59,32.9431166084453
128.6,32.9431166084453
128.61,32.9431166084453
128.62,32.9431166084453
128.63,32.9431166084453
128.64,32.9431166084453
128.65,32.9431166084453
128.66,32.9431166084453
128.67,32.9431166084453
128.68,32.9431166084453
128.69,32.9431166084453
128.7,32.9431166084453
128.71,32.9431166084453
128.72,32.9431166084453
128.73,32.9431166084453
128.74,32.9431166084453
128.75,32.9431166084453
128.76,32.9431166084453
128.77,32.9431166084453
128.78,32.9431166084453
128.79,32.9431166084453
128.8,32.9431166084453
128.81,32.9431166084453
128.82,32.9431166084453
128.83,32.9431166084453
128.84,32.9431166084453
128.85,32.9431166084453
128.86,32.9431166084453
128.87,32.9431166084453
128.88,32.9431166084453
128.89,32.9431166084453
128.9,32.9431166084453
128.91,32.9431166084453
128.92,32.9431166084453
128.93,32.9431166084453
128.94,32.9431166084453
128.95,32.9431166084453
128.96,32.9431166084453
128.97,32.9431166084453
128.98,32.9431166084453
128.99,32.9431166084453
129,32.9431166084453
129.01,32.9431166084453
129.02,32.9431166084453
129.03,32.9431166084453
129.04,32.9431166084453
129.05,32.9431166084453
129.06,32.9431166084453
129.07,32.9431166084453
129.08,32.9431166084453
129.09,32.9431166084453
129.1,32.9431166084453
129.11,32.9431166084453
129.12,32.9431166084453
129.13,32.9431166084453
129.14,32.9431166084453
129.15,32.9431166084453
129.16,32.9431166084453
129.17,32.9431166084453
129.18,32.9431166084453
129.19,32.9431166084453
129.2,32.9431166084453
129.21,32.9431166084453
129.22,32.9431166084453
129.23,32.9431166084453
129.24,32.9431166084453
129.25,32.9431166084453
129.26,32.9431166084453
129.27,32.9431166084453
129.28,32.9431166084453
129.29,32.9431166084453
129.3,32.9431166084453
129.31,32.9431166084453
129.32,32.9431166084453
129.33,32.9431166084453
129.34,32.9431166084453
129.35,32.9431166084453
129.36,32.9431166084453
129.37,32.9431166084453
129.38,32.9431166084453
129.39,32.9431166084453
129.4,32.9431166084453
129.41,32.9431166084453
129.42,32.9431166084453
129.43,32.9431166084453
129.44,32.9431166084453
129.45,32.9431166084453
129.46,32.9431166084453
129.47,32.9431166084453
129.48,32.9431166084453
129.49,32.9431166084453
129.5,32.9431166084453
129.51,32.9431166084453
129.52,32.9431166084453
129.53,32.9431166084453
129.54,32.9431166084453
129.55,32.9431166084453
129.56,32.9431166084453
129.57,32.9431166084453
129.58,32.9431166084453
129.59,32.9431166084453
129.6,32.9431166084453
129.61,32.9431166084453
129.62,32.9431166084453
129.63,32.9431166084453
129.64,32.9431166084453
129.65,32.9431166084453
129.66,32.9431166084453
129.67,32.9431166084453
129.68,32.9431166084453
129.69,32.9431166084453
129.7,32.9431166084453
129.71,32.9431166084453
129.72,32.9431166084453
129.73,32.9431166084453
129.74,32.9431166084453
129.75,32.9431166084453
129.76,32.9431166084453
129.77,32.9431166084453
129.78,32.9431166084453
129.79,32.9431166084453
129.8,32.9431166084453
129.81,32.9431166084453
129.82,32.9431166084453
129.83,32.9431166084453
129.84,32.9431166084453
129.85,32.9431166084453
129.86,32.9431166084453
129.87,32.9431166084453
129.88,32.9431166084453
129.89,32.9431166084453
129.9,32.9431166084453
129.91,32.9431166084453
129.92,32.9431166084453
129.93,32.9431166084453
129.94,32.9431166084453
129.95,32.9431166084453
129.96,32.9431166084453
129.97,32.9431166084453
129.98,32.9431166084453
129.99,32.9431166084453
130,32.9431166084453
130.01,32.9431166084453
130.02,32.9431166084453
130.03,32.9431166084453
130.04,32.9431166084453
130.05,32.9431166084453
130.06,32.9431166084453
130.07,32.9431166084453
130.08,32.9431166084453
130.09,32.9431166084453
130.1,32.9431166084453
130.11,32.9431166084453
130.12,32.9431166084453
130.13,32.9431166084453
130.14,32.9431166084453
130.15,32.9431166084453
130.16,32.9431166084453
130.17,32.9431166084453
130.18,32.9431166084453
130.19,32.9431166084453
130.2,32.9431166084453
130.21,32.9431166084453
130.22,32.9431166084453
130.23,32.9431166084453
130.24,32.9431166084453
130.25,32.9431166084453
130.26,32.9431166084453
130.27,32.9431166084453
130.28,32.9431166084453
130.29,32.9431166084453
130.3,32.9431166084453
130.31,32.9431166084453
130.32,32.9431166084453
130.33,32.9431166084453
130.34,32.9431166084453
130.35,32.9431166084453
130.36,32.9431166084453
130.37,66.5825587454109
130.38,66.5825587454109
130.39,66.5825587454109
130.4,66.5825587454109
130.41,66.5825587454109
130.42,66.5825587454109
130.43,66.5825587454109
130.44,66.5825587454109
130.45,66.5825587454109
130.46,66.5825587454109
130.47,66.5825587454109
130.48,66.5825587454109
130.49,66.5825587454109
130.5,66.5825587454109
130.51,66.5825587454109
130.52,66.5825587454109
130.53,66.5825587454109
130.54,66.5825587454109
130.55,66.5825587454109
130.56,66.5825587454109
130.57,66.5825587454109
130.58,66.5825587454109
130.59,66.5825587454109
130.6,66.5825587454109
130.61,66.5825587454109
130.62,66.5825587454109
130.63,66.5825587454109
130.64,66.5825587454109
130.65,66.5825587454109
130.66,66.5825587454109
130.67,66.5825587454109
130.68,66.5825587454109
130.69,66.5825587454109
130.7,66.5825587454109
130.71,66.5825587454109
130.72,66.5825587454109
130.73,66.5825587454109
130.74,66.5825587454109
130.75,66.5825587454109
130.76,66.5825587454109
130.77,66.5825587454109
130.78,66.5825587454109
130.79,66.5825587454109
130.8,66.5825587454109
130.81,66.5825587454109
130.82,66.5825587454109
130.83,66.5825587454109
130.84,66.5825587454109
130.85,66.5825587454109
130.86,66.5825587454109
130.87,66.5825587454109
130.88,66.5825587454109
130.89,66.5825587454109
130.9,66.5825587454109
130.91,66.5825587454109
130.92,66.5825587454109
130.93,66.5825587454109
130.94,66.5825587454109
130.95,66.5825587454109
130.96,66.5825587454109
130.97,66.5825587454109
130.98,66.5825587454109
130.99,66.5825587454109
131,66.5825587454109
131.01,66.5825587454109
131.02,66.5825587454109
131.03,66.5825587454109
131.04,66.5825587454109
131.05,66.5825587454109
131.06,66.5825587454109
131.07,66.5825587454109
131.08,66.5825587454109
131.09,66.5825587454109
131.1,66.5825587454109
131.11,66.5825587454109
131.12,66.5825587454109
131.13,66.5825587454109
131.14,66.5825587454109
131.15,66.5825587454109
131.16,66.5825587454109
131.17,66.5825587454109
131.18,66.5825587454109
131.19,66.5825587454109
131.2,66.5825587454109
131.21,66.5825587454109
131.22,66.5825587454109
131.23,66.5825587454109
131.24,66.5825587454109
131.25,66.5825587454109
131.26,66.5825587454109
131.27,66.5825587454109
131.28,66.5825587454109
131.29,66.5825587454109
131.3,66.5825587454109
131.31,66.5825587454109
131.32,66.5825587454109
131.33,66.5825587454109
131.34,66.5825587454109
131.35,66.5825587454109
131.36,66.5825587454109
131.37,66.5825587454109
131.38,66.5825587454109
131.39,66.5825587454109
131.4,66.5825587454109
131.41,66.5825587454109
131.42,66.5825587454109
131.43,66.5825587454109
131.44,66.5825587454109
131.45,66.5825587454109
131.46,66.5825587454109
131.47,66.5825587454109
131.48,66.5825587454109
131.49,66.5825587454109
131.5,66.5825587454109
131.51,66.5825587454109
131.52,66.5825587454109
131.53,66.5825587454109
131.54,66.5825587454109
131.55,66.5825587454109
131.56,66.5825587454109
131.57,66.5825587454109
131.58,66.5825587454109
131.59,66.5825587454109
131.6,66.5825587454109
131.61,66.5825587454109
131.62,66.5825587454109
131.63,66.5825587454109
131.64,66.5825587454109
131.65,66.5825587454109
131.66,66.5825587454109
131.67,66.5825587454109
131.68,66.5825587454109
131.69,66.5825587454109
131.7,66.5825587454109
131.71,66.5825587454109
131.72,66.5825587454109
131.73,66.5825587454109
131.74,66.5825587454109
131.75,66.5825587454109
131.76,66.5825587454109
131.77,66.5825587454109
131.78,66.5825587454109
131.79,66.5825587454109
131.8,66.5825587454109
131.81,66.5825587454109
131.82,66.5825587454109
131.83,66.5825587454109
131.84,66.5825587454109
131.85,66.5825587454109
131.86,66.5825587454109
131.87,66.5825587454109
131.88,66.5825587454109
131.89,66.5825587454109
131.9,66.5825587454109
131.91,66.5825587454109
131.92,66.5825587454109
131.93,66.5825587454109
131.94,66.5825587454109
131.95,66.5825587454109
131.96,66.5825587454109
131.97,66.5825587454109
131.98,66.5825587454109
131.99,66.5825587454109
132,66.5825587454109
132.01,45
132.02,45
132.03,45
132.04,45
132.05,45
132.06,45
132.07,45
132.08,45
132.09,45
132.1,45
132.11,45
132.12,45
132.13,45
132.14,45
132.15,45
132.16,45
132.17,45
132.18,45
132.19,45
132.2,45
132.21,45
132.22,45
132.23,45
132.24,45
132.25,45
132.26,45
132.27,45
132.28,45
132.29,45
132.3,45
132.31,45
132.32,45
132.33,45
132.34,45
132.35,45
132.36,45
132.37,45
132.38,45
132.39,45
132.4,45
132.41,45
132.42,45
132.43,45
132.44,45
132.45,45
132.46,45
132.47,45
132.48,45
132.49,45
132.5,45
132.51,45
132.52,45
132.53,45
132.54,45
132.55,45
132.56,45
132.57,45
132.58,45
132.59,45
132.6,45
132.61,45
132.62,45
132.63,45
132.64,45
132.65,45
132.66,45
132.67,45
132.68,45
132.69,45
132.7,45
132.71,45
132.72,45
132.73,45
132.74,45
132.75,45
132.76,45
132.77,45
132.78,45
132.79,45
132.8,45
132.81,45
132.82,45
132.83,45
132.84,45
132.85,45
132.86,45
132.87,45
132.88,45
132.89,45
132.9,45
132.91,45
132.92,45
132.93,45
132.94,45
132.95,45
132.96,45
132.97,45
132.98,45
132.99,45
133,45
133.01,45
133.02,45
133.03,45
133.04,45
133.05,45
133.06,45
133.07,45
133.08,45
133.09,45
133.1,45
133.11,45
133.12,45
133.13,45
133.14,45
133.15,45
133.16,45
133.17,45
133.18,45
133.19,45
133.2,45
133.21,45
133.22,45
133.23,45
133.24,45
133.25,45
133.26,45
133.27,45
133.28,45
133.29,45
133.3,45
133.31,45
133.32,45
133.33,45
133.34,45
133.35,45
133.36,45
133.37,45
133.38,45
133.39,45
133.4,45
133.41,45
133.42,45
133.43,45
133.44,45
133.45,45
133.46,45
133.47,45
133.48,45
133.49,45
133.5,45
133.51,45
133.52,45
133.53,45
133.54,45
133.55,45
133.56,45
133.57,45
133.58,45
133.59,45
133.6,45
133.61,45
133.62,45
133.63,45
133.64,45
133.65,45
133.66,45
133.67,45
133.68,45
133.69,45
133.7,45
133.71,45
133.72,45
133.73,45
133.74,45
133.75,45
133.76,45
133.77,45
133.78,45
133.79,45
133.8,45
133.81,45
133.82,45
133.83,45
133.84,45
133.85,45
133.86,45
133.87,45
133.88,45
133.89,45
133.9,45
133.91,45
133.92,45
133.93,45
133.94,45
133.95,45
133.96,45
133.97,45
133.98,45
133.99,45
134,45
134.01,45
134.02,45
134.03,45
134.04,45
134.05,45
134.06,45
134.07,45
134.08,45
134.09,45
134.1,45
134.11,45
134.12,45
134.13,45
134.14,45
134.15,45
134.16,45
134.17,45
134.18,45
134.19,45
134.2,45
134.21,45
134.22,45
134.23,45
134.24,45
134.25,45
134.26,45
134.27,45
134.28,45
134.29,45
134.3,45
134.31,45
134.32,45
134.33,45
134.34,45
134.35,45
134.36,45
134.37,45
134.38,45
134.39,45
134.4,45
134.41,45
134.42,45
134.43,45
134.44,45
134.45,45
134.46,45
134.47,45
134.48,45
134.49,45
134.5,45
134.51,45
134.52,45
134.53,45
134.54,45
134.55,45
134.56,45
134.57,45
134.58,45
134.59,45
134.6,45
134.61,45
134.62,45
134.63,45
134.64,45
134.65,45
134.66,45
134.67,45
134.68,45
134.69,45
134.7,45
134.71,45
134.72,45
134.73,45
134.74,45
134.75,45
134.76,45
134.77,45
134.78,45
134.79,45
134.8,45
134.81,45
134.82,45
134.83,45
134.84,45
134.85,45
134.86,45
134.87,45
134.88,45
134.89,45
134.9,45
134.91,45
134.92,45
134.93,45
134.94,45
134.95,45
134.96,45
134.97,45
134.98,45
134.99,45
135,45
135.01,45
135.02,45
135.03,45
135.04,45
135.05,45
135.06,45
135.07,45
135.08,45
135.09,45
135.1,45
135.11,45
135.12,45
135.13,45
135.14,45
135.15,45
135.16,45
135.17,45
135.18,45
135.19,45
135.2,45
135.21,45
135.22,45
135.23,45
135.24,45
135.25,45
135.26,45
135.27,45
135.28,45
135.29,45
135.3,45
135.31,45
135.32,45
135.33,45
135.34,45
135.35,45
135.36,45
135.37,45
135.38,45
135.39,45
135.4,45
135.41,45
135.42,45
135.43,45
135.44,45
135.45,45
135.46,45
135.47,45
135.48,45
135.49,45
135.5,45
135.51,45
135.52,45
135.53,45
135.54,45
135.55,45
135.56,45
135.57,45
135.58,45
135.59,45
135.6,45
135.61,45
135.62,45
135.63,45
135.64,45
135.65,45
135.66,45
135.67,45
135.68,45
135.69,45
135.7,45
135.71,45
135.72,45
135.73,45
135.74,45
135.75,45
135.76,45
135.77,45
135.78,45
135.79,45
135.8,45
135.81,45
135.82,45
135.83,45
135.84,45
135.85,45
135.86,45
135.87,45
135.88,45
135.89,45
135.9,45
135.91,45
135.92,45
135.93,45
135.94,45
135.95,45
135.96,45
135.97,45
135.98,45
135.99,45
136,45
136.01,45
136.02,45
136.03,45
136.04,45
136.05,45
136.06,45
136.07,45
136.08,45
136.09,45
136.1,45
136.11,45
136.12,45
136.13,45
136.14,45
136.15,45
136.16,45
136.17,45
136.18,45
136.19,45
136.2,45
136.21,45
136.22,45
136.23,45
136.24,45
136.25,45
136.26,45
136.27,45
136.28,45
136.29,45
136.3,45
136.31,45
136.32,45
136.33,45
136.34,45
136.35,45
136.36,45
136.37,45
136.38,45
136.39,45
136.4,45
136.41,45
136.42,45
136.43,45
136.44,45
136.45,45
136.46,45
136.47,45
136.48,45
136.49,45
136.5,45
136.51,45
136.52,45
136.53,45
136.54,45
136.55,45
136.56,45
136.57,45
136.58,45
136.59,45
136.6,45
136.61,45
136.62,45
136.63,45
136.64,45
136.65,45
136.66,45
136.67,45
136.68,45
136.69,45
136.7,45
136.71,45
136.72,45
136.73,45
136.74,45
136.75,45
136.76,45
136.77,45
136.78,45
136.79,45
136.8,45
136.81,45
136.82,45
136.83,45
136.84,45
136.85,45
136.86,45
136.87,45
136.88,45
136.89,45
136.9,45
136.91,45
136.92,45
136.93,45
136.94,45
136.95,45
136.96,45
136.97,45
136.98,45
136.99,45
137,45
137.01,45
137.02,45
137.03,45
137.04,45
137.05,45
137.06,45
137.07,45
137.08,45
137.09,45
137.1,45
137.11,45
137.12,45
137.13,45
137.14,45
137.15,45
137.16,45
137.17,45
137.18,45
137.19,45
137.2,45
137.21,45
137.22,45
137.23,45
137.24,45
137.25,45
137.26,45
137.27,45
137.28,45
137.29,45
137.3,45
137.31,45
137.32,45
137.33,45
137.34,45
137.35,45
137.36,45
137.37,45
137.38,45
137.39,45
137.4,45
137.41,45
137.42,45
137.43,45
137.44,45
137.45,45
137.46,45
137.47,45
137.48,45
137.49,45
137.5,45
137.51,45
137.52,45
137.53,45
137.54,45
137.55,45
137.56,45
137.57,45
137.58,45
137.59,45
137.6,45
137.61,45
137.62,45
137.63,45
137.64,45
137.65,45
137.66,45
137.67,45
137.68,45
137.69,45
137.7,45
137.71,45
137.72,45
137.73,45
137.74,45
137.75,45
137.76,45
137.77,45
137.78,45
137.79,45
137.8,45
137.81,45
137.82,45
137.83,45
137.84,45
137.85,45
137.86,45
137.87,45
137.88,45
137.89,45
137.9,45
137.91,45
137.92,45
137.93,45
137.94,45
137.95,45
137.96,45
137.97,45
137.98,45
137.99,45
138,45
138.01,0
138.02,0
138.03,0
138.04,0
138.05,0
138.06,0
138.07,0
138.08,0
138.09,0
138.1,0
138.11,0
138.12,0
138.13,0
138.14,0
138.15,0
138.16,0
138.17,0
138.18,0
138.19,0
138.2,0
138.21,0
138.22,0
138.23,0
138.24,0
138.25,0
138.26,0
138.27,0
138.28,0
138.29,0
138.3,0
138.31,0
138.32,0
138.33,0
138.34,0
138.35,0
138.36,0
138.37,0
138.38,0
138.39,0
138.4,0
138.41,0
138.42,0
138.43,0
138.44,0
138.45,0
138.46,0
138.47,0
138.48,0
138.49,0
138.5,0
138.51,0
138.52,0
138.53,0
138.54,0
138.55,0
138.56,0
138.57,0
138.58,0
138.59,0
138.6,0
138.61,0
138.62,0
138.63,0
138.64,0
138.65,0
138.66,0
138.67,0
138.68,0
138.69,0
138.7,0
138.71,0
138.72,0
138.73,0
138.74,0
138.75,0
138.76,0
138.77,0
138.78,0
138.79,0
138.8,0
138.81,0
138.82,0
138.83,0
138.84,0
138.85,0
138.86,0
138.87,0
138.88,0
138.89,0
138.9,0
138.91,0
138.92,0
138.93,0
138.94,0
138.95,0
138.96,0
138.97,0
138.98,0
138.99,0
139,0
139.01,0
139.02,0
139.03,0
139.04,0
139.05,0
139.06,0
139.07,0
139.08,0
139.09,0
139.1,0
139.11,0
139.12,0
139.13,0
139.14,0
139.15,0
139.16,0
139.17,0
139.18,0
139.19,0
139.2,0
139.21,0
139.22,0
139.23,0
139.24,0
139.25,0
139.26,0
139.27,0
139.28,0
139.29,0
139.3,0
139.31,0
139.32,0
139.33,0
139.34,0
139.35,0
139.36,0
139.37,0
139.38,0
139.39,0
139.4,0
139.41,0
139.42,0
139.43,0
139.44,0
139.45,0
139.46,0
139.47,0
139.48,0
139.49,0
139.5,0
139.51,0
139.52,0
139.53,0
139.54,0
139.55,0
139.56,0
139.57,0
139.58,0
139.59,0
139.6,0
139.61,0
139.62,0
139.63,0
139.64,0
139.65,0
139.66,0
139.67,0
139.68,0
139.69,0
139.7,0
139.71,0
139.72,0
139.73,0
139.74,0
139.75,0
139.76,0
139.77,0
139.78,0
139.79,0
139.8,0
139.81,0
139.82,0
139.83,0
139.84,0
139.85,0
139.86,0
139.87,0
139.88,0
139.89,0
139.9,0
139.91,0
139.92,0
139.93,0
139.94,0
139.95,0
139.96,0
139.97,0
139.98,0
139.99,0
140,0
140.01,0
140.02,0
140.03,0
140.04,0
140.05,0
140.06,0
140.07,0
140.08,0
140.09,0
140.1,0
140.11,0
140.12,0
140.13,0
140.14,0
140.15,0
140.16,0
140.17,0
140.18,0
140.19,0
140.2,0
140.21,0
140.22,0
140.23,0
140.24,0
140.25,0
140.26,0
140.27,0
140.28,0
140.29,0
140.3,0
140.31,0
140.32,0
140.33,0
140.34,0
140.35,0
140.36,0
140.37,0
140.38,0
140.39,0
140.4,0
140.41,0
140.42,0
140.43,0
140.44,0
140.45,0
140.46,0
140.47,0
140.48,0
140.49,0
140.5,0
140.51,0
140.52,0
140.53,0
140.54,0
140.55,0
140.56,0
140.57,0
140.58,0
140.59,0
140.6,0
140.61,0
140.62,0
140.63,0
140.64,0
140.65,0
140.66,0
140.67,0
140.68,0
140.69,0
140.7,0
140.71,0
140.72,0
140.73,0
140.74,0
140.75,0
140.76,0
140.77,0
140.78,0
140.79,0
140.8,0
140.81,0
140.82,0
140.83,0
140.84,0
140.85,0
140.86,0
140.87,0
140.88,0
140.89,0
140.9,0
140.91,0
140.92,0
140.93,0
140.94,0
140.95,0
140.96,0
140.97,0
140.98,0
140.99,0
141,0
141.01,0
141.02,0
141.03,0
141.04,0
141.05,0
141.06,0
141.07,0
141.08,0
141.09,0
141.1,0
141.11,0
141.12,0
141.13,0
141.14,0
141.15,0
141.16,0
141.17,0
141.18,0
141.19,0
141.2,0
141.21,0
141.22,0
141.23,0
141.24,0
141.25,0
141.26,0
141.27,0
141.28,0
141.29,0
141.3,0
141.31,0
141.32,0
141.33,0
141.34,0
141.35,0
141.36,0
141.37,0
141.38,0
141.39,0
141.4,0
141.41,0
141.42,0
141.43,0
141.44,0
141.45,0
141.46,0
141.47,0
141.48,0
141.49,0
141.5,0
141.51,0
141.52,0
141.53,0
141.54,0
141.55,0
141.56,0
141.57,0
141.58,0
141.59,0
141.6,0
141.61,0
141.62,0
141.63,0
141.64,0
141.65,0
141.66,0
141.67,0
141.68,0
141.69,0
141.7,0
141.71,0
141.72,0
141.73,0
141.74,0
141.75,0
141.76,0
141.77,0
141.78,0
141.79,0
141.8,0
141.81,0
141.82,0
141.83,0
141.84,0
141.85,0
141.86,0
141.87,0
141.88,0
141.89,0
141.9,0
141.91,0
141.92,0
141.93,0
141.94,0
141.95,0
141.96,0
141.97,0
141.98,0
141.99,0
142,0
142.01,0
142.02,0
142.03,0
142.04,0
142.05,0
142.06,0
142.07,0
142.08,0
142.09,0
142.1,0
142.11,0
142.12,0
142.13,0
142.14,0
142.15,0
142.16,0
142.17,0
142.18,0
142.19,0
142.2,0
142.21,0
142.22,0
142.23,0
142.24,0
142.25,0
142.26,0
142.27,0
142.28,0
142.29,0
142.3,0
142.31,0
142.32,0
142.33,0
142.34,0
142.35,0
142.36,0
142.37,0
142.38,0
142.39,0
142.4,0
142.41,0
142.42,0
142.43,0
142.44,0
142.45,0
142.46,0
142.47,0
142.48,0
142.49,0
142.5,0
142.51,0
142.52,0
142.53,0
142.54,0
142.55,0
142.56,0
142.57,0
142.58,0
142.59,0
142.6,0
142.61,0
142.62,0
142.63,0
142.64,0
142.65,0
142.66,0
142.67,0
142.68,0
142.69,0
142.7,0
142.71,0
142.72,0
142.73,0
142.74,0
142.75,0
142.76,0
142.77,0
142.78,0
142.79,0
142.8,0
142.81,0
142.82,0
142.83,0
142.84,0
142.85,0
142.86,0
142.87,0
142.88,0
142.89,0
142.9,0
142.91,0
142.92,0
142.93,0
142.94,0
142.95,0
142.96,0
142.97,0
142.98,0
142.99,0
143,0
143.01,0
143.02,0
143.03,0
143.04,0
143.05,0
143.06,0
143.07,0
143.08,0
143.09,0
143.1,0
143.11,0
143.12,0
143.13,0
143.14,0
143.15,0
143.16,0
143.17,0
143.18,0
143.19,0
143.2,0
143.21,0
143.22,0
143.23,0
143.24,0
143.25,0
143.26,0
143.27,0
143.28,0
143.29,0
143.3,0
143.31,0
143.32,0
143.33,0
143.34,0
143.35,0
143.36,0
143.37,0
143.38,0
143.39,0
143.4,0
143.41,0
143.42,0
143.43,0
143.44,0
143.45,0
143.46,0
143.47,0
143.48,0
143.49,0
143.5,0
143.51,0
143.52,0
143.53,0
143.54,0
143.55,0
143.56,0
143.57,0
143.58,0
143.59,0
143.6,0
143.61,0
143.62,0
143.63,0
143.64,0
143.65,0
143.66,0
143.67,0
143.68,0
143.69,0
143.7,0
143.71,0
143.72,0
143.73,0
143.74,0
143.75,0
143.76,0
143.77,0
143.78,0
143.79,0
143.8,0
143.81,0
143.82,0
143.83,0
143.84,0
143.85,0
143.86,0
143.87,0
143.88,0
143.89,0
143.9,0
143.91,0
143.92,0
143.93,0
143.94,0
143.95,0
143.96,0
143.97,0
143.98,0
143.99,0
144,0
