0,0
0.01,0
0.02,0
0.03,0
0.04,0
0.05,0
0.06,0
0.07,0
0.08,0
0.09,0
0.1,0
0.11,0
0.12,0
0.13,0
0.14,0
0.15,0
0.16,0
0.17,0
0.18,0
0.19,0
0.2,0
0.21,0
0.22,0
0.23,0
0.24,0
0.25,0
0.26,0
0.27,0
0.28,0
0.29,0
0.3,0
0.31,0
0.32,0
0.33,0
0.34,0
0.35,0
0.36,0
0.37,0
0.38,0
0.39,0
0.4,0
0.41,0
0.42,0
0.43,0
0.44,0
0.45,0
0.46,0
0.47,0
0.48,0
0.49,0
0.5,0
0.51,0
0.52,0
0.53,0
0.54,0
0.55,0
0.56,0
0.57,0
0.58,0
0.59,0
0.6,0
0.61,0
0.62,0
0.63,0
0.64,0
0.65,0
0.66,0
0.67,0
0.68,0
0.69,0
0.7,0
0.71,0
0.72,0
0.73,0
0.74,0
0.75,0
0.76,0
0.77,0
0.78,0
0.79,0
0.8,0
0.81,0
0.82,0
0.83,0
0.84,0
0.85,0
0.86,0
0.87,0
0.88,0
0.89,0
0.9,0
0.91,0
0.92,0
0.93,0
0.94,0
0.95,0
0.96,0
0.97,0
0.98,0
0.99,0
1,0
1.01,0
1.02,0
1.03,0
1.04,0
1.05,0
1.06,0
1.07,0
1.08,0
1.09,0
1.1,0
1.11,0
1.12,0
1.13,0
1.14,0
1.15,0
1.16,0
1.17,0
1.18,0
1.19,0
1.2,0
1.21,0
1.22,0
1.23,0
1.24,0
1.25,0
1.26,0
1.27,0
1.28,0
1.29,0
1.3,0
1.31,0
1.32,0
1.33,0
1.34,0
1.35,0
1.36,0
1.37,0
1.38,0
1.39,0
1.4,0
1.41,0
1.42,0
1.43,0
1.44,0
1.45,0
1.46,0
1.47,0
1.48,0
1.49,0
1.5,0
1.51,0
1.52,0
1.53,0
1.54,0
1.55,0
1.56,0
1.57,0
1.58,0
1.59,0
1.6,0
1.61,0
1.62,0
1.63,0
1.64,0
1.65,0
1.66,0
1.67,0
1.68,0
1.69,0
1.7,0
1.71,0
1.72,0
1.73,0
1.74,0
1.75,0
1.76,0
1.77,0
1.78,0
1.79,0
1.8,0
1.81,0
1.82,0
1.83,0
1.84,0
1.85,0
1.86,0
1.87,0
1.88,0
1.89,0
1.9,0
1.91,0
1.92,0
1.93,0
1.94,0
1.95,0
1.96,0
1.97,0
1.98,0
1.99,0
2,0
2.01,0
2.02,0
2.03,0
2.04,0
2.05,0
2.06,0
2.07,0
2.08,0
2.09,0
2.1,0
2.11,0
2.12,0
2.13,0
2.14,0
2.15,0
2.16,0
2.17,0
2.18,0
2.19,0
2.2,0
2.21,0
2.22,0
2.23,0
2.24,0
2.25,0
2.26,0
2.27,0
2.28,0
2.29,0
2.3,0
2.31,0
2.32,0
2.33,0
2.34,0
2.35,0
2.36,0
2.37,0
2.38,0
2.39,0
2.4,0
2.41,0
2.42,0
2.43,0
2.44,0
2.45,0
2.46,0
2.47,0
2.48,0
2.49,0
2.5,0
2.51,0
2.52,0
2.53,0
2.54,0
2.55,0
2.56,0
2.57,0
2.58,0
2.59,0
2.6,0
2.61,0
2.62,0
2.63,0
2.64,0
2.65,0
2.66,0
2.67,0
2.68,0
2.69,0
2.7,0
2.71,0
2.72,0
2.73,0
2.74,0
2.75,0
2.76,0
2.77,0
2.78,0
2.79,0
2.8,0
2.81,0
2.82,0
2.83,0
2.84,0
2.85,0
2.86,0
2.87,0
2.88,0
2.89,0
2.9,0
2.91,0
2.92,0
2.93,0
2.94,0
2.95,0
2.96,0
2.97,0
2.98,0
2.99,0
3,0
3.01,0
3.02,0
3.03,0
3.04,0
3.05,0
3.06,0
3.07,0
3.08,0
3.09,0
3.1,0
3.11,0
3.12,0
3.13,0
3.14,0
3.15,0
3.16,0
3.17,0
3.18,0
3.19,0
3.2,0
3.21,0
3.22,0
3.23,0
3.24,0
3.25,0
3.26,0
3.27,0
3.28,0
3.29,0
3.3,0
3.31,0
3.32,0
3.33,0
3.34,0
3.35,0
3.36,0
3.37,0
3.38,0
3.39,0
3.4,0
3.41,0
3.42,0
3.43,0
3.44,0
3.45,0
3.46,0
3.47,0
3.48,0
3.49,0
3.5,0
3.51,0
3.52,0
3.53,0
3.54,0
3.55,0
3.56,0
3.57,0
3.58,0
3.59,0
3.6,0
3.61,0
3.62,0
3.63,0
3.64,0
3.65,0
3.66,0
3.67,0
3.68,0
3.69,0
3.7,0
3.71,0
3.72,0
3.73,0
3.74,0
3.75,0
3.76,0
3.77,0
3.78,0
3.79,0
3.8,0
3.81,0
3.82,0
3.83,0
3.84,0
3.85,0
3.86,0
3.87,0
3.88,0
3.89,0
3.9,0
3.91,0
3.92,0
3.93,0
3.94,0
3.95,0
3.96,0
3.97,0
3.98,0
3.99,0
4,0
4.01,0
4.02,0
4.03,0
4.04,0
4.05,0
4.06,0
4.07,0
4.08,0
4.09,0
4.1,0
4.11,0
4.12,0
4.13,0
4.14,0
4.15,0
4.16,0
4.17,0
4.18,0
4.19,0
4.2,0
4.21,0
4.22,0
4.23,0
4.24,0
4.25,0
4.26,0
4.27,0
4.28,0
4.29,0
4.3,0
4.31,0
4.32,0
4.33,0
4.34,0
4.35,0
4.36,0
4.37,0
4.38,0
4.39,0
4.4,0
4.41,0
4.42,0
4.43,0
4.44,0
4.45,0
4.46,0
4.47,0
4.48,0
4.49,0
4.5,0
4.51,0
4.52,0
4.53,0
4.54,0
4.55,0
4.56,0
4.57,0
4.58,0
4.59,0
4.6,0
4.61,0
4.62,0
4.63,0
4.64,0
4.65,0
4.66,0
4.67,0
4.68,0
4.69,0
4.7,0
4.71,0
4.72,0
4.73,0
4.74,0
4.75,0
4.76,0
4.77,0
4.78,0
4.79,0
4.8,0
4.81,0
4.82,0
4.83,0
4.84,0
4.85,0
4.86,0
4.87,0
4.88,0
4.89,0
4.9,0
4.91,0
4.92,0
4.93,0
4.94,0
4.95,0
4.96,0
4.97,0
4.98,0
4.99,0
5,0
5.01,0
5.02,0
5.03,0
5.04,0
5.05,0
5.06,0
5.07,0
5.08,0
5.09,0
5.1,0
5.11,0
5.12,0
5.13,0
5.14,0
5.15,0
5.16,0
5.17,0
5.18,0
5.19,0
5.2,0
5.21,0
5.22,0
5.23,0
5.24,0
5.25,0
5.26,0
5.27,0
5.28,0
5.29,0
5.3,0
5.31,0
5.32,0
5.33,0
5.34,0
5.35,0
5.36,0
5.37,0
5.38,0
5.39,0
5.4,0
5.41,0
5.42,0
5.43,0
5.44,0
5.45,0
5.46,0
5.47,0
5.48,0
5.49,0
5.5,0
5.51,0
5.52,0
5.53,0
5.54,0
5.55,0
5.56,0
5.57,0
5.58,0
5.59,0
5.6,0
5.61,0
5.62,0
5.63,0
5.64,0
5.65,0
5.66,0
5.67,0
5.68,0
5.69,0
5.7,0
5.71,0
5.72,0
5.73,0
5.74,0
5.75,0
5.76,0
5.77,0
5.78,0
5.79,0
5.8,0
5.81,0
5.82,0
5.83,0
5.84,0
5.85,0
5.86,0
5.87,0
5.88,0
5.89,0
5.9,0
5.91,0
5.92,0
5.93,0
5.94,0
5.95,0
5.96,0
5.97,0
5.98,0
5.99,0
6,0
6.01,0
6.02,0
6.03,0
6.04,0
6.05,0
6.06,0
6.07,0
6.08,0
6.09,0
6.1,0
6.11,0
6.12,0
6.13,0
6.14,0
6.15,0
6.16,0
6.17,0
6.18,0
6.19,0
6.2,0
6.21,0
6.22,0
6.23,0
6.24,0
6.25,0
6.26,0
6.27,0
6.28,0
6.29,0
6.3,0
6.31,0
6.32,0
6.33,0
6.34,0
6.35,0
6.36,0
6.37,0
6.38,0
6.39,0
6.4,0
6.41,0
6.42,0
6.43,0
6.44,0
6.45,0
6.46,0
6.47,0
6.48,0
6.49,0
6.5,0
6.51,0
6.52,0
6.53,0
6.54,0
6.55,0
6.56,0
6.57,0
6.58,0
6.59,0
6.6,0
6.61,0
6.62,0
6.63,0
6.64,0
6.65,0
6.66,0
6.67,0
6.68,0
6.69,0
6.7,0
6.71,0
6.72,0
6.73,0
6.74,0
6.75,0
6.76,0
6.77,0
6.78,0
6.79,0
6.8,0
6.81,0
6.82,0
6.83,0
6.84,0
6.85,0
6.86,0
6.87,0
6.88,0
6.89,0
6.9,0
6.91,0
6.92,0
6.93,0
6.94,0
6.95,0
6.96,0
6.97,0
6.98,0
6.99,0
7,0
7.01,0
7.02,0
7.03,0
7.04,0
7.05,0
7.06,0
7.07,0
7.08,0
7.09,0
7.1,0
7.11,0
7.12,0
7.13,0
7.14,0
7.15,0
7.16,0
7.17,0
7.18,0
7.19,0
7.2,0
7.21,0
7.22,0
7.23,0
7.24,0
7.25,0
7.26,0
7.27,0
7.28,0
7.29,0
7.3,0
7.31,0
7.32,0
7.33,0
7.34,0
7.35,0
7.36,0
7.37,0
7.38,0
7.39,0
7.4,0
7.41,0
7.42,0
7.43,0
7.44,0
7.45,0
7.46,0
7.47,0
7.48,0
7.49,0
7.5,0
7.51,0
7.52,0
7.53,0
7.54,0
7.55,0
7.56,0
7.57,0
7.58,0
7.59,0
7.6,0
7.61,0
7.62,0
7.63,0
7.64,0
7.65,0
7.66,0
7.67,0
7.68,0
7.69,0
7.7,0
7.71,0
7.72,0
7.73,0
7.74,0
7.75,0
7.76,0
7.77,0
7.78,0
7.79,0
7.8,0
7.81,0
7.82,0
7.83,0
7.84,0
7.85,0
7.86,0
7.87,0
7.88,0
7.89,0
7.9,0
7.91,0
7.92,0
7.93,0
7.94,0
7.95,0
7.96,0
7.97,0
7.98,0
7.99,0
8,0
8.01,0
8.02,0
8.03,0
8.04,0
8.05,0
8.06,0
8.07,0
8.08,0
8.09,0
8.1,0
8.11,0
8.12,0
8.13,0
8.14,0
8.15,0
8.16,0
8.17,0
8.18,0
8.19,0
8.2,0
8.21,0
8.22,0
8.23,0
8.24,0
8.25,0
8.26,0
8.27,0
8.28,0
8.29,0
8.3,0
8.31,0
8.32,0
8.33,0
8.34,0
8.35,0
8.36,0
8.37,0
8.38,0
8.39,0
8.4,0
8.41,0
8.42,0
8.43,0
8.44,0
8.45,0
8.46,0
8.47,0
8.48,0
8.49,0
8.5,0
8.51,0
8.52,0
8.53,0
8.54,0
8.55,0
8.56,0
8.57,0
8.58,0
8.59,0
8.6,0
8.61,0
8.62,0
8.63,0
8.64,0
8.65,0
8.66,0
8.67,0
8.68,0
8.69,0
8.7,0
8.71,0
8.72,0
8.73,0
8.74,0
8.75,0
8.76,0
8.77,0
8.78,0
8.79,0
8.8,0
8.81,0
8.82,0
8.83,0
8.84,0
8.85,0
8.86,0
8.87,0
8.88,0
8.89,0
8.9,0
8.91,0
8.92,0
8.93,0
8.94,0
8.95,0
8.96,0
8.97,0
8.98,0
8.99,0
9,0
9.01,0
9.02,0
9.03,0
9.04,0
9.05,0
9.06,0
9.07,0
9.08,0
9.09,0
9.1,0
9.11,0
9.12,0
9.13,0
9.14,0
9.15,0
9.16,0
9.17,0
9.18,0
9.19,0
9.2,0
9.21,0
9.22,0
9.23,0
9.24,0
9.25,0
9.26,0
9.27,0
9.28,0
9.29,0
9.3,0
9.31,0
9.32,0
9.33,0
9.34,0
9.35,0
9.36,0
9.37,0
9.38,0
9.39,0
9.4,0
9.41,0
9.42,0
9.43,0
9.44,0
9.45,0
9.46,0
9.47,0
9.48,0
9.49,0
9.5,0
9.51,0
9.52,0
9.53,0
9.54,0
9.55,0
9.56,0
9.57,0
9.58,0
9.59,0
9.6,0
9.61,0
9.62,0
9.63,0
9.64,0
9.65,0
9.66,0
9.67,0
9.68,0
9.69,0
9.7,0
9.71,0
9.72,0
9.73,0
9.74,0
9.75,0
9.76,0
9.77,0
9.78,0
9.79,0
9.8,0
9.81,0
9.82,0
9.83,0
9.84,0
9.85,0
9.86,0
9.87,0
9.88,0
9.89,0
9.9,0
9.91,0
9.92,0
9.93,0
9.94,0
9.95,0
9.96,0
9.97,0
9.98,0
9.99,0
10,60
10.01,60
10.02,60
10.03,60
10.04,60
10.05,60
10.06,60
10.07,60
10.08,60
10.09,60
10.1,60
10.11,60
10.12,60
10.13,60
10.14,60
10.15,60
10.16,60
10.17,60
10.18,60
10.19,60
10.2,60
10.21,60
10.22,60
10.23,60
10.24,60
10.25,60
10.26,60
10.27,60
10.28,60
10.29,60
10.3,60
10.31,60
10.32,60
10.33,60
10.34,60
10.35,60
10.36,60
10.37,60
10.38,60
10.39,60
10.4,60
10.41,60
10.42,60
10.43,60
10.44,60
10.45,60
10.46,60
10.47,60
10.48,60
10.49,60
10.5,60
10.51,60
10.52,60
10.53,60
10.54,60
10.55,60
10.56,60
10.57,60
10.58,60
10.59,60
10.6,60
10.61,60
10.62,60
10.63,60
10.64,60
10.65,60
10.66,60
10.67,60
10.68,60
10.69,60
10.7,60
10.71,60
10.72,60
10.73,60
10.74,60
10.75,60
10.76,60
10.77,60
10.78,60
10.79,60
10.8,60
10.81,60
10.82,60
10.83,60
10.84,60
10.85,60
10.86,60
10.87,60
10.88,60
10.89,60
10.9,60
10.91,60
10.92,60
10.93,60
10.94,60
10.95,60
10.96,60
10.97,60
10.98,60
10.99,60
11,60
11.01,60
11.02,60
11.03,60
11.04,60
11.05,60
11.06,60
11.07,60
11.08,60
11.09,60
11.1,60
11.11,60
11.12,60
11.13,60
11.14,60
11.15,60
11.16,60
11.17,60
11.18,60
11.19,60
11.2,60
11.21,60
11.22,60
11.23,60
11.24,60
11.25,60
11.26,60
11.27,60
11.28,60
11.29,60
11.3,60
11.31,60
11.32,60
11.33,60
11.34,60
11.35,60
11.36,60
11.37,60
11.38,60
11.39,60
11.4,60
11.41,60
11.42,60
11.43,60
11.44,60
11.45,60
11.46,60
11.47,60
11.48,60
11.49,60
11.5,60
11.51,60
11.52,60
11.53,60
11.54,60
11.55,60
11.56,60
11.57,60
11.58,60
11.59,60
11.6,60
11.61,60
11.62,60
11.63,60
11.64,60
11.65,60
11.66,60
11.67,60
11.68,60
11.69,60
11.7,60
11.71,60
11.72,60
11.73,60
11.74,60
11.75,60
11.76,60
11.77,60
11.78,60
11.79,60
11.8,60
11.81,60
11.82,60
11.83,60
11.84,60
11.85,60
11.86,60
11.87,60
11.88,60
11.89,60
11.9,60
11.91,60
11.92,60
11.93,60
11.94,60
11.95,60
11.96,60
11.97,60
11.98,60
11.99,60
12,60
12.01,60
12.02,60
12.03,60
12.04,60
12.05,60
12.06,60
12.07,60
12.08,60
12.09,60
12.1,60
12.11,60
12.12,60
12.13,60
12.14,60
12.15,60
12.16,60
12.17,60
12.18,60
12.19,60
12.2,60
12.21,60
12.22,60
12.23,60
12.24,60
12.25,60
12.26,60
12.27,60
12.28,60
12.29,60
12.3,60
12.31,60
12.32,60
12.33,60
12.34,60
12.35,60
12.36,60
12.37,60
12.38,60
12.39,60
12.4,60
12.41,60
12.42,60
12.43,60
12.44,60
12.45,60
12.46,60
12.47,60
12.48,60
12.49,60
12.5,60
12.51,60
12.52,60
12.53,60
12.54,60
12.55,60
12.56,60
12.57,60
12.58,60
12.59,60
12.6,60
12.61,60
12.62,60
12.63,60
12.64,60
12.65,60
12.66,60
12.67,60
12.68,60
12.69,60
12.7,60
12.71,60
12.72,60
12.73,60
12.74,60
12.75,60
12.76,60
12.77,60
12.78,60
12.79,60
12.8,60
12.81,60
12.82,60
12.83,60
12.84,60
12.85,60
12.86,60
12.87,60
12.88,60
12.89,60
12.9,60
12.91,60
12.92,60
12.93,60
12.94,60
12.95,60
12.96,60
12.97,60
12.98,60
12.99,60
13,60
13.01,60
13.02,60
13.03,60
13.04,60
13.05,60
13.06,60
13.07,60
13.08,60
13.09,60
13.1,60
13.11,60
13.12,60
13.13,60
13.14,60
13.15,60
13.16,60
13.17,60
13.18,60
13.19,60
13.2,60
13.21,60
13.22,60
13.23,60
13.24,60
13.25,60
13.26,60
13.27,60
13.28,60
13.29,60
13.3,60
13.31,60
13.32,60
13.33,60
13.34,60
13.35,60
13.36,60
13.37,60
13.38,60
13.39,60
13.4,60
13.41,60
13.42,60
13.43,60
13.44,60
13.45,60
13.46,60
13.47,60
13.48,60
13.49,60
13.5,60
13.51,60
13.52,60
13.53,60
13.54,60
13.55,60
13.56,60
13.57,60
13.58,60
13.59,60
13.6,60
13.61,60
13.62,60
13.63,60
13.64,60
13.65,60
13.66,60
13.67,60
13.68,60
13.69,60
13.7,60
13.71,60
13.72,60
13.73,60
13.74,60
13.75,60
13.76,60
13.77,60
13.78,60
13.79,60
13.8,60
13.81,60
13.82,60
13.83,60
13.84,60
13.85,60
13.86,60
13.87,60
13.88,60
13.89,60
13.9,60
13.91,60
13.92,60
13.93,60
13.94,60
13.95,60
13.96,60
13.97,60
13.98,60
13.99,60
14,60
14.01,60
14.02,60
14.03,60
14.04,60
14.05,60
14.06,60
14.07,60
14.08,60
14.09,60
14.1,60
14.11,60
14.12,60
14.13,60
14.14,60
14.15,60
14.16,60
14.17,60
14.18,60
14.19,60
14.2,60
14.21,60
14.22,60
14.23,60
14.24,60
14.25,60
14.26,60
14.27,60
14.28,60
14.29,60
14.3,60
14.31,60
14.32,60
14.33,60
14.34,60
14.35,60
14.36,60
14.37,60
14.38,60
14.39,60
14.4,60
14.41,60
14.42,60
14.43,60
14.44,60
14.45,60
14.46,60
14.47,60
14.48,60
14.49,60
14.5,60
14.51,60
14.52,60
14.53,60
14.54,60
14.55,60
14.56,60
14.57,60
14.58,60
14.59,60
14.6,60
14.61,60
14.62,60
14.63,60
14.64,60
14.65,60
14.66,60
14.67,60
14.68,60
14.69,60
14.7,60
14.71,60
14.72,60
14.73,60
14.74,60
14.75,60
14.76,60
14.77,60
14.78,60
14.79,60
14.8,60
14.81,60
14.82,60
14.83,60
14.84,60
14.85,60
14.86,60
14.87,60
14.88,60
14.89,60
14.9,60
14.91,60
14.92,60
14.93,60
14.94,60
14.95,60
14.96,60
14.97,60
14.98,60
14.99,60
15,60
15.01,60
15.02,60
15.03,60
15.04,60
15.05,60
15.06,60
15.07,60
15.08,60
15.09,60
15.1,60
15.11,60
15.12,60
15.13,60
15.14,60
15.15,60
15.16,60
15.17,60
15.18,60
15.19,60
15.2,60
15.21,60
15.22,60
15.23,60
15.24,60
15.25,60
15.26,60
15.27,60
15.28,60
15.29,60
15.3,60
15.31,60
15.32,60
15.33,60
15.34,60
15.35,60
15.36,60
15.37,60
15.38,60
15.39,60
15.4,60
15.41,60
15.42,60
15.43,60
15.44,60
15.45,60
15.46,60
15.47,60
15.48,60
15.49,60
15.5,60
15.51,60
15.52,60
15.53,60
15.54,60
15.55,60
15.56,60
15.57,60
15.58,60
15.59,60
15.6,60
15.61,60
15.62,60
15.63,60
15.64,60
15.65,60
15.66,60
15.67,60
15.68,60
15.69,60
15.7,60
15.71,60
15.72,60
15.73,60
15.74,60
15.75,60
15.76,60
15.77,60
15.78,60
15.79,60
15.8,60
15.81,60
15.82,60
15.83,60
15.84,60
15.85,60
15.86,60
15.87,60
15.88,60
15.89,60
15.9,60
15.91,60
15.92,60
15.93,60
15.94,60
15.95,60
15.96,60
15.97,60
15.98,60
15.99,60
16,60
16.01,60
16.02,60
16.03,60
16.04,60
16.05,60
16.06,60
16.07,60
16.08,60
16.09,60
16.1,60
16.11,60
16.12,60
16.13,60
16.14,60
16.15,60
16.16,60
16.17,60
16.18,60
16.19,60
16.2,60
16.21,60
16.22,60
16.23,60
16.24,60
16.25,60
16.26,60
16.27,60
16.28,60
16.29,60
16.3,60
16.31,60
16.32,60
16.33,60
16.34,60
16.35,60
16.36,60
16.37,60
16.38,60
16.39,60
16.4,60
16.41,60
16.42,60
16.43,60
16.44,60
16.45,60
16.46,60
16.47,60
16.48,60
16.49,60
16.5,60
16.51,60
16.52,60
16.53,60
16.54,60
16.55,60
16.56,60
16.57,60
16.58,60
16.59,60
16.6,60
16.61,60
16.62,60
16.63,60
16.64,60
16.65,60
16.66,60
16.67,60
16.68,60
16.69,60
16.7,60
16.71,60
16.72,60
16.73,60
16.74,60
16.75,60
16.76,60
16.77,60
16.78,60
16.79,60
16.8,60
16.81,60
16.82,60
16.83,60
16.84,60
16.85,60
16.86,60
16.87,60
16.88,60
16.89,60
16.9,60
16.91,60
16.92,60
16.93,60
16.94,60
16.95,60
16.96,60
16.97,60
16.98,60
16.99,60
17,60
17.01,60
17.02,60
17.03,60
17.04,60
17.05,60
17.06,60
17.07,60
17.08,60
17.09,60
17.1,60
17.11,60
17.12,60
17.13,60
17.14,60
17.15,60
17.16,60
17.17,60
17.18,60
17.19,60
17.2,60
17.21,60
17.22,60
17.23,60
17.24,60
17.25,60
17.26,60
17.27,60
17.28,60
17.29,60
17.3,60
17.31,60
17.32,60
17.33,60
17.34,60
17.35,60
17.36,60
17.37,60
17.38,60
17.39,60
17.4,60
17.41,60
17.42,60
17.43,60
17.44,60
17.45,60
17.46,60
17.47,60
17.48,60
17.49,60
17.5,60
17.51,60
17.52,60
17.53,60
17.54,60
17.55,60
17.56,60
17.57,60
17.58,60
17.59,60
17.6,60
17.61,60
17.62,60
17.63,60
17.64,60
17.65,60
17.66,60
17.67,60
17.68,60
17.69,60
17.7,60
17.71,60
17.72,60
17.73,60
17.74,60
17.75,60
17.76,60
17.77,60
17.78,60
17.79,60
17.8,60
17.81,60
17.82,60
17.83,60
17.84,60
17.85,60
17.86,60
17.87,60
17.88,60
17.89,60
17.9,60
17.91,60
17.92,60
17.93,60
17.94,60
17.95,60
17.96,60
17.97,60
17.98,60
17.99,60
18,60
18.01,60
18.02,60
18.03,60
18.04,60
18.05,60
18.06,60
18.07,60
18.08,60
18.09,60
18.1,60
18.11,60
18.12,60
18.13,60
18.14,60
18.15,60
18.16,60
18.17,60
18.18,60
18.19,60
18.2,60
18.21,60
18.22,60
18.23,60
18.24,60
18.25,60
18.26,60
18.27,60
18.28,60
18.29,60
18.3,60
18.31,60
18.32,60
18.33,60
18.34,60
18.35,60
18.36,60
18.37,60
18.38,60
18.39,60
18.4,60
18.41,60
18.42,60
18.43,60
18.44,60
18.45,60
18.46,60
18.47,60
18.48,60
18.49,60
18.5,60
18.51,60
18.52,60
18.53,60
18.54,60
18.55,60
18.56,60
18.57,60
18.58,60
18.59,60
18.6,60
18.61,60
18.62,60
18.63,60
18.64,60
18.65,60
18.66,60
18.67,60
18.68,60
18.69,60
18.7,60
18.71,60
18.72,60
18.73,60
18.74,60
18.75,60
18.76,60
18.77,60
18.78,60
18.79,60
18.8,60
18.81,60
18.82,60
18.83,60
18.84,60
18.85,60
18.86,60
18.87,60
18.88,60
18.89,60
18.9,60
18.91,60
18.92,60
18.93,60
18.94,60
18.95,60
18.96,60
18.97,60
18.98,60
18.99,60
19,60
19.01,60
19.02,60
19.03,60
19.04,60
19.05,60
19.06,60
19.07,60
19.08,60
19.09,60
19.1,60
19.11,60
19.12,60
19.13,60
19.14,60
19.15,60
19.16,60
19.17,60
19.18,60
19.19,60
19.2,60
19.21,60
19.22,60
19.23,60
19.24,60
19.25,60
19.26,60
19.27,60
19.28,60
19.29,60
19.3,60
19.31,60
19.32,60
19.33,60
19.34,60
19.35,60
19.36,60
19.37,60
19.38,60
19.39,60
19.4,60
19.41,60
19.42,60
19.43,60
19.44,60
19.45,60
19.46,60
19.47,60
19.48,60
19.49,60
19.5,60
19.51,60
19.52,60
19.53,60
19.54,60
19.55,60
19.56,60
19.57,60
19.58,60
19.59,60
19.6,60
19.61,60
19.62,60
19.63,60
19.64,60
19.65,60
19.66,60
19.67,60
19.68,60
19.69,60
19.7,60
19.71,60
19.72,60
19.73,60
19.74,60
19.75,60
19.76,60
19.77,60
19.78,60
19.79,60
19.8,60
19.81,60
19.82,60
19.83,60
19.84,60
19.85,60
19.86,60
19.87,60
19.88,60
19.89,60
19.9,60
19.91,60
19.92,60
19.93,60
19.94,60
19.95,60
19.96,60
19.97,60
19.98,60
19.99,60
20,82.7992649228599
20.01,82.7992649228599
20.02,82.7992649228599
20.03,82.7992649228599
20.04,82.7992649228599
20.05,82.7992649228599
20.06,82.7992649228599
20.07,82.7992649228599
20.08,82.7992649228599
20.09,82.7992649228599
20.1,82.7992649228599
20.11,82.7992649228599
20.12,82.7992649228599
20.13,82.7992649228599
20.14,82.7992649228599
20.15,82.7992649228599
20.16,82.7992649228599
20.17,82.7992649228599
20.18,82.7992649228599
20.19,82.7992649228599
20.2,82.7992649228599
20.21,82.7992649228599
20.22,82.7992649228599
20.23,82.7992649228599
20.24,82.7992649228599
20.25,82.7992649228599
20.26,82.7992649228599
20.27,82.7992649228599
20.28,82.7992649228599
20.29,82.7992649228599
20.3,82.7992649228599
20.31,82.7992649228599
20.32,82.7992649228599
20.33,82.7992649228599
20.34,82.7992649228599
20.35,82.7992649228599
20.36,82.7992649228599
20.37,82.7992649228599
20.38,82.7992649228599
20.39,82.7992649228599
20.4,82.7992649228599
20.41,82.7992649228599
20.42,82.7992649228599
20.43,82.7992649228599
20.44,82.7992649228599
20.45,82.7992649228599
20.46,82.7992649228599
20.47,82.7992649228599
20.48,82.7992649228599
20.49,82.7992649228599
20.5,82.7992649228599
20.51,82.7992649228599
20.52,82.7992649228599
20.53,82.7992649228599
20.54,82.7992649228599
20.55,82.7992649228599
20.56,82.7992649228599
20.57,82.7992649228599
20.58,82.7992649228599
20.59,82.7992649228599
20.6,82.7992649228599
20.61,82.7992649228599
20.62,82.7992649228599
20.63,82.7992649228599
20.64,82.7992649228599
20.65,82.7992649228599
20.66,82.7992649228599
20.67,82.7992649228599
20.68,82.7992649228599
20.69,82.7992649228599
20.7,82.7992649228599
20.71,82.7992649228599
20.72,82.7992649228599
20.73,82.7992649228599
20.74,82.7992649228599
20.75,82.7992649228599
20.76,82.7992649228599
20.77,82.7992649228599
20.78,82.7992649228599
20.79,82.7992649228599
20.8,82.7992649228599
20.81,82.7992649228599
20.82,82.7992649228599
20.83,82.7992649228599
20.84,82.7992649228599
20.85,82.7992649228599
20.86,82.7992649228599
20.87,82.7992649228599
20.88,82.7992649228599
20.89,82.7992649228599
20.9,82.7992649228599
20.91,82.7992649228599
20.92,82.7992649228599
20.93,82.7992649228599
20.94,82.7992649228599
20.95,82.7992649228599
20.96,82.7992649228599
20.97,82.7992649228599
20.98,82.7992649228599
20.99,82.7992649228599
21,82.7992649228599
21.01,82.7992649228599
21.02,82.7992649228599
21.03,82.7992649228599
21.04,82.7992649228599
21.05,82.7992649228599
21.06,82.7992649228599
21.07,82.7992649228599
21.08,82.7992649228599
21.09,82.7992649228599
21.1,82.7992649228599
21.11,82.7992649228599
21.12,82.7992649228599
21.13,82.7992649228599
21.14,82.7992649228599
21.15,82.7992649228599
21.16,82.7992649228599
21.17,82.7992649228599
21.18,82.7992649228599
21.19,82.7992649228599
21.2,82.7992649228599
21.21,82.7992649228599
21.22,82.7992649228599
21.23,82.7992649228599
21.24,82.7992649228599
21.25,82.7992649228599
21.26,82.7992649228599
21.27,82.7992649228599
21.28,82.7992649228599
21.29,82.7992649228599
21.3,82.7992649228599
21.31,82.7992649228599
21.32,82.7992649228599
21.33,82.7992649228599
21.34,82.7992649228599
21.35,82.7992649228599
21.36,82.7992649228599
21.37,82.7992649228599
21.38,82.7992649228599
21.39,82.7992649228599
21.4,82.7992649228599
21.41,82.7992649228599
21.42,82.7992649228599
21.43,82.7992649228599
21.44,82.7992649228599
21.45,82.7992649228599
21.46,82.7992649228599
21.47,82.7992649228599
21.48,82.7992649228599
21.49,82.7992649228599
21.5,82.7992649228599
21.51,82.7992649228599
21.52,82.7992649228599
21.53,82.7992649228599
21.54,82.7992649228599
21.55,82.7992649228599
21.56,82.7992649228599
21.57,82.7992649228599
21.58,82.7992649228599
21.59,82.7992649228599
21.6,82.7992649228599
21.61,82.7992649228599
21.62,82.7992649228599
21.63,82.7992649228599
21.64,82.7992649228599
21.65,82.7992649228599
21.66,82.7992649228599
21.67,82.7992649228599
21.68,82.7992649228599
21.69,82.7992649228599
21.7,82.7992649228599
21.71,82.7992649228599
21.72,82.7992649228599
21.73,82.7992649228599
21.74,82.7992649228599
21.75,82.7992649228599
21.76,82.7992649228599
21.77,82.7992649228599
21.78,82.7992649228599
21.79,82.7992649228599
21.8,82.7992649228599
21.81,82.7992649228599
21.82,82.7992649228599
21.83,82.7992649228599
21.84,82.7992649228599
21.85,82.7992649228599
21.86,82.7992649228599
21.87,82.7992649228599
21.88,82.7992649228599
21.89,82.7992649228599
21.9,82.7992649228599
21.91,82.7992649228599
21.92,82.7992649228599
21.93,82.7992649228599
21.94,82.7992649228599
21.95,82.7992649228599
21.96,82.7992649228599
21.97,82.7992649228599
21.98,82.7992649228599
21.99,82.7992649228599
22,82.7992649228599
22.01,82.7992649228599
22.02,82.7992649228599
22.03,82.7992649228599
22.04,82.7992649228599
22.05,82.7992649228599
22.06,82.7992649228599
22.07,82.7992649228599
22.08,82.7992649228599
22.09,82.7992649228599
22.1,82.7992649228599
22.11,82.7992649228599
22.12,82.7992649228599
22.13,82.7992649228599
22.14,82.7992649228599
22.15,82.7992649228599
22.16,82.7992649228599
22.17,82.7992649228599
22.18,82.7992649228599
22.19,82.7992649228599
22.2,82.7992649228599
22.21,82.7992649228599
22.22,82.7992649228599
22.23,82.7992649228599
22.24,82.7992649228599
22.25,82.7992649228599
22.26,82.7992649228599
22.27,82.7992649228599
22.28,82.7992649228599
22.29,82.7992649228599
22.3,82.7992649228599
22.31,82.7992649228599
22.32,82.7992649228599
22.33,82.7992649228599
22.34,82.7992649228599
22.35,82.7992649228599
22.36,82.7992649228599
22.37,82.7992649228599
22.38,82.7992649228599
22.39,82.7992649228599
22.4,82.7992649228599
22.41,82.7992649228599
22.42,82.7992649228599
22.43,82.7992649228599
22.44,82.7992649228599
22.45,82.7992649228599
22.46,82.7992649228599
22.47,82.7992649228599
22.48,82.7992649228599
22.49,82.7992649228599
22.5,82.7992649228599
22.51,82.7992649228599
22.52,82.7992649228599
22.53,82.7992649228599
22.54,82.7992649228599
22.55,82.7992649228599
22.56,82.7992649228599
22.57,82.7992649228599
22.58,82.7992649228599
22.59,82.7992649228599
22.6,82.7992649228599
22.61,82.7992649228599
22.62,82.7992649228599
22.63,82.7992649228599
22.64,82.7992649228599
22.65,82.7992649228599
22.66,82.7992649228599
22.67,82.7992649228599
22.68,82.7992649228599
22.69,82.7992649228599
22.7,82.7992649228599
22.71,82.7992649228599
22.72,82.7992649228599
22.73,82.7992649228599
22.74,82.7992649228599
22.75,82.7992649228599
22.76,82.7992649228599
22.77,82.7992649228599
22.78,82.7992649228599
22.79,82.7992649228599
22.8,82.7992649228599
22.81,82.7992649228599
22.82,82.7992649228599
22.83,82.7992649228599
22.84,82.7992649228599
22.85,82.7992649228599
22.86,82.7992649228599
22.87,82.7992649228599
22.88,82.7992649228599
22.89,82.7992649228599
22.9,82.7992649228599
22.91,82.7992649228599
22.92,82.7992649228599
22.93,82.7992649228599
22.94,82.7992649228599
22.95,82.7992649228599
22.96,82.7992649228599
22.97,82.7992649228599
22.98,82.7992649228599
22.99,82.7992649228599
23,82.7992649228599
23.01,82.7992649228599
23.02,82.7992649228599
23.03,82.7992649228599
23.04,82.7992649228599
23.05,82.7992649228599
23.06,82.7992649228599
23.07,82.7992649228599
23.08,82.7992649228599
23.09,82.7992649228599
23.1,82.7992649228599
23.11,82.7992649228599
23.12,82.7992649228599
23.13,82.7992649228599
23.14,82.7992649228599
23.15,82.7992649228599
23.16,82.7992649228599
23.17,82.7992649228599
23.18,82.7992649228599
23.19,82.7992649228599
23.2,82.7992649228599
23.21,82.7992649228599
23.22,82.7992649228599
23.23,82.7992649228599
23.24,82.7992649228599
23.25,82.7992649228599
23.26,82.7992649228599
23.27,82.7992649228599
23.28,82.7992649228599
23.29,82.7992649228599
23.3,82.7992649228599
23.31,82.7992649228599
23.32,82.7992649228599
23.33,82.7992649228599
23.34,82.7992649228599
23.35,82.7992649228599
23.36,82.7992649228599
23.37,82.7992649228599
23.38,82.7992649228599
23.39,82.7992649228599
23.4,82.7992649228599
23.41,82.7992649228599
23.42,82.7992649228599
23.43,82.7992649228599
23.44,82.7992649228599
23.45,82.7992649228599
23.46,82.7992649228599
23.47,82.7992649228599
23.48,82.7992649228599
23.49,82.7992649228599
23.5,82.7992649228599
23.51,82.7992649228599
23.52,82.7992649228599
23.53,82.7992649228599
23.54,82.7992649228599
23.55,82.7992649228599
23.56,82.7992649228599
23.57,82.7992649228599
23.58,82.7992649228599
23.59,82.7992649228599
23.6,82.7992649228599
23.61,82.7992649228599
23.62,82.7992649228599
23.63,82.7992649228599
23.64,82.7992649228599
23.65,82.7992649228599
23.66,82.7992649228599
23.67,82.7992649228599
23.68,82.7992649228599
23.69,82.7992649228599
23.7,82.7992649228599
23.71,82.7992649228599
23.72,82.7992649228599
23.73,82.7992649228599
23.74,82.7992649228599
23.75,82.7992649228599
23.76,82.7992649228599
23.77,82.7992649228599
23.78,82.7992649228599
23.79,82.7992649228599
23.8,82.7992649228599
23.81,82.7992649228599
23.82,82.7992649228599
23.83,82.7992649228599
23.84,82.7992649228599
23.85,82.7992649228599
23.86,82.7992649228599
23.87,82.7992649228599
23.88,82.7992649228599
23.89,82.7992649228599
23.9,82.7992649228599
23.91,82.7992649228599
23.92,82.7992649228599
23.93,82.7992649228599
23.94,82.7992649228599
23.95,82.7992649228599
23.96,82.7992649228599
23.97,82.7992649228599
23.98,82.7992649228599
23.99,82.7992649228599
24,82.7992649228599
24.01,82.7992649228599
24.02,82.7992649228599
24.03,82.7992649228599
24.04,82.7992649228599
24.05,82.7992649228599
24.06,82.7992649228599
24.07,82.7992649228599
24.08,82.7992649228599
24.09,82.7992649228599
24.1,82.7992649228599
24.11,82.7992649228599
24.12,82.7992649228599
24.13,82.7992649228599
24.14,82.7992649228599
24.15,82.7992649228599
24.16,82.7992649228599
24.17,82.7992649228599
24.18,82.7992649228599
24.19,82.7992649228599
24.2,82.7992649228599
24.21,12.2602476530516
24.22,12.2602476530516
24.23,12.2602476530516
24.24,12.2602476530516
24.25,12.2602476530516
24.26,12.2602476530516
24.27,12.2602476530516
24.28,12.2602476530516
24.29,12.2602476530516
24.3,12.2602476530516
24.31,12.2602476530516
24.32,12.2602476530516
24.33,12.2602476530516
24.34,12.2602476530516
24.35,12.2602476530516
24.36,12.2602476530516
24.37,12.2602476530516
24.38,12.2602476530516
24.39,12.2602476530516
24.4,12.2602476530516
24.41,12.2602476530516
24.42,12.2602476530516
24.43,12.2602476530516
24.44,12.2602476530516
24.45,12.2602476530516
24.46,12.2602476530516
24.47,12.2602476530516
24.48,12.2602476530516
24.49,12.2602476530516
24.5,12.2602476530516
24.51,12.2602476530516
24.52,12.2602476530516
24.53,12.2602476530516
24.54,12.2602476530516
24.55,12.2602476530516
24.56,12.2602476530516
24.57,12.2602476530516
24.58,12.2602476530516
24.59,12.2602476530516
24.6,12.2602476530516
24.61,12.2602476530516
24.62,12.2602476530516
24.63,12.2602476530516
24.64,12.2602476530516
24.65,12.2602476530516
24.66,12.2602476530516
24.67,12.2602476530516
24.68,12.2602476530516
24.69,12.2602476530516
24.7,12.2602476530516
24.71,12.2602476530516
24.72,12.2602476530516
24.73,12.2602476530516
24.74,12.2602476530516
24.75,12.2602476530516
24.76,12.2602476530516
24.77,12.2602476530516
24.78,12.2602476530516
24.79,12.2602476530516
24.8,12.2602476530516
24.81,12.2602476530516
24.82,12.2602476530516
24.83,12.2602476530516
24.84,12.2602476530516
24.85,12.2602476530516
24.86,12.2602476530516
24.87,12.2602476530516
24.88,12.2602476530516
24.89,12.2602476530516
24.9,12.2602476530516
24.91,12.2602476530516
24.92,12.2602476530516
24.93,12.2602476530516
24.94,12.2602476530516
24.95,12.2602476530516
24.96,12.2602476530516
24.97,12.2602476530516
24.98,12.2602476530516
24.99,12.2602476530516
25,12.2602476530516
25.01,12.2602476530516
25.02,12.2602476530516
25.03,12.2602476530516
25.04,12.2602476530516
25.05,12.2602476530516
25.06,12.2602476530516
25.07,12.2602476530516
25.08,12.2602476530516
25.09,12.2602476530516
25.1,12.2602476530516
25.11,12.2602476530516
25.12,12.2602476530516
25.13,12.2602476530516
25.14,12.2602476530516
25.15,12.2602476530516
25.16,12.2602476530516
25.17,12.2602476530516
25.18,12.2602476530516
25.19,12.2602476530516
25.2,12.2602476530516
25.21,12.2602476530516
25.22,12.2602476530516
25.23,12.2602476530516
25.24,12.2602476530516
25.25,12.2602476530516
25.26,12.2602476530516
25.27,12.2602476530516
25.28,12.2602476530516
25.29,12.2602476530516
25.3,12.2602476530516
25.31,12.2602476530516
25.32,12.2602476530516
25.33,12.2602476530516
25.34,12.2602476530516
25.35,12.2602476530516
25.36,12.2602476530516
25.37,12.2602476530516
25.38,12.2602476530516
25.39,12.2602476530516
25.4,12.2602476530516
25.41,12.2602476530516
25.42,12.2602476530516
25.43,12.2602476530516
25.44,12.2602476530516
25.45,12.2602476530516
25.46,12.2602476530516
25.47,12.2602476530516
25.48,12.2602476530516
25.49,12.2602476530516
25.5,12.2602476530516
25.51,12.2602476530516
25.52,12.2602476530516
25.53,12.2602476530516
25.54,12.2602476530516
25.55,12.2602476530516
25.56,12.2602476530516
25.57,12.2602476530516
25.58,12.2602476530516
25.59,12.2602476530516
25.6,12.2602476530516
25.61,12.2602476530516
25.62,12.2602476530516
25.63,12.2602476530516
25.64,12.2602476530516
25.65,12.2602476530516
25.66,12.2602476530516
25.67,12.2602476530516
25.68,12.2602476530516
25.69,12.2602476530516
25.7,12.2602476530516
25.71,12.2602476530516
25.72,12.2602476530516
25.73,12.2602476530516
25.74,12.2602476530516
25.75,12.2602476530516
25.76,12.2602476530516
25.77,12.2602476530516
25.78,12.2602476530516
25.79,12.2602476530516
25.8,12.2602476530516
25.81,12.2602476530516
25.82,12.2602476530516
25.83,12.2602476530516
25.84,12.2602476530516
25.85,12.2602476530516
25.86,12.2602476530516
25.87,12.2602476530516
25.88,12.2602476530516
25.89,12.2602476530516
25.9,12.2602476530516
25.91,12.2602476530516
25.92,12.2602476530516
25.93,12.2602476530516
25.94,12.2602476530516
25.95,12.2602476530516
25.96,12.2602476530516
25.97,12.2602476530516
25.98,12.2602476530516
25.99,12.2602476530516
26,12.2602476530516
26.01,12.2602476530516
26.02,12.2602476530516
26.03,12.2602476530516
26.04,12.2602476530516
26.05,12.2602476530516
26.06,12.2602476530516
26.07,12.2602476530516
26.08,12.2602476530516
26.09,12.2602476530516
26.1,12.2602476530516
26.11,12.2602476530516
26.12,12.2602476530516
26.13,12.2602476530516
26.14,12.2602476530516
26.15,12.2602476530516
26.16,12.2602476530516
26.17,12.2602476530516
26.18,12.2602476530516
26.19,12.2602476530516
26.2,12.2602476530516
26.21,12.2602476530516
26.22,12.2602476530516
26.23,12.2602476530516
26.24,12.2602476530516
26.25,12.2602476530516
26.26,12.2602476530516
26.27,12.2602476530516
26.28,12.2602476530516
26.29,12.2602476530516
26.3,12.2602476530516
26.31,12.2602476530516
26.32,12.2602476530516
26.33,12.2602476530516
26.34,12.2602476530516
26.35,12.2602476530516
26.36,12.2602476530516
26.37,12.2602476530516
26.38,12.2602476530516
26.39,12.2602476530516
26.4,12.2602476530516
26.41,12.2602476530516
26.42,12.2602476530516
26.43,12.2602476530516
26.44,12.2602476530516
26.45,12.2602476530516
26.46,12.2602476530516
26.47,12.2602476530516
26.48,24.5295857842287
26.49,24.5295857842287
26.5,24.5295857842287
26.51,24.5295857842287
26.52,24.5295857842287
26.53,24.5295857842287
26.54,24.5295857842287
26.55,24.5295857842287
26.56,24.5295857842287
26.57,24.5295857842287
26.58,24.5295857842287
26.59,24.5295857842287
26.6,24.5295857842287
26.61,24.5295857842287
26.62,24.5295857842287
26.63,24.5295857842287
26.64,24.5295857842287
26.65,24.5295857842287
26.66,24.5295857842287
26.67,24.5295857842287
26.68,24.5295857842287
26.69,24.5295857842287
26.7,24.5295857842287
26.71,24.5295857842287
26.72,24.5295857842287
26.73,24.5295857842287
26.74,24.5295857842287
26.75,24.5295857842287
26.76,24.5295857842287
26.77,24.5295857842287
26.78,24.5295857842287
26.79,24.5295857842287
26.8,24.5295857842287
26.81,24.5295857842287
26.82,24.5295857842287
26.83,24.5295857842287
26.84,24.5295857842287
26.85,24.5295857842287
26.86,24.5295857842287
26.87,24.5295857842287
26.88,24.5295857842287
26.89,24.5295857842287
26.9,24.5295857842287
26.91,24.5295857842287
26.92,24.5295857842287
26.93,24.5295857842287
26.94,24.5295857842287
26.95,24.5295857842287
26.96,24.5295857842287
26.97,24.5295857842287
26.98,24.5295857842287
26.99,24.5295857842287
27,24.5295857842287
27.01,24.5295857842287
27.02,24.5295857842287
27.03,24.5295857842287
27.04,24.5295857842287
27.05,24.5295857842287
27.06,24.5295857842287
27.07,24.5295857842287
27.08,24.5295857842287
27.09,24.5295857842287
27.1,24.5295857842287
27.11,24.5295857842287
27.12,24.5295857842287
27.13,24.5295857842287
27.14,24.5295857842287
27.15,24.5295857842287
27.16,24.5295857842287
27.17,24.5295857842287
27.18,24.5295857842287
27.19,24.5295857842287
27.2,24.5295857842287
27.21,24.5295857842287
27.22,24.5295857842287
27.23,24.5295857842287
27.24,24.5295857842287
27.25,24.5295857842287
27.26,24.5295857842287
27.27,24.5295857842287
27.28,24.5295857842287
27.29,24.5295857842287
27.3,24.5295857842287
27.31,24.5295857842287
27.32,24.5295857842287
27.33,24.5295857842287
27.34,24.5295857842287
27.35,24.5295857842287
27.36,24.5295857842287
27.37,24.5295857842287
27.38,24.5295857842287
27.39,24.5295857842287
27.4,24.5295857842287
27.41,24.5295857842287
27.42,24.5295857842287
27.43,24.5295857842287
27.44,24.5295857842287
27.45,24.5295857842287
27.46,24.5295857842287
27.47,24.5295857842287
27.48,24.5295857842287
27.49,24.5295857842287
27.5,24.5295857842287
27.51,24.5295857842287
27.52,24.5295857842287
27.53,24.5295857842287
27.54,24.5295857842287
27.55,24.5295857842287
27.56,24.5295857842287
27.57,24.5295857842287
27.58,24.5295857842287
27.59,24.5295857842287
27.6,24.5295857842287
27.61,24.5295857842287
27.62,24.5295857842287
27.63,24.5295857842287
27.64,24.5295857842287
27.65,24.5295857842287
27.66,24.5295857842287
27.67,24.5295857842287
27.68,24.5295857842287
27.69,24.5295857842287
27.7,24.5295857842287
27.71,24.5295857842287
27.72,24.5295857842287
27.73,24.5295857842287
27.74,24.5295857842287
27.75,24.5295857842287
27.76,24.5295857842287
27.77,24.5295857842287
27.78,24.5295857842287
27.79,24.5295857842287
27.8,24.5295857842287
27.81,24.5295857842287
27.82,24.5295857842287
27.83,24.5295857842287
27.84,24.5295857842287
27.85,24.5295857842287
27.86,24.5295857842287
27.87,24.5295857842287
27.88,24.5295857842287
27.89,24.5295857842287
27.9,24.5295857842287
27.91,24.5295857842287
27.92,24.5295857842287
27.93,24.5295857842287
27.94,24.5295857842287
27.95,24.5295857842287
27.96,24.5295857842287
27.97,24.5295857842287
27.98,24.5295857842287
27.99,24.5295857842287
28,24.5295857842287
28.01,24.5295857842287
28.02,24.5295857842287
28.03,24.5295857842287
28.04,24.5295857842287
28.05,24.5295857842287
28.06,24.5295857842287
28.07,76.706775697134
28.08,76.706775697134
28.09,76.706775697134
28.1,76.706775697134
28.11,76.706775697134
28.12,76.706775697134
28.13,76.706775697134
28.14,76.706775697134
28.15,76.706775697134
28.16,76.706775697134
28.17,76.706775697134
28.18,76.706775697134
28.19,76.706775697134
28.2,76.706775697134
28.21,76.706775697134
28.22,76.706775697134
28.23,76.706775697134
28.24,76.706775697134
28.25,76.706775697134
28.26,76.706775697134
28.27,76.706775697134
28.28,76.706775697134
28.29,76.706775697134
28.3,76.706775697134
28.31,76.706775697134
28.32,76.706775697134
28.33,76.706775697134
28.34,76.706775697134
28.35,76.706775697134
28.36,76.706775697134
28.37,76.706775697134
28.38,76.706775697134
28.39,76.706775697134
28.4,76.706775697134
28.41,76.706775697134
28.42,76.706775697134
28.43,76.706775697134
28.44,76.706775697134
28.45,76.706775697134
28.46,76.706775697134
28.47,76.706775697134
28.48,76.706775697134
28.49,76.706775697134
28.5,76.706775697134
28.51,76.706775697134
28.52,76.706775697134
28.53,76.706775697134
28.54,76.706775697134
28.55,76.706775697134
28.56,76.706775697134
28.57,76.706775697134
28.58,76.706775697134
28.59,76.706775697134
28.6,76.706775697134
28.61,76.706775697134
28.62,76.706775697134
28.63,76.706775697134
28.64,76.706775697134
28.65,76.706775697134
28.66,76.706775697134
28.67,76.706775697134
28.68,76.706775697134
28.69,76.706775697134
28.7,76.706775697134
28.71,76.706775697134
28.72,76.706775697134
28.73,76.706775697134
28.74,76.706775697134
28.75,76.706775697134
28.76,76.706775697134
28.77,76.706775697134
28.78,76.706775697134
28.79,76.706775697134
28.8,76.706775697134
28.81,76.706775697134
28.82,76.706775697134
28.83,76.706775697134
28.84,76.706775697134
28.85,76.706775697134
28.86,76.706775697134
28.87,76.706775697134
28.88,76.706775697134
28.89,76.706775697134
28.9,76.706775697134
28.91,76.706775697134
28.92,76.706775697134
28.93,76.706775697134
28.94,76.706775697134
28.95,76.706775697134
28.96,76.706775697134
28.97,76.706775697134
28.98,76.706775697134
28.99,76.706775697134
29,76.706775697134
29.01,76.706775697134
29.02,76.706775697134
29.03,76.706775697134
29.04,76.706775697134
29.05,76.706775697134
29.06,76.706775697134
29.07,76.706775697134
29.08,76.706775697134
29.09,76.706775697134
29.1,76.706775697134
29.11,76.706775697134
29.12,76.706775697134
29.13,76.706775697134
29.14,76.706775697134
29.15,76.706775697134
29.16,76.706775697134
29.17,76.706775697134
29.18,76.706775697134
29.19,76.706775697134
29.2,76.706775697134
29.21,76.706775697134
29.22,76.706775697134
29.23,76.706775697134
29.24,76.706775697134
29.25,76.706775697134
29.26,76.706775697134
29.27,76.706775697134
29.28,76.706775697134
29.29,76.706775697134
29.3,76.706775697134
29.31,76.706775697134
29.32,76.706775697134
29.33,76.706775697134
29.34,76.706775697134
29.35,76.706775697134
29.36,76.706775697134
29.37,76.706775697134
29.38,76.706775697134
29.39,76.706775697134
29.4,76.706775697134
29.41,76.706775697134
29.42,76.706775697134
29.43,76.706775697134
29.44,76.706775697134
29.45,76.706775697134
29.46,76.706775697134
29.47,76.706775697134
29.48,76.706775697134
29.49,76.706775697134
29.5,76.706775697134
29.51,76.706775697134
29.52,76.706775697134
29.53,76.706775697134
29.54,76.706775697134
29.55,76.706775697134
29.56,76.706775697134
29.57,76.706775697134
29.58,76.706775697134
29.59,76.706775697134
29.6,76.706775697134
29.61,76.706775697134
29.62,76.706775697134
29.63,76.706775697134
29.64,76.706775697134
29.65,76.706775697134
29.66,76.706775697134
29.67,76.706775697134
29.68,76.706775697134
29.69,76.706775697134
29.7,76.706775697134
29.71,76.706775697134
29.72,76.706775697134
29.73,76.706775697134
29.74,76.706775697134
29.75,76.706775697134
29.76,76.706775697134
29.77,76.706775697134
29.78,76.706775697134
29.79,76.706775697134
29.8,76.706775697134
29.81,76.706775697134
29.82,76.706775697134
29.83,76.706775697134
29.84,76.706775697134
29.85,76.706775697134
29.86,76.706775697134
29.87,76.706775697134
29.88,76.706775697134
29.89,76.706775697134
29.9,76.706775697134
29.91,76.706775697134
29.92,76.706775697134
29.93,76.706775697134
29.94,76.706775697134
29.95,76.706775697134
29.96,76.706775697134
29.97,76.706775697134
29.98,76.706775697134
29.99,76.706775697134
30,76.706775697134
30.01,76.706775697134
30.02,76.706775697134
30.03,76.706775697134
30.04,76.706775697134
30.05,76.706775697134
30.06,76.706775697134
30.07,76.706775697134
30.08,76.706775697134
30.09,76.706775697134
30.1,76.706775697134
30.11,76.706775697134
30.12,76.706775697134
30.13,76.706775697134
30.14,76.706775697134
30.15,76.706775697134
30.16,76.706775697134
30.17,76.706775697134
30.18,76.706775697134
30.19,76.706775697134
30.2,76.706775697134
30.21,76.706775697134
30.22,76.706775697134
30.23,76.706775697134
30.24,76.706775697134
30.25,76.706775697134
30.26,76.706775697134
30.27,76.706775697134
30.28,76.706775697134
30.29,76.706775697134
30.3,76.706775697134
30.31,76.706775697134
30.32,76.706775697134
30.33,76.706775697134
30.34,76.706775697134
30.35,76.706775697134
30.36,76.706775697134
30.37,76.706775697134
30.38,76.706775697134
30.39,76.706775697134
30.4,76.706775697134
30.41,76.706775697134
30.42,76.706775697134
30.43,76.706775697134
30.44,76.706775697134
30.45,76.706775697134
30.46,76.706775697134
30.47,76.706775697134
30.48,76.706775697134
30.49,76.706775697134
30.5,76.706775697134
30.51,76.706775697134
30.52,76.706775697134
30.53,76.706775697134
30.54,76.706775697134
30.55,76.706775697134
30.56,76.706775697134
30.57,76.706775697134
30.58,76.706775697134
30.59,76.706775697134
30.6,76.706775697134
30.61,76.706775697134
30.62,76.706775697134
30.63,76.706775697134
30.64,76.706775697134
30.65,76.706775697134
30.66,76.706775697134
30.67,76.706775697134
30.68,76.706775697134
30.69,76.706775697134
30.7,76.706775697134
30.71,76.706775697134
30.72,76.706775697134
30.73,76.706775697134
30.74,76.706775697134
30.75,76.706775697134
30.76,76.706775697134
30.77,76.706775697134
30.78,76.706775697134
30.79,76.706775697134
30.8,76.706775697134
30.81,76.706775697134
30.82,76.706775697134
30.83,76.706775697134
30.84,76.706775697134
30.85,76.706775697134
30.86,76.706775697134
30.87,76.706775697134
30.88,76.706775697134
30.89,76.706775697134
30.9,76.706775697134
30.91,76.706775697134
30.92,76.706775697134
30.93,76.706775697134
30.94,76.706775697134
30.95,76.706775697134
30.96,76.706775697134
30.97,76.706775697134
30.98,76.706775697134
30.99,76.706775697134
31,76.706775697134
31.01,76.706775697134
31.02,76.706775697134
31.03,76.706775697134
31.04,76.706775697134
31.05,76.706775697134
31.06,76.706775697134
31.07,76.706775697134
31.08,76.706775697134
31.09,76.706775697134
31.1,76.706775697134
31.11,76.706775697134
31.12,76.706775697134
31.13,76.706775697134
31.14,76.706775697134
31.15,76.706775697134
31.16,76.706775697134
31.17,76.706775697134
31.18,76.706775697134
31.19,76.706775697134
31.2,76.706775697134
31.21,76.706775697134
31.22,76.706775697134
31.23,76.706775697134
31.24,76.706775697134
31.25,76.706775697134
31.26,76.706775697134
31.27,76.706775697134
31.28,76.706775697134
31.29,76.706775697134
31.3,76.706775697134
31.31,76.706775697134
31.32,76.706775697134
31.33,76.706775697134
31.34,76.706775697134
31.35,76.706775697134
31.36,76.706775697134
31.37,76.706775697134
31.38,76.706775697134
31.39,76.706775697134
31.4,76.706775697134
31.41,76.706775697134
31.42,76.706775697134
31.43,76.706775697134
31.44,76.706775697134
31.45,76.706775697134
31.46,76.706775697134
31.47,76.706775697134
31.48,76.706775697134
31.49,76.706775697134
31.5,76.706775697134
31.51,76.706775697134
31.52,76.706775697134
31.53,76.706775697134
31.54,76.706775697134
31.55,76.706775697134
31.56,76.706775697134
31.57,76.706775697134
31.58,76.706775697134
31.59,76.706775697134
31.6,76.706775697134
31.61,76.706775697134
31.62,76.706775697134
31.63,76.706775697134
31.64,76.706775697134
31.65,76.706775697134
31.66,76.706775697134
31.67,76.706775697134
31.68,76.706775697134
31.69,76.706775697134
31.7,76.706775697134
31.71,76.706775697134
31.72,76.706775697134
31.73,76.706775697134
31.74,76.706775697134
31.75,76.706775697134
31.76,76.706775697134
31.77,76.706775697134
31.78,76.706775697134
31.79,76.706775697134
31.8,76.706775697134
31.81,76.706775697134
31.82,76.706775697134
31.83,76.706775697134
31.84,76.706775697134
31.85,76.706775697134
31.86,76.706775697134
31.87,76.706775697134
31.88,76.706775697134
31.89,76.706775697134
31.9,76.706775697134
31.91,76.706775697134
31.92,76.706775697134
31.93,76.706775697134
31.94,76.706775697134
31.95,76.706775697134
31.96,76.706775697134
31.97,76.706775697134
31.98,76.706775697134
31.99,76.706775697134
32,76.706775697134
32.01,76.706775697134
32.02,76.706775697134
32.03,76.706775697134
32.04,76.706775697134
32.05,76.706775697134
32.06,76.706775697134
32.07,76.706775697134
32.08,76.706775697134
32.09,76.706775697134
32.1,76.706775697134
32.11,76.706775697134
32.12,76.706775697134
32.13,76.706775697134
32.14,76.706775697134
32.15,76.706775697134
32.16,76.706775697134
32.17,76.706775697134
32.18,76.706775697134
32.19,76.706775697134
32.2,76.706775697134
32.21,76.706775697134
32.22,76.706775697134
32.23,76.706775697134
32.24,76.706775697134
32.25,76.706775697134
32.26,76.706775697134
32.27,76.706775697134
32.28,76.706775697134
32.29,76.706775697134
32.3,76.706775697134
32.31,76.706775697134
32.32,76.706775697134
32.33,76.706775697134
32.34,76.706775697134
32.35,76.706775697134
32.36,76.706775697134
32.37,76.706775697134
32.38,76.706775697134
32.39,33.2635395304407
32.4,33.2635395304407
32.41,33.2635395304407
32.42,33.2635395304407
32.43,33.2635395304407
32.44,33.2635395304407
32.45,33.2635395304407
32.46,33.2635395304407
32.47,33.2635395304407
32.48,33.2635395304407
32.49,33.2635395304407
32.5,33.2635395304407
32.51,33.2635395304407
32.52,33.2635395304407
32.53,33.2635395304407
32.54,33.2635395304407
32.55,33.2635395304407
32.56,33.2635395304407
32.57,33.2635395304407
32.58,33.2635395304407
32.59,33.2635395304407
32.6,33.2635395304407
32.61,33.2635395304407
32.62,33.2635395304407
32.63,33.2635395304407
32.64,33.2635395304407
32.65,33.2635395304407
32.66,33.2635395304407
32.67,33.2635395304407
32.68,33.2635395304407
32.69,33.2635395304407
32.7,33.2635395304407
32.71,33.2635395304407
32.72,33.2635395304407
32.73,33.2635395304407
32.74,33.2635395304407
32.75,33.2635395304407
32.76,33.2635395304407
32.77,33.2635395304407
32.78,33.2635395304407
32.79,33.2635395304407
32.8,33.2635395304407
32.81,33.2635395304407
32.82,33.2635395304407
32.83,33.2635395304407
32.84,33.2635395304407
32.85,33.2635395304407
32.86,33.2635395304407
32.87,33.2635395304407
32.88,33.2635395304407
32.89,33.2635395304407
32.9,33.2635395304407
32.91,33.2635395304407
32.92,33.2635395304407
32.93,33.2635395304407
32.94,33.2635395304407
32.95,33.2635395304407
32.96,33.2635395304407
32.97,33.2635395304407
32.98,33.2635395304407
32.99,33.2635395304407
33,33.2635395304407
33.01,33.2635395304407
33.02,33.2635395304407
33.03,33.2635395304407
33.04,33.2635395304407
33.05,33.2635395304407
33.06,33.2635395304407
33.07,33.2635395304407
33.08,33.2635395304407
33.09,33.2635395304407
33.1,33.2635395304407
33.11,33.2635395304407
33.12,33.2635395304407
33.13,33.2635395304407
33.14,33.2635395304407
33.15,33.2635395304407
33.16,33.2635395304407
33.17,33.2635395304407
33.18,33.2635395304407
33.19,33.2635395304407
33.2,33.2635395304407
33.21,33.2635395304407
33.22,33.2635395304407
33.23,33.2635395304407
33.24,33.2635395304407
33.25,33.2635395304407
33.26,33.2635395304407
33.27,33.2635395304407
33.28,33.2635395304407
33.29,33.2635395304407
33.3,33.2635395304407
33.31,33.2635395304407
33.32,33.2635395304407
33.33,33.2635395304407
33.34,33.2635395304407
33.35,33.2635395304407
33.36,33.2635395304407
33.37,33.2635395304407
33.38,33.2635395304407
33.39,33.2635395304407
33.4,33.2635395304407
33.41,33.2635395304407
33.42,33.2635395304407
33.43,33.2635395304407
33.44,33.2635395304407
33.45,33.2635395304407
33.46,33.2635395304407
33.47,33.2635395304407
33.48,33.2635395304407
33.49,33.2635395304407
33.5,33.2635395304407
33.51,33.2635395304407
33.52,33.2635395304407
33.53,33.2635395304407
33.54,33.2635395304407
33.55,33.2635395304407
33.56,33.2635395304407
33.57,33.2635395304407
33.58,33.2635395304407
33.59,33.2635395304407
33.6,33.2635395304407
33.61,33.2635395304407
33.62,33.2635395304407
33.63,33.2635395304407
33.64,33.2635395304407
33.65,33.2635395304407
33.66,33.2635395304407
33.67,33.2635395304407
33.68,33.2635395304407
33.69,33.2635395304407
33.7,33.2635395304407
33.71,33.2635395304407
33.72,33.2635395304407
33.73,33.2635395304407
33.74,33.2635395304407
33.75,33.2635395304407
33.76,33.2635395304407
33.77,33.2635395304407
33.78,33.2635395304407
33.79,33.2635395304407
33.8,33.2635395304407
33.81,33.2635395304407
33.82,33.2635395304407
33.83,33.2635395304407
33.84,33.2635395304407
33.85,33.2635395304407
33.86,33.2635395304407
33.87,33.2635395304407
33.88,33.2635395304407
33.89,33.2635395304407
33.9,33.2635395304407
33.91,33.2635395304407
33.92,33.2635395304407
33.93,33.2635395304407
33.94,33.2635395304407
33.95,33.2635395304407
33.96,33.2635395304407
33.97,33.2635395304407
33.98,33.2635395304407
33.99,33.2635395304407
34,33.2635395304407
34.01,33.2635395304407
34.02,33.2635395304407
34.03,33.2635395304407
34.04,33.2635395304407
34.05,33.2635395304407
34.06,33.2635395304407
34.07,33.2635395304407
34.08,33.2635395304407
34.09,33.2635395304407
34.1,33.2635395304407
34.11,33.2635395304407
34.12,33.2635395304407
34.13,33.2635395304407
34.14,33.2635395304407
34.15,33.2635395304407
34.16,33.2635395304407
34.17,33.2635395304407
34.18,33.2635395304407
34.19,33.2635395304407
34.2,33.2635395304407
34.21,33.2635395304407
34.22,33.2635395304407
34.23,33.2635395304407
34.24,33.2635395304407
34.25,33.2635395304407
34.26,33.2635395304407
34.27,33.2635395304407
34.28,33.2635395304407
34.29,33.2635395304407
34.3,33.2635395304407
34.31,33.2635395304407
34.32,33.2635395304407
34.33,33.2635395304407
34.34,33.2635395304407
34.35,33.2635395304407
34.36,33.2635395304407
34.37,33.2635395304407
34.38,33.2635395304407
34.39,33.2635395304407
34.4,33.2635395304407
34.41,33.2635395304407
34.42,33.2635395304407
34.43,33.2635395304407
34.44,33.2635395304407
34.45,33.2635395304407
34.46,33.2635395304407
34.47,33.2635395304407
34.48,33.2635395304407
34.49,33.2635395304407
34.5,33.2635395304407
34.51,33.2635395304407
34.52,33.2635395304407
34.53,33.2635395304407
34.54,33.2635395304407
34.55,33.2635395304407
34.56,33.2635395304407
34.57,33.2635395304407
34.58,33.2635395304407
34.59,33.2635395304407
34.6,33.2635395304407
34.61,33.2635395304407
34.62,33.2635395304407
34.63,33.2635395304407
34.64,33.2635395304407
34.65,33.2635395304407
34.66,33.2635395304407
34.67,33.2635395304407
34.68,33.2635395304407
34.69,33.2635395304407
34.7,33.2635395304407
34.71,33.2635395304407
34.72,33.2635395304407
34.73,33.2635395304407
34.74,33.2635395304407
34.75,33.2635395304407
34.76,33.2635395304407
34.77,33.2635395304407
34.78,33.2635395304407
34.79,33.2635395304407
34.8,33.2635395304407
34.81,33.2635395304407
34.82,33.2635395304407
34.83,33.2635395304407
34.84,33.2635395304407
34.85,33.2635395304407
34.86,33.2635395304407
34.87,33.2635395304407
34.88,33.2635395304407
34.89,33.2635395304407
34.9,33.2635395304407
34.91,33.2635395304407
34.92,33.2635395304407
34.93,33.2635395304407
34.94,33.2635395304407
34.95,33.2635395304407
34.96,33.2635395304407
34.97,33.2635395304407
34.98,33.2635395304407
34.99,33.2635395304407
35,33.2635395304407
35.01,33.2635395304407
35.02,33.2635395304407
35.03,33.2635395304407
35.04,33.2635395304407
35.05,33.2635395304407
35.06,33.2635395304407
35.07,33.2635395304407
35.08,33.2635395304407
35.09,33.2635395304407
35.1,33.2635395304407
35.11,33.2635395304407
35.12,33.2635395304407
35.13,33.2635395304407
35.14,33.2635395304407
35.15,33.2635395304407
35.16,33.2635395304407
35.17,33.2635395304407
35.18,33.2635395304407
35.19,33.2635395304407
35.2,33.2635395304407
35.21,33.2635395304407
35.22,33.2635395304407
35.23,33.2635395304407
35.24,33.2635395304407
35.25,33.2635395304407
35.26,33.2635395304407
35.27,33.2635395304407
35.28,33.2635395304407
35.29,33.2635395304407
35.3,33.2635395304407
35.31,33.2635395304407
35.32,33.2635395304407
35.33,33.2635395304407
35.34,33.2635395304407
35.35,33.2635395304407
35.36,33.2635395304407
35.37,33.2635395304407
35.38,33.2635395304407
35.39,33.2635395304407
35.4,33.2635395304407
35.41,33.2635395304407
35.42,33.2635395304407
35.43,33.2635395304407
35.44,33.2635395304407
35.45,33.2635395304407
35.46,33.2635395304407
35.47,33.2635395304407
35.48,33.2635395304407
35.49,33.2635395304407
35.5,33.2635395304407
35.51,33.2635395304407
35.52,33.2635395304407
35.53,33.2635395304407
35.54,33.2635395304407
35.55,33.2635395304407
35.56,33.2635395304407
35.57,33.2635395304407
35.58,33.2635395304407
35.59,33.2635395304407
35.6,33.2635395304407
35.61,33.2635395304407
35.62,33.2635395304407
35.63,33.2635395304407
35.64,33.2635395304407
35.65,33.2635395304407
35.66,33.2635395304407
35.67,33.2635395304407
35.68,33.2635395304407
35.69,33.2635395304407
35.7,33.2635395304407
35.71,33.2635395304407
35.72,33.2635395304407
35.73,33.2635395304407
35.74,33.2635395304407
35.75,33.2635395304407
35.76,33.2635395304407
35.77,33.2635395304407
35.78,33.2635395304407
35.79,33.2635395304407
35.8,33.2635395304407
35.81,33.2635395304407
35.82,33.2635395304407
35.83,33.2635395304407
35.84,33.2635395304407
35.85,33.2635395304407
35.86,33.2635395304407
35.87,33.2635395304407
35.88,33.2635395304407
35.89,33.2635395304407
35.9,33.2635395304407
35.91,33.2635395304407
35.92,33.2635395304407
35.93,33.2635395304407
35.94,33.2635395304407
35.95,33.2635395304407
35.96,33.2635395304407
35.97,33.2635395304407
35.98,33.2635395304407
35.99,33.2635395304407
36,33.2635395304407
36.01,33.2635395304407
36.02,33.2635395304407
36.03,33.2635395304407
36.04,33.2635395304407
36.05,33.2635395304407
36.06,33.2635395304407
36.07,33.2635395304407
36.08,33.2635395304407
36.09,33.2635395304407
36.1,33.2635395304407
36.11,33.2635395304407
36.12,33.5782880092236
36.13,33.5782880092236
36.14,33.5782880092236
36.15,33.5782880092236
36.16,33.5782880092236
36.17,33.5782880092236
36.18,33.5782880092236
36.19,33.5782880092236
36.2,33.5782880092236
36.21,33.5782880092236
36.22,33.5782880092236
36.23,33.5782880092236
36.24,33.5782880092236
36.25,33.5782880092236
36.26,33.5782880092236
36.27,33.5782880092236
36.28,33.5782880092236
36.29,33.5782880092236
36.3,33.5782880092236
36.31,33.5782880092236
36.32,33.5782880092236
36.33,33.5782880092236
36.34,33.5782880092236
36.35,33.5782880092236
36.36,33.5782880092236
36.37,33.5782880092236
36.38,33.5782880092236
36.39,33.5782880092236
36.4,33.5782880092236
36.41,33.5782880092236
36.42,33.5782880092236
36.43,33.5782880092236
36.44,33.5782880092236
36.45,33.5782880092236
36.46,33.5782880092236
36.47,33.5782880092236
36.48,33.5782880092236
36.49,33.5782880092236
36.5,33.5782880092236
36.51,33.5782880092236
36.52,33.5782880092236
36.53,33.5782880092236
36.54,33.5782880092236
36.55,33.5782880092236
36.56,33.5782880092236
36.57,33.5782880092236
36.58,33.5782880092236
36.59,33.5782880092236
36.6,33.5782880092236
36.61,33.5782880092236
36.62,33.5782880092236
36.63,33.5782880092236
36.64,33.5782880092236
36.65,33.5782880092236
36.66,33.5782880092236
36.67,33.5782880092236
36.68,33.5782880092236
36.69,33.5782880092236
36.7,33.5782880092236
36.71,33.5782880092236
36.72,33.5782880092236
36.73,33.5782880092236
36.74,33.5782880092236
36.75,33.5782880092236
36.76,33.5782880092236
36.77,33.5782880092236
36.78,33.5782880092236
36.79,33.5782880092236
36.8,33.5782880092236
36.81,33.5782880092236
36.82,33.5782880092236
36.83,33.5782880092236
36.84,33.5782880092236
36.85,33.5782880092236
36.86,33.5782880092236
36.87,33.5782880092236
36.88,33.5782880092236
36.89,33.5782880092236
36.9,33.5782880092236
36.91,33.5782880092236
36.92,33.5782880092236
36.93,33.5782880092236
36.94,33.5782880092236
36.95,33.5782880092236
36.96,33.5782880092236
36.97,33.5782880092236
36.98,33.5782880092236
36.99,33.5782880092236
37,33.5782880092236
37.01,33.5782880092236
37.02,33.5782880092236
37.03,33.5782880092236
37.04,33.5782880092236
37.05,33.5782880092236
37.06,33.5782880092236
37.07,33.5782880092236
37.08,33.5782880092236
37.09,33.5782880092236
37.1,33.5782880092236
37.11,33.5782880092236
37.12,33.5782880092236
37.13,33.5782880092236
37.14,33.5782880092236
37.15,33.5782880092236
37.16,33.5782880092236
37.17,33.5782880092236
37.18,33.5782880092236
37.19,33.5782880092236
37.2,33.5782880092236
37.21,33.5782880092236
37.22,33.5782880092236
37.23,33.5782880092236
37.24,33.5782880092236
37.25,33.5782880092236
37.26,33.5782880092236
37.27,33.5782880092236
37.28,33.5782880092236
37.29,33.5782880092236
37.3,33.5782880092236
37.31,33.5782880092236
37.32,33.5782880092236
37.33,33.5782880092236
37.34,33.5782880092236
37.35,33.5782880092236
37.36,33.5782880092236
37.37,33.5782880092236
37.38,33.5782880092236
37.39,33.5782880092236
37.4,33.5782880092236
37.41,33.5782880092236
37.42,33.5782880092236
37.43,33.5782880092236
37.44,33.5782880092236
37.45,33.5782880092236
37.46,33.5782880092236
37.47,33.5782880092236
37.48,33.5782880092236
37.49,33.5782880092236
37.5,33.5782880092236
37.51,33.5782880092236
37.52,33.5782880092236
37.53,33.5782880092236
37.54,33.5782880092236
37.55,33.5782880092236
37.56,33.5782880092236
37.57,33.5782880092236
37.58,33.5782880092236
37.59,33.5782880092236
37.6,33.5782880092236
37.61,33.5782880092236
37.62,33.5782880092236
37.63,33.5782880092236
37.64,33.5782880092236
37.65,33.5782880092236
37.66,33.5782880092236
37.67,33.5782880092236
37.68,33.5782880092236
37.69,33.5782880092236
37.7,33.5782880092236
37.71,33.5782880092236
37.72,33.5782880092236
37.73,33.5782880092236
37.74,33.5782880092236
37.75,33.5782880092236
37.76,33.5782880092236
37.77,33.5782880092236
37.78,33.5782880092236
37.79,33.5782880092236
37.8,33.5782880092236
37.81,33.5782880092236
37.82,33.5782880092236
37.83,33.5782880092236
37.84,33.5782880092236
37.85,33.5782880092236
37.86,33.5782880092236
37.87,33.5782880092236
37.88,33.5782880092236
37.89,33.5782880092236
37.9,33.5782880092236
37.91,33.5782880092236
37.92,33.5782880092236
37.93,33.5782880092236
37.94,33.5782880092236
37.95,33.5782880092236
37.96,33.5782880092236
37.97,33.5782880092236
37.98,33.5782880092236
37.99,33.5782880092236
38,33.5782880092236
38.01,33.5782880092236
38.02,33.5782880092236
38.03,33.5782880092236
38.04,33.5782880092236
38.05,33.5782880092236
38.06,33.5782880092236
38.07,33.5782880092236
38.08,33.5782880092236
38.09,33.5782880092236
38.1,33.5782880092236
38.11,33.5782880092236
38.12,33.5782880092236
38.13,33.5782880092236
38.14,33.5782880092236
38.15,33.5782880092236
38.16,33.5782880092236
38.17,33.5782880092236
38.18,33.5782880092236
38.19,33.5782880092236
38.2,33.5782880092236
38.21,33.5782880092236
38.22,33.5782880092236
38.23,33.5782880092236
38.24,33.5782880092236
38.25,33.5782880092236
38.26,33.5782880092236
38.27,33.5782880092236
38.28,33.5782880092236
38.29,33.5782880092236
38.3,33.5782880092236
38.31,33.5782880092236
38.32,33.5782880092236
38.33,33.5782880092236
38.34,33.5782880092236
38.35,33.5782880092236
38.36,33.5782880092236
38.37,33.5782880092236
38.38,33.5782880092236
38.39,33.5782880092236
38.4,33.5782880092236
38.41,33.5782880092236
38.42,33.5782880092236
38.43,33.5782880092236
38.44,33.5782880092236
38.45,33.5782880092236
38.46,33.5782880092236
38.47,33.5782880092236
38.48,33.5782880092236
38.49,33.5782880092236
38.5,33.5782880092236
38.51,33.5782880092236
38.52,33.5782880092236
38.53,33.5782880092236
38.54,33.5782880092236
38.55,33.5782880092236
38.56,33.5782880092236
38.57,33.5782880092236
38.58,33.5782880092236
38.59,33.5782880092236
38.6,33.5782880092236
38.61,33.5782880092236
38.62,33.5782880092236
38.63,33.5782880092236
38.64,33.5782880092236
38.65,33.5782880092236
38.66,33.5782880092236
38.67,33.5782880092236
38.68,33.5782880092236
38.69,33.5782880092236
38.7,33.5782880092236
38.71,33.5782880092236
38.72,33.5782880092236
38.73,33.5782880092236
38.74,33.5782880092236
38.75,33.5782880092236
38.76,33.5782880092236
38.77,33.5782880092236
38.78,33.5782880092236
38.79,33.5782880092236
38.8,33.5782880092236
38.81,33.5782880092236
38.82,33.5782880092236
38.83,33.5782880092236
38.84,33.5782880092236
38.85,33.5782880092236
38.86,33.5782880092236
38.87,33.5782880092236
38.88,33.5782880092236
38.89,33.5782880092236
38.9,33.5782880092236
38.91,33.5782880092236
38.92,33.5782880092236
38.93,33.5782880092236
38.94,33.5782880092236
38.95,33.5782880092236
38.96,33.5782880092236
38.97,33.5782880092236
38.98,33.5782880092236
38.99,33.5782880092236
39,33.5782880092236
39.01,33.5782880092236
39.02,33.5782880092236
39.03,33.5782880092236
39.04,33.5782880092236
39.05,33.5782880092236
39.06,33.5782880092236
39.07,33.5782880092236
39.08,33.5782880092236
39.09,33.5782880092236
39.1,33.5782880092236
39.11,33.5782880092236
39.12,33.5782880092236
39.13,33.5782880092236
39.14,33.5782880092236
39.15,33.5782880092236
39.16,33.5782880092236
39.17,33.5782880092236
39.18,33.5782880092236
39.19,33.5782880092236
39.2,33.5782880092236
39.21,33.5782880092236
39.22,33.5782880092236
39.23,33.5782880092236
39.24,33.5782880092236
39.25,33.5782880092236
39.26,33.5782880092236
39.27,33.5782880092236
39.28,33.5782880092236
39.29,33.5782880092236
39.3,33.5782880092236
39.31,33.5782880092236
39.32,33.5782880092236
39.33,33.5782880092236
39.34,33.5782880092236
39.35,33.5782880092236
39.36,33.5782880092236
39.37,33.5782880092236
39.38,33.5782880092236
39.39,33.5782880092236
39.4,33.5782880092236
39.41,33.5782880092236
39.42,33.5782880092236
39.43,33.5782880092236
39.44,33.5782880092236
39.45,33.5782880092236
39.46,33.5782880092236
39.47,33.5782880092236
39.48,33.5782880092236
39.49,33.5782880092236
39.5,33.5782880092236
39.51,33.5782880092236
39.52,33.5782880092236
39.53,33.5782880092236
39.54,33.5782880092236
39.55,33.5782880092236
39.56,33.5782880092236
39.57,33.5782880092236
39.58,33.5782880092236
39.59,33.5782880092236
39.6,33.5782880092236
39.61,33.5782880092236
39.62,33.5782880092236
39.63,33.5782880092236
39.64,33.5782880092236
39.65,33.5782880092236
39.66,33.5782880092236
39.67,33.5782880092236
39.68,33.5782880092236
39.69,33.5782880092236
39.7,33.5782880092236
39.71,33.5782880092236
39.72,33.5782880092236
39.73,33.5782880092236
39.74,33.5782880092236
39.75,33.5782880092236
39.76,33.5782880092236
39.77,33.5782880092236
39.78,33.5782880092236
39.79,33.5782880092236
39.8,33.5782880092236
39.81,33.5782880092236
39.82,33.5782880092236
39.83,33.5782880092236
39.84,33.5782880092236
39.85,33.5782880092236
39.86,33.5782880092236
39.87,33.5782880092236
39.88,33.5782880092236
39.89,33.5782880092236
39.9,33.5782880092236
39.91,33.5782880092236
39.92,33.5782880092236
39.93,33.5782880092236
39.94,33.5782880092236
39.95,33.5782880092236
39.96,33.5782880092236
39.97,33.5782880092236
39.98,33.5782880092236
39.99,33.5782880092236
40,33.5782880092236
40.01,33.5782880092236
40.02,33.5782880092236
40.03,33.5782880092236
40.04,33.5782880092236
40.05,33.5782880092236
40.06,33.5782880092236
40.07,33.5782880092236
40.08,33.5782880092236
40.09,33.5782880092236
40.1,33.5782880092236
40.11,33.5782880092236
40.12,33.5782880092236
40.13,33.5782880092236
40.14,33.5782880092236
40.15,33.5782880092236
40.16,33.5782880092236
40.17,33.5782880092236
40.18,33.5782880092236
40.19,33.5782880092236
40.2,33.5782880092236
40.21,33.5782880092236
40.22,33.5782880092236
40.23,33.5782880092236
40.24,33.5782880092236
40.25,33.5782880092236
40.26,33.5782880092236
40.27,33.5782880092236
40.28,33.5782880092236
40.29,33.5782880092236
40.3,33.5782880092236
40.31,33.5782880092236
40.32,33.5782880092236
40.33,33.5782880092236
40.34,33.5782880092236
40.35,33.5782880092236
40.36,33.5782880092236
40.37,7.1580390549654
40.38,7.1580390549654
40.39,7.1580390549654
40.4,7.1580390549654
40.41,7.1580390549654
40.42,7.1580390549654
40.43,7.1580390549654
40.44,7.1580390549654
40.45,7.1580390549654
40.46,7.1580390549654
40.47,7.1580390549654
40.48,7.1580390549654
40.49,7.1580390549654
40.5,7.1580390549654
40.51,7.1580390549654
40.52,7.1580390549654
40.53,7.1580390549654
40.54,7.1580390549654
40.55,7.1580390549654
40.56,7.1580390549654
40.57,7.1580390549654
40.58,7.1580390549654
40.59,7.1580390549654
40.6,7.1580390549654
40.61,7.1580390549654
40.62,7.1580390549654
40.63,7.1580390549654
40.64,7.1580390549654
40.65,7.1580390549654
40.66,7.1580390549654
40.67,7.1580390549654
40.68,7.1580390549654
40.69,7.1580390549654
40.7,7.1580390549654
40.71,7.1580390549654
40.72,7.1580390549654
40.73,7.1580390549654
40.74,7.1580390549654
40.75,7.1580390549654
40.76,7.1580390549654
40.77,7.1580390549654
40.78,7.1580390549654
40.79,7.1580390549654
40.8,7.1580390549654
40.81,7.1580390549654
40.82,7.1580390549654
40.83,7.1580390549654
40.84,7.1580390549654
40.85,7.1580390549654
40.86,7.1580390549654
40.87,7.1580390549654
40.88,7.1580390549654
40.89,7.1580390549654
40.9,7.1580390549654
40.91,7.1580390549654
40.92,7.1580390549654
40.93,7.1580390549654
40.94,7.1580390549654
40.95,7.1580390549654
40.96,7.1580390549654
40.97,7.1580390549654
40.98,7.1580390549654
40.99,7.1580390549654
41,7.1580390549654
41.01,7.1580390549654
41.02,7.1580390549654
41.03,7.1580390549654
41.04,7.1580390549654
41.05,7.1580390549654
41.06,7.1580390549654
41.07,7.1580390549654
41.08,7.1580390549654
41.09,7.1580390549654
41.1,7.1580390549654
41.11,7.1580390549654
41.12,7.1580390549654
41.13,7.1580390549654
41.14,7.1580390549654
41.15,7.1580390549654
41.16,7.1580390549654
41.17,7.1580390549654
41.18,7.1580390549654
41.19,7.1580390549654
41.2,7.1580390549654
41.21,7.1580390549654
41.22,7.1580390549654
41.23,7.1580390549654
41.24,7.1580390549654
41.25,7.1580390549654
41.26,7.1580390549654
41.27,7.1580390549654
41.28,7.1580390549654
41.29,7.1580390549654
41.3,7.1580390549654
41.31,7.1580390549654
41.32,7.1580390549654
41.33,7.1580390549654
41.34,7.1580390549654
41.35,7.1580390549654
41.36,7.1580390549654
41.37,7.1580390549654
41.38,7.1580390549654
41.39,7.1580390549654
41.4,7.1580390549654
41.41,7.1580390549654
41.42,7.1580390549654
41.43,7.1580390549654
41.44,7.1580390549654
41.45,7.1580390549654
41.46,7.1580390549654
41.47,7.1580390549654
41.48,7.1580390549654
41.49,7.1580390549654
41.5,7.1580390549654
41.51,7.1580390549654
41.52,7.1580390549654
41.53,7.1580390549654
41.54,7.1580390549654
41.55,7.1580390549654
41.56,7.1580390549654
41.57,7.1580390549654
41.58,7.1580390549654
41.59,7.1580390549654
41.6,7.1580390549654
41.61,7.1580390549654
41.62,7.1580390549654
41.63,7.1580390549654
41.64,7.1580390549654
41.65,7.1580390549654
41.66,7.1580390549654
41.67,7.1580390549654
41.68,7.1580390549654
41.69,7.1580390549654
41.7,7.1580390549654
41.71,7.1580390549654
41.72,7.1580390549654
41.73,7.1580390549654
41.74,7.1580390549654
41.75,7.1580390549654
41.76,7.1580390549654
41.77,7.1580390549654
41.78,7.1580390549654
41.79,7.1580390549654
41.8,7.1580390549654
41.81,7.1580390549654
41.82,7.1580390549654
41.83,7.1580390549654
41.84,7.1580390549654
41.85,7.1580390549654
41.86,7.1580390549654
41.87,7.1580390549654
41.88,7.1580390549654
41.89,7.1580390549654
41.9,7.1580390549654
41.91,7.1580390549654
41.92,7.1580390549654
41.93,7.1580390549654
41.94,7.1580390549654
41.95,7.1580390549654
41.96,7.1580390549654
41.97,7.1580390549654
41.98,7.1580390549654
41.99,7.1580390549654
42,7.1580390549654
42.01,7.1580390549654
42.02,7.1580390549654
42.03,7.1580390549654
42.04,7.1580390549654
42.05,7.1580390549654
42.06,7.1580390549654
42.07,7.1580390549654
42.08,7.1580390549654
42.09,7.1580390549654
42.1,7.1580390549654
42.11,7.1580390549654
42.12,7.1580390549654
42.13,7.1580390549654
42.14,7.1580390549654
42.15,7.1580390549654
42.16,7.1580390549654
42.17,7.1580390549654
42.18,7.1580390549654
42.19,7.1580390549654
42.2,7.1580390549654
42.21,7.1580390549654
42.22,7.1580390549654
42.23,7.1580390549654
42.24,7.1580390549654
42.25,7.1580390549654
42.26,7.1580390549654
42.27,7.1580390549654
42.28,7.1580390549654
42.29,7.1580390549654
42.3,7.1580390549654
42.31,7.1580390549654
42.32,7.1580390549654
42.33,7.1580390549654
42.34,7.1580390549654
42.35,7.1580390549654
42.36,7.1580390549654
42.37,7.1580390549654
42.38,7.1580390549654
42.39,7.1580390549654
42.4,7.1580390549654
42.41,7.1580390549654
42.42,7.1580390549654
42.43,7.1580390549654
42.44,7.1580390549654
42.45,7.1580390549654
42.46,7.1580390549654
42.47,7.1580390549654
42.48,7.1580390549654
42.49,7.1580390549654
42.5,7.1580390549654
42.51,7.1580390549654
42.52,7.1580390549654
42.53,7.1580390549654
42.54,7.1580390549654
42.55,7.1580390549654
42.56,7.1580390549654
42.57,7.1580390549654
42.58,7.1580390549654
42.59,7.1580390549654
42.6,7.1580390549654
42.61,7.1580390549654
42.62,7.1580390549654
42.63,7.1580390549654
42.64,7.1580390549654
42.65,7.1580390549654
42.66,7.1580390549654
42.67,7.1580390549654
42.68,7.1580390549654
42.69,7.1580390549654
42.7,7.1580390549654
42.71,7.1580390549654
42.72,7.1580390549654
42.73,7.1580390549654
42.74,7.1580390549654
42.75,7.1580390549654
42.76,7.1580390549654
42.77,7.1580390549654
42.78,7.1580390549654
42.79,7.1580390549654
42.8,7.1580390549654
42.81,7.1580390549654
42.82,7.1580390549654
42.83,7.1580390549654
42.84,7.1580390549654
42.85,7.1580390549654
42.86,7.1580390549654
42.87,7.1580390549654
42.88,7.1580390549654
42.89,7.1580390549654
42.9,7.1580390549654
42.91,7.1580390549654
42.92,7.1580390549654
42.93,7.1580390549654
42.94,7.1580390549654
42.95,7.1580390549654
42.96,7.1580390549654
42.97,7.1580390549654
42.98,7.1580390549654
42.99,7.1580390549654
43,7.1580390549654
43.01,7.1580390549654
43.02,7.1580390549654
43.03,7.1580390549654
43.04,7.1580390549654
43.05,7.1580390549654
43.06,7.1580390549654
43.07,7.1580390549654
43.08,7.1580390549654
43.09,7.1580390549654
43.1,7.1580390549654
43.11,7.1580390549654
43.12,7.1580390549654
43.13,7.1580390549654
43.14,7.1580390549654
43.15,7.1580390549654
43.16,7.1580390549654
43.17,7.1580390549654
43.18,7.1580390549654
43.19,7.1580390549654
43.2,7.1580390549654
43.21,7.1580390549654
43.22,7.1580390549654
43.23,7.1580390549654
43.24,7.1580390549654
43.25,7.1580390549654
43.26,7.1580390549654
43.27,7.1580390549654
43.28,7.1580390549654
43.29,7.1580390549654
43.3,7.1580390549654
43.31,7.1580390549654
43.32,7.1580390549654
43.33,7.1580390549654
43.34,7.1580390549654
43.35,7.1580390549654
43.36,7.1580390549654
43.37,7.1580390549654
43.38,7.1580390549654
43.39,7.1580390549654
43.4,7.1580390549654
43.41,7.1580390549654
43.42,7.1580390549654
43.43,7.1580390549654
43.44,7.1580390549654
43.45,7.1580390549654
43.46,7.1580390549654
43.47,7.1580390549654
43.48,7.1580390549654
43.49,7.1580390549654
43.5,7.1580390549654
43.51,7.1580390549654
43.52,7.1580390549654
43.53,7.1580390549654
43.54,7.1580390549654
43.55,7.1580390549654
43.56,7.1580390549654
43.57,7.1580390549654
43.58,7.1580390549654
43.59,7.1580390549654
43.6,7.1580390549654
43.61,7.1580390549654
43.62,7.1580390549654
43.63,7.1580390549654
43.64,7.1580390549654
43.65,7.1580390549654
43.66,7.1580390549654
43.67,7.1580390549654
43.68,7.1580390549654
43.69,7.1580390549654
43.7,7.1580390549654
43.71,7.1580390549654
43.72,7.1580390549654
43.73,7.1580390549654
43.74,7.1580390549654
43.75,7.1580390549654
43.76,7.1580390549654
43.77,7.1580390549654
43.78,7.1580390549654
43.79,7.1580390549654
43.8,7.1580390549654
43.81,7.1580390549654
43.82,7.1580390549654
43.83,7.1580390549654
43.84,7.1580390549654
43.85,7.1580390549654
43.86,7.1580390549654
43.87,7.1580390549654
43.88,7.1580390549654
43.89,7.1580390549654
43.9,7.1580390549654
43.91,7.1580390549654
43.92,7.1580390549654
43.93,7.1580390549654
43.94,7.1580390549654
43.95,7.1580390549654
43.96,7.1580390549654
43.97,7.1580390549654
43.98,7.1580390549654
43.99,7.1580390549654
44,7.1580390549654
44.01,7.1580390549654
44.02,7.1580390549654
44.03,7.1580390549654
44.04,7.1580390549654
44.05,7.1580390549654
44.06,7.1580390549654
44.07,7.1580390549654
44.08,7.1580390549654
44.09,7.1580390549654
44.1,7.1580390549654
44.11,7.1580390549654
44.12,7.1580390549654
44.13,7.1580390549654
44.14,7.1580390549654
44.15,7.1580390549654
44.16,7.1580390549654
44.17,7.1580390549654
44.18,7.1580390549654
44.19,7.1580390549654
44.2,7.1580390549654
44.21,7.1580390549654
44.22,7.1580390549654
44.23,7.1580390549654
44.24,21.2155396832973
44.25,21.2155396832973
44.26,21.2155396832973
44.27,21.2155396832973
44.28,21.2155396832973
44.29,21.2155396832973
44.3,21.2155396832973
44.31,21.2155396832973
44.32,21.2155396832973
44.33,21.2155396832973
44.34,21.2155396832973
44.35,21.2155396832973
44.36,21.2155396832973
44.37,21.2155396832973
44.38,21.2155396832973
44.39,21.2155396832973
44.4,21.2155396832973
44.41,21.2155396832973
44.42,21.2155396832973
44.43,21.2155396832973
44.44,21.2155396832973
44.45,21.2155396832973
44.46,21.2155396832973
44.47,21.2155396832973
44.48,21.2155396832973
44.49,21.2155396832973
44.5,21.2155396832973
44.51,21.2155396832973
44.52,21.2155396832973
44.53,21.2155396832973
44.54,21.2155396832973
44.55,21.2155396832973
44.56,21.2155396832973
44.57,21.2155396832973
44.58,21.2155396832973
44.59,21.2155396832973
44.6,21.2155396832973
44.61,21.2155396832973
44.62,21.2155396832973
44.63,21.2155396832973
44.64,21.2155396832973
44.65,21.2155396832973
44.66,21.2155396832973
44.67,21.2155396832973
44.68,21.2155396832973
44.69,21.2155396832973
44.7,21.2155396832973
44.71,21.2155396832973
44.72,21.2155396832973
44.73,21.2155396832973
44.74,21.2155396832973
44.75,21.2155396832973
44.76,21.2155396832973
44.77,21.2155396832973
44.78,21.2155396832973
44.79,21.2155396832973
44.8,21.2155396832973
44.81,21.2155396832973
44.82,21.2155396832973
44.83,21.2155396832973
44.84,21.2155396832973
44.85,21.2155396832973
44.86,21.2155396832973
44.87,21.2155396832973
44.88,21.2155396832973
44.89,21.2155396832973
44.9,21.2155396832973
44.91,21.2155396832973
44.92,21.2155396832973
44.93,21.2155396832973
44.94,21.2155396832973
44.95,21.2155396832973
44.96,21.2155396832973
44.97,21.2155396832973
44.98,21.2155396832973
44.99,21.2155396832973
45,21.2155396832973
45.01,21.2155396832973
45.02,21.2155396832973
45.03,21.2155396832973
45.04,21.2155396832973
45.05,21.2155396832973
45.06,21.2155396832973
45.07,21.2155396832973
45.08,21.2155396832973
45.09,21.2155396832973
45.1,21.2155396832973
45.11,21.2155396832973
45.12,21.2155396832973
45.13,21.2155396832973
45.14,21.2155396832973
45.15,21.2155396832973
45.16,21.2155396832973
45.17,21.2155396832973
45.18,21.2155396832973
45.19,21.2155396832973
45.2,21.2155396832973
45.21,21.2155396832973
45.22,21.2155396832973
45.23,21.2155396832973
45.24,21.2155396832973
45.25,21.2155396832973
45.26,21.2155396832973
45.27,21.2155396832973
45.28,21.2155396832973
45.29,21.2155396832973
45.3,21.2155396832973
45.31,21.2155396832973
45.32,21.2155396832973
45.33,21.2155396832973
45.34,21.2155396832973
45.35,21.2155396832973
45.36,21.2155396832973
45.37,21.2155396832973
45.38,21.2155396832973
45.39,21.2155396832973
45.4,21.2155396832973
45.41,21.2155396832973
45.42,21.2155396832973
45.43,21.2155396832973
45.44,21.2155396832973
45.45,21.2155396832973
45.46,21.2155396832973
45.47,21.2155396832973
45.48,21.2155396832973
45.49,21.2155396832973
45.5,21.2155396832973
45.51,21.2155396832973
45.52,21.2155396832973
45.53,21.2155396832973
45.54,21.2155396832973
45.55,21.2155396832973
45.56,21.2155396832973
45.57,21.2155396832973
45.58,21.2155396832973
45.59,21.2155396832973
45.6,21.2155396832973
45.61,21.2155396832973
45.62,21.2155396832973
45.63,21.2155396832973
45.64,21.2155396832973
45.65,21.2155396832973
45.66,21.2155396832973
45.67,21.2155396832973
45.68,21.2155396832973
45.69,21.2155396832973
45.7,21.2155396832973
45.71,21.2155396832973
45.72,21.2155396832973
45.73,21.2155396832973
45.74,21.2155396832973
45.75,21.2155396832973
45.76,21.2155396832973
45.77,21.2155396832973
45.78,21.2155396832973
45.79,21.2155396832973
45.8,21.2155396832973
45.81,21.2155396832973
45.82,21.2155396832973
45.83,21.2155396832973
45.84,21.2155396832973
45.85,21.2155396832973
45.86,21.2155396832973
45.87,21.2155396832973
45.88,21.2155396832973
45.89,21.2155396832973
45.9,21.2155396832973
45.91,21.2155396832973
45.92,21.2155396832973
45.93,21.2155396832973
45.94,21.2155396832973
45.95,21.2155396832973
45.96,21.2155396832973
45.97,21.2155396832973
45.98,21.2155396832973
45.99,21.2155396832973
46,21.2155396832973
46.01,21.2155396832973
46.02,21.2155396832973
46.03,21.2155396832973
46.04,21.2155396832973
46.05,21.2155396832973
46.06,21.2155396832973
46.07,21.2155396832973
46.08,21.2155396832973
46.09,21.2155396832973
46.1,21.2155396832973
46.11,21.2155396832973
46.12,21.2155396832973
46.13,21.2155396832973
46.14,21.2155396832973
46.15,21.2155396832973
46.16,21.2155396832973
46.17,21.2155396832973
46.18,21.2155396832973
46.19,21.2155396832973
46.2,21.2155396832973
46.21,21.2155396832973
46.22,21.2155396832973
46.23,21.2155396832973
46.24,21.2155396832973
46.25,21.2155396832973
46.26,21.2155396832973
46.27,21.2155396832973
46.28,21.2155396832973
46.29,21.2155396832973
46.3,21.2155396832973
46.31,21.2155396832973
46.32,21.2155396832973
46.33,21.2155396832973
46.34,21.2155396832973
46.35,21.2155396832973
46.36,21.2155396832973
46.37,21.2155396832973
46.38,21.2155396832973
46.39,21.2155396832973
46.4,21.2155396832973
46.41,21.2155396832973
46.42,21.2155396832973
46.43,21.2155396832973
46.44,21.2155396832973
46.45,21.2155396832973
46.46,21.2155396832973
46.47,21.2155396832973
46.48,21.2155396832973
46.49,21.2155396832973
46.5,21.2155396832973
46.51,21.2155396832973
46.52,21.2155396832973
46.53,21.2155396832973
46.54,21.2155396832973
46.55,21.2155396832973
46.56,21.2155396832973
46.57,21.2155396832973
46.58,21.2155396832973
46.59,21.2155396832973
46.6,21.2155396832973
46.61,21.2155396832973
46.62,21.2155396832973
46.63,21.2155396832973
46.64,21.2155396832973
46.65,21.2155396832973
46.66,21.2155396832973
46.67,21.2155396832973
46.68,21.2155396832973
46.69,21.2155396832973
46.7,21.2155396832973
46.71,21.2155396832973
46.72,21.2155396832973
46.73,21.2155396832973
46.74,21.2155396832973
46.75,21.2155396832973
46.76,21.2155396832973
46.77,21.2155396832973
46.78,21.2155396832973
46.79,21.2155396832973
46.8,21.2155396832973
46.81,21.2155396832973
46.82,21.2155396832973
46.83,21.2155396832973
46.84,21.2155396832973
46.85,21.2155396832973
46.86,21.2155396832973
46.87,21.2155396832973
46.88,97.8308343900064
46.89,97.8308343900064
46.9,97.8308343900064
46.91,97.8308343900064
46.92,97.8308343900064
46.93,97.8308343900064
46.94,97.8308343900064
46.95,97.8308343900064
46.96,97.8308343900064
46.97,97.8308343900064
46.98,97.8308343900064
46.99,97.8308343900064
47,97.8308343900064
47.01,97.8308343900064
47.02,97.8308343900064
47.03,97.8308343900064
47.04,97.8308343900064
47.05,97.8308343900064
47.06,97.8308343900064
47.07,97.8308343900064
47.08,97.8308343900064
47.09,97.8308343900064
47.1,97.8308343900064
47.11,97.8308343900064
47.12,97.8308343900064
47.13,97.8308343900064
47.14,97.8308343900064
47.15,97.8308343900064
47.16,97.8308343900064
47.17,97.8308343900064
47.18,97.8308343900064
47.19,97.8308343900064
47.2,97.8308343900064
47.21,97.8308343900064
47.22,97.8308343900064
47.23,97.8308343900064
47.24,97.8308343900064
47.25,97.8308343900064
47.26,97.8308343900064
47.27,97.8308343900064
47.28,97.8308343900064
47.29,97.8308343900064
47.3,97.8308343900064
47.31,97.8308343900064
47.32,97.8308343900064
47.33,97.8308343900064
47.34,97.8308343900064
47.35,97.8308343900064
47.36,97.8308343900064
47.37,97.8308343900064
47.38,97.8308343900064
47.39,97.8308343900064
47.4,97.8308343900064
47.41,97.8308343900064
47.42,97.8308343900064
47.43,97.8308343900064
47.44,97.8308343900064
47.45,97.8308343900064
47.46,97.8308343900064
47.47,97.8308343900064
47.48,97.8308343900064
47.49,97.8308343900064
47.5,97.8308343900064
47.51,97.8308343900064
47.52,97.8308343900064
47.53,97.8308343900064
47.54,97.8308343900064
47.55,97.8308343900064
47.56,97.8308343900064
47.57,97.8308343900064
47.58,97.8308343900064
47.59,97.8308343900064
47.6,97.8308343900064
47.61,97.8308343900064
47.62,97.8308343900064
47.63,97.8308343900064
47.64,97.8308343900064
47.65,97.8308343900064
47.66,97.8308343900064
47.67,97.8308343900064
47.68,97.8308343900064
47.69,97.8308343900064
47.7,97.8308343900064
47.71,97.8308343900064
47.72,97.8308343900064
47.73,97.8308343900064
47.74,97.8308343900064
47.75,97.8308343900064
47.76,97.8308343900064
47.77,97.8308343900064
47.78,97.8308343900064
47.79,97.8308343900064
47.8,97.8308343900064
47.81,97.8308343900064
47.82,97.8308343900064
47.83,97.8308343900064
47.84,97.8308343900064
47.85,97.8308343900064
47.86,97.8308343900064
47.87,97.8308343900064
47.88,97.8308343900064
47.89,97.8308343900064
47.9,97.8308343900064
47.91,97.8308343900064
47.92,97.8308343900064
47.93,97.8308343900064
47.94,97.8308343900064
47.95,97.8308343900064
47.96,97.8308343900064
47.97,97.8308343900064
47.98,97.8308343900064
47.99,97.8308343900064
48,97.8308343900064
48.01,97.8308343900064
48.02,97.8308343900064
48.03,97.8308343900064
48.04,97.8308343900064
48.05,97.8308343900064
48.06,97.8308343900064
48.07,97.8308343900064
48.08,97.8308343900064
48.09,97.8308343900064
48.1,97.8308343900064
48.11,97.8308343900064
48.12,97.8308343900064
48.13,97.8308343900064
48.14,97.8308343900064
48.15,97.8308343900064
48.16,97.8308343900064
48.17,97.8308343900064
48.18,97.8308343900064
48.19,97.8308343900064
48.2,97.8308343900064
48.21,97.8308343900064
48.22,97.8308343900064
48.23,97.8308343900064
48.24,97.8308343900064
48.25,97.8308343900064
48.26,97.8308343900064
48.27,97.8308343900064
48.28,97.8308343900064
48.29,97.8308343900064
48.3,97.8308343900064
48.31,97.8308343900064
48.32,97.8308343900064
48.33,97.8308343900064
48.34,97.8308343900064
48.35,97.8308343900064
48.36,97.8308343900064
48.37,97.8308343900064
48.38,97.8308343900064
48.39,97.8308343900064
48.4,97.8308343900064
48.41,97.8308343900064
48.42,97.8308343900064
48.43,97.8308343900064
48.44,97.8308343900064
48.45,97.8308343900064
48.46,97.8308343900064
48.47,97.8308343900064
48.48,97.8308343900064
48.49,97.8308343900064
48.5,97.8308343900064
48.51,97.8308343900064
48.52,97.8308343900064
48.53,97.8308343900064
48.54,97.8308343900064
48.55,97.8308343900064
48.56,97.8308343900064
48.57,97.8308343900064
48.58,97.8308343900064
48.59,97.8308343900064
48.6,97.8308343900064
48.61,97.8308343900064
48.62,97.8308343900064
48.63,97.8308343900064
48.64,97.8308343900064
48.65,97.8308343900064
48.66,97.8308343900064
48.67,97.8308343900064
48.68,97.8308343900064
48.69,97.8308343900064
48.7,97.8308343900064
48.71,97.8308343900064
48.72,97.8308343900064
48.73,97.8308343900064
48.74,97.8308343900064
48.75,97.8308343900064
48.76,97.8308343900064
48.77,97.8308343900064
48.78,97.8308343900064
48.79,97.8308343900064
48.8,97.8308343900064
48.81,97.8308343900064
48.82,97.8308343900064
48.83,97.8308343900064
48.84,97.8308343900064
48.85,97.8308343900064
48.86,97.8308343900064
48.87,97.8308343900064
48.88,97.8308343900064
48.89,97.8308343900064
48.9,97.8308343900064
48.91,97.8308343900064
48.92,97.8308343900064
48.93,97.8308343900064
48.94,97.8308343900064
48.95,97.8308343900064
48.96,97.8308343900064
48.97,97.8308343900064
48.98,97.8308343900064
48.99,97.8308343900064
49,97.8308343900064
49.01,97.8308343900064
49.02,97.8308343900064
49.03,97.8308343900064
49.04,27.6921481054185
49.05,27.6921481054185
49.06,27.6921481054185
49.07,27.6921481054185
49.08,27.6921481054185
49.09,27.6921481054185
49.1,27.6921481054185
49.11,27.6921481054185
49.12,27.6921481054185
49.13,27.6921481054185
49.14,27.6921481054185
49.15,27.6921481054185
49.16,27.6921481054185
49.17,27.6921481054185
49.18,27.6921481054185
49.19,27.6921481054185
49.2,27.6921481054185
49.21,27.6921481054185
49.22,27.6921481054185
49.23,27.6921481054185
49.24,27.6921481054185
49.25,27.6921481054185
49.26,27.6921481054185
49.27,27.6921481054185
49.28,27.6921481054185
49.29,27.6921481054185
49.3,27.6921481054185
49.31,27.6921481054185
49.32,27.6921481054185
49.33,27.6921481054185
49.34,27.6921481054185
49.35,27.6921481054185
49.36,27.6921481054185
49.37,27.6921481054185
49.38,27.6921481054185
49.39,27.6921481054185
49.4,27.6921481054185
49.41,27.6921481054185
49.42,27.6921481054185
49.43,27.6921481054185
49.44,27.6921481054185
49.45,27.6921481054185
49.46,27.6921481054185
49.47,27.6921481054185
49.48,27.6921481054185
49.49,27.6921481054185
49.5,27.6921481054185
49.51,27.6921481054185
49.52,27.6921481054185
49.53,27.6921481054185
49.54,27.6921481054185
49.55,27.6921481054185
49.56,27.6921481054185
49.57,27.6921481054185
49.58,27.6921481054185
49.59,27.6921481054185
49.6,27.6921481054185
49.61,27.6921481054185
49.62,27.6921481054185
49.63,27.6921481054185
49.64,27.6921481054185
49.65,27.6921481054185
49.66,27.6921481054185
49.67,27.6921481054185
49.68,27.6921481054185
49.69,27.6921481054185
49.7,27.6921481054185
49.71,27.6921481054185
49.72,27.6921481054185
49.73,27.6921481054185
49.74,27.6921481054185
49.75,27.6921481054185
49.76,27.6921481054185
49.77,27.6921481054185
49.78,27.6921481054185
49.79,27.6921481054185
49.8,27.6921481054185
49.81,27.6921481054185
49.82,27.6921481054185
49.83,27.6921481054185
49.84,27.6921481054185
49.85,27.6921481054185
49.86,27.6921481054185
49.87,27.6921481054185
49.88,27.6921481054185
49.89,27.6921481054185
49.9,27.6921481054185
49.91,27.6921481054185
49.92,27.6921481054185
49.93,27.6921481054185
49.94,27.6921481054185
49.95,27.6921481054185
49.96,27.6921481054185
49.97,27.6921481054185
49.98,27.6921481054185
49.99,27.6921481054185
50,27.6921481054185
50.01,27.6921481054185
50.02,27.6921481054185
50.03,27.6921481054185
50.04,27.6921481054185
50.05,27.6921481054185
50.06,27.6921481054185
50.07,27.6921481054185
50.08,27.6921481054185
50.09,27.6921481054185
50.1,27.6921481054185
50.11,27.6921481054185
50.12,27.6921481054185
50.13,27.6921481054185
50.14,27.6921481054185
50.15,27.6921481054185
50.16,27.6921481054185
50.17,27.6921481054185
50.18,27.6921481054185
50.19,27.6921481054185
50.2,27.6921481054185
50.21,27.6921481054185
50.22,27.6921481054185
50.23,27.6921481054185
50.24,27.6921481054185
50.25,27.6921481054185
50.26,27.6921481054185
50.27,27.6921481054185
50.28,27.6921481054185
50.29,27.6921481054185
50.3,27.6921481054185
50.31,27.6921481054185
50.32,27.6921481054185
50.33,27.6921481054185
50.34,27.6921481054185
50.35,27.6921481054185
50.36,27.6921481054185
50.37,27.6921481054185
50.38,27.6921481054185
50.39,27.6921481054185
50.4,27.6921481054185
50.41,27.6921481054185
50.42,27.6921481054185
50.43,27.6921481054185
50.44,27.6921481054185
50.45,27.6921481054185
50.46,27.6921481054185
50.47,27.6921481054185
50.48,27.6921481054185
50.49,27.6921481054185
50.5,27.6921481054185
50.51,27.6921481054185
50.52,27.6921481054185
50.53,27.6921481054185
50.54,27.6921481054185
50.55,27.6921481054185
50.56,27.6921481054185
50.57,27.6921481054185
50.58,27.6921481054185
50.59,27.6921481054185
50.6,27.6921481054185
50.61,27.6921481054185
50.62,27.6921481054185
50.63,27.6921481054185
50.64,27.6921481054185
50.65,27.6921481054185
50.66,27.6921481054185
50.67,27.6921481054185
50.68,27.6921481054185
50.69,27.6921481054185
50.7,27.6921481054185
50.71,27.6921481054185
50.72,27.6921481054185
50.73,27.6921481054185
50.74,27.6921481054185
50.75,27.6921481054185
50.76,27.6921481054185
50.77,27.6921481054185
50.78,27.6921481054185
50.79,27.6921481054185
50.8,27.6921481054185
50.81,27.6921481054185
50.82,27.6921481054185
50.83,27.6921481054185
50.84,27.6921481054185
50.85,27.6921481054185
50.86,27.6921481054185
50.87,27.6921481054185
50.88,27.6921481054185
50.89,27.6921481054185
50.9,27.6921481054185
50.91,27.6921481054185
50.92,27.6921481054185
50.93,27.6921481054185
50.94,27.6921481054185
50.95,27.6921481054185
50.96,27.6921481054185
50.97,27.6921481054185
50.98,27.6921481054185
50.99,27.6921481054185
51,27.6921481054185
51.01,27.6921481054185
51.02,27.6921481054185
51.03,27.6921481054185
51.04,27.6921481054185
51.05,27.6921481054185
51.06,27.6921481054185
51.07,27.6921481054185
51.08,27.6921481054185
51.09,27.6921481054185
51.1,27.6921481054185
51.11,27.6921481054185
51.12,27.6921481054185
51.13,27.6921481054185
51.14,27.6921481054185
51.15,27.6921481054185
51.16,27.6921481054185
51.17,27.6921481054185
51.18,27.6921481054185
51.19,27.6921481054185
51.2,27.6921481054185
51.21,27.6921481054185
51.22,27.6921481054185
51.23,27.6921481054185
51.24,27.6921481054185
51.25,27.6921481054185
51.26,27.6921481054185
51.27,27.6921481054185
51.28,27.6921481054185
51.29,27.6921481054185
51.3,27.6921481054185
51.31,27.6921481054185
51.32,27.6921481054185
51.33,27.6921481054185
51.34,27.6921481054185
51.35,27.6921481054185
51.36,27.6921481054185
51.37,27.6921481054185
51.38,27.6921481054185
51.39,26.7422075012883
51.4,26.7422075012883
51.41,26.7422075012883
51.42,26.7422075012883
51.43,26.7422075012883
51.44,26.7422075012883
51.45,26.7422075012883
51.46,26.7422075012883
51.47,26.7422075012883
51.48,26.7422075012883
51.49,26.7422075012883
51.5,26.7422075012883
51.51,26.7422075012883
51.52,26.7422075012883
51.53,26.7422075012883
51.54,26.7422075012883
51.55,26.7422075012883
51.56,26.7422075012883
51.57,26.7422075012883
51.58,26.7422075012883
51.59,26.7422075012883
51.6,26.7422075012883
51.61,26.7422075012883
51.62,26.7422075012883
51.63,26.7422075012883
51.64,26.7422075012883
51.65,26.7422075012883
51.66,26.7422075012883
51.67,26.7422075012883
51.68,26.7422075012883
51.69,26.7422075012883
51.7,26.7422075012883
51.71,26.7422075012883
51.72,26.7422075012883
51.73,26.7422075012883
51.74,26.7422075012883
51.75,26.7422075012883
51.76,26.7422075012883
51.77,26.7422075012883
51.78,26.7422075012883
51.79,26.7422075012883
51.8,26.7422075012883
51.81,26.7422075012883
51.82,26.7422075012883
51.83,26.7422075012883
51.84,26.7422075012883
51.85,26.7422075012883
51.86,26.7422075012883
51.87,26.7422075012883
51.88,26.7422075012883
51.89,26.7422075012883
51.9,26.7422075012883
51.91,26.7422075012883
51.92,26.7422075012883
51.93,26.7422075012883
51.94,26.7422075012883
51.95,26.7422075012883
51.96,26.7422075012883
51.97,26.7422075012883
51.98,26.7422075012883
51.99,26.7422075012883
52,26.7422075012883
52.01,26.7422075012883
52.02,26.7422075012883
52.03,26.7422075012883
52.04,26.7422075012883
52.05,26.7422075012883
52.06,26.7422075012883
52.07,26.7422075012883
52.08,26.7422075012883
52.09,26.7422075012883
52.1,26.7422075012883
52.11,26.7422075012883
52.12,26.7422075012883
52.13,26.7422075012883
52.14,26.7422075012883
52.15,26.7422075012883
52.16,26.7422075012883
52.17,26.7422075012883
52.18,26.7422075012883
52.19,26.7422075012883
52.2,26.7422075012883
52.21,26.7422075012883
52.22,26.7422075012883
52.23,26.7422075012883
52.24,26.7422075012883
52.25,26.7422075012883
52.26,26.7422075012883
52.27,26.7422075012883
52.28,26.7422075012883
52.29,26.7422075012883
52.3,26.7422075012883
52.31,26.7422075012883
52.32,26.7422075012883
52.33,26.7422075012883
52.34,26.7422075012883
52.35,26.7422075012883
52.36,26.7422075012883
52.37,26.7422075012883
52.38,26.7422075012883
52.39,26.7422075012883
52.4,26.7422075012883
52.41,26.7422075012883
52.42,26.7422075012883
52.43,26.7422075012883
52.44,26.7422075012883
52.45,26.7422075012883
52.46,26.7422075012883
52.47,26.7422075012883
52.48,26.7422075012883
52.49,26.7422075012883
52.5,26.7422075012883
52.51,26.7422075012883
52.52,26.7422075012883
52.53,26.7422075012883
52.54,26.7422075012883
52.55,26.7422075012883
52.56,26.7422075012883
52.57,26.7422075012883
52.58,26.7422075012883
52.59,26.7422075012883
52.6,26.7422075012883
52.61,26.7422075012883
52.62,26.7422075012883
52.63,26.7422075012883
52.64,26.7422075012883
52.65,26.7422075012883
52.66,26.7422075012883
52.67,26.7422075012883
52.68,26.7422075012883
52.69,26.7422075012883
52.7,26.7422075012883
52.71,26.7422075012883
52.72,26.7422075012883
52.73,26.7422075012883
52.74,26.7422075012883
52.75,26.7422075012883
52.76,26.7422075012883
52.77,26.7422075012883
52.78,26.7422075012883
52.79,26.7422075012883
52.8,26.7422075012883
52.81,26.7422075012883
52.82,26.7422075012883
52.83,26.7422075012883
52.84,26.7422075012883
52.85,26.7422075012883
52.86,26.7422075012883
52.87,26.7422075012883
52.88,26.7422075012883
52.89,26.7422075012883
52.9,26.7422075012883
52.91,26.7422075012883
52.92,26.7422075012883
52.93,26.7422075012883
52.94,26.7422075012883
52.95,26.7422075012883
52.96,26.7422075012883
52.97,26.7422075012883
52.98,26.7422075012883
52.99,26.7422075012883
53,26.7422075012883
53.01,26.7422075012883
53.02,26.7422075012883
53.03,26.7422075012883
53.04,26.7422075012883
53.05,26.7422075012883
53.06,26.7422075012883
53.07,26.7422075012883
53.08,26.7422075012883
53.09,26.7422075012883
53.1,26.7422075012883
53.11,26.7422075012883
53.12,26.7422075012883
53.13,26.7422075012883
53.14,26.7422075012883
53.15,26.7422075012883
53.16,26.7422075012883
53.17,26.7422075012883
53.18,26.7422075012883
53.19,26.7422075012883
53.2,26.7422075012883
53.21,26.7422075012883
53.22,26.7422075012883
53.23,26.7422075012883
53.24,26.7422075012883
53.25,26.7422075012883
53.26,26.7422075012883
53.27,26.7422075012883
53.28,26.7422075012883
53.29,26.7422075012883
53.3,26.7422075012883
53.31,26.7422075012883
53.32,26.7422075012883
53.33,26.7422075012883
53.34,26.7422075012883
53.35,26.7422075012883
53.36,26.7422075012883
53.37,26.7422075012883
53.38,26.7422075012883
53.39,26.7422075012883
53.4,26.7422075012883
53.41,26.7422075012883
53.42,26.7422075012883
53.43,26.7422075012883
53.44,26.7422075012883
53.45,26.7422075012883
53.46,26.7422075012883
53.47,26.7422075012883
53.48,26.7422075012883
53.49,26.7422075012883
53.5,26.7422075012883
53.51,26.7422075012883
53.52,26.7422075012883
53.53,26.7422075012883
53.54,26.7422075012883
53.55,26.7422075012883
53.56,26.7422075012883
53.57,26.7422075012883
53.58,26.7422075012883
53.59,26.7422075012883
53.6,26.7422075012883
53.61,26.7422075012883
53.62,26.7422075012883
53.63,26.7422075012883
53.64,26.7422075012883
53.65,26.7422075012883
53.66,26.7422075012883
53.67,26.7422075012883
53.68,26.7422075012883
53.69,26.7422075012883
53.7,26.7422075012883
53.71,26.7422075012883
53.72,26.7422075012883
53.73,26.7422075012883
53.74,26.7422075012883
53.75,26.7422075012883
53.76,26.7422075012883
53.77,26.7422075012883
53.78,26.7422075012883
53.79,26.7422075012883
53.8,26.7422075012883
53.81,26.7422075012883
53.82,26.7422075012883
53.83,26.7422075012883
53.84,26.7422075012883
53.85,26.7422075012883
53.86,26.7422075012883
53.87,26.7422075012883
53.88,26.7422075012883
53.89,26.7422075012883
53.9,26.7422075012883
53.91,26.7422075012883
53.92,26.7422075012883
53.93,26.7422075012883
53.94,26.7422075012883
53.95,26.7422075012883
53.96,26.7422075012883
53.97,26.7422075012883
53.98,26.7422075012883
53.99,26.7422075012883
54,26.7422075012883
54.01,26.7422075012883
54.02,26.7422075012883
54.03,26.7422075012883
54.04,26.7422075012883
54.05,26.7422075012883
54.06,26.7422075012883
54.07,26.7422075012883
54.08,26.7422075012883
54.09,26.7422075012883
54.1,26.7422075012883
54.11,26.7422075012883
54.12,26.7422075012883
54.13,26.7422075012883
54.14,26.7422075012883
54.15,26.7422075012883
54.16,26.7422075012883
54.17,26.7422075012883
54.18,26.7422075012883
54.19,26.7422075012883
54.2,26.7422075012883
54.21,26.7422075012883
54.22,26.7422075012883
54.23,26.7422075012883
54.24,26.7422075012883
54.25,26.7422075012883
54.26,26.7422075012883
54.27,26.7422075012883
54.28,26.7422075012883
54.29,26.7422075012883
54.3,26.7422075012883
54.31,26.7422075012883
54.32,26.7422075012883
54.33,26.7422075012883
54.34,26.7422075012883
54.35,26.7422075012883
54.36,26.7422075012883
54.37,26.7422075012883
54.38,26.7422075012883
54.39,26.7422075012883
54.4,26.7422075012883
54.41,26.7422075012883
54.42,26.7422075012883
54.43,26.7422075012883
54.44,26.7422075012883
54.45,26.7422075012883
54.46,26.7422075012883
54.47,26.7422075012883
54.48,26.7422075012883
54.49,26.7422075012883
54.5,26.7422075012883
54.51,26.7422075012883
54.52,26.7422075012883
54.53,26.7422075012883
54.54,26.7422075012883
54.55,26.7422075012883
54.56,26.7422075012883
54.57,26.7422075012883
54.58,26.7422075012883
54.59,26.7422075012883
54.6,26.7422075012883
54.61,26.7422075012883
54.62,26.7422075012883
54.63,26.7422075012883
54.64,26.7422075012883
54.65,26.7422075012883
54.66,26.7422075012883
54.67,26.7422075012883
54.68,26.7422075012883
54.69,26.7422075012883
54.7,26.7422075012883
54.71,26.7422075012883
54.72,26.7422075012883
54.73,26.7422075012883
54.74,26.7422075012883
54.75,26.7422075012883
54.76,26.7422075012883
54.77,26.7422075012883
54.78,26.7422075012883
54.79,26.7422075012883
54.8,26.7422075012883
54.81,26.7422075012883
54.82,26.7422075012883
54.83,26.7422075012883
54.84,26.7422075012883
54.85,26.7422075012883
54.86,26.7422075012883
54.87,26.7422075012883
54.88,26.7422075012883
54.89,53.1735757721563
54.9,53.1735757721563
54.91,53.1735757721563
54.92,53.1735757721563
54.93,53.1735757721563
54.94,53.1735757721563
54.95,53.1735757721563
54.96,53.1735757721563
54.97,53.1735757721563
54.98,53.1735757721563
54.99,53.1735757721563
55,53.1735757721563
55.01,53.1735757721563
55.02,53.1735757721563
55.03,53.1735757721563
55.04,53.1735757721563
55.05,53.1735757721563
55.06,53.1735757721563
55.07,53.1735757721563
55.08,53.1735757721563
55.09,53.1735757721563
55.1,53.1735757721563
55.11,53.1735757721563
55.12,53.1735757721563
55.13,53.1735757721563
55.14,53.1735757721563
55.15,53.1735757721563
55.16,53.1735757721563
55.17,53.1735757721563
55.18,53.1735757721563
55.19,53.1735757721563
55.2,53.1735757721563
55.21,53.1735757721563
55.22,53.1735757721563
55.23,53.1735757721563
55.24,53.1735757721563
55.25,53.1735757721563
55.26,53.1735757721563
55.27,53.1735757721563
55.28,53.1735757721563
55.29,53.1735757721563
55.3,53.1735757721563
55.31,53.1735757721563
55.32,53.1735757721563
55.33,53.1735757721563
55.34,53.1735757721563
55.35,53.1735757721563
55.36,53.1735757721563
55.37,53.1735757721563
55.38,53.1735757721563
55.39,53.1735757721563
55.4,53.1735757721563
55.41,53.1735757721563
55.42,53.1735757721563
55.43,53.1735757721563
55.44,53.1735757721563
55.45,53.1735757721563
55.46,53.1735757721563
55.47,53.1735757721563
55.48,53.1735757721563
55.49,53.1735757721563
55.5,53.1735757721563
55.51,53.1735757721563
55.52,53.1735757721563
55.53,53.1735757721563
55.54,53.1735757721563
55.55,53.1735757721563
55.56,53.1735757721563
55.57,53.1735757721563
55.58,53.1735757721563
55.59,53.1735757721563
55.6,53.1735757721563
55.61,53.1735757721563
55.62,53.1735757721563
55.63,53.1735757721563
55.64,53.1735757721563
55.65,53.1735757721563
55.66,53.1735757721563
55.67,53.1735757721563
55.68,53.1735757721563
55.69,53.1735757721563
55.7,53.1735757721563
55.71,53.1735757721563
55.72,53.1735757721563
55.73,53.1735757721563
55.74,53.1735757721563
55.75,53.1735757721563
55.76,53.1735757721563
55.77,53.1735757721563
55.78,53.1735757721563
55.79,53.1735757721563
55.8,53.1735757721563
55.81,53.1735757721563
55.82,53.1735757721563
55.83,53.1735757721563
55.84,53.1735757721563
55.85,53.1735757721563
55.86,53.1735757721563
55.87,53.1735757721563
55.88,53.1735757721563
55.89,53.1735757721563
55.9,53.1735757721563
55.91,53.1735757721563
55.92,53.1735757721563
55.93,53.1735757721563
55.94,53.1735757721563
55.95,53.1735757721563
55.96,53.1735757721563
55.97,53.1735757721563
55.98,53.1735757721563
55.99,53.1735757721563
56,53.1735757721563
56.01,53.1735757721563
56.02,53.1735757721563
56.03,53.1735757721563
56.04,53.1735757721563
56.05,53.1735757721563
56.06,53.1735757721563
56.07,53.1735757721563
56.08,53.1735757721563
56.09,53.1735757721563
56.1,53.1735757721563
56.11,53.1735757721563
56.12,53.1735757721563
56.13,53.1735757721563
56.14,53.1735757721563
56.15,53.1735757721563
56.16,53.1735757721563
56.17,53.1735757721563
56.18,53.1735757721563
56.19,53.1735757721563
56.2,53.1735757721563
56.21,53.1735757721563
56.22,53.1735757721563
56.23,53.1735757721563
56.24,53.1735757721563
56.25,53.1735757721563
56.26,53.1735757721563
56.27,53.1735757721563
56.28,53.1735757721563
56.29,53.1735757721563
56.3,53.1735757721563
56.31,53.1735757721563
56.32,53.1735757721563
56.33,53.1735757721563
56.34,53.1735757721563
56.35,53.1735757721563
56.36,53.1735757721563
56.37,53.1735757721563
56.38,53.1735757721563
56.39,53.1735757721563
56.4,53.1735757721563
56.41,53.1735757721563
56.42,53.1735757721563
56.43,53.1735757721563
56.44,53.1735757721563
56.45,53.1735757721563
56.46,53.1735757721563
56.47,53.1735757721563
56.48,53.1735757721563
56.49,53.1735757721563
56.5,53.1735757721563
56.51,53.1735757721563
56.52,53.1735757721563
56.53,53.1735757721563
56.54,53.1735757721563
56.55,53.1735757721563
56.56,53.1735757721563
56.57,53.1735757721563
56.58,53.1735757721563
56.59,53.1735757721563
56.6,53.1735757721563
56.61,53.1735757721563
56.62,53.1735757721563
56.63,53.1735757721563
56.64,53.1735757721563
56.65,53.1735757721563
56.66,53.1735757721563
56.67,53.1735757721563
56.68,53.1735757721563
56.69,53.1735757721563
56.7,53.1735757721563
56.71,53.1735757721563
56.72,53.1735757721563
56.73,53.1735757721563
56.74,53.1735757721563
56.75,53.1735757721563
56.76,53.1735757721563
56.77,53.1735757721563
56.78,53.1735757721563
56.79,53.1735757721563
56.8,53.1735757721563
56.81,53.1735757721563
56.82,53.1735757721563
56.83,53.1735757721563
56.84,53.1735757721563
56.85,53.1735757721563
56.86,53.1735757721563
56.87,53.1735757721563
56.88,53.1735757721563
56.89,53.1735757721563
56.9,53.1735757721563
56.91,53.1735757721563
56.92,53.1735757721563
56.93,53.1735757721563
56.94,53.1735757721563
56.95,53.1735757721563
56.96,53.1735757721563
56.97,53.1735757721563
56.98,53.1735757721563
56.99,53.1735757721563
57,53.1735757721563
57.01,53.1735757721563
57.02,53.1735757721563
57.03,53.1735757721563
57.04,53.1735757721563
57.05,53.1735757721563
57.06,53.1735757721563
57.07,53.1735757721563
57.08,53.1735757721563
57.09,53.1735757721563
57.1,53.1735757721563
57.11,53.1735757721563
57.12,53.1735757721563
57.13,53.1735757721563
57.14,53.1735757721563
57.15,53.1735757721563
57.16,53.1735757721563
57.17,53.1735757721563
57.18,53.1735757721563
57.19,53.1735757721563
57.2,53.1735757721563
57.21,53.1735757721563
57.22,53.1735757721563
57.23,53.1735757721563
57.24,53.1735757721563
57.25,53.1735757721563
57.26,53.1735757721563
57.27,53.1735757721563
57.28,53.1735757721563
57.29,53.1735757721563
57.3,53.1735757721563
57.31,53.1735757721563
57.32,53.1735757721563
57.33,53.1735757721563
57.34,53.1735757721563
57.35,53.1735757721563
57.36,53.1735757721563
57.37,53.1735757721563
57.38,53.1735757721563
57.39,53.1735757721563
57.4,53.1735757721563
57.41,53.1735757721563
57.42,53.1735757721563
57.43,53.1735757721563
57.44,53.1735757721563
57.45,53.1735757721563
57.46,53.1735757721563
57.47,53.1735757721563
57.48,53.1735757721563
57.49,53.1735757721563
57.5,53.1735757721563
57.51,53.1735757721563
57.52,53.1735757721563
57.53,53.1735757721563
57.54,53.1735757721563
57.55,53.1735757721563
57.56,53.1735757721563
57.57,53.1735757721563
57.58,53.1735757721563
57.59,53.1735757721563
57.6,53.1735757721563
57.61,53.1735757721563
57.62,53.1735757721563
57.63,53.1735757721563
57.64,53.1735757721563
57.65,53.1735757721563
57.66,53.1735757721563
57.67,53.1735757721563
57.68,53.1735757721563
57.69,53.1735757721563
57.7,53.1735757721563
57.71,53.1735757721563
57.72,53.1735757721563
57.73,53.1735757721563
57.74,53.1735757721563
57.75,53.1735757721563
57.76,53.1735757721563
57.77,53.1735757721563
57.78,53.1735757721563
57.79,53.1735757721563
57.8,53.1735757721563
57.81,53.1735757721563
57.82,53.1735757721563
57.83,53.1735757721563
57.84,53.1735757721563
57.85,53.1735757721563
57.86,53.1735757721563
57.87,53.1735757721563
57.88,53.1735757721563
57.89,53.1735757721563
57.9,53.1735757721563
57.91,53.1735757721563
57.92,53.1735757721563
57.93,53.1735757721563
57.94,53.1735757721563
57.95,53.1735757721563
57.96,53.1735757721563
57.97,53.1735757721563
57.98,53.1735757721563
57.99,53.1735757721563
58,53.1735757721563
58.01,53.1735757721563
58.02,53.1735757721563
58.03,53.1735757721563
58.04,53.1735757721563
58.05,53.1735757721563
58.06,53.1735757721563
58.07,53.1735757721563
58.08,53.1735757721563
58.09,53.1735757721563
58.1,53.1735757721563
58.11,53.1735757721563
58.12,53.1735757721563
58.13,53.1735757721563
58.14,53.1735757721563
58.15,53.1735757721563
58.16,53.1735757721563
58.17,53.1735757721563
58.18,53.1735757721563
58.19,53.1735757721563
58.2,53.1735757721563
58.21,53.1735757721563
58.22,53.1735757721563
58.23,53.1735757721563
58.24,106.782190368312
58.25,106.782190368312
58.26,106.782190368312
58.27,106.782190368312
58.28,106.782190368312
58.29,106.782190368312
58.3,106.782190368312
58.31,106.782190368312
58.32,106.782190368312
58.33,106.782190368312
58.34,106.782190368312
58.35,106.782190368312
58.36,106.782190368312
58.37,106.782190368312
58.38,106.782190368312
58.39,106.782190368312
58.4,106.782190368312
58.41,106.782190368312
58.42,106.782190368312
58.43,106.782190368312
58.44,106.782190368312
58.45,106.782190368312
58.46,106.782190368312
58.47,106.782190368312
58.48,106.782190368312
58.49,106.782190368312
58.5,106.782190368312
58.51,106.782190368312
58.52,106.782190368312
58.53,106.782190368312
58.54,106.782190368312
58.55,106.782190368312
58.56,106.782190368312
58.57,106.782190368312
58.58,106.782190368312
58.59,106.782190368312
58.6,106.782190368312
58.61,106.782190368312
58.62,106.782190368312
58.63,106.782190368312
58.64,106.782190368312
58.65,106.782190368312
58.66,106.782190368312
58.67,106.782190368312
58.68,106.782190368312
58.69,106.782190368312
58.7,106.782190368312
58.71,106.782190368312
58.72,106.782190368312
58.73,106.782190368312
58.74,106.782190368312
58.75,106.782190368312
58.76,106.782190368312
58.77,106.782190368312
58.78,106.782190368312
58.79,106.782190368312
58.8,106.782190368312
58.81,106.782190368312
58.82,106.782190368312
58.83,106.782190368312
58.84,106.782190368312
58.85,106.782190368312
58.86,106.782190368312
58.87,106.782190368312
58.88,106.782190368312
58.89,106.782190368312
58.9,106.782190368312
58.91,106.782190368312
58.92,106.782190368312
58.93,106.782190368312
58.94,106.782190368312
58.95,106.782190368312
58.96,106.782190368312
58.97,106.782190368312
58.98,106.782190368312
58.99,106.782190368312
59,106.782190368312
59.01,106.782190368312
59.02,106.782190368312
59.03,106.782190368312
59.04,106.782190368312
59.05,106.782190368312
59.06,106.782190368312
59.07,106.782190368312
59.08,106.782190368312
59.09,106.782190368312
59.1,106.782190368312
59.11,106.782190368312
59.12,106.782190368312
59.13,106.782190368312
59.14,106.782190368312
59.15,106.782190368312
59.16,106.782190368312
59.17,106.782190368312
59.18,106.782190368312
59.19,106.782190368312
59.2,106.782190368312
59.21,106.782190368312
59.22,106.782190368312
59.23,106.782190368312
59.24,106.782190368312
59.25,106.782190368312
59.26,106.782190368312
59.27,106.782190368312
59.28,106.782190368312
59.29,106.782190368312
59.3,106.782190368312
59.31,106.782190368312
59.32,106.782190368312
59.33,106.782190368312
59.34,106.782190368312
59.35,106.782190368312
59.36,106.782190368312
59.37,106.782190368312
59.38,106.782190368312
59.39,106.782190368312
59.4,106.782190368312
59.41,106.782190368312
59.42,106.782190368312
59.43,106.782190368312
59.44,106.782190368312
59.45,106.782190368312
59.46,106.782190368312
59.47,106.782190368312
59.48,106.782190368312
59.49,106.782190368312
59.5,106.782190368312
59.51,106.782190368312
59.52,106.782190368312
59.53,106.782190368312
59.54,106.782190368312
59.55,106.782190368312
59.56,106.782190368312
59.57,106.782190368312
59.58,106.782190368312
59.59,106.782190368312
59.6,106.782190368312
59.61,106.782190368312
59.62,106.782190368312
59.63,106.782190368312
59.64,106.782190368312
59.65,106.782190368312
59.66,106.782190368312
59.67,106.782190368312
59.68,106.782190368312
59.69,106.782190368312
59.7,106.782190368312
59.71,106.782190368312
59.72,106.782190368312
59.73,106.782190368312
59.74,106.782190368312
59.75,106.782190368312
59.76,106.782190368312
59.77,106.782190368312
59.78,106.782190368312
59.79,106.782190368312
59.8,106.782190368312
59.81,106.782190368312
59.82,106.782190368312
59.83,106.782190368312
59.84,106.782190368312
59.85,106.782190368312
59.86,106.782190368312
59.87,106.782190368312
59.88,106.782190368312
59.89,106.782190368312
59.9,106.782190368312
59.91,106.782190368312
59.92,106.782190368312
59.93,106.782190368312
59.94,106.782190368312
59.95,106.782190368312
59.96,106.782190368312
59.97,106.782190368312
59.98,106.782190368312
59.99,106.782190368312
60,106.782190368312
60.01,106.782190368312
60.02,106.782190368312
60.03,106.782190368312
60.04,106.782190368312
60.05,106.782190368312
60.06,106.782190368312
60.07,106.782190368312
60.08,106.782190368312
60.09,106.782190368312
60.1,106.782190368312
60.11,106.782190368312
60.12,106.782190368312
60.13,106.782190368312
60.14,106.782190368312
60.15,106.782190368312
60.16,106.782190368312
60.17,106.782190368312
60.18,106.782190368312
60.19,106.782190368312
60.2,106.782190368312
60.21,106.782190368312
60.22,106.782190368312
60.23,106.782190368312
60.24,106.782190368312
60.25,106.782190368312
60.26,106.782190368312
60.27,106.782190368312
60.28,106.782190368312
60.29,106.782190368312
60.3,106.782190368312
60.31,106.782190368312
60.32,106.782190368312
60.33,106.782190368312
60.34,106.782190368312
60.35,106.782190368312
60.36,106.782190368312
60.37,106.782190368312
60.38,106.782190368312
60.39,106.782190368312
60.4,106.782190368312
60.41,106.782190368312
60.42,106.782190368312
60.43,106.782190368312
60.44,106.782190368312
60.45,106.782190368312
60.46,106.782190368312
60.47,106.782190368312
60.48,106.782190368312
60.49,106.782190368312
60.5,106.782190368312
60.51,106.782190368312
60.52,106.782190368312
60.53,106.782190368312
60.54,106.782190368312
60.55,106.782190368312
60.56,106.782190368312
60.57,106.782190368312
60.58,106.782190368312
60.59,106.782190368312
60.6,106.782190368312
60.61,106.782190368312
60.62,106.782190368312
60.63,106.782190368312
60.64,106.782190368312
60.65,106.782190368312
60.66,106.782190368312
60.67,106.782190368312
60.68,106.782190368312
60.69,106.782190368312
60.7,106.782190368312
60.71,106.782190368312
60.72,106.782190368312
60.73,106.782190368312
60.74,106.782190368312
60.75,106.782190368312
60.76,106.782190368312
60.77,106.782190368312
60.78,106.782190368312
60.79,106.782190368312
60.8,106.782190368312
60.81,106.782190368312
60.82,106.782190368312
60.83,106.782190368312
60.84,106.782190368312
60.85,106.782190368312
60.86,106.782190368312
60.87,106.782190368312
60.88,106.782190368312
60.89,106.782190368312
60.9,106.782190368312
60.91,106.782190368312
60.92,106.782190368312
60.93,106.782190368312
60.94,106.782190368312
60.95,106.782190368312
60.96,106.782190368312
60.97,106.782190368312
60.98,106.782190368312
60.99,106.782190368312
61,106.782190368312
61.01,106.782190368312
61.02,106.782190368312
61.03,106.782190368312
61.04,106.782190368312
61.05,106.782190368312
61.06,106.782190368312
61.07,106.782190368312
61.08,106.782190368312
61.09,106.782190368312
61.1,106.782190368312
61.11,106.782190368312
61.12,106.782190368312
61.13,106.782190368312
61.14,106.782190368312
61.15,106.782190368312
61.16,106.782190368312
61.17,106.782190368312
61.18,106.782190368312
61.19,106.782190368312
61.2,106.782190368312
61.21,106.782190368312
61.22,106.782190368312
61.23,106.782190368312
61.24,106.782190368312
61.25,106.782190368312
61.26,106.782190368312
61.27,106.782190368312
61.28,106.782190368312
61.29,106.782190368312
61.3,106.782190368312
61.31,106.782190368312
61.32,106.782190368312
61.33,106.782190368312
61.34,106.782190368312
61.35,106.782190368312
61.36,106.782190368312
61.37,106.782190368312
61.38,106.782190368312
61.39,106.782190368312
61.4,106.782190368312
61.41,106.782190368312
61.42,106.782190368312
61.43,106.782190368312
61.44,106.782190368312
61.45,106.782190368312
61.46,106.782190368312
61.47,106.782190368312
61.48,106.782190368312
61.49,106.782190368312
61.5,106.782190368312
61.51,106.782190368312
61.52,106.782190368312
61.53,106.782190368312
61.54,106.782190368312
61.55,106.782190368312
61.56,106.782190368312
61.57,106.782190368312
61.58,106.782190368312
61.59,106.782190368312
61.6,106.782190368312
61.61,106.782190368312
61.62,106.782190368312
61.63,106.782190368312
61.64,106.782190368312
61.65,106.782190368312
61.66,106.782190368312
61.67,106.782190368312
61.68,106.782190368312
61.69,106.782190368312
61.7,106.782190368312
61.71,106.782190368312
61.72,106.782190368312
61.73,106.782190368312
61.74,106.782190368312
61.75,106.782190368312
61.76,106.782190368312
61.77,106.782190368312
61.78,75.0963748315719
61.79,75.0963748315719
61.8,75.0963748315719
61.81,75.0963748315719
61.82,75.0963748315719
61.83,75.0963748315719
61.84,75.0963748315719
61.85,75.0963748315719
61.86,75.0963748315719
61.87,75.0963748315719
61.88,75.0963748315719
61.89,75.0963748315719
61.9,75.0963748315719
61.91,75.0963748315719
61.92,75.0963748315719
61.93,75.0963748315719
61.94,75.0963748315719
61.95,75.0963748315719
61.96,75.0963748315719
61.97,75.0963748315719
61.98,75.0963748315719
61.99,75.0963748315719
62,75.0963748315719
62.01,75.0963748315719
62.02,75.0963748315719
62.03,75.0963748315719
62.04,75.0963748315719
62.05,75.0963748315719
62.06,75.0963748315719
62.07,75.0963748315719
62.08,75.0963748315719
62.09,75.0963748315719
62.1,75.0963748315719
62.11,75.0963748315719
62.12,75.0963748315719
62.13,75.0963748315719
62.14,75.0963748315719
62.15,75.0963748315719
62.16,75.0963748315719
62.17,75.0963748315719
62.18,75.0963748315719
62.19,75.0963748315719
62.2,75.0963748315719
62.21,75.0963748315719
62.22,75.0963748315719
62.23,75.0963748315719
62.24,75.0963748315719
62.25,75.0963748315719
62.26,75.0963748315719
62.27,75.0963748315719
62.28,75.0963748315719
62.29,75.0963748315719
62.3,75.0963748315719
62.31,75.0963748315719
62.32,75.0963748315719
62.33,75.0963748315719
62.34,75.0963748315719
62.35,75.0963748315719
62.36,75.0963748315719
62.37,75.0963748315719
62.38,75.0963748315719
62.39,75.0963748315719
62.4,75.0963748315719
62.41,75.0963748315719
62.42,75.0963748315719
62.43,75.0963748315719
62.44,75.0963748315719
62.45,75.0963748315719
62.46,75.0963748315719
62.47,75.0963748315719
62.48,75.0963748315719
62.49,75.0963748315719
62.5,75.0963748315719
62.51,75.0963748315719
62.52,75.0963748315719
62.53,75.0963748315719
62.54,75.0963748315719
62.55,75.0963748315719
62.56,75.0963748315719
62.57,75.0963748315719
62.58,75.0963748315719
62.59,75.0963748315719
62.6,75.0963748315719
62.61,75.0963748315719
62.62,75.0963748315719
62.63,75.0963748315719
62.64,75.0963748315719
62.65,75.0963748315719
62.66,75.0963748315719
62.67,75.0963748315719
62.68,75.0963748315719
62.69,75.0963748315719
62.7,75.0963748315719
62.71,75.0963748315719
62.72,75.0963748315719
62.73,75.0963748315719
62.74,75.0963748315719
62.75,75.0963748315719
62.76,75.0963748315719
62.77,75.0963748315719
62.78,75.0963748315719
62.79,75.0963748315719
62.8,75.0963748315719
62.81,75.0963748315719
62.82,75.0963748315719
62.83,75.0963748315719
62.84,75.0963748315719
62.85,75.0963748315719
62.86,75.0963748315719
62.87,75.0963748315719
62.88,75.0963748315719
62.89,75.0963748315719
62.9,75.0963748315719
62.91,75.0963748315719
62.92,75.0963748315719
62.93,75.0963748315719
62.94,75.0963748315719
62.95,75.0963748315719
62.96,75.0963748315719
62.97,75.0963748315719
62.98,75.0963748315719
62.99,75.0963748315719
63,75.0963748315719
63.01,75.0963748315719
63.02,75.0963748315719
63.03,75.0963748315719
63.04,75.0963748315719
63.05,75.0963748315719
63.06,75.0963748315719
63.07,75.0963748315719
63.08,75.0963748315719
63.09,75.0963748315719
63.1,75.0963748315719
63.11,75.0963748315719
63.12,75.0963748315719
63.13,75.0963748315719
63.14,75.0963748315719
63.15,75.0963748315719
63.16,75.0963748315719
63.17,75.0963748315719
63.18,75.0963748315719
63.19,75.0963748315719
63.2,75.0963748315719
63.21,75.0963748315719
63.22,75.0963748315719
63.23,75.0963748315719
63.24,75.0963748315719
63.25,75.0963748315719
63.26,75.0963748315719
63.27,75.0963748315719
63.28,75.0963748315719
63.29,75.0963748315719
63.3,75.0963748315719
63.31,75.0963748315719
63.32,75.0963748315719
63.33,75.0963748315719
63.34,75.0963748315719
63.35,75.0963748315719
63.36,75.0963748315719
63.37,75.0963748315719
63.38,75.0963748315719
63.39,75.0963748315719
63.4,75.0963748315719
63.41,75.0963748315719
63.42,75.0963748315719
63.43,75.0963748315719
63.44,75.0963748315719
63.45,75.0963748315719
63.46,75.0963748315719
63.47,75.0963748315719
63.48,75.0963748315719
63.49,75.0963748315719
63.5,75.0963748315719
63.51,75.0963748315719
63.52,75.0963748315719
63.53,75.0963748315719
63.54,75.0963748315719
63.55,75.0963748315719
63.56,75.0963748315719
63.57,75.0963748315719
63.58,75.0963748315719
63.59,75.0963748315719
63.6,75.0963748315719
63.61,75.0963748315719
63.62,75.0963748315719
63.63,75.0963748315719
63.64,75.0963748315719
63.65,75.0963748315719
63.66,75.0963748315719
63.67,75.0963748315719
63.68,75.0963748315719
63.69,75.0963748315719
63.7,75.0963748315719
63.71,75.0963748315719
63.72,75.0963748315719
63.73,75.0963748315719
63.74,75.0963748315719
63.75,75.0963748315719
63.76,75.0963748315719
63.77,75.0963748315719
63.78,75.0963748315719
63.79,75.0963748315719
63.8,75.0963748315719
63.81,75.0963748315719
63.82,75.0963748315719
63.83,75.0963748315719
63.84,75.0963748315719
63.85,75.0963748315719
63.86,75.0963748315719
63.87,75.0963748315719
63.88,75.0963748315719
63.89,75.0963748315719
63.9,75.0963748315719
63.91,75.0963748315719
63.92,75.0963748315719
63.93,75.0963748315719
63.94,75.0963748315719
63.95,75.0963748315719
63.96,75.0963748315719
63.97,75.0963748315719
63.98,75.0963748315719
63.99,75.0963748315719
64,75.0963748315719
64.01,75.0963748315719
64.02,75.0963748315719
64.03,75.0963748315719
64.04,75.0963748315719
64.05,75.0963748315719
64.06,75.0963748315719
64.07,75.0963748315719
64.08,75.0963748315719
64.09,75.0963748315719
64.1,75.0963748315719
64.11,75.0963748315719
64.12,75.0963748315719
64.13,75.0963748315719
64.14,75.0963748315719
64.15,75.0963748315719
64.16,75.0963748315719
64.17,75.0963748315719
64.18,75.0963748315719
64.19,75.0963748315719
64.2,75.0963748315719
64.21,75.0963748315719
64.22,75.0963748315719
64.23,75.0963748315719
64.24,75.0963748315719
64.25,75.0963748315719
64.26,75.0963748315719
64.27,75.0963748315719
64.28,75.0963748315719
64.29,75.0963748315719
64.3,75.0963748315719
64.31,75.0963748315719
64.32,75.0963748315719
64.33,75.0963748315719
64.34,19.8958199595888
64.35,19.8958199595888
64.36,19.8958199595888
64.37,19.8958199595888
64.38,19.8958199595888
64.39,19.8958199595888
64.4,19.8958199595888
64.41,19.8958199595888
64.42,19.8958199595888
64.43,19.8958199595888
64.44,19.8958199595888
64.45,19.8958199595888
64.46,19.8958199595888
64.47,19.8958199595888
64.48,19.8958199595888
64.49,19.8958199595888
64.5,19.8958199595888
64.51,19.8958199595888
64.52,19.8958199595888
64.53,19.8958199595888
64.54,19.8958199595888
64.55,19.8958199595888
64.56,19.8958199595888
64.57,19.8958199595888
64.58,19.8958199595888
64.59,19.8958199595888
64.6,19.8958199595888
64.61,19.8958199595888
64.62,19.8958199595888
64.63,19.8958199595888
64.64,19.8958199595888
64.65,19.8958199595888
64.66,19.8958199595888
64.67,19.8958199595888
64.68,19.8958199595888
64.69,19.8958199595888
64.7,19.8958199595888
64.71,19.8958199595888
64.72,19.8958199595888
64.73,19.8958199595888
64.74,19.8958199595888
64.75,19.8958199595888
64.76,19.8958199595888
64.77,19.8958199595888
64.78,19.8958199595888
64.79,19.8958199595888
64.8,19.8958199595888
64.81,19.8958199595888
64.82,19.8958199595888
64.83,19.8958199595888
64.84,19.8958199595888
64.85,19.8958199595888
64.86,19.8958199595888
64.87,19.8958199595888
64.88,19.8958199595888
64.89,19.8958199595888
64.9,19.8958199595888
64.91,19.8958199595888
64.92,19.8958199595888
64.93,19.8958199595888
64.94,19.8958199595888
64.95,19.8958199595888
64.96,19.8958199595888
64.97,19.8958199595888
64.98,19.8958199595888
64.99,19.8958199595888
65,19.8958199595888
65.01,19.8958199595888
65.02,19.8958199595888
65.03,19.8958199595888
65.04,19.8958199595888
65.05,19.8958199595888
65.06,19.8958199595888
65.07,19.8958199595888
65.08,19.8958199595888
65.09,19.8958199595888
65.1,19.8958199595888
65.11,19.8958199595888
65.12,19.8958199595888
65.13,19.8958199595888
65.14,19.8958199595888
65.15,19.8958199595888
65.16,19.8958199595888
65.17,19.8958199595888
65.18,19.8958199595888
65.19,19.8958199595888
65.2,19.8958199595888
65.21,19.8958199595888
65.22,19.8958199595888
65.23,19.8958199595888
65.24,19.8958199595888
65.25,19.8958199595888
65.26,19.8958199595888
65.27,19.8958199595888
65.28,19.8958199595888
65.29,19.8958199595888
65.3,19.8958199595888
65.31,19.8958199595888
65.32,19.8958199595888
65.33,19.8958199595888
65.34,19.8958199595888
65.35,19.8958199595888
65.36,19.8958199595888
65.37,19.8958199595888
65.38,19.8958199595888
65.39,19.8958199595888
65.4,19.8958199595888
65.41,19.8958199595888
65.42,19.8958199595888
65.43,19.8958199595888
65.44,19.8958199595888
65.45,19.8958199595888
65.46,19.8958199595888
65.47,19.8958199595888
65.48,19.8958199595888
65.49,19.8958199595888
65.5,19.8958199595888
65.51,19.8958199595888
65.52,19.8958199595888
65.53,19.8958199595888
65.54,19.8958199595888
65.55,19.8958199595888
65.56,19.8958199595888
65.57,19.8958199595888
65.58,19.8958199595888
65.59,19.8958199595888
65.6,19.8958199595888
65.61,19.8958199595888
65.62,19.8958199595888
65.63,19.8958199595888
65.64,19.8958199595888
65.65,19.8958199595888
65.66,19.8958199595888
65.67,19.8958199595888
65.68,19.8958199595888
65.69,19.8958199595888
65.7,19.8958199595888
65.71,19.8958199595888
65.72,19.8958199595888
65.73,19.8958199595888
65.74,19.8958199595888
65.75,19.8958199595888
65.76,19.8958199595888
65.77,19.8958199595888
65.78,19.8958199595888
65.79,19.8958199595888
65.8,19.8958199595888
65.81,19.8958199595888
65.82,19.8958199595888
65.83,19.8958199595888
65.84,19.8958199595888
65.85,19.8958199595888
65.86,19.8958199595888
65.87,19.8958199595888
65.88,19.8958199595888
65.89,19.8958199595888
65.9,19.8958199595888
65.91,19.8958199595888
65.92,19.8958199595888
65.93,19.8958199595888
65.94,19.8958199595888
65.95,19.8958199595888
65.96,19.8958199595888
65.97,19.8958199595888
65.98,19.8958199595888
65.99,19.8958199595888
66,19.8958199595888
66.01,19.8958199595888
66.02,19.8958199595888
66.03,19.8958199595888
66.04,19.8958199595888
66.05,19.8958199595888
66.06,19.8958199595888
66.07,19.8958199595888
66.08,19.8958199595888
66.09,19.8958199595888
66.1,19.8958199595888
66.11,19.8958199595888
66.12,19.8958199595888
66.13,19.8958199595888
66.14,19.8958199595888
66.15,19.8958199595888
66.16,19.8958199595888
66.17,19.8958199595888
66.18,19.8958199595888
66.19,19.8958199595888
66.2,19.8958199595888
66.21,19.8958199595888
66.22,19.8958199595888
66.23,19.8958199595888
66.24,19.8958199595888
66.25,19.8958199595888
66.26,19.8958199595888
66.27,19.8958199595888
66.28,19.8958199595888
66.29,19.8958199595888
66.3,19.8958199595888
66.31,19.8958199595888
66.32,19.8958199595888
66.33,19.8958199595888
66.34,19.8958199595888
66.35,19.8958199595888
66.36,19.8958199595888
66.37,19.8958199595888
66.38,19.8958199595888
66.39,19.8958199595888
66.4,19.8958199595888
66.41,19.8958199595888
66.42,19.8958199595888
66.43,19.8958199595888
66.44,19.8958199595888
66.45,19.8958199595888
66.46,19.8958199595888
66.47,19.8958199595888
66.48,19.8958199595888
66.49,19.8958199595888
66.5,19.8958199595888
66.51,19.8958199595888
66.52,19.8958199595888
66.53,19.8958199595888
66.54,19.8958199595888
66.55,19.8958199595888
66.56,19.8958199595888
66.57,19.8958199595888
66.58,19.8958199595888
66.59,19.8958199595888
66.6,19.8958199595888
66.61,19.8958199595888
66.62,19.8958199595888
66.63,19.8958199595888
66.64,19.8958199595888
66.65,19.8958199595888
66.66,19.8958199595888
66.67,19.8958199595888
66.68,19.8958199595888
66.69,19.8958199595888
66.7,19.8958199595888
66.71,67.1258447686367
66.72,67.1258447686367
66.73,67.1258447686367
66.74,67.1258447686367
66.75,67.1258447686367
66.76,67.1258447686367
66.77,67.1258447686367
66.78,67.1258447686367
66.79,67.1258447686367
66.8,67.1258447686367
66.81,67.1258447686367
66.82,67.1258447686367
66.83,67.1258447686367
66.84,67.1258447686367
66.85,67.1258447686367
66.86,67.1258447686367
66.87,67.1258447686367
66.88,67.1258447686367
66.89,67.1258447686367
66.9,67.1258447686367
66.91,67.1258447686367
66.92,67.1258447686367
66.93,67.1258447686367
66.94,67.1258447686367
66.95,67.1258447686367
66.96,67.1258447686367
66.97,67.1258447686367
66.98,67.1258447686367
66.99,67.1258447686367
67,67.1258447686367
67.01,67.1258447686367
67.02,67.1258447686367
67.03,67.1258447686367
67.04,67.1258447686367
67.05,67.1258447686367
67.06,67.1258447686367
67.07,67.1258447686367
67.08,67.1258447686367
67.09,67.1258447686367
67.1,67.1258447686367
67.11,67.1258447686367
67.12,67.1258447686367
67.13,67.1258447686367
67.14,67.1258447686367
67.15,67.1258447686367
67.16,67.1258447686367
67.17,67.1258447686367
67.18,67.1258447686367
67.19,67.1258447686367
67.2,67.1258447686367
67.21,67.1258447686367
67.22,67.1258447686367
67.23,67.1258447686367
67.24,67.1258447686367
67.25,67.1258447686367
67.26,67.1258447686367
67.27,67.1258447686367
67.28,67.1258447686367
67.29,67.1258447686367
67.3,67.1258447686367
67.31,67.1258447686367
67.32,67.1258447686367
67.33,67.1258447686367
67.34,67.1258447686367
67.35,67.1258447686367
67.36,67.1258447686367
67.37,67.1258447686367
67.38,67.1258447686367
67.39,67.1258447686367
67.4,67.1258447686367
67.41,67.1258447686367
67.42,67.1258447686367
67.43,67.1258447686367
67.44,67.1258447686367
67.45,67.1258447686367
67.46,67.1258447686367
67.47,67.1258447686367
67.48,67.1258447686367
67.49,67.1258447686367
67.5,67.1258447686367
67.51,67.1258447686367
67.52,67.1258447686367
67.53,67.1258447686367
67.54,67.1258447686367
67.55,67.1258447686367
67.56,67.1258447686367
67.57,67.1258447686367
67.58,67.1258447686367
67.59,67.1258447686367
67.6,67.1258447686367
67.61,67.1258447686367
67.62,67.1258447686367
67.63,67.1258447686367
67.64,67.1258447686367
67.65,67.1258447686367
67.66,67.1258447686367
67.67,67.1258447686367
67.68,67.1258447686367
67.69,67.1258447686367
67.7,67.1258447686367
67.71,67.1258447686367
67.72,67.1258447686367
67.73,67.1258447686367
67.74,67.1258447686367
67.75,67.1258447686367
67.76,67.1258447686367
67.77,67.1258447686367
67.78,67.1258447686367
67.79,67.1258447686367
67.8,67.1258447686367
67.81,67.1258447686367
67.82,67.1258447686367
67.83,67.1258447686367
67.84,67.1258447686367
67.85,67.1258447686367
67.86,67.1258447686367
67.87,67.1258447686367
67.88,67.1258447686367
67.89,67.1258447686367
67.9,67.1258447686367
67.91,67.1258447686367
67.92,67.1258447686367
67.93,67.1258447686367
67.94,67.1258447686367
67.95,67.1258447686367
67.96,67.1258447686367
67.97,67.1258447686367
67.98,67.1258447686367
67.99,67.1258447686367
68,67.1258447686367
68.01,67.1258447686367
68.02,67.1258447686367
68.03,67.1258447686367
68.04,67.1258447686367
68.05,67.1258447686367
68.06,67.1258447686367
68.07,67.1258447686367
68.08,67.1258447686367
68.09,67.1258447686367
68.1,67.1258447686367
68.11,67.1258447686367
68.12,67.1258447686367
68.13,67.1258447686367
68.14,67.1258447686367
68.15,67.1258447686367
68.16,67.1258447686367
68.17,67.1258447686367
68.18,67.1258447686367
68.19,67.1258447686367
68.2,67.1258447686367
68.21,67.1258447686367
68.22,67.1258447686367
68.23,67.1258447686367
68.24,67.1258447686367
68.25,67.1258447686367
68.26,67.1258447686367
68.27,67.1258447686367
68.28,67.1258447686367
68.29,67.1258447686367
68.3,67.1258447686367
68.31,67.1258447686367
68.32,67.1258447686367
68.33,67.1258447686367
68.34,67.1258447686367
68.35,67.1258447686367
68.36,67.1258447686367
68.37,67.1258447686367
68.38,67.1258447686367
68.39,67.1258447686367
68.4,67.1258447686367
68.41,67.1258447686367
68.42,67.1258447686367
68.43,67.1258447686367
68.44,67.1258447686367
68.45,67.1258447686367
68.46,67.1258447686367
68.47,67.1258447686367
68.48,67.1258447686367
68.49,67.1258447686367
68.5,67.1258447686367
68.51,67.1258447686367
68.52,67.1258447686367
68.53,67.1258447686367
68.54,67.1258447686367
68.55,67.1258447686367
68.56,67.1258447686367
68.57,67.1258447686367
68.58,67.1258447686367
68.59,67.1258447686367
68.6,67.1258447686367
68.61,67.1258447686367
68.62,67.1258447686367
68.63,67.1258447686367
68.64,67.1258447686367
68.65,67.1258447686367
68.66,67.1258447686367
68.67,67.1258447686367
68.68,67.1258447686367
68.69,67.1258447686367
68.7,67.1258447686367
68.71,67.1258447686367
68.72,67.1258447686367
68.73,67.1258447686367
68.74,67.1258447686367
68.75,67.1258447686367
68.76,67.1258447686367
68.77,67.1258447686367
68.78,67.1258447686367
68.79,67.1258447686367
68.8,67.1258447686367
68.81,67.1258447686367
68.82,67.1258447686367
68.83,67.1258447686367
68.84,67.1258447686367
68.85,67.1258447686367
68.86,67.1258447686367
68.87,67.1258447686367
68.88,67.1258447686367
68.89,67.1258447686367
68.9,67.1258447686367
68.91,67.1258447686367
68.92,67.1258447686367
68.93,67.1258447686367
68.94,67.1258447686367
68.95,67.1258447686367
68.96,67.1258447686367
68.97,67.1258447686367
68.98,67.1258447686367
68.99,67.1258447686367
69,67.1258447686367
69.01,67.1258447686367
69.02,67.1258447686367
69.03,67.1258447686367
69.04,67.1258447686367
69.05,67.1258447686367
69.06,67.1258447686367
69.07,67.1258447686367
69.08,67.1258447686367
69.09,67.1258447686367
69.1,67.1258447686367
69.11,67.1258447686367
69.12,67.1258447686367
69.13,67.1258447686367
69.14,67.1258447686367
69.15,67.1258447686367
69.16,67.1258447686367
69.17,67.1258447686367
69.18,67.1258447686367
69.19,67.1258447686367
69.2,67.1258447686367
69.21,67.1258447686367
69.22,67.1258447686367
69.23,67.1258447686367
69.24,67.1258447686367
69.25,67.1258447686367
69.26,67.1258447686367
69.27,67.1258447686367
69.28,67.1258447686367
69.29,67.1258447686367
69.3,67.1258447686367
69.31,67.1258447686367
69.32,67.1258447686367
69.33,67.1258447686367
69.34,67.1258447686367
69.35,67.1258447686367
69.36,67.1258447686367
69.37,67.1258447686367
69.38,67.1258447686367
69.39,67.1258447686367
69.4,67.1258447686367
69.41,67.1258447686367
69.42,67.1258447686367
69.43,67.1258447686367
69.44,72.5250012998137
69.45,72.5250012998137
69.46,72.5250012998137
69.47,72.5250012998137
69.48,72.5250012998137
69.49,72.5250012998137
69.5,72.5250012998137
69.51,72.5250012998137
69.52,72.5250012998137
69.53,72.5250012998137
69.54,72.5250012998137
69.55,72.5250012998137
69.56,72.5250012998137
69.57,72.5250012998137
69.58,72.5250012998137
69.59,72.5250012998137
69.6,72.5250012998137
69.61,72.5250012998137
69.62,72.5250012998137
69.63,72.5250012998137
69.64,72.5250012998137
69.65,72.5250012998137
69.66,72.5250012998137
69.67,72.5250012998137
69.68,72.5250012998137
69.69,72.5250012998137
69.7,72.5250012998137
69.71,72.5250012998137
69.72,72.5250012998137
69.73,72.5250012998137
69.74,72.5250012998137
69.75,72.5250012998137
69.76,72.5250012998137
69.77,72.5250012998137
69.78,72.5250012998137
69.79,72.5250012998137
69.8,72.5250012998137
69.81,72.5250012998137
69.82,72.5250012998137
69.83,72.5250012998137
69.84,72.5250012998137
69.85,72.5250012998137
69.86,72.5250012998137
69.87,72.5250012998137
69.88,72.5250012998137
69.89,72.5250012998137
69.9,72.5250012998137
69.91,72.5250012998137
69.92,72.5250012998137
69.93,72.5250012998137
69.94,72.5250012998137
69.95,72.5250012998137
69.96,72.5250012998137
69.97,72.5250012998137
69.98,72.5250012998137
69.99,72.5250012998137
70,72.5250012998137
70.01,72.5250012998137
70.02,72.5250012998137
70.03,72.5250012998137
70.04,72.5250012998137
70.05,72.5250012998137
70.06,72.5250012998137
70.07,72.5250012998137
70.08,72.5250012998137
70.09,72.5250012998137
70.1,72.5250012998137
70.11,72.5250012998137
70.12,72.5250012998137
70.13,72.5250012998137
70.14,72.5250012998137
70.15,72.5250012998137
70.16,72.5250012998137
70.17,72.5250012998137
70.18,72.5250012998137
70.19,72.5250012998137
70.2,72.5250012998137
70.21,72.5250012998137
70.22,72.5250012998137
70.23,72.5250012998137
70.24,72.5250012998137
70.25,72.5250012998137
70.26,72.5250012998137
70.27,72.5250012998137
70.28,72.5250012998137
70.29,72.5250012998137
70.3,72.5250012998137
70.31,72.5250012998137
70.32,72.5250012998137
70.33,72.5250012998137
70.34,72.5250012998137
70.35,72.5250012998137
70.36,72.5250012998137
70.37,72.5250012998137
70.38,72.5250012998137
70.39,72.5250012998137
70.4,72.5250012998137
70.41,72.5250012998137
70.42,72.5250012998137
70.43,72.5250012998137
70.44,72.5250012998137
70.45,72.5250012998137
70.46,72.5250012998137
70.47,72.5250012998137
70.48,72.5250012998137
70.49,72.5250012998137
70.5,72.5250012998137
70.51,72.5250012998137
70.52,72.5250012998137
70.53,72.5250012998137
70.54,72.5250012998137
70.55,72.5250012998137
70.56,72.5250012998137
70.57,72.5250012998137
70.58,72.5250012998137
70.59,72.5250012998137
70.6,72.5250012998137
70.61,72.5250012998137
70.62,72.5250012998137
70.63,72.5250012998137
70.64,72.5250012998137
70.65,72.5250012998137
70.66,72.5250012998137
70.67,72.5250012998137
70.68,72.5250012998137
70.69,72.5250012998137
70.7,72.5250012998137
70.71,72.5250012998137
70.72,72.5250012998137
70.73,72.5250012998137
70.74,72.5250012998137
70.75,72.5250012998137
70.76,72.5250012998137
70.77,72.5250012998137
70.78,72.5250012998137
70.79,72.5250012998137
70.8,72.5250012998137
70.81,72.5250012998137
70.82,72.5250012998137
70.83,72.5250012998137
70.84,72.5250012998137
70.85,72.5250012998137
70.86,72.5250012998137
70.87,72.5250012998137
70.88,72.5250012998137
70.89,72.5250012998137
70.9,72.5250012998137
70.91,72.5250012998137
70.92,72.5250012998137
70.93,72.5250012998137
70.94,72.5250012998137
70.95,72.5250012998137
70.96,72.5250012998137
70.97,72.5250012998137
70.98,72.5250012998137
70.99,72.5250012998137
71,72.5250012998137
71.01,72.5250012998137
71.02,72.5250012998137
71.03,72.5250012998137
71.04,72.5250012998137
71.05,72.5250012998137
71.06,72.5250012998137
71.07,72.5250012998137
71.08,72.5250012998137
71.09,72.5250012998137
71.1,72.5250012998137
71.11,72.5250012998137
71.12,29.8476959434461
71.13,29.8476959434461
71.14,29.8476959434461
71.15,29.8476959434461
71.16,29.8476959434461
71.17,29.8476959434461
71.18,29.8476959434461
71.19,29.8476959434461
71.2,29.8476959434461
71.21,29.8476959434461
71.22,29.8476959434461
71.23,29.8476959434461
71.24,29.8476959434461
71.25,29.8476959434461
71.26,29.8476959434461
71.27,29.8476959434461
71.28,29.8476959434461
71.29,29.8476959434461
71.3,29.8476959434461
71.31,29.8476959434461
71.32,29.8476959434461
71.33,29.8476959434461
71.34,29.8476959434461
71.35,29.8476959434461
71.36,29.8476959434461
71.37,29.8476959434461
71.38,29.8476959434461
71.39,29.8476959434461
71.4,29.8476959434461
71.41,29.8476959434461
71.42,29.8476959434461
71.43,29.8476959434461
71.44,29.8476959434461
71.45,29.8476959434461
71.46,29.8476959434461
71.47,29.8476959434461
71.48,29.8476959434461
71.49,29.8476959434461
71.5,29.8476959434461
71.51,29.8476959434461
71.52,29.8476959434461
71.53,29.8476959434461
71.54,29.8476959434461
71.55,29.8476959434461
71.56,29.8476959434461
71.57,29.8476959434461
71.58,29.8476959434461
71.59,29.8476959434461
71.6,29.8476959434461
71.61,29.8476959434461
71.62,29.8476959434461
71.63,29.8476959434461
71.64,29.8476959434461
71.65,29.8476959434461
71.66,29.8476959434461
71.67,29.8476959434461
71.68,29.8476959434461
71.69,29.8476959434461
71.7,29.8476959434461
71.71,29.8476959434461
71.72,29.8476959434461
71.73,29.8476959434461
71.74,29.8476959434461
71.75,29.8476959434461
71.76,29.8476959434461
71.77,29.8476959434461
71.78,29.8476959434461
71.79,29.8476959434461
71.8,29.8476959434461
71.81,29.8476959434461
71.82,29.8476959434461
71.83,29.8476959434461
71.84,29.8476959434461
71.85,29.8476959434461
71.86,29.8476959434461
71.87,29.8476959434461
71.88,29.8476959434461
71.89,29.8476959434461
71.9,29.8476959434461
71.91,29.8476959434461
71.92,29.8476959434461
71.93,29.8476959434461
71.94,29.8476959434461
71.95,29.8476959434461
71.96,29.8476959434461
71.97,29.8476959434461
71.98,29.8476959434461
71.99,29.8476959434461
72,29.8476959434461
72.01,29.8476959434461
72.02,29.8476959434461
72.03,29.8476959434461
72.04,29.8476959434461
72.05,29.8476959434461
72.06,29.8476959434461
72.07,29.8476959434461
72.08,29.8476959434461
72.09,29.8476959434461
72.1,29.8476959434461
72.11,29.8476959434461
72.12,29.8476959434461
72.13,29.8476959434461
72.14,29.8476959434461
72.15,29.8476959434461
72.16,29.8476959434461
72.17,29.8476959434461
72.18,29.8476959434461
72.19,29.8476959434461
72.2,29.8476959434461
72.21,29.8476959434461
72.22,29.8476959434461
72.23,29.8476959434461
72.24,29.8476959434461
72.25,29.8476959434461
72.26,29.8476959434461
72.27,29.8476959434461
72.28,29.8476959434461
72.29,29.8476959434461
72.3,29.8476959434461
72.31,29.8476959434461
72.32,29.8476959434461
72.33,29.8476959434461
72.34,29.8476959434461
72.35,29.8476959434461
72.36,29.8476959434461
72.37,29.8476959434461
72.38,29.8476959434461
72.39,29.8476959434461
72.4,29.8476959434461
72.41,29.8476959434461
72.42,29.8476959434461
72.43,29.8476959434461
72.44,29.8476959434461
72.45,29.8476959434461
72.46,29.8476959434461
72.47,29.8476959434461
72.48,29.8476959434461
72.49,29.8476959434461
72.5,29.8476959434461
72.51,29.8476959434461
72.52,29.8476959434461
72.53,29.8476959434461
72.54,29.8476959434461
72.55,29.8476959434461
72.56,29.8476959434461
72.57,29.8476959434461
72.58,29.8476959434461
72.59,29.8476959434461
72.6,29.8476959434461
72.61,29.8476959434461
72.62,29.8476959434461
72.63,29.8476959434461
72.64,29.8476959434461
72.65,29.8476959434461
72.66,29.8476959434461
72.67,29.8476959434461
72.68,29.8476959434461
72.69,29.8476959434461
72.7,29.8476959434461
72.71,29.8476959434461
72.72,29.8476959434461
72.73,29.8476959434461
72.74,29.8476959434461
72.75,29.8476959434461
72.76,29.8476959434461
72.77,29.8476959434461
72.78,29.8476959434461
72.79,29.8476959434461
72.8,29.8476959434461
72.81,29.8476959434461
72.82,29.8476959434461
72.83,29.8476959434461
72.84,29.8476959434461
72.85,29.8476959434461
72.86,29.8476959434461
72.87,29.8476959434461
72.88,29.8476959434461
72.89,29.8476959434461
72.9,29.8476959434461
72.91,29.8476959434461
72.92,29.8476959434461
72.93,29.8476959434461
72.94,29.8476959434461
72.95,29.8476959434461
72.96,29.8476959434461
72.97,29.8476959434461
72.98,29.8476959434461
72.99,29.8476959434461
73,29.8476959434461
73.01,29.8476959434461
73.02,29.8476959434461
73.03,6.48873138041712
73.04,6.48873138041712
73.05,6.48873138041712
73.06,6.48873138041712
73.07,6.48873138041712
73.08,6.48873138041712
73.09,6.48873138041712
73.1,6.48873138041712
73.11,6.48873138041712
73.12,6.48873138041712
73.13,6.48873138041712
73.14,6.48873138041712
73.15,6.48873138041712
73.16,6.48873138041712
73.17,6.48873138041712
73.18,6.48873138041712
73.19,6.48873138041712
73.2,6.48873138041712
73.21,6.48873138041712
73.22,6.48873138041712
73.23,6.48873138041712
73.24,6.48873138041712
73.25,6.48873138041712
73.26,6.48873138041712
73.27,6.48873138041712
73.28,6.48873138041712
73.29,6.48873138041712
73.3,6.48873138041712
73.31,6.48873138041712
73.32,6.48873138041712
73.33,6.48873138041712
73.34,6.48873138041712
73.35,6.48873138041712
73.36,6.48873138041712
73.37,6.48873138041712
73.38,6.48873138041712
73.39,6.48873138041712
73.4,6.48873138041712
73.41,6.48873138041712
73.42,6.48873138041712
73.43,6.48873138041712
73.44,6.48873138041712
73.45,6.48873138041712
73.46,6.48873138041712
73.47,6.48873138041712
73.48,6.48873138041712
73.49,6.48873138041712
73.5,6.48873138041712
73.51,6.48873138041712
73.52,6.48873138041712
73.53,6.48873138041712
73.54,6.48873138041712
73.55,6.48873138041712
73.56,6.48873138041712
73.57,6.48873138041712
73.58,6.48873138041712
73.59,6.48873138041712
73.6,6.48873138041712
73.61,6.48873138041712
73.62,6.48873138041712
73.63,6.48873138041712
73.64,6.48873138041712
73.65,6.48873138041712
73.66,6.48873138041712
73.67,6.48873138041712
73.68,6.48873138041712
73.69,6.48873138041712
73.7,6.48873138041712
73.71,6.48873138041712
73.72,6.48873138041712
73.73,6.48873138041712
73.74,6.48873138041712
73.75,6.48873138041712
73.76,6.48873138041712
73.77,6.48873138041712
73.78,6.48873138041712
73.79,6.48873138041712
73.8,6.48873138041712
73.81,6.48873138041712
73.82,6.48873138041712
73.83,6.48873138041712
73.84,6.48873138041712
73.85,6.48873138041712
73.86,6.48873138041712
73.87,6.48873138041712
73.88,6.48873138041712
73.89,6.48873138041712
73.9,6.48873138041712
73.91,6.48873138041712
73.92,6.48873138041712
73.93,6.48873138041712
73.94,6.48873138041712
73.95,6.48873138041712
73.96,6.48873138041712
73.97,6.48873138041712
73.98,6.48873138041712
73.99,6.48873138041712
74,6.48873138041712
74.01,6.48873138041712
74.02,6.48873138041712
74.03,6.48873138041712
74.04,6.48873138041712
74.05,6.48873138041712
74.06,6.48873138041712
74.07,6.48873138041712
74.08,6.48873138041712
74.09,6.48873138041712
74.1,6.48873138041712
74.11,6.48873138041712
74.12,6.48873138041712
74.13,6.48873138041712
74.14,6.48873138041712
74.15,6.48873138041712
74.16,6.48873138041712
74.17,6.48873138041712
74.18,6.48873138041712
74.19,6.48873138041712
74.2,6.48873138041712
74.21,6.48873138041712
74.22,6.48873138041712
74.23,6.48873138041712
74.24,6.48873138041712
74.25,6.48873138041712
74.26,6.48873138041712
74.27,6.48873138041712
74.28,6.48873138041712
74.29,6.48873138041712
74.3,6.48873138041712
74.31,6.48873138041712
74.32,6.48873138041712
74.33,6.48873138041712
74.34,6.48873138041712
74.35,6.48873138041712
74.36,6.48873138041712
74.37,6.48873138041712
74.38,6.48873138041712
74.39,6.48873138041712
74.4,6.48873138041712
74.41,6.48873138041712
74.42,6.48873138041712
74.43,6.48873138041712
74.44,6.48873138041712
74.45,6.48873138041712
74.46,6.48873138041712
74.47,6.48873138041712
74.48,6.48873138041712
74.49,6.48873138041712
74.5,6.48873138041712
74.51,6.48873138041712
74.52,6.48873138041712
74.53,6.48873138041712
74.54,6.48873138041712
74.55,6.48873138041712
74.56,6.48873138041712
74.57,6.48873138041712
74.58,6.48873138041712
74.59,6.48873138041712
74.6,6.48873138041712
74.61,6.48873138041712
74.62,6.48873138041712
74.63,6.48873138041712
74.64,6.48873138041712
74.65,6.48873138041712
74.66,6.48873138041712
74.67,6.48873138041712
74.68,6.48873138041712
74.69,6.48873138041712
74.7,6.48873138041712
74.71,6.48873138041712
74.72,6.48873138041712
74.73,6.48873138041712
74.74,6.48873138041712
74.75,6.48873138041712
74.76,6.48873138041712
74.77,6.48873138041712
74.78,6.48873138041712
74.79,6.48873138041712
74.8,6.48873138041712
74.81,6.48873138041712
74.82,6.48873138041712
74.83,6.48873138041712
74.84,6.48873138041712
74.85,6.48873138041712
74.86,6.48873138041712
74.87,6.48873138041712
74.88,6.48873138041712
74.89,6.48873138041712
74.9,6.48873138041712
74.91,6.48873138041712
74.92,6.48873138041712
74.93,6.48873138041712
74.94,6.48873138041712
74.95,6.48873138041712
74.96,6.48873138041712
74.97,6.48873138041712
74.98,6.48873138041712
74.99,6.48873138041712
75,6.48873138041712
75.01,6.48873138041712
75.02,6.48873138041712
75.03,6.48873138041712
75.04,6.48873138041712
75.05,6.48873138041712
75.06,6.48873138041712
75.07,6.48873138041712
75.08,6.48873138041712
75.09,6.48873138041712
75.1,6.48873138041712
75.11,6.48873138041712
75.12,6.48873138041712
75.13,6.48873138041712
75.14,6.48873138041712
75.15,6.48873138041712
75.16,6.48873138041712
75.17,6.48873138041712
75.18,6.48873138041712
75.19,6.48873138041712
75.2,6.48873138041712
75.21,6.48873138041712
75.22,6.48873138041712
75.23,6.48873138041712
75.24,6.48873138041712
75.25,6.48873138041712
75.26,6.48873138041712
75.27,6.48873138041712
75.28,6.48873138041712
75.29,6.48873138041712
75.3,6.48873138041712
75.31,6.48873138041712
75.32,6.48873138041712
75.33,6.48873138041712
75.34,6.48873138041712
75.35,6.48873138041712
75.36,6.48873138041712
75.37,6.48873138041712
75.38,6.48873138041712
75.39,6.48873138041712
75.4,6.48873138041712
75.41,6.48873138041712
75.42,6.48873138041712
75.43,6.48873138041712
75.44,6.48873138041712
75.45,6.48873138041712
75.46,6.48873138041712
75.47,6.48873138041712
75.48,6.48873138041712
75.49,6.48873138041712
75.5,6.48873138041712
75.51,6.48873138041712
75.52,6.48873138041712
75.53,6.48873138041712
75.54,6.48873138041712
75.55,6.48873138041712
75.56,6.48873138041712
75.57,6.48873138041712
75.58,6.48873138041712
75.59,6.48873138041712
75.6,6.48873138041712
75.61,6.48873138041712
75.62,6.48873138041712
75.63,6.48873138041712
75.64,6.48873138041712
75.65,6.48873138041712
75.66,6.48873138041712
75.67,6.48873138041712
75.68,6.48873138041712
75.69,6.48873138041712
75.7,6.48873138041712
75.71,6.48873138041712
75.72,6.48873138041712
75.73,6.48873138041712
75.74,6.48873138041712
75.75,6.48873138041712
75.76,6.48873138041712
75.77,6.48873138041712
75.78,6.48873138041712
75.79,6.48873138041712
75.8,6.48873138041712
75.81,6.48873138041712
75.82,6.48873138041712
75.83,6.48873138041712
75.84,6.48873138041712
75.85,6.48873138041712
75.86,6.48873138041712
75.87,6.48873138041712
75.88,6.48873138041712
75.89,6.48873138041712
75.9,6.48873138041712
75.91,6.48873138041712
75.92,6.48873138041712
75.93,6.48873138041712
75.94,6.48873138041712
75.95,6.48873138041712
75.96,6.48873138041712
75.97,6.48873138041712
75.98,6.48873138041712
75.99,6.48873138041712
76,6.48873138041712
76.01,6.48873138041712
76.02,6.48873138041712
76.03,6.48873138041712
76.04,6.48873138041712
76.05,6.48873138041712
76.06,6.48873138041712
76.07,6.48873138041712
76.08,6.48873138041712
76.09,6.48873138041712
76.1,6.48873138041712
76.11,77.5033573901989
76.12,77.5033573901989
76.13,77.5033573901989
76.14,77.5033573901989
76.15,77.5033573901989
76.16,77.5033573901989
76.17,77.5033573901989
76.18,77.5033573901989
76.19,77.5033573901989
76.2,77.5033573901989
76.21,77.5033573901989
76.22,77.5033573901989
76.23,77.5033573901989
76.24,77.5033573901989
76.25,77.5033573901989
76.26,77.5033573901989
76.27,77.5033573901989
76.28,77.5033573901989
76.29,77.5033573901989
76.3,77.5033573901989
76.31,77.5033573901989
76.32,77.5033573901989
76.33,77.5033573901989
76.34,77.5033573901989
76.35,77.5033573901989
76.36,77.5033573901989
76.37,77.5033573901989
76.38,77.5033573901989
76.39,77.5033573901989
76.4,77.5033573901989
76.41,77.5033573901989
76.42,77.5033573901989
76.43,77.5033573901989
76.44,77.5033573901989
76.45,77.5033573901989
76.46,77.5033573901989
76.47,77.5033573901989
76.48,77.5033573901989
76.49,77.5033573901989
76.5,77.5033573901989
76.51,77.5033573901989
76.52,77.5033573901989
76.53,77.5033573901989
76.54,77.5033573901989
76.55,77.5033573901989
76.56,77.5033573901989
76.57,77.5033573901989
76.58,77.5033573901989
76.59,77.5033573901989
76.6,77.5033573901989
76.61,77.5033573901989
76.62,77.5033573901989
76.63,77.5033573901989
76.64,77.5033573901989
76.65,77.5033573901989
76.66,77.5033573901989
76.67,77.5033573901989
76.68,77.5033573901989
76.69,77.5033573901989
76.7,77.5033573901989
76.71,77.5033573901989
76.72,77.5033573901989
76.73,77.5033573901989
76.74,77.5033573901989
76.75,77.5033573901989
76.76,77.5033573901989
76.77,77.5033573901989
76.78,77.5033573901989
76.79,77.5033573901989
76.8,77.5033573901989
76.81,77.5033573901989
76.82,77.5033573901989
76.83,77.5033573901989
76.84,77.5033573901989
76.85,77.5033573901989
76.86,77.5033573901989
76.87,77.5033573901989
76.88,77.5033573901989
76.89,77.5033573901989
76.9,77.5033573901989
76.91,77.5033573901989
76.92,77.5033573901989
76.93,77.5033573901989
76.94,77.5033573901989
76.95,77.5033573901989
76.96,77.5033573901989
76.97,77.5033573901989
76.98,77.5033573901989
76.99,77.5033573901989
77,77.5033573901989
77.01,77.5033573901989
77.02,77.5033573901989
77.03,77.5033573901989
77.04,77.5033573901989
77.05,77.5033573901989
77.06,77.5033573901989
77.07,77.5033573901989
77.08,77.5033573901989
77.09,77.5033573901989
77.1,77.5033573901989
77.11,77.5033573901989
77.12,77.5033573901989
77.13,77.5033573901989
77.14,77.5033573901989
77.15,77.5033573901989
77.16,77.5033573901989
77.17,77.5033573901989
77.18,77.5033573901989
77.19,77.5033573901989
77.2,77.5033573901989
77.21,77.5033573901989
77.22,77.5033573901989
77.23,77.5033573901989
77.24,77.5033573901989
77.25,77.5033573901989
77.26,77.5033573901989
77.27,77.5033573901989
77.28,77.5033573901989
77.29,77.5033573901989
77.3,77.5033573901989
77.31,77.5033573901989
77.32,77.5033573901989
77.33,77.5033573901989
77.34,77.5033573901989
77.35,77.5033573901989
77.36,77.5033573901989
77.37,77.5033573901989
77.38,77.5033573901989
77.39,77.5033573901989
77.4,77.5033573901989
77.41,77.5033573901989
77.42,77.5033573901989
77.43,77.5033573901989
77.44,77.5033573901989
77.45,77.5033573901989
77.46,77.5033573901989
77.47,77.5033573901989
77.48,77.5033573901989
77.49,77.5033573901989
77.5,77.5033573901989
77.51,77.5033573901989
77.52,77.5033573901989
77.53,77.5033573901989
77.54,77.5033573901989
77.55,77.5033573901989
77.56,77.5033573901989
77.57,77.5033573901989
77.58,77.5033573901989
77.59,77.5033573901989
77.6,77.5033573901989
77.61,77.5033573901989
77.62,77.5033573901989
77.63,77.5033573901989
77.64,77.5033573901989
77.65,77.5033573901989
77.66,77.5033573901989
77.67,77.5033573901989
77.68,77.5033573901989
77.69,77.5033573901989
77.7,77.5033573901989
77.71,77.5033573901989
77.72,77.5033573901989
77.73,77.5033573901989
77.74,77.5033573901989
77.75,77.5033573901989
77.76,77.5033573901989
77.77,77.5033573901989
77.78,77.5033573901989
77.79,77.5033573901989
77.8,77.5033573901989
77.81,77.5033573901989
77.82,77.5033573901989
77.83,77.5033573901989
77.84,77.5033573901989
77.85,77.5033573901989
77.86,77.5033573901989
77.87,77.5033573901989
77.88,77.5033573901989
77.89,77.5033573901989
77.9,77.5033573901989
77.91,77.5033573901989
77.92,77.5033573901989
77.93,77.5033573901989
77.94,77.5033573901989
77.95,77.5033573901989
77.96,77.5033573901989
77.97,77.5033573901989
77.98,77.5033573901989
77.99,77.5033573901989
78,77.5033573901989
78.01,77.5033573901989
78.02,77.5033573901989
78.03,77.5033573901989
78.04,77.5033573901989
78.05,77.5033573901989
78.06,77.5033573901989
78.07,77.5033573901989
78.08,77.5033573901989
78.09,77.5033573901989
78.1,77.5033573901989
78.11,77.5033573901989
78.12,77.5033573901989
78.13,77.5033573901989
78.14,77.5033573901989
78.15,77.5033573901989
78.16,77.5033573901989
78.17,77.5033573901989
78.18,77.5033573901989
78.19,77.5033573901989
78.2,77.5033573901989
78.21,77.5033573901989
78.22,77.5033573901989
78.23,77.5033573901989
78.24,77.5033573901989
78.25,77.5033573901989
78.26,77.5033573901989
78.27,77.5033573901989
78.28,77.5033573901989
78.29,77.5033573901989
78.3,77.5033573901989
78.31,77.5033573901989
78.32,77.5033573901989
78.33,77.5033573901989
78.34,77.5033573901989
78.35,77.5033573901989
78.36,77.5033573901989
78.37,77.5033573901989
78.38,77.5033573901989
78.39,77.5033573901989
78.4,77.5033573901989
78.41,77.5033573901989
78.42,77.5033573901989
78.43,77.5033573901989
78.44,77.5033573901989
78.45,77.5033573901989
78.46,77.5033573901989
78.47,77.5033573901989
78.48,77.5033573901989
78.49,77.5033573901989
78.5,77.5033573901989
78.51,77.5033573901989
78.52,77.5033573901989
78.53,77.5033573901989
78.54,77.5033573901989
78.55,77.5033573901989
78.56,77.5033573901989
78.57,77.5033573901989
78.58,77.5033573901989
78.59,77.5033573901989
78.6,77.5033573901989
78.61,77.5033573901989
78.62,77.5033573901989
78.63,77.5033573901989
78.64,77.5033573901989
78.65,77.5033573901989
78.66,77.5033573901989
78.67,77.5033573901989
78.68,77.5033573901989
78.69,77.5033573901989
78.7,77.5033573901989
78.71,77.5033573901989
78.72,77.5033573901989
78.73,77.5033573901989
78.74,77.5033573901989
78.75,77.5033573901989
78.76,77.5033573901989
78.77,77.5033573901989
78.78,77.5033573901989
78.79,77.5033573901989
78.8,77.5033573901989
78.81,77.5033573901989
78.82,77.5033573901989
78.83,77.5033573901989
78.84,77.5033573901989
78.85,77.5033573901989
78.86,77.5033573901989
78.87,77.5033573901989
78.88,77.5033573901989
78.89,77.5033573901989
78.9,77.5033573901989
78.91,77.5033573901989
78.92,77.5033573901989
78.93,77.5033573901989
78.94,77.5033573901989
78.95,77.5033573901989
78.96,77.5033573901989
78.97,77.5033573901989
78.98,77.5033573901989
78.99,77.5033573901989
79,77.5033573901989
79.01,77.5033573901989
79.02,77.5033573901989
79.03,77.5033573901989
79.04,77.5033573901989
79.05,77.5033573901989
79.06,77.5033573901989
79.07,77.5033573901989
79.08,77.5033573901989
79.09,77.5033573901989
79.1,77.5033573901989
79.11,77.5033573901989
79.12,77.5033573901989
79.13,77.5033573901989
79.14,77.5033573901989
79.15,77.5033573901989
79.16,77.5033573901989
79.17,77.5033573901989
79.18,77.5033573901989
79.19,77.5033573901989
79.2,77.5033573901989
79.21,77.5033573901989
79.22,77.5033573901989
79.23,77.5033573901989
79.24,77.5033573901989
79.25,77.5033573901989
79.26,77.5033573901989
79.27,77.5033573901989
79.28,77.5033573901989
79.29,77.5033573901989
79.3,77.5033573901989
79.31,77.5033573901989
79.32,77.5033573901989
79.33,77.5033573901989
79.34,77.5033573901989
79.35,77.5033573901989
79.36,77.5033573901989
79.37,77.5033573901989
79.38,77.5033573901989
79.39,77.5033573901989
79.4,77.5033573901989
79.41,77.5033573901989
79.42,77.5033573901989
79.43,77.5033573901989
79.44,77.5033573901989
79.45,77.5033573901989
79.46,77.5033573901989
79.47,77.5033573901989
79.48,77.5033573901989
79.49,77.5033573901989
79.5,77.5033573901989
79.51,77.5033573901989
79.52,77.5033573901989
79.53,77.5033573901989
79.54,77.5033573901989
79.55,77.5033573901989
79.56,77.5033573901989
79.57,77.5033573901989
79.58,77.5033573901989
79.59,77.5033573901989
79.6,77.5033573901989
79.61,77.5033573901989
79.62,77.5033573901989
79.63,77.5033573901989
79.64,77.5033573901989
79.65,77.5033573901989
79.66,77.5033573901989
79.67,77.5033573901989
79.68,77.5033573901989
79.69,77.5033573901989
79.7,77.5033573901989
79.71,77.5033573901989
79.72,77.5033573901989
79.73,77.5033573901989
79.74,77.5033573901989
79.75,77.5033573901989
79.76,77.5033573901989
79.77,77.5033573901989
79.78,77.5033573901989
79.79,77.5033573901989
79.8,77.5033573901989
79.81,77.5033573901989
79.82,77.5033573901989
79.83,77.5033573901989
79.84,77.5033573901989
79.85,77.5033573901989
79.86,77.5033573901989
79.87,77.5033573901989
79.88,77.5033573901989
79.89,77.5033573901989
79.9,77.5033573901989
79.91,77.5033573901989
79.92,77.5033573901989
79.93,77.5033573901989
79.94,77.5033573901989
79.95,77.5033573901989
79.96,77.5033573901989
79.97,77.5033573901989
79.98,77.5033573901989
79.99,77.5033573901989
80,77.5033573901989
80.01,77.5033573901989
80.02,77.5033573901989
80.03,77.5033573901989
80.04,77.5033573901989
80.05,77.5033573901989
80.06,77.5033573901989
80.07,77.5033573901989
80.08,77.5033573901989
80.09,77.5033573901989
80.1,77.5033573901989
80.11,77.5033573901989
80.12,77.5033573901989
80.13,77.5033573901989
80.14,77.5033573901989
80.15,77.5033573901989
80.16,77.5033573901989
80.17,77.5033573901989
80.18,77.5033573901989
80.19,77.5033573901989
80.2,77.5033573901989
80.21,77.5033573901989
80.22,77.5033573901989
80.23,77.5033573901989
80.24,77.5033573901989
80.25,77.5033573901989
80.26,77.5033573901989
80.27,77.5033573901989
80.28,77.5033573901989
80.29,77.5033573901989
80.3,77.5033573901989
80.31,77.5033573901989
80.32,77.5033573901989
80.33,77.5033573901989
80.34,77.5033573901989
80.35,77.5033573901989
80.36,77.5033573901989
80.37,77.5033573901989
80.38,77.5033573901989
80.39,77.5033573901989
80.4,77.5033573901989
80.41,77.5033573901989
80.42,77.5033573901989
80.43,77.5033573901989
80.44,77.5033573901989
80.45,77.5033573901989
80.46,77.5033573901989
80.47,77.5033573901989
80.48,77.5033573901989
80.49,77.5033573901989
80.5,77.5033573901989
80.51,77.5033573901989
80.52,77.5033573901989
80.53,77.5033573901989
80.54,77.5033573901989
80.55,77.5033573901989
80.56,77.5033573901989
80.57,86.9213518658061
80.58,86.9213518658061
80.59,86.9213518658061
80.6,86.9213518658061
80.61,86.9213518658061
80.62,86.9213518658061
80.63,86.9213518658061
80.64,86.9213518658061
80.65,86.9213518658061
80.66,86.9213518658061
80.67,86.9213518658061
80.68,86.9213518658061
80.69,86.9213518658061
80.7,86.9213518658061
80.71,86.9213518658061
80.72,86.9213518658061
80.73,86.9213518658061
80.74,86.9213518658061
80.75,86.9213518658061
80.76,86.9213518658061
80.77,86.9213518658061
80.78,86.9213518658061
80.79,86.9213518658061
80.8,86.9213518658061
80.81,86.9213518658061
80.82,86.9213518658061
80.83,86.9213518658061
80.84,86.9213518658061
80.85,86.9213518658061
80.86,86.9213518658061
80.87,86.9213518658061
80.88,86.9213518658061
80.89,86.9213518658061
80.9,86.9213518658061
80.91,86.9213518658061
80.92,86.9213518658061
80.93,86.9213518658061
80.94,86.9213518658061
80.95,86.9213518658061
80.96,86.9213518658061
80.97,86.9213518658061
80.98,86.9213518658061
80.99,86.9213518658061
81,86.9213518658061
81.01,86.9213518658061
81.02,86.9213518658061
81.03,86.9213518658061
81.04,86.9213518658061
81.05,86.9213518658061
81.06,86.9213518658061
81.07,86.9213518658061
81.08,86.9213518658061
81.09,86.9213518658061
81.1,86.9213518658061
81.11,86.9213518658061
81.12,86.9213518658061
81.13,86.9213518658061
81.14,86.9213518658061
81.15,86.9213518658061
81.16,86.9213518658061
81.17,86.9213518658061
81.18,86.9213518658061
81.19,86.9213518658061
81.2,86.9213518658061
81.21,86.9213518658061
81.22,86.9213518658061
81.23,86.9213518658061
81.24,86.9213518658061
81.25,86.9213518658061
81.26,86.9213518658061
81.27,86.9213518658061
81.28,86.9213518658061
81.29,86.9213518658061
81.3,86.9213518658061
81.31,86.9213518658061
81.32,86.9213518658061
81.33,86.9213518658061
81.34,86.9213518658061
81.35,86.9213518658061
81.36,86.9213518658061
81.37,86.9213518658061
81.38,86.9213518658061
81.39,86.9213518658061
81.4,86.9213518658061
81.41,86.9213518658061
81.42,86.9213518658061
81.43,86.9213518658061
81.44,86.9213518658061
81.45,86.9213518658061
81.46,86.9213518658061
81.47,86.9213518658061
81.48,86.9213518658061
81.49,86.9213518658061
81.5,86.9213518658061
81.51,86.9213518658061
81.52,86.9213518658061
81.53,86.9213518658061
81.54,86.9213518658061
81.55,86.9213518658061
81.56,86.9213518658061
81.57,86.9213518658061
81.58,86.9213518658061
81.59,86.9213518658061
81.6,86.9213518658061
81.61,86.9213518658061
81.62,86.9213518658061
81.63,86.9213518658061
81.64,86.9213518658061
81.65,86.9213518658061
81.66,86.9213518658061
81.67,86.9213518658061
81.68,86.9213518658061
81.69,86.9213518658061
81.7,86.9213518658061
81.71,86.9213518658061
81.72,86.9213518658061
81.73,86.9213518658061
81.74,86.9213518658061
81.75,86.9213518658061
81.76,86.9213518658061
81.77,86.9213518658061
81.78,86.9213518658061
81.79,86.9213518658061
81.8,86.9213518658061
81.81,86.9213518658061
81.82,86.9213518658061
81.83,86.9213518658061
81.84,86.9213518658061
81.85,86.9213518658061
81.86,86.9213518658061
81.87,86.9213518658061
81.88,86.9213518658061
81.89,86.9213518658061
81.9,86.9213518658061
81.91,86.9213518658061
81.92,86.9213518658061
81.93,86.9213518658061
81.94,86.9213518658061
81.95,86.9213518658061
81.96,86.9213518658061
81.97,86.9213518658061
81.98,86.9213518658061
81.99,86.9213518658061
82,86.9213518658061
82.01,86.9213518658061
82.02,86.9213518658061
82.03,86.9213518658061
82.04,86.9213518658061
82.05,86.9213518658061
82.06,86.9213518658061
82.07,86.9213518658061
82.08,86.9213518658061
82.09,86.9213518658061
82.1,86.9213518658061
82.11,86.9213518658061
82.12,86.9213518658061
82.13,86.9213518658061
82.14,86.9213518658061
82.15,86.9213518658061
82.16,86.9213518658061
82.17,86.9213518658061
82.18,86.9213518658061
82.19,86.9213518658061
82.2,86.9213518658061
82.21,86.9213518658061
82.22,86.9213518658061
82.23,86.9213518658061
82.24,86.9213518658061
82.25,86.9213518658061
82.26,86.9213518658061
82.27,86.9213518658061
82.28,86.9213518658061
82.29,86.9213518658061
82.3,86.9213518658061
82.31,86.9213518658061
82.32,86.9213518658061
82.33,86.9213518658061
82.34,86.9213518658061
82.35,86.9213518658061
82.36,86.9213518658061
82.37,86.9213518658061
82.38,86.9213518658061
82.39,86.9213518658061
82.4,86.9213518658061
82.41,86.9213518658061
82.42,86.9213518658061
82.43,86.9213518658061
82.44,86.9213518658061
82.45,86.9213518658061
82.46,86.9213518658061
82.47,86.9213518658061
82.48,86.9213518658061
82.49,86.9213518658061
82.5,86.9213518658061
82.51,86.9213518658061
82.52,86.9213518658061
82.53,86.9213518658061
82.54,86.9213518658061
82.55,86.9213518658061
82.56,86.9213518658061
82.57,86.9213518658061
82.58,86.9213518658061
82.59,86.9213518658061
82.6,86.9213518658061
82.61,86.9213518658061
82.62,86.9213518658061
82.63,86.9213518658061
82.64,86.9213518658061
82.65,86.9213518658061
82.66,86.9213518658061
82.67,86.9213518658061
82.68,86.9213518658061
82.69,86.9213518658061
82.7,86.9213518658061
82.71,86.9213518658061
82.72,86.9213518658061
82.73,86.9213518658061
82.74,86.9213518658061
82.75,86.9213518658061
82.76,86.9213518658061
82.77,86.9213518658061
82.78,86.9213518658061
82.79,86.9213518658061
82.8,86.9213518658061
82.81,86.9213518658061
82.82,86.9213518658061
82.83,86.9213518658061
82.84,86.9213518658061
82.85,86.9213518658061
82.86,86.9213518658061
82.87,86.9213518658061
82.88,86.9213518658061
82.89,86.9213518658061
82.9,86.9213518658061
82.91,86.9213518658061
82.92,86.9213518658061
82.93,86.9213518658061
82.94,86.9213518658061
82.95,86.9213518658061
82.96,86.9213518658061
82.97,86.9213518658061
82.98,86.9213518658061
82.99,86.9213518658061
83,86.9213518658061
83.01,86.9213518658061
83.02,86.9213518658061
83.03,86.9213518658061
83.04,86.9213518658061
83.05,86.9213518658061
83.06,86.9213518658061
83.07,86.9213518658061
83.08,86.9213518658061
83.09,86.9213518658061
83.1,86.9213518658061
83.11,86.9213518658061
83.12,86.9213518658061
83.13,86.9213518658061
83.14,86.9213518658061
83.15,86.9213518658061
83.16,86.9213518658061
83.17,86.9213518658061
83.18,86.9213518658061
83.19,86.9213518658061
83.2,86.9213518658061
83.21,86.9213518658061
83.22,86.9213518658061
83.23,86.9213518658061
83.24,86.9213518658061
83.25,86.9213518658061
83.26,86.9213518658061
83.27,86.9213518658061
83.28,86.9213518658061
83.29,86.9213518658061
83.3,86.9213518658061
83.31,86.9213518658061
83.32,86.9213518658061
83.33,86.9213518658061
83.34,86.9213518658061
83.35,86.9213518658061
83.36,86.9213518658061
83.37,86.9213518658061
83.38,86.9213518658061
83.39,86.9213518658061
83.4,86.9213518658061
83.41,86.9213518658061
83.42,86.9213518658061
83.43,86.9213518658061
83.44,86.9213518658061
83.45,86.9213518658061
83.46,86.9213518658061
83.47,86.9213518658061
83.48,86.9213518658061
83.49,86.9213518658061
83.5,20.8488472207509
83.51,20.8488472207509
83.52,20.8488472207509
83.53,20.8488472207509
83.54,20.8488472207509
83.55,20.8488472207509
83.56,20.8488472207509
83.57,20.8488472207509
83.58,20.8488472207509
83.59,20.8488472207509
83.6,20.8488472207509
83.61,20.8488472207509
83.62,20.8488472207509
83.63,20.8488472207509
83.64,20.8488472207509
83.65,20.8488472207509
83.66,20.8488472207509
83.67,20.8488472207509
83.68,20.8488472207509
83.69,20.8488472207509
83.7,20.8488472207509
83.71,20.8488472207509
83.72,20.8488472207509
83.73,20.8488472207509
83.74,20.8488472207509
83.75,20.8488472207509
83.76,20.8488472207509
83.77,20.8488472207509
83.78,20.8488472207509
83.79,20.8488472207509
83.8,20.8488472207509
83.81,20.8488472207509
83.82,20.8488472207509
83.83,20.8488472207509
83.84,20.8488472207509
83.85,20.8488472207509
83.86,20.8488472207509
83.87,20.8488472207509
83.88,20.8488472207509
83.89,20.8488472207509
83.9,20.8488472207509
83.91,20.8488472207509
83.92,20.8488472207509
83.93,20.8488472207509
83.94,20.8488472207509
83.95,20.8488472207509
83.96,20.8488472207509
83.97,20.8488472207509
83.98,20.8488472207509
83.99,20.8488472207509
84,20.8488472207509
84.01,20.8488472207509
84.02,20.8488472207509
84.03,20.8488472207509
84.04,20.8488472207509
84.05,20.8488472207509
84.06,20.8488472207509
84.07,20.8488472207509
84.08,20.8488472207509
84.09,20.8488472207509
84.1,20.8488472207509
84.11,20.8488472207509
84.12,20.8488472207509
84.13,20.8488472207509
84.14,20.8488472207509
84.15,20.8488472207509
84.16,20.8488472207509
84.17,20.8488472207509
84.18,20.8488472207509
84.19,20.8488472207509
84.2,20.8488472207509
84.21,20.8488472207509
84.22,20.8488472207509
84.23,20.8488472207509
84.24,20.8488472207509
84.25,20.8488472207509
84.26,20.8488472207509
84.27,20.8488472207509
84.28,20.8488472207509
84.29,20.8488472207509
84.3,20.8488472207509
84.31,20.8488472207509
84.32,20.8488472207509
84.33,20.8488472207509
84.34,20.8488472207509
84.35,20.8488472207509
84.36,20.8488472207509
84.37,20.8488472207509
84.38,20.8488472207509
84.39,20.8488472207509
84.4,20.8488472207509
84.41,20.8488472207509
84.42,20.8488472207509
84.43,20.8488472207509
84.44,20.8488472207509
84.45,20.8488472207509
84.46,20.8488472207509
84.47,20.8488472207509
84.48,20.8488472207509
84.49,20.8488472207509
84.5,20.8488472207509
84.51,20.8488472207509
84.52,20.8488472207509
84.53,20.8488472207509
84.54,20.8488472207509
84.55,20.8488472207509
84.56,20.8488472207509
84.57,20.8488472207509
84.58,20.8488472207509
84.59,20.8488472207509
84.6,20.8488472207509
84.61,20.8488472207509
84.62,20.8488472207509
84.63,20.8488472207509
84.64,20.8488472207509
84.65,20.8488472207509
84.66,20.8488472207509
84.67,20.8488472207509
84.68,20.8488472207509
84.69,20.8488472207509
84.7,20.8488472207509
84.71,20.8488472207509
84.72,20.8488472207509
84.73,20.8488472207509
84.74,20.8488472207509
84.75,20.8488472207509
84.76,20.8488472207509
84.77,20.8488472207509
84.78,20.8488472207509
84.79,20.8488472207509
84.8,20.8488472207509
84.81,20.8488472207509
84.82,20.8488472207509
84.83,20.8488472207509
84.84,20.8488472207509
84.85,20.8488472207509
84.86,20.8488472207509
84.87,20.8488472207509
84.88,20.8488472207509
84.89,20.8488472207509
84.9,20.8488472207509
84.91,20.8488472207509
84.92,20.8488472207509
84.93,20.8488472207509
84.94,20.8488472207509
84.95,20.8488472207509
84.96,20.8488472207509
84.97,20.8488472207509
84.98,20.8488472207509
84.99,20.8488472207509
85,20.8488472207509
85.01,20.8488472207509
85.02,20.8488472207509
85.03,20.8488472207509
85.04,20.8488472207509
85.05,20.8488472207509
85.06,20.8488472207509
85.07,20.8488472207509
85.08,20.8488472207509
85.09,20.8488472207509
85.1,20.8488472207509
85.11,20.8488472207509
85.12,20.8488472207509
85.13,20.8488472207509
85.14,20.8488472207509
85.15,20.8488472207509
85.16,20.8488472207509
85.17,20.8488472207509
85.18,20.8488472207509
85.19,20.8488472207509
85.2,20.8488472207509
85.21,20.8488472207509
85.22,20.8488472207509
85.23,20.8488472207509
85.24,20.8488472207509
85.25,20.8488472207509
85.26,20.8488472207509
85.27,20.8488472207509
85.28,20.8488472207509
85.29,20.8488472207509
85.3,20.8488472207509
85.31,20.8488472207509
85.32,20.8488472207509
85.33,20.8488472207509
85.34,20.8488472207509
85.35,20.8488472207509
85.36,20.8488472207509
85.37,20.8488472207509
85.38,20.8488472207509
85.39,20.8488472207509
85.4,20.8488472207509
85.41,20.8488472207509
85.42,20.8488472207509
85.43,20.8488472207509
85.44,20.8488472207509
85.45,20.8488472207509
85.46,20.8488472207509
85.47,20.8488472207509
85.48,20.8488472207509
85.49,20.8488472207509
85.5,20.8488472207509
85.51,20.8488472207509
85.52,20.8488472207509
85.53,20.8488472207509
85.54,20.8488472207509
85.55,20.8488472207509
85.56,20.8488472207509
85.57,20.8488472207509
85.58,20.8488472207509
85.59,20.8488472207509
85.6,20.8488472207509
85.61,20.8488472207509
85.62,20.8488472207509
85.63,20.8488472207509
85.64,20.8488472207509
85.65,20.8488472207509
85.66,20.8488472207509
85.67,20.8488472207509
85.68,20.8488472207509
85.69,20.8488472207509
85.7,20.8488472207509
85.71,20.8488472207509
85.72,20.8488472207509
85.73,20.8488472207509
85.74,20.8488472207509
85.75,20.8488472207509
85.76,20.8488472207509
85.77,20.8488472207509
85.78,20.8488472207509
85.79,20.8488472207509
85.8,20.8488472207509
85.81,20.8488472207509
85.82,20.8488472207509
85.83,20.8488472207509
85.84,20.8488472207509
85.85,20.8488472207509
85.86,20.8488472207509
85.87,20.8488472207509
85.88,20.8488472207509
85.89,20.8488472207509
85.9,20.8488472207509
85.91,20.8488472207509
85.92,20.8488472207509
85.93,20.8488472207509
85.94,20.8488472207509
85.95,20.8488472207509
85.96,20.8488472207509
85.97,20.8488472207509
85.98,20.8488472207509
85.99,20.8488472207509
86,20.8488472207509
86.01,20.8488472207509
86.02,20.8488472207509
86.03,20.8488472207509
86.04,20.8488472207509
86.05,20.8488472207509
86.06,20.8488472207509
86.07,20.8488472207509
86.08,20.8488472207509
86.09,20.8488472207509
86.1,20.8488472207509
86.11,20.8488472207509
86.12,20.8488472207509
86.13,20.8488472207509
86.14,20.8488472207509
86.15,20.8488472207509
86.16,20.8488472207509
86.17,20.8488472207509
86.18,20.8488472207509
86.19,20.8488472207509
86.2,20.8488472207509
86.21,20.8488472207509
86.22,20.8488472207509
86.23,20.8488472207509
86.24,20.8488472207509
86.25,20.8488472207509
86.26,20.8488472207509
86.27,20.8488472207509
86.28,20.8488472207509
86.29,20.8488472207509
86.3,20.8488472207509
86.31,20.8488472207509
86.32,20.8488472207509
86.33,20.8488472207509
86.34,20.8488472207509
86.35,20.8488472207509
86.36,20.8488472207509
86.37,20.8488472207509
86.38,20.8488472207509
86.39,20.8488472207509
86.4,20.8488472207509
86.41,20.8488472207509
86.42,20.8488472207509
86.43,20.8488472207509
86.44,20.8488472207509
86.45,20.8488472207509
86.46,20.8488472207509
86.47,20.8488472207509
86.48,20.8488472207509
86.49,20.8488472207509
86.5,20.8488472207509
86.51,20.8488472207509
86.52,20.8488472207509
86.53,20.8488472207509
86.54,20.8488472207509
86.55,20.8488472207509
86.56,20.8488472207509
86.57,20.8488472207509
86.58,20.8488472207509
86.59,20.8488472207509
86.6,20.8488472207509
86.61,20.8488472207509
86.62,20.8488472207509
86.63,20.8488472207509
86.64,20.8488472207509
86.65,20.8488472207509
86.66,20.8488472207509
86.67,20.8488472207509
86.68,20.8488472207509
86.69,20.8488472207509
86.7,20.8488472207509
86.71,20.8488472207509
86.72,20.8488472207509
86.73,20.8488472207509
86.74,20.8488472207509
86.75,20.8488472207509
86.76,20.8488472207509
86.77,20.8488472207509
86.78,20.8488472207509
86.79,20.8488472207509
86.8,20.8488472207509
86.81,20.8488472207509
86.82,20.8488472207509
86.83,20.8488472207509
86.84,20.8488472207509
86.85,20.8488472207509
86.86,20.8488472207509
86.87,20.8488472207509
86.88,20.8488472207509
86.89,20.8488472207509
86.9,20.8488472207509
86.91,20.8488472207509
86.92,20.8488472207509
86.93,20.8488472207509
86.94,20.8488472207509
86.95,20.8488472207509
86.96,20.8488472207509
86.97,20.8488472207509
86.98,20.8488472207509
86.99,20.8488472207509
87,20.8488472207509
87.01,20.8488472207509
87.02,20.8488472207509
87.03,20.8488472207509
87.04,20.8488472207509
87.05,20.8488472207509
87.06,20.8488472207509
87.07,20.8488472207509
87.08,20.8488472207509
87.09,20.8488472207509
87.1,20.8488472207509
87.11,20.8488472207509
87.12,20.8488472207509
87.13,20.8488472207509
87.14,20.8488472207509
87.15,20.8488472207509
87.16,20.8488472207509
87.17,20.8488472207509
87.18,20.8488472207509
87.19,20.8488472207509
87.2,20.8488472207509
87.21,20.8488472207509
87.22,20.8488472207509
87.23,20.8488472207509
87.24,20.8488472207509
87.25,20.8488472207509
87.26,20.8488472207509
87.27,20.8488472207509
87.28,20.8488472207509
87.29,20.8488472207509
87.3,20.8488472207509
87.31,20.8488472207509
87.32,20.8488472207509
87.33,20.8488472207509
87.34,20.8488472207509
87.35,20.8488472207509
87.36,20.8488472207509
87.37,20.8488472207509
87.38,20.8488472207509
87.39,20.8488472207509
87.4,20.8488472207509
87.41,20.8488472207509
87.42,20.8488472207509
87.43,20.8488472207509
87.44,20.8488472207509
87.45,20.8488472207509
87.46,20.8488472207509
87.47,20.8488472207509
87.48,20.8488472207509
87.49,20.8488472207509
87.5,20.8488472207509
87.51,20.8488472207509
87.52,20.8488472207509
87.53,20.8488472207509
87.54,20.8488472207509
87.55,20.8488472207509
87.56,20.8488472207509
87.57,20.8488472207509
87.58,20.8488472207509
87.59,20.8488472207509
87.6,20.8488472207509
87.61,20.8488472207509
87.62,20.8488472207509
87.63,20.8488472207509
87.64,20.8488472207509
87.65,20.8488472207509
87.66,20.8488472207509
87.67,20.8488472207509
87.68,20.8488472207509
87.69,20.8488472207509
87.7,20.8488472207509
87.71,20.8488472207509
87.72,20.8488472207509
87.73,20.8488472207509
87.74,20.8488472207509
87.75,20.8488472207509
87.76,20.8488472207509
87.77,20.8488472207509
87.78,20.8488472207509
87.79,20.8488472207509
87.8,20.8488472207509
87.81,20.8488472207509
87.82,20.8488472207509
87.83,20.8488472207509
87.84,20.8488472207509
87.85,20.8488472207509
87.86,20.8488472207509
87.87,20.8488472207509
87.88,20.8488472207509
87.89,20.8488472207509
87.9,20.8488472207509
87.91,20.8488472207509
87.92,20.8488472207509
87.93,20.8488472207509
87.94,20.8488472207509
87.95,20.8488472207509
87.96,20.8488472207509
87.97,20.8488472207509
87.98,20.8488472207509
87.99,10.3506083645653
88,10.3506083645653
88.01,10.3506083645653
88.02,10.3506083645653
88.03,10.3506083645653
88.04,10.3506083645653
88.05,10.3506083645653
88.06,10.3506083645653
88.07,10.3506083645653
88.08,10.3506083645653
88.09,10.3506083645653
88.1,10.3506083645653
88.11,10.3506083645653
88.12,10.3506083645653
88.13,10.3506083645653
88.14,10.3506083645653
88.15,10.3506083645653
88.16,10.3506083645653
88.17,10.3506083645653
88.18,10.3506083645653
88.19,10.3506083645653
88.2,10.3506083645653
88.21,10.3506083645653
88.22,10.3506083645653
88.23,10.3506083645653
88.24,10.3506083645653
88.25,10.3506083645653
88.26,10.3506083645653
88.27,10.3506083645653
88.28,10.3506083645653
88.29,10.3506083645653
88.3,10.3506083645653
88.31,10.3506083645653
88.32,10.3506083645653
88.33,10.3506083645653
88.34,10.3506083645653
88.35,10.3506083645653
88.36,10.3506083645653
88.37,10.3506083645653
88.38,10.3506083645653
88.39,10.3506083645653
88.4,10.3506083645653
88.41,10.3506083645653
88.42,10.3506083645653
88.43,10.3506083645653
88.44,10.3506083645653
88.45,10.3506083645653
88.46,10.3506083645653
88.47,10.3506083645653
88.48,10.3506083645653
88.49,10.3506083645653
88.5,10.3506083645653
88.51,10.3506083645653
88.52,10.3506083645653
88.53,10.3506083645653
88.54,10.3506083645653
88.55,10.3506083645653
88.56,10.3506083645653
88.57,10.3506083645653
88.58,10.3506083645653
88.59,10.3506083645653
88.6,10.3506083645653
88.61,10.3506083645653
88.62,10.3506083645653
88.63,10.3506083645653
88.64,10.3506083645653
88.65,10.3506083645653
88.66,10.3506083645653
88.67,10.3506083645653
88.68,10.3506083645653
88.69,10.3506083645653
88.7,10.3506083645653
88.71,10.3506083645653
88.72,10.3506083645653
88.73,10.3506083645653
88.74,10.3506083645653
88.75,10.3506083645653
88.76,10.3506083645653
88.77,10.3506083645653
88.78,10.3506083645653
88.79,10.3506083645653
88.8,10.3506083645653
88.81,10.3506083645653
88.82,10.3506083645653
88.83,10.3506083645653
88.84,10.3506083645653
88.85,10.3506083645653
88.86,10.3506083645653
88.87,10.3506083645653
88.88,10.3506083645653
88.89,10.3506083645653
88.9,10.3506083645653
88.91,10.3506083645653
88.92,10.3506083645653
88.93,10.3506083645653
88.94,10.3506083645653
88.95,10.3506083645653
88.96,10.3506083645653
88.97,10.3506083645653
88.98,10.3506083645653
88.99,10.3506083645653
89,10.3506083645653
89.01,10.3506083645653
89.02,10.3506083645653
89.03,10.3506083645653
89.04,10.3506083645653
89.05,10.3506083645653
89.06,10.3506083645653
89.07,10.3506083645653
89.08,10.3506083645653
89.09,10.3506083645653
89.1,10.3506083645653
89.11,10.3506083645653
89.12,10.3506083645653
89.13,10.3506083645653
89.14,10.3506083645653
89.15,10.3506083645653
89.16,10.3506083645653
89.17,10.3506083645653
89.18,10.3506083645653
89.19,10.3506083645653
89.2,10.3506083645653
89.21,10.3506083645653
89.22,10.3506083645653
89.23,10.3506083645653
89.24,10.3506083645653
89.25,10.3506083645653
89.26,10.3506083645653
89.27,10.3506083645653
89.28,10.3506083645653
89.29,10.3506083645653
89.3,10.3506083645653
89.31,10.3506083645653
89.32,10.3506083645653
89.33,10.3506083645653
89.34,10.3506083645653
89.35,10.3506083645653
89.36,10.3506083645653
89.37,10.3506083645653
89.38,10.3506083645653
89.39,10.3506083645653
89.4,10.3506083645653
89.41,10.3506083645653
89.42,10.3506083645653
89.43,10.3506083645653
89.44,10.3506083645653
89.45,10.3506083645653
89.46,10.3506083645653
89.47,10.3506083645653
89.48,10.3506083645653
89.49,10.3506083645653
89.5,10.3506083645653
89.51,10.3506083645653
89.52,10.3506083645653
89.53,10.3506083645653
89.54,10.3506083645653
89.55,10.3506083645653
89.56,10.3506083645653
89.57,10.3506083645653
89.58,10.3506083645653
89.59,10.3506083645653
89.6,10.3506083645653
89.61,10.3506083645653
89.62,10.3506083645653
89.63,10.3506083645653
89.64,10.3506083645653
89.65,10.3506083645653
89.66,10.3506083645653
89.67,10.3506083645653
89.68,10.3506083645653
89.69,10.3506083645653
89.7,10.3506083645653
89.71,10.3506083645653
89.72,10.3506083645653
89.73,10.3506083645653
89.74,10.3506083645653
89.75,10.3506083645653
89.76,10.3506083645653
89.77,10.3506083645653
89.78,10.3506083645653
89.79,10.3506083645653
89.8,10.3506083645653
89.81,10.3506083645653
89.82,10.3506083645653
89.83,10.3506083645653
89.84,10.3506083645653
89.85,10.3506083645653
89.86,10.3506083645653
89.87,10.3506083645653
89.88,10.3506083645653
89.89,10.3506083645653
89.9,10.3506083645653
89.91,10.3506083645653
89.92,10.3506083645653
89.93,10.3506083645653
89.94,10.3506083645653
89.95,10.3506083645653
89.96,10.3506083645653
89.97,10.3506083645653
89.98,10.3506083645653
89.99,10.3506083645653
90,10.3506083645653
90.01,10.3506083645653
90.02,10.3506083645653
90.03,10.3506083645653
90.04,10.3506083645653
90.05,10.3506083645653
90.06,10.3506083645653
90.07,10.3506083645653
90.08,10.3506083645653
90.09,10.3506083645653
90.1,10.3506083645653
90.11,10.3506083645653
90.12,10.3506083645653
90.13,10.3506083645653
90.14,10.3506083645653
90.15,10.3506083645653
90.16,10.3506083645653
90.17,10.3506083645653
90.18,10.3506083645653
90.19,10.3506083645653
90.2,10.3506083645653
90.21,10.3506083645653
90.22,10.3506083645653
90.23,10.3506083645653
90.24,10.3506083645653
90.25,10.3506083645653
90.26,10.3506083645653
90.27,10.3506083645653
90.28,10.3506083645653
90.29,10.3506083645653
90.3,10.3506083645653
90.31,10.3506083645653
90.32,10.3506083645653
90.33,10.3506083645653
90.34,10.3506083645653
90.35,10.3506083645653
90.36,10.3506083645653
90.37,10.3506083645653
90.38,10.3506083645653
90.39,10.3506083645653
90.4,10.3506083645653
90.41,10.3506083645653
90.42,10.3506083645653
90.43,10.3506083645653
90.44,10.3506083645653
90.45,10.3506083645653
90.46,10.3506083645653
90.47,10.3506083645653
90.48,10.3506083645653
90.49,10.3506083645653
90.5,10.3506083645653
90.51,10.3506083645653
90.52,10.3506083645653
90.53,10.3506083645653
90.54,10.3506083645653
90.55,10.3506083645653
90.56,10.3506083645653
90.57,10.3506083645653
90.58,10.3506083645653
90.59,10.3506083645653
90.6,10.3506083645653
90.61,10.3506083645653
90.62,10.3506083645653
90.63,10.3506083645653
90.64,10.3506083645653
90.65,10.3506083645653
90.66,10.3506083645653
90.67,10.3506083645653
90.68,10.3506083645653
90.69,10.3506083645653
90.7,10.3506083645653
90.71,10.3506083645653
90.72,10.3506083645653
90.73,10.3506083645653
90.74,10.3506083645653
90.75,10.3506083645653
90.76,10.3506083645653
90.77,10.3506083645653
90.78,10.3506083645653
90.79,10.3506083645653
90.8,10.3506083645653
90.81,10.3506083645653
90.82,10.3506083645653
90.83,10.3506083645653
90.84,10.3506083645653
90.85,10.3506083645653
90.86,10.3506083645653
90.87,10.3506083645653
90.88,10.3506083645653
90.89,10.3506083645653
90.9,10.3506083645653
90.91,10.3506083645653
90.92,10.3506083645653
90.93,10.3506083645653
90.94,10.3506083645653
90.95,10.3506083645653
90.96,10.3506083645653
90.97,10.3506083645653
90.98,10.3506083645653
90.99,10.3506083645653
91,10.3506083645653
91.01,10.3506083645653
91.02,10.3506083645653
91.03,10.3506083645653
91.04,10.3506083645653
91.05,10.3506083645653
91.06,10.3506083645653
91.07,10.3506083645653
91.08,10.3506083645653
91.09,10.3506083645653
91.1,10.3506083645653
91.11,10.3506083645653
91.12,10.3506083645653
91.13,10.3506083645653
91.14,10.3506083645653
91.15,10.3506083645653
91.16,10.3506083645653
91.17,10.3506083645653
91.18,10.3506083645653
91.19,10.3506083645653
91.2,10.3506083645653
91.21,10.3506083645653
91.22,10.3506083645653
91.23,10.3506083645653
91.24,10.3506083645653
91.25,10.3506083645653
91.26,10.3506083645653
91.27,10.3506083645653
91.28,10.3506083645653
91.29,10.3506083645653
91.3,10.3506083645653
91.31,10.3506083645653
91.32,10.3506083645653
91.33,10.3506083645653
91.34,10.3506083645653
91.35,10.3506083645653
91.36,10.3506083645653
91.37,10.3506083645653
91.38,10.3506083645653
91.39,10.3506083645653
91.4,10.3506083645653
91.41,10.3506083645653
91.42,10.3506083645653
91.43,10.3506083645653
91.44,10.3506083645653
91.45,10.3506083645653
91.46,10.3506083645653
91.47,10.3506083645653
91.48,10.3506083645653
91.49,10.3506083645653
91.5,10.3506083645653
91.51,10.3506083645653
91.52,10.3506083645653
91.53,10.3506083645653
91.54,10.3506083645653
91.55,10.3506083645653
91.56,10.3506083645653
91.57,10.3506083645653
91.58,10.3506083645653
91.59,10.3506083645653
91.6,10.3506083645653
91.61,10.3506083645653
91.62,10.3506083645653
91.63,10.3506083645653
91.64,10.3506083645653
91.65,10.3506083645653
91.66,10.3506083645653
91.67,10.3506083645653
91.68,10.3506083645653
91.69,10.3506083645653
91.7,10.3506083645653
91.71,10.3506083645653
91.72,10.3506083645653
91.73,10.3506083645653
91.74,10.3506083645653
91.75,10.3506083645653
91.76,10.3506083645653
91.77,10.3506083645653
91.78,10.3506083645653
91.79,10.3506083645653
91.8,10.3506083645653
91.81,10.3506083645653
91.82,10.3506083645653
91.83,10.3506083645653
91.84,10.3506083645653
91.85,10.3506083645653
91.86,10.3506083645653
91.87,10.3506083645653
91.88,10.3506083645653
91.89,10.3506083645653
91.9,10.3506083645653
91.91,10.3506083645653
91.92,10.3506083645653
91.93,10.3506083645653
91.94,10.3506083645653
91.95,10.3506083645653
91.96,10.3506083645653
91.97,10.3506083645653
91.98,10.3506083645653
91.99,10.3506083645653
92,10.3506083645653
92.01,10.3506083645653
92.02,10.3506083645653
92.03,10.3506083645653
92.04,10.3506083645653
92.05,10.3506083645653
92.06,10.3506083645653
92.07,10.3506083645653
92.08,10.3506083645653
92.09,10.3506083645653
92.1,10.3506083645653
92.11,10.3506083645653
92.12,10.3506083645653
92.13,10.3506083645653
92.14,10.3506083645653
92.15,10.3506083645653
92.16,10.3506083645653
92.17,10.3506083645653
92.18,10.3506083645653
92.19,10.3506083645653
92.2,10.3506083645653
92.21,15.4394469557975
92.22,15.4394469557975
92.23,15.4394469557975
92.24,15.4394469557975
92.25,15.4394469557975
92.26,15.4394469557975
92.27,15.4394469557975
92.28,15.4394469557975
92.29,15.4394469557975
92.3,15.4394469557975
92.31,15.4394469557975
92.32,15.4394469557975
92.33,15.4394469557975
92.34,15.4394469557975
92.35,15.4394469557975
92.36,15.4394469557975
92.37,15.4394469557975
92.38,15.4394469557975
92.39,15.4394469557975
92.4,15.4394469557975
92.41,15.4394469557975
92.42,15.4394469557975
92.43,15.4394469557975
92.44,15.4394469557975
92.45,15.4394469557975
92.46,15.4394469557975
92.47,15.4394469557975
92.48,15.4394469557975
92.49,15.4394469557975
92.5,15.4394469557975
92.51,15.4394469557975
92.52,15.4394469557975
92.53,15.4394469557975
92.54,15.4394469557975
92.55,15.4394469557975
92.56,15.4394469557975
92.57,15.4394469557975
92.58,15.4394469557975
92.59,15.4394469557975
92.6,15.4394469557975
92.61,15.4394469557975
92.62,15.4394469557975
92.63,15.4394469557975
92.64,15.4394469557975
92.65,15.4394469557975
92.66,15.4394469557975
92.67,15.4394469557975
92.68,15.4394469557975
92.69,15.4394469557975
92.7,15.4394469557975
92.71,15.4394469557975
92.72,15.4394469557975
92.73,15.4394469557975
92.74,15.4394469557975
92.75,15.4394469557975
92.76,15.4394469557975
92.77,15.4394469557975
92.78,15.4394469557975
92.79,15.4394469557975
92.8,15.4394469557975
92.81,15.4394469557975
92.82,15.4394469557975
92.83,15.4394469557975
92.84,15.4394469557975
92.85,15.4394469557975
92.86,15.4394469557975
92.87,15.4394469557975
92.88,15.4394469557975
92.89,15.4394469557975
92.9,15.4394469557975
92.91,15.4394469557975
92.92,15.4394469557975
92.93,15.4394469557975
92.94,15.4394469557975
92.95,15.4394469557975
92.96,15.4394469557975
92.97,15.4394469557975
92.98,15.4394469557975
92.99,15.4394469557975
93,15.4394469557975
93.01,15.4394469557975
93.02,15.4394469557975
93.03,15.4394469557975
93.04,15.4394469557975
93.05,15.4394469557975
93.06,15.4394469557975
93.07,15.4394469557975
93.08,15.4394469557975
93.09,15.4394469557975
93.1,15.4394469557975
93.11,15.4394469557975
93.12,15.4394469557975
93.13,15.4394469557975
93.14,15.4394469557975
93.15,15.4394469557975
93.16,15.4394469557975
93.17,15.4394469557975
93.18,15.4394469557975
93.19,15.4394469557975
93.2,15.4394469557975
93.21,15.4394469557975
93.22,15.4394469557975
93.23,15.4394469557975
93.24,15.4394469557975
93.25,15.4394469557975
93.26,15.4394469557975
93.27,15.4394469557975
93.28,15.4394469557975
93.29,15.4394469557975
93.3,15.4394469557975
93.31,15.4394469557975
93.32,15.4394469557975
93.33,15.4394469557975
93.34,15.4394469557975
93.35,15.4394469557975
93.36,15.4394469557975
93.37,15.4394469557975
93.38,15.4394469557975
93.39,15.4394469557975
93.4,15.4394469557975
93.41,15.4394469557975
93.42,15.4394469557975
93.43,15.4394469557975
93.44,15.4394469557975
93.45,15.4394469557975
93.46,15.4394469557975
93.47,15.4394469557975
93.48,15.4394469557975
93.49,15.4394469557975
93.5,15.4394469557975
93.51,15.4394469557975
93.52,15.4394469557975
93.53,15.4394469557975
93.54,15.4394469557975
93.55,15.4394469557975
93.56,15.4394469557975
93.57,15.4394469557975
93.58,15.4394469557975
93.59,15.4394469557975
93.6,15.4394469557975
93.61,15.4394469557975
93.62,15.4394469557975
93.63,15.4394469557975
93.64,15.4394469557975
93.65,15.4394469557975
93.66,15.4394469557975
93.67,15.4394469557975
93.68,15.4394469557975
93.69,15.4394469557975
93.7,15.4394469557975
93.71,15.4394469557975
93.72,15.4394469557975
93.73,15.4394469557975
93.74,15.4394469557975
93.75,15.4394469557975
93.76,15.4394469557975
93.77,15.4394469557975
93.78,15.4394469557975
93.79,15.4394469557975
93.8,15.4394469557975
93.81,15.4394469557975
93.82,15.4394469557975
93.83,15.4394469557975
93.84,15.4394469557975
93.85,15.4394469557975
93.86,15.4394469557975
93.87,15.4394469557975
93.88,15.4394469557975
93.89,15.4394469557975
93.9,15.4394469557975
93.91,15.4394469557975
93.92,15.4394469557975
93.93,15.4394469557975
93.94,15.4394469557975
93.95,15.4394469557975
93.96,15.4394469557975
93.97,15.4394469557975
93.98,15.4394469557975
93.99,15.4394469557975
94,15.4394469557975
94.01,15.4394469557975
94.02,15.4394469557975
94.03,15.4394469557975
94.04,15.4394469557975
94.05,15.4394469557975
94.06,15.4394469557975
94.07,15.4394469557975
94.08,15.4394469557975
94.09,15.4394469557975
94.1,15.4394469557975
94.11,15.4394469557975
94.12,15.4394469557975
94.13,15.4394469557975
94.14,15.4394469557975
94.15,15.4394469557975
94.16,15.4394469557975
94.17,15.4394469557975
94.18,15.4394469557975
94.19,15.4394469557975
94.2,15.4394469557975
94.21,15.4394469557975
94.22,15.4394469557975
94.23,15.4394469557975
94.24,15.4394469557975
94.25,15.4394469557975
94.26,15.4394469557975
94.27,15.4394469557975
94.28,15.4394469557975
94.29,15.4394469557975
94.3,15.4394469557975
94.31,15.4394469557975
94.32,15.4394469557975
94.33,15.4394469557975
94.34,15.4394469557975
94.35,15.4394469557975
94.36,15.4394469557975
94.37,15.4394469557975
94.38,15.4394469557975
94.39,15.4394469557975
94.4,15.4394469557975
94.41,15.4394469557975
94.42,15.4394469557975
94.43,15.4394469557975
94.44,15.4394469557975
94.45,15.4394469557975
94.46,15.4394469557975
94.47,15.4394469557975
94.48,15.4394469557975
94.49,15.4394469557975
94.5,15.4394469557975
94.51,15.4394469557975
94.52,15.4394469557975
94.53,15.4394469557975
94.54,15.4394469557975
94.55,15.4394469557975
94.56,15.4394469557975
94.57,15.4394469557975
94.58,15.4394469557975
94.59,15.4394469557975
94.6,15.4394469557975
94.61,15.4394469557975
94.62,15.4394469557975
94.63,15.4394469557975
94.64,15.4394469557975
94.65,15.4394469557975
94.66,15.4394469557975
94.67,15.4394469557975
94.68,15.4394469557975
94.69,15.4394469557975
94.7,15.4394469557975
94.71,15.4394469557975
94.72,15.4394469557975
94.73,15.4394469557975
94.74,15.4394469557975
94.75,15.4394469557975
94.76,15.4394469557975
94.77,15.4394469557975
94.78,15.4394469557975
94.79,15.4394469557975
94.8,15.4394469557975
94.81,15.4394469557975
94.82,15.4394469557975
94.83,15.4394469557975
94.84,15.4394469557975
94.85,15.4394469557975
94.86,15.4394469557975
94.87,15.4394469557975
94.88,15.4394469557975
94.89,15.4394469557975
94.9,15.4394469557975
94.91,15.4394469557975
94.92,15.4394469557975
94.93,15.4394469557975
94.94,15.4394469557975
94.95,15.4394469557975
94.96,15.4394469557975
94.97,15.4394469557975
94.98,15.4394469557975
94.99,15.4394469557975
95,15.4394469557975
95.01,15.4394469557975
95.02,15.4394469557975
95.03,15.4394469557975
95.04,15.4394469557975
95.05,15.4394469557975
95.06,15.4394469557975
95.07,15.4394469557975
95.08,15.4394469557975
95.09,15.4394469557975
95.1,15.4394469557975
95.11,15.4394469557975
95.12,15.4394469557975
95.13,15.4394469557975
95.14,15.4394469557975
95.15,15.4394469557975
95.16,15.4394469557975
95.17,15.4394469557975
95.18,15.4394469557975
95.19,15.4394469557975
95.2,15.4394469557975
95.21,15.4394469557975
95.22,15.4394469557975
95.23,15.4394469557975
95.24,15.4394469557975
95.25,15.4394469557975
95.26,15.4394469557975
95.27,15.4394469557975
95.28,15.4394469557975
95.29,15.4394469557975
95.3,15.4394469557975
95.31,15.4394469557975
95.32,15.4394469557975
95.33,15.4394469557975
95.34,15.4394469557975
95.35,15.4394469557975
95.36,15.4394469557975
95.37,15.4394469557975
95.38,15.4394469557975
95.39,15.4394469557975
95.4,15.4394469557975
95.41,15.4394469557975
95.42,15.4394469557975
95.43,15.4394469557975
95.44,15.4394469557975
95.45,15.4394469557975
95.46,15.4394469557975
95.47,15.4394469557975
95.48,15.4394469557975
95.49,15.4394469557975
95.5,15.4394469557975
95.51,15.4394469557975
95.52,15.4394469557975
95.53,15.4394469557975
95.54,15.4394469557975
95.55,15.4394469557975
95.56,15.4394469557975
95.57,15.4394469557975
95.58,15.4394469557975
95.59,15.4394469557975
95.6,15.4394469557975
95.61,15.4394469557975
95.62,15.4394469557975
95.63,15.4394469557975
95.64,15.4394469557975
95.65,15.4394469557975
95.66,15.4394469557975
95.67,15.4394469557975
95.68,15.4394469557975
95.69,15.4394469557975
95.7,15.4394469557975
95.71,15.4394469557975
95.72,15.4394469557975
95.73,15.4394469557975
95.74,15.4394469557975
95.75,15.4394469557975
95.76,15.4394469557975
95.77,15.4394469557975
95.78,15.4394469557975
95.79,15.4394469557975
95.8,15.4394469557975
95.81,15.4394469557975
95.82,15.4394469557975
95.83,15.4394469557975
95.84,15.4394469557975
95.85,15.4394469557975
95.86,15.4394469557975
95.87,15.4394469557975
95.88,15.4394469557975
95.89,15.4394469557975
95.9,15.4394469557975
95.91,15.4394469557975
95.92,15.4394469557975
95.93,15.4394469557975
95.94,15.4394469557975
95.95,15.4394469557975
95.96,15.4394469557975
95.97,15.4394469557975
95.98,15.4394469557975
95.99,15.4394469557975
96,15.4394469557975
96.01,15.4394469557975
96.02,15.4394469557975
96.03,15.4394469557975
96.04,15.4394469557975
96.05,15.4394469557975
96.06,15.4394469557975
96.07,15.4394469557975
96.08,15.4394469557975
96.09,15.4394469557975
96.1,15.4394469557975
96.11,15.4394469557975
96.12,15.4394469557975
96.13,15.4394469557975
96.14,15.4394469557975
96.15,15.4394469557975
96.16,15.4394469557975
96.17,15.4394469557975
96.18,15.4394469557975
96.19,15.4394469557975
96.2,15.4394469557975
96.21,15.4394469557975
96.22,15.4394469557975
96.23,15.4394469557975
96.24,15.4394469557975
96.25,15.4394469557975
96.26,15.4394469557975
96.27,15.4394469557975
96.28,15.4394469557975
96.29,15.4394469557975
96.3,15.4394469557975
96.31,15.4394469557975
96.32,15.4394469557975
96.33,15.4394469557975
96.34,15.4394469557975
96.35,15.4394469557975
96.36,15.4394469557975
96.37,15.4394469557975
96.38,15.4394469557975
96.39,15.4394469557975
96.4,15.4394469557975
96.41,15.4394469557975
96.42,15.4394469557975
96.43,15.4394469557975
96.44,15.4394469557975
96.45,15.4394469557975
96.46,15.4394469557975
96.47,15.4394469557975
96.48,15.4394469557975
96.49,15.4394469557975
96.5,15.4394469557975
96.51,15.4394469557975
96.52,15.4394469557975
96.53,15.4394469557975
96.54,15.4394469557975
96.55,15.4394469557975
96.56,15.4394469557975
96.57,15.4394469557975
96.58,15.4394469557975
96.59,15.4394469557975
96.6,15.4394469557975
96.61,15.4394469557975
96.62,15.4394469557975
96.63,15.4394469557975
96.64,15.4394469557975
96.65,15.4394469557975
96.66,15.4394469557975
96.67,15.4394469557975
96.68,59.1867870471426
96.69,59.1867870471426
96.7,59.1867870471426
96.71,59.1867870471426
96.72,59.1867870471426
96.73,59.1867870471426
96.74,59.1867870471426
96.75,59.1867870471426
96.76,59.1867870471426
96.77,59.1867870471426
96.78,59.1867870471426
96.79,59.1867870471426
96.8,59.1867870471426
96.81,59.1867870471426
96.82,59.1867870471426
96.83,59.1867870471426
96.84,59.1867870471426
96.85,59.1867870471426
96.86,59.1867870471426
96.87,59.1867870471426
96.88,59.1867870471426
96.89,59.1867870471426
96.9,59.1867870471426
96.91,59.1867870471426
96.92,59.1867870471426
96.93,59.1867870471426
96.94,59.1867870471426
96.95,59.1867870471426
96.96,59.1867870471426
96.97,59.1867870471426
96.98,59.1867870471426
96.99,59.1867870471426
97,59.1867870471426
97.01,59.1867870471426
97.02,59.1867870471426
97.03,59.1867870471426
97.04,59.1867870471426
97.05,59.1867870471426
97.06,59.1867870471426
97.07,59.1867870471426
97.08,59.1867870471426
97.09,59.1867870471426
97.1,59.1867870471426
97.11,59.1867870471426
97.12,59.1867870471426
97.13,59.1867870471426
97.14,59.1867870471426
97.15,59.1867870471426
97.16,59.1867870471426
97.17,59.1867870471426
97.18,59.1867870471426
97.19,59.1867870471426
97.2,59.1867870471426
97.21,59.1867870471426
97.22,59.1867870471426
97.23,59.1867870471426
97.24,59.1867870471426
97.25,59.1867870471426
97.26,59.1867870471426
97.27,59.1867870471426
97.28,59.1867870471426
97.29,59.1867870471426
97.3,59.1867870471426
97.31,59.1867870471426
97.32,59.1867870471426
97.33,59.1867870471426
97.34,59.1867870471426
97.35,59.1867870471426
97.36,59.1867870471426
97.37,59.1867870471426
97.38,59.1867870471426
97.39,59.1867870471426
97.4,59.1867870471426
97.41,59.1867870471426
97.42,59.1867870471426
97.43,59.1867870471426
97.44,59.1867870471426
97.45,59.1867870471426
97.46,59.1867870471426
97.47,59.1867870471426
97.48,59.1867870471426
97.49,59.1867870471426
97.5,59.1867870471426
97.51,59.1867870471426
97.52,59.1867870471426
97.53,59.1867870471426
97.54,59.1867870471426
97.55,59.1867870471426
97.56,59.1867870471426
97.57,59.1867870471426
97.58,59.1867870471426
97.59,59.1867870471426
97.6,59.1867870471426
97.61,59.1867870471426
97.62,59.1867870471426
97.63,59.1867870471426
97.64,59.1867870471426
97.65,59.1867870471426
97.66,59.1867870471426
97.67,59.1867870471426
97.68,59.1867870471426
97.69,59.1867870471426
97.7,59.1867870471426
97.71,59.1867870471426
97.72,59.1867870471426
97.73,59.1867870471426
97.74,59.1867870471426
97.75,59.1867870471426
97.76,59.1867870471426
97.77,59.1867870471426
97.78,59.1867870471426
97.79,59.1867870471426
97.8,59.1867870471426
97.81,59.1867870471426
97.82,59.1867870471426
97.83,59.1867870471426
97.84,59.1867870471426
97.85,59.1867870471426
97.86,59.1867870471426
97.87,59.1867870471426
97.88,59.1867870471426
97.89,59.1867870471426
97.9,59.1867870471426
97.91,59.1867870471426
97.92,59.1867870471426
97.93,59.1867870471426
97.94,59.1867870471426
97.95,59.1867870471426
97.96,59.1867870471426
97.97,59.1867870471426
97.98,59.1867870471426
97.99,59.1867870471426
98,59.1867870471426
98.01,59.1867870471426
98.02,59.1867870471426
98.03,59.1867870471426
98.04,59.1867870471426
98.05,59.1867870471426
98.06,59.1867870471426
98.07,59.1867870471426
98.08,59.1867870471426
98.09,59.1867870471426
98.1,59.1867870471426
98.11,59.1867870471426
98.12,59.1867870471426
98.13,59.1867870471426
98.14,59.1867870471426
98.15,59.1867870471426
98.16,59.1867870471426
98.17,59.1867870471426
98.18,59.1867870471426
98.19,59.1867870471426
98.2,59.1867870471426
98.21,59.1867870471426
98.22,59.1867870471426
98.23,59.1867870471426
98.24,59.1867870471426
98.25,59.1867870471426
98.26,59.1867870471426
98.27,59.1867870471426
98.28,59.1867870471426
98.29,59.1867870471426
98.3,14.2519397650004
98.31,14.2519397650004
98.32,14.2519397650004
98.33,14.2519397650004
98.34,14.2519397650004
98.35,14.2519397650004
98.36,14.2519397650004
98.37,14.2519397650004
98.38,14.2519397650004
98.39,14.2519397650004
98.4,14.2519397650004
98.41,14.2519397650004
98.42,14.2519397650004
98.43,14.2519397650004
98.44,14.2519397650004
98.45,14.2519397650004
98.46,14.2519397650004
98.47,14.2519397650004
98.48,14.2519397650004
98.49,14.2519397650004
98.5,14.2519397650004
98.51,14.2519397650004
98.52,14.2519397650004
98.53,14.2519397650004
98.54,14.2519397650004
98.55,14.2519397650004
98.56,14.2519397650004
98.57,14.2519397650004
98.58,14.2519397650004
98.59,14.2519397650004
98.6,14.2519397650004
98.61,14.2519397650004
98.62,14.2519397650004
98.63,14.2519397650004
98.64,14.2519397650004
98.65,14.2519397650004
98.66,14.2519397650004
98.67,14.2519397650004
98.68,14.2519397650004
98.69,14.2519397650004
98.7,14.2519397650004
98.71,14.2519397650004
98.72,14.2519397650004
98.73,14.2519397650004
98.74,14.2519397650004
98.75,14.2519397650004
98.76,14.2519397650004
98.77,14.2519397650004
98.78,14.2519397650004
98.79,14.2519397650004
98.8,14.2519397650004
98.81,14.2519397650004
98.82,14.2519397650004
98.83,14.2519397650004
98.84,14.2519397650004
98.85,14.2519397650004
98.86,14.2519397650004
98.87,14.2519397650004
98.88,14.2519397650004
98.89,14.2519397650004
98.9,14.2519397650004
98.91,14.2519397650004
98.92,14.2519397650004
98.93,14.2519397650004
98.94,14.2519397650004
98.95,14.2519397650004
98.96,14.2519397650004
98.97,14.2519397650004
98.98,14.2519397650004
98.99,14.2519397650004
99,14.2519397650004
99.01,14.2519397650004
99.02,14.2519397650004
99.03,14.2519397650004
99.04,14.2519397650004
99.05,14.2519397650004
99.06,14.2519397650004
99.07,14.2519397650004
99.08,14.2519397650004
99.09,14.2519397650004
99.1,14.2519397650004
99.11,14.2519397650004
99.12,14.2519397650004
99.13,14.2519397650004
99.14,14.2519397650004
99.15,14.2519397650004
99.16,14.2519397650004
99.17,14.2519397650004
99.18,14.2519397650004
99.19,14.2519397650004
99.2,14.2519397650004
99.21,14.2519397650004
99.22,14.2519397650004
99.23,14.2519397650004
99.24,14.2519397650004
99.25,14.2519397650004
99.26,14.2519397650004
99.27,14.2519397650004
99.28,14.2519397650004
99.29,14.2519397650004
99.3,14.2519397650004
99.31,14.2519397650004
99.32,14.2519397650004
99.33,14.2519397650004
99.34,14.2519397650004
99.35,14.2519397650004
99.36,14.2519397650004
99.37,14.2519397650004
99.38,14.2519397650004
99.39,14.2519397650004
99.4,14.2519397650004
99.41,14.2519397650004
99.42,14.2519397650004
99.43,14.2519397650004
99.44,14.2519397650004
99.45,14.2519397650004
99.46,14.2519397650004
99.47,14.2519397650004
99.48,14.2519397650004
99.49,14.2519397650004
99.5,14.2519397650004
99.51,14.2519397650004
99.52,14.2519397650004
99.53,14.2519397650004
99.54,14.2519397650004
99.55,14.2519397650004
99.56,14.2519397650004
99.57,14.2519397650004
99.58,14.2519397650004
99.59,14.2519397650004
99.6,14.2519397650004
99.61,14.2519397650004
99.62,14.2519397650004
99.63,14.2519397650004
99.64,14.2519397650004
99.65,14.2519397650004
99.66,14.2519397650004
99.67,14.2519397650004
99.68,14.2519397650004
99.69,14.2519397650004
99.7,14.2519397650004
99.71,14.2519397650004
99.72,14.2519397650004
99.73,14.2519397650004
99.74,14.2519397650004
99.75,14.2519397650004
99.76,14.2519397650004
99.77,14.2519397650004
99.78,14.2519397650004
99.79,14.2519397650004
99.8,14.2519397650004
99.81,14.2519397650004
99.82,14.2519397650004
99.83,14.2519397650004
99.84,14.2519397650004
99.85,14.2519397650004
99.86,14.2519397650004
99.87,14.2519397650004
99.88,14.2519397650004
99.89,14.2519397650004
99.9,14.2519397650004
99.91,14.2519397650004
99.92,14.2519397650004
99.93,14.2519397650004
99.94,14.2519397650004
99.95,14.2519397650004
99.96,14.2519397650004
99.97,14.2519397650004
99.98,14.2519397650004
99.99,14.2519397650004
100,14.2519397650004
100.01,14.2519397650004
100.02,14.2519397650004
100.03,14.2519397650004
100.04,14.2519397650004
100.05,14.2519397650004
100.06,14.2519397650004
100.07,14.2519397650004
100.08,14.2519397650004
100.09,14.2519397650004
100.1,14.2519397650004
100.11,14.2519397650004
100.12,14.2519397650004
100.13,14.2519397650004
100.14,14.2519397650004
100.15,14.2519397650004
100.16,14.2519397650004
100.17,14.2519397650004
100.18,14.2519397650004
100.19,14.2519397650004
100.2,14.2519397650004
100.21,14.2519397650004
100.22,14.2519397650004
100.23,14.2519397650004
100.24,14.2519397650004
100.25,14.2519397650004
100.26,14.2519397650004
100.27,14.2519397650004
100.28,14.2519397650004
100.29,14.2519397650004
100.3,14.2519397650004
100.31,14.2519397650004
100.32,14.2519397650004
100.33,14.2519397650004
100.34,14.2519397650004
100.35,14.2519397650004
100.36,14.2519397650004
100.37,14.2519397650004
100.38,14.2519397650004
100.39,14.2519397650004
100.4,14.2519397650004
100.41,14.2519397650004
100.42,14.2519397650004
100.43,14.2519397650004
100.44,14.2519397650004
100.45,14.2519397650004
100.46,14.2519397650004
100.47,14.2519397650004
100.48,14.2519397650004
100.49,14.2519397650004
100.5,14.2519397650004
100.51,14.2519397650004
100.52,14.2519397650004
100.53,14.2519397650004
100.54,14.2519397650004
100.55,14.2519397650004
100.56,14.2519397650004
100.57,14.2519397650004
100.58,14.2519397650004
100.59,14.2519397650004
100.6,14.2519397650004
100.61,14.2519397650004
100.62,14.2519397650004
100.63,14.2519397650004
100.64,14.2519397650004
100.65,14.2519397650004
100.66,14.2519397650004
100.67,14.2519397650004
100.68,14.2519397650004
100.69,14.2519397650004
100.7,14.2519397650004
100.71,14.2519397650004
100.72,14.2519397650004
100.73,14.2519397650004
100.74,14.2519397650004
100.75,14.2519397650004
100.76,14.2519397650004
100.77,14.2519397650004
100.78,14.2519397650004
100.79,14.2519397650004
100.8,14.2519397650004
100.81,14.2519397650004
100.82,14.2519397650004
100.83,14.2519397650004
100.84,14.2519397650004
100.85,14.2519397650004
100.86,14.2519397650004
100.87,14.2519397650004
100.88,14.2519397650004
100.89,14.2519397650004
100.9,14.2519397650004
100.91,14.2519397650004
100.92,14.2519397650004
100.93,14.2519397650004
100.94,14.2519397650004
100.95,14.2519397650004
100.96,14.2519397650004
100.97,14.2519397650004
100.98,14.2519397650004
100.99,14.2519397650004
101,14.2519397650004
101.01,14.2519397650004
101.02,14.2519397650004
101.03,14.2519397650004
101.04,14.2519397650004
101.05,14.2519397650004
101.06,14.2519397650004
101.07,14.2519397650004
101.08,14.2519397650004
101.09,14.2519397650004
101.1,14.2519397650004
101.11,14.2519397650004
101.12,14.2519397650004
101.13,14.2519397650004
101.14,14.2519397650004
101.15,14.2519397650004
101.16,14.2519397650004
101.17,14.2519397650004
101.18,14.2519397650004
101.19,14.2519397650004
101.2,14.2519397650004
101.21,14.2519397650004
101.22,14.2519397650004
101.23,14.2519397650004
101.24,14.2519397650004
101.25,14.2519397650004
101.26,14.2519397650004
101.27,14.2519397650004
101.28,14.2519397650004
101.29,14.2519397650004
101.3,14.2519397650004
101.31,14.2519397650004
101.32,14.2519397650004
101.33,14.2519397650004
101.34,14.2519397650004
101.35,14.2519397650004
101.36,14.2519397650004
101.37,14.2519397650004
101.38,14.2519397650004
101.39,14.2519397650004
101.4,14.2519397650004
101.41,14.2519397650004
101.42,14.2519397650004
101.43,14.2519397650004
101.44,14.2519397650004
101.45,14.2519397650004
101.46,14.2519397650004
101.47,14.2519397650004
101.48,14.2519397650004
101.49,14.2519397650004
101.5,14.2519397650004
101.51,14.2519397650004
101.52,14.2519397650004
101.53,14.2519397650004
101.54,14.2519397650004
101.55,14.2519397650004
101.56,14.2519397650004
101.57,14.2519397650004
101.58,14.2519397650004
101.59,14.2519397650004
101.6,14.2519397650004
101.61,14.2519397650004
101.62,14.2519397650004
101.63,14.2519397650004
101.64,14.2519397650004
101.65,14.2519397650004
101.66,14.2519397650004
101.67,14.2519397650004
101.68,14.2519397650004
101.69,14.2519397650004
101.7,14.2519397650004
101.71,14.2519397650004
101.72,14.2519397650004
101.73,14.2519397650004
101.74,14.2519397650004
101.75,14.2519397650004
101.76,14.2519397650004
101.77,14.2519397650004
101.78,14.2519397650004
101.79,14.2519397650004
101.8,14.2519397650004
101.81,14.2519397650004
101.82,14.2519397650004
101.83,14.2519397650004
101.84,14.2519397650004
101.85,14.2519397650004
101.86,14.2519397650004
101.87,14.2519397650004
101.88,14.2519397650004
101.89,14.2519397650004
101.9,14.2519397650004
101.91,14.2519397650004
101.92,14.2519397650004
101.93,14.2519397650004
101.94,14.2519397650004
101.95,14.2519397650004
101.96,14.2519397650004
101.97,14.2519397650004
101.98,14.2519397650004
101.99,14.2519397650004
102,14.2519397650004
102.01,14.2519397650004
102.02,14.2519397650004
102.03,14.2519397650004
102.04,14.2519397650004
102.05,14.2519397650004
102.06,14.2519397650004
102.07,14.2519397650004
102.08,14.2519397650004
102.09,14.2519397650004
102.1,14.2519397650004
102.11,14.2519397650004
102.12,14.2519397650004
102.13,14.2519397650004
102.14,14.2519397650004
102.15,14.2519397650004
102.16,14.2519397650004
102.17,14.2519397650004
102.18,14.2519397650004
102.19,14.2519397650004
102.2,14.2519397650004
102.21,14.2519397650004
102.22,14.2519397650004
102.23,14.2519397650004
102.24,14.2519397650004
102.25,14.2519397650004
102.26,14.2519397650004
102.27,14.2519397650004
102.28,14.2519397650004
102.29,14.2519397650004
102.3,14.2519397650004
102.31,14.2519397650004
102.32,14.2519397650004
102.33,14.2519397650004
102.34,14.2519397650004
102.35,14.2519397650004
102.36,14.2519397650004
102.37,14.2519397650004
102.38,14.2519397650004
102.39,14.2519397650004
102.4,14.2519397650004
102.41,14.2519397650004
102.42,14.2519397650004
102.43,14.2519397650004
102.44,14.2519397650004
102.45,14.2519397650004
102.46,14.2519397650004
102.47,14.2519397650004
102.48,14.2519397650004
102.49,14.2519397650004
102.5,14.2519397650004
102.51,14.2519397650004
102.52,14.2519397650004
102.53,14.2519397650004
102.54,14.2519397650004
102.55,14.2519397650004
102.56,14.2519397650004
102.57,14.2519397650004
102.58,14.2519397650004
102.59,14.2519397650004
102.6,70.8076392463881
102.61,70.8076392463881
102.62,70.8076392463881
102.63,70.8076392463881
102.64,70.8076392463881
102.65,70.8076392463881
102.66,70.8076392463881
102.67,70.8076392463881
102.68,70.8076392463881
102.69,70.8076392463881
102.7,70.8076392463881
102.71,70.8076392463881
102.72,70.8076392463881
102.73,70.8076392463881
102.74,70.8076392463881
102.75,70.8076392463881
102.76,70.8076392463881
102.77,70.8076392463881
102.78,70.8076392463881
102.79,70.8076392463881
102.8,70.8076392463881
102.81,70.8076392463881
102.82,70.8076392463881
102.83,70.8076392463881
102.84,70.8076392463881
102.85,70.8076392463881
102.86,70.8076392463881
102.87,70.8076392463881
102.88,70.8076392463881
102.89,70.8076392463881
102.9,70.8076392463881
102.91,70.8076392463881
102.92,70.8076392463881
102.93,70.8076392463881
102.94,70.8076392463881
102.95,70.8076392463881
102.96,70.8076392463881
102.97,70.8076392463881
102.98,70.8076392463881
102.99,70.8076392463881
103,70.8076392463881
103.01,70.8076392463881
103.02,70.8076392463881
103.03,70.8076392463881
103.04,70.8076392463881
103.05,70.8076392463881
103.06,70.8076392463881
103.07,70.8076392463881
103.08,70.8076392463881
103.09,70.8076392463881
103.1,70.8076392463881
103.11,70.8076392463881
103.12,70.8076392463881
103.13,70.8076392463881
103.14,70.8076392463881
103.15,70.8076392463881
103.16,70.8076392463881
103.17,70.8076392463881
103.18,70.8076392463881
103.19,70.8076392463881
103.2,70.8076392463881
103.21,70.8076392463881
103.22,70.8076392463881
103.23,70.8076392463881
103.24,70.8076392463881
103.25,70.8076392463881
103.26,70.8076392463881
103.27,70.8076392463881
103.28,70.8076392463881
103.29,70.8076392463881
103.3,70.8076392463881
103.31,70.8076392463881
103.32,70.8076392463881
103.33,70.8076392463881
103.34,70.8076392463881
103.35,70.8076392463881
103.36,70.8076392463881
103.37,70.8076392463881
103.38,70.8076392463881
103.39,70.8076392463881
103.4,70.8076392463881
103.41,70.8076392463881
103.42,70.8076392463881
103.43,70.8076392463881
103.44,70.8076392463881
103.45,70.8076392463881
103.46,70.8076392463881
103.47,70.8076392463881
103.48,70.8076392463881
103.49,70.8076392463881
103.5,70.8076392463881
103.51,70.8076392463881
103.52,70.8076392463881
103.53,70.8076392463881
103.54,70.8076392463881
103.55,70.8076392463881
103.56,70.8076392463881
103.57,70.8076392463881
103.58,70.8076392463881
103.59,70.8076392463881
103.6,70.8076392463881
103.61,70.8076392463881
103.62,70.8076392463881
103.63,70.8076392463881
103.64,70.8076392463881
103.65,70.8076392463881
103.66,70.8076392463881
103.67,70.8076392463881
103.68,70.8076392463881
103.69,70.8076392463881
103.7,70.8076392463881
103.71,70.8076392463881
103.72,70.8076392463881
103.73,70.8076392463881
103.74,70.8076392463881
103.75,70.8076392463881
103.76,70.8076392463881
103.77,70.8076392463881
103.78,70.8076392463881
103.79,70.8076392463881
103.8,70.8076392463881
103.81,70.8076392463881
103.82,70.8076392463881
103.83,70.8076392463881
103.84,70.8076392463881
103.85,70.8076392463881
103.86,70.8076392463881
103.87,70.8076392463881
103.88,70.8076392463881
103.89,70.8076392463881
103.9,70.8076392463881
103.91,70.8076392463881
103.92,70.8076392463881
103.93,70.8076392463881
103.94,70.8076392463881
103.95,70.8076392463881
103.96,70.8076392463881
103.97,70.8076392463881
103.98,70.8076392463881
103.99,70.8076392463881
104,70.8076392463881
104.01,70.8076392463881
104.02,70.8076392463881
104.03,70.8076392463881
104.04,70.8076392463881
104.05,70.8076392463881
104.06,70.8076392463881
104.07,70.8076392463881
104.08,70.8076392463881
104.09,70.8076392463881
104.1,70.8076392463881
104.11,70.8076392463881
104.12,70.8076392463881
104.13,70.8076392463881
104.14,70.8076392463881
104.15,70.8076392463881
104.16,70.8076392463881
104.17,70.8076392463881
104.18,70.8076392463881
104.19,70.8076392463881
104.2,70.8076392463881
104.21,70.8076392463881
104.22,70.8076392463881
104.23,70.8076392463881
104.24,70.8076392463881
104.25,70.8076392463881
104.26,70.8076392463881
104.27,70.8076392463881
104.28,70.8076392463881
104.29,70.8076392463881
104.3,70.8076392463881
104.31,70.8076392463881
104.32,70.8076392463881
104.33,70.8076392463881
104.34,70.8076392463881
104.35,70.8076392463881
104.36,70.8076392463881
104.37,70.8076392463881
104.38,70.8076392463881
104.39,70.8076392463881
104.4,70.8076392463881
104.41,70.8076392463881
104.42,70.8076392463881
104.43,70.8076392463881
104.44,70.8076392463881
104.45,70.8076392463881
104.46,70.8076392463881
104.47,70.8076392463881
104.48,70.8076392463881
104.49,70.8076392463881
104.5,70.8076392463881
104.51,70.8076392463881
104.52,70.8076392463881
104.53,70.8076392463881
104.54,70.8076392463881
104.55,70.8076392463881
104.56,70.8076392463881
104.57,70.8076392463881
104.58,70.8076392463881
104.59,70.8076392463881
104.6,70.8076392463881
104.61,70.8076392463881
104.62,70.8076392463881
104.63,70.8076392463881
104.64,70.8076392463881
104.65,70.8076392463881
104.66,70.8076392463881
104.67,70.8076392463881
104.68,70.8076392463881
104.69,70.8076392463881
104.7,70.8076392463881
104.71,70.8076392463881
104.72,70.8076392463881
104.73,70.8076392463881
104.74,70.8076392463881
104.75,70.8076392463881
104.76,70.8076392463881
104.77,70.8076392463881
104.78,70.8076392463881
104.79,70.8076392463881
104.8,70.8076392463881
104.81,70.8076392463881
104.82,70.8076392463881
104.83,70.8076392463881
104.84,70.8076392463881
104.85,70.8076392463881
104.86,70.8076392463881
104.87,70.8076392463881
104.88,70.8076392463881
104.89,70.8076392463881
104.9,70.8076392463881
104.91,70.8076392463881
104.92,70.8076392463881
104.93,70.8076392463881
104.94,70.8076392463881
104.95,70.8076392463881
104.96,70.8076392463881
104.97,70.8076392463881
104.98,70.8076392463881
104.99,70.8076392463881
105,70.8076392463881
105.01,70.8076392463881
105.02,70.8076392463881
105.03,70.8076392463881
105.04,70.8076392463881
105.05,70.8076392463881
105.06,70.8076392463881
105.07,70.8076392463881
105.08,70.8076392463881
105.09,70.8076392463881
105.1,70.8076392463881
105.11,70.8076392463881
105.12,70.8076392463881
105.13,70.8076392463881
105.14,70.8076392463881
105.15,70.8076392463881
105.16,70.8076392463881
105.17,70.8076392463881
105.18,70.8076392463881
105.19,70.8076392463881
105.2,70.8076392463881
105.21,70.8076392463881
105.22,70.8076392463881
105.23,70.8076392463881
105.24,70.8076392463881
105.25,70.8076392463881
105.26,70.8076392463881
105.27,70.8076392463881
105.28,70.8076392463881
105.29,70.8076392463881
105.3,70.8076392463881
105.31,70.8076392463881
105.32,70.8076392463881
105.33,70.8076392463881
105.34,70.8076392463881
105.35,70.8076392463881
105.36,70.8076392463881
105.37,58.1423464746917
105.38,58.1423464746917
105.39,58.1423464746917
105.4,58.1423464746917
105.41,58.1423464746917
105.42,58.1423464746917
105.43,58.1423464746917
105.44,58.1423464746917
105.45,58.1423464746917
105.46,58.1423464746917
105.47,58.1423464746917
105.48,58.1423464746917
105.49,58.1423464746917
105.5,58.1423464746917
105.51,58.1423464746917
105.52,58.1423464746917
105.53,58.1423464746917
105.54,58.1423464746917
105.55,58.1423464746917
105.56,58.1423464746917
105.57,58.1423464746917
105.58,58.1423464746917
105.59,58.1423464746917
105.6,58.1423464746917
105.61,58.1423464746917
105.62,58.1423464746917
105.63,58.1423464746917
105.64,58.1423464746917
105.65,58.1423464746917
105.66,58.1423464746917
105.67,58.1423464746917
105.68,58.1423464746917
105.69,58.1423464746917
105.7,58.1423464746917
105.71,58.1423464746917
105.72,58.1423464746917
105.73,58.1423464746917
105.74,58.1423464746917
105.75,58.1423464746917
105.76,58.1423464746917
105.77,58.1423464746917
105.78,58.1423464746917
105.79,58.1423464746917
105.8,58.1423464746917
105.81,58.1423464746917
105.82,58.1423464746917
105.83,58.1423464746917
105.84,58.1423464746917
105.85,58.1423464746917
105.86,58.1423464746917
105.87,58.1423464746917
105.88,58.1423464746917
105.89,58.1423464746917
105.9,58.1423464746917
105.91,58.1423464746917
105.92,58.1423464746917
105.93,58.1423464746917
105.94,58.1423464746917
105.95,58.1423464746917
105.96,58.1423464746917
105.97,58.1423464746917
105.98,58.1423464746917
105.99,58.1423464746917
106,58.1423464746917
106.01,58.1423464746917
106.02,58.1423464746917
106.03,58.1423464746917
106.04,58.1423464746917
106.05,58.1423464746917
106.06,58.1423464746917
106.07,58.1423464746917
106.08,58.1423464746917
106.09,58.1423464746917
106.1,58.1423464746917
106.11,58.1423464746917
106.12,58.1423464746917
106.13,58.1423464746917
106.14,58.1423464746917
106.15,58.1423464746917
106.16,58.1423464746917
106.17,58.1423464746917
106.18,58.1423464746917
106.19,58.1423464746917
106.2,58.1423464746917
106.21,58.1423464746917
106.22,58.1423464746917
106.23,58.1423464746917
106.24,58.1423464746917
106.25,58.1423464746917
106.26,58.1423464746917
106.27,58.1423464746917
106.28,58.1423464746917
106.29,58.1423464746917
106.3,58.1423464746917
106.31,58.1423464746917
106.32,58.1423464746917
106.33,58.1423464746917
106.34,58.1423464746917
106.35,58.1423464746917
106.36,58.1423464746917
106.37,58.1423464746917
106.38,58.1423464746917
106.39,58.1423464746917
106.4,58.1423464746917
106.41,58.1423464746917
106.42,58.1423464746917
106.43,58.1423464746917
106.44,58.1423464746917
106.45,58.1423464746917
106.46,58.1423464746917
106.47,58.1423464746917
106.48,58.1423464746917
106.49,58.1423464746917
106.5,58.1423464746917
106.51,58.1423464746917
106.52,58.1423464746917
106.53,58.1423464746917
106.54,58.1423464746917
106.55,58.1423464746917
106.56,58.1423464746917
106.57,58.1423464746917
106.58,58.1423464746917
106.59,58.1423464746917
106.6,58.1423464746917
106.61,58.1423464746917
106.62,58.1423464746917
106.63,58.1423464746917
106.64,58.1423464746917
106.65,58.1423464746917
106.66,58.1423464746917
106.67,58.1423464746917
106.68,58.1423464746917
106.69,58.1423464746917
106.7,58.1423464746917
106.71,58.1423464746917
106.72,58.1423464746917
106.73,58.1423464746917
106.74,58.1423464746917
106.75,58.1423464746917
106.76,58.1423464746917
106.77,58.1423464746917
106.78,58.1423464746917
106.79,58.1423464746917
106.8,58.1423464746917
106.81,58.1423464746917
106.82,58.1423464746917
106.83,58.1423464746917
106.84,58.1423464746917
106.85,58.1423464746917
106.86,58.1423464746917
106.87,58.1423464746917
106.88,58.1423464746917
106.89,58.1423464746917
106.9,58.1423464746917
106.91,58.1423464746917
106.92,58.1423464746917
106.93,58.1423464746917
106.94,58.1423464746917
106.95,58.1423464746917
106.96,58.1423464746917
106.97,58.1423464746917
106.98,58.1423464746917
106.99,58.1423464746917
107,58.1423464746917
107.01,58.1423464746917
107.02,58.1423464746917
107.03,58.1423464746917
107.04,58.1423464746917
107.05,58.1423464746917
107.06,58.1423464746917
107.07,58.1423464746917
107.08,58.1423464746917
107.09,58.1423464746917
107.1,58.1423464746917
107.11,58.1423464746917
107.12,58.1423464746917
107.13,58.1423464746917
107.14,58.1423464746917
107.15,58.1423464746917
107.16,58.1423464746917
107.17,58.1423464746917
107.18,58.1423464746917
107.19,58.1423464746917
107.2,58.1423464746917
107.21,58.1423464746917
107.22,58.1423464746917
107.23,58.1423464746917
107.24,58.1423464746917
107.25,58.1423464746917
107.26,58.1423464746917
107.27,58.1423464746917
107.28,58.1423464746917
107.29,58.1423464746917
107.3,58.1423464746917
107.31,58.1423464746917
107.32,58.1423464746917
107.33,58.1423464746917
107.34,58.1423464746917
107.35,58.1423464746917
107.36,58.1423464746917
107.37,58.1423464746917
107.38,58.1423464746917
107.39,58.1423464746917
107.4,58.1423464746917
107.41,58.1423464746917
107.42,58.1423464746917
107.43,58.1423464746917
107.44,58.1423464746917
107.45,58.1423464746917
107.46,58.1423464746917
107.47,58.1423464746917
107.48,58.1423464746917
107.49,58.1423464746917
107.5,58.1423464746917
107.51,58.1423464746917
107.52,58.1423464746917
107.53,58.1423464746917
107.54,58.1423464746917
107.55,58.1423464746917
107.56,58.1423464746917
107.57,58.1423464746917
107.58,58.1423464746917
107.59,58.1423464746917
107.6,58.1423464746917
107.61,58.1423464746917
107.62,58.1423464746917
107.63,58.1423464746917
107.64,58.1423464746917
107.65,58.1423464746917
107.66,58.1423464746917
107.67,58.1423464746917
107.68,58.1423464746917
107.69,58.1423464746917
107.7,58.1423464746917
107.71,58.1423464746917
107.72,58.1423464746917
107.73,58.1423464746917
107.74,58.1423464746917
107.75,58.1423464746917
107.76,58.1423464746917
107.77,58.1423464746917
107.78,58.1423464746917
107.79,58.1423464746917
107.8,58.1423464746917
107.81,58.1423464746917
107.82,58.1423464746917
107.83,58.1423464746917
107.84,58.1423464746917
107.85,58.1423464746917
107.86,58.1423464746917
107.87,58.1423464746917
107.88,58.1423464746917
107.89,58.1423464746917
107.9,58.1423464746917
107.91,58.1423464746917
107.92,58.1423464746917
107.93,58.1423464746917
107.94,58.1423464746917
107.95,58.1423464746917
107.96,58.1423464746917
107.97,58.1423464746917
107.98,58.1423464746917
107.99,58.1423464746917
108,58.1423464746917
108.01,58.1423464746917
108.02,58.1423464746917
108.03,58.1423464746917
108.04,58.1423464746917
108.05,58.1423464746917
108.06,58.1423464746917
108.07,58.1423464746917
108.08,58.1423464746917
108.09,58.1423464746917
108.1,58.1423464746917
108.11,58.1423464746917
108.12,58.1423464746917
108.13,58.1423464746917
108.14,58.1423464746917
108.15,58.1423464746917
108.16,58.1423464746917
108.17,58.1423464746917
108.18,58.1423464746917
108.19,58.1423464746917
108.2,58.1423464746917
108.21,58.1423464746917
108.22,58.1423464746917
108.23,58.1423464746917
108.24,58.1423464746917
108.25,58.1423464746917
108.26,58.1423464746917
108.27,58.1423464746917
108.28,58.1423464746917
108.29,58.1423464746917
108.3,58.1423464746917
108.31,58.1423464746917
108.32,58.1423464746917
108.33,58.1423464746917
108.34,58.1423464746917
108.35,58.1423464746917
108.36,58.1423464746917
108.37,58.1423464746917
108.38,58.1423464746917
108.39,58.1423464746917
108.4,58.1423464746917
108.41,58.1423464746917
108.42,58.1423464746917
108.43,58.1423464746917
108.44,58.1423464746917
108.45,58.1423464746917
108.46,58.1423464746917
108.47,58.1423464746917
108.48,58.1423464746917
108.49,58.1423464746917
108.5,58.1423464746917
108.51,58.1423464746917
108.52,58.1423464746917
108.53,58.1423464746917
108.54,58.1423464746917
108.55,58.1423464746917
108.56,58.1423464746917
108.57,58.1423464746917
108.58,58.1423464746917
108.59,58.1423464746917
108.6,58.1423464746917
108.61,58.1423464746917
108.62,58.1423464746917
108.63,58.1423464746917
108.64,58.1423464746917
108.65,58.1423464746917
108.66,58.1423464746917
108.67,58.1423464746917
108.68,58.1423464746917
108.69,58.1423464746917
108.7,58.1423464746917
108.71,58.1423464746917
108.72,58.1423464746917
108.73,58.1423464746917
108.74,58.1423464746917
108.75,58.1423464746917
108.76,58.1423464746917
108.77,58.1423464746917
108.78,58.1423464746917
108.79,58.1423464746917
108.8,58.1423464746917
108.81,58.1423464746917
108.82,58.1423464746917
108.83,58.1423464746917
108.84,58.1423464746917
108.85,58.1423464746917
108.86,58.1423464746917
108.87,58.1423464746917
108.88,58.1423464746917
108.89,58.1423464746917
108.9,58.1423464746917
108.91,58.1423464746917
108.92,58.1423464746917
108.93,58.1423464746917
108.94,58.1423464746917
108.95,58.1423464746917
108.96,58.1423464746917
108.97,58.1423464746917
108.98,58.1423464746917
108.99,58.1423464746917
109,58.1423464746917
109.01,99.7979888944802
109.02,99.7979888944802
109.03,99.7979888944802
109.04,99.7979888944802
109.05,99.7979888944802
109.06,99.7979888944802
109.07,99.7979888944802
109.08,99.7979888944802
109.09,99.7979888944802
109.1,99.7979888944802
109.11,99.7979888944802
109.12,99.7979888944802
109.13,99.7979888944802
109.14,99.7979888944802
109.15,99.7979888944802
109.16,99.7979888944802
109.17,99.7979888944802
109.18,99.7979888944802
109.19,99.7979888944802
109.2,99.7979888944802
109.21,99.7979888944802
109.22,99.7979888944802
109.23,99.7979888944802
109.24,99.7979888944802
109.25,99.7979888944802
109.26,99.7979888944802
109.27,99.7979888944802
109.28,99.7979888944802
109.29,99.7979888944802
109.3,99.7979888944802
109.31,99.7979888944802
109.32,99.7979888944802
109.33,99.7979888944802
109.34,99.7979888944802
109.35,99.7979888944802
109.36,99.7979888944802
109.37,99.7979888944802
109.38,99.7979888944802
109.39,99.7979888944802
109.4,99.7979888944802
109.41,99.7979888944802
109.42,99.7979888944802
109.43,99.7979888944802
109.44,99.7979888944802
109.45,99.7979888944802
109.46,99.7979888944802
109.47,99.7979888944802
109.48,99.7979888944802
109.49,99.7979888944802
109.5,99.7979888944802
109.51,99.7979888944802
109.52,99.7979888944802
109.53,99.7979888944802
109.54,99.7979888944802
109.55,99.7979888944802
109.56,99.7979888944802
109.57,99.7979888944802
109.58,99.7979888944802
109.59,99.7979888944802
109.6,99.7979888944802
109.61,99.7979888944802
109.62,99.7979888944802
109.63,99.7979888944802
109.64,99.7979888944802
109.65,99.7979888944802
109.66,99.7979888944802
109.67,99.7979888944802
109.68,99.7979888944802
109.69,99.7979888944802
109.7,99.7979888944802
109.71,99.7979888944802
109.72,99.7979888944802
109.73,99.7979888944802
109.74,99.7979888944802
109.75,99.7979888944802
109.76,99.7979888944802
109.77,99.7979888944802
109.78,99.7979888944802
109.79,99.7979888944802
109.8,99.7979888944802
109.81,99.7979888944802
109.82,99.7979888944802
109.83,99.7979888944802
109.84,99.7979888944802
109.85,99.7979888944802
109.86,99.7979888944802
109.87,99.7979888944802
109.88,99.7979888944802
109.89,99.7979888944802
109.9,99.7979888944802
109.91,99.7979888944802
109.92,99.7979888944802
109.93,99.7979888944802
109.94,99.7979888944802
109.95,99.7979888944802
109.96,99.7979888944802
109.97,99.7979888944802
109.98,99.7979888944802
109.99,99.7979888944802
110,99.7979888944802
110.01,99.7979888944802
110.02,99.7979888944802
110.03,99.7979888944802
110.04,99.7979888944802
110.05,99.7979888944802
110.06,99.7979888944802
110.07,99.7979888944802
110.08,99.7979888944802
110.09,99.7979888944802
110.1,99.7979888944802
110.11,99.7979888944802
110.12,99.7979888944802
110.13,99.7979888944802
110.14,99.7979888944802
110.15,99.7979888944802
110.16,99.7979888944802
110.17,99.7979888944802
110.18,99.7979888944802
110.19,99.7979888944802
110.2,99.7979888944802
110.21,99.7979888944802
110.22,99.7979888944802
110.23,99.7979888944802
110.24,99.7979888944802
110.25,99.7979888944802
110.26,99.7979888944802
110.27,99.7979888944802
110.28,99.7979888944802
110.29,99.7979888944802
110.3,99.7979888944802
110.31,99.7979888944802
110.32,99.7979888944802
110.33,99.7979888944802
110.34,99.7979888944802
110.35,99.7979888944802
110.36,99.7979888944802
110.37,99.7979888944802
110.38,99.7979888944802
110.39,99.7979888944802
110.4,99.7979888944802
110.41,99.7979888944802
110.42,99.7979888944802
110.43,99.7979888944802
110.44,99.7979888944802
110.45,99.7979888944802
110.46,99.7979888944802
110.47,99.7979888944802
110.48,99.7979888944802
110.49,99.7979888944802
110.5,99.7979888944802
110.51,99.7979888944802
110.52,99.7979888944802
110.53,99.7979888944802
110.54,99.7979888944802
110.55,99.7979888944802
110.56,99.7979888944802
110.57,99.7979888944802
110.58,99.7979888944802
110.59,99.7979888944802
110.6,99.7979888944802
110.61,99.7979888944802
110.62,99.7979888944802
110.63,99.7979888944802
110.64,99.7979888944802
110.65,99.7979888944802
110.66,99.7979888944802
110.67,99.7979888944802
110.68,99.7979888944802
110.69,99.7979888944802
110.7,99.7979888944802
110.71,99.7979888944802
110.72,99.7979888944802
110.73,99.7979888944802
110.74,99.7979888944802
110.75,99.7979888944802
110.76,99.7979888944802
110.77,99.7979888944802
110.78,99.7979888944802
110.79,99.7979888944802
110.8,99.7979888944802
110.81,99.7979888944802
110.82,99.7979888944802
110.83,99.7979888944802
110.84,99.7979888944802
110.85,99.7979888944802
110.86,99.7979888944802
110.87,99.7979888944802
110.88,99.7979888944802
110.89,99.7979888944802
110.9,99.7979888944802
110.91,99.7979888944802
110.92,99.7979888944802
110.93,99.7979888944802
110.94,99.7979888944802
110.95,99.7979888944802
110.96,99.7979888944802
110.97,99.7979888944802
110.98,99.7979888944802
110.99,99.7979888944802
111,99.7979888944802
111.01,99.7979888944802
111.02,99.7979888944802
111.03,99.7979888944802
111.04,99.7979888944802
111.05,99.7979888944802
111.06,99.7979888944802
111.07,99.7979888944802
111.08,99.7979888944802
111.09,99.7979888944802
111.1,99.7979888944802
111.11,99.7979888944802
111.12,99.7979888944802
111.13,99.7979888944802
111.14,99.7979888944802
111.15,99.7979888944802
111.16,99.7979888944802
111.17,99.7979888944802
111.18,99.7979888944802
111.19,99.7979888944802
111.2,99.7979888944802
111.21,99.7979888944802
111.22,99.7979888944802
111.23,99.7979888944802
111.24,99.7979888944802
111.25,99.7979888944802
111.26,99.7979888944802
111.27,99.7979888944802
111.28,99.7979888944802
111.29,99.7979888944802
111.3,99.7979888944802
111.31,99.7979888944802
111.32,99.7979888944802
111.33,99.7979888944802
111.34,99.7979888944802
111.35,99.7979888944802
111.36,99.7979888944802
111.37,99.7979888944802
111.38,99.7979888944802
111.39,99.7979888944802
111.4,99.7979888944802
111.41,99.7979888944802
111.42,99.7979888944802
111.43,99.7979888944802
111.44,99.7979888944802
111.45,99.7979888944802
111.46,99.7979888944802
111.47,99.7979888944802
111.48,99.7979888944802
111.49,99.7979888944802
111.5,99.7979888944802
111.51,99.7979888944802
111.52,99.7979888944802
111.53,99.7979888944802
111.54,99.7979888944802
111.55,99.7979888944802
111.56,99.7979888944802
111.57,99.7979888944802
111.58,99.7979888944802
111.59,99.7979888944802
111.6,99.7979888944802
111.61,99.7979888944802
111.62,99.7979888944802
111.63,99.7979888944802
111.64,99.7979888944802
111.65,99.7979888944802
111.66,99.7979888944802
111.67,99.7979888944802
111.68,99.7979888944802
111.69,99.7979888944802
111.7,99.7979888944802
111.71,99.7979888944802
111.72,99.7979888944802
111.73,99.7979888944802
111.74,99.7979888944802
111.75,99.7979888944802
111.76,99.7979888944802
111.77,99.7979888944802
111.78,99.7979888944802
111.79,99.7979888944802
111.8,99.7979888944802
111.81,99.7979888944802
111.82,99.7979888944802
111.83,99.7979888944802
111.84,99.7979888944802
111.85,99.7979888944802
111.86,99.7979888944802
111.87,99.7979888944802
111.88,99.7979888944802
111.89,99.7979888944802
111.9,99.7979888944802
111.91,99.7979888944802
111.92,99.7979888944802
111.93,99.7979888944802
111.94,99.7979888944802
111.95,99.7979888944802
111.96,99.7979888944802
111.97,99.7979888944802
111.98,99.7979888944802
111.99,99.7979888944802
112,99.7979888944802
112.01,99.7979888944802
112.02,99.7979888944802
112.03,99.7979888944802
112.04,99.7979888944802
112.05,99.7979888944802
112.06,99.7979888944802
112.07,99.7979888944802
112.08,99.7979888944802
112.09,99.7979888944802
112.1,99.7979888944802
112.11,99.7979888944802
112.12,99.7979888944802
112.13,99.7979888944802
112.14,99.7979888944802
112.15,99.7979888944802
112.16,99.7979888944802
112.17,99.7979888944802
112.18,85.3634255382945
112.19,85.3634255382945
112.2,85.3634255382945
112.21,85.3634255382945
112.22,85.3634255382945
112.23,85.3634255382945
112.24,85.3634255382945
112.25,85.3634255382945
112.26,85.3634255382945
112.27,85.3634255382945
112.28,85.3634255382945
112.29,85.3634255382945
112.3,85.3634255382945
112.31,85.3634255382945
112.32,85.3634255382945
112.33,85.3634255382945
112.34,85.3634255382945
112.35,85.3634255382945
112.36,85.3634255382945
112.37,85.3634255382945
112.38,85.3634255382945
112.39,85.3634255382945
112.4,85.3634255382945
112.41,85.3634255382945
112.42,85.3634255382945
112.43,85.3634255382945
112.44,85.3634255382945
112.45,85.3634255382945
112.46,85.3634255382945
112.47,85.3634255382945
112.48,85.3634255382945
112.49,85.3634255382945
112.5,85.3634255382945
112.51,85.3634255382945
112.52,85.3634255382945
112.53,85.3634255382945
112.54,85.3634255382945
112.55,85.3634255382945
112.56,85.3634255382945
112.57,85.3634255382945
112.58,85.3634255382945
112.59,85.3634255382945
112.6,85.3634255382945
112.61,85.3634255382945
112.62,85.3634255382945
112.63,85.3634255382945
112.64,85.3634255382945
112.65,85.3634255382945
112.66,85.3634255382945
112.67,85.3634255382945
112.68,85.3634255382945
112.69,85.3634255382945
112.7,85.3634255382945
112.71,85.3634255382945
112.72,85.3634255382945
112.73,85.3634255382945
112.74,85.3634255382945
112.75,85.3634255382945
112.76,85.3634255382945
112.77,85.3634255382945
112.78,85.3634255382945
112.79,85.3634255382945
112.8,85.3634255382945
112.81,85.3634255382945
112.82,85.3634255382945
112.83,85.3634255382945
112.84,85.3634255382945
112.85,85.3634255382945
112.86,85.3634255382945
112.87,85.3634255382945
112.88,85.3634255382945
112.89,85.3634255382945
112.9,85.3634255382945
112.91,85.3634255382945
112.92,85.3634255382945
112.93,85.3634255382945
112.94,85.3634255382945
112.95,85.3634255382945
112.96,85.3634255382945
112.97,85.3634255382945
112.98,85.3634255382945
112.99,85.3634255382945
113,85.3634255382945
113.01,85.3634255382945
113.02,85.3634255382945
113.03,85.3634255382945
113.04,85.3634255382945
113.05,85.3634255382945
113.06,85.3634255382945
113.07,85.3634255382945
113.08,85.3634255382945
113.09,85.3634255382945
113.1,85.3634255382945
113.11,85.3634255382945
113.12,85.3634255382945
113.13,85.3634255382945
113.14,85.3634255382945
113.15,85.3634255382945
113.16,85.3634255382945
113.17,85.3634255382945
113.18,85.3634255382945
113.19,85.3634255382945
113.2,85.3634255382945
113.21,85.3634255382945
113.22,85.3634255382945
113.23,85.3634255382945
113.24,85.3634255382945
113.25,85.3634255382945
113.26,85.3634255382945
113.27,85.3634255382945
113.28,85.3634255382945
113.29,85.3634255382945
113.3,85.3634255382945
113.31,85.3634255382945
113.32,85.3634255382945
113.33,85.3634255382945
113.34,85.3634255382945
113.35,85.3634255382945
113.36,85.3634255382945
113.37,85.3634255382945
113.38,85.3634255382945
113.39,85.3634255382945
113.4,85.3634255382945
113.41,85.3634255382945
113.42,85.3634255382945
113.43,85.3634255382945
113.44,85.3634255382945
113.45,85.3634255382945
113.46,85.3634255382945
113.47,85.3634255382945
113.48,85.3634255382945
113.49,85.3634255382945
113.5,85.3634255382945
113.51,85.3634255382945
113.52,85.3634255382945
113.53,85.3634255382945
113.54,85.3634255382945
113.55,85.3634255382945
113.56,85.3634255382945
113.57,85.3634255382945
113.58,85.3634255382945
113.59,85.3634255382945
113.6,85.3634255382945
113.61,85.3634255382945
113.62,85.3634255382945
113.63,85.3634255382945
113.64,85.3634255382945
113.65,85.3634255382945
113.66,85.3634255382945
113.67,85.3634255382945
113.68,85.3634255382945
113.69,85.3634255382945
113.7,85.3634255382945
113.71,85.3634255382945
113.72,85.3634255382945
113.73,85.3634255382945
113.74,85.3634255382945
113.75,85.3634255382945
113.76,85.3634255382945
113.77,85.3634255382945
113.78,85.3634255382945
113.79,85.3634255382945
113.8,85.3634255382945
113.81,85.3634255382945
113.82,85.3634255382945
113.83,85.3634255382945
113.84,85.3634255382945
113.85,85.3634255382945
113.86,85.3634255382945
113.87,85.3634255382945
113.88,85.3634255382945
113.89,85.3634255382945
113.9,85.3634255382945
113.91,85.3634255382945
113.92,85.3634255382945
113.93,85.3634255382945
113.94,85.3634255382945
113.95,85.3634255382945
113.96,85.3634255382945
113.97,85.3634255382945
113.98,85.3634255382945
113.99,85.3634255382945
114,85.3634255382945
114.01,85.3634255382945
114.02,85.3634255382945
114.03,85.3634255382945
114.04,85.3634255382945
114.05,85.3634255382945
114.06,85.3634255382945
114.07,85.3634255382945
114.08,85.3634255382945
114.09,85.3634255382945
114.1,85.3634255382945
114.11,85.3634255382945
114.12,85.3634255382945
114.13,85.3634255382945
114.14,85.3634255382945
114.15,85.3634255382945
114.16,85.3634255382945
114.17,85.3634255382945
114.18,85.3634255382945
114.19,85.3634255382945
114.2,85.3634255382945
114.21,85.3634255382945
114.22,85.3634255382945
114.23,85.3634255382945
114.24,85.3634255382945
114.25,85.3634255382945
114.26,85.3634255382945
114.27,85.3634255382945
114.28,85.3634255382945
114.29,85.3634255382945
114.3,85.3634255382945
114.31,85.3634255382945
114.32,85.3634255382945
114.33,85.3634255382945
114.34,85.3634255382945
114.35,85.3634255382945
114.36,85.3634255382945
114.37,85.3634255382945
114.38,85.3634255382945
114.39,85.3634255382945
114.4,85.3634255382945
114.41,85.3634255382945
114.42,85.3634255382945
114.43,85.3634255382945
114.44,85.3634255382945
114.45,85.3634255382945
114.46,85.3634255382945
114.47,85.3634255382945
114.48,85.3634255382945
114.49,85.3634255382945
114.5,85.3634255382945
114.51,85.3634255382945
114.52,85.3634255382945
114.53,85.3634255382945
114.54,85.3634255382945
114.55,85.3634255382945
114.56,85.3634255382945
114.57,85.3634255382945
114.58,85.3634255382945
114.59,85.3634255382945
114.6,85.3634255382945
114.61,85.3634255382945
114.62,85.3634255382945
114.63,85.3634255382945
114.64,85.3634255382945
114.65,85.3634255382945
114.66,85.3634255382945
114.67,85.3634255382945
114.68,85.3634255382945
114.69,85.3634255382945
114.7,85.3634255382945
114.71,85.3634255382945
114.72,85.3634255382945
114.73,85.3634255382945
114.74,85.3634255382945
114.75,85.3634255382945
114.76,85.3634255382945
114.77,85.3634255382945
114.78,85.3634255382945
114.79,85.3634255382945
114.8,85.3634255382945
114.81,85.3634255382945
114.82,85.3634255382945
114.83,85.3634255382945
114.84,85.3634255382945
114.85,85.3634255382945
114.86,85.3634255382945
114.87,85.3634255382945
114.88,85.3634255382945
114.89,85.3634255382945
114.9,85.3634255382945
114.91,85.3634255382945
114.92,85.3634255382945
114.93,85.3634255382945
114.94,85.3634255382945
114.95,85.3634255382945
114.96,85.3634255382945
114.97,85.3634255382945
114.98,85.3634255382945
114.99,85.3634255382945
115,85.3634255382945
115.01,85.3634255382945
115.02,85.3634255382945
115.03,85.3634255382945
115.04,85.3634255382945
115.05,85.3634255382945
115.06,85.3634255382945
115.07,85.3634255382945
115.08,85.3634255382945
115.09,85.3634255382945
115.1,85.3634255382945
115.11,85.3634255382945
115.12,85.3634255382945
115.13,85.3634255382945
115.14,85.3634255382945
115.15,85.3634255382945
115.16,85.3634255382945
115.17,85.3634255382945
115.18,85.3634255382945
115.19,85.3634255382945
115.2,85.3634255382945
115.21,85.3634255382945
115.22,85.3634255382945
115.23,85.3634255382945
115.24,85.3634255382945
115.25,85.3634255382945
115.26,85.3634255382945
115.27,85.3634255382945
115.28,85.3634255382945
115.29,85.3634255382945
115.3,85.3634255382945
115.31,85.3634255382945
115.32,85.3634255382945
115.33,85.3634255382945
115.34,85.3634255382945
115.35,85.3634255382945
115.36,85.3634255382945
115.37,85.3634255382945
115.38,85.3634255382945
115.39,85.3634255382945
115.4,85.3634255382945
115.41,85.3634255382945
115.42,85.3634255382945
115.43,85.3634255382945
115.44,85.3634255382945
115.45,85.3634255382945
115.46,85.3634255382945
115.47,85.3634255382945
115.48,85.3634255382945
115.49,85.3634255382945
115.5,85.3634255382945
115.51,85.3634255382945
115.52,85.3634255382945
115.53,85.3634255382945
115.54,85.3634255382945
115.55,85.3634255382945
115.56,85.3634255382945
115.57,85.3634255382945
115.58,85.3634255382945
115.59,85.3634255382945
115.6,85.3634255382945
115.61,85.3634255382945
115.62,85.3634255382945
115.63,85.3634255382945
115.64,85.3634255382945
115.65,85.3634255382945
115.66,85.3634255382945
115.67,85.3634255382945
115.68,85.3634255382945
115.69,85.3634255382945
115.7,85.3634255382945
115.71,85.3634255382945
115.72,85.3634255382945
115.73,85.3634255382945
115.74,85.3634255382945
115.75,85.3634255382945
115.76,85.3634255382945
115.77,85.3634255382945
115.78,85.3634255382945
115.79,85.3634255382945
115.8,85.3634255382945
115.81,85.3634255382945
115.82,85.3634255382945
115.83,85.3634255382945
115.84,85.3634255382945
115.85,85.3634255382945
115.86,85.3634255382945
115.87,85.3634255382945
115.88,85.3634255382945
115.89,85.3634255382945
115.9,85.3634255382945
115.91,85.3634255382945
115.92,85.3634255382945
115.93,85.3634255382945
115.94,85.3634255382945
115.95,85.3634255382945
115.96,85.3634255382945
115.97,85.3634255382945
115.98,85.3634255382945
115.99,85.3634255382945
116,85.3634255382945
116.01,85.3634255382945
116.02,85.3634255382945
116.03,85.3634255382945
116.04,85.3634255382945
116.05,85.3634255382945
116.06,85.3634255382945
116.07,85.3634255382945
116.08,85.3634255382945
116.09,85.3634255382945
116.1,85.3634255382945
116.11,85.3634255382945
116.12,85.3634255382945
116.13,85.3634255382945
116.14,85.3634255382945
116.15,85.3634255382945
116.16,85.3634255382945
116.17,85.3634255382945
116.18,85.3634255382945
116.19,85.3634255382945
116.2,85.3634255382945
116.21,85.3634255382945
116.22,85.3634255382945
116.23,85.3634255382945
116.24,85.3634255382945
116.25,85.3634255382945
116.26,85.3634255382945
116.27,85.3634255382945
116.28,85.3634255382945
116.29,85.3634255382945
116.3,85.3634255382945
116.31,85.3634255382945
116.32,85.3634255382945
116.33,85.3634255382945
116.34,85.3634255382945
116.35,85.3634255382945
116.36,85.3634255382945
116.37,85.3634255382945
116.38,85.3634255382945
116.39,85.3634255382945
116.4,85.3634255382945
116.41,85.3634255382945
116.42,85.3634255382945
116.43,85.3634255382945
116.44,85.3634255382945
116.45,85.3634255382945
116.46,85.3634255382945
116.47,85.3634255382945
116.48,85.3634255382945
116.49,85.3634255382945
116.5,85.3634255382945
116.51,85.3634255382945
116.52,85.3634255382945
116.53,85.3634255382945
116.54,85.3634255382945
116.55,85.3634255382945
116.56,85.3634255382945
116.57,85.3634255382945
116.58,85.3634255382945
116.59,85.3634255382945
116.6,85.3634255382945
116.61,85.3634255382945
116.62,85.3634255382945
116.63,85.3634255382945
116.64,85.3634255382945
116.65,85.3634255382945
116.66,13.7436917817149
116.67,13.7436917817149
116.68,13.7436917817149
116.69,13.7436917817149
116.7,13.7436917817149
116.71,13.7436917817149
116.72,13.7436917817149
116.73,13.7436917817149
116.74,13.7436917817149
116.75,13.7436917817149
116.76,13.7436917817149
116.77,13.7436917817149
116.78,13.7436917817149
116.79,13.7436917817149
116.8,13.7436917817149
116.81,13.7436917817149
116.82,13.7436917817149
116.83,13.7436917817149
116.84,13.7436917817149
116.85,13.7436917817149
116.86,13.7436917817149
116.87,13.7436917817149
116.88,13.7436917817149
116.89,13.7436917817149
116.9,13.7436917817149
116.91,13.7436917817149
116.92,13.7436917817149
116.93,13.7436917817149
116.94,13.7436917817149
116.95,13.7436917817149
116.96,13.7436917817149
116.97,13.7436917817149
116.98,13.7436917817149
116.99,13.7436917817149
117,13.7436917817149
117.01,13.7436917817149
117.02,13.7436917817149
117.03,13.7436917817149
117.04,13.7436917817149
117.05,13.7436917817149
117.06,13.7436917817149
117.07,13.7436917817149
117.08,13.7436917817149
117.09,13.7436917817149
117.1,13.7436917817149
117.11,13.7436917817149
117.12,13.7436917817149
117.13,13.7436917817149
117.14,13.7436917817149
117.15,13.7436917817149
117.16,13.7436917817149
117.17,13.7436917817149
117.18,13.7436917817149
117.19,13.7436917817149
117.2,13.7436917817149
117.21,13.7436917817149
117.22,13.7436917817149
117.23,13.7436917817149
117.24,13.7436917817149
117.25,13.7436917817149
117.26,13.7436917817149
117.27,13.7436917817149
117.28,13.7436917817149
117.29,13.7436917817149
117.3,13.7436917817149
117.31,13.7436917817149
117.32,13.7436917817149
117.33,13.7436917817149
117.34,13.7436917817149
117.35,13.7436917817149
117.36,13.7436917817149
117.37,13.7436917817149
117.38,13.7436917817149
117.39,13.7436917817149
117.4,13.7436917817149
117.41,13.7436917817149
117.42,13.7436917817149
117.43,13.7436917817149
117.44,13.7436917817149
117.45,13.7436917817149
117.46,13.7436917817149
117.47,13.7436917817149
117.48,13.7436917817149
117.49,13.7436917817149
117.5,13.7436917817149
117.51,13.7436917817149
117.52,13.7436917817149
117.53,13.7436917817149
117.54,13.7436917817149
117.55,13.7436917817149
117.56,13.7436917817149
117.57,13.7436917817149
117.58,13.7436917817149
117.59,13.7436917817149
117.6,13.7436917817149
117.61,13.7436917817149
117.62,13.7436917817149
117.63,13.7436917817149
117.64,13.7436917817149
117.65,13.7436917817149
117.66,13.7436917817149
117.67,13.7436917817149
117.68,13.7436917817149
117.69,13.7436917817149
117.7,13.7436917817149
117.71,13.7436917817149
117.72,13.7436917817149
117.73,13.7436917817149
117.74,13.7436917817149
117.75,13.7436917817149
117.76,13.7436917817149
117.77,13.7436917817149
117.78,13.7436917817149
117.79,13.7436917817149
117.8,13.7436917817149
117.81,13.7436917817149
117.82,13.7436917817149
117.83,13.7436917817149
117.84,13.7436917817149
117.85,13.7436917817149
117.86,13.7436917817149
117.87,13.7436917817149
117.88,13.7436917817149
117.89,13.7436917817149
117.9,13.7436917817149
117.91,13.7436917817149
117.92,13.7436917817149
117.93,13.7436917817149
117.94,13.7436917817149
117.95,13.7436917817149
117.96,13.7436917817149
117.97,13.7436917817149
117.98,13.7436917817149
117.99,13.7436917817149
118,13.7436917817149
118.01,13.7436917817149
118.02,13.7436917817149
118.03,13.7436917817149
118.04,13.7436917817149
118.05,13.7436917817149
118.06,13.7436917817149
118.07,13.7436917817149
118.08,13.7436917817149
118.09,13.7436917817149
118.1,13.7436917817149
118.11,13.7436917817149
118.12,13.7436917817149
118.13,13.7436917817149
118.14,13.7436917817149
118.15,13.7436917817149
118.16,13.7436917817149
118.17,13.7436917817149
118.18,13.7436917817149
118.19,13.7436917817149
118.2,13.7436917817149
118.21,13.7436917817149
118.22,13.7436917817149
118.23,13.7436917817149
118.24,13.7436917817149
118.25,13.7436917817149
118.26,13.7436917817149
118.27,13.7436917817149
118.28,13.7436917817149
118.29,13.7436917817149
118.3,13.7436917817149
118.31,13.7436917817149
118.32,13.7436917817149
118.33,13.7436917817149
118.34,13.7436917817149
118.35,13.7436917817149
118.36,13.7436917817149
118.37,13.7436917817149
118.38,13.7436917817149
118.39,13.7436917817149
118.4,13.7436917817149
118.41,13.7436917817149
118.42,13.7436917817149
118.43,13.7436917817149
118.44,13.7436917817149
118.45,13.7436917817149
118.46,13.7436917817149
118.47,13.7436917817149
118.48,13.7436917817149
118.49,13.7436917817149
118.5,13.7436917817149
118.51,13.7436917817149
118.52,13.7436917817149
118.53,13.7436917817149
118.54,13.7436917817149
118.55,13.7436917817149
118.56,13.7436917817149
118.57,13.7436917817149
118.58,13.7436917817149
118.59,13.7436917817149
118.6,13.7436917817149
118.61,13.7436917817149
118.62,13.7436917817149
118.63,13.7436917817149
118.64,13.7436917817149
118.65,13.7436917817149
118.66,13.7436917817149
118.67,13.7436917817149
118.68,13.7436917817149
118.69,13.7436917817149
118.7,13.7436917817149
118.71,13.7436917817149
118.72,13.7436917817149
118.73,13.7436917817149
118.74,13.7436917817149
118.75,13.7436917817149
118.76,13.7436917817149
118.77,13.7436917817149
118.78,13.7436917817149
118.79,13.7436917817149
118.8,13.7436917817149
118.81,13.7436917817149
118.82,13.7436917817149
118.83,9.21772978574875
118.84,9.21772978574875
118.85,9.21772978574875
118.86,9.21772978574875
118.87,9.21772978574875
118.88,9.21772978574875
118.89,9.21772978574875
118.9,9.21772978574875
118.91,9.21772978574875
118.92,9.21772978574875
118.93,9.21772978574875
118.94,9.21772978574875
118.95,9.21772978574875
118.96,9.21772978574875
118.97,9.21772978574875
118.98,9.21772978574875
118.99,9.21772978574875
119,9.21772978574875
119.01,9.21772978574875
119.02,9.21772978574875
119.03,9.21772978574875
119.04,9.21772978574875
119.05,9.21772978574875
119.06,9.21772978574875
119.07,9.21772978574875
119.08,9.21772978574875
119.09,9.21772978574875
119.1,9.21772978574875
119.11,9.21772978574875
119.12,9.21772978574875
119.13,9.21772978574875
119.14,9.21772978574875
119.15,9.21772978574875
119.16,9.21772978574875
119.17,9.21772978574875
119.18,9.21772978574875
119.19,9.21772978574875
119.2,9.21772978574875
119.21,9.21772978574875
119.22,9.21772978574875
119.23,9.21772978574875
119.24,9.21772978574875
119.25,9.21772978574875
119.26,9.21772978574875
119.27,9.21772978574875
119.28,9.21772978574875
119.29,9.21772978574875
119.3,9.21772978574875
119.31,9.21772978574875
119.32,9.21772978574875
119.33,9.21772978574875
119.34,9.21772978574875
119.35,9.21772978574875
119.36,9.21772978574875
119.37,9.21772978574875
119.38,9.21772978574875
119.39,9.21772978574875
119.4,9.21772978574875
119.41,9.21772978574875
119.42,9.21772978574875
119.43,9.21772978574875
119.44,9.21772978574875
119.45,9.21772978574875
119.46,9.21772978574875
119.47,9.21772978574875
119.48,9.21772978574875
119.49,9.21772978574875
119.5,9.21772978574875
119.51,9.21772978574875
119.52,9.21772978574875
119.53,9.21772978574875
119.54,9.21772978574875
119.55,9.21772978574875
119.56,9.21772978574875
119.57,9.21772978574875
119.58,9.21772978574875
119.59,9.21772978574875
119.6,9.21772978574875
119.61,9.21772978574875
119.62,9.21772978574875
119.63,9.21772978574875
119.64,9.21772978574875
119.65,9.21772978574875
119.66,9.21772978574875
119.67,9.21772978574875
119.68,9.21772978574875
119.69,9.21772978574875
119.7,9.21772978574875
119.71,9.21772978574875
119.72,9.21772978574875
119.73,9.21772978574875
119.74,9.21772978574875
119.75,9.21772978574875
119.76,9.21772978574875
119.77,9.21772978574875
119.78,9.21772978574875
119.79,9.21772978574875
119.8,9.21772978574875
119.81,9.21772978574875
119.82,9.21772978574875
119.83,9.21772978574875
119.84,9.21772978574875
119.85,9.21772978574875
119.86,9.21772978574875
119.87,9.21772978574875
119.88,9.21772978574875
119.89,9.21772978574875
119.9,9.21772978574875
119.91,9.21772978574875
119.92,9.21772978574875
119.93,9.21772978574875
119.94,9.21772978574875
119.95,9.21772978574875
119.96,9.21772978574875
119.97,9.21772978574875
119.98,9.21772978574875
119.99,9.21772978574875
120,9.21772978574875
120.01,9.21772978574875
120.02,9.21772978574875
120.03,9.21772978574875
120.04,9.21772978574875
120.05,9.21772978574875
120.06,9.21772978574875
120.07,9.21772978574875
120.08,9.21772978574875
120.09,9.21772978574875
120.1,9.21772978574875
120.11,9.21772978574875
120.12,9.21772978574875
120.13,9.21772978574875
120.14,9.21772978574875
120.15,9.21772978574875
120.16,9.21772978574875
120.17,9.21772978574875
120.18,9.21772978574875
120.19,9.21772978574875
120.2,9.21772978574875
120.21,9.21772978574875
120.22,9.21772978574875
120.23,9.21772978574875
120.24,9.21772978574875
120.25,9.21772978574875
120.26,9.21772978574875
120.27,9.21772978574875
120.28,9.21772978574875
120.29,9.21772978574875
120.3,9.21772978574875
120.31,9.21772978574875
120.32,9.21772978574875
120.33,9.21772978574875
120.34,9.21772978574875
120.35,9.21772978574875
120.36,9.21772978574875
120.37,9.21772978574875
120.38,9.21772978574875
120.39,9.21772978574875
120.4,9.21772978574875
120.41,9.21772978574875
120.42,9.21772978574875
120.43,9.21772978574875
120.44,9.21772978574875
120.45,9.21772978574875
120.46,9.21772978574875
120.47,9.21772978574875
120.48,9.21772978574875
120.49,9.21772978574875
120.5,9.21772978574875
120.51,9.21772978574875
120.52,9.21772978574875
120.53,9.21772978574875
120.54,9.21772978574875
120.55,9.21772978574875
120.56,9.21772978574875
120.57,9.21772978574875
120.58,9.21772978574875
120.59,9.21772978574875
120.6,9.21772978574875
120.61,9.21772978574875
120.62,9.21772978574875
120.63,9.21772978574875
120.64,9.21772978574875
120.65,9.21772978574875
120.66,9.21772978574875
120.67,9.21772978574875
120.68,9.21772978574875
120.69,9.21772978574875
120.7,9.21772978574875
120.71,9.21772978574875
120.72,9.21772978574875
120.73,9.21772978574875
120.74,9.21772978574875
120.75,9.21772978574875
120.76,9.21772978574875
120.77,9.21772978574875
120.78,9.21772978574875
120.79,9.21772978574875
120.8,9.21772978574875
120.81,9.21772978574875
120.82,9.21772978574875
120.83,9.21772978574875
120.84,9.21772978574875
120.85,9.21772978574875
120.86,9.21772978574875
120.87,9.21772978574875
120.88,9.21772978574875
120.89,9.21772978574875
120.9,9.21772978574875
120.91,9.21772978574875
120.92,9.21772978574875
120.93,9.21772978574875
120.94,9.21772978574875
120.95,9.21772978574875
120.96,9.21772978574875
120.97,9.21772978574875
120.98,9.21772978574875
120.99,9.21772978574875
121,9.21772978574875
121.01,9.21772978574875
121.02,9.21772978574875
121.03,9.21772978574875
121.04,9.21772978574875
121.05,9.21772978574875
121.06,9.21772978574875
121.07,9.21772978574875
121.08,9.21772978574875
121.09,9.21772978574875
121.1,9.21772978574875
121.11,9.21772978574875
121.12,9.21772978574875
121.13,9.21772978574875
121.14,9.21772978574875
121.15,9.21772978574875
121.16,9.21772978574875
121.17,9.21772978574875
121.18,9.21772978574875
121.19,9.21772978574875
121.2,9.21772978574875
121.21,9.21772978574875
121.22,9.21772978574875
121.23,9.21772978574875
121.24,9.21772978574875
121.25,9.21772978574875
121.26,9.21772978574875
121.27,9.21772978574875
121.28,9.21772978574875
121.29,9.21772978574875
121.3,9.21772978574875
121.31,9.21772978574875
121.32,9.21772978574875
121.33,9.21772978574875
121.34,9.21772978574875
121.35,9.21772978574875
121.36,9.21772978574875
121.37,9.21772978574875
121.38,9.21772978574875
121.39,9.21772978574875
121.4,9.21772978574875
121.41,9.21772978574875
121.42,9.21772978574875
121.43,9.21772978574875
121.44,9.21772978574875
121.45,9.21772978574875
121.46,9.21772978574875
121.47,9.21772978574875
121.48,9.21772978574875
121.49,9.21772978574875
121.5,9.21772978574875
121.51,9.21772978574875
121.52,9.21772978574875
121.53,9.21772978574875
121.54,9.21772978574875
121.55,9.21772978574875
121.56,9.21772978574875
121.57,9.21772978574875
121.58,9.21772978574875
121.59,9.21772978574875
121.6,9.21772978574875
121.61,9.21772978574875
121.62,9.21772978574875
121.63,9.21772978574875
121.64,9.21772978574875
121.65,9.21772978574875
121.66,9.21772978574875
121.67,9.21772978574875
121.68,9.21772978574875
121.69,9.21772978574875
121.7,9.21772978574875
121.71,9.21772978574875
121.72,9.21772978574875
121.73,9.21772978574875
121.74,9.21772978574875
121.75,9.21772978574875
121.76,9.21772978574875
121.77,9.21772978574875
121.78,9.21772978574875
121.79,9.21772978574875
121.8,9.21772978574875
121.81,9.21772978574875
121.82,9.21772978574875
121.83,9.21772978574875
121.84,9.21772978574875
121.85,9.21772978574875
121.86,9.21772978574875
121.87,9.21772978574875
121.88,9.21772978574875
121.89,9.21772978574875
121.9,9.21772978574875
121.91,9.21772978574875
121.92,9.21772978574875
121.93,9.21772978574875
121.94,9.21772978574875
121.95,9.21772978574875
121.96,9.21772978574875
121.97,9.21772978574875
121.98,9.21772978574875
121.99,9.21772978574875
122,9.21772978574875
122.01,9.21772978574875
122.02,9.21772978574875
122.03,9.21772978574875
122.04,9.21772978574875
122.05,9.21772978574875
122.06,9.21772978574875
122.07,9.21772978574875
122.08,9.21772978574875
122.09,9.21772978574875
122.1,9.21772978574875
122.11,9.21772978574875
122.12,9.21772978574875
122.13,9.21772978574875
122.14,9.21772978574875
122.15,9.21772978574875
122.16,9.21772978574875
122.17,9.21772978574875
122.18,9.21772978574875
122.19,9.21772978574875
122.2,9.21772978574875
122.21,9.21772978574875
122.22,9.21772978574875
122.23,9.21772978574875
122.24,9.21772978574875
122.25,9.21772978574875
122.26,9.21772978574875
122.27,9.21772978574875
122.28,9.21772978574875
122.29,9.21772978574875
122.3,9.21772978574875
122.31,9.21772978574875
122.32,9.21772978574875
122.33,9.21772978574875
122.34,9.21772978574875
122.35,9.21772978574875
122.36,9.21772978574875
122.37,9.21772978574875
122.38,9.21772978574875
122.39,9.21772978574875
122.4,9.21772978574875
122.41,9.21772978574875
122.42,9.21772978574875
122.43,9.21772978574875
122.44,9.21772978574875
122.45,9.21772978574875
122.46,9.21772978574875
122.47,9.21772978574875
122.48,9.21772978574875
122.49,9.21772978574875
122.5,9.21772978574875
122.51,9.21772978574875
122.52,9.21772978574875
122.53,9.21772978574875
122.54,9.21772978574875
122.55,9.21772978574875
122.56,9.21772978574875
122.57,9.21772978574875
122.58,9.21772978574875
122.59,9.21772978574875
122.6,9.21772978574875
122.61,9.21772978574875
122.62,9.21772978574875
122.63,9.21772978574875
122.64,9.21772978574875
122.65,9.21772978574875
122.66,9.21772978574875
122.67,9.21772978574875
122.68,9.21772978574875
122.69,9.21772978574875
122.7,9.21772978574875
122.71,9.21772978574875
122.72,9.21772978574875
122.73,9.21772978574875
122.74,9.21772978574875
122.75,9.21772978574875
122.76,9.21772978574875
122.77,9.21772978574875
122.78,9.21772978574875
122.79,9.21772978574875
122.8,9.21772978574875
122.81,9.21772978574875
122.82,9.21772978574875
122.83,9.21772978574875
122.84,9.21772978574875
122.85,9.21772978574875
122.86,9.21772978574875
122.87,9.21772978574875
122.88,9.21772978574875
122.89,9.21772978574875
122.9,9.21772978574875
122.91,9.21772978574875
122.92,9.21772978574875
122.93,9.21772978574875
122.94,9.21772978574875
122.95,9.21772978574875
122.96,9.21772978574875
122.97,12.3686200515241
122.98,12.3686200515241
122.99,12.3686200515241
123,12.3686200515241
123.01,12.3686200515241
123.02,12.3686200515241
123.03,12.3686200515241
123.04,12.3686200515241
123.05,12.3686200515241
123.06,12.3686200515241
123.07,12.3686200515241
123.08,12.3686200515241
123.09,12.3686200515241
123.1,12.3686200515241
123.11,12.3686200515241
123.12,12.3686200515241
123.13,12.3686200515241
123.14,12.3686200515241
123.15,12.3686200515241
123.16,12.3686200515241
123.17,12.3686200515241
123.18,12.3686200515241
123.19,12.3686200515241
123.2,12.3686200515241
123.21,12.3686200515241
123.22,12.3686200515241
123.23,12.3686200515241
123.24,12.3686200515241
123.25,12.3686200515241
123.26,12.3686200515241
123.27,12.3686200515241
123.28,12.3686200515241
123.29,12.3686200515241
123.3,12.3686200515241
123.31,12.3686200515241
123.32,12.3686200515241
123.33,12.3686200515241
123.34,12.3686200515241
123.35,12.3686200515241
123.36,12.3686200515241
123.37,12.3686200515241
123.38,12.3686200515241
123.39,12.3686200515241
123.4,12.3686200515241
123.41,12.3686200515241
123.42,12.3686200515241
123.43,12.3686200515241
123.44,12.3686200515241
123.45,12.3686200515241
123.46,12.3686200515241
123.47,12.3686200515241
123.48,12.3686200515241
123.49,12.3686200515241
123.5,12.3686200515241
123.51,12.3686200515241
123.52,12.3686200515241
123.53,12.3686200515241
123.54,12.3686200515241
123.55,12.3686200515241
123.56,12.3686200515241
123.57,12.3686200515241
123.58,12.3686200515241
123.59,12.3686200515241
123.6,12.3686200515241
123.61,12.3686200515241
123.62,12.3686200515241
123.63,12.3686200515241
123.64,12.3686200515241
123.65,12.3686200515241
123.66,12.3686200515241
123.67,12.3686200515241
123.68,12.3686200515241
123.69,12.3686200515241
123.7,12.3686200515241
123.71,12.3686200515241
123.72,12.3686200515241
123.73,12.3686200515241
123.74,12.3686200515241
123.75,12.3686200515241
123.76,12.3686200515241
123.77,12.3686200515241
123.78,12.3686200515241
123.79,12.3686200515241
123.8,12.3686200515241
123.81,12.3686200515241
123.82,12.3686200515241
123.83,12.3686200515241
123.84,12.3686200515241
123.85,12.3686200515241
123.86,12.3686200515241
123.87,12.3686200515241
123.88,12.3686200515241
123.89,12.3686200515241
123.9,12.3686200515241
123.91,12.3686200515241
123.92,12.3686200515241
123.93,12.3686200515241
123.94,12.3686200515241
123.95,12.3686200515241
123.96,12.3686200515241
123.97,12.3686200515241
123.98,12.3686200515241
123.99,12.3686200515241
124,12.3686200515241
124.01,12.3686200515241
124.02,12.3686200515241
124.03,12.3686200515241
124.04,12.3686200515241
124.05,12.3686200515241
124.06,12.3686200515241
124.07,12.3686200515241
124.08,12.3686200515241
124.09,12.3686200515241
124.1,12.3686200515241
124.11,12.3686200515241
124.12,12.3686200515241
124.13,12.3686200515241
124.14,12.3686200515241
124.15,12.3686200515241
124.16,12.3686200515241
124.17,12.3686200515241
124.18,12.3686200515241
124.19,12.3686200515241
124.2,12.3686200515241
124.21,12.3686200515241
124.22,12.3686200515241
124.23,12.3686200515241
124.24,12.3686200515241
124.25,12.3686200515241
124.26,12.3686200515241
124.27,12.3686200515241
124.28,12.3686200515241
124.29,12.3686200515241
124.3,12.3686200515241
124.31,12.3686200515241
124.32,12.3686200515241
124.33,12.3686200515241
124.34,12.3686200515241
124.35,12.3686200515241
124.36,12.3686200515241
124.37,12.3686200515241
124.38,12.3686200515241
124.39,12.3686200515241
124.4,12.3686200515241
124.41,12.3686200515241
124.42,12.3686200515241
124.43,12.3686200515241
124.44,12.3686200515241
124.45,12.3686200515241
124.46,12.3686200515241
124.47,12.3686200515241
124.48,12.3686200515241
124.49,12.3686200515241
124.5,12.3686200515241
124.51,12.3686200515241
124.52,12.3686200515241
124.53,12.3686200515241
124.54,12.3686200515241
124.55,12.3686200515241
124.56,12.3686200515241
124.57,12.3686200515241
124.58,12.3686200515241
124.59,12.3686200515241
124.6,12.3686200515241
124.61,12.3686200515241
124.62,12.3686200515241
124.63,12.3686200515241
124.64,12.3686200515241
124.65,12.3686200515241
124.66,12.3686200515241
124.67,12.3686200515241
124.68,12.3686200515241
124.69,12.3686200515241
124.7,12.3686200515241
124.71,12.3686200515241
124.72,12.3686200515241
124.73,12.3686200515241
124.74,12.3686200515241
124.75,12.3686200515241
124.76,12.3686200515241
124.77,12.3686200515241
124.78,12.3686200515241
124.79,12.3686200515241
124.8,12.3686200515241
124.81,12.3686200515241
124.82,12.3686200515241
124.83,12.3686200515241
124.84,12.3686200515241
124.85,12.3686200515241
124.86,12.3686200515241
124.87,12.3686200515241
124.88,12.3686200515241
124.89,12.3686200515241
124.9,12.3686200515241
124.91,12.3686200515241
124.92,12.3686200515241
124.93,12.3686200515241
124.94,12.3686200515241
124.95,12.3686200515241
124.96,12.3686200515241
124.97,12.3686200515241
124.98,12.3686200515241
124.99,12.3686200515241
125,12.3686200515241
125.01,12.3686200515241
125.02,12.3686200515241
125.03,12.3686200515241
125.04,12.3686200515241
125.05,12.3686200515241
125.06,12.3686200515241
125.07,12.3686200515241
125.08,12.3686200515241
125.09,12.3686200515241
125.1,12.3686200515241
125.11,12.3686200515241
125.12,12.3686200515241
125.13,12.3686200515241
125.14,12.3686200515241
125.15,12.3686200515241
125.16,12.3686200515241
125.17,12.3686200515241
125.18,12.3686200515241
125.19,12.3686200515241
125.2,12.3686200515241
125.21,12.3686200515241
125.22,12.3686200515241
125.23,12.3686200515241
125.24,12.3686200515241
125.25,12.3686200515241
125.26,12.3686200515241
125.27,12.3686200515241
125.28,12.3686200515241
125.29,12.3686200515241
125.3,12.3686200515241
125.31,12.3686200515241
125.32,12.3686200515241
125.33,12.3686200515241
125.34,12.3686200515241
125.35,12.3686200515241
125.36,12.3686200515241
125.37,12.3686200515241
125.38,12.3686200515241
125.39,12.3686200515241
125.4,12.3686200515241
125.41,12.3686200515241
125.42,12.3686200515241
125.43,12.3686200515241
125.44,12.3686200515241
125.45,12.3686200515241
125.46,12.3686200515241
125.47,12.3686200515241
125.48,12.3686200515241
125.49,12.3686200515241
125.5,12.3686200515241
125.51,12.3686200515241
125.52,12.3686200515241
125.53,12.3686200515241
125.54,12.3686200515241
125.55,12.3686200515241
125.56,12.3686200515241
125.57,12.3686200515241
125.58,12.3686200515241
125.59,12.3686200515241
125.6,12.3686200515241
125.61,12.3686200515241
125.62,12.3686200515241
125.63,12.3686200515241
125.64,12.3686200515241
125.65,12.3686200515241
125.66,12.3686200515241
125.67,12.3686200515241
125.68,12.3686200515241
125.69,12.3686200515241
125.7,12.3686200515241
125.71,12.3686200515241
125.72,12.3686200515241
125.73,12.3686200515241
125.74,12.3686200515241
125.75,12.3686200515241
125.76,12.3686200515241
125.77,12.3686200515241
125.78,12.3686200515241
125.79,12.3686200515241
125.8,12.3686200515241
125.81,12.3686200515241
125.82,12.3686200515241
125.83,12.3686200515241
125.84,12.3686200515241
125.85,12.3686200515241
125.86,12.3686200515241
125.87,12.3686200515241
125.88,12.3686200515241
125.89,12.3686200515241
125.9,12.3686200515241
125.91,12.3686200515241
125.92,12.3686200515241
125.93,12.3686200515241
125.94,12.3686200515241
125.95,12.3686200515241
125.96,12.3686200515241
125.97,12.3686200515241
125.98,12.3686200515241
125.99,12.3686200515241
126,12.3686200515241
126.01,12.3686200515241
126.02,12.3686200515241
126.03,12.3686200515241
126.04,12.3686200515241
126.05,12.3686200515241
126.06,12.3686200515241
126.07,12.3686200515241
126.08,12.3686200515241
126.09,12.3686200515241
126.1,12.3686200515241
126.11,12.3686200515241
126.12,12.3686200515241
126.13,12.3686200515241
126.14,12.3686200515241
126.15,12.3686200515241
126.16,12.3686200515241
126.17,12.3686200515241
126.18,12.3686200515241
126.19,12.3686200515241
126.2,12.3686200515241
126.21,12.3686200515241
126.22,12.3686200515241
126.23,12.3686200515241
126.24,12.3686200515241
126.25,12.3686200515241
126.26,12.3686200515241
126.27,12.3686200515241
126.28,12.3686200515241
126.29,12.3686200515241
126.3,12.3686200515241
126.31,12.3686200515241
126.32,12.3686200515241
126.33,12.3686200515241
126.34,12.3686200515241
126.35,12.3686200515241
126.36,12.3686200515241
126.37,12.3686200515241
126.38,12.3686200515241
126.39,12.3686200515241
126.4,12.3686200515241
126.41,12.3686200515241
126.42,12.3686200515241
126.43,12.3686200515241
126.44,12.3686200515241
126.45,12.3686200515241
126.46,12.3686200515241
126.47,12.3686200515241
126.48,12.3686200515241
126.49,12.3686200515241
126.5,12.3686200515241
126.51,12.3686200515241
126.52,12.3686200515241
126.53,12.3686200515241
126.54,12.3686200515241
126.55,12.3686200515241
126.56,12.3686200515241
126.57,12.3686200515241
126.58,12.3686200515241
126.59,12.3686200515241
126.6,12.3686200515241
126.61,12.3686200515241
126.62,12.3686200515241
126.63,12.3686200515241
126.64,12.3686200515241
126.65,12.3686200515241
126.66,12.3686200515241
126.67,12.3686200515241
126.68,12.3686200515241
126.69,12.3686200515241
126.7,12.3686200515241
126.71,12.3686200515241
126.72,12.3686200515241
126.73,12.3686200515241
126.74,12.3686200515241
126.75,12.3686200515241
126.76,12.3686200515241
126.77,12.3686200515241
126.78,12.3686200515241
126.79,12.3686200515241
126.8,12.3686200515241
126.81,12.3686200515241
126.82,12.3686200515241
126.83,12.3686200515241
126.84,12.3686200515241
126.85,12.3686200515241
126.86,12.3686200515241
126.87,12.3686200515241
126.88,12.3686200515241
126.89,12.3686200515241
126.9,12.3686200515241
126.91,12.3686200515241
126.92,12.3686200515241
126.93,12.3686200515241
126.94,12.3686200515241
126.95,12.3686200515241
126.96,12.3686200515241
126.97,12.3686200515241
126.98,12.3686200515241
126.99,12.3686200515241
127,12.3686200515241
127.01,27.5508587427812
127.02,27.5508587427812
127.03,27.5508587427812
127.04,27.5508587427812
127.05,27.5508587427812
127.06,27.5508587427812
127.07,27.5508587427812
127.08,27.5508587427812
127.09,27.5508587427812
127.1,27.5508587427812
127.11,27.5508587427812
127.12,27.5508587427812
127.13,27.5508587427812
127.14,27.5508587427812
127.15,27.5508587427812
127.16,27.5508587427812
127.17,27.5508587427812
127.18,27.5508587427812
127.19,27.5508587427812
127.2,27.5508587427812
127.21,27.5508587427812
127.22,27.5508587427812
127.23,27.5508587427812
127.24,27.5508587427812
127.25,27.5508587427812
127.26,27.5508587427812
127.27,27.5508587427812
127.28,27.5508587427812
127.29,27.5508587427812
127.3,27.5508587427812
127.31,27.5508587427812
127.32,27.5508587427812
127.33,27.5508587427812
127.34,27.5508587427812
127.35,27.5508587427812
127.36,27.5508587427812
127.37,27.5508587427812
127.38,27.5508587427812
127.39,27.5508587427812
127.4,27.5508587427812
127.41,27.5508587427812
127.42,27.5508587427812
127.43,27.5508587427812
127.44,27.5508587427812
127.45,27.5508587427812
127.46,27.5508587427812
127.47,27.5508587427812
127.48,27.5508587427812
127.49,27.5508587427812
127.5,27.5508587427812
127.51,27.5508587427812
127.52,27.5508587427812
127.53,27.5508587427812
127.54,27.5508587427812
127.55,27.5508587427812
127.56,27.5508587427812
127.57,27.5508587427812
127.58,27.5508587427812
127.59,27.5508587427812
127.6,27.5508587427812
127.61,27.5508587427812
127.62,27.5508587427812
127.63,27.5508587427812
127.64,27.5508587427812
127.65,27.5508587427812
127.66,27.5508587427812
127.67,27.5508587427812
127.68,27.5508587427812
127.69,27.5508587427812
127.7,27.5508587427812
127.71,27.5508587427812
127.72,27.5508587427812
127.73,27.5508587427812
127.74,27.5508587427812
127.75,27.5508587427812
127.76,27.5508587427812
127.77,27.5508587427812
127.78,27.5508587427812
127.79,27.5508587427812
127.8,27.5508587427812
127.81,27.5508587427812
127.82,27.5508587427812
127.83,27.5508587427812
127.84,27.5508587427812
127.85,27.5508587427812
127.86,27.5508587427812
127.87,27.5508587427812
127.88,27.5508587427812
127.89,27.5508587427812
127.9,27.5508587427812
127.91,27.5508587427812
127.92,27.5508587427812
127.93,27.5508587427812
127.94,27.5508587427812
127.95,27.5508587427812
127.96,27.5508587427812
127.97,27.5508587427812
127.98,27.5508587427812
127.99,27.5508587427812
128,27.5508587427812
128.01,27.5508587427812
128.02,27.5508587427812
128.03,27.5508587427812
128.04,27.5508587427812
128.05,27.5508587427812
128.06,27.5508587427812
128.07,27.5508587427812
128.08,27.5508587427812
128.09,27.5508587427812
128.1,27.5508587427812
128.11,27.5508587427812
128.12,27.5508587427812
128.13,27.5508587427812
128.14,27.5508587427812
128.15,27.5508587427812
128.16,27.5508587427812
128.17,27.5508587427812
128.18,27.5508587427812
128.19,27.5508587427812
128.2,27.5508587427812
128.21,27.5508587427812
128.22,27.5508587427812
128.23,27.5508587427812
128.24,27.5508587427812
128.25,27.5508587427812
128.26,27.5508587427812
128.27,27.5508587427812
128.28,27.5508587427812
128.29,27.5508587427812
128.3,27.5508587427812
128.31,27.5508587427812
128.32,27.5508587427812
128.33,27.5508587427812
128.34,27.5508587427812
128.35,27.5508587427812
128.36,27.5508587427812
128.37,27.5508587427812
128.38,27.5508587427812
128.39,27.5508587427812
128.4,27.5508587427812
128.41,27.5508587427812
128.42,27.5508587427812
128.43,27.5508587427812
128.44,27.5508587427812
128.45,27.5508587427812
128.46,27.5508587427812
128.47,27.5508587427812
128.48,27.5508587427812
128.49,27.5508587427812
128.5,27.5508587427812
128.51,27.5508587427812
128.52,27.5508587427812
128.53,27.5508587427812
128.54,27.5508587427812
128.55,27.5508587427812
128.56,27.5508587427812
128.57,27.5508587427812
128.58,27.5508587427812
128.59,27.5508587427812
128.6,27.5508587427812
128.61,27.5508587427812
128.62,27.5508587427812
128.63,27.5508587427812
128.64,27.5508587427812
128.65,27.5508587427812
128.66,27.5508587427812
128.67,27.5508587427812
128.68,27.5508587427812
128.69,27.5508587427812
128.7,27.5508587427812
128.71,27.5508587427812
128.72,27.5508587427812
128.73,27.5508587427812
128.74,27.5508587427812
128.75,27.5508587427812
128.76,27.5508587427812
128.77,27.5508587427812
128.78,27.5508587427812
128.79,27.5508587427812
128.8,27.5508587427812
128.81,27.5508587427812
128.82,27.5508587427812
128.83,27.5508587427812
128.84,27.5508587427812
128.85,27.5508587427812
128.86,27.5508587427812
128.87,27.5508587427812
128.88,27.5508587427812
128.89,27.5508587427812
128.9,27.5508587427812
128.91,27.5508587427812
128.92,27.5508587427812
128.93,27.5508587427812
128.94,27.5508587427812
128.95,27.5508587427812
128.96,27.5508587427812
128.97,27.5508587427812
128.98,27.5508587427812
128.99,27.5508587427812
129,27.5508587427812
129.01,27.5508587427812
129.02,27.5508587427812
129.03,27.5508587427812
129.04,27.5508587427812
129.05,27.5508587427812
129.06,27.5508587427812
129.07,27.5508587427812
129.08,27.5508587427812
129.09,27.5508587427812
129.1,27.5508587427812
129.11,27.5508587427812
129.12,27.5508587427812
129.13,27.5508587427812
129.14,27.5508587427812
129.15,27.5508587427812
129.16,27.5508587427812
129.17,27.5508587427812
129.18,27.5508587427812
129.19,27.5508587427812
129.2,27.5508587427812
129.21,27.5508587427812
129.22,27.5508587427812
129.23,27.5508587427812
129.24,27.5508587427812
129.25,27.5508587427812
129.26,27.5508587427812
129.27,27.5508587427812
129.28,27.5508587427812
129.29,27.5508587427812
129.3,27.5508587427812
129.31,27.5508587427812
129.32,27.5508587427812
129.33,27.5508587427812
129.34,27.5508587427812
129.35,27.5508587427812
129.36,27.5508587427812
129.37,27.5508587427812
129.38,27.5508587427812
129.39,27.5508587427812
129.4,27.5508587427812
129.41,27.5508587427812
129.42,27.5508587427812
129.43,27.5508587427812
129.44,27.5508587427812
129.45,27.5508587427812
129.46,27.5508587427812
129.47,27.5508587427812
129.48,27.5508587427812
129.49,27.5508587427812
129.5,27.5508587427812
129.51,27.5508587427812
129.52,27.5508587427812
129.53,27.5508587427812
129.54,27.5508587427812
129.55,27.5508587427812
129.56,27.5508587427812
129.57,27.5508587427812
129.58,27.5508587427812
129.59,27.5508587427812
129.6,27.5508587427812
129.61,27.5508587427812
129.62,27.5508587427812
129.63,27.5508587427812
129.64,27.5508587427812
129.65,27.5508587427812
129.66,27.5508587427812
129.67,27.5508587427812
129.68,27.5508587427812
129.69,27.5508587427812
129.7,27.5508587427812
129.71,27.5508587427812
129.72,27.5508587427812
129.73,27.5508587427812
129.74,27.5508587427812
129.75,27.5508587427812
129.76,27.5508587427812
129.77,27.5508587427812
129.78,27.5508587427812
129.79,27.5508587427812
129.8,27.5508587427812
129.81,27.5508587427812
129.82,27.5508587427812
129.83,27.5508587427812
129.84,27.5508587427812
129.85,27.5508587427812
129.86,27.5508587427812
129.87,27.5508587427812
129.88,27.5508587427812
129.89,22.1505441154609
129.9,22.1505441154609
129.91,22.1505441154609
129.92,22.1505441154609
129.93,22.1505441154609
129.94,22.1505441154609
129.95,22.1505441154609
129.96,22.1505441154609
129.97,22.1505441154609
129.98,22.1505441154609
129.99,22.1505441154609
130,22.1505441154609
130.01,22.1505441154609
130.02,22.1505441154609
130.03,22.1505441154609
130.04,22.1505441154609
130.05,22.1505441154609
130.06,22.1505441154609
130.07,22.1505441154609
130.08,22.1505441154609
130.09,22.1505441154609
130.1,22.1505441154609
130.11,22.1505441154609
130.12,22.1505441154609
130.13,22.1505441154609
130.14,22.1505441154609
130.15,22.1505441154609
130.16,22.1505441154609
130.17,22.1505441154609
130.18,22.1505441154609
130.19,22.1505441154609
130.2,22.1505441154609
130.21,22.1505441154609
130.22,22.1505441154609
130.23,22.1505441154609
130.24,22.1505441154609
130.25,22.1505441154609
130.26,22.1505441154609
130.27,22.1505441154609
130.28,22.1505441154609
130.29,22.1505441154609
130.3,22.1505441154609
130.31,22.1505441154609
130.32,22.1505441154609
130.33,22.1505441154609
130.34,22.1505441154609
130.35,22.1505441154609
130.36,22.1505441154609
130.37,22.1505441154609
130.38,22.1505441154609
130.39,22.1505441154609
130.4,22.1505441154609
130.41,22.1505441154609
130.42,22.1505441154609
130.43,22.1505441154609
130.44,22.1505441154609
130.45,22.1505441154609
130.46,22.1505441154609
130.47,22.1505441154609
130.48,22.1505441154609
130.49,22.1505441154609
130.5,22.1505441154609
130.51,22.1505441154609
130.52,22.1505441154609
130.53,22.1505441154609
130.54,22.1505441154609
130.55,22.1505441154609
130.56,22.1505441154609
130.57,22.1505441154609
130.58,22.1505441154609
130.59,22.1505441154609
130.6,22.1505441154609
130.61,22.1505441154609
130.62,22.1505441154609
130.63,22.1505441154609
130.64,22.1505441154609
130.65,22.1505441154609
130.66,22.1505441154609
130.67,22.1505441154609
130.68,22.1505441154609
130.69,22.1505441154609
130.7,22.1505441154609
130.71,22.1505441154609
130.72,22.1505441154609
130.73,22.1505441154609
130.74,22.1505441154609
130.75,22.1505441154609
130.76,22.1505441154609
130.77,22.1505441154609
130.78,22.1505441154609
130.79,22.1505441154609
130.8,22.1505441154609
130.81,22.1505441154609
130.82,22.1505441154609
130.83,22.1505441154609
130.84,22.1505441154609
130.85,22.1505441154609
130.86,22.1505441154609
130.87,22.1505441154609
130.88,22.1505441154609
130.89,22.1505441154609
130.9,22.1505441154609
130.91,22.1505441154609
130.92,22.1505441154609
130.93,22.1505441154609
130.94,22.1505441154609
130.95,22.1505441154609
130.96,22.1505441154609
130.97,22.1505441154609
130.98,22.1505441154609
130.99,22.1505441154609
131,22.1505441154609
131.01,22.1505441154609
131.02,22.1505441154609
131.03,22.1505441154609
131.04,22.1505441154609
131.05,22.1505441154609
131.06,22.1505441154609
131.07,22.1505441154609
131.08,22.1505441154609
131.09,22.1505441154609
131.1,22.1505441154609
131.11,22.1505441154609
131.12,22.1505441154609
131.13,22.1505441154609
131.14,22.1505441154609
131.15,22.1505441154609
131.16,22.1505441154609
131.17,22.1505441154609
131.18,22.1505441154609
131.19,22.1505441154609
131.2,22.1505441154609
131.21,22.1505441154609
131.22,22.1505441154609
131.23,22.1505441154609
131.24,22.1505441154609
131.25,22.1505441154609
131.26,22.1505441154609
131.27,22.1505441154609
131.28,22.1505441154609
131.29,22.1505441154609
131.3,22.1505441154609
131.31,22.1505441154609
131.32,22.1505441154609
131.33,22.1505441154609
131.34,22.1505441154609
131.35,22.1505441154609
131.36,22.1505441154609
131.37,22.1505441154609
131.38,22.1505441154609
131.39,22.1505441154609
131.4,22.1505441154609
131.41,22.1505441154609
131.42,22.1505441154609
131.43,22.1505441154609
131.44,22.1505441154609
131.45,22.1505441154609
131.46,22.1505441154609
131.47,22.1505441154609
131.48,22.1505441154609
131.49,22.1505441154609
131.5,22.1505441154609
131.51,22.1505441154609
131.52,22.1505441154609
131.53,22.1505441154609
131.54,22.1505441154609
131.55,22.1505441154609
131.56,22.1505441154609
131.57,22.1505441154609
131.58,22.1505441154609
131.59,22.1505441154609
131.6,22.1505441154609
131.61,22.1505441154609
131.62,22.1505441154609
131.63,22.1505441154609
131.64,22.1505441154609
131.65,22.1505441154609
131.66,22.1505441154609
131.67,22.1505441154609
131.68,22.1505441154609
131.69,22.1505441154609
131.7,22.1505441154609
131.71,22.1505441154609
131.72,22.1505441154609
131.73,22.1505441154609
131.74,22.1505441154609
131.75,22.1505441154609
131.76,22.1505441154609
131.77,22.1505441154609
131.78,22.1505441154609
131.79,22.1505441154609
131.8,22.1505441154609
131.81,22.1505441154609
131.82,22.1505441154609
131.83,22.1505441154609
131.84,22.1505441154609
131.85,22.1505441154609
131.86,22.1505441154609
131.87,22.1505441154609
131.88,22.1505441154609
131.89,22.1505441154609
131.9,22.1505441154609
131.91,22.1505441154609
131.92,22.1505441154609
131.93,22.1505441154609
131.94,22.1505441154609
131.95,22.1505441154609
131.96,22.1505441154609
131.97,22.1505441154609
131.98,22.1505441154609
131.99,22.1505441154609
132,22.1505441154609
132.01,22.1505441154609
132.02,22.1505441154609
132.03,22.1505441154609
132.04,22.1505441154609
132.05,22.1505441154609
132.06,22.1505441154609
132.07,22.1505441154609
132.08,22.1505441154609
132.09,22.1505441154609
132.1,22.1505441154609
132.11,22.1505441154609
132.12,22.1505441154609
132.13,22.1505441154609
132.14,22.1505441154609
132.15,22.1505441154609
132.16,22.1505441154609
132.17,22.1505441154609
132.18,22.1505441154609
132.19,22.1505441154609
132.2,22.1505441154609
132.21,22.1505441154609
132.22,22.1505441154609
132.23,22.1505441154609
132.24,22.1505441154609
132.25,22.1505441154609
132.26,22.1505441154609
132.27,22.1505441154609
132.28,22.1505441154609
132.29,22.1505441154609
132.3,22.1505441154609
132.31,22.1505441154609
132.32,22.1505441154609
132.33,22.1505441154609
132.34,22.1505441154609
132.35,22.1505441154609
132.36,22.1505441154609
132.37,22.1505441154609
132.38,22.1505441154609
132.39,22.1505441154609
132.4,22.1505441154609
132.41,22.1505441154609
132.42,22.1505441154609
132.43,22.1505441154609
132.44,22.1505441154609
132.45,22.1505441154609
132.46,22.1505441154609
132.47,22.1505441154609
132.48,22.1505441154609
132.49,22.1505441154609
132.5,22.1505441154609
132.51,22.1505441154609
132.52,22.1505441154609
132.53,22.1505441154609
132.54,22.1505441154609
132.55,22.1505441154609
132.56,22.1505441154609
132.57,22.1505441154609
132.58,22.1505441154609
132.59,22.1505441154609
132.6,22.1505441154609
132.61,22.1505441154609
132.62,22.1505441154609
132.63,22.1505441154609
132.64,22.1505441154609
132.65,22.1505441154609
132.66,22.1505441154609
132.67,22.1505441154609
132.68,22.1505441154609
132.69,22.1505441154609
132.7,22.1505441154609
132.71,22.1505441154609
132.72,22.1505441154609
132.73,22.1505441154609
132.74,22.1505441154609
132.75,22.1505441154609
132.76,22.1505441154609
132.77,22.1505441154609
132.78,22.1505441154609
132.79,22.1505441154609
132.8,22.1505441154609
132.81,22.1505441154609
132.82,22.1505441154609
132.83,22.1505441154609
132.84,22.1505441154609
132.85,22.1505441154609
132.86,22.1505441154609
132.87,22.1505441154609
132.88,22.1505441154609
132.89,22.1505441154609
132.9,22.1505441154609
132.91,79.8283233807
132.92,79.8283233807
132.93,79.8283233807
132.94,79.8283233807
132.95,79.8283233807
132.96,79.8283233807
132.97,79.8283233807
132.98,79.8283233807
132.99,79.8283233807
133,79.8283233807
133.01,79.8283233807
133.02,79.8283233807
133.03,79.8283233807
133.04,79.8283233807
133.05,79.8283233807
133.06,79.8283233807
133.07,79.8283233807
133.08,79.8283233807
133.09,79.8283233807
133.1,79.8283233807
133.11,79.8283233807
133.12,79.8283233807
133.13,79.8283233807
133.14,79.8283233807
133.15,79.8283233807
133.16,79.8283233807
133.17,79.8283233807
133.18,79.8283233807
133.19,79.8283233807
133.2,79.8283233807
133.21,79.8283233807
133.22,79.8283233807
133.23,79.8283233807
133.24,79.8283233807
133.25,79.8283233807
133.26,79.8283233807
133.27,79.8283233807
133.28,79.8283233807
133.29,79.8283233807
133.3,79.8283233807
133.31,79.8283233807
133.32,79.8283233807
133.33,79.8283233807
133.34,79.8283233807
133.35,79.8283233807
133.36,79.8283233807
133.37,79.8283233807
133.38,79.8283233807
133.39,79.8283233807
133.4,79.8283233807
133.41,79.8283233807
133.42,79.8283233807
133.43,79.8283233807
133.44,79.8283233807
133.45,79.8283233807
133.46,79.8283233807
133.47,79.8283233807
133.48,79.8283233807
133.49,79.8283233807
133.5,79.8283233807
133.51,79.8283233807
133.52,79.8283233807
133.53,79.8283233807
133.54,79.8283233807
133.55,79.8283233807
133.56,79.8283233807
133.57,79.8283233807
133.58,79.8283233807
133.59,79.8283233807
133.6,79.8283233807
133.61,79.8283233807
133.62,79.8283233807
133.63,79.8283233807
133.64,79.8283233807
133.65,79.8283233807
133.66,79.8283233807
133.67,79.8283233807
133.68,79.8283233807
133.69,79.8283233807
133.7,79.8283233807
133.71,79.8283233807
133.72,79.8283233807
133.73,79.8283233807
133.74,79.8283233807
133.75,79.8283233807
133.76,79.8283233807
133.77,79.8283233807
133.78,79.8283233807
133.79,79.8283233807
133.8,79.8283233807
133.81,79.8283233807
133.82,79.8283233807
133.83,79.8283233807
133.84,79.8283233807
133.85,79.8283233807
133.86,79.8283233807
133.87,79.8283233807
133.88,79.8283233807
133.89,79.8283233807
133.9,79.8283233807
133.91,79.8283233807
133.92,79.8283233807
133.93,79.8283233807
133.94,79.8283233807
133.95,79.8283233807
133.96,79.8283233807
133.97,79.8283233807
133.98,79.8283233807
133.99,79.8283233807
134,79.8283233807
134.01,79.8283233807
134.02,79.8283233807
134.03,79.8283233807
134.04,79.8283233807
134.05,79.8283233807
134.06,79.8283233807
134.07,79.8283233807
134.08,79.8283233807
134.09,79.8283233807
134.1,79.8283233807
134.11,79.8283233807
134.12,79.8283233807
134.13,79.8283233807
134.14,79.8283233807
134.15,79.8283233807
134.16,79.8283233807
134.17,79.8283233807
134.18,79.8283233807
134.19,79.8283233807
134.2,79.8283233807
134.21,79.8283233807
134.22,79.8283233807
134.23,79.8283233807
134.24,79.8283233807
134.25,79.8283233807
134.26,79.8283233807
134.27,79.8283233807
134.28,79.8283233807
134.29,79.8283233807
134.3,79.8283233807
134.31,79.8283233807
134.32,79.8283233807
134.33,79.8283233807
134.34,79.8283233807
134.35,79.8283233807
134.36,79.8283233807
134.37,79.8283233807
134.38,79.8283233807
134.39,79.8283233807
134.4,79.8283233807
134.41,79.8283233807
134.42,79.8283233807
134.43,79.8283233807
134.44,79.8283233807
134.45,79.8283233807
134.46,79.8283233807
134.47,79.8283233807
134.48,79.8283233807
134.49,79.8283233807
134.5,79.8283233807
134.51,79.8283233807
134.52,79.8283233807
134.53,79.8283233807
134.54,79.8283233807
134.55,79.8283233807
134.56,79.8283233807
134.57,79.8283233807
134.58,79.8283233807
134.59,79.8283233807
134.6,79.8283233807
134.61,79.8283233807
134.62,79.8283233807
134.63,79.8283233807
134.64,79.8283233807
134.65,79.8283233807
134.66,79.8283233807
134.67,79.8283233807
134.68,79.8283233807
134.69,79.8283233807
134.7,79.8283233807
134.71,79.8283233807
134.72,79.8283233807
134.73,79.8283233807
134.74,79.8283233807
134.75,79.8283233807
134.76,79.8283233807
134.77,79.8283233807
134.78,79.8283233807
134.79,79.8283233807
134.8,79.8283233807
134.81,79.8283233807
134.82,79.8283233807
134.83,79.8283233807
134.84,79.8283233807
134.85,79.8283233807
134.86,79.8283233807
134.87,79.8283233807
134.88,79.8283233807
134.89,79.8283233807
134.9,79.8283233807
134.91,79.8283233807
134.92,79.8283233807
134.93,79.8283233807
134.94,79.8283233807
134.95,79.8283233807
134.96,79.8283233807
134.97,79.8283233807
134.98,79.8283233807
134.99,79.8283233807
135,79.8283233807
135.01,79.8283233807
135.02,79.8283233807
135.03,79.8283233807
135.04,79.8283233807
135.05,79.8283233807
135.06,79.8283233807
135.07,79.8283233807
135.08,79.8283233807
135.09,79.8283233807
135.1,79.8283233807
135.11,79.8283233807
135.12,79.8283233807
135.13,79.8283233807
135.14,79.8283233807
135.15,79.8283233807
135.16,79.8283233807
135.17,79.8283233807
135.18,79.8283233807
135.19,79.8283233807
135.2,79.8283233807
135.21,79.8283233807
135.22,79.8283233807
135.23,79.8283233807
135.24,79.8283233807
135.25,79.8283233807
135.26,79.8283233807
135.27,79.8283233807
135.28,79.8283233807
135.29,79.8283233807
135.3,79.8283233807
135.31,79.8283233807
135.32,79.8283233807
135.33,79.8283233807
135.34,79.8283233807
135.35,79.8283233807
135.36,79.8283233807
135.37,79.8283233807
135.38,79.8283233807
135.39,79.8283233807
135.4,79.8283233807
135.41,79.8283233807
135.42,79.8283233807
135.43,79.8283233807
135.44,79.8283233807
135.45,79.8283233807
135.46,79.8283233807
135.47,79.8283233807
135.48,79.8283233807
135.49,79.8283233807
135.5,79.8283233807
135.51,79.8283233807
135.52,79.8283233807
135.53,79.8283233807
135.54,79.8283233807
135.55,79.8283233807
135.56,79.8283233807
135.57,79.8283233807
135.58,79.8283233807
135.59,79.8283233807
135.6,79.8283233807
135.61,79.8283233807
135.62,79.8283233807
135.63,79.8283233807
135.64,79.8283233807
135.65,79.8283233807
135.66,79.8283233807
135.67,79.8283233807
135.68,79.8283233807
135.69,79.8283233807
135.7,79.8283233807
135.71,79.8283233807
135.72,79.8283233807
135.73,79.8283233807
135.74,79.8283233807
135.75,79.8283233807
135.76,79.8283233807
135.77,79.8283233807
135.78,79.8283233807
135.79,79.8283233807
135.8,79.8283233807
135.81,79.8283233807
135.82,79.8283233807
135.83,79.8283233807
135.84,79.8283233807
135.85,79.8283233807
135.86,79.8283233807
135.87,79.8283233807
135.88,79.8283233807
135.89,79.8283233807
135.9,79.8283233807
135.91,79.8283233807
135.92,79.8283233807
135.93,79.8283233807
135.94,79.8283233807
135.95,79.8283233807
135.96,79.8283233807
135.97,79.8283233807
135.98,79.8283233807
135.99,79.8283233807
136,79.8283233807
136.01,79.8283233807
136.02,79.8283233807
136.03,79.8283233807
136.04,79.8283233807
136.05,79.8283233807
136.06,79.8283233807
136.07,79.8283233807
136.08,79.8283233807
136.09,79.8283233807
136.1,79.8283233807
136.11,79.8283233807
136.12,79.8283233807
136.13,79.8283233807
136.14,79.8283233807
136.15,79.8283233807
136.16,79.8283233807
136.17,79.8283233807
136.18,79.8283233807
136.19,79.8283233807
136.2,79.8283233807
136.21,79.8283233807
136.22,79.8283233807
136.23,79.8283233807
136.24,79.8283233807
136.25,79.8283233807
136.26,79.8283233807
136.27,79.8283233807
136.28,79.8283233807
136.29,79.8283233807
136.3,79.8283233807
136.31,79.8283233807
136.32,79.8283233807
136.33,79.8283233807
136.34,79.8283233807
136.35,79.8283233807
136.36,79.8283233807
136.37,79.8283233807
136.38,79.8283233807
136.39,79.8283233807
136.4,79.8283233807
136.41,79.8283233807
136.42,79.8283233807
136.43,79.8283233807
136.44,79.8283233807
136.45,79.8283233807
136.46,79.8283233807
136.47,79.8283233807
136.48,79.8283233807
136.49,79.8283233807
136.5,79.8283233807
136.51,79.8283233807
136.52,79.8283233807
136.53,79.8283233807
136.54,79.8283233807
136.55,79.8283233807
136.56,79.8283233807
136.57,79.8283233807
136.58,79.8283233807
136.59,79.8283233807
136.6,79.8283233807
136.61,79.8283233807
136.62,79.8283233807
136.63,79.8283233807
136.64,79.8283233807
136.65,79.8283233807
136.66,79.8283233807
136.67,79.8283233807
136.68,79.8283233807
136.69,79.8283233807
136.7,79.8283233807
136.71,79.8283233807
136.72,79.8283233807
136.73,79.8283233807
136.74,79.8283233807
136.75,79.8283233807
136.76,79.8283233807
136.77,79.8283233807
136.78,79.8283233807
136.79,79.8283233807
136.8,79.8283233807
136.81,79.8283233807
136.82,79.8283233807
136.83,79.8283233807
136.84,79.8283233807
136.85,79.8283233807
136.86,79.8283233807
136.87,79.8283233807
136.88,79.8283233807
136.89,79.8283233807
136.9,79.8283233807
136.91,79.8283233807
136.92,79.8283233807
136.93,79.8283233807
136.94,79.8283233807
136.95,79.8283233807
136.96,79.8283233807
136.97,79.8283233807
136.98,79.8283233807
136.99,60.8515012371225
137,60.8515012371225
137.01,60.8515012371225
137.02,60.8515012371225
137.03,60.8515012371225
137.04,60.8515012371225
137.05,60.8515012371225
137.06,60.8515012371225
137.07,60.8515012371225
137.08,60.8515012371225
137.09,60.8515012371225
137.1,60.8515012371225
137.11,60.8515012371225
137.12,60.8515012371225
137.13,60.8515012371225
137.14,60.8515012371225
137.15,60.8515012371225
137.16,60.8515012371225
137.17,60.8515012371225
137.18,60.8515012371225
137.19,60.8515012371225
137.2,60.8515012371225
137.21,60.8515012371225
137.22,60.8515012371225
137.23,60.8515012371225
137.24,60.8515012371225
137.25,60.8515012371225
137.26,60.8515012371225
137.27,60.8515012371225
137.28,60.8515012371225
137.29,60.8515012371225
137.3,60.8515012371225
137.31,60.8515012371225
137.32,60.8515012371225
137.33,60.8515012371225
137.34,60.8515012371225
137.35,60.8515012371225
137.36,60.8515012371225
137.37,60.8515012371225
137.38,60.8515012371225
137.39,60.8515012371225
137.4,60.8515012371225
137.41,60.8515012371225
137.42,60.8515012371225
137.43,60.8515012371225
137.44,60.8515012371225
137.45,60.8515012371225
137.46,60.8515012371225
137.47,60.8515012371225
137.48,60.8515012371225
137.49,60.8515012371225
137.5,60.8515012371225
137.51,60.8515012371225
137.52,60.8515012371225
137.53,60.8515012371225
137.54,60.8515012371225
137.55,60.8515012371225
137.56,60.8515012371225
137.57,60.8515012371225
137.58,60.8515012371225
137.59,60.8515012371225
137.6,60.8515012371225
137.61,60.8515012371225
137.62,60.8515012371225
137.63,60.8515012371225
137.64,60.8515012371225
137.65,60.8515012371225
137.66,60.8515012371225
137.67,60.8515012371225
137.68,60.8515012371225
137.69,60.8515012371225
137.7,60.8515012371225
137.71,60.8515012371225
137.72,60.8515012371225
137.73,60.8515012371225
137.74,60.8515012371225
137.75,60.8515012371225
137.76,60.8515012371225
137.77,60.8515012371225
137.78,60.8515012371225
137.79,60.8515012371225
137.8,60.8515012371225
137.81,60.8515012371225
137.82,60.8515012371225
137.83,60.8515012371225
137.84,60.8515012371225
137.85,60.8515012371225
137.86,60.8515012371225
137.87,60.8515012371225
137.88,60.8515012371225
137.89,60.8515012371225
137.9,60.8515012371225
137.91,60.8515012371225
137.92,60.8515012371225
137.93,60.8515012371225
137.94,60.8515012371225
137.95,60.8515012371225
137.96,60.8515012371225
137.97,60.8515012371225
137.98,60.8515012371225
137.99,60.8515012371225
138,60.8515012371225
138.01,60.8515012371225
138.02,60.8515012371225
138.03,60.8515012371225
138.04,60.8515012371225
138.05,60.8515012371225
138.06,60.8515012371225
138.07,60.8515012371225
138.08,60.8515012371225
138.09,60.8515012371225
138.1,60.8515012371225
138.11,60.8515012371225
138.12,60.8515012371225
138.13,60.8515012371225
138.14,60.8515012371225
138.15,60.8515012371225
138.16,60.8515012371225
138.17,60.8515012371225
138.18,60.8515012371225
138.19,60.8515012371225
138.2,60.8515012371225
138.21,60.8515012371225
138.22,60.8515012371225
138.23,60.8515012371225
138.24,60.8515012371225
138.25,60.8515012371225
138.26,60.8515012371225
138.27,60.8515012371225
138.28,60.8515012371225
138.29,60.8515012371225
138.3,60.8515012371225
138.31,60.8515012371225
138.32,60.8515012371225
138.33,60.8515012371225
138.34,60.8515012371225
138.35,60.8515012371225
138.36,60.8515012371225
138.37,60.8515012371225
138.38,60.8515012371225
138.39,60.8515012371225
138.4,60.8515012371225
138.41,60.8515012371225
138.42,60.8515012371225
138.43,60.8515012371225
138.44,60.8515012371225
138.45,60.8515012371225
138.46,60.8515012371225
138.47,60.8515012371225
138.48,60.8515012371225
138.49,60.8515012371225
138.5,60.8515012371225
138.51,60.8515012371225
138.52,60.8515012371225
138.53,60.8515012371225
138.54,60.8515012371225
138.55,60.8515012371225
138.56,60.8515012371225
138.57,60.8515012371225
138.58,60.8515012371225
138.59,60.8515012371225
138.6,60.8515012371225
138.61,60.8515012371225
138.62,60.8515012371225
138.63,60.8515012371225
138.64,60.8515012371225
138.65,60.8515012371225
138.66,60.8515012371225
138.67,60.8515012371225
138.68,60.8515012371225
138.69,60.8515012371225
138.7,60.8515012371225
138.71,60.8515012371225
138.72,60.8515012371225
138.73,60.8515012371225
138.74,60.8515012371225
138.75,60.8515012371225
138.76,60.8515012371225
138.77,60.8515012371225
138.78,60.8515012371225
138.79,60.8515012371225
138.8,60.8515012371225
138.81,60.8515012371225
138.82,60.8515012371225
138.83,60.8515012371225
138.84,60.8515012371225
138.85,60.8515012371225
138.86,60.8515012371225
138.87,60.8515012371225
138.88,60.8515012371225
138.89,60.8515012371225
138.9,60.8515012371225
138.91,60.8515012371225
138.92,60.8515012371225
138.93,60.8515012371225
138.94,60.8515012371225
138.95,60.8515012371225
138.96,60.8515012371225
138.97,60.8515012371225
138.98,60.8515012371225
138.99,60.8515012371225
139,60.8515012371225
139.01,60.8515012371225
139.02,60.8515012371225
139.03,60.8515012371225
139.04,60.8515012371225
139.05,60.8515012371225
139.06,60.8515012371225
139.07,60.8515012371225
139.08,60.8515012371225
139.09,60.8515012371225
139.1,60.8515012371225
139.11,60.8515012371225
139.12,60.8515012371225
139.13,60.8515012371225
139.14,60.8515012371225
139.15,60.8515012371225
139.16,60.8515012371225
139.17,60.8515012371225
139.18,60.8515012371225
139.19,60.8515012371225
139.2,60.8515012371225
139.21,60.8515012371225
139.22,60.8515012371225
139.23,60.8515012371225
139.24,60.8515012371225
139.25,60.8515012371225
139.26,60.8515012371225
139.27,60.8515012371225
139.28,60.8515012371225
139.29,60.8515012371225
139.3,60.8515012371225
139.31,60.8515012371225
139.32,60.8515012371225
139.33,60.8515012371225
139.34,60.8515012371225
139.35,60.8515012371225
139.36,30.8020933926573
139.37,30.8020933926573
139.38,30.8020933926573
139.39,30.8020933926573
139.4,30.8020933926573
139.41,30.8020933926573
139.42,30.8020933926573
139.43,30.8020933926573
139.44,30.8020933926573
139.45,30.8020933926573
139.46,30.8020933926573
139.47,30.8020933926573
139.48,30.8020933926573
139.49,30.8020933926573
139.5,30.8020933926573
139.51,30.8020933926573
139.52,30.8020933926573
139.53,30.8020933926573
139.54,30.8020933926573
139.55,30.8020933926573
139.56,30.8020933926573
139.57,30.8020933926573
139.58,30.8020933926573
139.59,30.8020933926573
139.6,30.8020933926573
139.61,30.8020933926573
139.62,30.8020933926573
139.63,30.8020933926573
139.64,30.8020933926573
139.65,30.8020933926573
139.66,30.8020933926573
139.67,30.8020933926573
139.68,30.8020933926573
139.69,30.8020933926573
139.7,30.8020933926573
139.71,30.8020933926573
139.72,30.8020933926573
139.73,30.8020933926573
139.74,30.8020933926573
139.75,30.8020933926573
139.76,30.8020933926573
139.77,30.8020933926573
139.78,30.8020933926573
139.79,30.8020933926573
139.8,30.8020933926573
139.81,30.8020933926573
139.82,30.8020933926573
139.83,30.8020933926573
139.84,30.8020933926573
139.85,30.8020933926573
139.86,30.8020933926573
139.87,30.8020933926573
139.88,30.8020933926573
139.89,30.8020933926573
139.9,30.8020933926573
139.91,30.8020933926573
139.92,30.8020933926573
139.93,30.8020933926573
139.94,30.8020933926573
139.95,30.8020933926573
139.96,30.8020933926573
139.97,30.8020933926573
139.98,30.8020933926573
139.99,30.8020933926573
140,30.8020933926573
140.01,30.8020933926573
140.02,30.8020933926573
140.03,30.8020933926573
140.04,30.8020933926573
140.05,30.8020933926573
140.06,30.8020933926573
140.07,30.8020933926573
140.08,30.8020933926573
140.09,30.8020933926573
140.1,30.8020933926573
140.11,30.8020933926573
140.12,30.8020933926573
140.13,30.8020933926573
140.14,30.8020933926573
140.15,30.8020933926573
140.16,30.8020933926573
140.17,30.8020933926573
140.18,30.8020933926573
140.19,30.8020933926573
140.2,30.8020933926573
140.21,30.8020933926573
140.22,30.8020933926573
140.23,30.8020933926573
140.24,30.8020933926573
140.25,30.8020933926573
140.26,30.8020933926573
140.27,30.8020933926573
140.28,30.8020933926573
140.29,30.8020933926573
140.3,30.8020933926573
140.31,30.8020933926573
140.32,30.8020933926573
140.33,30.8020933926573
140.34,30.8020933926573
140.35,30.8020933926573
140.36,30.8020933926573
140.37,30.8020933926573
140.38,30.8020933926573
140.39,30.8020933926573
140.4,30.8020933926573
140.41,30.8020933926573
140.42,30.8020933926573
140.43,30.8020933926573
140.44,30.8020933926573
140.45,30.8020933926573
140.46,30.8020933926573
140.47,30.8020933926573
140.48,30.8020933926573
140.49,30.8020933926573
140.5,30.8020933926573
140.51,30.8020933926573
140.52,30.8020933926573
140.53,30.8020933926573
140.54,30.8020933926573
140.55,30.8020933926573
140.56,30.8020933926573
140.57,30.8020933926573
140.58,30.8020933926573
140.59,30.8020933926573
140.6,30.8020933926573
140.61,30.8020933926573
140.62,30.8020933926573
140.63,30.8020933926573
140.64,30.8020933926573
140.65,30.8020933926573
140.66,30.8020933926573
140.67,30.8020933926573
140.68,30.8020933926573
140.69,30.8020933926573
140.7,30.8020933926573
140.71,30.8020933926573
140.72,30.8020933926573
140.73,30.8020933926573
140.74,30.8020933926573
140.75,30.8020933926573
140.76,30.8020933926573
140.77,30.8020933926573
140.78,30.8020933926573
140.79,30.8020933926573
140.8,30.8020933926573
140.81,30.8020933926573
140.82,30.8020933926573
140.83,30.8020933926573
140.84,30.8020933926573
140.85,30.8020933926573
140.86,30.8020933926573
140.87,30.8020933926573
140.88,30.8020933926573
140.89,30.8020933926573
140.9,30.8020933926573
140.91,30.8020933926573
140.92,30.8020933926573
140.93,30.8020933926573
140.94,30.8020933926573
140.95,30.8020933926573
140.96,30.8020933926573
140.97,30.8020933926573
140.98,30.8020933926573
140.99,30.8020933926573
141,30.8020933926573
141.01,30.8020933926573
141.02,30.8020933926573
141.03,30.8020933926573
141.04,30.8020933926573
141.05,30.8020933926573
141.06,30.8020933926573
141.07,30.8020933926573
141.08,30.8020933926573
141.09,30.8020933926573
141.1,30.8020933926573
141.11,30.8020933926573
141.12,30.8020933926573
141.13,30.8020933926573
141.14,30.8020933926573
141.15,30.8020933926573
141.16,30.8020933926573
141.17,30.8020933926573
141.18,30.8020933926573
141.19,30.8020933926573
141.2,30.8020933926573
141.21,30.8020933926573
141.22,30.8020933926573
141.23,30.8020933926573
141.24,30.8020933926573
141.25,30.8020933926573
141.26,30.8020933926573
141.27,30.8020933926573
141.28,30.8020933926573
141.29,30.8020933926573
141.3,30.8020933926573
141.31,30.8020933926573
141.32,30.8020933926573
141.33,30.8020933926573
141.34,30.8020933926573
141.35,30.8020933926573
141.36,30.8020933926573
141.37,30.8020933926573
141.38,30.8020933926573
141.39,30.8020933926573
141.4,30.8020933926573
141.41,30.8020933926573
141.42,30.8020933926573
141.43,30.8020933926573
141.44,30.8020933926573
141.45,30.8020933926573
141.46,30.8020933926573
141.47,30.8020933926573
141.48,30.8020933926573
141.49,30.8020933926573
141.5,30.8020933926573
141.51,30.8020933926573
141.52,30.8020933926573
141.53,30.8020933926573
141.54,30.8020933926573
141.55,30.8020933926573
141.56,30.8020933926573
141.57,30.8020933926573
141.58,30.8020933926573
141.59,30.8020933926573
141.6,30.8020933926573
141.61,30.8020933926573
141.62,30.8020933926573
141.63,30.8020933926573
141.64,30.8020933926573
141.65,30.8020933926573
141.66,30.8020933926573
141.67,30.8020933926573
141.68,30.8020933926573
141.69,30.8020933926573
141.7,30.8020933926573
141.71,30.8020933926573
141.72,30.8020933926573
141.73,30.8020933926573
141.74,30.8020933926573
141.75,30.8020933926573
141.76,30.8020933926573
141.77,30.8020933926573
141.78,30.8020933926573
141.79,30.8020933926573
141.8,30.8020933926573
141.81,30.8020933926573
141.82,30.8020933926573
141.83,30.8020933926573
141.84,30.8020933926573
141.85,30.8020933926573
141.86,30.8020933926573
141.87,30.8020933926573
141.88,30.8020933926573
141.89,30.8020933926573
141.9,30.8020933926573
141.91,30.8020933926573
141.92,30.8020933926573
141.93,30.8020933926573
141.94,30.8020933926573
141.95,30.8020933926573
141.96,30.8020933926573
141.97,30.8020933926573
141.98,30.8020933926573
141.99,30.8020933926573
142,30.8020933926573
142.01,30.8020933926573
142.02,30.8020933926573
142.03,30.8020933926573
142.04,30.8020933926573
142.05,30.8020933926573
142.06,30.8020933926573
142.07,30.8020933926573
142.08,114.574238751869
142.09,114.574238751869
142.1,114.574238751869
142.11,114.574238751869
142.12,114.574238751869
142.13,114.574238751869
142.14,114.574238751869
142.15,114.574238751869
142.16,114.574238751869
142.17,114.574238751869
142.18,114.574238751869
142.19,114.574238751869
142.2,114.574238751869
142.21,114.574238751869
142.22,114.574238751869
142.23,114.574238751869
142.24,114.574238751869
142.25,114.574238751869
142.26,114.574238751869
142.27,114.574238751869
142.28,114.574238751869
142.29,114.574238751869
142.3,114.574238751869
142.31,114.574238751869
142.32,114.574238751869
142.33,114.574238751869
142.34,114.574238751869
142.35,114.574238751869
142.36,114.574238751869
142.37,114.574238751869
142.38,114.574238751869
142.39,114.574238751869
142.4,114.574238751869
142.41,114.574238751869
142.42,114.574238751869
142.43,114.574238751869
142.44,114.574238751869
142.45,114.574238751869
142.46,114.574238751869
142.47,114.574238751869
142.48,114.574238751869
142.49,114.574238751869
142.5,114.574238751869
142.51,114.574238751869
142.52,114.574238751869
142.53,114.574238751869
142.54,114.574238751869
142.55,114.574238751869
142.56,114.574238751869
142.57,114.574238751869
142.58,114.574238751869
142.59,114.574238751869
142.6,114.574238751869
142.61,114.574238751869
142.62,114.574238751869
142.63,114.574238751869
142.64,114.574238751869
142.65,114.574238751869
142.66,114.574238751869
142.67,114.574238751869
142.68,114.574238751869
142.69,114.574238751869
142.7,114.574238751869
142.71,114.574238751869
142.72,114.574238751869
142.73,114.574238751869
142.74,114.574238751869
142.75,114.574238751869
142.76,114.574238751869
142.77,114.574238751869
142.78,114.574238751869
142.79,114.574238751869
142.8,114.574238751869
142.81,114.574238751869
142.82,114.574238751869
142.83,114.574238751869
142.84,114.574238751869
142.85,114.574238751869
142.86,114.574238751869
142.87,114.574238751869
142.88,114.574238751869
142.89,114.574238751869
142.9,114.574238751869
142.91,114.574238751869
142.92,114.574238751869
142.93,114.574238751869
142.94,114.574238751869
142.95,114.574238751869
142.96,114.574238751869
142.97,114.574238751869
142.98,114.574238751869
142.99,114.574238751869
143,114.574238751869
143.01,114.574238751869
143.02,114.574238751869
143.03,114.574238751869
143.04,114.574238751869
143.05,114.574238751869
143.06,114.574238751869
143.07,114.574238751869
143.08,114.574238751869
143.09,114.574238751869
143.1,114.574238751869
143.11,114.574238751869
143.12,114.574238751869
143.13,114.574238751869
143.14,114.574238751869
143.15,114.574238751869
143.16,114.574238751869
143.17,114.574238751869
143.18,114.574238751869
143.19,114.574238751869
143.2,114.574238751869
143.21,114.574238751869
143.22,114.574238751869
143.23,114.574238751869
143.24,114.574238751869
143.25,114.574238751869
143.26,114.574238751869
143.27,114.574238751869
143.28,114.574238751869
143.29,114.574238751869
143.3,114.574238751869
143.31,114.574238751869
143.32,114.574238751869
143.33,114.574238751869
143.34,114.574238751869
143.35,114.574238751869
143.36,114.574238751869
143.37,114.574238751869
143.38,114.574238751869
143.39,114.574238751869
143.4,114.574238751869
143.41,114.574238751869
143.42,114.574238751869
143.43,114.574238751869
143.44,114.574238751869
143.45,114.574238751869
143.46,114.574238751869
143.47,114.574238751869
143.48,114.574238751869
143.49,114.574238751869
143.5,114.574238751869
143.51,114.574238751869
143.52,114.574238751869
143.53,114.574238751869
143.54,114.574238751869
143.55,114.574238751869
143.56,114.574238751869
143.57,114.574238751869
143.58,114.574238751869
143.59,114.574238751869
143.6,114.574238751869
143.61,114.574238751869
143.62,114.574238751869
143.63,114.574238751869
143.64,114.574238751869
143.65,114.574238751869
143.66,114.574238751869
143.67,114.574238751869
143.68,114.574238751869
143.69,114.574238751869
143.7,114.574238751869
143.71,114.574238751869
143.72,17.157669496119
143.73,17.157669496119
143.74,17.157669496119
143.75,17.157669496119
143.76,17.157669496119
143.77,17.157669496119
143.78,17.157669496119
143.79,17.157669496119
143.8,17.157669496119
143.81,17.157669496119
143.82,17.157669496119
143.83,17.157669496119
143.84,17.157669496119
143.85,17.157669496119
143.86,17.157669496119
143.87,17.157669496119
143.88,17.157669496119
143.89,17.157669496119
143.9,17.157669496119
143.91,17.157669496119
143.92,17.157669496119
143.93,17.157669496119
143.94,17.157669496119
143.95,17.157669496119
143.96,17.157669496119
143.97,17.157669496119
143.98,17.157669496119
143.99,17.157669496119
144,17.157669496119
144.01,17.157669496119
144.02,17.157669496119
144.03,17.157669496119
144.04,17.157669496119
144.05,17.157669496119
144.06,17.157669496119
144.07,17.157669496119
144.08,17.157669496119
144.09,17.157669496119
144.1,17.157669496119
144.11,17.157669496119
144.12,17.157669496119
144.13,17.157669496119
144.14,17.157669496119
144.15,17.157669496119
144.16,17.157669496119
144.17,17.157669496119
144.18,17.157669496119
144.19,17.157669496119
144.2,17.157669496119
144.21,17.157669496119
144.22,17.157669496119
144.23,17.157669496119
144.24,17.157669496119
144.25,17.157669496119
144.26,17.157669496119
144.27,17.157669496119
144.28,17.157669496119
144.29,17.157669496119
144.3,17.157669496119
144.31,17.157669496119
144.32,17.157669496119
144.33,17.157669496119
144.34,17.157669496119
144.35,17.157669496119
144.36,17.157669496119
144.37,17.157669496119
144.38,17.157669496119
144.39,17.157669496119
144.4,17.157669496119
144.41,17.157669496119
144.42,17.157669496119
144.43,17.157669496119
144.44,17.157669496119
144.45,17.157669496119
144.46,17.157669496119
144.47,17.157669496119
144.48,17.157669496119
144.49,17.157669496119
144.5,17.157669496119
144.51,17.157669496119
144.52,17.157669496119
144.53,17.157669496119
144.54,17.157669496119
144.55,17.157669496119
144.56,17.157669496119
144.57,17.157669496119
144.58,17.157669496119
144.59,17.157669496119
144.6,17.157669496119
144.61,17.157669496119
144.62,17.157669496119
144.63,17.157669496119
144.64,17.157669496119
144.65,17.157669496119
144.66,17.157669496119
144.67,17.157669496119
144.68,17.157669496119
144.69,17.157669496119
144.7,17.157669496119
144.71,17.157669496119
144.72,17.157669496119
144.73,17.157669496119
144.74,17.157669496119
144.75,17.157669496119
144.76,17.157669496119
144.77,17.157669496119
144.78,17.157669496119
144.79,17.157669496119
144.8,17.157669496119
144.81,17.157669496119
144.82,17.157669496119
144.83,17.157669496119
144.84,17.157669496119
144.85,17.157669496119
144.86,17.157669496119
144.87,17.157669496119
144.88,17.157669496119
144.89,17.157669496119
144.9,17.157669496119
144.91,17.157669496119
144.92,17.157669496119
144.93,17.157669496119
144.94,17.157669496119
144.95,17.157669496119
144.96,17.157669496119
144.97,17.157669496119
144.98,17.157669496119
144.99,17.157669496119
145,17.157669496119
145.01,17.157669496119
145.02,17.157669496119
145.03,17.157669496119
145.04,17.157669496119
145.05,17.157669496119
145.06,17.157669496119
145.07,17.157669496119
145.08,17.157669496119
145.09,17.157669496119
145.1,17.157669496119
145.11,17.157669496119
145.12,17.157669496119
145.13,17.157669496119
145.14,17.157669496119
145.15,17.157669496119
145.16,17.157669496119
145.17,17.157669496119
145.18,17.157669496119
145.19,17.157669496119
145.2,17.157669496119
145.21,17.157669496119
145.22,17.157669496119
145.23,17.157669496119
145.24,17.157669496119
145.25,17.157669496119
145.26,17.157669496119
145.27,17.157669496119
145.28,17.157669496119
145.29,17.157669496119
145.3,17.157669496119
145.31,17.157669496119
145.32,17.157669496119
145.33,17.157669496119
145.34,17.157669496119
145.35,17.157669496119
145.36,17.157669496119
145.37,17.157669496119
145.38,17.157669496119
145.39,17.157669496119
145.4,17.157669496119
145.41,17.157669496119
145.42,17.157669496119
145.43,17.157669496119
145.44,17.157669496119
145.45,17.157669496119
145.46,17.157669496119
145.47,17.157669496119
145.48,17.157669496119
145.49,17.157669496119
145.5,17.157669496119
145.51,17.157669496119
145.52,17.157669496119
145.53,17.157669496119
145.54,17.157669496119
145.55,17.157669496119
145.56,17.157669496119
145.57,17.157669496119
145.58,17.157669496119
145.59,17.157669496119
145.6,17.157669496119
145.61,17.157669496119
145.62,17.157669496119
145.63,17.157669496119
145.64,17.157669496119
145.65,17.157669496119
145.66,17.157669496119
145.67,17.157669496119
145.68,17.157669496119
145.69,17.157669496119
145.7,17.157669496119
145.71,17.157669496119
145.72,17.157669496119
145.73,17.157669496119
145.74,17.157669496119
145.75,17.157669496119
145.76,17.157669496119
145.77,17.157669496119
145.78,17.157669496119
145.79,17.157669496119
145.8,17.157669496119
145.81,17.157669496119
145.82,17.157669496119
145.83,17.157669496119
145.84,17.157669496119
145.85,17.157669496119
145.86,17.157669496119
145.87,17.157669496119
145.88,17.157669496119
145.89,17.157669496119
145.9,17.157669496119
145.91,17.157669496119
145.92,17.157669496119
145.93,17.157669496119
145.94,17.157669496119
145.95,17.157669496119
145.96,17.157669496119
145.97,17.157669496119
145.98,17.157669496119
145.99,17.157669496119
146,17.157669496119
146.01,17.157669496119
146.02,17.157669496119
146.03,17.157669496119
146.04,17.157669496119
146.05,17.157669496119
146.06,17.157669496119
146.07,17.157669496119
146.08,17.157669496119
146.09,17.157669496119
146.1,17.157669496119
146.11,17.157669496119
146.12,17.157669496119
146.13,17.157669496119
146.14,17.157669496119
146.15,17.157669496119
146.16,17.157669496119
146.17,17.157669496119
146.18,17.157669496119
146.19,17.157669496119
146.2,17.157669496119
146.21,17.157669496119
146.22,17.157669496119
146.23,17.157669496119
146.24,17.157669496119
146.25,17.157669496119
146.26,17.157669496119
146.27,17.157669496119
146.28,17.157669496119
146.29,17.157669496119
146.3,17.157669496119
146.31,17.157669496119
146.32,17.157669496119
146.33,17.157669496119
146.34,17.157669496119
146.35,17.157669496119
146.36,17.157669496119
146.37,17.157669496119
146.38,17.157669496119
146.39,17.157669496119
146.4,17.157669496119
146.41,17.157669496119
146.42,17.157669496119
146.43,17.157669496119
146.44,17.157669496119
146.45,17.157669496119
146.46,17.157669496119
146.47,17.157669496119
146.48,17.157669496119
146.49,17.157669496119
146.5,17.157669496119
146.51,17.157669496119
146.52,17.157669496119
146.53,17.157669496119
146.54,17.157669496119
146.55,17.157669496119
146.56,17.157669496119
146.57,17.157669496119
146.58,17.157669496119
146.59,17.157669496119
146.6,17.157669496119
146.61,17.157669496119
146.62,17.157669496119
146.63,17.157669496119
146.64,17.157669496119
146.65,17.157669496119
146.66,17.157669496119
146.67,17.157669496119
146.68,17.157669496119
146.69,17.157669496119
146.7,17.157669496119
146.71,17.157669496119
146.72,17.157669496119
146.73,17.157669496119
146.74,17.157669496119
146.75,17.157669496119
146.76,17.157669496119
146.77,17.157669496119
146.78,17.157669496119
146.79,17.157669496119
146.8,17.157669496119
146.81,17.157669496119
146.82,17.157669496119
146.83,17.157669496119
146.84,17.157669496119
146.85,17.157669496119
146.86,17.157669496119
146.87,17.157669496119
146.88,17.157669496119
146.89,17.157669496119
146.9,17.157669496119
146.91,17.157669496119
146.92,17.157669496119
146.93,17.157669496119
146.94,17.157669496119
146.95,17.157669496119
146.96,17.157669496119
146.97,17.157669496119
146.98,17.157669496119
146.99,17.157669496119
147,17.157669496119
147.01,17.157669496119
147.02,17.157669496119
147.03,17.157669496119
147.04,17.157669496119
147.05,17.157669496119
147.06,17.157669496119
147.07,17.157669496119
147.08,17.157669496119
147.09,17.157669496119
147.1,17.157669496119
147.11,17.157669496119
147.12,17.157669496119
147.13,17.157669496119
147.14,17.157669496119
147.15,17.157669496119
147.16,17.157669496119
147.17,17.157669496119
147.18,17.157669496119
147.19,17.157669496119
147.2,17.157669496119
147.21,17.157669496119
147.22,17.157669496119
147.23,17.157669496119
147.24,17.157669496119
147.25,17.157669496119
147.26,17.157669496119
147.27,17.157669496119
147.28,17.157669496119
147.29,17.157669496119
147.3,17.157669496119
147.31,17.157669496119
147.32,17.157669496119
147.33,17.157669496119
147.34,17.157669496119
147.35,17.157669496119
147.36,17.157669496119
147.37,17.157669496119
147.38,17.157669496119
147.39,17.157669496119
147.4,17.157669496119
147.41,17.157669496119
147.42,17.157669496119
147.43,17.157669496119
147.44,17.157669496119
147.45,17.157669496119
147.46,17.157669496119
147.47,17.157669496119
147.48,17.157669496119
147.49,17.157669496119
147.5,17.157669496119
147.51,17.157669496119
147.52,17.157669496119
147.53,17.157669496119
147.54,17.157669496119
147.55,17.157669496119
147.56,17.157669496119
147.57,17.157669496119
147.58,17.157669496119
147.59,17.157669496119
147.6,17.157669496119
147.61,17.157669496119
147.62,17.157669496119
147.63,17.157669496119
147.64,17.157669496119
147.65,17.157669496119
147.66,17.157669496119
147.67,17.157669496119
147.68,17.157669496119
147.69,17.157669496119
147.7,17.157669496119
147.71,17.157669496119
147.72,17.157669496119
147.73,17.157669496119
147.74,17.157669496119
147.75,17.157669496119
147.76,17.157669496119
147.77,17.157669496119
147.78,17.157669496119
147.79,17.157669496119
147.8,17.157669496119
147.81,17.157669496119
147.82,17.157669496119
147.83,17.157669496119
147.84,17.157669496119
147.85,17.157669496119
147.86,17.157669496119
147.87,17.157669496119
147.88,17.157669496119
147.89,17.157669496119
147.9,17.157669496119
147.91,17.157669496119
147.92,17.157669496119
147.93,17.157669496119
147.94,17.157669496119
147.95,17.157669496119
147.96,17.157669496119
147.97,17.157669496119
147.98,17.157669496119
147.99,17.157669496119
148,17.157669496119
148.01,17.157669496119
148.02,17.157669496119
148.03,17.157669496119
148.04,17.157669496119
148.05,76.5056389130853
148.06,76.5056389130853
148.07,76.5056389130853
148.08,76.5056389130853
148.09,76.5056389130853
148.1,76.5056389130853
148.11,76.5056389130853
148.12,76.5056389130853
148.13,76.5056389130853
148.14,76.5056389130853
148.15,76.5056389130853
148.16,76.5056389130853
148.17,76.5056389130853
148.18,76.5056389130853
148.19,76.5056389130853
148.2,76.5056389130853
148.21,76.5056389130853
148.22,76.5056389130853
148.23,76.5056389130853
148.24,76.5056389130853
148.25,76.5056389130853
148.26,76.5056389130853
148.27,76.5056389130853
148.28,76.5056389130853
148.29,76.5056389130853
148.3,76.5056389130853
148.31,76.5056389130853
148.32,76.5056389130853
148.33,76.5056389130853
148.34,76.5056389130853
148.35,76.5056389130853
148.36,76.5056389130853
148.37,76.5056389130853
148.38,76.5056389130853
148.39,76.5056389130853
148.4,76.5056389130853
148.41,76.5056389130853
148.42,76.5056389130853
148.43,76.5056389130853
148.44,76.5056389130853
148.45,76.5056389130853
148.46,76.5056389130853
148.47,76.5056389130853
148.48,76.5056389130853
148.49,76.5056389130853
148.5,76.5056389130853
148.51,76.5056389130853
148.52,76.5056389130853
148.53,76.5056389130853
148.54,76.5056389130853
148.55,76.5056389130853
148.56,76.5056389130853
148.57,76.5056389130853
148.58,76.5056389130853
148.59,76.5056389130853
148.6,76.5056389130853
148.61,76.5056389130853
148.62,76.5056389130853
148.63,76.5056389130853
148.64,76.5056389130853
148.65,76.5056389130853
148.66,76.5056389130853
148.67,76.5056389130853
148.68,76.5056389130853
148.69,76.5056389130853
148.7,76.5056389130853
148.71,76.5056389130853
148.72,76.5056389130853
148.73,76.5056389130853
148.74,76.5056389130853
148.75,76.5056389130853
148.76,76.5056389130853
148.77,76.5056389130853
148.78,76.5056389130853
148.79,76.5056389130853
148.8,76.5056389130853
148.81,76.5056389130853
148.82,76.5056389130853
148.83,76.5056389130853
148.84,76.5056389130853
148.85,76.5056389130853
148.86,76.5056389130853
148.87,76.5056389130853
148.88,76.5056389130853
148.89,76.5056389130853
148.9,76.5056389130853
148.91,76.5056389130853
148.92,76.5056389130853
148.93,76.5056389130853
148.94,76.5056389130853
148.95,76.5056389130853
148.96,76.5056389130853
148.97,76.5056389130853
148.98,76.5056389130853
148.99,76.5056389130853
149,76.5056389130853
149.01,76.5056389130853
149.02,76.5056389130853
149.03,76.5056389130853
149.04,76.5056389130853
149.05,76.5056389130853
149.06,76.5056389130853
149.07,76.5056389130853
149.08,76.5056389130853
149.09,76.5056389130853
149.1,76.5056389130853
149.11,76.5056389130853
149.12,76.5056389130853
149.13,76.5056389130853
149.14,76.5056389130853
149.15,76.5056389130853
149.16,76.5056389130853
149.17,76.5056389130853
149.18,76.5056389130853
149.19,76.5056389130853
149.2,76.5056389130853
149.21,76.5056389130853
149.22,76.5056389130853
149.23,76.5056389130853
149.24,76.5056389130853
149.25,76.5056389130853
149.26,76.5056389130853
149.27,76.5056389130853
149.28,76.5056389130853
149.29,76.5056389130853
149.3,76.5056389130853
149.31,76.5056389130853
149.32,76.5056389130853
149.33,76.5056389130853
149.34,76.5056389130853
149.35,76.5056389130853
149.36,76.5056389130853
149.37,76.5056389130853
149.38,76.5056389130853
149.39,76.5056389130853
149.4,76.5056389130853
149.41,76.5056389130853
149.42,76.5056389130853
149.43,76.5056389130853
149.44,76.5056389130853
149.45,76.5056389130853
149.46,76.5056389130853
149.47,76.5056389130853
149.48,76.5056389130853
149.49,76.5056389130853
149.5,76.5056389130853
149.51,76.5056389130853
149.52,76.5056389130853
149.53,76.5056389130853
149.54,76.5056389130853
149.55,76.5056389130853
149.56,76.5056389130853
149.57,76.5056389130853
149.58,76.5056389130853
149.59,76.5056389130853
149.6,76.5056389130853
149.61,76.5056389130853
149.62,76.5056389130853
149.63,76.5056389130853
149.64,76.5056389130853
149.65,76.5056389130853
149.66,76.5056389130853
149.67,76.5056389130853
149.68,76.5056389130853
149.69,76.5056389130853
149.7,76.5056389130853
149.71,76.5056389130853
149.72,76.5056389130853
149.73,76.5056389130853
149.74,76.5056389130853
149.75,76.5056389130853
149.76,76.5056389130853
149.77,76.5056389130853
149.78,76.5056389130853
149.79,76.5056389130853
149.8,76.5056389130853
149.81,76.5056389130853
149.82,76.5056389130853
149.83,76.5056389130853
149.84,76.5056389130853
149.85,76.5056389130853
149.86,76.5056389130853
149.87,76.5056389130853
149.88,76.5056389130853
149.89,76.5056389130853
149.9,76.5056389130853
149.91,76.5056389130853
149.92,76.5056389130853
149.93,76.5056389130853
149.94,76.5056389130853
149.95,76.5056389130853
149.96,76.5056389130853
149.97,76.5056389130853
149.98,76.5056389130853
149.99,76.5056389130853
150,76.5056389130853
150.01,76.5056389130853
150.02,76.5056389130853
150.03,76.5056389130853
150.04,76.5056389130853
150.05,76.5056389130853
150.06,76.5056389130853
150.07,76.5056389130853
150.08,76.5056389130853
150.09,76.5056389130853
150.1,76.5056389130853
150.11,76.5056389130853
150.12,76.5056389130853
150.13,76.5056389130853
150.14,76.5056389130853
150.15,76.5056389130853
150.16,76.5056389130853
150.17,76.5056389130853
150.18,76.5056389130853
150.19,76.5056389130853
150.2,76.5056389130853
150.21,76.5056389130853
150.22,76.5056389130853
150.23,76.5056389130853
150.24,76.5056389130853
150.25,76.5056389130853
150.26,76.5056389130853
150.27,76.5056389130853
150.28,76.5056389130853
150.29,76.5056389130853
150.3,76.5056389130853
150.31,76.5056389130853
150.32,76.5056389130853
150.33,76.5056389130853
150.34,76.5056389130853
150.35,76.5056389130853
150.36,76.5056389130853
150.37,76.5056389130853
150.38,76.5056389130853
150.39,76.5056389130853
150.4,76.5056389130853
150.41,76.5056389130853
150.42,76.5056389130853
150.43,76.5056389130853
150.44,76.5056389130853
150.45,76.5056389130853
150.46,76.5056389130853
150.47,76.5056389130853
150.48,76.5056389130853
150.49,76.5056389130853
150.5,76.5056389130853
150.51,76.5056389130853
150.52,76.5056389130853
150.53,76.5056389130853
150.54,76.5056389130853
150.55,76.5056389130853
150.56,76.5056389130853
150.57,76.5056389130853
150.58,76.5056389130853
150.59,76.5056389130853
150.6,76.5056389130853
150.61,76.5056389130853
150.62,76.5056389130853
150.63,76.5056389130853
150.64,76.5056389130853
150.65,76.5056389130853
150.66,76.5056389130853
150.67,76.5056389130853
150.68,76.5056389130853
150.69,76.5056389130853
150.7,76.5056389130853
150.71,76.5056389130853
150.72,76.5056389130853
150.73,76.5056389130853
150.74,76.5056389130853
150.75,76.5056389130853
150.76,76.5056389130853
150.77,76.5056389130853
150.78,76.5056389130853
150.79,76.5056389130853
150.8,76.5056389130853
150.81,76.5056389130853
150.82,76.5056389130853
150.83,76.5056389130853
150.84,76.5056389130853
150.85,76.5056389130853
150.86,76.5056389130853
150.87,76.5056389130853
150.88,76.5056389130853
150.89,76.5056389130853
150.9,76.5056389130853
150.91,76.5056389130853
150.92,76.5056389130853
150.93,76.5056389130853
150.94,76.5056389130853
150.95,76.5056389130853
150.96,76.5056389130853
150.97,76.5056389130853
150.98,76.5056389130853
150.99,76.5056389130853
151,76.5056389130853
151.01,76.5056389130853
151.02,76.5056389130853
151.03,76.5056389130853
151.04,76.5056389130853
151.05,76.5056389130853
151.06,107.693020738054
151.07,107.693020738054
151.08,107.693020738054
151.09,107.693020738054
151.1,107.693020738054
151.11,107.693020738054
151.12,107.693020738054
151.13,107.693020738054
151.14,107.693020738054
151.15,107.693020738054
151.16,107.693020738054
151.17,107.693020738054
151.18,107.693020738054
151.19,107.693020738054
151.2,107.693020738054
151.21,107.693020738054
151.22,107.693020738054
151.23,107.693020738054
151.24,107.693020738054
151.25,107.693020738054
151.26,107.693020738054
151.27,107.693020738054
151.28,107.693020738054
151.29,107.693020738054
151.3,107.693020738054
151.31,107.693020738054
151.32,107.693020738054
151.33,107.693020738054
151.34,107.693020738054
151.35,107.693020738054
151.36,107.693020738054
151.37,107.693020738054
151.38,107.693020738054
151.39,107.693020738054
151.4,107.693020738054
151.41,107.693020738054
151.42,107.693020738054
151.43,107.693020738054
151.44,107.693020738054
151.45,107.693020738054
151.46,107.693020738054
151.47,107.693020738054
151.48,107.693020738054
151.49,107.693020738054
151.5,107.693020738054
151.51,107.693020738054
151.52,107.693020738054
151.53,107.693020738054
151.54,107.693020738054
151.55,107.693020738054
151.56,107.693020738054
151.57,107.693020738054
151.58,107.693020738054
151.59,107.693020738054
151.6,107.693020738054
151.61,107.693020738054
151.62,107.693020738054
151.63,107.693020738054
151.64,107.693020738054
151.65,107.693020738054
151.66,107.693020738054
151.67,107.693020738054
151.68,107.693020738054
151.69,107.693020738054
151.7,107.693020738054
151.71,107.693020738054
151.72,107.693020738054
151.73,107.693020738054
151.74,107.693020738054
151.75,107.693020738054
151.76,107.693020738054
151.77,107.693020738054
151.78,107.693020738054
151.79,107.693020738054
151.8,107.693020738054
151.81,107.693020738054
151.82,107.693020738054
151.83,107.693020738054
151.84,107.693020738054
151.85,107.693020738054
151.86,107.693020738054
151.87,107.693020738054
151.88,107.693020738054
151.89,107.693020738054
151.9,107.693020738054
151.91,107.693020738054
151.92,107.693020738054
151.93,107.693020738054
151.94,107.693020738054
151.95,107.693020738054
151.96,107.693020738054
151.97,107.693020738054
151.98,107.693020738054
151.99,107.693020738054
152,107.693020738054
152.01,107.693020738054
152.02,107.693020738054
152.03,107.693020738054
152.04,107.693020738054
152.05,107.693020738054
152.06,107.693020738054
152.07,107.693020738054
152.08,107.693020738054
152.09,107.693020738054
152.1,107.693020738054
152.11,107.693020738054
152.12,107.693020738054
152.13,107.693020738054
152.14,107.693020738054
152.15,107.693020738054
152.16,107.693020738054
152.17,107.693020738054
152.18,107.693020738054
152.19,107.693020738054
152.2,107.693020738054
152.21,107.693020738054
152.22,107.693020738054
152.23,107.693020738054
152.24,107.693020738054
152.25,107.693020738054
152.26,107.693020738054
152.27,107.693020738054
152.28,107.693020738054
152.29,107.693020738054
152.3,107.693020738054
152.31,107.693020738054
152.32,107.693020738054
152.33,107.693020738054
152.34,107.693020738054
152.35,107.693020738054
152.36,107.693020738054
152.37,107.693020738054
152.38,107.693020738054
152.39,107.693020738054
152.4,107.693020738054
152.41,107.693020738054
152.42,107.693020738054
152.43,107.693020738054
152.44,107.693020738054
152.45,107.693020738054
152.46,107.693020738054
152.47,107.693020738054
152.48,107.693020738054
152.49,107.693020738054
152.5,107.693020738054
152.51,107.693020738054
152.52,107.693020738054
152.53,107.693020738054
152.54,107.693020738054
152.55,107.693020738054
152.56,107.693020738054
152.57,107.693020738054
152.58,107.693020738054
152.59,107.693020738054
152.6,107.693020738054
152.61,107.693020738054
152.62,107.693020738054
152.63,107.693020738054
152.64,107.693020738054
152.65,107.693020738054
152.66,107.693020738054
152.67,107.693020738054
152.68,107.693020738054
152.69,107.693020738054
152.7,107.693020738054
152.71,107.693020738054
152.72,107.693020738054
152.73,107.693020738054
152.74,107.693020738054
152.75,107.693020738054
152.76,107.693020738054
152.77,107.693020738054
152.78,107.693020738054
152.79,107.693020738054
152.8,107.693020738054
152.81,107.693020738054
152.82,107.693020738054
152.83,107.693020738054
152.84,107.693020738054
152.85,107.693020738054
152.86,107.693020738054
152.87,107.693020738054
152.88,107.693020738054
152.89,107.693020738054
152.9,107.693020738054
152.91,107.693020738054
152.92,107.693020738054
152.93,107.693020738054
152.94,107.693020738054
152.95,107.693020738054
152.96,107.693020738054
152.97,107.693020738054
152.98,107.693020738054
152.99,107.693020738054
153,107.693020738054
153.01,107.693020738054
153.02,107.693020738054
153.03,107.693020738054
153.04,107.693020738054
153.05,107.693020738054
153.06,107.693020738054
153.07,107.693020738054
153.08,107.693020738054
153.09,107.693020738054
153.1,107.693020738054
153.11,107.693020738054
153.12,107.693020738054
153.13,107.693020738054
153.14,107.693020738054
153.15,107.693020738054
153.16,107.693020738054
153.17,107.693020738054
153.18,107.693020738054
153.19,107.693020738054
153.2,107.693020738054
153.21,107.693020738054
153.22,107.693020738054
153.23,107.693020738054
153.24,107.693020738054
153.25,107.693020738054
153.26,107.693020738054
153.27,107.693020738054
153.28,107.693020738054
153.29,107.693020738054
153.3,107.693020738054
153.31,107.693020738054
153.32,107.693020738054
153.33,107.693020738054
153.34,107.693020738054
153.35,107.693020738054
153.36,107.693020738054
153.37,107.693020738054
153.38,107.693020738054
153.39,107.693020738054
153.4,107.693020738054
153.41,107.693020738054
153.42,107.693020738054
153.43,107.693020738054
153.44,107.693020738054
153.45,107.693020738054
153.46,107.693020738054
153.47,107.693020738054
153.48,107.693020738054
153.49,107.693020738054
153.5,107.693020738054
153.51,107.693020738054
153.52,107.693020738054
153.53,107.693020738054
153.54,107.693020738054
153.55,107.693020738054
153.56,107.693020738054
153.57,107.693020738054
153.58,107.693020738054
153.59,107.693020738054
153.6,107.693020738054
153.61,107.693020738054
153.62,107.693020738054
153.63,107.693020738054
153.64,107.693020738054
153.65,107.693020738054
153.66,107.693020738054
153.67,107.693020738054
153.68,107.693020738054
153.69,107.693020738054
153.7,107.693020738054
153.71,107.693020738054
153.72,107.693020738054
153.73,107.693020738054
153.74,107.693020738054
153.75,107.693020738054
153.76,107.693020738054
153.77,107.693020738054
153.78,107.693020738054
153.79,107.693020738054
153.8,107.693020738054
153.81,107.693020738054
153.82,107.693020738054
153.83,107.693020738054
153.84,107.693020738054
153.85,107.693020738054
153.86,107.693020738054
153.87,107.693020738054
153.88,107.693020738054
153.89,107.693020738054
153.9,107.693020738054
153.91,107.693020738054
153.92,107.693020738054
153.93,107.693020738054
153.94,107.693020738054
153.95,107.693020738054
153.96,107.693020738054
153.97,107.693020738054
153.98,107.693020738054
153.99,107.693020738054
154,107.693020738054
154.01,107.693020738054
154.02,107.693020738054
154.03,107.693020738054
154.04,107.693020738054
154.05,107.693020738054
154.06,107.693020738054
154.07,107.693020738054
154.08,107.693020738054
154.09,107.693020738054
154.1,107.693020738054
154.11,107.693020738054
154.12,107.693020738054
154.13,107.693020738054
154.14,107.693020738054
154.15,107.693020738054
154.16,107.693020738054
154.17,107.693020738054
154.18,107.693020738054
154.19,107.693020738054
154.2,107.693020738054
154.21,107.693020738054
154.22,107.693020738054
154.23,107.693020738054
154.24,107.693020738054
154.25,107.693020738054
154.26,107.693020738054
154.27,107.693020738054
154.28,107.693020738054
154.29,107.693020738054
154.3,107.693020738054
154.31,107.693020738054
154.32,107.693020738054
154.33,107.693020738054
154.34,107.693020738054
154.35,107.693020738054
154.36,107.693020738054
154.37,107.693020738054
154.38,107.693020738054
154.39,107.693020738054
154.4,107.693020738054
154.41,107.693020738054
154.42,107.693020738054
154.43,107.693020738054
154.44,107.693020738054
154.45,107.693020738054
154.46,107.693020738054
154.47,107.693020738054
154.48,107.693020738054
154.49,107.693020738054
154.5,107.693020738054
154.51,107.693020738054
154.52,107.693020738054
154.53,107.693020738054
154.54,107.693020738054
154.55,107.693020738054
154.56,107.693020738054
154.57,107.693020738054
154.58,107.693020738054
154.59,107.693020738054
154.6,107.693020738054
154.61,107.693020738054
154.62,107.693020738054
154.63,107.693020738054
154.64,107.693020738054
154.65,107.693020738054
154.66,107.693020738054
154.67,107.693020738054
154.68,107.693020738054
154.69,107.693020738054
154.7,107.693020738054
154.71,107.693020738054
154.72,107.693020738054
154.73,107.693020738054
154.74,107.693020738054
154.75,107.693020738054
154.76,107.693020738054
154.77,107.693020738054
154.78,107.693020738054
154.79,107.693020738054
154.8,107.693020738054
154.81,107.693020738054
154.82,107.693020738054
154.83,107.693020738054
154.84,107.693020738054
154.85,107.693020738054
154.86,107.693020738054
154.87,107.693020738054
154.88,107.693020738054
154.89,107.693020738054
154.9,107.693020738054
154.91,107.693020738054
154.92,107.693020738054
154.93,107.693020738054
154.94,107.693020738054
154.95,107.693020738054
154.96,107.693020738054
154.97,107.693020738054
154.98,107.693020738054
154.99,107.693020738054
155,107.693020738054
155.01,107.693020738054
155.02,107.693020738054
155.03,107.693020738054
155.04,107.693020738054
155.05,107.693020738054
155.06,107.693020738054
155.07,107.693020738054
155.08,107.693020738054
155.09,107.693020738054
155.1,107.693020738054
155.11,107.693020738054
155.12,107.693020738054
155.13,107.693020738054
155.14,107.693020738054
155.15,107.693020738054
155.16,107.693020738054
155.17,107.693020738054
155.18,107.693020738054
155.19,107.693020738054
155.2,107.693020738054
155.21,107.693020738054
155.22,107.693020738054
155.23,107.693020738054
155.24,107.693020738054
155.25,107.693020738054
155.26,107.693020738054
155.27,107.693020738054
155.28,107.693020738054
155.29,107.693020738054
155.3,107.693020738054
155.31,107.693020738054
155.32,107.693020738054
155.33,107.693020738054
155.34,107.693020738054
155.35,36.9857161052809
155.36,36.9857161052809
155.37,36.9857161052809
155.38,36.9857161052809
155.39,36.9857161052809
155.4,36.9857161052809
155.41,36.9857161052809
155.42,36.9857161052809
155.43,36.9857161052809
155.44,36.9857161052809
155.45,36.9857161052809
155.46,36.9857161052809
155.47,36.9857161052809
155.48,36.9857161052809
155.49,36.9857161052809
155.5,36.9857161052809
155.51,36.9857161052809
155.52,36.9857161052809
155.53,36.9857161052809
155.54,36.9857161052809
155.55,36.9857161052809
155.56,36.9857161052809
155.57,36.9857161052809
155.58,36.9857161052809
155.59,36.9857161052809
155.6,36.9857161052809
155.61,36.9857161052809
155.62,36.9857161052809
155.63,36.9857161052809
155.64,36.9857161052809
155.65,36.9857161052809
155.66,36.9857161052809
155.67,36.9857161052809
155.68,36.9857161052809
155.69,36.9857161052809
155.7,36.9857161052809
155.71,36.9857161052809
155.72,36.9857161052809
155.73,36.9857161052809
155.74,36.9857161052809
155.75,36.9857161052809
155.76,36.9857161052809
155.77,36.9857161052809
155.78,36.9857161052809
155.79,36.9857161052809
155.8,36.9857161052809
155.81,36.9857161052809
155.82,36.9857161052809
155.83,36.9857161052809
155.84,36.9857161052809
155.85,36.9857161052809
155.86,36.9857161052809
155.87,36.9857161052809
155.88,36.9857161052809
155.89,36.9857161052809
155.9,36.9857161052809
155.91,36.9857161052809
155.92,36.9857161052809
155.93,36.9857161052809
155.94,36.9857161052809
155.95,36.9857161052809
155.96,36.9857161052809
155.97,36.9857161052809
155.98,36.9857161052809
155.99,36.9857161052809
156,36.9857161052809
156.01,36.9857161052809
156.02,36.9857161052809
156.03,36.9857161052809
156.04,36.9857161052809
156.05,36.9857161052809
156.06,36.9857161052809
156.07,36.9857161052809
156.08,36.9857161052809
156.09,36.9857161052809
156.1,36.9857161052809
156.11,36.9857161052809
156.12,36.9857161052809
156.13,36.9857161052809
156.14,36.9857161052809
156.15,36.9857161052809
156.16,36.9857161052809
156.17,36.9857161052809
156.18,36.9857161052809
156.19,36.9857161052809
156.2,36.9857161052809
156.21,36.9857161052809
156.22,36.9857161052809
156.23,36.9857161052809
156.24,36.9857161052809
156.25,36.9857161052809
156.26,36.9857161052809
156.27,36.9857161052809
156.28,36.9857161052809
156.29,36.9857161052809
156.3,36.9857161052809
156.31,36.9857161052809
156.32,36.9857161052809
156.33,36.9857161052809
156.34,36.9857161052809
156.35,36.9857161052809
156.36,36.9857161052809
156.37,36.9857161052809
156.38,36.9857161052809
156.39,36.9857161052809
156.4,36.9857161052809
156.41,36.9857161052809
156.42,36.9857161052809
156.43,36.9857161052809
156.44,36.9857161052809
156.45,36.9857161052809
156.46,36.9857161052809
156.47,36.9857161052809
156.48,36.9857161052809
156.49,36.9857161052809
156.5,36.9857161052809
156.51,36.9857161052809
156.52,36.9857161052809
156.53,36.9857161052809
156.54,36.9857161052809
156.55,36.9857161052809
156.56,36.9857161052809
156.57,36.9857161052809
156.58,36.9857161052809
156.59,36.9857161052809
156.6,36.9857161052809
156.61,36.9857161052809
156.62,36.9857161052809
156.63,36.9857161052809
156.64,36.9857161052809
156.65,36.9857161052809
156.66,36.9857161052809
156.67,36.9857161052809
156.68,36.9857161052809
156.69,36.9857161052809
156.7,36.9857161052809
156.71,36.9857161052809
156.72,36.9857161052809
156.73,36.9857161052809
156.74,36.9857161052809
156.75,36.9857161052809
156.76,36.9857161052809
156.77,36.9857161052809
156.78,36.9857161052809
156.79,36.9857161052809
156.8,36.9857161052809
156.81,36.9857161052809
156.82,36.9857161052809
156.83,36.9857161052809
156.84,36.9857161052809
156.85,36.9857161052809
156.86,36.9857161052809
156.87,36.9857161052809
156.88,36.9857161052809
156.89,36.9857161052809
156.9,36.9857161052809
156.91,36.9857161052809
156.92,36.9857161052809
156.93,36.9857161052809
156.94,36.9857161052809
156.95,36.9857161052809
156.96,36.9857161052809
156.97,36.9857161052809
156.98,36.9857161052809
156.99,36.9857161052809
157,36.9857161052809
157.01,36.9857161052809
157.02,36.9857161052809
157.03,36.9857161052809
157.04,36.9857161052809
157.05,36.9857161052809
157.06,36.9857161052809
157.07,36.9857161052809
157.08,36.9857161052809
157.09,36.9857161052809
157.1,36.9857161052809
157.11,36.9857161052809
157.12,36.9857161052809
157.13,36.9857161052809
157.14,36.9857161052809
157.15,36.9857161052809
157.16,36.9857161052809
157.17,36.9857161052809
157.18,36.9857161052809
157.19,36.9857161052809
157.2,36.9857161052809
157.21,36.9857161052809
157.22,36.9857161052809
157.23,36.9857161052809
157.24,36.9857161052809
157.25,36.9857161052809
157.26,36.9857161052809
157.27,36.9857161052809
157.28,36.9857161052809
157.29,36.9857161052809
157.3,36.9857161052809
157.31,36.9857161052809
157.32,36.9857161052809
157.33,36.9857161052809
157.34,36.9857161052809
157.35,36.9857161052809
157.36,5.39252536730569
157.37,5.39252536730569
157.38,5.39252536730569
157.39,5.39252536730569
157.4,5.39252536730569
157.41,5.39252536730569
157.42,5.39252536730569
157.43,5.39252536730569
157.44,5.39252536730569
157.45,5.39252536730569
157.46,5.39252536730569
157.47,5.39252536730569
157.48,5.39252536730569
157.49,5.39252536730569
157.5,5.39252536730569
157.51,5.39252536730569
157.52,5.39252536730569
157.53,5.39252536730569
157.54,5.39252536730569
157.55,5.39252536730569
157.56,5.39252536730569
157.57,5.39252536730569
157.58,5.39252536730569
157.59,5.39252536730569
157.6,5.39252536730569
157.61,5.39252536730569
157.62,5.39252536730569
157.63,5.39252536730569
157.64,5.39252536730569
157.65,5.39252536730569
157.66,5.39252536730569
157.67,5.39252536730569
157.68,5.39252536730569
157.69,5.39252536730569
157.7,5.39252536730569
157.71,5.39252536730569
157.72,5.39252536730569
157.73,5.39252536730569
157.74,5.39252536730569
157.75,5.39252536730569
157.76,5.39252536730569
157.77,5.39252536730569
157.78,5.39252536730569
157.79,5.39252536730569
157.8,5.39252536730569
157.81,5.39252536730569
157.82,5.39252536730569
157.83,5.39252536730569
157.84,5.39252536730569
157.85,5.39252536730569
157.86,5.39252536730569
157.87,5.39252536730569
157.88,5.39252536730569
157.89,5.39252536730569
157.9,5.39252536730569
157.91,5.39252536730569
157.92,5.39252536730569
157.93,5.39252536730569
157.94,5.39252536730569
157.95,5.39252536730569
157.96,5.39252536730569
157.97,5.39252536730569
157.98,5.39252536730569
157.99,5.39252536730569
158,5.39252536730569
158.01,5.39252536730569
158.02,5.39252536730569
158.03,5.39252536730569
158.04,5.39252536730569
158.05,5.39252536730569
158.06,5.39252536730569
158.07,5.39252536730569
158.08,5.39252536730569
158.09,5.39252536730569
158.1,5.39252536730569
158.11,5.39252536730569
158.12,5.39252536730569
158.13,5.39252536730569
158.14,5.39252536730569
158.15,5.39252536730569
158.16,5.39252536730569
158.17,5.39252536730569
158.18,5.39252536730569
158.19,5.39252536730569
158.2,5.39252536730569
158.21,5.39252536730569
158.22,5.39252536730569
158.23,5.39252536730569
158.24,5.39252536730569
158.25,5.39252536730569
158.26,5.39252536730569
158.27,5.39252536730569
158.28,5.39252536730569
158.29,5.39252536730569
158.3,5.39252536730569
158.31,5.39252536730569
158.32,5.39252536730569
158.33,5.39252536730569
158.34,5.39252536730569
158.35,5.39252536730569
158.36,5.39252536730569
158.37,5.39252536730569
158.38,5.39252536730569
158.39,5.39252536730569
158.4,5.39252536730569
158.41,5.39252536730569
158.42,5.39252536730569
158.43,5.39252536730569
158.44,5.39252536730569
158.45,5.39252536730569
158.46,5.39252536730569
158.47,5.39252536730569
158.48,5.39252536730569
158.49,5.39252536730569
158.5,5.39252536730569
158.51,5.39252536730569
158.52,5.39252536730569
158.53,5.39252536730569
158.54,5.39252536730569
158.55,5.39252536730569
158.56,5.39252536730569
158.57,5.39252536730569
158.58,5.39252536730569
158.59,5.39252536730569
158.6,5.39252536730569
158.61,5.39252536730569
158.62,5.39252536730569
158.63,5.39252536730569
158.64,5.39252536730569
158.65,5.39252536730569
158.66,5.39252536730569
158.67,5.39252536730569
158.68,5.39252536730569
158.69,5.39252536730569
158.7,5.39252536730569
158.71,5.39252536730569
158.72,5.39252536730569
158.73,5.39252536730569
158.74,5.39252536730569
158.75,5.39252536730569
158.76,5.39252536730569
158.77,5.39252536730569
158.78,5.39252536730569
158.79,5.39252536730569
158.8,5.39252536730569
158.81,5.39252536730569
158.82,5.39252536730569
158.83,5.39252536730569
158.84,5.39252536730569
158.85,5.39252536730569
158.86,5.39252536730569
158.87,5.39252536730569
158.88,5.39252536730569
158.89,5.39252536730569
158.9,5.39252536730569
158.91,5.39252536730569
158.92,5.39252536730569
158.93,5.39252536730569
158.94,5.39252536730569
158.95,5.39252536730569
158.96,5.39252536730569
158.97,5.39252536730569
158.98,5.39252536730569
158.99,5.39252536730569
159,5.39252536730569
159.01,5.39252536730569
159.02,5.39252536730569
159.03,5.39252536730569
159.04,5.39252536730569
159.05,5.39252536730569
159.06,5.39252536730569
159.07,5.39252536730569
159.08,5.39252536730569
159.09,5.39252536730569
159.1,5.39252536730569
159.11,5.39252536730569
159.12,5.39252536730569
159.13,5.39252536730569
159.14,5.39252536730569
159.15,5.39252536730569
159.16,5.39252536730569
159.17,5.39252536730569
159.18,5.39252536730569
159.19,5.39252536730569
159.2,5.39252536730569
159.21,5.39252536730569
159.22,5.39252536730569
159.23,5.39252536730569
159.24,5.39252536730569
159.25,5.39252536730569
159.26,5.39252536730569
159.27,5.39252536730569
159.28,5.39252536730569
159.29,5.39252536730569
159.3,5.39252536730569
159.31,5.39252536730569
159.32,5.39252536730569
159.33,5.39252536730569
159.34,5.39252536730569
159.35,5.39252536730569
159.36,5.39252536730569
159.37,5.39252536730569
159.38,5.39252536730569
159.39,5.39252536730569
159.4,5.39252536730569
159.41,5.39252536730569
159.42,5.39252536730569
159.43,5.39252536730569
159.44,5.39252536730569
159.45,5.39252536730569
159.46,5.39252536730569
159.47,5.39252536730569
159.48,5.39252536730569
159.49,5.39252536730569
159.5,5.39252536730569
159.51,5.39252536730569
159.52,5.39252536730569
159.53,5.39252536730569
159.54,5.39252536730569
159.55,5.39252536730569
159.56,5.39252536730569
159.57,5.39252536730569
159.58,5.39252536730569
159.59,5.39252536730569
159.6,5.39252536730569
159.61,5.39252536730569
159.62,5.39252536730569
159.63,5.39252536730569
159.64,5.39252536730569
159.65,5.39252536730569
159.66,5.39252536730569
159.67,5.39252536730569
159.68,5.39252536730569
159.69,5.39252536730569
159.7,5.39252536730569
159.71,5.39252536730569
159.72,5.39252536730569
159.73,5.39252536730569
159.74,5.39252536730569
159.75,5.39252536730569
159.76,5.39252536730569
159.77,5.39252536730569
159.78,5.39252536730569
159.79,5.39252536730569
159.8,5.39252536730569
159.81,5.39252536730569
159.82,5.39252536730569
159.83,5.39252536730569
159.84,5.39252536730569
159.85,5.39252536730569
159.86,5.39252536730569
159.87,5.39252536730569
159.88,5.39252536730569
159.89,5.39252536730569
159.9,5.39252536730569
159.91,5.39252536730569
159.92,5.39252536730569
159.93,5.39252536730569
159.94,5.39252536730569
159.95,5.39252536730569
159.96,5.39252536730569
159.97,5.39252536730569
159.98,5.39252536730569
159.99,5.39252536730569
160,5.39252536730569
160.01,60
160.02,60
160.03,60
160.04,60
160.05,60
160.06,60
160.07,60
160.08,60
160.09,60
160.1,60
160.11,60
160.12,60
160.13,60
160.14,60
160.15,60
160.16,60
160.17,60
160.18,60
160.19,60
160.2,60
160.21,60
160.22,60
160.23,60
160.24,60
160.25,60
160.26,60
160.27,60
160.28,60
160.29,60
160.3,60
160.31,60
160.32,60
160.33,60
160.34,60
160.35,60
160.36,60
160.37,60
160.38,60
160.39,60
160.4,60
160.41,60
160.42,60
160.43,60
160.44,60
160.45,60
160.46,60
160.47,60
160.48,60
160.49,60
160.5,60
160.51,60
160.52,60
160.53,60
160.54,60
160.55,60
160.56,60
160.57,60
160.58,60
160.59,60
160.6,60
160.61,60
160.62,60
160.63,60
160.64,60
160.65,60
160.66,60
160.67,60
160.68,60
160.69,60
160.7,60
160.71,60
160.72,60
160.73,60
160.74,60
160.75,60
160.76,60
160.77,60
160.78,60
160.79,60
160.8,60
160.81,60
160.82,60
160.83,60
160.84,60
160.85,60
160.86,60
160.87,60
160.88,60
160.89,60
160.9,60
160.91,60
160.92,60
160.93,60
160.94,60
160.95,60
160.96,60
160.97,60
160.98,60
160.99,60
161,60
161.01,60
161.02,60
161.03,60
161.04,60
161.05,60
161.06,60
161.07,60
161.08,60
161.09,60
161.1,60
161.11,60
161.12,60
161.13,60
161.14,60
161.15,60
161.16,60
161.17,60
161.18,60
161.19,60
161.2,60
161.21,60
161.22,60
161.23,60
161.24,60
161.25,60
161.26,60
161.27,60
161.28,60
161.29,60
161.3,60
161.31,60
161.32,60
161.33,60
161.34,60
161.35,60
161.36,60
161.37,60
161.38,60
161.39,60
161.4,60
161.41,60
161.42,60
161.43,60
161.44,60
161.45,60
161.46,60
161.47,60
161.48,60
161.49,60
161.5,60
161.51,60
161.52,60
161.53,60
161.54,60
161.55,60
161.56,60
161.57,60
161.58,60
161.59,60
161.6,60
161.61,60
161.62,60
161.63,60
161.64,60
161.65,60
161.66,60
161.67,60
161.68,60
161.69,60
161.7,60
161.71,60
161.72,60
161.73,60
161.74,60
161.75,60
161.76,60
161.77,60
161.78,60
161.79,60
161.8,60
161.81,60
161.82,60
161.83,60
161.84,60
161.85,60
161.86,60
161.87,60
161.88,60
161.89,60
161.9,60
161.91,60
161.92,60
161.93,60
161.94,60
161.95,60
161.96,60
161.97,60
161.98,60
161.99,60
162,60
162.01,60
162.02,60
162.03,60
162.04,60
162.05,60
162.06,60
162.07,60
162.08,60
162.09,60
162.1,60
162.11,60
162.12,60
162.13,60
162.14,60
162.15,60
162.16,60
162.17,60
162.18,60
162.19,60
162.2,60
162.21,60
162.22,60
162.23,60
162.24,60
162.25,60
162.26,60
162.27,60
162.28,60
162.29,60
162.3,60
162.31,60
162.32,60
162.33,60
162.34,60
162.35,60
162.36,60
162.37,60
162.38,60
162.39,60
162.4,60
162.41,60
162.42,60
162.43,60
162.44,60
162.45,60
162.46,60
162.47,60
162.48,60
162.49,60
162.5,60
162.51,60
162.52,60
162.53,60
162.54,60
162.55,60
162.56,60
162.57,60
162.58,60
162.59,60
162.6,60
162.61,60
162.62,60
162.63,60
162.64,60
162.65,60
162.66,60
162.67,60
162.68,60
162.69,60
162.7,60
162.71,60
162.72,60
162.73,60
162.74,60
162.75,60
162.76,60
162.77,60
162.78,60
162.79,60
162.8,60
162.81,60
162.82,60
162.83,60
162.84,60
162.85,60
162.86,60
162.87,60
162.88,60
162.89,60
162.9,60
162.91,60
162.92,60
162.93,60
162.94,60
162.95,60
162.96,60
162.97,60
162.98,60
162.99,60
163,60
163.01,60
163.02,60
163.03,60
163.04,60
163.05,60
163.06,60
163.07,60
163.08,60
163.09,60
163.1,60
163.11,60
163.12,60
163.13,60
163.14,60
163.15,60
163.16,60
163.17,60
163.18,60
163.19,60
163.2,60
163.21,60
163.22,60
163.23,60
163.24,60
163.25,60
163.26,60
163.27,60
163.28,60
163.29,60
163.3,60
163.31,60
163.32,60
163.33,60
163.34,60
163.35,60
163.36,60
163.37,60
163.38,60
163.39,60
163.4,60
163.41,60
163.42,60
163.43,60
163.44,60
163.45,60
163.46,60
163.47,60
163.48,60
163.49,60
163.5,60
163.51,60
163.52,60
163.53,60
163.54,60
163.55,60
163.56,60
163.57,60
163.58,60
163.59,60
163.6,60
163.61,60
163.62,60
163.63,60
163.64,60
163.65,60
163.66,60
163.67,60
163.68,60
163.69,60
163.7,60
163.71,60
163.72,60
163.73,60
163.74,60
163.75,60
163.76,60
163.77,60
163.78,60
163.79,60
163.8,60
163.81,60
163.82,60
163.83,60
163.84,60
163.85,60
163.86,60
163.87,60
163.88,60
163.89,60
163.9,60
163.91,60
163.92,60
163.93,60
163.94,60
163.95,60
163.96,60
163.97,60
163.98,60
163.99,60
164,60
164.01,60
164.02,60
164.03,60
164.04,60
164.05,60
164.06,60
164.07,60
164.08,60
164.09,60
164.1,60
164.11,60
164.12,60
164.13,60
164.14,60
164.15,60
164.16,60
164.17,60
164.18,60
164.19,60
164.2,60
164.21,60
164.22,60
164.23,60
164.24,60
164.25,60
164.26,60
164.27,60
164.28,60
164.29,60
164.3,60
164.31,60
164.32,60
164.33,60
164.34,60
164.35,60
164.36,60
164.37,60
164.38,60
164.39,60
164.4,60
164.41,60
164.42,60
164.43,60
164.44,60
164.45,60
164.46,60
164.47,60
164.48,60
164.49,60
164.5,60
164.51,60
164.52,60
164.53,60
164.54,60
164.55,60
164.56,60
164.57,60
164.58,60
164.59,60
164.6,60
164.61,60
164.62,60
164.63,60
164.64,60
164.65,60
164.66,60
164.67,60
164.68,60
164.69,60
164.7,60
164.71,60
164.72,60
164.73,60
164.74,60
164.75,60
164.76,60
164.77,60
164.78,60
164.79,60
164.8,60
164.81,60
164.82,60
164.83,60
164.84,60
164.85,60
164.86,60
164.87,60
164.88,60
164.89,60
164.9,60
164.91,60
164.92,60
164.93,60
164.94,60
164.95,60
164.96,60
164.97,60
164.98,60
164.99,60
165,60
165.01,60
165.02,60
165.03,60
165.04,60
165.05,60
165.06,60
165.07,60
165.08,60
165.09,60
165.1,60
165.11,60
165.12,60
165.13,60
165.14,60
165.15,60
165.16,60
165.17,60
165.18,60
165.19,60
165.2,60
165.21,60
165.22,60
165.23,60
165.24,60
165.25,60
165.26,60
165.27,60
165.28,60
165.29,60
165.3,60
165.31,60
165.32,60
165.33,60
165.34,60
165.35,60
165.36,60
165.37,60
165.38,60
165.39,60
165.4,60
165.41,60
165.42,60
165.43,60
165.44,60
165.45,60
165.46,60
165.47,60
165.48,60
165.49,60
165.5,60
165.51,60
165.52,60
165.53,60
165.54,60
165.55,60
165.56,60
165.57,60
165.58,60
165.59,60
165.6,60
165.61,60
165.62,60
165.63,60
165.64,60
165.65,60
165.66,60
165.67,60
165.68,60
165.69,60
165.7,60
165.71,60
165.72,60
165.73,60
165.74,60
165.75,60
165.76,60
165.77,60
165.78,60
165.79,60
165.8,60
165.81,60
165.82,60
165.83,60
165.84,60
165.85,60
165.86,60
165.87,60
165.88,60
165.89,60
165.9,60
165.91,60
165.92,60
165.93,60
165.94,60
165.95,60
165.96,60
165.97,60
165.98,60
165.99,60
166,60
166.01,60
166.02,60
166.03,60
166.04,60
166.05,60
166.06,60
166.07,60
166.08,60
166.09,60
166.1,60
166.11,60
166.12,60
166.13,60
166.14,60
166.15,60
166.16,60
166.17,60
166.18,60
166.19,60
166.2,60
166.21,60
166.22,60
166.23,60
166.24,60
166.25,60
166.26,60
166.27,60
166.28,60
166.29,60
166.3,60
166.31,60
166.32,60
166.33,60
166.34,60
166.35,60
166.36,60
166.37,60
166.38,60
166.39,60
166.4,60
166.41,60
166.42,60
166.43,60
166.44,60
166.45,60
166.46,60
166.47,60
166.48,60
166.49,60
166.5,60
166.51,60
166.52,60
166.53,60
166.54,60
166.55,60
166.56,60
166.57,60
166.58,60
166.59,60
166.6,60
166.61,60
166.62,60
166.63,60
166.64,60
166.65,60
166.66,60
166.67,60
166.68,60
166.69,60
166.7,60
166.71,60
166.72,60
166.73,60
166.74,60
166.75,60
166.76,60
166.77,60
166.78,60
166.79,60
166.8,60
166.81,60
166.82,60
166.83,60
166.84,60
166.85,60
166.86,60
166.87,60
166.88,60
166.89,60
166.9,60
166.91,60
166.92,60
166.93,60
166.94,60
166.95,60
166.96,60
166.97,60
166.98,60
166.99,60
167,60
167.01,60
167.02,60
167.03,60
167.04,60
167.05,60
167.06,60
167.07,60
167.08,60
167.09,60
167.1,60
167.11,60
167.12,60
167.13,60
167.14,60
167.15,60
167.16,60
167.17,60
167.18,60
167.19,60
167.2,60
167.21,60
167.22,60
167.23,60
167.24,60
167.25,60
167.26,60
167.27,60
167.28,60
167.29,60
167.3,60
167.31,60
167.32,60
167.33,60
167.34,60
167.35,60
167.36,60
167.37,60
167.38,60
167.39,60
167.4,60
167.41,60
167.42,60
167.43,60
167.44,60
167.45,60
167.46,60
167.47,60
167.48,60
167.49,60
167.5,60
167.51,60
167.52,60
167.53,60
167.54,60
167.55,60
167.56,60
167.57,60
167.58,60
167.59,60
167.6,60
167.61,60
167.62,60
167.63,60
167.64,60
167.65,60
167.66,60
167.67,60
167.68,60
167.69,60
167.7,60
167.71,60
167.72,60
167.73,60
167.74,60
167.75,60
167.76,60
167.77,60
167.78,60
167.79,60
167.8,60
167.81,60
167.82,60
167.83,60
167.84,60
167.85,60
167.86,60
167.87,60
167.88,60
167.89,60
167.9,60
167.91,60
167.92,60
167.93,60
167.94,60
167.95,60
167.96,60
167.97,60
167.98,60
167.99,60
168,60
168.01,60
168.02,60
168.03,60
168.04,60
168.05,60
168.06,60
168.07,60
168.08,60
168.09,60
168.1,60
168.11,60
168.12,60
168.13,60
168.14,60
168.15,60
168.16,60
168.17,60
168.18,60
168.19,60
168.2,60
168.21,60
168.22,60
168.23,60
168.24,60
168.25,60
168.26,60
168.27,60
168.28,60
168.29,60
168.3,60
168.31,60
168.32,60
168.33,60
168.34,60
168.35,60
168.36,60
168.37,60
168.38,60
168.39,60
168.4,60
168.41,60
168.42,60
168.43,60
168.44,60
168.45,60
168.46,60
168.47,60
168.48,60
168.49,60
168.5,60
168.51,60
168.52,60
168.53,60
168.54,60
168.55,60
168.56,60
168.57,60
168.58,60
168.59,60
168.6,60
168.61,60
168.62,60
168.63,60
168.64,60
168.65,60
168.66,60
168.67,60
168.68,60
168.69,60
168.7,60
168.71,60
168.72,60
168.73,60
168.74,60
168.75,60
168.76,60
168.77,60
168.78,60
168.79,60
168.8,60
168.81,60
168.82,60
168.83,60
168.84,60
168.85,60
168.86,60
168.87,60
168.88,60
168.89,60
168.9,60
168.91,60
168.92,60
168.93,60
168.94,60
168.95,60
168.96,60
168.97,60
168.98,60
168.99,60
169,60
169.01,60
169.02,60
169.03,60
169.04,60
169.05,60
169.06,60
169.07,60
169.08,60
169.09,60
169.1,60
169.11,60
169.12,60
169.13,60
169.14,60
169.15,60
169.16,60
169.17,60
169.18,60
169.19,60
169.2,60
169.21,60
169.22,60
169.23,60
169.24,60
169.25,60
169.26,60
169.27,60
169.28,60
169.29,60
169.3,60
169.31,60
169.32,60
169.33,60
169.34,60
169.35,60
169.36,60
169.37,60
169.38,60
169.39,60
169.4,60
169.41,60
169.42,60
169.43,60
169.44,60
169.45,60
169.46,60
169.47,60
169.48,60
169.49,60
169.5,60
169.51,60
169.52,60
169.53,60
169.54,60
169.55,60
169.56,60
169.57,60
169.58,60
169.59,60
169.6,60
169.61,60
169.62,60
169.63,60
169.64,60
169.65,60
169.66,60
169.67,60
169.68,60
169.69,60
169.7,60
169.71,60
169.72,60
169.73,60
169.74,60
169.75,60
169.76,60
169.77,60
169.78,60
169.79,60
169.8,60
169.81,60
169.82,60
169.83,60
169.84,60
169.85,60
169.86,60
169.87,60
169.88,60
169.89,60
169.9,60
169.91,60
169.92,60
169.93,60
169.94,60
169.95,60
169.96,60
169.97,60
169.98,60
169.99,60
170,60
170.01,0
170.02,0
170.03,0
170.04,0
170.05,0
170.06,0
170.07,0
170.08,0
170.09,0
170.1,0
170.11,0
170.12,0
170.13,0
170.14,0
170.15,0
170.16,0
170.17,0
170.18,0
170.19,0
170.2,0
170.21,0
170.22,0
170.23,0
170.24,0
170.25,0
170.26,0
170.27,0
170.28,0
170.29,0
170.3,0
170.31,0
170.32,0
170.33,0
170.34,0
170.35,0
170.36,0
170.37,0
170.38,0
170.39,0
170.4,0
170.41,0
170.42,0
170.43,0
170.44,0
170.45,0
170.46,0
170.47,0
170.48,0
170.49,0
170.5,0
170.51,0
170.52,0
170.53,0
170.54,0
170.55,0
170.56,0
170.57,0
170.58,0
170.59,0
170.6,0
170.61,0
170.62,0
170.63,0
170.64,0
170.65,0
170.66,0
170.67,0
170.68,0
170.69,0
170.7,0
170.71,0
170.72,0
170.73,0
170.74,0
170.75,0
170.76,0
170.77,0
170.78,0
170.79,0
170.8,0
170.81,0
170.82,0
170.83,0
170.84,0
170.85,0
170.86,0
170.87,0
170.88,0
170.89,0
170.9,0
170.91,0
170.92,0
170.93,0
170.94,0
170.95,0
170.96,0
170.97,0
170.98,0
170.99,0
171,0
171.01,0
171.02,0
171.03,0
171.04,0
171.05,0
171.06,0
171.07,0
171.08,0
171.09,0
171.1,0
171.11,0
171.12,0
171.13,0
171.14,0
171.15,0
171.16,0
171.17,0
171.18,0
171.19,0
171.2,0
171.21,0
171.22,0
171.23,0
171.24,0
171.25,0
171.26,0
171.27,0
171.28,0
171.29,0
171.3,0
171.31,0
171.32,0
171.33,0
171.34,0
171.35,0
171.36,0
171.37,0
171.38,0
171.39,0
171.4,0
171.41,0
171.42,0
171.43,0
171.44,0
171.45,0
171.46,0
171.47,0
171.48,0
171.49,0
171.5,0
171.51,0
171.52,0
171.53,0
171.54,0
171.55,0
171.56,0
171.57,0
171.58,0
171.59,0
171.6,0
171.61,0
171.62,0
171.63,0
171.64,0
171.65,0
171.66,0
171.67,0
171.68,0
171.69,0
171.7,0
171.71,0
171.72,0
171.73,0
171.74,0
171.75,0
171.76,0
171.77,0
171.78,0
171.79,0
171.8,0
171.81,0
171.82,0
171.83,0
171.84,0
171.85,0
171.86,0
171.87,0
171.88,0
171.89,0
171.9,0
171.91,0
171.92,0
171.93,0
171.94,0
171.95,0
171.96,0
171.97,0
171.98,0
171.99,0
172,0
172.01,0
172.02,0
172.03,0
172.04,0
172.05,0
172.06,0
172.07,0
172.08,0
172.09,0
172.1,0
172.11,0
172.12,0
172.13,0
172.14,0
172.15,0
172.16,0
172.17,0
172.18,0
172.19,0
172.2,0
172.21,0
172.22,0
172.23,0
172.24,0
172.25,0
172.26,0
172.27,0
172.28,0
172.29,0
172.3,0
172.31,0
172.32,0
172.33,0
172.34,0
172.35,0
172.36,0
172.37,0
172.38,0
172.39,0
172.4,0
172.41,0
172.42,0
172.43,0
172.44,0
172.45,0
172.46,0
172.47,0
172.48,0
172.49,0
172.5,0
172.51,0
172.52,0
172.53,0
172.54,0
172.55,0
172.56,0
172.57,0
172.58,0
172.59,0
172.6,0
172.61,0
172.62,0
172.63,0
172.64,0
172.65,0
172.66,0
172.67,0
172.68,0
172.69,0
172.7,0
172.71,0
172.72,0
172.73,0
172.74,0
172.75,0
172.76,0
172.77,0
172.78,0
172.79,0
172.8,0
172.81,0
172.82,0
172.83,0
172.84,0
172.85,0
172.86,0
172.87,0
172.88,0
172.89,0
172.9,0
172.91,0
172.92,0
172.93,0
172.94,0
172.95,0
172.96,0
172.97,0
172.98,0
172.99,0
173,0
173.01,0
173.02,0
173.03,0
173.04,0
173.05,0
173.06,0
173.07,0
173.08,0
173.09,0
173.1,0
173.11,0
173.12,0
173.13,0
173.14,0
173.15,0
173.16,0
173.17,0
173.18,0
173.19,0
173.2,0
173.21,0
173.22,0
173.23,0
173.24,0
173.25,0
173.26,0
173.27,0
173.28,0
173.29,0
173.3,0
173.31,0
173.32,0
173.33,0
173.34,0
173.35,0
173.36,0
173.37,0
173.38,0
173.39,0
173.4,0
173.41,0
173.42,0
173.43,0
173.44,0
173.45,0
173.46,0
173.47,0
173.48,0
173.49,0
173.5,0
173.51,0
173.52,0
173.53,0
173.54,0
173.55,0
173.56,0
173.57,0
173.58,0
173.59,0
173.6,0
173.61,0
173.62,0
173.63,0
173.64,0
173.65,0
173.66,0
173.67,0
173.68,0
173.69,0
173.7,0
173.71,0
173.72,0
173.73,0
173.74,0
173.75,0
173.76,0
173.77,0
173.78,0
173.79,0
173.8,0
173.81,0
173.82,0
173.83,0
173.84,0
173.85,0
173.86,0
173.87,0
173.88,0
173.89,0
173.9,0
173.91,0
173.92,0
173.93,0
173.94,0
173.95,0
173.96,0
173.97,0
173.98,0
173.99,0
174,0
174.01,0
174.02,0
174.03,0
174.04,0
174.05,0
174.06,0
174.07,0
174.08,0
174.09,0
174.1,0
174.11,0
174.12,0
174.13,0
174.14,0
174.15,0
174.16,0
174.17,0
174.18,0
174.19,0
174.2,0
174.21,0
174.22,0
174.23,0
174.24,0
174.25,0
174.26,0
174.27,0
174.28,0
174.29,0
174.3,0
174.31,0
174.32,0
174.33,0
174.34,0
174.35,0
174.36,0
174.37,0
174.38,0
174.39,0
174.4,0
174.41,0
174.42,0
174.43,0
174.44,0
174.45,0
174.46,0
174.47,0
174.48,0
174.49,0
174.5,0
174.51,0
174.52,0
174.53,0
174.54,0
174.55,0
174.56,0
174.57,0
174.58,0
174.59,0
174.6,0
174.61,0
174.62,0
174.63,0
174.64,0
174.65,0
174.66,0
174.67,0
174.68,0
174.69,0
174.7,0
174.71,0
174.72,0
174.73,0
174.74,0
174.75,0
174.76,0
174.77,0
174.78,0
174.79,0
174.8,0
174.81,0
174.82,0
174.83,0
174.84,0
174.85,0
174.86,0
174.87,0
174.88,0
174.89,0
174.9,0
174.91,0
174.92,0
174.93,0
174.94,0
174.95,0
174.96,0
174.97,0
174.98,0
174.99,0
175,0
175.01,0
175.02,0
175.03,0
175.04,0
175.05,0
175.06,0
175.07,0
175.08,0
175.09,0
175.1,0
175.11,0
175.12,0
175.13,0
175.14,0
175.15,0
175.16,0
175.17,0
175.18,0
175.19,0
175.2,0
175.21,0
175.22,0
175.23,0
175.24,0
175.25,0
175.26,0
175.27,0
175.28,0
175.29,0
175.3,0
175.31,0
175.32,0
175.33,0
175.34,0
175.35,0
175.36,0
175.37,0
175.38,0
175.39,0
175.4,0
175.41,0
175.42,0
175.43,0
175.44,0
175.45,0
175.46,0
175.47,0
175.48,0
175.49,0
175.5,0
175.51,0
175.52,0
175.53,0
175.54,0
175.55,0
175.56,0
175.57,0
175.58,0
175.59,0
175.6,0
175.61,0
175.62,0
175.63,0
175.64,0
175.65,0
175.66,0
175.67,0
175.68,0
175.69,0
175.7,0
175.71,0
175.72,0
175.73,0
175.74,0
175.75,0
175.76,0
175.77,0
175.78,0
175.79,0
175.8,0
175.81,0
175.82,0
175.83,0
175.84,0
175.85,0
175.86,0
175.87,0
175.88,0
175.89,0
175.9,0
175.91,0
175.92,0
175.93,0
175.94,0
175.95,0
175.96,0
175.97,0
175.98,0
175.99,0
176,0
176.01,0
176.02,0
176.03,0
176.04,0
176.05,0
176.06,0
176.07,0
176.08,0
176.09,0
176.1,0
176.11,0
176.12,0
176.13,0
176.14,0
176.15,0
176.16,0
176.17,0
176.18,0
176.19,0
176.2,0
176.21,0
176.22,0
176.23,0
176.24,0
176.25,0
176.26,0
176.27,0
176.28,0
176.29,0
176.3,0
176.31,0
176.32,0
176.33,0
176.34,0
176.35,0
176.36,0
176.37,0
176.38,0
176.39,0
176.4,0
176.41,0
176.42,0
176.43,0
176.44,0
176.45,0
176.46,0
176.47,0
176.48,0
176.49,0
176.5,0
176.51,0
176.52,0
176.53,0
176.54,0
176.55,0
176.56,0
176.57,0
176.58,0
176.59,0
176.6,0
176.61,0
176.62,0
176.63,0
176.64,0
176.65,0
176.66,0
176.67,0
176.68,0
176.69,0
176.7,0
176.71,0
176.72,0
176.73,0
176.74,0
176.75,0
176.76,0
176.77,0
176.78,0
176.79,0
176.8,0
176.81,0
176.82,0
176.83,0
176.84,0
176.85,0
176.86,0
176.87,0
176.88,0
176.89,0
176.9,0
176.91,0
176.92,0
176.93,0
176.94,0
176.95,0
176.96,0
176.97,0
176.98,0
176.99,0
177,0
177.01,0
177.02,0
177.03,0
177.04,0
177.05,0
177.06,0
177.07,0
177.08,0
177.09,0
177.1,0
177.11,0
177.12,0
177.13,0
177.14,0
177.15,0
177.16,0
177.17,0
177.18,0
177.19,0
177.2,0
177.21,0
177.22,0
177.23,0
177.24,0
177.25,0
177.26,0
177.27,0
177.28,0
177.29,0
177.3,0
177.31,0
177.32,0
177.33,0
177.34,0
177.35,0
177.36,0
177.37,0
177.38,0
177.39,0
177.4,0
177.41,0
177.42,0
177.43,0
177.44,0
177.45,0
177.46,0
177.47,0
177.48,0
177.49,0
177.5,0
177.51,0
177.52,0
177.53,0
177.54,0
177.55,0
177.56,0
177.57,0
177.58,0
177.59,0
177.6,0
177.61,0
177.62,0
177.63,0
177.64,0
177.65,0
177.66,0
177.67,0
177.68,0
177.69,0
177.7,0
177.71,0
177.72,0
177.73,0
177.74,0
177.75,0
177.76,0
177.77,0
177.78,0
177.79,0
177.8,0
177.81,0
177.82,0
177.83,0
177.84,0
177.85,0
177.86,0
177.87,0
177.88,0
177.89,0
177.9,0
177.91,0
177.92,0
177.93,0
177.94,0
177.95,0
177.96,0
177.97,0
177.98,0
177.99,0
178,0
178.01,0
178.02,0
178.03,0
178.04,0
178.05,0
178.06,0
178.07,0
178.08,0
178.09,0
178.1,0
178.11,0
178.12,0
178.13,0
178.14,0
178.15,0
178.16,0
178.17,0
178.18,0
178.19,0
178.2,0
178.21,0
178.22,0
178.23,0
178.24,0
178.25,0
178.26,0
178.27,0
178.28,0
178.29,0
178.3,0
178.31,0
178.32,0
178.33,0
178.34,0
178.35,0
178.36,0
178.37,0
178.38,0
178.39,0
178.4,0
178.41,0
178.42,0
178.43,0
178.44,0
178.45,0
178.46,0
178.47,0
178.48,0
178.49,0
178.5,0
178.51,0
178.52,0
178.53,0
178.54,0
178.55,0
178.56,0
178.57,0
178.58,0
178.59,0
178.6,0
178.61,0
178.62,0
178.63,0
178.64,0
178.65,0
178.66,0
178.67,0
178.68,0
178.69,0
178.7,0
178.71,0
178.72,0
178.73,0
178.74,0
178.75,0
178.76,0
178.77,0
178.78,0
178.79,0
178.8,0
178.81,0
178.82,0
178.83,0
178.84,0
178.85,0
178.86,0
178.87,0
178.88,0
178.89,0
178.9,0
178.91,0
178.92,0
178.93,0
178.94,0
178.95,0
178.96,0
178.97,0
178.98,0
178.99,0
179,0
179.01,0
179.02,0
179.03,0
179.04,0
179.05,0
179.06,0
179.07,0
179.08,0
179.09,0
179.1,0
179.11,0
179.12,0
179.13,0
179.14,0
179.15,0
179.16,0
179.17,0
179.18,0
179.19,0
179.2,0
179.21,0
179.22,0
179.23,0
179.24,0
179.25,0
179.26,0
179.27,0
179.28,0
179.29,0
179.3,0
179.31,0
179.32,0
179.33,0
179.34,0
179.35,0
179.36,0
179.37,0
179.38,0
179.39,0
179.4,0
179.41,0
179.42,0
179.43,0
179.44,0
179.45,0
179.46,0
179.47,0
179.48,0
179.49,0
179.5,0
179.51,0
179.52,0
179.53,0
179.54,0
179.55,0
179.56,0
179.57,0
179.58,0
179.59,0
179.6,0
179.61,0
179.62,0
179.63,0
179.64,0
179.65,0
179.66,0
179.67,0
179.68,0
179.69,0
179.7,0
179.71,0
179.72,0
179.73,0
179.74,0
179.75,0
179.76,0
179.77,0
179.78,0
179.79,0
179.8,0
179.81,0
179.82,0
179.83,0
179.84,0
179.85,0
179.86,0
179.87,0
179.88,0
179.89,0
179.9,0
179.91,0
179.92,0
179.93,0
179.94,0
179.95,0
179.96,0
179.97,0
179.98,0
179.99,0
180,0
