tempo_ms,angulo_deg,u_pct,referencia
11,-2.43,50.07,0.00
21,-2.43,1.46,0.00
31,-2.44,1.47,0.00
41,-2.44,1.54,0.00
51,-2.44,1.48,0.00
61,-2.44,1.52,0.00
71,-2.44,1.56,0.00
81,-2.44,1.54,0.00
91,-2.44,1.55,0.00
101,-2.44,1.61,0.00
111,-2.44,1.60,0.00
121,-2.45,1.66,0.00
131,-2.45,1.67,0.00
141,-2.45,1.65,0.00
151,-2.45,1.63,0.00
161,-2.45,1.64,0.00
171,-2.45,1.67,0.00
181,-2.45,1.69,0.00
191,-2.45,1.74,0.00
201,-2.45,1.76,0.00
211,-2.45,1.74,0.00
221,-2.45,1.78,0.00
231,-2.45,1.79,0.00
241,-2.45,1.81,0.00
251,-2.45,1.85,0.00
261,-2.45,1.91,0.00
271,-2.45,1.85,0.00
281,-2.46,1.88,0.00
291,-2.46,1.89,0.00
301,-2.45,1.87,0.00
311,-2.45,1.87,0.00
321,-2.45,1.91,0.00
331,-2.45,2.01,0.00
341,-2.46,2.01,0.00
351,-2.46,2.01,0.00
361,-2.46,2.00,0.00
371,-2.46,2.02,0.00
381,-2.46,2.01,0.00
391,-2.45,2.03,0.00
401,-2.46,2.10,0.00
411,-2.46,2.10,0.00
421,-2.46,2.12,0.00
431,-2.46,2.20,0.00
441,-2.46,2.18,0.00
451,-2.47,2.20,0.00
461,-2.47,2.24,0.00
471,-2.47,2.25,0.00
481,-2.47,2.21,0.00
491,-2.47,2.22,0.00
501,-2.47,2.24,0.00
511,-2.47,2.26,0.00
521,-2.47,2.27,0.00
531,-2.47,2.26,0.00
541,-2.47,2.30,0.00
551,-2.47,2.36,0.00
561,-2.47,2.35,0.00
571,-2.47,2.34,0.00
581,-2.47,2.37,0.00
591,-2.47,2.40,0.00
601,-2.47,2.40,0.00
611,-2.47,2.44,0.00
621,-2.47,2.44,0.00
631,-2.48,2.46,0.00
641,-2.48,2.49,0.00
651,-2.48,2.57,0.00
661,-2.48,2.56,0.00
671,-2.49,2.59,0.00
681,-2.49,2.55,0.00
691,-2.48,2.51,0.00
701,-2.48,2.54,0.00
711,-2.48,2.54,0.00
721,-2.48,2.63,0.00
731,-2.48,2.67,0.00
741,-2.48,2.64,0.00
751,-2.49,2.72,0.00
761,-2.49,2.73,0.00
771,-2.49,2.71,0.00
781,-2.49,2.71,0.00
791,-2.49,2.73,0.00
801,-2.49,2.74,0.00
811,-2.49,2.76,0.00
821,-2.49,2.72,0.00
831,-2.49,2.76,0.00
841,-2.48,2.78,0.00
851,-2.49,2.83,0.00
861,-2.48,2.84,0.00
871,-2.49,2.87,0.00
881,-2.49,2.93,0.00
891,-2.49,2.82,0.00
901,-2.48,2.87,0.00
911,-2.48,2.91,0.00
921,-2.48,2.97,0.00
931,-2.49,2.98,0.00
941,-2.49,3.03,0.00
951,-2.49,2.95,0.00
961,-2.49,3.05,0.00
971,-2.49,3.03,0.00
981,-2.49,3.06,0.00
991,-2.49,3.07,0.00
1001,-2.49,3.06,0.00
1011,-2.49,3.11,0.00
1021,-2.49,3.05,0.00
1031,-2.49,3.17,0.00
1041,-2.49,3.21,0.00
1051,-2.50,3.21,0.00
1061,-2.49,3.15,0.00
1071,-2.49,3.16,0.00
1081,-2.49,3.18,0.00
1091,-2.49,3.18,0.00
1101,-2.49,3.24,0.00
1111,-2.49,3.20,0.00
1121,-2.49,3.28,0.00
1131,-2.49,3.25,0.00
1141,-2.49,3.35,0.00
1151,-2.49,3.31,0.00
1161,-2.49,3.36,0.00
1171,-2.49,3.38,0.00
1181,-2.49,3.31,0.00
1191,-2.49,3.39,0.00
1201,-2.49,3.38,0.00
1211,-2.49,3.46,0.00
1221,-2.48,3.38,0.00
1231,-2.48,3.46,0.00
1241,-2.49,3.48,0.00
1251,-2.49,3.50,0.00
1261,-2.48,3.48,0.00
1271,-2.49,3.56,0.00
1281,-2.49,3.54,0.00
1291,-2.48,3.49,0.00
1301,-2.49,3.64,0.00
1311,-2.49,3.55,0.00
1321,-2.49,3.60,0.00
1331,-2.49,3.62,0.00
1341,-2.49,3.76,0.00
1351,-2.49,3.68,0.00
1361,-2.49,3.70,0.00
1371,-2.50,3.74,0.00
1381,-2.50,3.74,0.00
1391,-2.50,3.77,0.00
1401,-2.50,3.74,0.00
1411,-2.50,3.76,0.00
1421,-2.50,3.77,0.00
1431,-2.50,3.81,0.00
1441,-2.50,3.81,0.00
1451,-2.50,3.88,0.00
1461,-2.51,3.91,0.00
1471,-2.51,3.86,0.00
1481,-2.51,3.95,0.00
1491,-2.51,3.90,0.00
1501,-2.51,3.94,0.00
1511,-2.51,3.93,0.00
1521,-2.51,3.90,0.00
1531,-2.51,3.97,0.00
1541,-2.51,3.98,0.00
1551,-2.51,4.06,0.00
1561,-2.51,3.99,0.00
1571,-2.51,4.03,0.00
1581,-2.51,4.05,0.00
1591,-2.51,4.03,0.00
1601,-2.51,4.08,0.00
1611,-2.51,4.12,0.00
1621,-2.51,4.05,0.00
1631,-2.51,4.13,0.00
1641,-2.51,4.16,0.00
1651,-2.51,4.20,0.00
1661,-2.51,4.19,0.00
1671,-2.51,4.22,0.00
1681,-2.51,4.22,0.00
1691,-2.51,4.26,0.00
1701,-2.51,4.21,0.00
1711,-2.51,4.21,0.00
1721,-2.51,4.28,0.00
1731,-2.51,4.32,0.00
1741,-2.51,4.30,0.00
1751,-2.51,4.36,0.00
1761,-2.51,4.39,0.00
1771,-2.52,4.44,0.00
1781,-2.52,4.40,0.00
1791,-2.52,4.44,0.00
1801,-2.52,4.46,0.00
1811,-2.52,4.42,0.00
1821,-2.52,4.42,0.00
1831,-2.52,4.45,0.00
1841,-2.52,4.49,0.00
1851,-2.52,4.46,0.00
1861,-2.51,4.48,0.00
1871,-2.51,4.55,0.00
1881,-2.51,4.53,0.00
1891,-2.51,4.52,0.00
1901,-2.51,4.53,0.00
1911,-2.51,4.55,0.00
1921,-2.51,4.63,0.00
1931,-2.51,4.63,0.00
1941,-2.51,4.65,0.00
1951,-2.51,4.69,0.00
1961,-2.51,4.64,0.00
1971,-2.50,4.66,0.00
1981,-2.51,4.75,0.00
1991,-2.51,4.71,0.00
2001,-2.51,4.78,0.00
2011,-2.51,4.73,0.00
2021,-2.50,4.75,0.00
2031,-2.50,4.78,0.00
2041,-2.50,4.83,0.00
2051,-2.50,4.83,0.00
2061,-2.51,4.89,0.00
2071,-2.51,4.96,0.00
2081,-2.51,4.86,0.00
2091,-2.51,4.93,0.00
2101,-2.51,4.95,0.00
2111,-2.52,5.02,0.00
2121,-2.52,5.00,0.00
2131,-2.52,4.99,0.00
2141,-2.52,4.98,0.00
2151,-2.52,4.99,0.00
2161,-2.52,4.96,0.00
2171,-2.51,4.99,0.00
2181,-2.51,4.99,0.00
2191,-2.51,5.04,0.00
2201,-2.51,5.05,0.00
2211,-2.51,5.11,0.00
2221,-2.51,5.12,0.00
2231,-2.51,5.13,0.00
2241,-2.51,5.20,0.00
2251,-2.51,5.18,0.00
2261,-2.51,5.18,0.00
2271,-2.51,5.20,0.00
2281,-2.51,5.16,0.00
2291,-2.51,5.26,0.00
2301,-2.51,5.25,0.00
2311,-2.51,5.26,0.00
2321,-2.51,5.28,0.00
2331,-2.51,5.30,0.00
2341,-2.51,5.33,0.00
2351,-2.51,5.33,0.00
2361,-2.51,5.31,0.00
2371,-2.51,5.40,0.00
2381,-2.51,5.32,0.00
2391,-2.51,5.45,0.00
2401,-2.51,5.41,0.00
2411,-2.51,5.42,0.00
2421,-2.51,5.48,0.00
2431,-2.51,5.46,0.00
2441,-2.51,5.52,0.00
2451,-2.51,5.53,0.00
2461,-2.51,5.52,0.00
2471,-2.51,5.54,0.00
2481,-2.52,5.61,0.00
2491,-2.52,5.62,0.00
2501,-2.52,5.57,0.00
2511,-2.52,5.59,0.00
2521,-2.52,5.64,0.00
2531,-2.52,5.63,0.00
2541,-2.52,5.67,0.00
2551,-2.52,5.69,0.00
2561,-2.52,5.69,0.00
2571,-2.52,5.68,0.00
2581,-2.52,5.70,0.00
2591,-2.52,5.76,0.00
2601,-2.52,5.76,0.00
2611,-2.52,5.79,0.00
2621,-2.52,5.85,0.00
2631,-2.52,5.83,0.00
2641,-2.52,5.79,0.00
2651,-2.52,5.83,0.00
2661,-2.52,5.85,0.00
2671,-2.52,5.89,0.00
2681,-2.52,5.88,0.00
2691,-2.52,5.92,0.00
2701,-2.52,5.91,0.00
2711,-2.52,5.91,0.00
2721,-2.52,5.94,0.00
2731,-2.52,6.03,0.00
2741,-2.52,6.00,0.00
2751,-2.52,5.96,0.00
2761,-2.52,5.99,0.00
2771,-2.52,6.09,0.00
2781,-2.52,6.10,0.00
2791,-2.52,6.07,0.00
2801,-2.52,6.03,0.00
2811,-2.52,6.09,0.00
2821,-2.52,6.12,0.00
2831,-2.52,6.17,0.00
2841,-2.52,6.17,0.00
2851,-2.52,6.18,0.00
2861,-2.52,6.16,0.00
2871,-2.52,6.22,0.00
2881,-2.52,6.30,0.00
2891,-2.52,6.24,0.00
2901,-2.53,6.33,0.00
2911,-2.53,6.28,0.00
2921,-2.53,6.30,0.00
2931,-2.53,6.31,0.00
2941,-2.53,6.39,0.00
2951,-2.53,6.35,0.00
2961,-2.53,6.35,0.00
2971,-2.53,6.33,0.00
2981,-2.53,6.38,0.00
2991,-2.53,6.43,0.00
3001,-2.53,6.47,0.00
3011,-2.53,6.48,0.00
3021,-2.53,6.50,0.00
3031,-2.53,6.51,0.00
3041,-2.53,6.49,0.00
3051,-2.53,6.46,0.00
3061,-2.53,6.53,0.00
3071,-2.53,6.54,0.00
3081,-2.53,6.55,0.00
3091,-2.53,6.63,0.00
3101,-2.53,6.62,0.00
3111,-2.53,6.60,0.00
3121,-2.53,6.66,0.00
3131,-2.53,6.65,0.00
3141,-2.53,6.65,0.00
3151,-2.53,6.68,0.00
3161,-2.53,6.72,0.00
3171,-2.53,6.70,0.00
3181,-2.53,6.70,0.00
3191,-2.53,6.77,0.00
3201,-2.53,6.78,0.00
3211,-2.53,6.80,0.00
3221,-2.53,6.84,0.00
3231,-2.53,6.85,0.00
3241,-2.53,6.84,0.00
3251,-2.53,6.84,0.00
3261,-2.53,6.83,0.00
3271,-2.53,6.89,0.00
3281,-2.53,6.87,0.00
3291,-2.53,6.92,0.00
3301,-2.53,6.95,0.00
3311,-2.53,6.92,0.00
3321,-2.53,6.93,0.00
3331,-2.52,6.94,0.00
3341,-2.53,7.03,0.00
3351,-2.52,7.01,0.00
3361,-2.52,6.99,0.00
3371,-2.52,7.01,0.00
3381,-2.52,7.07,0.00
3391,-2.52,7.07,0.00
3401,-2.52,7.08,0.00
3411,-2.52,7.11,0.00
3421,-2.52,7.14,0.00
3431,-2.52,7.13,0.00
3441,-2.52,7.20,0.00
3451,-2.52,7.20,0.00
3461,-2.52,7.21,0.00
3471,-2.52,7.25,0.00
3481,-2.53,7.29,0.00
3491,-2.53,7.29,0.00
3501,-2.53,7.31,0.00
3511,-2.53,7.31,0.00
3521,-2.53,7.27,0.00
3531,-2.53,7.31,0.00
3541,-2.53,7.35,0.00
3551,-2.53,7.37,0.00
3561,-2.53,7.39,0.00
3571,-2.53,7.39,0.00
3581,-2.53,7.45,0.00
3591,-2.53,7.38,0.00
3601,-2.53,7.46,0.00
3611,-2.53,7.48,0.00
3621,-2.53,7.43,0.00
3631,-2.53,7.48,0.00
3641,-2.53,7.54,0.00
3651,-2.53,7.53,0.00
3661,-2.53,7.58,0.00
3671,-2.53,7.55,0.00
3681,-2.53,7.58,0.00
3691,-2.53,7.61,0.00
3701,-2.53,7.61,0.00
3711,-2.53,7.64,0.00
3721,-2.53,7.63,0.00
3731,-2.53,7.61,0.00
3741,-2.53,7.70,0.00
3751,-2.53,7.70,0.00
3761,-2.53,7.74,0.00
3771,-2.53,7.68,0.00
3781,-2.53,7.69,0.00
3791,-2.53,7.72,0.00
3801,-2.52,7.74,0.00
3811,-2.52,7.76,0.00
3821,-2.52,7.77,0.00
3831,-2.52,7.79,0.00
3841,-2.52,7.82,0.00
3851,-2.52,7.84,0.00
3861,-2.52,7.91,0.00
3871,-2.52,7.86,0.00
3881,-2.52,7.95,0.00
3891,-2.52,7.92,0.00
3901,-2.52,7.95,0.00
3911,-2.52,7.94,0.00
3921,-2.52,7.99,0.00
3931,-2.52,7.93,0.00
3941,-2.52,8.00,0.00
3951,-2.52,8.01,0.00
3961,-2.52,8.06,0.00
3971,-2.52,8.07,0.00
3981,-2.52,8.08,0.00
3991,-2.52,8.08,0.00
4001,-2.52,8.09,0.00
4011,-2.52,8.13,0.00
4021,-2.52,8.13,0.00
4031,-2.51,8.10,0.00
4041,-2.51,8.14,0.00
4051,-2.51,8.16,0.00
4061,-2.51,8.21,0.00
4071,-2.51,8.22,0.00
4081,-2.51,8.20,0.00
4091,-2.51,8.30,0.00
4101,-2.51,8.25,0.00
4111,-2.51,8.27,0.00
4121,-2.51,8.31,0.00
4131,-2.51,8.32,0.00
4141,-2.51,8.30,0.00
4151,-2.51,8.34,0.00
4161,-2.51,8.41,0.00
4171,-2.51,8.36,0.00
4181,-2.51,8.43,0.00
4191,-2.51,8.42,0.00
4201,-2.51,8.45,0.00
4211,-2.51,8.41,0.00
4221,-2.51,8.46,0.00
4231,-2.51,8.44,0.00
4241,-2.50,8.42,0.00
4251,-2.50,8.46,0.00
4261,-2.50,8.51,0.00
4271,-2.50,8.59,0.00
4281,-2.50,8.55,0.00
4291,-2.50,8.60,0.00
4301,-2.50,8.53,0.00
4311,-2.50,8.60,0.00
4321,-2.50,8.59,0.00
4331,-2.50,8.61,0.00
4341,-2.50,8.65,0.00
4351,-2.50,8.71,0.00
4361,-2.50,8.77,0.00
4371,-2.50,8.77,0.00
4381,-2.50,8.74,0.00
4391,-2.50,8.74,0.00
4401,-2.50,8.76,0.00
4411,-2.50,8.73,0.00
4421,-2.50,8.81,0.00
4431,-2.50,8.83,0.00
4441,-2.50,8.86,0.00
4451,-2.51,8.86,0.00
4461,-2.51,8.89,0.00
4471,-2.51,8.91,0.00
4481,-2.51,8.97,0.00
4491,-2.51,8.96,0.00
4501,-2.51,8.94,0.00
4511,-2.51,8.96,0.00
4521,-2.51,8.90,0.00
4531,-2.51,8.92,0.00
4541,-2.51,8.96,0.00
4551,-2.51,9.01,0.00
4561,-2.51,9.04,0.00
4571,-2.51,9.04,0.00
4581,-2.51,9.09,0.00
4591,-2.51,9.09,0.00
4601,-2.51,9.10,0.00
4611,-2.50,9.06,0.00
4621,-2.50,9.07,0.00
4631,-2.50,9.09,0.00
4641,-2.50,9.12,0.00
4651,-2.50,9.23,0.00
4661,-2.50,9.27,0.00
4671,-2.50,9.25,0.00
4681,-2.50,9.24,0.00
4691,-2.50,9.25,0.00
4701,-2.51,9.32,0.00
4711,-2.50,9.20,0.00
4721,-2.51,9.36,0.00
4731,-2.50,9.16,0.00
4741,-2.50,9.35,0.00
4751,-2.49,9.18,0.00
4761,-2.50,9.48,0.00
4771,-2.49,9.29,0.00
4781,-2.50,9.49,0.00
4791,-2.50,9.32,0.00
4801,-2.50,9.43,0.00
4811,-2.49,9.36,0.00
4821,-2.49,9.40,0.00
4831,-2.48,9.35,0.00
4841,-2.48,9.47,0.00
4851,-2.48,9.56,0.00
4861,-2.48,9.52,0.00
4871,-2.48,9.50,0.00
4881,-2.49,9.59,0.00
4891,-2.49,9.59,0.00
4901,-2.49,9.60,0.00
4911,-2.49,9.62,0.00
4921,-2.49,9.59,0.00
4931,-2.49,9.62,0.00
4941,-2.48,9.60,0.00
4951,-2.48,9.62,0.00
4961,-2.48,9.69,0.00
4971,-2.48,9.67,0.00
4981,-2.48,9.70,0.00
4991,-2.48,9.73,0.00
5001,-2.48,9.73,0.00
5011,-2.48,9.73,0.00
5021,-2.48,9.78,0.00
5031,-2.48,9.76,0.00
5041,-2.47,9.75,0.00
5051,-2.47,9.82,0.00
5061,-2.47,9.88,0.00
5071,-2.47,9.86,0.00
5081,-2.47,9.88,0.00
5091,-2.47,9.86,0.00
5101,-2.47,9.94,0.00
5111,-2.47,9.89,0.00
5121,-2.47,9.91,0.00
5131,-2.47,9.90,0.00
5141,-2.47,9.93,0.00
5151,-2.47,9.94,0.00
5161,-2.47,10.02,0.00
5171,-2.47,10.05,0.00
5181,-2.47,10.05,0.00
5191,-2.47,10.05,0.00
5201,-2.47,10.03,0.00
5211,-2.46,10.03,0.00
5221,-2.46,10.08,0.00
5231,-2.46,10.09,0.00
5241,-2.46,10.11,0.00
5251,-2.46,10.12,0.00
5261,-2.46,10.14,0.00
5271,-2.46,10.18,0.00
5281,-2.46,10.16,0.00
5291,-2.46,10.18,0.00
5301,-2.46,10.25,0.00
5311,-2.46,10.27,0.00
5321,-2.46,10.23,0.00
5331,-2.45,10.20,0.00
5341,-2.45,10.24,0.00
5351,-2.45,10.26,0.00
5361,-2.45,10.34,0.00
5371,-2.45,10.37,0.00
5381,-2.45,10.38,0.00
5391,-2.45,10.32,0.00
5401,-2.45,10.43,0.00
5411,-2.45,10.40,0.00
5421,-2.45,10.43,0.00
5431,-2.45,10.39,0.00
5441,-2.45,10.46,0.00
5451,-2.45,10.41,0.00
5461,-2.45,10.46,0.00
5471,-2.45,10.51,0.00
5481,-2.45,10.53,0.00
5491,-2.45,10.56,0.00
5501,-2.45,10.54,0.00
5511,-2.45,10.56,0.00
5521,-2.45,10.46,0.00
5531,-2.45,10.70,0.00
5541,-2.44,10.50,0.00
5551,-2.45,10.82,0.00
5561,-2.45,10.58,0.00
5571,-2.46,10.86,0.00
5581,-2.46,10.65,0.00
5591,-2.47,10.83,0.00
5601,-2.46,10.68,0.00
5611,-2.46,10.74,0.00
5621,-2.46,10.67,0.00
5631,-2.46,10.81,0.00
5641,-2.46,10.77,0.00
5651,-2.46,10.78,0.00
5661,-2.46,10.87,0.00
5671,-2.46,10.81,0.00
5681,-2.46,10.91,0.00
5691,-2.46,10.86,0.00
5701,-2.47,10.89,0.00
5711,-2.46,10.87,0.00
5721,-2.46,10.91,0.00
5731,-2.46,10.86,0.00
5741,-2.46,10.86,0.00
5751,-2.46,10.94,0.00
5761,-2.45,10.93,0.00
5771,-2.45,10.97,0.00
5781,-2.45,10.98,0.00
5791,-2.45,10.97,0.00
5801,-2.45,10.97,0.00
5811,-2.44,11.01,0.00
5821,-2.44,11.05,0.00
5831,-2.44,11.10,0.00
5841,-2.44,11.10,0.00
5851,-2.45,11.15,0.00
5861,-2.45,11.20,0.00
5871,-2.45,11.18,0.00
5881,-2.45,11.25,0.00
5891,-2.46,11.21,0.00
5901,-2.46,11.26,0.00
5911,-2.46,11.23,0.00
5921,-2.46,11.20,0.00
5931,-2.45,11.21,0.00
5941,-2.46,11.36,0.00
5951,-2.46,11.28,0.00
5961,-2.46,11.31,0.00
5971,-2.46,11.29,0.00
5981,-2.46,11.43,0.00
5991,-2.46,11.40,0.00
6001,-2.47,11.40,0.00
6011,-2.46,11.36,0.00
6021,-2.46,11.41,0.00
6031,-2.46,11.39,0.00
6041,-2.46,11.43,0.00
6051,-2.46,11.43,0.00
6061,-2.46,11.43,0.00
6071,-2.46,11.45,0.00
6081,-2.46,11.53,0.00
6091,-2.46,11.55,0.00
6101,-2.46,11.53,0.00
6111,-2.46,11.56,0.00
6121,-2.46,11.59,0.00
6131,-2.46,11.59,0.00
6141,-2.46,11.59,0.00
6151,-2.46,11.58,0.00
6161,-2.46,11.67,0.00
6171,-2.47,11.71,0.00
6181,-2.47,11.68,0.00
6191,-2.47,11.71,0.00
6201,-2.47,11.77,0.00
6211,-2.47,11.76,0.00
6221,-2.47,11.74,0.00
6231,-2.47,11.75,0.00
6241,-2.47,11.77,0.00
6251,-2.47,11.73,0.00
6261,-2.47,11.82,0.00
6271,-2.47,11.86,0.00
6281,-2.48,11.88,0.00
6291,-2.48,11.89,0.00
6301,-2.48,11.94,0.00
6311,-2.48,11.90,0.00
6321,-2.48,11.96,0.00
6331,-2.48,11.91,0.00
6341,-2.48,11.84,0.00
6351,-2.48,11.95,0.00
6361,-2.48,11.93,0.00
6371,-2.48,12.08,0.00
6381,-2.48,12.00,0.00
6391,-2.48,12.08,0.00
6401,-2.48,12.06,0.00
6411,-2.49,12.08,0.00
6421,-2.48,12.05,0.00
6431,-2.48,12.07,0.00
6441,-2.48,12.09,0.00
6451,-2.48,12.09,0.00
6461,-2.48,12.12,0.00
6471,-2.48,12.17,0.00
6481,-2.48,12.19,0.00
6491,-2.48,12.15,0.00
6501,-2.48,12.20,0.00
6511,-2.48,12.25,0.00
6521,-2.48,12.22,0.00
6531,-2.48,12.24,0.00
6541,-2.48,12.26,0.00
6551,-2.48,12.31,0.00
6561,-2.48,12.32,0.00
6571,-2.48,12.31,0.00
6581,-2.48,12.31,0.00
6591,-2.48,12.40,0.00
6601,-2.49,12.42,0.00
6611,-2.49,12.39,0.00
6621,-2.49,12.44,0.00
6631,-2.49,12.46,0.00
6641,-2.49,12.39,0.00
6651,-2.49,12.51,0.00
6661,-2.49,12.48,0.00
6671,-2.49,12.42,0.00
6681,-2.48,12.47,0.00
6691,-2.48,12.51,0.00
6701,-2.49,12.62,0.00
6711,-2.49,12.57,0.00
6721,-2.49,12.56,0.00
6731,-2.49,12.62,0.00
6741,-2.49,12.61,0.00
6751,-2.49,12.56,0.00
6761,-2.49,12.61,0.00
6771,-2.48,12.61,0.00
6781,-2.49,12.69,0.00
6791,-2.49,12.70,0.00
6801,-2.48,12.65,0.00
6811,-2.48,12.71,0.00
6821,-2.48,12.73,0.00
6831,-2.48,12.79,0.00
6841,-2.48,12.77,0.00
6851,-2.48,12.74,0.00
6861,-2.48,12.80,0.00
6871,-2.48,12.82,0.00
6881,-2.48,12.80,0.00
6891,-2.48,12.82,0.00
6901,-2.48,12.86,0.00
6911,-2.48,12.89,0.00
6921,-2.48,12.97,0.00
6931,-2.48,12.93,0.00
6941,-2.48,12.94,0.00
6951,-2.48,12.95,0.00
6961,-2.48,12.95,0.00
6971,-2.48,12.94,0.00
6981,-2.48,13.00,0.00
6991,-2.48,13.00,0.00
7001,-2.48,13.04,0.00
7011,-2.48,13.03,0.00
7021,-2.48,13.08,0.00
7031,-2.48,13.04,0.00
7041,-2.48,13.09,0.00
7051,-2.48,13.12,0.00
7061,-2.48,13.18,0.00
7071,-2.48,13.10,0.00
7081,-2.48,13.16,0.00
7091,-2.48,13.15,0.00
7101,-2.48,13.20,0.00
7111,-2.48,13.21,0.00
7121,-2.48,13.25,0.00
7131,-2.48,13.29,0.00
7141,-2.48,13.23,0.00
7151,-2.48,13.27,0.00
7161,-2.48,13.24,0.00
7171,-2.48,13.29,0.00
7181,-2.48,13.34,0.00
7191,-2.48,13.39,0.00
7201,-2.48,13.37,0.00
7211,-2.48,13.37,0.00
7221,-2.48,13.40,0.00
7231,-2.48,13.40,0.00
7241,-2.48,13.46,0.00
7251,-2.48,13.44,0.00
7261,-2.48,13.50,0.00
7271,-2.49,13.50,0.00
7281,-2.49,13.53,0.00
7291,-2.49,13.48,0.00
7301,-2.49,13.53,0.00
7311,-2.49,13.54,0.00
7321,-2.49,13.54,0.00
7331,-2.49,13.64,0.00
7341,-2.49,13.60,0.00
7351,-2.49,13.62,0.00
7361,-2.49,13.65,0.00
7371,-2.49,13.66,0.00
7381,-2.49,13.63,0.00
7391,-2.49,13.73,0.00
7401,-2.49,13.72,0.00
7411,-2.50,13.76,0.00
7421,-2.50,13.89,0.00
7431,-2.51,13.87,0.00
7441,-2.52,13.99,0.00
7451,-2.51,13.67,0.00
7461,-2.50,13.47,0.00
7471,-2.49,13.65,0.00
7481,-2.51,14.19,0.00
7491,-2.49,13.51,0.00
7501,-2.49,13.81,0.00
7511,-2.48,13.80,0.00
7521,-2.49,14.05,0.00
7531,-2.50,13.98,0.00
7541,-2.48,13.71,0.00
7551,-2.47,13.58,0.00
7561,-2.44,13.39,0.00
7571,-2.45,14.09,0.00
7581,-2.43,13.64,0.00
7591,-2.43,13.87,0.00
7601,-2.41,13.72,0.00
7611,-2.38,13.40,0.00
7621,-2.38,13.87,0.00
7631,-2.40,14.55,0.00
7641,-2.42,14.39,0.00
7651,-2.42,14.12,0.00
7661,-2.42,14.09,0.00
7671,-2.43,14.22,0.00
7681,-2.43,14.12,0.00
7691,-2.42,13.92,0.00
7701,-2.42,14.19,0.00
7711,-2.41,13.96,0.00
7721,-2.43,14.51,0.00
7731,-2.43,14.26,0.00
7741,-2.44,14.35,0.00
7751,-2.43,13.99,0.00
7761,-2.43,14.21,0.00
7771,-2.42,14.17,0.00
7781,-2.42,14.27,0.00
7791,-2.42,14.30,0.00
7801,-2.40,13.92,0.00
7811,-2.40,14.21,0.00
7821,-2.39,14.13,0.00
7831,-2.38,14.17,0.00
7841,-2.37,14.09,0.00
7851,-2.36,14.13,0.00
7861,-2.35,14.30,0.00
7871,-2.37,14.74,0.00
7881,-2.35,13.99,0.00
7891,-2.33,13.87,0.00
7901,-2.32,14.32,0.00
7911,-2.34,14.73,0.00
7921,-2.33,14.37,0.00
7931,-2.33,14.42,0.00
7941,-2.32,14.28,0.00
7951,-2.30,14.01,0.00
7961,-2.30,14.52,0.00
7971,-2.28,14.16,0.00
7981,-2.28,14.49,0.00
7991,-2.27,14.14,0.00
8001,-2.27,14.54,0.00
8011,-2.27,14.72,0.00
8021,-2.27,14.45,0.00
8031,-2.28,14.70,0.00
8041,-2.30,15.12,0.00
8051,-2.31,14.81,0.00
8061,-2.31,14.60,0.00
8071,-2.29,14.27,0.00
8081,-2.26,14.01,0.00
8091,-2.22,13.89,0.00
8101,-2.22,14.56,0.00
8111,-2.22,14.79,0.00
8121,-2.23,14.95,0.00
8131,-2.25,15.01,0.00
8141,-2.24,14.56,0.00
8151,-2.22,14.24,0.00
8161,-2.19,14.14,0.00
8171,-2.17,14.37,0.00
8181,-2.19,15.05,0.00
8191,-2.19,14.85,0.00
8201,-2.19,14.69,0.00
8211,-2.16,14.34,0.00
8221,-2.14,14.40,0.00
8231,-2.15,14.86,0.00
8241,-2.15,14.90,0.00
8251,-2.16,14.96,0.00
8261,-2.15,14.72,0.00
8271,-2.15,14.75,0.00
8281,-2.11,14.08,0.00
8291,-2.11,14.82,0.00
8301,-2.11,14.93,0.00
8311,-2.12,15.03,0.00
8321,-2.10,14.63,0.00
8331,-2.09,14.60,0.00
8341,-2.08,14.71,0.00
8351,-2.09,15.11,0.00
8361,-2.09,15.05,0.00
8371,-2.11,15.27,0.00
8381,-2.07,14.23,0.00
8391,-2.04,14.44,0.00
8401,-2.06,15.32,0.00
8411,-2.07,15.25,0.00
8421,-2.05,14.67,0.00
8431,-2.03,14.60,0.00
8441,-2.01,14.62,0.00
8451,-2.02,15.12,0.00
8461,-2.03,15.33,0.00
8471,-2.04,15.17,0.00
8481,-2.01,14.54,0.00
8491,-2.00,14.88,0.00
8501,-2.01,15.31,0.00
8511,-2.04,15.71,0.00
8521,-2.04,15.11,0.00
8531,-2.01,14.63,0.00
8541,-1.99,14.62,0.00
8551,-2.01,15.57,0.00
8561,-2.04,15.74,0.00
8571,-2.01,14.63,0.00
8581,-1.98,14.56,0.00
8591,-1.97,15.03,0.00
8601,-1.99,15.67,0.00
8611,-2.01,15.49,0.00
8621,-1.98,14.63,0.00
8631,-1.96,14.92,0.00
8641,-1.98,15.57,0.00
8651,-2.00,15.70,0.00
8661,-1.99,15.09,0.00
8671,-1.98,15.15,0.00
8681,-1.97,15.12,0.00
8691,-1.98,15.53,0.00
8701,-2.00,15.74,0.00
8711,-2.00,15.31,0.00
8721,-1.98,14.95,0.00
8731,-1.98,15.43,0.00
8741,-1.99,15.67,0.00
8751,-2.00,15.61,0.00
8761,-1.99,15.31,0.00
8771,-2.00,15.45,0.00
8781,-1.98,15.14,0.00
8791,-1.99,15.62,0.00
8801,-1.98,15.42,0.00
8811,-1.97,15.27,0.00
8821,-1.97,15.44,0.00
8831,-1.97,15.54,0.00
8841,-1.97,15.48,0.00
8851,-1.97,15.52,0.00
8861,-1.98,15.72,0.00
8871,-2.01,16.25,0.00
8881,-2.03,15.99,0.00
8891,-2.03,15.48,0.00
8901,-2.00,15.17,0.00
8911,-2.00,15.66,0.00
8921,-2.02,15.96,0.00
8931,-2.04,16.05,0.00
8941,-2.02,15.36,0.00
8951,-1.98,14.91,0.00
8961,-1.98,15.53,0.00
8971,-2.00,16.28,0.00
8981,-2.01,15.90,0.00
8991,-1.99,15.35,0.00
9001,-1.97,15.24,0.00
9011,-1.97,15.79,0.00
9021,-1.99,16.22,0.00
9031,-2.01,16.21,0.00
9041,-1.99,15.35,0.00
9051,-1.95,15.05,0.00
9061,-1.97,16.08,0.00
9071,-2.00,16.46,0.00
9081,-2.01,16.09,0.00
9091,-1.98,15.34,0.00
9101,-1.96,15.36,0.00
9111,-1.97,16.01,0.00
9121,-1.99,16.29,0.00
9131,-1.99,15.97,0.00
9141,-1.98,15.73,0.00
9151,-1.96,15.65,0.00
9161,-1.97,15.98,0.00
9171,-2.00,16.58,0.00
9181,-2.02,16.43,0.00
9191,-1.99,15.47,0.00
9201,-1.99,15.86,0.00
9211,-1.99,16.18,0.00
9221,-2.01,16.38,0.00
9231,-2.02,16.21,0.00
9241,-2.01,15.89,0.00
9251,-1.98,15.48,0.00
9261,-1.98,16.14,0.00
9271,-2.01,16.58,0.00
9281,-2.02,16.33,0.00
9291,-2.00,15.79,0.00
9301,-1.98,15.84,0.00
9311,-1.96,15.61,0.00
9321,-1.98,16.63,0.00
9331,-2.00,16.55,0.00
9341,-1.99,16.03,0.00
9351,-1.96,15.52,0.00
9361,-1.94,15.87,0.00
9371,-1.96,16.59,0.00
9381,-1.99,16.79,0.00
9391,-1.98,16.08,0.00
9401,-1.97,16.03,0.00
9411,-1.93,15.58,0.00
9421,-1.94,16.35,0.00
9431,-1.96,16.75,0.00
9441,-1.98,16.72,0.00
9451,-1.96,15.93,0.00
9461,-1.95,16.10,0.00
9471,-1.95,16.30,0.00
9481,-1.95,16.49,0.00
9491,-1.99,17.08,0.00
9501,-2.01,16.77,0.00
9511,-1.98,15.87,0.00
9521,-1.96,16.02,0.00
9531,-1.96,16.30,0.00
9541,-1.97,16.73,0.00
9551,-2.00,17.01,0.00
9561,-1.97,16.02,0.00
9571,-1.95,16.02,0.00
9581,-1.94,16.25,0.00
9591,-1.97,17.02,0.00
9601,-1.98,16.89,0.00
9611,-1.98,16.50,0.00
9621,-1.96,16.03,0.00
9631,-1.94,16.23,0.00
9641,-1.95,16.66,0.00
9651,-1.97,17.04,0.00
9661,-1.96,16.48,0.00
9671,-1.95,16.45,0.00
9681,-1.96,16.69,0.00
9691,-1.95,16.41,0.00
9701,-1.95,16.75,0.00
9711,-1.98,17.15,0.00
9721,-1.99,16.82,0.00
9731,-1.96,16.25,0.00
9741,-1.96,16.67,0.00
9751,-1.96,16.63,0.00
9761,-1.96,16.80,0.00
9771,-1.98,17.17,0.00
9781,-1.98,16.72,0.00
9791,-1.94,15.99,0.00
9801,-1.93,16.54,0.00
9811,-1.93,16.81,0.00
9821,-1.96,17.37,0.00
9831,-1.96,16.85,0.00
9841,-1.94,16.41,0.00
9851,-1.93,16.62,0.00
9861,-1.93,16.70,0.00
9871,-1.95,17.24,0.00
9881,-1.95,16.97,0.00
9891,-1.96,17.00,0.00
9901,-1.94,16.63,0.00
9911,-1.93,16.57,0.00
9921,-1.94,17.11,0.00
9931,-1.94,17.00,0.00
9941,-1.93,16.68,0.00
9951,-1.92,16.79,0.00
9961,-1.90,16.57,0.00
9971,-1.89,16.74,0.00
9981,-1.93,17.77,0.00
9991,-1.94,17.24,0.00
10001,-1.92,16.70,0.00
10011,-1.91,51.65,60.00
10021,-1.89,52.06,60.00
10031,-1.91,53.15,60.00
10041,-1.95,53.98,60.00
10051,-1.91,52.91,60.00
10061,-1.90,53.85,60.00
10071,-1.89,54.23,60.00
10081,-1.90,54.96,60.00
10091,-1.88,54.79,60.00
10101,-1.88,55.68,60.00
10111,-1.85,55.53,60.00
10121,-1.82,55.78,60.00
10131,-1.74,55.22,60.00
10141,-1.61,54.64,60.00
10151,-1.46,54.33,60.00
10161,-1.26,53.91,60.00
10171,-1.01,52.98,60.00
10181,-0.75,53.02,60.00
10192,-0.44,52.37,60.00
10201,-0.07,51.17,60.00
10211,0.33,50.95,60.00
10221,0.75,50.64,60.00
10231,1.22,49.60,60.00
10241,1.75,48.60,60.00
10251,2.31,48.09,60.00
10261,2.90,47.57,60.00
10271,3.54,46.45,60.00
10281,4.22,45.78,60.00
10291,4.91,45.38,60.00
10301,5.66,44.19,60.00
10311,6.43,43.80,60.00
10321,7.24,42.78,60.00
10331,8.07,42.23,60.00
10341,8.94,41.26,60.00
10351,9.83,40.67,60.00
10361,10.76,39.81,60.00
10371,11.68,39.62,60.00
10381,12.64,38.75,60.00
10391,13.62,37.89,60.00
10401,14.60,37.73,60.00
10411,15.60,37.02,60.00
10421,16.63,36.34,60.00
10431,17.67,35.53,60.00
10441,18.72,35.22,60.00
10451,19.78,34.48,60.00
10461,20.85,34.02,60.00
10471,21.92,33.56,60.00
10481,23.00,33.06,60.00
10491,24.09,32.60,60.00
10501,25.15,32.73,60.00
10511,26.17,32.96,60.00
10521,27.18,33.01,60.00
10531,28.21,32.24,60.00
10541,29.22,32.13,60.00
10551,30.22,32.20,60.00
10561,31.19,32.22,60.00
10571,32.17,31.72,60.00
10581,33.12,31.86,60.00
10591,34.07,31.62,60.00
10601,34.99,31.78,60.00
10611,35.90,31.56,60.00
10621,36.79,31.60,60.00
10631,37.65,31.98,60.00
10641,38.50,31.70,60.00
10651,39.31,32.18,60.00
10661,40.13,31.83,60.00
10671,40.91,32.12,60.00
10681,41.68,32.12,60.00
10691,42.41,32.49,60.00
10701,43.13,32.42,60.00
10711,43.82,32.85,60.00
10721,44.49,32.83,60.00
10731,45.13,33.26,60.00
10741,45.75,33.21,60.00
10751,46.34,33.79,60.00
10761,46.90,33.99,60.00
10771,47.43,34.47,60.00
10781,47.94,34.53,60.00
10791,48.43,34.97,60.00
10801,48.88,35.27,60.00
10811,49.31,35.76,60.00
10821,49.70,36.26,60.00
10831,50.06,36.84,60.00
10841,50.37,37.59,60.00
10851,50.67,37.65,60.00
10861,50.94,38.30,60.00
10871,51.19,38.61,60.00
10881,51.41,39.05,60.00
10891,51.59,39.72,60.00
10901,51.76,40.17,60.00
10911,51.92,40.13,60.00
10921,52.04,40.93,60.00
10931,52.12,41.78,60.00
10941,52.17,42.24,60.00
10951,52.23,42.31,60.00
10961,52.28,42.40,60.00
10971,52.30,43.06,60.00
10981,52.30,43.39,60.00
10991,52.29,43.85,60.00
11001,52.25,44.41,60.00
11011,52.18,45.04,60.00
11021,52.10,45.40,60.00
11031,52.01,45.77,60.00
11041,51.90,46.14,60.00
11051,51.80,46.20,60.00
11061,51.69,46.50,60.00
11071,51.57,46.71,60.00
11081,51.44,47.19,60.00
11091,51.29,47.75,60.00
11101,51.15,47.56,60.00
11111,51.00,47.91,60.00
11121,50.85,48.21,60.00
11131,50.69,48.40,60.00
11141,50.53,48.70,60.00
11151,50.36,48.93,60.00
11161,50.20,48.99,60.00
11171,50.03,49.23,60.00
11181,49.86,49.53,60.00
11191,49.68,49.73,60.00
11201,49.51,49.91,60.00
11211,49.34,49.95,60.00
11221,49.17,50.09,60.00
11231,49.01,50.05,60.00
11241,48.85,50.29,60.00
11251,48.70,50.28,60.00
11261,48.54,50.61,60.00
11271,48.39,50.47,60.00
11281,48.25,50.56,60.00
11291,48.11,50.80,60.00
11301,47.98,50.53,60.00
11311,47.85,50.91,60.00
11321,47.73,50.61,60.00
11331,47.63,50.57,60.00
11341,47.52,50.80,60.00
11351,47.44,50.38,60.00
11361,47.35,50.71,60.00
11371,47.27,50.61,60.00
11381,47.20,50.59,60.00
11391,47.13,50.60,60.00
11401,47.07,50.61,60.00
11411,47.03,50.32,60.00
11421,46.98,50.59,60.00
11431,46.96,50.11,60.00
11441,46.93,50.42,60.00
11451,46.92,50.10,60.00
11461,46.92,50.11,60.00
11471,46.92,50.02,60.00
11481,46.93,50.01,60.00
11491,46.95,49.88,60.00
11501,46.96,50.10,60.00
11511,47.00,49.67,60.00
11521,47.02,49.91,60.00
11531,47.07,49.60,60.00
11541,47.12,49.64,60.00
11551,47.17,49.66,60.00
11561,47.22,49.62,60.00
11571,47.29,49.41,60.00
11581,47.34,49.72,60.00
11591,47.41,49.39,60.00
11601,47.48,49.66,60.00
11611,47.55,49.38,60.00
11621,47.64,49.29,60.00
11631,47.72,49.39,60.00
11641,47.81,49.15,60.00
11651,47.89,49.37,60.00
11661,47.99,49.14,60.00
11671,48.08,49.35,60.00
11681,48.17,49.27,60.00
11691,48.28,49.06,60.00
11701,48.37,49.33,60.00
11711,48.47,49.11,60.00
11721,48.57,49.24,60.00
11731,48.67,49.19,60.00
11741,48.77,49.17,60.00
11751,48.88,49.11,60.00
11761,48.99,49.18,60.00
11771,49.10,49.02,60.00
11781,49.21,49.02,60.00
11791,49.31,49.23,60.00
11801,49.43,48.98,60.00
11811,49.53,49.28,60.00
11821,49.65,48.98,60.00
11831,49.77,48.95,60.00
11841,49.87,49.16,60.00
11851,49.99,48.98,60.00
11861,50.10,49.12,60.00
11871,50.22,48.91,60.00
11881,50.33,49.17,60.00
11891,50.44,49.03,60.00
11901,50.55,49.10,60.00
11911,50.66,49.17,60.00
11921,50.78,48.96,60.00
11931,50.88,49.29,60.00
11941,50.99,49.03,60.00
11951,51.10,49.16,60.00
11961,51.21,49.12,60.00
11971,51.31,49.17,60.00
11981,51.42,49.19,60.00
11991,51.53,49.08,60.00
12001,51.63,49.30,60.00
12011,51.73,49.18,60.00
12021,51.83,49.25,60.00
12031,51.93,49.37,60.00
12041,52.02,49.37,60.00
12051,52.12,49.31,60.00
12061,52.22,49.26,60.00
12071,52.32,49.31,60.00
12081,52.41,49.28,60.00
12091,52.51,49.31,60.00
12101,52.60,49.43,60.00
12111,52.70,49.21,60.00
12121,52.79,49.54,60.00
12131,52.87,49.51,60.00
12141,52.97,49.37,60.00
12151,53.05,49.53,60.00
12161,53.14,49.34,60.00
12171,53.23,49.41,60.00
12181,53.32,49.50,60.00
12191,53.40,49.62,60.00
12201,53.47,49.81,60.00
12211,53.55,49.52,60.00
12221,53.62,49.87,60.00
12231,53.69,49.68,60.00
12241,53.77,49.74,60.00
12251,53.83,49.82,60.00
12261,53.91,49.66,60.00
12271,53.98,49.86,60.00
12281,54.04,49.96,60.00
12291,54.10,49.93,60.00
12301,54.16,49.98,60.00
12311,54.22,50.13,60.00
12321,54.27,50.16,60.00
12331,54.33,50.13,60.00
12341,54.38,50.22,60.00
12351,54.43,50.24,60.00
12361,54.47,50.34,60.00
12371,54.52,50.23,60.00
12381,54.57,50.33,60.00
12391,54.61,50.43,60.00
12401,54.66,50.26,60.00
12411,54.71,50.47,60.00
12421,54.75,50.50,60.00
12431,54.79,50.49,60.00
12441,54.83,50.58,60.00
12451,54.87,50.54,60.00
12461,54.91,50.50,60.00
12471,54.94,50.75,60.00
12481,54.99,50.42,60.00
12491,55.02,50.72,60.00
12501,55.06,50.55,60.00
12511,55.10,50.64,60.00
12521,55.14,50.72,60.00
12531,55.17,50.80,60.00
12541,55.21,50.56,60.00
12551,55.24,50.99,60.00
12561,55.28,50.51,60.00
12571,55.31,50.98,60.00
12581,55.34,50.76,60.00
12591,55.38,50.70,60.00
12601,55.41,50.93,60.00
12611,55.44,50.88,60.00
12621,55.48,50.75,60.00
12631,55.50,51.18,60.00
12641,55.55,50.70,60.00
12651,55.57,51.09,60.00
12661,55.60,50.94,60.00
12671,55.63,51.01,60.00
12681,55.66,51.07,60.00
12691,55.69,51.04,60.00
12701,55.72,50.97,60.00
12711,55.75,51.11,60.00
12721,55.77,51.20,60.00
12731,55.80,51.12,60.00
12741,55.81,51.39,60.00
12751,55.84,51.01,60.00
12761,55.87,51.28,60.00
12771,55.89,51.18,60.00
12781,55.92,51.19,60.00
12791,55.95,51.18,60.00
12801,55.97,51.35,60.00
12811,56.00,51.14,60.00
12821,56.02,51.30,60.00
12831,56.04,51.45,60.00
12841,56.07,51.16,60.00
12851,56.10,51.23,60.00
12861,56.13,51.35,60.00
12871,56.16,51.24,60.00
12881,56.19,51.26,60.00
12891,56.21,51.44,60.00
12901,56.24,51.20,60.00
12911,56.27,51.33,60.00
12921,56.29,51.37,60.00
12931,56.32,51.27,60.00
12941,56.35,51.36,60.00
12951,56.38,51.38,60.00
12961,56.41,51.20,60.00
12971,56.44,51.30,60.00
12981,56.47,51.35,60.00
12991,56.50,51.33,60.00
13001,56.54,51.21,60.00
13011,56.57,51.29,60.00
13021,56.59,51.43,60.00
13031,56.64,50.94,60.00
13041,56.67,51.39,60.00
13051,56.70,51.29,60.00
13061,56.74,51.14,60.00
13071,56.78,51.18,60.00
13081,56.81,51.36,60.00
13091,56.86,50.99,60.00
13101,56.89,51.25,60.00
13111,56.93,51.32,60.00
13121,56.98,50.92,60.00
13131,57.01,51.31,60.00
13141,57.05,51.07,60.00
13151,57.09,51.09,60.00
13161,57.14,50.98,60.00
13171,57.17,51.23,60.00
13181,57.22,50.92,60.00
13191,57.26,51.08,60.00
13201,57.31,50.99,60.00
13211,57.34,51.24,60.00
13221,57.39,50.95,60.00
13231,57.43,51.03,60.00
13241,57.47,51.16,60.00
13251,57.51,51.06,60.00
13261,57.55,50.97,60.00
13271,57.59,51.10,60.00
13281,57.63,51.09,60.00
13291,57.67,51.08,60.00
13301,57.70,51.07,60.00
13311,57.74,51.09,60.00
13321,57.77,51.17,60.00
13331,57.81,50.99,60.00
13341,57.85,51.16,60.00
13351,57.88,51.02,60.00
13361,57.93,50.98,60.00
13371,57.95,51.31,60.00
13381,57.99,50.97,60.00
13391,58.03,50.94,60.00
13401,58.06,51.27,60.00
13411,58.09,51.00,60.00
13421,58.13,51.11,60.00
13431,58.15,51.30,60.00
13441,58.19,50.96,60.00
13451,58.22,51.10,60.00
13461,58.25,51.15,60.00
13471,58.28,51.09,60.00
13481,58.32,51.02,60.00
13491,58.34,51.28,60.00
13501,58.38,50.94,60.00
13511,58.40,51.10,60.00
13521,58.43,51.16,60.00
13531,58.46,51.10,60.00
13541,58.49,51.13,60.00
13551,58.52,51.10,60.00
13561,58.54,51.14,60.00
13571,58.57,51.16,60.00
13581,58.60,51.10,60.00
13591,58.61,51.34,60.00
13601,58.64,51.10,60.00
13611,58.66,51.16,60.00
13621,58.67,51.45,60.00
13631,58.70,51.00,60.00
13641,58.73,51.16,60.00
13651,58.74,51.32,60.00
13661,58.77,51.09,60.00
13671,58.79,51.13,60.00
13681,58.80,51.47,60.00
13691,58.83,50.98,60.00
13701,58.85,51.26,60.00
13711,58.86,51.40,60.00
13721,58.88,51.17,60.00
13731,58.90,51.18,60.00
13741,58.91,51.38,60.00
13751,58.93,51.20,60.00
13761,58.96,51.00,60.00
13771,58.97,51.47,60.00
13781,59.00,50.96,60.00
13791,59.02,51.19,60.00
13801,59.03,51.34,60.00
13811,59.05,51.19,60.00
13821,59.07,51.22,60.00
13831,59.07,51.43,60.00
13841,59.09,51.19,60.00
13851,59.11,51.30,60.00
13861,59.12,51.25,60.00
13871,59.13,51.37,60.00
13881,59.15,51.21,60.00
13891,59.16,51.33,60.00
13901,59.17,51.44,60.00
13911,59.18,51.31,60.00
13921,59.19,51.39,60.00
13931,59.19,51.57,60.00
13941,59.20,51.31,60.00
13951,59.20,51.59,60.00
13961,59.19,51.60,60.00
13971,59.20,51.39,60.00
13981,59.20,51.59,60.00
13991,59.20,51.56,60.00
14001,59.21,51.48,60.00
14011,59.21,51.52,60.00
14021,59.20,51.80,60.00
14031,59.21,51.40,60.00
14041,59.21,51.56,60.00
14051,59.21,51.71,60.00
14061,59.22,51.43,60.00
14071,59.23,51.47,60.00
14081,59.23,51.60,60.00
14091,59.22,51.69,60.00
14101,59.23,51.48,60.00
14111,59.23,51.64,60.00
14121,59.23,51.69,60.00
14131,59.23,51.54,60.00
14141,59.23,51.66,60.00
14151,59.23,51.60,60.00
14161,59.24,51.51,60.00
14171,59.24,51.59,60.00
14181,59.24,51.67,60.00
14191,59.25,51.54,60.00
14201,59.25,51.58,60.00
14211,59.25,51.77,60.00
14221,59.25,51.61,60.00
14231,59.26,51.55,60.00
14241,59.26,51.67,60.00
14251,59.26,51.62,60.00
14261,59.26,51.61,60.00
14271,59.26,51.68,60.00
14281,59.27,51.68,60.00
14291,59.26,51.74,60.00
14301,59.26,51.66,60.00
14311,59.27,51.57,60.00
14321,59.28,51.63,60.00
14331,59.27,51.78,60.00
14341,59.27,51.75,60.00
14351,59.28,51.51,60.00
14361,59.28,51.64,60.00
14371,59.28,51.90,60.00
14381,59.29,51.48,60.00
14391,59.30,51.52,60.00
14401,59.29,51.91,60.00
14411,59.30,51.60,60.00
14421,59.31,51.53,60.00
14431,59.31,51.72,60.00
14441,59.31,51.68,60.00
14451,59.32,51.66,60.00
14461,59.33,51.44,60.00
14471,59.33,51.74,60.00
14481,59.33,51.72,60.00
14491,59.35,51.44,60.00
14501,59.34,51.88,60.00
14511,59.34,51.69,60.00
14521,59.36,51.54,60.00
14531,59.36,51.61,60.00
14541,59.36,51.76,60.00
14551,59.38,51.41,60.00
14561,59.39,51.54,60.00
14571,59.39,51.84,60.00
14581,59.39,51.57,60.00
14591,59.40,51.59,60.00
14601,59.40,51.75,60.00
14611,59.41,51.69,60.00
14621,59.42,51.47,60.00
14631,59.42,51.78,60.00
14641,59.42,51.78,60.00
14651,59.43,51.46,60.00
14661,59.44,51.75,60.00
14671,59.43,51.88,60.00
14681,59.43,51.68,60.00
14691,59.44,51.73,60.00
14701,59.43,51.89,60.00
14711,59.43,51.73,60.00
14721,59.44,51.58,60.00
14731,59.45,51.77,60.00
14741,59.44,51.81,60.00
14751,59.45,51.56,60.00
14761,59.46,51.68,60.00
14771,59.46,51.78,60.00
14781,59.47,51.62,60.00
14791,59.48,51.61,60.00
14801,59.48,51.80,60.00
14811,59.47,51.88,60.00
14821,59.48,51.58,60.00
14831,59.49,51.74,60.00
14841,59.49,51.72,60.00
14851,59.50,51.56,60.00
14861,59.51,51.68,60.00
14871,59.51,51.75,60.00
14881,59.52,51.64,60.00
14891,59.53,51.64,60.00
14901,59.53,51.67,60.00
14911,59.53,51.78,60.00
14921,59.54,51.58,60.00
14931,59.54,51.77,60.00
14941,59.54,51.83,60.00
14951,59.56,51.42,60.00
14961,59.57,51.69,60.00
14971,59.57,51.80,60.00
14981,59.58,51.52,60.00
14991,59.58,51.67,60.00
15001,59.59,51.72,60.00
15011,59.59,51.80,60.00
15021,59.60,51.60,60.00
15031,59.60,51.63,60.00
15041,59.60,51.96,60.00
15051,59.61,51.58,60.00
15061,59.62,51.58,60.00
15071,59.61,51.91,60.00
15081,59.62,51.63,60.00
15091,59.63,51.51,60.00
15101,59.64,51.74,60.00
15111,59.63,51.82,60.00
15121,59.64,51.66,60.00
15131,59.65,51.58,60.00
15141,59.64,51.96,60.00
15151,59.65,51.69,60.00
15161,59.66,51.61,60.00
15171,59.65,51.88,60.00
15181,59.65,51.76,60.00
15191,59.67,51.57,60.00
15201,59.68,51.58,60.00
15211,59.67,51.90,60.00
15221,59.68,51.63,60.00
15231,59.68,51.70,60.00
15241,59.68,51.84,60.00
15251,59.68,51.73,60.00
15261,59.69,51.75,60.00
15271,59.69,51.73,60.00
15281,59.69,51.71,60.00
15291,59.70,51.69,60.00
15301,59.70,51.73,60.00
15311,59.71,51.69,60.00
15321,59.71,51.80,60.00
15331,59.71,51.72,60.00
15341,59.71,51.88,60.00
15351,59.71,51.69,60.00
15361,59.72,51.70,60.00
15371,59.71,51.85,60.00
15381,59.72,51.68,60.00
15391,59.71,51.88,60.00
15401,59.72,51.78,60.00
15411,59.72,51.76,60.00
15421,59.72,51.87,60.00
15431,59.72,51.80,60.00
15441,59.72,51.77,60.00
15451,59.73,51.65,60.00
15461,59.72,51.86,60.00
15471,59.72,51.79,60.00
15481,59.74,51.58,60.00
15491,59.74,51.69,60.00
15501,59.74,51.84,60.00
15511,59.75,51.70,60.00
15521,59.75,51.70,60.00
15531,59.75,51.92,60.00
15541,59.74,51.85,60.00
15551,59.75,51.63,60.00
15561,59.75,51.90,60.00
15571,59.75,51.78,60.00
15581,59.76,51.62,60.00
15591,59.76,51.77,60.00
15601,59.76,51.87,60.00
15611,59.77,51.65,60.00
15621,59.77,51.69,60.00
15631,59.76,51.99,60.00
15641,59.77,51.72,60.00
15651,59.77,51.72,60.00
15661,59.77,51.80,60.00
15671,59.78,51.74,60.00
15681,59.78,51.69,60.00
15691,59.79,51.75,60.00
15701,59.78,51.99,60.00
15711,59.78,51.68,60.00
15721,59.78,51.87,60.00
15731,59.78,51.92,60.00
15741,59.78,51.67,60.00
15751,59.78,51.85,60.00
15761,59.78,51.92,60.00
15771,59.78,51.79,60.00
15781,59.79,51.72,60.00
15791,59.78,51.96,60.00
15801,59.77,51.93,60.00
15811,59.78,51.72,60.00
15821,59.78,51.90,60.00
15831,59.77,51.91,60.00
15841,59.78,51.73,60.00
15851,59.79,51.70,60.00
15861,59.78,51.91,60.00
15871,59.78,51.84,60.00
15881,59.79,51.68,60.00
15891,59.79,51.90,60.00
15901,59.78,51.87,60.00
15911,59.80,51.59,60.00
15921,59.79,51.90,60.00
15931,59.79,51.95,60.00
15941,59.80,51.71,60.00
15951,59.80,51.71,60.00
15961,59.80,51.80,60.00
15971,59.80,51.96,60.00
15981,59.81,51.61,60.00
15991,59.81,51.73,60.00
16001,59.80,52.14,60.00
16011,59.81,51.64,60.00
16021,59.82,51.59,60.00
16031,59.81,52.02,60.00
16041,59.81,51.84,60.00
16051,59.82,51.76,60.00
16061,59.83,51.70,60.00
16071,59.83,51.79,60.00
16081,59.82,51.99,60.00
16091,59.83,51.58,60.00
16101,59.83,51.84,60.00
16111,59.83,51.89,60.00
16121,59.84,51.74,60.00
16131,59.84,51.84,60.00
16141,59.84,51.85,60.00
16151,59.84,51.72,60.00
16161,59.84,51.85,60.00
16171,59.84,51.87,60.00
16181,59.84,51.82,60.00
16191,59.85,51.72,60.00
16201,59.85,51.72,60.00
16211,59.85,51.91,60.00
16221,59.86,51.69,60.00
16231,59.86,51.76,60.00
16241,59.85,52.06,60.00
16251,59.85,51.79,60.00
16261,59.86,51.63,60.00
16271,59.86,51.92,60.00
16281,59.85,51.99,60.00
16291,59.86,51.68,60.00
16301,59.86,51.76,60.00
16311,59.86,51.84,60.00
16321,59.86,51.89,60.00
16331,59.87,51.63,60.00
16341,59.87,51.95,60.00
16351,59.86,52.04,60.00
16361,59.86,51.76,60.00
16371,59.86,51.81,60.00
16381,59.86,52.00,60.00
16391,59.86,51.79,60.00
16401,59.86,51.81,60.00
16411,59.86,51.99,60.00
16421,59.85,51.94,60.00
16431,59.86,51.68,60.00
16441,59.86,51.85,60.00
16451,59.85,52.00,60.00
16461,59.86,51.75,60.00
16471,59.86,51.76,60.00
16481,59.87,51.81,60.00
16491,59.87,51.80,60.00
16501,59.87,51.85,60.00
16511,59.88,51.70,60.00
16521,59.88,51.82,60.00
16531,59.88,51.87,60.00
16541,59.89,51.72,60.00
16551,59.89,51.76,60.00
16561,59.89,51.80,60.00
16571,59.89,51.96,60.00
16581,59.89,51.76,60.00
16591,59.90,51.60,60.00
16601,59.91,51.80,60.00
16611,59.90,51.91,60.00
16621,59.91,51.80,60.00
16631,59.91,51.73,60.00
16641,59.91,51.81,60.00
16651,59.90,52.01,60.00
16661,59.91,51.65,60.00
16671,59.93,51.58,60.00
16681,59.92,52.04,60.00
16691,59.92,51.72,60.00
16701,59.94,51.55,60.00
16711,59.93,51.91,60.00
16721,59.93,51.91,60.00
16731,59.94,51.69,60.00
16741,59.94,51.72,60.00
16751,59.94,51.90,60.00
16761,59.93,51.94,60.00
16771,59.94,51.64,60.00
16781,59.94,51.84,60.00
16791,59.94,51.81,60.00
16801,59.95,51.64,60.00
16811,59.95,51.81,60.00
16821,59.95,51.85,60.00
16831,59.95,51.86,60.00
16841,59.95,51.79,60.00
16851,59.95,51.83,60.00
16861,59.95,51.94,60.00
16871,59.96,51.66,60.00
16881,59.96,51.80,60.00
16891,59.95,51.90,60.00
16901,59.96,51.60,60.00
16911,59.96,51.83,60.00
16921,59.95,52.03,60.00
16931,59.96,51.71,60.00
16941,59.97,51.70,60.00
16951,59.96,51.90,60.00
16961,59.97,51.76,60.00
16971,59.97,51.64,60.00
16981,59.98,51.75,60.00
16991,59.97,51.96,60.00
17001,59.97,51.76,60.00
17011,59.98,51.64,60.00
17021,59.97,52.08,60.00
17031,59.97,51.72,60.00
17041,59.98,51.80,60.00
17051,59.97,51.92,60.00
17061,59.97,51.86,60.00
17071,59.97,51.74,60.00
17081,59.98,51.58,60.00
17091,59.98,51.90,60.00
17101,59.98,51.79,60.00
17111,60.00,51.53,60.00
17121,59.99,51.91,60.00
17131,59.99,51.90,60.00
17141,59.99,51.71,60.00
17151,59.99,51.83,60.00
17161,59.99,51.80,60.00
17171,59.99,51.81,60.00
17181,60.00,51.66,60.00
17191,60.00,51.83,60.00
17201,60.00,51.84,60.00
17211,60.01,51.58,60.00
17221,60.00,51.85,60.00
17231,60.00,51.86,60.00
17241,60.01,51.68,60.00
17251,60.01,51.80,60.00
17261,60.00,51.88,60.00
17271,60.01,51.76,60.00
17281,60.01,51.68,60.00
17291,60.01,51.84,60.00
17301,60.01,51.79,60.00
17311,60.01,51.74,60.00
17321,60.01,51.92,60.00
17331,60.01,51.79,60.00
17341,60.02,51.60,60.00
17351,60.01,51.94,60.00
17361,60.01,51.78,60.00
17371,60.01,51.83,60.00
17381,60.02,51.62,60.00
17391,60.01,52.00,60.00
17401,60.01,51.88,60.00
17411,60.01,51.65,60.00
17421,60.01,51.94,60.00
17431,60.00,51.84,60.00
17441,60.01,51.74,60.00
17451,60.00,51.89,60.00
17461,59.99,51.99,60.00
17471,60.00,51.72,60.00
17481,60.01,51.66,60.00
17491,60.00,51.95,60.00
17501,60.00,51.74,60.00
17511,60.01,51.65,60.00
17521,60.01,51.83,60.00
17531,60.01,51.81,60.00
17541,60.01,51.84,60.00
17551,60.01,51.73,60.00
17561,60.00,52.01,60.00
17571,60.00,51.78,60.00
17581,60.00,51.78,60.00
17591,59.99,51.99,60.00
17601,60.00,51.68,60.00
17611,60.00,51.82,60.00
17621,60.00,51.72,60.00
17631,60.01,51.71,60.00
17641,60.01,51.80,60.00
17651,60.01,51.66,60.00
17661,60.01,51.84,60.00
17671,60.02,51.71,60.00
17681,60.02,51.77,60.00
17691,60.02,51.74,60.00
17701,60.01,51.90,60.00
17711,60.02,51.64,60.00
17721,60.03,51.66,60.00
17731,60.03,51.84,60.00
17741,60.03,51.68,60.00
17751,60.02,51.93,60.00
17761,60.03,51.72,60.00
17771,60.03,51.78,60.00
17781,60.02,51.89,60.00
17791,60.03,51.66,60.00
17801,60.03,51.79,60.00
17811,60.03,51.81,60.00
17821,60.03,51.81,60.00
17831,60.03,51.64,60.00
17841,60.04,51.66,60.00
17851,60.03,51.96,60.00
17861,60.04,51.62,60.00
17871,60.04,51.72,60.00
17881,60.03,51.95,60.00
17891,60.04,51.62,60.00
17901,60.05,51.56,60.00
17911,60.05,51.85,60.00
17921,60.05,51.71,60.00
17931,60.05,51.82,60.00
17941,60.06,51.50,60.00
17951,60.05,51.92,60.00
17961,60.05,51.75,60.00
17971,60.07,51.43,60.00
17981,60.06,51.96,60.00
17991,60.06,51.84,60.00
18001,60.07,51.43,60.00
18011,60.08,51.72,60.00
18021,60.07,51.79,60.00
18031,60.07,51.79,60.00
18041,60.08,51.59,60.00
18051,60.07,51.85,60.00
18061,60.07,51.93,60.00
18071,60.07,51.58,60.00
18081,60.07,51.79,60.00
18091,60.07,51.86,60.00
18101,60.07,51.69,60.00
18111,60.07,51.73,60.00
18121,60.07,51.80,60.00
18131,60.07,51.82,60.00
18141,60.07,51.65,60.00
18151,60.07,51.86,60.00
18161,60.06,51.78,60.00
18171,60.06,51.81,60.00
18181,60.06,51.73,60.00
18191,60.06,51.83,60.00
18201,60.06,51.64,60.00
18211,60.07,51.70,60.00
18221,60.06,51.84,60.00
18231,60.06,51.75,60.00
18241,60.07,51.66,60.00
18251,60.06,51.92,60.00
18261,60.05,51.83,60.00
18271,60.06,51.62,60.00
18281,60.05,51.93,60.00
18291,60.05,51.79,60.00
18301,60.06,51.58,60.00
18311,60.07,51.59,60.00
18321,60.06,51.82,60.00
18331,60.06,51.74,60.00
18341,60.07,51.54,60.00
18351,60.08,51.69,60.00
18361,60.07,51.87,60.00
18371,60.09,51.41,60.00
18381,60.08,51.75,60.00
18391,60.08,51.86,60.00
18401,60.09,51.54,60.00
18411,60.09,51.60,60.00
18421,60.09,51.76,60.00
18431,60.09,51.73,60.00
18441,60.10,51.52,60.00
18451,60.09,51.86,60.00
18461,60.09,51.90,60.00
18471,60.09,51.57,60.00
18481,60.09,51.82,60.00
18491,60.08,51.88,60.00
18501,60.09,51.60,60.00
18511,60.09,51.65,60.00
18521,60.08,51.93,60.00
18531,60.08,51.79,60.00
18541,60.08,51.57,60.00
18551,60.07,51.92,60.00
18561,60.07,51.83,60.00
18571,60.08,51.58,60.00
18581,60.07,51.87,60.00
18591,60.06,51.91,60.00
18601,60.07,51.56,60.00
18611,60.07,51.68,60.00
18621,60.06,51.88,60.00
18631,60.07,51.55,60.00
18641,60.08,51.60,60.00
18651,60.07,51.90,60.00
18661,60.07,51.72,60.00
18671,60.08,51.48,60.00
18681,60.08,51.69,60.00
18691,60.08,51.83,60.00
18701,60.09,51.46,60.00
18711,60.09,51.72,60.00
18721,60.08,51.89,60.00
18731,60.09,51.56,60.00
18741,60.09,51.69,60.00
18751,60.08,51.84,60.00
18761,60.08,51.70,60.00
18771,60.09,51.58,60.00
18781,60.09,51.68,60.00
18791,60.09,51.80,60.00
18801,60.09,51.57,60.00
18811,60.10,51.53,60.00
18821,60.09,51.92,60.00
18831,60.10,51.59,60.00
18841,60.10,51.64,60.00
18851,60.10,51.67,60.00
18861,60.09,51.89,60.00
18871,60.09,51.72,60.00
18881,60.09,51.78,60.00
18891,60.08,51.79,60.00
18901,60.09,51.61,60.00
18911,60.08,51.77,60.00
18921,60.08,51.84,60.00
18931,60.08,51.62,60.00
18941,60.07,51.85,60.00
18951,60.08,51.63,60.00
18961,60.07,51.74,60.00
18971,60.07,51.86,60.00
18981,60.07,51.72,60.00
18991,60.06,51.75,60.00
19001,60.06,51.78,60.00
19011,60.06,51.82,60.00
19021,60.06,51.61,60.00
19031,60.06,51.69,60.00
19041,60.05,51.88,60.00
19051,60.05,51.67,60.00
19061,60.05,51.76,60.00
19071,60.04,51.87,60.00
19081,60.04,51.81,60.00
19091,60.04,51.62,60.00
19101,60.04,51.82,60.00
19111,60.03,51.85,60.00
19121,60.04,51.60,60.00
19131,60.04,51.80,60.00
19141,60.03,51.74,60.00
19151,60.04,51.68,60.00
19161,60.04,51.63,60.00
19171,60.04,51.77,60.00
19181,60.03,51.90,60.00
19191,60.04,51.42,60.00
19201,60.05,51.64,60.00
19211,60.03,52.00,60.00
19221,60.05,51.39,60.00
19231,60.05,51.70,60.00
19241,60.04,51.90,60.00
19251,60.04,51.69,60.00
19261,60.05,51.63,60.00
19271,60.03,51.98,60.00
19281,60.03,51.83,60.00
19291,60.03,51.63,60.00
19301,60.02,51.91,60.00
19311,60.01,51.92,60.00
19321,60.02,51.56,60.00
19331,60.02,51.76,60.00
19341,60.01,51.98,60.00
19351,60.01,51.63,60.00
19361,60.01,51.69,60.00
19371,60.00,52.02,60.00
19381,60.00,51.75,60.00
19391,60.01,51.58,60.00
19401,60.00,51.86,60.00
19411,60.00,51.78,60.00
19421,60.00,51.64,60.00
19431,60.01,51.66,60.00
19441,60.00,51.97,60.00
19451,60.00,51.65,60.00
19461,60.01,51.51,60.00
19471,60.00,51.97,60.00
19481,60.00,51.72,60.00
19491,60.01,51.55,60.00
19501,60.00,51.82,60.00
19511,60.00,51.85,60.00
19521,60.00,51.63,60.00
19531,60.01,51.59,60.00
19541,60.00,51.98,60.00
19551,60.00,51.69,60.00
19561,60.01,51.49,60.00
19571,60.00,52.03,60.00
19581,60.00,51.75,60.00
19591,60.00,51.60,60.00
19601,60.00,51.86,60.00
19611,59.99,51.88,60.00
19621,59.99,51.66,60.00
19631,60.00,51.63,60.00
19641,59.98,52.05,60.00
19651,59.98,51.76,60.00
19661,59.99,51.58,60.00
19671,59.98,51.94,60.00
19681,59.98,51.79,60.00
19691,59.98,51.67,60.00
19701,59.98,51.78,60.00
19711,59.97,51.97,60.00
19721,59.98,51.68,60.00
19731,59.98,51.56,60.00
19741,59.97,52.02,60.00
19751,59.98,51.68,60.00
19761,59.98,51.70,60.00
19771,59.97,51.89,60.00
19781,59.96,51.88,60.00
19791,59.97,51.60,60.00
19801,59.97,51.73,60.00
19811,59.96,52.00,60.00
19821,59.97,51.61,60.00
19831,59.98,51.59,60.00
19841,59.97,51.81,60.00
19851,59.98,51.65,60.00
19861,59.98,51.70,60.00
19871,59.98,51.71,60.00
19881,59.98,51.78,60.00
19891,59.98,51.72,60.00
19901,59.99,51.67,60.00
19911,59.98,51.89,60.00
19921,59.99,51.65,60.00
19931,59.99,51.76,60.00
19941,59.98,51.78,60.00
19951,59.98,51.74,60.00
19961,59.98,51.82,60.00
19971,59.98,51.82,60.00
19981,59.97,51.90,60.00
19991,59.97,51.72,60.00
20001,59.97,51.77,60.00
20011,59.97,44.58,47.45
20021,59.96,44.45,47.45
20031,59.96,44.22,47.45
20041,59.96,44.20,47.45
20051,59.96,44.15,47.45
20061,59.96,44.03,47.45
20071,59.95,44.25,47.45
20081,59.94,44.15,47.45
20091,59.91,44.30,47.45
20101,59.89,44.16,47.45
20111,59.86,44.40,47.45
20121,59.82,44.35,47.45
20131,59.77,44.44,47.45
20141,59.73,44.44,47.45
20151,59.68,44.40,47.45
20161,59.62,44.73,47.45
20171,59.55,44.70,47.45
20181,59.48,44.72,47.45
20191,59.40,44.98,47.45
20201,59.31,44.94,47.45
20211,59.22,45.01,47.45
20221,59.12,45.26,47.45
20231,59.02,45.22,47.45
20241,58.91,45.36,47.45
20251,58.79,45.57,47.45
20261,58.67,45.75,47.45
20271,58.54,45.62,47.45
20281,58.40,46.15,47.45
20291,58.25,46.08,47.45
20301,58.10,46.19,47.45
20311,57.94,46.47,47.45
20321,57.78,46.49,47.45
20331,57.62,46.59,47.45
20341,57.44,46.89,47.45
20351,57.26,47.00,47.45
20361,57.08,46.95,47.45
20371,56.88,47.37,47.45
20381,56.69,47.31,47.45
20391,56.49,47.60,47.45
20401,56.29,47.67,47.45
20411,56.09,47.69,47.45
20421,55.87,48.05,47.45
20431,55.65,48.17,47.45
20441,55.44,48.13,47.45
20451,55.22,48.48,47.45
20461,55.00,48.37,47.45
20471,54.77,48.64,47.45
20481,54.55,48.67,47.45
20491,54.32,48.82,47.45
20501,54.10,48.92,47.45
20511,53.87,48.99,47.45
20521,53.64,49.18,47.45
20531,53.41,49.16,47.45
20541,53.18,49.37,47.45
20551,52.96,49.35,47.45
20561,52.73,49.45,47.45
20571,52.51,49.43,47.45
20581,52.28,49.73,47.45
20591,52.06,49.66,47.45
20601,51.83,49.76,47.45
20611,51.62,49.61,47.45
20621,51.41,49.84,47.45
20631,51.20,49.82,47.45
20641,50.98,49.98,47.45
20651,50.78,49.83,47.45
20661,50.59,49.78,47.45
20671,50.39,49.98,47.45
20681,50.20,49.76,47.45
20691,50.02,49.90,47.45
20701,49.84,49.85,47.45
20711,49.66,49.85,47.45
20721,49.50,49.60,47.45
20731,49.34,49.79,47.45
20741,49.18,49.71,47.45
20751,49.04,49.48,47.45
20761,48.89,49.74,47.45
20771,48.75,49.50,47.45
20781,48.61,49.67,47.45
20791,48.48,49.66,47.45
20801,48.36,49.27,47.45
20811,48.24,49.47,47.45
20821,48.14,49.25,47.45
20831,48.03,49.29,47.45
20841,47.93,49.14,47.45
20851,47.84,49.07,47.45
20861,47.76,49.08,47.45
20871,47.68,48.95,47.45
20881,47.60,48.90,47.45
20891,47.54,48.68,47.45
20901,47.48,48.79,47.45
20911,47.42,48.68,47.45
20921,47.37,48.47,47.45
20931,47.33,48.38,47.45
20941,47.29,48.44,47.45
20951,47.26,48.16,47.45
20961,47.24,48.11,47.45
20971,47.21,48.19,47.45
20981,47.20,47.78,47.45
20991,47.18,48.04,47.45
21001,47.19,47.66,47.45
21011,47.18,47.68,47.45
21021,47.19,47.54,47.45
21031,47.20,47.46,47.45
21041,47.22,47.34,47.45
21051,47.23,47.39,47.45
21061,47.25,47.22,47.45
21071,47.27,47.30,47.45
21081,47.29,47.15,47.45
21091,47.31,47.20,47.45
21101,47.34,47.07,47.45
21111,47.36,47.13,47.45
21121,47.39,46.99,47.45
21131,47.41,47.06,47.45
21141,47.44,47.00,47.45
21151,47.46,47.13,47.45
21161,47.49,46.95,47.45
21171,47.51,46.98,47.45
21181,47.54,46.87,47.45
21191,47.56,47.04,47.45
21201,47.59,46.94,47.45
21211,47.60,47.11,47.45
21221,47.63,46.96,47.45
21231,47.65,47.05,47.45
21241,47.67,46.91,47.45
21251,47.69,46.97,47.45
21261,47.71,46.90,47.45
21271,47.73,46.96,47.45
21281,47.75,46.94,47.45
21291,47.77,46.98,47.45
21301,47.78,47.14,47.45
21311,47.79,47.05,47.45
21321,47.80,47.15,47.45
21331,47.81,47.09,47.45
21341,47.81,47.17,47.45
21351,47.82,47.21,47.45
21361,47.82,47.24,47.45
21371,47.82,47.28,47.45
21381,47.83,47.18,47.45
21391,47.82,47.33,47.45
21401,47.82,47.24,47.45
21411,47.82,47.37,47.45
21421,47.81,47.37,47.45
21431,47.81,47.38,47.45
21441,47.80,47.50,47.45
21451,47.79,47.33,47.45
21461,47.78,47.60,47.45
21471,47.77,47.43,47.45
21481,47.76,47.57,47.45
21491,47.75,47.36,47.45
21501,47.74,47.48,47.45
21511,47.74,47.44,47.45
21521,47.73,47.37,47.45
21531,47.72,47.55,47.45
21541,47.72,47.27,47.45
21551,47.71,47.49,47.45
21561,47.71,47.24,47.45
21571,47.71,47.34,47.45
21581,47.71,47.24,47.45
21591,47.72,47.22,47.45
21601,47.71,47.34,47.45
21611,47.72,47.18,47.45
21621,47.71,47.39,47.45
21631,47.72,47.18,47.45
21641,47.72,47.30,47.45
21651,47.72,47.25,47.45
21661,47.72,47.18,47.45
21671,47.73,47.27,47.45
21681,47.73,47.15,47.45
21691,47.73,47.33,47.45
21701,47.73,47.15,47.45
21711,47.73,47.38,47.45
21721,47.73,47.22,47.45
21731,47.73,47.31,47.45
21741,47.72,47.33,47.45
21751,47.73,47.19,47.45
21761,47.72,47.31,47.45
21771,47.72,47.24,47.45
21781,47.72,47.28,47.45
21791,47.73,47.17,47.45
21801,47.72,47.35,47.45
21811,47.72,47.31,47.45
21821,47.72,47.24,47.45
21831,47.72,47.31,47.45
21841,47.72,47.20,47.45
21851,47.71,47.35,47.45
21861,47.72,47.12,47.45
21871,47.71,47.39,47.45
21881,47.71,47.28,47.45
21891,47.70,47.35,47.45
21901,47.70,47.31,47.45
21911,47.70,47.25,47.45
21921,47.70,47.35,47.45
21931,47.70,47.18,47.45
21941,47.69,47.33,47.45
21951,47.69,47.27,47.45
21961,47.70,47.16,47.45
21971,47.70,47.16,47.45
21981,47.71,47.10,47.45
21991,47.71,47.17,47.45
22001,47.72,47.08,47.45
22011,47.71,47.29,47.45
22021,47.72,47.16,47.45
22031,47.72,47.16,47.45
22041,47.71,47.31,47.45
22051,47.72,47.15,47.45
22061,47.70,47.44,47.45
22071,47.70,47.21,47.45
22081,47.70,47.31,47.45
22091,47.70,47.22,47.45
22101,47.70,47.19,47.45
22111,47.70,47.29,47.45
22121,47.70,47.08,47.45
22131,47.70,47.32,47.45
22141,47.70,47.09,47.45
22151,47.70,47.23,47.45
22161,47.70,47.22,47.45
22171,47.70,47.24,47.45
22181,47.69,47.31,47.45
22191,47.69,47.18,47.45
22201,47.69,47.30,47.45
22211,47.69,47.14,47.45
22221,47.69,47.12,47.45
22231,47.69,47.25,47.45
22241,47.70,47.09,47.45
22251,47.70,47.14,47.45
22261,47.70,47.08,47.45
22271,47.70,47.17,47.45
22281,47.70,47.22,47.45
22291,47.71,47.13,47.45
22301,47.70,47.29,47.45
22311,47.70,47.17,47.45
22321,47.69,47.31,47.45
22331,47.69,47.18,47.45
22341,47.69,47.18,47.45
22351,47.69,47.14,47.45
22361,47.70,47.05,47.45
22371,47.70,47.08,47.45
22381,47.71,47.06,47.45
22391,47.71,47.12,47.45
22401,47.71,47.13,47.45
22411,47.71,47.24,47.45
22421,47.71,47.16,47.45
22431,47.70,47.25,47.45
22441,47.70,47.13,47.45
22451,47.70,47.20,47.45
22461,47.70,47.16,47.45
22471,47.70,47.12,47.45
22481,47.70,47.20,47.45
22491,47.70,47.09,47.45
22501,47.70,47.14,47.45
22511,47.71,47.00,47.45
22521,47.71,47.22,47.45
22531,47.70,47.19,47.45
22541,47.70,47.17,47.45
22551,47.70,47.25,47.45
22561,47.70,47.00,47.45
22571,47.70,47.23,47.45
22581,47.70,47.16,47.45
22591,47.70,47.08,47.45
22601,47.69,47.23,47.45
22611,47.70,46.92,47.45
22621,47.70,47.27,47.45
22631,47.70,47.17,47.45
22641,47.69,47.16,47.45
22651,47.69,47.11,47.45
22661,47.70,47.00,47.45
22671,47.69,47.29,47.45
22681,47.69,47.11,47.45
22691,47.69,47.17,47.45
22701,47.69,47.06,47.45
22711,47.70,47.02,47.45
22721,47.69,47.22,47.45
22731,47.69,47.07,47.45
22741,47.69,47.20,47.45
22751,47.69,47.01,47.45
22761,47.70,47.01,47.45
22771,47.70,47.09,47.45
22781,47.70,47.07,47.45
22791,47.70,47.15,47.45
22801,47.70,46.98,47.45
22811,47.70,47.13,47.45
22821,47.70,47.10,47.45
22831,47.70,47.19,47.45
22841,47.70,47.07,47.45
22851,47.70,47.06,47.45
22861,47.70,47.05,47.45
22871,47.70,47.01,47.45
22881,47.70,47.21,47.45
22891,47.70,47.02,47.45
22901,47.70,47.10,47.45
22911,47.70,47.14,47.45
22921,47.70,46.99,47.45
22931,47.69,47.34,47.45
22941,47.69,46.95,47.45
22951,47.70,47.02,47.45
22961,47.70,47.07,47.45
22971,47.70,47.03,47.45
22981,47.69,47.14,47.45
22991,47.70,47.01,47.45
23001,47.69,47.16,47.45
23011,47.69,47.10,47.45
23021,47.69,47.15,47.45
23031,47.68,47.11,47.45
23041,47.69,46.95,47.45
23051,47.68,47.17,47.45
23061,47.70,46.83,47.45
23071,47.69,47.14,47.45
23081,47.69,47.14,47.45
23091,47.69,47.07,47.45
23101,47.68,47.17,47.45
23111,47.68,47.01,47.45
23121,47.68,47.12,47.45
23131,47.69,46.95,47.45
23141,47.69,47.04,47.45
23151,47.68,47.08,47.45
23161,47.69,46.96,47.45
23171,47.68,47.19,47.45
23181,47.68,47.02,47.45
23191,47.68,47.07,47.45
23201,47.68,47.12,47.45
23211,47.68,47.03,47.45
23221,47.68,47.08,47.45
23231,47.68,47.01,47.45
23241,47.67,47.11,47.45
23251,47.68,46.98,47.45
23261,47.68,46.92,47.45
23271,47.68,47.04,47.45
23281,47.68,47.05,47.45
23291,47.67,47.24,47.45
23301,47.68,46.88,47.45
23311,47.67,47.08,47.45
23321,47.67,47.09,47.45
23331,47.67,46.99,47.45
23341,47.67,47.00,47.45
23351,47.69,46.77,47.45
23361,47.69,47.00,47.45
23371,47.69,46.97,47.45
23381,47.69,47.08,47.45
23391,47.68,47.08,47.45
23401,47.68,47.03,47.45
23411,47.68,47.07,47.45
23421,47.68,47.03,47.45
23431,47.67,47.09,47.45
23441,47.68,46.95,47.45
23451,47.68,46.86,47.45
23461,47.69,46.99,47.45
23471,47.69,46.91,47.45
23481,47.68,47.09,47.45
23491,47.68,47.01,47.45
23501,47.68,47.00,47.45
23511,47.68,47.06,47.45
23521,47.68,47.06,47.45
23531,47.67,47.11,47.45
23541,47.67,46.98,47.45
23551,47.67,47.07,47.45
23561,47.68,46.78,47.45
23571,47.68,47.04,47.45
23581,47.68,46.89,47.45
23591,47.69,46.88,47.45
23601,47.68,47.05,47.45
23611,47.68,46.96,47.45
23621,47.68,47.10,47.45
23631,47.69,46.73,47.45
23641,47.69,46.97,47.45
23651,47.70,46.83,47.45
23661,47.69,47.06,47.45
23671,47.69,46.93,47.45
23681,47.70,46.86,47.45
23691,47.70,46.88,47.45
23701,47.70,46.89,47.45
23711,47.70,47.01,47.45
23721,47.69,47.07,47.45
23731,47.69,47.08,47.45
23741,47.69,46.96,47.45
23751,47.69,46.94,47.45
23761,47.68,47.12,47.45
23771,47.69,46.83,47.45
23781,47.69,46.94,47.45
23791,47.69,46.94,47.45
23801,47.69,46.89,47.45
23811,47.68,47.09,47.45
23821,47.69,46.87,47.45
23831,47.68,47.00,47.45
23841,47.68,46.91,47.45
23851,47.68,46.95,47.45
23861,47.68,47.00,47.45
23871,47.68,46.86,47.45
23881,47.68,46.99,47.45
23891,47.68,46.90,47.45
23901,47.68,47.03,47.45
23911,47.68,46.91,47.45
23921,47.68,46.86,47.45
23931,47.68,47.02,47.45
23941,47.69,46.76,47.45
23951,47.68,47.01,47.45
23961,47.68,47.06,47.45
23971,47.67,47.01,47.45
23981,47.67,47.03,47.45
23991,47.67,46.80,47.45
24001,47.67,47.04,47.45
24011,47.67,80.50,105.07
24021,47.68,80.67,105.07
24031,47.67,81.32,105.07
24041,47.68,81.47,105.07
24051,47.70,81.65,105.07
24061,47.72,81.90,105.07
24071,47.76,81.92,105.07
24081,47.81,82.07,105.07
24091,47.82,83.24,105.07
24101,47.98,80.62,105.07
24111,48.06,82.42,105.07
24121,48.31,79.34,105.07
24131,48.53,80.19,105.07
24141,48.75,80.43,105.07
24151,49.06,78.89,105.07
24161,49.47,76.86,105.07
24171,49.94,75.73,105.07
24181,50.47,74.73,105.07
24191,51.06,73.57,105.07
24201,51.69,72.66,105.07
24211,52.38,71.53,105.07
24221,53.11,70.45,105.07
24231,53.89,69.63,105.07
24241,54.70,68.71,105.07
24251,55.54,67.86,105.07
24261,56.44,66.67,105.07
24271,57.41,64.86,105.07
24281,58.49,62.53,105.07
24291,59.61,61.17,105.07
24301,60.71,61.40,105.07
24311,61.85,60.23,105.07
24321,63.12,57.08,105.07
24331,64.34,57.73,105.07
24341,65.63,55.82,105.07
24351,66.93,55.05,105.07
24361,68.27,53.91,105.07
24371,69.59,53.63,105.07
24381,70.99,51.36,105.07
24391,72.37,51.37,105.07
24401,73.75,50.71,105.07
24411,75.15,49.69,105.07
24421,76.56,49.03,105.07
24431,77.96,48.33,105.07
24441,79.38,47.51,105.07
24451,80.78,47.11,105.07
24461,82.18,46.48,105.07
24471,83.59,45.68,105.07
24481,84.99,45.20,105.07
24491,86.38,44.75,105.07
24501,87.75,44.39,105.07
24511,89.12,43.66,105.07
24521,90.46,43.68,105.07
24531,91.80,43.00,105.07
24541,93.10,43.08,105.07
24551,94.39,42.67,105.07
24561,95.65,42.68,105.07
24571,96.89,42.24,105.07
24581,98.09,42.44,105.07
24591,99.29,41.94,105.07
24601,100.45,42.01,105.07
24611,101.58,41.96,105.07
24621,102.70,41.52,105.07
24631,103.76,42.03,105.07
24641,104.79,42.13,105.07
24651,105.79,42.21,105.07
24661,106.78,41.90,105.07
24671,107.74,41.77,105.07
24681,108.65,42.20,105.07
24691,109.55,41.99,105.07
24701,110.42,41.83,105.07
24711,111.27,41.86,105.07
24721,112.09,41.94,105.07
24731,112.87,42.31,105.07
24741,113.62,42.24,105.07
24751,114.36,42.00,105.07
24761,115.08,41.94,105.07
24771,115.77,42.10,105.07
24781,116.43,42.40,105.07
24791,117.06,42.28,105.07
24801,117.68,42.11,105.07
24811,118.28,42.29,105.07
24821,118.83,42.64,105.07
24831,119.35,42.84,105.07
24841,119.87,42.55,105.07
24851,120.38,42.44,105.07
24861,120.86,42.41,105.07
24871,121.32,42.67,105.07
24881,121.74,43.06,105.07
24891,122.13,43.24,105.07
24901,122.51,43.09,105.07
24911,122.89,42.89,105.07
24921,123.25,42.85,105.07
24931,123.57,43.28,105.07
24941,123.86,43.74,105.07
24951,124.12,43.92,105.07
24961,124.38,43.80,105.07
24971,124.62,43.76,105.07
24981,124.84,44.02,105.07
24991,125.03,44.42,105.07
25001,125.19,44.70,105.07
25011,125.35,44.53,105.07
25021,125.50,44.56,105.07
25031,125.61,44.98,105.07
25041,125.71,45.20,105.07
25051,125.77,45.68,105.07
25061,125.83,45.46,105.07
25071,125.89,45.51,105.07
25081,125.91,45.93,105.07
25091,125.90,46.41,105.07
25101,125.90,46.21,105.07
25111,125.89,46.22,105.07
25121,125.84,46.89,105.07
25131,125.79,46.91,105.07
25141,125.75,46.50,105.07
25151,125.68,46.92,105.07
25161,125.60,47.18,105.07
25171,125.53,46.74,105.07
25181,125.44,47.07,105.07
25191,125.34,47.29,105.07
25201,125.25,46.84,105.07
25211,125.14,47.33,105.07
25221,125.03,47.27,105.07
25231,124.93,46.94,105.07
25241,124.80,47.51,105.07
25251,124.68,47.11,105.07
25261,124.56,47.34,105.07
25271,124.41,47.71,105.07
25281,124.28,47.17,105.07
25291,124.12,47.78,105.07
25301,123.99,47.37,105.07
25311,123.84,47.47,105.07
25321,123.67,47.88,105.07
25331,123.53,47.41,105.07
25341,123.35,48.07,105.07
25351,123.19,47.62,105.07
25361,123.01,47.92,105.07
25371,122.83,48.00,105.07
25381,122.66,47.88,105.07
25391,122.46,48.30,105.07
25401,122.29,47.79,105.07
25411,122.09,48.40,105.07
25421,121.91,47.87,105.07
25431,121.71,48.39,105.07
25441,121.53,48.08,105.07
25451,121.32,48.40,105.07
25461,121.12,48.48,105.07
25471,120.92,48.39,105.07
25481,120.70,48.77,105.07
25491,120.50,48.43,105.07
25501,120.27,49.05,105.07
25511,120.07,48.54,105.07
25521,119.83,49.30,105.07
25531,119.62,48.70,105.07
25541,119.38,49.33,105.07
25551,119.17,48.81,105.07
25561,118.93,49.46,105.07
25571,118.72,49.01,105.07
25581,118.47,49.66,105.07
25591,118.24,49.34,105.07
25601,118.00,49.65,105.07
25611,117.77,49.53,105.07
25621,117.54,49.64,105.07
25631,117.29,49.86,105.07
25641,117.06,49.61,105.07
25651,116.82,50.11,105.07
25661,116.59,49.75,105.07
25671,116.33,50.32,105.07
25681,116.10,49.91,105.07
25691,115.85,50.37,105.07
25701,115.61,50.25,105.07
25711,115.38,50.22,105.07
25721,115.12,50.72,105.07
25731,114.89,50.26,105.07
25741,114.63,50.89,105.07
25751,114.39,50.67,105.07
25761,114.14,50.82,105.07
25771,113.89,51.08,105.07
25781,113.66,50.67,105.07
25791,113.39,51.43,105.07
25801,113.15,51.09,105.07
25811,112.91,51.24,105.07
25821,112.65,51.54,105.07
25831,112.42,51.24,105.07
25841,112.17,51.60,105.07
25851,111.92,51.71,105.07
25861,111.69,51.40,105.07
25871,111.43,52.04,105.07
25881,111.19,51.91,105.07
25891,110.96,51.66,105.07
25901,110.70,52.31,105.07
25911,110.47,52.00,105.07
25921,110.24,51.90,105.07
25931,110.00,52.40,105.07
25941,109.76,52.30,105.07
25951,109.54,52.22,105.07
25961,109.32,52.14,105.07
25971,109.10,52.44,105.07
25981,108.87,52.63,105.07
25991,108.63,52.80,105.07
26001,108.41,52.66,105.07
26011,108.20,52.50,105.07
26021,107.98,52.84,105.07
26031,107.76,53.02,105.07
26041,107.57,52.55,105.07
26051,107.37,52.57,105.07
26061,107.16,53.12,105.07
26071,106.95,53.22,105.07
26081,106.75,52.96,105.07
26091,106.57,52.84,105.07
26101,106.37,53.19,105.07
26111,106.18,53.31,105.07
26121,106.00,52.98,105.07
26131,105.84,52.77,105.07
26141,105.66,53.23,105.07
26151,105.48,53.42,105.07
26161,105.31,53.16,105.07
26171,105.16,53.06,105.07
26181,105.00,53.25,105.07
26191,104.82,53.62,105.07
26201,104.66,53.50,105.07
26211,104.52,53.14,105.07
26221,104.38,53.22,105.07
26231,104.23,53.46,105.07
26241,104.08,53.62,105.07
26251,103.94,53.34,105.07
26261,103.83,53.09,105.07
26271,103.70,53.35,105.07
26281,103.57,53.58,105.07
26291,103.43,53.69,105.07
26301,103.32,53.38,105.07
26311,103.22,53.03,105.07
26321,103.13,53.13,105.07
26331,103.02,53.52,105.07
26341,102.91,53.56,105.07
26351,102.81,53.42,105.07
26361,102.73,53.01,105.07
26371,102.66,53.00,105.07
26381,102.57,53.38,105.07
26391,102.48,53.50,105.07
26401,102.42,53.11,105.07
26411,102.36,52.93,105.07
26421,102.31,52.93,105.07
26431,102.24,53.28,105.07
26441,102.17,53.41,105.07
26451,102.12,53.01,105.07
26461,102.08,52.71,105.07
26471,102.05,52.84,105.07
26481,102.00,53.14,105.07
26491,101.95,53.15,105.07
26501,101.92,52.84,105.07
26511,101.90,52.61,105.07
26521,101.88,52.74,105.07
26531,101.85,53.02,105.07
26541,101.82,52.97,105.07
26551,101.80,52.67,105.07
26561,101.80,52.57,105.07
26571,101.78,52.80,105.07
26581,101.76,52.87,105.07
26591,101.76,52.46,105.07
26601,101.78,52.26,105.07
26611,101.78,52.54,105.07
26621,101.77,52.80,105.07
26631,101.77,52.63,105.07
26641,101.78,52.26,105.07
26651,101.79,52.53,105.07
26661,101.78,52.79,105.07
26671,101.79,52.50,105.07
26681,101.81,52.24,105.07
26691,101.83,52.45,105.07
26701,101.82,52.81,105.07
26711,101.83,52.66,105.07
26721,101.85,52.34,105.07
26731,101.86,52.61,105.07
26741,101.86,52.79,105.07
26751,101.87,52.59,105.07
26761,101.89,52.43,105.07
26771,101.89,52.75,105.07
26781,101.88,53.06,105.07
26791,101.88,52.89,105.07
26801,101.89,52.62,105.07
26811,101.89,52.90,105.07
26821,101.89,53.14,105.07
26831,101.88,53.05,105.07
26841,101.89,52.81,105.07
26851,101.89,53.01,105.07
26861,101.88,53.27,105.07
26871,101.88,53.10,105.07
26881,101.88,52.96,105.07
26891,101.89,52.83,105.07
26901,101.89,53.15,105.07
26911,101.89,53.25,105.07
26921,101.89,52.98,105.07
26931,101.90,53.03,105.07
26941,101.89,53.37,105.07
26951,101.88,53.39,105.07
26961,101.89,53.15,105.07
26971,101.90,53.01,105.07
26981,101.90,53.33,105.07
26991,101.89,53.46,105.07
27001,101.90,53.21,105.07
27011,101.91,53.01,105.07
27021,101.91,53.34,105.07
27031,101.90,53.60,105.07
27041,101.89,53.53,105.07
27051,101.90,53.31,105.07
27061,101.90,53.36,105.07
27071,101.90,53.61,105.07
27081,101.89,53.67,105.07
27091,101.89,53.45,105.07
27101,101.89,53.49,105.07
27111,101.90,53.41,105.07
27121,101.90,53.62,105.07
27131,101.89,53.79,105.07
27141,101.88,53.70,105.07
27151,101.89,53.44,105.07
27161,101.88,53.87,105.07
27171,101.89,53.62,105.07
27181,101.89,53.51,105.07
27191,101.90,53.60,105.07
27201,101.90,53.83,105.07
27211,101.89,53.97,105.07
27221,101.89,53.74,105.07
27231,101.90,53.49,105.07
27241,101.91,53.69,105.07
27251,101.90,54.00,105.07
27261,101.89,54.08,105.07
27271,101.89,53.86,105.07
27281,101.91,53.64,105.07
27291,101.92,53.72,105.07
27301,101.91,54.16,105.07
27311,101.90,54.10,105.07
27321,101.90,53.94,105.07
27331,101.91,53.76,105.07
27341,101.93,53.77,105.07
27351,101.92,54.21,105.07
27361,101.91,54.29,105.07
27371,101.90,54.15,105.07
27381,101.92,53.88,105.07
27391,101.93,53.82,105.07
27401,101.93,54.11,105.07
27411,101.92,54.39,105.07
27421,101.91,54.43,105.07
27431,101.92,54.03,105.07
27441,101.93,53.92,105.07
27451,101.94,54.08,105.07
27461,101.93,54.46,105.07
27471,101.92,54.48,105.07
27481,101.92,54.39,105.07
27491,101.93,54.13,105.07
27501,101.94,54.06,105.07
27511,101.94,54.34,105.07
27521,101.94,54.52,105.07
27531,101.93,54.62,105.07
27541,101.93,54.42,105.07
27551,101.94,54.21,105.07
27561,101.95,54.17,105.07
27571,101.96,54.40,105.07
27581,101.95,54.61,105.07
27591,101.94,54.72,105.07
27601,101.94,54.52,105.07
27611,101.95,54.40,105.07
27621,101.97,54.30,105.07
27631,101.98,54.42,105.07
27641,101.97,54.73,105.07
27651,101.96,54.85,105.07
27661,101.96,54.64,105.07
27671,101.97,54.59,105.07
27681,101.98,54.38,105.07
27691,102.00,54.40,105.07
27701,102.00,54.67,105.07
27711,101.99,54.89,105.07
27721,101.98,54.98,105.07
27731,101.97,54.92,105.07
27741,101.99,54.55,105.07
27751,102.00,54.51,105.07
27761,102.01,54.65,105.07
27771,102.02,54.75,105.07
27781,102.01,54.95,105.07
27791,102.01,55.09,105.07
27801,102.00,54.97,105.07
27811,102.01,54.82,105.07
27821,102.02,54.64,105.07
27831,102.04,54.66,105.07
27841,102.05,54.81,105.07
27851,102.05,55.06,105.07
27861,102.03,55.29,105.07
27871,102.03,55.20,105.07
27881,102.03,55.05,105.07
27891,102.04,54.87,105.07
27901,102.06,54.74,105.07
27911,102.07,54.87,105.07
27921,102.08,54.95,105.07
27931,102.07,55.20,105.07
27941,102.07,55.27,105.07
27951,102.07,55.26,105.07
27961,102.06,55.22,105.07
27971,102.08,54.97,105.07
27981,102.10,54.86,105.07
27991,102.11,54.91,105.07
28001,102.12,55.05,105.07
28011,102.12,42.56,83.20
28021,102.11,42.58,83.20
28031,102.11,42.40,83.20
28041,102.11,42.22,83.20
28051,102.12,41.74,83.20
28061,102.13,41.67,83.20
28071,102.12,42.02,83.20
28081,102.12,41.68,83.20
28091,102.10,41.95,83.20
28101,102.07,41.92,83.20
28111,102.03,42.32,83.20
28121,101.99,41.95,83.20
28131,101.92,42.52,83.20
28141,101.86,42.34,83.20
28151,101.78,42.42,83.20
28161,101.68,42.96,83.20
28171,101.58,42.94,83.20
28181,101.45,43.28,83.20
28191,101.32,43.49,83.20
28201,101.15,43.98,83.20
28211,100.98,44.09,83.20
28221,100.81,44.22,83.20
28231,100.61,44.60,83.20
28241,100.40,45.02,83.20
28251,100.18,45.13,83.20
28261,99.95,45.23,83.20
28271,99.70,45.74,83.20
28281,99.44,46.16,83.20
28291,99.16,46.32,83.20
28301,98.88,46.56,83.20
28311,98.58,47.04,83.20
28321,98.26,47.53,83.20
28331,97.94,47.44,83.20
28341,97.61,47.88,83.20
28351,97.25,48.52,83.20
28361,96.90,48.49,83.20
28371,96.53,49.21,83.20
28381,96.15,49.25,83.20
28391,95.77,49.38,83.20
28401,95.37,50.19,83.20
28411,94.97,50.21,83.20
28421,94.53,51.01,83.20
28431,94.12,50.84,83.20
28441,93.67,51.67,83.20
28451,93.24,51.46,83.20
28461,92.80,51.94,83.20
28471,92.36,52.10,83.20
28481,91.90,52.64,83.20
28491,91.44,52.86,83.20
28501,90.99,52.86,83.20
28511,90.53,53.39,83.20
28521,90.07,53.44,83.20
28531,89.62,53.53,83.20
28541,89.15,54.16,83.20
28551,88.70,54.07,83.20
28561,88.26,54.05,83.20
28571,87.80,54.68,83.20
28581,87.34,54.87,83.20
28591,86.90,54.65,83.20
28601,86.47,54.91,83.20
28611,86.02,55.26,83.20
28621,85.58,55.55,83.20
28631,85.15,55.50,83.20
28641,84.73,55.39,83.20
28651,84.31,55.65,83.20
28661,83.89,56.02,83.20
28671,83.47,56.21,83.20
28681,83.06,56.23,83.20
28691,82.67,56.17,83.20
28701,82.29,56.15,83.20
28711,81.91,56.15,83.20
28721,81.55,56.31,83.20
28731,81.19,56.38,83.20
28741,80.82,56.63,83.20
28751,80.47,56.73,83.20
28761,80.12,56.72,83.20
28771,79.78,56.83,83.20
28781,79.46,56.80,83.20
28791,79.15,56.67,83.20
28801,78.84,56.75,83.20
28811,78.56,56.58,83.20
28821,78.29,56.46,83.20
28831,78.02,56.50,83.20
28841,77.78,56.27,83.20
28851,77.55,56.30,83.20
28861,77.32,56.27,83.20
28871,77.11,56.14,83.20
28881,76.91,56.06,83.20
28891,76.71,56.20,83.20
28901,76.53,56.07,83.20
28911,76.35,56.07,83.20
28921,76.18,56.17,83.20
28931,76.02,55.93,83.20
28941,75.87,56.01,83.20
28951,75.73,55.82,83.20
28961,75.61,55.60,83.20
28971,75.50,55.63,83.20
28981,75.40,55.34,83.20
28991,75.32,55.14,83.20
29001,75.25,55.12,83.20
29011,75.19,54.86,83.20
29021,75.14,54.79,83.20
29031,75.09,54.78,83.20
29041,75.06,54.54,83.20
29051,75.03,54.64,83.20
29061,75.01,54.52,83.20
29071,75.00,54.33,83.20
29081,75.00,54.25,83.20
29091,75.02,53.88,83.20
29101,75.04,53.88,83.20
29111,75.06,53.81,83.20
29121,75.10,53.70,83.20
29131,75.12,53.90,83.20
29141,75.16,53.72,83.20
29151,75.20,53.50,83.20
29161,75.26,53.45,83.20
29171,75.32,53.28,83.20
29181,75.37,53.53,83.20
29191,75.42,53.47,83.20
29201,75.47,53.55,83.20
29211,75.53,53.39,83.20
29221,75.60,53.21,83.20
29231,75.66,53.34,83.20
29241,75.72,53.51,83.20
29251,75.78,53.37,83.20
29261,75.85,53.28,83.20
29271,75.92,53.18,83.20
29281,75.99,53.37,83.20
29291,76.04,53.53,83.20
29301,76.11,53.41,83.20
29311,76.18,53.17,83.20
29321,76.25,53.29,83.20
29331,76.31,53.51,83.20
29341,76.38,53.46,83.20
29351,76.45,53.34,83.20
29361,76.51,53.37,83.20
29371,76.57,53.57,83.20
29381,76.62,53.81,83.20
29391,76.68,53.59,83.20
29401,76.75,53.29,83.20
29411,76.81,53.55,83.20
29421,76.86,53.74,83.20
29431,76.91,53.89,83.20
29441,76.97,53.69,83.20
29451,77.03,53.48,83.20
29461,77.08,53.83,83.20
29471,77.13,53.87,83.20
29481,77.19,53.71,83.20
29491,77.23,53.91,83.20
29501,77.28,53.89,83.20
29511,77.33,53.94,83.20
29521,77.37,54.04,83.20
29531,77.43,53.81,83.20
29541,77.48,53.94,83.20
29551,77.52,54.10,83.20
29561,77.56,54.13,83.20
29571,77.60,54.17,83.20
29581,77.64,54.00,83.20
29591,77.70,53.96,83.20
29601,77.74,54.16,83.20
29611,77.77,54.42,83.20
29621,77.80,54.23,83.20
29631,77.84,54.26,83.20
29641,77.88,54.26,83.20
29651,77.94,53.93,83.20
29661,77.98,54.21,83.20
29671,78.03,54.15,83.20
29681,78.07,54.19,83.20
29691,78.12,54.07,83.20
29701,78.16,54.26,83.20
29711,78.20,54.34,83.20
29721,78.24,54.32,83.20
29731,78.28,54.38,83.20
29741,78.33,54.06,83.20
29751,78.37,54.21,83.20
29761,78.41,54.33,83.20
29771,78.46,54.32,83.20
29781,78.49,54.46,83.20
29791,78.53,54.43,83.20
29801,78.58,54.10,83.20
29811,78.63,54.21,83.20
29821,78.68,54.16,83.20
29831,78.72,54.29,83.20
29841,78.76,54.54,83.20
29851,78.79,54.42,83.20
29861,78.84,54.24,83.20
29871,78.89,54.23,83.20
29881,78.95,54.05,83.20
29891,78.99,54.31,83.20
29901,79.03,54.38,83.20
29911,79.07,54.44,83.20
29921,79.11,54.42,83.20
29931,79.16,54.16,83.20
29941,79.21,54.19,83.20
29951,79.26,54.30,83.20
29961,79.30,54.30,83.20
29971,79.34,54.52,83.20
29981,79.38,54.38,83.20
29991,79.43,54.21,83.20
30001,79.48,54.22,83.20
30011,79.53,54.18,83.20
30021,79.56,54.44,83.20
30031,79.60,54.57,83.20
30041,79.63,54.46,83.20
30051,79.67,54.51,83.20
30061,79.72,54.16,83.20
30071,79.77,54.22,83.20
30081,79.80,54.53,83.20
30091,79.84,54.53,83.20
30101,79.87,54.64,83.20
30111,79.90,54.58,83.20
30121,79.94,54.27,83.20
30131,79.98,54.43,83.20
30141,80.02,54.53,83.20
30151,80.05,54.59,83.20
30161,80.07,54.70,83.20
30171,80.10,54.74,83.20
30181,80.14,54.42,83.20
30191,80.17,54.63,83.20
30201,80.20,54.61,83.20
30211,80.22,54.71,83.20
30221,80.24,54.98,83.20
30231,80.26,54.74,83.20
30241,80.29,54.77,83.20
30251,80.31,54.77,83.20
30261,80.35,54.46,83.20
30271,80.39,54.55,83.20
30281,80.42,54.67,83.20
30291,80.44,54.71,83.20
30301,80.46,54.84,83.20
30311,80.50,54.62,83.20
30321,80.54,54.35,83.20
30331,80.59,54.27,83.20
30341,80.63,54.40,83.20
30351,80.67,54.48,83.20
30361,80.70,54.61,83.20
30371,80.74,54.54,83.20
30381,80.77,54.48,83.20
30391,80.82,54.34,83.20
30401,80.87,54.12,83.20
30411,80.92,54.23,83.20
30421,80.95,54.44,83.20
30431,80.99,54.49,83.20
30441,81.02,54.47,83.20
30451,81.07,54.22,83.20
30461,81.12,54.10,83.20
30471,81.17,54.17,83.20
30481,81.22,54.18,83.20
30491,81.25,54.43,83.20
30501,81.29,54.37,83.20
30511,81.33,54.23,83.20
30521,81.38,54.11,83.20
30531,81.43,54.04,83.20
30541,81.47,54.13,83.20
30551,81.51,54.23,83.20
30561,81.54,54.47,83.20
30571,81.58,54.24,83.20
30581,81.62,54.08,83.20
30591,81.67,54.12,83.20
30601,81.71,54.03,83.20
30611,81.75,54.28,83.20
30621,81.77,54.55,83.20
30631,81.80,54.30,83.20
30641,81.83,54.35,83.20
30651,81.86,54.24,83.20
30661,81.90,54.14,83.20
30671,81.92,54.53,83.20
30681,81.94,54.49,83.20
30691,81.96,54.54,83.20
30701,81.98,54.50,83.20
30711,82.01,54.23,83.20
30721,82.04,54.34,83.20
30731,82.05,54.53,83.20
30741,82.07,54.54,83.20
30751,82.09,54.59,83.20
30761,82.11,54.40,83.20
30771,82.14,54.26,83.20
30781,82.16,54.41,83.20
30791,82.18,54.52,83.20
30801,82.19,54.69,83.20
30811,82.19,54.86,83.20
30821,82.20,54.48,83.20
30831,82.21,54.69,83.20
30841,82.22,54.64,83.20
30851,82.25,54.36,83.20
30861,82.26,54.50,83.20
30871,82.28,54.53,83.20
30881,82.30,54.49,83.20
30891,82.32,54.43,83.20
30901,82.34,54.39,83.20
30911,82.35,54.58,83.20
30921,82.36,54.73,83.20
30931,82.36,54.72,83.20
30941,82.37,54.58,83.20
30951,82.39,54.50,83.20
30961,82.41,54.47,83.20
30971,82.42,54.66,83.20
30981,82.42,54.80,83.20
30991,82.41,54.87,83.20
31001,82.41,54.84,83.20
31011,82.43,54.59,83.20
31021,82.44,54.57,83.20
31031,82.45,54.67,83.20
31041,82.46,54.62,83.20
31051,82.46,54.83,83.20
31061,82.45,54.92,83.20
31071,82.46,54.75,83.20
31081,82.46,54.77,83.20
31091,82.48,54.59,83.20
31101,82.49,54.64,83.20
31111,82.49,54.79,83.20
31121,82.48,54.98,83.20
31131,82.47,55.07,83.20
31141,82.47,54.90,83.20
31151,82.47,54.86,83.20
31161,82.48,54.81,83.20
31171,82.49,54.67,83.20
31181,82.48,54.93,83.20
31191,82.48,54.94,83.20
31201,82.47,55.14,83.20
31211,82.46,55.18,83.20
31221,82.46,54.77,83.20
31231,82.47,54.79,83.20
31241,82.48,54.71,83.20
31251,82.49,54.74,83.20
31261,82.49,54.92,83.20
31271,82.48,55.01,83.20
31281,82.48,55.10,83.20
31291,82.47,54.98,83.20
31301,82.47,54.94,83.20
31311,82.48,54.79,83.20
31321,82.49,54.79,83.20
31331,82.49,54.95,83.20
31341,82.49,54.97,83.20
31351,82.48,55.05,83.20
31361,82.48,55.09,83.20
31371,82.48,54.99,83.20
31381,82.49,54.84,83.20
31391,82.49,54.81,83.20
31401,82.51,54.69,83.20
31411,82.50,55.09,83.20
31421,82.50,55.11,83.20
31431,82.49,55.06,83.20
31441,82.49,55.15,83.20
31451,82.49,54.87,83.20
31461,82.50,54.83,83.20
31471,82.51,54.75,83.20
31481,82.53,54.75,83.20
31491,82.53,54.95,83.20
31501,82.53,55.02,83.20
31511,82.52,55.16,83.20
31521,82.52,55.12,83.20
31531,82.52,55.03,83.20
31541,82.53,54.77,83.20
31551,82.55,54.70,83.20
31561,82.56,54.77,83.20
31571,82.56,54.91,83.20
31581,82.57,54.91,83.20
31591,82.56,55.12,83.20
31601,82.56,55.08,83.20
31611,82.57,54.98,83.20
31621,82.58,54.77,83.20
31631,82.60,54.61,83.20
31641,82.61,54.78,83.20
31651,82.62,54.90,83.20
31661,82.62,55.04,83.20
31671,82.62,54.94,83.20
31681,82.62,55.07,83.20
31691,82.63,54.77,83.20
31701,82.65,54.74,83.20
31711,82.66,54.83,83.20
31721,82.67,54.74,83.20
31731,82.68,54.83,83.20
31741,82.68,55.03,83.20
31751,82.69,54.84,83.20
31761,82.69,54.97,83.20
31771,82.70,54.88,83.20
31781,82.73,54.40,83.20
31791,82.74,54.81,83.20
31801,82.75,54.65,83.20
31811,82.77,54.69,83.20
31821,82.76,55.09,83.20
31831,82.78,54.74,83.20
31841,82.78,54.94,83.20
31851,82.78,54.94,83.20
31861,82.80,54.64,83.20
31871,82.82,54.51,83.20
31881,82.84,54.63,83.20
31891,82.85,54.82,83.20
31901,82.85,55.00,83.20
31911,82.85,54.95,83.20
31921,82.86,54.80,83.20
31931,82.86,54.86,83.20
31941,82.87,54.71,83.20
31951,82.89,54.68,83.20
31961,82.89,54.88,83.20
31971,82.89,54.90,83.20
31981,82.89,54.97,83.20
31991,82.89,55.01,83.20
32001,82.90,54.80,83.20
32011,82.91,46.87,69.87
32021,82.93,46.86,69.87
32031,82.94,46.72,69.87
32041,82.95,46.72,69.87
32051,82.95,46.72,69.87
32061,82.95,46.78,69.87
32071,82.95,46.70,69.87
32081,82.95,46.58,69.87
32091,82.94,46.69,69.87
32101,82.90,47.13,69.87
32111,82.88,46.82,69.87
32121,82.83,47.12,69.87
32131,82.78,47.27,69.87
32141,82.74,47.00,69.87
32151,82.67,47.43,69.87
32161,82.62,47.07,69.87
32171,82.54,47.62,69.87
32181,82.48,47.27,69.87
32191,82.39,47.66,69.87
32201,82.31,47.50,69.87
32211,82.21,48.01,69.87
32221,82.11,47.82,69.87
32231,81.98,48.38,69.87
32241,81.88,47.94,69.87
32251,81.74,48.55,69.87
32261,81.62,48.29,69.87
32271,81.47,48.69,69.87
32281,81.33,48.65,69.87
32291,81.17,49.02,69.87
32301,81.02,48.90,69.87
32311,80.85,49.38,69.87
32321,80.68,49.29,69.87
32331,80.49,49.68,69.87
32341,80.31,49.66,69.87
32351,80.11,49.98,69.87
32361,79.92,50.00,69.87
32371,79.71,50.31,69.87
32381,79.50,50.40,69.87
32391,79.27,50.76,69.87
32401,79.06,50.58,69.87
32411,78.82,51.13,69.87
32421,78.61,50.75,69.87
32431,78.36,51.48,69.87
32441,78.13,51.32,69.87
32451,77.88,51.59,69.87
32461,77.63,51.86,69.87
32471,77.39,51.60,69.87
32481,77.14,52.13,69.87
32491,76.89,52.05,69.87
32501,76.64,52.13,69.87
32511,76.38,52.63,69.87
32521,76.12,52.55,69.87
32531,75.86,52.60,69.87
32541,75.60,52.95,69.87
32551,75.35,52.70,69.87
32561,75.10,52.81,69.87
32571,74.84,53.10,69.87
32581,74.59,53.19,69.87
32591,74.34,53.08,69.87
32601,74.10,53.10,69.87
32611,73.85,53.51,69.87
32621,73.61,53.41,69.87
32631,73.38,53.21,69.87
32641,73.13,53.65,69.87
32651,72.89,53.80,69.87
32661,72.66,53.56,69.87
32671,72.45,53.35,69.87
32681,72.23,53.47,69.87
32691,72.01,53.67,69.87
32701,71.80,53.74,69.87
32711,71.60,53.48,69.87
32721,71.40,53.58,69.87
32731,71.21,53.61,69.87
32741,71.01,53.86,69.87
32751,70.82,53.71,69.87
32761,70.65,53.55,69.87
32771,70.47,53.65,69.87
32781,70.30,53.65,69.87
32791,70.12,53.87,69.87
32801,69.96,53.67,69.87
32811,69.81,53.46,69.87
32821,69.66,53.62,69.87
32831,69.51,53.65,69.87
32841,69.37,53.64,69.87
32851,69.24,53.58,69.87
32861,69.11,53.38,69.87
32871,68.99,53.39,69.87
32881,68.87,53.53,69.87
32891,68.76,53.48,69.87
32901,68.65,53.34,69.87
32911,68.56,53.18,69.87
32921,68.47,53.10,69.87
32931,68.38,53.27,69.87
32941,68.29,53.17,69.87
32951,68.21,53.08,69.87
32961,68.15,52.92,69.87
32971,68.09,52.76,69.87
32981,68.02,53.05,69.87
32991,67.97,52.78,69.87
33001,67.94,52.40,69.87
33011,67.90,52.57,69.87
33021,67.86,52.50,69.87
33031,67.82,52.62,69.87
33041,67.79,52.55,69.87
33051,67.78,52.04,69.87
33061,67.77,52.25,69.87
33071,67.75,52.28,69.87
33081,67.74,52.11,69.87
33091,67.74,52.03,69.87
33101,67.74,51.99,69.87
33111,67.74,51.98,69.87
33121,67.75,51.87,69.87
33131,67.77,51.66,69.87
33141,67.77,51.97,69.87
33151,67.78,51.94,69.87
33161,67.80,51.62,69.87
33171,67.82,51.75,69.87
33181,67.83,51.85,69.87
33191,67.84,51.74,69.87
33201,67.86,51.70,69.87
33211,67.87,51.82,69.87
33221,67.88,51.87,69.87
33231,67.89,51.91,69.87
33241,67.91,51.77,69.87
33251,67.92,51.84,69.87
33261,67.93,51.90,69.87
33271,67.94,52.06,69.87
33281,67.94,52.06,69.87
33291,67.95,51.95,69.87
33301,67.96,51.94,69.87
33311,67.96,52.15,69.87
33321,67.95,52.29,69.87
33331,67.96,52.06,69.87
33341,67.95,52.28,69.87
33351,67.94,52.43,69.87
33361,67.95,52.11,69.87
33371,67.94,52.31,69.87
33381,67.94,52.43,69.87
33391,67.94,52.17,69.87
33401,67.94,52.21,69.87
33411,67.94,52.40,69.87
33421,67.93,52.40,69.87
33431,67.94,52.32,69.87
33441,67.94,52.24,69.87
33451,67.94,52.42,69.87
33461,67.93,52.51,69.87
33471,67.94,52.19,69.87
33481,67.95,52.17,69.87
33491,67.95,52.38,69.87
33501,67.95,52.34,69.87
33511,67.96,52.17,69.87
33521,67.96,52.42,69.87
33531,67.96,52.50,69.87
33541,67.97,52.20,69.87
33551,67.98,52.28,69.87
33561,67.98,52.56,69.87
33571,67.98,52.42,69.87
33581,67.98,52.37,69.87
33591,67.99,52.48,69.87
33601,67.99,52.50,69.87
33611,67.99,52.53,69.87
33621,68.00,52.29,69.87
33631,68.00,52.50,69.87
33641,67.99,52.73,69.87
33651,67.99,52.57,69.87
33661,67.99,52.50,69.87
33671,67.99,52.69,69.87
33681,67.99,52.63,69.87
33691,68.00,52.37,69.87
33701,68.00,52.59,69.87
33711,68.00,52.76,69.87
33721,68.00,52.56,69.87
33731,68.01,52.54,69.87
33741,68.00,52.71,69.87
33751,68.00,52.75,69.87
33761,68.01,52.61,69.87
33771,68.01,52.66,69.87
33781,68.00,52.82,69.87
33791,68.00,52.72,69.87
33801,68.02,52.52,69.87
33811,68.03,52.49,69.87
33821,68.03,52.66,69.87
33831,68.03,52.81,69.87
33841,68.03,52.72,69.87
33851,68.04,52.76,69.87
33861,68.03,52.83,69.87
33871,68.03,52.83,69.87
33881,68.05,52.58,69.87
33891,68.05,52.80,69.87
33901,68.04,52.88,69.87
33911,68.04,52.87,69.87
33921,68.07,52.43,69.87
33931,68.07,52.80,69.87
33941,68.06,52.97,69.87
33951,68.06,52.99,69.87
33961,68.06,52.85,69.87
33971,68.06,52.92,69.87
33981,68.06,53.01,69.87
33991,68.06,52.88,69.87
34001,68.07,52.74,69.87
34011,68.07,53.00,69.87
34021,68.06,53.16,69.87
34031,68.07,52.85,69.87
34041,68.08,52.76,69.87
34051,68.09,52.85,69.87
34061,68.08,53.11,69.87
34071,68.08,52.99,69.87
34081,68.09,52.82,69.87
34091,68.10,52.94,69.87
34101,68.10,53.13,69.87
34111,68.11,52.82,69.87
34121,68.12,52.82,69.87
34131,68.13,52.89,69.87
34141,68.12,53.17,69.87
34151,68.13,53.01,69.87
34161,68.14,52.83,69.87
34171,68.15,52.99,69.87
34181,68.14,53.19,69.87
34191,68.15,53.04,69.87
34201,68.16,52.91,69.87
34211,68.17,52.93,69.87
34221,68.17,53.08,69.87
34231,68.18,53.04,69.87
34241,68.19,52.92,69.87
34251,68.20,52.93,69.87
34261,68.21,53.03,69.87
34271,68.22,53.01,69.87
34281,68.24,52.83,69.87
34291,68.25,52.82,69.87
34301,68.26,53.02,69.87
34311,68.27,53.11,69.87
34321,68.28,52.93,69.87
34331,68.29,52.92,69.87
34341,68.30,53.05,69.87
34351,68.30,53.15,69.87
34361,68.32,52.94,69.87
34371,68.34,52.87,69.87
34381,68.34,53.04,69.87
34391,68.35,53.20,69.87
34401,68.35,53.14,69.87
34411,68.37,52.92,69.87
34421,68.37,53.09,69.87
34431,68.37,53.25,69.87
34441,68.38,53.25,69.87
34451,68.39,53.02,69.87
34461,68.39,53.23,69.87
34471,68.39,53.23,69.87
34481,68.39,53.36,69.87
34491,68.39,53.26,69.87
34501,68.40,53.15,69.87
34511,68.39,53.45,69.87
34521,68.39,53.47,69.87
34531,68.39,53.26,69.87
34541,68.40,53.21,69.87
34551,68.40,53.31,69.87
34561,68.40,53.42,69.87
34571,68.39,53.42,69.87
34581,68.40,53.25,69.87
34591,68.41,53.26,69.87
34601,68.40,53.56,69.87
34611,68.40,53.42,69.87
34621,68.41,53.23,69.87
34631,68.42,53.18,69.87
34641,68.43,53.24,69.87
34651,68.43,53.47,69.87
34661,68.43,53.39,69.87
34671,68.44,53.27,69.87
34681,68.45,53.22,69.87
34691,68.46,53.31,69.87
34701,68.46,53.44,69.87
34711,68.46,53.49,69.87
34721,68.47,53.29,69.87
34731,68.48,53.27,69.87
34741,68.48,53.40,69.87
34751,68.48,53.56,69.87
34761,68.48,53.50,69.87
34771,68.50,53.24,69.87
34781,68.50,53.48,69.87
34791,68.50,53.53,69.87
34801,68.49,53.65,69.87
34811,68.49,53.51,69.87
34821,68.51,53.29,69.87
34831,68.52,53.38,69.87
34841,68.52,53.52,69.87
34851,68.52,53.53,69.87
34861,68.52,53.46,69.87
34871,68.54,53.28,69.87
34881,68.56,53.22,69.87
34891,68.57,53.32,69.87
34901,68.58,53.45,69.87
34911,68.59,53.37,69.87
34921,68.60,53.32,69.87
34931,68.61,53.38,69.87
34941,68.62,53.41,69.87
34951,68.62,53.51,69.87
34961,68.63,53.41,69.87
34971,68.66,53.13,69.87
34981,68.67,53.29,69.87
34991,68.68,53.47,69.87
35001,68.68,53.47,69.87
35011,68.69,53.43,69.87
35021,68.71,53.27,69.87
35031,68.73,53.26,69.87
35041,68.73,53.47,69.87
35051,68.74,53.50,69.87
35061,68.75,53.34,69.87
35071,68.77,53.31,69.87
35081,68.78,53.36,69.87
35091,68.78,53.51,69.87
35101,68.79,53.52,69.87
35111,68.80,53.39,69.87
35121,68.82,53.25,69.87
35131,68.84,53.26,69.87
35141,68.84,53.50,69.87
35151,68.85,53.50,69.87
35161,68.86,53.34,69.87
35171,68.88,53.27,69.87
35181,68.89,53.39,69.87
35191,68.90,53.46,69.87
35201,68.91,53.43,69.87
35211,68.92,53.31,69.87
35221,68.94,53.23,69.87
35231,68.96,53.28,69.87
35241,68.96,53.49,69.87
35251,68.97,53.43,69.87
35261,69.01,52.90,69.87
35271,69.02,53.32,69.87
35281,69.04,53.18,69.87
35291,69.05,53.46,69.87
35301,69.06,53.31,69.87
35311,69.09,52.94,69.87
35321,69.11,53.19,69.87
35331,69.12,53.27,69.87
35341,69.14,53.15,69.87
35351,69.16,53.33,69.87
35361,69.18,52.95,69.87
35371,69.21,53.12,69.87
35381,69.22,53.28,69.87
35391,69.24,53.16,69.87
35401,69.25,53.24,69.87
35411,69.27,53.14,69.87
35421,69.28,53.31,69.87
35431,69.29,53.22,69.87
35441,69.31,53.16,69.87
35451,69.34,52.92,69.87
35461,69.36,53.01,69.87
35471,69.37,53.22,69.87
35481,69.39,53.08,69.87
35491,69.42,52.95,69.87
35501,69.44,52.94,69.87
35511,69.46,53.22,69.87
35521,69.46,53.29,69.87
35531,69.48,53.10,69.87
35541,69.50,53.06,69.87
35551,69.51,53.10,69.87
35561,69.53,53.14,69.87
35571,69.54,53.16,69.87
35581,69.56,52.98,69.87
35591,69.58,53.08,69.87
35601,69.58,53.21,69.87
35611,69.59,53.20,69.87
35621,69.61,53.05,69.87
35631,69.63,52.94,69.87
35641,69.64,53.15,69.87
35651,69.65,53.13,69.87
35661,69.67,53.07,69.87
35671,69.68,53.06,69.87
35681,69.70,52.96,69.87
35691,69.71,53.18,69.87
35701,69.72,53.01,69.87
35711,69.74,53.01,69.87
35721,69.74,53.21,69.87
35731,69.75,53.10,69.87
35741,69.77,52.96,69.87
35751,69.78,53.00,69.87
35761,69.79,53.09,69.87
35771,69.80,53.13,69.87
35781,69.81,53.10,69.87
35791,69.82,52.99,69.87
35801,69.83,53.23,69.87
35811,69.83,53.23,69.87
35821,69.83,53.13,69.87
35831,69.84,53.10,69.87
35841,69.84,53.23,69.87
35851,69.84,53.25,69.87
35861,69.85,53.14,69.87
35871,69.86,53.09,69.87
35881,69.86,53.16,69.87
35891,69.86,53.33,69.87
35901,69.86,53.22,69.87
35911,69.87,53.10,69.87
35921,69.87,53.16,69.87
35931,69.87,53.24,69.87
35941,69.87,53.27,69.87
35951,69.88,53.08,69.87
35961,69.89,53.08,69.87
35971,69.88,53.36,69.87
35981,69.88,53.27,69.87
35991,69.88,53.10,69.87
36001,69.89,53.13,69.87
36011,69.89,27.34,25.60
36021,69.89,27.25,25.60
36031,69.88,27.04,25.60
36041,69.89,26.34,25.60
36051,69.88,26.50,25.60
36061,69.86,26.32,25.60
36071,69.85,25.92,25.60
36081,69.81,26.31,25.60
36091,69.76,26.14,25.60
36101,69.68,26.47,25.60
36111,69.59,26.42,25.60
36121,69.50,26.38,25.60
36131,69.37,26.67,25.60
36141,69.24,26.63,25.60
36151,69.09,26.87,25.60
36161,68.90,27.35,25.60
36171,68.68,27.92,25.60
36181,68.43,28.36,25.60
36191,68.17,28.20,25.60
36201,67.91,28.40,25.60
36211,67.60,29.05,25.60
36221,67.29,29.21,25.60
36231,66.94,29.64,25.60
36241,66.56,30.31,25.60
36251,66.17,30.48,25.60
36261,65.74,31.25,25.60
36271,65.30,31.47,25.60
36281,64.82,32.31,25.60
36291,64.31,32.84,25.60
36301,63.78,33.38,25.60
36311,63.22,34.01,25.60
36321,62.65,34.48,25.60
36331,62.04,35.23,25.60
36341,61.40,35.91,25.60
36351,60.74,36.46,25.60
36361,60.05,37.32,25.60
36371,59.34,37.83,25.60
36381,58.61,38.42,25.60
36391,57.85,39.24,25.60
36401,57.08,39.74,25.60
36411,56.26,40.89,25.60
36421,55.45,41.20,25.60
36431,54.61,41.83,25.60
36441,53.75,42.79,25.60
36451,52.86,43.56,25.60
36461,51.96,44.06,25.60
36471,51.07,44.31,25.60
36481,50.15,45.08,25.60
36491,49.22,45.85,25.60
36501,48.26,46.80,25.60
36511,47.29,47.50,25.60
36521,46.31,47.96,25.60
36531,45.34,48.35,25.60
36541,44.37,48.67,25.60
36551,43.41,48.91,25.60
36561,42.46,49.27,25.60
36571,41.50,49.87,25.60
36581,40.54,50.18,25.60
36591,39.60,50.39,25.60
36601,38.65,51.05,25.60
36611,37.71,51.18,25.60
36621,36.77,51.72,25.60
36631,35.85,51.73,25.60
36641,34.94,52.06,25.60
36651,34.06,51.87,25.60
36661,33.19,52.32,25.60
36671,32.34,52.21,25.60
36681,31.50,52.29,25.60
36691,30.68,52.58,25.60
36701,29.91,51.83,25.60
36711,29.15,52.18,25.60
36721,28.41,51.96,25.60
36731,27.71,51.86,25.60
36741,27.03,51.70,25.60
36751,26.36,51.75,25.60
36761,25.73,51.37,25.60
36771,25.12,51.37,25.60
36781,24.54,51.28,25.60
36791,23.98,50.99,25.60
36801,23.46,50.65,25.60
36811,22.94,50.84,25.60
36821,22.47,50.20,25.60
36831,22.01,50.11,25.60
36841,21.58,50.03,25.60
36851,21.19,49.44,25.60
36861,20.83,49.00,25.60
36871,20.48,49.15,25.60
36881,20.16,48.59,25.60
36891,19.88,48.06,25.60
36901,19.61,48.03,25.60
36911,19.37,47.75,25.60
36921,19.16,47.17,25.60
36931,18.98,46.87,25.60
36941,18.82,46.51,25.60
36951,18.69,46.12,25.60
36961,18.57,45.75,25.60
36971,18.50,45.05,25.60
36981,18.44,44.97,25.60
36991,18.42,44.30,25.60
37001,18.40,44.24,25.60
37011,18.42,43.47,25.60
37021,18.45,43.20,25.60
37031,18.51,42.74,25.60
37041,18.59,42.34,25.60
37051,18.68,42.17,25.60
37061,18.80,41.41,25.60
37071,18.94,40.96,25.60
37081,19.09,40.94,25.60
37091,19.27,40.17,25.60
37101,19.46,39.78,25.60
37111,19.66,39.62,25.60
37121,19.84,39.85,25.60
37131,20.05,39.37,25.60
37141,20.28,38.69,25.60
37151,20.54,38.16,25.60
37161,20.80,37.83,25.60
37171,21.07,37.65,25.60
37181,21.33,37.59,25.60
37191,21.61,37.08,25.60
37201,21.89,37.01,25.60
37211,22.18,36.68,25.60
37221,22.47,36.49,25.60
37231,22.79,35.93,25.60
37241,23.09,35.82,25.60
37251,23.40,35.66,25.60
37261,23.70,35.78,25.60
37271,23.97,36.05,25.60
37281,24.22,36.29,25.60
37291,24.47,36.36,25.60
37301,24.73,35.88,25.60
37311,25.01,35.31,25.60
37321,25.29,35.29,25.60
37331,25.53,35.72,25.60
37341,25.78,35.62,25.60
37351,26.05,34.98,25.60
37361,26.30,35.07,25.60
37371,26.54,35.33,25.60
37381,26.78,35.17,25.60
37391,27.02,34.94,25.60
37401,27.24,35.26,25.60
37411,27.45,35.17,25.60
37421,27.65,35.36,25.60
37431,27.86,35.02,25.60
37441,28.05,35.39,25.60
37451,28.23,35.35,25.60
37461,28.42,35.02,25.60
37471,28.59,35.29,25.60
37481,28.75,35.53,25.60
37491,28.92,35.07,25.60
37501,29.07,35.35,25.60
37511,29.21,35.54,25.60
37521,29.34,35.64,25.60
37531,29.47,35.47,25.60
37541,29.57,35.86,25.60
37551,29.67,35.95,25.60
37561,29.79,35.49,25.60
37571,29.86,36.27,25.60
37581,29.93,36.23,25.60
37591,30.00,36.31,25.60
37601,30.06,36.36,25.60
37611,30.11,36.58,25.60
37621,30.14,36.66,25.60
37631,30.19,36.55,25.60
37641,30.21,36.90,25.60
37651,30.20,37.40,25.60
37661,30.23,36.83,25.60
37671,30.23,37.17,25.60
37681,30.19,37.95,25.60
37691,30.18,37.53,25.60
37701,30.16,37.51,25.60
37711,30.13,37.87,25.60
37721,30.07,38.41,25.60
37731,30.01,38.36,25.60
37741,29.97,37.82,25.60
37751,29.93,38.15,25.60
37761,29.85,38.68,25.60
37771,29.77,38.74,25.60
37781,29.72,38.23,25.60
37791,29.66,38.58,25.60
37801,29.56,39.07,25.60
37811,29.46,39.34,25.60
37821,29.37,39.19,25.60
37831,29.29,38.87,25.60
37841,29.20,39.17,25.60
37851,29.08,39.76,25.60
37861,28.94,40.25,25.60
37871,28.81,40.21,25.60
37881,28.70,39.76,25.60
37891,28.61,39.42,25.60
37901,28.51,39.64,25.60
37911,28.39,40.09,25.60
37921,28.25,40.39,25.60
37931,28.10,40.86,25.60
37941,27.97,40.57,25.60
37951,27.84,40.53,25.60
37961,27.73,40.15,25.60
37971,27.64,39.80,25.60
37981,27.56,39.69,25.60
37991,27.45,40.17,25.60
38001,27.33,40.58,25.60
38011,27.19,40.96,25.60
38021,27.04,41.45,25.60
38031,26.88,41.59,25.60
38041,26.73,41.38,25.60
38051,26.59,41.31,25.60
38061,26.48,40.97,25.60
38071,26.37,40.71,25.60
38081,26.29,40.44,25.60
38091,26.20,40.43,25.60
38101,26.14,40.11,25.60
38111,26.06,40.39,25.60
38121,25.97,40.69,25.60
38131,25.88,40.61,25.60
38141,25.81,40.50,25.60
38151,25.73,40.60,25.60
38161,25.65,40.47,25.60
38171,25.60,40.21,25.60
38181,25.54,40.26,25.60
38191,25.49,40.13,25.60
38201,25.44,40.30,25.60
38211,25.39,40.10,25.60
38221,25.34,40.14,25.60
38231,25.31,40.03,25.60
38241,25.27,40.00,25.60
38251,25.23,40.05,25.60
38261,25.20,39.97,25.60
38271,25.17,39.95,25.60
38281,25.15,39.84,25.60
38291,25.13,39.80,25.60
38301,25.11,39.77,25.60
38311,25.10,39.57,25.60
38321,25.08,39.74,25.60
38331,25.08,39.39,25.60
38341,25.08,39.43,25.60
38351,25.08,39.39,25.60
38361,25.08,39.48,25.60
38371,25.08,39.48,25.60
38381,25.09,39.27,25.60
38391,25.10,39.13,25.60
38401,25.11,39.36,25.60
38411,25.11,39.24,25.60
38421,25.12,39.35,25.60
38431,25.13,39.26,25.60
38441,25.13,39.24,25.60
38451,25.14,39.37,25.60
38461,25.14,39.30,25.60
38471,25.15,39.30,25.60
38481,25.15,39.34,25.60
38491,25.16,39.30,25.60
38501,25.17,39.20,25.60
38511,25.17,39.42,25.60
38521,25.19,39.01,25.60
38531,25.21,39.12,25.60
38541,25.24,38.69,25.60
38551,25.28,38.59,25.60
38561,25.34,38.20,25.60
38571,25.39,38.18,25.60
38581,25.47,37.77,25.60
38591,25.55,37.54,25.60
38601,25.64,37.44,25.60
38611,25.74,37.14,25.60
38621,25.82,37.40,25.60
38631,25.89,37.66,25.60
38641,25.94,37.99,25.60
38651,25.97,38.26,25.60
38661,25.99,38.59,25.60
38671,26.00,38.74,25.60
38681,26.02,38.43,25.60
38691,26.07,37.90,25.60
38701,26.15,37.35,25.60
38711,26.23,37.17,25.60
38721,26.29,37.48,25.60
38731,26.33,38.09,25.60
38741,26.33,38.68,25.60
38751,26.33,38.79,25.60
38761,26.33,38.68,25.60
38771,26.36,38.10,25.60
38781,26.41,37.50,25.60
38791,26.48,37.41,25.60
38801,26.52,37.74,25.60
38811,26.53,38.36,25.60
38821,26.51,38.93,25.60
38831,26.49,39.09,25.60
38841,26.48,38.63,25.60
38851,26.50,38.16,25.60
38861,26.54,37.70,25.60
38871,26.57,37.91,25.60
38881,26.58,38.31,25.60
38891,26.57,38.86,25.60
38901,26.53,39.24,25.60
38911,26.50,39.22,25.60
38921,26.48,38.78,25.60
38931,26.49,38.40,25.60
38941,26.50,38.24,25.60
38951,26.51,38.27,25.60
38961,26.50,38.72,25.60
38971,26.48,38.99,25.60
38981,26.43,39.39,25.60
38991,26.40,39.29,25.60
39001,26.36,39.37,25.60
39011,26.34,38.96,25.60
39021,26.34,38.49,25.60
39031,26.36,38.11,25.60
39041,26.38,38.26,25.60
39051,26.36,38.75,25.60
39061,26.34,39.11,25.60
39071,26.30,39.36,25.60
39081,26.25,39.45,25.60
39091,26.21,39.53,25.60
39101,26.18,39.16,25.60
39111,26.18,38.63,25.60
39121,26.19,38.34,25.60
39131,26.21,38.21,25.60
39141,26.23,38.16,25.60
39151,26.23,38.48,25.60
39161,26.22,38.91,25.60
39171,26.17,39.54,25.60
39181,26.12,39.56,25.60
39191,26.08,39.50,25.60
39201,26.05,39.30,25.60
39211,26.03,39.03,25.60
39221,26.04,38.41,25.60
39231,26.07,38.11,25.60
39241,26.09,38.24,25.60
39251,26.11,38.17,25.60
39261,26.12,38.30,25.60
39271,26.11,38.90,25.60
39281,26.07,39.29,25.60
39291,26.03,39.42,25.60
39301,25.99,39.51,25.60
39311,25.96,39.31,25.60
39321,25.95,38.79,25.60
39331,25.97,38.25,25.60
39341,26.00,38.08,25.60
39351,26.03,37.98,25.60
39361,26.05,38.15,25.60
39371,26.09,37.80,25.60
39381,26.13,37.74,25.60
39391,26.15,38.12,25.60
39401,26.16,38.41,25.60
39411,26.12,39.32,25.60
39421,26.11,38.73,25.60
39431,26.13,38.16,25.60
39441,26.16,37.91,25.60
39451,26.19,37.87,25.60
39461,26.21,38.12,25.60
39471,26.22,38.35,25.60
39481,26.20,38.82,25.60
39491,26.16,39.18,25.60
39501,26.12,39.29,25.60
39511,26.10,38.91,25.60
39521,26.11,38.34,25.60
39531,26.15,37.82,25.60
39541,26.17,37.90,25.60
39551,26.19,38.07,25.60
39561,26.20,38.34,25.60
39571,26.19,38.60,25.60
39581,26.16,39.17,25.60
39591,26.11,39.43,25.60
39601,26.08,39.04,25.60
39611,26.08,38.63,25.60
39621,26.10,38.02,25.60
39631,26.12,37.97,25.60
39641,26.16,37.76,25.60
39651,26.18,37.89,25.60
39661,26.19,38.29,25.60
39671,26.16,39.06,25.60
39681,26.12,39.22,25.60
39691,26.08,39.15,25.60
39701,26.07,38.75,25.60
39711,26.07,38.47,25.60
39721,26.09,38.13,25.60
39731,26.12,37.79,25.60
39741,26.15,37.81,25.60
39751,26.17,38.06,25.60
39761,26.15,38.72,25.60
39771,26.11,39.16,25.60
39781,26.07,39.21,25.60
39791,26.05,38.92,25.60
39801,26.04,38.67,25.60
39811,26.05,38.22,25.60
39821,26.08,37.88,25.60
39831,26.12,37.55,25.60
39841,26.14,37.97,25.60
39851,26.14,38.36,25.60
39861,26.12,38.92,25.60
39871,26.09,39.00,25.60
39881,26.05,39.06,25.60
39891,26.03,38.92,25.60
39901,26.03,38.53,25.60
39911,26.05,37.97,25.60
39921,26.09,37.54,25.60
39931,26.12,37.76,25.60
39941,26.13,38.15,25.60
39951,26.12,38.51,25.60
39961,26.10,38.83,25.60
39971,26.06,39.14,25.60
39981,26.03,39.07,25.60
39991,26.01,38.76,25.60
40001,26.03,38.09,25.60
40011,26.05,37.80,25.60
40021,26.10,37.54,25.60
40031,26.12,37.93,25.60
40041,26.10,38.55,25.60
40051,26.08,38.87,25.60
40061,26.05,39.01,25.60
40071,26.02,38.85,25.60
40081,26.02,38.47,25.60
40091,26.03,38.20,25.60
40101,26.05,37.89,25.60
40111,26.07,37.88,25.60
40121,26.09,38.05,25.60
40131,26.08,38.56,25.60
40141,26.04,38.96,25.60
40151,26.01,39.06,25.60
40161,25.99,38.85,25.60
40171,25.99,38.35,25.60
40181,26.01,37.84,25.60
40191,26.05,37.64,25.60
40201,26.07,37.92,25.60
40211,26.06,38.52,25.60
40221,26.03,38.83,25.60
40231,26.00,39.00,25.60
40241,25.98,38.73,25.60
40251,25.98,38.39,25.60
40261,25.99,38.15,25.60
40271,26.01,37.88,25.60
40281,26.03,37.95,25.60
40291,26.03,38.24,25.60
40301,26.02,38.48,25.60
40311,26.00,38.85,25.60
40321,25.97,38.95,25.60
40331,25.95,38.70,25.60
40341,25.95,38.34,25.60
40351,25.98,37.75,25.60
40361,26.00,37.81,25.60
40371,26.02,37.92,25.60
40381,26.01,38.61,25.60
40391,25.97,39.09,25.60
40401,25.93,39.09,25.60
40411,25.91,38.84,25.60
40421,25.92,38.14,25.60
40431,25.94,37.87,25.60
40441,25.96,37.89,25.60
40451,25.97,38.03,25.60
40461,25.97,38.35,25.60
40471,25.96,38.61,25.60
40481,25.92,38.97,25.60
40491,25.89,38.95,25.60
40501,25.88,38.58,25.60
40511,25.89,38.20,25.60
40521,25.92,37.70,25.60
40531,25.95,37.66,25.60
40541,25.97,37.92,25.60
40551,25.96,38.52,25.60
40561,25.92,39.05,25.60
40571,25.89,39.00,25.60
40581,25.87,38.77,25.60
40591,25.87,38.22,25.60
40601,25.89,38.06,25.60
40611,25.91,37.78,25.60
40621,25.93,37.86,25.60
40631,25.96,37.83,25.60
40641,25.98,37.85,25.60
40651,25.98,38.24,25.60
40661,25.95,38.81,25.60
40671,25.91,39.01,25.60
40681,25.95,37.65,25.60
40691,25.98,37.56,25.60
40701,25.99,37.98,25.60
40711,25.98,38.51,25.60
40721,25.94,38.97,25.60
40731,25.91,38.97,25.60
40741,25.89,38.71,25.60
40751,25.90,38.13,25.60
40761,25.92,37.81,25.60
40771,25.94,37.89,25.60
40781,25.95,37.92,25.60
40791,25.95,38.33,25.60
40801,25.93,38.58,25.60
40811,25.91,38.69,25.60
40821,25.88,38.81,25.60
40831,25.88,38.33,25.60
40841,25.89,38.16,25.60
40851,25.91,37.70,25.60
40861,25.94,37.64,25.60
40871,25.96,37.86,25.60
40881,25.95,38.54,25.60
40891,25.91,38.96,25.60
40901,25.87,38.99,25.60
40911,25.86,38.58,25.60
40921,25.87,38.03,25.60
40931,25.91,37.50,25.60
40941,25.94,37.66,25.60
40951,25.94,38.03,25.60
40961,25.93,38.55,25.60
40971,25.89,38.97,25.60
40981,25.86,38.84,25.60
40991,25.85,38.42,25.60
41001,25.87,37.91,25.60
41011,25.90,37.68,25.60
41021,25.92,37.71,25.60
41031,25.93,38.16,25.60
41041,25.92,38.39,25.60
41051,25.88,38.92,25.60
41061,25.86,38.70,25.60
41071,25.85,38.35,25.60
41081,25.87,37.99,25.60
41091,25.89,37.80,25.60
41101,25.91,37.84,25.60
41111,25.90,38.34,25.60
41121,25.88,38.56,25.60
41131,25.86,38.71,25.60
41141,25.84,38.68,25.60
41151,25.84,38.20,25.60
41161,25.84,38.10,25.60
41171,25.87,37.70,25.60
41181,25.89,37.85,25.60
41191,25.89,38.10,25.60
41201,25.88,38.42,25.60
41211,25.86,38.74,25.60
41221,25.82,38.94,25.60
41231,25.79,38.77,25.60
41241,25.80,38.15,25.60
41251,25.84,37.51,25.60
41261,25.86,37.60,25.60
41271,25.89,37.60,25.60
41281,25.89,38.31,25.60
41291,25.87,38.59,25.60
41301,25.84,38.78,25.60
41311,25.82,38.60,25.60
41321,25.81,38.51,25.60
41331,25.81,38.20,25.60
41341,25.83,37.70,25.60
41351,25.87,37.43,25.60
41361,25.89,37.69,25.60
41371,25.89,38.18,25.60
41381,25.86,38.82,25.60
41391,25.82,38.96,25.60
41401,25.80,38.77,25.60
41411,25.80,38.23,25.60
41421,25.82,37.67,25.60
41431,25.85,37.60,25.60
41441,25.88,37.68,25.60
41451,25.87,38.29,25.60
41461,25.85,38.54,25.60
41471,25.82,38.76,25.60
41481,25.80,38.72,25.60
41491,25.80,38.24,25.60
41501,25.80,38.08,25.60
41511,25.82,37.81,25.60
41521,25.84,37.80,25.60
41531,25.85,38.07,25.60
41541,25.84,38.26,25.60
41551,25.82,38.68,25.60
41561,25.79,38.80,25.60
41571,25.77,38.48,25.60
41581,25.77,38.19,25.60
41591,25.80,37.76,25.60
41601,25.83,37.55,25.60
41611,25.84,37.87,25.60
41621,25.83,38.37,25.60
41631,25.80,38.79,25.60
41641,25.77,38.89,25.60
41651,25.75,38.53,25.60
41661,25.76,37.91,25.60
41671,25.79,37.76,25.60
41681,25.83,37.33,25.60
41691,25.83,38.07,25.60
41701,25.82,38.38,25.60
41711,25.78,38.92,25.60
41721,25.76,38.72,25.60
41731,25.75,38.41,25.60
41741,25.76,37.94,25.60
41751,25.78,37.73,25.60
41761,25.81,37.65,25.60
41771,25.82,37.87,25.60
41781,25.82,38.16,25.60
41791,25.81,38.50,25.60
41801,25.78,38.76,25.60
41811,25.76,38.60,25.60
41821,25.75,38.38,25.60
41831,25.76,37.89,25.60
41841,25.79,37.62,25.60
41851,25.82,37.52,25.60
41861,25.84,37.61,25.60
41871,25.86,37.73,25.60
41881,25.86,38.19,25.60
41891,25.83,38.76,25.60
41901,25.79,38.97,25.60
41911,25.83,37.37,25.60
41921,25.85,37.55,25.60
41931,25.86,37.98,25.60
41941,25.84,38.59,25.60
41951,25.80,38.84,25.60
41961,25.78,38.56,25.60
41971,25.78,38.21,25.60
41981,25.78,38.12,25.60
41991,25.80,37.67,25.60
42001,25.83,37.66,25.60
42011,25.86,37.53,25.60
42021,25.85,38.13,25.60
42031,25.83,38.51,25.60
42041,25.80,38.77,25.60
42051,25.77,38.70,25.60
42061,25.76,38.36,25.60
42071,25.78,37.78,25.60
42081,25.82,37.42,25.60
42091,25.85,37.40,25.60
42101,25.85,38.08,25.60
42111,25.83,38.56,25.60
42121,25.79,38.81,25.60
42131,25.77,38.65,25.60
42141,25.76,38.18,25.60
42151,25.78,37.84,25.60
42161,25.80,37.73,25.60
42171,25.82,37.71,25.60
42181,25.83,37.89,25.60
42191,25.83,38.14,25.60
42201,25.80,38.58,25.60
42211,25.78,38.63,25.60
42221,25.76,38.48,25.60
42231,25.76,38.13,25.60
42241,25.78,37.72,25.60
42251,25.81,37.51,25.60
42261,25.84,37.53,25.60
42271,25.84,38.05,25.60
42281,25.81,38.64,25.60
42291,25.77,38.82,25.60
42301,25.75,38.52,25.60
42311,25.75,38.16,25.60
42321,25.78,37.60,25.60
42331,25.81,37.49,25.60
42341,25.83,37.52,25.60
42351,25.83,38.08,25.60
42361,25.82,38.42,25.60
42371,25.79,38.64,25.60
42381,25.77,38.53,25.60
42391,25.76,38.30,25.60
42401,25.76,37.99,25.60
42411,25.78,37.75,25.60
42421,25.81,37.46,25.60
42431,25.83,37.60,25.60
42441,25.84,37.93,25.60
42451,25.81,38.61,25.60
42461,25.78,38.76,25.60
42471,25.76,38.54,25.60
42481,25.76,38.08,25.60
42491,25.79,37.54,25.60
42501,25.82,37.41,25.60
42511,25.84,37.62,25.60
42521,25.83,38.18,25.60
42531,25.80,38.74,25.60
42541,25.76,38.81,25.60
42551,25.75,38.39,25.60
42561,25.75,37.97,25.60
42571,25.78,37.46,25.60
42581,25.81,37.47,25.60
42591,25.82,37.81,25.60
42601,25.82,38.16,25.60
42611,25.79,38.72,25.60
42621,25.76,38.61,25.60
42631,25.74,38.38,25.60
42641,25.75,37.99,25.60
42651,25.77,37.67,25.60
42661,25.79,37.60,25.60
42671,25.80,37.76,25.60
42681,25.80,38.12,25.60
42691,25.78,38.54,25.60
42701,25.75,38.60,25.60
42711,25.74,38.28,25.60
42721,25.75,37.97,25.60
42731,25.77,37.60,25.60
42741,25.79,37.62,25.60
42751,25.80,37.84,25.60
42761,25.80,38.10,25.60
42771,25.77,38.55,25.60
42781,25.74,38.59,25.60
42791,25.73,38.37,25.60
42801,25.73,38.11,25.60
42811,25.75,37.71,25.60
42821,25.77,37.62,25.60
42831,25.78,37.79,25.60
42841,25.78,38.13,25.60
42851,25.75,38.48,25.60
42861,25.73,38.66,25.60
42871,25.71,38.33,25.60
42881,25.72,38.01,25.60
42891,25.74,37.63,25.60
42901,25.76,37.53,25.60
42911,25.77,37.82,25.60
42921,25.77,38.22,25.60
42931,25.73,38.68,25.60
42941,25.70,38.66,25.60
42951,25.69,38.40,25.60
42961,25.70,37.90,25.60
42971,25.72,37.52,25.60
42981,25.75,37.45,25.60
42991,25.77,37.70,25.60
43001,25.75,38.40,25.60
43011,25.72,38.67,25.60
43021,25.68,38.87,25.60
43031,25.67,38.33,25.60
43041,25.64,38.65,25.60
43051,25.64,38.14,25.60
43061,25.66,37.68,25.60
43071,25.70,37.36,25.60
43081,25.72,37.53,25.60
43091,25.69,38.65,25.60
43101,25.69,38.20,25.60
43111,25.71,37.66,25.60
43121,25.73,37.58,25.60
43131,25.75,37.58,25.60
43141,25.76,37.97,25.60
43151,25.73,38.50,25.60
43161,25.71,38.57,25.60
43171,25.69,38.48,25.60
43181,25.68,38.20,25.60
43191,25.71,37.54,25.60
43201,25.73,37.60,25.60
43211,25.74,37.82,25.60
43221,25.73,38.14,25.60
43231,25.70,38.72,25.60
43241,25.67,38.74,25.60
43251,25.66,38.30,25.60
43261,25.66,37.92,25.60
43271,25.69,37.55,25.60
43281,25.72,37.44,25.60
43291,25.72,37.96,25.60
43301,25.71,38.31,25.60
43311,25.68,38.76,25.60
43321,25.64,38.78,25.60
43331,25.64,38.22,25.60
43341,25.65,37.71,25.60
43351,25.68,37.48,25.60
43361,25.71,37.55,25.60
43371,25.71,37.92,25.60
43381,25.69,38.58,25.60
43391,25.66,38.65,25.60
43401,25.63,38.68,25.60
43411,25.62,38.22,25.60
43421,25.64,37.66,25.60
43431,25.67,37.45,25.60
43441,25.68,37.86,25.60
43451,25.68,38.13,25.60
43461,25.64,38.79,25.60
43471,25.61,38.81,25.60
43481,25.59,38.48,25.60
43491,25.60,37.96,25.60
43501,25.62,37.59,25.60
43511,25.65,37.55,25.60
43521,25.66,37.91,25.60
43531,25.64,38.35,25.60
43541,25.61,38.69,25.60
43551,25.58,38.72,25.60
43561,25.57,38.36,25.60
43571,25.58,37.96,25.60
43581,25.60,37.70,25.60
43591,25.63,37.53,25.60
43601,25.64,37.87,25.60
43611,25.64,38.05,25.60
43621,25.62,38.52,25.60
43631,25.59,38.55,25.60
43641,25.58,38.47,25.60
43651,25.57,38.16,25.60
43661,25.59,37.83,25.60
43671,25.62,37.54,25.60
43681,25.64,37.69,25.60
43691,25.64,37.91,25.60
43701,25.63,38.36,25.60
43711,25.60,38.74,25.60
43721,25.57,38.61,25.60
43731,25.56,38.33,25.60
43741,25.58,37.73,25.60
43751,25.61,37.59,25.60
43761,25.63,37.53,25.60
43771,25.64,37.97,25.60
43781,25.62,38.49,25.60
43791,25.59,38.67,25.60
43801,25.57,38.54,25.60
43811,25.57,38.09,25.60
43821,25.60,37.60,25.60
43831,25.63,37.43,25.60
43841,25.65,37.69,25.60
43851,25.65,38.11,25.60
43861,25.61,38.74,25.60
43871,25.58,38.73,25.60
43881,25.56,38.58,25.60
43891,25.57,37.85,25.60
43901,25.60,37.57,25.60
43911,25.63,37.40,25.60
43921,25.65,37.82,25.60
43931,25.63,38.41,25.60
43941,25.60,38.72,25.60
43951,25.56,38.83,25.60
43961,25.55,38.37,25.60
43971,25.57,37.81,25.60
43981,25.60,37.37,25.60
43991,25.64,37.46,25.60
44001,25.65,37.76,25.60
44011,25.63,32.90,15.81
44021,25.59,33.00,15.81
44031,25.56,32.84,15.81
44041,25.56,32.37,15.81
44051,25.57,31.82,15.81
44061,25.58,31.94,15.81
44071,25.58,32.08,15.81
44081,25.56,32.26,15.81
44091,25.57,31.73,15.81
44101,25.54,32.44,15.81
44111,25.51,32.41,15.81
44121,25.48,32.36,15.81
44131,25.43,32.71,15.81
44141,25.39,32.45,15.81
44151,25.34,32.78,15.81
44161,25.29,32.59,15.81
44171,25.22,32.98,15.81
44181,25.16,32.79,15.81
44191,25.08,33.05,15.81
44201,25.00,33.03,15.81
44211,24.92,33.10,15.81
44221,24.83,33.35,15.81
44231,24.74,33.37,15.81
44241,24.63,33.61,15.81
44251,24.53,33.54,15.81
44261,24.41,33.95,15.81
44271,24.30,33.71,15.81
44281,24.17,34.24,15.81
44291,24.03,34.27,15.81
44301,23.91,34.08,15.81
44311,23.76,34.53,15.81
44321,23.62,34.33,15.81
44331,23.47,34.71,15.81
44341,23.31,34.93,15.81
44351,23.15,34.94,15.81
44361,22.98,35.22,15.81
44371,22.82,35.04,15.81
44381,22.65,35.42,15.81
44391,22.48,35.36,15.81
44401,22.31,35.48,15.81
44411,22.13,35.67,15.81
44421,21.95,35.58,15.81
44431,21.76,36.05,15.81
44441,21.59,35.82,15.81
44451,21.40,36.01,15.81
44461,21.21,36.33,15.81
44471,21.03,35.98,15.81
44481,20.84,36.36,15.81
44491,20.66,36.31,15.81
44501,20.47,36.47,15.81
44511,20.28,36.70,15.81
44521,20.09,36.60,15.81
44531,19.90,36.75,15.81
44541,19.71,36.94,15.81
44551,19.52,36.81,15.81
44561,19.34,36.85,15.81
44571,19.16,36.97,15.81
44581,18.97,37.19,15.81
44591,18.80,36.81,15.81
44601,18.62,37.09,15.81
44611,18.44,37.26,15.81
44621,18.27,37.13,15.81
44631,18.11,37.03,15.81
44641,17.93,37.34,15.81
44651,17.75,37.53,15.81
44661,17.60,37.03,15.81
44671,17.46,36.92,15.81
44681,17.29,37.71,15.81
44691,17.14,37.31,15.81
44701,17.00,37.11,15.81
44711,16.87,36.89,15.81
44721,16.73,37.43,15.81
44731,16.59,37.25,15.81
44741,16.47,37.04,15.81
44751,16.37,36.78,15.81
44761,16.25,37.18,15.81
44771,16.13,37.13,15.81
44781,16.02,37.05,15.81
44791,15.93,36.70,15.81
44801,15.84,36.76,15.81
44811,15.74,37.08,15.81
44821,15.65,36.92,15.81
44831,15.58,36.57,15.81
44841,15.53,36.22,15.81
44851,15.46,36.45,15.81
44861,15.39,36.65,15.81
44871,15.34,36.41,15.81
44881,15.31,35.85,15.81
44891,15.29,35.70,15.81
44901,15.26,36.05,15.81
44911,15.22,36.05,15.81
44921,15.21,35.63,15.81
44931,15.22,35.23,15.81
44941,15.21,35.58,15.81
44951,15.19,35.72,15.81
44961,15.19,35.50,15.81
44971,15.20,35.13,15.81
44981,15.22,34.91,15.81
44991,15.24,35.01,15.81
45001,15.26,35.02,15.81
45011,15.29,34.72,15.81
45021,15.33,34.64,15.81
45031,15.35,35.00,15.81
45041,15.39,34.38,15.81
45051,15.43,34.45,15.81
45061,15.48,34.26,15.81
45071,15.52,34.44,15.81
45081,15.58,34.08,15.81
45091,15.64,34.10,15.81
45101,15.68,34.18,15.81
45111,15.76,33.64,15.81
45121,15.82,33.92,15.81
45131,15.88,33.83,15.81
45141,15.95,33.43,15.81
45151,16.01,33.84,15.81
45161,16.08,33.56,15.81
45171,16.15,33.43,15.81
45181,16.21,33.72,15.81
45191,16.27,33.49,15.81
45201,16.36,33.11,15.81
45211,16.42,33.36,15.81
45221,16.49,33.25,15.81
45231,16.57,33.19,15.81
45241,16.64,33.08,15.81
45251,16.71,33.06,15.81
45261,16.77,33.26,15.81
45271,16.85,32.93,15.81
45281,16.91,33.19,15.81
45291,16.96,33.31,15.81
45301,17.02,33.22,15.81
45311,17.06,33.42,15.81
45321,17.12,32.97,15.81
45331,17.16,33.39,15.81
45341,17.22,33.00,15.81
45351,17.28,33.03,15.81
45361,17.32,33.17,15.81
45371,17.38,32.88,15.81
45381,17.41,33.32,15.81
45391,17.46,33.04,15.81
45401,17.49,33.41,15.81
45411,17.52,33.19,15.81
45421,17.55,33.39,15.81
45431,17.56,33.57,15.81
45441,17.60,33.03,15.81
45451,17.63,33.27,15.81
45461,17.66,33.20,15.81
45471,17.68,33.33,15.81
45481,17.70,33.33,15.81
45491,17.71,33.42,15.81
45501,17.72,33.45,15.81
45511,17.73,33.55,15.81
45521,17.75,33.30,15.81
45531,17.74,33.81,15.81
45541,17.75,33.41,15.81
45551,17.74,33.71,15.81
45561,17.75,33.57,15.81
45571,17.74,33.74,15.81
45581,17.72,33.94,15.81
45591,17.70,33.88,15.81
45601,17.68,34.11,15.81
45611,17.67,33.71,15.81
45621,17.65,34.04,15.81
45631,17.64,33.81,15.81
45641,17.61,34.07,15.81
45651,17.59,34.09,15.81
45661,17.57,33.83,15.81
45671,17.55,33.95,15.81
45681,17.55,33.65,15.81
45691,17.53,33.99,15.81
45701,17.51,33.85,15.81
45711,17.51,33.65,15.81
45721,17.49,34.04,15.81
45731,17.47,33.84,15.81
45741,17.44,34.09,15.81
45751,17.44,33.69,15.81
45761,17.42,33.87,15.81
45771,17.40,34.08,15.81
45781,17.39,33.65,15.81
45791,17.36,34.06,15.81
45801,17.35,33.85,15.81
45811,17.33,33.95,15.81
45821,17.31,33.92,15.81
45831,17.30,33.73,15.81
45841,17.27,34.17,15.81
45851,17.26,33.75,15.81
45861,17.24,33.95,15.81
45871,17.22,34.05,15.81
45881,17.20,33.89,15.81
45891,17.17,34.07,15.81
45901,17.17,33.72,15.81
45911,17.14,34.08,15.81
45921,17.12,33.95,15.81
45931,17.11,33.88,15.81
45941,17.08,34.18,15.81
45951,17.07,33.72,15.81
45961,17.05,33.97,15.81
45971,17.03,33.87,15.81
45981,17.02,33.84,15.81
45991,16.99,34.11,15.81
46001,16.98,33.79,15.81
46011,16.96,34.07,15.81
46021,16.95,33.74,15.81
46031,16.94,33.77,15.81
46041,16.92,33.98,15.81
46051,16.92,33.71,15.81
46061,16.89,34.07,15.81
46071,16.88,33.77,15.81
46081,16.87,33.92,15.81
46091,16.85,33.85,15.81
46101,16.86,33.45,15.81
46111,16.84,33.96,15.81
46121,16.84,33.67,15.81
46131,16.83,33.79,15.81
46141,16.81,33.81,15.81
46151,16.80,33.81,15.81
46161,16.78,34.01,15.81
46171,16.78,33.57,15.81
46181,16.77,33.86,15.81
46191,16.76,33.72,15.81
46201,16.76,33.63,15.81
46211,16.74,33.91,15.81
46221,16.74,33.55,15.81
46231,16.73,33.85,15.81
46241,16.72,33.72,15.81
46251,16.70,33.91,15.81
46261,16.69,33.92,15.81
46271,16.69,33.57,15.81
46281,16.67,33.80,15.81
46291,16.68,33.45,15.81
46301,16.67,33.70,15.81
46311,16.67,33.67,15.81
46321,16.67,33.55,15.81
46331,16.65,33.83,15.81
46341,16.66,33.40,15.81
46351,16.64,33.94,15.81
46361,16.64,33.55,15.81
46371,16.63,33.67,15.81
46381,16.63,33.60,15.81
46391,16.64,33.38,15.81
46401,16.63,33.62,15.81
46411,16.64,33.37,15.81
46421,16.64,33.61,15.81
46431,16.63,33.60,15.81
46441,16.63,33.46,15.81
46451,16.62,33.72,15.81
46461,16.63,33.41,15.81
46471,16.62,33.67,15.81
46481,16.63,33.35,15.81
46491,16.63,33.39,15.81
46501,16.63,33.48,15.81
46511,16.64,33.23,15.81
46521,16.64,33.61,15.81
46531,16.64,33.25,15.81
46541,16.64,33.62,15.81
46551,16.63,33.49,15.81
46561,16.63,33.49,15.81
46571,16.62,33.62,15.81
46581,16.63,33.26,15.81
46591,16.62,33.70,15.81
46601,16.63,33.27,15.81
46611,16.63,33.39,15.81
46621,16.63,33.40,15.81
46631,16.64,33.15,15.81
46641,16.63,33.61,15.81
46651,16.63,33.32,15.81
46661,16.62,33.58,15.81
46671,16.62,33.49,15.81
46681,16.63,33.24,15.81
46691,16.63,33.25,15.81
46701,16.62,33.53,15.81
46711,16.64,33.10,15.81
46721,16.64,33.31,15.81
46731,16.65,33.21,15.81
46741,16.65,33.19,15.81
46751,16.65,33.39,15.81
46761,16.66,33.19,15.81
46771,16.65,33.49,15.81
46781,16.66,33.10,15.81
46791,16.65,33.40,15.81
46801,16.65,33.39,15.81
46811,16.65,33.30,15.81
46821,16.64,33.45,15.81
46831,16.65,33.12,15.81
46841,16.64,33.51,15.81
46851,16.64,33.24,15.81
46861,16.63,33.38,15.81
46871,16.63,33.29,15.81
46881,16.64,33.12,15.81
46891,16.63,33.38,15.81
46901,16.65,33.00,15.81
46911,16.64,33.36,15.81
46921,16.65,33.04,15.81
46931,16.65,33.17,15.81
46941,16.65,33.21,15.81
46951,16.66,33.00,15.81
46961,16.66,33.22,15.81
46971,16.67,33.01,15.81
46981,16.67,33.30,15.81
46991,16.67,33.05,15.81
47001,16.67,33.20,15.81
47011,16.67,33.16,15.81
47021,16.67,33.14,15.81
47031,16.67,33.27,15.81
47041,16.68,32.99,15.81
47051,16.67,33.17,15.81
47061,16.68,32.94,15.81
47071,16.69,33.03,15.81
47081,16.69,33.05,15.81
47091,16.70,33.03,15.81
47101,16.68,33.41,15.81
47111,16.68,33.12,15.81
47121,16.67,33.30,15.81
47131,16.68,32.94,15.81
47141,16.67,33.23,15.81
47151,16.67,33.09,15.81
47161,16.67,33.20,15.81
47171,16.66,33.27,15.81
47181,16.66,33.00,15.81
47191,16.65,33.27,15.81
47201,16.66,32.97,15.81
47211,16.65,33.23,15.81
47221,16.65,32.95,15.81
47231,16.65,33.10,15.81
47241,16.64,33.21,15.81
47251,16.64,33.12,15.81
47261,16.63,33.26,15.81
47271,16.63,33.05,15.81
47281,16.61,33.34,15.81
47291,16.61,33.08,15.81
47301,16.60,33.19,15.81
47311,16.60,33.10,15.81
47321,16.60,33.15,15.81
47331,16.59,33.25,15.81
47341,16.59,32.95,15.81
47351,16.58,33.26,15.81
47361,16.58,32.95,15.81
47371,16.57,33.20,15.81
47381,16.57,32.99,15.81
47391,16.57,33.17,15.81
47401,16.56,33.07,15.81
47411,16.56,33.18,15.81
47421,16.55,33.14,15.81
47431,16.55,33.02,15.81
47441,16.54,33.29,15.81
47451,16.53,33.05,15.81
47461,16.51,33.39,15.81
47471,16.51,33.05,15.81
47481,16.50,33.29,15.81
47491,16.49,33.22,15.81
47501,16.49,33.05,15.81
47511,16.48,33.12,15.81
47521,16.48,32.96,15.81
47531,16.47,33.34,15.81
47541,16.47,33.00,15.81
47551,16.46,33.16,15.81
47561,16.47,32.86,15.81
47571,16.46,33.22,15.81
47581,16.46,32.94,15.81
47591,16.45,33.26,15.81
47601,16.44,33.14,15.81
47611,16.43,33.13,15.81
47621,16.42,33.25,15.81
47631,16.42,33.00,15.81
47641,16.40,33.39,15.81
47651,16.40,33.08,15.81
47661,16.38,33.29,15.81
47671,16.38,33.05,15.81
47681,16.37,33.29,15.81
47691,16.37,33.01,15.81
47701,16.36,33.08,15.81
47711,16.35,33.21,15.81
47721,16.35,33.03,15.81
47731,16.34,33.26,15.81
47741,16.35,32.84,15.81
47751,16.33,33.28,15.81
47761,16.34,32.90,15.81
47771,16.33,33.17,15.81
47781,16.33,33.04,15.81
47791,16.32,33.14,15.81
47801,16.30,33.40,15.81
47811,16.30,32.89,15.81
47821,16.29,33.21,15.81
47831,16.30,32.92,15.81
47841,16.30,33.04,15.81
47851,16.28,33.29,15.81
47861,16.28,33.07,15.81
47871,16.27,33.13,15.81
47881,16.26,33.23,15.81
47891,16.26,32.95,15.81
47901,16.25,33.24,15.81
47911,16.25,33.01,15.81
47921,16.24,33.11,15.81
47931,16.24,33.04,15.81
47941,16.23,33.16,15.81
47951,16.23,33.02,15.81
47961,16.22,33.26,15.81
47971,16.21,33.18,15.81
47981,16.21,32.96,15.81
47991,16.21,33.15,15.81
48001,16.22,32.71,15.81
48011,16.21,80.32,96.62
48021,16.22,80.38,96.62
48031,16.21,81.26,96.62
48041,16.24,81.19,96.62
48051,16.27,81.45,96.62
48061,16.29,82.29,96.62
48071,16.31,82.79,96.62
48081,16.35,83.09,96.62
48091,16.39,83.30,96.62
48101,16.49,82.88,96.62
48111,16.66,81.72,96.62
48121,16.92,80.22,96.62
48131,17.11,82.25,96.62
48141,17.50,78.34,96.62
48151,17.87,79.16,96.62
48161,18.30,78.40,96.62
48171,18.86,75.82,96.62
48181,19.50,74.26,96.62
48191,20.20,73.30,96.62
48201,20.94,72.63,96.62
48211,21.72,71.75,96.62
48221,22.58,70.30,96.62
48231,23.51,68.64,96.62
48241,24.56,66.23,96.62
48251,25.71,64.03,96.62
48261,26.94,62.29,96.62
48271,28.17,61.94,96.62
48281,29.43,60.93,96.62
48291,30.85,57.54,96.62
48301,32.29,56.65,96.62
48311,33.72,56.46,96.62
48321,35.31,52.69,96.62
48331,36.82,54.04,96.62
48341,38.51,49.74,96.62
48351,40.13,50.52,96.62
48361,41.79,49.02,96.62
48371,43.56,46.43,96.62
48381,45.33,45.55,96.62
48391,47.11,44.71,96.62
48401,48.90,43.80,96.62
48411,50.70,42.88,96.62
48421,52.49,42.27,96.62
48431,54.29,41.32,96.62
48441,56.11,40.17,96.62
48451,57.92,39.60,96.62
48461,59.73,38.89,96.62
48471,61.52,38.36,96.62
48481,63.30,37.80,96.62
48491,65.07,37.36,96.62
48501,66.82,36.64,96.62
48511,68.55,36.53,96.62
48521,70.26,35.90,96.62
48531,71.95,35.62,96.62
48541,73.62,35.10,96.62
48551,75.25,35.14,96.62
48561,76.85,34.94,96.62
48571,78.43,34.68,96.62
48581,79.96,34.64,96.62
48591,81.47,34.40,96.62
48601,82.95,34.35,96.62
48611,84.38,34.58,96.62
48621,85.77,34.67,96.62
48631,87.11,34.75,96.62
48641,88.43,34.71,96.62
48651,89.71,34.62,96.62
48661,90.95,34.87,96.62
48671,92.14,35.19,96.62
48681,93.29,35.17,96.62
48691,94.41,35.36,96.62
48701,95.48,35.74,96.62
48711,96.51,35.94,96.62
48721,97.49,36.25,96.62
48731,98.44,36.35,96.62
48741,99.34,36.86,96.62
48751,100.20,37.18,96.62
48761,101.03,37.20,96.62
48771,101.81,37.69,96.62
48781,102.54,38.20,96.62
48791,103.24,38.36,96.62
48801,103.91,38.70,96.62
48811,104.52,39.23,96.62
48821,105.09,39.77,96.62
48831,105.64,40.00,96.62
48841,106.12,40.85,96.62
48851,106.55,41.43,96.62
48861,106.95,41.90,96.62
48871,107.31,42.35,96.62
48881,107.64,42.76,96.62
48891,107.94,43.05,96.62
48901,108.21,43.46,96.62
48911,108.46,43.58,96.62
48921,108.68,44.06,96.62
48931,108.86,44.52,96.62
48941,109.02,44.93,96.62
48951,109.14,45.49,96.62
48961,109.24,45.79,96.62
48971,109.31,46.19,96.62
48981,109.35,46.75,96.62
48991,109.35,47.39,96.62
49001,109.33,47.83,96.62
49011,109.31,47.74,96.62
49021,109.26,48.22,96.62
49031,109.18,48.80,96.62
49041,109.09,48.87,96.62
49051,109.00,48.89,96.62
49061,108.88,49.55,96.62
49071,108.77,49.30,96.62
49081,108.63,50.01,96.62
49091,108.49,49.89,96.62
49101,108.33,50.24,96.62
49111,108.17,50.46,96.62
49121,108.00,50.50,96.62
49131,107.82,50.75,96.62
49141,107.65,50.63,96.62
49151,107.47,50.88,96.62
49161,107.28,51.15,96.62
49171,107.10,50.94,96.62
49181,106.90,51.37,96.62
49191,106.71,51.13,96.62
49201,106.50,51.71,96.62
49211,106.30,51.57,96.62
49221,106.09,51.63,96.62
49231,105.87,52.09,96.62
49241,105.67,51.76,96.62
49251,105.45,52.01,96.62
49261,105.23,52.37,96.62
49271,105.02,51.97,96.62
49281,104.81,52.30,96.62
49291,104.57,52.73,96.62
49301,104.37,52.21,96.62
49311,104.15,52.53,96.62
49321,103.92,52.90,96.62
49331,103.71,52.44,96.62
49341,103.51,52.52,96.62
49351,103.28,53.11,96.62
49361,103.05,53.11,96.62
49371,102.85,52.65,96.62
49381,102.64,52.94,96.62
49391,102.42,53.33,96.62
49401,102.21,53.17,96.62
49411,102.01,52.99,96.62
49421,101.80,53.31,96.62
49431,101.58,53.47,96.62
49441,101.38,53.22,96.62
49451,101.20,53.03,96.62
49461,101.00,53.38,96.62
49471,100.79,53.80,96.62
49481,100.59,53.63,96.62
49491,100.40,53.44,96.62
49501,100.21,53.50,96.62
49511,100.02,53.70,96.62
49521,99.82,53.89,96.62
49531,99.64,53.71,96.62
49541,99.47,53.49,96.62
49551,99.30,53.69,96.62
49561,99.11,54.03,96.62
49571,98.93,54.02,96.62
49581,98.76,53.71,96.62
49591,98.61,53.52,96.62
49601,98.45,53.88,96.62
49611,98.28,54.04,96.62
49621,98.12,54.12,96.62
49631,97.97,53.87,96.62
49641,97.83,53.61,96.62
49651,97.69,53.82,96.62
49661,97.55,54.04,96.62
49671,97.39,54.21,96.62
49681,97.26,53.97,96.62
49691,97.13,53.81,96.62
49701,97.01,53.71,96.62
49711,96.90,53.83,96.62
49721,96.77,54.07,96.62
49731,96.65,53.99,96.62
49741,96.54,53.74,96.62
49751,96.45,53.51,96.62
49761,96.36,53.59,96.62
49771,96.27,53.68,96.62
49781,96.16,54.02,96.62
49791,96.06,53.88,96.62
49801,95.98,53.68,96.62
49811,95.91,53.47,96.62
49821,95.83,53.62,96.62
49831,95.75,53.78,96.62
49841,95.66,53.86,96.62
49851,95.59,53.65,96.62
49861,95.54,53.37,96.62
49871,95.49,53.23,96.62
49881,95.43,53.61,96.62
49891,95.36,53.75,96.62
49901,95.30,53.61,96.62
49911,95.26,53.29,96.62
49921,95.24,53.06,96.62
49931,95.20,53.27,96.62
49941,95.15,53.45,96.62
49951,95.11,53.48,96.62
49961,95.08,53.24,96.62
49971,95.06,53.00,96.62
49981,95.05,52.93,96.62
49991,95.03,53.17,96.62
50001,95.01,53.07,96.62
50011,95.00,52.89,96.62
50021,95.00,52.66,96.62
50031,95.00,52.92,96.62
50041,94.98,53.14,96.62
50051,94.97,52.97,96.62
50061,94.97,52.68,96.62
50071,94.98,52.60,96.62
50081,94.99,52.79,96.62
50091,94.98,53.02,96.62
50101,94.98,52.76,96.62
50111,95.00,52.47,96.62
50121,95.01,52.63,96.62
50131,95.01,52.91,96.62
50141,95.01,52.86,96.62
50151,95.01,52.86,96.62
50161,95.02,52.71,96.62
50171,95.03,52.72,96.62
50181,95.02,52.91,96.62
50191,95.02,52.90,96.62
50201,95.03,52.91,96.62
50211,95.02,53.05,96.62
50221,95.03,52.82,96.62
50231,95.04,52.61,96.62
50241,95.04,52.97,96.62
50251,95.03,53.19,96.62
50261,95.03,52.99,96.62
50271,95.04,52.86,96.62
50281,95.04,52.92,96.62
50291,95.03,53.27,96.62
50301,95.02,53.15,96.62
50311,95.03,52.79,96.62
50321,95.04,52.88,96.62
50331,95.03,53.22,96.62
50341,95.02,53.26,96.62
50351,95.03,52.97,96.62
50361,95.03,52.98,96.62
50371,95.02,53.29,96.62
50381,95.02,53.25,96.62
50391,95.03,52.92,96.62
50401,95.04,52.81,96.62
50411,95.05,53.06,96.62
50421,95.04,53.29,96.62
50431,95.04,53.10,96.62
50441,95.05,52.92,96.62
50451,95.05,53.14,96.62
50461,95.04,53.40,96.62
50471,95.05,53.14,96.62
50481,95.06,52.96,96.62
50491,95.07,52.91,96.62
50501,95.07,53.24,96.62
50511,95.06,53.37,96.62
50521,95.07,53.09,96.62
50531,95.08,53.01,96.62
50541,95.08,53.20,96.62
50551,95.08,53.39,96.62
50561,95.08,53.28,96.62
50571,95.08,53.09,96.62
50581,95.09,53.22,96.62
50591,95.08,53.51,96.62
50601,95.06,53.56,96.62
50611,95.07,53.15,96.62
50621,95.08,53.14,96.62
50631,95.08,53.47,96.62
50641,95.06,53.58,96.62
50651,95.06,53.41,96.62
50661,95.08,53.09,96.62
50671,95.09,53.12,96.62
50681,95.08,53.59,96.62
50691,95.07,53.63,96.62
50701,95.07,53.29,96.62
50711,95.09,53.09,96.62
50721,95.09,53.36,96.62
50731,95.09,53.56,96.62
50741,95.09,53.45,96.62
50751,95.10,53.25,96.62
50761,95.11,53.25,96.62
50771,95.10,53.61,96.62
50781,95.09,53.71,96.62
50791,95.09,53.53,96.62
50801,95.10,53.28,96.62
50811,95.11,53.36,96.62
50821,95.10,53.65,96.62
50831,95.09,53.77,96.62
50841,95.09,53.48,96.62
50851,95.11,53.24,96.62
50861,95.11,53.39,96.62
50871,95.11,53.72,96.62
50881,95.10,53.77,96.62
50891,95.09,53.66,96.62
50901,95.10,53.48,96.62
50911,95.11,53.45,96.62
50921,95.10,53.82,96.62
50931,95.09,53.79,96.62
50941,95.09,53.67,96.62
50951,95.10,53.41,96.62
50961,95.11,53.42,96.62
50971,95.11,53.78,96.62
50981,95.09,53.92,96.62
50991,95.09,53.82,96.62
51001,95.09,53.63,96.62
51011,95.10,53.52,96.62
51021,95.10,53.71,96.62
51031,95.10,53.88,96.62
51041,95.09,53.84,96.62
51051,95.09,53.68,96.62
51061,95.11,53.44,96.62
51071,95.12,53.50,96.62
51081,95.12,53.75,96.62
51091,95.12,53.86,96.62
51101,95.12,53.85,96.62
51111,95.13,53.61,96.62
51121,95.14,53.62,96.62
51131,95.14,53.80,96.62
51141,95.12,54.09,96.62
51151,95.12,53.85,96.62
51161,95.13,53.76,96.62
51171,95.14,53.58,96.62
51181,95.14,53.87,96.62
51191,95.13,54.12,96.62
51201,95.11,54.21,96.62
51211,95.11,53.89,96.62
51221,95.12,53.75,96.62
51231,95.13,53.80,96.62
51241,95.12,54.01,96.62
51251,95.11,54.08,96.62
51261,95.11,54.09,96.62
51271,95.11,53.84,96.62
51281,95.12,53.77,96.62
51291,95.13,53.84,96.62
51301,95.14,53.87,96.62
51311,95.13,54.04,96.62
51321,95.12,54.20,96.62
51331,95.12,54.06,96.62
51341,95.13,53.89,96.62
51351,95.12,54.30,96.62
51361,95.11,54.20,96.62
51371,95.11,54.08,96.62
51381,95.12,53.87,96.62
51391,95.12,53.95,96.62
51401,95.12,54.12,96.62
51411,95.11,54.28,96.62
51421,95.10,54.32,96.62
51431,95.11,54.00,96.62
51441,95.12,53.92,96.62
51451,95.13,53.90,96.62
51461,95.13,54.09,96.62
51471,95.13,54.25,96.62
51481,95.12,54.37,96.62
51491,95.12,54.16,96.62
51501,95.14,53.88,96.62
51511,95.15,53.93,96.62
51521,95.15,54.11,96.62
51531,95.15,54.27,96.62
51541,95.13,54.56,96.62
51551,95.13,54.30,96.62
51561,95.14,54.10,96.62
51571,95.15,54.00,96.62
51581,95.16,54.08,96.62
51591,95.16,54.24,96.62
51601,95.14,54.57,96.62
51611,95.13,54.47,96.62
51621,95.13,54.34,96.62
51631,95.14,54.15,96.62
51641,95.15,54.07,96.62
51651,95.15,54.25,96.62
51661,95.15,54.32,96.62
51671,95.14,54.63,96.62
51681,95.13,54.47,96.62
51691,95.14,54.25,96.62
51701,95.15,54.18,96.62
51711,95.16,54.20,96.62
51721,95.16,54.37,96.62
51731,95.16,54.44,96.62
51741,95.15,54.55,96.62
51751,95.14,54.51,96.62
51761,95.15,54.22,96.62
51771,95.17,54.14,96.62
51781,95.18,54.30,96.62
51791,95.17,54.48,96.62
51801,95.16,54.69,96.62
51811,95.15,54.72,96.62
51821,95.15,54.49,96.62
51831,95.15,54.41,96.62
51841,95.17,54.21,96.62
51851,95.18,54.25,96.62
51861,95.18,54.40,96.62
51871,95.18,54.60,96.62
51881,95.17,54.64,96.62
51891,95.17,54.64,96.62
51901,95.17,54.52,96.62
51911,95.18,54.38,96.62
51921,95.19,54.37,96.62
51931,95.19,54.47,96.62
51941,95.19,54.65,96.62
51951,95.18,54.73,96.62
51961,95.18,54.71,96.62
51971,95.18,54.66,96.62
51981,95.18,54.56,96.62
51991,95.19,54.39,96.62
52001,95.20,54.43,96.62
52011,95.20,39.13,70.11
52021,95.19,39.23,70.11
52031,95.18,39.15,70.11
52041,95.17,38.84,70.11
52051,95.18,38.44,70.11
52061,95.17,38.47,70.11
52071,95.16,38.43,70.11
52081,95.16,38.12,70.11
52091,95.12,38.73,70.11
52101,95.09,38.32,70.11
52111,95.03,38.76,70.11
52121,94.98,38.63,70.11
52131,94.91,38.64,70.11
52141,94.83,38.93,70.11
52151,94.73,39.14,70.11
52161,94.62,39.12,70.11
52171,94.51,39.29,70.11
52181,94.37,39.59,70.11
52191,94.21,39.93,70.11
52201,94.03,40.34,70.11
52211,93.83,40.76,70.11
52221,93.60,41.25,70.11
52231,93.35,41.68,70.11
52241,93.09,41.89,70.11
52251,92.80,42.33,70.11
52261,92.49,43.06,70.11
52271,92.16,43.30,70.11
52281,91.81,43.72,70.11
52291,91.44,44.27,70.11
52301,91.05,44.75,70.11
52311,90.65,45.19,70.11
52321,90.22,45.77,70.11
52331,89.77,46.19,70.11
52341,89.31,46.79,70.11
52351,88.83,47.10,70.11
52361,88.34,47.48,70.11
52371,87.84,47.89,70.11
52381,87.32,48.53,70.11
52391,86.79,48.91,70.11
52401,86.25,49.29,70.11
52411,85.69,49.94,70.11
52421,85.12,50.31,70.11
52431,84.54,50.95,70.11
52441,83.94,51.28,70.11
52451,83.35,51.66,70.11
52461,82.74,51.99,70.11
52471,82.12,52.74,70.11
52481,81.51,52.77,70.11
52491,80.87,53.59,70.11
52501,80.24,53.60,70.11
52511,79.61,54.09,70.11
52521,78.97,54.49,70.11
52531,78.34,54.63,70.11
52541,77.71,54.82,70.11
52551,77.08,55.26,70.11
52561,76.47,55.30,70.11
52571,75.85,55.59,70.11
52581,75.24,55.88,70.11
52591,74.63,56.03,70.11
52601,74.02,56.55,70.11
52611,73.41,56.72,70.11
52621,72.82,56.68,70.11
52631,72.22,57.15,70.11
52641,71.65,56.95,70.11
52651,71.11,56.80,70.11
52661,70.55,57.24,70.11
52671,70.03,56.92,70.11
52681,69.52,57.07,70.11
52691,69.01,57.22,70.11
52701,68.52,57.04,70.11
52711,68.04,57.31,70.11
52721,67.58,57.20,70.11
52731,67.13,57.06,70.11
52741,66.70,57.20,70.11
52751,66.29,57.01,70.11
52761,65.89,56.94,70.11
52771,65.50,57.01,70.11
52781,65.13,56.88,70.11
52791,64.78,56.81,70.11
52801,64.45,56.65,70.11
52811,64.12,56.70,70.11
52821,63.81,56.55,70.11
52831,63.52,56.45,70.11
52841,63.24,56.43,70.11
52851,62.98,56.30,70.11
52861,62.73,56.18,70.11
52871,62.50,55.94,70.11
52881,62.30,55.74,70.11
52891,62.11,55.51,70.11
52901,61.93,55.43,70.11
52911,61.77,55.34,70.11
52921,61.62,55.13,70.11
52931,61.49,54.97,70.11
52941,61.37,54.84,70.11
52951,61.27,54.55,70.11
52961,61.18,54.53,70.11
52971,61.10,54.23,70.11
52981,61.04,54.22,70.11
52991,60.98,54.09,70.11
53001,60.94,53.89,70.11
53011,60.91,53.78,70.11
53021,60.89,53.50,70.11
53031,60.90,53.19,70.11
53041,60.91,53.09,70.11
53051,60.93,52.87,70.11
53061,60.97,52.61,70.11
53071,61.02,52.45,70.11
53081,61.07,52.53,70.11
53091,61.12,52.40,70.11
53101,61.19,52.19,70.11
53111,61.26,52.07,70.11
53121,61.34,52.04,70.11
53131,61.42,51.95,70.11
53141,61.50,51.94,70.11
53151,61.59,51.73,70.11
53161,61.69,51.57,70.11
53171,61.79,51.50,70.11
53181,61.89,51.64,70.11
53191,62.00,51.48,70.11
53201,62.12,51.14,70.11
53211,62.23,51.14,70.11
53221,62.34,51.39,70.11
53231,62.45,51.24,70.11
53241,62.58,51.07,70.11
53251,62.70,51.06,70.11
53261,62.81,51.19,70.11
53271,62.93,51.04,70.11
53281,63.05,51.03,70.11
53291,63.16,51.04,70.11
53301,63.28,51.05,70.11
53311,63.40,50.85,70.11
53321,63.52,51.00,70.11
53331,63.62,51.20,70.11
53341,63.74,50.96,70.11
53351,63.85,51.04,70.11
53361,63.96,51.12,70.11
53371,64.07,51.01,70.11
53381,64.17,51.07,70.11
53391,64.27,51.15,70.11
53401,64.37,51.12,70.11
53411,64.47,51.11,70.11
53421,64.56,51.34,70.11
53431,64.66,51.22,70.11
53441,64.74,51.32,70.11
53451,64.83,51.43,70.11
53461,64.91,51.33,70.11
53471,65.00,51.31,70.11
53481,65.07,51.55,70.11
53491,65.16,51.36,70.11
53501,65.23,51.45,70.11
53511,65.31,51.50,70.11
53521,65.38,51.48,70.11
53531,65.46,51.51,70.11
53541,65.53,51.46,70.11
53551,65.60,51.54,70.11
53561,65.67,51.61,70.11
53571,65.73,51.63,70.11
53581,65.80,51.50,70.11
53591,65.87,51.46,70.11
53601,65.93,51.86,70.11
53611,65.99,51.57,70.11
53621,66.05,51.65,70.11
53631,66.10,51.92,70.11
53641,66.16,51.78,70.11
53651,66.22,51.65,70.11
53661,66.26,51.97,70.11
53671,66.30,52.05,70.11
53681,66.36,51.71,70.11
53691,66.40,51.98,70.11
53701,66.44,52.07,70.11
53711,66.49,51.98,70.11
53721,66.53,52.07,70.11
53731,66.55,52.29,70.11
53741,66.58,52.29,70.11
53751,66.62,52.10,70.11
53761,66.65,52.31,70.11
53771,66.68,52.41,70.11
53781,66.71,52.14,70.11
53791,66.74,52.28,70.11
53801,66.76,52.57,70.11
53811,66.79,52.24,70.11
53821,66.82,52.39,70.11
53831,66.83,52.64,70.11
53841,66.86,52.51,70.11
53851,66.88,52.52,70.11
53861,66.89,52.68,70.11
53871,66.90,52.73,70.11
53881,66.93,52.54,70.11
53891,66.95,52.50,70.11
53901,66.96,52.74,70.11
53911,66.96,53.06,70.11
53921,66.97,52.93,70.11
53931,66.98,52.77,70.11
53941,66.99,53.02,70.11
53951,66.99,53.01,70.11
53961,67.00,52.83,70.11
53971,67.01,52.91,70.11
53981,67.02,53.12,70.11
53991,67.02,53.12,70.11
54001,67.04,52.82,70.11
54011,67.05,52.87,70.11
54021,67.05,53.19,70.11
54031,67.05,53.26,70.11
54041,67.06,53.11,70.11
54051,67.06,53.10,70.11
54061,67.07,53.25,70.11
54071,67.06,53.40,70.11
54081,67.07,53.14,70.11
54091,67.09,52.94,70.11
54101,67.10,53.20,70.11
54111,67.09,53.37,70.11
54121,67.10,53.36,70.11
54131,67.11,53.10,70.11
54141,67.12,53.17,70.11
54151,67.12,53.39,70.11
54161,67.13,53.41,70.11
54171,67.13,53.31,70.11
54181,67.15,53.10,70.11
54191,67.17,53.21,70.11
54201,67.17,53.36,70.11
54211,67.19,53.23,70.11
54221,67.21,53.06,70.11
54231,67.23,53.13,70.11
54241,67.24,53.28,70.11
54251,67.25,53.35,70.11
54261,67.27,53.16,70.11
54271,67.29,53.21,70.11
54281,67.30,53.21,70.11
54291,67.31,53.37,70.11
54301,67.33,53.34,70.11
54311,67.35,53.12,70.11
54321,67.37,53.22,70.11
54331,67.38,53.34,70.11
54341,67.39,53.54,70.11
54351,67.40,53.38,70.11
54361,67.43,53.14,70.11
54371,67.45,53.20,70.11
54381,67.46,53.39,70.11
54391,67.48,53.34,70.11
54401,67.50,53.32,70.11
54411,67.52,53.19,70.11
54421,67.55,53.17,70.11
54431,67.57,53.29,70.11
54441,67.58,53.33,70.11
54451,67.60,53.30,70.11
54461,67.63,53.19,70.11
54471,67.66,53.09,70.11
54481,67.68,53.30,70.11
54491,67.70,53.31,70.11
54501,67.73,53.07,70.11
54511,67.76,53.15,70.11
54521,67.78,53.29,70.11
54531,67.80,53.37,70.11
54541,67.82,53.19,70.11
54551,67.85,53.09,70.11
54561,67.88,53.21,70.11
54571,67.90,53.32,70.11
54581,67.92,53.32,70.11
54591,67.94,53.21,70.11
54601,67.98,53.05,70.11
54611,68.00,53.18,70.11
54621,68.03,53.28,70.11
54631,68.05,53.20,70.11
54641,68.08,53.14,70.11
54651,68.11,53.12,70.11
54661,68.13,53.28,70.11
54671,68.16,53.12,70.11
54681,68.19,53.17,70.11
54691,68.21,53.16,70.11
54701,68.25,53.02,70.11
54711,68.27,53.17,70.11
54721,68.31,52.93,70.11
54731,68.35,52.93,70.11
54741,68.38,53.03,70.11
54751,68.40,53.17,70.11
54761,68.42,53.19,70.11
54771,68.46,53.02,70.11
54781,68.50,52.83,70.11
54791,68.53,52.99,70.11
54801,68.55,53.17,70.11
54811,68.57,53.16,70.11
54821,68.61,52.92,70.11
54831,68.65,52.88,70.11
54841,68.67,53.02,70.11
54851,68.70,53.09,70.11
54861,68.73,52.92,70.11
54871,68.77,52.80,70.11
54881,68.80,52.88,70.11
54891,68.83,52.99,70.11
54901,68.86,52.92,70.11
54911,68.91,52.65,70.11
54921,68.95,52.71,70.11
54931,68.97,53.06,70.11
54941,68.99,53.14,70.11
54951,69.01,52.95,70.11
54961,69.05,52.81,70.11
54971,69.08,52.88,70.11
54981,69.09,53.14,70.11
54991,69.11,53.12,70.11
55001,69.14,52.84,70.11
55011,69.16,52.96,70.11
55021,69.19,52.99,70.11
55031,69.20,53.14,70.11
55041,69.22,52.98,70.11
55051,69.25,52.84,70.11
55061,69.26,53.17,70.11
55071,69.28,53.15,70.11
55081,69.29,53.07,70.11
55091,69.32,52.88,70.11
55101,69.34,53.00,70.11
55111,69.34,53.34,70.11
55121,69.35,53.30,70.11
55131,69.36,53.07,70.11
55141,69.37,53.20,70.11
55151,69.38,53.35,70.11
55161,69.38,53.30,70.11
55171,69.39,53.23,70.11
55181,69.40,53.19,70.11
55191,69.40,53.35,70.11
55201,69.40,53.43,70.11
55211,69.41,53.20,70.11
55221,69.42,53.17,70.11
55231,69.43,53.32,70.11
55241,69.43,53.41,70.11
55251,69.43,53.39,70.11
55261,69.44,53.20,70.11
55271,69.45,53.12,70.11
55281,69.46,53.21,70.11
55291,69.47,53.33,70.11
55301,69.47,53.42,70.11
55311,69.48,53.17,70.11
55321,69.50,52.99,70.11
55331,69.51,53.20,70.11
55341,69.51,53.47,70.11
55351,69.51,53.32,70.11
55361,69.52,53.24,70.11
55371,69.53,53.23,70.11
55381,69.53,53.42,70.11
55391,69.53,53.41,70.11
55401,69.53,53.34,70.11
55411,69.54,53.21,70.11
55421,69.55,53.17,70.11
55431,69.55,53.40,70.11
55441,69.55,53.50,70.11
55451,69.56,53.29,70.11
55461,69.57,53.21,70.11
55471,69.57,53.26,70.11
55481,69.57,53.45,70.11
55491,69.58,53.33,70.11
55501,69.58,53.29,70.11
55511,69.59,53.24,70.11
55521,69.60,53.25,70.11
55531,69.60,53.39,70.11
55541,69.60,53.42,70.11
55551,69.61,53.24,70.11
55561,69.63,53.16,70.11
55571,69.63,53.27,70.11
55581,69.63,53.44,70.11
55591,69.64,53.36,70.11
55601,69.65,53.22,70.11
55611,69.66,53.12,70.11
55621,69.67,53.18,70.11
55631,69.67,53.37,70.11
55641,69.67,53.41,70.11
55651,69.68,53.22,70.11
55661,69.69,53.19,70.11
55671,69.70,53.32,70.11
55681,69.70,53.35,70.11
55691,69.71,53.16,70.11
55701,69.72,53.20,70.11
55711,69.73,53.34,70.11
55721,69.73,53.41,70.11
55731,69.73,53.36,70.11
55741,69.73,53.27,70.11
55751,69.74,53.28,70.11
55761,69.74,53.34,70.11
55771,69.74,53.54,70.11
55781,69.73,53.55,70.11
55791,69.73,53.37,70.11
55801,69.74,53.25,70.11
55811,69.74,53.38,70.11
55821,69.75,53.28,70.11
55831,69.75,53.34,70.11
55841,69.76,53.28,70.11
55851,69.77,53.30,70.11
55861,69.78,53.20,70.11
55871,69.78,53.32,70.11
55881,69.79,53.27,70.11
55891,69.80,53.24,70.11
55901,69.80,53.28,70.11
55911,69.81,53.36,70.11
55921,69.82,53.18,70.11
55931,69.84,52.97,70.11
55941,69.85,53.07,70.11
55951,69.85,53.36,70.11
55961,69.86,53.36,70.11
55971,69.86,53.19,70.11
55981,69.88,53.06,70.11
55991,69.89,53.23,70.11
56001,69.88,53.46,70.11
56011,69.88,59.71,80.81
56021,69.88,59.69,80.81
56031,69.88,59.70,80.81
56041,69.88,59.83,80.81
56051,69.87,60.04,80.81
56061,69.87,60.09,80.81
56071,69.87,60.09,80.81
56081,69.87,60.14,80.81
56091,69.87,60.05,80.81
56101,69.89,59.88,80.81
56111,69.92,59.68,80.81
56121,69.97,59.55,80.81
56131,70.02,59.22,80.81
56141,70.11,58.80,80.81
56151,70.20,58.58,80.81
56161,70.30,58.49,80.81
56171,70.40,58.38,80.81
56181,70.51,58.36,80.81
56191,70.62,58.14,80.81
56201,70.75,57.95,80.81
56211,70.88,57.85,80.81
56221,71.03,57.40,80.81
56231,71.20,57.09,80.81
56241,71.37,56.85,80.81
56251,71.57,56.39,80.81
56261,71.77,56.16,80.81
56271,71.99,55.96,80.81
56281,72.20,55.74,80.81
56291,72.44,55.40,80.81
56301,72.67,55.24,80.81
56311,72.92,54.99,80.81
56321,73.17,54.72,80.81
56331,73.42,54.67,80.81
56341,73.68,54.42,80.81
56351,73.94,54.22,80.81
56361,74.20,54.14,80.81
56371,74.47,53.83,80.81
56381,74.74,53.84,80.81
56391,75.01,53.67,80.81
56401,75.28,53.48,80.81
56411,75.54,53.54,80.81
56421,75.82,53.16,80.81
56431,76.10,52.85,80.81
56441,76.39,52.66,80.81
56451,76.68,52.50,80.81
56461,76.96,52.36,80.81
56471,77.25,52.36,80.81
56481,77.52,52.35,80.81
56491,77.80,52.04,80.81
56501,78.08,51.94,80.81
56511,78.37,51.68,80.81
56521,78.64,51.87,80.81
56531,78.90,51.93,80.81
56541,79.17,51.63,80.81
56551,79.45,51.17,80.81
56561,79.71,51.42,80.81
56571,79.96,51.63,80.81
56581,80.21,51.49,80.81
56591,80.45,51.40,80.81
56601,80.69,51.28,80.81
56611,80.92,51.43,80.81
56621,81.15,51.35,80.81
56631,81.38,51.03,80.81
56641,81.59,51.44,80.81
56651,81.79,51.60,80.81
56661,82.00,51.11,80.81
56671,82.19,51.49,80.81
56681,82.36,51.73,80.81
56691,82.54,51.37,80.81
56701,82.71,51.53,80.81
56711,82.86,51.87,80.81
56721,83.01,51.67,80.81
56731,83.15,51.65,80.81
56741,83.28,52.06,80.81
56751,83.40,52.08,80.81
56761,83.51,51.96,80.81
56771,83.62,52.24,80.81
56781,83.70,52.53,80.81
56791,83.80,52.14,80.81
56801,83.88,52.45,80.81
56811,83.94,52.71,80.81
56821,84.01,52.56,80.81
56831,84.07,52.72,80.81
56841,84.10,53.20,80.81
56851,84.14,53.15,80.81
56861,84.17,53.15,80.81
56871,84.19,53.31,80.81
56881,84.19,53.59,80.81
56891,84.20,53.50,80.81
56901,84.21,53.41,80.81
56911,84.21,53.75,80.81
56921,84.19,53.97,80.81
56931,84.18,53.77,80.81
56941,84.18,53.62,80.81
56951,84.17,53.84,80.81
56961,84.14,54.12,80.81
56971,84.10,54.26,80.81
56981,84.08,53.94,80.81
56991,84.06,53.88,80.81
57001,84.03,54.13,80.81
57011,84.01,53.94,80.81
57021,83.99,54.02,80.81
57031,83.96,54.04,80.81
57041,83.94,53.86,80.81
57051,83.91,54.07,80.81
57061,83.88,54.10,80.81
57071,83.86,53.97,80.81
57081,83.85,53.63,80.81
57091,83.85,53.53,80.81
57101,83.83,53.83,80.81
57111,83.82,53.70,80.81
57121,83.80,53.73,80.81
57131,83.80,53.44,80.81
57141,83.80,53.33,80.81
57151,83.80,53.45,80.81
57161,83.79,53.55,80.81
57171,83.77,53.60,80.81
57181,83.76,53.62,80.81
57191,83.76,53.29,80.81
57201,83.75,53.36,80.81
57211,83.74,53.62,80.81
57221,83.72,53.56,80.81
57231,83.71,53.44,80.81
57241,83.72,53.10,80.81
57251,83.73,53.08,80.81
57261,83.72,53.35,80.81
57271,83.71,53.44,80.81
57281,83.70,53.28,80.81
57291,83.70,53.11,80.81
57301,83.70,53.09,80.81
57311,83.70,53.26,80.81
57321,83.68,53.31,80.81
57331,83.68,53.19,80.81
57341,83.69,52.91,80.81
57351,83.69,52.99,80.81
57361,83.68,53.25,80.81
57371,83.67,53.09,80.81
57381,83.68,52.81,80.81
57391,83.69,52.81,80.81
57401,83.69,52.97,80.81
57411,83.67,53.21,80.81
57421,83.67,52.88,80.81
57431,83.69,52.63,80.81
57441,83.69,52.79,80.81
57451,83.68,52.99,80.81
57461,83.67,53.06,80.81
57471,83.67,52.80,80.81
57481,83.68,52.71,80.81
57491,83.67,52.92,80.81
57501,83.66,52.98,80.81
57511,83.66,52.78,80.81
57521,83.67,52.54,80.81
57531,83.67,52.70,80.81
57541,83.66,52.85,80.81
57551,83.66,52.72,80.81
57561,83.67,52.47,80.81
57571,83.66,52.67,80.81
57581,83.65,52.92,80.81
57591,83.64,52.83,80.81
57601,83.64,52.54,80.81
57611,83.64,52.51,80.81
57621,83.63,52.82,80.81
57631,83.62,52.68,80.81
57641,83.63,52.49,80.81
57651,83.63,52.41,80.81
57661,83.62,52.71,80.81
57671,83.62,52.50,80.81
57681,83.63,52.18,80.81
57691,83.63,52.42,80.81
57701,83.62,52.67,80.81
57711,83.61,52.52,80.81
57721,83.62,52.30,80.81
57731,83.62,52.37,80.81
57741,83.60,52.60,80.81
57751,83.61,52.28,80.81
57761,83.61,52.18,80.81
57771,83.60,52.59,80.81
57781,83.59,52.34,80.81
57791,83.60,52.04,80.81
57801,83.60,52.26,80.81
57811,83.60,52.34,80.81
57821,83.59,52.39,80.81
57831,83.59,52.09,80.81
57841,83.60,52.09,80.81
57851,83.58,52.41,80.81
57861,83.58,52.14,80.81
57871,83.59,51.95,80.81
57881,83.58,52.27,80.81
57891,83.57,52.31,80.81
57901,83.58,51.88,80.81
57911,83.58,52.15,80.81
57921,83.57,52.11,80.81
57931,83.57,52.06,80.81
57941,83.57,52.04,80.81
57951,83.57,52.02,80.81
57961,83.56,52.17,80.81
57971,83.56,51.86,80.81
57981,83.57,51.86,80.81
57991,83.55,52.23,80.81
58001,83.55,51.86,80.81
58011,83.56,51.79,80.81
58021,83.54,52.13,80.81
58031,83.54,51.94,80.81
58041,83.54,51.71,80.81
58051,83.54,51.93,80.81
58061,83.53,52.05,80.81
58071,83.53,51.77,80.81
58081,83.53,51.66,80.81
58091,83.52,51.98,80.81
58101,83.52,51.78,80.81
58111,83.53,51.53,80.81
58121,83.52,51.79,80.81
58131,83.52,51.82,80.81
58141,83.52,51.50,80.81
58151,83.52,51.65,80.81
58161,83.51,51.82,80.81
58171,83.51,51.72,80.81
58181,83.51,51.58,80.81
58191,83.50,51.77,80.81
58201,83.49,51.76,80.81
58211,83.48,51.86,80.81
58221,83.47,51.59,80.81
58231,83.48,51.38,80.81
58241,83.47,51.67,80.81
58251,83.46,51.78,80.81
58261,83.47,51.38,80.81
58271,83.45,51.72,80.81
58281,83.44,51.79,80.81
58291,83.44,51.43,80.81
58301,83.42,51.74,80.81
58311,83.41,51.77,80.81
58321,83.40,51.56,80.81
58331,83.39,51.65,80.81
58341,83.36,51.85,80.81
58351,83.36,51.45,80.81
58361,83.35,51.54,80.81
58371,83.33,51.74,80.81
58381,83.32,51.65,80.81
58391,83.31,51.57,80.81
58401,83.28,51.82,80.81
58411,83.26,51.81,80.81
58421,83.25,51.47,80.81
58431,83.22,51.92,80.81
58441,83.21,51.72,80.81
58451,83.19,51.53,80.81
58461,83.17,51.81,80.81
58471,83.15,51.74,80.81
58481,83.14,51.39,80.81
58491,83.12,51.82,80.81
58501,83.09,51.83,80.81
58511,83.08,51.58,80.81
58521,83.05,51.86,80.81
58531,83.03,51.78,80.81
58541,83.00,51.80,80.81
58551,82.98,51.71,80.81
58561,82.94,52.04,80.81
58571,82.92,51.68,80.81
58581,82.90,51.74,80.81
58591,82.87,51.88,80.81
58601,82.84,51.90,80.81
58611,82.83,51.56,80.81
58621,82.79,52.01,80.81
58631,82.76,51.99,80.81
58641,82.75,51.54,80.81
58651,82.71,52.01,80.81
58661,82.68,51.88,80.81
58671,82.67,51.69,80.81
58681,82.64,51.89,80.81
58691,82.61,51.94,80.81
58701,82.58,51.79,80.81
58711,82.56,51.76,80.81
58721,82.53,51.93,80.81
58731,82.50,51.88,80.81
58741,82.48,51.73,80.81
58751,82.45,52.03,80.81
58761,82.43,51.83,80.81
58771,82.40,51.89,80.81
58781,82.37,51.96,80.81
58791,82.33,52.16,80.81
58801,82.30,51.97,80.81
58811,82.28,51.87,80.81
58821,82.23,52.25,80.81
58831,82.21,51.95,80.81
58841,82.18,51.97,80.81
58851,82.13,52.32,80.81
58861,82.10,52.05,80.81
58871,82.07,52.08,80.81
58881,82.04,52.12,80.81
58891,82.00,52.31,80.81
58901,81.96,52.16,80.81
58911,81.93,52.10,80.81
58921,81.89,52.41,80.81
58931,81.85,52.36,80.81
58941,81.83,51.90,80.81
58951,81.79,52.39,80.81
58961,81.74,52.60,80.81
58971,81.71,52.02,80.81
58981,81.68,52.27,80.81
58991,81.63,52.58,80.81
59001,81.60,52.35,80.81
59011,81.57,52.21,80.81
59021,81.54,52.30,80.81
59031,81.48,52.72,80.81
59041,81.46,52.24,80.81
59051,81.44,52.10,80.81
59061,81.39,52.65,80.81
59071,81.36,52.43,80.81
59081,81.33,52.17,80.81
59091,81.30,52.41,80.81
59101,81.27,52.36,80.81
59111,81.24,52.44,80.81
59121,81.22,52.25,80.81
59131,81.20,52.22,80.81
59141,81.16,52.58,80.81
59151,81.14,52.32,80.81
59161,81.12,52.23,80.81
59171,81.09,52.55,80.81
59181,81.07,52.20,80.81
59191,81.06,52.06,80.81
59201,81.03,52.50,80.81
59211,81.01,52.37,80.81
59221,81.00,52.12,80.81
59231,80.98,52.22,80.81
59241,80.96,52.36,80.81
59251,80.94,52.35,80.81
59261,80.93,52.14,80.81
59271,80.92,52.26,80.81
59281,80.89,52.46,80.81
59291,80.88,52.29,80.81
59301,80.87,52.21,80.81
59311,80.84,52.45,80.81
59321,80.83,52.34,80.81
59331,80.81,52.38,80.81
59341,80.79,52.29,80.81
59351,80.79,52.23,80.81
59361,80.78,52.09,80.81
59371,80.77,52.34,80.81
59381,80.75,52.44,80.81
59391,80.74,52.22,80.81
59401,80.74,52.07,80.81
59411,80.73,52.25,80.81
59421,80.72,52.38,80.81
59431,80.72,52.07,80.81
59441,80.71,52.13,80.81
59451,80.70,52.41,80.81
59461,80.69,52.24,80.81
59471,80.69,52.08,80.81
59481,80.68,52.32,80.81
59491,80.66,52.47,80.81
59501,80.66,52.16,80.81
59511,80.67,51.98,80.81
59521,80.65,52.49,80.81
59531,80.63,52.44,80.81
59541,80.64,51.96,80.81
59551,80.63,52.24,80.81
59561,80.62,52.39,80.81
59571,80.62,52.12,80.81
59581,80.62,52.21,80.81
59591,80.62,52.15,80.81
59601,80.61,52.27,80.81
59611,80.60,52.36,80.81
59621,80.61,52.07,80.81
59631,80.60,52.43,80.81
59641,80.59,52.30,80.81
59651,80.60,51.87,80.81
59661,80.60,52.32,80.81
59671,80.58,52.53,80.81
59681,80.58,52.10,80.81
59691,80.59,52.09,80.81
59701,80.58,52.35,80.81
59711,80.57,52.38,80.81
59721,80.57,52.16,80.81
59731,80.58,52.10,80.81
59741,80.57,52.36,80.81
59751,80.56,52.41,80.81
59761,80.56,52.22,80.81
59771,80.55,52.38,80.81
59781,80.54,52.39,80.81
59791,80.54,52.23,80.81
59801,80.54,52.18,80.81
59811,80.53,52.41,80.81
59821,80.51,52.61,80.81
59831,80.52,52.23,80.81
59841,80.52,52.06,80.81
59851,80.51,52.60,80.81
59861,80.49,52.52,80.81
59871,80.50,52.18,80.81
59881,80.49,52.35,80.81
59891,80.48,52.51,80.81
59901,80.48,52.40,80.81
59911,80.48,52.25,80.81
59921,80.47,52.42,80.81
59931,80.46,52.59,80.81
59941,80.45,52.39,80.81
59951,80.45,52.31,80.81
59961,80.44,52.51,80.81
59971,80.43,52.61,80.81
59981,80.42,52.59,80.81
59991,80.42,52.30,80.81
60001,80.41,52.50,80.81
60011,80.40,12.55,12.06
60021,80.40,11.79,12.06
60031,80.41,11.28,12.06
60041,80.39,11.20,12.06
60051,80.36,11.17,12.06
60061,80.32,10.85,12.06
60071,80.27,10.60,12.06
60081,80.19,10.98,12.06
60091,80.07,11.29,12.06
60101,79.90,11.71,12.06
60111,79.69,12.50,12.06
60121,79.43,13.11,12.06
60131,79.14,13.29,12.06
60141,78.81,14.01,12.06
60151,78.44,14.55,12.06
60161,78.03,15.11,12.06
60171,77.57,15.98,12.06
60181,77.07,16.57,12.06
60191,76.52,17.45,12.06
60201,75.93,18.21,12.06
60211,75.31,18.68,12.06
60221,74.65,19.53,12.06
60231,73.95,20.29,12.06
60241,73.20,21.39,12.06
60251,72.41,22.08,12.06
60261,71.60,22.84,12.06
60271,70.72,23.98,12.06
60281,69.81,24.91,12.06
60291,68.87,25.81,12.06
60301,67.84,27.65,12.06
60311,66.79,28.30,12.06
60321,65.69,29.51,12.06
60331,64.56,30.62,12.06
60341,63.40,31.48,12.06
60351,62.18,32.94,12.06
60361,60.94,33.79,12.06
60371,59.67,34.79,12.06
60381,58.38,35.74,12.06
60391,57.04,37.01,12.06
60401,55.69,37.79,12.06
60411,54.34,38.47,12.06
60421,52.93,39.91,12.06
60431,51.51,40.90,12.06
60441,50.06,42.05,12.06
60451,48.61,42.58,12.06
60461,47.12,43.83,12.06
60471,45.64,44.59,12.06
60481,44.15,45.21,12.06
60491,42.65,46.17,12.06
60501,41.14,46.91,12.06
60511,39.57,48.92,12.06
60521,38.01,49.62,12.06
60531,36.44,50.34,12.06
60541,34.88,50.84,12.06
60551,33.35,51.08,12.06
60561,31.83,51.67,12.06
60571,30.31,52.52,12.06
60581,28.81,52.74,12.06
60591,27.31,53.43,12.06
60601,25.85,53.47,12.06
60611,24.40,53.96,12.06
60621,22.98,54.13,12.06
60631,21.59,54.26,12.06
60641,20.22,54.71,12.06
60651,18.89,54.45,12.06
60661,17.61,54.27,12.06
60671,16.34,54.68,12.06
60681,15.12,54.47,12.06
60691,13.95,54.19,12.06
60701,12.81,54.09,12.06
60711,11.70,54.24,12.06
60721,10.62,54.11,12.06
60731,9.60,53.56,12.06
60741,8.65,52.86,12.06
60751,7.74,52.52,12.06
60761,6.86,52.50,12.06
60771,6.01,52.43,12.06
60781,5.21,51.97,12.06
60791,4.47,51.11,12.06
60801,3.79,50.50,12.06
60811,3.14,50.24,12.06
60821,2.54,49.82,12.06
60831,1.99,48.94,12.06
60841,1.50,48.17,12.06
60851,1.04,48.07,12.06
60861,0.61,47.68,12.06
60871,0.25,46.47,12.06
60881,-0.06,45.94,12.06
60891,-0.35,45.56,12.06
60901,-0.56,44.43,12.06
60911,-0.77,44.36,12.06
60921,-0.91,43.27,12.06
60931,-1.03,42.95,12.06
60941,-1.08,41.89,12.06
60951,-1.12,41.58,12.06
60961,-1.10,40.57,12.06
60971,-1.06,40.05,12.06
60981,-0.99,39.63,12.06
60991,-0.87,38.66,12.06
61001,-0.72,38.15,12.06
61011,-0.57,37.99,12.06
61021,-0.39,37.42,12.06
61031,-0.18,36.66,12.06
61041,0.07,35.91,12.06
61051,0.35,35.34,12.06
61061,0.66,34.59,12.06
61071,0.97,34.33,12.06
61081,1.31,33.73,12.06
61091,1.64,33.70,12.06
61101,1.98,33.59,12.06
61111,2.33,33.11,12.06
61121,2.71,32.29,12.06
61131,3.12,31.46,12.06
61141,3.54,31.28,12.06
61151,3.97,30.80,12.06
61161,4.42,30.19,12.06
61171,4.86,30.16,12.06
61181,5.32,29.55,12.06
61191,5.78,29.47,12.06
61201,6.25,28.78,12.06
61211,6.72,28.76,12.06
61221,7.20,28.27,12.06
61231,7.67,28.00,12.06
61241,8.15,27.78,12.06
61251,8.63,27.49,12.06
61261,9.11,27.28,12.06
61271,9.59,26.96,12.06
61281,10.06,26.95,12.06
61291,10.54,26.45,12.06
61301,11.01,26.23,12.06
61311,11.48,26.28,12.06
61321,11.93,26.20,12.06
61331,12.37,26.22,12.06
61341,12.80,26.09,12.06
61351,13.24,25.61,12.06
61361,13.70,25.04,12.06
61371,14.13,25.40,12.06
61381,14.56,25.13,12.06
61391,14.96,25.38,12.06
61401,15.37,25.00,12.06
61411,15.76,25.08,12.06
61421,16.13,25.24,12.06
61431,16.49,25.30,12.06
61441,16.84,25.28,12.06
61451,17.18,25.05,12.06
61461,17.51,25.17,12.06
61471,17.83,25.27,12.06
61481,18.14,24.97,12.06
61491,18.42,25.63,12.06
61501,18.70,25.28,12.06
61511,18.96,25.49,12.06
61521,19.22,25.31,12.06
61531,19.46,25.46,12.06
61541,19.70,25.41,12.06
61551,19.92,25.63,12.06
61561,20.11,25.86,12.06
61571,20.30,25.86,12.06
61581,20.48,25.83,12.06
61591,20.65,25.92,12.06
61601,20.81,25.95,12.06
61611,20.93,26.69,12.06
61621,21.06,26.32,12.06
61631,21.15,26.97,12.06
61641,21.25,26.63,12.06
61651,21.32,27.26,12.06
61661,21.38,27.29,12.06
61671,21.40,27.90,12.06
61681,21.44,27.64,12.06
61691,21.45,28.09,12.06
61701,21.46,27.97,12.06
61711,21.45,28.31,12.06
61721,21.44,28.29,12.06
61731,21.41,28.63,12.06
61741,21.35,29.16,12.06
61751,21.28,29.24,12.06
61761,21.23,29.04,12.06
61771,21.13,29.91,12.06
61781,21.04,29.83,12.06
61791,20.90,30.62,12.06
61801,20.78,30.43,12.06
61811,20.63,31.03,12.06
61821,20.48,30.90,12.06
61831,20.32,31.28,12.06
61841,20.16,31.31,12.06
61851,20.00,31.44,12.06
61861,19.81,31.88,12.06
61871,19.61,32.34,12.06
61881,19.39,32.74,12.06
61891,19.19,32.44,12.06
61901,18.96,33.04,12.06
61911,18.73,33.09,12.06
61921,18.50,33.38,12.06
61931,18.26,33.46,12.06
61941,18.02,33.70,12.06
61951,17.76,34.24,12.06
61961,17.50,34.23,12.06
61971,17.25,34.22,12.06
61981,16.98,34.79,12.06
61991,16.71,34.76,12.06
62001,16.45,34.85,12.06
62011,16.18,35.18,12.06
62021,15.91,35.11,12.06
62031,15.63,35.53,12.06
62041,15.36,35.48,12.06
62051,15.09,35.70,12.06
62061,14.82,35.72,12.06
62071,14.55,36.05,12.06
62081,14.28,35.93,12.06
62091,14.02,36.11,12.06
62101,13.75,36.22,12.06
62111,13.51,35.98,12.06
62121,13.24,36.47,12.06
62131,12.99,36.40,12.06
62141,12.74,36.47,12.06
62151,12.49,36.65,12.06
62161,12.25,36.48,12.06
62171,12.01,36.76,12.06
62181,11.79,36.44,12.06
62191,11.57,36.54,12.06
62201,11.35,36.73,12.06
62211,11.15,36.45,12.06
62221,10.94,36.78,12.06
62231,10.74,36.59,12.06
62241,10.55,36.67,12.06
62251,10.38,36.25,12.06
62261,10.20,36.67,12.06
62271,10.02,36.63,12.06
62281,9.87,36.22,12.06
62291,9.72,36.33,12.06
62301,9.57,36.40,12.06
62311,9.45,36.05,12.06
62321,9.32,36.08,12.06
62331,9.21,35.94,12.06
62341,9.10,35.99,12.06
62351,9.01,35.62,12.06
62361,8.94,35.45,12.06
62371,8.85,35.75,12.06
62381,8.78,35.41,12.06
62391,8.72,35.27,12.06
62401,8.68,34.95,12.06
62411,8.64,34.95,12.06
62421,8.61,34.92,12.06
62431,8.60,34.46,12.06
62441,8.58,34.62,12.06
62451,8.57,34.51,12.06
62461,8.58,34.27,12.06
62471,8.61,33.77,12.06
62481,8.61,34.32,12.06
62491,8.65,33.51,12.06
62501,8.70,33.46,12.06
62511,8.75,33.36,12.06
62521,8.81,33.13,12.06
62531,8.88,32.95,12.06
62541,8.94,33.00,12.06
62551,9.02,32.67,12.06
62561,9.12,32.44,12.06
62571,9.19,32.69,12.06
62581,9.29,32.25,12.06
62591,9.38,32.34,12.06
62601,9.49,31.98,12.06
62611,9.59,31.93,12.06
62621,9.71,31.77,12.06
62631,9.83,31.48,12.06
62641,9.94,31.67,12.06
62651,10.08,31.08,12.06
62661,10.20,31.39,12.06
62671,10.33,31.11,12.06
62681,10.45,31.18,12.06
62691,10.60,30.65,12.06
62701,10.73,30.92,12.06
62711,10.87,30.59,12.06
62721,11.01,30.59,12.06
62731,11.15,30.61,12.06
62741,11.29,30.45,12.06
62751,11.42,30.46,12.06
62761,11.56,30.26,12.06
62771,11.69,30.38,12.06
62781,11.83,30.15,12.06
62791,11.97,30.13,12.06
62801,12.10,30.18,12.06
62811,12.23,30.14,12.06
62821,12.36,29.99,12.06
62831,12.49,29.85,12.06
62841,12.62,29.87,12.06
62851,12.74,29.94,12.06
62861,12.86,29.94,12.06
62871,12.98,29.96,12.06
62881,13.09,29.87,12.06
62891,13.21,29.83,12.06
62901,13.32,29.76,12.06
62911,13.43,29.77,12.06
62921,13.53,29.90,12.06
62931,13.62,29.86,12.06
62941,13.71,30.00,12.06
62951,13.80,29.87,12.06
62961,13.90,29.62,12.06
62971,13.99,29.74,12.06
62981,14.08,29.80,12.06
62991,14.16,29.85,12.06
63001,14.23,29.92,12.06
63011,14.30,29.99,12.06
63021,14.37,29.91,12.06
63031,14.43,29.99,12.06
63041,14.49,29.83,12.06
63051,14.56,29.82,12.06
63061,14.60,30.13,12.06
63071,14.64,30.30,12.06
63081,14.68,30.13,12.06
63091,14.72,30.22,12.06
63101,14.75,30.41,12.06
63111,14.78,30.24,12.06
63121,14.79,30.53,12.06
63131,14.80,30.64,12.06
63141,14.82,30.54,12.06
63151,14.83,30.57,12.06
63161,14.82,30.81,12.06
63171,14.83,30.69,12.06
63181,14.82,30.76,12.06
63191,14.81,31.03,12.06
63201,14.79,31.11,12.06
63211,14.76,31.18,12.06
63221,14.73,31.41,12.06
63231,14.71,31.19,12.06
63241,14.67,31.32,12.06
63251,14.64,31.44,12.06
63261,14.60,31.45,12.06
63271,14.56,31.53,12.06
63281,14.52,31.62,12.06
63291,14.48,31.54,12.06
63301,14.43,31.70,12.06
63311,14.38,31.80,12.06
63321,14.33,31.74,12.06
63331,14.27,31.90,12.06
63341,14.22,31.90,12.06
63351,14.16,31.90,12.06
63361,14.10,32.07,12.06
63371,14.04,32.10,12.06
63381,13.98,32.11,12.06
63391,13.92,32.13,12.06
63401,13.86,32.18,12.06
63411,13.79,32.40,12.06
63421,13.73,32.12,12.06
63431,13.66,32.44,12.06
63441,13.58,32.50,12.06
63451,13.52,32.28,12.06
63461,13.45,32.62,12.06
63471,13.39,32.34,12.06
63481,13.31,32.77,12.06
63491,13.24,32.52,12.06
63501,13.17,32.63,12.06
63511,13.11,32.60,12.06
63521,13.04,32.59,12.06
63531,12.98,32.60,12.06
63541,12.92,32.56,12.06
63551,12.85,32.81,12.06
63561,12.79,32.64,12.06
63571,12.71,32.96,12.06
63581,12.66,32.52,12.06
63591,12.60,32.84,12.06
63601,12.54,32.57,12.06
63611,12.48,32.76,12.06
63621,12.42,32.84,12.06
63631,12.37,32.69,12.06
63641,12.32,32.69,12.06
63651,12.27,32.72,12.06
63661,12.22,32.64,12.06
63671,12.18,32.70,12.06
63681,12.13,32.64,12.06
63691,12.09,32.60,12.06
63701,12.05,32.62,12.06
63711,12.02,32.46,12.06
63721,11.99,32.50,12.06
63731,11.95,32.58,12.06
63741,11.93,32.44,12.06
63751,11.90,32.38,12.06
63761,11.88,32.38,12.06
63771,11.86,32.42,12.06
63781,11.83,32.48,12.06
63791,11.81,32.28,12.06
63801,11.79,32.40,12.06
63811,11.79,32.13,12.06
63821,11.77,32.24,12.06
63831,11.77,32.08,12.06
63841,11.76,32.15,12.06
63851,11.76,31.98,12.06
63861,11.76,32.14,12.06
63871,11.76,31.88,12.06
63881,11.77,31.96,12.06
63891,11.78,31.80,12.06
63901,11.78,31.96,12.06
63911,11.80,31.65,12.06
63921,11.80,31.86,12.06
63931,11.83,31.53,12.06
63941,11.83,31.82,12.06
63951,11.86,31.35,12.06
63961,11.88,31.74,12.06
63971,11.90,31.44,12.06
63981,11.92,31.63,12.06
63991,11.95,31.28,12.06
64001,11.97,31.54,12.06
64011,12.00,86.55,106.99
64021,12.02,87.40,106.99
64031,12.05,87.80,106.99
64041,12.04,89.25,106.99
64051,12.07,89.11,106.99
64061,12.11,89.59,106.99
64071,12.14,90.30,106.99
64081,12.21,90.02,106.99
64091,12.32,89.88,106.99
64101,12.46,89.90,106.99
64111,12.63,89.55,106.99
64121,12.98,86.59,106.99
64131,13.25,88.78,106.99
64141,13.67,85.97,106.99
64151,14.18,84.54,106.99
64161,14.73,83.88,106.99
64171,15.35,83.05,106.99
64181,16.03,81.78,106.99
64191,16.81,80.05,106.99
64201,17.68,78.36,106.99
64211,18.65,76.42,106.99
64221,19.71,74.38,106.99
64231,20.88,72.34,106.99
64241,22.13,70.52,106.99
64251,23.46,68.64,106.99
64261,24.86,66.99,106.99
64271,26.35,64.95,106.99
64281,27.91,63.05,106.99
64291,29.55,61.14,106.99
64301,31.21,60.13,106.99
64311,32.89,59.31,106.99
64321,34.67,56.77,106.99
64331,36.57,53.79,106.99
64341,38.41,54.39,106.99
64351,40.40,50.63,106.99
64361,42.32,51.43,106.99
64371,44.41,47.23,106.99
64381,46.42,48.05,106.99
64391,48.46,46.66,106.99
64401,50.58,44.32,106.99
64411,52.69,43.47,106.99
64421,54.83,42.12,106.99
64431,56.96,41.38,106.99
64441,59.11,40.13,106.99
64451,61.26,39.12,106.99
64461,63.40,38.26,106.99
64471,65.55,37.42,106.99
64481,67.67,36.70,106.99
64491,69.79,36.06,106.99
64501,71.89,35.25,106.99
64511,73.95,35.07,106.99
64521,76.01,34.18,106.99
64531,78.04,33.76,106.99
64541,80.04,33.53,106.99
64551,82.01,33.12,106.99
64561,83.95,32.68,106.99
64571,85.86,32.17,106.99
64581,87.74,31.96,106.99
64591,89.58,31.85,106.99
64601,91.39,31.53,106.99
64611,93.16,31.45,106.99
64621,94.89,31.26,106.99
64631,96.57,31.36,106.99
64641,98.20,31.28,106.99
64651,99.80,31.27,106.99
64661,101.36,31.25,106.99
64671,102.87,31.28,106.99
64681,104.33,31.29,106.99
64691,105.76,31.25,106.99
64701,107.15,31.28,106.99
64711,108.49,31.55,106.99
64721,109.78,31.63,106.99
64731,111.02,32.10,106.99
64741,112.21,32.10,106.99
64751,113.36,32.34,106.99
64761,114.48,32.43,106.99
64771,115.54,32.76,106.99
64781,116.56,32.83,106.99
64791,117.54,33.19,106.99
64801,118.48,33.21,106.99
64811,119.37,33.75,106.99
64821,120.22,33.81,106.99
64831,121.03,34.16,106.99
64841,121.80,34.31,106.99
64851,122.54,34.62,106.99
64861,123.23,34.81,106.99
64871,123.88,35.40,106.99
64881,124.50,35.38,106.99
64891,125.08,35.83,106.99
64901,125.62,36.12,106.99
64911,126.12,36.41,106.99
64921,126.58,36.92,106.99
64931,127.02,36.92,106.99
64941,127.41,37.64,106.99
64951,127.77,37.65,106.99
64961,128.10,38.12,106.99
64971,128.40,38.52,106.99
64981,128.67,38.64,106.99
64991,128.90,39.12,106.99
65001,129.10,39.63,106.99
65011,129.27,39.75,106.99
65021,129.42,40.06,106.99
65031,129.50,41.30,106.99
65041,129.55,41.58,106.99
65051,129.59,41.69,106.99
65061,129.62,41.84,106.99
65071,129.61,42.40,106.99
65081,129.56,43.00,106.99
65091,129.48,43.52,106.99
65101,129.38,43.86,106.99
65111,129.28,43.92,106.99
65121,129.15,44.17,106.99
65131,129.02,44.25,106.99
65141,128.88,44.41,106.99
65151,128.73,44.55,106.99
65161,128.56,44.81,106.99
65171,128.38,45.03,106.99
65181,128.21,44.88,106.99
65191,128.03,44.93,106.99
65201,127.85,44.93,106.99
65211,127.64,45.37,106.99
65221,127.42,45.70,106.99
65231,127.20,45.79,106.99
65241,126.97,45.79,106.99
65251,126.74,46.00,106.99
65261,126.48,46.36,106.99
65271,126.21,46.74,106.99
65281,125.95,46.53,106.99
65291,125.69,46.66,106.99
65301,125.40,47.24,106.99
65311,125.11,47.24,106.99
65321,124.84,47.01,106.99
65331,124.54,47.60,106.99
65341,124.23,47.83,106.99
65351,123.93,47.60,106.99
65361,123.61,48.23,106.99
65371,123.29,48.24,106.99
65381,122.98,48.13,106.99
65391,122.64,48.74,106.99
65401,122.32,48.35,106.99
65411,121.99,48.93,106.99
65421,121.65,48.97,106.99
65431,121.32,48.92,106.99
65441,120.97,49.48,106.99
65451,120.64,49.19,106.99
65461,120.28,49.93,106.99
65471,119.95,49.50,106.99
65481,119.58,50.27,106.99
65491,119.24,49.82,106.99
65501,118.87,50.51,106.99
65511,118.54,49.97,106.99
65521,118.17,50.81,106.99
65531,117.83,50.29,106.99
65541,117.47,51.00,106.99
65551,117.11,50.93,106.99
65561,116.76,51.06,106.99
65571,116.40,51.30,106.99
65581,116.06,51.04,106.99
65591,115.69,51.72,106.99
65601,115.35,51.37,106.99
65611,115.00,51.65,106.99
65621,114.65,52.01,106.99
65631,114.31,51.66,106.99
65641,113.96,52.24,106.99
65651,113.61,52.26,106.99
65661,113.29,51.91,106.99
65671,112.94,52.45,106.99
65681,112.61,52.50,106.99
65691,112.29,52.19,106.99
65701,111.96,52.74,106.99
65711,111.63,52.85,106.99
65721,111.32,52.47,106.99
65731,111.00,52.96,106.99
65741,110.67,53.27,106.99
65751,110.37,52.85,106.99
65761,110.07,53.03,106.99
65771,109.75,53.54,106.99
65781,109.45,53.37,106.99
65791,109.16,53.21,106.99
65801,108.87,53.53,106.99
65811,108.56,53.87,106.99
65821,108.27,53.77,106.99
65831,108.00,53.50,106.99
65841,107.72,53.85,106.99
65851,107.43,54.27,106.99
65861,107.16,54.09,106.99
65871,106.90,53.90,106.99
65881,106.64,54.03,106.99
65891,106.37,54.40,106.99
65901,106.11,54.51,106.99
65911,105.87,54.21,106.99
65921,105.64,54.03,106.99
65931,105.40,54.39,106.99
65941,105.15,54.70,106.99
65951,104.91,54.86,106.99
65961,104.68,54.58,106.99
65971,104.48,54.38,106.99
65981,104.28,54.36,106.99
65991,104.07,54.66,106.99
66001,103.85,54.91,106.99
66011,103.65,54.91,106.99
66021,103.46,54.61,106.99
66031,103.29,54.50,106.99
66041,103.12,54.59,106.99
66051,102.94,54.86,106.99
66061,102.76,55.08,106.99
66071,102.58,55.08,106.99
66081,102.43,54.77,106.99
66091,102.29,54.54,106.99
66101,102.16,54.44,106.99
66111,102.03,54.55,106.99
66121,101.90,54.71,106.99
66131,101.77,54.82,106.99
66141,101.65,54.87,106.99
66151,101.53,54.67,106.99
66161,101.44,54.47,106.99
66171,101.35,54.32,106.99
66181,101.27,54.27,106.99
66191,101.19,54.34,106.99
66201,101.11,54.46,106.99
66211,101.03,54.50,106.99
66221,100.97,54.27,106.99
66231,100.93,53.99,106.99
66241,100.89,53.81,106.99
66251,100.86,53.91,106.99
66261,100.82,54.07,106.99
66271,100.78,54.18,106.99
66281,100.74,54.05,106.99
66291,100.72,53.96,106.99
66301,100.72,53.50,106.99
66311,100.72,53.57,106.99
66321,100.70,53.84,106.99
66331,100.69,53.88,106.99
66341,100.68,53.84,106.99
66351,100.69,53.53,106.99
66361,100.71,53.42,106.99
66371,100.73,53.33,106.99
66381,100.74,53.71,106.99
66391,100.75,53.67,106.99
66401,100.76,53.66,106.99
66411,100.77,53.73,106.99
66421,100.79,53.47,106.99
66431,100.81,53.49,106.99
66441,100.83,53.76,106.99
66451,100.85,53.58,106.99
66461,100.88,53.55,106.99
66471,100.89,53.80,106.99
66481,100.89,54.19,106.99
66491,100.90,54.03,106.99
66501,100.91,53.82,106.99
66511,100.93,53.93,106.99
66521,100.93,54.19,106.99
66531,100.93,54.43,106.99
66541,100.93,54.39,106.99
66551,100.94,54.06,106.99
66561,100.96,54.17,106.99
66571,100.95,54.54,106.99
66581,100.94,54.78,106.99
66591,100.93,54.72,106.99
66601,100.93,54.54,106.99
66611,100.94,54.43,106.99
66621,100.95,54.57,106.99
66631,100.94,54.79,106.99
66641,100.93,55.06,106.99
66651,100.92,54.89,106.99
66661,100.93,54.74,106.99
66671,100.95,54.57,106.99
66681,100.96,54.69,106.99
66691,100.96,54.90,106.99
66701,100.94,55.26,106.99
66711,100.94,55.17,106.99
66721,100.95,54.92,106.99
66731,100.96,54.76,106.99
66741,100.98,54.83,106.99
66751,100.99,54.91,106.99
66761,101.00,55.11,106.99
66771,100.99,55.33,106.99
66781,100.99,55.31,106.99
66791,100.99,55.25,106.99
66801,101.01,55.04,106.99
66811,101.04,54.84,106.99
66821,101.06,54.89,106.99
66831,101.08,55.08,106.99
66841,101.09,55.34,106.99
66851,101.08,55.53,106.99
66861,101.08,55.60,106.99
66871,101.08,55.54,106.99
66881,101.10,55.38,106.99
66891,101.12,55.22,106.99
66901,101.14,55.13,106.99
66911,101.17,55.23,106.99
66921,101.18,55.41,106.99
66931,101.19,55.68,106.99
66941,101.18,55.85,106.99
66951,101.19,55.81,106.99
66961,101.19,55.78,106.99
66971,101.20,55.63,106.99
66981,101.23,55.50,106.99
66991,101.25,55.48,106.99
67001,101.28,55.37,106.99
67011,101.31,55.46,106.99
67021,101.33,55.65,106.99
67031,101.33,55.91,106.99
67041,101.34,56.01,106.99
67051,101.34,56.00,106.99
67061,101.35,55.97,106.99
67071,101.36,55.97,106.99
67081,101.39,55.73,106.99
67091,101.42,55.55,106.99
67101,101.45,55.60,106.99
67111,101.49,55.55,106.99
67121,101.52,55.62,106.99
67131,101.55,55.68,106.99
67141,101.58,55.81,106.99
67151,101.59,56.11,106.99
67161,101.60,56.16,106.99
67171,101.61,56.27,106.99
67181,101.62,56.18,106.99
67191,101.64,56.11,106.99
67201,101.67,55.95,106.99
67211,101.70,55.92,106.99
67221,101.74,55.74,106.99
67231,101.78,55.70,106.99
67241,101.82,55.59,106.99
67251,101.87,55.62,106.99
67261,101.91,55.68,106.99
67271,101.95,55.80,106.99
67281,101.99,55.89,106.99
67291,102.01,56.15,106.99
67301,102.04,56.07,106.99
67311,102.06,56.20,106.99
67321,102.08,56.18,106.99
67331,102.11,56.14,106.99
67341,102.14,56.07,106.99
67351,102.18,55.92,106.99
67361,102.23,55.70,106.99
67371,102.28,55.68,106.99
67381,102.33,55.64,106.99
67391,102.39,55.57,106.99
67401,102.44,55.60,106.99
67411,102.50,55.51,106.99
67421,102.56,55.59,106.99
67431,102.60,55.83,106.99
67441,102.64,55.88,106.99
67451,102.67,56.01,106.99
67461,102.71,56.05,106.99
67471,102.75,55.96,106.99
67481,102.78,55.96,106.99
67491,102.83,55.83,106.99
67501,102.89,55.60,106.99
67511,102.95,55.47,106.99
67521,103.02,55.37,106.99
67531,103.09,55.26,106.99
67541,103.16,55.29,106.99
67551,103.22,55.43,106.99
67561,103.27,55.54,106.99
67571,103.32,55.63,106.99
67581,103.37,55.78,106.99
67591,103.41,55.85,106.99
67601,103.46,55.63,106.99
67611,103.51,55.65,106.99
67621,103.56,55.66,106.99
67631,103.60,55.75,106.99
67641,103.67,55.18,106.99
67651,103.74,55.16,106.99
67661,103.82,55.15,106.99
67671,103.88,55.29,106.99
67681,103.93,55.46,106.99
67691,103.98,55.62,106.99
67701,104.02,55.63,106.99
67711,104.07,55.59,106.99
67721,104.12,55.50,106.99
67731,104.18,55.37,106.99
67741,104.25,55.15,106.99
67751,104.32,54.98,106.99
67761,104.39,54.97,106.99
67771,104.46,55.13,106.99
67781,104.51,55.31,106.99
67791,104.56,55.50,106.99
67801,104.60,55.58,106.99
67811,104.64,55.51,106.99
67821,104.68,55.46,106.99
67831,104.74,55.31,106.99
67841,104.80,55.01,106.99
67851,104.87,54.96,106.99
67861,104.93,54.94,106.99
67871,104.99,55.07,106.99
67881,105.05,55.14,106.99
67891,105.10,55.29,106.99
67901,105.13,55.41,106.99
67911,105.17,55.48,106.99
67921,105.21,55.35,106.99
67931,105.26,55.19,106.99
67941,105.32,54.99,106.99
67951,105.39,54.80,106.99
67961,105.45,54.77,106.99
67971,105.51,54.92,106.99
67981,105.56,55.06,106.99
67991,105.60,55.25,106.99
68001,105.64,55.28,106.99
68011,105.68,47.20,93.24
68021,105.72,46.94,93.24
68031,105.78,46.66,93.24
68041,105.84,46.51,93.24
68051,105.88,46.65,93.24
68061,105.91,46.92,93.24
68071,105.95,46.49,93.24
68081,105.99,46.38,93.24
68091,105.99,47.14,93.24
68101,106.02,46.58,93.24
68111,106.02,46.93,93.24
68121,106.01,47.01,93.24
68131,106.00,47.12,93.24
68141,105.96,47.43,93.24
68151,105.94,47.13,93.24
68161,105.88,47.70,93.24
68171,105.84,47.38,93.24
68181,105.76,48.08,93.24
68191,105.71,47.47,93.24
68201,105.63,48.10,93.24
68211,105.56,47.74,93.24
68221,105.46,48.37,93.24
68231,105.38,47.92,93.24
68241,105.27,48.58,93.24
68251,105.18,48.05,93.24
68261,105.06,48.76,93.24
68271,104.95,48.33,93.24
68281,104.82,48.94,93.24
68291,104.71,48.51,93.24
68301,104.57,49.05,93.24
68311,104.44,48.76,93.24
68321,104.29,49.39,93.24
68331,104.15,48.97,93.24
68341,103.99,49.43,93.24
68351,103.84,49.30,93.24
68361,103.68,49.68,93.24
68371,103.51,49.61,93.24
68381,103.35,49.77,93.24
68391,103.17,49.87,93.24
68401,103.01,49.80,93.24
68411,102.82,50.27,93.24
68421,102.65,49.91,93.24
68431,102.44,50.67,93.24
68441,102.27,50.21,93.24
68451,102.07,50.66,93.24
68461,101.88,50.54,93.24
68471,101.68,50.82,93.24
68481,101.47,51.02,93.24
68491,101.28,50.76,93.24
68501,101.06,51.43,93.24
68511,100.85,51.13,93.24
68521,100.64,51.43,93.24
68531,100.41,51.68,93.24
68541,100.20,51.63,93.24
68551,99.97,51.90,93.24
68561,99.74,52.06,93.24
68571,99.53,51.83,93.24
68581,99.29,52.43,93.24
68591,99.07,52.23,93.24
68601,98.85,52.11,93.24
68611,98.61,52.76,93.24
68621,98.39,52.34,93.24
68631,98.17,52.50,93.24
68641,97.94,52.87,93.24
68651,97.72,52.71,93.24
68661,97.51,52.61,93.24
68671,97.29,52.99,93.24
68681,97.06,53.18,93.24
68691,96.86,52.75,93.24
68701,96.65,53.02,93.24
68711,96.42,53.50,93.24
68721,96.21,53.24,93.24
68731,96.01,53.00,93.24
68741,95.80,53.42,93.24
68751,95.59,53.63,93.24
68761,95.39,53.43,93.24
68771,95.18,53.64,93.24
68781,94.99,53.44,93.24
68791,94.80,53.54,93.24
68801,94.60,53.89,93.24
68811,94.40,53.89,93.24
68821,94.20,54.11,93.24
68831,94.00,54.23,93.24
68841,93.81,53.94,93.24
68851,93.64,53.84,93.24
68861,93.46,54.02,93.24
68871,93.27,54.27,93.24
68881,93.09,54.38,93.24
68891,92.92,54.11,93.24
68901,92.77,53.92,93.24
68911,92.61,54.16,93.24
68921,92.45,54.29,93.24
68931,92.29,54.33,93.24
68941,92.14,54.19,93.24
68951,92.01,54.05,93.24
68961,91.88,54.00,93.24
68971,91.74,54.26,93.24
68981,91.60,54.40,93.24
68991,91.47,54.39,93.24
69001,91.35,54.07,93.24
69011,91.25,53.99,93.24
69021,91.14,54.10,93.24
69031,91.02,54.28,93.24
69041,90.91,54.41,93.24
69051,90.80,54.25,93.24
69061,90.71,54.00,93.24
69071,90.64,53.80,93.24
69081,90.56,53.92,93.24
69091,90.47,54.16,93.24
69101,90.39,54.23,93.24
69111,90.32,53.88,93.24
69121,90.26,53.86,93.24
69131,90.21,53.63,93.24
69141,90.15,53.90,93.24
69151,90.08,54.10,93.24
69161,90.02,53.95,93.24
69171,89.98,53.81,93.24
69181,89.94,53.69,93.24
69191,89.91,53.61,93.24
69201,89.86,53.91,93.24
69211,89.82,53.92,93.24
69221,89.79,53.70,93.24
69231,89.77,53.49,93.24
69241,89.75,53.46,93.24
69251,89.73,53.59,93.24
69261,89.70,53.82,93.24
69271,89.69,53.50,93.24
69281,89.69,53.29,93.24
69291,89.69,53.25,93.24
69301,89.69,53.35,93.24
69311,89.68,53.64,93.24
69321,89.68,53.46,93.24
69331,89.68,53.29,93.24
69341,89.70,52.98,93.24
69351,89.72,53.19,93.24
69361,89.72,53.49,93.24
69371,89.71,53.50,93.24
69381,89.73,53.22,93.24
69391,89.75,53.10,93.24
69401,89.76,53.28,93.24
69411,89.76,53.51,93.24
69421,89.77,53.47,93.24
69431,89.79,53.22,93.24
69441,89.80,53.28,93.24
69451,89.81,53.39,93.24
69461,89.81,53.73,93.24
69471,89.81,53.65,93.24
69481,89.83,53.28,93.24
69491,89.85,53.34,93.24
69501,89.84,53.77,93.24
69511,89.84,53.89,93.24
69521,89.83,53.80,93.24
69531,89.84,53.65,93.24
69541,89.85,53.54,93.24
69551,89.85,53.84,93.24
69561,89.84,54.14,93.24
69571,89.84,53.83,93.24
69581,89.85,53.76,93.24
69591,89.85,53.85,93.24
69601,89.85,53.91,93.24
69611,89.83,54.27,93.24
69621,89.83,54.16,93.24
69631,89.84,53.72,93.24
69641,89.85,53.93,93.24
69651,89.85,54.01,93.24
69661,89.84,54.26,93.24
69671,89.83,54.19,93.24
69681,89.85,53.84,93.24
69691,89.86,53.95,93.24
69701,89.86,54.05,93.24
69711,89.86,54.20,93.24
69721,89.85,54.36,93.24
69731,89.86,54.11,93.24
69741,89.87,54.01,93.24
69751,89.88,54.01,93.24
69761,89.89,54.10,93.24
69771,89.89,54.35,93.24
69781,89.88,54.47,93.24
69791,89.89,54.04,93.24
69801,89.91,54.04,93.24
69811,89.92,54.14,93.24
69821,89.92,54.42,93.24
69831,89.91,54.61,93.24
69841,89.91,54.46,93.24
69851,89.91,54.38,93.24
69861,89.92,54.26,93.24
69871,89.93,54.25,93.24
69881,89.93,54.53,93.24
69891,89.92,54.71,93.24
69901,89.92,54.60,93.24
69911,89.92,54.59,93.24
69921,89.93,54.40,93.24
69931,89.94,54.39,93.24
69941,89.95,54.55,93.24
69951,89.94,54.79,93.24
69961,89.94,54.66,93.24
69971,89.94,54.74,93.24
69981,89.94,54.80,93.24
69991,89.94,54.70,93.24
70001,89.95,54.58,93.24
70011,89.94,54.92,93.24
70021,89.93,54.93,93.24
70031,89.94,54.82,93.24
70041,89.95,54.65,93.24
70051,89.96,54.49,93.24
70061,89.97,54.68,93.24
70071,89.98,54.82,93.24
70081,89.98,54.88,93.24
70091,89.97,55.09,93.24
70101,89.97,55.04,93.24
70111,89.98,54.79,93.24
70121,89.99,54.77,93.24
70131,90.00,54.73,93.24
70141,90.01,54.83,93.24
70151,90.01,55.06,93.24
70161,90.01,55.22,93.24
70171,90.01,55.11,93.24
70181,90.01,55.08,93.24
70191,90.02,54.94,93.24
70201,90.03,54.82,93.24
70211,90.05,54.92,93.24
70221,90.06,54.94,93.24
70231,90.06,55.20,93.24
70241,90.05,55.37,93.24
70251,90.06,55.11,93.24
70261,90.07,55.10,93.24
70271,90.07,55.13,93.24
70281,90.10,54.81,93.24
70291,90.11,55.00,93.24
70301,90.12,55.11,93.24
70311,90.13,55.19,93.24
70321,90.12,55.44,93.24
70331,90.13,55.22,93.24
70341,90.14,55.20,93.24
70351,90.15,55.20,93.24
70361,90.17,54.88,93.24
70371,90.20,54.98,93.24
70381,90.21,55.14,93.24
70391,90.23,55.08,93.24
70401,90.23,55.30,93.24
70411,90.24,55.35,93.24
70421,90.25,55.38,93.24
70431,90.25,55.37,93.24
70441,90.27,55.21,93.24
70451,90.29,55.09,93.24
70461,90.31,55.09,93.24
70471,90.34,55.00,93.24
70481,90.36,55.13,93.24
70491,90.37,55.29,93.24
70501,90.38,55.41,93.24
70511,90.38,55.54,93.24
70521,90.38,55.53,93.24
70531,90.40,55.31,93.24
70541,90.41,55.26,93.24
70551,90.44,55.17,93.24
70561,90.46,55.13,93.24
70571,90.48,55.19,93.24
70581,90.50,55.29,93.24
70591,90.51,55.45,93.24
70601,90.51,55.59,93.24
70611,90.52,55.66,93.24
70621,90.52,55.56,93.24
70631,90.54,55.42,93.24
70641,90.56,55.32,93.24
70651,90.58,55.30,93.24
70661,90.60,55.22,93.24
70671,90.62,55.34,93.24
70681,90.63,55.50,93.24
70691,90.64,55.60,93.24
70701,90.64,55.76,93.24
70711,90.65,55.72,93.24
70721,90.65,55.65,93.24
70731,90.66,55.56,93.24
70741,90.69,55.37,93.24
70751,90.71,55.35,93.24
70761,90.73,55.42,93.24
70771,90.75,55.45,93.24
70781,90.76,55.62,93.24
70791,90.77,55.71,93.24
70801,90.77,55.84,93.24
70811,90.77,55.90,93.24
70821,90.77,55.90,93.24
70831,90.77,55.92,93.24
70841,90.78,55.74,93.24
70851,90.79,55.62,93.24
70861,90.81,55.53,93.24
70871,90.84,55.43,93.24
70881,90.86,55.47,93.24
70891,90.88,55.49,93.24
70901,90.90,55.70,93.24
70911,90.91,55.64,93.24
70921,90.92,55.88,93.24
70931,90.92,55.87,93.24
70941,90.93,55.89,93.24
70951,90.93,55.90,93.24
70961,90.94,55.83,93.24
70971,90.95,55.83,93.24
70981,90.97,55.65,93.24
70991,91.00,55.52,93.24
71001,91.02,55.51,93.24
71011,91.05,55.43,93.24
71021,91.08,55.58,93.24
71031,91.10,55.61,93.24
71041,91.12,55.58,93.24
71051,91.13,55.88,93.24
71061,91.14,55.90,93.24
71071,91.14,55.91,93.24
71081,91.15,55.97,93.24
71091,91.16,55.88,93.24
71101,91.17,55.90,93.24
71111,91.19,55.66,93.24
71121,91.22,55.55,93.24
71131,91.24,55.51,93.24
71141,91.27,55.49,93.24
71151,91.30,55.52,93.24
71161,91.32,55.65,93.24
71171,91.35,55.44,93.24
71181,91.38,55.65,93.24
71191,91.40,55.65,93.24
71201,91.42,55.63,93.24
71211,91.42,56.03,93.24
71221,91.43,55.86,93.24
71231,91.44,55.87,93.24
71241,91.46,55.69,93.24
71251,91.49,55.62,93.24
71261,91.52,55.49,93.24
71271,91.55,55.52,93.24
71281,91.58,55.47,93.24
71291,91.60,55.60,93.24
71301,91.62,55.62,93.24
71311,91.64,55.78,93.24
71321,91.65,55.84,93.24
71331,91.66,55.91,93.24
71341,91.66,55.99,93.24
71351,91.67,55.96,93.24
71361,91.68,55.93,93.24
71371,91.69,55.84,93.24
71381,91.71,55.61,93.24
71391,91.74,55.65,93.24
71401,91.77,55.42,93.24
71411,91.80,55.49,93.24
71421,91.83,55.52,93.24
71431,91.86,55.51,93.24
71441,91.88,55.63,93.24
71451,91.89,55.74,93.24
71461,91.91,55.69,93.24
71471,91.91,56.03,93.24
71481,91.92,55.88,93.24
71491,91.93,55.99,93.24
71501,91.94,55.93,93.24
71511,91.95,55.80,93.24
71521,91.97,55.70,93.24
71531,91.99,55.56,93.24
71541,92.02,55.50,93.24
71551,92.05,55.41,93.24
71561,92.08,55.48,93.24
71571,92.11,55.48,93.24
71581,92.13,55.57,93.24
71591,92.15,55.63,93.24
71601,92.17,55.68,93.24
71611,92.18,55.80,93.24
71621,92.19,55.91,93.24
71631,92.20,55.87,93.24
71641,92.20,55.90,93.24
71651,92.22,55.74,93.24
71661,92.23,55.78,93.24
71671,92.25,55.67,93.24
71681,92.27,55.49,93.24
71691,92.30,55.49,93.24
71701,92.33,55.42,93.24
71711,92.36,55.32,93.24
71721,92.39,55.38,93.24
71731,92.42,55.32,93.24
71741,92.45,55.51,93.24
71751,92.46,55.61,93.24
71761,92.47,55.72,93.24
71771,92.48,55.75,93.24
71781,92.49,55.86,93.24
71791,92.50,55.81,93.24
71801,92.51,55.71,93.24
71811,92.52,55.70,93.24
71821,92.54,55.51,93.24
71831,92.57,55.44,93.24
71841,92.59,55.44,93.24
71851,92.62,55.32,93.24
71861,92.65,55.35,93.24
71871,92.67,55.43,93.24
71881,92.69,55.55,93.24
71891,92.70,55.62,93.24
71901,92.71,55.71,93.24
71911,92.71,55.73,93.24
71921,92.71,55.89,93.24
71931,92.72,55.77,93.24
71941,92.72,55.80,93.24
71951,92.73,55.77,93.24
71961,92.74,55.63,93.24
71971,92.76,55.56,93.24
71981,92.78,55.40,93.24
71991,92.80,55.37,93.24
72001,92.83,55.39,93.24
72011,92.85,19.18,31.23
72021,92.87,18.92,31.23
72031,92.89,18.44,31.23
72041,92.90,18.32,31.23
72051,92.91,17.73,31.23
72061,92.91,17.56,31.23
72071,92.90,17.52,31.23
72081,92.84,17.98,31.23
72091,92.76,18.07,31.23
72101,92.65,18.36,31.23
72111,92.49,19.02,31.23
72121,92.32,18.96,31.23
72131,92.13,19.03,31.23
72141,91.89,19.72,31.23
72151,91.60,20.53,31.23
72161,91.28,20.93,31.23
72171,90.91,21.57,31.23
72181,90.52,22.04,31.23
72191,90.10,22.45,31.23
72201,89.64,22.98,31.23
72211,89.14,23.81,31.23
72221,88.61,24.19,31.23
72231,88.06,24.72,31.23
72241,87.46,25.68,31.23
72251,86.84,26.01,31.23
72261,86.19,26.49,31.23
72271,85.49,27.77,31.23
72281,84.76,28.16,31.23
72291,84.02,28.74,31.23
72301,83.20,30.32,31.23
72311,82.36,30.66,31.23
72321,81.51,31.30,31.23
72331,80.60,32.56,31.23
72341,79.66,33.51,31.23
72351,78.68,34.46,31.23
72361,77.65,35.66,31.23
72371,76.60,36.47,31.23
72381,75.54,37.17,31.23
72391,74.42,38.45,31.23
72401,73.29,39.14,31.23
72411,72.13,40.08,31.23
72421,70.93,41.38,31.23
72431,69.71,42.15,31.23
72441,68.46,43.19,31.23
72451,67.20,44.01,31.23
72461,65.91,44.98,31.23
72471,64.62,45.70,31.23
72481,63.31,46.49,31.23
72491,61.97,47.62,31.23
72501,60.62,48.47,31.23
72511,59.26,49.34,31.23
72521,57.88,50.23,31.23
72531,56.50,50.90,31.23
72541,55.10,51.85,31.23
72551,53.71,52.49,31.23
72561,52.31,53.31,31.23
72571,50.91,53.97,31.23
72581,49.52,54.39,31.23
72591,48.13,55.13,31.23
72601,46.76,55.29,31.23
72611,45.40,55.94,31.23
72621,44.05,56.49,31.23
72631,42.72,56.65,31.23
72641,41.40,57.03,31.23
72651,40.11,57.29,31.23
72661,38.84,57.63,31.23
72671,37.60,57.62,31.23
72681,36.38,57.85,31.23
72691,35.18,57.99,31.23
72701,34.02,57.99,31.23
72711,32.90,57.95,31.23
72721,31.81,57.77,31.23
72731,30.76,57.76,31.23
72741,29.73,57.74,31.23
72751,28.75,57.45,31.23
72761,27.80,57.47,31.23
72771,26.89,57.05,31.23
72781,26.03,56.83,31.23
72791,25.20,56.52,31.23
72801,24.41,56.22,31.23
72811,23.67,55.86,31.23
72821,22.96,55.68,31.23
72831,22.29,55.35,31.23
72841,21.66,54.76,31.23
72851,21.08,54.49,31.23
72861,20.54,53.83,31.23
72871,20.03,53.56,31.23
72881,19.57,53.02,31.23
72891,19.14,52.75,31.23
72901,18.75,52.31,31.23
72911,18.38,52.08,31.23
72921,18.05,51.70,31.23
72931,17.75,51.29,31.23
72941,17.50,50.52,31.23
72951,17.31,49.58,31.23
72961,17.16,48.92,31.23
72971,17.03,48.53,31.23
72981,16.93,48.33,31.23
72991,16.86,47.81,31.23
73001,16.84,46.70,31.23
73011,16.86,46.28,31.23
73021,16.89,45.95,31.23
73031,16.97,45.08,31.23
73041,17.07,44.72,31.23
73051,17.20,44.24,31.23
73061,17.37,43.35,31.23
73071,17.54,43.15,31.23
73081,17.76,42.30,31.23
73091,17.99,42.04,31.23
73101,18.25,41.44,31.23
73111,18.52,41.09,31.23
73121,18.80,40.83,31.23
73131,19.11,40.05,31.23
73141,19.43,39.85,31.23
73151,19.75,39.73,31.23
73161,20.11,38.75,31.23
73171,20.49,38.24,31.23
73181,20.87,38.07,31.23
73191,21.25,37.94,31.23
73201,21.63,37.92,31.23
73211,22.01,37.62,31.23
73221,22.39,37.37,31.23
73231,22.76,37.41,31.23
73241,23.15,37.06,31.23
73251,23.53,36.95,31.23
73261,23.90,36.91,31.23
73271,24.28,36.75,31.23
73281,24.66,36.34,31.23
73291,25.06,35.93,31.23
73301,25.46,35.64,31.23
73311,25.87,35.24,31.23
73321,26.31,34.59,31.23
73331,26.73,34.62,31.23
73341,27.11,35.26,31.23
73351,27.45,35.78,31.23
73361,27.81,35.39,31.23
73371,28.19,34.69,31.23
73381,28.55,34.72,31.23
73391,28.89,35.16,31.23
73401,29.23,34.97,31.23
73411,29.56,34.92,31.23
73421,29.90,34.71,31.23
73431,30.21,35.01,31.23
73441,30.50,35.09,31.23
73451,30.81,34.80,31.23
73461,31.09,35.09,31.23
73471,31.35,35.39,31.23
73481,31.62,34.95,31.23
73491,31.87,35.27,31.23
73501,32.12,34.93,31.23
73511,32.35,35.36,31.23
73521,32.58,35.40,31.23
73531,32.78,35.57,31.23
73541,33.00,35.24,31.23
73551,33.19,35.67,31.23
73561,33.35,36.07,31.23
73571,33.53,35.64,31.23
73581,33.66,36.35,31.23
73591,33.80,36.35,31.23
73601,33.92,36.44,31.23
73611,34.04,36.43,31.23
73621,34.13,36.92,31.23
73631,34.22,36.98,31.23
73641,34.30,37.02,31.23
73651,34.36,37.36,31.23
73661,34.40,37.79,31.23
73671,34.43,37.95,31.23
73681,34.46,37.66,31.23
73691,34.48,38.16,31.23
73701,34.47,38.63,31.23
73711,34.46,38.45,31.23
73721,34.46,38.47,31.23
73731,34.43,39.03,31.23
73741,34.36,39.62,31.23
73751,34.30,39.62,31.23
73761,34.25,39.36,31.23
73771,34.21,39.27,31.23
73781,34.15,39.67,31.23
73791,34.07,40.12,31.23
73801,33.97,40.49,31.23
73811,33.87,40.52,31.23
73821,33.78,40.34,31.23
73831,33.69,40.36,31.23
73841,33.60,40.49,31.23
73851,33.49,40.82,31.23
73861,33.35,41.46,31.23
73871,33.20,42.01,31.23
73881,33.04,42.05,31.23
73891,32.88,42.08,31.23
73901,32.73,42.13,31.23
73911,32.59,41.85,31.23
73921,32.46,41.84,31.23
73931,32.33,41.83,31.23
73941,32.21,41.71,31.23
73951,32.08,42.04,31.23
73961,31.95,42.05,31.23
73971,31.82,42.19,31.23
73981,31.68,42.38,31.23
73991,31.54,42.63,31.23
74001,31.39,42.73,31.23
74011,31.24,42.90,31.23
74021,31.08,43.03,31.23
74031,30.92,43.24,31.23
74041,30.76,43.47,31.23
74051,30.61,43.30,31.23
74061,30.46,43.32,31.23
74071,30.31,43.44,31.23
74081,30.18,43.12,31.23
74091,30.06,43.00,31.23
74101,29.94,43.02,31.23
74111,29.81,43.29,31.23
74121,29.68,43.42,31.23
74131,29.55,43.62,31.23
74141,29.41,43.63,31.23
74151,29.30,43.39,31.23
74161,29.20,43.18,31.23
74171,29.11,42.92,31.23
74181,29.03,43.00,31.23
74191,28.93,43.33,31.23
74201,28.83,43.35,31.23
74211,28.74,43.28,31.23
74221,28.67,43.07,31.23
74231,28.60,42.95,31.23
74241,28.55,42.71,31.23
74251,28.49,42.96,31.23
74261,28.42,43.03,31.23
74271,28.36,43.12,31.23
74281,28.32,42.77,31.23
74291,28.29,42.47,31.23
74301,28.26,42.45,31.23
74311,28.24,42.45,31.23
74321,28.21,42.56,31.23
74331,28.19,42.44,31.23
74341,28.18,42.27,31.23
74351,28.19,41.98,31.23
74361,28.20,41.87,31.23
74371,28.20,42.05,31.23
74381,28.21,42.04,31.23
74391,28.21,41.96,31.23
74401,28.24,41.63,31.23
74411,28.28,41.39,31.23
74421,28.33,41.12,31.23
74431,28.38,41.17,31.23
74441,28.42,41.34,31.23
74451,28.46,41.24,31.23
74461,28.51,41.07,31.23
74471,28.57,40.94,31.23
74481,28.64,40.66,31.23
74491,28.71,40.73,31.23
74501,28.78,40.69,31.23
74511,28.85,40.49,31.23
74521,28.92,40.65,31.23
74531,28.98,40.79,31.23
74541,29.03,40.84,31.23
74551,29.10,40.55,31.23
74561,29.19,40.17,31.23
74571,29.27,40.09,31.23
74581,29.36,40.02,31.23
74591,29.45,40.04,31.23
74601,29.54,39.87,31.23
74611,29.62,40.12,31.23
74621,29.69,40.23,31.23
74631,29.76,40.27,31.23
74641,29.82,40.31,31.23
74651,29.91,39.91,31.23
74661,29.98,39.98,31.23
74671,30.05,40.18,31.23
74681,30.13,39.80,31.23
74691,30.21,39.83,31.23
74701,30.29,39.73,31.23
74711,30.38,39.65,31.23
74721,30.46,39.69,31.23
74731,30.54,39.61,31.23
74741,30.61,39.78,31.23
74751,30.69,39.63,31.23
74761,30.76,39.69,31.23
74771,30.83,39.82,31.23
74781,30.88,39.99,31.23
74791,30.94,39.86,31.23
74801,30.99,40.04,31.23
74811,31.03,40.07,31.23
74821,31.07,40.15,31.23
74831,31.11,40.25,31.23
74841,31.13,40.48,31.23
74851,31.16,40.29,31.23
74861,31.18,40.58,31.23
74871,31.19,40.59,31.23
74881,31.20,40.69,31.23
74891,31.22,40.57,31.23
74901,31.22,40.95,31.23
74911,31.21,40.94,31.23
74921,31.21,40.99,31.23
74931,31.21,40.90,31.23
74941,31.19,41.19,31.23
74951,31.18,41.18,31.23
74961,31.17,41.19,31.23
74971,31.15,41.29,31.23
74981,31.13,41.35,31.23
74991,31.10,41.50,31.23
75001,31.09,41.12,31.23
75011,31.08,41.22,31.23
75021,31.08,41.01,31.23
75031,31.08,40.95,31.23
75041,31.08,41.03,31.23
75051,31.08,40.81,31.23
75061,31.08,40.99,31.23
75071,31.09,40.75,31.23
75081,31.10,40.89,31.23
75091,31.09,41.09,31.23
75101,31.08,41.12,31.23
75111,31.07,41.31,31.23
75121,31.05,41.44,31.23
75131,31.03,41.34,31.23
75141,31.01,41.40,31.23
75151,30.98,41.63,31.23
75161,30.96,41.45,31.23
75171,30.94,41.41,31.23
75181,30.93,41.39,31.23
75191,30.93,41.09,31.23
75201,30.93,40.96,31.23
75211,30.94,40.92,31.23
75221,30.96,40.73,31.23
75231,30.97,40.80,31.23
75241,30.97,41.07,31.23
75251,30.97,41.09,31.23
75261,30.96,41.27,31.23
75271,30.94,41.41,31.23
75281,30.93,41.28,31.23
75291,30.92,41.41,31.23
75301,30.90,41.41,31.23
75311,30.91,41.10,31.23
75321,30.91,41.03,31.23
75331,30.91,41.06,31.23
75341,30.93,40.75,31.23
75351,30.95,40.61,31.23
75361,30.98,40.67,31.23
75371,30.98,41.03,31.23
75381,30.98,40.99,31.23
75391,30.98,41.20,31.23
75401,30.96,41.39,31.23
75411,30.96,41.17,31.23
75421,30.95,41.24,31.23
75431,30.95,41.19,31.23
75441,30.95,41.20,31.23
75451,30.96,40.79,31.23
75461,30.98,40.75,31.23
75471,30.99,40.77,31.23
75481,31.02,40.58,31.23
75491,31.03,40.79,31.23
75501,31.04,40.90,31.23
75511,31.04,41.21,31.23
75521,31.03,41.10,31.23
75531,31.03,41.12,31.23
75541,31.02,41.42,31.23
75551,31.01,41.17,31.23
75561,31.01,41.17,31.23
75571,31.01,41.10,31.23
75581,31.02,40.87,31.23
75591,31.03,40.81,31.23
75601,31.04,40.93,31.23
75611,31.04,41.10,31.23
75621,31.06,40.78,31.23
75631,31.05,41.12,31.23
75641,31.04,41.45,31.23
75651,31.03,41.28,31.23
75661,31.02,41.33,31.23
75671,30.99,41.53,31.23
75681,30.99,41.26,31.23
75691,30.98,41.19,31.23
75701,30.98,41.13,31.23
75711,31.00,40.86,31.23
75721,31.01,40.90,31.23
75731,31.02,40.98,31.23
75741,31.01,41.32,31.23
75751,30.99,41.39,31.23
75761,30.97,41.52,31.23
75771,30.98,41.14,31.23
75781,30.96,41.38,31.23
75791,30.96,41.27,31.23
75801,30.95,41.25,31.23
75811,30.97,40.88,31.23
75821,30.99,40.79,31.23
75831,31.00,40.84,31.23
75841,31.02,40.79,31.23
75851,31.03,40.95,31.23
75861,31.03,41.05,31.23
75871,31.02,41.37,31.23
75881,31.01,41.32,31.23
75891,31.00,41.41,31.23
75901,30.98,41.55,31.23
75911,30.97,41.26,31.23
75921,30.98,41.06,31.23
75931,30.99,41.04,31.23
75941,31.00,40.96,31.23
75951,31.01,40.78,31.23
75961,31.03,40.83,31.23
75971,31.04,41.02,31.23
75981,31.05,40.92,31.23
75991,31.04,41.34,31.23
76001,31.02,41.47,31.23
76011,31.01,39.72,28.18
76021,31.00,39.56,28.18
76031,30.98,39.78,28.18
76041,30.97,39.53,28.18
76051,30.97,39.26,28.18
76061,30.97,39.37,28.18
76071,30.98,39.04,28.18
76081,30.99,39.14,28.18
76091,30.99,39.09,28.18
76101,31.01,38.83,28.18
76111,31.03,38.92,28.18
76121,31.04,38.91,28.18
76131,31.04,39.05,28.18
76141,31.06,38.79,28.18
76151,31.07,38.89,28.18
76161,31.08,38.87,28.18
76171,31.09,38.86,28.18
76181,31.09,38.98,28.18
76191,31.10,38.72,28.18
76201,31.11,38.85,28.18
76211,31.12,38.81,28.18
76221,31.12,38.78,28.18
76231,31.13,38.86,28.18
76241,31.13,38.77,28.18
76251,31.14,38.76,28.18
76261,31.13,39.02,28.18
76271,31.12,38.93,28.18
76281,31.10,39.21,28.18
76291,31.07,39.39,28.18
76301,31.03,39.63,28.18
76311,31.00,39.54,28.18
76321,30.94,39.96,28.18
76331,30.88,39.98,28.18
76341,30.81,40.25,28.18
76351,30.75,40.26,28.18
76361,30.67,40.48,28.18
76371,30.60,40.29,28.18
76381,30.53,40.44,28.18
76391,30.46,40.27,28.18
76401,30.40,40.35,28.18
76411,30.34,40.20,28.18
76421,30.29,40.12,28.18
76431,30.22,40.36,28.18
76441,30.17,40.14,28.18
76451,30.11,40.22,28.18
76461,30.06,40.16,28.18
76471,30.01,40.18,28.18
76481,29.95,40.32,28.18
76491,29.91,40.08,28.18
76501,29.85,40.29,28.18
76511,29.81,40.11,28.18
76521,29.76,40.14,28.18
76531,29.71,40.24,28.18
76541,29.67,40.22,28.18
76551,29.62,40.21,28.18
76561,29.57,40.34,28.18
76571,29.52,40.19,28.18
76581,29.48,40.24,28.18
76591,29.43,40.41,28.18
76601,29.39,40.18,28.18
76611,29.34,40.37,28.18
76621,29.29,40.32,28.18
76631,29.25,40.27,28.18
76641,29.22,40.09,28.18
76651,29.17,40.41,28.18
76661,29.14,40.17,28.18
76671,29.10,40.17,28.18
76681,29.07,40.21,28.18
76691,29.03,40.28,28.18
76701,29.01,40.05,28.18
76711,28.98,40.10,28.18
76721,28.96,39.98,28.18
76731,28.93,40.07,28.18
76741,28.91,39.94,28.18
76751,28.89,39.93,28.18
76761,28.88,39.77,28.18
76771,28.87,39.79,28.18
76781,28.86,39.77,28.18
76791,28.85,39.74,28.18
76801,28.85,39.61,28.18
76811,28.85,39.66,28.18
76821,28.85,39.48,28.18
76831,28.85,39.54,28.18
76841,28.86,39.49,28.18
76851,28.88,39.08,28.18
76861,28.91,38.87,28.18
76871,28.94,38.90,28.18
76881,28.97,38.85,28.18
76891,29.00,38.92,28.18
76901,29.00,39.36,28.18
76911,29.01,39.20,28.18
76921,29.01,39.44,28.18
76931,29.01,39.39,28.18
76941,29.01,39.48,28.18
76951,29.00,39.68,28.18
76961,28.99,39.59,28.18
76971,28.97,39.83,28.18
76981,28.96,39.64,28.18
76991,28.94,39.77,28.18
77001,28.92,39.73,28.18
77011,28.90,39.81,28.18
77021,28.89,39.63,28.18
77031,28.88,39.76,28.18
77041,28.87,39.55,28.18
77051,28.86,39.68,28.18
77061,28.86,39.51,28.18
77071,28.86,39.43,28.18
77081,28.85,39.56,28.18
77091,28.85,39.39,28.18
77101,28.85,39.40,28.18
77111,28.87,39.15,28.18
77121,28.88,39.17,28.18
77131,28.90,39.06,28.18
77141,28.91,38.99,28.18
77151,28.94,38.78,28.18
77161,28.96,38.93,28.18
77171,28.99,38.78,28.18
77181,29.02,38.70,28.18
77191,29.05,38.74,28.18
77201,29.07,38.68,28.18
77211,29.10,38.64,28.18
77221,29.12,38.79,28.18
77231,29.15,38.68,28.18
77241,29.16,38.86,28.18
77251,29.18,38.82,28.18
77261,29.17,39.29,28.18
77271,29.17,39.25,28.18
77281,29.15,39.45,28.18
77291,29.12,39.83,28.18
77301,29.08,39.87,28.18
77311,29.04,40.05,28.18
77321,29.01,39.84,28.18
77331,28.97,39.96,28.18
77341,28.95,39.75,28.18
77351,28.92,39.75,28.18
77361,28.92,39.36,28.18
77371,28.91,39.39,28.18
77381,28.92,39.04,28.18
77391,28.93,39.06,28.18
77401,28.95,38.72,28.18
77411,28.97,38.85,28.18
77421,28.99,38.61,28.18
77431,29.02,38.65,28.18
77441,29.06,38.35,28.18
77451,29.08,38.58,28.18
77461,29.12,38.31,28.18
77471,29.15,38.52,28.18
77481,29.17,38.49,28.18
77491,29.20,38.59,28.18
77501,29.20,38.82,28.18
77511,29.21,38.95,28.18
77521,29.20,39.20,28.18
77531,29.18,39.23,28.18
77541,29.15,39.59,28.18
77551,29.13,39.55,28.18
77561,29.09,39.77,28.18
77571,29.06,39.63,28.18
77581,29.03,39.57,28.18
77591,29.01,39.42,28.18
77601,29.01,39.19,28.18
77611,29.00,39.25,28.18
77621,29.00,38.94,28.18
77631,29.01,38.82,28.18
77641,29.03,38.65,28.18
77651,29.05,38.55,28.18
77661,29.08,38.46,28.18
77671,29.11,38.39,28.18
77681,29.14,38.24,28.18
77691,29.17,38.26,28.18
77701,29.20,38.21,28.18
77711,29.23,38.35,28.18
77721,29.26,38.22,28.18
77731,29.28,38.49,28.18
77741,29.29,38.61,28.18
77751,29.28,38.89,28.18
77761,29.26,39.22,28.18
77771,29.24,39.23,28.18
77781,29.19,39.73,28.18
77791,29.15,39.68,28.18
77801,29.12,39.52,28.18
77811,29.08,39.59,28.18
77821,29.07,39.17,28.18
77831,29.06,39.04,28.18
77841,29.06,38.74,28.18
77851,29.08,38.44,28.18
77861,29.11,38.23,28.18
77871,29.15,38.10,28.18
77881,29.17,38.26,28.18
77891,29.21,38.07,28.18
77901,29.22,38.42,28.18
77911,29.23,38.57,28.18
77921,29.24,38.60,28.18
77931,29.22,39.09,28.18
77941,29.19,39.23,28.18
77951,29.19,38.67,28.18
77961,29.17,39.16,28.18
77971,29.14,39.27,28.18
77981,29.11,39.48,28.18
77991,29.10,38.92,28.18
78001,29.11,38.58,28.18
78011,29.13,38.23,28.18
78021,29.15,38.29,28.18
78031,29.19,37.90,28.18
78041,29.22,38.05,28.18
78051,29.23,38.27,28.18
78061,29.26,38.12,28.18
78071,29.26,38.57,28.18
78081,29.26,38.67,28.18
78091,29.24,38.95,28.18
78101,29.20,39.32,28.18
78111,29.16,39.39,28.18
78121,29.12,39.53,28.18
78131,29.08,39.39,28.18
78141,29.06,39.16,28.18
78151,29.04,38.99,28.18
78161,29.05,38.52,28.18
78171,29.06,38.41,28.18
78181,29.09,38.14,28.18
78191,29.12,37.96,28.18
78201,29.15,38.02,28.18
78211,29.18,37.82,28.18
78221,29.21,38.07,28.18
78231,29.22,38.32,28.18
78241,29.22,38.42,28.18
78251,29.19,39.11,28.18
78261,29.16,39.21,28.18
78271,29.12,39.27,28.18
78281,29.07,39.55,28.18
78291,29.04,39.17,28.18
78301,29.01,39.16,28.18
78311,29.00,38.90,28.18
78321,29.01,38.35,28.18
78331,29.02,38.37,28.18
78341,29.05,37.98,28.18
78351,29.09,37.74,28.18
78361,29.12,37.91,28.18
78371,29.15,37.83,28.18
78381,29.16,38.15,28.18
78391,29.16,38.52,28.18
78401,29.15,38.61,28.18
78411,29.12,39.12,28.18
78421,29.07,39.53,28.18
78431,29.03,39.32,28.18
78441,28.99,39.35,28.18
78451,28.96,39.04,28.18
78461,28.96,38.53,28.18
78471,28.97,38.36,28.18
78481,28.99,38.12,28.18
78491,29.02,37.90,28.18
78501,29.04,38.01,28.18
78511,29.06,38.02,28.18
78521,29.07,38.16,28.18
78531,29.06,38.69,28.18
78541,29.03,39.12,28.18
78551,28.99,39.19,28.18
78561,28.94,39.55,28.18
78571,28.89,39.38,28.18
78581,28.87,39.05,28.18
78591,28.84,39.01,28.18
78601,28.84,38.48,28.18
78611,28.86,38.25,28.18
78621,28.87,38.15,28.18
78631,28.91,37.82,28.18
78641,28.93,37.93,28.18
78651,28.95,38.15,28.18
78661,28.96,38.24,28.18
78671,28.94,38.67,28.18
78681,28.93,38.80,28.18
78691,28.89,39.08,28.18
78701,28.84,39.55,28.18
78711,28.80,39.34,28.18
78721,28.76,39.27,28.18
78731,28.73,39.04,28.18
78741,28.73,38.55,28.18
78751,28.74,38.39,28.18
78761,28.75,38.19,28.18
78771,28.79,37.80,28.18
78781,28.82,37.81,28.18
78791,28.85,37.79,28.18
78801,28.88,37.90,28.18
78811,28.89,38.22,28.18
78821,28.88,38.49,28.18
78831,28.85,39.03,28.18
78841,28.81,39.37,28.18
78851,28.77,39.20,28.18
78861,28.72,39.39,28.18
78871,28.68,39.28,28.18
78881,28.67,38.84,28.18
78891,28.66,38.65,28.18
78901,28.68,38.13,28.18
78911,28.71,37.81,28.18
78921,28.74,37.85,28.18
78931,28.78,37.64,28.18
78941,28.80,38.05,28.18
78951,28.80,38.26,28.18
78961,28.80,38.42,28.18
78971,28.78,38.89,28.18
78981,28.74,39.23,28.18
78991,28.69,39.37,28.18
79001,28.65,39.31,28.18
79011,28.60,39.40,28.18
79021,28.56,39.49,28.18
79031,28.53,39.13,28.18
79041,28.51,38.83,28.18
79051,28.55,37.71,28.18
79061,28.58,37.96,28.18
79071,28.60,38.06,28.18
79081,28.60,38.39,28.18
79091,28.59,38.74,28.18
79101,28.57,38.84,28.18
79111,28.53,39.44,28.18
79121,28.48,39.38,28.18
79131,28.45,39.15,28.18
79141,28.43,39.05,28.18
79151,28.42,38.74,28.18
79161,28.43,38.28,28.18
79171,28.46,38.09,28.18
79181,28.49,37.84,28.18
79191,28.53,37.65,28.18
79201,28.56,37.86,28.18
79211,28.57,38.29,28.18
79221,28.57,38.51,28.18
79231,28.54,38.99,28.18
79241,28.51,39.29,28.18
79251,28.47,39.18,28.18
79261,28.43,39.31,28.18
79271,28.41,39.01,28.18
79281,28.41,38.64,28.18
79291,28.42,38.17,28.18
79301,28.45,37.98,28.18
79311,28.49,37.71,28.18
79321,28.52,37.90,28.18
79331,28.53,38.22,28.18
79341,28.54,38.27,28.18
79351,28.52,38.81,28.18
79361,28.49,39.20,28.18
79371,28.45,39.32,28.18
79381,28.41,39.23,28.18
79391,28.38,39.06,28.18
79401,28.38,38.71,28.18
79411,28.39,38.25,28.18
79421,28.42,38.00,28.18
79431,28.45,37.79,28.18
79441,28.48,37.92,28.18
79451,28.50,38.07,28.18
79461,28.49,38.56,28.18
79471,28.47,38.94,28.18
79481,28.44,39.07,28.18
79491,28.39,39.44,28.18
79501,28.35,39.39,28.18
79511,28.34,38.82,28.18
79521,28.34,38.41,28.18
79531,28.36,38.27,28.18
79541,28.39,37.87,28.18
79551,28.42,37.81,28.18
79561,28.44,38.13,28.18
79571,28.45,38.33,28.18
79581,28.44,38.69,28.18
79591,28.40,39.26,28.18
79601,28.35,39.46,28.18
79611,28.31,39.37,28.18
79621,28.28,39.10,28.18
79631,28.27,38.91,28.18
79641,28.27,38.47,28.18
79651,28.30,37.95,28.18
79661,28.33,37.92,28.18
79671,28.37,37.83,28.18
79681,28.39,38.07,28.18
79691,28.38,38.60,28.18
79701,28.36,38.85,28.18
79711,28.33,39.15,28.18
79721,28.29,39.40,28.18
79731,28.25,39.45,28.18
79741,28.22,39.16,28.18
79751,28.21,38.84,28.18
79761,28.21,38.58,28.18
79771,28.23,38.05,28.18
79781,28.27,37.78,28.18
79791,28.30,38.04,28.18
79801,28.32,37.99,28.18
79811,28.34,38.15,28.18
79821,28.33,38.85,28.18
79831,28.30,39.06,28.18
79841,28.27,39.18,28.18
79851,28.22,39.50,28.18
79861,28.19,39.31,28.18
79871,28.17,38.88,28.18
79881,28.19,38.30,28.18
79891,28.21,38.20,28.18
79901,28.24,37.84,28.18
79911,28.28,37.87,28.18
79921,28.29,38.18,28.18
79931,28.29,38.61,28.18
79941,28.27,38.99,28.18
79951,28.24,39.14,28.18
79961,28.19,39.52,28.18
79971,28.16,39.27,28.18
79981,28.15,38.86,28.18
79991,28.15,38.55,28.18
80001,28.17,38.17,28.18
80011,28.21,38.02,28.34
80021,28.25,37.88,28.34
80031,28.26,38.30,28.34
80041,28.26,38.68,28.34
80051,28.25,38.94,28.34
80061,28.21,39.49,28.34
80071,28.16,39.55,28.34
80081,28.13,39.50,28.34
80091,28.12,38.86,28.34
80101,28.13,38.59,28.34
80111,28.15,38.20,28.34
80121,28.18,38.07,28.34
80131,28.22,37.98,28.34
80141,28.26,37.88,28.34
80151,28.28,38.11,28.34
80161,28.29,38.48,28.34
80171,28.29,38.70,28.34
80181,28.27,39.05,28.34
80191,28.26,38.92,28.34
80201,28.27,38.40,28.34
80211,28.29,38.18,28.34
80221,28.32,38.04,28.34
80231,28.35,38.11,28.34
80241,28.36,38.44,28.34
80251,28.33,39.05,28.34
80261,28.29,39.51,28.34
80271,28.25,39.46,28.34
80281,28.22,39.33,28.34
80291,28.20,39.01,28.34
80301,28.21,38.64,28.34
80311,28.23,38.13,28.34
80321,28.27,38.01,28.34
80331,28.28,38.31,28.34
80341,28.29,38.54,28.34
80351,28.28,38.89,28.34
80361,28.24,39.34,28.34
80371,28.19,39.71,28.34
80381,28.16,39.50,28.34
80391,28.14,39.05,28.34
80401,28.13,38.89,28.34
80411,28.14,38.50,28.34
80421,28.17,38.15,28.34
80431,28.21,38.02,28.34
80441,28.23,38.28,28.34
80451,28.24,38.36,28.34
80461,28.24,38.84,28.34
80471,28.20,39.44,28.34
80481,28.16,39.53,28.34
80491,28.13,39.38,28.34
80501,28.09,39.49,28.34
80511,28.08,39.06,28.34
80521,28.09,38.56,28.34
80531,28.11,38.39,28.34
80541,28.15,38.07,28.34
80551,28.19,37.87,28.34
80561,28.22,38.09,28.34
80571,28.24,38.40,28.34
80581,28.24,38.60,28.34
80591,28.22,39.13,28.34
80601,28.18,39.56,28.34
80611,28.15,39.40,28.34
80621,28.11,39.43,28.34
80631,28.09,39.30,28.34
80641,28.09,38.71,28.34
80651,28.12,38.35,28.34
80661,28.14,38.26,28.34
80671,28.18,37.93,28.34
80681,28.22,37.97,28.34
80691,28.23,38.41,28.34
80701,28.24,38.56,28.34
80711,28.23,38.95,28.34
80721,28.19,39.50,28.34
80731,28.15,39.70,28.34
80741,28.11,39.65,28.34
80751,28.08,39.35,28.34
80761,28.06,39.18,28.34
80771,28.08,38.49,28.34
80781,28.10,38.37,28.34
80791,28.13,38.21,28.34
80801,28.17,37.93,28.34
80811,28.20,38.25,28.34
80821,28.21,38.47,28.34
80831,28.21,38.68,28.34
80841,28.19,39.28,28.34
80851,28.15,39.52,28.34
80861,28.11,39.65,28.34
80871,28.08,39.49,28.34
80881,28.05,39.35,28.34
80891,28.05,38.83,28.34
80901,28.07,38.57,28.34
80911,28.09,38.32,28.34
80921,28.14,37.97,28.34
80931,28.17,37.99,28.34
80941,28.20,38.34,28.34
80951,28.21,38.57,28.34
80961,28.21,38.78,28.34
80971,28.17,39.54,28.34
80981,28.13,39.63,28.34
80991,28.09,39.60,28.34
81001,28.06,39.38,28.34
81011,28.06,39.03,28.34
81021,28.08,38.49,28.34
81031,28.10,38.35,28.34
81041,28.13,38.27,28.34
81051,28.17,37.99,28.34
81061,28.20,38.23,28.34
81071,28.19,38.92,28.34
81081,28.18,39.03,28.34
81091,28.15,39.32,28.34
81101,28.11,39.76,28.34
81111,28.07,39.56,28.34
81121,28.06,39.24,28.34
81131,28.05,39.10,28.34
81141,28.05,38.76,28.34
81151,28.08,38.29,28.34
81161,28.12,38.06,28.34
81171,28.16,38.07,28.34
81181,28.19,38.20,28.34
81191,28.20,38.61,28.34
81201,28.19,38.96,28.34
81211,28.18,39.05,28.34
81221,28.14,39.59,28.34
81231,28.10,39.83,28.34
81241,28.07,39.35,28.34
81251,28.05,39.30,28.34
81261,28.05,39.07,28.34
81271,28.07,38.39,28.34
81281,28.11,38.19,28.34
81291,28.13,38.28,28.34
81301,28.17,38.17,28.34
81311,28.20,38.15,28.34
81321,28.24,38.00,28.34
81331,28.26,38.35,28.34
81341,28.28,38.53,28.34
81351,28.23,39.71,28.34
81361,28.20,39.41,28.34
81371,28.19,39.12,28.34
81381,28.19,38.84,28.34
81391,28.21,38.33,28.34
81401,28.25,38.11,28.34
81411,28.27,38.29,28.34
81421,28.30,38.32,28.34
81431,28.30,38.65,28.34
81441,28.29,39.14,28.34
81451,28.25,39.58,28.34
81461,28.21,39.50,28.34
81471,28.17,39.74,28.34
81481,28.13,39.59,28.34
81491,28.13,38.91,28.34
81501,28.14,38.77,28.34
81511,28.16,38.32,28.34
81521,28.20,38.04,28.34
81531,28.23,38.22,28.34
81541,28.26,38.36,28.34
81551,28.27,38.45,28.34
81561,28.27,38.94,28.34
81571,28.24,39.48,28.34
81581,28.20,39.59,28.34
81591,28.16,39.68,28.34
81601,28.13,39.56,28.34
81611,28.11,39.26,28.34
81621,28.10,38.99,28.34
81631,28.11,38.71,28.34
81641,28.15,38.21,28.34
81651,28.18,38.12,28.34
81661,28.22,38.07,28.34
81671,28.26,38.09,28.34
81681,28.27,38.63,28.34
81691,28.27,38.82,28.34
81701,28.25,39.15,28.34
81711,28.22,39.51,28.34
81721,28.18,39.70,28.34
81731,28.14,39.66,28.34
81741,28.10,39.64,28.34
81751,28.09,39.20,28.34
81761,28.10,38.72,28.34
81771,28.11,38.65,28.34
81781,28.15,38.22,28.34
81791,28.18,38.23,28.34
81801,28.21,38.21,28.34
81811,28.25,38.19,28.34
81821,28.26,38.61,28.34
81831,28.26,38.82,28.34
81841,28.24,39.15,28.34
81851,28.22,39.45,28.34
81861,28.17,39.76,28.34
81871,28.13,39.78,28.34
81881,28.09,39.75,28.34
81891,28.07,39.37,28.34
81901,28.07,38.95,28.34
81911,28.08,38.74,28.34
81921,28.12,38.21,28.34
81931,28.15,38.23,28.34
81941,28.19,38.08,28.34
81951,28.23,38.11,28.34
81961,28.25,38.53,28.34
81971,28.26,38.64,28.34
81981,28.24,39.14,28.34
81991,28.21,39.58,28.34
82001,28.18,39.56,28.34
82011,28.13,39.77,28.34
82021,28.09,39.84,28.34
82031,28.07,39.44,28.34
82041,28.07,38.99,28.34
82051,28.07,38.82,28.34
82061,28.11,38.30,28.34
82071,28.14,38.32,28.34
82081,28.17,38.23,28.34
82091,28.21,38.18,28.34
82101,28.22,38.61,28.34
82111,28.23,38.81,28.34
82121,28.22,38.99,28.34
82131,28.19,39.49,28.34
82141,28.16,39.65,28.34
82151,28.12,39.69,28.34
82161,28.08,39.76,28.34
82171,28.06,39.54,28.34
82181,28.06,39.01,28.34
82191,28.06,38.85,28.34
82201,28.10,38.29,28.34
82211,28.13,38.26,28.34
82221,28.17,38.21,28.34
82231,28.21,38.15,28.34
82241,28.23,38.55,28.34
82251,28.23,38.76,28.34
82261,28.22,39.09,28.34
82271,28.19,39.51,28.34
82281,28.15,39.84,28.34
82291,28.11,39.71,28.34
82301,28.08,39.72,28.34
82311,28.06,39.41,28.34
82321,28.06,38.97,28.34
82331,28.07,38.75,28.34
82341,28.10,38.43,28.34
82351,28.14,38.23,28.34
82361,28.17,38.38,28.34
82371,28.20,38.28,28.34
82381,28.22,38.47,28.34
82391,28.23,38.88,28.34
82401,28.22,39.12,28.34
82411,28.19,39.54,28.34
82421,28.14,39.88,28.34
82431,28.10,39.78,28.34
82441,28.07,39.63,28.34
82451,28.06,39.40,28.34
82461,28.06,38.97,28.34
82471,28.04,39.43,28.34
82481,28.04,39.01,28.34
82491,28.06,38.76,28.34
82501,28.09,38.30,28.34
82511,28.10,38.82,28.34
82521,28.09,39.26,28.34
82531,28.07,39.52,28.34
82541,28.03,39.70,28.34
82551,28.00,39.86,28.34
82561,27.96,39.81,28.34
82571,27.93,39.68,28.34
82581,27.93,39.24,28.34
82591,27.94,38.94,28.34
82601,27.96,38.60,28.34
82611,27.99,38.53,28.34
82621,28.04,38.14,28.34
82631,28.07,38.46,28.34
82641,28.10,38.38,28.34
82651,28.13,38.51,28.34
82661,28.13,38.93,28.34
82671,28.13,39.11,28.34
82681,28.11,39.49,28.34
82691,28.07,39.90,28.34
82701,28.02,40.00,28.34
82711,28.00,39.67,28.34
82721,27.97,39.71,28.34
82731,27.97,39.15,28.34
82741,27.98,38.81,28.34
82751,28.00,38.75,28.34
82761,28.05,38.16,28.34
82771,28.09,38.38,28.34
82781,28.12,38.40,28.34
82791,28.15,38.52,28.34
82801,28.16,38.82,28.34
82811,28.15,39.08,28.34
82821,28.14,39.29,28.34
82831,28.11,39.80,28.34
82841,28.07,39.87,28.34
82851,28.03,39.88,28.34
82861,28.00,39.87,28.34
82871,27.99,39.28,28.34
82881,27.99,39.17,28.34
82891,28.01,38.82,28.34
82901,28.04,38.52,28.34
82911,28.07,38.50,28.34
82921,28.11,38.26,28.34
82931,28.14,38.45,28.34
82941,28.16,38.59,28.34
82951,28.18,38.71,28.34
82961,28.18,39.14,28.34
82971,28.17,39.23,28.34
82981,28.14,39.62,28.34
82991,28.10,39.92,28.34
83001,28.07,39.82,28.34
83011,28.03,39.87,28.34
83021,28.01,39.68,28.34
83031,28.00,39.33,28.34
83041,28.00,39.13,28.34
83051,28.02,38.71,28.34
83061,28.05,38.59,28.34
83071,28.09,38.38,28.34
83081,28.13,38.27,28.34
83091,28.16,38.44,28.34
83101,28.20,38.43,28.34
83111,28.21,38.76,28.34
83121,28.21,39.12,28.34
83131,28.19,39.39,28.34
83141,28.16,39.76,28.34
83151,28.12,39.90,28.34
83161,28.09,39.76,28.34
83171,28.05,39.93,28.34
83181,28.04,39.51,28.34
83191,28.03,39.24,28.34
83201,28.04,39.04,28.34
83211,28.07,38.64,28.34
83221,28.10,38.58,28.34
83231,28.13,38.34,28.34
83241,28.17,38.36,28.34
83251,28.20,38.56,28.34
83261,28.23,38.50,28.34
83271,28.23,38.98,28.34
83281,28.23,39.23,28.34
83291,28.20,39.51,28.34
83301,28.16,39.95,28.34
83311,28.13,39.83,28.34
83321,28.09,39.89,28.34
83331,28.06,39.84,28.34
83341,28.05,39.43,28.34
83351,28.05,39.10,28.34
83361,28.07,38.89,28.34
83371,28.09,38.64,28.34
83381,28.12,38.56,28.34
83391,28.16,38.31,28.34
83401,28.19,38.60,28.34
83411,28.22,38.57,28.34
83421,28.24,38.74,28.34
83431,28.23,39.13,28.34
83441,28.23,39.18,28.34
83451,28.21,39.58,28.34
83461,28.16,40.00,28.34
83471,28.12,39.94,28.34
83481,28.09,39.95,28.34
83491,28.06,39.83,28.34
83501,28.04,39.46,28.34
83511,28.04,39.27,28.34
83521,28.06,38.76,28.34
83531,28.09,38.72,28.34
83541,28.12,38.44,28.34
83551,28.16,38.50,28.34
83561,28.19,38.50,28.34
83571,28.22,38.47,28.34
83581,28.24,38.80,28.34
83591,28.25,38.81,28.34
83601,28.25,39.21,28.34
83611,28.23,39.40,28.34
83621,28.21,39.56,28.34
83631,28.17,39.99,28.34
83641,28.14,39.85,28.34
83651,28.11,39.70,28.34
83661,28.08,39.83,28.34
83671,28.04,40.06,28.34
83681,28.01,39.90,28.34
83691,27.98,39.87,28.34
83701,28.01,38.58,28.34
83711,28.05,38.54,28.34
83721,28.08,38.65,28.34
83731,28.12,38.34,28.34
83741,28.14,38.71,28.34
83751,28.16,38.78,28.34
83761,28.17,38.98,28.34
83771,28.17,39.22,28.34
83781,28.16,39.52,28.34
83791,28.13,39.82,28.34
83801,28.10,39.81,28.34
83811,28.06,40.00,28.34
83821,28.03,39.94,28.34
83831,28.00,39.79,28.34
83841,27.98,39.75,28.34
83851,27.98,39.30,28.34
83861,27.98,39.27,28.34
83871,28.00,38.95,28.34
83881,28.03,38.73,28.34
83891,28.06,38.65,28.34
83901,28.09,38.52,28.34
83911,28.12,38.68,28.34
83921,28.16,38.52,28.34
83931,28.17,38.86,28.34
83941,28.19,38.87,28.34
83951,28.20,39.10,28.34
83961,28.18,39.48,28.34
83971,28.16,39.60,28.34
83981,28.13,39.95,28.34
83991,28.08,40.12,28.34
84001,28.06,39.87,28.34
84011,28.02,47.00,40.42
84021,28.01,46.74,40.42
84031,28.01,46.48,40.42
84041,28.02,46.38,40.42
84051,28.04,46.26,40.42
84061,28.06,46.31,40.42
84071,28.08,46.52,40.42
84081,28.09,46.58,40.42
84091,28.11,46.52,40.42
84101,28.15,46.26,40.42
84111,28.19,46.21,40.42
84121,28.22,46.55,40.42
84131,28.26,46.46,40.42
84141,28.32,46.02,40.42
84151,28.37,46.25,40.42
84161,28.43,46.24,40.42
84171,28.50,45.84,40.42
84181,28.58,45.86,40.42
84191,28.67,45.61,40.42
84201,28.76,45.69,40.42
84211,28.88,45.07,40.42
84221,28.98,45.41,40.42
84231,29.10,45.21,40.42
84241,29.23,44.79,40.42
84251,29.37,44.81,40.42
84261,29.50,44.84,40.42
84271,29.65,44.48,40.42
84281,29.79,44.51,40.42
84291,29.94,44.53,40.42
84301,30.10,44.21,40.42
84311,30.28,43.85,40.42
84321,30.44,44.05,40.42
84331,30.62,43.75,40.42
84341,30.80,43.54,40.42
84351,30.99,43.49,40.42
84361,31.18,43.50,40.42
84371,31.37,43.15,40.42
84381,31.58,42.85,40.42
84391,31.77,43.26,40.42
84401,31.98,42.70,40.42
84411,32.20,42.66,40.42
84421,32.41,42.54,40.42
84431,32.61,42.77,40.42
84441,32.82,42.47,40.42
84451,33.05,41.97,40.42
84461,33.28,41.99,40.42
84471,33.49,42.12,40.42
84481,33.70,42.24,40.42
84491,33.91,42.03,40.42
84501,34.14,41.64,40.42
84511,34.35,41.86,40.42
84521,34.55,42.02,40.42
84531,34.75,41.95,40.42
84541,34.96,41.61,40.42
84551,35.18,41.37,40.42
84561,35.39,41.49,40.42
84571,35.60,41.45,40.42
84581,35.80,41.56,40.42
84591,36.00,41.49,40.42
84601,36.19,41.37,40.42
84611,36.40,41.13,40.42
84621,36.59,41.35,40.42
84631,36.78,41.41,40.42
84641,36.94,41.64,40.42
84651,37.12,41.51,40.42
84661,37.28,41.53,40.42
84671,37.46,41.26,40.42
84681,37.63,41.20,40.42
84691,37.80,41.26,40.42
84701,37.95,41.67,40.42
84711,38.09,41.65,40.42
84721,38.22,41.80,40.42
84731,38.34,41.95,40.42
84741,38.46,41.90,40.42
84751,38.58,41.82,40.42
84761,38.71,41.69,40.42
84771,38.83,41.77,40.42
84781,38.94,41.91,40.42
84791,39.04,41.91,40.42
84801,39.13,42.20,40.42
84811,39.21,42.40,40.42
84821,39.28,42.59,40.42
84831,39.34,42.54,40.42
84841,39.42,42.35,40.42
84851,39.49,42.31,40.42
84861,39.55,42.75,40.42
84871,39.59,42.91,40.42
84881,39.62,43.11,40.42
84891,39.66,43.03,40.42
84901,39.68,43.20,40.42
84911,39.72,43.01,40.42
84921,39.75,43.13,40.42
84931,39.78,43.13,40.42
84941,39.79,43.42,40.42
84951,39.79,43.73,40.42
84961,39.78,43.82,40.42
84971,39.77,43.88,40.42
84981,39.78,43.58,40.42
84991,39.79,43.58,40.42
85001,39.78,43.86,40.42
85011,39.75,44.28,40.42
85021,39.73,44.31,40.42
85031,39.71,44.03,40.42
85041,39.70,44.06,40.42
85051,39.68,44.17,40.42
85061,39.65,44.43,40.42
85071,39.62,44.48,40.42
85081,39.59,44.54,40.42
85091,39.55,44.61,40.42
85101,39.52,44.44,40.42
85111,39.49,44.70,40.42
85121,39.44,44.92,40.42
85131,39.41,44.69,40.42
85141,39.38,44.51,40.42
85151,39.34,44.96,40.42
85161,39.29,44.94,40.42
85171,39.26,44.80,40.42
85181,39.23,44.68,40.42
85191,39.20,44.90,40.42
85201,39.15,45.22,40.42
85211,39.12,44.78,40.42
85221,39.09,44.91,40.42
85231,39.05,44.98,40.42
85241,39.02,45.06,40.42
85251,38.99,44.94,40.42
85261,38.97,44.66,40.42
85271,38.94,45.11,40.42
85281,38.91,45.04,40.42
85291,38.88,45.01,40.42
85301,38.86,44.91,40.42
85311,38.82,45.14,40.42
85321,38.81,44.79,40.42
85331,38.79,45.05,40.42
85341,38.77,44.88,40.42
85351,38.74,45.22,40.42
85361,38.73,44.86,40.42
85371,38.71,44.90,40.42
85381,38.70,44.88,40.42
85391,38.68,45.07,40.42
85401,38.69,44.58,40.42
85411,38.67,45.06,40.42
85421,38.66,44.93,40.42
85431,38.65,44.96,40.42
85441,38.66,44.52,40.42
85451,38.64,45.04,40.42
85461,38.64,44.82,40.42
85471,38.64,44.81,40.42
85481,38.65,44.68,40.42
85491,38.64,44.92,40.42
85501,38.65,44.60,40.42
85511,38.66,44.79,40.42
85521,38.67,44.45,40.42
85531,38.67,44.94,40.42
85541,38.68,44.56,40.42
85551,38.69,44.63,40.42
85561,38.71,44.58,40.42
85571,38.71,44.81,40.42
85581,38.73,44.52,40.42
85591,38.74,44.61,40.42
85601,38.74,44.91,40.42
85611,38.75,44.74,40.42
85621,38.77,44.46,40.42
85631,38.77,44.87,40.42
85641,38.79,44.62,40.42
85651,38.79,44.75,40.42
85661,38.81,44.58,40.42
85671,38.81,44.92,40.42
85681,38.82,44.76,40.42
85691,38.83,44.66,40.42
85701,38.84,44.72,40.42
85711,38.84,44.89,40.42
85721,38.86,44.72,40.42
85731,38.86,44.91,40.42
85741,38.87,44.75,40.42
85751,38.86,45.11,40.42
85761,38.87,44.70,40.42
85771,38.88,44.80,40.42
85781,38.89,44.92,40.42
85791,38.89,45.04,40.42
85801,38.90,44.69,40.42
85811,38.90,45.01,40.42
85821,38.90,44.96,40.42
85831,38.91,44.89,40.42
85841,38.93,44.57,40.42
85851,38.92,45.34,40.42
85861,38.93,44.82,40.42
85871,38.93,45.00,40.42
85881,38.94,44.98,40.42
85891,38.94,45.02,40.42
85901,38.95,44.95,40.42
85911,38.96,44.84,40.42
85921,38.96,45.03,40.42
85931,38.96,45.17,40.42
85941,38.97,44.88,40.42
85951,38.97,45.02,40.42
85961,38.96,45.27,40.42
85971,38.98,44.91,40.42
85981,38.98,45.04,40.42
85991,38.98,45.09,40.42
86001,38.98,45.12,40.42
86011,39.00,44.87,40.42
86021,38.99,45.39,40.42
86031,39.00,44.86,40.42
86041,39.00,45.13,40.42
86051,39.01,45.03,40.42
86061,39.02,45.12,40.42
86071,39.03,44.96,40.42
86081,39.03,45.18,40.42
86091,39.03,45.16,40.42
86101,39.05,44.87,40.42
86111,39.05,45.20,40.42
86121,39.05,45.12,40.42
86131,39.06,45.01,40.42
86141,39.08,44.91,40.42
86151,39.08,45.18,40.42
86161,39.09,45.03,40.42
86171,39.10,45.04,40.42
86181,39.11,45.12,40.42
86191,39.11,45.14,40.42
86201,39.14,44.79,40.42
86211,39.13,45.36,40.42
86221,39.14,45.08,40.42
86231,39.15,45.07,40.42
86241,39.16,45.06,40.42
86251,39.16,45.25,40.42
86261,39.17,45.12,40.42
86271,39.18,44.96,40.42
86281,39.18,45.36,40.42
86291,39.19,45.03,40.42
86301,39.20,45.09,40.42
86311,39.20,45.35,40.42
86321,39.21,45.05,40.42
86331,39.22,45.13,40.42
86341,39.24,44.97,40.42
86351,39.24,45.29,40.42
86361,39.26,44.82,40.42
86371,39.27,45.19,40.42
86381,39.27,45.23,40.42
86391,39.30,44.82,40.42
86401,39.30,45.17,40.42
86411,39.31,45.14,40.42
86421,39.33,44.99,40.42
86431,39.34,45.06,40.42
86441,39.35,45.17,40.42
86451,39.37,44.96,40.42
86461,39.38,45.01,40.42
86471,39.39,45.16,40.42
86481,39.40,45.14,40.42
86491,39.41,44.99,40.42
86501,39.42,45.16,40.42
86511,39.42,45.37,40.42
86521,39.43,44.97,40.42
86531,39.44,45.30,40.42
86541,39.44,45.25,40.42
86551,39.44,45.25,40.42
86561,39.44,45.33,40.42
86571,39.44,45.36,40.42
86581,39.44,45.41,40.42
86591,39.45,45.05,40.42
86601,39.45,45.51,40.42
86611,39.45,45.25,40.42
86621,39.46,45.27,40.42
86631,39.45,45.54,40.42
86641,39.45,45.29,40.42
86651,39.46,45.28,40.42
86661,39.46,45.40,40.42
86671,39.46,45.41,40.42
86681,39.47,45.22,40.42
86691,39.46,45.55,40.42
86701,39.47,45.28,40.42
86711,39.46,45.47,40.42
86721,39.48,45.17,40.42
86731,39.47,45.62,40.42
86741,39.47,45.30,40.42
86751,39.47,45.46,40.42
86761,39.48,45.41,40.42
86771,39.48,45.43,40.42
86781,39.49,45.23,40.42
86791,39.48,45.60,40.42
86801,39.49,45.27,40.42
86811,39.49,45.43,40.42
86821,39.49,45.57,40.42
86831,39.49,45.41,40.42
86841,39.50,45.31,40.42
86851,39.49,45.63,40.42
86861,39.51,45.19,40.42
86871,39.51,45.42,40.42
86881,39.51,45.43,40.42
86891,39.51,45.53,40.42
86901,39.53,45.17,40.42
86911,39.52,45.76,40.42
86921,39.53,45.19,40.42
86931,39.53,45.51,40.42
86941,39.53,45.53,40.42
86951,39.54,45.37,40.42
86961,39.55,45.24,40.42
86971,39.55,45.68,40.42
86981,39.56,45.22,40.42
86991,39.56,45.55,40.42
87001,39.57,45.46,40.42
87011,39.57,45.36,40.42
87021,39.59,45.31,40.42
87031,39.58,45.60,40.42
87041,39.59,45.36,40.42
87051,39.60,45.46,40.42
87061,39.60,45.54,40.42
87071,39.60,45.43,40.42
87081,39.61,45.38,40.42
87091,39.61,45.52,40.42
87101,39.62,45.48,40.42
87111,39.63,45.24,40.42
87121,39.63,45.76,40.42
87131,39.64,45.18,40.42
87141,39.64,45.61,40.42
87151,39.64,45.68,40.42
87161,39.64,45.46,40.42
87171,39.65,45.55,40.42
87181,39.64,45.69,40.42
87191,39.64,45.50,40.42
87201,39.65,45.51,40.42
87211,39.64,45.81,40.42
87221,39.65,45.36,40.42
87231,39.65,45.70,40.42
87241,39.65,45.63,40.42
87251,39.65,45.52,40.42
87261,39.66,45.52,40.42
87271,39.65,45.80,40.42
87281,39.65,45.49,40.42
87291,39.65,45.68,40.42
87301,39.65,45.71,40.42
87311,39.66,45.47,40.42
87321,39.66,45.60,40.42
87331,39.66,45.64,40.42
87341,39.67,45.53,40.42
87351,39.67,45.52,40.42
87361,39.67,45.85,40.42
87371,39.68,45.36,40.42
87381,39.69,45.57,40.42
87391,39.69,45.67,40.42
87401,39.70,45.48,40.42
87411,39.70,45.64,40.42
87421,39.69,45.77,40.42
87431,39.70,45.47,40.42
87441,39.70,45.65,40.42
87451,39.70,45.73,40.42
87461,39.71,45.53,40.42
87471,39.72,45.50,40.42
87481,39.71,45.87,40.42
87491,39.73,45.33,40.42
87501,39.73,45.76,40.42
87511,39.73,45.60,40.42
87521,39.74,45.57,40.42
87531,39.75,45.54,40.42
87541,39.75,45.65,40.42
87551,39.76,45.42,40.42
87561,39.77,45.60,40.42
87571,39.77,45.66,40.42
87581,39.78,45.50,40.42
87591,39.78,45.62,40.42
87601,39.79,45.69,40.42
87611,39.79,45.60,40.42
87621,39.79,45.67,40.42
87631,39.80,45.66,40.42
87641,39.81,45.51,40.42
87651,39.81,45.65,40.42
87661,39.81,45.67,40.42
87671,39.82,45.57,40.42
87681,39.83,45.57,40.42
87691,39.83,45.73,40.42
87701,39.84,45.35,40.42
87711,39.84,45.71,40.42
87721,39.85,45.53,40.42
87731,39.86,45.52,40.42
87741,39.87,45.56,40.42
87751,39.87,45.67,40.42
87761,39.89,45.42,40.42
87771,39.90,45.57,40.42
87781,39.90,45.73,40.42
87791,39.91,45.46,40.42
87801,39.91,45.72,40.42
87811,39.91,45.76,40.42
87821,39.91,45.60,40.42
87831,39.91,45.67,40.42
87841,39.92,45.68,40.42
87851,39.92,45.61,40.42
87861,39.92,45.72,40.42
87871,39.92,45.87,40.42
87881,39.92,45.59,40.42
87891,39.92,45.79,40.42
87901,39.91,45.85,40.42
87911,39.92,45.58,40.42
87921,39.92,45.72,40.42
87931,39.92,45.83,40.42
87941,39.93,45.65,40.42
87951,39.93,45.69,40.42
87961,39.92,45.84,40.42
87971,39.94,45.54,40.42
87981,39.93,45.82,40.42
87991,39.93,45.72,40.42
88001,39.94,45.69,40.42
88011,39.95,58.42,62.48
88021,39.94,59.00,62.48
88031,39.95,58.69,62.48
88041,39.94,59.23,62.48
88051,39.93,59.50,62.48
88061,39.92,59.48,62.48
88071,39.93,59.29,62.48
88081,39.94,59.43,62.48
88091,39.97,59.34,62.48
88101,40.02,58.96,62.48
88111,40.10,58.24,62.48
88121,40.21,58.06,62.48
88131,40.34,57.60,62.48
88141,40.49,57.25,62.48
88151,40.65,56.92,62.48
88161,40.84,56.61,62.48
88171,41.06,55.96,62.48
88181,41.29,55.69,62.48
88191,41.55,55.18,62.48
88201,41.82,54.88,62.48
88211,42.11,54.44,62.48
88221,42.42,54.06,62.48
88231,42.75,53.57,62.48
88241,43.10,53.18,62.48
88251,43.47,52.67,62.48
88261,43.84,52.47,62.48
88271,44.23,52.07,62.48
88281,44.65,51.41,62.48
88291,45.08,50.95,62.48
88301,45.51,50.84,62.48
88311,45.95,50.55,62.48
88321,46.40,50.07,62.48
88331,46.88,49.29,62.48
88341,47.37,49.13,62.48
88351,47.87,48.56,62.48
88361,48.38,48.21,62.48
88371,48.89,48.02,62.48
88381,49.41,47.52,62.48
88391,49.94,47.25,62.48
88401,50.47,46.89,62.48
88411,50.99,46.86,62.48
88421,51.53,46.30,62.48
88431,52.06,46.33,62.48
88441,52.60,45.77,62.48
88451,53.13,45.70,62.48
88461,53.66,45.57,62.48
88471,54.17,45.53,62.48
88481,54.69,45.28,62.48
88491,55.20,45.25,62.48
88501,55.71,44.96,62.48
88511,56.20,45.00,62.48
88521,56.70,44.72,62.48
88531,57.18,44.79,62.48
88541,57.66,44.59,62.48
88551,58.12,44.66,62.48
88561,58.57,44.60,62.48
88571,59.02,44.56,62.48
88581,59.44,44.71,62.48
88591,59.86,44.55,62.48
88601,60.27,44.57,62.48
88611,60.67,44.64,62.48
88621,61.05,44.75,62.48
88631,61.42,44.78,62.48
88641,61.78,44.78,62.48
88651,62.13,44.73,62.48
88661,62.46,45.00,62.48
88671,62.77,45.03,62.48
88681,63.08,45.00,62.48
88691,63.37,45.34,62.48
88701,63.64,45.36,62.48
88711,63.90,45.56,62.48
88721,64.15,45.56,62.48
88731,64.37,45.96,62.48
88741,64.59,45.90,62.48
88751,64.79,46.00,62.48
88761,64.97,46.51,62.48
88771,65.14,46.42,62.48
88781,65.30,46.59,62.48
88791,65.43,47.05,62.48
88801,65.56,46.99,62.48
88811,65.68,47.12,62.48
88821,65.77,47.71,62.48
88831,65.86,47.58,62.48
88841,65.93,47.80,62.48
88851,65.98,48.30,62.48
88861,66.02,48.24,62.48
88871,66.04,48.82,62.48
88881,66.05,48.95,62.48
88891,66.05,49.03,62.48
88901,66.05,49.26,62.48
88911,66.03,49.29,62.48
88921,66.00,49.68,62.48
88931,65.98,49.55,62.48
88941,65.92,50.14,62.48
88951,65.88,50.04,62.48
88961,65.81,50.44,62.48
88971,65.74,50.52,62.48
88981,65.66,50.75,62.48
88991,65.58,50.62,62.48
89001,65.51,50.69,62.48
89011,65.43,50.76,62.48
89021,65.33,51.28,62.48
89031,65.25,50.85,62.48
89041,65.15,51.16,62.48
89051,65.06,51.20,62.48
89061,64.98,51.03,62.48
89071,64.87,51.55,62.48
89081,64.78,51.14,62.48
89091,64.68,51.55,62.48
89101,64.58,51.52,62.48
89111,64.49,51.44,62.48
89121,64.39,51.57,62.48
89131,64.29,51.75,62.48
89141,64.21,51.33,62.48
89151,64.10,51.97,62.48
89161,64.01,51.51,62.48
89171,63.91,51.91,62.48
89181,63.81,51.87,62.48
89191,63.72,51.76,62.48
89201,63.62,51.83,62.48
89211,63.53,51.89,62.48
89221,63.44,51.92,62.48
89231,63.35,51.81,62.48
89241,63.26,52.00,62.48
89251,63.17,52.07,62.48
89261,63.10,51.69,62.48
89271,63.02,51.94,62.48
89281,62.93,52.05,62.48
89291,62.87,51.63,62.48
89301,62.79,51.91,62.48
89311,62.71,52.11,62.48
89321,62.66,51.57,62.48
89331,62.60,51.72,62.48
89341,62.53,51.96,62.48
89351,62.48,51.48,62.48
89361,62.43,51.63,62.48
89371,62.38,51.71,62.48
89381,62.33,51.57,62.48
89391,62.30,51.39,62.48
89401,62.25,51.64,62.48
89411,62.22,51.54,62.48
89421,62.20,51.15,62.48
89431,62.17,51.37,62.48
89441,62.14,51.38,62.48
89451,62.12,51.11,62.48
89461,62.10,51.24,62.48
89471,62.08,51.25,62.48
89481,62.07,51.06,62.48
89491,62.06,51.12,62.48
89501,62.06,50.92,62.48
89511,62.06,50.88,62.48
89521,62.05,50.92,62.48
89531,62.06,50.70,62.48
89541,62.06,50.93,62.48
89551,62.06,50.96,62.48
89561,62.07,50.61,62.48
89571,62.07,50.85,62.48
89581,62.08,50.68,62.48
89591,62.09,50.74,62.48
89601,62.10,50.61,62.48
89611,62.10,50.87,62.48
89621,62.11,50.56,62.48
89631,62.11,50.86,62.48
89641,62.11,50.92,62.48
89651,62.13,50.57,62.48
89661,62.12,51.02,62.48
89671,62.13,50.63,62.48
89681,62.13,50.91,62.48
89691,62.13,50.92,62.48
89701,62.12,50.93,62.48
89711,62.12,50.89,62.48
89721,62.12,51.04,62.48
89731,62.12,50.91,62.48
89741,62.11,50.92,62.48
89751,62.10,51.14,62.48
89761,62.11,50.80,62.48
89771,62.09,51.23,62.48
89781,62.09,50.93,62.48
89791,62.09,50.88,62.48
89801,62.09,51.01,62.48
89811,62.09,50.96,62.48
89821,62.09,50.95,62.48
89831,62.08,51.06,62.48
89841,62.08,51.02,62.48
89851,62.08,50.82,62.48
89861,62.07,51.16,62.48
89871,62.08,50.81,62.48
89881,62.07,51.11,62.48
89891,62.07,51.06,62.48
89901,62.07,50.92,62.48
89911,62.07,51.03,62.48
89921,62.07,50.95,62.48
89931,62.07,50.89,62.48
89941,62.07,50.99,62.48
89951,62.06,51.08,62.48
89961,62.07,50.89,62.48
89971,62.06,51.23,62.48
89981,62.07,50.81,62.48
89991,62.07,51.00,62.48
90001,62.07,50.99,62.48
90011,62.06,51.04,62.48
90021,62.07,50.94,62.48
90031,62.05,51.25,62.48
90041,62.06,50.80,62.48
90051,62.06,51.18,62.48
90061,62.06,50.99,62.48
90071,62.06,50.89,62.48
90081,62.05,51.21,62.48
90091,62.06,50.87,62.48
90101,62.06,51.10,62.48
90111,62.06,51.02,62.48
90121,62.06,51.05,62.48
90131,62.05,51.05,62.48
90141,62.04,51.28,62.48
90151,62.05,50.97,62.48
90161,62.04,51.27,62.48
90171,62.04,50.95,62.48
90181,62.04,51.02,62.48
90191,62.04,51.11,62.48
90201,62.04,51.00,62.48
90211,62.04,51.05,62.48
90221,62.04,51.12,62.48
90231,62.04,51.07,62.48
90241,62.04,51.00,62.48
90251,62.04,51.25,62.48
90261,62.04,50.95,62.48
90271,62.04,51.06,62.48
90281,62.04,51.11,62.48
90291,62.05,51.00,62.48
90301,62.04,51.15,62.48
90311,62.04,51.12,62.48
90321,62.05,50.98,62.48
90331,62.05,51.08,62.48
90341,62.05,51.07,62.48
90351,62.06,50.93,62.48
90361,62.05,51.26,62.48
90371,62.05,51.13,62.48
90381,62.05,51.12,62.48
90391,62.04,51.31,62.48
90401,62.05,50.98,62.48
90411,62.04,51.23,62.48
90421,62.04,51.21,62.48
90431,62.04,51.16,62.48
90441,62.03,51.21,62.48
90451,62.03,51.28,62.48
90461,62.03,51.02,62.48
90471,62.03,51.07,62.48
90481,62.02,51.36,62.48
90491,62.04,50.94,62.48
90501,62.03,51.32,62.48
90511,62.03,51.09,62.48
90521,62.04,51.06,62.48
90531,62.03,51.25,62.48
90541,62.04,50.94,62.48
90551,62.04,51.22,62.48
90561,62.04,51.13,62.48
90571,62.04,51.18,62.48
90581,62.05,51.02,62.48
90591,62.05,51.13,62.48
90601,62.05,51.18,62.48
90611,62.05,51.18,62.48
90621,62.04,51.34,62.48
90631,62.05,51.07,62.48
90641,62.04,51.33,62.48
90651,62.05,51.06,62.48
90661,62.05,51.19,62.48
90671,62.05,51.12,62.48
90681,62.04,51.33,62.48
90691,62.04,51.29,62.48
90701,62.04,51.19,62.48
90711,62.05,51.05,62.48
90721,62.05,51.21,62.48
90731,62.04,51.35,62.48
90741,62.05,51.02,62.48
90751,62.05,51.36,62.48
90761,62.04,51.29,62.48
90771,62.05,50.96,62.48
90781,62.05,51.34,62.48
90791,62.06,51.08,62.48
90801,62.06,51.15,62.48
90811,62.06,51.19,62.48
90821,62.06,51.26,62.48
90831,62.07,51.13,62.48
90841,62.07,51.22,62.48
90851,62.07,51.18,62.48
90861,62.07,51.17,62.48
90871,62.07,51.33,62.48
90881,62.06,51.33,62.48
90891,62.07,51.09,62.48
90901,62.06,51.51,62.48
90911,62.06,51.13,62.48
90921,62.07,51.22,62.48
90931,62.06,51.46,62.48
90941,62.06,51.22,62.48
90951,62.05,51.35,62.48
90961,62.05,51.44,62.48
90971,62.05,51.21,62.48
90981,62.05,51.31,62.48
90991,62.05,51.27,62.48
91001,62.05,51.29,62.48
91011,62.05,51.24,62.48
91021,62.05,51.27,62.48
91031,62.05,51.38,62.48
91041,62.05,51.20,62.48
91051,62.05,51.37,62.48
91061,62.05,51.19,62.48
91071,62.06,51.30,62.48
91081,62.05,51.44,62.48
91091,62.05,51.19,62.48
91101,62.05,51.33,62.48
91111,62.04,51.55,62.48
91121,62.06,51.04,62.48
91131,62.05,51.48,62.48
91141,62.05,51.36,62.48
91151,62.05,51.25,62.48
91161,62.05,51.39,62.48
91171,62.04,51.50,62.48
91181,62.04,51.28,62.48
91191,62.04,51.35,62.48
91201,62.04,51.39,62.48
91211,62.04,51.46,62.48
91221,62.04,51.30,62.48
91231,62.03,51.53,62.48
91241,62.03,51.27,62.48
91251,62.03,51.42,62.48
91261,62.03,51.46,62.48
91271,62.04,51.21,62.48
91281,62.03,51.52,62.48
91291,62.02,51.47,62.48
91301,62.03,51.21,62.48
91311,62.02,51.60,62.48
91321,62.03,51.29,62.48
91331,62.03,51.31,62.48
91341,62.03,51.50,62.48
91351,62.03,51.30,62.48
91361,62.03,51.36,62.48
91371,62.03,51.47,62.48
91381,62.03,51.45,62.48
91391,62.03,51.32,62.48
91401,62.03,51.38,62.48
91411,62.03,51.55,62.48
91421,62.04,51.22,62.48
91431,62.04,51.40,62.48
91441,62.04,51.50,62.48
91451,62.05,51.11,62.48
91461,62.05,51.47,62.48
91471,62.04,51.52,62.48
91481,62.06,51.11,62.48
91491,62.05,51.62,62.48
91501,62.05,51.40,62.48
91511,62.06,51.20,62.48
91521,62.06,51.56,62.48
91531,62.06,51.36,62.48
91541,62.07,51.25,62.48
91551,62.06,51.58,62.48
91561,62.07,51.28,62.48
91571,62.07,51.44,62.48
91581,62.07,51.39,62.48
91591,62.08,51.38,62.48
91601,62.08,51.36,62.48
91611,62.08,51.38,62.48
91621,62.08,51.45,62.48
91631,62.08,51.53,62.48
91641,62.09,51.24,62.48
91651,62.08,51.54,62.48
91661,62.09,51.37,62.48
91671,62.09,51.35,62.48
91681,62.09,51.60,62.48
91691,62.09,51.41,62.48
91701,62.09,51.37,62.48
91711,62.09,51.59,62.48
91721,62.10,51.18,62.48
91731,62.10,51.42,62.48
91741,62.10,51.49,62.48
91751,62.11,51.33,62.48
91761,62.11,51.50,62.48
91771,62.11,51.52,62.48
91781,62.11,51.33,62.48
91791,62.11,51.49,62.48
91801,62.11,51.43,62.48
91811,62.11,51.48,62.48
91821,62.11,51.50,62.48
91831,62.11,51.49,62.48
91841,62.11,51.55,62.48
91851,62.12,51.25,62.48
91861,62.12,51.53,62.48
91871,62.12,51.45,62.48
91881,62.13,51.38,62.48
91891,62.13,51.34,62.48
91901,62.14,51.36,62.48
91911,62.13,51.63,62.48
91921,62.14,51.30,62.48
91931,62.15,51.41,62.48
91941,62.13,51.73,62.48
91951,62.15,51.23,62.48
91961,62.14,51.59,62.48
91971,62.14,51.52,62.48
91981,62.14,51.49,62.48
91991,62.14,51.53,62.48
92001,62.14,51.55,62.48
92011,62.15,45.96,53.19
92021,62.15,45.98,53.19
92031,62.15,46.00,53.19
92041,62.14,45.95,53.19
92051,62.14,45.86,53.19
92061,62.14,45.85,53.19
92071,62.14,45.83,53.19
92081,62.13,45.79,53.19
92091,62.12,45.81,53.19
92101,62.10,46.03,53.19
92111,62.08,45.91,53.19
92121,62.05,46.04,53.19
92131,62.03,45.99,53.19
92141,62.00,45.98,53.19
92151,61.96,46.09,53.19
92161,61.93,46.05,53.19
92171,61.88,46.24,53.19
92181,61.84,46.12,53.19
92191,61.78,46.32,53.19
92201,61.74,46.09,53.19
92211,61.67,46.50,53.19
92221,61.61,46.45,53.19
92231,61.55,46.45,53.19
92241,61.47,46.67,53.19
92251,61.40,46.52,53.19
92261,61.31,46.85,53.19
92271,61.23,46.76,53.19
92281,61.14,46.95,53.19
92291,61.04,47.13,53.19
92301,60.94,47.10,53.19
92311,60.82,47.48,53.19
92321,60.72,47.29,53.19
92331,60.60,47.51,53.19
92341,60.48,47.64,53.19
92351,60.37,47.42,53.19
92361,60.23,47.91,53.19
92371,60.10,47.90,53.19
92381,59.96,48.11,53.19
92391,59.82,48.20,53.19
92401,59.68,48.29,53.19
92411,59.52,48.54,53.19
92421,59.37,48.47,53.19
92431,59.21,48.77,53.19
92441,59.06,48.64,53.19
92451,58.89,48.88,53.19
92461,58.74,48.77,53.19
92471,58.57,49.22,53.19
92481,58.40,49.12,53.19
92491,58.23,49.30,53.19
92501,58.06,49.29,53.19
92511,57.89,49.46,53.19
92521,57.72,49.42,53.19
92531,57.55,49.59,53.19
92541,57.38,49.53,53.19
92551,57.21,49.69,53.19
92561,57.05,49.73,53.19
92571,56.88,49.73,53.19
92581,56.71,49.86,53.19
92591,56.54,50.09,53.19
92601,56.37,49.98,53.19
92611,56.21,50.04,53.19
92621,56.05,49.90,53.19
92631,55.89,50.15,53.19
92641,55.74,49.95,53.19
92651,55.58,50.14,53.19
92661,55.42,50.29,53.19
92671,55.28,50.03,53.19
92681,55.13,50.15,53.19
92691,54.99,50.17,53.19
92701,54.85,50.20,53.19
92711,54.72,50.04,53.19
92721,54.59,50.14,53.19
92731,54.46,50.12,53.19
92741,54.34,50.09,53.19
92751,54.22,50.07,53.19
92761,54.10,50.01,53.19
92771,53.99,50.13,53.19
92781,53.88,50.02,53.19
92791,53.78,49.89,53.19
92801,53.68,50.01,53.19
92811,53.59,49.91,53.19
92821,53.51,49.71,53.19
92831,53.42,49.85,53.19
92841,53.35,49.67,53.19
92851,53.28,49.49,53.19
92861,53.21,49.63,53.19
92871,53.15,49.48,53.19
92881,53.10,49.44,53.19
92891,53.04,49.42,53.19
92901,53.00,49.29,53.19
92911,52.95,49.32,53.19
92921,52.92,49.03,53.19
92931,52.88,49.19,53.19
92941,52.85,49.02,53.19
92951,52.83,48.89,53.19
92961,52.81,48.99,53.19
92971,52.79,48.79,53.19
92981,52.78,48.73,53.19
92991,52.78,48.67,53.19
93001,52.77,48.58,53.19
93011,52.77,48.55,53.19
93021,52.78,48.45,53.19
93031,52.78,48.49,53.19
93041,52.78,48.41,53.19
93051,52.78,48.53,53.19
93061,52.80,48.27,53.19
93071,52.81,48.29,53.19
93081,52.83,48.14,53.19
93091,52.84,48.35,53.19
93101,52.85,48.27,53.19
93111,52.86,48.23,53.19
93121,52.88,48.22,53.19
93131,52.89,48.14,53.19
93141,52.90,48.32,53.19
93151,52.91,48.27,53.19
93161,52.92,48.28,53.19
93171,52.93,48.23,53.19
93181,52.94,48.28,53.19
93191,52.95,48.29,53.19
93201,52.96,48.34,53.19
93211,52.96,48.43,53.19
93221,52.96,48.47,53.19
93231,52.96,48.38,53.19
93241,52.96,48.50,53.19
93251,52.97,48.32,53.19
93261,52.97,48.45,53.19
93271,52.97,48.47,53.19
93281,52.96,48.59,53.19
93291,52.96,48.58,53.19
93301,52.95,48.66,53.19
93311,52.95,48.44,53.19
93321,52.95,48.49,53.19
93331,52.95,48.43,53.19
93341,52.95,48.66,53.19
93351,52.94,48.68,53.19
93361,52.93,48.69,53.19
93371,52.93,48.48,53.19
93381,52.93,48.46,53.19
93391,52.93,48.44,53.19
93401,52.93,48.58,53.19
93411,52.93,48.56,53.19
93421,52.92,48.64,53.19
93431,52.93,48.45,53.19
93441,52.92,48.60,53.19
93451,52.92,48.47,53.19
93461,52.92,48.62,53.19
93471,52.92,48.57,53.19
93481,52.91,48.67,53.19
93491,52.91,48.51,53.19
93501,52.91,48.58,53.19
93511,52.92,48.31,53.19
93521,52.92,48.56,53.19
93531,52.92,48.48,53.19
93541,52.92,48.70,53.19
93551,52.92,48.47,53.19
93561,52.92,48.59,53.19
93571,52.93,48.37,53.19
93581,52.93,48.55,53.19
93591,52.93,48.48,53.19
93601,52.92,48.70,53.19
93611,52.92,48.55,53.19
93621,52.92,48.56,53.19
93631,52.93,48.35,53.19
93641,52.93,48.55,53.19
93651,52.93,48.56,53.19
93661,52.92,48.69,53.19
93671,52.93,48.55,53.19
93681,52.92,48.68,53.19
93691,52.93,48.45,53.19
93701,52.92,48.66,53.19
93711,52.92,48.54,53.19
93721,52.91,48.78,53.19
93731,52.91,48.73,53.19
93741,52.90,48.67,53.19
93751,52.91,48.32,53.19
93761,52.92,48.52,53.19
93771,52.92,48.54,53.19
93781,52.91,48.84,53.19
93791,52.91,48.62,53.19
93801,52.90,48.64,53.19
93811,52.91,48.47,53.19
93821,52.91,48.64,53.19
93831,52.91,48.53,53.19
93841,52.91,48.69,53.19
93851,52.90,48.72,53.19
93861,52.90,48.71,53.19
93871,52.90,48.51,53.19
93881,52.91,48.54,53.19
93891,52.91,48.55,53.19
93901,52.90,48.76,53.19
93911,52.89,48.78,53.19
93921,52.89,48.65,53.19
93931,52.89,48.57,53.19
93941,52.90,48.46,53.19
93951,52.91,48.52,53.19
93961,52.91,48.69,53.19
93971,52.90,48.72,53.19
93981,52.90,48.71,53.19
93991,52.90,48.68,53.19
94001,52.90,48.54,53.19
94011,52.90,48.66,53.19
94021,52.90,48.61,53.19
94031,52.89,48.78,53.19
94041,52.89,48.75,53.19
94051,52.89,48.72,53.19
94061,52.89,48.49,53.19
94071,52.89,48.65,53.19
94081,52.89,48.69,53.19
94091,52.89,48.80,53.19
94101,52.88,48.71,53.19
94111,52.88,48.68,53.19
94121,52.89,48.51,53.19
94131,52.89,48.61,53.19
94141,52.90,48.65,53.19
94151,52.89,48.76,53.19
94161,52.89,48.70,53.19
94171,52.89,48.65,53.19
94181,52.90,48.56,53.19
94191,52.89,48.72,53.19
94201,52.90,48.64,53.19
94211,52.90,48.67,53.19
94221,52.89,48.81,53.19
94231,52.89,48.68,53.19
94241,52.89,48.78,53.19
94251,52.88,48.77,53.19
94261,52.88,48.69,53.19
94271,52.89,48.55,53.19
94281,52.89,48.67,53.19
94291,52.89,48.75,53.19
94301,52.88,48.86,53.19
94311,52.88,48.69,53.19
94321,52.88,48.68,53.19
94331,52.88,48.70,53.19
94341,52.89,48.69,53.19
94351,52.88,48.88,53.19
94361,52.89,48.57,53.19
94371,52.89,48.74,53.19
94381,52.89,48.54,53.19
94391,52.89,48.75,53.19
94401,52.89,48.75,53.19
94411,52.88,48.88,53.19
94421,52.89,48.52,53.19
94431,52.89,48.84,53.19
94441,52.89,48.73,53.19
94451,52.88,48.93,53.19
94461,52.88,48.68,53.19
94471,52.88,48.88,53.19
94481,52.88,48.57,53.19
94491,52.88,48.76,53.19
94501,52.89,48.66,53.19
94511,52.88,48.91,53.19
94521,52.88,48.75,53.19
94531,52.88,48.75,53.19
94541,52.89,48.64,53.19
94551,52.88,48.85,53.19
94561,52.88,48.79,53.19
94571,52.87,48.86,53.19
94581,52.88,48.75,53.19
94591,52.87,48.86,53.19
94601,52.87,48.73,53.19
94611,52.88,48.74,53.19
94621,52.88,48.74,53.19
94631,52.88,48.80,53.19
94641,52.88,48.72,53.19
94651,52.88,48.73,53.19
94661,52.89,48.68,53.19
94671,52.89,48.73,53.19
94681,52.89,48.83,53.19
94691,52.89,48.68,53.19
94701,52.89,48.80,53.19
94711,52.90,48.70,53.19
94721,52.90,48.73,53.19
94731,52.90,48.75,53.19
94741,52.90,48.87,53.19
94751,52.90,48.79,53.19
94761,52.89,48.94,53.19
94771,52.89,48.75,53.19
94781,52.89,48.93,53.19
94791,52.88,48.83,53.19
94801,52.88,48.95,53.19
94811,52.88,48.76,53.19
94821,52.87,48.96,53.19
94831,52.88,48.66,53.19
94841,52.88,48.84,53.19
94851,52.88,48.81,53.19
94861,52.87,48.95,53.19
94871,52.88,48.75,53.19
94881,52.87,48.95,53.19
94891,52.87,48.86,53.19
94901,52.87,48.87,53.19
94911,52.87,48.77,53.19
94921,52.87,48.99,53.19
94931,52.87,48.67,53.19
94941,52.87,48.86,53.19
94951,52.88,48.80,53.19
94961,52.88,48.81,53.19
94971,52.88,48.83,53.19
94981,52.88,48.77,53.19
94991,52.88,48.85,53.19
95001,52.88,48.82,53.19
95011,52.88,48.88,53.19
95021,52.89,48.73,53.19
95031,52.89,48.91,53.19
95041,52.89,48.67,53.19
95051,52.89,48.95,53.19
95061,52.90,48.74,53.19
95071,52.89,48.95,53.19
95081,52.90,48.77,53.19
95091,52.89,48.88,53.19
95101,52.90,48.85,53.19
95111,52.88,49.11,53.19
95121,52.89,48.84,53.19
95131,52.88,49.00,53.19
95141,52.88,48.86,53.19
95151,52.88,48.86,53.19
95161,52.88,48.84,53.19
95171,52.88,48.87,53.19
95181,52.89,48.82,53.19
95191,52.89,48.90,53.19
95201,52.88,49.00,53.19
95211,52.88,48.90,53.19
95221,52.88,49.01,53.19
95231,52.88,48.87,53.19
95241,52.88,48.93,53.19
95251,52.88,48.83,53.19
95261,52.88,48.88,53.19
95271,52.88,48.85,53.19
95281,52.88,48.93,53.19
95291,52.89,48.83,53.19
95301,52.88,49.07,53.19
95311,52.88,48.87,53.19
95321,52.88,48.96,53.19
95331,52.88,48.89,53.19
95341,52.88,49.00,53.19
95351,52.88,48.92,53.19
95361,52.88,48.88,53.19
95371,52.88,48.91,53.19
95381,52.88,48.91,53.19
95391,52.87,49.07,53.19
95401,52.88,48.77,53.19
95411,52.88,48.93,53.19
95421,52.89,48.79,53.19
95431,52.89,49.01,53.19
95441,52.88,48.98,53.19
95451,52.89,48.87,53.19
95461,52.88,49.04,53.19
95471,52.89,48.86,53.19
95481,52.88,49.03,53.19
95491,52.89,48.91,53.19
95501,52.88,49.13,53.19
95511,52.88,48.94,53.19
95521,52.88,49.00,53.19
95531,52.88,48.79,53.19
95541,52.89,48.91,53.19
95551,52.89,48.86,53.19
95561,52.89,48.97,53.19
95571,52.89,48.97,53.19
95581,52.89,49.02,53.19
95591,52.88,49.05,53.19
95601,52.88,49.00,53.19
95611,52.88,49.03,53.19
95621,52.89,48.85,53.19
95631,52.89,48.97,53.19
95641,52.89,48.94,53.19
95651,52.88,49.11,53.19
95661,52.89,48.77,53.19
95671,52.89,49.04,53.19
95681,52.90,48.86,53.19
95691,52.89,49.06,53.19
95701,52.89,49.00,53.19
95711,52.89,49.08,53.19
95721,52.89,48.85,53.19
95731,52.89,49.05,53.19
95741,52.89,48.97,53.19
95751,52.89,49.07,53.19
95761,52.90,48.88,53.19
95771,52.90,48.89,53.19
95781,52.90,48.93,53.19
95791,52.90,49.03,53.19
95801,52.90,49.08,53.19
95811,52.89,49.12,53.19
95821,52.90,48.94,53.19
95831,52.90,48.97,53.19
95841,52.90,49.01,53.19
95851,52.90,48.96,53.19
95861,52.90,49.12,53.19
95871,52.90,48.88,53.19
95881,52.90,49.04,53.19
95891,52.91,48.96,53.19
95901,52.90,49.14,53.19
95911,52.90,49.02,53.19
95921,52.90,49.08,53.19
95931,52.91,48.80,53.19
95941,52.90,49.18,53.19
95951,52.91,48.88,53.19
95961,52.91,48.96,53.19
95971,52.92,48.81,53.19
95981,52.92,49.00,53.19
95991,52.92,49.06,53.19
96001,52.92,48.96,53.19
96011,52.93,40.79,39.12
96021,52.93,40.61,39.12
96031,52.93,40.73,39.12
96041,52.92,40.78,39.12
96051,52.91,40.57,39.12
96061,52.90,40.65,39.12
96071,52.90,40.32,39.12
96081,52.89,40.41,39.12
96091,52.87,40.52,39.12
96101,52.86,40.18,39.12
96111,52.84,40.33,39.12
96121,52.81,40.63,39.12
96131,52.77,40.61,39.12
96141,52.71,40.87,39.12
96151,52.66,40.73,39.12
96161,52.59,41.06,39.12
96171,52.51,41.26,39.12
96181,52.42,41.28,39.12
96191,52.32,41.63,39.12
96201,52.20,41.79,39.12
96211,52.08,42.03,39.12
96221,51.94,42.19,39.12
96231,51.80,42.29,39.12
96241,51.66,42.37,39.12
96251,51.51,42.57,39.12
96261,51.35,42.74,39.12
96271,51.17,43.02,39.12
96281,50.98,43.34,39.12
96291,50.79,43.40,39.12
96301,50.59,43.63,39.12
96311,50.38,43.88,39.12
96321,50.16,44.18,39.12
96331,49.94,44.26,39.12
96341,49.72,44.27,39.12
96351,49.48,44.65,39.12
96361,49.24,44.78,39.12
96371,48.98,45.34,39.12
96381,48.71,45.57,39.12
96391,48.44,45.64,39.12
96401,48.19,45.44,39.12
96411,47.92,45.74,39.12
96421,47.66,45.84,39.12
96431,47.37,46.33,39.12
96441,47.08,46.59,39.12
96451,46.79,46.65,39.12
96461,46.50,46.89,39.12
96471,46.20,47.11,39.12
96481,45.90,47.16,39.12
96491,45.61,47.28,39.12
96501,45.31,47.47,39.12
96511,45.00,47.87,39.12
96521,44.69,47.82,39.12
96531,44.40,47.87,39.12
96541,44.09,48.19,39.12
96551,43.80,48.10,39.12
96561,43.51,48.13,39.12
96571,43.21,48.39,39.12
96581,42.93,48.30,39.12
96591,42.64,48.48,39.12
96601,42.36,48.44,39.12
96611,42.10,48.39,39.12
96621,41.82,48.60,39.12
96631,41.57,48.43,39.12
96641,41.31,48.61,39.12
96651,41.07,48.42,39.12
96661,40.82,48.71,39.12
96671,40.59,48.36,39.12
96681,40.35,48.64,39.12
96691,40.14,48.44,39.12
96701,39.92,48.51,39.12
96711,39.71,48.42,39.12
96721,39.51,48.52,39.12
96731,39.32,48.34,39.12
96741,39.13,48.30,39.12
96751,38.96,48.14,39.12
96761,38.80,48.06,39.12
96771,38.65,47.88,39.12
96781,38.51,47.87,39.12
96791,38.37,47.80,39.12
96801,38.25,47.70,39.12
96811,38.13,47.55,39.12
96821,38.03,47.32,39.12
96831,37.93,47.35,39.12
96841,37.84,47.15,39.12
96851,37.76,47.17,39.12
96861,37.70,46.78,39.12
96871,37.63,46.92,39.12
96881,37.59,46.47,39.12
96891,37.54,46.50,39.12
96901,37.51,46.34,39.12
96911,37.48,46.25,39.12
96921,37.46,46.17,39.12
96931,37.45,45.86,39.12
96941,37.44,45.95,39.12
96951,37.46,45.53,39.12
96961,37.47,45.53,39.12
96971,37.48,45.49,39.12
96981,37.51,45.10,39.12
96991,37.54,45.23,39.12
97001,37.57,45.12,39.12
97011,37.61,44.95,39.12
97021,37.66,44.82,39.12
97031,37.71,44.61,39.12
97041,37.76,44.78,39.12
97051,37.81,44.62,39.12
97061,37.87,44.43,39.12
97071,37.93,44.44,39.12
97081,37.99,44.37,39.12
97091,38.06,43.97,39.12
97101,38.13,44.17,39.12
97111,38.20,44.15,39.12
97121,38.28,43.83,39.12
97131,38.34,44.13,39.12
97141,38.42,43.87,39.12
97151,38.50,43.71,39.12
97161,38.57,43.76,39.12
97171,38.64,43.95,39.12
97181,38.72,43.68,39.12
97191,38.80,43.51,39.12
97201,38.87,43.68,39.12
97211,38.95,43.49,39.12
97221,39.02,43.61,39.12
97231,39.10,43.45,39.12
97241,39.17,43.63,39.12
97251,39.23,43.62,39.12
97261,39.30,43.41,39.12
97271,39.37,43.53,39.12
97281,39.43,43.54,39.12
97291,39.49,43.61,39.12
97301,39.56,43.30,39.12
97311,39.62,43.54,39.12
97321,39.67,43.59,39.12
97331,39.73,43.45,39.12
97341,39.78,43.58,39.12
97351,39.83,43.45,39.12
97361,39.88,43.51,39.12
97371,39.91,44.01,39.12
97381,39.94,43.70,39.12
97391,39.99,43.60,39.12
97401,40.02,43.68,39.12
97411,40.06,43.69,39.12
97421,40.08,43.95,39.12
97431,40.09,44.15,39.12
97441,40.12,43.73,39.12
97451,40.14,43.78,39.12
97461,40.14,44.31,39.12
97471,40.15,44.04,39.12
97481,40.17,43.91,39.12
97491,40.17,44.19,39.12
97501,40.18,44.09,39.12
97511,40.17,44.39,39.12
97521,40.17,44.40,39.12
97531,40.17,44.14,39.12
97541,40.18,44.13,39.12
97551,40.15,44.80,39.12
97561,40.14,44.44,39.12
97571,40.13,44.36,39.12
97581,40.11,44.62,39.12
97591,40.10,44.41,39.12
97601,40.08,44.66,39.12
97611,40.06,44.62,39.12
97621,40.05,44.35,39.12
97631,40.03,44.77,39.12
97641,40.02,44.41,39.12
97651,40.01,44.52,39.12
97661,39.99,44.68,39.12
97671,39.99,44.22,39.12
97681,39.96,44.81,39.12
97691,39.95,44.49,39.12
97701,39.93,44.57,39.12
97711,39.92,44.57,39.12
97721,39.90,44.59,39.12
97731,39.88,44.63,39.12
97741,39.88,44.27,39.12
97751,39.86,44.80,39.12
97761,39.86,44.29,39.12
97771,39.84,44.59,39.12
97781,39.84,44.20,39.12
97791,39.82,44.69,39.12
97801,39.81,44.50,39.12
97811,39.81,44.42,39.12
97821,39.81,44.20,39.12
97831,39.80,44.56,39.12
97841,39.78,44.60,39.12
97851,39.79,44.06,39.12
97861,39.78,44.38,39.12
97871,39.77,44.66,39.12
97881,39.78,44.06,39.12
97891,39.77,44.47,39.12
97901,39.77,44.25,39.12
97911,39.76,44.42,39.12
97921,39.77,44.08,39.12
97931,39.77,44.27,39.12
97941,39.75,44.53,39.12
97951,39.76,44.14,39.12
97961,39.76,44.30,39.12
97971,39.76,44.12,39.12
97981,39.75,44.47,39.12
97991,39.76,44.05,39.12
98001,39.77,44.09,39.12
98011,39.77,44.17,39.12
98021,39.76,44.42,39.12
98031,39.77,44.04,39.12
98041,39.78,43.90,39.12
98051,39.76,44.58,39.12
98061,39.77,44.14,39.12
98071,39.76,44.29,39.12
98081,39.78,43.87,39.12
98091,39.77,44.37,39.12
98101,39.76,44.26,39.12
98111,39.77,44.09,39.12
98121,39.77,44.05,39.12
98131,39.77,44.12,39.12
98141,39.75,44.59,39.12
98151,39.77,43.86,39.12
98161,39.76,44.25,39.12
98171,39.76,44.20,39.12
98181,39.76,44.21,39.12
98191,39.76,44.11,39.12
98201,39.76,44.11,39.12
98211,39.75,44.30,39.12
98221,39.76,44.04,39.12
98231,39.76,44.19,39.12
98241,39.77,43.86,39.12
98251,39.75,44.46,39.12
98261,39.75,44.05,39.12
98271,39.76,43.96,39.12
98281,39.75,44.35,39.12
98291,39.75,44.03,39.12
98301,39.75,44.17,39.12
98311,39.77,43.79,39.12
98321,39.75,44.34,39.12
98331,39.76,44.01,39.12
98341,39.76,44.09,39.12
98351,39.76,44.02,39.12
98361,39.77,43.90,39.12
98371,39.74,44.57,39.12
98381,39.76,43.81,39.12
98391,39.76,44.05,39.12
98401,39.76,43.96,39.12
98411,39.75,44.23,39.12
98421,39.76,43.90,39.12
98431,39.76,43.93,39.12
98441,39.76,44.23,39.12
98451,39.76,43.98,39.12
98461,39.75,44.24,39.12
98471,39.76,43.74,39.12
98481,39.76,44.06,39.12
98491,39.75,44.27,39.12
98501,39.75,43.95,39.12
98511,39.76,43.88,39.12
98521,39.76,43.93,39.12
98531,39.74,44.41,39.12
98541,39.75,43.79,39.12
98551,39.76,43.87,39.12
98561,39.75,44.08,39.12
98571,39.75,43.99,39.12
98581,39.75,44.05,39.12
98591,39.76,43.70,39.12
98601,39.76,44.01,39.12
98611,39.75,44.18,39.12
98621,39.75,44.04,39.12
98631,39.76,43.80,39.12
98641,39.76,43.81,39.12
98651,39.74,44.40,39.12
98661,39.74,43.95,39.12
98671,39.75,43.68,39.12
98681,39.75,44.03,39.12
98691,39.75,44.01,39.12
98701,39.74,44.10,39.12
98711,39.74,43.87,39.12
98721,39.75,43.79,39.12
98731,39.75,43.95,39.12
98741,39.74,44.06,39.12
98751,39.73,44.10,39.12
98761,39.74,43.76,39.12
98771,39.75,43.75,39.12
98781,39.73,44.15,39.12
98791,39.73,43.97,39.12
98801,39.74,43.82,39.12
98811,39.74,43.84,39.12
98821,39.73,43.98,39.12
98831,39.73,44.04,39.12
98841,39.74,43.67,39.12
98851,39.73,44.02,39.12
98861,39.72,44.03,39.12
98871,39.73,43.85,39.12
98881,39.73,43.81,39.12
98891,39.73,43.91,39.12
98901,39.71,44.12,39.12
98911,39.71,43.87,39.12
98921,39.72,43.82,39.12
98931,39.72,43.89,39.12
98941,39.71,44.04,39.12
98951,39.70,44.08,39.12
98961,39.69,44.05,39.12
98971,39.70,43.59,39.12
98981,39.70,43.79,39.12
98991,39.68,44.29,39.12
99001,39.68,43.96,39.12
99011,39.67,43.88,39.12
99021,39.66,44.18,39.12
99031,39.66,43.83,39.12
99041,39.66,43.79,39.12
99051,39.66,43.93,39.12
99061,39.65,44.00,39.12
99071,39.65,43.87,39.12
99081,39.63,44.15,39.12
99091,39.63,43.91,39.12
99101,39.63,43.84,39.12
99111,39.63,43.92,39.12
99121,39.62,43.99,39.12
99131,39.61,44.00,39.12
99141,39.62,43.65,39.12
99151,39.61,44.02,39.12
99161,39.61,43.87,39.12
99171,39.62,43.63,39.12
99181,39.61,43.98,39.12
99191,39.62,43.81,39.12
99201,39.62,43.79,39.12
99211,39.63,43.61,39.12
99221,39.63,43.81,39.12
99231,39.61,44.08,39.12
99241,39.63,43.57,39.12
99251,39.63,43.70,39.12
99261,39.63,43.82,39.12
99271,39.63,43.86,39.12
99281,39.62,43.91,39.12
99291,39.63,43.51,39.12
99301,39.64,43.71,39.12
99311,39.63,43.91,39.12
99321,39.62,43.95,39.12
99331,39.62,43.78,39.12
99341,39.64,43.43,39.12
99351,39.63,43.83,39.12
99361,39.62,44.06,39.12
99371,39.62,43.75,39.12
99381,39.63,43.60,39.12
99391,39.63,43.60,39.12
99401,39.63,43.89,39.12
99411,39.62,43.99,39.12
99421,39.62,43.69,39.12
99431,39.62,43.72,39.12
99441,39.62,43.74,39.12
99451,39.62,43.79,39.12
99461,39.61,43.91,39.12
99471,39.61,43.73,39.12
99481,39.61,43.71,39.12
99491,39.60,43.91,39.12
99501,39.60,43.73,39.12
99511,39.60,43.81,39.12
99521,39.60,43.66,39.12
99531,39.59,43.92,39.12
99541,39.59,43.85,39.12
99551,39.60,43.47,39.12
99561,39.59,43.78,39.12
99571,39.57,44.13,39.12
99581,39.57,43.71,39.12
99591,39.58,43.67,39.12
99601,39.59,43.48,39.12
99611,39.58,43.80,39.12
99621,39.57,43.98,39.12
99631,39.57,43.76,39.12
99641,39.57,43.60,39.12
99651,39.57,43.79,39.12
99661,39.58,43.56,39.12
99671,39.56,43.93,39.12
99681,39.56,43.80,39.12
99691,39.57,43.57,39.12
99701,39.56,43.83,39.12
99711,39.56,43.69,39.12
99721,39.57,43.54,39.12
99731,39.56,43.80,39.12
99741,39.57,43.59,39.12
99751,39.55,43.90,39.12
99761,39.55,43.78,39.12
99771,39.57,43.34,39.12
99781,39.56,43.71,39.12
99791,39.54,44.07,39.12
99801,39.54,43.81,39.12
99811,39.54,43.56,39.12
99821,39.55,43.52,39.12
99831,39.55,43.64,39.12
99841,39.54,43.90,39.12
99851,39.54,43.70,39.12
99861,39.54,43.71,39.12
99871,39.53,43.82,39.12
99881,39.53,43.72,39.12
99891,39.52,43.70,39.12
99901,39.52,43.72,39.12
99911,39.52,43.70,39.12
99921,39.51,43.91,39.12
99931,39.50,43.73,39.12
99941,39.51,43.47,39.12
99951,39.51,43.67,39.12
99961,39.50,43.79,39.12
99971,39.50,43.84,39.12
99981,39.49,43.82,39.12
99991,39.50,43.41,39.12
100001,39.50,43.65,39.12
100011,39.48,62.68,71.19
100021,39.48,62.68,71.19
100031,39.48,62.59,71.19
100041,39.47,63.25,71.19
100051,39.45,63.63,71.19
100061,39.46,63.27,71.19
100071,39.47,63.22,71.19
100081,39.50,63.23,71.19
100091,39.54,63.17,71.19
100101,39.61,62.85,71.19
100111,39.71,62.40,71.19
100121,39.82,62.25,71.19
100131,39.97,61.50,71.19
100141,40.17,60.71,71.19
100151,40.39,60.30,71.19
100161,40.65,59.66,71.19
100171,40.90,59.89,71.19
100181,41.16,59.60,71.19
100191,41.47,58.72,71.19
100201,41.84,57.54,71.19
100211,42.24,56.79,71.19
100221,42.66,56.58,71.19
100231,43.08,56.39,71.19
100241,43.51,56.04,71.19
100251,43.98,55.20,71.19
100261,44.47,54.64,71.19
100271,45.00,53.80,71.19
100281,45.56,53.13,71.19
100291,46.13,52.68,71.19
100301,46.73,51.87,71.19
100311,47.34,51.49,71.19
100321,47.97,50.78,71.19
100331,48.61,50.45,71.19
100341,49.26,49.99,71.19
100351,49.93,49.52,71.19
100361,50.60,49.01,71.19
100371,51.30,48.38,71.19
100381,52.00,47.91,71.19
100391,52.71,47.59,71.19
100401,53.41,47.27,71.19
100411,54.13,46.83,71.19
100421,54.85,46.28,71.19
100431,55.57,46.17,71.19
100441,56.28,46.00,71.19
100451,57.01,45.29,71.19
100461,57.71,45.50,71.19
100471,58.42,45.02,71.19
100481,59.12,44.90,71.19
100491,59.81,44.72,71.19
100501,60.49,44.66,71.19
100511,61.18,44.25,71.19
100521,61.85,44.19,71.19
100531,62.52,43.92,71.19
100541,63.16,44.17,71.19
100551,63.80,43.86,71.19
100561,64.41,44.05,71.19
100571,65.02,43.96,71.19
100581,65.61,43.74,71.19
100591,66.19,43.94,71.19
100601,66.76,43.66,71.19
100611,67.31,43.81,71.19
100621,67.83,44.12,71.19
100631,68.36,43.80,71.19
100641,68.86,43.95,71.19
100651,69.33,44.29,71.19
100661,69.81,44.00,71.19
100671,70.25,44.30,71.19
100681,70.68,44.51,71.19
100691,71.09,44.47,71.19
100701,71.49,44.55,71.19
100711,71.85,45.00,71.19
100721,72.21,44.88,71.19
100731,72.55,45.12,71.19
100741,72.86,45.40,71.19
100751,73.15,45.83,71.19
100761,73.43,45.64,71.19
100771,73.69,45.99,71.19
100781,73.93,46.37,71.19
100791,74.15,46.32,71.19
100801,74.36,46.64,71.19
100811,74.53,47.04,71.19
100821,74.70,47.20,71.19
100831,74.85,47.37,71.19
100841,74.97,47.82,71.19
100851,75.08,48.08,71.19
100861,75.18,48.12,71.19
100871,75.24,48.77,71.19
100881,75.30,48.88,71.19
100891,75.33,49.26,71.19
100901,75.35,49.58,71.19
100911,75.36,49.58,71.19
100921,75.34,50.19,71.19
100931,75.34,49.98,71.19
100941,75.30,50.53,71.19
100951,75.26,50.62,71.19
100961,75.20,51.00,71.19
100971,75.14,51.08,71.19
100981,75.06,51.41,71.19
100991,74.99,51.30,71.19
101001,74.89,51.81,71.19
101011,74.81,51.53,71.19
101021,74.71,51.93,71.19
101031,74.61,51.95,71.19
101041,74.52,52.01,71.19
101051,74.40,52.29,71.19
101061,74.30,52.26,71.19
101071,74.18,52.39,71.19
101081,74.07,52.55,71.19
101091,73.95,52.55,71.19
101101,73.83,52.72,71.19
101111,73.71,52.81,71.19
101121,73.59,52.71,71.19
101131,73.48,52.77,71.19
101141,73.34,53.16,71.19
101151,73.22,52.96,71.19
101161,73.11,52.90,71.19
101171,72.99,53.10,71.19
101181,72.87,53.16,71.19
101191,72.76,52.98,71.19
101201,72.65,53.10,71.19
101211,72.52,53.34,71.19
101221,72.41,53.31,71.19
101231,72.30,53.18,71.19
101241,72.20,53.16,71.19
101251,72.09,53.17,71.19
101261,71.99,53.28,71.19
101271,71.88,53.38,71.19
101281,71.78,53.26,71.19
101291,71.69,53.15,71.19
101301,71.59,53.37,71.19
101311,71.51,53.10,71.19
101321,71.43,53.17,71.19
101331,71.34,53.21,71.19
101341,71.26,53.31,71.19
101351,71.18,53.17,71.19
101361,71.12,52.91,71.19
101371,71.06,52.96,71.19
101381,70.99,53.14,71.19
101391,70.92,53.15,71.19
101401,70.86,52.91,71.19
101411,70.82,52.65,71.19
101421,70.78,52.81,71.19
101431,70.72,52.98,71.19
101441,70.67,52.92,71.19
101451,70.64,52.66,71.19
101461,70.61,52.49,71.19
101471,70.58,52.67,71.19
101481,70.55,52.68,71.19
101491,70.52,52.56,71.19
101501,70.51,52.38,71.19
101511,70.48,52.52,71.19
101521,70.46,52.50,71.19
101531,70.45,52.34,71.19
101541,70.45,52.17,71.19
101551,70.44,52.41,71.19
101561,70.42,52.37,71.19
101571,70.42,52.19,71.19
101581,70.43,52.07,71.19
101591,70.42,52.21,71.19
101601,70.42,52.28,71.19
101611,70.43,51.99,71.19
101621,70.44,51.94,71.19
101631,70.43,52.20,71.19
101641,70.44,52.02,71.19
101651,70.46,51.88,71.19
101661,70.46,52.08,71.19
101671,70.46,52.22,71.19
101681,70.47,52.01,71.19
101691,70.48,51.96,71.19
101701,70.48,52.11,71.19
101711,70.48,52.18,71.19
101721,70.48,52.12,71.19
101731,70.48,52.19,71.19
101741,70.48,52.27,71.19
101751,70.48,52.20,71.19
101761,70.49,52.09,71.19
101771,70.49,52.21,71.19
101781,70.48,52.24,71.19
101791,70.49,52.08,71.19
101801,70.49,52.30,71.19
101811,70.48,52.42,71.19
101821,70.48,52.14,71.19
101831,70.49,52.14,71.19
101841,70.48,52.33,71.19
101851,70.47,52.38,71.19
101861,70.48,52.09,71.19
101871,70.49,52.01,71.19
101881,70.49,52.33,71.19
101891,70.49,52.34,71.19
101901,70.49,52.14,71.19
101911,70.50,52.20,71.19
101921,70.50,52.23,71.19
101931,70.50,52.23,71.19
101941,70.51,52.08,71.19
101951,70.51,52.23,71.19
101961,70.50,52.44,71.19
101971,70.51,52.12,71.19
101981,70.52,52.06,71.19
101991,70.52,52.37,71.19
102001,70.52,52.36,71.19
102011,70.52,52.20,71.19
102021,70.52,52.28,71.19
102031,70.51,52.48,71.19
102041,70.51,52.39,71.19
102051,70.52,52.15,71.19
102061,70.52,52.21,71.19
102071,70.52,52.46,71.19
102081,70.51,52.41,71.19
102091,70.51,52.35,71.19
102101,70.51,52.37,71.19
102111,70.50,52.49,71.19
102121,70.50,52.44,71.19
102131,70.51,52.18,71.19
102141,70.51,52.37,71.19
102151,70.50,52.43,71.19
102161,70.50,52.40,71.19
102171,70.51,52.25,71.19
102181,70.51,52.36,71.19
102191,70.50,52.49,71.19
102201,70.50,52.42,71.19
102211,70.51,52.23,71.19
102221,70.51,52.51,71.19
102231,70.50,52.53,71.19
102241,70.50,52.32,71.19
102251,70.51,52.33,71.19
102261,70.51,52.40,71.19
102271,70.51,52.44,71.19
102281,70.52,52.24,71.19
102291,70.52,52.31,71.19
102301,70.51,52.67,71.19
102311,70.51,52.50,71.19
102321,70.51,52.36,71.19
102331,70.51,52.54,71.19
102341,70.51,52.37,71.19
102351,70.51,52.51,71.19
102361,70.51,52.48,71.19
102371,70.51,52.35,71.19
102381,70.51,52.52,71.19
102391,70.51,52.46,71.19
102401,70.51,52.55,71.19
102411,70.50,52.60,71.19
102421,70.50,52.57,71.19
102431,70.51,52.28,71.19
102441,70.51,52.50,71.19
102451,70.50,52.64,71.19
102461,70.51,52.45,71.19
102471,70.51,52.42,71.19
102481,70.51,52.60,71.19
102491,70.50,52.65,71.19
102501,70.51,52.35,71.19
102511,70.52,52.36,71.19
102521,70.51,52.62,71.19
102531,70.51,52.64,71.19
102541,70.51,52.38,71.19
102551,70.51,52.54,71.19
102561,70.50,52.77,71.19
102571,70.50,52.62,71.19
102581,70.51,52.43,71.19
102591,70.51,52.49,71.19
102601,70.50,52.73,71.19
102611,70.51,52.52,71.19
102621,70.51,52.41,71.19
102631,70.52,52.56,71.19
102641,70.51,52.70,71.19
102651,70.51,52.61,71.19
102661,70.52,52.47,71.19
102671,70.52,52.57,71.19
102681,70.51,52.74,71.19
102691,70.51,52.62,71.19
102701,70.52,52.49,71.19
102711,70.52,52.59,71.19
102721,70.52,52.63,71.19
102731,70.52,52.57,71.19
102741,70.53,52.45,71.19
102751,70.53,52.52,71.19
102761,70.53,52.72,71.19
102771,70.52,52.71,71.19
102781,70.53,52.52,71.19
102791,70.53,52.56,71.19
102801,70.53,52.65,71.19
102811,70.53,52.74,71.19
102821,70.53,52.70,71.19
102831,70.52,52.74,71.19
102841,70.51,52.87,71.19
102851,70.51,52.80,71.19
102861,70.52,52.53,71.19
102871,70.52,52.57,71.19
102881,70.52,52.76,71.19
102891,70.51,52.83,71.19
102901,70.51,52.62,71.19
102911,70.52,52.57,71.19
102921,70.52,52.79,71.19
102931,70.51,52.81,71.19
102941,70.52,52.51,71.19
102951,70.53,52.55,71.19
102961,70.53,52.80,71.19
102971,70.52,52.81,71.19
102981,70.53,52.56,71.19
102991,70.54,52.56,71.19
103001,70.53,52.84,71.19
103011,70.53,52.82,71.19
103021,70.54,52.53,71.19
103031,70.55,52.57,71.19
103041,70.54,52.87,71.19
103051,70.54,52.82,71.19
103061,70.55,52.59,71.19
103071,70.56,52.58,71.19
103081,70.55,52.81,71.19
103091,70.55,52.79,71.19
103101,70.56,52.56,71.19
103111,70.56,52.72,71.19
103121,70.55,52.98,71.19
103131,70.55,52.89,71.19
103141,70.56,52.52,71.19
103151,70.57,52.68,71.19
103161,70.55,53.01,71.19
103171,70.55,52.92,71.19
103181,70.55,52.75,71.19
103191,70.55,52.85,71.19
103201,70.54,53.03,71.19
103211,70.54,52.81,71.19
103221,70.55,52.65,71.19
103231,70.55,52.77,71.19
103241,70.55,52.89,71.19
103251,70.55,52.86,71.19
103261,70.55,52.74,71.19
103271,70.55,52.73,71.19
103281,70.55,52.84,71.19
103291,70.56,52.67,71.19
103301,70.57,52.68,71.19
103311,70.57,52.85,71.19
103321,70.57,52.94,71.19
103331,70.57,52.78,71.19
103341,70.58,52.68,71.19
103351,70.58,52.77,71.19
103361,70.58,52.88,71.19
103371,70.58,52.82,71.19
103381,70.58,52.86,71.19
103391,70.58,52.91,71.19
103401,70.58,52.96,71.19
103411,70.58,52.93,71.19
103421,70.58,52.78,71.19
103431,70.58,52.92,71.19
103441,70.57,52.99,71.19
103451,70.57,53.02,71.19
103461,70.57,52.90,71.19
103471,70.58,52.76,71.19
103481,70.57,52.94,71.19
103491,70.57,52.90,71.19
103501,70.58,52.83,71.19
103511,70.57,53.02,71.19
103521,70.56,53.16,71.19
103531,70.57,52.83,71.19
103541,70.58,52.69,71.19
103551,70.58,53.01,71.19
103561,70.57,52.99,71.19
103571,70.58,52.86,71.19
103581,70.58,52.89,71.19
103591,70.58,53.05,71.19
103601,70.57,53.13,71.19
103611,70.57,52.92,71.19
103621,70.58,52.84,71.19
103631,70.57,53.05,71.19
103641,70.56,53.22,71.19
103651,70.56,52.96,71.19
103661,70.56,52.96,71.19
103671,70.56,53.14,71.19
103681,70.55,53.23,71.19
103691,70.55,52.97,71.19
103701,70.56,52.80,71.19
103711,70.56,53.00,71.19
103721,70.56,53.06,71.19
103731,70.56,52.94,71.19
103741,70.57,52.77,71.19
103751,70.57,53.00,71.19
103761,70.57,53.13,71.19
103771,70.58,52.90,71.19
103781,70.59,52.81,71.19
103791,70.60,52.84,71.19
103801,70.59,53.14,71.19
103811,70.58,53.15,71.19
103821,70.59,52.94,71.19
103831,70.59,53.04,71.19
103841,70.58,53.20,71.19
103851,70.57,53.23,71.19
103861,70.58,52.97,71.19
103871,70.59,52.92,71.19
103881,70.58,53.12,71.19
103891,70.58,53.19,71.19
103901,70.58,53.01,71.19
103911,70.59,52.95,71.19
103921,70.59,53.12,71.19
103931,70.58,53.32,71.19
103941,70.57,53.12,71.19
103951,70.58,52.91,71.19
103961,70.59,53.08,71.19
103971,70.58,53.20,71.19
103981,70.58,53.15,71.19
103991,70.58,53.07,71.19
104001,70.58,53.14,71.19
104011,70.58,25.66,23.95
104021,70.57,25.35,23.95
104031,70.58,24.91,23.95
104041,70.57,24.85,23.95
104051,70.54,24.90,23.95
104061,70.51,24.75,23.95
104071,70.49,24.28,23.95
104081,70.45,24.15,23.95
104091,70.40,24.30,23.95
104101,70.31,24.71,23.95
104111,70.20,24.94,23.95
104121,70.07,25.06,23.95
104131,69.93,25.14,23.95
104141,69.78,24.97,23.95
104151,69.62,25.20,23.95
104161,69.41,25.71,23.95
104171,69.17,26.35,23.95
104181,68.90,26.81,23.95
104191,68.62,26.81,23.95
104201,68.30,27.52,23.95
104211,67.96,27.86,23.95
104221,67.60,28.15,23.95
104231,67.19,28.94,23.95
104241,66.77,29.33,23.95
104251,66.32,29.87,23.95
104261,65.84,30.32,23.95
104271,65.34,30.79,23.95
104281,64.81,31.40,23.95
104291,64.25,32.14,23.95
104301,63.67,32.72,23.95
104311,63.04,33.49,23.95
104321,62.40,34.09,23.95
104331,61.72,34.86,23.95
104341,61.03,35.34,23.95
104351,60.31,36.16,23.95
104361,59.56,36.80,23.95
104371,58.78,37.65,23.95
104381,57.99,38.19,23.95
104391,57.15,39.29,23.95
104401,56.31,39.73,23.95
104411,55.43,40.60,23.95
104421,54.54,41.27,23.95
104431,53.64,41.88,23.95
104441,52.70,42.81,23.95
104451,51.73,43.81,23.95
104461,50.76,44.35,23.95
104471,49.78,44.77,23.95
104481,48.80,45.39,23.95
104491,47.78,46.43,23.95
104501,46.75,47.20,23.95
104511,45.70,47.94,23.95
104521,44.64,48.58,23.95
104531,43.60,48.85,23.95
104541,42.57,49.05,23.95
104551,41.54,49.42,23.95
104561,40.52,49.83,23.95
104571,39.50,50.09,23.95
104581,38.49,50.51,23.95
104591,37.48,51.01,23.95
104601,36.50,50.97,23.95
104611,35.52,51.43,23.95
104621,34.56,51.46,23.95
104631,33.60,51.96,23.95
104641,32.67,51.79,23.95
104651,31.74,52.38,23.95
104661,30.81,52.71,23.95
104671,29.92,52.52,23.95
104681,29.06,52.38,23.95
104691,28.20,52.79,23.95
104701,27.38,52.40,23.95
104711,26.58,52.51,23.95
104721,25.80,52.65,23.95
104731,25.06,52.09,23.95
104741,24.34,52.09,23.95
104751,23.64,52.19,23.95
104761,22.99,51.59,23.95
104771,22.37,51.41,23.95
104781,21.76,51.44,23.95
104791,21.18,51.15,23.95
104801,20.66,50.45,23.95
104811,20.15,50.45,23.95
104821,19.67,50.30,23.95
104831,19.23,49.59,23.95
104841,18.82,49.45,23.95
104851,18.42,49.38,23.95
104861,18.07,48.62,23.95
104871,17.75,48.34,23.95
104881,17.44,48.15,23.95
104891,17.19,47.41,23.95
104901,16.95,47.30,23.95
104911,16.74,46.81,23.95
104921,16.57,46.11,23.95
104931,16.42,46.05,23.95
104941,16.31,45.22,23.95
104951,16.21,44.98,23.95
104961,16.17,44.21,23.95
104971,16.12,44.22,23.95
104981,16.12,43.44,23.95
104991,16.12,43.30,23.95
105001,16.17,42.42,23.95
105011,16.23,42.32,23.95
105021,16.32,41.62,23.95
105031,16.43,41.20,23.95
105041,16.55,41.04,23.95
105051,16.70,40.34,23.95
105061,16.87,39.98,23.95
105071,17.05,39.70,23.95
105081,17.25,39.24,23.95
105091,17.46,38.88,23.95
105101,17.69,38.41,23.95
105111,17.93,38.16,23.95
105121,18.17,38.02,23.95
105131,18.41,37.81,23.95
105141,18.65,37.83,23.95
105151,18.91,37.31,23.95
105161,19.17,37.19,23.95
105171,19.44,36.93,23.95
105181,19.71,36.75,23.95
105191,19.98,36.66,23.95
105201,20.25,36.44,23.95
105211,20.52,36.22,23.95
105221,20.81,35.89,23.95
105231,21.12,35.18,23.95
105241,21.46,34.49,23.95
105251,21.82,33.90,23.95
105261,22.17,33.91,23.95
105271,22.50,34.13,23.95
105281,22.80,34.53,23.95
105291,23.09,34.41,23.95
105301,23.41,33.79,23.95
105311,23.72,33.96,23.95
105321,23.98,34.51,23.95
105331,24.28,33.75,23.95
105341,24.57,33.73,23.95
105351,24.85,33.83,23.95
105361,25.12,33.61,23.95
105371,25.40,33.58,23.95
105381,25.65,33.88,23.95
105391,25.91,33.41,23.95
105401,26.16,33.58,23.95
105411,26.39,33.65,23.95
105421,26.64,33.39,23.95
105431,26.87,33.45,23.95
105441,27.07,33.98,23.95
105451,27.27,33.62,23.95
105461,27.47,33.81,23.95
105471,27.66,33.78,23.95
105481,27.84,33.77,23.95
105491,27.99,34.15,23.95
105501,28.16,33.84,23.95
105511,28.30,34.16,23.95
105521,28.43,34.34,23.95
105531,28.57,34.16,23.95
105541,28.67,34.63,23.95
105551,28.78,34.42,23.95
105561,28.88,34.66,23.95
105571,28.94,35.20,23.95
105581,29.01,35.06,23.95
105591,29.06,35.35,23.95
105601,29.11,35.30,23.95
105611,29.15,35.46,23.95
105621,29.16,35.94,23.95
105631,29.18,35.77,23.95
105641,29.19,35.93,23.95
105651,29.18,36.23,23.95
105661,29.17,36.23,23.95
105671,29.15,36.40,23.95
105681,29.12,36.73,23.95
105691,29.08,36.70,23.95
105701,29.04,36.78,23.95
105711,28.99,37.13,23.95
105721,28.93,37.09,23.95
105731,28.88,37.03,23.95
105741,28.81,37.41,23.95
105751,28.72,37.77,23.95
105761,28.65,37.43,23.95
105771,28.55,38.04,23.95
105781,28.46,37.86,23.95
105791,28.38,37.77,23.95
105801,28.27,38.32,23.95
105811,28.14,38.63,23.95
105821,28.04,38.20,23.95
105831,27.94,38.37,23.95
105841,27.80,38.94,23.95
105851,27.66,39.11,23.95
105861,27.54,38.90,23.95
105871,27.43,38.62,23.95
105881,27.31,38.85,23.95
105891,27.16,39.48,23.95
105901,27.00,39.76,23.95
105911,26.86,39.64,23.95
105921,26.72,39.39,23.95
105931,26.60,39.27,23.95
105941,26.46,39.66,23.95
105951,26.30,40.04,23.95
105961,26.14,40.26,23.95
105971,25.99,40.03,23.95
105981,25.86,39.79,23.95
105991,25.73,39.71,23.95
106001,25.62,39.47,23.95
106011,25.50,39.64,23.95
106021,25.38,39.90,23.95
106031,25.22,40.54,23.95
106041,25.05,41.01,23.95
106051,24.88,41.08,23.95
106061,24.72,40.93,23.95
106071,24.58,40.62,23.95
106081,24.46,40.24,23.95
106091,24.36,39.95,23.95
106101,24.27,39.72,23.95
106111,24.19,39.51,23.95
106121,24.12,39.51,23.95
106131,24.05,39.59,23.95
106141,23.97,39.68,23.95
106151,23.89,39.74,23.95
106161,23.80,40.16,23.95
106171,23.71,39.96,23.95
106181,23.61,40.32,23.95
106191,23.52,40.23,23.95
106201,23.43,40.39,23.95
106211,23.33,40.46,23.95
106221,23.22,40.75,23.95
106231,23.13,40.50,23.95
106241,23.03,40.63,23.95
106251,22.95,40.47,23.95
106261,22.87,40.41,23.95
106271,22.79,40.48,23.95
106281,22.73,40.06,23.95
106291,22.66,40.29,23.95
106301,22.61,39.99,23.95
106311,22.57,39.92,23.95
106321,22.53,39.93,23.95
106331,22.50,39.61,23.95
106341,22.47,39.75,23.95
106351,22.45,39.42,23.95
106361,22.44,39.37,23.95
106371,22.44,39.29,23.95
106381,22.44,39.19,23.95
106391,22.44,39.21,23.95
106401,22.44,39.03,23.95
106411,22.46,38.88,23.95
106421,22.48,38.84,23.95
106431,22.50,38.75,23.95
106441,22.53,38.64,23.95
106451,22.57,38.41,23.95
106461,22.60,38.39,23.95
106471,22.65,38.30,23.95
106481,22.70,38.05,23.95
106491,22.75,38.09,23.95
106501,22.82,37.58,23.95
106511,22.90,37.55,23.95
106521,22.98,37.26,23.95
106531,23.09,36.89,23.95
106541,23.19,36.73,23.95
106551,23.32,36.25,23.95
106561,23.45,36.25,23.95
106571,23.56,36.47,23.95
106581,23.67,36.25,23.95
106591,23.77,36.70,23.95
106601,23.84,36.96,23.95
106611,23.90,37.41,23.95
106621,23.94,37.56,23.95
106631,24.01,37.19,23.95
106641,24.10,36.51,23.95
106651,24.20,36.21,23.95
106661,24.28,36.68,23.95
106671,24.34,37.14,23.95
106681,24.38,37.23,23.95
106691,24.44,37.11,23.95
106701,24.50,36.85,23.95
106711,24.57,36.65,23.95
106721,24.64,36.74,23.95
106731,24.69,36.91,23.95
106741,24.72,37.31,23.95
106751,24.75,37.42,23.95
106761,24.79,37.07,23.95
106771,24.85,36.74,23.95
106781,24.91,36.67,23.95
106791,24.94,37.13,23.95
106801,24.96,37.48,23.95
106811,24.97,37.55,23.95
106821,25.00,37.25,23.95
106831,25.04,36.86,23.95
106841,25.09,36.61,23.95
106851,25.13,36.89,23.95
106861,25.16,37.19,23.95
106871,25.16,37.55,23.95
106881,25.19,36.99,23.95
106891,25.21,37.12,23.95
106901,25.22,37.53,23.95
106911,25.21,37.72,23.95
106921,25.22,37.41,23.95
106931,25.23,37.24,23.95
106941,25.24,37.29,23.95
106951,25.24,37.51,23.95
106961,25.22,37.91,23.95
106971,25.20,37.94,23.95
106981,25.19,37.75,23.95
106991,25.20,37.41,23.95
107001,25.20,37.35,23.95
107011,25.20,37.60,23.95
107021,25.18,37.96,23.95
107031,25.14,38.17,23.95
107041,25.12,37.99,23.95
107051,25.12,37.49,23.95
107061,25.13,37.34,23.95
107071,25.12,37.57,23.95
107081,25.08,38.29,23.95
107091,25.04,38.41,23.95
107101,25.02,37.94,23.95
107111,25.01,37.63,23.95
107121,25.01,37.55,23.95
107131,25.00,37.69,23.95
107141,24.97,38.11,23.95
107151,24.93,38.40,23.95
107161,24.88,38.62,23.95
107171,24.84,38.28,23.95
107181,24.83,37.76,23.95
107191,24.82,37.82,23.95
107201,24.81,37.92,23.95
107211,24.78,38.10,23.95
107221,24.74,38.49,23.95
107231,24.69,38.46,23.95
107241,24.67,38.09,23.95
107251,24.68,37.53,23.95
107261,24.68,37.57,23.95
107271,24.67,37.82,23.95
107281,24.64,38.28,23.95
107291,24.59,38.73,23.95
107301,24.53,38.72,23.95
107311,24.50,38.34,23.95
107321,24.49,37.91,23.95
107331,24.50,37.53,23.95
107341,24.51,37.44,23.95
107351,24.50,37.88,23.95
107361,24.46,38.54,23.95
107371,24.42,38.58,23.95
107381,24.38,38.68,23.95
107391,24.36,38.13,23.95
107401,24.37,37.48,23.95
107411,24.39,37.36,23.95
107421,24.41,37.38,23.95
107431,24.39,38.01,23.95
107441,24.36,38.36,23.95
107451,24.32,38.65,23.95
107461,24.29,38.37,23.95
107471,24.29,37.87,23.95
107481,24.31,37.33,23.95
107491,24.33,37.22,23.95
107501,24.35,37.35,23.95
107511,24.34,37.94,23.95
107521,24.31,38.43,23.95
107531,24.28,38.37,23.95
107541,24.26,38.15,23.95
107551,24.27,37.59,23.95
107561,24.31,37.07,23.95
107571,24.34,37.06,23.95
107581,24.35,37.49,23.95
107591,24.35,37.82,23.95
107601,24.32,38.30,23.95
107611,24.30,38.13,23.95
107621,24.30,37.61,23.95
107631,24.32,37.39,23.95
107641,24.34,37.33,23.95
107651,24.36,37.35,23.95
107661,24.36,37.75,23.95
107671,24.34,38.02,23.95
107681,24.33,37.86,23.95
107691,24.35,37.34,23.95
107701,24.37,37.18,23.95
107711,24.40,37.21,23.95
107721,24.41,37.34,23.95
107731,24.40,37.84,23.95
107741,24.38,38.22,23.95
107751,24.35,38.17,23.95
107761,24.35,37.67,23.95
107771,24.37,37.28,23.95
107781,24.39,37.27,23.95
107791,24.40,37.47,23.95
107801,24.39,37.70,23.95
107811,24.37,38.04,23.95
107821,24.37,37.77,23.95
107831,24.39,37.27,23.95
107841,24.42,36.89,23.95
107851,24.45,37.09,23.95
107861,24.45,37.51,23.95
107871,24.44,37.79,23.95
107881,24.43,37.85,23.95
107891,24.42,37.72,23.95
107901,24.43,37.46,23.95
107911,24.45,37.16,23.95
107921,24.45,37.46,23.95
107931,24.44,37.92,23.95
107941,24.40,38.32,23.95
107951,24.38,37.97,23.95
107961,24.40,37.31,23.95
107971,24.42,37.01,23.95
107981,24.46,36.90,23.95
107991,24.47,37.20,23.95
108001,24.47,37.66,23.95
108011,24.45,46.74,39.21
108021,24.46,46.34,39.21
108031,24.48,46.16,39.21
108041,24.49,46.57,39.21
108051,24.48,47.06,39.21
108061,24.47,47.13,39.21
108071,24.46,47.18,39.21
108081,24.45,47.27,39.21
108091,24.46,47.07,39.21
108101,24.48,46.77,39.21
108111,24.51,46.77,39.21
108121,24.56,46.49,39.21
108131,24.64,45.96,39.21
108141,24.70,46.36,39.21
108151,24.77,46.05,39.21
108161,24.88,45.50,39.21
108171,24.98,45.69,39.21
108181,25.09,45.51,39.21
108191,25.23,44.99,39.21
108201,25.36,45.09,39.21
108211,25.50,44.96,39.21
108221,25.67,44.36,39.21
108231,25.82,44.66,39.21
108241,26.00,44.18,39.21
108251,26.19,43.87,39.21
108261,26.38,43.86,39.21
108271,26.58,43.77,39.21
108281,26.80,43.24,39.21
108291,27.01,43.37,39.21
108301,27.23,42.99,39.21
108311,27.47,42.77,39.21
108321,27.72,42.31,39.21
108331,27.96,42.52,39.21
108341,28.22,42.16,39.21
108351,28.47,42.03,39.21
108361,28.74,41.66,39.21
108371,29.01,41.61,39.21
108381,29.29,41.45,39.21
108391,29.57,41.17,39.21
108401,29.85,41.06,39.21
108411,30.13,41.02,39.21
108421,30.41,40.89,39.21
108431,30.69,40.77,39.21
108441,30.98,40.58,39.21
108451,31.27,40.40,39.21
108461,31.56,40.14,39.21
108471,31.85,40.23,39.21
108481,32.13,40.21,39.21
108491,32.41,40.17,39.21
108501,32.68,40.26,39.21
108511,32.94,40.20,39.21
108521,33.22,39.81,39.21
108531,33.50,39.64,39.21
108541,33.78,39.58,39.21
108551,34.06,39.40,39.21
108561,34.33,39.35,39.21
108571,34.60,39.35,39.21
108581,34.86,39.37,39.21
108591,35.12,39.40,39.21
108601,35.37,39.49,39.21
108611,35.61,39.46,39.21
108621,35.83,39.71,39.21
108631,36.05,39.73,39.21
108641,36.26,39.73,39.21
108651,36.46,39.80,39.21
108661,36.65,39.95,39.21
108671,36.84,39.89,39.21
108681,37.02,40.02,39.21
108691,37.19,40.14,39.21
108701,37.35,40.08,39.21
108711,37.51,40.34,39.21
108721,37.65,40.36,39.21
108731,37.79,40.47,39.21
108741,37.92,40.55,39.21
108751,38.04,40.67,39.21
108761,38.15,40.77,39.21
108771,38.25,40.99,39.21
108781,38.35,40.94,39.21
108791,38.43,41.22,39.21
108801,38.51,41.33,39.21
108811,38.58,41.37,39.21
108821,38.64,41.59,39.21
108831,38.69,41.74,39.21
108841,38.73,41.84,39.21
108851,38.76,42.01,39.21
108861,38.79,42.20,39.21
108871,38.81,42.31,39.21
108881,38.82,42.34,39.21
108891,38.83,42.55,39.21
108901,38.84,42.45,39.21
108911,38.85,42.62,39.21
108921,38.84,42.72,39.21
108931,38.85,42.61,39.21
108941,38.83,43.02,39.21
108951,38.81,43.08,39.21
108961,38.79,43.08,39.21
108971,38.77,43.20,39.21
108981,38.73,43.53,39.21
108991,38.68,43.78,39.21
109001,38.63,43.94,39.21
109011,38.57,43.90,39.21
109021,38.52,43.93,39.21
109031,38.48,43.76,39.21
109041,38.43,43.90,39.21
109051,38.38,44.04,39.21
109061,38.32,44.16,39.21
109071,38.25,44.49,39.21
109081,38.19,44.46,39.21
109091,38.13,44.37,39.21
109101,38.07,44.23,39.21
109111,38.01,44.49,39.21
109121,37.94,44.72,39.21
109131,37.88,44.57,39.21
109141,37.83,44.30,39.21
109151,37.78,44.46,39.21
109161,37.71,44.94,39.21
109171,37.65,44.75,39.21
109181,37.59,44.60,39.21
109191,37.54,44.73,39.21
109201,37.49,44.66,39.21
109211,37.43,44.90,39.21
109221,37.37,44.84,39.21
109231,37.33,44.54,39.21
109241,37.28,44.89,39.21
109251,37.23,44.83,39.21
109261,37.17,45.01,39.21
109271,37.15,44.44,39.21
109281,37.10,44.90,39.21
109291,37.06,44.85,39.21
109301,37.02,44.69,39.21
109311,37.00,44.66,39.21
109321,36.96,44.87,39.21
109331,36.93,44.62,39.21
109341,36.91,44.62,39.21
109351,36.90,44.37,39.21
109361,36.87,44.75,39.21
109371,36.87,44.23,39.21
109381,36.85,44.70,39.21
109391,36.85,44.42,39.21
109401,36.83,44.51,39.21
109411,36.85,44.07,39.21
109421,36.85,44.35,39.21
109431,36.85,44.26,39.21
109441,36.86,44.15,39.21
109451,36.88,43.96,39.21
109461,36.88,44.26,39.21
109471,36.90,44.00,39.21
109481,36.93,43.87,39.21
109491,36.95,44.02,39.21
109501,36.96,44.03,39.21
109511,36.99,43.84,39.21
109521,37.02,43.83,39.21
109531,37.04,43.92,39.21
109541,37.07,43.84,39.21
109551,37.10,43.76,39.21
109561,37.14,43.64,39.21
109571,37.15,44.00,39.21
109581,37.18,43.85,39.21
109591,37.22,43.54,39.21
109601,37.24,43.92,39.21
109611,37.27,43.84,39.21
109621,37.30,43.77,39.21
109631,37.34,43.50,39.21
109641,37.36,43.89,39.21
109651,37.39,43.87,39.21
109661,37.41,43.77,39.21
109671,37.46,43.32,39.21
109681,37.47,44.14,39.21
109691,37.50,43.81,39.21
109701,37.53,43.64,39.21
109711,37.56,43.77,39.21
109721,37.58,43.93,39.21
109731,37.60,43.95,39.21
109741,37.63,43.62,39.21
109751,37.65,43.89,39.21
109761,37.67,43.92,39.21
109771,37.68,44.17,39.21
109781,37.71,43.70,39.21
109791,37.73,43.78,39.21
109801,37.73,44.25,39.21
109811,37.75,43.94,39.21
109821,37.77,43.87,39.21
109831,37.80,43.81,39.21
109841,37.80,44.22,39.21
109851,37.81,44.18,39.21
109861,37.82,44.00,39.21
109871,37.83,44.09,39.21
109881,37.85,44.06,39.21
109891,37.83,44.55,39.21
109901,37.85,44.02,39.21
109911,37.87,44.01,39.21
109921,37.86,44.40,39.21
109931,37.86,44.45,39.21
109941,37.87,44.19,39.21
109951,37.88,44.01,39.21
109961,37.87,44.52,39.21
109971,37.87,44.41,39.21
109981,37.88,44.22,39.21
109991,37.88,44.44,39.21
110001,37.88,44.36,39.21
110011,37.87,44.63,39.21
110021,37.88,44.20,39.21
110031,37.88,44.43,39.21
110041,37.87,44.70,39.21
110051,37.86,44.56,39.21
110061,37.87,44.19,39.21
110071,37.87,44.54,39.21
110081,37.85,44.85,39.21
110091,37.86,44.41,39.21
110101,37.86,44.39,39.21
110111,37.86,44.47,39.21
110121,37.85,44.89,39.21
110131,37.85,44.38,39.21
110141,37.87,44.28,39.21
110151,37.86,44.61,39.21
110161,37.86,44.63,39.21
110171,37.87,44.33,39.21
110181,37.88,44.25,39.21
110191,37.87,44.82,39.21
110201,37.88,44.49,39.21
110211,37.89,44.30,39.21
110221,37.89,44.58,39.21
110231,37.89,44.52,39.21
110241,37.90,44.46,39.21
110251,37.91,44.41,39.21
110261,37.91,44.65,39.21
110271,37.90,44.72,39.21
110281,37.91,44.50,39.21
110291,37.92,44.42,39.21
110301,37.91,44.82,39.21
110311,37.92,44.60,39.21
110321,37.93,44.37,39.21
110331,37.92,44.82,39.21
110341,37.92,44.81,39.21
110351,37.93,44.30,39.21
110361,37.93,44.68,39.21
110371,37.93,44.86,39.21
110381,37.92,44.81,39.21
110391,37.93,44.57,39.21
110401,37.92,44.84,39.21
110411,37.92,44.77,39.21
110421,37.93,44.56,39.21
110431,37.93,44.78,39.21
110441,37.93,44.72,39.21
110451,37.93,44.79,39.21
110461,37.92,44.82,39.21
110471,37.94,44.57,39.21
110481,37.93,44.94,39.21
110491,37.93,44.78,39.21
110501,37.94,44.52,39.21
110511,37.94,44.92,39.21
110521,37.93,44.93,39.21
110531,37.94,44.59,39.21
110541,37.95,44.75,39.21
110551,37.94,45.03,39.21
110561,37.95,44.59,39.21
110571,37.95,44.79,39.21
110581,37.96,44.73,39.21
110591,37.96,44.87,39.21
110601,37.96,44.80,39.21
110611,37.97,44.77,39.21
110621,37.96,45.11,39.21
110631,37.96,44.81,39.21
110641,37.97,44.74,39.21
110651,37.96,44.99,39.21
110661,37.97,44.82,39.21
110671,37.98,44.67,39.21
110681,37.98,44.92,39.21
110691,37.98,44.95,39.21
110701,37.99,44.77,39.21
110711,37.99,44.95,39.21
110721,37.99,44.99,39.21
110731,37.98,45.10,39.21
110741,37.99,44.75,39.21
110751,37.99,44.96,39.21
110761,37.99,44.97,39.21
110771,38.01,44.66,39.21
110781,38.01,44.95,39.21
110791,38.01,45.01,39.21
110801,38.01,44.93,39.21
110811,38.03,44.78,39.21
110821,38.03,44.95,39.21
110831,38.03,44.93,39.21
110841,38.04,44.94,39.21
110851,38.04,44.87,39.21
110861,38.03,45.26,39.21
110871,38.05,44.68,39.21
110881,38.06,44.87,39.21
110891,38.06,45.03,39.21
110901,38.07,44.85,39.21
110911,38.08,44.87,39.21
110921,38.09,44.80,39.21
110931,38.08,45.20,39.21
110941,38.10,44.77,39.21
110951,38.10,45.07,39.21
110961,38.10,45.04,39.21
110971,38.11,44.99,39.21
110981,38.12,44.88,39.21
110991,38.11,45.23,39.21
111001,38.11,44.99,39.21
111011,38.13,44.76,39.21
111021,38.13,45.15,39.21
111031,38.14,44.93,39.21
111041,38.14,45.09,39.21
111051,38.16,44.77,39.21
111061,38.14,45.33,39.21
111071,38.15,44.97,39.21
111081,38.16,44.88,39.21
111091,38.16,45.22,39.21
111101,38.17,44.93,39.21
111111,38.17,45.15,39.21
111121,38.18,45.01,39.21
111131,38.18,45.15,39.21
111141,38.19,44.81,39.21
111151,38.20,45.08,39.21
111161,38.20,45.17,39.21
111171,38.20,45.02,39.21
111181,38.21,45.00,39.21
111191,38.21,45.26,39.21
111201,38.21,45.13,39.21
111211,38.22,44.93,39.21
111221,38.22,45.31,39.21
111231,38.22,45.15,39.21
111241,38.22,45.15,39.21
111251,38.23,44.95,39.21
111261,38.23,45.30,39.21
111271,38.24,45.02,39.21
111281,38.24,45.23,39.21
111291,38.24,45.18,39.21
111301,38.24,45.15,39.21
111311,38.25,45.15,39.21
111321,38.25,45.20,39.21
111331,38.25,45.20,39.21
111341,38.26,45.01,39.21
111351,38.25,45.50,39.21
111361,38.26,45.00,39.21
111371,38.27,45.16,39.21
111381,38.27,45.23,39.21
111391,38.28,45.06,39.21
111401,38.29,45.06,39.21
111411,38.29,45.22,39.21
111421,38.29,45.22,39.21
111431,38.31,45.00,39.21
111441,38.32,44.99,39.21
111451,38.32,45.39,39.21
111461,38.33,44.90,39.21
111471,38.34,45.16,39.21
111481,38.34,45.25,39.21
111491,38.35,45.03,39.21
111501,38.36,45.06,39.21
111511,38.37,45.19,39.21
111521,38.37,45.18,39.21
111531,38.39,45.06,39.21
111541,38.39,45.15,39.21
111551,38.39,45.34,39.21
111561,38.41,44.85,39.21
111571,38.41,45.30,39.21
111581,38.41,45.22,39.21
111591,38.42,45.14,39.21
111601,38.42,45.25,39.21
111611,38.43,45.14,39.21
111621,38.43,45.25,39.21
111631,38.45,44.89,39.21
111641,38.45,45.38,39.21
111651,38.46,45.20,39.21
111661,38.47,45.00,39.21
111671,38.47,45.24,39.21
111681,38.48,45.14,39.21
111691,38.50,45.04,39.21
111701,38.50,45.17,39.21
111711,38.51,45.22,39.21
111721,38.51,45.22,39.21
111731,38.52,45.04,39.21
111741,38.52,45.32,39.21
111751,38.53,45.09,39.21
111761,38.55,44.97,39.21
111771,38.55,45.32,39.21
111781,38.56,45.13,39.21
111791,38.57,45.01,39.21
111801,38.57,45.36,39.21
111811,38.58,45.04,39.21
111821,38.59,45.26,39.21
111831,38.60,45.09,39.21
111841,38.60,45.26,39.21
111851,38.61,45.18,39.21
111861,38.62,45.07,39.21
111871,38.62,45.32,39.21
111881,38.63,45.07,39.21
111891,38.64,45.06,39.21
111901,38.64,45.30,39.21
111911,38.66,45.01,39.21
111921,38.67,45.10,39.21
111931,38.67,45.28,39.21
111941,38.68,44.95,39.21
111951,38.69,45.12,39.21
111961,38.70,45.05,39.21
111971,38.71,45.13,39.21
111981,38.73,44.96,39.21
111991,38.74,45.13,39.21
112001,38.75,45.07,39.21
112011,38.76,49.26,46.64
112021,38.77,49.44,46.64
112031,38.78,49.62,46.64
112041,38.80,49.39,46.64
112051,38.80,49.78,46.64
112061,38.80,49.66,46.64
112071,38.82,49.58,46.64
112081,38.83,49.77,46.64
112091,38.85,49.56,46.64
112101,38.87,49.61,46.64
112111,38.90,49.37,46.64
112121,38.92,49.68,46.64
112131,38.97,49.23,46.64
112141,39.00,49.49,46.64
112151,39.05,49.04,46.64
112161,39.10,49.21,46.64
112171,39.17,48.89,46.64
112181,39.24,48.83,46.64
112191,39.31,48.71,46.64
112201,39.40,48.46,46.64
112211,39.48,48.46,46.64
112221,39.59,48.17,46.64
112231,39.69,48.14,46.64
112241,39.80,47.85,46.64
112251,39.91,47.90,46.64
112261,40.04,47.70,46.64
112271,40.16,47.66,46.64
112281,40.29,47.34,46.64
112291,40.43,47.29,46.64
112301,40.57,47.05,46.64
112311,40.72,47.01,46.64
112321,40.87,46.79,46.64
112331,41.03,46.77,46.64
112341,41.18,46.67,46.64
112351,41.34,46.56,46.64
112361,41.50,46.40,46.64
112371,41.67,46.26,46.64
112381,41.84,46.18,46.64
112391,42.01,46.07,46.64
112401,42.18,45.96,46.64
112411,42.35,45.82,46.64
112421,42.53,45.67,46.64
112431,42.70,45.68,46.64
112441,42.89,45.44,46.64
112451,43.06,45.66,46.64
112461,43.24,45.20,46.64
112471,43.42,45.35,46.64
112481,43.59,45.30,46.64
112491,43.77,45.09,46.64
112501,43.95,45.10,46.64
112511,44.13,44.90,46.64
112521,44.30,45.05,46.64
112531,44.47,44.87,46.64
112541,44.64,44.79,46.64
112551,44.80,45.07,46.64
112561,44.97,44.74,46.64
112571,45.13,44.80,46.64
112581,45.28,44.89,46.64
112591,45.44,44.67,46.64
112601,45.59,44.78,46.64
112611,45.74,44.72,46.64
112621,45.87,44.91,46.64
112631,46.01,44.74,46.64
112641,46.14,44.87,46.64
112651,46.28,44.76,46.64
112661,46.40,44.83,46.64
112671,46.51,45.02,46.64
112681,46.63,44.90,46.64
112691,46.74,44.87,46.64
112701,46.83,45.26,46.64
112711,46.93,45.09,46.64
112721,47.03,44.97,46.64
112731,47.10,45.45,46.64
112741,47.19,45.20,46.64
112751,47.26,45.34,46.64
112761,47.33,45.46,46.64
112771,47.39,45.45,46.64
112781,47.45,45.51,46.64
112791,47.50,45.67,46.64
112801,47.55,45.71,46.64
112811,47.58,45.84,46.64
112821,47.62,45.78,46.64
112831,47.64,46.14,46.64
112841,47.67,45.95,46.64
112851,47.69,46.09,46.64
112861,47.70,46.45,46.64
112871,47.72,46.08,46.64
112881,47.72,46.48,46.64
112891,47.71,46.60,46.64
112901,47.71,46.49,46.64
112911,47.69,46.73,46.64
112921,47.67,46.94,46.64
112931,47.66,46.80,46.64
112941,47.63,46.94,46.64
112951,47.60,47.19,46.64
112961,47.58,46.86,46.64
112971,47.56,46.96,46.64
112981,47.52,47.20,46.64
112991,47.50,47.02,46.64
113001,47.46,47.28,46.64
113011,47.44,47.05,46.64
113021,47.41,47.01,46.64
113031,47.37,47.42,46.64
113041,47.34,47.19,46.64
113051,47.31,47.30,46.64
113061,47.28,47.10,46.64
113071,47.26,47.05,46.64
113081,47.23,47.33,46.64
113091,47.20,47.12,46.64
113101,47.17,47.37,46.64
113111,47.14,47.34,46.64
113121,47.11,47.21,46.64
113131,47.08,47.24,46.64
113141,47.07,47.07,46.64
113151,47.04,47.24,46.64
113161,47.02,47.21,46.64
113171,46.99,47.21,46.64
113181,46.96,47.37,46.64
113191,46.95,47.12,46.64
113201,46.92,47.35,46.64
113211,46.91,47.06,46.64
113221,46.89,47.12,46.64
113231,46.87,47.14,46.64
113241,46.86,47.07,46.64
113251,46.83,47.39,46.64
113261,46.81,47.19,46.64
113271,46.79,47.27,46.64
113281,46.77,47.33,46.64
113291,46.76,47.10,46.64
113301,46.75,47.09,46.64
113311,46.75,46.86,46.64
113321,46.74,47.13,46.64
113331,46.73,46.93,46.64
113341,46.72,47.11,46.64
113351,46.71,47.07,46.64
113361,46.71,46.96,46.64
113371,46.70,47.18,46.64
113381,46.69,46.95,46.64
113391,46.69,46.96,46.64
113401,46.69,46.83,46.64
113411,46.70,46.76,46.64
113421,46.70,46.87,46.64
113431,46.71,46.77,46.64
113441,46.70,47.03,46.64
113451,46.70,46.93,46.64
113461,46.70,46.87,46.64
113471,46.70,46.87,46.64
113481,46.71,46.75,46.64
113491,46.71,46.80,46.64
113501,46.72,46.71,46.64
113511,46.72,46.88,46.64
113521,46.72,46.88,46.64
113531,46.73,46.74,46.64
113541,46.73,46.89,46.64
113551,46.73,46.82,46.64
113561,46.72,47.05,46.64
113571,46.73,46.79,46.64
113581,46.72,47.08,46.64
113591,46.71,47.03,46.64
113601,46.72,46.72,46.64
113611,46.72,46.84,46.64
113621,46.72,46.76,46.64
113631,46.72,46.96,46.64
113641,46.71,47.03,46.64
113651,46.71,46.90,46.64
113661,46.70,47.10,46.64
113671,46.71,46.77,46.64
113681,46.71,46.79,46.64
113691,46.71,46.93,46.64
113701,46.70,46.96,46.64
113711,46.70,47.03,46.64
113721,46.70,46.85,46.64
113731,46.70,46.82,46.64
113741,46.70,46.85,46.64
113751,46.71,46.70,46.64
113761,46.70,46.98,46.64
113771,46.70,47.03,46.64
113781,46.70,46.90,46.64
113791,46.70,46.86,46.64
113801,46.71,46.70,46.64
113811,46.70,46.95,46.64
113821,46.70,46.88,46.64
113831,46.70,46.92,46.64
113841,46.69,47.01,46.64
113851,46.70,46.71,46.64
113861,46.70,46.84,46.64
113871,46.71,46.70,46.64
113881,46.71,46.89,46.64
113891,46.70,47.05,46.64
113901,46.70,46.84,46.64
113911,46.69,47.06,46.64
113921,46.70,46.75,46.64
113931,46.71,46.69,46.64
113941,46.71,46.90,46.64
113951,46.71,46.83,46.64
113961,46.70,46.99,46.64
113971,46.70,46.88,46.64
113981,46.70,46.85,46.64
113991,46.70,46.89,46.64
114001,46.71,46.63,46.64
114011,46.71,46.95,46.64
114021,46.71,46.94,46.64
114031,46.70,46.91,46.64
114041,46.70,46.98,46.64
114051,46.70,46.77,46.64
114061,46.70,46.88,46.64
114071,46.70,46.85,46.64
114081,46.70,46.90,46.64
114091,46.69,47.11,46.64
114101,46.69,46.80,46.64
114111,46.69,46.89,46.64
114121,46.69,46.88,46.64
114131,46.70,46.69,46.64
114141,46.70,46.97,46.64
114151,46.69,46.98,46.64
114161,46.69,46.91,46.64
114171,46.69,46.78,46.64
114181,46.70,46.66,46.64
114191,46.69,47.07,46.64
114201,46.69,46.91,46.64
114211,46.69,46.84,46.64
114221,46.69,46.90,46.64
114231,46.70,46.64,46.64
114241,46.70,46.87,46.64
114251,46.70,46.94,46.64
114261,46.69,46.95,46.64
114271,46.69,46.86,46.64
114281,46.70,46.73,46.64
114291,46.70,46.86,46.64
114301,46.70,46.87,46.64
114311,46.70,46.89,46.64
114321,46.69,46.98,46.64
114331,46.70,46.71,46.64
114341,46.70,46.74,46.64
114351,46.70,47.02,46.64
114361,46.70,46.84,46.64
114371,46.69,47.03,46.64
114381,46.69,46.88,46.64
114391,46.70,46.69,46.64
114401,46.69,46.96,46.64
114411,46.69,46.91,46.64
114421,46.69,46.92,46.64
114431,46.69,46.87,46.64
114441,46.69,46.75,46.64
114451,46.69,46.89,46.64
114461,46.69,46.87,46.64
114471,46.68,47.07,46.64
114481,46.68,46.86,46.64
114491,46.69,46.61,46.64
114501,46.69,46.90,46.64
114511,46.69,46.90,46.64
114521,46.69,46.71,46.64
114531,46.68,47.06,46.64
114541,46.69,46.82,46.64
114551,46.68,46.88,46.64
114561,46.69,46.85,46.64
114571,46.69,46.79,46.64
114581,46.68,46.96,46.64
114591,46.69,46.80,46.64
114601,46.69,46.87,46.64
114611,46.69,46.80,46.64
114621,46.70,46.71,46.64
114631,46.69,46.98,46.64
114641,46.69,46.91,46.64
114651,46.69,46.81,46.64
114661,46.68,46.93,46.64
114671,46.68,46.86,46.64
114681,46.68,46.96,46.64
114691,46.68,46.90,46.64
114701,46.68,46.87,46.64
114711,46.67,46.89,46.64
114721,46.68,46.70,46.64
114731,46.68,46.90,46.64
114741,46.68,46.81,46.64
114751,46.69,46.76,46.64
114761,46.68,47.06,46.64
114771,46.68,46.80,46.64
114781,46.67,47.04,46.64
114791,46.67,46.79,46.64
114801,46.67,46.85,46.64
114811,46.67,46.99,46.64
114821,46.67,46.75,46.64
114831,46.67,46.85,46.64
114841,46.67,46.86,46.64
114851,46.67,46.97,46.64
114861,46.67,46.82,46.64
114871,46.68,46.72,46.64
114881,46.67,47.06,46.64
114891,46.67,46.83,46.64
114901,46.67,46.73,46.64
114911,46.67,46.91,46.64
114921,46.67,46.85,46.64
114931,46.67,46.85,46.64
114941,46.68,46.67,46.64
114951,46.68,46.86,46.64
114961,46.68,46.90,46.64
114971,46.69,46.67,46.64
114981,46.69,46.86,46.64
114991,46.68,46.93,46.64
115001,46.68,46.84,46.64
115011,46.68,46.88,46.64
115021,46.69,46.73,46.64
115031,46.68,47.00,46.64
115041,46.69,46.69,46.64
115051,46.69,46.79,46.64
115061,46.68,47.00,46.64
115071,46.68,46.82,46.64
115081,46.68,46.84,46.64
115091,46.69,46.72,46.64
115101,46.69,46.83,46.64
115111,46.68,46.99,46.64
115121,46.69,46.76,46.64
115131,46.68,47.08,46.64
115141,46.67,46.88,46.64
115151,46.68,46.76,46.64
115161,46.67,46.94,46.64
115171,46.68,46.77,46.64
115181,46.67,47.00,46.64
115191,46.67,46.89,46.64
115201,46.67,46.86,46.64
115211,46.67,46.90,46.64
115221,46.67,46.68,46.64
115231,46.67,46.94,46.64
115241,46.67,46.78,46.64
115251,46.68,46.77,46.64
115261,46.67,46.97,46.64
115271,46.67,46.82,46.64
115281,46.67,46.89,46.64
115291,46.67,46.73,46.64
115301,46.68,46.84,46.64
115311,46.67,47.01,46.64
115321,46.67,46.71,46.64
115331,46.67,46.85,46.64
115341,46.67,46.84,46.64
115351,46.68,46.76,46.64
115361,46.68,46.89,46.64
115371,46.68,46.73,46.64
115381,46.67,47.02,46.64
115391,46.67,46.87,46.64
115401,46.68,46.70,46.64
115411,46.67,47.03,46.64
115421,46.67,46.78,46.64
115431,46.67,46.83,46.64
115441,46.68,46.77,46.64
115451,46.68,46.72,46.64
115461,46.67,47.00,46.64
115471,46.68,46.78,46.64
115481,46.67,46.89,46.64
115491,46.68,46.80,46.64
115501,46.68,46.74,46.64
115511,46.67,47.01,46.64
115521,46.68,46.75,46.64
115531,46.67,47.01,46.64
115541,46.66,46.98,46.64
115551,46.66,46.88,46.64
115561,46.66,46.82,46.64
115571,46.67,46.71,46.64
115581,46.66,47.05,46.64
115591,46.65,46.99,46.64
115601,46.65,46.94,46.64
115611,46.64,47.02,46.64
115621,46.64,46.75,46.64
115631,46.65,46.85,46.64
115641,46.65,46.79,46.64
115651,46.65,46.76,46.64
115661,46.65,46.98,46.64
115671,46.65,46.76,46.64
115681,46.65,46.89,46.64
115691,46.65,46.87,46.64
115701,46.66,46.68,46.64
115711,46.65,47.02,46.64
115721,46.66,46.72,46.64
115731,46.65,46.95,46.64
115741,46.66,46.75,46.64
115751,46.66,46.73,46.64
115761,46.66,46.89,46.64
115771,46.67,46.71,46.64
115781,46.66,46.94,46.64
115791,46.66,46.89,46.64
115801,46.66,46.80,46.64
115811,46.65,46.97,46.64
115821,46.66,46.79,46.64
115831,46.66,46.86,46.64
115841,46.66,46.84,46.64
115851,46.66,46.85,46.64
115861,46.65,47.01,46.64
115871,46.66,46.71,46.64
115881,46.66,46.72,46.64
115891,46.66,46.81,46.64
115901,46.66,46.85,46.64
115911,46.66,46.96,46.64
115921,46.66,46.75,46.64
115931,46.66,46.90,46.64
115941,46.67,46.68,46.64
115951,46.67,46.82,46.64
115961,46.66,46.92,46.64
115971,46.66,46.83,46.64
115981,46.66,46.92,46.64
115991,46.66,46.78,46.64
116001,46.66,46.97,46.64
116011,46.66,51.92,55.61
116021,46.67,52.06,55.61
116031,46.65,52.45,55.61
116041,46.66,52.21,55.61
116051,46.65,52.52,55.61
116061,46.65,52.21,55.61
116071,46.66,52.29,55.61
116081,46.68,52.18,55.61
116091,46.69,52.24,55.61
116101,46.71,52.20,55.61
116111,46.74,52.06,55.61
116121,46.77,51.96,55.61
116131,46.80,52.06,55.61
116141,46.85,51.72,55.61
116151,46.90,51.85,55.61
116161,46.96,51.63,55.61
116171,47.03,51.42,55.61
116181,47.09,51.52,55.61
116191,47.16,51.39,55.61
116201,47.25,51.12,55.61
116211,47.32,51.38,55.61
116221,47.42,50.90,55.61
116231,47.52,50.85,55.61
116241,47.62,50.87,55.61
116251,47.72,50.76,55.61
116261,47.84,50.49,55.61
116271,47.95,50.58,55.61
116281,48.08,50.28,55.61
116291,48.20,50.26,55.61
116301,48.33,50.20,55.61
116311,48.47,49.92,55.61
116321,48.61,49.92,55.61
116331,48.75,49.84,55.61
116341,48.89,49.61,55.61
116351,49.04,49.74,55.61
116361,49.20,49.30,55.61
116371,49.35,49.44,55.61
116381,49.50,49.28,55.61
116391,49.66,49.18,55.61
116401,49.82,49.18,55.61
116411,49.99,48.86,55.61
116421,50.15,48.89,55.61
116431,50.32,48.78,55.61
116441,50.49,48.77,55.61
116451,50.65,48.76,55.61
116461,50.82,48.58,55.61
116471,50.97,48.75,55.61
116481,51.14,48.58,55.61
116491,51.30,48.48,55.61
116501,51.45,48.57,55.61
116511,51.62,48.36,55.61
116521,51.77,48.44,55.61
116531,51.93,48.29,55.61
116541,52.08,48.44,55.61
116551,52.24,48.21,55.61
116561,52.39,48.40,55.61
116571,52.55,48.01,55.61
116581,52.69,48.28,55.61
116591,52.84,48.18,55.61
116601,52.98,48.29,55.61
116611,53.12,48.11,55.61
116621,53.25,48.23,55.61
116631,53.39,48.12,55.61
116641,53.51,48.33,55.61
116651,53.63,48.27,55.61
116661,53.74,48.47,55.61
116671,53.86,48.22,55.61
116681,53.98,48.34,55.61
116691,54.09,48.23,55.61
116701,54.19,48.46,55.61
116711,54.29,48.35,55.61
116721,54.38,48.57,55.61
116731,54.48,48.43,55.61
116741,54.56,48.58,55.61
116751,54.65,48.45,55.61
116761,54.73,48.58,55.61
116771,54.81,48.52,55.61
116781,54.88,48.73,55.61
116791,54.96,48.62,55.61
116801,55.01,48.91,55.61
116811,55.08,48.71,55.61
116821,55.13,49.02,55.61
116831,55.19,48.81,55.61
116841,55.23,49.03,55.61
116851,55.28,49.03,55.61
116861,55.31,49.24,55.61
116871,55.35,49.13,55.61
116881,55.38,49.23,55.61
116891,55.41,49.19,55.61
116901,55.44,49.23,55.61
116911,55.46,49.33,55.61
116921,55.48,49.44,55.61
116931,55.50,49.45,55.61
116941,55.51,49.50,55.61
116951,55.52,49.69,55.61
116961,55.52,49.80,55.61
116971,55.52,49.68,55.61
116981,55.52,49.82,55.61
116991,55.51,50.01,55.61
117001,55.51,49.89,55.61
117011,55.50,49.84,55.61
117021,55.50,49.97,55.61
117031,55.48,50.08,55.61
117041,55.48,49.88,55.61
117051,55.47,49.94,55.61
117061,55.45,50.22,55.61
117071,55.45,50.01,55.61
117081,55.44,50.02,55.61
117091,55.42,50.10,55.61
117101,55.42,49.87,55.61
117111,55.42,49.89,55.61
117121,55.42,49.88,55.61
117131,55.42,49.88,55.61
117141,55.42,49.88,55.61
117151,55.41,49.98,55.61
117161,55.41,49.90,55.61
117171,55.41,49.94,55.61
117181,55.42,49.74,55.61
117191,55.41,49.99,55.61
117201,55.41,49.78,55.61
117211,55.41,49.87,55.61
117221,55.42,49.74,55.61
117231,55.43,49.71,55.61
117241,55.42,49.95,55.61
117251,55.43,49.75,55.61
117261,55.44,49.73,55.61
117271,55.44,49.80,55.61
117281,55.44,49.92,55.61
117291,55.44,49.73,55.61
117301,55.45,49.76,55.61
117311,55.45,49.82,55.61
117321,55.46,49.76,55.61
117331,55.45,49.99,55.61
117341,55.46,49.77,55.61
117351,55.45,50.02,55.61
117361,55.44,49.97,55.61
117371,55.45,49.70,55.61
117381,55.45,49.96,55.61
117391,55.45,49.82,55.61
117401,55.45,50.00,55.61
117411,55.44,49.96,55.61
117421,55.44,49.90,55.61
117431,55.43,50.00,55.61
117441,55.43,49.95,55.61
117451,55.43,50.03,55.61
117461,55.42,49.93,55.61
117471,55.42,49.93,55.61
117481,55.42,49.90,55.61
117491,55.43,49.82,55.61
117501,55.43,49.84,55.61
117511,55.44,49.74,55.61
117521,55.44,49.94,55.61
117531,55.44,49.71,55.61
117541,55.45,49.68,55.61
117551,55.46,49.87,55.61
117561,55.47,49.63,55.61
117571,55.47,49.83,55.61
117581,55.48,49.63,55.61
117591,55.49,49.78,55.61
117601,55.49,49.80,55.61
117611,55.51,49.57,55.61
117621,55.50,49.94,55.61
117631,55.51,49.67,55.61
117641,55.52,49.81,55.61
117651,55.52,49.75,55.61
117661,55.53,49.72,55.61
117671,55.52,50.00,55.61
117681,55.53,49.73,55.61
117691,55.52,49.90,55.61
117701,55.52,49.93,55.61
117711,55.53,49.74,55.61
117721,55.53,49.87,55.61
117731,55.53,49.74,55.61
117741,55.53,49.83,55.61
117751,55.53,49.88,55.61
117761,55.53,49.83,55.61
117771,55.53,49.97,55.61
117781,55.53,49.82,55.61
117791,55.53,49.84,55.61
117801,55.53,49.85,55.61
117811,55.53,49.91,55.61
117821,55.53,49.85,55.61
117831,55.53,49.89,55.61
117841,55.52,49.98,55.61
117851,55.52,49.87,55.61
117861,55.52,49.87,55.61
117871,55.52,49.96,55.61
117881,55.52,49.91,55.61
117891,55.52,49.77,55.61
117901,55.52,49.84,55.61
117911,55.52,49.93,55.61
117921,55.53,49.77,55.61
117931,55.53,49.84,55.61
117941,55.53,49.91,55.61
117951,55.53,49.86,55.61
117961,55.53,49.77,55.61
117971,55.53,49.88,55.61
117981,55.53,49.95,55.61
117991,55.53,49.91,55.61
118001,55.53,49.87,55.61
118011,55.52,50.03,55.61
118021,55.51,50.00,55.61
118031,55.51,49.85,55.61
118041,55.51,49.99,55.61
118051,55.51,49.90,55.61
118061,55.51,49.85,55.61
118071,55.51,49.97,55.61
118081,55.51,49.89,55.61
118091,55.50,49.99,55.61
118101,55.50,49.83,55.61
118111,55.50,49.95,55.61
118121,55.50,49.95,55.61
118131,55.50,49.80,55.61
118141,55.50,50.01,55.61
118151,55.50,49.88,55.61
118161,55.50,49.88,55.61
118171,55.50,49.93,55.61
118181,55.50,49.93,55.61
118191,55.50,49.89,55.61
118201,55.50,49.84,55.61
118211,55.49,50.12,55.61
118221,55.50,49.83,55.61
118231,55.50,49.89,55.61
118241,55.49,50.04,55.61
118251,55.49,49.88,55.61
118261,55.50,49.82,55.61
118271,55.49,49.99,55.61
118281,55.50,49.82,55.61
118291,55.50,49.87,55.61
118301,55.49,50.18,55.61
118311,55.50,49.67,55.61
118321,55.50,49.99,55.61
118331,55.50,49.86,55.61
118341,55.50,49.83,55.61
118351,55.50,49.97,55.61
118361,55.51,49.74,55.61
118371,55.51,49.94,55.61
118381,55.52,49.64,55.61
118391,55.52,49.88,55.61
118401,55.52,49.85,55.61
118411,55.53,49.70,55.61
118421,55.54,49.87,55.61
118431,55.55,49.64,55.61
118441,55.55,49.86,55.61
118451,55.56,49.76,55.61
118461,55.56,49.72,55.61
118471,55.57,49.85,55.61
118481,55.58,49.60,55.61
118491,55.58,49.91,55.61
118501,55.58,49.90,55.61
118511,55.58,49.76,55.61
118521,55.58,49.92,55.61
118531,55.59,49.74,55.61
118541,55.58,49.96,55.61
118551,55.59,49.78,55.61
118561,55.60,49.69,55.61
118571,55.59,50.03,55.61
118581,55.60,49.70,55.61
118591,55.60,49.82,55.61
118601,55.60,49.83,55.61
118611,55.60,49.80,55.61
118621,55.60,49.86,55.61
118631,55.61,49.71,55.61
118641,55.61,49.92,55.61
118651,55.61,49.85,55.61
118661,55.61,49.81,55.61
118671,55.61,49.82,55.61
118681,55.61,49.96,55.61
118691,55.61,49.85,55.61
118701,55.61,49.80,55.61
118711,55.61,49.89,55.61
118721,55.61,49.83,55.61
118731,55.61,49.97,55.61
118741,55.61,49.84,55.61
118751,55.61,49.88,55.61
118761,55.60,50.09,55.61
118771,55.60,49.79,55.61
118781,55.59,50.04,55.61
118791,55.59,49.95,55.61
118801,55.59,49.86,55.61
118811,55.58,50.12,55.61
118821,55.58,49.78,55.61
118831,55.57,50.07,55.61
118841,55.57,49.92,55.61
118851,55.57,49.83,55.61
118861,55.57,50.05,55.61
118871,55.57,49.86,55.61
118881,55.56,50.05,55.61
118891,55.56,49.89,55.61
118901,55.56,49.94,55.61
118911,55.55,49.99,55.61
118921,55.56,49.76,55.61
118931,55.55,50.00,55.61
118941,55.55,49.93,55.61
118951,55.55,49.86,55.61
118961,55.56,49.88,55.61
118971,55.56,49.79,55.61
118981,55.56,49.96,55.61
118991,55.56,49.76,55.61
119001,55.57,49.86,55.61
119011,55.57,49.90,55.61
119021,55.57,49.75,55.61
119031,55.57,50.00,55.61
119041,55.57,49.89,55.61
119051,55.57,49.87,55.61
119061,55.57,49.86,55.61
119071,55.57,49.91,55.61
119081,55.56,50.04,55.61
119091,55.57,49.72,55.61
119101,55.57,49.96,55.61
119111,55.56,50.00,55.61
119121,55.56,49.99,55.61
119131,55.55,49.97,55.61
119141,55.55,49.90,55.61
119151,55.54,50.10,55.61
119161,55.54,49.98,55.61
119171,55.55,49.73,55.61
119181,55.55,49.95,55.61
119191,55.55,49.77,55.61
119201,55.55,49.97,55.61
119211,55.55,49.98,55.61
119221,55.55,49.97,55.61
119231,55.54,49.97,55.61
119241,55.54,49.90,55.61
119251,55.53,50.10,55.61
119261,55.54,49.82,55.61
119271,55.54,49.82,55.61
119281,55.54,50.05,55.61
119291,55.54,49.77,55.61
119301,55.54,50.05,55.61
119311,55.54,49.92,55.61
119321,55.54,49.89,55.61
119331,55.54,49.83,55.61
119341,55.55,49.77,55.61
119351,55.55,49.94,55.61
119361,55.55,49.91,55.61
119371,55.56,49.67,55.61
119381,55.56,49.99,55.61
119391,55.56,49.85,55.61
119401,55.56,49.91,55.61
119411,55.56,49.93,55.61
119421,55.56,49.92,55.61
119431,55.56,49.80,55.61
119441,55.56,49.91,55.61
119451,55.56,50.00,55.61
119461,55.56,49.84,55.61
119471,55.56,50.02,55.61
119481,55.56,49.81,55.61
119491,55.57,49.88,55.61
119501,55.57,49.85,55.61
119511,55.57,49.94,55.61
119521,55.55,50.16,55.61
119531,55.56,49.78,55.61
119541,55.55,50.09,55.61
119551,55.55,49.89,55.61
119561,55.56,49.86,55.61
119571,55.55,50.05,55.61
119581,55.55,49.87,55.61
119591,55.55,50.09,55.61
119601,55.55,49.82,55.61
119611,55.56,49.79,55.61
119621,55.56,49.85,55.61
119631,55.56,49.88,55.61
119641,55.55,50.11,55.61
119651,55.56,49.83,55.61
119661,55.56,49.97,55.61
119671,55.55,50.06,55.61
119681,55.56,49.75,55.61
119691,55.56,49.82,55.61
119701,55.57,49.81,55.61
119711,55.57,49.79,55.61
119721,55.58,49.88,55.61
119731,55.58,49.88,55.61
119741,55.57,49.97,55.61
119751,55.58,49.88,55.61
119761,55.58,49.89,55.61
119771,55.57,50.04,55.61
119781,55.57,49.88,55.61
119791,55.58,49.86,55.61
119801,55.58,49.88,55.61
119811,55.58,49.81,55.61
119821,55.58,49.91,55.61
119831,55.59,49.81,55.61
119841,55.58,50.07,55.61
119851,55.58,49.94,55.61
119861,55.58,49.99,55.61
119871,55.57,50.05,55.61
119881,55.57,49.89,55.61
119891,55.57,49.96,55.61
119901,55.56,49.99,55.61
119911,55.56,49.95,55.61
119921,55.56,49.95,55.61
119931,55.57,49.82,55.61
119941,55.56,50.03,55.61
119951,55.56,49.88,55.61
119961,55.57,49.88,55.61
119971,55.56,50.03,55.61
119981,55.57,49.78,55.61
119991,55.56,50.03,55.61
120001,55.56,49.91,55.61
120011,55.57,69.02,88.52
120021,55.57,69.30,88.52
120031,55.57,69.44,88.52
120041,55.56,69.96,88.52
120051,55.56,69.96,88.52
120061,55.57,70.13,88.52
120071,55.57,70.43,88.52
120081,55.57,70.60,88.52
120091,55.62,69.71,88.52
120101,55.73,68.80,88.52
120111,55.80,69.79,88.52
120121,55.91,69.12,88.52
120131,56.09,67.76,88.52
120141,56.22,69.02,88.52
120151,56.48,66.42,88.52
120161,56.67,68.00,88.52
120171,56.99,65.28,88.52
120181,57.27,66.21,88.52
120191,57.64,64.47,88.52
120201,58.03,63.78,88.52
120211,58.41,64.19,88.52
120221,58.92,61.58,88.52
120231,59.34,63.03,88.52
120241,59.92,59.92,88.52
120251,60.41,61.63,88.52
120261,61.05,58.39,88.52
120271,61.62,59.50,88.52
120281,62.25,58.28,88.52
120291,62.99,55.74,88.52
120301,63.63,57.62,88.52
120311,64.36,55.47,88.52
120321,65.15,54.08,88.52
120331,65.88,54.92,88.52
120341,66.62,54.50,88.52
120351,67.41,53.20,88.52
120361,68.23,52.20,88.52
120371,69.05,51.86,88.52
120381,69.87,51.49,88.52
120391,70.70,51.03,88.52
120401,71.52,50.66,88.52
120411,72.36,50.20,88.52
120421,73.19,49.79,88.52
120431,74.02,49.37,88.52
120441,74.86,49.04,88.52
120451,75.68,48.81,88.52
120461,76.51,48.39,88.52
120471,77.32,48.18,88.52
120481,78.13,47.94,88.52
120491,78.94,47.48,88.52
120501,79.75,47.06,88.52
120511,80.57,46.52,88.52
120521,81.36,46.70,88.52
120531,82.13,46.69,88.52
120541,82.90,46.11,88.52
120551,83.65,46.39,88.52
120561,84.40,45.90,88.52
120571,85.12,46.07,88.52
120581,85.82,45.98,88.52
120591,86.50,46.07,88.52
120601,87.16,46.07,88.52
120611,87.81,46.11,88.52
120621,88.44,45.94,88.52
120631,89.06,45.93,88.52
120641,89.65,46.10,88.52
120651,90.21,46.16,88.52
120661,90.77,46.14,88.52
120671,91.29,46.46,88.52
120681,91.82,45.99,88.52
120691,92.30,46.72,88.52
120701,92.78,46.30,88.52
120711,93.22,46.80,88.52
120721,93.65,46.81,88.52
120731,94.07,46.73,88.52
120741,94.45,47.26,88.52
120751,94.83,46.99,88.52
120761,95.17,47.59,88.52
120771,95.50,47.47,88.52
120781,95.81,47.73,88.52
120791,96.09,48.05,88.52
120801,96.37,48.02,88.52
120811,96.60,48.57,88.52
120821,96.84,48.37,88.52
120831,97.04,48.93,88.52
120841,97.23,48.89,88.52
120851,97.40,49.27,88.52
120861,97.55,49.37,88.52
120871,97.68,49.65,88.52
120881,97.79,50.06,88.52
120891,97.90,49.98,88.52
120901,97.96,50.62,88.52
120911,98.03,50.41,88.52
120921,98.07,50.98,88.52
120931,98.11,50.95,88.52
120941,98.12,51.46,88.52
120951,98.11,51.71,88.52
120961,98.11,51.60,88.52
120971,98.07,52.18,88.52
120981,98.05,51.89,88.52
120991,98.00,52.28,88.52
121001,97.94,52.49,88.52
121011,97.90,52.22,88.52
121021,97.82,52.82,88.52
121031,97.76,52.42,88.52
121041,97.70,52.42,88.52
121051,97.62,52.91,88.52
121061,97.54,52.76,88.52
121071,97.48,52.51,88.52
121081,97.39,52.81,88.52
121091,97.30,53.05,88.52
121101,97.23,52.62,88.52
121111,97.16,52.54,88.52
121121,97.07,52.95,88.52
121131,96.97,53.12,88.52
121141,96.89,52.64,88.52
121151,96.82,52.53,88.52
121161,96.73,52.88,88.52
121171,96.64,52.86,88.52
121181,96.57,52.59,88.52
121191,96.49,52.57,88.52
121201,96.40,53.02,88.52
121211,96.30,53.05,88.52
121221,96.22,52.57,88.52
121231,96.15,52.48,88.52
121241,96.06,52.87,88.52
121251,95.97,52.92,88.52
121261,95.89,52.61,88.52
121271,95.82,52.54,88.52
121281,95.73,52.83,88.52
121291,95.64,53.00,88.52
121301,95.56,52.60,88.52
121311,95.49,52.41,88.52
121321,95.41,52.75,88.52
121331,95.32,52.92,88.52
121341,95.23,52.71,88.52
121351,95.17,52.42,88.52
121361,95.08,52.76,88.52
121371,94.99,52.94,88.52
121381,94.91,52.74,88.52
121391,94.84,52.49,88.52
121401,94.76,52.57,88.52
121411,94.67,52.87,88.52
121421,94.60,52.69,88.52
121431,94.53,52.36,88.52
121441,94.45,52.71,88.52
121451,94.37,52.77,88.52
121461,94.30,52.52,88.52
121471,94.23,52.44,88.52
121481,94.15,52.72,88.52
121491,94.07,52.85,88.52
121501,94.00,52.57,88.52
121511,93.93,52.53,88.52
121521,93.85,52.83,88.52
121531,93.76,52.94,88.52
121541,93.68,52.66,88.52
121551,93.61,52.59,88.52
121561,93.53,52.89,88.52
121571,93.45,52.84,88.52
121581,93.37,52.90,88.52
121591,93.29,52.67,88.52
121601,93.22,52.64,88.52
121611,93.15,52.84,88.52
121621,93.06,52.96,88.52
121631,92.98,52.85,88.52
121641,92.90,53.05,88.52
121651,92.83,52.70,88.52
121661,92.77,52.54,88.52
121671,92.70,52.85,88.52
121681,92.61,53.00,88.52
121691,92.54,52.79,88.52
121701,92.49,52.55,88.52
121711,92.42,52.82,88.52
121721,92.34,53.03,88.52
121731,92.27,52.87,88.52
121741,92.21,52.63,88.52
121751,92.14,52.88,88.52
121761,92.06,53.11,88.52
121771,91.99,52.86,88.52
121781,91.93,52.69,88.52
121791,91.86,52.94,88.52
121801,91.78,53.19,88.52
121811,91.71,52.95,88.52
121821,91.66,52.68,88.52
121831,91.58,53.09,88.52
121841,91.50,53.24,88.52
121851,91.44,52.91,88.52
121861,91.38,52.77,88.52
121871,91.31,53.16,88.52
121881,91.23,53.27,88.52
121891,91.17,52.99,88.52
121901,91.12,52.79,88.52
121911,91.06,53.03,88.52
121921,90.98,53.38,88.52
121931,90.92,53.04,88.52
121941,90.86,52.91,88.52
121951,90.80,53.21,88.52
121961,90.72,53.38,88.52
121971,90.65,53.25,88.52
121981,90.60,52.98,88.52
121991,90.55,53.05,88.52
122001,90.47,53.44,88.52
122011,90.41,53.32,88.52
122021,90.36,52.99,88.52
122031,90.31,53.02,88.52
122041,90.25,53.31,88.52
122051,90.18,53.36,88.52
122061,90.13,53.09,88.52
122071,90.09,53.01,88.52
122081,90.04,53.15,88.52
122091,89.98,53.43,88.52
122101,89.92,53.26,88.52
122111,89.89,52.91,88.52
122121,89.84,53.11,88.52
122131,89.78,53.44,88.52
122141,89.72,53.43,88.52
122151,89.68,53.15,88.52
122161,89.64,52.99,88.52
122171,89.60,53.26,88.52
122181,89.55,53.31,88.52
122191,89.51,53.03,88.52
122201,89.48,52.95,88.52
122211,89.44,53.18,88.52
122221,89.40,53.36,88.52
122231,89.35,53.33,88.52
122241,89.33,52.88,88.52
122251,89.31,52.85,88.52
122261,89.26,53.35,88.52
122271,89.23,53.12,88.52
122281,89.21,52.95,88.52
122291,89.18,52.99,88.52
122301,89.15,53.12,88.52
122311,89.11,53.31,88.52
122321,89.08,53.06,88.52
122331,89.07,52.86,88.52
122341,89.04,53.08,88.52
122351,89.01,53.27,88.52
122361,88.99,52.96,88.52
122371,88.98,52.78,88.52
122381,88.97,52.78,88.52
122391,88.94,53.10,88.52
122401,88.92,53.04,88.52
122411,88.91,52.72,88.52
122421,88.90,52.96,88.52
122431,88.87,53.14,88.52
122441,88.85,53.06,88.52
122451,88.84,52.88,88.52
122461,88.83,52.77,88.52
122471,88.81,53.06,88.52
122481,88.79,53.01,88.52
122491,88.79,52.76,88.52
122501,88.78,52.75,88.52
122511,88.76,53.08,88.52
122521,88.74,53.06,88.52
122531,88.74,52.80,88.52
122541,88.74,52.72,88.52
122551,88.73,52.75,88.52
122561,88.72,52.96,88.52
122571,88.71,52.82,88.52
122581,88.71,52.70,88.52
122591,88.69,53.05,88.52
122601,88.68,52.93,88.52
122611,88.68,52.78,88.52
122621,88.68,52.65,88.52
122631,88.67,52.88,88.52
122641,88.66,52.88,88.52
122651,88.66,52.78,88.52
122661,88.66,52.63,88.52
122671,88.65,52.97,88.52
122681,88.64,52.98,88.52
122691,88.64,52.72,88.52
122701,88.65,52.58,88.52
122711,88.64,52.77,88.52
122721,88.63,52.91,88.52
122731,88.63,52.84,88.52
122741,88.63,52.70,88.52
122751,88.64,52.48,88.52
122761,88.64,52.72,88.52
122771,88.63,52.85,88.52
122781,88.63,52.72,88.52
122791,88.62,53.02,88.52
122801,88.62,52.79,88.52
122811,88.62,52.54,88.52
122821,88.63,52.67,88.52
122831,88.63,52.75,88.52
122841,88.63,52.63,88.52
122851,88.64,52.48,88.52
122861,88.64,52.81,88.52
122871,88.62,52.96,88.52
122881,88.63,52.55,88.52
122891,88.65,52.36,88.52
122901,88.64,52.93,88.52
122911,88.63,52.91,88.52
122921,88.64,52.51,88.52
122931,88.64,52.59,88.52
122941,88.63,52.93,88.52
122951,88.63,52.76,88.52
122961,88.63,52.58,88.52
122971,88.63,52.71,88.52
122981,88.62,52.99,88.52
122991,88.62,52.79,88.52
123001,88.63,52.49,88.52
123011,88.63,52.69,88.52
123021,88.62,52.97,88.52
123031,88.61,52.78,88.52
123041,88.62,52.54,88.52
123051,88.62,52.75,88.52
123061,88.61,52.89,88.52
123071,88.60,52.83,88.52
123081,88.61,52.67,88.52
123091,88.60,52.88,88.52
123101,88.58,52.99,88.52
123111,88.58,52.71,88.52
123121,88.60,52.48,88.52
123131,88.60,52.61,88.52
123141,88.59,53.00,88.52
123151,88.59,52.70,88.52
123161,88.60,52.52,88.52
123171,88.60,52.72,88.52
123181,88.59,52.79,88.52
123191,88.60,52.66,88.52
123201,88.61,52.41,88.52
123211,88.61,52.79,88.52
123221,88.59,53.00,88.52
123231,88.59,52.70,88.52
123241,88.60,52.49,88.52
123251,88.60,52.79,88.52
123261,88.58,53.02,88.52
123271,88.58,52.82,88.52
123281,88.59,52.54,88.52
123291,88.58,52.90,88.52
123301,88.56,53.05,88.52
123311,88.57,52.62,88.52
123321,88.57,52.56,88.52
123331,88.57,52.83,88.52
123341,88.56,52.97,88.52
123351,88.56,52.68,88.52
123361,88.57,52.47,88.52
123371,88.57,52.82,88.52
123381,88.56,52.93,88.52
123391,88.56,52.63,88.52
123401,88.57,52.51,88.52
123411,88.57,52.81,88.52
123421,88.55,52.98,88.52
123431,88.56,52.63,88.52
123441,88.56,52.65,88.52
123451,88.56,52.81,88.52
123461,88.55,52.99,88.52
123471,88.55,52.60,88.52
123481,88.56,52.62,88.52
123491,88.55,52.95,88.52
123501,88.54,52.94,88.52
123511,88.53,52.76,88.52
123521,88.54,52.62,88.52
123531,88.53,52.84,88.52
123541,88.52,53.00,88.52
123551,88.53,52.65,88.52
123561,88.53,52.62,88.52
123571,88.52,52.92,88.52
123581,88.52,52.91,88.52
123591,88.51,52.78,88.52
123601,88.52,52.60,88.52
123611,88.52,52.73,88.52
123621,88.51,53.01,88.52
123631,88.51,52.66,88.52
123641,88.52,52.56,88.52
123651,88.52,52.87,88.52
123661,88.51,52.87,88.52
123671,88.51,52.68,88.52
123681,88.53,52.51,88.52
123691,88.52,52.76,88.52
123701,88.52,52.81,88.52
123711,88.52,52.75,88.52
123721,88.53,52.55,88.52
123731,88.53,52.81,88.52
123741,88.52,52.84,88.52
123751,88.53,52.56,88.52
123761,88.54,52.57,88.52
123771,88.53,52.94,88.52
123781,88.52,52.96,88.52
123791,88.52,52.63,88.52
123801,88.53,52.60,88.52
123811,88.52,52.85,88.52
123821,88.52,52.85,88.52
123831,88.53,52.61,88.52
123841,88.53,52.68,88.52
123851,88.52,52.99,88.52
123861,88.52,52.78,88.52
123871,88.53,52.53,88.52
123881,88.54,52.52,88.52
123891,88.54,52.58,88.52
123901,88.54,52.84,88.52
123911,88.53,52.87,88.52
123921,88.54,52.64,88.52
123931,88.54,52.64,88.52
123941,88.55,52.50,88.52
123951,88.56,52.64,88.52
123961,88.55,52.80,88.52
123971,88.54,52.95,88.52
123981,88.55,52.60,88.52
123991,88.55,52.66,88.52
124001,88.54,53.07,88.52
124011,88.53,18.81,29.97
124021,88.53,18.22,29.97
124031,88.54,17.53,29.97
124041,88.55,17.33,29.97
124051,88.54,17.26,29.97
124061,88.51,17.26,29.97
124071,88.46,17.24,29.97
124081,88.38,17.64,29.97
124091,88.28,17.73,29.97
124101,88.13,18.40,29.97
124111,87.96,18.42,29.97
124121,87.77,18.58,29.97
124131,87.53,19.24,29.97
124141,87.28,19.37,29.97
124151,87.00,19.76,29.97
124161,86.66,20.64,29.97
124171,86.31,20.76,29.97
124181,85.91,21.61,29.97
124191,85.46,22.54,29.97
124201,84.99,22.69,29.97
124211,84.50,23.22,29.97
124221,83.97,23.86,29.97
124231,83.37,25.12,29.97
124241,82.75,25.72,29.97
124251,82.12,25.89,29.97
124261,81.45,26.84,29.97
124271,80.71,28.14,29.97
124281,79.95,28.78,29.97
124291,79.17,29.21,29.97
124301,78.35,30.19,29.97
124311,77.48,31.22,29.97
124321,76.58,32.27,29.97
124331,75.67,32.56,29.97
124341,74.72,33.61,29.97
124351,73.72,35.00,29.97
124361,72.70,35.67,29.97
124371,71.66,36.44,29.97
124381,70.57,37.53,29.97
124391,69.46,38.60,29.97
124401,68.32,39.52,29.97
124411,67.15,40.41,29.97
124421,65.94,41.81,29.97
124431,64.72,42.59,29.97
124441,63.48,43.27,29.97
124451,62.19,44.83,29.97
124461,60.91,45.30,29.97
124471,59.62,45.98,29.97
124481,58.32,46.68,29.97
124491,57.01,47.51,29.97
124501,55.67,48.51,29.97
124511,54.33,49.43,29.97
124521,52.97,50.33,29.97
124531,51.61,51.02,29.97
124541,50.24,51.75,29.97
124551,48.87,52.49,29.97
124561,47.51,52.88,29.97
124571,46.15,53.66,29.97
124581,44.80,54.12,29.97
124591,43.45,54.71,29.97
124601,42.12,55.07,29.97
124611,40.81,55.35,29.97
124621,39.52,55.69,29.97
124631,38.25,55.91,29.97
124641,36.98,56.67,29.97
124651,35.74,56.62,29.97
124661,34.54,56.65,29.97
124671,33.37,56.62,29.97
124681,32.21,56.96,29.97
124691,31.08,57.10,29.97
124701,29.97,57.38,29.97
124711,28.89,57.26,29.97
124721,27.86,56.93,29.97
124731,26.87,56.73,29.97
124741,25.93,56.38,29.97
124751,25.03,56.15,29.97
124761,24.16,55.89,29.97
124771,23.34,55.68,29.97
124781,22.54,55.48,29.97
124791,21.80,55.06,29.97
124801,21.09,54.81,29.97
124811,20.41,54.51,29.97
124821,19.77,54.41,29.97
124831,19.16,54.00,29.97
124841,18.62,53.01,29.97
124851,18.13,52.45,29.97
124861,17.69,51.85,29.97
124871,17.29,51.35,29.97
124881,16.93,50.65,29.97
124891,16.63,49.86,29.97
124901,16.37,49.41,29.97
124911,16.12,49.31,29.97
124921,15.90,48.87,29.97
124931,15.73,48.23,29.97
124941,15.61,47.28,29.97
124951,15.53,46.77,29.97
124961,15.45,46.67,29.97
124971,15.42,46.00,29.97
124981,15.42,45.31,29.97
124991,15.45,44.92,29.97
125001,15.50,44.49,29.97
125011,15.60,43.70,29.97
125021,15.70,43.46,29.97
125031,15.86,42.60,29.97
125041,16.03,42.09,29.97
125051,16.23,41.73,29.97
125061,16.43,41.54,29.97
125071,16.68,40.54,29.97
125081,16.93,40.47,29.97
125091,17.20,39.90,29.97
125101,17.50,39.40,29.97
125111,17.81,38.95,29.97
125121,18.12,38.84,29.97
125131,18.44,38.74,29.97
125141,18.77,38.17,29.97
125151,19.13,37.57,29.97
125161,19.51,36.90,29.97
125171,19.91,36.59,29.97
125181,20.30,36.45,29.97
125191,20.70,35.98,29.97
125201,21.12,35.57,29.97
125211,21.55,35.21,29.97
125221,21.96,35.28,29.97
125231,22.36,35.26,29.97
125241,22.75,35.52,29.97
125251,23.11,35.78,29.97
125261,23.47,35.61,29.97
125271,23.87,34.76,29.97
125281,24.28,34.23,29.97
125291,24.68,34.32,29.97
125301,25.06,34.53,29.97
125311,25.45,34.11,29.97
125321,25.84,33.78,29.97
125331,26.20,34.28,29.97
125341,26.57,34.06,29.97
125351,26.94,33.72,29.97
125361,27.30,33.73,29.97
125371,27.64,34.00,29.97
125381,27.99,33.61,29.97
125391,28.32,33.80,29.97
125401,28.64,33.71,29.97
125411,28.97,33.51,29.97
125421,29.26,33.98,29.97
125431,29.55,33.98,29.97
125441,29.84,33.76,29.97
125451,30.11,33.96,29.97
125461,30.38,33.81,29.97
125471,30.62,34.33,29.97
125481,30.86,34.08,29.97
125491,31.09,34.19,29.97
125501,31.30,34.57,29.97
125511,31.51,34.33,29.97
125521,31.70,34.68,29.97
125531,31.87,34.87,29.97
125541,32.04,34.75,29.97
125551,32.18,35.24,29.97
125561,32.34,34.84,29.97
125571,32.47,35.32,29.97
125581,32.58,35.66,29.97
125591,32.69,35.59,29.97
125601,32.77,36.08,29.97
125611,32.85,35.97,29.97
125621,32.92,36.10,29.97
125631,32.96,36.74,29.97
125641,33.01,36.51,29.97
125651,33.04,36.78,29.97
125661,33.04,37.42,29.97
125671,33.06,37.04,29.97
125681,33.04,37.63,29.97
125691,33.01,37.93,29.97
125701,32.99,37.85,29.97
125711,32.96,37.90,29.97
125721,32.90,38.67,29.97
125731,32.84,38.55,29.97
125741,32.79,38.32,29.97
125751,32.70,39.25,29.97
125761,32.60,39.37,29.97
125771,32.53,39.02,29.97
125781,32.45,39.03,29.97
125791,32.35,39.52,29.97
125801,32.24,39.84,29.97
125811,32.13,39.83,29.97
125821,32.03,39.67,29.97
125831,31.93,39.78,29.97
125841,31.82,40.14,29.97
125851,31.67,40.74,29.97
125861,31.52,40.99,29.97
125871,31.37,40.94,29.97
125881,31.23,40.95,29.97
125891,31.10,40.77,29.97
125901,30.97,40.81,29.97
125911,30.84,40.85,29.97
125921,30.69,41.47,29.97
125931,30.51,42.08,29.97
125941,30.32,42.37,29.97
125951,30.12,42.78,29.97
125961,29.92,42.74,29.97
125971,29.73,42.74,29.97
125981,29.55,42.68,29.97
125991,29.37,42.61,29.97
126001,29.22,42.35,29.97
126011,29.06,42.58,29.97
126021,28.90,42.61,29.97
126031,28.74,42.65,29.97
126041,28.59,42.63,29.97
126051,28.43,42.95,29.97
126061,28.28,42.93,29.97
126071,28.12,43.02,29.97
126081,27.98,42.96,29.97
126091,27.85,42.63,29.97
126101,27.73,42.51,29.97
126111,27.63,42.38,29.97
126121,27.53,42.40,29.97
126131,27.43,42.29,29.97
126141,27.34,42.35,29.97
126151,27.23,42.85,29.97
126161,27.12,42.74,29.97
126171,27.03,42.54,29.97
126181,26.95,42.46,29.97
126191,26.88,42.20,29.97
126201,26.82,42.10,29.97
126211,26.77,41.96,29.97
126221,26.73,41.92,29.97
126231,26.67,42.08,29.97
126241,26.62,42.24,29.97
126251,26.57,42.15,29.97
126261,26.52,42.11,29.97
126271,26.49,41.91,29.97
126281,26.47,41.68,29.97
126291,26.46,41.47,29.97
126301,26.47,41.22,29.97
126311,26.48,41.06,29.97
126321,26.50,41.07,29.97
126331,26.51,41.12,29.97
126341,26.51,41.34,29.97
126351,26.52,41.23,29.97
126361,26.55,41.00,29.97
126371,26.58,40.68,29.97
126381,26.62,40.68,29.97
126391,26.67,40.47,29.97
126401,26.73,40.15,29.97
126411,26.79,40.15,29.97
126421,26.86,40.00,29.97
126431,26.93,40.09,29.97
126441,26.99,40.15,29.97
126451,27.04,40.17,29.97
126461,27.11,40.00,29.97
126471,27.16,40.32,29.97
126481,27.21,40.20,29.97
126491,27.26,40.26,29.97
126501,27.32,40.17,29.97
126511,27.38,40.08,29.97
126521,27.44,40.00,29.97
126531,27.51,39.81,29.97
126541,27.58,39.81,29.97
126551,27.65,39.71,29.97
126561,27.72,39.83,29.97
126571,27.79,39.50,29.97
126581,27.87,39.56,29.97
126591,27.95,39.41,29.97
126601,28.03,39.43,29.97
126611,28.11,39.41,29.97
126621,28.18,39.44,29.97
126631,28.27,39.19,29.97
126641,28.35,39.35,29.97
126651,28.42,39.30,29.97
126661,28.49,39.40,29.97
126671,28.56,39.49,29.97
126681,28.63,39.40,29.97
126691,28.69,39.52,29.97
126701,28.74,39.54,29.97
126711,28.79,39.73,29.97
126721,28.84,39.68,29.97
126731,28.87,39.97,29.97
126741,28.91,39.87,29.97
126751,28.94,40.11,29.97
126761,28.96,40.09,29.97
126771,28.99,40.15,29.97
126781,29.01,40.18,29.97
126791,29.03,40.17,29.97
126801,29.05,40.19,29.97
126811,29.07,40.15,29.97
126821,29.09,40.14,29.97
126831,29.12,39.96,29.97
126841,29.14,40.11,29.97
126851,29.18,39.85,29.97
126861,29.21,39.99,29.97
126871,29.24,39.76,29.97
126881,29.28,39.77,29.97
126891,29.32,39.73,29.97
126901,29.35,39.76,29.97
126911,29.40,39.61,29.97
126921,29.43,39.82,29.97
126931,29.46,39.69,29.97
126941,29.49,39.76,29.97
126951,29.52,39.79,29.97
126961,29.55,39.85,29.97
126971,29.58,39.77,29.97
126981,29.60,39.93,29.97
126991,29.62,39.88,29.97
127001,29.64,40.00,29.97
127011,29.65,40.15,29.97
127021,29.66,40.06,29.97
127031,29.66,40.47,29.97
127041,29.65,40.33,29.97
127051,29.64,40.67,29.97
127061,29.63,40.57,29.97
127071,29.60,40.92,29.97
127081,29.58,40.83,29.97
127091,29.54,41.13,29.97
127101,29.51,41.09,29.97
127111,29.47,41.23,29.97
127121,29.43,41.37,29.97
127131,29.38,41.35,29.97
127141,29.33,41.54,29.97
127151,29.30,41.30,29.97
127161,29.25,41.49,29.97
127171,29.21,41.44,29.97
127181,29.18,41.30,29.97
127191,29.14,41.53,29.97
127201,29.11,41.17,29.97
127211,29.09,41.30,29.97
127221,29.06,41.30,29.97
127231,29.03,41.27,29.97
127241,29.02,41.00,29.97
127251,29.00,41.19,29.97
127261,28.99,41.08,29.97
127271,28.98,41.02,29.97
127281,28.97,40.94,29.97
127291,28.97,40.91,29.97
127301,28.98,40.70,29.97
127311,28.98,40.72,29.97
127321,29.00,40.60,29.97
127331,29.01,40.61,29.97
127341,29.03,40.42,29.97
127351,29.06,40.28,29.97
127361,29.08,40.41,29.97
127371,29.10,40.43,29.97
127381,29.12,40.28,29.97
127391,29.13,40.76,29.97
127401,29.14,40.63,29.97
127411,29.14,40.76,29.97
127421,29.14,40.77,29.97
127431,29.16,40.53,29.97
127441,29.17,40.45,29.97
127451,29.19,40.58,29.97
127461,29.19,40.69,29.97
127471,29.19,40.84,29.97
127481,29.19,40.74,29.97
127491,29.20,40.76,29.97
127501,29.19,41.02,29.97
127511,29.18,41.03,29.97
127521,29.17,41.09,29.97
127531,29.17,40.92,29.97
127541,29.15,41.19,29.97
127551,29.14,41.10,29.97
127561,29.13,41.10,29.97
127571,29.13,40.93,29.97
127581,29.13,40.98,29.97
127591,29.12,41.00,29.97
127601,29.13,40.67,29.97
127611,29.14,40.77,29.97
127621,29.16,40.62,29.97
127631,29.18,40.54,29.97
127641,29.20,40.50,29.97
127651,29.22,40.35,29.97
127661,29.25,40.26,29.97
127671,29.28,40.35,29.97
127681,29.30,40.50,29.97
127691,29.33,40.25,29.97
127701,29.35,40.44,29.97
127711,29.36,40.56,29.97
127721,29.37,40.66,29.97
127731,29.38,40.66,29.97
127741,29.39,40.71,29.97
127751,29.38,40.95,29.97
127761,29.38,40.94,29.97
127771,29.37,41.13,29.97
127781,29.36,40.99,29.97
127791,29.35,41.16,29.97
127801,29.33,41.25,29.97
127811,29.31,41.36,29.97
127821,29.30,41.14,29.97
127831,29.29,41.01,29.97
127841,29.28,41.19,29.97
127851,29.28,41.05,29.97
127861,29.27,41.09,29.97
127871,29.28,40.79,29.97
127881,29.29,40.62,29.97
127891,29.31,40.69,29.97
127901,29.33,40.58,29.97
127911,29.34,40.67,29.97
127921,29.36,40.57,29.97
127931,29.37,40.58,29.97
127941,29.39,40.67,29.97
127951,29.40,40.75,29.97
127961,29.40,40.90,29.97
127971,29.40,40.83,29.97
127981,29.40,41.03,29.97
127991,29.39,41.20,29.97
128001,29.38,41.09,29.97
128011,29.36,59.65,61.42
128021,29.35,59.73,61.42
128031,29.33,60.04,61.42
128041,29.34,59.79,61.42
128051,29.35,60.03,61.42
128061,29.36,60.14,61.42
128071,29.37,60.40,61.42
128081,29.39,60.31,61.42
128091,29.44,60.00,61.42
128101,29.51,59.59,61.42
128111,29.60,59.56,61.42
128121,29.70,59.45,61.42
128131,29.82,59.15,61.42
128141,29.96,58.96,61.42
128151,30.13,58.39,61.42
128161,30.33,57.98,61.42
128171,30.56,57.37,61.42
128181,30.82,56.76,61.42
128191,31.11,56.20,61.42
128201,31.45,55.42,61.42
128211,31.81,54.85,61.42
128221,32.21,54.07,61.42
128231,32.63,53.44,61.42
128241,33.08,52.88,61.42
128251,33.57,52.13,61.42
128261,34.06,51.78,61.42
128271,34.59,51.13,61.42
128281,35.13,50.59,61.42
128291,35.69,50.04,61.42
128301,36.29,49.22,61.42
128311,36.90,48.57,61.42
128321,37.55,47.84,61.42
128331,38.20,47.34,61.42
128341,38.87,46.86,61.42
128351,39.56,46.35,61.42
128361,40.26,45.57,61.42
128371,40.98,45.10,61.42
128381,41.69,45.02,61.42
128391,42.43,44.07,61.42
128401,43.16,44.01,61.42
128411,43.90,43.54,61.42
128421,44.63,43.20,61.42
128431,45.36,43.10,61.42
128441,46.10,42.62,61.42
128451,46.82,42.48,61.42
128461,47.55,42.21,61.42
128471,48.27,41.86,61.42
128481,48.99,41.73,61.42
128491,49.69,41.64,61.42
128501,50.39,41.28,61.42
128511,51.08,41.19,61.42
128521,51.76,41.19,61.42
128531,52.42,41.14,61.42
128541,53.08,40.95,61.42
128551,53.72,40.88,61.42
128561,54.34,41.01,61.42
128571,54.95,40.95,61.42
128581,55.55,40.83,61.42
128591,56.13,40.91,61.42
128601,56.71,40.73,61.42
128611,57.26,40.89,61.42
128621,57.78,41.15,61.42
128631,58.30,41.14,61.42
128641,58.79,41.24,61.42
128651,59.26,41.41,61.42
128661,59.72,41.49,61.42
128671,60.16,41.42,61.42
128681,60.59,41.59,61.42
128691,61.00,41.79,61.42
128701,61.37,42.15,61.42
128711,61.72,42.57,61.42
128721,62.05,42.68,61.42
128731,62.37,42.69,61.42
128741,62.66,42.98,61.42
128751,62.94,43.07,61.42
128761,63.20,43.40,61.42
128771,63.44,43.78,61.42
128781,63.65,43.98,61.42
128791,63.85,44.20,61.42
128801,64.02,44.52,61.42
128811,64.18,44.86,61.42
128821,64.31,45.14,61.42
128831,64.43,45.35,61.42
128841,64.54,45.55,61.42
128851,64.62,45.89,61.42
128861,64.69,46.19,61.42
128871,64.73,46.68,61.42
128881,64.76,46.88,61.42
128891,64.77,47.09,61.42
128901,64.76,47.73,61.42
128911,64.73,47.86,61.42
128921,64.70,48.00,61.42
128931,64.66,48.26,61.42
128941,64.59,48.76,61.42
128951,64.53,48.70,61.42
128961,64.45,49.06,61.42
128971,64.35,49.45,61.42
128981,64.25,49.49,61.42
128991,64.14,49.84,61.42
129001,64.03,49.84,61.42
129011,63.91,50.04,61.42
129021,63.78,50.37,61.42
129031,63.65,50.34,61.42
129041,63.51,50.64,61.42
129051,63.38,50.63,61.42
129061,63.23,50.87,61.42
129071,63.09,50.84,61.42
129081,62.95,51.10,61.42
129091,62.79,51.40,61.42
129101,62.64,51.21,61.42
129111,62.49,51.33,61.42
129121,62.35,51.43,61.42
129131,62.19,51.59,61.42
129141,62.05,51.53,61.42
129151,61.90,51.71,61.42
129161,61.74,51.92,61.42
129171,61.60,51.76,61.42
129181,61.45,51.85,61.42
129191,61.30,52.04,61.42
129201,61.17,51.78,61.42
129211,61.02,52.17,61.42
129221,60.88,52.02,61.42
129231,60.75,51.93,61.42
129241,60.62,52.21,61.42
129251,60.50,51.95,61.42
129261,60.38,51.84,61.42
129271,60.26,52.19,61.42
129281,60.15,51.83,61.42
129291,60.04,52.06,61.42
129301,59.94,52.02,61.42
129311,59.83,52.02,61.42
129321,59.74,51.92,61.42
129331,59.65,51.94,61.42
129341,59.56,51.91,61.42
129351,59.47,51.91,61.42
129361,59.40,51.78,61.42
129371,59.32,51.84,61.42
129381,59.26,51.70,61.42
129391,59.20,51.57,61.42
129401,59.14,51.75,61.42
129411,59.09,51.54,61.42
129421,59.04,51.50,61.42
129431,58.99,51.61,61.42
129441,58.95,51.50,61.42
129451,58.91,51.35,61.42
129461,58.88,51.41,61.42
129471,58.85,51.34,61.42
129481,58.84,51.02,61.42
129491,58.82,51.21,61.42
129501,58.81,51.05,61.42
129511,58.81,50.91,61.42
129521,58.80,50.92,61.42
129531,58.80,50.96,61.42
129541,58.81,50.68,61.42
129551,58.82,50.83,61.42
129561,58.82,50.81,61.42
129571,58.85,50.46,61.42
129581,58.86,50.61,61.42
129591,58.88,50.58,61.42
129601,58.91,50.45,61.42
129611,58.93,50.50,61.42
129621,58.95,50.47,61.42
129631,58.98,50.53,61.42
129641,58.99,50.61,61.42
129651,59.02,50.51,61.42
129661,59.04,50.47,61.42
129671,59.06,50.64,61.42
129681,59.09,50.40,61.42
129691,59.11,50.57,61.42
129701,59.13,50.51,61.42
129711,59.15,50.59,61.42
129721,59.17,50.59,61.42
129731,59.19,50.61,61.42
129741,59.21,50.70,61.42
129751,59.22,50.61,61.42
129761,59.24,50.75,61.42
129771,59.26,50.66,61.42
129781,59.26,50.84,61.42
129791,59.28,50.66,61.42
129801,59.30,50.62,61.42
129811,59.31,50.95,61.42
129821,59.32,50.75,61.42
129831,59.33,50.91,61.42
129841,59.34,50.95,61.42
129851,59.35,50.87,61.42
129861,59.36,50.91,61.42
129871,59.36,50.99,61.42
129881,59.37,50.93,61.42
129891,59.37,51.07,61.42
129901,59.38,50.96,61.42
129911,59.38,51.06,61.42
129921,59.39,51.06,61.42
129931,59.39,51.11,61.42
129941,59.39,51.22,61.42
129951,59.39,51.21,61.42
129961,59.39,51.16,61.42
129971,59.38,51.31,61.42
129981,59.38,51.21,61.42
129991,59.39,51.13,61.42
130001,59.39,51.26,61.42
130011,59.39,51.17,61.42
130021,59.39,51.29,61.42
130031,59.38,51.47,61.42
130041,59.39,51.15,61.42
130051,59.38,51.50,61.42
130061,59.39,51.29,61.42
130071,59.39,51.25,61.42
130081,59.39,51.45,61.42
130091,59.39,51.24,61.42
130101,59.39,51.37,61.42
130111,59.40,51.35,61.42
130121,59.40,51.37,61.42
130131,59.41,51.22,61.42
130141,59.40,51.52,61.42
130151,59.41,51.35,61.42
130161,59.41,51.50,61.42
130171,59.40,51.62,61.42
130181,59.41,51.34,61.42
130191,59.40,51.55,61.42
130201,59.41,51.43,61.42
130211,59.41,51.48,61.42
130221,59.41,51.53,61.42
130231,59.41,51.50,61.42
130241,59.42,51.40,61.42
130251,59.42,51.54,61.42
130261,59.43,51.49,61.42
130271,59.44,51.32,61.42
130281,59.44,51.55,61.42
130291,59.44,51.58,61.42
130301,59.46,51.23,61.42
130311,59.46,51.71,61.42
130321,59.47,51.49,61.42
130331,59.48,51.38,61.42
130341,59.48,51.72,61.42
130351,59.49,51.39,61.42
130361,59.49,51.58,61.42
130371,59.50,51.59,61.42
130381,59.51,51.47,61.42
130391,59.51,51.65,61.42
130401,59.52,51.55,61.42
130411,59.53,51.59,61.42
130421,59.53,51.59,61.42
130431,59.54,51.52,61.42
130441,59.55,51.68,61.42
130451,59.56,51.46,61.42
130461,59.56,51.69,61.42
130471,59.57,51.72,61.42
130481,59.59,51.37,61.42
130491,59.59,51.68,61.42
130501,59.60,51.63,61.42
130511,59.62,51.33,61.42
130521,59.62,51.83,61.42
130531,59.63,51.62,61.42
130541,59.65,51.35,61.42
130551,59.65,51.89,61.42
130561,59.67,51.47,61.42
130571,59.68,51.46,61.42
130581,59.69,51.69,61.42
130591,59.71,51.52,61.42
130601,59.73,51.39,61.42
130611,59.74,51.61,61.42
130621,59.76,51.40,61.42
130631,59.78,51.49,61.42
130641,59.79,51.55,61.42
130651,59.81,51.55,61.42
130661,59.83,51.44,61.42
130671,59.84,51.58,61.42
130681,59.85,51.54,61.42
130691,59.87,51.52,61.42
130701,59.89,51.46,61.42
130711,59.90,51.73,61.42
130721,59.91,51.55,61.42
130731,59.93,51.48,61.42
130741,59.94,51.70,61.42
130751,59.95,51.53,61.42
130761,59.97,51.59,61.42
130771,59.97,51.77,61.42
130781,59.99,51.52,61.42
130791,59.99,51.84,61.42
130801,60.00,51.67,61.42
130811,60.01,51.62,61.42
130821,60.02,51.74,61.42
130831,60.03,51.67,61.42
130841,60.04,51.66,61.42
130851,60.05,51.78,61.42
130861,60.06,51.72,61.42
130871,60.06,51.87,61.42
130881,60.07,51.68,61.42
130891,60.07,51.81,61.42
130901,60.08,51.73,61.42
130911,60.09,51.83,61.42
130921,60.10,51.80,61.42
130931,60.11,51.72,61.42
130941,60.11,51.81,61.42
130951,60.12,51.79,61.42
130961,60.11,52.07,61.42
130971,60.12,51.85,61.42
130981,60.12,51.94,61.42
130991,60.12,51.90,61.42
131001,60.13,51.89,61.42
131011,60.14,51.81,61.42
131021,60.13,52.09,61.42
131031,60.14,51.91,61.42
131041,60.14,51.89,61.42
131051,60.14,52.05,61.42
131061,60.14,51.96,61.42
131071,60.15,51.89,61.42
131081,60.16,51.90,61.42
131091,60.16,51.97,61.42
131101,60.17,51.77,61.42
131111,60.18,51.94,61.42
131121,60.19,51.85,61.42
131131,60.19,51.95,61.42
131141,60.21,51.82,61.42
131151,60.21,51.89,61.42
131161,60.22,52.01,61.42
131171,60.23,51.70,61.42
131181,60.24,52.01,61.42
131191,60.24,52.07,61.42
131201,60.26,51.66,61.42
131211,60.26,51.99,61.42
131221,60.26,52.06,61.42
131231,60.28,51.66,61.42
131241,60.28,52.26,61.42
131251,60.28,51.96,61.42
131261,60.30,51.82,61.42
131271,60.30,52.10,61.42
131281,60.30,52.11,61.42
131291,60.31,51.81,61.42
131301,60.31,52.18,61.42
131311,60.31,52.01,61.42
131321,60.32,51.90,61.42
131331,60.32,52.16,61.42
131341,60.33,52.03,61.42
131351,60.34,51.98,61.42
131361,60.34,52.04,61.42
131371,60.34,52.25,61.42
131381,60.35,51.85,61.42
131391,60.35,52.22,61.42
131401,60.35,52.17,61.42
131411,60.36,51.94,61.42
131421,60.37,52.00,61.42
131431,60.37,52.13,61.42
131441,60.38,52.00,61.42
131451,60.38,52.15,61.42
131461,60.38,52.16,61.42
131471,60.39,52.05,61.42
131481,60.39,52.13,61.42
131491,60.40,52.09,61.42
131501,60.40,52.04,61.42
131511,60.41,52.13,61.42
131521,60.41,52.12,61.42
131531,60.41,52.18,61.42
131541,60.42,52.04,61.42
131551,60.42,52.22,61.42
131561,60.44,51.96,61.42
131571,60.44,52.15,61.42
131581,60.44,52.14,61.42
131591,60.45,52.04,61.42
131601,60.46,52.16,61.42
131611,60.47,52.00,61.42
131621,60.48,52.11,61.42
131631,60.48,52.15,61.42
131641,60.48,52.21,61.42
131651,60.49,52.15,61.42
131661,60.49,52.15,61.42
131671,60.49,52.23,61.42
131681,60.51,52.03,61.42
131691,60.51,52.15,61.42
131701,60.52,52.12,61.42
131711,60.53,51.96,61.42
131721,60.54,52.10,61.42
131731,60.56,51.99,61.42
131741,60.57,51.98,61.42
131751,60.58,52.05,61.42
131761,60.59,52.13,61.42
131771,60.60,52.04,61.42
131781,60.62,51.81,61.42
131791,60.63,52.08,61.42
131801,60.64,52.02,61.42
131811,60.67,51.71,61.42
131821,60.67,52.15,61.42
131831,60.67,52.16,61.42
131841,60.70,51.75,61.42
131851,60.72,51.76,61.42
131861,60.73,51.99,61.42
131871,60.74,52.09,61.42
131881,60.76,51.73,61.42
131891,60.79,51.79,61.42
131901,60.79,52.18,61.42
131911,60.81,51.76,61.42
131921,60.83,51.70,61.42
131931,60.84,52.02,61.42
131941,60.86,51.92,61.42
131951,60.88,51.76,61.42
131961,60.90,51.79,61.42
131971,60.90,51.99,61.42
131981,60.92,51.93,61.42
131991,60.93,51.78,61.42
132001,60.94,52.13,61.42
132011,60.95,56.45,69.24
132021,60.97,56.34,69.24
132031,60.98,56.58,69.24
132041,60.99,56.64,69.24
132051,61.01,56.56,69.24
132061,61.03,56.50,69.24
132071,61.05,56.60,69.24
132081,61.07,56.60,69.24
132091,61.09,56.58,69.24
132101,61.12,56.50,69.24
132111,61.17,56.29,69.24
132121,61.22,56.13,69.24
132131,61.28,56.03,69.24
132141,61.33,56.01,69.24
132151,61.40,55.93,69.24
132161,61.48,55.60,69.24
132171,61.56,55.56,69.24
132181,61.66,55.26,69.24
132191,61.75,55.33,69.24
132201,61.85,55.19,69.24
132211,61.96,55.06,69.24
132221,62.08,54.70,69.24
132231,62.22,54.46,69.24
132241,62.35,54.37,69.24
132251,62.51,53.95,69.24
132261,62.67,53.74,69.24
132271,62.83,53.86,69.24
132281,62.99,53.66,69.24
132291,63.16,53.46,69.24
132301,63.33,53.33,69.24
132311,63.52,53.01,69.24
132321,63.71,52.87,69.24
132331,63.90,52.75,69.24
132341,64.09,52.71,69.24
132351,64.28,52.59,69.24
132361,64.47,52.45,69.24
132371,64.68,52.14,69.24
132381,64.89,52.00,69.24
132391,65.09,52.08,69.24
132401,65.28,52.03,69.24
132411,65.49,51.73,69.24
132421,65.70,51.52,69.24
132431,65.91,51.48,69.24
132441,66.11,51.67,69.24
132451,66.32,51.34,69.24
132461,66.53,51.11,69.24
132471,66.74,51.25,69.24
132481,66.92,51.43,69.24
132491,67.12,51.11,69.24
132501,67.32,51.03,69.24
132511,67.51,51.13,69.24
132521,67.71,50.91,69.24
132531,67.89,50.98,69.24
132541,68.08,50.92,69.24
132551,68.24,51.13,69.24
132561,68.42,50.94,69.24
132571,68.58,51.06,69.24
132581,68.73,51.18,69.24
132591,68.89,51.00,69.24
132601,69.04,51.03,69.24
132611,69.18,51.32,69.24
132621,69.33,50.95,69.24
132631,69.46,51.14,69.24
132641,69.58,51.31,69.24
132651,69.72,50.93,69.24
132661,69.83,51.41,69.24
132671,69.93,51.51,69.24
132681,70.05,51.11,69.24
132691,70.14,51.55,69.24
132701,70.24,51.46,69.24
132711,70.33,51.32,69.24
132721,70.41,51.64,69.24
132731,70.49,51.65,69.24
132741,70.57,51.53,69.24
132751,70.63,51.80,69.24
132761,70.69,51.88,69.24
132771,70.75,51.76,69.24
132781,70.80,51.95,69.24
132791,70.85,52.09,69.24
132801,70.90,51.81,69.24
132811,70.94,52.05,69.24
132821,70.96,52.32,69.24
132831,71.00,52.07,69.24
132841,71.03,52.23,69.24
132851,71.04,52.44,69.24
132861,71.06,52.36,69.24
132871,71.07,52.34,69.24
132881,71.08,52.65,69.24
132891,71.08,52.67,69.24
132901,71.08,52.48,69.24
132911,71.08,52.82,69.24
132921,71.07,52.74,69.24
132931,71.06,52.74,69.24
132941,71.06,52.76,69.24
132951,71.04,52.85,69.24
132961,71.03,52.85,69.24
132971,71.02,52.80,69.24
132981,71.01,52.93,69.24
132991,70.99,52.99,69.24
133001,70.98,52.77,69.24
133011,70.98,52.53,69.24
133021,70.97,52.73,69.24
133031,70.95,52.95,69.24
133041,70.94,52.80,69.24
133051,70.94,52.58,69.24
133061,70.93,52.74,69.24
133071,70.92,52.82,69.24
133081,70.91,52.64,69.24
133091,70.91,52.51,69.24
133101,70.90,52.75,69.24
133111,70.89,52.81,69.24
133121,70.89,52.44,69.24
133131,70.90,52.31,69.24
133141,70.90,52.52,69.24
133151,70.90,52.41,69.24
133161,70.90,52.38,69.24
133171,70.90,52.47,69.24
133181,70.90,52.54,69.24
133191,70.90,52.42,69.24
133201,70.90,52.31,69.24
133211,70.90,52.44,69.24
133221,70.89,52.51,69.24
133231,70.90,52.29,69.24
133241,70.90,52.29,69.24
133251,70.90,52.37,69.24
133261,70.90,52.40,69.24
133271,70.90,52.37,69.24
133281,70.90,52.26,69.24
133291,70.90,52.34,69.24
133301,70.89,52.51,69.24
133311,70.89,52.35,69.24
133321,70.89,52.31,69.24
133331,70.89,52.12,69.24
133341,70.90,52.10,69.24
133351,70.90,52.29,69.24
133361,70.89,52.42,69.24
133371,70.90,52.07,69.24
133381,70.91,52.02,69.24
133391,70.90,52.32,69.24
133401,70.90,52.32,69.24
133411,70.90,52.12,69.24
133421,70.90,52.04,69.24
133431,70.91,52.14,69.24
133441,70.90,52.21,69.24
133451,70.91,52.03,69.24
133461,70.91,52.12,69.24
133471,70.90,52.25,69.24
133481,70.91,51.97,69.24
133491,70.91,52.09,69.24
133501,70.89,52.33,69.24
133511,70.90,51.99,69.24
133521,70.91,51.85,69.24
133531,70.90,52.24,69.24
133541,70.89,52.28,69.24
133551,70.89,51.95,69.24
133561,70.89,51.94,69.24
133571,70.88,52.30,69.24
133581,70.87,52.17,69.24
133591,70.88,51.77,69.24
133601,70.88,52.11,69.24
133611,70.86,52.26,69.24
133621,70.87,51.92,69.24
133631,70.86,52.02,69.24
133641,70.85,52.21,69.24
133651,70.85,52.02,69.24
133661,70.85,51.84,69.24
133671,70.85,52.01,69.24
133681,70.84,52.09,69.24
133691,70.84,51.82,69.24
133701,70.84,51.88,69.24
133711,70.83,52.18,69.24
133721,70.83,51.96,69.24
133731,70.82,51.92,69.24
133741,70.81,52.05,69.24
133751,70.81,52.00,69.24
133761,70.81,51.89,69.24
133771,70.80,51.89,69.24
133781,70.79,52.08,69.24
133791,70.79,51.88,69.24
133801,70.79,51.89,69.24
133811,70.78,52.02,69.24
133821,70.77,51.97,69.24
133831,70.76,51.90,69.24
133841,70.76,51.93,69.24
133851,70.75,52.03,69.24
133861,70.75,51.79,69.24
133871,70.74,51.95,69.24
133881,70.73,51.97,69.24
133891,70.72,51.87,69.24
133901,70.72,51.89,69.24
133911,70.71,51.98,69.24
133921,70.70,51.96,69.24
133931,70.69,51.92,69.24
133941,70.68,51.92,69.24
133951,70.67,52.00,69.24
133961,70.66,51.79,69.24
133971,70.64,52.17,69.24
133981,70.64,51.88,69.24
133991,70.63,51.82,69.24
134001,70.62,51.98,69.24
134011,70.60,52.00,69.24
134021,70.61,51.70,69.24
134031,70.59,52.02,69.24
134041,70.57,52.04,69.24
134051,70.58,51.69,69.24
134061,70.56,51.99,69.24
134071,70.55,51.99,69.24
134081,70.55,51.73,69.24
134091,70.53,51.95,69.24
134101,70.51,52.10,69.24
134111,70.51,51.84,69.24
134121,70.51,51.69,69.24
134131,70.49,52.04,69.24
134141,70.49,51.73,69.24
134151,70.49,51.62,69.24
134161,70.47,51.97,69.24
134171,70.46,51.94,69.24
134181,70.47,51.51,69.24
134191,70.46,51.85,69.24
134201,70.44,51.99,69.24
134211,70.45,51.57,69.24
134221,70.44,51.73,69.24
134231,70.42,51.97,69.24
134241,70.42,51.75,69.24
134251,70.42,51.58,69.24
134261,70.41,51.81,69.24
134271,70.40,51.79,69.24
134281,70.41,51.50,69.24
134291,70.40,51.84,69.24
134301,70.39,51.73,69.24
134311,70.40,51.50,69.24
134321,70.39,51.76,69.24
134331,70.38,51.72,69.24
134341,70.39,51.53,69.24
134351,70.38,51.68,69.24
134361,70.37,51.87,69.24
134371,70.37,51.47,69.24
134381,70.37,51.64,69.24
134391,70.36,51.77,69.24
134401,70.36,51.47,69.24
134411,70.36,51.59,69.24
134421,70.35,51.74,69.24
134431,70.35,51.49,69.24
134441,70.35,51.57,69.24
134451,70.35,51.57,69.24
134461,70.35,51.50,69.24
134471,70.34,51.62,69.24
134481,70.34,51.55,69.24
134491,70.34,51.48,69.24
134501,70.33,51.74,69.24
134511,70.32,51.68,69.24
134521,70.33,51.36,69.24
134531,70.32,51.63,69.24
134541,70.31,51.65,69.24
134551,70.31,51.46,69.24
134561,70.30,51.64,69.24
134571,70.29,51.76,69.24
134581,70.29,51.31,69.24
134591,70.28,51.72,69.24
134601,70.27,51.67,69.24
134611,70.27,51.38,69.24
134621,70.27,51.53,69.24
134631,70.27,51.52,69.24
134641,70.27,51.41,69.24
134651,70.27,51.42,69.24
134661,70.26,51.65,69.24
134671,70.26,51.32,69.24
134681,70.25,51.57,69.24
134691,70.25,51.52,69.24
134701,70.24,51.50,69.24
134711,70.25,51.36,69.24
134721,70.24,51.49,69.24
134731,70.24,51.47,69.24
134741,70.24,51.35,69.24
134751,70.23,51.54,69.24
134761,70.23,51.47,69.24
134771,70.22,51.46,69.24
134781,70.22,51.38,69.24
134791,70.21,51.67,69.24
134801,70.21,51.36,69.24
134811,70.20,51.48,69.24
134821,70.19,51.60,69.24
134831,70.18,51.41,69.24
134841,70.18,51.36,69.24
134851,70.16,51.75,69.24
134861,70.17,51.27,69.24
134871,70.16,51.49,69.24
134881,70.15,51.68,69.24
134891,70.15,51.34,69.24
134901,70.14,51.52,69.24
134911,70.12,51.67,69.24
134921,70.12,51.27,69.24
134931,70.12,51.50,69.24
134941,70.10,51.59,69.24
134951,70.10,51.31,69.24
134961,70.09,51.54,69.24
134971,70.08,51.63,69.24
134981,70.08,51.37,69.24
134991,70.07,51.48,69.24
135001,70.06,51.49,69.24
135011,70.06,51.39,69.24
135021,70.05,51.41,69.24
135031,70.05,51.46,69.24
135041,70.04,51.39,69.24
135051,70.05,51.26,69.24
135061,70.03,51.55,69.24
135071,70.03,51.42,69.24
135081,70.03,51.31,69.24
135091,70.01,51.57,69.24
135101,70.01,51.32,69.24
135111,70.02,51.20,69.24
135121,70.01,51.50,69.24
135131,70.02,51.12,69.24
135141,70.02,51.16,69.24
135151,70.02,51.38,69.24
135161,70.02,51.30,69.24
135171,70.02,51.22,69.24
135181,70.01,51.38,69.24
135191,70.01,51.25,69.24
135201,70.01,51.35,69.24
135211,70.00,51.38,69.24
135221,70.00,51.20,69.24
135231,70.00,51.30,69.24
135241,69.99,51.51,69.24
135251,69.99,51.24,69.24
135261,69.98,51.35,69.24
135271,69.96,51.64,69.24
135281,69.97,51.17,69.24
135291,69.95,51.54,69.24
135301,69.94,51.41,69.24
135311,69.94,51.31,69.24
135321,69.93,51.40,69.24
135331,69.92,51.38,69.24
135341,69.92,51.29,69.24
135351,69.91,51.44,69.24
135361,69.90,51.41,69.24
135371,69.90,51.25,69.24
135381,69.90,51.35,69.24
135391,69.88,51.49,69.24
135401,69.89,51.17,69.24
135411,69.88,51.37,69.24
135421,69.87,51.42,69.24
135431,69.88,51.08,69.24
135441,69.87,51.44,69.24
135451,69.86,51.26,69.24
135461,69.87,51.07,69.24
135471,69.86,51.41,69.24
135481,69.87,51.13,69.24
135491,69.86,51.23,69.24
135501,69.86,51.35,69.24
135511,69.85,51.28,69.24
135521,69.86,51.13,69.24
135531,69.85,51.34,69.24
135541,69.84,51.32,69.24
135551,69.85,51.13,69.24
135561,69.84,51.31,69.24
135571,69.83,51.32,69.24
135581,69.84,51.10,69.24
135591,69.84,51.19,69.24
135601,69.83,51.37,69.24
135611,69.82,51.30,69.24
135621,69.82,51.21,69.24
135631,69.82,51.23,69.24
135641,69.81,51.30,69.24
135651,69.81,51.21,69.24
135661,69.81,51.11,69.24
135671,69.80,51.43,69.24
135681,69.80,51.23,69.24
135691,69.80,51.20,69.24
135701,69.78,51.39,69.24
135711,69.78,51.25,69.24
135721,69.79,51.07,69.24
135731,69.77,51.45,69.24
135741,69.77,51.12,69.24
135751,69.78,51.10,69.24
135761,69.77,51.34,69.24
135771,69.77,51.20,69.24
135781,69.76,51.18,69.24
135791,69.75,51.37,69.24
135801,69.75,51.24,69.24
135811,69.74,51.24,69.24
135821,69.74,51.34,69.24
135831,69.74,51.11,69.24
135841,69.74,51.19,69.24
135851,69.73,51.30,69.24
135861,69.73,51.10,69.24
135871,69.72,51.26,69.24
135881,69.71,51.45,69.24
135891,69.71,51.11,69.24
135901,69.69,51.55,69.24
135911,69.69,51.28,69.24
135921,69.68,51.19,69.24
135931,69.67,51.40,69.24
135941,69.67,51.25,69.24
135951,69.66,51.28,69.24
135961,69.65,51.31,69.24
135971,69.64,51.37,69.24
135981,69.64,51.17,69.24
135991,69.62,51.56,69.24
136001,69.62,51.14,69.24
136011,69.62,19.52,14.65
136021,69.61,19.23,14.65
136031,69.60,18.74,14.65
136041,69.57,18.81,14.65
136051,69.55,18.39,14.65
136061,69.52,18.24,14.65
136071,69.48,18.07,14.65
136081,69.41,18.37,14.65
136091,69.33,18.22,14.65
136101,69.19,19.11,14.65
136111,69.02,19.36,14.65
136121,68.84,19.40,14.65
136131,68.64,19.66,14.65
136141,68.40,20.10,14.65
136151,68.14,20.30,14.65
136161,67.84,21.11,14.65
136171,67.50,21.42,14.65
136181,67.14,21.95,14.65
136191,66.73,22.84,14.65
136201,66.28,23.32,14.65
136211,65.82,23.64,14.65
136221,65.34,24.06,14.65
136231,64.81,24.81,14.65
136241,64.24,25.68,14.65
136251,63.64,26.43,14.65
136261,63.01,26.79,14.65
136271,62.37,27.33,14.65
136281,61.68,28.36,14.65
136291,60.94,29.38,14.65
136301,60.19,29.81,14.65
136311,59.42,30.25,14.65
136321,58.62,30.94,14.65
136331,57.79,31.91,14.65
136341,56.91,33.10,14.65
136351,56.01,33.71,14.65
136361,55.10,34.21,14.65
136371,54.14,35.43,14.65
136381,53.15,36.34,14.65
136391,52.15,37.00,14.65
136401,51.13,37.67,14.65
136411,50.09,38.48,14.65
136421,49.01,39.44,14.65
136431,47.91,40.44,14.65
136441,46.80,41.10,14.65
136451,45.66,42.11,14.65
136461,44.51,42.72,14.65
136471,43.36,43.39,14.65
136481,42.20,43.74,14.65
136491,41.03,44.80,14.65
136501,39.82,45.80,14.65
136511,38.61,46.53,14.65
136521,37.41,46.85,14.65
136531,36.23,47.02,14.65
136541,35.05,47.49,14.65
136551,33.87,48.00,14.65
136561,32.68,48.85,14.65
136571,31.48,49.58,14.65
136581,30.29,50.12,14.65
136591,29.11,50.24,14.65
136601,27.95,50.67,14.65
136611,26.79,51.14,14.65
136621,25.66,51.11,14.65
136631,24.53,51.67,14.65
136641,23.46,51.08,14.65
136651,22.39,51.48,14.65
136661,21.37,51.33,14.65
136671,20.35,51.60,14.65
136681,19.38,51.25,14.65
136691,18.42,51.58,14.65
136701,17.50,51.24,14.65
136711,16.61,51.30,14.65
136721,15.74,51.24,14.65
136731,14.92,50.76,14.65
136741,14.11,50.90,14.65
136751,13.36,50.30,14.65
136761,12.63,50.29,14.65
136771,11.93,50.13,14.65
136781,11.28,49.44,14.65
136791,10.65,49.62,14.65
136801,10.07,48.77,14.65
136811,9.54,48.29,14.65
136821,9.01,48.51,14.65
136831,8.54,47.64,14.65
136841,8.09,47.55,14.65
136851,7.68,47.10,14.65
136861,7.31,46.55,14.65
136871,6.97,46.17,14.65
136881,6.66,45.64,14.65
136891,6.39,45.18,14.65
136901,6.16,44.68,14.65
136911,5.96,44.17,14.65
136921,5.80,43.44,14.65
136931,5.67,43.09,14.65
136941,5.58,42.31,14.65
136951,5.51,42.10,14.65
136961,5.48,41.26,14.65
136971,5.49,40.67,14.65
136981,5.50,40.54,14.65
136991,5.55,39.85,14.65
137001,5.66,38.83,14.65
137011,5.77,38.52,14.65
137021,5.89,38.50,14.65
137031,6.04,37.84,14.65
137041,6.21,37.30,14.65
137051,6.41,36.79,14.65
137061,6.63,36.25,14.65
137071,6.87,35.67,14.65
137081,7.14,35.10,14.65
137091,7.41,34.89,14.65
137101,7.69,34.76,14.65
137111,7.96,34.66,14.65
137121,8.23,34.59,14.65
137131,8.52,34.22,14.65
137141,8.83,33.44,14.65
137151,9.19,32.46,14.65
137161,9.53,32.51,14.65
137171,9.88,32.29,14.65
137181,10.24,31.84,14.65
137191,10.60,31.62,14.65
137201,10.97,31.30,14.65
137211,11.35,30.91,14.65
137221,11.72,30.91,14.65
137231,12.11,30.39,14.65
137241,12.48,30.47,14.65
137251,12.86,29.97,14.65
137261,13.24,30.04,14.65
137271,13.61,29.70,14.65
137281,13.98,29.73,14.65
137291,14.36,29.28,14.65
137301,14.72,29.38,14.65
137311,15.10,28.89,14.65
137321,15.46,28.92,14.65
137331,15.82,28.93,14.65
137341,16.17,28.77,14.65
137351,16.52,28.60,14.65
137361,16.86,28.51,14.65
137371,17.20,28.36,14.65
137381,17.52,28.45,14.65
137391,17.84,28.44,14.65
137401,18.15,28.25,14.65
137411,18.46,28.12,14.65
137421,18.76,28.20,14.65
137431,19.04,28.26,14.65
137441,19.33,27.90,14.65
137451,19.60,28.14,14.65
137461,19.86,28.25,14.65
137471,20.12,28.05,14.65
137481,20.35,28.34,14.65
137491,20.57,28.45,14.65
137501,20.78,28.43,14.65
137511,21.00,28.22,14.65
137521,21.20,28.27,14.65
137531,21.38,28.70,14.65
137541,21.54,28.86,14.65
137551,21.71,28.48,14.65
137561,21.87,28.57,14.65
137571,22.01,28.85,14.65
137581,22.13,29.06,14.65
137591,22.25,29.14,14.65
137601,22.35,29.23,14.65
137611,22.45,29.25,14.65
137621,22.52,29.62,14.65
137631,22.59,29.66,14.65
137641,22.64,29.94,14.65
137651,22.67,30.35,14.65
137661,22.70,30.07,14.65
137671,22.72,30.42,14.65
137681,22.72,30.63,14.65
137691,22.72,30.68,14.65
137701,22.69,31.05,14.65
137711,22.67,31.01,14.65
137721,22.63,31.33,14.65
137731,22.57,31.56,14.65
137741,22.52,31.63,14.65
137751,22.46,31.62,14.65
137761,22.37,32.14,14.65
137771,22.28,32.31,14.65
137781,22.19,32.29,14.65
137791,22.09,32.36,14.65
137801,21.98,32.75,14.65
137811,21.86,32.79,14.65
137821,21.73,33.20,14.65
137831,21.58,33.47,14.65
137841,21.44,33.55,14.65
137851,21.28,33.85,14.65
137861,21.11,34.00,14.65
137871,20.93,34.35,14.65
137881,20.76,34.34,14.65
137891,20.58,34.41,14.65
137901,20.39,34.75,14.65
137911,20.20,34.83,14.65
137921,20.00,35.14,14.65
137931,19.80,35.22,14.65
137941,19.60,35.31,14.65
137951,19.38,35.69,14.65
137961,19.18,35.49,14.65
137971,18.96,35.84,14.65
137981,18.75,35.88,14.65
137991,18.54,36.02,14.65
138001,18.32,36.27,14.65
138011,18.10,36.23,14.65
138021,17.88,36.43,14.65
138031,17.67,36.37,14.65
138041,17.46,36.55,14.65
138051,17.22,37.15,14.65
138061,17.00,36.83,14.65
138071,16.78,36.98,14.65
138081,16.56,37.22,14.65
138091,16.35,37.02,14.65
138101,16.14,37.16,14.65
138111,15.92,37.41,14.65
138121,15.72,37.19,14.65
138131,15.52,37.21,14.65
138141,15.31,37.58,14.65
138151,15.12,37.33,14.65
138161,14.94,37.21,14.65
138171,14.75,37.46,14.65
138181,14.57,37.38,14.65
138191,14.41,37.05,14.65
138201,14.24,37.46,14.65
138211,14.07,37.57,14.65
138221,13.91,37.34,14.65
138231,13.78,36.88,14.65
138241,13.64,37.24,14.65
138251,13.48,37.56,14.65
138261,13.36,36.99,14.65
138271,13.25,36.75,14.65
138281,13.14,37.00,14.65
138291,13.01,37.40,14.65
138301,12.91,36.80,14.65
138311,12.83,36.49,14.65
138321,12.75,36.58,14.65
138331,12.65,37.01,14.65
138341,12.58,36.56,14.65
138351,12.53,36.01,14.65
138361,12.50,35.93,14.65
138371,12.44,36.33,14.65
138381,12.38,36.35,14.65
138391,12.36,35.76,14.65
138401,12.36,35.39,14.65
138411,12.34,35.69,14.65
138421,12.30,36.05,14.65
138431,12.30,35.51,14.65
138441,12.31,35.07,14.65
138451,12.33,35.15,14.65
138461,12.35,35.03,14.65
138471,12.37,34.90,14.65
138481,12.40,34.84,14.65
138491,12.45,34.47,14.65
138501,12.48,34.62,14.65
138511,12.55,34.13,14.65
138521,12.61,34.00,14.65
138531,12.67,34.14,14.65
138541,12.74,33.97,14.65
138551,12.81,33.84,14.65
138561,12.90,33.40,14.65
138571,12.98,33.68,14.65
138581,13.07,33.32,14.65
138591,13.16,33.33,14.65
138601,13.25,33.21,14.65
138611,13.35,32.95,14.65
138621,13.45,33.04,14.65
138631,13.54,33.10,14.65
138641,13.64,32.90,14.65
138651,13.74,32.83,14.65
138661,13.85,32.47,14.65
138671,13.95,32.75,14.65
138681,14.06,32.50,14.65
138691,14.16,32.47,14.65
138701,14.27,32.46,14.65
138711,14.37,32.31,14.65
138721,14.47,32.49,14.65
138731,14.58,32.18,14.65
138741,14.67,32.51,14.65
138751,14.78,32.07,14.65
138761,14.87,32.35,14.65
138771,14.97,32.17,14.65
138781,15.05,32.35,14.65
138791,15.16,31.96,14.65
138801,15.25,32.06,14.65
138811,15.35,31.83,14.65
138821,15.44,32.15,14.65
138831,15.53,31.98,14.65
138841,15.62,31.99,14.65
138851,15.70,32.01,14.65
138861,15.78,32.06,14.65
138871,15.86,31.86,14.65
138881,15.93,32.18,14.65
138891,16.01,31.87,14.65
138901,16.07,32.12,14.65
138911,16.14,32.02,14.65
138921,16.20,32.11,14.65
138931,16.26,32.06,14.65
138941,16.31,32.17,14.65
138951,16.37,31.97,14.65
138961,16.41,32.37,14.65
138971,16.47,32.04,14.65
138981,16.50,32.32,14.65
138991,16.54,32.33,14.65
139001,16.57,32.40,14.65
139011,16.60,32.39,14.65
139021,16.62,32.45,14.65
139031,16.64,32.56,14.65
139041,16.66,32.59,14.65
139051,16.66,32.84,14.65
139061,16.68,32.49,14.65
139071,16.67,32.97,14.65
139081,16.68,32.66,14.65
139091,16.68,32.98,14.65
139101,16.68,32.81,14.65
139111,16.66,33.10,14.65
139121,16.65,32.93,14.65
139131,16.64,33.06,14.65
139141,16.62,33.12,14.65
139151,16.61,33.17,14.65
139161,16.59,33.04,14.65
139171,16.56,33.44,14.65
139181,16.55,33.09,14.65
139191,16.51,33.54,14.65
139201,16.49,33.11,14.65
139211,16.46,33.51,14.65
139221,16.43,33.37,14.65
139231,16.40,33.39,14.65
139241,16.37,33.46,14.65
139251,16.34,33.42,14.65
139261,16.30,33.61,14.65
139271,16.26,33.59,14.65
139281,16.21,33.84,14.65
139291,16.18,33.55,14.65
139301,16.13,33.81,14.65
139311,16.10,33.51,14.65
139321,16.05,33.93,14.65
139331,16.02,33.63,14.65
139341,15.97,33.85,14.65
139351,15.93,33.70,14.65
139361,15.88,33.94,14.65
139371,15.85,33.77,14.65
139381,15.80,33.87,14.65
139391,15.76,33.87,14.65
139401,15.72,33.90,14.65
139411,15.67,33.96,14.65
139421,15.64,33.74,14.65
139431,15.59,34.05,14.65
139441,15.56,33.80,14.65
139451,15.50,34.24,14.65
139461,15.46,34.04,14.65
139471,15.41,34.20,14.65
139481,15.37,34.03,14.65
139491,15.33,33.85,14.65
139501,15.30,34.00,14.65
139511,15.27,33.72,14.65
139521,15.23,34.18,14.65
139531,15.20,33.76,14.65
139541,15.16,34.07,14.65
139551,15.13,33.95,14.65
139561,15.11,33.78,14.65
139571,15.08,33.97,14.65
139581,15.06,33.71,14.65
139591,15.03,34.00,14.65
139601,15.00,33.78,14.65
139611,14.98,33.89,14.65
139621,14.96,33.84,14.65
139631,14.94,33.75,14.65
139641,14.91,33.95,14.65
139651,14.90,33.59,14.65
139661,14.89,33.75,14.65
139671,14.88,33.54,14.65
139681,14.87,33.71,14.65
139691,14.85,33.72,14.65
139701,14.84,33.63,14.65
139711,14.83,33.78,14.65
139721,14.83,33.37,14.65
139731,14.82,33.63,14.65
139741,14.83,33.33,14.65
139751,14.83,33.51,14.65
139761,14.82,33.48,14.65
139771,14.84,33.18,14.65
139781,14.84,33.38,14.65
139791,14.86,32.95,14.65
139801,14.87,33.27,14.65
139811,14.89,32.99,14.65
139821,14.90,33.24,14.65
139831,14.91,33.08,14.65
139841,14.93,33.10,14.65
139851,14.94,33.22,14.65
139861,14.96,32.94,14.65
139871,14.96,33.20,14.65
139881,14.99,32.87,14.65
139891,15.00,33.09,14.65
139901,15.02,32.82,14.65
139911,15.03,33.08,14.65
139921,15.05,32.86,14.65
139931,15.07,32.95,14.65
139941,15.09,32.89,14.65
139951,15.11,32.84,14.65
139961,15.12,33.05,14.65
139971,15.14,32.77,14.65
139981,15.15,33.01,14.65
139991,15.18,32.62,14.65
140001,15.19,32.96,14.65
140011,15.21,59.14,60.00
140021,15.22,59.73,60.00
140031,15.24,59.84,60.00
140041,15.27,59.82,60.00
140051,15.26,60.84,60.00
140061,15.27,60.87,60.00
140071,15.28,61.14,60.00
140081,15.33,60.74,60.00
140091,15.39,60.47,60.00
140101,15.49,60.29,60.00
140111,15.59,60.31,60.00
140121,15.73,59.71,60.00
140131,15.92,58.94,60.00
140141,16.14,58.39,60.00
140151,16.40,57.84,60.00
140161,16.70,57.21,60.00
140171,17.04,56.41,60.00
140181,17.43,55.63,60.00
140191,17.85,54.92,60.00
140201,18.34,53.42,60.00
140211,18.87,52.86,60.00
140221,19.42,52.11,60.00
140231,20.01,51.47,60.00
140241,20.63,50.72,60.00
140251,21.27,50.10,60.00
140261,21.94,49.48,60.00
140271,22.63,48.87,60.00
140281,23.35,48.22,60.00
140291,24.09,47.38,60.00
140301,24.88,46.42,60.00
140311,25.69,45.68,60.00
140321,26.51,45.14,60.00
140331,27.35,44.58,60.00
140341,28.22,43.78,60.00
140351,29.09,43.39,60.00
140361,29.98,42.58,60.00
140371,30.89,41.91,60.00
140381,31.80,41.59,60.00
140391,32.72,41.05,60.00
140401,33.64,40.67,60.00
140411,34.58,39.96,60.00
140421,35.53,39.22,60.00
140431,36.48,39.12,60.00
140441,37.41,38.97,60.00
140451,38.34,38.58,60.00
140461,39.27,38.12,60.00
140471,40.20,37.76,60.00
140481,41.12,37.56,60.00
140491,42.02,37.51,60.00
140501,42.92,37.11,60.00
140511,43.81,37.00,60.00
140521,44.69,36.79,60.00
140531,45.54,36.86,60.00
140541,46.39,36.62,60.00
140551,47.21,36.69,60.00
140561,48.00,36.99,60.00
140571,48.76,37.34,60.00
140581,49.48,37.70,60.00
140591,50.17,37.82,60.00
140601,50.86,37.69,60.00
140611,51.54,37.45,60.00
140621,52.21,37.38,60.00
140631,52.86,37.46,60.00
140641,53.46,37.95,60.00
140651,54.04,38.40,60.00
140661,54.59,38.48,60.00
140671,55.13,38.39,60.00
140681,55.67,38.31,60.00
140691,56.18,38.49,60.00
140701,56.65,38.96,60.00
140711,57.09,39.53,60.00
140721,57.49,39.93,60.00
140731,57.87,40.16,60.00
140741,58.25,39.99,60.00
140751,58.60,40.42,60.00
140761,58.93,40.62,60.00
140771,59.23,41.05,60.00
140781,59.50,41.58,60.00
140791,59.73,42.19,60.00
140801,59.92,42.78,60.00
140811,60.10,42.98,60.00
140821,60.27,43.11,60.00
140831,60.42,43.33,60.00
140841,60.56,43.58,60.00
140851,60.68,43.77,60.00
140861,60.78,44.23,60.00
140871,60.84,44.80,60.00
140881,60.89,45.15,60.00
140891,60.91,45.52,60.00
140901,60.92,45.99,60.00
140911,60.90,46.46,60.00
140921,60.85,46.96,60.00
140931,60.80,47.13,60.00
140941,60.74,47.30,60.00
140951,60.68,47.52,60.00
140961,60.59,47.98,60.00
140971,60.49,48.11,60.00
140981,60.38,48.55,60.00
140991,60.28,48.54,60.00
141001,60.14,49.08,60.00
141011,60.02,49.09,60.00
141021,59.88,49.37,60.00
141031,59.73,49.75,60.00
141041,59.58,49.72,60.00
141051,59.42,50.17,60.00
141061,59.26,50.17,60.00
141071,59.09,50.41,60.00
141081,58.93,50.44,60.00
141091,58.76,50.67,60.00
141101,58.59,50.77,60.00
141111,58.41,51.09,60.00
141121,58.23,51.24,60.00
141131,58.05,51.43,60.00
141141,57.88,51.18,60.00
141151,57.70,51.54,60.00
141161,57.53,51.56,60.00
141171,57.35,51.67,60.00
141181,57.18,51.78,60.00
141191,57.02,51.71,60.00
141201,56.85,51.86,60.00
141211,56.70,51.80,60.00
141221,56.54,51.86,60.00
141231,56.38,52.11,60.00
141241,56.24,51.77,60.00
141251,56.09,52.14,60.00
141261,55.95,52.01,60.00
141271,55.83,51.79,60.00
141281,55.69,52.13,60.00
141291,55.57,51.98,60.00
141301,55.45,52.08,60.00
141311,55.33,52.16,60.00
141321,55.22,51.98,60.00
141331,55.12,51.91,60.00
141341,55.03,51.85,60.00
141351,54.94,51.85,60.00
141361,54.86,51.72,60.00
141371,54.78,51.78,60.00
141381,54.72,51.64,60.00
141391,54.65,51.70,60.00
141401,54.61,51.31,60.00
141411,54.56,51.45,60.00
141421,54.53,51.29,60.00
141431,54.50,51.09,60.00
141441,54.47,51.23,60.00
141451,54.46,51.09,60.00
141461,54.45,50.89,60.00
141471,54.43,51.15,60.00
141481,54.44,50.66,60.00
141491,54.44,50.84,60.00
141501,54.45,50.71,60.00
141511,54.47,50.61,60.00
141521,54.48,50.69,60.00
141531,54.51,50.38,60.00
141541,54.53,50.59,60.00
141551,54.57,50.38,60.00
141561,54.59,50.49,60.00
141571,54.63,50.31,60.00
141581,54.66,50.50,60.00
141591,54.70,50.35,60.00
141601,54.73,50.44,60.00
141611,54.78,50.06,60.00
141621,54.82,50.45,60.00
141631,54.87,50.13,60.00
141641,54.91,50.18,60.00
141651,54.96,50.25,60.00
141661,55.01,50.15,60.00
141671,55.06,50.11,60.00
141681,55.10,50.45,60.00
141691,55.15,50.04,60.00
141701,55.20,50.31,60.00
141711,55.24,50.31,60.00
141721,55.29,50.14,60.00
141731,55.33,50.50,60.00
141741,55.39,49.94,60.00
141751,55.43,50.37,60.00
141761,55.48,50.21,60.00
141771,55.52,50.34,60.00
141781,55.57,50.30,60.00
141791,55.61,50.37,60.00
141801,55.65,50.33,60.00
141811,55.69,50.43,60.00
141821,55.73,50.44,60.00
141831,55.77,50.39,60.00
141841,55.81,50.48,60.00
141851,55.85,50.35,60.00
141861,55.88,50.65,60.00
141871,55.94,50.23,60.00
141881,55.96,50.78,60.00
141891,56.00,50.34,60.00
141901,56.03,50.76,60.00
141911,56.06,50.63,60.00
141921,56.10,50.53,60.00
141931,56.13,50.61,60.00
141941,56.16,50.73,60.00
141951,56.20,50.49,60.00
141961,56.22,50.89,60.00
141971,56.26,50.56,60.00
141981,56.29,50.77,60.00
141991,56.31,50.81,60.00
142001,56.34,50.79,60.00
142011,56.37,50.87,60.00
142021,56.39,50.93,60.00
142031,56.42,50.62,60.00
142041,56.44,51.03,60.00
142051,56.48,50.65,60.00
142061,56.50,50.91,60.00
142071,56.53,50.89,60.00
142081,56.55,50.99,60.00
142091,56.58,50.86,60.00
142101,56.59,51.17,60.00
142111,56.62,50.83,60.00
142121,56.64,51.13,60.00
142131,56.66,50.97,60.00
142141,56.68,51.07,60.00
142151,56.70,51.09,60.00
142161,56.72,51.14,60.00
142171,56.74,51.00,60.00
142181,56.76,51.23,60.00
142191,56.78,51.09,60.00
142201,56.80,51.11,60.00
142211,56.80,51.44,60.00
142221,56.83,51.03,60.00
142231,56.84,51.36,60.00
142241,56.86,51.18,60.00
142251,56.89,51.08,60.00
142261,56.90,51.26,60.00
142271,56.93,51.13,60.00
142281,56.95,51.18,60.00
142291,56.96,51.34,60.00
142301,56.97,51.37,60.00
142311,57.00,51.24,60.00
142321,57.01,51.40,60.00
142331,57.03,51.24,60.00
142341,57.05,51.22,60.00
142351,57.06,51.47,60.00
142361,57.09,51.21,60.00
142371,57.11,51.31,60.00
142381,57.11,51.52,60.00
142391,57.13,51.33,60.00
142401,57.15,51.46,60.00
142411,57.16,51.39,60.00
142421,57.18,51.39,60.00
142431,57.20,51.40,60.00
142441,57.21,51.60,60.00
142451,57.23,51.35,60.00
142461,57.25,51.48,60.00
142471,57.25,51.65,60.00
142481,57.28,51.26,60.00
142491,57.29,51.61,60.00
142501,57.31,51.45,60.00
142511,57.33,51.49,60.00
142521,57.34,51.60,60.00
142531,57.35,51.55,60.00
142541,57.37,51.49,60.00
142551,57.38,51.58,60.00
142561,57.41,51.35,60.00
142571,57.43,51.52,60.00
142581,57.45,51.37,60.00
142591,57.47,51.62,60.00
142601,57.49,51.43,60.00
142611,57.50,51.68,60.00
142621,57.51,51.62,60.00
142631,57.54,51.44,60.00
142641,57.55,51.66,60.00
142651,57.57,51.60,60.00
142661,57.59,51.53,60.00
142671,57.60,51.64,60.00
142681,57.62,51.58,60.00
142691,57.64,51.57,60.00
142701,57.66,51.63,60.00
142711,57.67,51.62,60.00
142721,57.69,51.63,60.00
142731,57.71,51.54,60.00
142741,57.72,51.85,60.00
142751,57.74,51.48,60.00
142761,57.76,51.59,60.00
142771,57.78,51.66,60.00
142781,57.79,51.68,60.00
142791,57.82,51.57,60.00
142801,57.84,51.60,60.00
142811,57.86,51.56,60.00
142821,57.87,51.73,60.00
142831,57.90,51.38,60.00
142841,57.93,51.52,60.00
142851,57.95,51.61,60.00
142861,57.98,51.35,60.00
142871,58.00,51.50,60.00
142881,58.03,51.57,60.00
142891,58.05,51.51,60.00
142901,58.08,51.47,60.00
142911,58.09,51.79,60.00
142921,58.11,51.47,60.00
142931,58.13,51.56,60.00
142941,58.15,51.61,60.00
142951,58.18,51.44,60.00
142961,58.20,51.56,60.00
142971,58.22,51.61,60.00
142981,58.25,51.40,60.00
142991,58.28,51.52,60.00
143001,58.29,51.67,60.00
143011,58.32,51.53,60.00
143021,58.34,51.50,60.00
143031,58.36,51.65,60.00
143041,58.38,51.57,60.00
143051,58.41,51.42,60.00
143061,58.43,51.60,60.00
143071,58.45,51.45,60.00
143081,58.48,51.40,60.00
143091,58.50,51.56,60.00
143101,58.52,51.63,60.00
143111,58.55,51.39,60.00
143121,58.57,51.56,60.00
143131,58.59,51.49,60.00
143141,58.61,51.50,60.00
143151,58.63,51.52,60.00
143161,58.65,51.64,60.00
143171,58.68,51.35,60.00
143181,58.70,51.52,60.00
143191,58.71,51.65,60.00
143201,58.74,51.39,60.00
143211,58.76,51.63,60.00
143221,58.77,51.72,60.00
143231,58.80,51.30,60.00
143241,58.82,51.52,60.00
143251,58.83,51.64,60.00
143261,58.86,51.31,60.00
143271,58.87,51.72,60.00
143281,58.89,51.44,60.00
143291,58.92,51.40,60.00
143301,58.93,51.59,60.00
143311,58.95,51.59,60.00
143321,58.96,51.65,60.00
143331,58.97,51.68,60.00
143341,58.98,51.66,60.00
143351,58.99,51.74,60.00
143361,59.01,51.47,60.00
143371,59.02,51.71,60.00
143381,59.04,51.52,60.00
143391,59.06,51.55,60.00
143401,59.07,51.71,60.00
143411,59.07,51.79,60.00
143421,59.09,51.43,60.00
143431,59.10,51.81,60.00
143441,59.11,51.71,60.00
143451,59.12,51.50,60.00
143461,59.13,51.85,60.00
143471,59.14,51.64,60.00
143481,59.16,51.50,60.00
143491,59.17,51.67,60.00
143501,59.17,51.87,60.00
143511,59.19,51.50,60.00
143521,59.20,51.66,60.00
143531,59.20,51.75,60.00
143541,59.22,51.52,60.00
143551,59.24,51.60,60.00
143561,59.24,51.78,60.00
143571,59.25,51.62,60.00
143581,59.27,51.53,60.00
143591,59.28,51.72,60.00
143601,59.29,51.62,60.00
143611,59.31,51.42,60.00
143621,59.31,51.88,60.00
143631,59.32,51.69,60.00
143641,59.33,51.65,60.00
143651,59.34,51.70,60.00
143661,59.34,51.83,60.00
143671,59.36,51.49,60.00
143681,59.37,51.60,60.00
143691,59.37,51.89,60.00
143701,59.38,51.58,60.00
143711,59.39,51.75,60.00
143721,59.39,51.75,60.00
143731,59.40,51.71,60.00
143741,59.41,51.60,60.00
143751,59.42,51.77,60.00
143761,59.42,51.73,60.00
143771,59.44,51.58,60.00
143781,59.44,51.81,60.00
143791,59.45,51.71,60.00
143801,59.46,51.64,60.00
143811,59.46,51.81,60.00
143821,59.46,51.79,60.00
143831,59.47,51.62,60.00
143841,59.48,51.82,60.00
143851,59.48,51.85,60.00
143861,59.47,51.94,60.00
143871,59.48,51.70,60.00
143881,59.48,51.80,60.00
143891,59.48,51.87,60.00
143901,59.49,51.80,60.00
143911,59.49,51.83,60.00
143921,59.50,51.72,60.00
143931,59.49,52.02,60.00
143941,59.49,51.80,60.00
143951,59.50,51.80,60.00
143961,59.50,51.84,60.00
143971,59.50,51.96,60.00
143981,59.50,51.76,60.00
143991,59.50,51.87,60.00
144001,59.51,51.82,60.00
144011,59.51,51.84,60.00
144021,59.52,51.76,60.00
144031,59.51,51.94,60.00
144041,59.51,51.92,60.00
144051,59.52,51.77,60.00
144061,59.52,51.94,60.00
144071,59.52,51.80,60.00
144081,59.53,51.70,60.00
144091,59.53,51.94,60.00
144101,59.54,51.82,60.00
144111,59.54,51.83,60.00
144121,59.55,51.77,60.00
144131,59.54,52.02,60.00
144141,59.55,51.76,60.00
144151,59.55,51.88,60.00
144161,59.55,51.94,60.00
144171,59.55,51.81,60.00
144181,59.56,51.80,60.00
144191,59.56,51.91,60.00
144201,59.56,51.96,60.00
144211,59.57,51.77,60.00
144221,59.56,51.96,60.00
144231,59.56,51.94,60.00
144241,59.57,51.75,60.00
144251,59.57,52.00,60.00
144261,59.57,51.99,60.00
144271,59.57,51.88,60.00
144281,59.58,51.79,60.00
144291,59.57,52.01,60.00
144301,59.57,51.93,60.00
144311,59.58,51.82,60.00
144321,59.57,52.09,60.00
144331,59.58,51.86,60.00
144341,59.58,51.85,60.00
144351,59.58,51.89,60.00
144361,59.58,51.98,60.00
144371,59.59,51.77,60.00
144381,59.59,51.90,60.00
144391,59.59,52.07,60.00
144401,59.60,51.79,60.00
144411,59.60,51.93,60.00
144421,59.59,52.03,60.00
144431,59.60,51.83,60.00
144441,59.61,51.80,60.00
144451,59.62,51.84,60.00
144461,59.61,51.97,60.00
144471,59.63,51.69,60.00
144481,59.63,51.95,60.00
144491,59.62,52.13,60.00
144501,59.63,51.84,60.00
144511,59.63,51.90,60.00
144521,59.63,51.92,60.00
144531,59.64,51.89,60.00
144541,59.65,51.76,60.00
144551,59.65,51.96,60.00
144561,59.64,52.04,60.00
144571,59.66,51.71,60.00
144581,59.65,52.03,60.00
144591,59.65,52.07,60.00
144601,59.65,51.84,60.00
144611,59.66,51.89,60.00
144621,59.66,51.98,60.00
144631,59.66,51.90,60.00
144641,59.67,51.81,60.00
144651,59.67,52.00,60.00
144661,59.67,51.96,60.00
144671,59.68,51.87,60.00
144681,59.68,51.97,60.00
144691,59.67,52.07,60.00
144701,59.67,51.96,60.00
144711,59.67,52.00,60.00
144721,59.67,52.07,60.00
144731,59.67,51.98,60.00
144741,59.68,51.82,60.00
144751,59.68,51.95,60.00
144761,59.68,51.93,60.00
144771,59.69,51.85,60.00
144781,59.69,51.95,60.00
144791,59.69,51.92,60.00
144801,59.70,51.90,60.00
144811,59.70,51.86,60.00
144821,59.71,51.94,60.00
144831,59.71,51.94,60.00
144841,59.72,51.87,60.00
144851,59.72,51.90,60.00
144861,59.73,51.81,60.00
144871,59.73,51.91,60.00
144881,59.73,51.98,60.00
144891,59.74,51.84,60.00
144901,59.75,51.70,60.00
144911,59.75,51.99,60.00
144921,59.76,51.86,60.00
144931,59.77,51.80,60.00
144941,59.78,51.79,60.00
144951,59.77,52.03,60.00
144961,59.78,51.76,60.00
144971,59.79,51.76,60.00
144981,59.79,52.01,60.00
144991,59.79,51.93,60.00
145001,59.80,51.76,60.00
145011,59.81,51.84,60.00
145021,59.82,51.76,60.00
145031,59.82,51.88,60.00
145041,59.82,51.94,60.00
145051,59.83,51.88,60.00
145061,59.84,51.70,60.00
145071,59.84,52.02,60.00
145081,59.84,51.94,60.00
145091,59.85,51.75,60.00
145101,59.85,51.84,60.00
145111,59.84,52.18,60.00
145121,59.85,51.84,60.00
145131,59.86,51.61,60.00
145141,59.86,52.04,60.00
145151,59.87,51.82,60.00
145161,59.88,51.55,60.00
145171,59.89,51.89,60.00
145181,59.88,52.04,60.00
145191,59.89,51.76,60.00
145201,59.90,51.69,60.00
145211,59.90,52.03,60.00
145221,59.90,51.88,60.00
145231,59.92,51.54,60.00
145241,59.91,51.99,60.00
145251,59.91,51.92,60.00
145261,59.93,51.54,60.00
145271,59.94,51.70,60.00
145281,59.94,51.90,60.00
145291,59.95,51.79,60.00
145301,59.97,51.56,60.00
145311,59.97,51.86,60.00
145321,59.97,51.85,60.00
145331,59.99,51.48,60.00
145341,60.00,51.69,60.00
145351,60.00,51.85,60.00
145361,60.01,51.67,60.00
145371,60.03,51.52,60.00
145381,60.03,51.74,60.00
145391,60.04,51.72,60.00
145401,60.05,51.53,60.00
145411,60.06,51.67,60.00
145421,60.06,51.92,60.00
145431,60.07,51.66,60.00
145441,60.07,51.72,60.00
145451,60.08,51.72,60.00
145461,60.09,51.61,60.00
145471,60.10,51.59,60.00
145481,60.11,51.67,60.00
145491,60.11,51.70,60.00
145501,60.12,51.58,60.00
145511,60.13,51.68,60.00
145521,60.14,51.65,60.00
145531,60.14,51.65,60.00
145541,60.15,51.70,60.00
145551,60.15,51.60,60.00
145561,60.15,51.78,60.00
145571,60.16,51.64,60.00
145581,60.16,51.75,60.00
145591,60.17,51.67,60.00
145601,60.17,51.66,60.00
145611,60.17,51.77,60.00
145621,60.18,51.64,60.00
145631,60.18,51.77,60.00
145641,60.18,51.63,60.00
145651,60.18,51.81,60.00
145661,60.18,51.64,60.00
145671,60.19,51.65,60.00
145681,60.19,51.76,60.00
145691,60.19,51.68,60.00
145701,60.19,51.68,60.00
145711,60.19,51.71,60.00
145721,60.20,51.72,60.00
145731,60.20,51.65,60.00
145741,60.21,51.60,60.00
145751,60.20,51.74,60.00
145761,60.21,51.55,60.00
145771,60.21,51.68,60.00
145781,60.22,51.69,60.00
145791,60.22,51.61,60.00
145801,60.22,51.70,60.00
145811,60.22,51.73,60.00
145821,60.22,51.76,60.00
145831,60.23,51.52,60.00
145841,60.22,51.84,60.00
145851,60.22,51.62,60.00
145861,60.23,51.56,60.00
145871,60.23,51.67,60.00
145881,60.22,51.79,60.00
145891,60.24,51.47,60.00
145901,60.24,51.67,60.00
145911,60.23,51.81,60.00
145921,60.23,51.61,60.00
145931,60.24,51.60,60.00
145941,60.23,51.78,60.00
145951,60.23,51.61,60.00
145961,60.24,51.57,60.00
145971,60.24,51.69,60.00
145981,60.24,51.70,60.00
145991,60.25,51.48,60.00
146001,60.24,51.78,60.00
146011,60.24,51.63,60.00
146021,60.25,51.54,60.00
146031,60.25,51.69,60.00
146041,60.25,51.65,60.00
146051,60.25,51.47,60.00
146061,60.26,51.59,60.00
146071,60.25,51.78,60.00
146081,60.26,51.46,60.00
146091,60.26,51.64,60.00
146101,60.27,51.51,60.00
146111,60.27,51.63,60.00
146121,60.26,51.78,60.00
146131,60.26,51.64,60.00
146141,60.27,51.37,60.00
146151,60.26,51.74,60.00
146161,60.27,51.57,60.00
146171,60.28,51.29,60.00
146181,60.28,51.73,60.00
146191,60.28,51.63,60.00
146201,60.29,51.35,60.00
146211,60.29,51.56,60.00
146221,60.28,51.80,60.00
146231,60.29,51.38,60.00
146241,60.29,51.60,60.00
146251,60.28,51.79,60.00
146261,60.29,51.34,60.00
146271,60.29,51.57,60.00
146281,60.29,51.76,60.00
146291,60.29,51.43,60.00
146301,60.30,51.50,60.00
146311,60.28,51.91,60.00
146321,60.29,51.37,60.00
146331,60.29,51.49,60.00
146341,60.29,51.77,60.00
146351,60.29,51.46,60.00
146361,60.30,51.46,60.00
146371,60.29,51.74,60.00
146381,60.29,51.47,60.00
146391,60.29,51.52,60.00
146401,60.28,51.77,60.00
146411,60.29,51.45,60.00
146421,60.29,51.53,60.00
146431,60.29,51.60,60.00
146441,60.29,51.60,60.00
146451,60.29,51.43,60.00
146461,60.29,51.57,60.00
146471,60.29,51.51,60.00
146481,60.29,51.53,60.00
146491,60.29,51.55,60.00
146501,60.29,51.55,60.00
146511,60.30,51.48,60.00
146521,60.30,51.46,60.00
146531,60.29,51.66,60.00
146541,60.30,51.49,60.00
146551,60.30,51.44,60.00
146561,60.29,51.64,60.00
146571,60.30,51.31,60.00
146581,60.31,51.39,60.00
146591,60.30,51.70,60.00
146601,60.32,51.23,60.00
146611,60.31,51.56,60.00
146621,60.30,51.70,60.00
146631,60.31,51.33,60.00
146641,60.31,51.63,60.00
146651,60.30,51.59,60.00
146661,60.31,51.36,60.00
146671,60.30,51.64,60.00
146681,60.31,51.41,60.00
146691,60.31,51.46,60.00
146701,60.31,51.53,60.00
146711,60.31,51.49,60.00
146721,60.31,51.49,60.00
146731,60.31,51.45,60.00
146741,60.31,51.52,60.00
146751,60.30,51.57,60.00
146761,60.31,51.36,60.00
146771,60.30,51.68,60.00
146781,60.30,51.39,60.00
146791,60.31,51.38,60.00
146801,60.29,51.72,60.00
146811,60.30,51.34,60.00
146821,60.30,51.45,60.00
146831,60.29,51.70,60.00
146841,60.30,51.29,60.00
146851,60.29,51.61,60.00
146861,60.29,51.53,60.00
146871,60.29,51.35,60.00
146881,60.30,51.40,60.00
146891,60.29,51.62,60.00
146901,60.29,51.44,60.00
146911,60.29,51.50,60.00
146921,60.29,51.51,60.00
146931,60.28,51.53,60.00
146941,60.29,51.36,60.00
146951,60.28,51.69,60.00
146961,60.28,51.44,60.00
146971,60.28,51.42,60.00
146981,60.27,51.68,60.00
146991,60.27,51.49,60.00
147001,60.27,51.43,60.00
147011,60.25,51.76,60.00
147021,60.26,51.37,60.00
147031,60.26,51.49,60.00
147041,60.25,51.59,60.00
147051,60.25,51.42,60.00
147061,60.25,51.51,60.00
147071,60.25,51.51,60.00
147081,60.25,51.34,60.00
147091,60.25,51.56,60.00
147101,60.25,51.38,60.00
147111,60.25,51.50,60.00
147121,60.24,51.53,60.00
147131,60.24,51.50,60.00
147141,60.24,51.49,60.00
147151,60.24,51.48,60.00
147161,60.24,51.46,60.00
147171,60.23,51.53,60.00
147181,60.23,51.42,60.00
147191,60.23,51.52,60.00
147201,60.23,51.42,60.00
147211,60.23,51.49,60.00
147221,60.23,51.35,60.00
147231,60.23,51.53,60.00
147241,60.22,51.65,60.00
147251,60.22,51.39,60.00
147261,60.23,51.21,60.00
147271,60.22,51.58,60.00
147281,60.24,51.22,60.00
147291,60.24,51.29,60.00
147301,60.24,51.49,60.00
147311,60.24,51.37,60.00
147321,60.24,51.39,60.00
147331,60.24,51.49,60.00
147341,60.25,51.23,60.00
147351,60.24,51.48,60.00
147361,60.25,51.39,60.00
147371,60.24,51.58,60.00
147381,60.24,51.41,60.00
147391,60.24,51.47,60.00
147401,60.23,51.57,60.00
147411,60.23,51.35,60.00
147421,60.23,51.43,60.00
147431,60.22,51.63,60.00
147441,60.23,51.27,60.00
147451,60.22,51.53,60.00
147461,60.21,51.53,60.00
147471,60.22,51.23,60.00
147481,60.22,51.43,60.00
147491,60.22,51.49,60.00
147501,60.23,51.15,60.00
147511,60.23,51.37,60.00
147521,60.23,51.42,60.00
147531,60.24,51.20,60.00
147541,60.24,51.45,60.00
147551,60.24,51.31,60.00
147561,60.25,51.27,60.00
147571,60.25,51.39,60.00
147581,60.24,51.49,60.00
147591,60.25,51.24,60.00
147601,60.25,51.40,60.00
147611,60.24,51.43,60.00
147621,60.24,51.43,60.00
147631,60.24,51.32,60.00
147641,60.24,51.51,60.00
147651,60.24,51.28,60.00
147661,60.23,51.48,60.00
147671,60.23,51.50,60.00
147681,60.22,51.53,60.00
147691,60.22,51.39,60.00
147701,60.22,51.43,60.00
147711,60.22,51.39,60.00
147721,60.23,51.20,60.00
147731,60.22,51.50,60.00
147741,60.22,51.29,60.00
147751,60.23,51.23,60.00
147761,60.23,51.37,60.00
147771,60.22,51.46,60.00
147781,60.23,51.13,60.00
147791,60.23,51.45,60.00
147801,60.23,51.39,60.00
147811,60.23,51.27,60.00
147821,60.23,51.38,60.00
147831,60.23,51.41,60.00
147841,60.24,51.17,60.00
147851,60.23,51.51,60.00
147861,60.23,51.30,60.00
147871,60.23,51.37,60.00
147881,60.23,51.34,60.00
147891,60.22,51.41,60.00
147901,60.23,51.28,60.00
147911,60.22,51.44,60.00
147921,60.22,51.39,60.00
147931,60.22,51.34,60.00
147941,60.22,51.31,60.00
147951,60.21,51.54,60.00
147961,60.22,51.20,60.00
147971,60.21,51.42,60.00
147981,60.21,51.47,60.00
147991,60.21,51.23,60.00
148001,60.21,51.45,60.00
148011,60.20,51.54,60.00
148021,60.21,51.08,60.00
148031,60.20,51.44,60.00
148041,60.21,51.29,60.00
148051,60.21,51.15,60.00
148061,60.21,51.43,60.00
148071,60.21,51.41,60.00
148081,60.21,51.24,60.00
148091,60.21,51.38,60.00
148101,60.20,51.40,60.00
148111,60.20,51.32,60.00
148121,60.20,51.37,60.00
148131,60.20,51.38,60.00
148141,60.20,51.32,60.00
148151,60.20,51.37,60.00
148161,60.19,51.44,60.00
148171,60.19,51.26,60.00
148181,60.19,51.39,60.00
148191,60.19,51.37,60.00
148201,60.19,51.26,60.00
148211,60.19,51.38,60.00
148221,60.19,51.33,60.00
148231,60.19,51.33,60.00
148241,60.18,51.38,60.00
148251,60.18,51.34,60.00
148261,60.18,51.27,60.00
148271,60.18,51.41,60.00
148281,60.18,51.33,60.00
148291,60.18,51.33,60.00
148301,60.18,51.22,60.00
148311,60.18,51.41,60.00
148321,60.17,51.51,60.00
148331,60.17,51.20,60.00
148341,60.17,51.28,60.00
148351,60.17,51.42,60.00
148361,60.17,51.39,60.00
148371,60.18,51.11,60.00
148381,60.17,51.44,60.00
148391,60.17,51.33,60.00
148401,60.17,51.17,60.00
148411,60.17,51.41,60.00
148421,60.17,51.29,60.00
148431,60.17,51.29,60.00
148441,60.17,51.41,60.00
148451,60.17,51.24,60.00
148461,60.17,51.25,60.00
148471,60.17,51.35,60.00
148481,60.17,51.18,60.00
148491,60.17,51.32,60.00
148501,60.17,51.36,60.00
148511,60.17,51.36,60.00
148521,60.17,51.16,60.00
148531,60.16,51.49,60.00
148541,60.17,51.18,60.00
148551,60.17,51.19,60.00
148561,60.17,51.44,60.00
148571,60.18,51.10,60.00
148581,60.18,51.23,60.00
148591,60.17,51.38,60.00
148601,60.18,51.06,60.00
148611,60.18,51.41,60.00
148621,60.18,51.18,60.00
148631,60.19,51.17,60.00
148641,60.18,51.32,60.00
148651,60.19,51.22,60.00
148661,60.19,51.21,60.00
148671,60.19,51.18,60.00
148681,60.19,51.39,60.00
148691,60.20,51.05,60.00
148701,60.20,51.20,60.00
148711,60.20,51.32,60.00
148721,60.21,51.04,60.00
148731,60.21,51.22,60.00
148741,60.21,51.26,60.00
148751,60.22,50.96,60.00
148761,60.21,51.47,60.00
148771,60.22,51.08,60.00
148781,60.22,51.18,60.00
148791,60.22,51.35,60.00
148801,60.22,51.16,60.00
148811,60.22,51.19,60.00
148821,60.22,51.33,60.00
148831,60.22,51.22,60.00
148841,60.21,51.27,60.00
148851,60.21,51.26,60.00
148861,60.20,51.37,60.00
148871,60.22,51.01,60.00
148881,60.21,51.40,60.00
148891,60.20,51.27,60.00
148901,60.21,51.14,60.00
148911,60.20,51.44,60.00
148921,60.21,51.08,60.00
148931,60.20,51.26,60.00
148941,60.20,51.32,60.00
148951,60.21,51.02,60.00
148961,60.21,51.26,60.00
148971,60.21,51.24,60.00
148981,60.21,51.16,60.00
148991,60.21,51.17,60.00
149001,60.21,51.25,60.00
149011,60.20,51.26,60.00
149021,60.21,51.13,60.00
149031,60.20,51.44,60.00
149041,60.20,51.09,60.00
149051,60.20,51.35,60.00
149061,60.19,51.26,60.00
149071,60.20,51.14,60.00
149081,60.19,51.40,60.00
149091,60.19,51.23,60.00
149101,60.18,51.29,60.00
149111,60.18,51.26,60.00
149121,60.17,51.34,60.00
149131,60.17,51.21,60.00
149141,60.17,51.31,60.00
149151,60.17,51.25,60.00
149161,60.18,51.03,60.00
149171,60.17,51.24,60.00
149181,60.18,51.19,60.00
149191,60.18,51.05,60.00
149201,60.18,51.26,60.00
149211,60.18,51.13,60.00
149221,60.19,51.05,60.00
149231,60.19,51.26,60.00
149241,60.20,50.99,60.00
149251,60.20,51.13,60.00
149261,60.20,51.14,60.00
149271,60.21,51.09,60.00
149281,60.21,51.09,60.00
149291,60.21,51.21,60.00
149301,60.21,51.03,60.00
149311,60.21,51.18,60.00
149321,60.22,51.08,60.00
149331,60.22,51.13,60.00
149341,60.21,51.27,60.00
149351,60.22,51.14,60.00
149361,60.22,51.16,60.00
149371,60.21,51.18,60.00
149381,60.21,51.18,60.00
149391,60.22,51.04,60.00
149401,60.22,51.18,60.00
149411,60.21,51.21,60.00
149421,60.22,51.11,60.00
149431,60.22,51.14,60.00
149441,60.21,51.24,60.00
149451,60.22,51.03,60.00
149461,60.22,51.19,60.00
149471,60.22,51.15,60.00
149481,60.21,51.17,60.00
149491,60.22,51.10,60.00
149501,60.21,51.17,60.00
149511,60.21,51.27,60.00
149521,60.21,51.03,60.00
149531,60.21,51.26,60.00
149541,60.20,51.25,60.00
149551,60.21,50.93,60.00
149561,60.20,51.36,60.00
149571,60.20,51.24,60.00
149581,60.20,51.01,60.00
149591,60.20,51.13,60.00
149601,60.20,51.15,60.00
149611,60.22,50.76,60.00
149621,60.20,51.55,60.00
149631,60.21,50.89,60.00
149641,60.20,51.26,60.00
149651,60.20,51.13,60.00
149661,60.20,51.14,60.00
149671,60.21,51.05,60.00
149681,60.20,51.21,60.00
149691,60.20,51.15,60.00
149701,60.21,50.97,60.00
149711,60.20,51.29,60.00
149721,60.20,50.99,60.00
149731,60.20,51.14,60.00
149741,60.20,51.08,60.00
149751,60.20,51.13,60.00
149761,60.20,51.12,60.00
149771,60.20,51.18,60.00
149781,60.20,51.13,60.00
149791,60.20,51.04,60.00
149801,60.19,51.27,60.00
149811,60.20,51.03,60.00
149821,60.19,51.33,60.00
149831,60.18,51.23,60.00
149841,60.18,51.04,60.00
149851,60.18,51.26,60.00
149861,60.17,51.16,60.00
149871,60.18,51.07,60.00
149881,60.17,51.21,60.00
149891,60.17,51.06,60.00
149901,60.18,51.06,60.00
149911,60.17,51.18,60.00
149921,60.18,51.06,60.00
149931,60.17,51.12,60.00
149941,60.17,51.21,60.00
149951,60.18,50.97,60.00
149961,60.17,51.13,60.00
149971,60.17,51.12,60.00
149981,60.18,51.04,60.00
149991,60.17,51.23,60.00
150001,60.17,51.12,60.00
150011,60.17,16.04,0.00
150021,60.17,15.86,0.00
150031,60.16,15.44,0.00
150041,60.14,15.51,0.00
150051,60.10,15.22,0.00
150061,60.07,14.89,0.00
150071,60.03,14.54,0.00
150081,59.98,14.50,0.00
150091,59.92,14.28,0.00
150101,59.81,14.91,0.00
150111,59.68,15.10,0.00
150121,59.53,15.13,0.00
150131,59.36,15.22,0.00
150141,59.15,15.84,0.00
150151,58.92,15.79,0.00
150161,58.66,16.33,0.00
150171,58.37,16.57,0.00
150181,58.05,17.15,0.00
150191,57.70,17.32,0.00
150201,57.32,18.05,0.00
150211,56.93,17.92,0.00
150221,56.55,17.53,0.00
150231,56.06,19.59,0.00
150241,55.59,19.26,0.00
150251,55.03,20.92,0.00
150261,54.48,20.69,0.00
150271,53.88,21.82,0.00
150281,53.26,21.92,0.00
150291,52.61,22.74,0.00
150301,51.94,23.27,0.00
150311,51.23,24.03,0.00
150321,50.48,24.89,0.00
150331,49.72,25.11,0.00
150341,48.92,26.28,0.00
150351,48.11,26.52,0.00
150361,47.24,27.92,0.00
150371,46.36,28.20,0.00
150381,45.43,29.52,0.00
150391,44.50,29.82,0.00
150401,43.54,30.60,0.00
150411,42.55,31.63,0.00
150421,41.51,32.83,0.00
150431,40.46,33.40,0.00
150441,39.38,34.28,0.00
150451,38.27,35.36,0.00
150461,37.14,36.08,0.00
150471,36.02,36.34,0.00
150481,34.88,37.22,0.00
150491,33.72,38.01,0.00
150501,32.53,38.94,0.00
150511,31.36,39.29,0.00
150521,30.17,39.90,0.00
150531,28.98,40.60,0.00
150541,27.79,40.94,0.00
150551,26.59,41.69,0.00
150561,25.39,42.25,0.00
150571,24.21,42.51,0.00
150581,23.02,43.04,0.00
150591,21.83,43.68,0.00
150601,20.63,44.49,0.00
150611,19.43,44.94,0.00
150621,18.23,45.40,0.00
150631,17.06,45.50,0.00
150641,15.91,45.73,0.00
150651,14.77,46.05,0.00
150661,13.62,46.70,0.00
150671,12.49,46.94,0.00
150681,11.40,46.69,0.00
150691,10.34,46.62,0.00
150701,9.32,46.48,0.00
150711,8.29,47.01,0.00
150721,7.30,46.90,0.00
150731,6.35,46.54,0.00
150741,5.42,46.53,0.00
150751,4.51,46.67,0.00
150761,3.66,46.17,0.00
150771,2.82,46.20,0.00
150781,2.00,46.37,0.00
150791,1.24,45.55,0.00
150801,0.50,45.40,0.00
150811,-0.21,45.39,0.00
150821,-0.86,44.58,0.00
150831,-1.48,44.41,0.00
150841,-2.09,44.46,0.00
150851,-2.64,43.59,0.00
150861,-3.16,43.26,0.00
150871,-3.65,43.14,0.00
150881,-4.08,42.23,0.00
150891,-4.48,41.68,0.00
150901,-4.86,41.73,0.00
150911,-5.21,41.14,0.00
150921,-5.49,40.08,0.00
150931,-5.75,39.84,0.00
150941,-5.98,39.56,0.00
150951,-6.20,39.37,0.00
150961,-6.37,38.46,0.00
150971,-6.49,37.73,0.00
150981,-6.58,37.06,0.00
150991,-6.63,36.52,0.00
151001,-6.64,35.68,0.00
151011,-6.63,35.28,0.00
151021,-6.59,34.81,0.00
151031,-6.52,34.03,0.00
151041,-6.40,33.18,0.00
151051,-6.27,32.74,0.00
151061,-6.12,32.48,0.00
151071,-5.98,32.66,0.00
151081,-5.83,32.35,0.00
151091,-5.64,31.47,0.00
151101,-5.45,31.32,0.00
151111,-5.23,30.71,0.00
151121,-4.99,30.18,0.00
151131,-4.74,29.91,0.00
151141,-4.47,29.35,0.00
151151,-4.19,29.05,0.00
151161,-3.89,28.35,0.00
151171,-3.58,28.18,0.00
151181,-3.26,27.76,0.00
151191,-2.94,27.56,0.00
151201,-2.59,26.92,0.00
151211,-2.24,26.65,0.00
151221,-1.88,26.20,0.00
151231,-1.51,25.86,0.00
151241,-1.13,25.37,0.00
151251,-0.76,25.46,0.00
151261,-0.37,24.68,0.00
151271,0.03,24.32,0.00
151281,0.42,24.42,0.00
151291,0.81,24.07,0.00
151301,1.20,23.96,0.00
151311,1.59,23.53,0.00
151321,1.99,23.31,0.00
151331,2.39,22.89,0.00
151341,2.79,22.64,0.00
151351,3.21,22.03,0.00
151361,3.63,21.84,0.00
151371,4.04,21.69,0.00
151381,4.43,21.82,0.00
151391,4.83,21.28,0.00
151401,5.21,21.54,0.00
151411,5.59,21.28,0.00
151421,5.99,20.73,0.00
151431,6.37,20.70,0.00
151441,6.73,20.75,0.00
151451,7.11,20.40,0.00
151461,7.48,20.00,0.00
151471,7.86,19.83,0.00
151481,8.21,20.05,0.00
151491,8.56,19.75,0.00
151501,8.88,20.06,0.00
151511,9.21,19.70,0.00
151521,9.55,19.17,0.00
151531,9.87,19.37,0.00
151541,10.19,19.25,0.00
151551,10.51,18.88,0.00
151561,10.80,19.17,0.00
151571,11.09,18.96,0.00
151581,11.35,19.26,0.00
151591,11.59,19.54,0.00
151601,11.83,19.34,0.00
151611,12.07,19.18,0.00
151621,12.30,19.05,0.00
151631,12.52,19.18,0.00
151641,12.73,19.11,0.00
151651,12.92,19.18,0.00
151661,13.11,19.04,0.00
151671,13.27,19.46,0.00
151681,13.41,19.76,0.00
151691,13.54,19.82,0.00
151701,13.68,19.40,0.00
151711,13.78,20.02,0.00
151721,13.87,20.04,0.00
151731,13.95,20.27,0.00
151741,14.01,20.34,0.00
151751,14.10,19.80,0.00
151761,14.14,20.66,0.00
151771,14.18,20.35,0.00
151781,14.20,20.82,0.00
151791,14.20,21.04,0.00
151801,14.22,20.54,0.00
151811,14.20,21.23,0.00
151821,14.19,21.09,0.00
151831,14.14,21.64,0.00
151841,14.10,21.51,0.00
151851,14.05,21.56,0.00
151861,13.97,22.20,0.00
151871,13.89,22.04,0.00
151881,13.79,22.38,0.00
151891,13.70,22.26,0.00
151901,13.59,22.66,0.00
151911,13.45,23.06,0.00
151921,13.31,23.20,0.00
151931,13.17,23.25,0.00
151941,13.01,23.61,0.00
151951,12.85,23.52,0.00
151961,12.67,23.92,0.00
151971,12.49,24.06,0.00
151981,12.30,24.34,0.00
151991,12.09,24.51,0.00
152001,11.89,24.71,0.00
152011,11.66,24.98,0.00
152021,11.45,24.98,0.00
152031,11.22,25.17,0.00
152041,10.97,25.75,0.00
152051,10.73,25.60,0.00
152061,10.48,26.00,0.00
152071,10.21,26.37,0.00
152081,9.94,26.42,0.00
152091,9.67,26.58,0.00
152101,9.39,26.95,0.00
152111,9.12,26.67,0.00
152121,8.83,27.25,0.00
152131,8.54,27.39,0.00
152141,8.22,28.03,0.00
152151,7.92,27.89,0.00
152161,7.63,27.78,0.00
152171,7.33,28.02,0.00
152181,7.01,28.52,0.00
152191,6.71,28.40,0.00
152201,6.42,28.32,0.00
152211,6.12,28.59,0.00
152221,5.82,28.67,0.00
152231,5.53,28.70,0.00
152241,5.23,28.95,0.00
152251,4.91,29.50,0.00
152261,4.61,29.23,0.00
152271,4.33,29.03,0.00
152281,4.04,29.36,0.00
152291,3.74,29.75,0.00
152301,3.44,29.80,0.00
152311,3.13,30.36,0.00
152321,2.84,29.93,0.00
152331,2.53,30.38,0.00
152341,2.24,30.39,0.00
152351,1.97,29.91,0.00
152361,1.71,29.94,0.00
152371,1.46,29.89,0.00
152381,1.21,30.18,0.00
152391,0.96,30.16,0.00
152401,0.71,30.26,0.00
152411,0.46,30.38,0.00
152421,0.22,30.31,0.00
152431,0.00,30.08,0.00
152441,-0.21,30.06,0.00
152451,-0.43,30.34,0.00
152461,-0.64,30.32,0.00
152471,-0.82,29.88,0.00
152481,-1.00,29.92,0.00
152491,-1.20,30.31,0.00
152501,-1.38,30.18,0.00
152511,-1.55,30.04,0.00
152521,-1.71,29.94,0.00
152531,-1.85,29.67,0.00
152541,-1.99,29.73,0.00
152551,-2.12,29.54,0.00
152561,-2.24,29.62,0.00
152571,-2.34,29.14,0.00
152581,-2.45,29.55,0.00
152591,-2.54,29.15,0.00
152601,-2.62,28.98,0.00
152611,-2.69,28.74,0.00
152621,-2.76,28.92,0.00
152631,-2.81,28.61,0.00
152641,-2.85,28.37,0.00
152651,-2.88,28.19,0.00
152661,-2.89,27.99,0.00
152671,-2.90,27.88,0.00
152681,-2.90,27.64,0.00
152691,-2.89,27.61,0.00
152701,-2.88,27.52,0.00
152711,-2.85,27.00,0.00
152721,-2.80,26.70,0.00
152731,-2.74,26.61,0.00
152741,-2.69,26.73,0.00
152751,-2.63,26.36,0.00
152761,-2.55,26.20,0.00
152771,-2.47,26.03,0.00
152781,-2.39,25.92,0.00
152791,-2.30,25.73,0.00
152801,-2.21,25.66,0.00
152811,-2.11,25.58,0.00
152821,-2.02,25.68,0.00
152831,-1.91,25.17,0.00
152841,-1.82,25.51,0.00
152851,-1.69,24.59,0.00
152861,-1.54,24.24,0.00
152871,-1.39,24.14,0.00
152881,-1.26,24.38,0.00
152891,-1.13,24.41,0.00
152901,-0.98,24.05,0.00
152911,-0.83,23.73,0.00
152921,-0.67,23.65,0.00
152931,-0.51,23.46,0.00
152941,-0.36,23.48,0.00
152951,-0.20,23.41,0.00
152961,-0.05,23.35,0.00
152971,0.11,23.10,0.00
152981,0.29,22.60,0.00
152991,0.45,22.84,0.00
153001,0.64,22.28,0.00
153011,0.80,22.69,0.00
153021,0.95,22.73,0.00
153031,1.12,22.22,0.00
153041,1.30,22.06,0.00
153051,1.47,22.08,0.00
153061,1.64,21.96,0.00
153071,1.81,21.90,0.00
153081,1.96,22.19,0.00
153091,2.13,21.51,0.00
153101,2.30,21.59,0.00
153111,2.46,21.60,0.00
153121,2.60,21.98,0.00
153131,2.77,21.18,0.00
153141,2.93,21.29,0.00
153151,3.09,21.16,0.00
153161,3.23,21.58,0.00
153171,3.38,21.19,0.00
153181,3.52,21.16,0.00
153191,3.66,21.18,0.00
153201,3.79,21.34,0.00
153211,3.93,20.92,0.00
153221,4.06,21.11,0.00
153231,4.19,20.81,0.00
153241,4.31,21.15,0.00
153251,4.43,20.90,0.00
153261,4.55,20.93,0.00
153271,4.67,20.71,0.00
153281,4.77,21.01,0.00
153291,4.87,20.99,0.00
153301,4.99,20.58,0.00
153311,5.08,20.92,0.00
153321,5.15,21.20,0.00
153331,5.25,20.62,0.00
153341,5.35,20.66,0.00
153351,5.43,20.78,0.00
153361,5.50,20.91,0.00
153371,5.58,20.83,0.00
153381,5.65,20.80,0.00
153391,5.72,20.68,0.00
153401,5.78,20.95,0.00
153411,5.84,20.63,0.00
153421,5.88,21.25,0.00
153431,5.90,21.39,0.00
153441,5.93,21.21,0.00
153451,5.95,21.33,0.00
153461,5.97,21.41,0.00
153471,5.97,21.67,0.00
153481,5.97,21.57,0.00
153491,5.98,21.33,0.00
153501,5.96,22.00,0.00
153511,5.96,21.65,0.00
153521,5.94,21.72,0.00
153531,5.91,22.05,0.00
153541,5.88,22.11,0.00
153551,5.86,21.88,0.00
153561,5.82,22.16,0.00
153571,5.78,22.24,0.00
153581,5.74,22.08,0.00
153591,5.69,22.41,0.00
153601,5.62,22.80,0.00
153611,5.57,22.35,0.00
153621,5.51,22.63,0.00
153631,5.43,22.84,0.00
153641,5.35,23.02,0.00
153651,5.26,23.18,0.00
153661,5.18,22.99,0.00
153671,5.09,23.31,0.00
153681,5.00,23.18,0.00
153691,4.91,23.20,0.00
153701,4.82,23.34,0.00
153711,4.73,23.26,0.00
153721,4.63,23.68,0.00
153731,4.54,23.22,0.00
153741,4.43,23.76,0.00
153751,4.33,23.64,0.00
153761,4.23,23.76,0.00
153771,4.12,23.88,0.00
153781,4.02,23.60,0.00
153791,3.91,24.00,0.00
153801,3.79,24.15,0.00
153811,3.68,24.04,0.00
153821,3.56,24.35,0.00
153831,3.44,24.30,0.00
153841,3.31,24.44,0.00
153851,3.20,24.34,0.00
153861,3.08,24.41,0.00
153871,2.96,24.47,0.00
153881,2.84,24.62,0.00
153891,2.71,24.86,0.00
153901,2.58,24.86,0.00
153911,2.45,24.90,0.00
153921,2.33,24.79,0.00
153931,2.22,24.71,0.00
153941,2.09,24.98,0.00
153951,1.96,25.14,0.00
153961,1.85,24.98,0.00
153971,1.73,25.04,0.00
153981,1.61,25.06,0.00
153991,1.50,25.05,0.00
154001,1.37,25.40,0.00
154011,1.26,25.18,0.00
154021,1.15,25.03,0.00
154031,1.03,25.45,0.00
154041,0.91,25.61,0.00
154051,0.79,25.42,0.00
154061,0.69,25.28,0.00
154071,0.58,25.38,0.00
154081,0.47,25.67,0.00
154091,0.37,25.31,0.00
154101,0.27,25.38,0.00
154111,0.19,25.11,0.00
154121,0.09,25.43,0.00
154131,-0.01,25.63,0.00
154141,-0.10,25.58,0.00
154151,-0.19,25.36,0.00
154161,-0.26,25.26,0.00
154171,-0.33,25.08,0.00
154181,-0.42,25.62,0.00
154191,-0.49,25.44,0.00
154201,-0.57,25.40,0.00
154211,-0.63,25.28,0.00
154221,-0.70,25.41,0.00
154231,-0.77,25.43,0.00
154241,-0.84,25.48,0.00
154251,-0.88,24.97,0.00
154261,-0.92,24.90,0.00
154271,-0.96,24.97,0.00
154281,-1.01,25.29,0.00
154291,-1.05,25.07,0.00
154301,-1.08,24.86,0.00
154311,-1.11,24.82,0.00
154321,-1.13,24.89,0.00
154331,-1.16,24.98,0.00
154341,-1.20,25.02,0.00
154351,-1.20,24.56,0.00
154361,-1.20,24.38,0.00
154371,-1.21,24.48,0.00
154381,-1.21,24.54,0.00
154391,-1.22,24.67,0.00
154401,-1.22,24.44,0.00
154411,-1.21,24.16,0.00
154421,-1.19,24.06,0.00
154431,-1.17,24.10,0.00
154441,-1.16,24.12,0.00
154451,-1.14,24.08,0.00
154461,-1.11,23.73,0.00
154471,-1.07,23.71,0.00
154481,-1.06,24.12,0.00
154491,-1.02,23.63,0.00
154501,-0.98,23.59,0.00
154511,-0.95,23.77,0.00
154521,-0.89,23.16,0.00
154531,-0.85,23.49,0.00
154541,-0.80,23.42,0.00
154551,-0.76,23.38,0.00
154561,-0.72,23.39,0.00
154571,-0.67,23.39,0.00
154581,-0.61,23.04,0.00
154591,-0.54,22.74,0.00
154601,-0.50,23.21,0.00
154611,-0.44,22.92,0.00
154621,-0.38,23.02,0.00
154631,-0.33,23.01,0.00
154641,-0.26,22.71,0.00
154651,-0.20,22.60,0.00
154661,-0.12,22.46,0.00
154671,-0.06,22.65,0.00
154681,0.00,22.67,0.00
154691,0.08,22.34,0.00
154701,0.16,22.14,0.00
154711,0.21,22.70,0.00
154721,0.26,22.69,0.00
154731,0.31,22.78,0.00
154741,0.38,22.31,0.00
154751,0.45,22.11,0.00
154761,0.52,22.19,0.00
154771,0.58,22.29,0.00
154781,0.65,22.13,0.00
154791,0.72,21.92,0.00
154801,0.81,21.64,0.00
154811,0.88,21.95,0.00
154821,0.94,21.98,0.00
154831,1.04,21.30,0.00
154841,1.11,21.70,0.00
154851,1.19,21.60,0.00
154861,1.26,21.65,0.00
154871,1.34,21.43,0.00
154881,1.39,21.90,0.00
154891,1.47,21.40,0.00
154901,1.54,21.53,0.00
154911,1.59,21.85,0.00
154921,1.66,21.31,0.00
154931,1.72,21.46,0.00
154941,1.78,21.68,0.00
154951,1.83,21.53,0.00
154961,1.89,21.52,0.00
154971,1.93,21.65,0.00
154981,1.98,21.61,0.00
154991,2.04,21.22,0.00
155001,2.09,21.32,0.00
155011,2.15,21.38,0.00
155021,2.20,21.32,0.00
155031,2.24,21.43,0.00
155041,2.27,21.58,0.00
155051,2.31,21.44,0.00
155061,2.35,21.42,0.00
155071,2.37,21.83,0.00
155081,2.39,21.78,0.00
155091,2.41,21.61,0.00
155101,2.45,21.38,0.00
155111,2.47,21.53,0.00
155121,2.50,21.55,0.00
155131,2.52,21.46,0.00
155141,2.54,21.60,0.00
155151,2.55,21.74,0.00
155161,2.56,21.59,0.00
155171,2.58,21.65,0.00
155181,2.60,21.46,0.00
155191,2.60,21.78,0.00
155201,2.60,21.83,0.00
155211,2.60,21.81,0.00
155221,2.59,21.95,0.00
155231,2.57,22.20,0.00
155241,2.56,21.84,0.00
155251,2.56,21.76,0.00
155261,2.56,21.85,0.00
155271,2.54,22.17,0.00
155281,2.50,22.53,0.00
155291,2.48,22.02,0.00
155301,2.47,22.08,0.00
155311,2.45,22.06,0.00
155321,2.43,22.09,0.00
155331,2.40,22.23,0.00
155341,2.35,22.73,0.00
155351,2.33,22.25,0.00
155361,2.32,21.91,0.00
155371,2.27,22.63,0.00
155381,2.24,22.41,0.00
155391,2.20,22.56,0.00
155401,2.17,22.29,0.00
155411,2.14,22.36,0.00
155421,2.09,22.70,0.00
155431,2.06,22.44,0.00
155441,2.03,22.31,0.00
155451,1.98,22.86,0.00
155461,1.94,22.56,0.00
155471,1.90,22.51,0.00
155481,1.85,22.81,0.00
155491,1.81,22.74,0.00
155501,1.78,22.44,0.00
155511,1.72,22.98,0.00
155521,1.68,22.77,0.00
155531,1.63,22.76,0.00
155541,1.59,22.80,0.00
155551,1.54,22.80,0.00
155561,1.48,23.22,0.00
155571,1.44,22.68,0.00
155581,1.39,23.05,0.00
155591,1.35,22.79,0.00
155601,1.30,23.08,0.00
155611,1.24,23.21,0.00
155621,1.19,22.98,0.00
155631,1.15,22.91,0.00
155641,1.10,23.04,0.00
155651,1.07,22.81,0.00
155661,1.04,22.69,0.00
155671,0.99,23.12,0.00
155681,0.94,23.11,0.00
155691,0.90,23.05,0.00
155701,0.84,23.42,0.00
155711,0.80,22.99,0.00
155721,0.75,23.16,0.00
155731,0.71,23.07,0.00
155741,0.66,23.41,0.00
155751,0.60,23.39,0.00
155761,0.56,23.19,0.00
155771,0.52,23.14,0.00
155781,0.47,23.41,0.00
155791,0.42,23.38,0.00
155801,0.38,23.22,0.00
155811,0.34,23.22,0.00
155821,0.30,23.28,0.00
155831,0.27,23.16,0.00
155841,0.23,23.42,0.00
155851,0.20,22.99,0.00
155861,0.17,23.21,0.00
155871,0.13,23.35,0.00
155881,0.10,23.10,0.00
155891,0.08,23.12,0.00
155901,0.06,22.89,0.00
155911,0.04,23.17,0.00
155921,0.02,22.86,0.00
155931,0.00,23.05,0.00
155941,-0.02,23.16,0.00
155951,-0.04,22.92,0.00
155961,-0.05,22.96,0.00
155971,-0.06,22.84,0.00
155981,-0.08,23.10,0.00
155991,-0.09,22.85,0.00
156001,-0.08,22.63,0.00
156011,-0.10,22.96,0.00
156021,-0.11,22.89,0.00
156031,-0.12,22.93,0.00
156041,-0.12,22.76,0.00
156051,-0.14,23.07,0.00
156061,-0.14,22.76,0.00
156071,-0.15,22.86,0.00
156081,-0.15,22.76,0.00
156091,-0.15,22.81,0.00
156101,-0.14,22.61,0.00
156111,-0.14,22.65,0.00
156121,-0.13,22.44,0.00
156131,-0.11,22.42,0.00
156141,-0.09,22.27,0.00
156151,-0.08,22.57,0.00
156161,-0.07,22.41,0.00
156171,-0.07,22.77,0.00
156181,-0.07,22.60,0.00
156191,-0.06,22.54,0.00
156201,-0.04,22.35,0.00
156211,-0.02,22.18,0.00
156221,0.00,22.17,0.00
156231,0.01,22.50,0.00
156241,0.02,22.49,0.00
156251,0.04,22.31,0.00
156261,0.05,22.38,0.00
156271,0.06,22.31,0.00
156281,0.07,22.44,0.00
156291,0.08,22.42,0.00
156301,0.09,22.50,0.00
156311,0.10,22.36,0.00
156321,0.12,22.23,0.00
156331,0.13,22.32,0.00
156341,0.14,22.35,0.00
156351,0.15,22.39,0.00
156361,0.17,22.03,0.00
156371,0.19,22.17,0.00
156381,0.20,22.37,0.00
156391,0.21,22.35,0.00
156401,0.22,22.30,0.00
156411,0.22,22.48,0.00
156421,0.22,22.49,0.00
156431,0.23,22.37,0.00
156441,0.24,22.25,0.00
156451,0.25,22.37,0.00
156461,0.26,22.14,0.00
156471,0.28,22.14,0.00
156481,0.30,22.07,0.00
156491,0.32,22.00,0.00
156501,0.34,22.15,0.00
156511,0.35,22.19,0.00
156521,0.36,22.23,0.00
156531,0.38,22.03,0.00
156541,0.38,22.25,0.00
156551,0.39,22.17,0.00
156561,0.40,22.28,0.00
156571,0.41,22.18,0.00
156581,0.42,22.20,0.00
156591,0.42,22.20,0.00
156601,0.43,22.19,0.00
156611,0.43,22.37,0.00
156621,0.44,22.11,0.00
156631,0.44,22.40,0.00
156641,0.45,22.20,0.00
156651,0.44,22.54,0.00
156661,0.46,21.88,0.00
156671,0.46,22.17,0.00
156681,0.46,22.39,0.00
156691,0.47,22.07,0.00
156701,0.48,22.06,0.00
156711,0.47,22.57,0.00
156721,0.48,22.02,0.00
156731,0.48,22.31,0.00
156741,0.48,22.32,0.00
156751,0.49,22.00,0.00
156761,0.49,22.36,0.00
156771,0.49,22.28,0.00
156781,0.48,22.45,0.00
156791,0.48,22.15,0.00
156801,0.48,22.42,0.00
156811,0.48,22.22,0.00
156821,0.48,22.17,0.00
156831,0.46,22.69,0.00
156841,0.47,22.02,0.00
156851,0.45,22.64,0.00
156861,0.45,22.29,0.00
156871,0.46,22.04,0.00
156881,0.44,22.59,0.00
156891,0.45,22.16,0.00
156901,0.44,22.46,0.00
156911,0.43,22.49,0.00
156921,0.45,21.82,0.00
156931,0.44,22.40,0.00
156941,0.44,22.28,0.00
156951,0.43,22.45,0.00
156961,0.42,22.42,0.00
156971,0.41,22.37,0.00
156981,0.42,22.14,0.00
156991,0.42,22.30,0.00
157001,0.41,22.28,0.00
157011,0.41,22.34,0.00
157021,0.40,22.34,0.00
157031,0.40,22.39,0.00
157041,0.41,22.01,0.00
157051,0.40,22.36,0.00
157061,0.40,22.30,0.00
157071,0.39,22.33,0.00
157081,0.37,22.65,0.00
157091,0.38,22.06,0.00
157101,0.37,22.35,0.00
157111,0.36,22.56,0.00
157121,0.37,22.06,0.00
157131,0.36,22.35,0.00
157141,0.36,22.37,0.00
157151,0.35,22.31,0.00
157161,0.34,22.46,0.00
157171,0.34,22.25,0.00
157181,0.34,22.22,0.00
157191,0.34,22.28,0.00
157201,0.34,22.15,0.00
157211,0.34,22.37,0.00
157221,0.33,22.42,0.00
157231,0.33,22.17,0.00
157241,0.33,22.20,0.00
157251,0.34,22.06,0.00
157261,0.33,22.31,0.00
157271,0.34,22.16,0.00
157281,0.33,22.47,0.00
157291,0.33,22.04,0.00
157301,0.35,21.95,0.00
157311,0.34,22.36,0.00
157321,0.35,22.01,0.00
157331,0.36,22.06,0.00
157341,0.34,22.43,0.00
157351,0.36,21.89,0.00
157361,0.36,22.20,0.00
157371,0.36,22.17,0.00
157381,0.37,21.97,0.00
157391,0.35,22.46,0.00
157401,0.36,22.08,0.00
157411,0.36,22.16,0.00
157421,0.36,22.14,0.00
157431,0.35,22.42,0.00
157441,0.36,22.00,0.00
157451,0.35,22.40,0.00
157461,0.34,22.32,0.00
157471,0.32,22.50,0.00
157481,0.33,21.98,0.00
157491,0.33,22.25,0.00
157501,0.33,22.21,0.00
157511,0.34,21.83,0.00
157521,0.33,22.43,0.00
157531,0.34,21.96,0.00
157541,0.35,21.92,0.00
157551,0.36,21.97,0.00
157561,0.36,22.09,0.00
157571,0.37,22.04,0.00
157581,0.38,21.93,0.00
157591,0.38,22.11,0.00
157601,0.36,22.46,0.00
157611,0.36,22.18,0.00
157621,0.36,22.13,0.00
157631,0.36,21.96,0.00
157641,0.35,22.36,0.00
157651,0.36,22.07,0.00
157661,0.36,22.12,0.00
157671,0.36,21.93,0.00
157681,0.37,21.88,0.00
157691,0.36,22.49,0.00
157701,0.35,22.16,0.00
157711,0.34,22.45,0.00
157721,0.35,21.92,0.00
157731,0.36,21.79,0.00
157741,0.36,22.09,0.00
157751,0.35,22.40,0.00
157761,0.35,22.05,0.00
157771,0.35,22.15,0.00
157781,0.34,22.30,0.00
157791,0.33,22.27,0.00
157801,0.31,22.41,0.00
157811,0.30,22.45,0.00
157821,0.28,22.45,0.00
157831,0.28,22.06,0.00
157841,0.29,22.00,0.00
157851,0.29,22.00,0.00
157861,0.31,21.88,0.00
157871,0.30,22.22,0.00
157881,0.29,22.23,0.00
157891,0.28,22.34,0.00
157901,0.27,22.41,0.00
157911,0.26,22.30,0.00
157921,0.26,22.08,0.00
157931,0.26,22.13,0.00
157941,0.26,22.02,0.00
157951,0.27,21.93,0.00
157961,0.27,22.10,0.00
157971,0.29,21.82,0.00
157981,0.29,21.95,0.00
157991,0.29,22.25,0.00
158001,0.27,22.45,0.00
158011,0.27,22.10,0.00
158021,0.26,22.17,0.00
158031,0.25,22.44,0.00
158041,0.24,22.18,0.00
158051,0.25,22.05,0.00
158061,0.24,22.17,0.00
158071,0.25,22.01,0.00
158081,0.26,21.77,0.00
158091,0.27,21.93,0.00
158101,0.27,22.13,0.00
158111,0.27,22.08,0.00
158121,0.27,22.06,0.00
158131,0.28,21.83,0.00
158141,0.28,22.13,0.00
158151,0.26,22.44,0.00
158161,0.24,22.48,0.00
158171,0.23,22.36,0.00
158181,0.22,22.16,0.00
158191,0.22,22.09,0.00
158201,0.22,22.25,0.00
158211,0.21,22.22,0.00
158221,0.21,22.05,0.00
158231,0.22,21.84,0.00
158241,0.24,21.80,0.00
158251,0.25,21.78,0.00
158261,0.26,21.87,0.00
158271,0.25,22.26,0.00
158281,0.26,21.96,0.00
158291,0.26,21.88,0.00
158301,0.25,22.33,0.00
158311,0.25,21.99,0.00
158321,0.25,22.15,0.00
158331,0.24,22.24,0.00
158341,0.23,22.30,0.00
158351,0.21,22.42,0.00
158361,0.21,22.11,0.00
158371,0.21,21.97,0.00
158381,0.21,22.21,0.00
158391,0.20,22.20,0.00
158401,0.19,22.19,0.00
158411,0.18,22.39,0.00
158421,0.16,22.46,0.00
158431,0.14,22.44,0.00
158441,0.14,22.19,0.00
158451,0.14,22.09,0.00
158461,0.13,22.26,0.00
158471,0.13,22.19,0.00
158481,0.13,22.06,0.00
158491,0.14,21.84,0.00
158501,0.15,21.88,0.00
158511,0.16,21.91,0.00
158521,0.18,21.77,0.00
158531,0.17,22.30,0.00
158541,0.17,22.01,0.00
158551,0.17,22.02,0.00
158561,0.16,22.33,0.00
158571,0.14,22.40,0.00
158581,0.14,22.18,0.00
158591,0.14,21.99,0.00
158601,0.14,22.11,0.00
158611,0.13,22.26,0.00
158621,0.13,22.09,0.00
158631,0.14,22.01,0.00
158641,0.13,22.17,0.00
158651,0.16,21.58,0.00
158661,0.16,22.09,0.00
158671,0.15,22.16,0.00
158681,0.15,22.18,0.00
158691,0.14,22.18,0.00
158701,0.15,21.92,0.00
158711,0.16,21.96,0.00
158721,0.17,21.74,0.00
158731,0.19,21.71,0.00
158741,0.19,22.05,0.00
158751,0.18,22.16,0.00
158761,0.18,22.11,0.00
158771,0.17,22.32,0.00
158781,0.16,22.25,0.00
158791,0.16,21.99,0.00
158801,0.16,21.95,0.00
158811,0.17,21.97,0.00
158821,0.19,21.63,0.00
158831,0.21,21.55,0.00
158841,0.21,22.12,0.00
158851,0.21,21.97,0.00
158861,0.20,22.18,0.00
158871,0.20,22.12,0.00
158881,0.19,22.20,0.00
158891,0.19,22.04,0.00
158901,0.19,22.05,0.00
158911,0.20,21.79,0.00
158921,0.21,21.66,0.00
158931,0.22,21.78,0.00
158941,0.23,21.94,0.00
158951,0.22,22.18,0.00
158961,0.20,22.38,0.00
158971,0.20,22.04,0.00
158981,0.21,21.70,0.00
158991,0.22,21.78,0.00
159001,0.24,21.72,0.00
159011,0.24,22.01,0.00
159021,0.24,21.98,0.00
159031,0.23,22.09,0.00
159041,0.21,22.32,0.00
159051,0.20,22.36,0.00
159061,0.20,21.96,0.00
159071,0.20,21.85,0.00
159081,0.22,21.77,0.00
159091,0.23,21.72,0.00
159101,0.23,22.01,0.00
159111,0.23,21.89,0.00
159121,0.24,21.86,0.00
159131,0.23,22.14,0.00
159141,0.21,22.33,0.00
159151,0.20,22.14,0.00
159161,0.20,22.01,0.00
159171,0.20,22.04,0.00
159181,0.20,21.95,0.00
159191,0.21,21.73,0.00
159201,0.22,21.70,0.00
159211,0.22,21.95,0.00
159221,0.21,22.28,0.00
159231,0.19,22.30,0.00
159241,0.20,21.88,0.00
159251,0.20,21.91,0.00
159261,0.21,21.73,0.00
159271,0.22,21.75,0.00
159281,0.21,22.12,0.00
159291,0.22,21.92,0.00
159301,0.21,21.98,0.00
159311,0.23,21.66,0.00
159321,0.23,21.82,0.00
159331,0.24,21.73,0.00
159341,0.24,21.99,0.00
159351,0.23,22.12,0.00
159361,0.22,22.15,0.00
159371,0.23,21.82,0.00
159381,0.24,21.75,0.00
159391,0.25,21.63,0.00
159401,0.25,21.91,0.00
159411,0.25,22.00,0.00
159421,0.24,22.10,0.00
159431,0.24,21.93,0.00
159441,0.25,21.73,0.00
159451,0.26,21.67,0.00
159461,0.26,21.92,0.00
159471,0.26,21.91,0.00
159481,0.24,22.26,0.00
159491,0.23,22.10,0.00
159501,0.23,22.01,0.00
159511,0.24,21.63,0.00
159521,0.25,21.65,0.00
159531,0.25,21.84,0.00
159541,0.25,22.04,0.00
159551,0.24,22.02,0.00
159561,0.24,21.86,0.00
159571,0.26,21.48,0.00
159581,0.27,21.67,0.00
159591,0.27,22.01,0.00
159601,0.25,22.11,0.00
159611,0.23,22.31,0.00
159621,0.24,21.75,0.00
159631,0.25,21.74,0.00
159641,0.25,21.78,0.00
159651,0.26,21.82,0.00
159661,0.25,21.98,0.00
159671,0.25,21.79,0.00
159681,0.26,21.82,0.00
159691,0.25,21.97,0.00
159701,0.28,21.36,0.00
159711,0.29,21.57,0.00
159721,0.28,22.01,0.00
159731,0.27,22.05,0.00
159741,0.28,21.72,0.00
159751,0.28,21.78,0.00
159761,0.28,21.80,0.00
159771,0.28,21.97,0.00
159781,0.25,22.36,0.00
159791,0.24,21.99,0.00
159801,0.25,21.67,0.00
159811,0.26,21.76,0.00
159821,0.26,21.74,0.00
159831,0.26,21.88,0.00
159841,0.25,22.05,0.00
159851,0.25,21.82,0.00
159861,0.25,21.93,0.00
159871,0.23,22.10,0.00
159881,0.23,21.91,0.00
159891,0.23,21.93,0.00
159901,0.24,21.58,0.00
159911,0.25,21.58,0.00
159921,0.24,22.00,0.00
159931,0.23,22.08,0.00
159941,0.22,22.05,0.00
159951,0.22,21.79,0.00
159961,0.25,21.37,0.00
159971,0.25,21.65,0.00
159981,0.26,21.75,0.00
159991,0.25,21.92,0.00
160001,0.23,22.18,0.00
160011,0.23,21.98,0.00
160021,0.23,21.82,0.00
160031,0.23,21.85,0.00
160041,0.24,21.60,0.00
160051,0.25,21.53,0.00
160061,0.26,21.63,0.00
160071,0.27,21.63,0.00
160081,0.26,22.00,0.00
160091,0.24,22.05,0.00
160101,0.24,21.97,0.00
160111,0.24,21.76,0.00
160121,0.23,22.07,0.00
160131,0.22,21.95,0.00
160141,0.23,21.62,0.00
160151,0.24,21.56,0.00
160161,0.24,21.73,0.00
160171,0.26,21.50,0.00
160181,0.27,21.49,0.00
160191,0.27,21.82,0.00
160201,0.26,21.92,0.00
160211,0.26,21.74,0.00
160221,0.26,21.81,0.00
160231,0.25,22.08,0.00
160241,0.23,22.05,0.00
160251,0.23,21.80,0.00
160261,0.23,21.90,0.00
160271,0.21,22.17,0.00
160281,0.20,21.98,0.00
160291,0.20,21.83,0.00
160301,0.18,22.14,0.00
160311,0.17,22.11,0.00
160321,0.17,21.77,0.00
160331,0.17,21.84,0.00
160341,0.16,21.97,0.00
160351,0.16,21.79,0.00
160361,0.17,21.64,0.00
160371,0.18,21.68,0.00
160381,0.20,21.41,0.00
160391,0.22,21.37,0.00
160401,0.23,21.52,0.00
160411,0.23,21.75,0.00
160421,0.23,21.70,0.00
160431,0.25,21.48,0.00
160441,0.26,21.54,0.00
160451,0.27,21.57,0.00
160461,0.28,21.47,0.00
160471,0.29,21.51,0.00
160481,0.30,21.40,0.00
160491,0.32,21.35,0.00
160501,0.34,21.28,0.00
160511,0.34,21.72,0.00
160521,0.34,21.71,0.00
160531,0.33,21.92,0.00
160541,0.32,21.88,0.00
160551,0.30,21.96,0.00
160561,0.30,21.89,0.00
160571,0.30,21.58,0.00
160581,0.30,21.65,0.00
160591,0.31,21.61,0.00
160601,0.30,21.73,0.00
160611,0.31,21.67,0.00
160621,0.30,21.73,0.00
160631,0.31,21.57,0.00
160641,0.32,21.47,0.00
160651,0.33,21.44,0.00
160661,0.31,22.01,0.00
160671,0.31,21.70,0.00
160681,0.30,21.84,0.00
160691,0.31,21.55,0.00
160701,0.31,21.60,0.00
160711,0.30,21.84,0.00
160721,0.28,22.15,0.00
160731,0.27,21.85,0.00
160741,0.27,21.71,0.00
160751,0.26,21.93,0.00
160761,0.26,21.63,0.00
160771,0.26,21.73,0.00
160781,0.25,21.78,0.00
160791,0.24,21.91,0.00
160801,0.25,21.44,0.00
160811,0.26,21.49,0.00
160821,0.26,21.77,0.00
160831,0.26,21.58,0.00
160841,0.26,21.66,0.00
160851,0.24,22.09,0.00
160861,0.23,21.81,0.00
160871,0.24,21.50,0.00
160881,0.25,21.45,0.00
160891,0.25,21.68,0.00
160901,0.26,21.49,0.00
160911,0.27,21.53,0.00
160921,0.27,21.69,0.00
160931,0.28,21.26,0.00
160941,0.29,21.50,0.00
160951,0.30,21.51,0.00
160961,0.28,21.87,0.00
160971,0.28,21.69,0.00
160981,0.28,21.68,0.00
160991,0.28,21.51,0.00
161001,0.28,21.77,0.00
161011,0.27,21.69,0.00
161021,0.29,21.33,0.00
161031,0.28,21.73,0.00
161041,0.29,21.51,0.00
161051,0.27,21.98,0.00
161061,0.27,21.61,0.00
161071,0.28,21.54,0.00
161081,0.26,21.94,0.00
161091,0.26,21.71,0.00
161101,0.26,21.53,0.00
161111,0.25,21.76,0.00
161121,0.25,21.61,0.00
161131,0.25,21.59,0.00
161141,0.24,21.96,0.00
161151,0.24,21.58,0.00
161161,0.23,21.84,0.00
161171,0.21,21.95,0.00
161181,0.20,21.84,0.00
161191,0.22,21.22,0.00
161201,0.21,21.85,0.00
161211,0.22,21.45,0.00
161221,0.23,21.46,0.00
161231,0.24,21.38,0.00
161241,0.23,21.82,0.00
161251,0.22,21.87,0.00
161261,0.21,21.86,0.00
161271,0.21,21.58,0.00
161281,0.21,21.58,0.00
161291,0.20,21.86,0.00
161301,0.19,21.84,0.00
161311,0.20,21.36,0.00
161321,0.20,21.60,0.00
161331,0.18,22.09,0.00
161341,0.21,21.05,0.00
161351,0.19,21.93,0.00
161361,0.18,21.97,0.00
161371,0.17,21.74,0.00
161381,0.18,21.35,0.00
161391,0.17,21.89,0.00
161401,0.19,21.35,0.00
161411,0.18,21.77,0.00
161421,0.18,21.67,0.00
161431,0.17,21.67,0.00
161441,0.16,21.90,0.00
161451,0.18,21.11,0.00
161461,0.19,21.54,0.00
161471,0.19,21.48,0.00
161481,0.18,21.88,0.00
161491,0.18,21.57,0.00
161501,0.20,21.28,0.00
161511,0.20,21.66,0.00
161521,0.19,21.72,0.00
161531,0.19,21.58,0.00
161541,0.18,21.77,0.00
161551,0.18,21.59,0.00
161561,0.18,21.62,0.00
161571,0.17,21.93,0.00
161581,0.17,21.47,0.00
161591,0.17,21.77,0.00
161601,0.16,21.71,0.00
161611,0.15,21.76,0.00
161621,0.16,21.46,0.00
161631,0.17,21.37,0.00
161641,0.17,21.60,0.00
161651,0.17,21.57,0.00
161661,0.18,21.56,0.00
161671,0.19,21.33,0.00
161681,0.19,21.65,0.00
161691,0.20,21.34,0.00
161701,0.20,21.62,0.00
161711,0.20,21.40,0.00
161721,0.20,21.58,0.00
161731,0.20,21.64,0.00
161741,0.21,21.40,0.00
161751,0.21,21.60,0.00
161761,0.22,21.33,0.00
161771,0.22,21.59,0.00
161781,0.22,21.43,0.00
161791,0.24,21.27,0.00
161801,0.23,21.70,0.00
161811,0.25,21.10,0.00
161821,0.24,21.76,0.00
161831,0.24,21.54,0.00
161841,0.24,21.59,0.00
161851,0.22,21.88,0.00
161861,0.22,21.47,0.00
161871,0.23,21.49,0.00
161881,0.23,21.48,0.00
161891,0.22,21.69,0.00
161901,0.22,21.61,0.00
161911,0.21,21.79,0.00
161921,0.22,21.20,0.00
161931,0.22,21.58,0.00
161941,0.23,21.34,0.00
161951,0.24,21.29,0.00
161961,0.24,21.58,0.00
161971,0.25,21.32,0.00
161981,0.23,21.77,0.00
161991,0.25,21.12,0.00
162001,0.25,21.50,0.00
162011,0.24,21.71,0.00
162021,0.24,21.58,0.00
162031,0.22,21.84,0.00
162041,0.23,21.34,0.00
162051,0.22,21.72,0.00
162061,0.24,21.14,0.00
162071,0.25,21.25,0.00
162081,0.26,21.28,0.00
162091,0.26,21.50,0.00
162101,0.26,21.48,0.00
162111,0.25,21.59,0.00
162121,0.27,21.15,0.00
162131,0.26,21.70,0.00
162141,0.27,21.35,0.00
162151,0.25,21.75,0.00
162161,0.25,21.57,0.00
162171,0.24,21.57,0.00
162181,0.25,21.37,0.00
162191,0.25,21.53,0.00
162201,0.23,21.84,0.00
162211,0.23,21.51,0.00
162221,0.22,21.56,0.00
162231,0.22,21.52,0.00
162241,0.21,21.70,0.00
162251,0.22,21.28,0.00
162261,0.22,21.53,0.00
162271,0.23,21.31,0.00
162281,0.22,21.54,0.00
162291,0.23,21.34,0.00
162301,0.21,21.77,0.00
162311,0.22,21.26,0.00
162321,0.23,21.42,0.00
162331,0.23,21.36,0.00
162341,0.23,21.42,0.00
162351,0.23,21.43,0.00
162361,0.23,21.61,0.00
162371,0.22,21.56,0.00
162381,0.22,21.59,0.00
162391,0.22,21.29,0.00
162401,0.23,21.36,0.00
162411,0.22,21.62,0.00
162421,0.23,21.23,0.00
162431,0.22,21.69,0.00
162441,0.22,21.34,0.00
162451,0.21,21.78,0.00
162461,0.22,21.28,0.00
162471,0.20,21.73,0.00
162481,0.20,21.43,0.00
162491,0.19,21.68,0.00
162501,0.21,21.10,0.00
162511,0.22,21.31,0.00
162521,0.23,21.18,0.00
162531,0.22,21.57,0.00
162541,0.22,21.49,0.00
162551,0.22,21.38,0.00
162561,0.23,21.33,0.00
162571,0.23,21.32,0.00
162581,0.22,21.77,0.00
162591,0.23,21.17,0.00
162601,0.24,21.24,0.00
162611,0.24,21.42,0.00
162621,0.24,21.45,0.00
162631,0.25,21.14,0.00
162641,0.25,21.39,0.00
162651,0.25,21.40,0.00
162661,0.26,21.32,0.00
162671,0.26,21.30,0.00
162681,0.25,21.53,0.00
162691,0.24,21.67,0.00
162701,0.24,21.33,0.00
162711,0.24,21.51,0.00
162721,0.22,21.68,0.00
162731,0.24,21.17,0.00
162741,0.24,21.37,0.00
162751,0.23,21.55,0.00
162761,0.23,21.30,0.00
162771,0.24,21.33,0.00
162781,0.23,21.45,0.00
162791,0.23,21.48,0.00
162801,0.22,21.62,0.00
162811,0.22,21.41,0.00
162821,0.23,21.15,0.00
162831,0.23,21.46,0.00
162841,0.22,21.50,0.00
162851,0.22,21.48,0.00
162861,0.21,21.43,0.00
162871,0.21,21.42,0.00
162881,0.22,21.20,0.00
162891,0.23,21.11,0.00
162901,0.23,21.42,0.00
162911,0.22,21.57,0.00
162921,0.22,21.39,0.00
162931,0.22,21.44,0.00
162941,0.22,21.37,0.00
162951,0.21,21.50,0.00
162961,0.21,21.36,0.00
162971,0.21,21.39,0.00
162981,0.21,21.37,0.00
162991,0.23,21.12,0.00
163001,0.23,21.35,0.00
163011,0.23,21.26,0.00
163021,0.23,21.43,0.00
163031,0.24,21.11,0.00
163041,0.22,21.67,0.00
163051,0.23,21.33,0.00
163061,0.23,21.27,0.00
163071,0.23,21.35,0.00
163081,0.22,21.47,0.00
163091,0.22,21.54,0.00
163101,0.23,21.09,0.00
163111,0.23,21.37,0.00
163121,0.23,21.32,0.00
163131,0.22,21.48,0.00
163141,0.22,21.34,0.00
163151,0.21,21.48,0.00
163161,0.21,21.45,0.00
163171,0.20,21.59,0.00
163181,0.20,21.21,0.00
163191,0.19,21.70,0.00
163201,0.18,21.44,0.00
163211,0.19,21.22,0.00
163221,0.19,21.30,0.00
163231,0.18,21.51,0.00
163241,0.19,21.20,0.00
163251,0.20,21.16,0.00
163261,0.20,21.39,0.00
163271,0.20,21.32,0.00
163281,0.21,21.20,0.00
163291,0.20,21.43,0.00
163301,0.20,21.46,0.00
163311,0.20,21.27,0.00
163321,0.20,21.33,0.00
163331,0.20,21.26,0.00
163341,0.21,21.14,0.00
163351,0.21,21.26,0.00
163361,0.20,21.67,0.00
163371,0.20,21.23,0.00
163381,0.21,21.22,0.00
163391,0.21,21.28,0.00
163401,0.20,21.59,0.00
163411,0.20,21.31,0.00
163421,0.19,21.39,0.00
163431,0.19,21.34,0.00
163441,0.20,21.16,0.00
163451,0.20,21.30,0.00
163461,0.20,21.29,0.00
163471,0.20,21.39,0.00
163481,0.20,21.31,0.00
163491,0.18,21.63,0.00
163501,0.19,21.15,0.00
163511,0.20,21.15,0.00
163521,0.20,21.33,0.00
163531,0.20,21.25,0.00
163541,0.20,21.34,0.00
163551,0.20,21.38,0.00
163561,0.19,21.44,0.00
163571,0.19,21.18,0.00
163581,0.19,21.43,0.00
163591,0.18,21.53,0.00
163601,0.18,21.23,0.00
163611,0.19,21.17,0.00
163621,0.18,21.41,0.00
163631,0.19,21.21,0.00
163641,0.19,21.26,0.00
163651,0.18,21.42,0.00
163661,0.20,20.98,0.00
163671,0.20,21.22,0.00
163681,0.20,21.42,0.00
163691,0.21,21.00,0.00
163701,0.20,21.37,0.00
163711,0.22,21.05,0.00
163721,0.22,21.14,0.00
163731,0.20,21.63,0.00
163741,0.21,21.23,0.00
163751,0.19,21.72,0.00
163761,0.19,21.25,0.00
163771,0.18,21.37,0.00
163781,0.16,21.67,0.00
163791,0.16,21.32,0.00
163801,0.16,21.40,0.00
163811,0.16,21.19,0.00
163821,0.16,21.38,0.00
163831,0.15,21.51,0.00
163841,0.14,21.45,0.00
163851,0.14,21.37,0.00
163861,0.14,21.28,0.00
163871,0.14,21.27,0.00
163881,0.14,21.25,0.00
163891,0.14,21.33,0.00
163901,0.14,21.27,0.00
163911,0.14,21.26,0.00
163921,0.14,21.41,0.00
163931,0.16,20.91,0.00
163941,0.16,21.18,0.00
163951,0.15,21.45,0.00
163961,0.15,21.27,0.00
163971,0.15,21.45,0.00
163981,0.14,21.39,0.00
163991,0.15,21.12,0.00
164001,0.15,21.18,0.00
164011,0.17,21.03,0.00
164021,0.18,20.93,0.00
164031,0.17,21.47,0.00
164041,0.19,20.86,0.00
164051,0.19,21.30,0.00
164061,0.18,21.43,0.00
164071,0.18,21.35,0.00
164081,0.19,21.06,0.00
164091,0.18,21.46,0.00
164101,0.17,21.27,0.00
164111,0.18,21.21,0.00
164121,0.17,21.34,0.00
164131,0.17,21.38,0.00
164141,0.16,21.30,0.00
164151,0.17,21.17,0.00
164161,0.17,21.21,0.00
164171,0.17,21.34,0.00
164181,0.16,21.45,0.00
164191,0.17,21.06,0.00
164201,0.16,21.29,0.00
164211,0.18,20.84,0.00
164221,0.17,21.56,0.00
164231,0.18,20.98,0.00
164241,0.18,21.22,0.00
164251,0.17,21.41,0.00
164261,0.18,21.12,0.00
164271,0.17,21.44,0.00
164281,0.17,21.23,0.00
164291,0.17,21.17,0.00
164301,0.18,21.13,0.00
164311,0.18,21.18,0.00
164321,0.17,21.44,0.00
164331,0.17,21.31,0.00
164341,0.17,21.19,0.00
164351,0.18,20.95,0.00
164361,0.18,21.18,0.00
164371,0.18,21.30,0.00
164381,0.18,21.14,0.00
164391,0.17,21.47,0.00
164401,0.17,21.30,0.00
164411,0.17,21.22,0.00
164421,0.18,20.91,0.00
164431,0.18,21.17,0.00
164441,0.18,21.40,0.00
164451,0.19,21.01,0.00
164461,0.18,21.38,0.00
164471,0.18,21.13,0.00
164481,0.18,21.27,0.00
164491,0.17,21.41,0.00
164501,0.17,21.19,0.00
164511,0.18,20.96,0.00
164521,0.18,21.20,0.00
164531,0.17,21.44,0.00
164541,0.17,21.21,0.00
164551,0.17,21.22,0.00
164561,0.18,20.92,0.00
164571,0.18,21.25,0.00
164581,0.17,21.35,0.00
164591,0.16,21.52,0.00
164601,0.17,21.02,0.00
164611,0.17,21.09,0.00
164621,0.17,21.23,0.00
164631,0.16,21.34,0.00
164641,0.16,21.19,0.00
164651,0.16,21.20,0.00
164661,0.17,21.14,0.00
164671,0.16,21.41,0.00
164681,0.17,20.92,0.00
164691,0.16,21.46,0.00
164701,0.14,21.45,0.00
164711,0.15,21.18,0.00
164721,0.15,21.17,0.00
164731,0.15,21.15,0.00
164741,0.13,21.51,0.00
164751,0.14,21.18,0.00
164761,0.14,21.13,0.00
164771,0.15,20.96,0.00
164781,0.14,21.45,0.00
164791,0.14,21.13,0.00
164801,0.13,21.51,0.00
164811,0.14,20.84,0.00
164821,0.13,21.46,0.00
164831,0.13,21.11,0.00
164841,0.13,21.21,0.00
164851,0.14,21.01,0.00
164861,0.15,21.10,0.00
164871,0.14,21.40,0.00
164881,0.13,21.33,0.00
164891,0.13,21.18,0.00
164901,0.13,21.30,0.00
164911,0.12,21.41,0.00
164921,0.12,21.16,0.00
164931,0.12,21.21,0.00
164941,0.13,20.87,0.00
164951,0.14,21.11,0.00
164961,0.14,21.19,0.00
164971,0.12,21.48,0.00
164981,0.13,21.00,0.00
164991,0.13,21.26,0.00
165001,0.14,20.91,0.00
165011,0.14,21.23,0.00
165021,0.14,21.14,0.00
165031,0.14,21.25,0.00
165041,0.14,21.18,0.00
165051,0.15,20.89,0.00
165061,0.15,21.23,0.00
165071,0.14,21.26,0.00
165081,0.14,21.21,0.00
165091,0.15,20.97,0.00
165101,0.16,21.02,0.00
165111,0.16,21.16,0.00
165121,0.14,21.46,0.00
165131,0.14,21.26,0.00
165141,0.14,21.05,0.00
165151,0.15,20.97,0.00
165161,0.14,21.44,0.00
165171,0.14,21.15,0.00
165181,0.13,21.32,0.00
165191,0.13,21.30,0.00
165201,0.14,20.88,0.00
165211,0.15,20.97,0.00
165221,0.16,20.97,0.00
165231,0.17,20.96,0.00
165241,0.17,21.14,0.00
165251,0.16,21.33,0.00
165261,0.14,21.44,0.00
165271,0.14,21.20,0.00
165281,0.15,21.02,0.00
165291,0.15,21.06,0.00
165301,0.15,21.13,0.00
165311,0.16,21.05,0.00
165321,0.15,21.25,0.00
165331,0.16,21.04,0.00
165341,0.16,21.17,0.00
165351,0.15,21.21,0.00
165361,0.15,21.20,0.00
165371,0.13,21.44,0.00
165381,0.13,21.30,0.00
165391,0.13,21.18,0.00
165401,0.13,21.07,0.00
165411,0.12,21.37,0.00
165421,0.11,21.26,0.00
165431,0.11,21.24,0.00
165441,0.12,21.00,0.00
165451,0.11,21.23,0.00
165461,0.11,21.13,0.00
165471,0.12,21.12,0.00
165481,0.11,21.21,0.00
165491,0.11,21.25,0.00
165501,0.11,21.14,0.00
165511,0.10,21.30,0.00
165521,0.10,21.09,0.00
165531,0.12,20.83,0.00
165541,0.12,21.18,0.00
165551,0.12,21.11,0.00
165561,0.12,21.15,0.00
165571,0.10,21.43,0.00
165581,0.10,21.32,0.00
165591,0.09,21.18,0.00
165601,0.11,20.90,0.00
165611,0.12,20.93,0.00
165621,0.11,21.24,0.00
165631,0.11,21.13,0.00
165641,0.12,21.04,0.00
165651,0.12,21.01,0.00
165661,0.11,21.43,0.00
165671,0.10,21.26,0.00
165681,0.11,21.00,0.00
165691,0.12,20.89,0.00
165701,0.12,21.07,0.00
165711,0.12,21.22,0.00
165721,0.11,21.25,0.00
165731,0.12,21.04,0.00
165741,0.13,20.95,0.00
165751,0.13,21.14,0.00
165761,0.12,21.15,0.00
165771,0.12,21.12,0.00
165781,0.12,21.13,0.00
165791,0.13,21.02,0.00
165801,0.12,21.29,0.00
165811,0.11,21.26,0.00
165821,0.11,21.28,0.00
165831,0.11,21.03,0.00
165841,0.12,21.01,0.00
165851,0.12,21.04,0.00
165861,0.12,21.17,0.00
165871,0.10,21.38,0.00
165881,0.11,21.11,0.00
165891,0.12,20.87,0.00
165901,0.12,21.08,0.00
165911,0.12,21.14,0.00
165921,0.11,21.19,0.00
165931,0.12,21.01,0.00
165941,0.12,21.09,0.00
165951,0.14,20.65,0.00
165961,0.13,21.35,0.00
165971,0.14,21.01,0.00
165981,0.13,21.12,0.00
165991,0.14,20.98,0.00
166001,0.14,21.11,0.00
166011,0.15,20.84,0.00
166021,0.15,21.11,0.00
166031,0.16,20.95,0.00
166041,0.14,21.51,0.00
166051,0.16,20.68,0.00
166061,0.16,20.95,0.00
166071,0.15,21.28,0.00
166081,0.14,21.30,0.00
166091,0.14,21.06,0.00
166101,0.16,20.75,0.00
166111,0.16,21.05,0.00
166121,0.15,21.23,0.00
166131,0.14,21.37,0.00
166141,0.15,20.80,0.00
166151,0.15,21.10,0.00
166161,0.15,21.01,0.00
166171,0.15,21.18,0.00
166181,0.16,20.93,0.00
166191,0.15,21.08,0.00
166201,0.15,21.19,0.00
166211,0.14,21.24,0.00
166221,0.14,21.15,0.00
166231,0.15,20.88,0.00
166241,0.15,20.97,0.00
166251,0.16,20.91,0.00
166261,0.15,21.26,0.00
166271,0.14,21.20,0.00
166281,0.15,20.85,0.00
166291,0.13,21.42,0.00
166301,0.14,20.93,0.00
166311,0.15,20.95,0.00
166321,0.14,21.12,0.00
166331,0.14,21.08,0.00
166341,0.15,20.95,0.00
166351,0.14,21.18,0.00
166361,0.15,20.94,0.00
166371,0.15,20.96,0.00
166381,0.14,21.26,0.00
166391,0.14,21.07,0.00
166401,0.13,21.23,0.00
166411,0.14,20.98,0.00
166421,0.13,21.25,0.00
166431,0.12,21.18,0.00
166441,0.12,21.09,0.00
166451,0.12,21.15,0.00
166461,0.12,20.98,0.00
166471,0.12,21.04,0.00
166481,0.12,21.03,0.00
166491,0.12,21.17,0.00
166501,0.11,21.14,0.00
166511,0.11,21.08,0.00
166521,0.10,21.32,0.00
166531,0.11,20.87,0.00
166541,0.11,21.05,0.00
166551,0.11,20.99,0.00
166561,0.11,21.18,0.00
166571,0.12,20.87,0.00
166581,0.12,21.08,0.00
166591,0.10,21.31,0.00
166601,0.10,21.06,0.00
166611,0.09,21.27,0.00
166621,0.09,21.14,0.00
166631,0.09,21.04,0.00
166641,0.08,21.32,0.00
166651,0.09,20.86,0.00
166661,0.09,21.07,0.00
166671,0.07,21.46,0.00
166681,0.07,21.02,0.00
166691,0.08,20.92,0.00
166701,0.07,21.22,0.00
166711,0.08,20.80,0.00
166721,0.09,21.01,0.00
166731,0.08,21.12,0.00
166741,0.08,21.25,0.00
166751,0.08,20.98,0.00
166761,0.07,21.21,0.00
166771,0.07,21.16,0.00
166781,0.08,20.91,0.00
166791,0.09,20.79,0.00
166801,0.08,21.33,0.00
166811,0.08,20.96,0.00
166821,0.07,21.20,0.00
166831,0.08,20.91,0.00
166841,0.07,21.21,0.00
