{
    "SCHED_NODES": [
        0.0,
        30.0,
        60.0,
        90.0,
        120.0,
        150.0,
        180.0
    ],
    "KP_NODES": [
        -1796.6364031349742,
        -1531.4449748137597,
        -806.9285189084408,
        182.7793653180928,
        1172.4872495446261,
        1897.0037054499455,
        2162.1951337711603
    ],
    "KI_NODES": [
        43.95873548236159,
        43.95873548236159,
        43.95873548236159,
        43.95873548236159,
        43.95873548236159,
        43.95873548236159,
        43.95873548236159
    ],
    "VEQ_NODES": [
        0.0,
        989.7078842265333,
        1714.2243401318524,
        1979.4157684530671,
        1714.2243401318526,
        989.7078842265333,
        2.424085185017847e-13
    ]
}