{
    "SCHED_NODES": [
        0.0,
        30.0,
        60.0,
        90.0,
        120.0,
        150.0,
        180.0
    ],
    "KP_NODES": [
        2437.0497699857006,
        2702.241198306915,
        3426.757654212234,
        4416.465538438768,
        5406.173422665301,
        6130.68987857062,
        6395.881306891834
    ],
    "KI_NODES": [
        3580.918004139541,
        3580.918004139541,
        3580.918004139541,
        3580.918004139541,
        3580.918004139541,
        3580.918004139541,
        3580.918004139541
    ],
    "KD_NODES": [
        1447.4699167078472,
        1447.4699167078472,
        1447.4699167078472,
        1447.4699167078472,
        1447.4699167078472,
        1447.4699167078472,
        1447.4699167078472
    ],
    "VEQ_NODES": [
        0.0,
        989.7078842265333,
        1714.2243401318524,
        1979.4157684530671,
        1714.2243401318526,
        989.7078842265333,
        2.424085185017847e-13
    ]
}